game_id,season,season_type,game_date,game_date_time,team_id,team_uid,team_slug,team_location,team_name,team_abbreviation,team_display_name,team_short_display_name,team_color,team_alternate_color,team_logo,team_home_away,team_score,team_winner,assists,blocks,defensive_rebounds,field_goal_pct,field_goals_made,field_goals_attempted,flagrant_fouls,fouls,free_throw_pct,free_throws_made,free_throws_attempted,largest_lead,offensive_rebounds,steals,team_turnovers,technical_fouls,three_point_field_goal_pct,three_point_field_goals_made,three_point_field_goals_attempted,total_rebounds,total_technical_fouls,total_turnovers,turnovers,opponent_team_id,opponent_team_uid,opponent_team_slug,opponent_team_location,opponent_team_name,opponent_team_abbreviation,opponent_team_display_name,opponent_team_short_display_name,opponent_team_color,opponent_team_alternate_color,opponent_team_logo,opponent_team_score
300960041,2010,3,2010-04-06,2010-04-06T20:30:00.000000-0400,24,s:40~l:54~t:24,stanford-cardinal,Stanford,Cardinal,STAN,Stanford Cardinal,Stanford,8c1515,ffffff,https://a.espncdn.com/i/teamlogos/ncaa/500/24.png,away,47,false,11,1,32,26.5,18,68,0,20,75.0,3,4,9,13,2,10,0,36.4,8,22,49,0,0,0,41,s:40~l:54~t:41,uconn-huskies,UConn,Huskies,CONN,UConn Huskies,UConn,0c2340,f1f2f3,https://a.espncdn.com/i/teamlogos/ncaa/500/41.png,53
300960041,2010,3,2010-04-06,2010-04-06T20:30:00.000000-0400,41,s:40~l:54~t:41,uconn-huskies,UConn,Huskies,CONN,UConn Huskies,UConn,0c2340,f1f2f3,https://a.espncdn.com/i/teamlogos/ncaa/500/41.png,home,53,true,9,7,32,32.8,19,58,0,9,40.9,9,22,16,10,5,10,0,30.0,6,20,49,0,0,0,24,s:40~l:54~t:24,stanford-cardinal,Stanford,Cardinal,STAN,Stanford Cardinal,Stanford,8c1515,ffffff,https://a.espncdn.com/i/teamlogos/ncaa/500/24.png,47
300940024,2010,3,2010-04-04,2010-04-04T19:00:00.000000-0400,201,s:40~l:54~t:201,oklahoma-sooners,Oklahoma,Sooners,OU,Oklahoma Sooners,Oklahoma,9d2235,ffffff,https://a.espncdn.com/i/teamlogos/ncaa/500/201.png,away,66,false,7,4,26,38.2,26,68,0,19,62.5,10,16,0,11,4,9,0,23.5,4,17,41,0,0,0,24,s:40~l:54~t:24,stanford-cardinal,Stanford,Cardinal,STAN,Stanford Cardinal,Stanford,8c1515,ffffff,https://a.espncdn.com/i/teamlogos/ncaa/500/24.png,73
300940024,2010,3,2010-04-04,2010-04-04T19:00:00.000000-0400,24,s:40~l:54~t:24,stanford-cardinal,Stanford,Cardinal,STAN,Stanford Cardinal,Stanford,8c1515,ffffff,https://a.espncdn.com/i/teamlogos/ncaa/500/24.png,home,73,true,13,3,31,39.1,27,69,0,12,66.7,18,27,18,17,7,7,0,6.7,1,15,53,0,0,0,201,s:40~l:54~t:201,oklahoma-sooners,Oklahoma,Sooners,OU,Oklahoma Sooners,Oklahoma,9d2235,ffffff,https://a.espncdn.com/i/teamlogos/ncaa/500/201.png,66
300940041,2010,3,2010-04-04,2010-04-04T21:00:00.000000-0400,239,s:40~l:54~t:239,baylor-bears,Baylor,Bears,BAY,Baylor Bears,Baylor,154734,ffb81c,https://a.espncdn.com/i/teamlogos/ncaa/500/239.png,away,50,false,11,5,23,37.8,17,45,0,17,75.0,15,20,0,5,5,20,0,14.3,1,7,34,0,0,0,41,s:40~l:54~t:41,uconn-huskies,UConn,Huskies,CONN,UConn Huskies,UConn,0c2340,f1f2f3,https://a.espncdn.com/i/teamlogos/ncaa/500/41.png,70
300940041,2010,3,2010-04-04,2010-04-04T21:00:00.000000-0400,41,s:40~l:54~t:41,uconn-huskies,UConn,Huskies,CONN,UConn Huskies,UConn,0c2340,f1f2f3,https://a.espncdn.com/i/teamlogos/ncaa/500/41.png,home,70,true,20,3,23,41.8,28,67,0,15,57.9,11,19,20,12,6,7,0,17.6,3,17,39,0,0,0,239,s:40~l:54~t:239,baylor-bears,Baylor,Bears,BAY,Baylor Bears,Baylor,154734,ffb81c,https://a.espncdn.com/i/teamlogos/ncaa/500/239.png,50
300930025,2010,3,2010-04-03,2010-04-03T14:00:00.000000-0400,2390,s:40~l:54~t:2390,miami-hurricanes,Miami,Hurricanes,MIA,Miami Hurricanes,Miami,004325,f0f0f0,https://a.espncdn.com/i/teamlogos/ncaa/500/2390.png,away,61,false,9,2,19,38.1,24,63,0,19,64.3,9,14,5,10,7,11,0,26.7,4,15,31,0,0,0,25,s:40~l:54~t:25,california-golden-bears,California,Golden Bears,CAL,California Golden Bears,California,031522,ffc423,https://a.espncdn.com/i/teamlogos/ncaa/500/25.png,73
300930025,2010,3,2010-04-03,2010-04-03T14:00:00.000000-0400,25,s:40~l:54~t:25,california-golden-bears,California,Golden Bears,CAL,California Golden Bears,California,031522,ffc423,https://a.espncdn.com/i/teamlogos/ncaa/500/25.png,home,73,true,19,2,25,55.8,29,52,0,13,57.1,12,21,18,8,4,14,0,33.3,3,9,39,0,0,0,2390,s:40~l:54~t:2390,miami-hurricanes,Miami,Hurricanes,MIA,Miami Hurricanes,Miami,004325,f0f0f0,https://a.espncdn.com/i/teamlogos/ncaa/500/2390.png,61
300890041,2010,3,2010-03-30,2010-03-30T19:03:00.000000-0400,52,s:40~l:54~t:52,florida-state-seminoles,Florida State,Seminoles,FSU,Florida State Seminoles,Florida St,782F40,ceb888,https://a.espncdn.com/i/teamlogos/ncaa/500/52.png,away,50,false,10,3,16,28.6,18,63,0,17,66.7,10,15,0,11,2,17,0,28.6,4,14,31,0,0,0,41,s:40~l:54~t:41,uconn-huskies,UConn,Huskies,CONN,UConn Huskies,UConn,0c2340,f1f2f3,https://a.espncdn.com/i/teamlogos/ncaa/500/41.png,90
300890041,2010,3,2010-03-30,2010-03-30T19:03:00.000000-0400,41,s:40~l:54~t:41,uconn-huskies,UConn,Huskies,CONN,UConn Huskies,UConn,0c2340,f1f2f3,https://a.espncdn.com/i/teamlogos/ncaa/500/41.png,home,90,true,23,8,28,53.3,32,60,0,16,80.0,20,25,42,12,7,17,0,50.0,6,12,46,0,0,0,52,s:40~l:54~t:52,florida-state-seminoles,Florida State,Seminoles,FSU,Florida State Seminoles,Florida St,782F40,ceb888,https://a.espncdn.com/i/teamlogos/ncaa/500/52.png,50
300890201,2010,3,2010-03-30,2010-03-30T21:07:00.000000-0400,96,s:40~l:54~t:96,kentucky-wildcats,Kentucky,Wildcats,UK,Kentucky Wildcats,Kentucky,005DAA,ffffff,https://a.espncdn.com/i/teamlogos/ncaa/500/96.png,away,68,false,6,0,13,32.9,23,70,0,17,90.9,20,22,13,18,12,14,0,11.8,2,17,34,0,0,0,201,s:40~l:54~t:201,oklahoma-sooners,Oklahoma,Sooners,OU,Oklahoma Sooners,Oklahoma,9d2235,ffffff,https://a.espncdn.com/i/teamlogos/ncaa/500/201.png,88
300890201,2010,3,2010-03-30,2010-03-30T21:07:00.000000-0400,201,s:40~l:54~t:201,oklahoma-sooners,Oklahoma,Sooners,OU,Oklahoma Sooners,Oklahoma,9d2235,ffffff,https://a.espncdn.com/i/teamlogos/ncaa/500/201.png,home,88,true,15,2,27,61.5,32,52,0,18,90.5,19,21,23,8,8,21,0,33.3,5,15,36,0,0,0,96,s:40~l:54~t:96,kentucky-wildcats,Kentucky,Wildcats,UK,Kentucky Wildcats,Kentucky,005DAA,ffffff,https://a.espncdn.com/i/teamlogos/ncaa/500/96.png,68
300880150,2010,3,2010-03-29,2010-03-29T19:03:00.000000-0400,239,s:40~l:54~t:239,baylor-bears,Baylor,Bears,BAY,Baylor Bears,Baylor,154734,ffb81c,https://a.espncdn.com/i/teamlogos/ncaa/500/239.png,away,51,true,12,9,28,34.0,18,53,0,18,65.0,13,20,6,8,4,12,0,16.7,2,12,42,0,0,0,150,s:40~l:54~t:150,duke-blue-devils,Duke,Blue Devils,DUKE,Duke Blue Devils,Duke,013088,ffffff,https://a.espncdn.com/i/teamlogos/ncaa/500/150.png,48
300880150,2010,3,2010-03-29,2010-03-29T19:03:00.000000-0400,150,s:40~l:54~t:150,duke-blue-devils,Duke,Blue Devils,DUKE,Duke Blue Devils,Duke,013088,ffffff,https://a.espncdn.com/i/teamlogos/ncaa/500/150.png,home,48,false,7,4,25,23.1,15,65,0,16,75.0,15,20,10,16,6,10,0,17.6,3,17,48,0,0,0,239,s:40~l:54~t:239,baylor-bears,Baylor,Bears,BAY,Baylor Bears,Baylor,154734,ffb81c,https://a.espncdn.com/i/teamlogos/ncaa/500/239.png,51
300880024,2010,3,2010-03-29,2010-03-29T21:07:00.000000-0400,2752,s:40~l:54~t:2752,xavier-musketeers,Xavier,Musketeers,XAV,Xavier Musketeers,Xavier,002144,9ea2a2,https://a.espncdn.com/i/teamlogos/ncaa/500/2752.png,away,53,false,11,2,24,38.3,23,60,0,17,54.5,6,11,2,10,8,12,0,7.1,1,14,39,0,0,0,24,s:40~l:54~t:24,stanford-cardinal,Stanford,Cardinal,STAN,Stanford Cardinal,Stanford,8c1515,ffffff,https://a.espncdn.com/i/teamlogos/ncaa/500/24.png,55
300880024,2010,3,2010-03-29,2010-03-29T21:07:00.000000-0400,24,s:40~l:54~t:24,stanford-cardinal,Stanford,Cardinal,STAN,Stanford Cardinal,Stanford,8c1515,ffffff,https://a.espncdn.com/i/teamlogos/ncaa/500/24.png,home,55,true,13,3,29,35.1,20,57,0,13,78.6,11,14,7,9,2,12,0,22.2,4,18,39,0,0,0,2752,s:40~l:54~t:2752,xavier-musketeers,Xavier,Musketeers,XAV,Xavier Musketeers,Xavier,002144,9ea2a2,https://a.espncdn.com/i/teamlogos/ncaa/500/2752.png,53
300870041,2010,3,2010-03-28,2010-03-28T12:04:00.000000-0400,66,s:40~l:54~t:66,iowa-state-cyclones,Iowa State,Cyclones,ISU,Iowa State Cyclones,Iowa State,822433,fdca2f,https://a.espncdn.com/i/teamlogos/ncaa/500/66.png,away,36,false,10,1,23,28.3,15,53,0,11,0.0,0,0,0,5,3,17,0,24.0,6,25,32,0,0,0,41,s:40~l:54~t:41,uconn-huskies,UConn,Huskies,CONN,UConn Huskies,UConn,0c2340,f1f2f3,https://a.espncdn.com/i/teamlogos/ncaa/500/41.png,74
300870041,2010,3,2010-03-28,2010-03-28T12:04:00.000000-0400,41,s:40~l:54~t:41,uconn-huskies,UConn,Huskies,CONN,UConn Huskies,UConn,0c2340,f1f2f3,https://a.espncdn.com/i/teamlogos/ncaa/500/41.png,home,74,true,22,6,29,39.4,26,66,0,10,84.6,11,13,50,11,7,9,0,42.3,11,26,47,0,0,0,66,s:40~l:54~t:66,iowa-state-cyclones,Iowa State,Cyclones,ISU,Iowa State Cyclones,Iowa State,822433,fdca2f,https://a.espncdn.com/i/teamlogos/ncaa/500/66.png,36
300870052,2010,3,2010-03-28,2010-03-28T14:32:00.000000-0400,344,s:40~l:54~t:344,mississippi-state-bulldogs,Mississippi State,Bulldogs,MSST,Mississippi State Bulldogs,Mississippi St,762123,c8c8c8,https://a.espncdn.com/i/teamlogos/ncaa/500/344.png,away,71,false,21,4,19,41.5,27,65,0,17,63.6,7,11,6,19,4,14,0,41.7,10,24,38,0,0,0,52,s:40~l:54~t:52,florida-state-seminoles,Florida State,Seminoles,FSU,Florida State Seminoles,Florida St,782F40,ceb888,https://a.espncdn.com/i/teamlogos/ncaa/500/52.png,74
300870052,2010,3,2010-03-28,2010-03-28T14:32:00.000000-0400,52,s:40~l:54~t:52,florida-state-seminoles,Florida State,Seminoles,FSU,Florida State Seminoles,Florida St,782F40,ceb888,https://a.espncdn.com/i/teamlogos/ncaa/500/52.png,home,74,true,20,7,22,50.9,29,57,0,15,83.3,10,12,6,9,5,13,0,33.3,6,18,33,0,0,0,344,s:40~l:54~t:344,mississippi-state-bulldogs,Mississippi State,Bulldogs,MSST,Mississippi State Bulldogs,Mississippi St,762123,c8c8c8,https://a.espncdn.com/i/teamlogos/ncaa/500/344.png,71
300870158,2010,3,2010-03-28,2010-03-28T22:11:00.000000-0400,96,s:40~l:54~t:96,kentucky-wildcats,Kentucky,Wildcats,UK,Kentucky Wildcats,Kentucky,005DAA,ffffff,https://a.espncdn.com/i/teamlogos/ncaa/500/96.png,away,76,true,15,3,22,50.0,31,62,0,21,50.0,6,12,19,11,10,15,0,50.0,8,16,36,0,0,0,158,s:40~l:54~t:158,nebraska-cornhuskers,Nebraska,Cornhuskers,NEB,Nebraska Cornhuskers,Nebraska,F20017,f5f1e7,https://a.espncdn.com/i/teamlogos/ncaa/500/158.png,67
300870158,2010,3,2010-03-28,2010-03-28T22:11:00.000000-0400,158,s:40~l:54~t:158,nebraska-cornhuskers,Nebraska,Cornhuskers,NEB,Nebraska Cornhuskers,Nebraska,F20017,f5f1e7,https://a.espncdn.com/i/teamlogos/ncaa/500/158.png,home,67,false,10,2,15,47.1,24,51,0,15,70.0,14,20,2,5,5,16,0,41.7,5,12,25,0,0,0,96,s:40~l:54~t:96,kentucky-wildcats,Kentucky,Wildcats,UK,Kentucky Wildcats,Kentucky,005DAA,ffffff,https://a.espncdn.com/i/teamlogos/ncaa/500/96.png,76
300862633,2010,3,2010-03-27,2010-03-27T12:04:00.000000-0400,239,s:40~l:54~t:239,baylor-bears,Baylor,Bears,BAY,Baylor Bears,Baylor,154734,ffb81c,https://a.espncdn.com/i/teamlogos/ncaa/500/239.png,away,77,true,18,13,33,49.1,26,53,0,12,88.0,22,25,16,5,2,12,0,42.9,3,7,41,0,0,0,2633,s:40~l:54~t:2633,tennessee-lady-volunteers,Tennessee,Lady Volunteers,TENN,Tennessee Lady Volunteers,Tennessee,ff8200,ffffff,https://a.espncdn.com/i/teamlogos/ncaa/500/2633_ncw.png,62
300862633,2010,3,2010-03-27,2010-03-27T12:04:00.000000-0400,2633,s:40~l:54~t:2633,tennessee-lady-volunteers,Tennessee,Lady Volunteers,TENN,Tennessee Lady Volunteers,Tennessee,ff8200,ffffff,https://a.espncdn.com/i/teamlogos/ncaa/500/2633_ncw.png,home,62,false,13,3,22,32.9,25,76,0,17,46.7,7,15,8,17,5,8,0,31.3,5,16,42,0,0,0,239,s:40~l:54~t:239,baylor-bears,Baylor,Bears,BAY,Baylor Bears,Baylor,154734,ffb81c,https://a.espncdn.com/i/teamlogos/ncaa/500/239.png,77
300860150,2010,3,2010-03-27,2010-03-27T14:32:00.000000-0400,21,s:40~l:54~t:21,san-diego-state-aztecs,San Diego State,Aztecs,SDSU,San Diego State Aztecs,San Diego St,BF2C37,a8996e,https://a.espncdn.com/i/teamlogos/ncaa/500/21.png,away,58,false,11,6,18,37.7,20,53,0,15,81.8,9,11,3,9,11,26,0,36.0,9,25,28,0,0,0,150,s:40~l:54~t:150,duke-blue-devils,Duke,Blue Devils,DUKE,Duke Blue Devils,Duke,013088,ffffff,https://a.espncdn.com/i/teamlogos/ncaa/500/150.png,66
300860150,2010,3,2010-03-27,2010-03-27T14:32:00.000000-0400,150,s:40~l:54~t:150,duke-blue-devils,Duke,Blue Devils,DUKE,Duke Blue Devils,Duke,013088,ffffff,https://a.espncdn.com/i/teamlogos/ncaa/500/150.png,home,66,true,12,3,18,40.7,24,59,0,14,72.7,16,22,19,14,23,23,0,22.2,2,9,42,0,0,0,21,s:40~l:54~t:21,san-diego-state-aztecs,San Diego State,Aztecs,SDSU,San Diego State Aztecs,San Diego St,BF2C37,a8996e,https://a.espncdn.com/i/teamlogos/ncaa/500/21.png,58
300860024,2010,3,2010-03-27,2010-03-27T21:04:00.000000-0400,61,s:40~l:54~t:61,georgia-lady-bulldogs,Georgia,Lady Bulldogs,UGA,Georgia Lady Bulldogs,Georgia,CC0000,000000,https://a.espncdn.com/i/teamlogos/ncaa/500/61.png,away,36,false,4,6,23,20.3,12,59,0,17,61.5,8,13,4,8,5,12,0,18.2,4,22,33,0,0,0,24,s:40~l:54~t:24,stanford-cardinal,Stanford,Cardinal,STAN,Stanford Cardinal,Stanford,8c1515,ffffff,https://a.espncdn.com/i/teamlogos/ncaa/500/24.png,73
300860024,2010,3,2010-03-27,2010-03-27T21:04:00.000000-0400,24,s:40~l:54~t:24,stanford-cardinal,Stanford,Cardinal,STAN,Stanford Cardinal,Stanford,8c1515,ffffff,https://a.espncdn.com/i/teamlogos/ncaa/500/24.png,home,73,true,19,3,33,42.4,28,66,0,10,80.0,12,15,40,16,4,11,0,29.4,5,17,57,0,0,0,61,s:40~l:54~t:61,georgia-lady-bulldogs,Georgia,Lady Bulldogs,UGA,Georgia Lady Bulldogs,Georgia,CC0000,000000,https://a.espncdn.com/i/teamlogos/ncaa/500/61.png,36
300862752,2010,3,2010-03-27,2010-03-27T23:32:00.000000-0400,2250,s:40~l:54~t:2250,gonzaga-bulldogs,Gonzaga,Bulldogs,GONZ,Gonzaga Bulldogs,Gonzaga,041e42,c8102e,https://a.espncdn.com/i/teamlogos/ncaa/500/2250.png,away,56,false,13,5,16,35.6,21,59,0,14,73.3,11,15,3,8,12,16,0,25.0,3,12,29,0,0,0,2752,s:40~l:54~t:2752,xavier-musketeers,Xavier,Musketeers,XAV,Xavier Musketeers,Xavier,002144,9ea2a2,https://a.espncdn.com/i/teamlogos/ncaa/500/2752.png,74
300862752,2010,3,2010-03-27,2010-03-27T23:32:00.000000-0400,2752,s:40~l:54~t:2752,xavier-musketeers,Xavier,Musketeers,XAV,Xavier Musketeers,Xavier,002144,9ea2a2,https://a.espncdn.com/i/teamlogos/ncaa/500/2752.png,home,74,true,17,5,25,48.3,28,58,0,13,68.8,11,16,18,13,8,21,0,46.7,7,15,47,0,0,0,2250,s:40~l:54~t:2250,gonzaga-bulldogs,Gonzaga,Bulldogs,GONZ,Gonzaga Bulldogs,Gonzaga,041e42,c8102e,https://a.espncdn.com/i/teamlogos/ncaa/500/2250.png,56
300822752,2010,3,2010-03-23,2010-03-23T19:06:00.000000-0400,238,s:40~l:54~t:238,vanderbilt-commodores,Vanderbilt,Commodores,VAN,Vanderbilt Commodores,Vanderbilt,000000,231f20,https://a.espncdn.com/i/teamlogos/ncaa/500/238.png,away,62,false,6,1,14,38.5,10,26,0,4,83.3,5,6,0,5,3,8,0,33.3,2,6,19,0,0,0,2752,s:40~l:54~t:2752,xavier-musketeers,Xavier,Musketeers,XAV,Xavier Musketeers,Xavier,002144,9ea2a2,https://a.espncdn.com/i/teamlogos/ncaa/500/2752.png,63
300822752,2010,3,2010-03-23,2010-03-23T19:06:00.000000-0400,2752,s:40~l:54~t:2752,xavier-musketeers,Xavier,Musketeers,XAV,Xavier Musketeers,Xavier,002144,9ea2a2,https://a.espncdn.com/i/teamlogos/ncaa/500/2752.png,home,63,true,7,1,11,32.4,12,37,0,8,66.7,2,3,1,11,5,5,1,10.0,1,10,24,1,0,0,238,s:40~l:54~t:238,vanderbilt-commodores,Vanderbilt,Commodores,VAN,Vanderbilt Commodores,Vanderbilt,000000,231f20,https://a.espncdn.com/i/teamlogos/ncaa/500/238.png,62
300820041,2010,3,2010-03-23,2010-03-23T19:06:00.000000-0400,218,s:40~l:54~t:218,temple-owls,Temple,Owls,TEM,Temple Owls,Temple,A80532,a7a9ac,https://a.espncdn.com/i/teamlogos/ncaa/500/218.png,away,36,false,10,0,12,23.3,14,60,0,16,33.3,3,9,0,12,12,14,0,20.8,5,24,27,0,0,0,41,s:40~l:54~t:41,uconn-huskies,UConn,Huskies,CONN,UConn Huskies,UConn,0c2340,f1f2f3,https://a.espncdn.com/i/teamlogos/ncaa/500/41.png,90
300820041,2010,3,2010-03-23,2010-03-23T19:06:00.000000-0400,41,s:40~l:54~t:41,uconn-huskies,UConn,Huskies,CONN,UConn Huskies,UConn,0c2340,f1f2f3,https://a.espncdn.com/i/teamlogos/ncaa/500/41.png,home,90,true,22,11,34,61.8,34,55,0,8,76.9,10,13,54,9,8,15,0,70.6,12,17,47,0,0,0,218,s:40~l:54~t:218,temple-owls,Temple,Owls,TEM,Temple Owls,Temple,A80532,a7a9ac,https://a.espncdn.com/i/teamlogos/ncaa/500/218.png,36
300820087,2010,3,2010-03-23,2010-03-23T19:16:00.000000-0400,261,s:40~l:54~t:261,vermont-catamounts,Vermont,Catamounts,UVM,Vermont Catamounts,Vermont,154734,ffc72c,https://a.espncdn.com/i/teamlogos/ncaa/500/261.png,away,66,false,19,5,18,49.1,27,55,0,20,100.0,5,5,10,8,10,24,0,46.7,7,15,29,0,0,0,87,s:40~l:54~t:87,notre-dame-fighting-irish,Notre Dame,Fighting Irish,ND,Notre Dame Fighting Irish,Notre Dame,0c2340,c99700,https://a.espncdn.com/i/teamlogos/ncaa/500/87.png,84
300820087,2010,3,2010-03-23,2010-03-23T19:16:00.000000-0400,87,s:40~l:54~t:87,notre-dame-fighting-irish,Notre Dame,Fighting Irish,ND,Notre Dame Fighting Irish,Notre Dame,0c2340,c99700,https://a.espncdn.com/i/teamlogos/ncaa/500/87.png,home,84,true,20,1,16,52.5,31,59,0,13,65.5,19,29,22,15,19,14,0,30.0,3,10,34,0,0,0,261,s:40~l:54~t:261,vermont-catamounts,Vermont,Catamounts,UVM,Vermont Catamounts,Vermont,154734,ffc72c,https://a.espncdn.com/i/teamlogos/ncaa/500/261.png,66
300820158,2010,3,2010-03-23,2010-03-23T21:35:00.000000-0400,26,s:40~l:54~t:26,ucla-bruins,UCLA,Bruins,UCLA,UCLA Bruins,UCLA,2774ae,f2a900,https://a.espncdn.com/i/teamlogos/ncaa/500/26.png,away,70,false,16,2,17,45.2,28,62,0,25,90.0,9,10,9,12,11,18,1,38.5,5,13,34,1,0,0,158,s:40~l:54~t:158,nebraska-cornhuskers,Nebraska,Cornhuskers,NEB,Nebraska Cornhuskers,Nebraska,F20017,f5f1e7,https://a.espncdn.com/i/teamlogos/ncaa/500/158.png,83
300820158,2010,3,2010-03-23,2010-03-23T21:35:00.000000-0400,158,s:40~l:54~t:158,nebraska-cornhuskers,Nebraska,Cornhuskers,NEB,Nebraska Cornhuskers,Nebraska,F20017,f5f1e7,https://a.espncdn.com/i/teamlogos/ncaa/500/158.png,home,83,true,21,2,17,55.6,25,45,0,12,65.8,25,38,19,7,4,17,0,53.3,8,15,28,0,0,0,26,s:40~l:54~t:26,ucla-bruins,UCLA,Bruins,UCLA,UCLA Bruins,UCLA,2774ae,f2a900,https://a.espncdn.com/i/teamlogos/ncaa/500/26.png,70
300820277,2010,3,2010-03-23,2010-03-23T21:40:00.000000-0400,21,s:40~l:54~t:21,san-diego-state-aztecs,San Diego State,Aztecs,SDSU,San Diego State Aztecs,San Diego St,BF2C37,a8996e,https://a.espncdn.com/i/teamlogos/ncaa/500/21.png,away,64,true,12,2,22,44.2,23,52,0,17,70.0,14,20,11,10,6,16,0,50.0,4,8,34,0,0,0,277,s:40~l:54~t:277,west-virginia-mountaineers,West Virginia,Mountaineers,WVU,West Virginia Mountaineers,West Virginia,FFC600,eaaa00,https://a.espncdn.com/i/teamlogos/ncaa/500/277.png,55
300820277,2010,3,2010-03-23,2010-03-23T21:40:00.000000-0400,277,s:40~l:54~t:277,west-virginia-mountaineers,West Virginia,Mountaineers,WVU,West Virginia Mountaineers,West Virginia,FFC600,eaaa00,https://a.espncdn.com/i/teamlogos/ncaa/500/277.png,home,55,false,3,2,19,42.6,20,47,0,22,59.1,13,22,3,9,7,18,0,22.2,2,9,31,0,0,0,21,s:40~l:54~t:21,san-diego-state-aztecs,San Diego State,Aztecs,SDSU,San Diego State Aztecs,San Diego St,BF2C37,a8996e,https://a.espncdn.com/i/teamlogos/ncaa/500/21.png,64
300820066,2010,3,2010-03-23,2010-03-23T21:40:00.000000-0400,2739,s:40~l:54~t:2739,green-bay-phoenix,Green Bay,Phoenix,GB,Green Bay Phoenix,Green Bay,006633,ffffff,https://a.espncdn.com/i/teamlogos/ncaa/500/2739.png,away,56,false,15,2,26,41.7,20,48,0,20,100.0,10,10,10,4,3,18,0,35.3,6,17,31,0,0,0,66,s:40~l:54~t:66,iowa-state-cyclones,Iowa State,Cyclones,ISU,Iowa State Cyclones,Iowa State,822433,fdca2f,https://a.espncdn.com/i/teamlogos/ncaa/500/66.png,60
300820066,2010,3,2010-03-23,2010-03-23T21:40:00.000000-0400,66,s:40~l:54~t:66,iowa-state-cyclones,Iowa State,Cyclones,ISU,Iowa State Cyclones,Iowa State,822433,fdca2f,https://a.espncdn.com/i/teamlogos/ncaa/500/66.png,home,60,true,13,3,23,37.3,19,51,0,12,66.7,14,21,4,8,5,9,0,33.3,8,24,31,0,0,0,2739,s:40~l:54~t:2739,green-bay-phoenix,Green Bay,Phoenix,GB,Green Bay Phoenix,Green Bay,006633,ffffff,https://a.espncdn.com/i/teamlogos/ncaa/500/2739.png,56
300820201,2010,3,2010-03-23,2010-03-23T21:45:00.000000-0400,2031,s:40~l:54~t:2031,little-rock-trojans,Little Rock,Trojans,LR,Little Rock Trojans,Little Rock,AD0000,898d8f,https://a.espncdn.com/i/teamlogos/ncaa/500/2031.png,away,44,false,9,1,16,37.3,19,51,0,16,50.0,6,12,2,5,11,19,0,0.0,0,16,27,0,0,0,201,s:40~l:54~t:201,oklahoma-sooners,Oklahoma,Sooners,OU,Oklahoma Sooners,Oklahoma,9d2235,ffffff,https://a.espncdn.com/i/teamlogos/ncaa/500/201.png,60
300820201,2010,3,2010-03-23,2010-03-23T21:45:00.000000-0400,201,s:40~l:54~t:201,oklahoma-sooners,Oklahoma,Sooners,OU,Oklahoma Sooners,Oklahoma,9d2235,ffffff,https://a.espncdn.com/i/teamlogos/ncaa/500/201.png,home,60,true,11,1,22,48.9,23,47,0,10,86.7,13,15,17,8,6,22,0,14.3,1,7,35,0,0,0,2031,s:40~l:54~t:2031,little-rock-trojans,Little Rock,Trojans,LR,Little Rock Trojans,Little Rock,AD0000,898d8f,https://a.espncdn.com/i/teamlogos/ncaa/500/2031.png,44
300822751,2010,3,2010-03-23,2010-03-23T21:00:00.000000-0400,2641,s:40~l:54~t:2641,texas-tech-lady-raiders,Texas Tech,Lady Raiders,TTU,Texas Tech Lady Raiders,Texas Tech,C80025,231f20,https://a.espncdn.com/i/teamlogos/ncaa/500/2641.png,away,57,false,14,5,23,36.2,25,69,0,21,37.5,3,8,5,10,10,12,0,18.2,4,22,40,0,0,0,2751,s:40~l:54~t:2751,wyoming-cowgirls,Wyoming,Cowgirls,WYO,Wyoming Cowgirls,Wyoming,533B22,ffffff,https://a.espncdn.com/i/teamlogos/ncaa/500/2751.png,68
300822751,2010,3,2010-03-23,2010-03-23T21:00:00.000000-0400,2751,s:40~l:54~t:2751,wyoming-cowgirls,Wyoming,Cowgirls,WYO,Wyoming Cowgirls,Wyoming,533B22,ffffff,https://a.espncdn.com/i/teamlogos/ncaa/500/2751.png,home,68,true,16,4,32,37.5,21,56,0,12,76.0,19,25,11,5,5,15,0,29.2,7,24,44,0,0,0,2641,s:40~l:54~t:2641,texas-tech-lady-raiders,Texas Tech,Lady Raiders,TTU,Texas Tech Lady Raiders,Texas Tech,C80025,231f20,https://a.espncdn.com/i/teamlogos/ncaa/500/2641.png,57
300812633,2010,3,2010-03-22,2010-03-22T19:06:00.000000-0400,2168,s:40~l:54~t:2168,dayton-flyers,Dayton,Flyers,DAY,Dayton Flyers,Dayton,004B8D,ffffff,https://a.espncdn.com/i/teamlogos/ncaa/500/2168.png,away,64,false,9,5,25,41.5,27,65,0,16,60.0,6,10,0,8,6,15,0,30.8,4,13,37,0,0,0,2633,s:40~l:54~t:2633,tennessee-lady-volunteers,Tennessee,Lady Volunteers,TENN,Tennessee Lady Volunteers,Tennessee,ff8200,ffffff,https://a.espncdn.com/i/teamlogos/ncaa/500/2633_ncw.png,92
300812633,2010,3,2010-03-22,2010-03-22T19:06:00.000000-0400,2633,s:40~l:54~t:2633,tennessee-lady-volunteers,Tennessee,Lady Volunteers,TENN,Tennessee Lady Volunteers,Tennessee,ff8200,ffffff,https://a.espncdn.com/i/teamlogos/ncaa/500/2633_ncw.png,home,92,true,20,10,28,53.9,41,76,0,16,33.3,4,12,34,15,10,9,0,54.5,6,11,44,0,0,0,2168,s:40~l:54~t:2168,dayton-flyers,Dayton,Flyers,DAY,Dayton Flyers,Dayton,004B8D,ffffff,https://a.espncdn.com/i/teamlogos/ncaa/500/2168.png,64
300810150,2010,3,2010-03-22,2010-03-22T19:11:00.000000-0400,99,s:40~l:54~t:99,lsu-tigers,LSU,Tigers,LSU,LSU Tigers,LSU,461d7c,fdd023,https://a.espncdn.com/i/teamlogos/ncaa/500/99.png,away,52,false,13,4,19,41.7,20,48,0,15,100.0,10,10,0,5,9,22,0,28.6,2,7,27,0,0,0,150,s:40~l:54~t:150,duke-blue-devils,Duke,Blue Devils,DUKE,Duke Blue Devils,Duke,013088,ffffff,https://a.espncdn.com/i/teamlogos/ncaa/500/150.png,60
300810150,2010,3,2010-03-22,2010-03-22T19:11:00.000000-0400,150,s:40~l:54~t:150,duke-blue-devils,Duke,Blue Devils,DUKE,Duke Blue Devils,Duke,013088,ffffff,https://a.espncdn.com/i/teamlogos/ncaa/500/150.png,home,60,true,5,3,20,44.2,23,52,0,16,81.3,13,16,8,10,13,19,0,10.0,1,10,32,0,0,0,99,s:40~l:54~t:99,lsu-tigers,LSU,Tigers,LSU,LSU Tigers,LSU,461d7c,fdd023,https://a.espncdn.com/i/teamlogos/ncaa/500/99.png,52
300810052,2010,3,2010-03-22,2010-03-22T19:16:00.000000-0400,2599,s:40~l:54~t:2599,st-johns-red-storm,St. John's,Red Storm,SJU,St. John's Red Storm,St John's,d10000,101010,https://a.espncdn.com/i/teamlogos/ncaa/500/2599.png,away,65,false,11,2,16,38.7,24,62,0,14,70.8,17,24,5,16,7,16,0,0.0,0,4,36,0,0,0,52,s:40~l:54~t:52,florida-state-seminoles,Florida State,Seminoles,FSU,Florida State Seminoles,Florida St,782F40,ceb888,https://a.espncdn.com/i/teamlogos/ncaa/500/52.png,66
300810052,2010,3,2010-03-22,2010-03-22T19:16:00.000000-0400,52,s:40~l:54~t:52,florida-state-seminoles,Florida State,Seminoles,FSU,Florida State Seminoles,Florida St,782F40,ceb888,https://a.espncdn.com/i/teamlogos/ncaa/500/52.png,home,66,true,17,6,20,43.1,25,58,0,20,83.3,10,12,4,11,7,21,0,37.5,6,16,35,0,0,0,2599,s:40~l:54~t:2599,st-johns-red-storm,St. John's,Red Storm,SJU,St. John's Red Storm,St John's,d10000,101010,https://a.espncdn.com/i/teamlogos/ncaa/500/2599.png,65
300810096,2010,3,2010-03-22,2010-03-22T19:21:00.000000-0400,127,s:40~l:54~t:127,michigan-state-spartans,Michigan State,Spartans,MSU,Michigan State Spartans,Michigan St,18453B,ffffff,https://a.espncdn.com/i/teamlogos/ncaa/500/127.png,away,52,false,9,5,27,34.5,19,55,0,21,80.0,12,15,5,8,8,18,0,16.7,2,12,37,0,0,0,96,s:40~l:54~t:96,kentucky-wildcats,Kentucky,Wildcats,UK,Kentucky Wildcats,Kentucky,005DAA,ffffff,https://a.espncdn.com/i/teamlogos/ncaa/500/96.png,70
300810096,2010,3,2010-03-22,2010-03-22T19:21:00.000000-0400,96,s:40~l:54~t:96,kentucky-wildcats,Kentucky,Wildcats,UK,Kentucky Wildcats,Kentucky,005DAA,ffffff,https://a.espncdn.com/i/teamlogos/ncaa/500/96.png,home,70,true,13,4,29,42.4,25,59,0,13,60.7,17,28,20,10,14,11,0,23.1,3,13,40,0,0,0,127,s:40~l:54~t:127,michigan-state-spartans,Michigan State,Spartans,MSU,Michigan State Spartans,Michigan St,18453B,ffffff,https://a.espncdn.com/i/teamlogos/ncaa/500/127.png,52
300810024,2010,3,2010-03-22,2010-03-22T21:35:00.000000-0400,2294,s:40~l:54~t:2294,iowa-hawkeyes,Iowa,Hawkeyes,IOWA,Iowa Hawkeyes,Iowa,000000,fcd116,https://a.espncdn.com/i/teamlogos/ncaa/500/2294.png,away,67,false,13,2,17,44.3,27,61,0,13,66.7,6,9,0,10,5,14,0,30.4,7,23,33,0,0,0,24,s:40~l:54~t:24,stanford-cardinal,Stanford,Cardinal,STAN,Stanford Cardinal,Stanford,8c1515,ffffff,https://a.espncdn.com/i/teamlogos/ncaa/500/24.png,96
300810024,2010,3,2010-03-22,2010-03-22T21:35:00.000000-0400,24,s:40~l:54~t:24,stanford-cardinal,Stanford,Cardinal,STAN,Stanford Cardinal,Stanford,8c1515,ffffff,https://a.espncdn.com/i/teamlogos/ncaa/500/24.png,home,96,true,26,4,19,56.3,36,64,0,11,68.4,13,19,38,14,6,16,0,61.1,11,18,41,0,0,0,2294,s:40~l:54~t:2294,iowa-hawkeyes,Iowa,Hawkeyes,IOWA,Iowa Hawkeyes,Iowa,000000,fcd116,https://a.espncdn.com/i/teamlogos/ncaa/500/2294.png,67
300810245,2010,3,2010-03-22,2010-03-22T21:40:00.000000-0400,2250,s:40~l:54~t:2250,gonzaga-bulldogs,Gonzaga,Bulldogs,GONZ,Gonzaga Bulldogs,Gonzaga,041e42,c8102e,https://a.espncdn.com/i/teamlogos/ncaa/500/2250.png,away,72,true,15,8,26,44.1,26,59,0,12,77.8,14,18,13,10,11,17,0,50.0,6,12,37,0,0,0,245,s:40~l:54~t:245,texas-am-aggies,Texas A&M,Aggies,TA&M,Texas A&M Aggies,Texas A&M,5C0025,ffffff,https://a.espncdn.com/i/teamlogos/ncaa/500/245.png,71
300810245,2010,3,2010-03-22,2010-03-22T21:40:00.000000-0400,245,s:40~l:54~t:245,texas-am-aggies,Texas A&M,Aggies,TA&M,Texas A&M Aggies,Texas A&M,5C0025,ffffff,https://a.espncdn.com/i/teamlogos/ncaa/500/245.png,home,71,false,16,8,25,45.5,30,66,0,15,53.3,8,15,3,13,15,18,1,30.0,3,10,41,1,0,0,2250,s:40~l:54~t:2250,gonzaga-bulldogs,Gonzaga,Bulldogs,GONZ,Gonzaga Bulldogs,Gonzaga,041e42,c8102e,https://a.espncdn.com/i/teamlogos/ncaa/500/2250.png,72
300810197,2010,3,2010-03-22,2010-03-22T21:40:00.000000-0400,61,s:40~l:54~t:61,georgia-lady-bulldogs,Georgia,Lady Bulldogs,UGA,Georgia Lady Bulldogs,Georgia,CC0000,000000,https://a.espncdn.com/i/teamlogos/ncaa/500/61.png,away,74,true,13,7,29,33.3,21,63,0,21,64.9,24,37,10,22,2,12,0,30.8,8,26,53,0,0,0,197,s:40~l:54~t:197,oklahoma-state-cowgirls,Oklahoma State,Cowgirls,OKST,Oklahoma State Cowgirls,Oklahoma St,ff6500,000000,https://a.espncdn.com/i/teamlogos/ncaa/500/197.png,71
300810197,2010,3,2010-03-22,2010-03-22T21:40:00.000000-0400,197,s:40~l:54~t:197,oklahoma-state-cowgirls,Oklahoma State,Cowgirls,OKST,Oklahoma State Cowgirls,Oklahoma St,ff6500,000000,https://a.espncdn.com/i/teamlogos/ncaa/500/197.png,home,71,false,10,3,23,30.3,20,66,0,24,83.3,25,30,5,13,6,8,0,35.3,6,17,44,0,0,0,61,s:40~l:54~t:61,georgia-lady-bulldogs,Georgia,Lady Bulldogs,UGA,Georgia Lady Bulldogs,Georgia,CC0000,000000,https://a.espncdn.com/i/teamlogos/ncaa/500/61.png,74
300810239,2010,3,2010-03-22,2010-03-22T22:05:00.000000-0400,46,s:40~l:54~t:46,georgetown-hoyas,Georgetown,Hoyas,GTWN,Georgetown Hoyas,Georgetown,110E42,001c58,https://a.espncdn.com/i/teamlogos/ncaa/500/46.png,away,33,false,9,5,23,17.1,12,70,0,24,60.0,6,10,0,15,8,13,0,16.7,3,18,44,0,0,0,239,s:40~l:54~t:239,baylor-bears,Baylor,Bears,BAY,Baylor Bears,Baylor,154734,ffb81c,https://a.espncdn.com/i/teamlogos/ncaa/500/239.png,49
300810239,2010,3,2010-03-22,2010-03-22T22:05:00.000000-0400,239,s:40~l:54~t:239,baylor-bears,Baylor,Bears,BAY,Baylor Bears,Baylor,154734,ffb81c,https://a.espncdn.com/i/teamlogos/ncaa/500/239.png,home,49,true,10,16,37,38.1,16,42,0,10,63.0,17,27,17,7,8,20,0,0.0,0,4,45,0,0,0,46,s:40~l:54~t:46,georgetown-hoyas,Georgetown,Hoyas,GTWN,Georgetown Hoyas,Georgetown,110E42,001c58,https://a.espncdn.com/i/teamlogos/ncaa/500/46.png,33
300800194,2010,3,2010-03-21,2010-03-21T12:06:00.000000-0400,2598,s:40~l:54~t:2598,st-francis-pa-red-flash,St. Francis (PA),Red Flash,SFPA,St. Francis (PA) Red Flash,St Francis PA,a20012,,https://a.espncdn.com/i/teamlogos/ncaa/500/2598.png,away,59,false,10,5,19,28.6,20,70,0,11,66.7,12,18,0,14,12,18,0,23.3,7,30,38,0,0,0,194,s:40~l:54~t:194,ohio-state-buckeyes,Ohio State,Buckeyes,OSU,Ohio State Buckeyes,Ohio State,ce1141,505056,https://a.espncdn.com/i/teamlogos/ncaa/500/194.png,93
300800194,2010,3,2010-03-21,2010-03-21T12:06:00.000000-0400,194,s:40~l:54~t:194,ohio-state-buckeyes,Ohio State,Buckeyes,OSU,Ohio State Buckeyes,Ohio State,ce1141,505056,https://a.espncdn.com/i/teamlogos/ncaa/500/194.png,home,93,true,26,6,34,49.3,37,75,0,14,72.2,13,18,43,18,10,15,0,35.3,6,17,55,0,0,0,2598,s:40~l:54~t:2598,st-francis-pa-red-flash,St. Francis (PA),Red Flash,SFPA,St. Francis (PA) Red Flash,St Francis PA,a20012,,https://a.espncdn.com/i/teamlogos/ncaa/500/2598.png,59
300800238,2010,3,2010-03-21,2010-03-21T12:11:00.000000-0400,305,s:40~l:54~t:305,depaul-blue-demons,DePaul,Blue Demons,DEP,DePaul Blue Demons,DePaul,2d649c,ce1125,https://a.espncdn.com/i/teamlogos/ncaa/500/305.png,away,76,false,18,5,22,40.8,31,76,0,25,63.6,7,11,7,14,8,16,1,36.8,7,19,41,1,0,0,238,s:40~l:54~t:238,vanderbilt-commodores,Vanderbilt,Commodores,VAN,Vanderbilt Commodores,Vanderbilt,000000,231f20,https://a.espncdn.com/i/teamlogos/ncaa/500/238.png,83
300800238,2010,3,2010-03-21,2010-03-21T12:11:00.000000-0400,238,s:40~l:54~t:238,vanderbilt-commodores,Vanderbilt,Commodores,VAN,Vanderbilt Commodores,Vanderbilt,000000,231f20,https://a.espncdn.com/i/teamlogos/ncaa/500/238.png,home,83,true,21,2,28,44.4,28,63,0,17,66.7,22,33,12,11,9,16,0,22.7,5,22,47,0,0,0,305,s:40~l:54~t:305,depaul-blue-demons,DePaul,Blue Demons,DEP,DePaul Blue Demons,DePaul,2d649c,ce1125,https://a.espncdn.com/i/teamlogos/ncaa/500/305.png,76
300800041,2010,3,2010-03-21,2010-03-21T12:16:00.000000-0400,2582,s:40~l:54~t:2582,southern-jaguars,Southern,Jaguars,SOU,Southern Jaguars,Southern,004B97,ffc82d,https://a.espncdn.com/i/teamlogos/ncaa/500/2582.png,away,39,false,7,3,10,23.1,15,65,0,18,57.1,4,7,2,11,8,14,1,19.2,5,26,22,1,0,0,41,s:40~l:54~t:41,uconn-huskies,UConn,Huskies,CONN,UConn Huskies,UConn,0c2340,f1f2f3,https://a.espncdn.com/i/teamlogos/ncaa/500/41.png,95
300800041,2010,3,2010-03-21,2010-03-21T12:16:00.000000-0400,41,s:40~l:54~t:41,uconn-huskies,UConn,Huskies,CONN,UConn Huskies,UConn,0c2340,f1f2f3,https://a.espncdn.com/i/teamlogos/ncaa/500/41.png,home,95,true,27,7,38,61.5,32,52,0,9,84.6,22,26,56,10,10,19,0,56.3,9,16,52,0,0,0,2582,s:40~l:54~t:2582,southern-jaguars,Southern,Jaguars,SOU,Southern Jaguars,Southern,004B97,ffc82d,https://a.espncdn.com/i/teamlogos/ncaa/500/2582.png,39
300800275,2010,3,2010-03-21,2010-03-21T12:21:00.000000-0400,261,s:40~l:54~t:261,vermont-catamounts,Vermont,Catamounts,UVM,Vermont Catamounts,Vermont,154734,ffc72c,https://a.espncdn.com/i/teamlogos/ncaa/500/261.png,away,64,true,14,10,27,40.4,21,52,0,13,70.4,19,27,14,4,8,11,0,27.3,3,11,36,0,0,0,275,s:40~l:54~t:275,wisconsin-badgers,Wisconsin,Badgers,WISC,Wisconsin Badgers,Wisconsin,A00000,f7f7f7,https://a.espncdn.com/i/teamlogos/ncaa/500/275.png,55
300800275,2010,3,2010-03-21,2010-03-21T12:21:00.000000-0400,275,s:40~l:54~t:275,wisconsin-badgers,Wisconsin,Badgers,WISC,Wisconsin Badgers,Wisconsin,A00000,f7f7f7,https://a.espncdn.com/i/teamlogos/ncaa/500/275.png,home,55,false,13,4,30,36.1,22,61,0,22,66.7,6,9,4,10,7,13,0,33.3,5,15,41,0,0,0,261,s:40~l:54~t:261,vermont-catamounts,Vermont,Catamounts,UVM,Vermont Catamounts,Vermont,154734,ffc72c,https://a.espncdn.com/i/teamlogos/ncaa/500/261.png,64
300800344,2010,3,2010-03-21,2010-03-21T14:30:00.000000-0400,2393,s:40~l:54~t:2393,middle-tennessee-blue-raiders,Middle Tennessee,Blue Raiders,MTSU,Middle Tennessee Blue Raiders,MTSU,006db6,ffffff,https://a.espncdn.com/i/teamlogos/ncaa/500/2393.png,away,64,false,19,0,21,35.9,23,64,0,14,75.0,6,8,15,11,5,14,0,33.3,12,36,34,0,0,0,344,s:40~l:54~t:344,mississippi-state-bulldogs,Mississippi State,Bulldogs,MSST,Mississippi State Bulldogs,Mississippi St,762123,c8c8c8,https://a.espncdn.com/i/teamlogos/ncaa/500/344.png,68
300800344,2010,3,2010-03-21,2010-03-21T14:30:00.000000-0400,344,s:40~l:54~t:344,mississippi-state-bulldogs,Mississippi State,Bulldogs,MSST,Mississippi State Bulldogs,Mississippi St,762123,c8c8c8,https://a.espncdn.com/i/teamlogos/ncaa/500/344.png,home,68,true,16,2,30,43.3,26,60,0,9,81.8,9,11,4,11,5,17,0,35.0,7,20,41,0,0,0,2393,s:40~l:54~t:2393,middle-tennessee-blue-raiders,Middle Tennessee,Blue Raiders,MTSU,Middle Tennessee Blue Raiders,MTSU,006db6,ffffff,https://a.espncdn.com/i/teamlogos/ncaa/500/2393.png,64
300800218,2010,3,2010-03-21,2010-03-21T14:40:00.000000-0400,256,s:40~l:54~t:256,james-madison-dukes,James Madison,Dukes,JMU,James Madison Dukes,James Madison,450084,cbb778,https://a.espncdn.com/i/teamlogos/ncaa/500/256.png,away,53,false,9,1,23,35.6,21,59,0,14,46.7,7,15,2,15,11,19,0,22.2,4,18,44,0,0,0,218,s:40~l:54~t:218,temple-owls,Temple,Owls,TEM,Temple Owls,Temple,A80532,a7a9ac,https://a.espncdn.com/i/teamlogos/ncaa/500/218.png,65
300800218,2010,3,2010-03-21,2010-03-21T14:40:00.000000-0400,218,s:40~l:54~t:218,temple-owls,Temple,Owls,TEM,Temple Owls,Temple,A80532,a7a9ac,https://a.espncdn.com/i/teamlogos/ncaa/500/218.png,home,65,true,11,7,20,42.1,24,57,0,12,68.8,11,16,14,10,10,17,0,35.3,6,17,35,0,0,0,256,s:40~l:54~t:256,james-madison-dukes,James Madison,Dukes,JMU,James Madison Dukes,James Madison,450084,cbb778,https://a.espncdn.com/i/teamlogos/ncaa/500/256.png,53
300800087,2010,3,2010-03-21,2010-03-21T14:49:00.000000-0400,325,s:40~l:54~t:325,cleveland-state-vikings,Cleveland State,Vikings,CLEV,Cleveland State Vikings,Cleveland St,006633,231f20,https://a.espncdn.com/i/teamlogos/ncaa/500/325.png,away,58,false,15,1,22,37.3,22,59,0,17,75.0,12,16,4,10,8,24,0,13.3,2,15,33,0,0,0,87,s:40~l:54~t:87,notre-dame-fighting-irish,Notre Dame,Fighting Irish,ND,Notre Dame Fighting Irish,Notre Dame,0c2340,c99700,https://a.espncdn.com/i/teamlogos/ncaa/500/87.png,86
300800087,2010,3,2010-03-21,2010-03-21T14:49:00.000000-0400,87,s:40~l:54~t:87,notre-dame-fighting-irish,Notre Dame,Fighting Irish,ND,Notre Dame Fighting Irish,Notre Dame,0c2340,c99700,https://a.espncdn.com/i/teamlogos/ncaa/500/87.png,home,86,true,25,2,28,51.6,33,64,0,15,73.9,17,23,29,10,13,14,0,27.3,3,11,40,0,0,0,325,s:40~l:54~t:325,cleveland-state-vikings,Cleveland State,Vikings,CLEV,Cleveland State Vikings,Cleveland St,006633,231f20,https://a.espncdn.com/i/teamlogos/ncaa/500/325.png,58
300802752,2010,3,2010-03-21,2010-03-21T14:57:00.000000-0400,2193,s:40~l:54~t:2193,east-tennessee-state-bucs,East Tennessee State,Bucs,ETSU,East Tennessee State Bucs,ETSU,002d61,ffc423,https://a.espncdn.com/i/teamlogos/ncaa/500/2193.png,away,82,false,16,3,19,43.8,28,64,0,19,64.7,11,17,2,11,8,15,0,48.4,15,31,34,0,0,0,2752,s:40~l:54~t:2752,xavier-musketeers,Xavier,Musketeers,XAV,Xavier Musketeers,Xavier,002144,9ea2a2,https://a.espncdn.com/i/teamlogos/ncaa/500/2752.png,94
300802752,2010,3,2010-03-21,2010-03-21T14:57:00.000000-0400,2752,s:40~l:54~t:2752,xavier-musketeers,Xavier,Musketeers,XAV,Xavier Musketeers,Xavier,002144,9ea2a2,https://a.espncdn.com/i/teamlogos/ncaa/500/2752.png,home,94,true,21,7,25,43.9,36,82,0,15,78.9,15,19,15,25,11,14,0,26.9,7,26,52,0,0,0,2193,s:40~l:54~t:2193,east-tennessee-state-bucs,East Tennessee State,Bucs,ETSU,East Tennessee State Bucs,ETSU,002d61,ffc423,https://a.espncdn.com/i/teamlogos/ncaa/500/2193.png,82
300800158,2010,3,2010-03-21,2010-03-21T19:07:00.000000-0400,2460,s:40~l:54~t:2460,northern-iowa-panthers,Northern Iowa,Panthers,UNI,Northern Iowa Panthers,Northern Iowa,473282,ffffff,https://a.espncdn.com/i/teamlogos/ncaa/500/2460.png,away,44,false,8,3,21,29.3,17,58,0,21,72.7,8,11,1,9,4,17,0,8.7,2,23,34,0,0,0,158,s:40~l:54~t:158,nebraska-cornhuskers,Nebraska,Cornhuskers,NEB,Nebraska Cornhuskers,Nebraska,F20017,f5f1e7,https://a.espncdn.com/i/teamlogos/ncaa/500/158.png,83
300800158,2010,3,2010-03-21,2010-03-21T19:07:00.000000-0400,158,s:40~l:54~t:158,nebraska-cornhuskers,Nebraska,Cornhuskers,NEB,Nebraska Cornhuskers,Nebraska,F20017,f5f1e7,https://a.espncdn.com/i/teamlogos/ncaa/500/158.png,home,83,true,20,3,31,42.6,26,61,0,14,84.0,21,25,39,9,10,10,0,50.0,10,20,45,0,0,0,2460,s:40~l:54~t:2460,northern-iowa-panthers,Northern Iowa,Panthers,UNI,Northern Iowa Panthers,Northern Iowa,473282,ffffff,https://a.espncdn.com/i/teamlogos/ncaa/500/2460.png,44
300800251,2010,3,2010-03-21,2010-03-21T19:11:00.000000-0400,21,s:40~l:54~t:21,san-diego-state-aztecs,San Diego State,Aztecs,SDSU,San Diego State Aztecs,San Diego St,BF2C37,a8996e,https://a.espncdn.com/i/teamlogos/ncaa/500/21.png,away,74,true,15,6,34,42.3,22,52,0,22,60.0,21,35,19,10,7,21,0,52.9,9,17,48,0,0,0,251,s:40~l:54~t:251,texas-longhorns,Texas,Longhorns,TEX,Texas Longhorns,Texas,c15d26,ffffff,https://a.espncdn.com/i/teamlogos/ncaa/500/251.png,63
300800251,2010,3,2010-03-21,2010-03-21T19:11:00.000000-0400,251,s:40~l:54~t:251,texas-longhorns,Texas,Longhorns,TEX,Texas Longhorns,Texas,c15d26,ffffff,https://a.espncdn.com/i/teamlogos/ncaa/500/251.png,home,63,false,11,4,25,33.3,22,66,0,24,58.1,18,31,4,13,12,14,0,7.7,1,13,41,0,0,0,21,s:40~l:54~t:21,san-diego-state-aztecs,San Diego State,Aztecs,SDSU,San Diego State Aztecs,San Diego St,BF2C37,a8996e,https://a.espncdn.com/i/teamlogos/ncaa/500/21.png,74
300800059,2010,3,2010-03-21,2010-03-21T19:16:00.000000-0400,2031,s:40~l:54~t:2031,little-rock-trojans,Little Rock,Trojans,LR,Little Rock Trojans,Little Rock,AD0000,898d8f,https://a.espncdn.com/i/teamlogos/ncaa/500/2031.png,away,63,true,15,2,25,42.6,20,47,0,14,65.4,17,26,20,4,11,15,0,46.2,6,13,35,0,0,0,59,s:40~l:54~t:59,georgia-tech-yellow-jackets,Georgia Tech,Yellow Jackets,GT,Georgia Tech Yellow Jackets,Georgia Tech,00223e,002c56,https://a.espncdn.com/i/teamlogos/ncaa/500/59.png,53
300800059,2010,3,2010-03-21,2010-03-21T19:16:00.000000-0400,59,s:40~l:54~t:59,georgia-tech-yellow-jackets,Georgia Tech,Yellow Jackets,GT,Georgia Tech Yellow Jackets,Georgia Tech,00223e,002c56,https://a.espncdn.com/i/teamlogos/ncaa/500/59.png,home,53,false,7,4,22,37.1,23,62,0,20,75.0,6,8,6,13,9,16,1,14.3,1,7,38,1,0,0,2031,s:40~l:54~t:2031,little-rock-trojans,Little Rock,Trojans,LR,Little Rock Trojans,Little Rock,AD0000,898d8f,https://a.espncdn.com/i/teamlogos/ncaa/500/2031.png,63
300800258,2010,3,2010-03-21,2010-03-21T19:21:00.000000-0400,2739,s:40~l:54~t:2739,green-bay-phoenix,Green Bay,Phoenix,GB,Green Bay Phoenix,Green Bay,006633,ffffff,https://a.espncdn.com/i/teamlogos/ncaa/500/2739.png,away,69,true,10,1,27,36.4,16,44,0,23,85.0,34,40,16,8,9,30,0,23.1,3,13,43,0,0,0,258,s:40~l:54~t:258,virginia-cavaliers,Virginia,Cavaliers,UVA,Virginia Cavaliers,Virginia,f84c1e,ffffff,https://a.espncdn.com/i/teamlogos/ncaa/500/258.png,67
300800258,2010,3,2010-03-21,2010-03-21T19:21:00.000000-0400,258,s:40~l:54~t:258,virginia-cavaliers,Virginia,Cavaliers,UVA,Virginia Cavaliers,Virginia,f84c1e,ffffff,https://a.espncdn.com/i/teamlogos/ncaa/500/258.png,home,67,false,10,3,20,37.3,25,67,0,28,65.2,15,23,9,14,22,19,0,20.0,2,10,35,0,0,0,2739,s:40~l:54~t:2739,green-bay-phoenix,Green Bay,Phoenix,GB,Green Bay Phoenix,Green Bay,006633,ffffff,https://a.espncdn.com/i/teamlogos/ncaa/500/2739.png,69
300800026,2010,3,2010-03-21,2010-03-21T21:31:00.000000-0400,152,s:40~l:54~t:152,nc-state-wolfpack,NC State,Wolfpack,NCST,NC State Wolfpack,NC State,EF1216,231f20,https://a.espncdn.com/i/teamlogos/ncaa/500/152.png,away,54,false,8,1,15,33.3,18,54,0,18,80.0,12,15,9,9,9,13,0,28.6,6,21,26,0,0,0,26,s:40~l:54~t:26,ucla-bruins,UCLA,Bruins,UCLA,UCLA Bruins,UCLA,2774ae,f2a900,https://a.espncdn.com/i/teamlogos/ncaa/500/26.png,74
300800026,2010,3,2010-03-21,2010-03-21T21:31:00.000000-0400,26,s:40~l:54~t:26,ucla-bruins,UCLA,Bruins,UCLA,UCLA Bruins,UCLA,2774ae,f2a900,https://a.espncdn.com/i/teamlogos/ncaa/500/26.png,home,74,true,16,4,24,50.9,28,55,0,17,93.3,14,15,23,10,7,17,0,50.0,4,8,41,0,0,0,152,s:40~l:54~t:152,nc-state-wolfpack,NC State,Wolfpack,NCST,NC State Wolfpack,NC State,EF1216,231f20,https://a.espncdn.com/i/teamlogos/ncaa/500/152.png,54
300800201,2010,3,2010-03-21,2010-03-21T21:44:00.000000-0400,2571,s:40~l:54~t:2571,south-dakota-state-jackrabbits,South Dakota State,Jackrabbits,SDST,South Dakota State Jackrabbits,S Dakota St,0033a0,ffd100,https://a.espncdn.com/i/teamlogos/ncaa/500/2571.png,away,57,false,10,0,22,36.8,21,57,0,14,87.5,7,8,4,9,5,18,0,44.4,8,18,35,0,0,0,201,s:40~l:54~t:201,oklahoma-sooners,Oklahoma,Sooners,OU,Oklahoma Sooners,Oklahoma,9d2235,ffffff,https://a.espncdn.com/i/teamlogos/ncaa/500/201.png,68
300800201,2010,3,2010-03-21,2010-03-21T21:44:00.000000-0400,201,s:40~l:54~t:201,oklahoma-sooners,Oklahoma,Sooners,OU,Oklahoma Sooners,Oklahoma,9d2235,ffffff,https://a.espncdn.com/i/teamlogos/ncaa/500/201.png,home,68,true,15,4,24,44.3,27,61,0,13,90.9,10,11,15,10,10,13,0,25.0,4,16,36,0,0,0,2571,s:40~l:54~t:2571,south-dakota-state-jackrabbits,South Dakota State,Jackrabbits,SDST,South Dakota State Jackrabbits,S Dakota St,0033a0,ffd100,https://a.espncdn.com/i/teamlogos/ncaa/500/2571.png,57
300800277,2010,3,2010-03-21,2010-03-21T21:59:00.000000-0400,2320,s:40~l:54~t:2320,lamar-cardinals,Lamar,Cardinals,LAM,Lamar Cardinals,Lamar,000000,ebebeb,https://a.espncdn.com/i/teamlogos/ncaa/500/2320.png,away,43,false,11,2,24,30.8,16,52,0,17,60.0,6,10,0,4,7,21,0,23.8,5,21,28,0,0,0,277,s:40~l:54~t:277,west-virginia-mountaineers,West Virginia,Mountaineers,WVU,West Virginia Mountaineers,West Virginia,FFC600,eaaa00,https://a.espncdn.com/i/teamlogos/ncaa/500/277.png,58
300800277,2010,3,2010-03-21,2010-03-21T21:59:00.000000-0400,277,s:40~l:54~t:277,west-virginia-mountaineers,West Virginia,Mountaineers,WVU,West Virginia Mountaineers,West Virginia,FFC600,eaaa00,https://a.espncdn.com/i/teamlogos/ncaa/500/277.png,home,58,true,12,1,30,37.9,22,58,0,12,52.6,10,19,18,15,13,22,0,20.0,4,20,48,0,0,0,2320,s:40~l:54~t:2320,lamar-cardinals,Lamar,Cardinals,LAM,Lamar Cardinals,Lamar,000000,ebebeb,https://a.espncdn.com/i/teamlogos/ncaa/500/2320.png,43
300800066,2010,3,2010-03-21,2010-03-21T22:10:00.000000-0400,2329,s:40~l:54~t:2329,lehigh-mountain-hawks,Lehigh,Mountain Hawks,LEH,Lehigh Mountain Hawks,Lehigh,6c2b2a,b69e70,https://a.espncdn.com/i/teamlogos/ncaa/500/2329.png,away,42,false,6,6,17,22.0,11,50,0,18,88.2,15,17,0,6,8,17,0,21.7,5,23,24,0,0,0,66,s:40~l:54~t:66,iowa-state-cyclones,Iowa State,Cyclones,ISU,Iowa State Cyclones,Iowa State,822433,fdca2f,https://a.espncdn.com/i/teamlogos/ncaa/500/66.png,79
300800066,2010,3,2010-03-21,2010-03-21T22:10:00.000000-0400,66,s:40~l:54~t:66,iowa-state-cyclones,Iowa State,Cyclones,ISU,Iowa State Cyclones,Iowa State,822433,fdca2f,https://a.espncdn.com/i/teamlogos/ncaa/500/66.png,home,79,true,16,3,31,49.2,29,59,0,16,93.3,14,15,37,13,5,15,0,41.2,7,17,46,0,0,0,2329,s:40~l:54~t:2329,lehigh-mountain-hawks,Lehigh,Mountain Hawks,LEH,Lehigh Mountain Hawks,Lehigh,6c2b2a,b69e70,https://a.espncdn.com/i/teamlogos/ncaa/500/2329.png,42
300790099,2010,3,2010-03-20,2010-03-20T12:06:00.000000-0400,42,s:40~l:54~t:42,hartford-hawks,Hartford,Hawks,HART,Hartford Hawks,Hartford,d60008,000000,https://a.espncdn.com/i/teamlogos/ncaa/500/42.png,away,39,false,12,5,23,29.6,16,54,0,18,57.1,4,7,4,6,7,14,2,17.6,3,17,36,2,0,0,99,s:40~l:54~t:99,lsu-tigers,LSU,Tigers,LSU,LSU Tigers,LSU,461d7c,fdd023,https://a.espncdn.com/i/teamlogos/ncaa/500/99.png,60
300790099,2010,3,2010-03-20,2010-03-20T12:06:00.000000-0400,99,s:40~l:54~t:99,lsu-tigers,LSU,Tigers,LSU,LSU Tigers,LSU,461d7c,fdd023,https://a.espncdn.com/i/teamlogos/ncaa/500/99.png,home,60,true,9,4,25,32.1,18,56,0,9,76.7,23,30,29,17,7,13,0,14.3,1,7,49,0,0,0,42,s:40~l:54~t:42,hartford-hawks,Hartford,Hawks,HART,Hartford Hawks,Hartford,d60008,000000,https://a.espncdn.com/i/teamlogos/ncaa/500/42.png,39
300790127,2010,3,2010-03-20,2010-03-20T12:11:00.000000-0400,189,s:40~l:54~t:189,bowling-green-falcons,Bowling Green,Falcons,BGSU,Bowling Green Falcons,Bowling Green,2b1000,492000,https://a.espncdn.com/i/teamlogos/ncaa/500/189.png,away,62,false,12,1,24,37.3,19,51,0,15,59.1,13,22,7,10,5,16,0,50.0,11,22,35,0,0,0,127,s:40~l:54~t:127,michigan-state-spartans,Michigan State,Spartans,MSU,Michigan State Spartans,Michigan St,18453B,ffffff,https://a.espncdn.com/i/teamlogos/ncaa/500/127.png,72
300790127,2010,3,2010-03-20,2010-03-20T12:11:00.000000-0400,127,s:40~l:54~t:127,michigan-state-spartans,Michigan State,Spartans,MSU,Michigan State Spartans,Michigan St,18453B,ffffff,https://a.espncdn.com/i/teamlogos/ncaa/500/127.png,home,72,true,16,2,27,41.2,28,68,0,20,85.7,12,14,13,15,8,10,0,25.0,4,16,42,0,0,0,189,s:40~l:54~t:189,bowling-green-falcons,Bowling Green,Falcons,BGSU,Bowling Green Falcons,Bowling Green,2b1000,492000,https://a.espncdn.com/i/teamlogos/ncaa/500/189.png,62
300792633,2010,3,2010-03-20,2010-03-20T12:16:00.000000-0400,2046,s:40~l:54~t:2046,austin-peay-governors,Austin Peay,Governors,APSU,Austin Peay Governors,Austin Peay,8e0b0b,,https://a.espncdn.com/i/teamlogos/ncaa/500/2046.png,away,42,false,4,3,12,30.2,16,53,0,13,77.8,7,9,0,8,4,20,0,21.4,3,14,28,0,0,0,2633,s:40~l:54~t:2633,tennessee-lady-volunteers,Tennessee,Lady Volunteers,TENN,Tennessee Lady Volunteers,Tennessee,ff8200,ffffff,https://a.espncdn.com/i/teamlogos/ncaa/500/2633_ncw.png,75
300792633,2010,3,2010-03-20,2010-03-20T12:16:00.000000-0400,2633,s:40~l:54~t:2633,tennessee-lady-volunteers,Tennessee,Lady Volunteers,TENN,Tennessee Lady Volunteers,Tennessee,ff8200,ffffff,https://a.espncdn.com/i/teamlogos/ncaa/500/2633_ncw.png,home,75,true,18,5,25,46.3,31,67,0,14,61.5,8,13,38,21,6,13,0,26.3,5,19,47,0,0,0,2046,s:40~l:54~t:2046,austin-peay-governors,Austin Peay,Governors,APSU,Austin Peay Governors,Austin Peay,8e0b0b,,https://a.espncdn.com/i/teamlogos/ncaa/500/2046.png,42
300792599,2010,3,2010-03-20,2010-03-20T12:21:00.000000-0400,163,s:40~l:54~t:163,princeton-tigers,Princeton,Tigers,PRIN,Princeton Tigers,Princeton,ff9408,080808,https://a.espncdn.com/i/teamlogos/ncaa/500/163.png,away,47,false,9,3,24,28.3,17,60,0,15,80.0,12,15,3,14,5,16,0,10.0,1,10,41,0,0,0,2599,s:40~l:54~t:2599,st-johns-red-storm,St. John's,Red Storm,SJU,St. John's Red Storm,St John's,d10000,101010,https://a.espncdn.com/i/teamlogos/ncaa/500/2599.png,65
300792599,2010,3,2010-03-20,2010-03-20T12:21:00.000000-0400,2599,s:40~l:54~t:2599,st-johns-red-storm,St. John's,Red Storm,SJU,St. John's Red Storm,St John's,d10000,101010,https://a.espncdn.com/i/teamlogos/ncaa/500/2599.png,home,65,true,7,1,27,45.8,27,59,0,14,55.6,10,18,23,12,11,12,0,10.0,1,10,42,0,0,0,163,s:40~l:54~t:163,princeton-tigers,Princeton,Tigers,PRIN,Princeton Tigers,Princeton,ff9408,080808,https://a.espncdn.com/i/teamlogos/ncaa/500/163.png,47
300790150,2010,3,2010-03-20,2010-03-20T14:34:00.000000-0400,2261,s:40~l:54~t:2261,hampton-lady-pirates,Hampton,Lady Pirates,HAMP,Hampton Lady Pirates,Hampton,0067AC,,https://a.espncdn.com/i/teamlogos/ncaa/500/2261.png,away,37,false,4,4,19,26.8,15,56,0,20,37.5,3,8,3,7,6,16,0,26.7,4,15,31,0,0,0,150,s:40~l:54~t:150,duke-blue-devils,Duke,Blue Devils,DUKE,Duke Blue Devils,Duke,013088,ffffff,https://a.espncdn.com/i/teamlogos/ncaa/500/150.png,72
300790150,2010,3,2010-03-20,2010-03-20T14:34:00.000000-0400,150,s:40~l:54~t:150,duke-blue-devils,Duke,Blue Devils,DUKE,Duke Blue Devils,Duke,013088,ffffff,https://a.espncdn.com/i/teamlogos/ncaa/500/150.png,home,72,true,15,7,33,45.6,26,57,0,11,72.7,16,22,38,12,10,11,0,30.8,4,13,47,0,0,0,2261,s:40~l:54~t:2261,hampton-lady-pirates,Hampton,Lady Pirates,HAMP,Hampton Lady Pirates,Hampton,0067AC,,https://a.espncdn.com/i/teamlogos/ncaa/500/2261.png,37
300792168,2010,3,2010-03-20,2010-03-20T14:38:00.000000-0400,2628,s:40~l:54~t:2628,tcu-horned-frogs,TCU,Horned Frogs,TCU,TCU Horned Frogs,TCU,4d1979,f1f2f3,https://a.espncdn.com/i/teamlogos/ncaa/500/2628.png,away,66,false,8,6,24,30.1,22,73,0,22,93.3,14,15,18,13,8,8,0,29.6,8,27,44,0,0,0,2168,s:40~l:54~t:2168,dayton-flyers,Dayton,Flyers,DAY,Dayton Flyers,Dayton,004B8D,ffffff,https://a.espncdn.com/i/teamlogos/ncaa/500/2168.png,67
300792168,2010,3,2010-03-20,2010-03-20T14:38:00.000000-0400,2168,s:40~l:54~t:2168,dayton-flyers,Dayton,Flyers,DAY,Dayton Flyers,Dayton,004B8D,ffffff,https://a.espncdn.com/i/teamlogos/ncaa/500/2168.png,home,67,true,13,10,31,39.0,23,59,0,14,63.2,12,19,5,11,3,15,0,34.6,9,26,47,0,0,0,2628,s:40~l:54~t:2628,tcu-horned-frogs,TCU,Horned Frogs,TCU,TCU Horned Frogs,TCU,4d1979,f1f2f3,https://a.espncdn.com/i/teamlogos/ncaa/500/2628.png,66
300790096,2010,3,2010-03-20,2010-03-20T14:38:00.000000-0400,2335,s:40~l:54~t:2335,liberty-flames,Liberty,Flames,LIB,Liberty Flames,Liberty,071740,a61f21,https://a.espncdn.com/i/teamlogos/ncaa/500/2335.png,away,77,false,8,1,19,50.0,32,64,0,25,68.8,11,16,9,16,8,20,0,22.2,2,9,38,0,0,0,96,s:40~l:54~t:96,kentucky-wildcats,Kentucky,Wildcats,UK,Kentucky Wildcats,Kentucky,005DAA,ffffff,https://a.espncdn.com/i/teamlogos/ncaa/500/96.png,83
300790096,2010,3,2010-03-20,2010-03-20T14:38:00.000000-0400,96,s:40~l:54~t:96,kentucky-wildcats,Kentucky,Wildcats,UK,Kentucky Wildcats,Kentucky,005DAA,ffffff,https://a.espncdn.com/i/teamlogos/ncaa/500/96.png,home,83,true,15,2,17,51.0,25,49,0,17,72.2,26,36,11,9,16,15,0,63.6,7,11,26,0,0,0,2335,s:40~l:54~t:2335,liberty-flames,Liberty,Flames,LIB,Liberty Flames,Liberty,071740,a61f21,https://a.espncdn.com/i/teamlogos/ncaa/500/2335.png,77
300790052,2010,3,2010-03-20,2010-03-20T14:42:00.000000-0400,2348,s:40~l:54~t:2348,louisiana-tech-lady-techsters,Louisiana Tech,Lady Techsters,LT,Louisiana Tech Lady Techsters,Louisiana Tech,002d65,d3313a,https://a.espncdn.com/i/teamlogos/ncaa/500/2348.png,away,61,false,13,4,18,33.9,21,62,0,24,77.3,17,22,9,14,5,16,1,10.0,2,20,37,1,0,0,52,s:40~l:54~t:52,florida-state-seminoles,Florida State,Seminoles,FSU,Florida State Seminoles,Florida St,782F40,ceb888,https://a.espncdn.com/i/teamlogos/ncaa/500/52.png,75
300790052,2010,3,2010-03-20,2010-03-20T14:42:00.000000-0400,52,s:40~l:54~t:52,florida-state-seminoles,Florida State,Seminoles,FSU,Florida State Seminoles,Florida St,782F40,ceb888,https://a.espncdn.com/i/teamlogos/ncaa/500/52.png,home,75,true,13,3,24,39.7,25,63,0,21,84.6,22,26,14,15,8,17,1,20.0,3,15,47,1,0,0,2348,s:40~l:54~t:2348,louisiana-tech-lady-techsters,Louisiana Tech,Lady Techsters,LT,Louisiana Tech Lady Techsters,Louisiana Tech,002d65,d3313a,https://a.espncdn.com/i/teamlogos/ncaa/500/2348.png,61
300790245,2010,3,2010-03-20,2010-03-20T20:06:00.000000-0400,2502,s:40~l:54~t:2502,portland-state-vikings,Portland State,Vikings,PRST,Portland State Vikings,Portland St,00311e,ebebeb,https://a.espncdn.com/i/teamlogos/ncaa/500/2502.png,away,53,false,8,4,21,33.3,21,63,0,19,50.0,2,4,1,8,9,20,0,33.3,9,27,32,0,0,0,245,s:40~l:54~t:245,texas-am-aggies,Texas A&M,Aggies,TA&M,Texas A&M Aggies,Texas A&M,5C0025,ffffff,https://a.espncdn.com/i/teamlogos/ncaa/500/245.png,84
300790245,2010,3,2010-03-20,2010-03-20T20:06:00.000000-0400,245,s:40~l:54~t:245,texas-am-aggies,Texas A&M,Aggies,TA&M,Texas A&M Aggies,Texas A&M,5C0025,ffffff,https://a.espncdn.com/i/teamlogos/ncaa/500/245.png,home,84,true,21,2,31,50.0,31,62,0,11,59.4,19,32,32,13,14,11,0,30.0,3,10,48,0,0,0,2502,s:40~l:54~t:2502,portland-state-vikings,Portland State,Vikings,PRST,Portland State Vikings,Portland St,00311e,ebebeb,https://a.espncdn.com/i/teamlogos/ncaa/500/2502.png,53
300790197,2010,3,2010-03-20,2010-03-20T20:11:00.000000-0400,236,s:40~l:54~t:236,chattanooga-mocs,Chattanooga,Mocs,UTC,Chattanooga Mocs,Chattanooga,00386b,dca71d,https://a.espncdn.com/i/teamlogos/ncaa/500/236.png,away,63,false,12,1,30,38.3,23,60,0,17,63.6,7,11,19,10,4,23,0,29.4,10,34,43,0,0,0,197,s:40~l:54~t:197,oklahoma-state-cowgirls,Oklahoma State,Cowgirls,OKST,Oklahoma State Cowgirls,Oklahoma St,ff6500,000000,https://a.espncdn.com/i/teamlogos/ncaa/500/197.png,70
300790197,2010,3,2010-03-20,2010-03-20T20:11:00.000000-0400,197,s:40~l:54~t:197,oklahoma-state-cowgirls,Oklahoma State,Cowgirls,OKST,Oklahoma State Cowgirls,Oklahoma St,ff6500,000000,https://a.espncdn.com/i/teamlogos/ncaa/500/197.png,home,70,true,19,3,23,38.6,27,70,0,14,69.6,16,23,9,13,13,10,0,0.0,0,15,43,0,0,0,236,s:40~l:54~t:236,chattanooga-mocs,Chattanooga,Mocs,UTC,Chattanooga Mocs,Chattanooga,00386b,dca71d,https://a.espncdn.com/i/teamlogos/ncaa/500/236.png,63
300792294,2010,3,2010-03-20,2010-03-20T20:16:00.000000-0400,164,s:40~l:54~t:164,rutgers-scarlet-knights,Rutgers,Scarlet Knights,RUTG,Rutgers Scarlet Knights,Rutgers,d21034,ffffff,https://a.espncdn.com/i/teamlogos/ncaa/500/164.png,away,63,false,13,2,15,44.3,27,61,0,21,50.0,6,12,5,11,10,13,0,30.0,3,10,29,0,0,0,2294,s:40~l:54~t:2294,iowa-hawkeyes,Iowa,Hawkeyes,IOWA,Iowa Hawkeyes,Iowa,000000,fcd116,https://a.espncdn.com/i/teamlogos/ncaa/500/2294.png,70
300792294,2010,3,2010-03-20,2010-03-20T20:16:00.000000-0400,2294,s:40~l:54~t:2294,iowa-hawkeyes,Iowa,Hawkeyes,IOWA,Iowa Hawkeyes,Iowa,000000,fcd116,https://a.espncdn.com/i/teamlogos/ncaa/500/2294.png,home,70,true,12,1,23,43.2,19,44,0,11,78.6,22,28,9,7,4,18,0,43.5,10,23,39,0,0,0,164,s:40~l:54~t:164,rutgers-scarlet-knights,Rutgers,Scarlet Knights,RUTG,Rutgers Scarlet Knights,Rutgers,d21034,ffffff,https://a.espncdn.com/i/teamlogos/ncaa/500/164.png,63
300790046,2010,3,2010-03-20,2010-03-20T20:21:00.000000-0400,2368,s:40~l:54~t:2368,marist-red-foxes,Marist,Red Foxes,MRST,Marist Red Foxes,Marist,e53730,f0f0f0,https://a.espncdn.com/i/teamlogos/ncaa/500/2368.png,away,42,false,9,4,21,21.7,13,60,0,12,64.7,11,17,10,13,3,10,0,19.2,5,26,38,0,0,0,46,s:40~l:54~t:46,georgetown-hoyas,Georgetown,Hoyas,GTWN,Georgetown Hoyas,Georgetown,110E42,001c58,https://a.espncdn.com/i/teamlogos/ncaa/500/46.png,62
300790046,2010,3,2010-03-20,2010-03-20T20:21:00.000000-0400,46,s:40~l:54~t:46,georgetown-hoyas,Georgetown,Hoyas,GTWN,Georgetown Hoyas,Georgetown,110E42,001c58,https://a.espncdn.com/i/teamlogos/ncaa/500/46.png,home,62,true,16,5,29,35.3,24,68,0,18,75.0,6,8,27,17,5,7,0,32.0,8,25,49,0,0,0,2368,s:40~l:54~t:2368,marist-red-foxes,Marist,Red Foxes,MRST,Marist Red Foxes,Marist,e53730,f0f0f0,https://a.espncdn.com/i/teamlogos/ncaa/500/2368.png,42
300792250,2010,3,2010-03-20,2010-03-20T22:34:00.000000-0400,153,s:40~l:54~t:153,north-carolina-tar-heels,North Carolina,Tar Heels,UNC,North Carolina Tar Heels,North Carolina,7bafd4,13294b,https://a.espncdn.com/i/teamlogos/ncaa/500/153.png,away,76,false,15,5,30,38.5,30,78,0,16,66.7,12,18,8,13,12,18,0,22.2,4,18,48,0,0,0,2250,s:40~l:54~t:2250,gonzaga-bulldogs,Gonzaga,Bulldogs,GONZ,Gonzaga Bulldogs,Gonzaga,041e42,c8102e,https://a.espncdn.com/i/teamlogos/ncaa/500/2250.png,82
300792250,2010,3,2010-03-20,2010-03-20T22:34:00.000000-0400,2250,s:40~l:54~t:2250,gonzaga-bulldogs,Gonzaga,Bulldogs,GONZ,Gonzaga Bulldogs,Gonzaga,041e42,c8102e,https://a.espncdn.com/i/teamlogos/ncaa/500/2250.png,home,82,true,23,6,26,48.0,36,75,0,12,50.0,4,8,9,10,11,16,0,35.3,6,17,42,0,0,0,153,s:40~l:54~t:153,north-carolina-tar-heels,North Carolina,Tar Heels,UNC,North Carolina Tar Heels,North Carolina,7bafd4,13294b,https://a.espncdn.com/i/teamlogos/ncaa/500/153.png,76
300790239,2010,3,2010-03-20,2010-03-20T22:40:00.000000-0400,278,s:40~l:54~t:278,fresno-state-bulldogs,Fresno State,Bulldogs,FRES,Fresno State Bulldogs,Fresno St,c41230,231f20,https://a.espncdn.com/i/teamlogos/ncaa/500/278.png,away,55,false,12,1,19,34.4,21,61,0,18,60.0,3,5,2,15,4,18,0,29.4,10,34,36,0,0,0,239,s:40~l:54~t:239,baylor-bears,Baylor,Bears,BAY,Baylor Bears,Baylor,154734,ffb81c,https://a.espncdn.com/i/teamlogos/ncaa/500/239.png,69
300790239,2010,3,2010-03-20,2010-03-20T22:40:00.000000-0400,239,s:40~l:54~t:239,baylor-bears,Baylor,Bears,BAY,Baylor Bears,Baylor,154734,ffb81c,https://a.espncdn.com/i/teamlogos/ncaa/500/239.png,home,69,true,22,2,24,49.1,28,57,0,12,63.2,12,19,18,10,6,12,0,20.0,1,5,37,0,0,0,278,s:40~l:54~t:278,fresno-state-bulldogs,Fresno State,Bulldogs,FRES,Fresno State Bulldogs,Fresno St,c41230,231f20,https://a.espncdn.com/i/teamlogos/ncaa/500/278.png,55
300790061,2010,3,2010-03-20,2010-03-20T22:40:00.000000-0400,2655,s:40~l:54~t:2655,tulane-green-wave,Tulane,Green Wave,TULN,Tulane Green Wave,Tulane,005837,3baf29,https://a.espncdn.com/i/teamlogos/ncaa/500/2655.png,away,59,false,11,3,16,33.3,23,69,0,20,37.5,3,8,3,12,11,11,0,28.6,10,35,34,0,0,0,61,s:40~l:54~t:61,georgia-lady-bulldogs,Georgia,Lady Bulldogs,UGA,Georgia Lady Bulldogs,Georgia,CC0000,000000,https://a.espncdn.com/i/teamlogos/ncaa/500/61.png,64
300790061,2010,3,2010-03-20,2010-03-20T22:40:00.000000-0400,61,s:40~l:54~t:61,georgia-lady-bulldogs,Georgia,Lady Bulldogs,UGA,Georgia Lady Bulldogs,Georgia,CC0000,000000,https://a.espncdn.com/i/teamlogos/ncaa/500/61.png,home,64,true,15,7,31,42.0,21,50,0,12,66.7,16,24,14,13,7,22,0,40.0,6,15,47,0,0,0,2655,s:40~l:54~t:2655,tulane-green-wave,Tulane,Green Wave,TULN,Tulane Green Wave,Tulane,005837,3baf29,https://a.espncdn.com/i/teamlogos/ncaa/500/2655.png,59
300790024,2010,3,2010-03-20,2010-03-20T22:48:00.000000-0400,27,s:40~l:54~t:27,uc-riverside-highlanders,UC Riverside,Highlanders,UCR,UC Riverside Highlanders,UC Riverside,14234F,,https://a.espncdn.com/i/teamlogos/ncaa/500/27.png,away,47,false,9,2,20,38.0,19,50,0,16,30.0,3,10,0,5,1,15,0,27.3,6,22,29,0,0,0,24,s:40~l:54~t:24,stanford-cardinal,Stanford,Cardinal,STAN,Stanford Cardinal,Stanford,8c1515,ffffff,https://a.espncdn.com/i/teamlogos/ncaa/500/24.png,79
300790024,2010,3,2010-03-20,2010-03-20T22:48:00.000000-0400,24,s:40~l:54~t:24,stanford-cardinal,Stanford,Cardinal,STAN,Stanford Cardinal,Stanford,8c1515,ffffff,https://a.espncdn.com/i/teamlogos/ncaa/500/24.png,home,79,true,11,1,28,44.3,27,61,0,11,76.0,19,25,34,16,6,8,0,31.6,6,19,44,0,0,0,27,s:40~l:54~t:27,uc-riverside-highlanders,UC Riverside,Highlanders,UCR,UC Riverside Highlanders,UC Riverside,14234F,,https://a.espncdn.com/i/teamlogos/ncaa/500/27.png,47
300730024,2010,2,2010-03-14,2010-03-14T18:00:00.000000-0400,26,s:40~l:54~t:26,ucla-bruins,UCLA,Bruins,UCLA,UCLA Bruins,UCLA,2774ae,f2a900,https://a.espncdn.com/i/teamlogos/ncaa/500/26.png,away,46,false,7,3,18,33.3,18,54,0,20,57.1,8,14,0,9,7,15,0,14.3,2,14,31,0,0,0,24,s:40~l:54~t:24,stanford-cardinal,Stanford,Cardinal,STAN,Stanford Cardinal,Stanford,8c1515,ffffff,https://a.espncdn.com/i/teamlogos/ncaa/500/24.png,70
300730024,2010,2,2010-03-14,2010-03-14T18:00:00.000000-0400,24,s:40~l:54~t:24,stanford-cardinal,Stanford,Cardinal,STAN,Stanford Cardinal,Stanford,8c1515,ffffff,https://a.espncdn.com/i/teamlogos/ncaa/500/24.png,home,70,true,17,1,29,50.0,25,50,0,12,69.6,16,23,24,7,5,15,0,33.3,4,12,40,0,0,0,26,s:40~l:54~t:26,ucla-bruins,UCLA,Bruins,UCLA,UCLA Bruins,UCLA,2774ae,f2a900,https://a.espncdn.com/i/teamlogos/ncaa/500/26.png,46
300730201,2010,2,2010-03-14,2010-03-14T13:30:00.000000-0400,245,s:40~l:54~t:245,texas-am-aggies,Texas A&M,Aggies,TA&M,Texas A&M Aggies,Texas A&M,5C0025,ffffff,https://a.espncdn.com/i/teamlogos/ncaa/500/245.png,away,74,true,14,4,23,45.0,27,60,0,15,66.7,12,18,8,12,9,16,0,57.1,8,14,37,0,0,0,201,s:40~l:54~t:201,oklahoma-sooners,Oklahoma,Sooners,OU,Oklahoma Sooners,Oklahoma,9d2235,ffffff,https://a.espncdn.com/i/teamlogos/ncaa/500/201.png,67
300730201,2010,2,2010-03-14,2010-03-14T13:30:00.000000-0400,201,s:40~l:54~t:201,oklahoma-sooners,Oklahoma,Sooners,OU,Oklahoma Sooners,Oklahoma,9d2235,ffffff,https://a.espncdn.com/i/teamlogos/ncaa/500/201.png,home,67,false,13,2,25,37.3,25,67,0,17,76.5,13,17,0,17,8,18,0,36.4,4,11,46,0,0,0,245,s:40~l:54~t:245,texas-am-aggies,Texas A&M,Aggies,TA&M,Texas A&M Aggies,Texas A&M,5C0025,ffffff,https://a.espncdn.com/i/teamlogos/ncaa/500/245.png,74
300730295,2010,2,2010-03-14,2010-03-14T12:30:00.000000-0400,256,s:40~l:54~t:256,james-madison-dukes,James Madison,Dukes,JMU,James Madison Dukes,James Madison,450084,cbb778,https://a.espncdn.com/i/teamlogos/ncaa/500/256.png,away,67,true,11,3,28,38.7,24,62,0,14,70.0,14,20,19,14,3,11,0,29.4,5,17,49,0,0,0,295,s:40~l:54~t:295,old-dominion-monarchs,Old Dominion,Monarchs,ODU,Old Dominion Monarchs,Old Dominion,00507d,a1d2f1,https://a.espncdn.com/i/teamlogos/ncaa/500/295.png,53
300730295,2010,2,2010-03-14,2010-03-14T12:30:00.000000-0400,295,s:40~l:54~t:295,old-dominion-monarchs,Old Dominion,Monarchs,ODU,Old Dominion Monarchs,Old Dominion,00507d,a1d2f1,https://a.espncdn.com/i/teamlogos/ncaa/500/295.png,home,53,false,6,0,18,33.9,20,59,0,20,47.1,8,17,3,8,4,12,0,29.4,5,17,34,0,0,0,256,s:40~l:54~t:256,james-madison-dukes,James Madison,Dukes,JMU,James Madison Dukes,James Madison,450084,cbb778,https://a.espncdn.com/i/teamlogos/ncaa/500/256.png,67
300732086,2010,2,2010-03-14,2010-03-14T13:00:00.000000-0400,325,s:40~l:54~t:325,cleveland-state-vikings,Cleveland State,Vikings,CLEV,Cleveland State Vikings,Cleveland St,006633,231f20,https://a.espncdn.com/i/teamlogos/ncaa/500/325.png,away,66,true,17,3,27,45.0,27,60,0,15,62.5,5,8,15,9,7,17,0,53.8,7,13,40,0,0,0,2086,s:40~l:54~t:2086,butler-bulldogs,Butler,Bulldogs,BUT,Butler Bulldogs,Butler,0d1361,00a3e0,https://a.espncdn.com/i/teamlogos/ncaa/500/2086.png,57
300732086,2010,2,2010-03-14,2010-03-14T13:00:00.000000-0400,2086,s:40~l:54~t:2086,butler-bulldogs,Butler,Bulldogs,BUT,Butler Bulldogs,Butler,0d1361,00a3e0,https://a.espncdn.com/i/teamlogos/ncaa/500/2086.png,home,57,false,14,4,20,36.8,21,57,0,13,64.3,9,14,2,10,10,16,0,24.0,6,25,34,0,0,0,325,s:40~l:54~t:325,cleveland-state-vikings,Cleveland State,Vikings,CLEV,Cleveland State Vikings,Cleveland St,006633,231f20,https://a.espncdn.com/i/teamlogos/ncaa/500/325.png,66
300732241,2010,2,2010-03-14,2010-03-14T14:00:00.000000-0400,2335,s:40~l:54~t:2335,liberty-flames,Liberty,Flames,LIB,Liberty Flames,Liberty,071740,a61f21,https://a.espncdn.com/i/teamlogos/ncaa/500/2335.png,away,68,true,9,2,19,59.6,28,47,0,22,68.8,11,16,,11,13,26,0,16.7,1,6,30,0,0,0,2241,s:40~l:54~t:2241,gardner-webb-runnin-bulldogs,Gardner-Webb,Runnin' Bulldogs,GWEB,Gardner-Webb Runnin' Bulldogs,Gardner-Webb,c12535,909090,https://a.espncdn.com/i/teamlogos/ncaa/500/2241.png,66
300732241,2010,2,2010-03-14,2010-03-14T14:00:00.000000-0400,2241,s:40~l:54~t:2241,gardner-webb-runnin-bulldogs,Gardner-Webb,Runnin' Bulldogs,GWEB,Gardner-Webb Runnin' Bulldogs,Gardner-Webb,c12535,909090,https://a.espncdn.com/i/teamlogos/ncaa/500/2241.png,home,66,false,13,2,10,38.6,22,57,0,20,85.7,18,21,,15,11,18,1,22.2,4,18,29,1,0,0,2335,s:40~l:54~t:2335,liberty-flames,Liberty,Flames,LIB,Liberty Flames,Liberty,071740,a61f21,https://a.espncdn.com/i/teamlogos/ncaa/500/2335.png,68
300732341,2010,2,2010-03-14,2010-03-14T15:00:00.000000-0400,2598,s:40~l:54~t:2598,st-francis-pa-red-flash,St. Francis (PA),Red Flash,SFPA,St. Francis (PA) Red Flash,St Francis PA,a20012,,https://a.espncdn.com/i/teamlogos/ncaa/500/2598.png,away,77,true,13,4,30,50.0,30,60,0,17,75.0,12,16,16,8,11,19,0,33.3,5,15,44,0,0,0,2341,s:40~l:54~t:2341,liu-brooklyn-blackbirds,LIU Brooklyn,Blackbirds,LIU,LIU Brooklyn Blackbirds,LIU Brooklyn,000000,f0f0f0,https://a.espncdn.com/i/teamlogos/ncaa/500/2341.png,68
300732341,2010,2,2010-03-14,2010-03-14T15:00:00.000000-0400,2341,s:40~l:54~t:2341,liu-brooklyn-blackbirds,LIU Brooklyn,Blackbirds,LIU,LIU Brooklyn Blackbirds,LIU Brooklyn,000000,f0f0f0,https://a.espncdn.com/i/teamlogos/ncaa/500/2341.png,home,68,false,14,5,19,38.6,27,70,0,14,63.2,12,19,2,14,7,16,0,11.8,2,17,37,0,0,0,2598,s:40~l:54~t:2598,st-francis-pa-red-flash,St. Francis (PA),Red Flash,SFPA,St. Francis (PA) Red Flash,St Francis PA,a20012,,https://a.espncdn.com/i/teamlogos/ncaa/500/2598.png,77
300730156,2010,2,2010-03-14,2010-03-14T15:30:00.000000-0400,2460,s:40~l:54~t:2460,northern-iowa-panthers,Northern Iowa,Panthers,UNI,Northern Iowa Panthers,Northern Iowa,473282,ffffff,https://a.espncdn.com/i/teamlogos/ncaa/500/2460.png,away,54,true,9,2,17,35.3,18,51,0,15,80.0,12,15,5,5,7,10,0,30.0,6,20,27,0,0,0,156,s:40~l:54~t:156,creighton-bluejays,Creighton,Bluejays,CREI,Creighton Bluejays,Creighton,13299e,00235d,https://a.espncdn.com/i/teamlogos/ncaa/500/156.png,53
300730156,2010,2,2010-03-14,2010-03-14T15:30:00.000000-0400,156,s:40~l:54~t:156,creighton-bluejays,Creighton,Bluejays,CREI,Creighton Bluejays,Creighton,13299e,00235d,https://a.espncdn.com/i/teamlogos/ncaa/500/156.png,home,53,false,4,5,22,39.6,19,48,0,18,86.7,13,15,8,8,7,13,0,16.7,2,12,34,0,0,0,2460,s:40~l:54~t:2460,northern-iowa-panthers,Northern Iowa,Panthers,UNI,Northern Iowa Panthers,Northern Iowa,473282,ffffff,https://a.espncdn.com/i/teamlogos/ncaa/500/2460.png,54
300730153,2010,2,2010-03-14,2010-03-14T15:30:00.000000-0400,2428,s:40~l:54~t:2428,north-carolina-central-eagles,North Carolina Central,Eagles,NCCU,North Carolina Central Eagles,NC Central,880023,c2c3c0,https://a.espncdn.com/i/teamlogos/ncaa/500/2428.png,away,66,false,10,3,18,34.9,22,63,0,14,68.2,15,22,2,13,10,25,0,25.9,7,27,35,0,0,0,153,s:40~l:54~t:153,north-carolina-tar-heels,North Carolina,Tar Heels,UNC,North Carolina Tar Heels,North Carolina,7bafd4,13294b,https://a.espncdn.com/i/teamlogos/ncaa/500/153.png,88
300730153,2010,2,2010-03-14,2010-03-14T15:30:00.000000-0400,153,s:40~l:54~t:153,north-carolina-tar-heels,North Carolina,Tar Heels,UNC,North Carolina Tar Heels,North Carolina,7bafd4,13294b,https://a.espncdn.com/i/teamlogos/ncaa/500/153.png,home,88,true,24,3,26,48.7,38,78,0,17,43.8,7,16,29,19,16,20,0,31.3,5,16,46,0,0,0,2428,s:40~l:54~t:2428,north-carolina-central-eagles,North Carolina Central,Eagles,NCCU,North Carolina Central Eagles,NC Central,880023,c2c3c0,https://a.espncdn.com/i/teamlogos/ncaa/500/2428.png,66
300720024,2010,2,2010-03-13,2010-03-13T17:30:00.000000-0500,25,s:40~l:54~t:25,california-golden-bears,California,Golden Bears,CAL,California Golden Bears,California,031522,ffc423,https://a.espncdn.com/i/teamlogos/ncaa/500/25.png,away,44,false,7,4,19,30.8,20,65,0,15,50.0,3,6,0,17,6,12,0,7.1,1,14,39,0,0,0,24,s:40~l:54~t:24,stanford-cardinal,Stanford,Cardinal,STAN,Stanford Cardinal,Stanford,8c1515,ffffff,https://a.espncdn.com/i/teamlogos/ncaa/500/24.png,64
300720024,2010,2,2010-03-13,2010-03-13T17:30:00.000000-0500,24,s:40~l:54~t:24,stanford-cardinal,Stanford,Cardinal,STAN,Stanford Cardinal,Stanford,8c1515,ffffff,https://a.espncdn.com/i/teamlogos/ncaa/500/24.png,home,64,true,20,4,29,42.6,23,54,0,10,68.8,11,16,30,11,9,12,0,50.0,7,14,42,0,0,0,25,s:40~l:54~t:25,california-golden-bears,California,Golden Bears,CAL,California Golden Bears,California,031522,ffc423,https://a.espncdn.com/i/teamlogos/ncaa/500/25.png,44
300720158,2010,2,2010-03-13,2010-03-13T13:00:00.000000-0500,245,s:40~l:54~t:245,texas-am-aggies,Texas A&M,Aggies,TA&M,Texas A&M Aggies,Texas A&M,5C0025,ffffff,https://a.espncdn.com/i/teamlogos/ncaa/500/245.png,away,80,true,18,5,30,53.1,34,64,0,25,77.8,7,9,19,12,8,17,0,41.7,5,12,46,0,0,0,158,s:40~l:54~t:158,nebraska-cornhuskers,Nebraska,Cornhuskers,NEB,Nebraska Cornhuskers,Nebraska,F20017,f5f1e7,https://a.espncdn.com/i/teamlogos/ncaa/500/158.png,70
300720158,2010,2,2010-03-13,2010-03-13T13:00:00.000000-0500,158,s:40~l:54~t:158,nebraska-cornhuskers,Nebraska,Cornhuskers,NEB,Nebraska Cornhuskers,Nebraska,F20017,f5f1e7,https://a.espncdn.com/i/teamlogos/ncaa/500/158.png,home,70,false,15,6,19,37.3,22,59,0,15,59.4,19,32,2,12,10,14,0,35.0,7,20,32,0,0,0,245,s:40~l:54~t:245,texas-am-aggies,Texas A&M,Aggies,TA&M,Texas A&M Aggies,Texas A&M,5C0025,ffffff,https://a.espncdn.com/i/teamlogos/ncaa/500/245.png,80
300720201,2010,2,2010-03-13,2010-03-13T15:30:00.000000-0500,197,s:40~l:54~t:197,oklahoma-state-cowgirls,Oklahoma State,Cowgirls,OKST,Oklahoma State Cowgirls,Oklahoma St,ff6500,000000,https://a.espncdn.com/i/teamlogos/ncaa/500/197.png,away,69,false,5,3,21,39.4,28,71,0,21,70.0,7,10,12,13,7,7,0,27.3,6,22,37,0,0,0,201,s:40~l:54~t:201,oklahoma-sooners,Oklahoma,Sooners,OU,Oklahoma Sooners,Oklahoma,9d2235,ffffff,https://a.espncdn.com/i/teamlogos/ncaa/500/201.png,74
300720201,2010,2,2010-03-13,2010-03-13T15:30:00.000000-0500,201,s:40~l:54~t:201,oklahoma-sooners,Oklahoma,Sooners,OU,Oklahoma Sooners,Oklahoma,9d2235,ffffff,https://a.espncdn.com/i/teamlogos/ncaa/500/201.png,home,74,true,11,4,28,41.8,23,55,0,9,84.6,22,26,6,12,3,13,0,33.3,6,18,42,0,0,0,197,s:40~l:54~t:197,oklahoma-state-cowgirls,Oklahoma State,Cowgirls,OKST,Oklahoma State Cowgirls,Oklahoma St,ff6500,000000,https://a.espncdn.com/i/teamlogos/ncaa/500/197.png,69
300720042,2010,2,2010-03-13,2010-03-13T20:00:00.000000-0500,261,s:40~l:54~t:261,vermont-catamounts,Vermont,Catamounts,UVM,Vermont Catamounts,Vermont,154734,ffc72c,https://a.espncdn.com/i/teamlogos/ncaa/500/261.png,away,55,true,7,3,21,32.2,19,59,0,12,55.0,11,20,18,15,4,5,0,42.9,6,14,43,0,0,0,42,s:40~l:54~t:42,hartford-hawks,Hartford,Hawks,HART,Hartford Hawks,Hartford,d60008,000000,https://a.espncdn.com/i/teamlogos/ncaa/500/42.png,50
300720042,2010,2,2010-03-13,2010-03-13T20:00:00.000000-0500,42,s:40~l:54~t:42,hartford-hawks,Hartford,Hawks,HART,Hartford Hawks,Hartford,d60008,000000,https://a.espncdn.com/i/teamlogos/ncaa/500/42.png,home,50,false,9,11,26,38.3,18,47,0,15,84.6,11,13,3,4,1,11,0,20.0,3,15,34,0,0,0,261,s:40~l:54~t:261,vermont-catamounts,Vermont,Catamounts,UVM,Vermont Catamounts,Vermont,154734,ffc72c,https://a.espncdn.com/i/teamlogos/ncaa/500/261.png,55
300720026,2010,2,2010-03-13,2010-03-13T20:00:00.000000-0500,30,s:40~l:54~t:30,usc-trojans,USC,Trojans,USC,USC Trojans,USC,9e2237,ffcc00,https://a.espncdn.com/i/teamlogos/ncaa/500/30.png,away,53,false,13,2,19,31.7,19,60,0,20,63.6,7,11,2,9,7,12,0,29.6,8,27,33,0,0,0,26,s:40~l:54~t:26,ucla-bruins,UCLA,Bruins,UCLA,UCLA Bruins,UCLA,2774ae,f2a900,https://a.espncdn.com/i/teamlogos/ncaa/500/26.png,59
300720026,2010,2,2010-03-13,2010-03-13T20:00:00.000000-0500,26,s:40~l:54~t:26,ucla-bruins,UCLA,Bruins,UCLA,UCLA Bruins,UCLA,2774ae,f2a900,https://a.espncdn.com/i/teamlogos/ncaa/500/26.png,home,59,true,6,1,27,42.6,20,47,0,14,60.7,17,28,12,9,8,13,0,33.3,2,6,40,0,0,0,30,s:40~l:54~t:30,usc-trojans,USC,Trojans,USC,USC Trojans,USC,9e2237,ffcc00,https://a.espncdn.com/i/teamlogos/ncaa/500/30.png,53
300720189,2010,2,2010-03-13,2010-03-13T13:00:00.000000-0500,2649,s:40~l:54~t:2649,toledo-rockets,Toledo,Rockets,TOL,Toledo Rockets,Toledo,ffffff,ffd51d,https://a.espncdn.com/i/teamlogos/ncaa/500/2649.png,away,53,false,12,4,26,34.4,21,61,0,18,55.6,5,9,10,12,7,17,0,28.6,6,21,40,0,0,0,189,s:40~l:54~t:189,bowling-green-falcons,Bowling Green,Falcons,BGSU,Bowling Green Falcons,Bowling Green,2b1000,492000,https://a.espncdn.com/i/teamlogos/ncaa/500/189.png,62
300720189,2010,2,2010-03-13,2010-03-13T13:00:00.000000-0500,189,s:40~l:54~t:189,bowling-green-falcons,Bowling Green,Falcons,BGSU,Bowling Green Falcons,Bowling Green,2b1000,492000,https://a.espncdn.com/i/teamlogos/ncaa/500/189.png,home,62,true,8,4,26,35.0,21,60,0,16,66.7,16,24,9,14,8,15,0,23.5,4,17,46,0,0,0,2649,s:40~l:54~t:2649,toledo-rockets,Toledo,Rockets,TOL,Toledo Rockets,Toledo,ffffff,ffd51d,https://a.espncdn.com/i/teamlogos/ncaa/500/2649.png,53
300720302,2010,2,2010-03-13,2010-03-13T16:00:00.000000-0500,27,s:40~l:54~t:27,uc-riverside-highlanders,UC Riverside,Highlanders,UCR,UC Riverside Highlanders,UC Riverside,14234F,,https://a.espncdn.com/i/teamlogos/ncaa/500/27.png,away,71,true,21,4,13,58.1,25,43,0,26,100.0,10,10,12,6,7,21,0,55.0,11,20,23,0,0,0,302,s:40~l:54~t:302,uc-davis-aggies,UC Davis,Aggies,UCD,UC Davis Aggies,UC Davis,002855,c3c4c6,https://a.espncdn.com/i/teamlogos/ncaa/500/302.png,67
300720302,2010,2,2010-03-13,2010-03-13T16:00:00.000000-0500,302,s:40~l:54~t:302,uc-davis-aggies,UC Davis,Aggies,UCD,UC Davis Aggies,UC Davis,002855,c3c4c6,https://a.espncdn.com/i/teamlogos/ncaa/500/302.png,home,67,false,9,0,9,47.4,18,38,0,14,82.4,28,34,8,4,6,15,0,37.5,3,8,19,0,0,0,27,s:40~l:54~t:27,uc-riverside-highlanders,UC Riverside,Highlanders,UCR,UC Riverside Highlanders,UC Riverside,14234F,,https://a.espncdn.com/i/teamlogos/ncaa/500/27.png,71
300720278,2010,2,2010-03-13,2010-03-13T16:00:00.000000-0500,2348,s:40~l:54~t:2348,louisiana-tech-lady-techsters,Louisiana Tech,Lady Techsters,LT,Louisiana Tech Lady Techsters,Louisiana Tech,002d65,d3313a,https://a.espncdn.com/i/teamlogos/ncaa/500/2348.png,away,68,true,20,2,35,46.7,28,60,0,14,50.0,6,12,10,13,3,17,0,40.0,6,15,49,0,0,0,278,s:40~l:54~t:278,fresno-state-bulldogs,Fresno State,Bulldogs,FRES,Fresno State Bulldogs,Fresno St,c41230,231f20,https://a.espncdn.com/i/teamlogos/ncaa/500/278.png,66
300720278,2010,2,2010-03-13,2010-03-13T16:00:00.000000-0500,278,s:40~l:54~t:278,fresno-state-bulldogs,Fresno State,Bulldogs,FRES,Fresno State Bulldogs,Fresno St,c41230,231f20,https://a.espncdn.com/i/teamlogos/ncaa/500/278.png,home,66,false,14,3,22,33.8,24,71,0,18,83.3,10,12,5,11,8,8,0,28.6,8,28,35,0,0,0,2348,s:40~l:54~t:2348,louisiana-tech-lady-techsters,Louisiana Tech,Lady Techsters,LT,Louisiana Tech Lady Techsters,Louisiana Tech,002d65,d3313a,https://a.espncdn.com/i/teamlogos/ncaa/500/2348.png,68
300720021,2010,2,2010-03-13,2010-03-13T16:00:00.000000-0500,254,s:40~l:54~t:254,utah-utes,Utah,Utes,UTAH,Utah Utes,Utah,890012,7e8083,https://a.espncdn.com/i/teamlogos/ncaa/500/254.png,away,60,false,10,2,15,39.3,22,56,0,11,91.7,11,12,8,14,5,18,0,38.5,5,13,32,0,0,0,21,s:40~l:54~t:21,san-diego-state-aztecs,San Diego State,Aztecs,SDSU,San Diego State Aztecs,San Diego St,BF2C37,a8996e,https://a.espncdn.com/i/teamlogos/ncaa/500/21.png,70
300720021,2010,2,2010-03-13,2010-03-13T16:00:00.000000-0500,21,s:40~l:54~t:21,san-diego-state-aztecs,San Diego State,Aztecs,SDSU,San Diego State Aztecs,San Diego St,BF2C37,a8996e,https://a.espncdn.com/i/teamlogos/ncaa/500/21.png,home,70,true,18,3,16,54.5,30,55,0,14,70.0,7,10,10,8,11,13,0,30.0,3,10,25,0,0,0,254,s:40~l:54~t:254,utah-utes,Utah,Utes,UTAH,Utah Utes,Utah,890012,7e8083,https://a.espncdn.com/i/teamlogos/ncaa/500/254.png,60
300722582,2010,2,2010-03-13,2010-03-13T18:00:00.000000-0500,2011,s:40~l:54~t:2011,alabama-state-lady-hornets,Alabama State,Lady Hornets,ALST,Alabama State Lady Hornets,Alabama St,e9a900,0a0a0a,https://a.espncdn.com/i/teamlogos/ncaa/500/2011.png,away,47,false,8,4,22,30.2,16,53,0,22,62.5,10,16,2,9,5,11,0,31.3,5,16,35,0,0,0,2582,s:40~l:54~t:2582,southern-jaguars,Southern,Jaguars,SOU,Southern Jaguars,Southern,004B97,ffc82d,https://a.espncdn.com/i/teamlogos/ncaa/500/2582.png,60
300722582,2010,2,2010-03-13,2010-03-13T18:00:00.000000-0500,2582,s:40~l:54~t:2582,southern-jaguars,Southern,Jaguars,SOU,Southern Jaguars,Southern,004B97,ffc82d,https://a.espncdn.com/i/teamlogos/ncaa/500/2582.png,home,60,true,8,6,27,34.6,18,52,0,18,68.0,17,25,21,11,3,10,0,38.9,7,18,41,0,0,0,2011,s:40~l:54~t:2011,alabama-state-lady-hornets,Alabama State,Lady Hornets,ALST,Alabama State Lady Hornets,Alabama St,e9a900,0a0a0a,https://a.espncdn.com/i/teamlogos/ncaa/500/2011.png,47
300722502,2010,2,2010-03-13,2010-03-13T18:00:00.000000-0500,147,s:40~l:54~t:147,montana-state-bobcats,Montana State,Bobcats,MTST,Montana State Bobcats,Montana St,00205c,bc955c,https://a.espncdn.com/i/teamlogos/ncaa/500/147.png,away,58,false,12,4,32,40.0,22,55,0,9,58.3,7,12,3,9,5,20,0,36.8,7,19,46,0,0,0,2502,s:40~l:54~t:2502,portland-state-vikings,Portland State,Vikings,PRST,Portland State Vikings,Portland St,00311e,ebebeb,https://a.espncdn.com/i/teamlogos/ncaa/500/2502.png,62
300722502,2010,2,2010-03-13,2010-03-13T18:00:00.000000-0500,2502,s:40~l:54~t:2502,portland-state-vikings,Portland State,Vikings,PRST,Portland State Vikings,Portland St,00311e,ebebeb,https://a.espncdn.com/i/teamlogos/ncaa/500/2502.png,home,62,true,10,3,23,33.3,22,66,0,10,70.0,7,10,8,8,13,9,0,36.7,11,30,35,0,0,0,147,s:40~l:54~t:147,montana-state-bobcats,Montana State,Bobcats,MTST,Montana State Bobcats,Montana St,00205c,bc955c,https://a.espncdn.com/i/teamlogos/ncaa/500/147.png,58
300722329,2010,2,2010-03-13,2010-03-13T18:00:00.000000-0500,44,s:40~l:54~t:44,american-university-eagles,American University,Eagles,AMER,American University Eagles,American,c41130,c8102e,https://a.espncdn.com/i/teamlogos/ncaa/500/44.png,away,42,false,8,6,18,22.4,13,58,0,12,58.3,14,24,1,19,12,10,0,9.5,2,21,40,0,0,0,2329,s:40~l:54~t:2329,lehigh-mountain-hawks,Lehigh,Mountain Hawks,LEH,Lehigh Mountain Hawks,Lehigh,6c2b2a,b69e70,https://a.espncdn.com/i/teamlogos/ncaa/500/2329.png,58
300722329,2010,2,2010-03-13,2010-03-13T18:00:00.000000-0500,2329,s:40~l:54~t:2329,lehigh-mountain-hawks,Lehigh,Mountain Hawks,LEH,Lehigh Mountain Hawks,Lehigh,6c2b2a,b69e70,https://a.espncdn.com/i/teamlogos/ncaa/500/2329.png,home,58,true,12,8,25,39.7,23,58,0,16,62.5,5,8,19,13,3,18,0,38.9,7,18,49,0,0,0,44,s:40~l:54~t:44,american-university-eagles,American University,Eagles,AMER,American University Eagles,American,c41130,c8102e,https://a.espncdn.com/i/teamlogos/ncaa/500/44.png,42
300710024,2010,2,2010-03-12,2010-03-12T16:25:00.000000-0500,12,s:40~l:54~t:12,arizona-wildcats,Arizona,Wildcats,ARIZ,Arizona Wildcats,Arizona,0c234b,ab0520,https://a.espncdn.com/i/teamlogos/ncaa/500/12.png,away,52,false,4,3,24,31.0,18,58,0,16,66.7,12,18,3,6,6,15,0,28.6,4,14,36,0,0,0,24,s:40~l:54~t:24,stanford-cardinal,Stanford,Cardinal,STAN,Stanford Cardinal,Stanford,8c1515,ffffff,https://a.espncdn.com/i/teamlogos/ncaa/500/24.png,72
300710024,2010,2,2010-03-12,2010-03-12T16:25:00.000000-0500,24,s:40~l:54~t:24,stanford-cardinal,Stanford,Cardinal,STAN,Stanford Cardinal,Stanford,8c1515,ffffff,https://a.espncdn.com/i/teamlogos/ncaa/500/24.png,home,72,true,16,4,30,38.7,24,62,0,16,85.0,17,20,20,10,5,13,0,29.2,7,24,45,0,0,0,12,s:40~l:54~t:12,arizona-wildcats,Arizona,Wildcats,ARIZ,Arizona Wildcats,Arizona,0c234b,ab0520,https://a.espncdn.com/i/teamlogos/ncaa/500/12.png,52
300710158,2010,2,2010-03-12,2010-03-12T12:00:00.000000-0500,2306,s:40~l:54~t:2306,kansas-state-wildcats,Kansas State,Wildcats,KSU,Kansas State Wildcats,Kansas St,633194,e7d2ad,https://a.espncdn.com/i/teamlogos/ncaa/500/2306.png,away,46,false,5,0,26,34.6,18,52,0,17,55.6,5,9,0,7,4,22,0,33.3,5,15,39,0,0,0,158,s:40~l:54~t:158,nebraska-cornhuskers,Nebraska,Cornhuskers,NEB,Nebraska Cornhuskers,Nebraska,F20017,f5f1e7,https://a.espncdn.com/i/teamlogos/ncaa/500/158.png,63
300710158,2010,2,2010-03-12,2010-03-12T12:00:00.000000-0500,158,s:40~l:54~t:158,nebraska-cornhuskers,Nebraska,Cornhuskers,NEB,Nebraska Cornhuskers,Nebraska,F20017,f5f1e7,https://a.espncdn.com/i/teamlogos/ncaa/500/158.png,home,63,true,8,2,25,36.5,23,63,0,11,84.2,16,19,21,13,6,12,0,4.8,1,21,40,0,0,0,2306,s:40~l:54~t:2306,kansas-state-wildcats,Kansas State,Wildcats,KSU,Kansas State Wildcats,Kansas St,633194,e7d2ad,https://a.espncdn.com/i/teamlogos/ncaa/500/2306.png,46
300710201,2010,2,2010-03-12,2010-03-12T20:30:00.000000-0500,239,s:40~l:54~t:239,baylor-bears,Baylor,Bears,BAY,Baylor Bears,Baylor,154734,ffb81c,https://a.espncdn.com/i/teamlogos/ncaa/500/239.png,away,54,false,13,10,27,35.7,20,56,0,13,76.5,13,17,5,9,3,10,0,12.5,1,8,39,0,0,0,201,s:40~l:54~t:201,oklahoma-sooners,Oklahoma,Sooners,OU,Oklahoma Sooners,Oklahoma,9d2235,ffffff,https://a.espncdn.com/i/teamlogos/ncaa/500/201.png,59
300710201,2010,2,2010-03-12,2010-03-12T20:30:00.000000-0500,201,s:40~l:54~t:201,oklahoma-sooners,Oklahoma,Sooners,OU,Oklahoma Sooners,Oklahoma,9d2235,ffffff,https://a.espncdn.com/i/teamlogos/ncaa/500/201.png,home,59,true,10,2,27,38.1,24,63,0,15,69.2,9,13,5,11,6,7,0,20.0,2,10,40,0,0,0,239,s:40~l:54~t:239,baylor-bears,Baylor,Bears,BAY,Baylor Bears,Baylor,154734,ffb81c,https://a.espncdn.com/i/teamlogos/ncaa/500/239.png,54
300710066,2010,2,2010-03-12,2010-03-12T18:00:00.000000-0500,197,s:40~l:54~t:197,oklahoma-state-cowgirls,Oklahoma State,Cowgirls,OKST,Oklahoma State Cowgirls,Oklahoma St,ff6500,000000,https://a.espncdn.com/i/teamlogos/ncaa/500/197.png,away,62,true,3,4,21,35.3,24,68,0,19,81.8,9,11,15,13,7,8,0,27.8,5,18,40,0,0,0,66,s:40~l:54~t:66,iowa-state-cyclones,Iowa State,Cyclones,ISU,Iowa State Cyclones,Iowa State,822433,fdca2f,https://a.espncdn.com/i/teamlogos/ncaa/500/66.png,59
300710066,2010,2,2010-03-12,2010-03-12T18:00:00.000000-0500,66,s:40~l:54~t:66,iowa-state-cyclones,Iowa State,Cyclones,ISU,Iowa State Cyclones,Iowa State,822433,fdca2f,https://a.espncdn.com/i/teamlogos/ncaa/500/66.png,home,59,false,12,1,25,33.3,17,51,0,15,85.0,17,20,6,9,1,18,0,26.7,8,30,38,0,0,0,197,s:40~l:54~t:197,oklahoma-state-cowgirls,Oklahoma State,Cowgirls,OKST,Oklahoma State Cowgirls,Oklahoma St,ff6500,000000,https://a.espncdn.com/i/teamlogos/ncaa/500/197.png,62
300710026,2010,2,2010-03-12,2010-03-12T22:15:00.000000-0500,204,s:40~l:54~t:204,oregon-state-beavers,Oregon State,Beavers,ORST,Oregon State Beavers,Oregon St,d73f09,000000,https://a.espncdn.com/i/teamlogos/ncaa/500/204.png,away,44,false,8,5,13,40.0,14,35,0,17,66.7,12,18,0,5,8,33,0,33.3,4,12,24,0,0,0,26,s:40~l:54~t:26,ucla-bruins,UCLA,Bruins,UCLA,UCLA Bruins,UCLA,2774ae,f2a900,https://a.espncdn.com/i/teamlogos/ncaa/500/26.png,60
300710026,2010,2,2010-03-12,2010-03-12T22:15:00.000000-0500,26,s:40~l:54~t:26,ucla-bruins,UCLA,Bruins,UCLA,UCLA Bruins,UCLA,2774ae,f2a900,https://a.espncdn.com/i/teamlogos/ncaa/500/26.png,home,60,true,17,0,14,43.4,23,53,0,19,64.3,9,14,24,14,21,23,0,45.5,5,11,33,0,0,0,204,s:40~l:54~t:204,oregon-state-beavers,Oregon State,Beavers,ORST,Oregon State Beavers,Oregon St,d73f09,000000,https://a.espncdn.com/i/teamlogos/ncaa/500/204.png,44
300712655,2010,2,2010-03-12,2010-03-12T13:30:00.000000-0500,5,s:40~l:54~t:5,uab-blazers,UAB,Blazers,UAB,UAB Blazers,UAB,054338,ffc845,https://a.espncdn.com/i/teamlogos/ncaa/500/5.png,away,54,false,10,0,26,35.6,21,59,0,22,61.1,11,18,0,7,8,15,1,8.3,1,12,38,1,0,0,2655,s:40~l:54~t:2655,tulane-green-wave,Tulane,Green Wave,TULN,Tulane Green Wave,Tulane,005837,3baf29,https://a.espncdn.com/i/teamlogos/ncaa/500/2655.png,62
300712655,2010,2,2010-03-12,2010-03-12T13:30:00.000000-0500,2655,s:40~l:54~t:2655,tulane-green-wave,Tulane,Green Wave,TULN,Tulane Green Wave,Tulane,005837,3baf29,https://a.espncdn.com/i/teamlogos/ncaa/500/2655.png,home,62,true,11,0,29,41.1,23,56,0,20,46.7,14,30,20,9,8,15,0,25.0,2,8,45,0,0,0,5,s:40~l:54~t:5,uab-blazers,UAB,Blazers,UAB,UAB Blazers,UAB,054338,ffc845,https://a.espncdn.com/i/teamlogos/ncaa/500/5.png,54
300710025,2010,2,2010-03-12,2010-03-12T14:00:00.000000-0500,9,s:40~l:54~t:9,arizona-state-sun-devils,Arizona State,Sun Devils,ASU,Arizona State Sun Devils,Arizona State,942139,f1f2f3,https://a.espncdn.com/i/teamlogos/ncaa/500/9.png,away,50,false,12,6,16,29.8,17,57,0,24,84.6,11,13,7,10,9,18,0,41.7,5,12,29,0,0,0,25,s:40~l:54~t:25,california-golden-bears,California,Golden Bears,CAL,California Golden Bears,California,031522,ffc423,https://a.espncdn.com/i/teamlogos/ncaa/500/25.png,60
300710025,2010,2,2010-03-12,2010-03-12T14:00:00.000000-0500,25,s:40~l:54~t:25,california-golden-bears,California,Golden Bears,CAL,California Golden Bears,California,031522,ffc423,https://a.espncdn.com/i/teamlogos/ncaa/500/25.png,home,60,true,15,5,24,43.1,22,51,0,16,71.4,15,21,12,12,11,18,0,20.0,1,5,41,0,0,0,9,s:40~l:54~t:9,arizona-state-sun-devils,Arizona State,Sun Devils,ASU,Arizona State Sun Devils,Arizona State,942139,f1f2f3,https://a.espncdn.com/i/teamlogos/ncaa/500/9.png,50
300710030,2010,2,2010-03-12,2010-03-12T20:00:00.000000-0500,2483,s:40~l:54~t:2483,oregon-ducks,Oregon,Ducks,ORE,Oregon Ducks,Oregon,044520,fee123,https://a.espncdn.com/i/teamlogos/ncaa/500/2483.png,away,76,false,16,4,22,42.6,26,61,0,14,83.3,15,18,5,7,7,17,0,52.9,9,17,35,0,0,0,30,s:40~l:54~t:30,usc-trojans,USC,Trojans,USC,USC Trojans,USC,9e2237,ffcc00,https://a.espncdn.com/i/teamlogos/ncaa/500/30.png,80
300710030,2010,2,2010-03-12,2010-03-12T20:00:00.000000-0500,30,s:40~l:54~t:30,usc-trojans,USC,Trojans,USC,USC Trojans,USC,9e2237,ffcc00,https://a.espncdn.com/i/teamlogos/ncaa/500/30.png,home,80,true,18,7,23,40.8,31,76,0,13,76.5,13,17,7,22,9,16,0,25.0,5,20,48,0,0,0,2483,s:40~l:54~t:2483,oregon-ducks,Oregon,Ducks,ORE,Oregon Ducks,Oregon,044520,fee123,https://a.espncdn.com/i/teamlogos/ncaa/500/2483.png,76
300712320,2010,2,2010-03-12,2010-03-12T20:05:00.000000-0500,357,s:40~l:54~t:357,texas-am-corpus-christi-islanders,Texas A&M-Corpus Christi,Islanders,AMCC,Texas A&M-Corpus Christi Islanders,Texas A&M-CC,00639c,008752,https://a.espncdn.com/i/teamlogos/ncaa/500/357.png,away,59,false,11,1,21,30.0,21,70,0,19,77.8,14,18,5,24,10,22,0,14.3,3,21,48,0,0,0,2320,s:40~l:54~t:2320,lamar-cardinals,Lamar,Cardinals,LAM,Lamar Cardinals,Lamar,000000,ebebeb,https://a.espncdn.com/i/teamlogos/ncaa/500/2320.png,86
300712320,2010,2,2010-03-12,2010-03-12T20:05:00.000000-0500,2320,s:40~l:54~t:2320,lamar-cardinals,Lamar,Cardinals,LAM,Lamar Cardinals,Lamar,000000,ebebeb,https://a.espncdn.com/i/teamlogos/ncaa/500/2320.png,home,86,true,22,3,26,48.4,31,64,0,15,73.7,14,19,27,11,12,15,0,47.6,10,21,41,0,0,0,357,s:40~l:54~t:357,texas-am-corpus-christi-islanders,Texas A&M-Corpus Christi,Islanders,AMCC,Texas A&M-Corpus Christi Islanders,Texas A&M-CC,00639c,008752,https://a.espncdn.com/i/teamlogos/ncaa/500/357.png,59
300700251,2010,2,2010-03-11,2010-03-11T14:30:00.000000-0500,142,s:40~l:54~t:142,missouri-tigers,Missouri,Tigers,MIZ,Missouri Tigers,Missouri,f1b82d,000000,https://a.espncdn.com/i/teamlogos/ncaa/500/142.png,away,59,false,17,5,18,32.4,22,68,0,17,72.7,8,11,1,13,7,9,0,31.8,7,22,36,0,0,0,251,s:40~l:54~t:251,texas-longhorns,Texas,Longhorns,TEX,Texas Longhorns,Texas,c15d26,ffffff,https://a.espncdn.com/i/teamlogos/ncaa/500/251.png,64
300700251,2010,2,2010-03-11,2010-03-11T14:30:00.000000-0500,251,s:40~l:54~t:251,texas-longhorns,Texas,Longhorns,TEX,Texas Longhorns,Texas,c15d26,ffffff,https://a.espncdn.com/i/teamlogos/ncaa/500/251.png,home,64,true,11,7,31,45.1,23,51,0,12,60.0,12,20,12,8,5,19,0,42.9,6,14,42,0,0,0,142,s:40~l:54~t:142,missouri-tigers,Missouri,Tigers,MIZ,Missouri Tigers,Missouri,f1b82d,000000,https://a.espncdn.com/i/teamlogos/ncaa/500/142.png,59
300700239,2010,2,2010-03-11,2010-03-11T20:45:00.000000-0500,38,s:40~l:54~t:38,colorado-buffaloes,Colorado,Buffaloes,COLO,Colorado Buffaloes,Colorado,000000,cfb87c,https://a.espncdn.com/i/teamlogos/ncaa/500/38.png,away,65,false,13,4,20,41.1,23,56,0,16,83.3,10,12,8,8,8,18,0,37.5,9,24,32,0,0,0,239,s:40~l:54~t:239,baylor-bears,Baylor,Bears,BAY,Baylor Bears,Baylor,154734,ffb81c,https://a.espncdn.com/i/teamlogos/ncaa/500/239.png,72
300700239,2010,2,2010-03-11,2010-03-11T20:45:00.000000-0500,239,s:40~l:54~t:239,baylor-bears,Baylor,Bears,BAY,Baylor Bears,Baylor,154734,ffb81c,https://a.espncdn.com/i/teamlogos/ncaa/500/239.png,home,72,true,14,2,23,49.1,26,53,0,16,59.1,13,22,7,9,7,16,0,36.8,7,19,35,0,0,0,38,s:40~l:54~t:38,colorado-buffaloes,Colorado,Buffaloes,COLO,Colorado Buffaloes,Colorado,000000,cfb87c,https://a.espncdn.com/i/teamlogos/ncaa/500/38.png,65
300700197,2010,2,2010-03-11,2010-03-11T18:00:00.000000-0500,2305,s:40~l:54~t:2305,kansas-jayhawks,Kansas,Jayhawks,KU,Kansas Jayhawks,Kansas,0051ba,e8000d,https://a.espncdn.com/i/teamlogos/ncaa/500/2305.png,away,69,false,15,3,32,38.1,24,63,0,21,65.4,17,26,2,12,3,14,0,28.6,4,14,47,0,0,0,197,s:40~l:54~t:197,oklahoma-state-cowgirls,Oklahoma State,Cowgirls,OKST,Oklahoma State Cowgirls,Oklahoma St,ff6500,000000,https://a.espncdn.com/i/teamlogos/ncaa/500/197.png,76
300700197,2010,2,2010-03-11,2010-03-11T18:00:00.000000-0500,197,s:40~l:54~t:197,oklahoma-state-cowgirls,Oklahoma State,Cowgirls,OKST,Oklahoma State Cowgirls,Oklahoma St,ff6500,000000,https://a.espncdn.com/i/teamlogos/ncaa/500/197.png,home,76,true,8,4,28,36.4,24,66,0,20,63.6,21,33,10,12,10,6,0,35.0,7,20,47,0,0,0,2305,s:40~l:54~t:2305,kansas-jayhawks,Kansas,Jayhawks,KU,Kansas Jayhawks,Kansas,0051ba,e8000d,https://a.espncdn.com/i/teamlogos/ncaa/500/2305.png,69
300700012,2010,2,2010-03-11,2010-03-11T21:00:00.000000-0500,265,s:40~l:54~t:265,washington-state-cougars,Washington State,Cougars,WSU,Washington State Cougars,Washington St,94022a,6a747c,https://a.espncdn.com/i/teamlogos/ncaa/500/265.png,away,60,false,10,2,20,35.4,23,65,0,12,62.5,5,8,1,8,10,20,0,33.3,9,27,33,0,0,0,12,s:40~l:54~t:12,arizona-wildcats,Arizona,Wildcats,ARIZ,Arizona Wildcats,Arizona,0c234b,ab0520,https://a.espncdn.com/i/teamlogos/ncaa/500/12.png,62
300700012,2010,2,2010-03-11,2010-03-11T21:00:00.000000-0500,12,s:40~l:54~t:12,arizona-wildcats,Arizona,Wildcats,ARIZ,Arizona Wildcats,Arizona,0c234b,ab0520,https://a.espncdn.com/i/teamlogos/ncaa/500/12.png,home,62,true,14,2,30,43.5,27,62,0,10,71.4,5,7,14,11,10,23,0,21.4,3,14,43,0,0,0,265,s:40~l:54~t:265,washington-state-cougars,Washington State,Cougars,WSU,Washington State Cougars,Washington St,94022a,6a747c,https://a.espncdn.com/i/teamlogos/ncaa/500/265.png,60
300680041,2010,2,2010-03-09,2010-03-09T19:00:00.000000-0500,277,s:40~l:54~t:277,west-virginia-mountaineers,West Virginia,Mountaineers,WVU,West Virginia Mountaineers,West Virginia,FFC600,eaaa00,https://a.espncdn.com/i/teamlogos/ncaa/500/277.png,away,32,false,5,3,15,24.1,14,58,0,15,40.0,2,5,1,7,8,11,0,18.2,2,11,26,0,0,0,41,s:40~l:54~t:41,uconn-huskies,UConn,Huskies,CONN,UConn Huskies,UConn,0c2340,f1f2f3,https://a.espncdn.com/i/teamlogos/ncaa/500/41.png,60
300680041,2010,2,2010-03-09,2010-03-09T19:00:00.000000-0500,41,s:40~l:54~t:41,uconn-huskies,UConn,Huskies,CONN,UConn Huskies,UConn,0c2340,f1f2f3,https://a.espncdn.com/i/teamlogos/ncaa/500/41.png,home,60,true,12,5,32,41.8,23,55,0,8,75.0,12,16,30,17,5,15,0,22.2,2,9,54,0,0,0,277,s:40~l:54~t:277,west-virginia-mountaineers,West Virginia,Mountaineers,WVU,West Virginia Mountaineers,West Virginia,FFC600,eaaa00,https://a.espncdn.com/i/teamlogos/ncaa/500/277.png,32
300682031,2010,2,2010-03-09,2010-03-09T14:00:00.000000-0500,2393,s:40~l:54~t:2393,middle-tennessee-blue-raiders,Middle Tennessee,Blue Raiders,MTSU,Middle Tennessee Blue Raiders,MTSU,006db6,ffffff,https://a.espncdn.com/i/teamlogos/ncaa/500/2393.png,away,70,true,19,2,24,41.8,23,55,0,17,90.0,18,20,7,7,5,13,0,27.3,6,22,37,0,0,0,2031,s:40~l:54~t:2031,little-rock-trojans,Little Rock,Trojans,LR,Little Rock Trojans,Little Rock,AD0000,898d8f,https://a.espncdn.com/i/teamlogos/ncaa/500/2031.png,68
300682031,2010,2,2010-03-09,2010-03-09T14:00:00.000000-0500,2031,s:40~l:54~t:2031,little-rock-trojans,Little Rock,Trojans,LR,Little Rock Trojans,Little Rock,AD0000,898d8f,https://a.espncdn.com/i/teamlogos/ncaa/500/2031.png,home,68,false,16,1,23,42.9,27,63,0,20,46.2,6,13,10,12,6,14,0,66.7,8,12,37,0,0,0,2393,s:40~l:54~t:2393,middle-tennessee-blue-raiders,Middle Tennessee,Blue Raiders,MTSU,Middle Tennessee Blue Raiders,MTSU,006db6,ffffff,https://a.espncdn.com/i/teamlogos/ncaa/500/2393.png,70
300680198,2010,2,2010-03-09,2010-03-09T16:00:00.000000-0500,2571,s:40~l:54~t:2571,south-dakota-state-jackrabbits,South Dakota State,Jackrabbits,SDST,South Dakota State Jackrabbits,S Dakota St,0033a0,ffd100,https://a.espncdn.com/i/teamlogos/ncaa/500/2571.png,away,79,true,21,5,23,42.6,26,61,0,18,73.7,14,19,10,13,10,26,0,34.2,13,38,41,0,0,0,198,s:40~l:54~t:198,oral-roberts-golden-eagles,Oral Roberts,Golden Eagles,ORU,Oral Roberts Golden Eagles,Oral Roberts,002462,dac792,https://a.espncdn.com/i/teamlogos/ncaa/500/198.png,75
300680198,2010,2,2010-03-09,2010-03-09T16:00:00.000000-0500,198,s:40~l:54~t:198,oral-roberts-golden-eagles,Oral Roberts,Golden Eagles,ORU,Oral Roberts Golden Eagles,Oral Roberts,002462,dac792,https://a.espncdn.com/i/teamlogos/ncaa/500/198.png,home,75,false,9,0,23,38.7,24,62,0,22,88.9,16,18,6,9,18,23,0,44.0,11,25,36,0,0,0,2571,s:40~l:54~t:2571,south-dakota-state-jackrabbits,South Dakota State,Jackrabbits,SDST,South Dakota State Jackrabbits,S Dakota St,0033a0,ffd100,https://a.espncdn.com/i/teamlogos/ncaa/500/2571.png,79
300670041,2010,2,2010-03-08,2010-03-08T18:00:00.000000-0500,87,s:40~l:54~t:87,notre-dame-fighting-irish,Notre Dame,Fighting Irish,ND,Notre Dame Fighting Irish,Notre Dame,0c2340,c99700,https://a.espncdn.com/i/teamlogos/ncaa/500/87.png,away,44,false,6,1,19,31.3,20,64,0,16,100.0,2,2,2,10,8,11,0,14.3,2,14,34,0,0,0,41,s:40~l:54~t:41,uconn-huskies,UConn,Huskies,CONN,UConn Huskies,UConn,0c2340,f1f2f3,https://a.espncdn.com/i/teamlogos/ncaa/500/41.png,59
300670041,2010,2,2010-03-08,2010-03-08T18:00:00.000000-0500,41,s:40~l:54~t:41,uconn-huskies,UConn,Huskies,CONN,UConn Huskies,UConn,0c2340,f1f2f3,https://a.espncdn.com/i/teamlogos/ncaa/500/41.png,home,59,true,16,7,31,45.5,25,55,0,8,30.0,3,10,15,12,5,17,0,31.6,6,19,44,0,0,0,87,s:40~l:54~t:87,notre-dame-fighting-irish,Notre Dame,Fighting Irish,ND,Notre Dame Fighting Irish,Notre Dame,0c2340,c99700,https://a.espncdn.com/i/teamlogos/ncaa/500/87.png,44
300672752,2010,2,2010-03-08,2010-03-08T17:00:00.000000-0500,218,s:40~l:54~t:218,temple-owls,Temple,Owls,TEM,Temple Owls,Temple,A80532,a7a9ac,https://a.espncdn.com/i/teamlogos/ncaa/500/218.png,away,55,false,12,3,27,30.8,20,65,0,10,87.5,7,8,2,11,10,11,0,32.0,8,25,42,0,0,0,2752,s:40~l:54~t:2752,xavier-musketeers,Xavier,Musketeers,XAV,Xavier Musketeers,Xavier,002144,9ea2a2,https://a.espncdn.com/i/teamlogos/ncaa/500/2752.png,57
300672752,2010,2,2010-03-08,2010-03-08T17:00:00.000000-0500,2752,s:40~l:54~t:2752,xavier-musketeers,Xavier,Musketeers,XAV,Xavier Musketeers,Xavier,002144,9ea2a2,https://a.espncdn.com/i/teamlogos/ncaa/500/2752.png,home,57,true,15,7,30,37.3,22,59,0,11,41.7,5,12,14,10,3,17,0,33.3,8,24,43,0,0,0,218,s:40~l:54~t:218,temple-owls,Temple,Owls,TEM,Temple Owls,Temple,A80532,a7a9ac,https://a.espncdn.com/i/teamlogos/ncaa/500/218.png,55
300670277,2010,2,2010-03-08,2010-03-08T20:00:00.000000-0500,164,s:40~l:54~t:164,rutgers-scarlet-knights,Rutgers,Scarlet Knights,RUTG,Rutgers Scarlet Knights,Rutgers,d21034,ffffff,https://a.espncdn.com/i/teamlogos/ncaa/500/164.png,away,49,false,9,5,23,36.7,18,49,0,18,75.0,12,16,2,6,7,16,0,11.1,1,9,34,0,0,0,277,s:40~l:54~t:277,west-virginia-mountaineers,West Virginia,Mountaineers,WVU,West Virginia Mountaineers,West Virginia,FFC600,eaaa00,https://a.espncdn.com/i/teamlogos/ncaa/500/277.png,56
300670277,2010,2,2010-03-08,2010-03-08T20:00:00.000000-0500,277,s:40~l:54~t:277,west-virginia-mountaineers,West Virginia,Mountaineers,WVU,West Virginia Mountaineers,West Virginia,FFC600,eaaa00,https://a.espncdn.com/i/teamlogos/ncaa/500/277.png,home,56,true,5,8,19,36.4,20,55,0,16,66.7,12,18,12,13,6,15,0,26.7,4,15,37,0,0,0,164,s:40~l:54~t:164,rutgers-scarlet-knights,Rutgers,Scarlet Knights,RUTG,Rutgers Scarlet Knights,Rutgers,d21034,ffffff,https://a.espncdn.com/i/teamlogos/ncaa/500/164.png,49
300672250,2010,2,2010-03-08,2010-03-08T15:00:00.000000-0500,2492,s:40~l:54~t:2492,pepperdine-waves,Pepperdine,Waves,PEPP,Pepperdine Waves,Pepperdine,003A72,dc762f,https://a.espncdn.com/i/teamlogos/ncaa/500/2492.png,away,48,false,6,3,19,25.4,15,59,0,12,72.7,16,22,2,12,4,12,0,20.0,2,10,33,0,0,0,2250,s:40~l:54~t:2250,gonzaga-bulldogs,Gonzaga,Bulldogs,GONZ,Gonzaga Bulldogs,Gonzaga,041e42,c8102e,https://a.espncdn.com/i/teamlogos/ncaa/500/2250.png,76
300672250,2010,2,2010-03-08,2010-03-08T15:00:00.000000-0500,2250,s:40~l:54~t:2250,gonzaga-bulldogs,Gonzaga,Bulldogs,GONZ,Gonzaga Bulldogs,Gonzaga,041e42,c8102e,https://a.espncdn.com/i/teamlogos/ncaa/500/2250.png,home,76,true,18,4,34,47.5,28,59,0,17,73.7,14,19,31,10,5,13,1,40.0,6,15,47,1,0,0,2492,s:40~l:54~t:2492,pepperdine-waves,Pepperdine,Waves,PEPP,Pepperdine Waves,Pepperdine,003A72,dc762f,https://a.espncdn.com/i/teamlogos/ncaa/500/2492.png,48
300670236,2010,2,2010-03-08,2010-03-08T17:00:00.000000-0500,2535,s:40~l:54~t:2535,samford-bulldogs,Samford,Bulldogs,SAM,Samford Bulldogs,Samford,005485,bc0023,https://a.espncdn.com/i/teamlogos/ncaa/500/2535.png,away,67,false,12,1,21,47.4,27,57,0,20,62.5,5,8,11,2,5,9,0,32.0,8,25,26,0,0,0,236,s:40~l:54~t:236,chattanooga-mocs,Chattanooga,Mocs,UTC,Chattanooga Mocs,Chattanooga,00386b,dca71d,https://a.espncdn.com/i/teamlogos/ncaa/500/236.png,72
300670236,2010,2,2010-03-08,2010-03-08T17:00:00.000000-0500,236,s:40~l:54~t:236,chattanooga-mocs,Chattanooga,Mocs,UTC,Chattanooga Mocs,Chattanooga,00386b,dca71d,https://a.espncdn.com/i/teamlogos/ncaa/500/236.png,home,72,true,12,2,27,45.7,21,46,0,13,87.0,20,23,11,4,4,15,0,38.5,10,26,33,0,0,0,2535,s:40~l:54~t:2535,samford-bulldogs,Samford,Bulldogs,SAM,Samford Bulldogs,Samford,005485,bc0023,https://a.espncdn.com/i/teamlogos/ncaa/500/2535.png,67
300660041,2010,2,2010-03-07,2010-03-07T14:00:00.000000-0500,183,s:40~l:54~t:183,syracuse-orange,Syracuse,Orange,SYR,Syracuse Orange,Syracuse,ff6500,000e54,https://a.espncdn.com/i/teamlogos/ncaa/500/183.png,away,41,false,7,1,21,21.2,14,66,0,16,55.6,10,18,0,12,4,19,0,20.0,3,15,43,0,0,0,41,s:40~l:54~t:41,uconn-huskies,UConn,Huskies,CONN,UConn Huskies,UConn,0c2340,f1f2f3,https://a.espncdn.com/i/teamlogos/ncaa/500/41.png,77
300660041,2010,2,2010-03-07,2010-03-07T14:00:00.000000-0500,41,s:40~l:54~t:41,uconn-huskies,UConn,Huskies,CONN,UConn Huskies,UConn,0c2340,f1f2f3,https://a.espncdn.com/i/teamlogos/ncaa/500/41.png,home,77,true,26,7,37,51.6,33,64,0,16,52.6,10,19,43,8,14,15,0,7.7,1,13,51,0,0,0,183,s:40~l:54~t:183,syracuse-orange,Syracuse,Orange,SYR,Syracuse Orange,Syracuse,ff6500,000e54,https://a.espncdn.com/i/teamlogos/ncaa/500/183.png,41
300662633,2010,2,2010-03-07,2010-03-07T18:30:00.000000-0500,96,s:40~l:54~t:96,kentucky-wildcats,Kentucky,Wildcats,UK,Kentucky Wildcats,Kentucky,005DAA,ffffff,https://a.espncdn.com/i/teamlogos/ncaa/500/96.png,away,62,false,14,7,21,36.4,24,66,0,19,62.5,10,16,4,7,10,13,0,26.7,4,15,32,0,0,0,2633,s:40~l:54~t:2633,tennessee-lady-volunteers,Tennessee,Lady Volunteers,TENN,Tennessee Lady Volunteers,Tennessee,ff8200,ffffff,https://a.espncdn.com/i/teamlogos/ncaa/500/2633_ncw.png,70
300662633,2010,2,2010-03-07,2010-03-07T18:30:00.000000-0500,2633,s:40~l:54~t:2633,tennessee-lady-volunteers,Tennessee,Lady Volunteers,TENN,Tennessee Lady Volunteers,Tennessee,ff8200,ffffff,https://a.espncdn.com/i/teamlogos/ncaa/500/2633_ncw.png,home,70,true,15,4,34,41.9,26,62,0,16,84.2,16,19,10,13,9,19,0,28.6,2,7,51,0,0,0,96,s:40~l:54~t:96,kentucky-wildcats,Kentucky,Wildcats,UK,Kentucky Wildcats,Kentucky,005DAA,ffffff,https://a.espncdn.com/i/teamlogos/ncaa/500/96.png,62
300662752,2010,2,2010-03-07,2010-03-07T12:00:00.000000-0500,2429,s:40~l:54~t:2429,charlotte-49ers,Charlotte,49ers,CHAR,Charlotte 49ers,Charlotte,ffffff,cfab7a,https://a.espncdn.com/i/teamlogos/ncaa/500/2429.png,away,49,false,10,5,25,31.6,18,57,0,16,100.0,7,7,2,7,9,11,0,37.5,6,16,34,0,0,0,2752,s:40~l:54~t:2752,xavier-musketeers,Xavier,Musketeers,XAV,Xavier Musketeers,Xavier,002144,9ea2a2,https://a.espncdn.com/i/teamlogos/ncaa/500/2752.png,51
300662752,2010,2,2010-03-07,2010-03-07T12:00:00.000000-0500,2752,s:40~l:54~t:2752,xavier-musketeers,Xavier,Musketeers,XAV,Xavier Musketeers,Xavier,002144,9ea2a2,https://a.espncdn.com/i/teamlogos/ncaa/500/2752.png,home,51,true,11,6,27,32.7,18,55,0,13,72.2,13,18,8,12,6,15,0,15.4,2,13,45,0,0,0,2429,s:40~l:54~t:2429,charlotte-49ers,Charlotte,49ers,CHAR,Charlotte 49ers,Charlotte,ffffff,cfab7a,https://a.espncdn.com/i/teamlogos/ncaa/500/2429.png,49
300662599,2010,2,2010-03-07,2010-03-07T12:00:00.000000-0500,87,s:40~l:54~t:87,notre-dame-fighting-irish,Notre Dame,Fighting Irish,ND,Notre Dame Fighting Irish,Notre Dame,0c2340,c99700,https://a.espncdn.com/i/teamlogos/ncaa/500/87.png,away,75,true,18,5,18,54.0,27,50,0,17,71.4,20,28,8,10,10,20,0,16.7,1,6,32,0,0,0,2599,s:40~l:54~t:2599,st-johns-red-storm,St. John's,Red Storm,SJU,St. John's Red Storm,St John's,d10000,101010,https://a.espncdn.com/i/teamlogos/ncaa/500/2599.png,67
300662599,2010,2,2010-03-07,2010-03-07T12:00:00.000000-0500,2599,s:40~l:54~t:2599,st-johns-red-storm,St. John's,Red Storm,SJU,St. John's Red Storm,St John's,d10000,101010,https://a.espncdn.com/i/teamlogos/ncaa/500/2599.png,home,67,false,15,0,13,51.0,25,49,0,20,54.2,13,24,8,8,10,20,0,44.4,4,9,24,0,0,0,87,s:40~l:54~t:87,notre-dame-fighting-irish,Notre Dame,Fighting Irish,ND,Notre Dame Fighting Irish,Notre Dame,0c2340,c99700,https://a.espncdn.com/i/teamlogos/ncaa/500/87.png,75
300660277,2010,2,2010-03-07,2010-03-07T18:00:00.000000-0500,305,s:40~l:54~t:305,depaul-blue-demons,DePaul,Blue Demons,DEP,DePaul Blue Demons,DePaul,2d649c,ce1125,https://a.espncdn.com/i/teamlogos/ncaa/500/305.png,away,41,false,7,4,23,29.5,13,44,0,18,80.0,12,15,2,12,4,22,0,23.1,3,13,42,0,0,0,277,s:40~l:54~t:277,west-virginia-mountaineers,West Virginia,Mountaineers,WVU,West Virginia Mountaineers,West Virginia,FFC600,eaaa00,https://a.espncdn.com/i/teamlogos/ncaa/500/277.png,47
300660277,2010,2,2010-03-07,2010-03-07T18:00:00.000000-0500,277,s:40~l:54~t:277,west-virginia-mountaineers,West Virginia,Mountaineers,WVU,West Virginia Mountaineers,West Virginia,FFC600,eaaa00,https://a.espncdn.com/i/teamlogos/ncaa/500/277.png,home,47,true,10,4,14,32.1,17,53,0,16,50.0,9,18,11,10,14,12,0,28.6,4,14,31,0,0,0,305,s:40~l:54~t:305,depaul-blue-demons,DePaul,Blue Demons,DEP,DePaul Blue Demons,DePaul,2d649c,ce1125,https://a.espncdn.com/i/teamlogos/ncaa/500/305.png,41
300660150,2010,2,2010-03-07,2010-03-07T13:00:00.000000-0500,152,s:40~l:54~t:152,nc-state-wolfpack,NC State,Wolfpack,NCST,NC State Wolfpack,NC State,EF1216,231f20,https://a.espncdn.com/i/teamlogos/ncaa/500/152.png,away,60,false,9,2,20,35.8,19,53,0,22,77.8,14,18,7,6,7,23,0,34.8,8,23,32,0,0,0,150,s:40~l:54~t:150,duke-blue-devils,Duke,Blue Devils,DUKE,Duke Blue Devils,Duke,013088,ffffff,https://a.espncdn.com/i/teamlogos/ncaa/500/150.png,70
300660150,2010,2,2010-03-07,2010-03-07T13:00:00.000000-0500,150,s:40~l:54~t:150,duke-blue-devils,Duke,Blue Devils,DUKE,Duke Blue Devils,Duke,013088,ffffff,https://a.espncdn.com/i/teamlogos/ncaa/500/150.png,home,70,true,13,7,22,38.5,25,65,0,19,65.0,13,20,18,18,15,20,0,46.7,7,15,46,0,0,0,152,s:40~l:54~t:152,nc-state-wolfpack,NC State,Wolfpack,NCST,NC State Wolfpack,NC State,EF1216,231f20,https://a.espncdn.com/i/teamlogos/ncaa/500/152.png,60
300660194,2010,2,2010-03-07,2010-03-07T16:30:00.000000-0500,2294,s:40~l:54~t:2294,iowa-hawkeyes,Iowa,Hawkeyes,IOWA,Iowa Hawkeyes,Iowa,000000,fcd116,https://a.espncdn.com/i/teamlogos/ncaa/500/2294.png,away,64,false,9,5,22,36.1,22,61,0,15,85.7,12,14,16,8,12,14,0,36.4,8,22,34,0,0,0,194,s:40~l:54~t:194,ohio-state-buckeyes,Ohio State,Buckeyes,OSU,Ohio State Buckeyes,Ohio State,ce1141,505056,https://a.espncdn.com/i/teamlogos/ncaa/500/194.png,66
300660194,2010,2,2010-03-07,2010-03-07T16:30:00.000000-0500,194,s:40~l:54~t:194,ohio-state-buckeyes,Ohio State,Buckeyes,OSU,Ohio State Buckeyes,Ohio State,ce1141,505056,https://a.espncdn.com/i/teamlogos/ncaa/500/194.png,home,66,true,16,4,26,42.4,25,59,0,18,91.7,11,12,2,9,6,18,0,29.4,5,17,41,0,0,0,2294,s:40~l:54~t:2294,iowa-hawkeyes,Iowa,Hawkeyes,IOWA,Iowa Hawkeyes,Iowa,000000,fcd116,https://a.espncdn.com/i/teamlogos/ncaa/500/2294.png,64
300660201,2010,2,2010-03-07,2010-03-07T17:00:00.000000-0500,197,s:40~l:54~t:197,oklahoma-state-cowgirls,Oklahoma State,Cowgirls,OKST,Oklahoma State Cowgirls,Oklahoma St,ff6500,000000,https://a.espncdn.com/i/teamlogos/ncaa/500/197.png,away,62,false,11,1,19,37.1,23,62,0,13,78.6,11,14,3,8,7,12,0,26.3,5,19,31,0,0,0,201,s:40~l:54~t:201,oklahoma-sooners,Oklahoma,Sooners,OU,Oklahoma Sooners,Oklahoma,9d2235,ffffff,https://a.espncdn.com/i/teamlogos/ncaa/500/201.png,95
300660201,2010,2,2010-03-07,2010-03-07T17:00:00.000000-0500,201,s:40~l:54~t:201,oklahoma-sooners,Oklahoma,Sooners,OU,Oklahoma Sooners,Oklahoma,9d2235,ffffff,https://a.espncdn.com/i/teamlogos/ncaa/500/201.png,home,95,true,24,1,30,57.6,34,59,0,13,78.6,11,14,36,5,4,14,0,59.3,16,27,37,0,0,0,197,s:40~l:54~t:197,oklahoma-state-cowgirls,Oklahoma State,Cowgirls,OKST,Oklahoma State Cowgirls,Oklahoma St,ff6500,000000,https://a.espncdn.com/i/teamlogos/ncaa/500/197.png,62
300660046,2010,2,2010-03-07,2010-03-07T20:00:00.000000-0500,164,s:40~l:54~t:164,rutgers-scarlet-knights,Rutgers,Scarlet Knights,RUTG,Rutgers Scarlet Knights,Rutgers,d21034,ffffff,https://a.espncdn.com/i/teamlogos/ncaa/500/164.png,away,63,true,9,5,32,29.1,16,55,0,21,77.8,28,36,9,12,5,21,0,14.3,3,21,50,0,0,0,46,s:40~l:54~t:46,georgetown-hoyas,Georgetown,Hoyas,GTWN,Georgetown Hoyas,Georgetown,110E42,001c58,https://a.espncdn.com/i/teamlogos/ncaa/500/46.png,56
300660046,2010,2,2010-03-07,2010-03-07T20:00:00.000000-0500,46,s:40~l:54~t:46,georgetown-hoyas,Georgetown,Hoyas,GTWN,Georgetown Hoyas,Georgetown,110E42,001c58,https://a.espncdn.com/i/teamlogos/ncaa/500/46.png,home,56,false,11,2,26,26.5,18,68,0,24,72.7,16,22,11,14,11,16,0,17.4,4,23,44,0,0,0,164,s:40~l:54~t:164,rutgers-scarlet-knights,Rutgers,Scarlet Knights,RUTG,Rutgers Scarlet Knights,Rutgers,d21034,ffffff,https://a.espncdn.com/i/teamlogos/ncaa/500/164.png,63
300660239,2010,2,2010-03-07,2010-03-07T15:30:00.000000-0500,251,s:40~l:54~t:251,texas-longhorns,Texas,Longhorns,TEX,Texas Longhorns,Texas,c15d26,ffffff,https://a.espncdn.com/i/teamlogos/ncaa/500/251.png,away,70,true,11,8,33,37.7,23,61,0,20,87.0,20,23,18,11,6,17,1,23.5,4,17,46,1,0,0,239,s:40~l:54~t:239,baylor-bears,Baylor,Bears,BAY,Baylor Bears,Baylor,154734,ffb81c,https://a.espncdn.com/i/teamlogos/ncaa/500/239.png,54
300660239,2010,2,2010-03-07,2010-03-07T15:30:00.000000-0500,239,s:40~l:54~t:239,baylor-bears,Baylor,Bears,BAY,Baylor Bears,Baylor,154734,ffb81c,https://a.espncdn.com/i/teamlogos/ncaa/500/239.png,home,54,false,3,4,25,25.0,14,56,0,17,88.5,23,26,7,9,8,18,0,21.4,3,14,38,0,0,0,251,s:40~l:54~t:251,texas-longhorns,Texas,Longhorns,TEX,Texas Longhorns,Texas,c15d26,ffffff,https://a.espncdn.com/i/teamlogos/ncaa/500/251.png,70
300662250,2010,2,2010-03-07,2010-03-07T14:30:00.000000-0500,2541,s:40~l:54~t:2541,santa-clara-broncos,Santa Clara,Broncos,SCU,Santa Clara Broncos,Santa Clara,690b0b,101010,https://a.espncdn.com/i/teamlogos/ncaa/500/2541.png,away,47,false,8,0,20,36.0,18,50,0,15,81.8,9,11,0,9,6,32,0,22.2,2,9,34,0,0,0,2250,s:40~l:54~t:2250,gonzaga-bulldogs,Gonzaga,Bulldogs,GONZ,Gonzaga Bulldogs,Gonzaga,041e42,c8102e,https://a.espncdn.com/i/teamlogos/ncaa/500/2250.png,87
300662250,2010,2,2010-03-07,2010-03-07T14:30:00.000000-0500,2250,s:40~l:54~t:2250,gonzaga-bulldogs,Gonzaga,Bulldogs,GONZ,Gonzaga Bulldogs,Gonzaga,041e42,c8102e,https://a.espncdn.com/i/teamlogos/ncaa/500/2250.png,home,87,true,20,2,21,48.1,38,79,0,9,70.0,7,10,44,19,16,14,0,30.8,4,13,41,0,0,0,2541,s:40~l:54~t:2541,santa-clara-broncos,Santa Clara,Broncos,SCU,Santa Clara Broncos,Santa Clara,690b0b,101010,https://a.espncdn.com/i/teamlogos/ncaa/500/2541.png,47
300660142,2010,2,2010-03-07,2010-03-07T14:00:00.000000-0500,2641,s:40~l:54~t:2641,texas-tech-lady-raiders,Texas Tech,Lady Raiders,TTU,Texas Tech Lady Raiders,Texas Tech,C80025,231f20,https://a.espncdn.com/i/teamlogos/ncaa/500/2641.png,away,55,false,12,2,28,37.9,22,58,0,21,61.5,8,13,4,12,1,20,0,37.5,3,8,44,0,0,0,142,s:40~l:54~t:142,missouri-tigers,Missouri,Tigers,MIZ,Missouri Tigers,Missouri,f1b82d,000000,https://a.espncdn.com/i/teamlogos/ncaa/500/142.png,58
300660142,2010,2,2010-03-07,2010-03-07T14:00:00.000000-0500,142,s:40~l:54~t:142,missouri-tigers,Missouri,Tigers,MIZ,Missouri Tigers,Missouri,f1b82d,000000,https://a.espncdn.com/i/teamlogos/ncaa/500/142.png,home,58,true,18,5,20,37.9,22,58,0,14,55.0,11,20,10,12,9,13,0,27.3,3,11,36,0,0,0,2641,s:40~l:54~t:2641,texas-tech-lady-raiders,Texas Tech,Lady Raiders,TTU,Texas Tech Lady Raiders,Texas Tech,C80025,231f20,https://a.espncdn.com/i/teamlogos/ncaa/500/2641.png,55
300650025,2010,2,2010-03-06,2010-03-06T15:30:00.000000-0500,24,s:40~l:54~t:24,stanford-cardinal,Stanford,Cardinal,STAN,Stanford Cardinal,Stanford,8c1515,ffffff,https://a.espncdn.com/i/teamlogos/ncaa/500/24.png,away,63,true,19,6,29,44.1,26,59,0,11,56.3,9,16,16,12,3,9,0,15.4,2,13,42,0,0,0,25,s:40~l:54~t:25,california-golden-bears,California,Golden Bears,CAL,California Golden Bears,California,031522,ffc423,https://a.espncdn.com/i/teamlogos/ncaa/500/25.png,48
300650025,2010,2,2010-03-06,2010-03-06T15:30:00.000000-0500,25,s:40~l:54~t:25,california-golden-bears,California,Golden Bears,CAL,California Golden Bears,California,031522,ffc423,https://a.espncdn.com/i/teamlogos/ncaa/500/25.png,home,48,false,12,2,23,28.1,18,64,0,16,68.8,11,16,4,15,4,9,0,11.1,1,9,42,0,0,0,24,s:40~l:54~t:24,stanford-cardinal,Stanford,Cardinal,STAN,Stanford Cardinal,Stanford,8c1515,ffffff,https://a.espncdn.com/i/teamlogos/ncaa/500/24.png,63
300652306,2010,2,2010-03-06,2010-03-06T13:00:00.000000-0500,158,s:40~l:54~t:158,nebraska-cornhuskers,Nebraska,Cornhuskers,NEB,Nebraska Cornhuskers,Nebraska,F20017,f5f1e7,https://a.espncdn.com/i/teamlogos/ncaa/500/158.png,away,82,true,10,5,24,53.2,33,62,0,14,80.0,12,15,12,4,11,12,0,28.6,4,14,33,0,0,0,2306,s:40~l:54~t:2306,kansas-state-wildcats,Kansas State,Wildcats,KSU,Kansas State Wildcats,Kansas St,633194,e7d2ad,https://a.espncdn.com/i/teamlogos/ncaa/500/2306.png,72
300652306,2010,2,2010-03-06,2010-03-06T13:00:00.000000-0500,2306,s:40~l:54~t:2306,kansas-state-wildcats,Kansas State,Wildcats,KSU,Kansas State Wildcats,Kansas St,633194,e7d2ad,https://a.espncdn.com/i/teamlogos/ncaa/500/2306.png,home,72,false,15,1,24,44.1,26,59,0,15,76.9,10,13,11,6,8,16,0,43.5,10,23,33,0,0,0,158,s:40~l:54~t:158,nebraska-cornhuskers,Nebraska,Cornhuskers,NEB,Nebraska Cornhuskers,Nebraska,F20017,f5f1e7,https://a.espncdn.com/i/teamlogos/ncaa/500/158.png,82
300652633,2010,2,2010-03-06,2010-03-06T15:30:00.000000-0500,238,s:40~l:54~t:238,vanderbilt-commodores,Vanderbilt,Commodores,VAN,Vanderbilt Commodores,Vanderbilt,000000,231f20,https://a.espncdn.com/i/teamlogos/ncaa/500/238.png,away,49,false,10,2,12,31.7,20,63,0,21,75.0,6,8,7,8,6,15,0,17.6,3,17,27,0,0,0,2633,s:40~l:54~t:2633,tennessee-lady-volunteers,Tennessee,Lady Volunteers,TENN,Tennessee Lady Volunteers,Tennessee,ff8200,ffffff,https://a.espncdn.com/i/teamlogos/ncaa/500/2633_ncw.png,68
300652633,2010,2,2010-03-06,2010-03-06T15:30:00.000000-0500,2633,s:40~l:54~t:2633,tennessee-lady-volunteers,Tennessee,Lady Volunteers,TENN,Tennessee Lady Volunteers,Tennessee,ff8200,ffffff,https://a.espncdn.com/i/teamlogos/ncaa/500/2633_ncw.png,home,68,true,17,7,24,46.0,23,50,0,13,57.1,16,28,20,14,8,21,0,33.3,6,18,42,0,0,0,238,s:40~l:54~t:238,vanderbilt-commodores,Vanderbilt,Commodores,VAN,Vanderbilt Commodores,Vanderbilt,000000,231f20,https://a.espncdn.com/i/teamlogos/ncaa/500/238.png,49
300650087,2010,2,2010-03-06,2010-03-06T12:00:00.000000-0500,97,s:40~l:54~t:97,louisville-cardinals,Louisville,Cardinals,LOU,Louisville Cardinals,Louisville,c9001f,000000,https://a.espncdn.com/i/teamlogos/ncaa/500/97.png,away,52,false,11,0,13,37.0,20,54,0,14,50.0,8,16,2,12,9,23,0,30.8,4,13,28,0,0,0,87,s:40~l:54~t:87,notre-dame-fighting-irish,Notre Dame,Fighting Irish,ND,Notre Dame Fighting Irish,Notre Dame,0c2340,c99700,https://a.espncdn.com/i/teamlogos/ncaa/500/87.png,89
300650087,2010,2,2010-03-06,2010-03-06T12:00:00.000000-0500,87,s:40~l:54~t:87,notre-dame-fighting-irish,Notre Dame,Fighting Irish,ND,Notre Dame Fighting Irish,Notre Dame,0c2340,c99700,https://a.espncdn.com/i/teamlogos/ncaa/500/87.png,home,89,true,27,3,23,56.5,35,62,0,13,80.0,12,15,44,10,15,17,0,58.3,7,12,38,0,0,0,97,s:40~l:54~t:97,louisville-cardinals,Louisville,Cardinals,LOU,Louisville Cardinals,Louisville,c9001f,000000,https://a.espncdn.com/i/teamlogos/ncaa/500/97.png,52
300650150,2010,2,2010-03-06,2010-03-06T13:00:00.000000-0500,59,s:40~l:54~t:59,georgia-tech-yellow-jackets,Georgia Tech,Yellow Jackets,GT,Georgia Tech Yellow Jackets,Georgia Tech,00223e,002c56,https://a.espncdn.com/i/teamlogos/ncaa/500/59.png,away,55,false,12,0,23,40.8,20,49,0,19,76.5,13,17,3,10,5,26,0,40.0,2,5,38,0,0,0,150,s:40~l:54~t:150,duke-blue-devils,Duke,Blue Devils,DUKE,Duke Blue Devils,Duke,013088,ffffff,https://a.espncdn.com/i/teamlogos/ncaa/500/150.png,67
300650150,2010,2,2010-03-06,2010-03-06T13:00:00.000000-0500,150,s:40~l:54~t:150,duke-blue-devils,Duke,Blue Devils,DUKE,Duke Blue Devils,Duke,013088,ffffff,https://a.espncdn.com/i/teamlogos/ncaa/500/150.png,home,67,true,12,5,15,43.6,24,55,0,14,53.8,14,26,14,9,14,11,0,35.7,5,14,28,0,0,0,59,s:40~l:54~t:59,georgia-tech-yellow-jackets,Georgia Tech,Yellow Jackets,GT,Georgia Tech Yellow Jackets,Georgia Tech,00223e,002c56,https://a.espncdn.com/i/teamlogos/ncaa/500/59.png,55
300650194,2010,2,2010-03-06,2010-03-06T19:25:00.000000-0500,275,s:40~l:54~t:275,wisconsin-badgers,Wisconsin,Badgers,WISC,Wisconsin Badgers,Wisconsin,A00000,f7f7f7,https://a.espncdn.com/i/teamlogos/ncaa/500/275.png,away,73,false,10,4,24,45.6,26,57,0,27,73.7,14,19,7,5,6,7,0,46.7,7,15,31,0,0,0,194,s:40~l:54~t:194,ohio-state-buckeyes,Ohio State,Buckeyes,OSU,Ohio State Buckeyes,Ohio State,ce1141,505056,https://a.espncdn.com/i/teamlogos/ncaa/500/194.png,82
300650194,2010,2,2010-03-06,2010-03-06T19:25:00.000000-0500,194,s:40~l:54~t:194,ohio-state-buckeyes,Ohio State,Buckeyes,OSU,Ohio State Buckeyes,Ohio State,ce1141,505056,https://a.espncdn.com/i/teamlogos/ncaa/500/194.png,home,82,true,13,4,27,38.9,21,54,0,19,89.5,34,38,9,8,4,7,0,37.5,6,16,39,0,0,0,275,s:40~l:54~t:275,wisconsin-badgers,Wisconsin,Badgers,WISC,Wisconsin Badgers,Wisconsin,A00000,f7f7f7,https://a.espncdn.com/i/teamlogos/ncaa/500/275.png,73
300650066,2010,2,2010-03-06,2010-03-06T15:00:00.000000-0500,38,s:40~l:54~t:38,colorado-buffaloes,Colorado,Buffaloes,COLO,Colorado Buffaloes,Colorado,000000,cfb87c,https://a.espncdn.com/i/teamlogos/ncaa/500/38.png,away,41,false,8,3,19,27.3,15,55,0,16,75.0,6,8,2,15,5,14,0,17.9,5,28,38,0,0,0,66,s:40~l:54~t:66,iowa-state-cyclones,Iowa State,Cyclones,ISU,Iowa State Cyclones,Iowa State,822433,fdca2f,https://a.espncdn.com/i/teamlogos/ncaa/500/66.png,59
300650066,2010,2,2010-03-06,2010-03-06T15:00:00.000000-0500,66,s:40~l:54~t:66,iowa-state-cyclones,Iowa State,Cyclones,ISU,Iowa State Cyclones,Iowa State,822433,fdca2f,https://a.espncdn.com/i/teamlogos/ncaa/500/66.png,home,59,true,14,2,20,38.9,21,54,0,8,76.9,10,13,18,11,9,11,0,31.8,7,22,34,0,0,0,38,s:40~l:54~t:38,colorado-buffaloes,Colorado,Buffaloes,COLO,Colorado Buffaloes,Colorado,000000,cfb87c,https://a.espncdn.com/i/teamlogos/ncaa/500/38.png,41
300652305,2010,2,2010-03-06,2010-03-06T20:00:00.000000-0500,245,s:40~l:54~t:245,texas-am-aggies,Texas A&M,Aggies,TA&M,Texas A&M Aggies,Texas A&M,5C0025,ffffff,https://a.espncdn.com/i/teamlogos/ncaa/500/245.png,away,78,true,14,5,18,43.8,28,64,0,20,87.5,21,24,27,16,14,15,0,14.3,1,7,36,0,0,0,2305,s:40~l:54~t:2305,kansas-jayhawks,Kansas,Jayhawks,KU,Kansas Jayhawks,Kansas,0051ba,e8000d,https://a.espncdn.com/i/teamlogos/ncaa/500/2305.png,54
300652305,2010,2,2010-03-06,2010-03-06T20:00:00.000000-0500,2305,s:40~l:54~t:2305,kansas-jayhawks,Kansas,Jayhawks,KU,Kansas Jayhawks,Kansas,0051ba,e8000d,https://a.espncdn.com/i/teamlogos/ncaa/500/2305.png,home,54,false,12,3,19,45.2,19,42,0,21,76.5,13,17,2,7,4,30,0,37.5,3,8,28,0,0,0,245,s:40~l:54~t:245,texas-am-aggies,Texas A&M,Aggies,TA&M,Texas A&M Aggies,Texas A&M,5C0025,ffffff,https://a.espncdn.com/i/teamlogos/ncaa/500/245.png,78
300650096,2010,2,2010-03-06,2010-03-06T18:00:00.000000-0500,344,s:40~l:54~t:344,mississippi-state-bulldogs,Mississippi State,Bulldogs,MSST,Mississippi State Bulldogs,Mississippi St,762123,c8c8c8,https://a.espncdn.com/i/teamlogos/ncaa/500/344.png,away,65,false,14,4,24,48.1,25,52,0,23,57.9,11,19,14,4,7,28,0,30.8,4,13,34,0,0,0,96,s:40~l:54~t:96,kentucky-wildcats,Kentucky,Wildcats,UK,Kentucky Wildcats,Kentucky,005DAA,ffffff,https://a.espncdn.com/i/teamlogos/ncaa/500/96.png,76
300650096,2010,2,2010-03-06,2010-03-06T18:00:00.000000-0500,96,s:40~l:54~t:96,kentucky-wildcats,Kentucky,Wildcats,UK,Kentucky Wildcats,Kentucky,005DAA,ffffff,https://a.espncdn.com/i/teamlogos/ncaa/500/96.png,home,76,true,14,7,21,41.0,25,61,0,17,67.7,21,31,11,15,13,18,0,33.3,5,15,40,0,0,0,344,s:40~l:54~t:344,mississippi-state-bulldogs,Mississippi State,Bulldogs,MSST,Mississippi State Bulldogs,Mississippi St,762123,c8c8c8,https://a.espncdn.com/i/teamlogos/ncaa/500/344.png,65
300650127,2010,2,2010-03-06,2010-03-06T17:00:00.000000-0500,2294,s:40~l:54~t:2294,iowa-hawkeyes,Iowa,Hawkeyes,IOWA,Iowa Hawkeyes,Iowa,000000,fcd116,https://a.espncdn.com/i/teamlogos/ncaa/500/2294.png,away,59,true,10,5,19,36.4,20,55,0,11,92.9,13,14,7,12,7,22,0,26.1,6,23,37,0,0,0,127,s:40~l:54~t:127,michigan-state-spartans,Michigan State,Spartans,MSU,Michigan State Spartans,Michigan St,18453B,ffffff,https://a.espncdn.com/i/teamlogos/ncaa/500/127.png,54
300650127,2010,2,2010-03-06,2010-03-06T17:00:00.000000-0500,127,s:40~l:54~t:127,michigan-state-spartans,Michigan State,Spartans,MSU,Michigan State Spartans,Michigan St,18453B,ffffff,https://a.espncdn.com/i/teamlogos/ncaa/500/127.png,home,54,false,13,4,20,41.8,23,55,0,17,83.3,5,6,2,8,7,21,0,25.0,3,12,30,0,0,0,2294,s:40~l:54~t:2294,iowa-hawkeyes,Iowa,Hawkeyes,IOWA,Iowa Hawkeyes,Iowa,000000,fcd116,https://a.espncdn.com/i/teamlogos/ncaa/500/2294.png,59
300652507,2010,2,2010-03-06,2010-03-06T14:00:00.000000-0500,183,s:40~l:54~t:183,syracuse-orange,Syracuse,Orange,SYR,Syracuse Orange,Syracuse,ff6500,000e54,https://a.espncdn.com/i/teamlogos/ncaa/500/183.png,away,76,true,8,5,21,36.9,24,65,0,15,74.3,26,35,10,17,11,10,0,16.7,2,12,45,0,0,0,2507,s:40~l:54~t:2507,providence-friars,Providence,Friars,PROV,Providence Friars,Providence,000000,a3a19e,https://a.espncdn.com/i/teamlogos/ncaa/500/2507.png,71
300652507,2010,2,2010-03-06,2010-03-06T14:00:00.000000-0500,2507,s:40~l:54~t:2507,providence-friars,Providence,Friars,PROV,Providence Friars,Providence,000000,a3a19e,https://a.espncdn.com/i/teamlogos/ncaa/500/2507.png,home,71,false,15,2,20,41.3,26,63,0,24,93.3,14,15,7,12,4,16,0,31.3,5,16,39,0,0,0,183,s:40~l:54~t:183,syracuse-orange,Syracuse,Orange,SYR,Syracuse Orange,Syracuse,ff6500,000e54,https://a.espncdn.com/i/teamlogos/ncaa/500/183.png,76
300650152,2010,2,2010-03-06,2010-03-06T15:30:00.000000-0500,103,s:40~l:54~t:103,boston-college-eagles,Boston College,Eagles,BC,Boston College Eagles,Boston College,8c2232,dbcca6,https://a.espncdn.com/i/teamlogos/ncaa/500/103.png,away,57,false,16,5,18,42.9,21,49,0,17,90.0,9,10,10,10,7,17,0,37.5,6,16,32,0,0,0,152,s:40~l:54~t:152,nc-state-wolfpack,NC State,Wolfpack,NCST,NC State Wolfpack,NC State,EF1216,231f20,https://a.espncdn.com/i/teamlogos/ncaa/500/152.png,63
300650152,2010,2,2010-03-06,2010-03-06T15:30:00.000000-0500,152,s:40~l:54~t:152,nc-state-wolfpack,NC State,Wolfpack,NCST,NC State Wolfpack,NC State,EF1216,231f20,https://a.espncdn.com/i/teamlogos/ncaa/500/152.png,home,63,true,8,1,14,37.7,20,53,0,11,94.4,17,18,6,10,7,12,0,30.0,6,20,26,0,0,0,103,s:40~l:54~t:103,boston-college-eagles,Boston College,Eagles,BC,Boston College Eagles,Boston College,8c2232,dbcca6,https://a.espncdn.com/i/teamlogos/ncaa/500/103.png,57
300650030,2010,2,2010-03-06,2010-03-06T15:30:00.000000-0500,9,s:40~l:54~t:9,arizona-state-sun-devils,Arizona State,Sun Devils,ASU,Arizona State Sun Devils,Arizona State,942139,f1f2f3,https://a.espncdn.com/i/teamlogos/ncaa/500/9.png,away,52,false,10,1,20,39.6,19,48,0,19,66.7,12,18,8,11,5,21,0,22.2,2,9,34,0,0,0,30,s:40~l:54~t:30,usc-trojans,USC,Trojans,USC,USC Trojans,USC,9e2237,ffcc00,https://a.espncdn.com/i/teamlogos/ncaa/500/30.png,62
300650030,2010,2,2010-03-06,2010-03-06T15:30:00.000000-0500,30,s:40~l:54~t:30,usc-trojans,USC,Trojans,USC,USC Trojans,USC,9e2237,ffcc00,https://a.espncdn.com/i/teamlogos/ncaa/500/30.png,home,62,true,12,0,17,34.6,18,52,0,17,66.7,20,30,10,12,10,16,0,37.5,6,16,34,0,0,0,9,s:40~l:54~t:9,arizona-state-sun-devils,Arizona State,Sun Devils,ASU,Arizona State Sun Devils,Arizona State,942139,f1f2f3,https://a.espncdn.com/i/teamlogos/ncaa/500/9.png,52
300652197,2010,2,2010-03-06,2010-03-06T16:00:00.000000-0500,2046,s:40~l:54~t:2046,austin-peay-governors,Austin Peay,Governors,APSU,Austin Peay Governors,Austin Peay,8e0b0b,,https://a.espncdn.com/i/teamlogos/ncaa/500/2046.png,away,69,true,11,5,27,40.7,22,54,0,20,66.7,22,33,17,12,4,18,0,30.0,3,10,47,0,0,0,2197,s:40~l:54~t:2197,eastern-illinois-panthers,Eastern Illinois,Panthers,EIU,Eastern Illinois Panthers,E Illinois,000000,bebab9,https://a.espncdn.com/i/teamlogos/ncaa/500/2197.png,60
300652197,2010,2,2010-03-06,2010-03-06T16:00:00.000000-0500,2197,s:40~l:54~t:2197,eastern-illinois-panthers,Eastern Illinois,Panthers,EIU,Eastern Illinois Panthers,E Illinois,000000,bebab9,https://a.espncdn.com/i/teamlogos/ncaa/500/2197.png,home,60,false,12,3,23,29.5,18,61,0,22,67.9,19,28,0,15,10,14,1,25.0,5,20,40,1,0,0,2046,s:40~l:54~t:2046,austin-peay-governors,Austin Peay,Governors,APSU,Austin Peay Governors,Austin Peay,8e0b0b,,https://a.espncdn.com/i/teamlogos/ncaa/500/2046.png,69
300650305,2010,2,2010-03-06,2010-03-06T18:00:00.000000-0500,269,s:40~l:54~t:269,marquette-golden-eagles,Marquette,Golden Eagles,MARQ,Marquette Golden Eagles,Marquette,083963,ffffff,https://a.espncdn.com/i/teamlogos/ncaa/500/269.png,away,54,false,11,3,19,35.7,20,56,0,17,100.0,11,11,0,7,7,15,0,18.8,3,16,30,0,0,0,305,s:40~l:54~t:305,depaul-blue-demons,DePaul,Blue Demons,DEP,DePaul Blue Demons,DePaul,2d649c,ce1125,https://a.espncdn.com/i/teamlogos/ncaa/500/305.png,64
300650305,2010,2,2010-03-06,2010-03-06T18:00:00.000000-0500,305,s:40~l:54~t:305,depaul-blue-demons,DePaul,Blue Demons,DEP,DePaul Blue Demons,DePaul,2d649c,ce1125,https://a.espncdn.com/i/teamlogos/ncaa/500/305.png,home,64,true,13,3,23,43.1,22,51,0,15,80.0,16,20,16,6,8,14,0,26.7,4,15,34,0,0,0,269,s:40~l:54~t:269,marquette-golden-eagles,Marquette,Golden Eagles,MARQ,Marquette Golden Eagles,Marquette,083963,ffffff,https://a.espncdn.com/i/teamlogos/ncaa/500/269.png,54
300650164,2010,2,2010-03-06,2010-03-06T20:00:00.000000-0500,2132,s:40~l:54~t:2132,cincinnati-bearcats,Cincinnati,Bearcats,CIN,Cincinnati Bearcats,Cincinnati,000000,717073,https://a.espncdn.com/i/teamlogos/ncaa/500/2132.png,away,44,false,4,1,12,27.1,13,48,0,10,68.8,11,16,4,10,5,13,0,41.2,7,17,26,0,0,0,164,s:40~l:54~t:164,rutgers-scarlet-knights,Rutgers,Scarlet Knights,RUTG,Rutgers Scarlet Knights,Rutgers,d21034,ffffff,https://a.espncdn.com/i/teamlogos/ncaa/500/164.png,70
300650164,2010,2,2010-03-06,2010-03-06T20:00:00.000000-0500,164,s:40~l:54~t:164,rutgers-scarlet-knights,Rutgers,Scarlet Knights,RUTG,Rutgers Scarlet Knights,Rutgers,d21034,ffffff,https://a.espncdn.com/i/teamlogos/ncaa/500/164.png,home,70,true,16,1,27,51.9,27,52,0,13,90.9,10,11,28,11,6,13,0,50.0,6,12,38,0,0,0,2132,s:40~l:54~t:2132,cincinnati-bearcats,Cincinnati,Bearcats,CIN,Cincinnati Bearcats,Cincinnati,000000,717073,https://a.espncdn.com/i/teamlogos/ncaa/500/2132.png,44
300640052,2010,2,2010-03-05,2010-03-05T18:00:00.000000-0500,103,s:40~l:54~t:103,boston-college-eagles,Boston College,Eagles,BC,Boston College Eagles,Boston College,8c2232,dbcca6,https://a.espncdn.com/i/teamlogos/ncaa/500/103.png,away,67,true,14,7,26,48.8,21,43,0,19,85.0,17,20,11,2,6,18,0,40.0,8,20,34,0,0,0,52,s:40~l:54~t:52,florida-state-seminoles,Florida State,Seminoles,FSU,Florida State Seminoles,Florida St,782F40,ceb888,https://a.espncdn.com/i/teamlogos/ncaa/500/52.png,60
300640052,2010,2,2010-03-05,2010-03-05T18:00:00.000000-0500,52,s:40~l:54~t:52,florida-state-seminoles,Florida State,Seminoles,FSU,Florida State Seminoles,Florida St,782F40,ceb888,https://a.espncdn.com/i/teamlogos/ncaa/500/52.png,home,60,false,7,1,16,27.6,21,76,0,22,77.8,14,18,9,25,10,9,0,14.3,4,28,44,0,0,0,103,s:40~l:54~t:103,boston-college-eagles,Boston College,Eagles,BC,Boston College Eagles,Boston College,8c2232,dbcca6,https://a.espncdn.com/i/teamlogos/ncaa/500/103.png,67
300640150,2010,2,2010-03-05,2010-03-05T15:00:00.000000-0500,120,s:40~l:54~t:120,maryland-terrapins,Maryland,Terrapins,MD,Maryland Terrapins,Maryland,D5002B,ffcd00,https://a.espncdn.com/i/teamlogos/ncaa/500/120.png,away,64,false,8,3,14,37.7,20,53,0,17,89.5,17,19,11,11,7,19,1,43.8,7,16,29,1,0,0,150,s:40~l:54~t:150,duke-blue-devils,Duke,Blue Devils,DUKE,Duke Blue Devils,Duke,013088,ffffff,https://a.espncdn.com/i/teamlogos/ncaa/500/150.png,66
300640150,2010,2,2010-03-05,2010-03-05T15:00:00.000000-0500,150,s:40~l:54~t:150,duke-blue-devils,Duke,Blue Devils,DUKE,Duke Blue Devils,Duke,013088,ffffff,https://a.espncdn.com/i/teamlogos/ncaa/500/150.png,home,66,true,11,4,18,47.1,24,51,0,20,63.2,12,19,9,7,10,20,0,66.7,6,9,28,0,0,0,120,s:40~l:54~t:120,maryland-terrapins,Maryland,Terrapins,MD,Maryland Terrapins,Maryland,D5002B,ffcd00,https://a.espncdn.com/i/teamlogos/ncaa/500/120.png,64
300640194,2010,2,2010-03-05,2010-03-05T18:00:00.000000-0500,356,s:40~l:54~t:356,illinois-fighting-illini,Illinois,Fighting Illini,ILL,Illinois Fighting Illini,Illinois,ff5f05,13294b,https://a.espncdn.com/i/teamlogos/ncaa/500/356.png,away,55,false,12,2,23,38.1,24,63,0,14,33.3,2,6,3,12,6,17,0,35.7,5,14,45,0,0,0,194,s:40~l:54~t:194,ohio-state-buckeyes,Ohio State,Buckeyes,OSU,Ohio State Buckeyes,Ohio State,ce1141,505056,https://a.espncdn.com/i/teamlogos/ncaa/500/194.png,66
300640194,2010,2,2010-03-05,2010-03-05T18:00:00.000000-0500,194,s:40~l:54~t:194,ohio-state-buckeyes,Ohio State,Buckeyes,OSU,Ohio State Buckeyes,Ohio State,ce1141,505056,https://a.espncdn.com/i/teamlogos/ncaa/500/194.png,home,66,true,12,3,24,40.0,24,60,0,8,92.3,12,13,16,3,9,9,0,27.3,6,22,34,0,0,0,356,s:40~l:54~t:356,illinois-fighting-illini,Illinois,Fighting Illini,ILL,Illinois Fighting Illini,Illinois,ff5f05,13294b,https://a.espncdn.com/i/teamlogos/ncaa/500/356.png,55
300640042,2010,2,2010-03-05,2010-03-05T18:00:00.000000-0500,160,s:40~l:54~t:160,new-hampshire-wildcats,New Hampshire,Wildcats,UNH,New Hampshire Wildcats,New Hampshire,004990,c3c4c6,https://a.espncdn.com/i/teamlogos/ncaa/500/160.png,away,35,false,5,2,15,27.3,15,55,0,15,66.7,4,6,0,8,7,16,0,7.1,1,14,29,0,0,0,42,s:40~l:54~t:42,hartford-hawks,Hartford,Hawks,HART,Hartford Hawks,Hartford,d60008,000000,https://a.espncdn.com/i/teamlogos/ncaa/500/42.png,68
300640042,2010,2,2010-03-05,2010-03-05T18:00:00.000000-0500,42,s:40~l:54~t:42,hartford-hawks,Hartford,Hawks,HART,Hartford Hawks,Hartford,d60008,000000,https://a.espncdn.com/i/teamlogos/ncaa/500/42.png,home,68,true,10,4,26,46.4,26,56,0,13,77.8,14,18,37,14,6,12,0,14.3,2,14,45,0,0,0,160,s:40~l:54~t:160,new-hampshire-wildcats,New Hampshire,Wildcats,UNH,New Hampshire Wildcats,New Hampshire,004990,c3c4c6,https://a.espncdn.com/i/teamlogos/ncaa/500/160.png,35
300640258,2010,2,2010-03-05,2010-03-05T20:00:00.000000-0500,152,s:40~l:54~t:152,nc-state-wolfpack,NC State,Wolfpack,NCST,NC State Wolfpack,NC State,EF1216,231f20,https://a.espncdn.com/i/teamlogos/ncaa/500/152.png,away,66,true,9,1,29,35.0,21,60,0,16,65.2,15,23,14,12,5,22,0,45.0,9,20,47,0,0,0,258,s:40~l:54~t:258,virginia-cavaliers,Virginia,Cavaliers,UVA,Virginia Cavaliers,Virginia,f84c1e,ffffff,https://a.espncdn.com/i/teamlogos/ncaa/500/258.png,59
300640258,2010,2,2010-03-05,2010-03-05T20:00:00.000000-0500,258,s:40~l:54~t:258,virginia-cavaliers,Virginia,Cavaliers,UVA,Virginia Cavaliers,Virginia,f84c1e,ffffff,https://a.espncdn.com/i/teamlogos/ncaa/500/258.png,home,59,false,5,5,25,33.9,21,62,0,18,63.6,14,22,7,10,11,14,0,21.4,3,14,37,0,0,0,152,s:40~l:54~t:152,nc-state-wolfpack,NC State,Wolfpack,NCST,NC State Wolfpack,NC State,EF1216,231f20,https://a.espncdn.com/i/teamlogos/ncaa/500/152.png,66
300640127,2010,2,2010-03-05,2010-03-05T11:30:00.000000-0500,130,s:40~l:54~t:130,michigan-wolverines,Michigan,Wolverines,MICH,Michigan Wolverines,Michigan,00274c,ffcb05,https://a.espncdn.com/i/teamlogos/ncaa/500/130.png,away,50,false,7,2,14,31.4,16,51,0,21,93.8,15,16,8,8,10,13,0,21.4,3,14,29,0,0,0,127,s:40~l:54~t:127,michigan-state-spartans,Michigan State,Spartans,MSU,Michigan State Spartans,Michigan St,18453B,ffffff,https://a.espncdn.com/i/teamlogos/ncaa/500/127.png,61
300640127,2010,2,2010-03-05,2010-03-05T11:30:00.000000-0500,127,s:40~l:54~t:127,michigan-state-spartans,Michigan State,Spartans,MSU,Michigan State Spartans,Michigan St,18453B,ffffff,https://a.espncdn.com/i/teamlogos/ncaa/500/127.png,home,61,true,6,3,20,40.4,21,52,0,17,65.2,15,23,12,12,8,15,0,22.2,4,18,41,0,0,0,130,s:40~l:54~t:130,michigan-wolverines,Michigan,Wolverines,MICH,Michigan Wolverines,Michigan,00274c,ffcb05,https://a.espncdn.com/i/teamlogos/ncaa/500/130.png,50
300640221,2010,2,2010-03-05,2010-03-05T12:00:00.000000-0500,97,s:40~l:54~t:97,louisville-cardinals,Louisville,Cardinals,LOU,Louisville Cardinals,Louisville,c9001f,000000,https://a.espncdn.com/i/teamlogos/ncaa/500/97.png,away,79,true,11,2,18,53.8,28,52,0,18,74.1,20,27,8,10,11,18,0,27.3,3,11,31,0,0,0,221,s:40~l:54~t:221,pittsburgh-panthers,Pittsburgh,Panthers,PITT,Pittsburgh Panthers,Pitt,003263,231f20,https://a.espncdn.com/i/teamlogos/ncaa/500/221.png,71
300640221,2010,2,2010-03-05,2010-03-05T12:00:00.000000-0500,221,s:40~l:54~t:221,pittsburgh-panthers,Pittsburgh,Panthers,PITT,Pittsburgh Panthers,Pitt,003263,231f20,https://a.espncdn.com/i/teamlogos/ncaa/500/221.png,home,71,false,7,3,14,50.9,29,57,0,26,61.1,11,18,7,11,8,21,0,16.7,2,12,30,0,0,0,97,s:40~l:54~t:97,louisville-cardinals,Louisville,Cardinals,LOU,Louisville Cardinals,Louisville,c9001f,000000,https://a.espncdn.com/i/teamlogos/ncaa/500/97.png,79
300642294,2010,2,2010-03-05,2010-03-05T14:00:00.000000-0500,213,s:40~l:54~t:213,penn-state-lady-lions,Penn State,Lady Lions,PSU,Penn State Lady Lions,Penn State,00265D,002e5c,https://a.espncdn.com/i/teamlogos/ncaa/500/213.png,away,75,false,10,2,22,47.5,29,61,0,21,76.5,13,17,5,10,6,14,0,33.3,4,12,33,0,0,0,2294,s:40~l:54~t:2294,iowa-hawkeyes,Iowa,Hawkeyes,IOWA,Iowa Hawkeyes,Iowa,000000,fcd116,https://a.espncdn.com/i/teamlogos/ncaa/500/2294.png,82
300642294,2010,2,2010-03-05,2010-03-05T14:00:00.000000-0500,2294,s:40~l:54~t:2294,iowa-hawkeyes,Iowa,Hawkeyes,IOWA,Iowa Hawkeyes,Iowa,000000,fcd116,https://a.espncdn.com/i/teamlogos/ncaa/500/2294.png,home,82,true,14,2,20,44.6,25,56,0,15,95.5,21,22,15,4,6,13,0,44.0,11,25,34,0,0,0,213,s:40~l:54~t:213,penn-state-lady-lions,Penn State,Lady Lions,PSU,Penn State Lady Lions,Penn State,00265D,002e5c,https://a.espncdn.com/i/teamlogos/ncaa/500/213.png,75
300640183,2010,2,2010-03-05,2010-03-05T14:00:00.000000-0500,2550,s:40~l:54~t:2550,seton-hall-pirates,Seton Hall,Pirates,HALL,Seton Hall Pirates,Seton Hall,0857B1,8a8d8f,https://a.espncdn.com/i/teamlogos/ncaa/500/2550.png,away,42,false,13,2,20,30.4,17,56,0,17,36.4,4,11,13,11,7,19,0,19.0,4,21,35,0,0,0,183,s:40~l:54~t:183,syracuse-orange,Syracuse,Orange,SYR,Syracuse Orange,Syracuse,ff6500,000e54,https://a.espncdn.com/i/teamlogos/ncaa/500/183.png,65
300640183,2010,2,2010-03-05,2010-03-05T14:00:00.000000-0500,183,s:40~l:54~t:183,syracuse-orange,Syracuse,Orange,SYR,Syracuse Orange,Syracuse,ff6500,000e54,https://a.espncdn.com/i/teamlogos/ncaa/500/183.png,home,65,true,9,3,28,31.4,22,70,0,11,77.3,17,22,25,27,12,12,0,25.0,4,16,58,0,0,0,2550,s:40~l:54~t:2550,seton-hall-pirates,Seton Hall,Pirates,HALL,Seton Hall Pirates,Seton Hall,0857B1,8a8d8f,https://a.espncdn.com/i/teamlogos/ncaa/500/2550.png,42
300640269,2010,2,2010-03-05,2010-03-05T18:00:00.000000-0500,222,s:40~l:54~t:222,villanova-wildcats,Villanova,Wildcats,VILL,Villanova Wildcats,Villanova,00205b,13b5ea,https://a.espncdn.com/i/teamlogos/ncaa/500/222.png,away,49,false,12,5,24,33.3,20,60,0,13,100.0,2,2,4,5,3,13,0,25.0,7,28,33,0,0,0,269,s:40~l:54~t:269,marquette-golden-eagles,Marquette,Golden Eagles,MARQ,Marquette Golden Eagles,Marquette,083963,ffffff,https://a.espncdn.com/i/teamlogos/ncaa/500/269.png,53
300640269,2010,2,2010-03-05,2010-03-05T18:00:00.000000-0500,269,s:40~l:54~t:269,marquette-golden-eagles,Marquette,Golden Eagles,MARQ,Marquette Golden Eagles,Marquette,083963,ffffff,https://a.espncdn.com/i/teamlogos/ncaa/500/269.png,home,53,true,10,1,29,38.9,21,54,0,11,72.7,8,11,11,8,5,12,0,25.0,3,12,38,0,0,0,222,s:40~l:54~t:222,villanova-wildcats,Villanova,Wildcats,VILL,Villanova Wildcats,Villanova,00205b,13b5ea,https://a.espncdn.com/i/teamlogos/ncaa/500/222.png,49
300640058,2010,2,2010-03-05,2010-03-05T20:00:00.000000-0500,2132,s:40~l:54~t:2132,cincinnati-bearcats,Cincinnati,Bearcats,CIN,Cincinnati Bearcats,Cincinnati,000000,717073,https://a.espncdn.com/i/teamlogos/ncaa/500/2132.png,away,63,true,8,1,19,40.0,20,50,0,14,75.0,18,24,17,9,11,15,0,41.7,5,12,35,0,0,0,58,s:40~l:54~t:58,south-florida-bulls,South Florida,Bulls,USF,South Florida Bulls,South Florida,004A36,231f20,https://a.espncdn.com/i/teamlogos/ncaa/500/58.png,51
300640058,2010,2,2010-03-05,2010-03-05T20:00:00.000000-0500,58,s:40~l:54~t:58,south-florida-bulls,South Florida,Bulls,USF,South Florida Bulls,South Florida,004A36,231f20,https://a.espncdn.com/i/teamlogos/ncaa/500/58.png,home,51,false,12,2,21,44.7,21,47,0,19,50.0,5,10,2,5,8,20,0,26.7,4,15,28,0,0,0,2132,s:40~l:54~t:2132,cincinnati-bearcats,Cincinnati,Bearcats,CIN,Cincinnati Bearcats,Cincinnati,000000,717073,https://a.espncdn.com/i/teamlogos/ncaa/500/2132.png,63
300640275,2010,2,2010-03-05,2010-03-05T20:30:00.000000-0500,2509,s:40~l:54~t:2509,purdue-boilermakers,Purdue,Boilermakers,PUR,Purdue Boilermakers,Purdue,000000,cfb991,https://a.espncdn.com/i/teamlogos/ncaa/500/2509.png,away,51,false,7,5,17,34.0,17,50,0,17,81.3,13,16,0,8,7,19,0,23.5,4,17,32,0,0,0,275,s:40~l:54~t:275,wisconsin-badgers,Wisconsin,Badgers,WISC,Wisconsin Badgers,Wisconsin,A00000,f7f7f7,https://a.espncdn.com/i/teamlogos/ncaa/500/275.png,73
300640275,2010,2,2010-03-05,2010-03-05T20:30:00.000000-0500,275,s:40~l:54~t:275,wisconsin-badgers,Wisconsin,Badgers,WISC,Wisconsin Badgers,Wisconsin,A00000,f7f7f7,https://a.espncdn.com/i/teamlogos/ncaa/500/275.png,home,73,true,15,1,21,50.8,30,59,0,12,62.5,5,8,24,8,10,14,0,47.1,8,17,35,0,0,0,2509,s:40~l:54~t:2509,purdue-boilermakers,Purdue,Boilermakers,PUR,Purdue Boilermakers,Purdue,000000,cfb991,https://a.espncdn.com/i/teamlogos/ncaa/500/2509.png,51
300630154,2010,2,2010-03-04,2010-03-04T11:00:00.000000-0500,2390,s:40~l:54~t:2390,miami-hurricanes,Miami,Hurricanes,MIA,Miami Hurricanes,Miami,004325,f0f0f0,https://a.espncdn.com/i/teamlogos/ncaa/500/2390.png,away,65,false,6,4,20,36.4,24,66,0,18,66.7,14,21,11,13,12,16,0,18.8,3,16,37,0,0,0,154,s:40~l:54~t:154,wake-forest-demon-deacons,Wake Forest,Demon Deacons,WAKE,Wake Forest Demon Deacons,Wake Forest,9E7E38,000000,https://a.espncdn.com/i/teamlogos/ncaa/500/154.png,66
300630154,2010,2,2010-03-04,2010-03-04T11:00:00.000000-0500,154,s:40~l:54~t:154,wake-forest-demon-deacons,Wake Forest,Demon Deacons,WAKE,Wake Forest Demon Deacons,Wake Forest,9E7E38,000000,https://a.espncdn.com/i/teamlogos/ncaa/500/154.png,home,66,true,14,1,27,40.6,26,64,0,18,64.7,11,17,7,15,3,22,0,16.7,3,18,45,0,0,0,2390,s:40~l:54~t:2390,miami-hurricanes,Miami,Hurricanes,MIA,Miami Hurricanes,Miami,004325,f0f0f0,https://a.espncdn.com/i/teamlogos/ncaa/500/2390.png,65
300630153,2010,2,2010-03-04,2010-03-04T15:00:00.000000-0500,120,s:40~l:54~t:120,maryland-terrapins,Maryland,Terrapins,MD,Maryland Terrapins,Maryland,D5002B,ffcd00,https://a.espncdn.com/i/teamlogos/ncaa/500/120.png,away,83,true,9,1,29,43.3,29,67,0,22,64.5,20,31,16,15,5,13,0,25.0,5,20,49,0,0,0,153,s:40~l:54~t:153,north-carolina-tar-heels,North Carolina,Tar Heels,UNC,North Carolina Tar Heels,North Carolina,7bafd4,13294b,https://a.espncdn.com/i/teamlogos/ncaa/500/153.png,77
300630153,2010,2,2010-03-04,2010-03-04T15:00:00.000000-0500,153,s:40~l:54~t:153,north-carolina-tar-heels,North Carolina,Tar Heels,UNC,North Carolina Tar Heels,North Carolina,7bafd4,13294b,https://a.espncdn.com/i/teamlogos/ncaa/500/153.png,home,77,false,12,4,27,36.8,28,76,0,25,70.8,17,24,2,19,10,11,0,25.0,4,16,48,0,0,0,120,s:40~l:54~t:120,maryland-terrapins,Maryland,Terrapins,MD,Maryland Terrapins,Maryland,D5002B,ffcd00,https://a.espncdn.com/i/teamlogos/ncaa/500/120.png,83
300630103,2010,2,2010-03-04,2010-03-04T18:00:00.000000-0500,259,s:40~l:54~t:259,virginia-tech-hokies,Virginia Tech,Hokies,VT,Virginia Tech Hokies,Virginia Tech,630031,cf4520,https://a.espncdn.com/i/teamlogos/ncaa/500/259.png,away,49,false,5,6,20,30.8,16,52,0,16,75.0,15,20,0,10,9,16,0,18.2,2,11,32,0,0,0,103,s:40~l:54~t:103,boston-college-eagles,Boston College,Eagles,BC,Boston College Eagles,Boston College,8c2232,dbcca6,https://a.espncdn.com/i/teamlogos/ncaa/500/103.png,62
300630103,2010,2,2010-03-04,2010-03-04T18:00:00.000000-0500,103,s:40~l:54~t:103,boston-college-eagles,Boston College,Eagles,BC,Boston College Eagles,Boston College,8c2232,dbcca6,https://a.espncdn.com/i/teamlogos/ncaa/500/103.png,home,62,true,13,3,21,40.4,21,52,0,16,68.4,13,19,20,12,7,16,0,38.9,7,18,37,0,0,0,259,s:40~l:54~t:259,virginia-tech-hokies,Virginia Tech,Hokies,VT,Virginia Tech Hokies,Virginia Tech,630031,cf4520,https://a.espncdn.com/i/teamlogos/ncaa/500/259.png,49
300630152,2010,2,2010-03-04,2010-03-04T20:00:00.000000-0500,228,s:40~l:54~t:228,clemson-tigers,Clemson,Tigers,CLEM,Clemson Tigers,Clemson,F66733,522d80,https://a.espncdn.com/i/teamlogos/ncaa/500/228.png,away,54,false,4,5,22,35.0,21,60,0,19,76.9,10,13,4,5,15,19,0,15.4,2,13,33,0,0,0,152,s:40~l:54~t:152,nc-state-wolfpack,NC State,Wolfpack,NCST,NC State Wolfpack,NC State,EF1216,231f20,https://a.espncdn.com/i/teamlogos/ncaa/500/152.png,59
300630152,2010,2,2010-03-04,2010-03-04T20:00:00.000000-0500,152,s:40~l:54~t:152,nc-state-wolfpack,NC State,Wolfpack,NCST,NC State Wolfpack,NC State,EF1216,231f20,https://a.espncdn.com/i/teamlogos/ncaa/500/152.png,home,59,true,10,2,31,35.6,21,59,0,14,73.7,14,19,9,13,12,22,0,33.3,3,9,47,0,0,0,228,s:40~l:54~t:228,clemson-tigers,Clemson,Tigers,CLEM,Clemson Tigers,Clemson,F66733,522d80,https://a.espncdn.com/i/teamlogos/ncaa/500/228.png,54
300630030,2010,2,2010-03-04,2010-03-04T22:00:00.000000-0500,12,s:40~l:54~t:12,arizona-wildcats,Arizona,Wildcats,ARIZ,Arizona Wildcats,Arizona,0c234b,ab0520,https://a.espncdn.com/i/teamlogos/ncaa/500/12.png,away,53,false,5,2,21,36.5,19,52,0,14,65.0,13,20,0,11,6,20,0,20.0,2,10,38,0,0,0,30,s:40~l:54~t:30,usc-trojans,USC,Trojans,USC,USC Trojans,USC,9e2237,ffcc00,https://a.espncdn.com/i/teamlogos/ncaa/500/30.png,55
300630030,2010,2,2010-03-04,2010-03-04T22:00:00.000000-0500,30,s:40~l:54~t:30,usc-trojans,USC,Trojans,USC,USC Trojans,USC,9e2237,ffcc00,https://a.espncdn.com/i/teamlogos/ncaa/500/30.png,home,55,true,18,4,16,36.5,23,63,0,17,77.8,7,9,15,10,11,15,0,18.2,2,11,31,0,0,0,12,s:40~l:54~t:12,arizona-wildcats,Arizona,Wildcats,ARIZ,Arizona Wildcats,Arizona,0c234b,ab0520,https://a.espncdn.com/i/teamlogos/ncaa/500/12.png,53
300620158,2010,2,2010-03-03,2010-03-03T20:05:00.000000-0500,2305,s:40~l:54~t:2305,kansas-jayhawks,Kansas,Jayhawks,KU,Kansas Jayhawks,Kansas,0051ba,e8000d,https://a.espncdn.com/i/teamlogos/ncaa/500/2305.png,away,52,false,9,6,25,44.2,23,52,0,19,44.4,4,9,0,4,3,21,0,18.2,2,11,31,0,0,0,158,s:40~l:54~t:158,nebraska-cornhuskers,Nebraska,Cornhuskers,NEB,Nebraska Cornhuskers,Nebraska,F20017,f5f1e7,https://a.espncdn.com/i/teamlogos/ncaa/500/158.png,77
300620158,2010,2,2010-03-03,2010-03-03T20:05:00.000000-0500,158,s:40~l:54~t:158,nebraska-cornhuskers,Nebraska,Cornhuskers,NEB,Nebraska Cornhuskers,Nebraska,F20017,f5f1e7,https://a.espncdn.com/i/teamlogos/ncaa/500/158.png,home,77,true,11,1,22,39.7,25,63,0,13,80.0,24,30,31,14,13,10,0,25.0,3,12,43,0,0,0,2305,s:40~l:54~t:2305,kansas-jayhawks,Kansas,Jayhawks,KU,Kansas Jayhawks,Kansas,0051ba,e8000d,https://a.espncdn.com/i/teamlogos/ncaa/500/2305.png,52
300620197,2010,2,2010-03-03,2010-03-03T20:00:00.000000-0500,66,s:40~l:54~t:66,iowa-state-cyclones,Iowa State,Cyclones,ISU,Iowa State Cyclones,Iowa State,822433,fdca2f,https://a.espncdn.com/i/teamlogos/ncaa/500/66.png,away,70,false,17,1,25,39.3,24,61,0,17,81.8,9,11,4,9,3,12,0,37.1,13,35,37,0,0,0,197,s:40~l:54~t:197,oklahoma-state-cowgirls,Oklahoma State,Cowgirls,OKST,Oklahoma State Cowgirls,Oklahoma St,ff6500,000000,https://a.espncdn.com/i/teamlogos/ncaa/500/197.png,78
300620197,2010,2,2010-03-03,2010-03-03T20:00:00.000000-0500,197,s:40~l:54~t:197,oklahoma-state-cowgirls,Oklahoma State,Cowgirls,OKST,Oklahoma State Cowgirls,Oklahoma St,ff6500,000000,https://a.espncdn.com/i/teamlogos/ncaa/500/197.png,home,78,true,9,4,27,40.7,24,59,0,11,88.9,24,27,11,10,8,6,0,33.3,6,18,37,0,0,0,66,s:40~l:54~t:66,iowa-state-cyclones,Iowa State,Cyclones,ISU,Iowa State Cyclones,Iowa State,822433,fdca2f,https://a.espncdn.com/i/teamlogos/ncaa/500/66.png,70
300620251,2010,2,2010-03-03,2010-03-03T20:00:00.000000-0500,142,s:40~l:54~t:142,missouri-tigers,Missouri,Tigers,MIZ,Missouri Tigers,Missouri,f1b82d,000000,https://a.espncdn.com/i/teamlogos/ncaa/500/142.png,away,41,false,3,6,17,31.5,17,54,0,16,100.0,6,6,0,10,11,18,0,7.1,1,14,30,0,0,0,251,s:40~l:54~t:251,texas-longhorns,Texas,Longhorns,TEX,Texas Longhorns,Texas,c15d26,ffffff,https://a.espncdn.com/i/teamlogos/ncaa/500/251.png,60
300620251,2010,2,2010-03-03,2010-03-03T20:00:00.000000-0500,251,s:40~l:54~t:251,texas-longhorns,Texas,Longhorns,TEX,Texas Longhorns,Texas,c15d26,ffffff,https://a.espncdn.com/i/teamlogos/ncaa/500/251.png,home,60,true,13,3,24,43.9,25,57,0,8,45.5,5,11,20,14,11,19,0,33.3,5,15,42,0,0,0,142,s:40~l:54~t:142,missouri-tigers,Missouri,Tigers,MIZ,Missouri Tigers,Missouri,f1b82d,000000,https://a.espncdn.com/i/teamlogos/ncaa/500/142.png,41
300620070,2010,2,2010-03-03,2010-03-03T23:00:00.000000-0500,2348,s:40~l:54~t:2348,louisiana-tech-lady-techsters,Louisiana Tech,Lady Techsters,LT,Louisiana Tech Lady Techsters,Louisiana Tech,002d65,d3313a,https://a.espncdn.com/i/teamlogos/ncaa/500/2348.png,away,63,true,12,6,32,46.8,29,62,0,8,57.1,4,7,22,9,8,17,0,14.3,1,7,44,0,0,0,70,s:40~l:54~t:70,idaho-vandals,Idaho,Vandals,IDHO,Idaho Vandals,Idaho,000000,8c6e4a,https://a.espncdn.com/i/teamlogos/ncaa/500/70.png,56
300620070,2010,2,2010-03-03,2010-03-03T23:00:00.000000-0500,70,s:40~l:54~t:70,idaho-vandals,Idaho,Vandals,IDHO,Idaho Vandals,Idaho,000000,8c6e4a,https://a.espncdn.com/i/teamlogos/ncaa/500/70.png,home,56,false,12,2,24,33.8,23,68,0,9,50.0,3,6,5,9,9,14,0,22.6,7,31,38,0,0,0,2348,s:40~l:54~t:2348,louisiana-tech-lady-techsters,Louisiana Tech,Lady Techsters,LT,Louisiana Tech Lady Techsters,Louisiana Tech,002d65,d3313a,https://a.espncdn.com/i/teamlogos/ncaa/500/2348.png,63
300610245,2010,2,2010-03-02,2010-03-02T20:00:00.000000-0500,201,s:40~l:54~t:201,oklahoma-sooners,Oklahoma,Sooners,OU,Oklahoma Sooners,Oklahoma,9d2235,ffffff,https://a.espncdn.com/i/teamlogos/ncaa/500/201.png,away,55,false,10,2,25,29.8,17,57,0,19,87.5,21,24,2,10,3,21,0,0.0,0,8,39,0,0,0,245,s:40~l:54~t:245,texas-am-aggies,Texas A&M,Aggies,TA&M,Texas A&M Aggies,Texas A&M,5C0025,ffffff,https://a.espncdn.com/i/teamlogos/ncaa/500/245.png,78
300610245,2010,2,2010-03-02,2010-03-02T20:00:00.000000-0500,245,s:40~l:54~t:245,texas-am-aggies,Texas A&M,Aggies,TA&M,Texas A&M Aggies,Texas A&M,5C0025,ffffff,https://a.espncdn.com/i/teamlogos/ncaa/500/245.png,home,78,true,18,6,28,44.1,30,68,0,20,82.4,14,17,26,10,9,12,0,44.4,4,9,40,0,0,0,201,s:40~l:54~t:201,oklahoma-sooners,Oklahoma,Sooners,OU,Oklahoma Sooners,Oklahoma,9d2235,ffffff,https://a.espncdn.com/i/teamlogos/ncaa/500/201.png,55
300600087,2010,2,2010-03-01,2010-03-01T19:00:00.000000-0500,41,s:40~l:54~t:41,uconn-huskies,UConn,Huskies,CONN,UConn Huskies,UConn,0c2340,f1f2f3,https://a.espncdn.com/i/teamlogos/ncaa/500/41.png,away,76,true,24,5,30,55.6,30,54,0,14,58.8,10,17,30,8,8,15,0,40.0,6,15,41,0,0,0,87,s:40~l:54~t:87,notre-dame-fighting-irish,Notre Dame,Fighting Irish,ND,Notre Dame Fighting Irish,Notre Dame,0c2340,c99700,https://a.espncdn.com/i/teamlogos/ncaa/500/87.png,51
300600087,2010,2,2010-03-01,2010-03-01T19:00:00.000000-0500,87,s:40~l:54~t:87,notre-dame-fighting-irish,Notre Dame,Fighting Irish,ND,Notre Dame Fighting Irish,Notre Dame,0c2340,c99700,https://a.espncdn.com/i/teamlogos/ncaa/500/87.png,home,51,false,12,6,20,31.1,19,61,0,15,52.9,9,17,0,13,10,12,0,28.6,4,14,35,0,0,0,41,s:40~l:54~t:41,uconn-huskies,UConn,Huskies,CONN,UConn Huskies,UConn,0c2340,f1f2f3,https://a.espncdn.com/i/teamlogos/ncaa/500/41.png,76
300600183,2010,2,2010-03-01,2010-03-01T19:00:00.000000-0500,277,s:40~l:54~t:277,west-virginia-mountaineers,West Virginia,Mountaineers,WVU,West Virginia Mountaineers,West Virginia,FFC600,eaaa00,https://a.espncdn.com/i/teamlogos/ncaa/500/277.png,away,48,false,8,9,23,31.3,15,48,0,16,80.0,16,20,14,8,14,28,0,18.2,2,11,36,0,0,0,183,s:40~l:54~t:183,syracuse-orange,Syracuse,Orange,SYR,Syracuse Orange,Syracuse,ff6500,000e54,https://a.espncdn.com/i/teamlogos/ncaa/500/183.png,67
300600183,2010,2,2010-03-01,2010-03-01T19:00:00.000000-0500,183,s:40~l:54~t:183,syracuse-orange,Syracuse,Orange,SYR,Syracuse Orange,Syracuse,ff6500,000e54,https://a.espncdn.com/i/teamlogos/ncaa/500/183.png,home,67,true,7,3,21,33.3,25,75,0,18,65.0,13,20,21,21,14,16,0,22.2,4,18,54,0,0,0,277,s:40~l:54~t:277,west-virginia-mountaineers,West Virginia,Mountaineers,WVU,West Virginia Mountaineers,West Virginia,FFC600,eaaa00,https://a.espncdn.com/i/teamlogos/ncaa/500/277.png,48
300600221,2010,2,2010-03-01,2010-03-01T19:00:00.000000-0500,2599,s:40~l:54~t:2599,st-johns-red-storm,St. John's,Red Storm,SJU,St. John's Red Storm,St John's,d10000,101010,https://a.espncdn.com/i/teamlogos/ncaa/500/2599.png,away,77,true,20,4,30,44.4,28,63,0,14,51.9,14,27,12,11,6,12,0,53.8,7,13,46,0,0,0,221,s:40~l:54~t:221,pittsburgh-panthers,Pittsburgh,Panthers,PITT,Pittsburgh Panthers,Pitt,003263,231f20,https://a.espncdn.com/i/teamlogos/ncaa/500/221.png,65
300600221,2010,2,2010-03-01,2010-03-01T19:00:00.000000-0500,221,s:40~l:54~t:221,pittsburgh-panthers,Pittsburgh,Panthers,PITT,Pittsburgh Panthers,Pitt,003263,231f20,https://a.espncdn.com/i/teamlogos/ncaa/500/221.png,home,65,false,12,7,26,37.9,25,66,0,20,91.7,11,12,3,11,2,11,1,33.3,4,12,40,1,0,0,2599,s:40~l:54~t:2599,st-johns-red-storm,St. John's,Red Storm,SJU,St. John's Red Storm,St John's,d10000,101010,https://a.espncdn.com/i/teamlogos/ncaa/500/2599.png,77
300602296,2010,2,2010-03-01,2010-03-01T16:30:00.000000-0500,2029,s:40~l:54~t:2029,arkansas-pine-bluff-golden-lions,Arkansas-Pine Bluff,Golden Lions,UAPB,Arkansas-Pine Bluff Golden Lions,AR-Pine Bluff,e0aa0f,eaaa00,https://a.espncdn.com/i/teamlogos/ncaa/500/2029.png,away,64,false,9,0,19,35.4,23,65,0,24,65.0,13,20,2,11,13,16,0,31.3,5,16,35,0,0,0,2296,s:40~l:54~t:2296,jackson-state-lady-tigers,Jackson State,Lady Tigers,JKST,Jackson State Lady Tigers,Jackson St,123297,b5b7ba,https://a.espncdn.com/i/teamlogos/ncaa/500/2296.png,67
300602296,2010,2,2010-03-01,2010-03-01T16:30:00.000000-0500,2296,s:40~l:54~t:2296,jackson-state-lady-tigers,Jackson State,Lady Tigers,JKST,Jackson State Lady Tigers,Jackson St,123297,b5b7ba,https://a.espncdn.com/i/teamlogos/ncaa/500/2296.png,home,67,true,13,3,29,43.4,23,53,0,19,69.0,20,29,11,11,9,19,0,12.5,1,8,46,0,0,0,2029,s:40~l:54~t:2029,arkansas-pine-bluff-golden-lions,Arkansas-Pine Bluff,Golden Lions,UAPB,Arkansas-Pine Bluff Golden Lions,AR-Pine Bluff,e0aa0f,eaaa00,https://a.espncdn.com/i/teamlogos/ncaa/500/2029.png,64
300592633,2010,2,2010-02-28,2010-02-28T18:00:00.000000-0500,145,s:40~l:54~t:145,ole-miss-rebels,Ole Miss,Rebels,MISS,Ole Miss Rebels,Ole Miss,001148,00205b,https://a.espncdn.com/i/teamlogos/ncaa/500/145.png,away,63,false,7,1,23,35.9,23,64,0,20,73.3,11,15,0,16,6,12,1,30.0,6,20,40,1,0,0,2633,s:40~l:54~t:2633,tennessee-lady-volunteers,Tennessee,Lady Volunteers,TENN,Tennessee Lady Volunteers,Tennessee,ff8200,ffffff,https://a.espncdn.com/i/teamlogos/ncaa/500/2633_ncw.png,75
300592633,2010,2,2010-02-28,2010-02-28T18:00:00.000000-0500,2633,s:40~l:54~t:2633,tennessee-lady-volunteers,Tennessee,Lady Volunteers,TENN,Tennessee Lady Volunteers,Tennessee,ff8200,ffffff,https://a.espncdn.com/i/teamlogos/ncaa/500/2633_ncw.png,home,75,true,13,5,27,42.6,29,68,0,17,58.3,14,24,13,20,2,11,0,33.3,3,9,49,0,0,0,145,s:40~l:54~t:145,ole-miss-rebels,Ole Miss,Rebels,MISS,Ole Miss Rebels,Ole Miss,001148,00205b,https://a.espncdn.com/i/teamlogos/ncaa/500/145.png,63
300582230,2010,2,2010-02-28,2010-02-28T15:00:00.000000-0500,2752,s:40~l:54~t:2752,xavier-musketeers,Xavier,Musketeers,XAV,Xavier Musketeers,Xavier,002144,9ea2a2,https://a.espncdn.com/i/teamlogos/ncaa/500/2752.png,away,74,true,17,7,31,50.0,29,58,0,17,65.0,13,20,15,14,2,17,0,23.1,3,13,50,0,0,0,2230,s:40~l:54~t:2230,fordham-rams,Fordham,Rams,FOR,Fordham Rams,Fordham,830032,909090,https://a.espncdn.com/i/teamlogos/ncaa/500/2230.png,59
300582230,2010,2,2010-02-28,2010-02-28T15:00:00.000000-0500,2230,s:40~l:54~t:2230,fordham-rams,Fordham,Rams,FOR,Fordham Rams,Fordham,830032,909090,https://a.espncdn.com/i/teamlogos/ncaa/500/2230.png,home,59,false,10,0,15,32.3,20,62,0,19,50.0,9,18,1,10,13,9,0,31.3,10,32,28,0,0,0,2752,s:40~l:54~t:2752,xavier-musketeers,Xavier,Musketeers,XAV,Xavier Musketeers,Xavier,002144,9ea2a2,https://a.espncdn.com/i/teamlogos/ncaa/500/2752.png,74
300590153,2010,2,2010-02-28,2010-02-28T15:00:00.000000-0500,150,s:40~l:54~t:150,duke-blue-devils,Duke,Blue Devils,DUKE,Duke Blue Devils,Duke,013088,ffffff,https://a.espncdn.com/i/teamlogos/ncaa/500/150.png,away,54,false,11,2,18,26.4,19,72,0,25,54.2,13,24,7,21,19,21,0,13.6,3,22,45,0,0,0,153,s:40~l:54~t:153,north-carolina-tar-heels,North Carolina,Tar Heels,UNC,North Carolina Tar Heels,North Carolina,7bafd4,13294b,https://a.espncdn.com/i/teamlogos/ncaa/500/153.png,64
300590153,2010,2,2010-02-28,2010-02-28T15:00:00.000000-0500,153,s:40~l:54~t:153,north-carolina-tar-heels,North Carolina,Tar Heels,UNC,North Carolina Tar Heels,North Carolina,7bafd4,13294b,https://a.espncdn.com/i/teamlogos/ncaa/500/153.png,home,64,true,10,11,26,38.3,18,47,0,20,65.7,23,35,10,12,13,29,0,38.5,5,13,43,0,0,0,150,s:40~l:54~t:150,duke-blue-devils,Duke,Blue Devils,DUKE,Duke Blue Devils,Duke,013088,ffffff,https://a.espncdn.com/i/teamlogos/ncaa/500/150.png,54
300590120,2010,2,2010-02-28,2010-02-28T15:00:00.000000-0500,52,s:40~l:54~t:52,florida-state-seminoles,Florida State,Seminoles,FSU,Florida State Seminoles,Florida St,782F40,ceb888,https://a.espncdn.com/i/teamlogos/ncaa/500/52.png,away,94,true,19,1,24,59.3,32,54,0,13,85.7,18,21,33,5,11,18,0,75.0,12,16,32,0,0,0,120,s:40~l:54~t:120,maryland-terrapins,Maryland,Terrapins,MD,Maryland Terrapins,Maryland,D5002B,ffcd00,https://a.espncdn.com/i/teamlogos/ncaa/500/120.png,61
300590120,2010,2,2010-02-28,2010-02-28T15:00:00.000000-0500,120,s:40~l:54~t:120,maryland-terrapins,Maryland,Terrapins,MD,Maryland Terrapins,Maryland,D5002B,ffcd00,https://a.espncdn.com/i/teamlogos/ncaa/500/120.png,home,61,false,10,4,13,40.0,24,60,0,16,54.5,6,11,6,11,5,21,0,31.8,7,22,28,0,0,0,52,s:40~l:54~t:52,florida-state-seminoles,Florida State,Seminoles,FSU,Florida State Seminoles,Florida St,782F40,ceb888,https://a.espncdn.com/i/teamlogos/ncaa/500/52.png,94
300590002,2010,2,2010-02-28,2010-02-28T15:00:00.000000-0500,96,s:40~l:54~t:96,kentucky-wildcats,Kentucky,Wildcats,UK,Kentucky Wildcats,Kentucky,005DAA,ffffff,https://a.espncdn.com/i/teamlogos/ncaa/500/96.png,away,53,false,12,1,16,36.1,22,61,0,17,60.0,3,5,4,8,13,17,0,35.3,6,17,27,0,0,0,2,s:40~l:54~t:2,auburn-tigers,Auburn,Tigers,AUB,Auburn Tigers,Auburn,03244d,f1f2f3,https://a.espncdn.com/i/teamlogos/ncaa/500/2.png,65
300590002,2010,2,2010-02-28,2010-02-28T15:00:00.000000-0500,2,s:40~l:54~t:2,auburn-tigers,Auburn,Tigers,AUB,Auburn Tigers,Auburn,03244d,f1f2f3,https://a.espncdn.com/i/teamlogos/ncaa/500/2.png,home,65,true,15,9,24,44.4,24,54,0,10,83.3,15,18,15,12,12,22,0,22.2,2,9,43,0,0,0,96,s:40~l:54~t:96,kentucky-wildcats,Kentucky,Wildcats,UK,Kentucky Wildcats,Kentucky,005DAA,ffffff,https://a.espncdn.com/i/teamlogos/ncaa/500/96.png,53
300590239,2010,2,2010-02-28,2010-02-28T17:00:00.000000-0500,2305,s:40~l:54~t:2305,kansas-jayhawks,Kansas,Jayhawks,KU,Kansas Jayhawks,Kansas,0051ba,e8000d,https://a.espncdn.com/i/teamlogos/ncaa/500/2305.png,away,47,false,12,2,16,36.2,21,58,0,14,66.7,4,6,0,11,4,14,0,16.7,1,6,31,0,0,0,239,s:40~l:54~t:239,baylor-bears,Baylor,Bears,BAY,Baylor Bears,Baylor,154734,ffb81c,https://a.espncdn.com/i/teamlogos/ncaa/500/239.png,70
300590239,2010,2,2010-02-28,2010-02-28T17:00:00.000000-0500,239,s:40~l:54~t:239,baylor-bears,Baylor,Bears,BAY,Baylor Bears,Baylor,154734,ffb81c,https://a.espncdn.com/i/teamlogos/ncaa/500/239.png,home,70,true,17,11,22,43.8,28,64,0,10,100.0,13,13,26,14,7,12,0,9.1,1,11,43,0,0,0,2305,s:40~l:54~t:2305,kansas-jayhawks,Kansas,Jayhawks,KU,Kansas Jayhawks,Kansas,0051ba,e8000d,https://a.espncdn.com/i/teamlogos/ncaa/500/2305.png,47
300590258,2010,2,2010-02-28,2010-02-28T13:00:00.000000-0500,259,s:40~l:54~t:259,virginia-tech-hokies,Virginia Tech,Hokies,VT,Virginia Tech Hokies,Virginia Tech,630031,cf4520,https://a.espncdn.com/i/teamlogos/ncaa/500/259.png,away,46,false,9,4,25,28.6,16,56,0,20,56.3,9,16,7,7,4,18,0,29.4,5,17,36,0,0,0,258,s:40~l:54~t:258,virginia-cavaliers,Virginia,Cavaliers,UVA,Virginia Cavaliers,Virginia,f84c1e,ffffff,https://a.espncdn.com/i/teamlogos/ncaa/500/258.png,55
300590258,2010,2,2010-02-28,2010-02-28T13:00:00.000000-0500,258,s:40~l:54~t:258,virginia-cavaliers,Virginia,Cavaliers,UVA,Virginia Cavaliers,Virginia,f84c1e,ffffff,https://a.espncdn.com/i/teamlogos/ncaa/500/258.png,home,55,true,6,5,30,34.7,17,49,0,14,70.4,19,27,11,10,7,18,0,25.0,2,8,44,0,0,0,259,s:40~l:54~t:259,virginia-tech-hokies,Virginia Tech,Hokies,VT,Virginia Tech Hokies,Virginia Tech,630031,cf4520,https://a.espncdn.com/i/teamlogos/ncaa/500/259.png,46
300592641,2010,2,2010-02-28,2010-02-28T13:00:00.000000-0500,197,s:40~l:54~t:197,oklahoma-state-cowgirls,Oklahoma State,Cowgirls,OKST,Oklahoma State Cowgirls,Oklahoma St,ff6500,000000,https://a.espncdn.com/i/teamlogos/ncaa/500/197.png,away,80,true,18,1,30,47.5,29,61,0,18,72.7,16,22,10,13,2,12,0,30.0,6,20,46,0,0,0,2641,s:40~l:54~t:2641,texas-tech-lady-raiders,Texas Tech,Lady Raiders,TTU,Texas Tech Lady Raiders,Texas Tech,C80025,231f20,https://a.espncdn.com/i/teamlogos/ncaa/500/2641.png,70
300592641,2010,2,2010-02-28,2010-02-28T13:00:00.000000-0500,2641,s:40~l:54~t:2641,texas-tech-lady-raiders,Texas Tech,Lady Raiders,TTU,Texas Tech Lady Raiders,Texas Tech,C80025,231f20,https://a.espncdn.com/i/teamlogos/ncaa/500/2641.png,home,70,false,15,2,18,38.7,24,62,0,21,56.3,9,16,4,9,7,9,0,52.0,13,25,32,0,0,0,197,s:40~l:54~t:197,oklahoma-state-cowgirls,Oklahoma State,Cowgirls,OKST,Oklahoma State Cowgirls,Oklahoma St,ff6500,000000,https://a.espncdn.com/i/teamlogos/ncaa/500/197.png,80
300590061,2010,2,2010-02-28,2010-02-28T14:00:00.000000-0500,8,s:40~l:54~t:8,arkansas-razorbacks,Arkansas,Razorbacks,ARK,Arkansas Razorbacks,Arkansas,a41f35,222222,https://a.espncdn.com/i/teamlogos/ncaa/500/8.png,away,48,false,10,2,19,32.0,16,50,0,20,73.3,11,15,0,12,6,20,0,20.8,5,24,32,0,0,0,61,s:40~l:54~t:61,georgia-lady-bulldogs,Georgia,Lady Bulldogs,UGA,Georgia Lady Bulldogs,Georgia,CC0000,000000,https://a.espncdn.com/i/teamlogos/ncaa/500/61.png,69
300590061,2010,2,2010-02-28,2010-02-28T14:00:00.000000-0500,61,s:40~l:54~t:61,georgia-lady-bulldogs,Georgia,Lady Bulldogs,UGA,Georgia Lady Bulldogs,Georgia,CC0000,000000,https://a.espncdn.com/i/teamlogos/ncaa/500/61.png,home,69,true,13,3,23,39.3,24,61,0,14,80.0,16,20,23,15,10,14,0,33.3,5,15,44,0,0,0,8,s:40~l:54~t:8,arkansas-razorbacks,Arkansas,Razorbacks,ARK,Arkansas Razorbacks,Arkansas,a41f35,222222,https://a.espncdn.com/i/teamlogos/ncaa/500/8.png,48
300580041,2010,2,2010-02-27,2010-02-27T12:00:00.000000-0500,46,s:40~l:54~t:46,georgetown-hoyas,Georgetown,Hoyas,GTWN,Georgetown Hoyas,Georgetown,110E42,001c58,https://a.espncdn.com/i/teamlogos/ncaa/500/46.png,away,62,false,18,2,11,32.9,24,73,0,16,100.0,8,8,6,19,9,10,1,20.0,6,30,36,1,0,0,41,s:40~l:54~t:41,uconn-huskies,UConn,Huskies,CONN,UConn Huskies,UConn,0c2340,f1f2f3,https://a.espncdn.com/i/teamlogos/ncaa/500/41.png,84
300580041,2010,2,2010-02-27,2010-02-27T12:00:00.000000-0500,41,s:40~l:54~t:41,uconn-huskies,UConn,Huskies,CONN,UConn Huskies,UConn,0c2340,f1f2f3,https://a.espncdn.com/i/teamlogos/ncaa/500/41.png,home,84,true,23,7,27,56.9,33,58,0,6,80.0,12,15,24,12,4,16,1,31.6,6,19,41,1,0,0,46,s:40~l:54~t:46,georgetown-hoyas,Georgetown,Hoyas,GTWN,Georgetown Hoyas,Georgetown,110E42,001c58,https://a.espncdn.com/i/teamlogos/ncaa/500/46.png,62
300580158,2010,2,2010-02-27,2010-02-27T20:05:00.000000-0500,142,s:40~l:54~t:142,missouri-tigers,Missouri,Tigers,MIZ,Missouri Tigers,Missouri,f1b82d,000000,https://a.espncdn.com/i/teamlogos/ncaa/500/142.png,away,51,false,11,3,11,33.9,19,56,0,21,76.9,10,13,2,11,10,15,0,16.7,3,18,26,0,0,0,158,s:40~l:54~t:158,nebraska-cornhuskers,Nebraska,Cornhuskers,NEB,Nebraska Cornhuskers,Nebraska,F20017,f5f1e7,https://a.espncdn.com/i/teamlogos/ncaa/500/158.png,67
300580158,2010,2,2010-02-27,2010-02-27T20:05:00.000000-0500,158,s:40~l:54~t:158,nebraska-cornhuskers,Nebraska,Cornhuskers,NEB,Nebraska Cornhuskers,Nebraska,F20017,f5f1e7,https://a.espncdn.com/i/teamlogos/ncaa/500/158.png,home,67,true,9,6,21,40.8,20,49,0,14,92.6,25,27,20,18,10,21,0,40.0,2,5,42,0,0,0,142,s:40~l:54~t:142,missouri-tigers,Missouri,Tigers,MIZ,Missouri Tigers,Missouri,f1b82d,000000,https://a.espncdn.com/i/teamlogos/ncaa/500/142.png,51
300582550,2010,2,2010-02-27,2010-02-27T14:00:00.000000-0500,87,s:40~l:54~t:87,notre-dame-fighting-irish,Notre Dame,Fighting Irish,ND,Notre Dame Fighting Irish,Notre Dame,0c2340,c99700,https://a.espncdn.com/i/teamlogos/ncaa/500/87.png,away,72,true,20,6,22,55.6,30,54,0,9,64.7,11,17,25,8,11,13,0,33.3,1,3,33,0,0,0,2550,s:40~l:54~t:2550,seton-hall-pirates,Seton Hall,Pirates,HALL,Seton Hall Pirates,Seton Hall,0857B1,8a8d8f,https://a.espncdn.com/i/teamlogos/ncaa/500/2550.png,47
300582550,2010,2,2010-02-27,2010-02-27T14:00:00.000000-0500,2550,s:40~l:54~t:2550,seton-hall-pirates,Seton Hall,Pirates,HALL,Seton Hall Pirates,Seton Hall,0857B1,8a8d8f,https://a.espncdn.com/i/teamlogos/ncaa/500/2550.png,home,47,false,7,3,17,38.2,21,55,0,13,75.0,3,4,0,6,5,17,0,18.2,2,11,26,0,0,0,87,s:40~l:54~t:87,notre-dame-fighting-irish,Notre Dame,Fighting Irish,ND,Notre Dame Fighting Irish,Notre Dame,0c2340,c99700,https://a.espncdn.com/i/teamlogos/ncaa/500/87.png,72
300580277,2010,2,2010-02-27,2010-02-27T19:00:00.000000-0500,269,s:40~l:54~t:269,marquette-golden-eagles,Marquette,Golden Eagles,MARQ,Marquette Golden Eagles,Marquette,083963,ffffff,https://a.espncdn.com/i/teamlogos/ncaa/500/269.png,away,56,false,11,1,23,32.2,19,59,0,19,82.4,14,17,0,9,6,16,0,30.8,4,13,35,0,0,0,277,s:40~l:54~t:277,west-virginia-mountaineers,West Virginia,Mountaineers,WVU,West Virginia Mountaineers,West Virginia,FFC600,eaaa00,https://a.espncdn.com/i/teamlogos/ncaa/500/277.png,69
300580277,2010,2,2010-02-27,2010-02-27T19:00:00.000000-0500,277,s:40~l:54~t:277,west-virginia-mountaineers,West Virginia,Mountaineers,WVU,West Virginia Mountaineers,West Virginia,FFC600,eaaa00,https://a.espncdn.com/i/teamlogos/ncaa/500/277.png,home,69,true,12,10,27,54.2,26,48,0,18,58.3,14,24,20,6,7,14,0,33.3,3,9,37,0,0,0,269,s:40~l:54~t:269,marquette-golden-eagles,Marquette,Golden Eagles,MARQ,Marquette Golden Eagles,Marquette,083963,ffffff,https://a.espncdn.com/i/teamlogos/ncaa/500/269.png,56
300580251,2010,2,2010-02-27,2010-02-27T17:00:00.000000-0500,201,s:40~l:54~t:201,oklahoma-sooners,Oklahoma,Sooners,OU,Oklahoma Sooners,Oklahoma,9d2235,ffffff,https://a.espncdn.com/i/teamlogos/ncaa/500/201.png,away,75,true,10,0,24,47.4,27,57,0,20,77.8,14,18,26,10,13,22,0,46.7,7,15,39,0,0,0,251,s:40~l:54~t:251,texas-longhorns,Texas,Longhorns,TEX,Texas Longhorns,Texas,c15d26,ffffff,https://a.espncdn.com/i/teamlogos/ncaa/500/251.png,60
300580251,2010,2,2010-02-27,2010-02-27T17:00:00.000000-0500,251,s:40~l:54~t:251,texas-longhorns,Texas,Longhorns,TEX,Texas Longhorns,Texas,c15d26,ffffff,https://a.espncdn.com/i/teamlogos/ncaa/500/251.png,home,60,false,8,7,19,30.6,19,62,0,18,79.2,19,24,5,17,9,19,0,20.0,3,15,37,0,0,0,201,s:40~l:54~t:201,oklahoma-sooners,Oklahoma,Sooners,OU,Oklahoma Sooners,Oklahoma,9d2235,ffffff,https://a.espncdn.com/i/teamlogos/ncaa/500/201.png,75
300580038,2010,2,2010-02-27,2010-02-27T16:00:00.000000-0500,245,s:40~l:54~t:245,texas-am-aggies,Texas A&M,Aggies,TA&M,Texas A&M Aggies,Texas A&M,5C0025,ffffff,https://a.espncdn.com/i/teamlogos/ncaa/500/245.png,away,95,true,18,1,25,63.6,35,55,0,18,71.0,22,31,36,11,14,18,0,30.0,3,10,37,0,0,0,38,s:40~l:54~t:38,colorado-buffaloes,Colorado,Buffaloes,COLO,Colorado Buffaloes,Colorado,000000,cfb87c,https://a.espncdn.com/i/teamlogos/ncaa/500/38.png,61
300580038,2010,2,2010-02-27,2010-02-27T16:00:00.000000-0500,38,s:40~l:54~t:38,colorado-buffaloes,Colorado,Buffaloes,COLO,Colorado Buffaloes,Colorado,000000,cfb87c,https://a.espncdn.com/i/teamlogos/ncaa/500/38.png,home,61,false,10,0,11,39.6,21,53,0,19,72.2,13,18,5,9,10,23,0,27.3,6,22,22,0,0,0,245,s:40~l:54~t:245,texas-am-aggies,Texas A&M,Aggies,TA&M,Texas A&M Aggies,Texas A&M,5C0025,ffffff,https://a.espncdn.com/i/teamlogos/ncaa/500/245.png,95
300580066,2010,2,2010-02-27,2010-02-27T20:00:00.000000-0500,2306,s:40~l:54~t:2306,kansas-state-wildcats,Kansas State,Wildcats,KSU,Kansas State Wildcats,Kansas St,633194,e7d2ad,https://a.espncdn.com/i/teamlogos/ncaa/500/2306.png,away,39,false,9,5,19,34.0,16,47,0,18,66.7,2,3,2,7,1,12,0,23.8,5,21,28,0,0,0,66,s:40~l:54~t:66,iowa-state-cyclones,Iowa State,Cyclones,ISU,Iowa State Cyclones,Iowa State,822433,fdca2f,https://a.espncdn.com/i/teamlogos/ncaa/500/66.png,48
300580066,2010,2,2010-02-27,2010-02-27T20:00:00.000000-0500,66,s:40~l:54~t:66,iowa-state-cyclones,Iowa State,Cyclones,ISU,Iowa State Cyclones,Iowa State,822433,fdca2f,https://a.espncdn.com/i/teamlogos/ncaa/500/66.png,home,48,true,8,1,22,32.7,16,49,0,9,83.3,15,18,11,12,7,8,0,8.3,1,12,37,0,0,0,2306,s:40~l:54~t:2306,kansas-state-wildcats,Kansas State,Wildcats,KSU,Kansas State Wildcats,Kansas St,633194,e7d2ad,https://a.espncdn.com/i/teamlogos/ncaa/500/2306.png,39
300582599,2010,2,2010-02-27,2010-02-27T14:00:00.000000-0500,222,s:40~l:54~t:222,villanova-wildcats,Villanova,Wildcats,VILL,Villanova Wildcats,Villanova,00205b,13b5ea,https://a.espncdn.com/i/teamlogos/ncaa/500/222.png,away,42,false,9,5,14,26.0,13,50,0,15,69.2,9,13,3,7,6,16,0,28.0,7,25,28,0,0,0,2599,s:40~l:54~t:2599,st-johns-red-storm,St. John's,Red Storm,SJU,St. John's Red Storm,St John's,d10000,101010,https://a.espncdn.com/i/teamlogos/ncaa/500/2599.png,69
300582599,2010,2,2010-02-27,2010-02-27T14:00:00.000000-0500,2599,s:40~l:54~t:2599,st-johns-red-storm,St. John's,Red Storm,SJU,St. John's Red Storm,St John's,d10000,101010,https://a.espncdn.com/i/teamlogos/ncaa/500/2599.png,home,69,true,13,2,28,43.3,26,60,0,13,71.4,15,21,30,14,11,11,0,33.3,2,6,47,0,0,0,222,s:40~l:54~t:222,villanova-wildcats,Villanova,Wildcats,VILL,Villanova Wildcats,Villanova,00205b,13b5ea,https://a.espncdn.com/i/teamlogos/ncaa/500/222.png,42
300580042,2010,2,2010-02-27,2010-02-27T16:00:00.000000-0500,261,s:40~l:54~t:261,vermont-catamounts,Vermont,Catamounts,UVM,Vermont Catamounts,Vermont,154734,ffc72c,https://a.espncdn.com/i/teamlogos/ncaa/500/261.png,away,51,false,4,1,18,34.9,15,43,0,21,73.1,19,26,2,3,8,13,0,22.2,2,9,23,0,0,0,42,s:40~l:54~t:42,hartford-hawks,Hartford,Hawks,HART,Hartford Hawks,Hartford,d60008,000000,https://a.espncdn.com/i/teamlogos/ncaa/500/42.png,61
300580042,2010,2,2010-02-27,2010-02-27T16:00:00.000000-0500,42,s:40~l:54~t:42,hartford-hawks,Hartford,Hawks,HART,Hartford Hawks,Hartford,d60008,000000,https://a.espncdn.com/i/teamlogos/ncaa/500/42.png,home,61,true,11,4,23,41.7,20,48,0,20,76.0,19,25,14,14,4,20,0,14.3,2,14,41,0,0,0,261,s:40~l:54~t:261,vermont-catamounts,Vermont,Catamounts,UVM,Vermont Catamounts,Vermont,154734,ffc72c,https://a.espncdn.com/i/teamlogos/ncaa/500/261.png,51
300582507,2010,2,2010-02-27,2010-02-27T14:00:00.000000-0500,164,s:40~l:54~t:164,rutgers-scarlet-knights,Rutgers,Scarlet Knights,RUTG,Rutgers Scarlet Knights,Rutgers,d21034,ffffff,https://a.espncdn.com/i/teamlogos/ncaa/500/164.png,away,67,true,14,1,22,42.6,23,54,0,19,82.6,19,23,11,10,11,13,1,16.7,2,12,37,1,0,0,2507,s:40~l:54~t:2507,providence-friars,Providence,Friars,PROV,Providence Friars,Providence,000000,a3a19e,https://a.espncdn.com/i/teamlogos/ncaa/500/2507.png,56
300582507,2010,2,2010-02-27,2010-02-27T14:00:00.000000-0500,2507,s:40~l:54~t:2507,providence-friars,Providence,Friars,PROV,Providence Friars,Providence,000000,a3a19e,https://a.espncdn.com/i/teamlogos/ncaa/500/2507.png,home,56,false,12,3,21,31.3,15,48,0,18,75.0,18,24,9,9,5,18,0,40.0,8,20,31,0,0,0,164,s:40~l:54~t:164,rutgers-scarlet-knights,Rutgers,Scarlet Knights,RUTG,Rutgers Scarlet Knights,Rutgers,d21034,ffffff,https://a.espncdn.com/i/teamlogos/ncaa/500/164.png,67
300582132,2010,2,2010-02-27,2010-02-27T14:00:00.000000-0500,221,s:40~l:54~t:221,pittsburgh-panthers,Pittsburgh,Panthers,PITT,Pittsburgh Panthers,Pitt,003263,231f20,https://a.espncdn.com/i/teamlogos/ncaa/500/221.png,away,72,true,18,8,27,42.2,27,64,0,17,85.7,12,14,14,10,4,11,0,46.2,6,13,42,0,0,0,2132,s:40~l:54~t:2132,cincinnati-bearcats,Cincinnati,Bearcats,CIN,Cincinnati Bearcats,Cincinnati,000000,717073,https://a.espncdn.com/i/teamlogos/ncaa/500/2132.png,60
300582132,2010,2,2010-02-27,2010-02-27T14:00:00.000000-0500,2132,s:40~l:54~t:2132,cincinnati-bearcats,Cincinnati,Bearcats,CIN,Cincinnati Bearcats,Cincinnati,000000,717073,https://a.espncdn.com/i/teamlogos/ncaa/500/2132.png,home,60,false,11,1,17,38.6,22,57,0,11,65.0,13,20,9,6,5,9,0,30.0,3,10,29,0,0,0,221,s:40~l:54~t:221,pittsburgh-panthers,Pittsburgh,Panthers,PITT,Pittsburgh Panthers,Pitt,003263,231f20,https://a.espncdn.com/i/teamlogos/ncaa/500/221.png,72
300580097,2010,2,2010-02-27,2010-02-27T14:00:00.000000-0500,58,s:40~l:54~t:58,south-florida-bulls,South Florida,Bulls,USF,South Florida Bulls,South Florida,004A36,231f20,https://a.espncdn.com/i/teamlogos/ncaa/500/58.png,away,63,true,13,6,23,41.1,23,56,0,19,88.9,8,9,10,8,6,17,0,50.0,9,18,32,0,0,0,97,s:40~l:54~t:97,louisville-cardinals,Louisville,Cardinals,LOU,Louisville Cardinals,Louisville,c9001f,000000,https://a.espncdn.com/i/teamlogos/ncaa/500/97.png,60
300580097,2010,2,2010-02-27,2010-02-27T14:00:00.000000-0500,97,s:40~l:54~t:97,louisville-cardinals,Louisville,Cardinals,LOU,Louisville Cardinals,Louisville,c9001f,000000,https://a.espncdn.com/i/teamlogos/ncaa/500/97.png,home,60,false,13,2,24,35.1,20,57,0,14,73.9,17,23,3,15,11,15,0,16.7,3,18,40,0,0,0,58,s:40~l:54~t:58,south-florida-bulls,South Florida,Bulls,USF,South Florida Bulls,South Florida,004A36,231f20,https://a.espncdn.com/i/teamlogos/ncaa/500/58.png,63
300580009,2010,2,2010-02-27,2010-02-27T17:00:00.000000-0500,25,s:40~l:54~t:25,california-golden-bears,California,Golden Bears,CAL,California Golden Bears,California,031522,ffc423,https://a.espncdn.com/i/teamlogos/ncaa/500/25.png,away,50,false,9,4,20,36.5,19,52,0,18,68.8,11,16,7,10,8,18,0,14.3,1,7,31,0,0,0,9,s:40~l:54~t:9,arizona-state-sun-devils,Arizona State,Sun Devils,ASU,Arizona State Sun Devils,Arizona State,942139,f1f2f3,https://a.espncdn.com/i/teamlogos/ncaa/500/9.png,57
300580009,2010,2,2010-02-27,2010-02-27T17:00:00.000000-0500,9,s:40~l:54~t:9,arizona-state-sun-devils,Arizona State,Sun Devils,ASU,Arizona State Sun Devils,Arizona State,942139,f1f2f3,https://a.espncdn.com/i/teamlogos/ncaa/500/9.png,home,57,true,12,3,23,40.7,22,54,0,19,64.7,11,17,9,13,8,18,0,20.0,2,10,42,0,0,0,25,s:40~l:54~t:25,california-golden-bears,California,Golden Bears,CAL,California Golden Bears,California,031522,ffc423,https://a.espncdn.com/i/teamlogos/ncaa/500/25.png,50
300572520,2010,2,2010-02-26,2010-02-26T16:30:00.000000-0500,2561,s:40~l:54~t:2561,siena-saints,Siena,Saints,SIE,Siena Saints,Siena,037961,eea60f,https://a.espncdn.com/i/teamlogos/ncaa/500/2561.png,away,58,true,13,3,28,29.8,14,47,0,14,77.4,24,31,10,11,4,14,0,40.0,6,15,43,0,0,0,2520,s:40~l:54~t:2520,rider-broncs,Rider,Broncs,RID,Rider Broncs,Rider,a80532,ebebeb,https://a.espncdn.com/i/teamlogos/ncaa/500/2520.png,48
300572520,2010,2,2010-02-26,2010-02-26T16:30:00.000000-0500,2520,s:40~l:54~t:2520,rider-broncs,Rider,Broncs,RID,Rider Broncs,Rider,a80532,ebebeb,https://a.espncdn.com/i/teamlogos/ncaa/500/2520.png,home,48,false,11,4,24,25.4,17,67,0,21,62.5,10,16,4,18,5,12,0,23.5,4,17,45,0,0,0,2561,s:40~l:54~t:2561,siena-saints,Siena,Saints,SIE,Siena Saints,Siena,037961,eea60f,https://a.espncdn.com/i/teamlogos/ncaa/500/2561.png,58
300560009,2010,2,2010-02-25,2010-02-25T21:00:00.000000-0500,24,s:40~l:54~t:24,stanford-cardinal,Stanford,Cardinal,STAN,Stanford Cardinal,Stanford,8c1515,ffffff,https://a.espncdn.com/i/teamlogos/ncaa/500/24.png,away,62,true,15,5,25,50.0,27,54,0,14,45.5,5,11,19,9,12,21,0,30.0,3,10,37,0,0,0,9,s:40~l:54~t:9,arizona-state-sun-devils,Arizona State,Sun Devils,ASU,Arizona State Sun Devils,Arizona State,942139,f1f2f3,https://a.espncdn.com/i/teamlogos/ncaa/500/9.png,43
300560009,2010,2,2010-02-25,2010-02-25T21:00:00.000000-0500,9,s:40~l:54~t:9,arizona-state-sun-devils,Arizona State,Sun Devils,ASU,Arizona State Sun Devils,Arizona State,942139,f1f2f3,https://a.espncdn.com/i/teamlogos/ncaa/500/9.png,home,43,false,4,2,18,30.8,16,52,0,12,58.8,10,17,0,9,6,20,0,25.0,1,4,34,0,0,0,24,s:40~l:54~t:24,stanford-cardinal,Stanford,Cardinal,STAN,Stanford Cardinal,Stanford,8c1515,ffffff,https://a.espncdn.com/i/teamlogos/ncaa/500/24.png,62
300562633,2010,2,2010-02-25,2010-02-25T19:00:00.000000-0500,96,s:40~l:54~t:96,kentucky-wildcats,Kentucky,Wildcats,UK,Kentucky Wildcats,Kentucky,005DAA,ffffff,https://a.espncdn.com/i/teamlogos/ncaa/500/96.png,away,65,false,7,2,17,29.9,20,67,0,22,77.8,21,27,0,14,10,14,0,26.7,4,15,37,0,0,0,2633,s:40~l:54~t:2633,tennessee-lady-volunteers,Tennessee,Lady Volunteers,TENN,Tennessee Lady Volunteers,Tennessee,ff8200,ffffff,https://a.espncdn.com/i/teamlogos/ncaa/500/2633_ncw.png,81
300562633,2010,2,2010-02-25,2010-02-25T19:00:00.000000-0500,2633,s:40~l:54~t:2633,tennessee-lady-volunteers,Tennessee,Lady Volunteers,TENN,Tennessee Lady Volunteers,Tennessee,ff8200,ffffff,https://a.espncdn.com/i/teamlogos/ncaa/500/2633_ncw.png,home,81,true,15,15,32,45.6,26,57,0,22,92.6,25,27,27,10,6,21,0,44.4,4,9,45,0,0,0,96,s:40~l:54~t:96,kentucky-wildcats,Kentucky,Wildcats,UK,Kentucky Wildcats,Kentucky,005DAA,ffffff,https://a.espncdn.com/i/teamlogos/ncaa/500/96.png,65
300560052,2010,2,2010-02-25,2010-02-25T19:00:00.000000-0500,2390,s:40~l:54~t:2390,miami-hurricanes,Miami,Hurricanes,MIA,Miami Hurricanes,Miami,004325,f0f0f0,https://a.espncdn.com/i/teamlogos/ncaa/500/2390.png,away,62,false,6,1,19,33.8,24,71,0,23,71.4,5,7,12,10,8,18,0,34.6,9,26,37,0,0,0,52,s:40~l:54~t:52,florida-state-seminoles,Florida State,Seminoles,FSU,Florida State Seminoles,Florida St,782F40,ceb888,https://a.espncdn.com/i/teamlogos/ncaa/500/52.png,87
300560052,2010,2,2010-02-25,2010-02-25T19:00:00.000000-0500,52,s:40~l:54~t:52,florida-state-seminoles,Florida State,Seminoles,FSU,Florida State Seminoles,Florida St,782F40,ceb888,https://a.espncdn.com/i/teamlogos/ncaa/500/52.png,home,87,true,11,1,28,50.0,29,58,0,14,76.9,20,26,26,10,5,18,0,56.3,9,16,43,0,0,0,2390,s:40~l:54~t:2390,miami-hurricanes,Miami,Hurricanes,MIA,Miami Hurricanes,Miami,004325,f0f0f0,https://a.espncdn.com/i/teamlogos/ncaa/500/2390.png,62
300560194,2010,2,2010-02-25,2010-02-25T18:30:00.000000-0500,77,s:40~l:54~t:77,northwestern-wildcats,Northwestern,Wildcats,NU,Northwestern Wildcats,Northwestern,582c83,ffffff,https://a.espncdn.com/i/teamlogos/ncaa/500/77.png,away,47,false,15,2,19,32.2,19,59,0,10,60.0,3,5,0,10,2,15,0,31.6,6,19,32,0,0,0,194,s:40~l:54~t:194,ohio-state-buckeyes,Ohio State,Buckeyes,OSU,Ohio State Buckeyes,Ohio State,ce1141,505056,https://a.espncdn.com/i/teamlogos/ncaa/500/194.png,78
300560194,2010,2,2010-02-25,2010-02-25T18:30:00.000000-0500,194,s:40~l:54~t:194,ohio-state-buckeyes,Ohio State,Buckeyes,OSU,Ohio State Buckeyes,Ohio State,ce1141,505056,https://a.espncdn.com/i/teamlogos/ncaa/500/194.png,home,78,true,25,5,26,51.6,33,64,0,6,66.7,2,3,31,10,5,11,0,50.0,10,20,41,0,0,0,77,s:40~l:54~t:77,northwestern-wildcats,Northwestern,Wildcats,NU,Northwestern Wildcats,Northwestern,582c83,ffffff,https://a.espncdn.com/i/teamlogos/ncaa/500/77.png,47
300562305,2010,2,2010-02-25,2010-02-25T19:00:00.000000-0500,66,s:40~l:54~t:66,iowa-state-cyclones,Iowa State,Cyclones,ISU,Iowa State Cyclones,Iowa State,822433,fdca2f,https://a.espncdn.com/i/teamlogos/ncaa/500/66.png,away,57,true,9,1,18,36.8,21,57,0,15,75.0,9,12,4,11,9,10,0,27.3,6,22,34,0,0,0,2305,s:40~l:54~t:2305,kansas-jayhawks,Kansas,Jayhawks,KU,Kansas Jayhawks,Kansas,0051ba,e8000d,https://a.espncdn.com/i/teamlogos/ncaa/500/2305.png,54
300562305,2010,2,2010-02-25,2010-02-25T19:00:00.000000-0500,2305,s:40~l:54~t:2305,kansas-jayhawks,Kansas,Jayhawks,KU,Kansas Jayhawks,Kansas,0051ba,e8000d,https://a.espncdn.com/i/teamlogos/ncaa/500/2305.png,home,54,false,13,6,22,45.5,20,44,0,15,84.6,11,13,5,3,3,16,0,30.0,3,10,31,0,0,0,66,s:40~l:54~t:66,iowa-state-cyclones,Iowa State,Cyclones,ISU,Iowa State Cyclones,Iowa State,822433,fdca2f,https://a.espncdn.com/i/teamlogos/ncaa/500/66.png,57
300562579,2010,2,2010-02-25,2010-02-25T19:00:00.000000-0500,61,s:40~l:54~t:61,georgia-lady-bulldogs,Georgia,Lady Bulldogs,UGA,Georgia Lady Bulldogs,Georgia,CC0000,000000,https://a.espncdn.com/i/teamlogos/ncaa/500/61.png,away,65,true,10,7,26,50.0,23,46,0,14,78.9,15,19,17,6,7,20,0,50.0,4,8,37,0,0,0,2579,s:40~l:54~t:2579,south-carolina-gamecocks,South Carolina,Gamecocks,SC,South Carolina Gamecocks,South Carolina,73000a,ffffff,https://a.espncdn.com/i/teamlogos/ncaa/500/2579.png,49
300562579,2010,2,2010-02-25,2010-02-25T19:00:00.000000-0500,2579,s:40~l:54~t:2579,south-carolina-gamecocks,South Carolina,Gamecocks,SC,South Carolina Gamecocks,South Carolina,73000a,ffffff,https://a.espncdn.com/i/teamlogos/ncaa/500/2579.png,home,49,false,10,2,15,33.9,19,56,0,13,55.6,5,9,2,7,12,14,0,31.6,6,19,25,0,0,0,61,s:40~l:54~t:61,georgia-lady-bulldogs,Georgia,Lady Bulldogs,UGA,Georgia Lady Bulldogs,Georgia,CC0000,000000,https://a.espncdn.com/i/teamlogos/ncaa/500/61.png,65
300550183,2010,2,2010-02-24,2010-02-24T19:00:00.000000-0500,41,s:40~l:54~t:41,uconn-huskies,UConn,Huskies,CONN,UConn Huskies,UConn,0c2340,f1f2f3,https://a.espncdn.com/i/teamlogos/ncaa/500/41.png,away,87,true,16,10,31,45.8,27,59,0,12,78.8,26,33,30,13,7,15,0,38.9,7,18,50,0,0,0,183,s:40~l:54~t:183,syracuse-orange,Syracuse,Orange,SYR,Syracuse Orange,Syracuse,ff6500,000e54,https://a.espncdn.com/i/teamlogos/ncaa/500/183.png,66
300550183,2010,2,2010-02-24,2010-02-24T19:00:00.000000-0500,183,s:40~l:54~t:183,syracuse-orange,Syracuse,Orange,SYR,Syracuse Orange,Syracuse,ff6500,000e54,https://a.espncdn.com/i/teamlogos/ncaa/500/183.png,home,66,false,11,2,19,36.8,25,68,0,25,85.7,12,14,1,8,8,9,2,21.1,4,19,30,2,0,0,41,s:40~l:54~t:41,uconn-huskies,UConn,Huskies,CONN,UConn Huskies,UConn,0c2340,f1f2f3,https://a.espncdn.com/i/teamlogos/ncaa/500/41.png,87
300550201,2010,2,2010-02-24,2010-02-24T20:00:00.000000-0500,158,s:40~l:54~t:158,nebraska-cornhuskers,Nebraska,Cornhuskers,NEB,Nebraska Cornhuskers,Nebraska,F20017,f5f1e7,https://a.espncdn.com/i/teamlogos/ncaa/500/158.png,away,80,true,11,1,27,43.9,29,66,0,19,78.9,15,19,16,10,7,11,0,28.0,7,25,45,0,0,0,201,s:40~l:54~t:201,oklahoma-sooners,Oklahoma,Sooners,OU,Oklahoma Sooners,Oklahoma,9d2235,ffffff,https://a.espncdn.com/i/teamlogos/ncaa/500/201.png,64
300550201,2010,2,2010-02-24,2010-02-24T20:00:00.000000-0500,201,s:40~l:54~t:201,oklahoma-sooners,Oklahoma,Sooners,OU,Oklahoma Sooners,Oklahoma,9d2235,ffffff,https://a.espncdn.com/i/teamlogos/ncaa/500/201.png,home,64,false,11,5,22,39.3,24,61,0,17,58.3,14,24,4,11,3,16,0,15.4,2,13,38,0,0,0,158,s:40~l:54~t:158,nebraska-cornhuskers,Nebraska,Cornhuskers,NEB,Nebraska Cornhuskers,Nebraska,F20017,f5f1e7,https://a.espncdn.com/i/teamlogos/ncaa/500/158.png,80
300552752,2010,2,2010-02-24,2010-02-24T19:00:00.000000-0500,2429,s:40~l:54~t:2429,charlotte-49ers,Charlotte,49ers,CHAR,Charlotte 49ers,Charlotte,ffffff,cfab7a,https://a.espncdn.com/i/teamlogos/ncaa/500/2429.png,away,61,false,16,4,18,37.3,22,59,0,19,70.6,12,17,3,13,11,19,0,27.8,5,18,34,0,0,0,2752,s:40~l:54~t:2752,xavier-musketeers,Xavier,Musketeers,XAV,Xavier Musketeers,Xavier,002144,9ea2a2,https://a.espncdn.com/i/teamlogos/ncaa/500/2752.png,81
300552752,2010,2,2010-02-24,2010-02-24T19:00:00.000000-0500,2752,s:40~l:54~t:2752,xavier-musketeers,Xavier,Musketeers,XAV,Xavier Musketeers,Xavier,002144,9ea2a2,https://a.espncdn.com/i/teamlogos/ncaa/500/2752.png,home,81,true,12,3,24,42.3,30,71,0,15,80.0,16,20,20,21,12,15,0,25.0,5,20,49,0,0,0,2429,s:40~l:54~t:2429,charlotte-49ers,Charlotte,49ers,CHAR,Charlotte 49ers,Charlotte,ffffff,cfab7a,https://a.espncdn.com/i/teamlogos/ncaa/500/2429.png,61
300550197,2010,2,2010-02-24,2010-02-24T20:00:00.000000-0500,251,s:40~l:54~t:251,texas-longhorns,Texas,Longhorns,TEX,Texas Longhorns,Texas,c15d26,ffffff,https://a.espncdn.com/i/teamlogos/ncaa/500/251.png,away,72,false,14,5,31,36.1,22,61,0,22,75.0,18,24,16,11,5,16,0,38.5,10,26,44,0,0,0,197,s:40~l:54~t:197,oklahoma-state-cowgirls,Oklahoma State,Cowgirls,OKST,Oklahoma State Cowgirls,Oklahoma St,ff6500,000000,https://a.espncdn.com/i/teamlogos/ncaa/500/197.png,73
300550197,2010,2,2010-02-24,2010-02-24T20:00:00.000000-0500,197,s:40~l:54~t:197,oklahoma-state-cowgirls,Oklahoma State,Cowgirls,OKST,Oklahoma State Cowgirls,Oklahoma St,ff6500,000000,https://a.espncdn.com/i/teamlogos/ncaa/500/197.png,home,73,true,9,2,30,36.1,26,72,0,21,66.7,18,27,4,16,8,11,0,18.8,3,16,50,0,0,0,251,s:40~l:54~t:251,texas-longhorns,Texas,Longhorns,TEX,Texas Longhorns,Texas,c15d26,ffffff,https://a.espncdn.com/i/teamlogos/ncaa/500/251.png,72
300550164,2010,2,2010-02-24,2010-02-24T19:30:00.000000-0500,2599,s:40~l:54~t:2599,st-johns-red-storm,St. John's,Red Storm,SJU,St. John's Red Storm,St John's,d10000,101010,https://a.espncdn.com/i/teamlogos/ncaa/500/2599.png,away,60,true,8,5,27,39.6,21,53,0,12,48.4,15,31,8,9,11,11,0,37.5,3,8,38,0,0,0,164,s:40~l:54~t:164,rutgers-scarlet-knights,Rutgers,Scarlet Knights,RUTG,Rutgers Scarlet Knights,Rutgers,d21034,ffffff,https://a.espncdn.com/i/teamlogos/ncaa/500/164.png,52
300550164,2010,2,2010-02-24,2010-02-24T19:30:00.000000-0500,164,s:40~l:54~t:164,rutgers-scarlet-knights,Rutgers,Scarlet Knights,RUTG,Rutgers Scarlet Knights,Rutgers,d21034,ffffff,https://a.espncdn.com/i/teamlogos/ncaa/500/164.png,home,52,false,15,7,29,35.9,23,64,0,20,42.9,3,7,3,14,7,18,1,25.0,3,12,49,1,0,0,2599,s:40~l:54~t:2599,st-johns-red-storm,St. John's,Red Storm,SJU,St. John's Red Storm,St John's,d10000,101010,https://a.espncdn.com/i/teamlogos/ncaa/500/2599.png,60
300550399,2010,2,2010-02-24,2010-02-24T19:00:00.000000-0500,42,s:40~l:54~t:42,hartford-hawks,Hartford,Hawks,HART,Hartford Hawks,Hartford,d60008,000000,https://a.espncdn.com/i/teamlogos/ncaa/500/42.png,away,63,true,8,6,26,39.6,21,53,0,13,94.7,18,19,8,9,9,12,0,30.0,3,10,38,0,0,0,399,s:40~l:54~t:399,albany-great-danes,Albany,Great Danes,ALB,Albany Great Danes,Albany,3D2777,ffffff,https://a.espncdn.com/i/teamlogos/ncaa/500/399.png,57
300550399,2010,2,2010-02-24,2010-02-24T19:00:00.000000-0500,399,s:40~l:54~t:399,albany-great-danes,Albany,Great Danes,ALB,Albany Great Danes,Albany,3D2777,ffffff,https://a.espncdn.com/i/teamlogos/ncaa/500/399.png,home,57,false,10,3,21,41.4,24,58,0,15,75.0,6,8,7,5,10,13,0,33.3,3,9,31,0,0,0,42,s:40~l:54~t:42,hartford-hawks,Hartford,Hawks,HART,Hartford Hawks,Hartford,d60008,000000,https://a.espncdn.com/i/teamlogos/ncaa/500/42.png,63
300552550,2010,2,2010-02-24,2010-02-24T19:00:00.000000-0500,97,s:40~l:54~t:97,louisville-cardinals,Louisville,Cardinals,LOU,Louisville Cardinals,Louisville,c9001f,000000,https://a.espncdn.com/i/teamlogos/ncaa/500/97.png,away,72,true,12,8,24,53.6,30,56,0,10,70.0,7,10,23,10,7,12,0,62.5,5,8,36,0,0,0,2550,s:40~l:54~t:2550,seton-hall-pirates,Seton Hall,Pirates,HALL,Seton Hall Pirates,Seton Hall,0857B1,8a8d8f,https://a.espncdn.com/i/teamlogos/ncaa/500/2550.png,49
300552550,2010,2,2010-02-24,2010-02-24T19:00:00.000000-0500,2550,s:40~l:54~t:2550,seton-hall-pirates,Seton Hall,Pirates,HALL,Seton Hall Pirates,Seton Hall,0857B1,8a8d8f,https://a.espncdn.com/i/teamlogos/ncaa/500/2550.png,home,49,false,8,8,14,32.2,19,59,0,12,70.0,7,10,8,13,5,13,0,25.0,4,16,31,0,0,0,97,s:40~l:54~t:97,louisville-cardinals,Louisville,Cardinals,LOU,Louisville Cardinals,Louisville,c9001f,000000,https://a.espncdn.com/i/teamlogos/ncaa/500/97.png,72
300550238,2010,2,2010-02-24,2010-02-24T19:00:00.000000-0500,57,s:40~l:54~t:57,florida-gators,Florida,Gators,FLA,Florida Gators,Florida,0021a5,fa4616,https://a.espncdn.com/i/teamlogos/ncaa/500/57.png,away,60,false,15,2,10,40.4,23,57,0,20,72.7,8,11,0,11,1,11,0,33.3,6,18,24,0,0,0,238,s:40~l:54~t:238,vanderbilt-commodores,Vanderbilt,Commodores,VAN,Vanderbilt Commodores,Vanderbilt,000000,231f20,https://a.espncdn.com/i/teamlogos/ncaa/500/238.png,71
300550238,2010,2,2010-02-24,2010-02-24T19:00:00.000000-0500,238,s:40~l:54~t:238,vanderbilt-commodores,Vanderbilt,Commodores,VAN,Vanderbilt Commodores,Vanderbilt,000000,231f20,https://a.espncdn.com/i/teamlogos/ncaa/500/238.png,home,71,true,19,4,19,57.8,26,45,0,13,58.3,14,24,13,7,6,16,0,41.7,5,12,31,0,0,0,57,s:40~l:54~t:57,florida-gators,Florida,Gators,FLA,Florida Gators,Florida,0021a5,fa4616,https://a.espncdn.com/i/teamlogos/ncaa/500/57.png,60
300540087,2010,2,2010-02-23,2010-02-23T19:00:00.000000-0500,269,s:40~l:54~t:269,marquette-golden-eagles,Marquette,Golden Eagles,MARQ,Marquette Golden Eagles,Marquette,083963,ffffff,https://a.espncdn.com/i/teamlogos/ncaa/500/269.png,away,67,false,15,4,23,37.3,22,59,0,21,60.7,17,28,4,11,12,22,0,37.5,6,16,40,0,0,0,87,s:40~l:54~t:87,notre-dame-fighting-irish,Notre Dame,Fighting Irish,ND,Notre Dame Fighting Irish,Notre Dame,0c2340,c99700,https://a.espncdn.com/i/teamlogos/ncaa/500/87.png,82
300540087,2010,2,2010-02-23,2010-02-23T19:00:00.000000-0500,87,s:40~l:54~t:87,notre-dame-fighting-irish,Notre Dame,Fighting Irish,ND,Notre Dame Fighting Irish,Notre Dame,0c2340,c99700,https://a.espncdn.com/i/teamlogos/ncaa/500/87.png,home,82,true,23,4,27,50.8,31,61,0,19,75.0,12,16,20,6,12,21,0,40.0,8,20,37,0,0,0,269,s:40~l:54~t:269,marquette-golden-eagles,Marquette,Golden Eagles,MARQ,Marquette Golden Eagles,Marquette,083963,ffffff,https://a.espncdn.com/i/teamlogos/ncaa/500/269.png,67
300542132,2010,2,2010-02-23,2010-02-23T19:00:00.000000-0500,277,s:40~l:54~t:277,west-virginia-mountaineers,West Virginia,Mountaineers,WVU,West Virginia Mountaineers,West Virginia,FFC600,eaaa00,https://a.espncdn.com/i/teamlogos/ncaa/500/277.png,away,64,true,12,7,21,47.1,24,51,0,13,64.3,9,14,21,10,8,8,0,43.8,7,16,34,0,0,0,2132,s:40~l:54~t:2132,cincinnati-bearcats,Cincinnati,Bearcats,CIN,Cincinnati Bearcats,Cincinnati,000000,717073,https://a.espncdn.com/i/teamlogos/ncaa/500/2132.png,43
300542132,2010,2,2010-02-23,2010-02-23T19:00:00.000000-0500,2132,s:40~l:54~t:2132,cincinnati-bearcats,Cincinnati,Bearcats,CIN,Cincinnati Bearcats,Cincinnati,000000,717073,https://a.espncdn.com/i/teamlogos/ncaa/500/2132.png,home,43,false,9,2,18,37.0,17,46,0,13,50.0,5,10,3,7,6,12,0,33.3,4,12,29,0,0,0,277,s:40~l:54~t:277,west-virginia-mountaineers,West Virginia,Mountaineers,WVU,West Virginia Mountaineers,West Virginia,FFC600,eaaa00,https://a.espncdn.com/i/teamlogos/ncaa/500/277.png,64
300540222,2010,2,2010-02-23,2010-02-23T19:00:00.000000-0500,46,s:40~l:54~t:46,georgetown-hoyas,Georgetown,Hoyas,GTWN,Georgetown Hoyas,Georgetown,110E42,001c58,https://a.espncdn.com/i/teamlogos/ncaa/500/46.png,away,70,true,14,4,23,43.6,24,55,0,10,93.3,14,15,16,12,9,11,0,50.0,8,16,39,0,0,0,222,s:40~l:54~t:222,villanova-wildcats,Villanova,Wildcats,VILL,Villanova Wildcats,Villanova,00205b,13b5ea,https://a.espncdn.com/i/teamlogos/ncaa/500/222.png,54
300540222,2010,2,2010-02-23,2010-02-23T19:00:00.000000-0500,222,s:40~l:54~t:222,villanova-wildcats,Villanova,Wildcats,VILL,Villanova Wildcats,Villanova,00205b,13b5ea,https://a.espncdn.com/i/teamlogos/ncaa/500/222.png,home,54,false,14,4,15,35.4,17,48,0,13,85.7,12,14,6,8,3,11,0,32.0,8,25,26,0,0,0,46,s:40~l:54~t:46,georgetown-hoyas,Georgetown,Hoyas,GTWN,Georgetown Hoyas,Georgetown,110E42,001c58,https://a.espncdn.com/i/teamlogos/ncaa/500/46.png,70
300532633,2010,2,2010-02-22,2010-02-22T19:00:00.000000-0500,99,s:40~l:54~t:99,lsu-tigers,LSU,Tigers,LSU,LSU Tigers,LSU,461d7c,fdd023,https://a.espncdn.com/i/teamlogos/ncaa/500/99.png,away,61,false,11,0,18,39.3,22,56,0,12,72.2,13,18,4,8,3,10,1,66.7,4,6,33,1,0,0,2633,s:40~l:54~t:2633,tennessee-lady-volunteers,Tennessee,Lady Volunteers,TENN,Tennessee Lady Volunteers,Tennessee,ff8200,ffffff,https://a.espncdn.com/i/teamlogos/ncaa/500/2633_ncw.png,70
300532633,2010,2,2010-02-22,2010-02-22T19:00:00.000000-0500,2633,s:40~l:54~t:2633,tennessee-lady-volunteers,Tennessee,Lady Volunteers,TENN,Tennessee Lady Volunteers,Tennessee,ff8200,ffffff,https://a.espncdn.com/i/teamlogos/ncaa/500/2633_ncw.png,home,70,true,20,14,25,46.0,29,63,0,17,100.0,10,10,19,12,4,7,0,28.6,2,7,38,0,0,0,99,s:40~l:54~t:99,lsu-tigers,LSU,Tigers,LSU,LSU Tigers,LSU,461d7c,fdd023,https://a.espncdn.com/i/teamlogos/ncaa/500/99.png,61
300530258,2010,2,2010-02-22,2010-02-22T19:00:00.000000-0500,52,s:40~l:54~t:52,florida-state-seminoles,Florida State,Seminoles,FSU,Florida State Seminoles,Florida St,782F40,ceb888,https://a.espncdn.com/i/teamlogos/ncaa/500/52.png,away,59,true,11,1,20,40.8,20,49,0,19,76.5,13,17,7,9,7,20,0,40.0,6,15,35,0,0,0,258,s:40~l:54~t:258,virginia-cavaliers,Virginia,Cavaliers,UVA,Virginia Cavaliers,Virginia,f84c1e,ffffff,https://a.espncdn.com/i/teamlogos/ncaa/500/258.png,58
300530258,2010,2,2010-02-22,2010-02-22T19:00:00.000000-0500,258,s:40~l:54~t:258,virginia-cavaliers,Virginia,Cavaliers,UVA,Virginia Cavaliers,Virginia,f84c1e,ffffff,https://a.espncdn.com/i/teamlogos/ncaa/500/258.png,home,58,false,12,4,18,38.0,19,50,0,20,78.3,18,23,16,8,11,16,0,20.0,2,10,28,0,0,0,52,s:40~l:54~t:52,florida-state-seminoles,Florida State,Seminoles,FSU,Florida State Seminoles,Florida St,782F40,ceb888,https://a.espncdn.com/i/teamlogos/ncaa/500/52.png,59
300530245,2010,2,2010-02-22,2010-02-22T21:00:00.000000-0500,239,s:40~l:54~t:239,baylor-bears,Baylor,Bears,BAY,Baylor Bears,Baylor,154734,ffb81c,https://a.espncdn.com/i/teamlogos/ncaa/500/239.png,away,65,true,18,5,35,49.0,25,51,0,14,68.2,15,22,8,7,4,16,0,0.0,0,2,42,0,0,0,245,s:40~l:54~t:245,texas-am-aggies,Texas A&M,Aggies,TA&M,Texas A&M Aggies,Texas A&M,5C0025,ffffff,https://a.espncdn.com/i/teamlogos/ncaa/500/245.png,63
300530245,2010,2,2010-02-22,2010-02-22T21:00:00.000000-0500,245,s:40~l:54~t:245,texas-am-aggies,Texas A&M,Aggies,TA&M,Texas A&M Aggies,Texas A&M,5C0025,ffffff,https://a.espncdn.com/i/teamlogos/ncaa/500/245.png,home,63,false,15,1,20,41.2,28,68,0,17,33.3,4,12,4,7,10,10,0,27.3,3,11,34,0,0,0,239,s:40~l:54~t:239,baylor-bears,Baylor,Bears,BAY,Baylor Bears,Baylor,154734,ffb81c,https://a.espncdn.com/i/teamlogos/ncaa/500/239.png,65
300520194,2010,2,2010-02-21,2010-02-21T15:00:00.000000-0500,127,s:40~l:54~t:127,michigan-state-spartans,Michigan State,Spartans,MSU,Michigan State Spartans,Michigan St,18453B,ffffff,https://a.espncdn.com/i/teamlogos/ncaa/500/127.png,away,71,true,18,5,24,40.8,29,71,0,23,41.2,7,17,13,12,11,18,0,42.9,6,14,45,0,0,0,194,s:40~l:54~t:194,ohio-state-buckeyes,Ohio State,Buckeyes,OSU,Ohio State Buckeyes,Ohio State,ce1141,505056,https://a.espncdn.com/i/teamlogos/ncaa/500/194.png,68
300520194,2010,2,2010-02-21,2010-02-21T15:00:00.000000-0500,194,s:40~l:54~t:194,ohio-state-buckeyes,Ohio State,Buckeyes,OSU,Ohio State Buckeyes,Ohio State,ce1141,505056,https://a.espncdn.com/i/teamlogos/ncaa/500/194.png,home,68,false,11,4,29,39.3,24,61,0,11,68.0,17,25,4,12,7,22,0,20.0,3,15,45,0,0,0,127,s:40~l:54~t:127,michigan-state-spartans,Michigan State,Spartans,MSU,Michigan State Spartans,Michigan St,18453B,ffffff,https://a.espncdn.com/i/teamlogos/ncaa/500/127.png,71
300520150,2010,2,2010-02-21,2010-02-21T13:00:00.000000-0500,120,s:40~l:54~t:120,maryland-terrapins,Maryland,Terrapins,MD,Maryland Terrapins,Maryland,D5002B,ffcd00,https://a.espncdn.com/i/teamlogos/ncaa/500/120.png,away,59,false,13,2,20,39.0,23,59,0,26,37.5,6,16,3,17,8,23,0,25.0,7,28,44,0,0,0,150,s:40~l:54~t:150,duke-blue-devils,Duke,Blue Devils,DUKE,Duke Blue Devils,Duke,013088,ffffff,https://a.espncdn.com/i/teamlogos/ncaa/500/150.png,71
300520150,2010,2,2010-02-21,2010-02-21T13:00:00.000000-0500,150,s:40~l:54~t:150,duke-blue-devils,Duke,Blue Devils,DUKE,Duke Blue Devils,Duke,013088,ffffff,https://a.espncdn.com/i/teamlogos/ncaa/500/150.png,home,71,true,13,5,20,35.5,22,62,0,17,63.3,19,30,12,15,13,16,0,44.4,8,18,41,0,0,0,120,s:40~l:54~t:120,maryland-terrapins,Maryland,Terrapins,MD,Maryland Terrapins,Maryland,D5002B,ffcd00,https://a.espncdn.com/i/teamlogos/ncaa/500/120.png,59
300522306,2010,2,2010-02-21,2010-02-21T15:00:00.000000-0500,201,s:40~l:54~t:201,oklahoma-sooners,Oklahoma,Sooners,OU,Oklahoma Sooners,Oklahoma,9d2235,ffffff,https://a.espncdn.com/i/teamlogos/ncaa/500/201.png,away,64,true,11,4,25,42.6,23,54,0,13,100.0,13,13,8,10,4,20,0,35.7,5,14,41,0,0,0,2306,s:40~l:54~t:2306,kansas-state-wildcats,Kansas State,Wildcats,KSU,Kansas State Wildcats,Kansas St,633194,e7d2ad,https://a.espncdn.com/i/teamlogos/ncaa/500/2306.png,58
300522306,2010,2,2010-02-21,2010-02-21T15:00:00.000000-0500,2306,s:40~l:54~t:2306,kansas-state-wildcats,Kansas State,Wildcats,KSU,Kansas State Wildcats,Kansas St,633194,e7d2ad,https://a.espncdn.com/i/teamlogos/ncaa/500/2306.png,home,58,false,12,4,17,35.0,21,60,0,14,83.3,10,12,21,8,10,11,0,31.6,6,19,28,0,0,0,201,s:40~l:54~t:201,oklahoma-sooners,Oklahoma,Sooners,OU,Oklahoma Sooners,Oklahoma,9d2235,ffffff,https://a.espncdn.com/i/teamlogos/ncaa/500/201.png,64
300520057,2010,2,2010-02-21,2010-02-21T17:00:00.000000-0500,61,s:40~l:54~t:61,georgia-lady-bulldogs,Georgia,Lady Bulldogs,UGA,Georgia Lady Bulldogs,Georgia,CC0000,000000,https://a.espncdn.com/i/teamlogos/ncaa/500/61.png,away,57,false,13,1,20,42.3,22,52,0,22,77.8,7,9,7,8,1,12,0,27.3,6,22,33,0,0,0,57,s:40~l:54~t:57,florida-gators,Florida,Gators,FLA,Florida Gators,Florida,0021a5,fa4616,https://a.espncdn.com/i/teamlogos/ncaa/500/57.png,64
300520057,2010,2,2010-02-21,2010-02-21T17:00:00.000000-0500,57,s:40~l:54~t:57,florida-gators,Florida,Gators,FLA,Florida Gators,Florida,0021a5,fa4616,https://a.espncdn.com/i/teamlogos/ncaa/500/57.png,home,64,true,11,0,16,33.3,17,51,0,12,75.9,22,29,14,14,8,8,0,29.6,8,27,38,0,0,0,61,s:40~l:54~t:61,georgia-lady-bulldogs,Georgia,Lady Bulldogs,UGA,Georgia Lady Bulldogs,Georgia,CC0000,000000,https://a.espncdn.com/i/teamlogos/ncaa/500/61.png,57
300520145,2010,2,2010-02-21,2010-02-21T14:00:00.000000-0500,238,s:40~l:54~t:238,vanderbilt-commodores,Vanderbilt,Commodores,VAN,Vanderbilt Commodores,Vanderbilt,000000,231f20,https://a.espncdn.com/i/teamlogos/ncaa/500/238.png,away,68,true,13,2,24,45.6,26,57,0,20,80.0,12,15,9,15,5,15,0,44.4,4,9,40,0,0,0,145,s:40~l:54~t:145,ole-miss-rebels,Ole Miss,Rebels,MISS,Ole Miss Rebels,Ole Miss,001148,00205b,https://a.espncdn.com/i/teamlogos/ncaa/500/145.png,59
300520145,2010,2,2010-02-21,2010-02-21T14:00:00.000000-0500,145,s:40~l:54~t:145,ole-miss-rebels,Ole Miss,Rebels,MISS,Ole Miss Rebels,Ole Miss,001148,00205b,https://a.espncdn.com/i/teamlogos/ncaa/500/145.png,home,59,false,12,2,16,40.4,21,52,0,17,54.2,13,24,8,9,7,9,0,23.5,4,17,28,0,0,0,238,s:40~l:54~t:238,vanderbilt-commodores,Vanderbilt,Commodores,VAN,Vanderbilt Commodores,Vanderbilt,000000,231f20,https://a.espncdn.com/i/teamlogos/ncaa/500/238.png,68
300520164,2010,2,2010-02-21,2010-02-21T13:00:00.000000-0500,183,s:40~l:54~t:183,syracuse-orange,Syracuse,Orange,SYR,Syracuse Orange,Syracuse,ff6500,000e54,https://a.espncdn.com/i/teamlogos/ncaa/500/183.png,away,76,true,16,5,20,44.1,26,59,0,17,59.1,13,22,31,14,13,15,0,45.8,11,24,38,0,0,0,164,s:40~l:54~t:164,rutgers-scarlet-knights,Rutgers,Scarlet Knights,RUTG,Rutgers Scarlet Knights,Rutgers,d21034,ffffff,https://a.espncdn.com/i/teamlogos/ncaa/500/164.png,45
300520164,2010,2,2010-02-21,2010-02-21T13:00:00.000000-0500,164,s:40~l:54~t:164,rutgers-scarlet-knights,Rutgers,Scarlet Knights,RUTG,Rutgers Scarlet Knights,Rutgers,d21034,ffffff,https://a.espncdn.com/i/teamlogos/ncaa/500/164.png,home,45,false,11,6,24,29.4,15,51,0,18,70.6,12,17,1,12,6,25,0,25.0,3,12,41,0,0,0,183,s:40~l:54~t:183,syracuse-orange,Syracuse,Orange,SYR,Syracuse Orange,Syracuse,ff6500,000e54,https://a.espncdn.com/i/teamlogos/ncaa/500/183.png,76
300522641,2010,2,2010-02-21,2010-02-21T18:00:00.000000-0500,2305,s:40~l:54~t:2305,kansas-jayhawks,Kansas,Jayhawks,KU,Kansas Jayhawks,Kansas,0051ba,e8000d,https://a.espncdn.com/i/teamlogos/ncaa/500/2305.png,away,51,false,11,1,21,40.0,22,55,0,24,66.7,6,9,8,12,5,18,0,7.7,1,13,37,0,0,0,2641,s:40~l:54~t:2641,texas-tech-lady-raiders,Texas Tech,Lady Raiders,TTU,Texas Tech Lady Raiders,Texas Tech,C80025,231f20,https://a.espncdn.com/i/teamlogos/ncaa/500/2641.png,68
300522641,2010,2,2010-02-21,2010-02-21T18:00:00.000000-0500,2641,s:40~l:54~t:2641,texas-tech-lady-raiders,Texas Tech,Lady Raiders,TTU,Texas Tech Lady Raiders,Texas Tech,C80025,231f20,https://a.espncdn.com/i/teamlogos/ncaa/500/2641.png,home,68,true,13,3,16,39.3,24,61,0,15,68.0,17,25,17,20,9,11,0,30.0,3,10,40,0,0,0,2305,s:40~l:54~t:2305,kansas-jayhawks,Kansas,Jayhawks,KU,Kansas Jayhawks,Kansas,0051ba,e8000d,https://a.espncdn.com/i/teamlogos/ncaa/500/2305.png,51
300522460,2010,2,2010-02-21,2010-02-21T20:00:00.000000-0500,156,s:40~l:54~t:156,creighton-bluejays,Creighton,Bluejays,CREI,Creighton Bluejays,Creighton,13299e,00235d,https://a.espncdn.com/i/teamlogos/ncaa/500/156.png,away,57,false,5,5,16,30.2,16,53,0,18,71.4,20,28,3,5,7,9,0,33.3,5,15,26,0,0,0,2460,s:40~l:54~t:2460,northern-iowa-panthers,Northern Iowa,Panthers,UNI,Northern Iowa Panthers,Northern Iowa,473282,ffffff,https://a.espncdn.com/i/teamlogos/ncaa/500/2460.png,73
300522460,2010,2,2010-02-21,2010-02-21T20:00:00.000000-0500,2460,s:40~l:54~t:2460,northern-iowa-panthers,Northern Iowa,Panthers,UNI,Northern Iowa Panthers,Northern Iowa,473282,ffffff,https://a.espncdn.com/i/teamlogos/ncaa/500/2460.png,home,73,true,16,3,34,47.1,24,51,0,21,95.2,20,21,16,6,3,13,0,35.7,5,14,42,0,0,0,156,s:40~l:54~t:156,creighton-bluejays,Creighton,Bluejays,CREI,Creighton Bluejays,Creighton,13299e,00235d,https://a.espncdn.com/i/teamlogos/ncaa/500/156.png,57
300510041,2010,2,2010-02-20,2010-02-20T13:00:00.000000-0500,2507,s:40~l:54~t:2507,providence-friars,Providence,Friars,PROV,Providence Friars,Providence,000000,a3a19e,https://a.espncdn.com/i/teamlogos/ncaa/500/2507.png,away,53,false,12,0,15,31.3,21,67,0,25,100.0,4,4,1,13,9,16,0,28.0,7,25,34,0,0,0,41,s:40~l:54~t:41,uconn-huskies,UConn,Huskies,CONN,UConn Huskies,UConn,0c2340,f1f2f3,https://a.espncdn.com/i/teamlogos/ncaa/500/41.png,85
300510041,2010,2,2010-02-20,2010-02-20T13:00:00.000000-0500,41,s:40~l:54~t:41,uconn-huskies,UConn,Huskies,CONN,UConn Huskies,UConn,0c2340,f1f2f3,https://a.espncdn.com/i/teamlogos/ncaa/500/41.png,home,85,true,20,7,24,53.6,30,56,0,10,66.7,20,30,36,12,10,12,0,45.5,5,11,41,0,0,0,2507,s:40~l:54~t:2507,providence-friars,Providence,Friars,PROV,Providence Friars,Providence,000000,a3a19e,https://a.espncdn.com/i/teamlogos/ncaa/500/2507.png,53
300510024,2010,2,2010-02-20,2010-02-20T22:00:00.000000-0500,204,s:40~l:54~t:204,oregon-state-beavers,Oregon State,Beavers,ORST,Oregon State Beavers,Oregon St,d73f09,000000,https://a.espncdn.com/i/teamlogos/ncaa/500/204.png,away,48,false,7,0,9,32.2,19,59,0,13,71.4,5,7,0,9,5,15,0,38.5,5,13,23,0,0,0,24,s:40~l:54~t:24,stanford-cardinal,Stanford,Cardinal,STAN,Stanford Cardinal,Stanford,8c1515,ffffff,https://a.espncdn.com/i/teamlogos/ncaa/500/24.png,82
300510024,2010,2,2010-02-20,2010-02-20T22:00:00.000000-0500,24,s:40~l:54~t:24,stanford-cardinal,Stanford,Cardinal,STAN,Stanford Cardinal,Stanford,8c1515,ffffff,https://a.espncdn.com/i/teamlogos/ncaa/500/24.png,home,82,true,18,9,21,67.3,35,52,0,10,80.0,8,10,36,7,8,15,0,40.0,4,10,33,0,0,0,204,s:40~l:54~t:204,oregon-state-beavers,Oregon State,Beavers,ORST,Oregon State Beavers,Oregon St,d73f09,000000,https://a.espncdn.com/i/teamlogos/ncaa/500/204.png,48
300510158,2010,2,2010-02-20,2010-02-20T14:05:00.000000-0500,38,s:40~l:54~t:38,colorado-buffaloes,Colorado,Buffaloes,COLO,Colorado Buffaloes,Colorado,000000,cfb87c,https://a.espncdn.com/i/teamlogos/ncaa/500/38.png,away,73,false,15,4,18,44.8,26,58,0,19,75.0,6,8,6,10,5,17,1,55.6,15,27,33,1,0,0,158,s:40~l:54~t:158,nebraska-cornhuskers,Nebraska,Cornhuskers,NEB,Nebraska Cornhuskers,Nebraska,F20017,f5f1e7,https://a.espncdn.com/i/teamlogos/ncaa/500/158.png,89
300510158,2010,2,2010-02-20,2010-02-20T14:05:00.000000-0500,158,s:40~l:54~t:158,nebraska-cornhuskers,Nebraska,Cornhuskers,NEB,Nebraska Cornhuskers,Nebraska,F20017,f5f1e7,https://a.espncdn.com/i/teamlogos/ncaa/500/158.png,home,89,true,25,6,20,50.0,32,64,0,12,64.0,16,25,19,15,8,9,0,34.6,9,26,37,0,0,0,38,s:40~l:54~t:38,colorado-buffaloes,Colorado,Buffaloes,COLO,Colorado Buffaloes,Colorado,000000,cfb87c,https://a.espncdn.com/i/teamlogos/ncaa/500/38.png,73
300512752,2010,2,2010-02-20,2010-02-20T13:00:00.000000-0500,113,s:40~l:54~t:113,umass-minutewomen,UMass,Minutewomen,MASS,UMass Minutewomen,UMass,880007,,https://a.espncdn.com/i/teamlogos/ncaa/500/113.png,away,41,false,11,0,18,26.3,15,57,0,9,42.9,3,7,0,9,5,10,0,32.0,8,25,30,0,0,0,2752,s:40~l:54~t:2752,xavier-musketeers,Xavier,Musketeers,XAV,Xavier Musketeers,Xavier,002144,9ea2a2,https://a.espncdn.com/i/teamlogos/ncaa/500/2752.png,75
300512752,2010,2,2010-02-20,2010-02-20T13:00:00.000000-0500,2752,s:40~l:54~t:2752,xavier-musketeers,Xavier,Musketeers,XAV,Xavier Musketeers,Xavier,002144,9ea2a2,https://a.espncdn.com/i/teamlogos/ncaa/500/2752.png,home,75,true,25,5,28,46.8,29,62,0,5,75.0,6,8,37,13,6,10,0,34.4,11,32,46,0,0,0,113,s:40~l:54~t:113,umass-minutewomen,UMass,Minutewomen,MASS,UMass Minutewomen,UMass,880007,,https://a.espncdn.com/i/teamlogos/ncaa/500/113.png,41
300510058,2010,2,2010-02-20,2010-02-20T16:30:00.000000-0500,277,s:40~l:54~t:277,west-virginia-mountaineers,West Virginia,Mountaineers,WVU,West Virginia Mountaineers,West Virginia,FFC600,eaaa00,https://a.espncdn.com/i/teamlogos/ncaa/500/277.png,away,54,true,13,10,26,36.4,20,55,0,17,69.2,9,13,13,12,8,17,0,35.7,5,14,49,0,0,0,58,s:40~l:54~t:58,south-florida-bulls,South Florida,Bulls,USF,South Florida Bulls,South Florida,004A36,231f20,https://a.espncdn.com/i/teamlogos/ncaa/500/58.png,45
300510058,2010,2,2010-02-20,2010-02-20T16:30:00.000000-0500,58,s:40~l:54~t:58,south-florida-bulls,South Florida,Bulls,USF,South Florida Bulls,South Florida,004A36,231f20,https://a.espncdn.com/i/teamlogos/ncaa/500/58.png,home,45,false,9,6,20,26.7,16,60,0,17,73.3,11,15,3,12,9,12,0,15.4,2,13,34,0,0,0,277,s:40~l:54~t:277,west-virginia-mountaineers,West Virginia,Mountaineers,WVU,West Virginia Mountaineers,West Virginia,FFC600,eaaa00,https://a.espncdn.com/i/teamlogos/ncaa/500/277.png,54
300510245,2010,2,2010-02-20,2010-02-20T13:00:00.000000-0500,251,s:40~l:54~t:251,texas-longhorns,Texas,Longhorns,TEX,Texas Longhorns,Texas,c15d26,ffffff,https://a.espncdn.com/i/teamlogos/ncaa/500/251.png,away,44,false,12,7,29,31.4,16,51,0,18,75.0,9,12,11,10,4,21,0,21.4,3,14,43,0,0,0,245,s:40~l:54~t:245,texas-am-aggies,Texas A&M,Aggies,TA&M,Texas A&M Aggies,Texas A&M,5C0025,ffffff,https://a.espncdn.com/i/teamlogos/ncaa/500/245.png,58
300510245,2010,2,2010-02-20,2010-02-20T13:00:00.000000-0500,245,s:40~l:54~t:245,texas-am-aggies,Texas A&M,Aggies,TA&M,Texas A&M Aggies,Texas A&M,5C0025,ffffff,https://a.espncdn.com/i/teamlogos/ncaa/500/245.png,home,58,true,12,6,25,34.4,22,64,0,16,57.9,11,19,15,6,12,11,0,21.4,3,14,41,0,0,0,251,s:40~l:54~t:251,texas-longhorns,Texas,Longhorns,TEX,Texas Longhorns,Texas,c15d26,ffffff,https://a.espncdn.com/i/teamlogos/ncaa/500/251.png,44
300510066,2010,2,2010-02-20,2010-02-20T20:00:00.000000-0500,142,s:40~l:54~t:142,missouri-tigers,Missouri,Tigers,MIZ,Missouri Tigers,Missouri,f1b82d,000000,https://a.espncdn.com/i/teamlogos/ncaa/500/142.png,away,42,false,6,5,13,33.3,16,48,0,18,66.7,8,12,0,10,9,13,0,14.3,2,14,24,0,0,0,66,s:40~l:54~t:66,iowa-state-cyclones,Iowa State,Cyclones,ISU,Iowa State Cyclones,Iowa State,822433,fdca2f,https://a.espncdn.com/i/teamlogos/ncaa/500/66.png,55
300510066,2010,2,2010-02-20,2010-02-20T20:00:00.000000-0500,66,s:40~l:54~t:66,iowa-state-cyclones,Iowa State,Cyclones,ISU,Iowa State Cyclones,Iowa State,822433,fdca2f,https://a.espncdn.com/i/teamlogos/ncaa/500/66.png,home,55,true,16,1,24,43.8,21,48,0,13,64.7,11,17,22,12,5,14,0,15.4,2,13,40,0,0,0,142,s:40~l:54~t:142,missouri-tigers,Missouri,Tigers,MIZ,Missouri Tigers,Missouri,f1b82d,000000,https://a.espncdn.com/i/teamlogos/ncaa/500/142.png,42
300510239,2010,2,2010-02-20,2010-02-20T20:00:00.000000-0500,197,s:40~l:54~t:197,oklahoma-state-cowgirls,Oklahoma State,Cowgirls,OKST,Oklahoma State Cowgirls,Oklahoma St,ff6500,000000,https://a.espncdn.com/i/teamlogos/ncaa/500/197.png,away,69,false,5,2,16,35.5,22,62,0,29,86.4,19,22,0,12,5,10,0,33.3,6,18,35,0,0,0,239,s:40~l:54~t:239,baylor-bears,Baylor,Bears,BAY,Baylor Bears,Baylor,154734,ffb81c,https://a.espncdn.com/i/teamlogos/ncaa/500/239.png,80
300510239,2010,2,2010-02-20,2010-02-20T20:00:00.000000-0500,239,s:40~l:54~t:239,baylor-bears,Baylor,Bears,BAY,Baylor Bears,Baylor,154734,ffb81c,https://a.espncdn.com/i/teamlogos/ncaa/500/239.png,home,80,true,13,8,25,43.1,22,51,0,17,84.2,32,38,14,14,3,9,0,44.4,4,9,40,0,0,0,197,s:40~l:54~t:197,oklahoma-state-cowgirls,Oklahoma State,Cowgirls,OKST,Oklahoma State Cowgirls,Oklahoma St,ff6500,000000,https://a.espncdn.com/i/teamlogos/ncaa/500/197.png,69
300500059,2010,2,2010-02-19,2010-02-19T20:30:00.000000-0500,150,s:40~l:54~t:150,duke-blue-devils,Duke,Blue Devils,DUKE,Duke Blue Devils,Duke,013088,ffffff,https://a.espncdn.com/i/teamlogos/ncaa/500/150.png,away,64,true,12,3,22,43.9,25,57,0,20,92.3,12,13,14,12,14,21,0,22.2,2,9,36,0,0,0,59,s:40~l:54~t:59,georgia-tech-yellow-jackets,Georgia Tech,Yellow Jackets,GT,Georgia Tech Yellow Jackets,Georgia Tech,00223e,002c56,https://a.espncdn.com/i/teamlogos/ncaa/500/59.png,50
300500059,2010,2,2010-02-19,2010-02-19T20:30:00.000000-0500,59,s:40~l:54~t:59,georgia-tech-yellow-jackets,Georgia Tech,Yellow Jackets,GT,Georgia Tech Yellow Jackets,Georgia Tech,00223e,002c56,https://a.espncdn.com/i/teamlogos/ncaa/500/59.png,home,50,false,10,1,18,34.0,18,53,0,12,68.4,13,19,3,10,8,25,0,14.3,1,7,34,0,0,0,150,s:40~l:54~t:150,duke-blue-devils,Duke,Blue Devils,DUKE,Duke Blue Devils,Duke,013088,ffffff,https://a.espncdn.com/i/teamlogos/ncaa/500/150.png,64
300490024,2010,2,2010-02-18,2010-02-18T22:00:00.000000-0500,2483,s:40~l:54~t:2483,oregon-ducks,Oregon,Ducks,ORE,Oregon Ducks,Oregon,044520,fee123,https://a.espncdn.com/i/teamlogos/ncaa/500/2483.png,away,60,false,9,4,15,32.4,24,74,0,13,77.8,7,9,0,9,4,12,0,27.8,5,18,33,0,0,0,24,s:40~l:54~t:24,stanford-cardinal,Stanford,Cardinal,STAN,Stanford Cardinal,Stanford,8c1515,ffffff,https://a.espncdn.com/i/teamlogos/ncaa/500/24.png,104
300490024,2010,2,2010-02-18,2010-02-18T22:00:00.000000-0500,24,s:40~l:54~t:24,stanford-cardinal,Stanford,Cardinal,STAN,Stanford Cardinal,Stanford,8c1515,ffffff,https://a.espncdn.com/i/teamlogos/ncaa/500/24.png,home,104,true,23,8,34,56.3,40,71,0,12,80.0,12,15,49,9,6,10,0,46.2,12,26,49,0,0,0,2483,s:40~l:54~t:2483,oregon-ducks,Oregon,Ducks,ORE,Oregon Ducks,Oregon,044520,fee123,https://a.espncdn.com/i/teamlogos/ncaa/500/2483.png,60
300490333,2010,2,2010-02-18,2010-02-18T21:00:00.000000-0500,2633,s:40~l:54~t:2633,tennessee-lady-volunteers,Tennessee,Lady Volunteers,TENN,Tennessee Lady Volunteers,Tennessee,ff8200,ffffff,https://a.espncdn.com/i/teamlogos/ncaa/500/2633_ncw.png,away,74,true,10,4,21,46.2,30,65,0,13,45.8,11,24,16,12,12,12,0,33.3,3,9,33,0,0,0,333,s:40~l:54~t:333,alabama-crimson-tide,Alabama,Crimson Tide,ALA,Alabama Crimson Tide,Alabama,9e1632,ffffff,https://a.espncdn.com/i/teamlogos/ncaa/500/333.png,67
300490333,2010,2,2010-02-18,2010-02-18T21:00:00.000000-0500,333,s:40~l:54~t:333,alabama-crimson-tide,Alabama,Crimson Tide,ALA,Alabama Crimson Tide,Alabama,9e1632,ffffff,https://a.espncdn.com/i/teamlogos/ncaa/500/333.png,home,67,false,12,5,30,45.9,28,61,0,22,80.0,8,10,3,8,5,23,0,23.1,3,13,45,0,0,0,2633,s:40~l:54~t:2633,tennessee-lady-volunteers,Tennessee,Lady Volunteers,TENN,Tennessee Lady Volunteers,Tennessee,ff8200,ffffff,https://a.espncdn.com/i/teamlogos/ncaa/500/2633_ncw.png,74
300490275,2010,2,2010-02-18,2010-02-18T20:00:00.000000-0500,194,s:40~l:54~t:194,ohio-state-buckeyes,Ohio State,Buckeyes,OSU,Ohio State Buckeyes,Ohio State,ce1141,505056,https://a.espncdn.com/i/teamlogos/ncaa/500/194.png,away,83,true,11,2,24,50.9,28,55,0,10,75.0,21,28,10,6,9,11,0,40.0,6,15,31,0,0,0,275,s:40~l:54~t:275,wisconsin-badgers,Wisconsin,Badgers,WISC,Wisconsin Badgers,Wisconsin,A00000,f7f7f7,https://a.espncdn.com/i/teamlogos/ncaa/500/275.png,78
300490275,2010,2,2010-02-18,2010-02-18T20:00:00.000000-0500,275,s:40~l:54~t:275,wisconsin-badgers,Wisconsin,Badgers,WISC,Wisconsin Badgers,Wisconsin,A00000,f7f7f7,https://a.espncdn.com/i/teamlogos/ncaa/500/275.png,home,78,false,20,1,24,47.1,33,70,0,20,62.5,5,8,5,12,8,15,0,43.8,7,16,38,0,0,0,194,s:40~l:54~t:194,ohio-state-buckeyes,Ohio State,Buckeyes,OSU,Ohio State Buckeyes,Ohio State,ce1141,505056,https://a.espncdn.com/i/teamlogos/ncaa/500/194.png,83
300490052,2010,2,2010-02-18,2010-02-18T19:00:00.000000-0500,259,s:40~l:54~t:259,virginia-tech-hokies,Virginia Tech,Hokies,VT,Virginia Tech Hokies,Virginia Tech,630031,cf4520,https://a.espncdn.com/i/teamlogos/ncaa/500/259.png,away,68,false,18,0,13,46.6,27,58,0,15,63.6,7,11,1,11,1,15,0,50.0,7,14,28,0,0,0,52,s:40~l:54~t:52,florida-state-seminoles,Florida State,Seminoles,FSU,Florida State Seminoles,Florida St,782F40,ceb888,https://a.espncdn.com/i/teamlogos/ncaa/500/52.png,78
300490052,2010,2,2010-02-18,2010-02-18T19:00:00.000000-0500,52,s:40~l:54~t:52,florida-state-seminoles,Florida State,Seminoles,FSU,Florida State Seminoles,Florida St,782F40,ceb888,https://a.espncdn.com/i/teamlogos/ncaa/500/52.png,home,78,true,19,2,19,44.3,27,61,0,16,68.2,15,22,16,15,6,12,0,40.9,9,22,40,0,0,0,259,s:40~l:54~t:259,virginia-tech-hokies,Virginia Tech,Hokies,VT,Virginia Tech Hokies,Virginia Tech,630031,cf4520,https://a.espncdn.com/i/teamlogos/ncaa/500/259.png,68
300490096,2010,2,2010-02-18,2010-02-18T19:00:00.000000-0500,57,s:40~l:54~t:57,florida-gators,Florida,Gators,FLA,Florida Gators,Florida,0021a5,fa4616,https://a.espncdn.com/i/teamlogos/ncaa/500/57.png,away,51,false,8,1,12,36.5,19,52,0,20,77.8,7,9,6,13,6,23,0,30.0,6,20,30,0,0,0,96,s:40~l:54~t:96,kentucky-wildcats,Kentucky,Wildcats,UK,Kentucky Wildcats,Kentucky,005DAA,ffffff,https://a.espncdn.com/i/teamlogos/ncaa/500/96.png,77
300490096,2010,2,2010-02-18,2010-02-18T19:00:00.000000-0500,96,s:40~l:54~t:96,kentucky-wildcats,Kentucky,Wildcats,UK,Kentucky Wildcats,Kentucky,005DAA,ffffff,https://a.espncdn.com/i/teamlogos/ncaa/500/96.png,home,77,true,17,3,15,47.2,25,53,0,15,95.5,21,22,27,14,12,14,0,42.9,6,14,31,0,0,0,57,s:40~l:54~t:57,florida-gators,Florida,Gators,FLA,Florida Gators,Florida,0021a5,fa4616,https://a.espncdn.com/i/teamlogos/ncaa/500/57.png,51
300490099,2010,2,2010-02-18,2010-02-18T20:00:00.000000-0500,238,s:40~l:54~t:238,vanderbilt-commodores,Vanderbilt,Commodores,VAN,Vanderbilt Commodores,Vanderbilt,000000,231f20,https://a.espncdn.com/i/teamlogos/ncaa/500/238.png,away,39,false,3,0,21,37.0,17,46,0,15,60.0,3,5,0,4,6,17,0,16.7,2,12,28,0,0,0,99,s:40~l:54~t:99,lsu-tigers,LSU,Tigers,LSU,LSU Tigers,LSU,461d7c,fdd023,https://a.espncdn.com/i/teamlogos/ncaa/500/99.png,55
300490099,2010,2,2010-02-18,2010-02-18T20:00:00.000000-0500,99,s:40~l:54~t:99,lsu-tigers,LSU,Tigers,LSU,LSU Tigers,LSU,461d7c,fdd023,https://a.espncdn.com/i/teamlogos/ncaa/500/99.png,home,55,true,18,1,24,44.2,23,52,0,8,58.3,7,12,18,9,5,15,0,22.2,2,9,34,0,0,0,238,s:40~l:54~t:238,vanderbilt-commodores,Vanderbilt,Commodores,VAN,Vanderbilt Commodores,Vanderbilt,000000,231f20,https://a.espncdn.com/i/teamlogos/ncaa/500/238.png,39
300490042,2010,2,2010-02-18,2010-02-18T19:00:00.000000-0500,2066,s:40~l:54~t:2066,binghamton-bearcats,Binghamton,Bearcats,BING,Binghamton Bearcats,Binghamton,00614A,f0f0f0,https://a.espncdn.com/i/teamlogos/ncaa/500/2066.png,away,54,false,3,1,13,48.9,23,47,0,13,60.0,6,10,0,7,6,18,0,28.6,2,7,25,0,0,0,42,s:40~l:54~t:42,hartford-hawks,Hartford,Hawks,HART,Hartford Hawks,Hartford,d60008,000000,https://a.espncdn.com/i/teamlogos/ncaa/500/42.png,72
300490042,2010,2,2010-02-18,2010-02-18T19:00:00.000000-0500,42,s:40~l:54~t:42,hartford-hawks,Hartford,Hawks,HART,Hartford Hawks,Hartford,d60008,000000,https://a.espncdn.com/i/teamlogos/ncaa/500/42.png,home,72,true,20,2,16,51.8,29,56,0,12,37.5,3,8,21,12,6,14,0,52.4,11,21,30,0,0,0,2066,s:40~l:54~t:2066,binghamton-bearcats,Binghamton,Bearcats,BING,Binghamton Bearcats,Binghamton,00614A,f0f0f0,https://a.espncdn.com/i/teamlogos/ncaa/500/2066.png,54
300480158,2010,2,2010-02-17,2010-02-17T20:05:00.000000-0500,66,s:40~l:54~t:66,iowa-state-cyclones,Iowa State,Cyclones,ISU,Iowa State Cyclones,Iowa State,822433,fdca2f,https://a.espncdn.com/i/teamlogos/ncaa/500/66.png,away,50,false,11,2,23,40.9,18,44,0,21,80.0,4,5,1,8,5,23,0,41.7,10,24,34,0,0,0,158,s:40~l:54~t:158,nebraska-cornhuskers,Nebraska,Cornhuskers,NEB,Nebraska Cornhuskers,Nebraska,F20017,f5f1e7,https://a.espncdn.com/i/teamlogos/ncaa/500/158.png,60
300480158,2010,2,2010-02-17,2010-02-17T20:05:00.000000-0500,158,s:40~l:54~t:158,nebraska-cornhuskers,Nebraska,Cornhuskers,NEB,Nebraska Cornhuskers,Nebraska,F20017,f5f1e7,https://a.espncdn.com/i/teamlogos/ncaa/500/158.png,home,60,true,9,0,14,38.3,18,47,0,9,76.0,19,25,12,6,9,10,0,22.7,5,22,24,0,0,0,66,s:40~l:54~t:66,iowa-state-cyclones,Iowa State,Cyclones,ISU,Iowa State Cyclones,Iowa State,822433,fdca2f,https://a.espncdn.com/i/teamlogos/ncaa/500/66.png,50
300482168,2010,2,2010-02-17,2010-02-17T19:00:00.000000-0500,2752,s:40~l:54~t:2752,xavier-musketeers,Xavier,Musketeers,XAV,Xavier Musketeers,Xavier,002144,9ea2a2,https://a.espncdn.com/i/teamlogos/ncaa/500/2752.png,away,80,true,19,9,33,40.0,28,70,0,17,72.2,13,18,3,16,6,19,0,47.8,11,23,52,0,0,0,2168,s:40~l:54~t:2168,dayton-flyers,Dayton,Flyers,DAY,Dayton Flyers,Dayton,004B8D,ffffff,https://a.espncdn.com/i/teamlogos/ncaa/500/2168.png,79
300482168,2010,2,2010-02-17,2010-02-17T19:00:00.000000-0500,2168,s:40~l:54~t:2168,dayton-flyers,Dayton,Flyers,DAY,Dayton Flyers,Dayton,004B8D,ffffff,https://a.espncdn.com/i/teamlogos/ncaa/500/2168.png,home,79,false,23,7,27,38.0,27,71,0,16,76.2,16,21,13,13,7,15,0,36.0,9,25,40,0,0,0,2752,s:40~l:54~t:2752,xavier-musketeers,Xavier,Musketeers,XAV,Xavier Musketeers,Xavier,002144,9ea2a2,https://a.espncdn.com/i/teamlogos/ncaa/500/2752.png,80
300480251,2010,2,2010-02-17,2010-02-17T20:00:00.000000-0500,2306,s:40~l:54~t:2306,kansas-state-wildcats,Kansas State,Wildcats,KSU,Kansas State Wildcats,Kansas St,633194,e7d2ad,https://a.espncdn.com/i/teamlogos/ncaa/500/2306.png,away,41,false,8,3,19,26.8,15,56,0,21,53.8,7,13,3,8,6,14,0,17.4,4,23,31,0,0,0,251,s:40~l:54~t:251,texas-longhorns,Texas,Longhorns,TEX,Texas Longhorns,Texas,c15d26,ffffff,https://a.espncdn.com/i/teamlogos/ncaa/500/251.png,62
300480251,2010,2,2010-02-17,2010-02-17T20:00:00.000000-0500,251,s:40~l:54~t:251,texas-longhorns,Texas,Longhorns,TEX,Texas Longhorns,Texas,c15d26,ffffff,https://a.espncdn.com/i/teamlogos/ncaa/500/251.png,home,62,true,10,8,30,47.6,20,42,0,15,72.7,16,22,23,6,6,20,0,75.0,6,8,38,0,0,0,2306,s:40~l:54~t:2306,kansas-state-wildcats,Kansas State,Wildcats,KSU,Kansas State Wildcats,Kansas St,633194,e7d2ad,https://a.espncdn.com/i/teamlogos/ncaa/500/2306.png,41
300480197,2010,2,2010-02-17,2010-02-17T20:00:00.000000-0500,245,s:40~l:54~t:245,texas-am-aggies,Texas A&M,Aggies,TA&M,Texas A&M Aggies,Texas A&M,5C0025,ffffff,https://a.espncdn.com/i/teamlogos/ncaa/500/245.png,away,69,true,14,1,21,44.4,28,63,0,17,52.6,10,19,28,12,12,11,0,25.0,3,12,35,0,0,0,197,s:40~l:54~t:197,oklahoma-state-cowgirls,Oklahoma State,Cowgirls,OKST,Oklahoma State Cowgirls,Oklahoma St,ff6500,000000,https://a.espncdn.com/i/teamlogos/ncaa/500/197.png,52
300480197,2010,2,2010-02-17,2010-02-17T20:00:00.000000-0500,197,s:40~l:54~t:197,oklahoma-state-cowgirls,Oklahoma State,Cowgirls,OKST,Oklahoma State Cowgirls,Oklahoma St,ff6500,000000,https://a.espncdn.com/i/teamlogos/ncaa/500/197.png,home,52,false,10,3,24,37.5,18,48,0,15,54.5,12,22,0,13,2,23,0,28.6,4,14,38,0,0,0,245,s:40~l:54~t:245,texas-am-aggies,Texas A&M,Aggies,TA&M,Texas A&M Aggies,Texas A&M,5C0025,ffffff,https://a.espncdn.com/i/teamlogos/ncaa/500/245.png,69
300480239,2010,2,2010-02-17,2010-02-17T20:00:00.000000-0500,2641,s:40~l:54~t:2641,texas-tech-lady-raiders,Texas Tech,Lady Raiders,TTU,Texas Tech Lady Raiders,Texas Tech,C80025,231f20,https://a.espncdn.com/i/teamlogos/ncaa/500/2641.png,away,48,false,10,3,18,32.7,18,55,0,22,50.0,9,18,1,4,4,6,1,23.1,3,13,24,1,0,0,239,s:40~l:54~t:239,baylor-bears,Baylor,Bears,BAY,Baylor Bears,Baylor,154734,ffb81c,https://a.espncdn.com/i/teamlogos/ncaa/500/239.png,65
300480239,2010,2,2010-02-17,2010-02-17T20:00:00.000000-0500,239,s:40~l:54~t:239,baylor-bears,Baylor,Bears,BAY,Baylor Bears,Baylor,154734,ffb81c,https://a.espncdn.com/i/teamlogos/ncaa/500/239.png,home,65,true,10,3,35,38.0,19,50,0,17,80.6,25,31,23,14,2,15,0,28.6,2,7,52,0,0,0,2641,s:40~l:54~t:2641,texas-tech-lady-raiders,Texas Tech,Lady Raiders,TTU,Texas Tech Lady Raiders,Texas Tech,C80025,231f20,https://a.espncdn.com/i/teamlogos/ncaa/500/2641.png,48
300480222,2010,2,2010-02-17,2010-02-17T19:00:00.000000-0500,221,s:40~l:54~t:221,pittsburgh-panthers,Pittsburgh,Panthers,PITT,Pittsburgh Panthers,Pitt,003263,231f20,https://a.espncdn.com/i/teamlogos/ncaa/500/221.png,away,74,true,10,6,33,42.6,23,54,0,13,75.0,24,32,18,9,5,16,0,66.7,4,6,45,0,0,0,222,s:40~l:54~t:222,villanova-wildcats,Villanova,Wildcats,VILL,Villanova Wildcats,Villanova,00205b,13b5ea,https://a.espncdn.com/i/teamlogos/ncaa/500/222.png,69
300480222,2010,2,2010-02-17,2010-02-17T19:00:00.000000-0500,222,s:40~l:54~t:222,villanova-wildcats,Villanova,Wildcats,VILL,Villanova Wildcats,Villanova,00205b,13b5ea,https://a.espncdn.com/i/teamlogos/ncaa/500/222.png,home,69,false,18,3,22,44.8,30,67,0,19,62.5,5,8,0,2,6,10,0,25.0,4,16,31,0,0,0,221,s:40~l:54~t:221,pittsburgh-panthers,Pittsburgh,Panthers,PITT,Pittsburgh Panthers,Pitt,003263,231f20,https://a.espncdn.com/i/teamlogos/ncaa/500/221.png,74
300470277,2010,2,2010-02-16,2010-02-16T19:00:00.000000-0500,164,s:40~l:54~t:164,rutgers-scarlet-knights,Rutgers,Scarlet Knights,RUTG,Rutgers Scarlet Knights,Rutgers,d21034,ffffff,https://a.espncdn.com/i/teamlogos/ncaa/500/164.png,away,51,false,12,4,21,42.0,21,50,0,21,55.6,5,9,4,12,8,22,0,44.4,4,9,34,0,0,0,277,s:40~l:54~t:277,west-virginia-mountaineers,West Virginia,Mountaineers,WVU,West Virginia Mountaineers,West Virginia,FFC600,eaaa00,https://a.espncdn.com/i/teamlogos/ncaa/500/277.png,55
300470277,2010,2,2010-02-16,2010-02-16T19:00:00.000000-0500,277,s:40~l:54~t:277,west-virginia-mountaineers,West Virginia,Mountaineers,WVU,West Virginia Mountaineers,West Virginia,FFC600,eaaa00,https://a.espncdn.com/i/teamlogos/ncaa/500/277.png,home,55,true,10,4,18,36.0,18,50,0,12,65.2,15,23,13,10,12,16,0,28.6,4,14,32,0,0,0,164,s:40~l:54~t:164,rutgers-scarlet-knights,Rutgers,Scarlet Knights,RUTG,Rutgers Scarlet Knights,Rutgers,d21034,ffffff,https://a.espncdn.com/i/teamlogos/ncaa/500/164.png,51
300470021,2010,2,2010-02-16,2010-02-16T22:30:00.000000-0500,2628,s:40~l:54~t:2628,tcu-horned-frogs,TCU,Horned Frogs,TCU,TCU Horned Frogs,TCU,4d1979,f1f2f3,https://a.espncdn.com/i/teamlogos/ncaa/500/2628.png,away,61,false,12,5,16,36.2,21,58,0,12,84.6,11,13,2,10,5,22,0,44.4,8,18,32,0,0,0,21,s:40~l:54~t:21,san-diego-state-aztecs,San Diego State,Aztecs,SDSU,San Diego State Aztecs,San Diego St,BF2C37,a8996e,https://a.espncdn.com/i/teamlogos/ncaa/500/21.png,84
300470021,2010,2,2010-02-16,2010-02-16T22:30:00.000000-0500,21,s:40~l:54~t:21,san-diego-state-aztecs,San Diego State,Aztecs,SDSU,San Diego State Aztecs,San Diego St,BF2C37,a8996e,https://a.espncdn.com/i/teamlogos/ncaa/500/21.png,home,84,true,22,11,26,46.4,32,69,0,14,73.7,14,19,26,17,14,13,0,37.5,6,16,43,0,0,0,2628,s:40~l:54~t:2628,tcu-horned-frogs,TCU,Horned Frogs,TCU,TCU Horned Frogs,TCU,4d1979,f1f2f3,https://a.espncdn.com/i/teamlogos/ncaa/500/2628.png,61
300472507,2010,2,2010-02-16,2010-02-16T19:00:00.000000-0500,2132,s:40~l:54~t:2132,cincinnati-bearcats,Cincinnati,Bearcats,CIN,Cincinnati Bearcats,Cincinnati,000000,717073,https://a.espncdn.com/i/teamlogos/ncaa/500/2132.png,away,44,false,10,2,21,30.2,16,53,0,14,71.4,10,14,5,7,4,11,0,16.7,2,12,34,0,0,0,2507,s:40~l:54~t:2507,providence-friars,Providence,Friars,PROV,Providence Friars,Providence,000000,a3a19e,https://a.espncdn.com/i/teamlogos/ncaa/500/2507.png,59
300472507,2010,2,2010-02-16,2010-02-16T19:00:00.000000-0500,2507,s:40~l:54~t:2507,providence-friars,Providence,Friars,PROV,Providence Friars,Providence,000000,a3a19e,https://a.espncdn.com/i/teamlogos/ncaa/500/2507.png,home,59,true,14,6,28,41.0,25,61,0,13,71.4,5,7,15,11,7,9,0,21.1,4,19,42,0,0,0,2132,s:40~l:54~t:2132,cincinnati-bearcats,Cincinnati,Bearcats,CIN,Cincinnati Bearcats,Cincinnati,000000,717073,https://a.espncdn.com/i/teamlogos/ncaa/500/2132.png,44
300470258,2010,2,2010-02-16,2010-02-16T19:00:00.000000-0500,2344,s:40~l:54~t:2344,longwood-lancers,Longwood,Lancers,LONG,Longwood Lancers,Longwood,003273,9ea2a3,https://a.espncdn.com/i/teamlogos/ncaa/500/2344.png,away,40,false,5,1,14,26.9,14,52,0,16,61.5,8,13,0,4,14,22,0,22.2,4,18,22,0,0,0,258,s:40~l:54~t:258,virginia-cavaliers,Virginia,Cavaliers,UVA,Virginia Cavaliers,Virginia,f84c1e,ffffff,https://a.espncdn.com/i/teamlogos/ncaa/500/258.png,81
300470258,2010,2,2010-02-16,2010-02-16T19:00:00.000000-0500,258,s:40~l:54~t:258,virginia-cavaliers,Virginia,Cavaliers,UVA,Virginia Cavaliers,Virginia,f84c1e,ffffff,https://a.espncdn.com/i/teamlogos/ncaa/500/258.png,home,81,true,19,5,34,50.8,33,65,0,11,72.2,13,18,41,17,9,23,0,20.0,2,10,54,0,0,0,2344,s:40~l:54~t:2344,longwood-lancers,Longwood,Lancers,LONG,Longwood Lancers,Longwood,003273,9ea2a3,https://a.espncdn.com/i/teamlogos/ncaa/500/2344.png,40
300460201,2010,2,2010-02-15,2010-02-15T21:00:00.000000-0500,41,s:40~l:54~t:41,uconn-huskies,UConn,Huskies,CONN,UConn Huskies,UConn,0c2340,f1f2f3,https://a.espncdn.com/i/teamlogos/ncaa/500/41.png,away,76,true,12,7,29,48.3,29,60,0,13,78.9,15,19,16,8,4,14,0,21.4,3,14,44,0,0,0,201,s:40~l:54~t:201,oklahoma-sooners,Oklahoma,Sooners,OU,Oklahoma Sooners,Oklahoma,9d2235,ffffff,https://a.espncdn.com/i/teamlogos/ncaa/500/201.png,60
300460201,2010,2,2010-02-15,2010-02-15T21:00:00.000000-0500,201,s:40~l:54~t:201,oklahoma-sooners,Oklahoma,Sooners,OU,Oklahoma Sooners,Oklahoma,9d2235,ffffff,https://a.espncdn.com/i/teamlogos/ncaa/500/201.png,home,60,false,10,4,21,33.3,23,69,0,18,58.8,10,17,1,10,6,11,0,23.5,4,17,37,0,0,0,41,s:40~l:54~t:41,uconn-huskies,UConn,Huskies,CONN,UConn Huskies,UConn,0c2340,f1f2f3,https://a.espncdn.com/i/teamlogos/ncaa/500/41.png,76
300460059,2010,2,2010-02-15,2010-02-15T19:00:00.000000-0500,52,s:40~l:54~t:52,florida-state-seminoles,Florida State,Seminoles,FSU,Florida State Seminoles,Florida St,782F40,ceb888,https://a.espncdn.com/i/teamlogos/ncaa/500/52.png,away,69,true,15,5,23,38.6,22,57,0,19,76.0,19,25,11,9,9,13,0,35.3,6,17,36,0,0,0,59,s:40~l:54~t:59,georgia-tech-yellow-jackets,Georgia Tech,Yellow Jackets,GT,Georgia Tech Yellow Jackets,Georgia Tech,00223e,002c56,https://a.espncdn.com/i/teamlogos/ncaa/500/59.png,59
300460059,2010,2,2010-02-15,2010-02-15T19:00:00.000000-0500,59,s:40~l:54~t:59,georgia-tech-yellow-jackets,Georgia Tech,Yellow Jackets,GT,Georgia Tech Yellow Jackets,Georgia Tech,00223e,002c56,https://a.espncdn.com/i/teamlogos/ncaa/500/59.png,home,59,false,14,1,27,32.8,20,61,0,21,73.9,17,23,10,12,8,15,0,15.4,2,13,45,0,0,0,52,s:40~l:54~t:52,florida-state-seminoles,Florida State,Seminoles,FSU,Florida State Seminoles,Florida St,782F40,ceb888,https://a.espncdn.com/i/teamlogos/ncaa/500/52.png,69
300460258,2010,2,2010-02-15,2010-02-15T19:00:00.000000-0500,153,s:40~l:54~t:153,north-carolina-tar-heels,North Carolina,Tar Heels,UNC,North Carolina Tar Heels,North Carolina,7bafd4,13294b,https://a.espncdn.com/i/teamlogos/ncaa/500/153.png,away,78,false,16,3,23,33.3,28,84,0,24,57.1,12,21,6,18,9,16,0,37.0,10,27,48,0,0,0,258,s:40~l:54~t:258,virginia-cavaliers,Virginia,Cavaliers,UVA,Virginia Cavaliers,Virginia,f84c1e,ffffff,https://a.espncdn.com/i/teamlogos/ncaa/500/258.png,82
300460258,2010,2,2010-02-15,2010-02-15T19:00:00.000000-0500,258,s:40~l:54~t:258,virginia-cavaliers,Virginia,Cavaliers,UVA,Virginia Cavaliers,Virginia,f84c1e,ffffff,https://a.espncdn.com/i/teamlogos/ncaa/500/258.png,home,82,true,12,2,36,40.5,30,74,0,17,71.0,22,31,5,19,5,22,0,0.0,0,11,59,0,0,0,153,s:40~l:54~t:153,north-carolina-tar-heels,North Carolina,Tar Heels,UNC,North Carolina Tar Heels,North Carolina,7bafd4,13294b,https://a.espncdn.com/i/teamlogos/ncaa/500/153.png,78
300450087,2010,2,2010-02-14,2010-02-14T15:15:00.000000-0500,305,s:40~l:54~t:305,depaul-blue-demons,DePaul,Blue Demons,DEP,DePaul Blue Demons,DePaul,2d649c,ce1125,https://a.espncdn.com/i/teamlogos/ncaa/500/305.png,away,66,false,18,4,20,38.5,25,65,0,17,73.7,14,19,4,13,10,24,0,18.2,2,11,41,0,0,0,87,s:40~l:54~t:87,notre-dame-fighting-irish,Notre Dame,Fighting Irish,ND,Notre Dame Fighting Irish,Notre Dame,0c2340,c99700,https://a.espncdn.com/i/teamlogos/ncaa/500/87.png,90
300450087,2010,2,2010-02-14,2010-02-14T15:15:00.000000-0500,87,s:40~l:54~t:87,notre-dame-fighting-irish,Notre Dame,Fighting Irish,ND,Notre Dame Fighting Irish,Notre Dame,0c2340,c99700,https://a.espncdn.com/i/teamlogos/ncaa/500/87.png,home,90,true,24,2,24,49.3,33,67,0,19,79.2,19,24,25,11,17,15,0,29.4,5,17,38,0,0,0,305,s:40~l:54~t:305,depaul-blue-demons,DePaul,Blue Demons,DEP,DePaul Blue Demons,DePaul,2d649c,ce1125,https://a.espncdn.com/i/teamlogos/ncaa/500/305.png,66
300452633,2010,2,2010-02-14,2010-02-14T14:00:00.000000-0500,57,s:40~l:54~t:57,florida-gators,Florida,Gators,FLA,Florida Gators,Florida,0021a5,fa4616,https://a.espncdn.com/i/teamlogos/ncaa/500/57.png,away,44,false,12,3,18,27.3,18,66,0,15,0.0,0,0,2,12,6,19,0,30.8,8,26,39,0,0,0,2633,s:40~l:54~t:2633,tennessee-lady-volunteers,Tennessee,Lady Volunteers,TENN,Tennessee Lady Volunteers,Tennessee,ff8200,ffffff,https://a.espncdn.com/i/teamlogos/ncaa/500/2633_ncw.png,83
300452633,2010,2,2010-02-14,2010-02-14T14:00:00.000000-0500,2633,s:40~l:54~t:2633,tennessee-lady-volunteers,Tennessee,Lady Volunteers,TENN,Tennessee Lady Volunteers,Tennessee,ff8200,ffffff,https://a.espncdn.com/i/teamlogos/ncaa/500/2633_ncw.png,home,83,true,20,12,27,53.1,34,64,0,9,60.0,6,10,41,13,9,10,0,47.4,9,19,42,0,0,0,57,s:40~l:54~t:57,florida-gators,Florida,Gators,FLA,Florida Gators,Florida,0021a5,fa4616,https://a.espncdn.com/i/teamlogos/ncaa/500/57.png,44
300450135,2010,2,2010-02-14,2010-02-14T12:30:00.000000-0500,194,s:40~l:54~t:194,ohio-state-buckeyes,Ohio State,Buckeyes,OSU,Ohio State Buckeyes,Ohio State,ce1141,505056,https://a.espncdn.com/i/teamlogos/ncaa/500/194.png,away,64,true,14,9,26,35.3,18,51,0,13,86.7,26,30,8,6,7,11,0,16.7,2,12,35,0,0,0,135,s:40~l:54~t:135,minnesota-golden-gophers,Minnesota,Golden Gophers,MINN,Minnesota Golden Gophers,Minnesota,981a31,981a31,https://a.espncdn.com/i/teamlogos/ncaa/500/135.png,59
300450135,2010,2,2010-02-14,2010-02-14T12:30:00.000000-0500,135,s:40~l:54~t:135,minnesota-golden-gophers,Minnesota,Golden Gophers,MINN,Minnesota Golden Gophers,Minnesota,981a31,981a31,https://a.espncdn.com/i/teamlogos/ncaa/500/135.png,home,59,false,13,3,24,37.7,23,61,0,24,81.8,9,11,8,9,4,16,0,23.5,4,17,41,0,0,0,194,s:40~l:54~t:194,ohio-state-buckeyes,Ohio State,Buckeyes,OSU,Ohio State Buckeyes,Ohio State,ce1141,505056,https://a.espncdn.com/i/teamlogos/ncaa/500/194.png,64
300450259,2010,2,2010-02-14,2010-02-14T14:00:00.000000-0500,150,s:40~l:54~t:150,duke-blue-devils,Duke,Blue Devils,DUKE,Duke Blue Devils,Duke,013088,ffffff,https://a.espncdn.com/i/teamlogos/ncaa/500/150.png,away,65,true,13,5,18,42.1,24,57,0,22,66.7,12,18,13,15,9,14,0,25.0,5,20,34,0,0,0,259,s:40~l:54~t:259,virginia-tech-hokies,Virginia Tech,Hokies,VT,Virginia Tech Hokies,Virginia Tech,630031,cf4520,https://a.espncdn.com/i/teamlogos/ncaa/500/259.png,53
300450259,2010,2,2010-02-14,2010-02-14T14:00:00.000000-0500,259,s:40~l:54~t:259,virginia-tech-hokies,Virginia Tech,Hokies,VT,Virginia Tech Hokies,Virginia Tech,630031,cf4520,https://a.espncdn.com/i/teamlogos/ncaa/500/259.png,home,53,false,12,4,15,34.0,17,50,0,13,62.5,15,24,2,14,2,21,0,33.3,4,12,37,0,0,0,150,s:40~l:54~t:150,duke-blue-devils,Duke,Blue Devils,DUKE,Duke Blue Devils,Duke,013088,ffffff,https://a.espncdn.com/i/teamlogos/ncaa/500/150.png,65
300450277,2010,2,2010-02-14,2010-02-14T13:00:00.000000-0500,46,s:40~l:54~t:46,georgetown-hoyas,Georgetown,Hoyas,GTWN,Georgetown Hoyas,Georgetown,110E42,001c58,https://a.espncdn.com/i/teamlogos/ncaa/500/46.png,away,46,false,8,4,13,23.1,15,65,0,19,92.9,13,14,0,14,14,14,0,13.6,3,22,36,0,0,0,277,s:40~l:54~t:277,west-virginia-mountaineers,West Virginia,Mountaineers,WVU,West Virginia Mountaineers,West Virginia,FFC600,eaaa00,https://a.espncdn.com/i/teamlogos/ncaa/500/277.png,55
300450277,2010,2,2010-02-14,2010-02-14T13:00:00.000000-0500,277,s:40~l:54~t:277,west-virginia-mountaineers,West Virginia,Mountaineers,WVU,West Virginia Mountaineers,West Virginia,FFC600,eaaa00,https://a.espncdn.com/i/teamlogos/ncaa/500/277.png,home,55,true,12,5,25,33.3,16,48,0,13,76.9,20,26,13,17,12,22,0,18.8,3,16,46,0,0,0,46,s:40~l:54~t:46,georgetown-hoyas,Georgetown,Hoyas,GTWN,Georgetown Hoyas,Georgetown,110E42,001c58,https://a.espncdn.com/i/teamlogos/ncaa/500/46.png,46
300450238,2010,2,2010-02-14,2010-02-14T18:00:00.000000-0500,96,s:40~l:54~t:96,kentucky-wildcats,Kentucky,Wildcats,UK,Kentucky Wildcats,Kentucky,005DAA,ffffff,https://a.espncdn.com/i/teamlogos/ncaa/500/96.png,away,55,false,10,3,14,35.3,18,51,0,21,69.2,18,26,6,10,10,16,0,7.1,1,14,26,0,0,0,238,s:40~l:54~t:238,vanderbilt-commodores,Vanderbilt,Commodores,VAN,Vanderbilt Commodores,Vanderbilt,000000,231f20,https://a.espncdn.com/i/teamlogos/ncaa/500/238.png,68
300450238,2010,2,2010-02-14,2010-02-14T18:00:00.000000-0500,238,s:40~l:54~t:238,vanderbilt-commodores,Vanderbilt,Commodores,VAN,Vanderbilt Commodores,Vanderbilt,000000,231f20,https://a.espncdn.com/i/teamlogos/ncaa/500/238.png,home,68,true,15,2,22,48.9,23,47,0,22,73.7,14,19,19,4,5,21,0,61.5,8,13,33,0,0,0,96,s:40~l:54~t:96,kentucky-wildcats,Kentucky,Wildcats,UK,Kentucky Wildcats,Kentucky,005DAA,ffffff,https://a.espncdn.com/i/teamlogos/ncaa/500/96.png,55
300450061,2010,2,2010-02-14,2010-02-14T14:00:00.000000-0500,333,s:40~l:54~t:333,alabama-crimson-tide,Alabama,Crimson Tide,ALA,Alabama Crimson Tide,Alabama,9e1632,ffffff,https://a.espncdn.com/i/teamlogos/ncaa/500/333.png,away,47,false,7,3,26,32.2,19,59,0,18,55.6,5,9,0,8,6,16,0,22.2,4,18,38,0,0,0,61,s:40~l:54~t:61,georgia-lady-bulldogs,Georgia,Lady Bulldogs,UGA,Georgia Lady Bulldogs,Georgia,CC0000,000000,https://a.espncdn.com/i/teamlogos/ncaa/500/61.png,76
300450061,2010,2,2010-02-14,2010-02-14T14:00:00.000000-0500,61,s:40~l:54~t:61,georgia-lady-bulldogs,Georgia,Lady Bulldogs,UGA,Georgia Lady Bulldogs,Georgia,CC0000,000000,https://a.espncdn.com/i/teamlogos/ncaa/500/61.png,home,76,true,18,6,30,38.6,27,70,0,9,55.6,10,18,32,19,11,12,0,54.5,12,22,53,0,0,0,333,s:40~l:54~t:333,alabama-crimson-tide,Alabama,Crimson Tide,ALA,Alabama Crimson Tide,Alabama,9e1632,ffffff,https://a.espncdn.com/i/teamlogos/ncaa/500/333.png,47
300452567,2010,2,2010-02-14,2010-02-14T15:05:00.000000-0500,248,s:40~l:54~t:248,houston-cougars,Houston,Cougars,HOU,Houston Cougars,Houston,c92a39,ffffff,https://a.espncdn.com/i/teamlogos/ncaa/500/248.png,away,73,true,13,4,23,34.8,24,69,0,16,85.7,18,21,6,16,12,11,0,41.2,7,17,42,0,0,0,2567,s:40~l:54~t:2567,smu-mustangs,SMU,Mustangs,SMU,SMU Mustangs,SMU,E32F38,ecdcb9,https://a.espncdn.com/i/teamlogos/ncaa/500/2567.png,67
300452567,2010,2,2010-02-14,2010-02-14T15:05:00.000000-0500,2567,s:40~l:54~t:2567,smu-mustangs,SMU,Mustangs,SMU,SMU Mustangs,SMU,E32F38,ecdcb9,https://a.espncdn.com/i/teamlogos/ncaa/500/2567.png,home,67,false,13,6,28,38.1,24,63,0,16,72.2,13,18,15,17,5,17,0,31.6,6,19,48,0,0,0,248,s:40~l:54~t:248,houston-cougars,Houston,Cougars,HOU,Houston Cougars,Houston,c92a39,ffffff,https://a.espncdn.com/i/teamlogos/ncaa/500/248.png,73
300452579,2010,2,2010-02-14,2010-02-14T15:10:00.000000-0500,8,s:40~l:54~t:8,arkansas-razorbacks,Arkansas,Razorbacks,ARK,Arkansas Razorbacks,Arkansas,a41f35,222222,https://a.espncdn.com/i/teamlogos/ncaa/500/8.png,away,72,true,8,4,24,47.4,27,57,0,17,86.7,13,15,4,8,9,12,0,35.7,5,14,32,0,0,0,2579,s:40~l:54~t:2579,south-carolina-gamecocks,South Carolina,Gamecocks,SC,South Carolina Gamecocks,South Carolina,73000a,ffffff,https://a.espncdn.com/i/teamlogos/ncaa/500/2579.png,68
300452579,2010,2,2010-02-14,2010-02-14T15:10:00.000000-0500,2579,s:40~l:54~t:2579,south-carolina-gamecocks,South Carolina,Gamecocks,SC,South Carolina Gamecocks,South Carolina,73000a,ffffff,https://a.espncdn.com/i/teamlogos/ncaa/500/2579.png,home,68,false,14,3,23,48.4,31,64,0,18,30.8,4,13,18,17,3,14,0,16.7,2,12,41,0,0,0,8,s:40~l:54~t:8,arkansas-razorbacks,Arkansas,Razorbacks,ARK,Arkansas Razorbacks,Arkansas,a41f35,222222,https://a.espncdn.com/i/teamlogos/ncaa/500/8.png,72
300450344,2010,2,2010-02-14,2010-02-14T17:25:00.000000-0500,145,s:40~l:54~t:145,ole-miss-rebels,Ole Miss,Rebels,MISS,Ole Miss Rebels,Ole Miss,001148,00205b,https://a.espncdn.com/i/teamlogos/ncaa/500/145.png,away,54,false,11,3,18,35.7,20,56,0,17,66.7,8,12,0,11,2,18,0,20.0,6,30,35,0,0,0,344,s:40~l:54~t:344,mississippi-state-bulldogs,Mississippi State,Bulldogs,MSST,Mississippi State Bulldogs,Mississippi St,762123,c8c8c8,https://a.espncdn.com/i/teamlogos/ncaa/500/344.png,73
300450344,2010,2,2010-02-14,2010-02-14T17:25:00.000000-0500,344,s:40~l:54~t:344,mississippi-state-bulldogs,Mississippi State,Bulldogs,MSST,Mississippi State Bulldogs,Mississippi St,762123,c8c8c8,https://a.espncdn.com/i/teamlogos/ncaa/500/344.png,home,73,true,16,4,22,43.1,25,58,0,15,77.3,17,22,21,13,6,12,0,33.3,6,18,39,0,0,0,145,s:40~l:54~t:145,ole-miss-rebels,Ole Miss,Rebels,MISS,Ole Miss Rebels,Ole Miss,001148,00205b,https://a.espncdn.com/i/teamlogos/ncaa/500/145.png,54
300450221,2010,2,2010-02-14,2010-02-14T17:30:00.000000-0500,97,s:40~l:54~t:97,louisville-cardinals,Louisville,Cardinals,LOU,Louisville Cardinals,Louisville,c9001f,000000,https://a.espncdn.com/i/teamlogos/ncaa/500/97.png,away,69,false,18,2,17,44.3,27,61,0,18,83.3,10,12,2,11,5,20,0,33.3,5,15,38,0,0,0,221,s:40~l:54~t:221,pittsburgh-panthers,Pittsburgh,Panthers,PITT,Pittsburgh Panthers,Pitt,003263,231f20,https://a.espncdn.com/i/teamlogos/ncaa/500/221.png,72
300450221,2010,2,2010-02-14,2010-02-14T17:30:00.000000-0500,221,s:40~l:54~t:221,pittsburgh-panthers,Pittsburgh,Panthers,PITT,Pittsburgh Panthers,Pitt,003263,231f20,https://a.espncdn.com/i/teamlogos/ncaa/500/221.png,home,72,true,13,9,17,46.6,27,58,0,19,70.6,12,17,6,12,7,19,0,50.0,6,12,30,0,0,0,97,s:40~l:54~t:97,louisville-cardinals,Louisville,Cardinals,LOU,Louisville Cardinals,Louisville,c9001f,000000,https://a.espncdn.com/i/teamlogos/ncaa/500/97.png,69
300450152,2010,2,2010-02-14,2010-02-14T17:35:00.000000-0500,2390,s:40~l:54~t:2390,miami-hurricanes,Miami,Hurricanes,MIA,Miami Hurricanes,Miami,004325,f0f0f0,https://a.espncdn.com/i/teamlogos/ncaa/500/2390.png,away,64,false,10,7,20,39.7,25,63,0,20,41.7,5,12,12,12,9,17,0,42.9,9,21,37,0,0,0,152,s:40~l:54~t:152,nc-state-wolfpack,NC State,Wolfpack,NCST,NC State Wolfpack,NC State,EF1216,231f20,https://a.espncdn.com/i/teamlogos/ncaa/500/152.png,66
300450152,2010,2,2010-02-14,2010-02-14T17:35:00.000000-0500,152,s:40~l:54~t:152,nc-state-wolfpack,NC State,Wolfpack,NCST,NC State Wolfpack,NC State,EF1216,231f20,https://a.espncdn.com/i/teamlogos/ncaa/500/152.png,home,66,true,12,0,24,41.1,23,56,0,15,68.0,17,25,4,14,8,16,0,21.4,3,14,44,0,0,0,2390,s:40~l:54~t:2390,miami-hurricanes,Miami,Hurricanes,MIA,Miami Hurricanes,Miami,004325,f0f0f0,https://a.espncdn.com/i/teamlogos/ncaa/500/2390.png,64
300440041,2010,2,2010-02-13,2010-02-13T17:00:00.000000-0500,2599,s:40~l:54~t:2599,st-johns-red-storm,St. John's,Red Storm,SJU,St. John's Red Storm,St John's,d10000,101010,https://a.espncdn.com/i/teamlogos/ncaa/500/2599.png,away,52,false,9,0,16,28.2,20,71,0,17,76.9,10,13,2,11,11,7,0,22.2,2,9,36,0,0,0,41,s:40~l:54~t:41,uconn-huskies,UConn,Huskies,CONN,UConn Huskies,UConn,0c2340,f1f2f3,https://a.espncdn.com/i/teamlogos/ncaa/500/41.png,66
300440041,2010,2,2010-02-13,2010-02-13T17:00:00.000000-0500,41,s:40~l:54~t:41,uconn-huskies,UConn,Huskies,CONN,UConn Huskies,UConn,0c2340,f1f2f3,https://a.espncdn.com/i/teamlogos/ncaa/500/41.png,home,66,true,11,6,32,39.1,25,64,0,14,73.7,14,19,23,19,3,19,1,13.3,2,15,57,1,0,0,2599,s:40~l:54~t:2599,st-johns-red-storm,St. John's,Red Storm,SJU,St. John's Red Storm,St John's,d10000,101010,https://a.espncdn.com/i/teamlogos/ncaa/500/2599.png,52
300442184,2010,2,2010-02-13,2010-02-13T14:00:00.000000-0500,2752,s:40~l:54~t:2752,xavier-musketeers,Xavier,Musketeers,XAV,Xavier Musketeers,Xavier,002144,9ea2a2,https://a.espncdn.com/i/teamlogos/ncaa/500/2752.png,away,74,true,17,4,29,49.1,28,57,0,11,71.4,10,14,19,14,8,24,0,42.1,8,19,46,0,0,0,2184,s:40~l:54~t:2184,duquesne-dukes,Duquesne,Dukes,DUQ,Duquesne Dukes,Duquesne,002D62,b90b2e,https://a.espncdn.com/i/teamlogos/ncaa/500/2184.png,55
300442184,2010,2,2010-02-13,2010-02-13T14:00:00.000000-0500,2184,s:40~l:54~t:2184,duquesne-dukes,Duquesne,Dukes,DUQ,Duquesne Dukes,Duquesne,002D62,b90b2e,https://a.espncdn.com/i/teamlogos/ncaa/500/2184.png,home,55,false,13,2,13,36.4,20,55,0,15,87.5,7,8,2,6,8,17,0,27.6,8,29,21,0,0,0,2752,s:40~l:54~t:2752,xavier-musketeers,Xavier,Musketeers,XAV,Xavier Musketeers,Xavier,002144,9ea2a2,https://a.espncdn.com/i/teamlogos/ncaa/500/2752.png,74
300440066,2010,2,2010-02-13,2010-02-13T12:00:00.000000-0500,239,s:40~l:54~t:239,baylor-bears,Baylor,Bears,BAY,Baylor Bears,Baylor,154734,ffb81c,https://a.espncdn.com/i/teamlogos/ncaa/500/239.png,away,45,false,16,4,23,32.7,18,55,0,12,83.3,5,6,0,7,6,14,0,25.0,4,16,33,0,0,0,66,s:40~l:54~t:66,iowa-state-cyclones,Iowa State,Cyclones,ISU,Iowa State Cyclones,Iowa State,822433,fdca2f,https://a.espncdn.com/i/teamlogos/ncaa/500/66.png,69
300440066,2010,2,2010-02-13,2010-02-13T12:00:00.000000-0500,66,s:40~l:54~t:66,iowa-state-cyclones,Iowa State,Cyclones,ISU,Iowa State Cyclones,Iowa State,822433,fdca2f,https://a.espncdn.com/i/teamlogos/ncaa/500/66.png,home,69,true,23,1,25,41.7,25,60,0,11,60.0,3,5,31,10,7,12,0,48.5,16,33,39,0,0,0,239,s:40~l:54~t:239,baylor-bears,Baylor,Bears,BAY,Baylor Bears,Baylor,154734,ffb81c,https://a.espncdn.com/i/teamlogos/ncaa/500/239.png,45
300440201,2010,2,2010-02-13,2010-02-13T15:00:00.000000-0500,38,s:40~l:54~t:38,colorado-buffaloes,Colorado,Buffaloes,COLO,Colorado Buffaloes,Colorado,000000,cfb87c,https://a.espncdn.com/i/teamlogos/ncaa/500/38.png,away,55,false,5,2,20,40.7,22,54,0,13,66.7,4,6,0,6,10,24,0,30.4,7,23,31,0,0,0,201,s:40~l:54~t:201,oklahoma-sooners,Oklahoma,Sooners,OU,Oklahoma Sooners,Oklahoma,9d2235,ffffff,https://a.espncdn.com/i/teamlogos/ncaa/500/201.png,65
300440201,2010,2,2010-02-13,2010-02-13T15:00:00.000000-0500,201,s:40~l:54~t:201,oklahoma-sooners,Oklahoma,Sooners,OU,Oklahoma Sooners,Oklahoma,9d2235,ffffff,https://a.espncdn.com/i/teamlogos/ncaa/500/201.png,home,65,true,13,1,21,41.8,23,55,0,7,81.3,13,16,25,9,11,20,0,35.3,6,17,33,0,0,0,38,s:40~l:54~t:38,colorado-buffaloes,Colorado,Buffaloes,COLO,Colorado Buffaloes,Colorado,000000,cfb87c,https://a.espncdn.com/i/teamlogos/ncaa/500/38.png,55
300440245,2010,2,2010-02-13,2010-02-13T20:00:00.000000-0500,2306,s:40~l:54~t:2306,kansas-state-wildcats,Kansas State,Wildcats,KSU,Kansas State Wildcats,Kansas St,633194,e7d2ad,https://a.espncdn.com/i/teamlogos/ncaa/500/2306.png,away,63,false,12,3,20,30.9,21,68,0,20,83.3,10,12,8,16,5,13,0,32.4,11,34,41,0,0,0,245,s:40~l:54~t:245,texas-am-aggies,Texas A&M,Aggies,TA&M,Texas A&M Aggies,Texas A&M,5C0025,ffffff,https://a.espncdn.com/i/teamlogos/ncaa/500/245.png,69
300440245,2010,2,2010-02-13,2010-02-13T20:00:00.000000-0500,245,s:40~l:54~t:245,texas-am-aggies,Texas A&M,Aggies,TA&M,Texas A&M Aggies,Texas A&M,5C0025,ffffff,https://a.espncdn.com/i/teamlogos/ncaa/500/245.png,home,69,true,11,8,28,46.0,23,50,0,15,81.8,18,22,11,7,5,13,0,41.7,5,12,36,0,0,0,2306,s:40~l:54~t:2306,kansas-state-wildcats,Kansas State,Wildcats,KSU,Kansas State Wildcats,Kansas St,633194,e7d2ad,https://a.espncdn.com/i/teamlogos/ncaa/500/2306.png,63
300440197,2010,2,2010-02-13,2010-02-13T19:00:00.000000-0500,2641,s:40~l:54~t:2641,texas-tech-lady-raiders,Texas Tech,Lady Raiders,TTU,Texas Tech Lady Raiders,Texas Tech,C80025,231f20,https://a.espncdn.com/i/teamlogos/ncaa/500/2641.png,away,65,true,15,1,23,39.3,24,61,0,13,58.8,10,17,14,18,6,14,0,38.9,7,18,46,0,0,0,197,s:40~l:54~t:197,oklahoma-state-cowgirls,Oklahoma State,Cowgirls,OKST,Oklahoma State Cowgirls,Oklahoma St,ff6500,000000,https://a.espncdn.com/i/teamlogos/ncaa/500/197.png,57
300440197,2010,2,2010-02-13,2010-02-13T19:00:00.000000-0500,197,s:40~l:54~t:197,oklahoma-state-cowgirls,Oklahoma State,Cowgirls,OKST,Oklahoma State Cowgirls,Oklahoma St,ff6500,000000,https://a.espncdn.com/i/teamlogos/ncaa/500/197.png,home,57,false,9,4,19,39.3,24,61,0,22,50.0,5,10,0,13,2,11,0,20.0,4,20,33,0,0,0,2641,s:40~l:54~t:2641,texas-tech-lady-raiders,Texas Tech,Lady Raiders,TTU,Texas Tech Lady Raiders,Texas Tech,C80025,231f20,https://a.espncdn.com/i/teamlogos/ncaa/500/2641.png,65
300442550,2010,2,2010-02-13,2010-02-13T14:00:00.000000-0500,58,s:40~l:54~t:58,south-florida-bulls,South Florida,Bulls,USF,South Florida Bulls,South Florida,004A36,231f20,https://a.espncdn.com/i/teamlogos/ncaa/500/58.png,away,53,true,14,5,33,40.7,22,54,0,12,45.5,5,11,27,8,6,14,0,44.4,4,9,45,0,0,0,2550,s:40~l:54~t:2550,seton-hall-pirates,Seton Hall,Pirates,HALL,Seton Hall Pirates,Seton Hall,0857B1,8a8d8f,https://a.espncdn.com/i/teamlogos/ncaa/500/2550.png,38
300442550,2010,2,2010-02-13,2010-02-13T14:00:00.000000-0500,2550,s:40~l:54~t:2550,seton-hall-pirates,Seton Hall,Pirates,HALL,Seton Hall Pirates,Seton Hall,0857B1,8a8d8f,https://a.espncdn.com/i/teamlogos/ncaa/500/2550.png,home,38,false,9,7,19,21.8,12,55,0,10,85.7,12,14,0,10,4,12,0,8.7,2,23,34,0,0,0,58,s:40~l:54~t:58,south-florida-bulls,South Florida,Bulls,USF,South Florida Bulls,South Florida,004A36,231f20,https://a.espncdn.com/i/teamlogos/ncaa/500/58.png,53
300440183,2010,2,2010-02-13,2010-02-13T14:00:00.000000-0500,2132,s:40~l:54~t:2132,cincinnati-bearcats,Cincinnati,Bearcats,CIN,Cincinnati Bearcats,Cincinnati,000000,717073,https://a.espncdn.com/i/teamlogos/ncaa/500/2132.png,away,66,true,13,1,23,36.7,22,60,0,14,85.0,17,20,13,9,6,14,0,22.7,5,22,39,0,0,0,183,s:40~l:54~t:183,syracuse-orange,Syracuse,Orange,SYR,Syracuse Orange,Syracuse,ff6500,000e54,https://a.espncdn.com/i/teamlogos/ncaa/500/183.png,62
300440183,2010,2,2010-02-13,2010-02-13T14:00:00.000000-0500,183,s:40~l:54~t:183,syracuse-orange,Syracuse,Orange,SYR,Syracuse Orange,Syracuse,ff6500,000e54,https://a.espncdn.com/i/teamlogos/ncaa/500/183.png,home,62,false,15,6,21,38.0,27,71,0,14,40.0,6,15,5,18,9,14,0,18.2,2,11,50,0,0,0,2132,s:40~l:54~t:2132,cincinnati-bearcats,Cincinnati,Bearcats,CIN,Cincinnati Bearcats,Cincinnati,000000,717073,https://a.espncdn.com/i/teamlogos/ncaa/500/2132.png,66
300440269,2010,2,2010-02-13,2010-02-13T15:00:00.000000-0500,2507,s:40~l:54~t:2507,providence-friars,Providence,Friars,PROV,Providence Friars,Providence,000000,a3a19e,https://a.espncdn.com/i/teamlogos/ncaa/500/2507.png,away,53,true,12,3,28,34.5,20,58,0,22,72.7,8,11,9,6,7,20,0,38.5,5,13,38,0,0,0,269,s:40~l:54~t:269,marquette-golden-eagles,Marquette,Golden Eagles,MARQ,Marquette Golden Eagles,Marquette,083963,ffffff,https://a.espncdn.com/i/teamlogos/ncaa/500/269.png,44
300440269,2010,2,2010-02-13,2010-02-13T15:00:00.000000-0500,269,s:40~l:54~t:269,marquette-golden-eagles,Marquette,Golden Eagles,MARQ,Marquette Golden Eagles,Marquette,083963,ffffff,https://a.espncdn.com/i/teamlogos/ncaa/500/269.png,home,44,false,12,2,30,29.6,16,54,0,19,44.4,8,18,4,12,2,26,0,33.3,4,12,44,0,0,0,2507,s:40~l:54~t:2507,providence-friars,Providence,Friars,PROV,Providence Friars,Providence,000000,a3a19e,https://a.espncdn.com/i/teamlogos/ncaa/500/2507.png,53
300420194,2010,2,2010-02-11,2010-02-11T19:30:00.000000-0500,2509,s:40~l:54~t:2509,purdue-boilermakers,Purdue,Boilermakers,PUR,Purdue Boilermakers,Purdue,000000,cfb991,https://a.espncdn.com/i/teamlogos/ncaa/500/2509.png,away,45,false,9,0,14,23.2,13,56,0,17,78.9,15,19,0,9,5,19,0,21.1,4,19,29,0,0,0,194,s:40~l:54~t:194,ohio-state-buckeyes,Ohio State,Buckeyes,OSU,Ohio State Buckeyes,Ohio State,ce1141,505056,https://a.espncdn.com/i/teamlogos/ncaa/500/194.png,75
300420194,2010,2,2010-02-11,2010-02-11T19:30:00.000000-0500,194,s:40~l:54~t:194,ohio-state-buckeyes,Ohio State,Buckeyes,OSU,Ohio State Buckeyes,Ohio State,ce1141,505056,https://a.espncdn.com/i/teamlogos/ncaa/500/194.png,home,75,true,14,7,29,51.8,29,56,0,15,80.0,12,15,35,11,12,18,0,31.3,5,16,45,0,0,0,2509,s:40~l:54~t:2509,purdue-boilermakers,Purdue,Boilermakers,PUR,Purdue Boilermakers,Purdue,000000,cfb991,https://a.espncdn.com/i/teamlogos/ncaa/500/2509.png,45
300420150,2010,2,2010-02-11,2010-02-11T19:00:00.000000-0500,152,s:40~l:54~t:152,nc-state-wolfpack,NC State,Wolfpack,NCST,NC State Wolfpack,NC State,EF1216,231f20,https://a.espncdn.com/i/teamlogos/ncaa/500/152.png,away,39,false,8,0,19,24.0,12,50,0,17,91.7,11,12,0,4,12,29,0,30.8,4,13,27,0,0,0,150,s:40~l:54~t:150,duke-blue-devils,Duke,Blue Devils,DUKE,Duke Blue Devils,Duke,013088,ffffff,https://a.espncdn.com/i/teamlogos/ncaa/500/150.png,70
300420150,2010,2,2010-02-11,2010-02-11T19:00:00.000000-0500,150,s:40~l:54~t:150,duke-blue-devils,Duke,Blue Devils,DUKE,Duke Blue Devils,Duke,013088,ffffff,https://a.espncdn.com/i/teamlogos/ncaa/500/150.png,home,70,true,17,10,27,46.8,29,62,0,13,75.0,9,12,31,16,17,28,0,20.0,3,15,47,0,0,0,152,s:40~l:54~t:152,nc-state-wolfpack,NC State,Wolfpack,NCST,NC State Wolfpack,NC State,EF1216,231f20,https://a.espncdn.com/i/teamlogos/ncaa/500/152.png,39
300420052,2010,2,2010-02-11,2010-02-11T19:00:00.000000-0500,228,s:40~l:54~t:228,clemson-tigers,Clemson,Tigers,CLEM,Clemson Tigers,Clemson,F66733,522d80,https://a.espncdn.com/i/teamlogos/ncaa/500/228.png,away,50,false,8,5,22,29.2,19,65,0,18,84.6,11,13,4,16,8,19,0,7.1,1,14,42,0,0,0,52,s:40~l:54~t:52,florida-state-seminoles,Florida State,Seminoles,FSU,Florida State Seminoles,Florida St,782F40,ceb888,https://a.espncdn.com/i/teamlogos/ncaa/500/52.png,67
300420052,2010,2,2010-02-11,2010-02-11T19:00:00.000000-0500,52,s:40~l:54~t:52,florida-state-seminoles,Florida State,Seminoles,FSU,Florida State Seminoles,Florida St,782F40,ceb888,https://a.espncdn.com/i/teamlogos/ncaa/500/52.png,home,67,true,13,8,26,41.9,26,62,0,14,66.7,8,12,22,12,7,20,0,43.8,7,16,43,0,0,0,228,s:40~l:54~t:228,clemson-tigers,Clemson,Tigers,CLEM,Clemson Tigers,Clemson,F66733,522d80,https://a.espncdn.com/i/teamlogos/ncaa/500/228.png,50
300420096,2010,2,2010-02-11,2010-02-11T19:00:00.000000-0500,61,s:40~l:54~t:61,georgia-lady-bulldogs,Georgia,Lady Bulldogs,UGA,Georgia Lady Bulldogs,Georgia,CC0000,000000,https://a.espncdn.com/i/teamlogos/ncaa/500/61.png,away,48,false,6,4,23,36.5,19,52,0,17,61.5,8,13,5,9,6,24,0,22.2,2,9,37,0,0,0,96,s:40~l:54~t:96,kentucky-wildcats,Kentucky,Wildcats,UK,Kentucky Wildcats,Kentucky,005DAA,ffffff,https://a.espncdn.com/i/teamlogos/ncaa/500/96.png,64
300420096,2010,2,2010-02-11,2010-02-11T19:00:00.000000-0500,96,s:40~l:54~t:96,kentucky-wildcats,Kentucky,Wildcats,UK,Kentucky Wildcats,Kentucky,005DAA,ffffff,https://a.espncdn.com/i/teamlogos/ncaa/500/96.png,home,64,true,13,2,22,33.9,21,62,0,13,78.9,15,19,19,13,5,16,0,24.1,7,29,40,0,0,0,61,s:40~l:54~t:61,georgia-lady-bulldogs,Georgia,Lady Bulldogs,UGA,Georgia Lady Bulldogs,Georgia,CC0000,000000,https://a.espncdn.com/i/teamlogos/ncaa/500/61.png,48
300420153,2010,2,2010-02-11,2010-02-11T19:00:00.000000-0500,103,s:40~l:54~t:103,boston-college-eagles,Boston College,Eagles,BC,Boston College Eagles,Boston College,8c2232,dbcca6,https://a.espncdn.com/i/teamlogos/ncaa/500/103.png,away,69,true,15,5,22,40.3,27,67,0,12,66.7,10,15,11,14,5,14,0,25.0,5,20,43,0,0,0,153,s:40~l:54~t:153,north-carolina-tar-heels,North Carolina,Tar Heels,UNC,North Carolina Tar Heels,North Carolina,7bafd4,13294b,https://a.espncdn.com/i/teamlogos/ncaa/500/153.png,62
300420153,2010,2,2010-02-11,2010-02-11T19:00:00.000000-0500,153,s:40~l:54~t:153,north-carolina-tar-heels,North Carolina,Tar Heels,UNC,North Carolina Tar Heels,North Carolina,7bafd4,13294b,https://a.espncdn.com/i/teamlogos/ncaa/500/153.png,home,62,false,14,5,23,38.5,25,65,0,15,63.6,7,11,8,14,9,13,0,29.4,5,17,39,0,0,0,103,s:40~l:54~t:103,boston-college-eagles,Boston College,Eagles,BC,Boston College Eagles,Boston College,8c2232,dbcca6,https://a.espncdn.com/i/teamlogos/ncaa/500/103.png,69
300410305,2010,2,2010-02-10,2010-02-10T20:00:00.000000-0500,41,s:40~l:54~t:41,uconn-huskies,UConn,Huskies,CONN,UConn Huskies,UConn,0c2340,f1f2f3,https://a.espncdn.com/i/teamlogos/ncaa/500/41.png,away,95,true,17,5,18,56.1,37,66,0,13,62.5,15,24,38,14,11,13,0,35.3,6,17,36,0,0,0,305,s:40~l:54~t:305,depaul-blue-demons,DePaul,Blue Demons,DEP,DePaul Blue Demons,DePaul,2d649c,ce1125,https://a.espncdn.com/i/teamlogos/ncaa/500/305.png,62
300410305,2010,2,2010-02-10,2010-02-10T20:00:00.000000-0500,305,s:40~l:54~t:305,depaul-blue-demons,DePaul,Blue Demons,DEP,DePaul Blue Demons,DePaul,2d649c,ce1125,https://a.espncdn.com/i/teamlogos/ncaa/500/305.png,home,62,false,14,2,19,46.2,24,52,0,22,81.8,9,11,1,5,8,24,0,35.7,5,14,27,0,0,0,41,s:40~l:54~t:41,uconn-huskies,UConn,Huskies,CONN,UConn Huskies,UConn,0c2340,f1f2f3,https://a.espncdn.com/i/teamlogos/ncaa/500/41.png,95
300412305,2010,2,2010-02-10,2010-02-10T20:00:00.000000-0500,158,s:40~l:54~t:158,nebraska-cornhuskers,Nebraska,Cornhuskers,NEB,Nebraska Cornhuskers,Nebraska,F20017,f5f1e7,https://a.espncdn.com/i/teamlogos/ncaa/500/158.png,away,67,true,10,4,16,33.9,21,62,0,15,67.7,21,31,11,17,10,9,0,23.5,4,17,37,0,0,0,2305,s:40~l:54~t:2305,kansas-jayhawks,Kansas,Jayhawks,KU,Kansas Jayhawks,Kansas,0051ba,e8000d,https://a.espncdn.com/i/teamlogos/ncaa/500/2305.png,60
300412305,2010,2,2010-02-10,2010-02-10T20:00:00.000000-0500,2305,s:40~l:54~t:2305,kansas-jayhawks,Kansas,Jayhawks,KU,Kansas Jayhawks,Kansas,0051ba,e8000d,https://a.espncdn.com/i/teamlogos/ncaa/500/2305.png,home,60,false,13,8,25,49.0,24,49,0,21,78.6,11,14,5,9,6,17,0,12.5,1,8,35,0,0,0,158,s:40~l:54~t:158,nebraska-cornhuskers,Nebraska,Cornhuskers,NEB,Nebraska Cornhuskers,Nebraska,F20017,f5f1e7,https://a.espncdn.com/i/teamlogos/ncaa/500/158.png,67
300412752,2010,2,2010-02-10,2010-02-10T11:30:00.000000-0500,2603,s:40~l:54~t:2603,saint-josephs-hawks,Saint Joseph's,Hawks,JOES,Saint Joseph's Hawks,Saint Joseph's,C2071B,101010,https://a.espncdn.com/i/teamlogos/ncaa/500/2603.png,away,56,false,13,4,27,29.7,19,64,0,10,76.9,10,13,0,10,11,11,0,36.4,8,22,41,0,0,0,2752,s:40~l:54~t:2752,xavier-musketeers,Xavier,Musketeers,XAV,Xavier Musketeers,Xavier,002144,9ea2a2,https://a.espncdn.com/i/teamlogos/ncaa/500/2752.png,63
300412752,2010,2,2010-02-10,2010-02-10T11:30:00.000000-0500,2752,s:40~l:54~t:2752,xavier-musketeers,Xavier,Musketeers,XAV,Xavier Musketeers,Xavier,002144,9ea2a2,https://a.espncdn.com/i/teamlogos/ncaa/500/2752.png,home,63,true,14,8,33,40.0,26,65,0,9,54.5,6,11,14,11,8,15,0,25.0,5,20,46,0,0,0,2603,s:40~l:54~t:2603,saint-josephs-hawks,Saint Joseph's,Hawks,JOES,Saint Joseph's Hawks,Saint Joseph's,C2071B,101010,https://a.espncdn.com/i/teamlogos/ncaa/500/2603.png,56
300410201,2010,2,2010-02-10,2010-02-10T20:00:00.000000-0500,239,s:40~l:54~t:239,baylor-bears,Baylor,Bears,BAY,Baylor Bears,Baylor,154734,ffb81c,https://a.espncdn.com/i/teamlogos/ncaa/500/239.png,away,60,false,12,11,33,35.7,25,70,0,10,72.7,8,11,2,8,5,11,0,14.3,2,14,41,0,0,0,201,s:40~l:54~t:201,oklahoma-sooners,Oklahoma,Sooners,OU,Oklahoma Sooners,Oklahoma,9d2235,ffffff,https://a.espncdn.com/i/teamlogos/ncaa/500/201.png,62
300410201,2010,2,2010-02-10,2010-02-10T20:00:00.000000-0500,201,s:40~l:54~t:201,oklahoma-sooners,Oklahoma,Sooners,OU,Oklahoma Sooners,Oklahoma,9d2235,ffffff,https://a.espncdn.com/i/teamlogos/ncaa/500/201.png,home,62,true,11,1,34,32.9,26,79,0,13,66.7,6,9,13,19,8,12,0,33.3,4,12,58,0,0,0,239,s:40~l:54~t:239,baylor-bears,Baylor,Bears,BAY,Baylor Bears,Baylor,154734,ffb81c,https://a.espncdn.com/i/teamlogos/ncaa/500/239.png,60
300410038,2010,2,2010-02-10,2010-02-10T21:00:00.000000-0500,251,s:40~l:54~t:251,texas-longhorns,Texas,Longhorns,TEX,Texas Longhorns,Texas,c15d26,ffffff,https://a.espncdn.com/i/teamlogos/ncaa/500/251.png,away,74,true,12,4,22,53.7,29,54,0,12,56.5,13,23,32,9,14,11,0,23.1,3,13,33,0,0,0,38,s:40~l:54~t:38,colorado-buffaloes,Colorado,Buffaloes,COLO,Colorado Buffaloes,Colorado,000000,cfb87c,https://a.espncdn.com/i/teamlogos/ncaa/500/38.png,50
300410038,2010,2,2010-02-10,2010-02-10T21:00:00.000000-0500,38,s:40~l:54~t:38,colorado-buffaloes,Colorado,Buffaloes,COLO,Colorado Buffaloes,Colorado,000000,cfb87c,https://a.espncdn.com/i/teamlogos/ncaa/500/38.png,home,50,false,6,1,19,37.3,19,51,0,17,85.7,6,7,0,8,7,22,0,30.0,6,20,29,0,0,0,251,s:40~l:54~t:251,texas-longhorns,Texas,Longhorns,TEX,Texas Longhorns,Texas,c15d26,ffffff,https://a.espncdn.com/i/teamlogos/ncaa/500/251.png,74
300410221,2010,2,2010-02-10,2010-02-10T19:00:00.000000-0500,46,s:40~l:54~t:46,georgetown-hoyas,Georgetown,Hoyas,GTWN,Georgetown Hoyas,Georgetown,110E42,001c58,https://a.espncdn.com/i/teamlogos/ncaa/500/46.png,away,66,true,18,4,19,39.7,25,63,0,20,69.2,9,13,14,13,8,13,0,29.2,7,24,35,0,0,0,221,s:40~l:54~t:221,pittsburgh-panthers,Pittsburgh,Panthers,PITT,Pittsburgh Panthers,Pitt,003263,231f20,https://a.espncdn.com/i/teamlogos/ncaa/500/221.png,63
300410221,2010,2,2010-02-10,2010-02-10T19:00:00.000000-0500,221,s:40~l:54~t:221,pittsburgh-panthers,Pittsburgh,Panthers,PITT,Pittsburgh Panthers,Pitt,003263,231f20,https://a.espncdn.com/i/teamlogos/ncaa/500/221.png,home,63,false,16,5,20,42.3,22,52,0,18,70.0,14,20,5,12,3,19,0,27.8,5,18,36,0,0,0,46,s:40~l:54~t:46,georgetown-hoyas,Georgetown,Hoyas,GTWN,Georgetown Hoyas,Georgetown,110E42,001c58,https://a.espncdn.com/i/teamlogos/ncaa/500/46.png,66
300412599,2010,2,2010-02-10,2010-02-10T14:00:00.000000-0500,97,s:40~l:54~t:97,louisville-cardinals,Louisville,Cardinals,LOU,Louisville Cardinals,Louisville,c9001f,000000,https://a.espncdn.com/i/teamlogos/ncaa/500/97.png,away,56,false,11,0,22,47.1,24,51,0,16,55.6,5,9,2,8,5,30,0,42.9,3,7,36,0,0,0,2599,s:40~l:54~t:2599,st-johns-red-storm,St. John's,Red Storm,SJU,St. John's Red Storm,St John's,d10000,101010,https://a.espncdn.com/i/teamlogos/ncaa/500/2599.png,91
300412599,2010,2,2010-02-10,2010-02-10T14:00:00.000000-0500,2599,s:40~l:54~t:2599,st-johns-red-storm,St. John's,Red Storm,SJU,St. John's Red Storm,St John's,d10000,101010,https://a.espncdn.com/i/teamlogos/ncaa/500/2599.png,home,91,true,20,4,19,45.5,35,77,0,10,78.9,15,19,38,18,18,10,0,46.2,6,13,37,0,0,0,97,s:40~l:54~t:97,louisville-cardinals,Louisville,Cardinals,LOU,Louisville Cardinals,Louisville,c9001f,000000,https://a.espncdn.com/i/teamlogos/ncaa/500/97.png,56
300402132,2010,2,2010-02-09,2010-02-09T19:00:00.000000-0500,87,s:40~l:54~t:87,notre-dame-fighting-irish,Notre Dame,Fighting Irish,ND,Notre Dame Fighting Irish,Notre Dame,0c2340,c99700,https://a.espncdn.com/i/teamlogos/ncaa/500/87.png,away,66,true,14,2,19,43.5,27,62,0,15,76.9,10,13,20,15,11,12,0,25.0,2,8,35,0,0,0,2132,s:40~l:54~t:2132,cincinnati-bearcats,Cincinnati,Bearcats,CIN,Cincinnati Bearcats,Cincinnati,000000,717073,https://a.espncdn.com/i/teamlogos/ncaa/500/2132.png,50
300402132,2010,2,2010-02-09,2010-02-09T19:00:00.000000-0500,2132,s:40~l:54~t:2132,cincinnati-bearcats,Cincinnati,Bearcats,CIN,Cincinnati Bearcats,Cincinnati,000000,717073,https://a.espncdn.com/i/teamlogos/ncaa/500/2132.png,home,50,false,5,2,21,41.7,20,48,0,11,63.6,7,11,2,7,5,22,0,42.9,3,7,32,0,0,0,87,s:40~l:54~t:87,notre-dame-fighting-irish,Notre Dame,Fighting Irish,ND,Notre Dame Fighting Irish,Notre Dame,0c2340,c99700,https://a.espncdn.com/i/teamlogos/ncaa/500/87.png,66
300400311,2010,2,2010-02-09,2010-02-09T19:00:00.000000-0500,42,s:40~l:54~t:42,hartford-hawks,Hartford,Hawks,HART,Hartford Hawks,Hartford,d60008,000000,https://a.espncdn.com/i/teamlogos/ncaa/500/42.png,away,59,true,15,7,28,41.7,20,48,0,11,71.4,15,21,27,8,11,14,0,26.7,4,15,41,0,0,0,311,s:40~l:54~t:311,maine-black-bears,Maine,Black Bears,MAINE,Maine Black Bears,Maine,127dbe,,https://a.espncdn.com/i/teamlogos/ncaa/500/311.png,32
300400311,2010,2,2010-02-09,2010-02-09T19:00:00.000000-0500,311,s:40~l:54~t:311,maine-black-bears,Maine,Black Bears,MAINE,Maine Black Bears,Maine,127dbe,,https://a.espncdn.com/i/teamlogos/ncaa/500/311.png,home,32,false,9,0,20,24.0,12,50,0,16,66.7,6,9,1,7,7,21,0,28.6,2,7,33,0,0,0,42,s:40~l:54~t:42,hartford-hawks,Hartford,Hawks,HART,Hartford Hawks,Hartford,d60008,000000,https://a.espncdn.com/i/teamlogos/ncaa/500/42.png,59
300390238,2010,2,2010-02-08,2010-02-08T21:00:00.000000-0500,2633,s:40~l:54~t:2633,tennessee-lady-volunteers,Tennessee,Lady Volunteers,TENN,Tennessee Lady Volunteers,Tennessee,ff8200,ffffff,https://a.espncdn.com/i/teamlogos/ncaa/500/2633_ncw.png,away,69,true,11,6,25,44.6,25,56,0,17,73.9,17,23,10,13,6,9,1,28.6,2,7,41,1,0,0,238,s:40~l:54~t:238,vanderbilt-commodores,Vanderbilt,Commodores,VAN,Vanderbilt Commodores,Vanderbilt,000000,231f20,https://a.espncdn.com/i/teamlogos/ncaa/500/238.png,60
300390238,2010,2,2010-02-08,2010-02-08T21:00:00.000000-0500,238,s:40~l:54~t:238,vanderbilt-commodores,Vanderbilt,Commodores,VAN,Vanderbilt Commodores,Vanderbilt,000000,231f20,https://a.espncdn.com/i/teamlogos/ncaa/500/238.png,home,60,false,10,0,18,37.0,20,54,0,19,81.3,13,16,8,8,7,10,0,43.8,7,16,30,0,0,0,2633,s:40~l:54~t:2633,tennessee-lady-volunteers,Tennessee,Lady Volunteers,TENN,Tennessee Lady Volunteers,Tennessee,ff8200,ffffff,https://a.espncdn.com/i/teamlogos/ncaa/500/2633_ncw.png,69
300390150,2010,2,2010-02-08,2010-02-08T19:00:00.000000-0500,153,s:40~l:54~t:153,north-carolina-tar-heels,North Carolina,Tar Heels,UNC,North Carolina Tar Heels,North Carolina,7bafd4,13294b,https://a.espncdn.com/i/teamlogos/ncaa/500/153.png,away,51,false,12,3,16,35.2,19,54,0,23,69.2,9,13,0,6,9,23,0,21.1,4,19,28,0,0,0,150,s:40~l:54~t:150,duke-blue-devils,Duke,Blue Devils,DUKE,Duke Blue Devils,Duke,013088,ffffff,https://a.espncdn.com/i/teamlogos/ncaa/500/150.png,79
300390150,2010,2,2010-02-08,2010-02-08T19:00:00.000000-0500,150,s:40~l:54~t:150,duke-blue-devils,Duke,Blue Devils,DUKE,Duke Blue Devils,Duke,013088,ffffff,https://a.espncdn.com/i/teamlogos/ncaa/500/150.png,home,79,true,21,8,27,42.3,30,71,0,16,71.4,15,21,30,19,15,19,0,26.7,4,15,52,0,0,0,153,s:40~l:54~t:153,north-carolina-tar-heels,North Carolina,Tar Heels,UNC,North Carolina Tar Heels,North Carolina,7bafd4,13294b,https://a.espncdn.com/i/teamlogos/ncaa/500/153.png,51
300392448,2010,2,2010-02-08,2010-02-08T16:30:00.000000-0500,2379,s:40~l:54~t:2379,maryland-eastern-shore-lady-hawks,Maryland-Eastern Shore,Lady Hawks,UMES,Maryland-Eastern Shore Lady Hawks,MD-Eastern,5c2301,b5b7ba,https://a.espncdn.com/i/teamlogos/ncaa/500/2379.png,away,46,false,8,4,24,30.0,18,60,0,15,42.1,8,19,0,16,9,24,0,18.2,2,11,45,0,0,0,2448,s:40~l:54~t:2448,north-carolina-at-aggies,North Carolina A&T,Aggies,NCAT,North Carolina A&T Aggies,NC A&T,0505aa,004684,https://a.espncdn.com/i/teamlogos/ncaa/500/2448.png,76
300392448,2010,2,2010-02-08,2010-02-08T16:30:00.000000-0500,2448,s:40~l:54~t:2448,north-carolina-at-aggies,North Carolina A&T,Aggies,NCAT,North Carolina A&T Aggies,NC A&T,0505aa,004684,https://a.espncdn.com/i/teamlogos/ncaa/500/2448.png,home,76,true,16,6,29,42.2,27,64,0,15,73.9,17,23,33,8,14,14,0,35.7,5,14,45,0,0,0,2379,s:40~l:54~t:2379,maryland-eastern-shore-lady-hawks,Maryland-Eastern Shore,Lady Hawks,UMES,Maryland-Eastern Shore Lady Hawks,MD-Eastern,5c2301,b5b7ba,https://a.espncdn.com/i/teamlogos/ncaa/500/2379.png,46
300390120,2010,2,2010-02-08,2010-02-08T19:00:00.000000-0500,258,s:40~l:54~t:258,virginia-cavaliers,Virginia,Cavaliers,UVA,Virginia Cavaliers,Virginia,f84c1e,ffffff,https://a.espncdn.com/i/teamlogos/ncaa/500/258.png,away,82,true,10,1,16,46.2,30,65,0,22,90.0,18,20,16,13,10,13,1,30.8,4,13,33,1,0,0,120,s:40~l:54~t:120,maryland-terrapins,Maryland,Terrapins,MD,Maryland Terrapins,Maryland,D5002B,ffcd00,https://a.espncdn.com/i/teamlogos/ncaa/500/120.png,68
300390120,2010,2,2010-02-08,2010-02-08T19:00:00.000000-0500,120,s:40~l:54~t:120,maryland-terrapins,Maryland,Terrapins,MD,Maryland Terrapins,Maryland,D5002B,ffcd00,https://a.espncdn.com/i/teamlogos/ncaa/500/120.png,home,68,false,10,3,22,43.1,25,58,0,18,69.6,16,23,6,16,7,21,0,12.5,2,16,40,0,0,0,258,s:40~l:54~t:258,virginia-cavaliers,Virginia,Cavaliers,UVA,Virginia Cavaliers,Virginia,f84c1e,ffffff,https://a.espncdn.com/i/teamlogos/ncaa/500/258.png,82
300380024,2010,2,2010-02-07,2010-02-07T16:00:00.000000-0500,30,s:40~l:54~t:30,usc-trojans,USC,Trojans,USC,USC Trojans,USC,9e2237,ffcc00,https://a.espncdn.com/i/teamlogos/ncaa/500/30.png,away,39,false,5,0,18,17.9,12,67,0,18,73.3,11,15,0,8,6,11,0,20.0,4,20,32,0,0,0,24,s:40~l:54~t:24,stanford-cardinal,Stanford,Cardinal,STAN,Stanford Cardinal,Stanford,8c1515,ffffff,https://a.espncdn.com/i/teamlogos/ncaa/500/24.png,77
300380024,2010,2,2010-02-07,2010-02-07T16:00:00.000000-0500,24,s:40~l:54~t:24,stanford-cardinal,Stanford,Cardinal,STAN,Stanford Cardinal,Stanford,8c1515,ffffff,https://a.espncdn.com/i/teamlogos/ncaa/500/24.png,home,77,true,15,3,48,50.8,30,59,0,12,63.2,12,19,40,10,6,18,0,41.7,5,12,59,0,0,0,30,s:40~l:54~t:30,usc-trojans,USC,Trojans,USC,USC Trojans,USC,9e2237,ffcc00,https://a.espncdn.com/i/teamlogos/ncaa/500/30.png,39
300382752,2010,2,2010-02-07,2010-02-07T16:00:00.000000-0500,257,s:40~l:54~t:257,richmond-spiders,Richmond,Spiders,RICH,Richmond Spiders,Richmond,9e0712,b90b2e,https://a.espncdn.com/i/teamlogos/ncaa/500/257.png,away,55,false,16,3,15,34.4,22,64,0,23,71.4,5,7,2,10,13,12,0,26.1,6,23,27,0,0,0,2752,s:40~l:54~t:2752,xavier-musketeers,Xavier,Musketeers,XAV,Xavier Musketeers,Xavier,002144,9ea2a2,https://a.espncdn.com/i/teamlogos/ncaa/500/2752.png,67
300382752,2010,2,2010-02-07,2010-02-07T16:00:00.000000-0500,2752,s:40~l:54~t:2752,xavier-musketeers,Xavier,Musketeers,XAV,Xavier Musketeers,Xavier,002144,9ea2a2,https://a.espncdn.com/i/teamlogos/ncaa/500/2752.png,home,67,true,10,5,28,50.0,22,44,0,9,65.5,19,29,12,10,5,20,0,57.1,4,7,40,0,0,0,257,s:40~l:54~t:257,richmond-spiders,Richmond,Spiders,RICH,Richmond Spiders,Richmond,9e0712,b90b2e,https://a.espncdn.com/i/teamlogos/ncaa/500/257.png,55
300380213,2010,2,2010-02-07,2010-02-07T13:00:00.000000-0500,194,s:40~l:54~t:194,ohio-state-buckeyes,Ohio State,Buckeyes,OSU,Ohio State Buckeyes,Ohio State,ce1141,505056,https://a.espncdn.com/i/teamlogos/ncaa/500/194.png,away,86,true,22,4,23,54.9,28,51,0,12,92.9,13,14,13,7,9,25,0,65.4,17,26,35,0,0,0,213,s:40~l:54~t:213,penn-state-lady-lions,Penn State,Lady Lions,PSU,Penn State Lady Lions,Penn State,00265D,002e5c,https://a.espncdn.com/i/teamlogos/ncaa/500/213.png,73
300380213,2010,2,2010-02-07,2010-02-07T13:00:00.000000-0500,213,s:40~l:54~t:213,penn-state-lady-lions,Penn State,Lady Lions,PSU,Penn State Lady Lions,Penn State,00265D,002e5c,https://a.espncdn.com/i/teamlogos/ncaa/500/213.png,home,73,false,14,4,14,45.3,29,64,0,14,90.9,10,11,15,8,15,14,0,38.5,5,13,25,0,0,0,194,s:40~l:54~t:194,ohio-state-buckeyes,Ohio State,Buckeyes,OSU,Ohio State Buckeyes,Ohio State,ce1141,505056,https://a.espncdn.com/i/teamlogos/ncaa/500/194.png,86
300380061,2010,2,2010-02-07,2010-02-07T14:00:00.000000-0500,2579,s:40~l:54~t:2579,south-carolina-gamecocks,South Carolina,Gamecocks,SC,South Carolina Gamecocks,South Carolina,73000a,ffffff,https://a.espncdn.com/i/teamlogos/ncaa/500/2579.png,away,52,true,8,4,26,36.8,21,57,0,14,85.7,6,7,13,9,2,9,0,26.7,4,15,39,0,0,0,61,s:40~l:54~t:61,georgia-lady-bulldogs,Georgia,Lady Bulldogs,UGA,Georgia Lady Bulldogs,Georgia,CC0000,000000,https://a.espncdn.com/i/teamlogos/ncaa/500/61.png,42
300380061,2010,2,2010-02-07,2010-02-07T14:00:00.000000-0500,61,s:40~l:54~t:61,georgia-lady-bulldogs,Georgia,Lady Bulldogs,UGA,Georgia Lady Bulldogs,Georgia,CC0000,000000,https://a.espncdn.com/i/teamlogos/ncaa/500/61.png,home,42,false,7,5,23,28.6,16,56,0,11,57.1,8,14,3,10,4,9,0,18.2,2,11,40,0,0,0,2579,s:40~l:54~t:2579,south-carolina-gamecocks,South Carolina,Gamecocks,SC,South Carolina Gamecocks,South Carolina,73000a,ffffff,https://a.espncdn.com/i/teamlogos/ncaa/500/2579.png,52
300380052,2010,2,2010-02-07,2010-02-07T14:00:00.000000-0500,154,s:40~l:54~t:154,wake-forest-demon-deacons,Wake Forest,Demon Deacons,WAKE,Wake Forest Demon Deacons,Wake Forest,9E7E38,000000,https://a.espncdn.com/i/teamlogos/ncaa/500/154.png,away,38,false,7,2,15,21.8,12,55,0,16,86.7,13,15,0,11,15,29,0,4.2,1,24,31,0,0,0,52,s:40~l:54~t:52,florida-state-seminoles,Florida State,Seminoles,FSU,Florida State Seminoles,Florida St,782F40,ceb888,https://a.espncdn.com/i/teamlogos/ncaa/500/52.png,83
300380052,2010,2,2010-02-07,2010-02-07T14:00:00.000000-0500,52,s:40~l:54~t:52,florida-state-seminoles,Florida State,Seminoles,FSU,Florida State Seminoles,Florida St,782F40,ceb888,https://a.espncdn.com/i/teamlogos/ncaa/500/52.png,home,83,true,18,2,30,56.4,31,55,0,16,83.3,15,18,45,6,14,21,0,60.0,6,10,39,0,0,0,154,s:40~l:54~t:154,wake-forest-demon-deacons,Wake Forest,Demon Deacons,WAKE,Wake Forest Demon Deacons,Wake Forest,9E7E38,000000,https://a.espncdn.com/i/teamlogos/ncaa/500/154.png,38
300380251,2010,2,2010-02-07,2010-02-07T14:00:00.000000-0500,2641,s:40~l:54~t:2641,texas-tech-lady-raiders,Texas Tech,Lady Raiders,TTU,Texas Tech Lady Raiders,Texas Tech,C80025,231f20,https://a.espncdn.com/i/teamlogos/ncaa/500/2641.png,away,51,false,8,0,18,30.2,19,63,0,25,69.2,9,13,3,14,12,15,0,20.0,4,20,32,0,0,0,251,s:40~l:54~t:251,texas-longhorns,Texas,Longhorns,TEX,Texas Longhorns,Texas,c15d26,ffffff,https://a.espncdn.com/i/teamlogos/ncaa/500/251.png,81
300380251,2010,2,2010-02-07,2010-02-07T14:00:00.000000-0500,251,s:40~l:54~t:251,texas-longhorns,Texas,Longhorns,TEX,Texas Longhorns,Texas,c15d26,ffffff,https://a.espncdn.com/i/teamlogos/ncaa/500/251.png,home,81,true,16,3,29,50.0,25,50,0,19,64.5,20,31,32,12,4,20,0,50.0,11,22,47,0,0,0,2641,s:40~l:54~t:2641,texas-tech-lady-raiders,Texas Tech,Lady Raiders,TTU,Texas Tech Lady Raiders,Texas Tech,C80025,231f20,https://a.espncdn.com/i/teamlogos/ncaa/500/2641.png,51
300380099,2010,2,2010-02-07,2010-02-07T14:00:00.000000-0500,145,s:40~l:54~t:145,ole-miss-rebels,Ole Miss,Rebels,MISS,Ole Miss Rebels,Ole Miss,001148,00205b,https://a.espncdn.com/i/teamlogos/ncaa/500/145.png,away,102,true,19,2,31,47.5,38,80,0,28,68.4,13,19,14,15,3,16,0,40.6,13,32,51,0,0,0,99,s:40~l:54~t:99,lsu-tigers,LSU,Tigers,LSU,LSU Tigers,LSU,461d7c,fdd023,https://a.espncdn.com/i/teamlogos/ncaa/500/99.png,101
300380099,2010,2,2010-02-07,2010-02-07T14:00:00.000000-0500,99,s:40~l:54~t:99,lsu-tigers,LSU,Tigers,LSU,LSU Tigers,LSU,461d7c,fdd023,https://a.espncdn.com/i/teamlogos/ncaa/500/99.png,home,101,false,22,8,20,38.3,31,81,0,17,86.1,31,36,3,18,6,8,0,44.4,8,18,45,0,0,0,145,s:40~l:54~t:145,ole-miss-rebels,Ole Miss,Rebels,MISS,Ole Miss Rebels,Ole Miss,001148,00205b,https://a.espncdn.com/i/teamlogos/ncaa/500/145.png,102
300380008,2010,2,2010-02-07,2010-02-07T15:00:00.000000-0500,96,s:40~l:54~t:96,kentucky-wildcats,Kentucky,Wildcats,UK,Kentucky Wildcats,Kentucky,005DAA,ffffff,https://a.espncdn.com/i/teamlogos/ncaa/500/96.png,away,71,true,13,4,28,42.4,25,59,0,19,82.6,19,23,16,12,10,21,0,16.7,2,12,45,0,0,0,8,s:40~l:54~t:8,arkansas-razorbacks,Arkansas,Razorbacks,ARK,Arkansas Razorbacks,Arkansas,a41f35,222222,https://a.espncdn.com/i/teamlogos/ncaa/500/8.png,57
300380008,2010,2,2010-02-07,2010-02-07T15:00:00.000000-0500,8,s:40~l:54~t:8,arkansas-razorbacks,Arkansas,Razorbacks,ARK,Arkansas Razorbacks,Arkansas,a41f35,222222,https://a.espncdn.com/i/teamlogos/ncaa/500/8.png,home,57,false,8,6,20,31.7,19,60,0,21,73.7,14,19,5,10,12,19,0,33.3,5,15,34,0,0,0,96,s:40~l:54~t:96,kentucky-wildcats,Kentucky,Wildcats,UK,Kentucky Wildcats,Kentucky,005DAA,ffffff,https://a.espncdn.com/i/teamlogos/ncaa/500/96.png,71
300382550,2010,2,2010-02-07,2010-02-07T14:00:00.000000-0500,2599,s:40~l:54~t:2599,st-johns-red-storm,St. John's,Red Storm,SJU,St. John's Red Storm,St John's,d10000,101010,https://a.espncdn.com/i/teamlogos/ncaa/500/2599.png,away,66,true,13,3,24,41.9,26,62,0,12,78.6,11,14,21,9,9,6,1,50.0,3,6,35,1,0,0,2550,s:40~l:54~t:2550,seton-hall-pirates,Seton Hall,Pirates,HALL,Seton Hall Pirates,Seton Hall,0857B1,8a8d8f,https://a.espncdn.com/i/teamlogos/ncaa/500/2550.png,45
300382550,2010,2,2010-02-07,2010-02-07T14:00:00.000000-0500,2550,s:40~l:54~t:2550,seton-hall-pirates,Seton Hall,Pirates,HALL,Seton Hall Pirates,Seton Hall,0857B1,8a8d8f,https://a.espncdn.com/i/teamlogos/ncaa/500/2550.png,home,45,false,10,3,27,37.3,19,51,0,17,62.5,5,8,8,9,3,19,1,40.0,2,5,38,1,0,0,2599,s:40~l:54~t:2599,st-johns-red-storm,St. John's,Red Storm,SJU,St. John's Red Storm,St John's,d10000,101010,https://a.espncdn.com/i/teamlogos/ncaa/500/2599.png,66
300370087,2010,2,2010-02-06,2010-02-06T14:00:00.000000-0500,221,s:40~l:54~t:221,pittsburgh-panthers,Pittsburgh,Panthers,PITT,Pittsburgh Panthers,Pitt,003263,231f20,https://a.espncdn.com/i/teamlogos/ncaa/500/221.png,away,76,false,19,6,20,47.0,31,66,0,21,60.0,9,15,0,9,9,10,0,35.7,5,14,32,0,0,0,87,s:40~l:54~t:87,notre-dame-fighting-irish,Notre Dame,Fighting Irish,ND,Notre Dame Fighting Irish,Notre Dame,0c2340,c99700,https://a.espncdn.com/i/teamlogos/ncaa/500/87.png,86
300370087,2010,2,2010-02-06,2010-02-06T14:00:00.000000-0500,87,s:40~l:54~t:87,notre-dame-fighting-irish,Notre Dame,Fighting Irish,ND,Notre Dame Fighting Irish,Notre Dame,0c2340,c99700,https://a.espncdn.com/i/teamlogos/ncaa/500/87.png,home,86,true,25,7,26,50.8,31,61,0,12,72.4,21,29,19,9,6,9,0,27.3,3,11,38,0,0,0,221,s:40~l:54~t:221,pittsburgh-panthers,Pittsburgh,Panthers,PITT,Pittsburgh Panthers,Pitt,003263,231f20,https://a.espncdn.com/i/teamlogos/ncaa/500/221.png,76
300370158,2010,2,2010-02-06,2010-02-06T13:00:00.000000-0500,245,s:40~l:54~t:245,texas-am-aggies,Texas A&M,Aggies,TA&M,Texas A&M Aggies,Texas A&M,5C0025,ffffff,https://a.espncdn.com/i/teamlogos/ncaa/500/245.png,away,60,false,9,9,24,40.3,27,67,0,22,50.0,1,2,0,9,6,14,0,35.7,5,14,37,0,0,0,158,s:40~l:54~t:158,nebraska-cornhuskers,Nebraska,Cornhuskers,NEB,Nebraska Cornhuskers,Nebraska,F20017,f5f1e7,https://a.espncdn.com/i/teamlogos/ncaa/500/158.png,71
300370158,2010,2,2010-02-06,2010-02-06T13:00:00.000000-0500,158,s:40~l:54~t:158,nebraska-cornhuskers,Nebraska,Cornhuskers,NEB,Nebraska Cornhuskers,Nebraska,F20017,f5f1e7,https://a.espncdn.com/i/teamlogos/ncaa/500/158.png,home,71,true,18,4,28,43.1,25,58,0,12,76.2,16,21,14,9,8,14,0,22.7,5,22,40,0,0,0,245,s:40~l:54~t:245,texas-am-aggies,Texas A&M,Aggies,TA&M,Texas A&M Aggies,Texas A&M,5C0025,ffffff,https://a.espncdn.com/i/teamlogos/ncaa/500/245.png,60
300370197,2010,2,2010-02-06,2010-02-06T15:00:00.000000-0500,201,s:40~l:54~t:201,oklahoma-sooners,Oklahoma,Sooners,OU,Oklahoma Sooners,Oklahoma,9d2235,ffffff,https://a.espncdn.com/i/teamlogos/ncaa/500/201.png,away,77,true,12,1,26,41.3,26,63,0,18,92.0,23,25,12,19,4,12,0,11.1,2,18,49,0,0,0,197,s:40~l:54~t:197,oklahoma-state-cowgirls,Oklahoma State,Cowgirls,OKST,Oklahoma State Cowgirls,Oklahoma St,ff6500,000000,https://a.espncdn.com/i/teamlogos/ncaa/500/197.png,66
300370197,2010,2,2010-02-06,2010-02-06T15:00:00.000000-0500,197,s:40~l:54~t:197,oklahoma-state-cowgirls,Oklahoma State,Cowgirls,OKST,Oklahoma State Cowgirls,Oklahoma St,ff6500,000000,https://a.espncdn.com/i/teamlogos/ncaa/500/197.png,home,66,false,10,2,18,37.1,23,62,0,18,72.2,13,18,7,13,4,10,0,33.3,7,21,31,0,0,0,201,s:40~l:54~t:201,oklahoma-sooners,Oklahoma,Sooners,OU,Oklahoma Sooners,Oklahoma,9d2235,ffffff,https://a.espncdn.com/i/teamlogos/ncaa/500/201.png,77
300372507,2010,2,2010-02-06,2010-02-06T14:30:00.000000-0500,277,s:40~l:54~t:277,west-virginia-mountaineers,West Virginia,Mountaineers,WVU,West Virginia Mountaineers,West Virginia,FFC600,eaaa00,https://a.espncdn.com/i/teamlogos/ncaa/500/277.png,away,75,true,11,5,26,41.5,22,53,0,18,74.3,26,35,25,15,4,12,0,62.5,5,8,42,0,0,0,2507,s:40~l:54~t:2507,providence-friars,Providence,Friars,PROV,Providence Friars,Providence,000000,a3a19e,https://a.espncdn.com/i/teamlogos/ncaa/500/2507.png,59
300372507,2010,2,2010-02-06,2010-02-06T14:30:00.000000-0500,2507,s:40~l:54~t:2507,providence-friars,Providence,Friars,PROV,Providence Friars,Providence,000000,a3a19e,https://a.espncdn.com/i/teamlogos/ncaa/500/2507.png,home,59,false,10,6,13,40.0,24,60,0,25,52.9,9,17,8,12,5,11,0,14.3,2,14,30,0,0,0,277,s:40~l:54~t:277,west-virginia-mountaineers,West Virginia,Mountaineers,WVU,West Virginia Mountaineers,West Virginia,FFC600,eaaa00,https://a.espncdn.com/i/teamlogos/ncaa/500/277.png,75
300370239,2010,2,2010-02-06,2010-02-06T20:30:00.000000-0500,38,s:40~l:54~t:38,colorado-buffaloes,Colorado,Buffaloes,COLO,Colorado Buffaloes,Colorado,000000,cfb87c,https://a.espncdn.com/i/teamlogos/ncaa/500/38.png,away,42,false,8,1,17,23.6,13,55,0,18,69.2,9,13,1,5,8,22,0,33.3,7,21,30,0,0,0,239,s:40~l:54~t:239,baylor-bears,Baylor,Bears,BAY,Baylor Bears,Baylor,154734,ffb81c,https://a.espncdn.com/i/teamlogos/ncaa/500/239.png,76
300370239,2010,2,2010-02-06,2010-02-06T20:30:00.000000-0500,239,s:40~l:54~t:239,baylor-bears,Baylor,Bears,BAY,Baylor Bears,Baylor,154734,ffb81c,https://a.espncdn.com/i/teamlogos/ncaa/500/239.png,home,76,true,19,12,27,51.8,29,56,0,15,64.0,16,25,35,13,10,17,0,33.3,2,6,45,0,0,0,38,s:40~l:54~t:38,colorado-buffaloes,Colorado,Buffaloes,COLO,Colorado Buffaloes,Colorado,000000,cfb87c,https://a.espncdn.com/i/teamlogos/ncaa/500/38.png,42
300372750,2010,2,2010-02-06,2010-02-06T14:00:00.000000-0500,2739,s:40~l:54~t:2739,green-bay-phoenix,Green Bay,Phoenix,GB,Green Bay Phoenix,Green Bay,006633,ffffff,https://a.espncdn.com/i/teamlogos/ncaa/500/2739.png,away,74,true,26,4,20,55.8,29,52,0,18,60.0,6,10,26,9,10,18,0,50.0,10,20,30,0,0,0,2750,s:40~l:54~t:2750,wright-state-raiders,Wright State,Raiders,WRST,Wright State Raiders,Wright St,cba052,cba052,https://a.espncdn.com/i/teamlogos/ncaa/500/2750.png,50
300372750,2010,2,2010-02-06,2010-02-06T14:00:00.000000-0500,2750,s:40~l:54~t:2750,wright-state-raiders,Wright State,Raiders,WRST,Wright State Raiders,Wright St,cba052,cba052,https://a.espncdn.com/i/teamlogos/ncaa/500/2750.png,home,50,false,7,0,18,35.7,15,42,0,11,90.0,18,20,0,8,9,23,0,16.7,2,12,26,0,0,0,2739,s:40~l:54~t:2739,green-bay-phoenix,Green Bay,Phoenix,GB,Green Bay Phoenix,Green Bay,006633,ffffff,https://a.espncdn.com/i/teamlogos/ncaa/500/2739.png,74
300350024,2010,2,2010-02-04,2010-02-04T22:00:00.000000-0500,26,s:40~l:54~t:26,ucla-bruins,UCLA,Bruins,UCLA,UCLA Bruins,UCLA,2774ae,f2a900,https://a.espncdn.com/i/teamlogos/ncaa/500/26.png,away,53,false,9,2,16,32.8,22,67,0,26,58.3,7,12,2,15,7,16,0,20.0,2,10,38,0,0,0,24,s:40~l:54~t:24,stanford-cardinal,Stanford,Cardinal,STAN,Stanford Cardinal,Stanford,8c1515,ffffff,https://a.espncdn.com/i/teamlogos/ncaa/500/24.png,74
300350024,2010,2,2010-02-04,2010-02-04T22:00:00.000000-0500,24,s:40~l:54~t:24,stanford-cardinal,Stanford,Cardinal,STAN,Stanford Cardinal,Stanford,8c1515,ffffff,https://a.espncdn.com/i/teamlogos/ncaa/500/24.png,home,74,true,16,6,28,41.5,22,53,0,10,75.0,27,36,27,14,2,15,0,33.3,3,9,46,0,0,0,26,s:40~l:54~t:26,ucla-bruins,UCLA,Bruins,UCLA,UCLA Bruins,UCLA,2774ae,f2a900,https://a.espncdn.com/i/teamlogos/ncaa/500/26.png,53
300352633,2010,2,2010-02-04,2010-02-04T19:00:00.000000-0500,8,s:40~l:54~t:8,arkansas-razorbacks,Arkansas,Razorbacks,ARK,Arkansas Razorbacks,Arkansas,a41f35,222222,https://a.espncdn.com/i/teamlogos/ncaa/500/8.png,away,57,false,9,7,18,30.7,23,75,0,19,66.7,2,3,0,19,11,12,2,36.0,9,25,41,2,0,0,2633,s:40~l:54~t:2633,tennessee-lady-volunteers,Tennessee,Lady Volunteers,TENN,Tennessee Lady Volunteers,Tennessee,ff8200,ffffff,https://a.espncdn.com/i/teamlogos/ncaa/500/2633_ncw.png,74
300352633,2010,2,2010-02-04,2010-02-04T19:00:00.000000-0500,2633,s:40~l:54~t:2633,tennessee-lady-volunteers,Tennessee,Lady Volunteers,TENN,Tennessee Lady Volunteers,Tennessee,ff8200,ffffff,https://a.espncdn.com/i/teamlogos/ncaa/500/2633_ncw.png,home,74,true,16,10,31,46.0,29,63,0,8,54.5,12,22,18,17,3,13,0,50.0,4,8,50,0,0,0,8,s:40~l:54~t:8,arkansas-razorbacks,Arkansas,Razorbacks,ARK,Arkansas Razorbacks,Arkansas,a41f35,222222,https://a.espncdn.com/i/teamlogos/ncaa/500/8.png,57
300350103,2010,2,2010-02-04,2010-02-04T19:00:00.000000-0500,150,s:40~l:54~t:150,duke-blue-devils,Duke,Blue Devils,DUKE,Duke Blue Devils,Duke,013088,ffffff,https://a.espncdn.com/i/teamlogos/ncaa/500/150.png,away,57,false,9,9,18,37.5,21,56,0,15,69.2,9,13,3,11,8,20,0,50.0,6,12,33,0,0,0,103,s:40~l:54~t:103,boston-college-eagles,Boston College,Eagles,BC,Boston College Eagles,Boston College,8c2232,dbcca6,https://a.espncdn.com/i/teamlogos/ncaa/500/103.png,61
300350103,2010,2,2010-02-04,2010-02-04T19:00:00.000000-0500,103,s:40~l:54~t:103,boston-college-eagles,Boston College,Eagles,BC,Boston College Eagles,Boston College,8c2232,dbcca6,https://a.espncdn.com/i/teamlogos/ncaa/500/103.png,home,61,true,9,1,21,31.6,18,57,0,11,95.2,20,21,8,15,8,19,0,26.3,5,19,42,0,0,0,150,s:40~l:54~t:150,duke-blue-devils,Duke,Blue Devils,DUKE,Duke Blue Devils,Duke,013088,ffffff,https://a.espncdn.com/i/teamlogos/ncaa/500/150.png,57
300350194,2010,2,2010-02-04,2010-02-04T19:30:00.000000-0500,2294,s:40~l:54~t:2294,iowa-hawkeyes,Iowa,Hawkeyes,IOWA,Iowa Hawkeyes,Iowa,000000,fcd116,https://a.espncdn.com/i/teamlogos/ncaa/500/2294.png,away,82,false,12,3,27,53.4,31,58,0,25,69.2,9,13,9,6,4,18,0,52.4,11,21,35,0,0,0,194,s:40~l:54~t:194,ohio-state-buckeyes,Ohio State,Buckeyes,OSU,Ohio State Buckeyes,Ohio State,ce1141,505056,https://a.espncdn.com/i/teamlogos/ncaa/500/194.png,86
300350194,2010,2,2010-02-04,2010-02-04T19:30:00.000000-0500,194,s:40~l:54~t:194,ohio-state-buckeyes,Ohio State,Buckeyes,OSU,Ohio State Buckeyes,Ohio State,ce1141,505056,https://a.espncdn.com/i/teamlogos/ncaa/500/194.png,home,86,true,17,1,22,42.4,25,59,0,16,82.4,28,34,8,7,8,10,0,47.1,8,17,31,0,0,0,2294,s:40~l:54~t:2294,iowa-hawkeyes,Iowa,Hawkeyes,IOWA,Iowa Hawkeyes,Iowa,000000,fcd116,https://a.espncdn.com/i/teamlogos/ncaa/500/2294.png,82
300352390,2010,2,2010-02-04,2010-02-04T19:00:00.000000-0500,153,s:40~l:54~t:153,north-carolina-tar-heels,North Carolina,Tar Heels,UNC,North Carolina Tar Heels,North Carolina,7bafd4,13294b,https://a.espncdn.com/i/teamlogos/ncaa/500/153.png,away,69,false,12,5,32,37.7,26,69,0,24,59.1,13,22,6,22,3,28,1,28.6,4,14,61,1,0,0,2390,s:40~l:54~t:2390,miami-hurricanes,Miami,Hurricanes,MIA,Miami Hurricanes,Miami,004325,f0f0f0,https://a.espncdn.com/i/teamlogos/ncaa/500/2390.png,80
300352390,2010,2,2010-02-04,2010-02-04T19:00:00.000000-0500,2390,s:40~l:54~t:2390,miami-hurricanes,Miami,Hurricanes,MIA,Miami Hurricanes,Miami,004325,f0f0f0,https://a.espncdn.com/i/teamlogos/ncaa/500/2390.png,home,80,true,14,3,18,35.2,25,71,0,17,80.0,24,30,15,15,12,8,0,21.4,6,28,36,0,0,0,153,s:40~l:54~t:153,north-carolina-tar-heels,North Carolina,Tar Heels,UNC,North Carolina Tar Heels,North Carolina,7bafd4,13294b,https://a.espncdn.com/i/teamlogos/ncaa/500/153.png,69
300350061,2010,2,2010-02-04,2010-02-04T19:00:00.000000-0500,99,s:40~l:54~t:99,lsu-tigers,LSU,Tigers,LSU,LSU Tigers,LSU,461d7c,fdd023,https://a.espncdn.com/i/teamlogos/ncaa/500/99.png,away,46,false,9,2,20,27.3,18,66,0,17,100.0,7,7,8,12,14,17,0,18.8,3,16,39,0,0,0,61,s:40~l:54~t:61,georgia-lady-bulldogs,Georgia,Lady Bulldogs,UGA,Georgia Lady Bulldogs,Georgia,CC0000,000000,https://a.espncdn.com/i/teamlogos/ncaa/500/61.png,49
300350061,2010,2,2010-02-04,2010-02-04T19:00:00.000000-0500,61,s:40~l:54~t:61,georgia-lady-bulldogs,Georgia,Lady Bulldogs,UGA,Georgia Lady Bulldogs,Georgia,CC0000,000000,https://a.espncdn.com/i/teamlogos/ncaa/500/61.png,home,49,true,9,6,24,35.4,17,48,0,13,61.1,11,18,4,11,11,25,0,44.4,4,9,41,0,0,0,99,s:40~l:54~t:99,lsu-tigers,LSU,Tigers,LSU,LSU Tigers,LSU,461d7c,fdd023,https://a.espncdn.com/i/teamlogos/ncaa/500/99.png,46
300350096,2010,2,2010-02-04,2010-02-04T19:00:00.000000-0500,145,s:40~l:54~t:145,ole-miss-rebels,Ole Miss,Rebels,MISS,Ole Miss Rebels,Ole Miss,001148,00205b,https://a.espncdn.com/i/teamlogos/ncaa/500/145.png,away,66,false,9,2,19,32.2,19,59,0,20,73.3,22,30,1,13,8,18,0,27.3,6,22,37,0,0,0,96,s:40~l:54~t:96,kentucky-wildcats,Kentucky,Wildcats,UK,Kentucky Wildcats,Kentucky,005DAA,ffffff,https://a.espncdn.com/i/teamlogos/ncaa/500/96.png,80
300350096,2010,2,2010-02-04,2010-02-04T19:00:00.000000-0500,96,s:40~l:54~t:96,kentucky-wildcats,Kentucky,Wildcats,UK,Kentucky Wildcats,Kentucky,005DAA,ffffff,https://a.espncdn.com/i/teamlogos/ncaa/500/96.png,home,80,true,11,4,24,45.0,27,60,0,21,74.1,20,27,23,11,8,17,0,25.0,6,24,42,0,0,0,145,s:40~l:54~t:145,ole-miss-rebels,Ole Miss,Rebels,MISS,Ole Miss Rebels,Ole Miss,001148,00205b,https://a.espncdn.com/i/teamlogos/ncaa/500/145.png,66
300350258,2010,2,2010-02-04,2010-02-04T19:00:00.000000-0500,228,s:40~l:54~t:228,clemson-tigers,Clemson,Tigers,CLEM,Clemson Tigers,Clemson,F66733,522d80,https://a.espncdn.com/i/teamlogos/ncaa/500/228.png,away,60,false,10,2,16,40.0,22,55,0,14,72.7,8,11,2,4,12,22,0,40.0,8,20,27,0,0,0,258,s:40~l:54~t:258,virginia-cavaliers,Virginia,Cavaliers,UVA,Virginia Cavaliers,Virginia,f84c1e,ffffff,https://a.espncdn.com/i/teamlogos/ncaa/500/258.png,82
300350258,2010,2,2010-02-04,2010-02-04T19:00:00.000000-0500,258,s:40~l:54~t:258,virginia-cavaliers,Virginia,Cavaliers,UVA,Virginia Cavaliers,Virginia,f84c1e,ffffff,https://a.espncdn.com/i/teamlogos/ncaa/500/258.png,home,82,true,15,3,25,52.7,29,55,0,9,86.4,19,22,24,5,11,18,0,45.5,5,11,35,0,0,0,228,s:40~l:54~t:228,clemson-tigers,Clemson,Tigers,CLEM,Clemson Tigers,Clemson,F66733,522d80,https://a.espncdn.com/i/teamlogos/ncaa/500/228.png,60
300350057,2010,2,2010-02-04,2010-02-04T19:00:00.000000-0500,238,s:40~l:54~t:238,vanderbilt-commodores,Vanderbilt,Commodores,VAN,Vanderbilt Commodores,Vanderbilt,000000,231f20,https://a.espncdn.com/i/teamlogos/ncaa/500/238.png,away,66,true,16,1,16,51.0,26,51,0,18,75.0,9,12,17,7,7,11,0,38.5,5,13,28,0,0,0,57,s:40~l:54~t:57,florida-gators,Florida,Gators,FLA,Florida Gators,Florida,0021a5,fa4616,https://a.espncdn.com/i/teamlogos/ncaa/500/57.png,58
300350057,2010,2,2010-02-04,2010-02-04T19:00:00.000000-0500,57,s:40~l:54~t:57,florida-gators,Florida,Gators,FLA,Florida Gators,Florida,0021a5,fa4616,https://a.espncdn.com/i/teamlogos/ncaa/500/57.png,home,58,false,13,6,15,41.5,22,53,0,16,55.6,10,18,1,18,4,18,0,23.5,4,17,36,0,0,0,238,s:40~l:54~t:238,vanderbilt-commodores,Vanderbilt,Commodores,VAN,Vanderbilt Commodores,Vanderbilt,000000,231f20,https://a.espncdn.com/i/teamlogos/ncaa/500/238.png,66
300340158,2010,2,2010-02-03,2010-02-03T20:05:00.000000-0500,197,s:40~l:54~t:197,oklahoma-state-cowgirls,Oklahoma State,Cowgirls,OKST,Oklahoma State Cowgirls,Oklahoma St,ff6500,000000,https://a.espncdn.com/i/teamlogos/ncaa/500/197.png,away,67,false,10,5,24,45.8,27,59,0,21,68.8,11,16,0,9,1,15,0,15.4,2,13,38,0,0,0,158,s:40~l:54~t:158,nebraska-cornhuskers,Nebraska,Cornhuskers,NEB,Nebraska Cornhuskers,Nebraska,F20017,f5f1e7,https://a.espncdn.com/i/teamlogos/ncaa/500/158.png,88
300340158,2010,2,2010-02-03,2010-02-03T20:05:00.000000-0500,158,s:40~l:54~t:158,nebraska-cornhuskers,Nebraska,Cornhuskers,NEB,Nebraska Cornhuskers,Nebraska,F20017,f5f1e7,https://a.espncdn.com/i/teamlogos/ncaa/500/158.png,home,88,true,18,4,24,49.2,31,63,0,14,62.5,15,24,36,7,7,6,0,35.5,11,31,32,0,0,0,197,s:40~l:54~t:197,oklahoma-state-cowgirls,Oklahoma State,Cowgirls,OKST,Oklahoma State Cowgirls,Oklahoma St,ff6500,000000,https://a.espncdn.com/i/teamlogos/ncaa/500/197.png,67
300340045,2010,2,2010-02-03,2010-02-03T19:00:00.000000-0500,2752,s:40~l:54~t:2752,xavier-musketeers,Xavier,Musketeers,XAV,Xavier Musketeers,Xavier,002144,9ea2a2,https://a.espncdn.com/i/teamlogos/ncaa/500/2752.png,away,72,true,17,0,25,50.0,28,56,0,11,47.1,8,17,31,10,9,13,0,36.4,8,22,39,0,0,0,45,s:40~l:54~t:45,george-washington-colonials,George Washington,Colonials,GW,George Washington Colonials,G Washington,002843,e8d2a1,https://a.espncdn.com/i/teamlogos/ncaa/500/45.png,56
300340045,2010,2,2010-02-03,2010-02-03T19:00:00.000000-0500,45,s:40~l:54~t:45,george-washington-colonials,George Washington,Colonials,GW,George Washington Colonials,G Washington,002843,e8d2a1,https://a.espncdn.com/i/teamlogos/ncaa/500/45.png,home,56,false,10,2,22,41.1,23,56,0,14,75.0,6,8,4,7,8,13,0,22.2,4,18,29,0,0,0,2752,s:40~l:54~t:2752,xavier-musketeers,Xavier,Musketeers,XAV,Xavier Musketeers,Xavier,002144,9ea2a2,https://a.espncdn.com/i/teamlogos/ncaa/500/2752.png,72
300340245,2010,2,2010-02-03,2010-02-03T19:00:00.000000-0500,142,s:40~l:54~t:142,missouri-tigers,Missouri,Tigers,MIZ,Missouri Tigers,Missouri,f1b82d,000000,https://a.espncdn.com/i/teamlogos/ncaa/500/142.png,away,55,false,16,3,20,46.7,21,45,0,15,66.7,12,18,2,3,8,19,0,10.0,1,10,27,0,0,0,245,s:40~l:54~t:245,texas-am-aggies,Texas A&M,Aggies,TA&M,Texas A&M Aggies,Texas A&M,5C0025,ffffff,https://a.espncdn.com/i/teamlogos/ncaa/500/245.png,65
300340245,2010,2,2010-02-03,2010-02-03T19:00:00.000000-0500,245,s:40~l:54~t:245,texas-am-aggies,Texas A&M,Aggies,TA&M,Texas A&M Aggies,Texas A&M,5C0025,ffffff,https://a.espncdn.com/i/teamlogos/ncaa/500/245.png,home,65,true,14,2,20,44.1,26,59,0,18,81.3,13,16,12,11,9,14,0,0.0,0,4,36,0,0,0,142,s:40~l:54~t:142,missouri-tigers,Missouri,Tigers,MIZ,Missouri Tigers,Missouri,f1b82d,000000,https://a.espncdn.com/i/teamlogos/ncaa/500/142.png,55
300340201,2010,2,2010-02-03,2010-02-03T20:00:00.000000-0500,251,s:40~l:54~t:251,texas-longhorns,Texas,Longhorns,TEX,Texas Longhorns,Texas,c15d26,ffffff,https://a.espncdn.com/i/teamlogos/ncaa/500/251.png,away,75,true,10,4,31,50.0,26,52,0,20,84.0,21,25,20,7,5,16,0,28.6,2,7,42,0,0,0,201,s:40~l:54~t:201,oklahoma-sooners,Oklahoma,Sooners,OU,Oklahoma Sooners,Oklahoma,9d2235,ffffff,https://a.espncdn.com/i/teamlogos/ncaa/500/201.png,57
300340201,2010,2,2010-02-03,2010-02-03T20:00:00.000000-0500,201,s:40~l:54~t:201,oklahoma-sooners,Oklahoma,Sooners,OU,Oklahoma Sooners,Oklahoma,9d2235,ffffff,https://a.espncdn.com/i/teamlogos/ncaa/500/201.png,home,57,false,6,0,18,31.7,19,60,0,21,77.3,17,22,0,10,6,11,0,14.3,2,14,32,0,0,0,251,s:40~l:54~t:251,texas-longhorns,Texas,Longhorns,TEX,Texas Longhorns,Texas,c15d26,ffffff,https://a.espncdn.com/i/teamlogos/ncaa/500/251.png,75
300342306,2010,2,2010-02-03,2010-02-03T20:00:00.000000-0500,239,s:40~l:54~t:239,baylor-bears,Baylor,Bears,BAY,Baylor Bears,Baylor,154734,ffb81c,https://a.espncdn.com/i/teamlogos/ncaa/500/239.png,away,65,true,16,9,24,51.0,26,51,0,14,85.7,12,14,21,9,1,7,0,50.0,1,2,35,0,0,0,2306,s:40~l:54~t:2306,kansas-state-wildcats,Kansas State,Wildcats,KSU,Kansas State Wildcats,Kansas St,633194,e7d2ad,https://a.espncdn.com/i/teamlogos/ncaa/500/2306.png,47
300342306,2010,2,2010-02-03,2010-02-03T20:00:00.000000-0500,2306,s:40~l:54~t:2306,kansas-state-wildcats,Kansas State,Wildcats,KSU,Kansas State Wildcats,Kansas St,633194,e7d2ad,https://a.espncdn.com/i/teamlogos/ncaa/500/2306.png,home,47,false,9,1,14,30.9,17,55,0,14,47.4,9,19,0,11,2,5,0,22.2,4,18,33,0,0,0,239,s:40~l:54~t:239,baylor-bears,Baylor,Bears,BAY,Baylor Bears,Baylor,154734,ffb81c,https://a.espncdn.com/i/teamlogos/ncaa/500/239.png,65
300340066,2010,2,2010-02-03,2010-02-03T20:00:00.000000-0500,2641,s:40~l:54~t:2641,texas-tech-lady-raiders,Texas Tech,Lady Raiders,TTU,Texas Tech Lady Raiders,Texas Tech,C80025,231f20,https://a.espncdn.com/i/teamlogos/ncaa/500/2641.png,away,48,false,11,3,9,32.7,18,55,0,22,50.0,5,10,1,12,12,14,0,29.2,7,24,24,0,0,0,66,s:40~l:54~t:66,iowa-state-cyclones,Iowa State,Cyclones,ISU,Iowa State Cyclones,Iowa State,822433,fdca2f,https://a.espncdn.com/i/teamlogos/ncaa/500/66.png,63
300340066,2010,2,2010-02-03,2010-02-03T20:00:00.000000-0500,66,s:40~l:54~t:66,iowa-state-cyclones,Iowa State,Cyclones,ISU,Iowa State Cyclones,Iowa State,822433,fdca2f,https://a.espncdn.com/i/teamlogos/ncaa/500/66.png,home,63,true,11,4,22,47.6,20,42,0,14,73.9,17,23,17,11,4,19,0,46.2,6,13,39,0,0,0,2641,s:40~l:54~t:2641,texas-tech-lady-raiders,Texas Tech,Lady Raiders,TTU,Texas Tech Lady Raiders,Texas Tech,C80025,231f20,https://a.espncdn.com/i/teamlogos/ncaa/500/2641.png,48
300330041,2010,2,2010-02-02,2010-02-02T19:00:00.000000-0500,277,s:40~l:54~t:277,west-virginia-mountaineers,West Virginia,Mountaineers,WVU,West Virginia Mountaineers,West Virginia,FFC600,eaaa00,https://a.espncdn.com/i/teamlogos/ncaa/500/277.png,away,47,false,6,0,11,33.3,19,57,0,20,41.7,5,12,0,16,10,18,0,30.8,4,13,30,0,0,0,41,s:40~l:54~t:41,uconn-huskies,UConn,Huskies,CONN,UConn Huskies,UConn,0c2340,f1f2f3,https://a.espncdn.com/i/teamlogos/ncaa/500/41.png,80
300330041,2010,2,2010-02-02,2010-02-02T19:00:00.000000-0500,41,s:40~l:54~t:41,uconn-huskies,UConn,Huskies,CONN,UConn Huskies,UConn,0c2340,f1f2f3,https://a.espncdn.com/i/teamlogos/ncaa/500/41.png,home,80,true,18,8,23,58.3,28,48,0,13,76.0,19,25,33,11,10,16,0,50.0,5,10,34,0,0,0,277,s:40~l:54~t:277,west-virginia-mountaineers,West Virginia,Mountaineers,WVU,West Virginia Mountaineers,West Virginia,FFC600,eaaa00,https://a.espncdn.com/i/teamlogos/ncaa/500/277.png,47
300320164,2010,2,2010-02-01,2010-02-01T19:30:00.000000-0500,87,s:40~l:54~t:87,notre-dame-fighting-irish,Notre Dame,Fighting Irish,ND,Notre Dame Fighting Irish,Notre Dame,0c2340,c99700,https://a.espncdn.com/i/teamlogos/ncaa/500/87.png,away,75,true,9,2,24,40.4,23,57,0,18,78.8,26,33,12,12,10,18,0,33.3,3,9,38,0,0,0,164,s:40~l:54~t:164,rutgers-scarlet-knights,Rutgers,Scarlet Knights,RUTG,Rutgers Scarlet Knights,Rutgers,d21034,ffffff,https://a.espncdn.com/i/teamlogos/ncaa/500/164.png,63
300320164,2010,2,2010-02-01,2010-02-01T19:30:00.000000-0500,164,s:40~l:54~t:164,rutgers-scarlet-knights,Rutgers,Scarlet Knights,RUTG,Rutgers Scarlet Knights,Rutgers,d21034,ffffff,https://a.espncdn.com/i/teamlogos/ncaa/500/164.png,home,63,false,20,5,23,37.5,24,64,0,26,77.8,14,18,4,14,11,21,0,14.3,1,7,44,0,0,0,87,s:40~l:54~t:87,notre-dame-fighting-irish,Notre Dame,Fighting Irish,ND,Notre Dame Fighting Irish,Notre Dame,0c2340,c99700,https://a.espncdn.com/i/teamlogos/ncaa/500/87.png,75
300320153,2010,2,2010-02-01,2010-02-01T19:00:00.000000-0500,52,s:40~l:54~t:52,florida-state-seminoles,Florida State,Seminoles,FSU,Florida State Seminoles,Florida St,782F40,ceb888,https://a.espncdn.com/i/teamlogos/ncaa/500/52.png,away,83,true,21,5,29,46.4,32,69,0,18,78.9,15,19,19,13,8,19,0,25.0,4,16,47,0,0,0,153,s:40~l:54~t:153,north-carolina-tar-heels,North Carolina,Tar Heels,UNC,North Carolina Tar Heels,North Carolina,7bafd4,13294b,https://a.espncdn.com/i/teamlogos/ncaa/500/153.png,73
300320153,2010,2,2010-02-01,2010-02-01T19:00:00.000000-0500,153,s:40~l:54~t:153,north-carolina-tar-heels,North Carolina,Tar Heels,UNC,North Carolina Tar Heels,North Carolina,7bafd4,13294b,https://a.espncdn.com/i/teamlogos/ncaa/500/153.png,home,73,false,18,5,20,40.6,28,69,0,22,61.1,11,18,2,8,8,17,0,27.3,6,22,32,0,0,0,52,s:40~l:54~t:52,florida-state-seminoles,Florida State,Seminoles,FSU,Florida State Seminoles,Florida St,782F40,ceb888,https://a.espncdn.com/i/teamlogos/ncaa/500/52.png,83
300322011,2010,2,2010-02-01,2010-02-01T16:30:00.000000-0500,2504,s:40~l:54~t:2504,prairie-view-am-lady-panthers,Prairie View A&M,Lady Panthers,PV,Prairie View A&M Lady Panthers,Prairie View,4d0960,,https://a.espncdn.com/i/teamlogos/ncaa/500/2504.png,away,69,true,16,3,30,48.1,25,52,0,15,65.0,13,20,19,8,5,20,0,60.0,6,10,42,0,0,0,2011,s:40~l:54~t:2011,alabama-state-lady-hornets,Alabama State,Lady Hornets,ALST,Alabama State Lady Hornets,Alabama St,e9a900,0a0a0a,https://a.espncdn.com/i/teamlogos/ncaa/500/2011.png,50
300322011,2010,2,2010-02-01,2010-02-01T16:30:00.000000-0500,2011,s:40~l:54~t:2011,alabama-state-lady-hornets,Alabama State,Lady Hornets,ALST,Alabama State Lady Hornets,Alabama St,e9a900,0a0a0a,https://a.espncdn.com/i/teamlogos/ncaa/500/2011.png,home,50,false,14,6,21,31.4,16,51,0,19,81.3,13,16,2,3,12,19,0,31.3,5,16,28,0,0,0,2504,s:40~l:54~t:2504,prairie-view-am-lady-panthers,Prairie View A&M,Lady Panthers,PV,Prairie View A&M Lady Panthers,Prairie View,4d0960,,https://a.espncdn.com/i/teamlogos/ncaa/500/2504.png,69
300310084,2010,2,2010-01-31,2010-01-31T12:00:00.000000-0500,194,s:40~l:54~t:194,ohio-state-buckeyes,Ohio State,Buckeyes,OSU,Ohio State Buckeyes,Ohio State,ce1141,505056,https://a.espncdn.com/i/teamlogos/ncaa/500/194.png,away,62,false,14,6,25,36.4,24,66,0,11,81.8,9,11,9,18,3,18,0,26.3,5,19,46,0,0,0,84,s:40~l:54~t:84,indiana-hoosiers,Indiana,Hoosiers,IU,Indiana Hoosiers,Indiana,990000,edebeb,https://a.espncdn.com/i/teamlogos/ncaa/500/84.png,67
300310084,2010,2,2010-01-31,2010-01-31T12:00:00.000000-0500,84,s:40~l:54~t:84,indiana-hoosiers,Indiana,Hoosiers,IU,Indiana Hoosiers,Indiana,990000,edebeb,https://a.espncdn.com/i/teamlogos/ncaa/500/84.png,home,67,true,10,1,22,36.0,27,75,0,8,100.0,9,9,5,17,5,13,0,22.2,4,18,44,0,0,0,194,s:40~l:54~t:194,ohio-state-buckeyes,Ohio State,Buckeyes,OSU,Ohio State Buckeyes,Ohio State,ce1141,505056,https://a.espncdn.com/i/teamlogos/ncaa/500/194.png,62
300312579,2010,2,2010-01-31,2010-01-31T14:00:00.000000-0500,2633,s:40~l:54~t:2633,tennessee-lady-volunteers,Tennessee,Lady Volunteers,TENN,Tennessee Lady Volunteers,Tennessee,ff8200,ffffff,https://a.espncdn.com/i/teamlogos/ncaa/500/2633_ncw.png,away,60,true,12,8,20,44.8,26,58,0,13,50.0,5,10,5,10,7,13,0,33.3,3,9,37,0,0,0,2579,s:40~l:54~t:2579,south-carolina-gamecocks,South Carolina,Gamecocks,SC,South Carolina Gamecocks,South Carolina,73000a,ffffff,https://a.espncdn.com/i/teamlogos/ncaa/500/2579.png,55
300312579,2010,2,2010-01-31,2010-01-31T14:00:00.000000-0500,2579,s:40~l:54~t:2579,south-carolina-gamecocks,South Carolina,Gamecocks,SC,South Carolina Gamecocks,South Carolina,73000a,ffffff,https://a.espncdn.com/i/teamlogos/ncaa/500/2579.png,home,55,false,12,2,20,37.7,20,53,0,12,57.1,8,14,13,7,6,14,0,43.8,7,16,31,0,0,0,2633,s:40~l:54~t:2633,tennessee-lady-volunteers,Tennessee,Lady Volunteers,TENN,Tennessee Lady Volunteers,Tennessee,ff8200,ffffff,https://a.espncdn.com/i/teamlogos/ncaa/500/2633_ncw.png,60
300310245,2010,2,2010-01-31,2010-01-31T13:00:00.000000-0500,197,s:40~l:54~t:197,oklahoma-state-cowgirls,Oklahoma State,Cowgirls,OKST,Oklahoma State Cowgirls,Oklahoma St,ff6500,000000,https://a.espncdn.com/i/teamlogos/ncaa/500/197.png,away,67,true,6,3,23,33.8,23,68,0,15,82.4,14,17,4,21,7,21,0,43.8,7,16,52,0,0,0,245,s:40~l:54~t:245,texas-am-aggies,Texas A&M,Aggies,TA&M,Texas A&M Aggies,Texas A&M,5C0025,ffffff,https://a.espncdn.com/i/teamlogos/ncaa/500/245.png,63
300310245,2010,2,2010-01-31,2010-01-31T13:00:00.000000-0500,245,s:40~l:54~t:245,texas-am-aggies,Texas A&M,Aggies,TA&M,Texas A&M Aggies,Texas A&M,5C0025,ffffff,https://a.espncdn.com/i/teamlogos/ncaa/500/245.png,home,63,false,15,5,19,36.9,24,65,0,19,71.4,10,14,14,15,6,18,0,25.0,5,20,38,0,0,0,197,s:40~l:54~t:197,oklahoma-state-cowgirls,Oklahoma State,Cowgirls,OKST,Oklahoma State Cowgirls,Oklahoma St,ff6500,000000,https://a.espncdn.com/i/teamlogos/ncaa/500/197.png,67
300310002,2010,2,2010-01-31,2010-01-31T18:00:00.000000-0500,61,s:40~l:54~t:61,georgia-lady-bulldogs,Georgia,Lady Bulldogs,UGA,Georgia Lady Bulldogs,Georgia,CC0000,000000,https://a.espncdn.com/i/teamlogos/ncaa/500/61.png,away,53,false,9,2,16,42.9,21,49,0,16,50.0,6,12,2,6,7,17,0,20.8,5,24,27,0,0,0,2,s:40~l:54~t:2,auburn-tigers,Auburn,Tigers,AUB,Auburn Tigers,Auburn,03244d,f1f2f3,https://a.espncdn.com/i/teamlogos/ncaa/500/2.png,67
300310002,2010,2,2010-01-31,2010-01-31T18:00:00.000000-0500,2,s:40~l:54~t:2,auburn-tigers,Auburn,Tigers,AUB,Auburn Tigers,Auburn,03244d,f1f2f3,https://a.espncdn.com/i/teamlogos/ncaa/500/2.png,home,67,true,20,5,20,42.4,25,59,0,12,86.7,13,15,16,16,6,12,0,23.5,4,17,39,0,0,0,61,s:40~l:54~t:61,georgia-lady-bulldogs,Georgia,Lady Bulldogs,UGA,Georgia Lady Bulldogs,Georgia,CC0000,000000,https://a.espncdn.com/i/teamlogos/ncaa/500/61.png,53
300310251,2010,2,2010-01-31,2010-01-31T17:00:00.000000-0500,239,s:40~l:54~t:239,baylor-bears,Baylor,Bears,BAY,Baylor Bears,Baylor,154734,ffb81c,https://a.espncdn.com/i/teamlogos/ncaa/500/239.png,away,50,false,10,4,27,31.6,18,57,0,17,52.2,12,23,3,10,5,18,0,14.3,2,14,40,0,0,0,251,s:40~l:54~t:251,texas-longhorns,Texas,Longhorns,TEX,Texas Longhorns,Texas,c15d26,ffffff,https://a.espncdn.com/i/teamlogos/ncaa/500/251.png,61
300310251,2010,2,2010-01-31,2010-01-31T17:00:00.000000-0500,251,s:40~l:54~t:251,texas-longhorns,Texas,Longhorns,TEX,Texas Longhorns,Texas,c15d26,ffffff,https://a.espncdn.com/i/teamlogos/ncaa/500/251.png,home,61,true,9,3,32,37.1,23,62,0,21,80.0,12,15,22,8,7,14,0,18.8,3,16,42,0,0,0,239,s:40~l:54~t:239,baylor-bears,Baylor,Bears,BAY,Baylor Bears,Baylor,154734,ffb81c,https://a.espncdn.com/i/teamlogos/ncaa/500/239.png,50
300310333,2010,2,2010-01-31,2010-01-31T15:00:00.000000-0500,99,s:40~l:54~t:99,lsu-tigers,LSU,Tigers,LSU,LSU Tigers,LSU,461d7c,fdd023,https://a.espncdn.com/i/teamlogos/ncaa/500/99.png,away,78,true,19,2,27,46.3,31,67,0,11,72.7,8,11,38,11,12,9,0,44.4,8,18,41,0,0,0,333,s:40~l:54~t:333,alabama-crimson-tide,Alabama,Crimson Tide,ALA,Alabama Crimson Tide,Alabama,9e1632,ffffff,https://a.espncdn.com/i/teamlogos/ncaa/500/333.png,41
300310333,2010,2,2010-01-31,2010-01-31T15:00:00.000000-0500,333,s:40~l:54~t:333,alabama-crimson-tide,Alabama,Crimson Tide,ALA,Alabama Crimson Tide,Alabama,9e1632,ffffff,https://a.espncdn.com/i/teamlogos/ncaa/500/333.png,home,41,false,4,3,21,33.3,15,45,0,13,58.3,7,12,0,3,5,23,0,33.3,4,12,29,0,0,0,99,s:40~l:54~t:99,lsu-tigers,LSU,Tigers,LSU,LSU Tigers,LSU,461d7c,fdd023,https://a.espncdn.com/i/teamlogos/ncaa/500/99.png,78
300310154,2010,2,2010-01-31,2010-01-31T13:00:00.000000-0500,258,s:40~l:54~t:258,virginia-cavaliers,Virginia,Cavaliers,UVA,Virginia Cavaliers,Virginia,f84c1e,ffffff,https://a.espncdn.com/i/teamlogos/ncaa/500/258.png,away,57,false,7,5,26,35.1,20,57,0,23,70.0,14,20,4,11,8,18,0,20.0,3,15,37,0,0,0,154,s:40~l:54~t:154,wake-forest-demon-deacons,Wake Forest,Demon Deacons,WAKE,Wake Forest Demon Deacons,Wake Forest,9E7E38,000000,https://a.espncdn.com/i/teamlogos/ncaa/500/154.png,64
300310154,2010,2,2010-01-31,2010-01-31T13:00:00.000000-0500,154,s:40~l:54~t:154,wake-forest-demon-deacons,Wake Forest,Demon Deacons,WAKE,Wake Forest Demon Deacons,Wake Forest,9E7E38,000000,https://a.espncdn.com/i/teamlogos/ncaa/500/154.png,home,64,true,10,1,29,35.7,20,56,0,20,63.3,19,30,12,17,11,19,0,20.8,5,24,46,0,0,0,258,s:40~l:54~t:258,virginia-cavaliers,Virginia,Cavaliers,UVA,Virginia Cavaliers,Virginia,f84c1e,ffffff,https://a.espncdn.com/i/teamlogos/ncaa/500/258.png,57
300312306,2010,2,2010-01-31,2010-01-31T15:00:00.000000-0500,66,s:40~l:54~t:66,iowa-state-cyclones,Iowa State,Cyclones,ISU,Iowa State Cyclones,Iowa State,822433,fdca2f,https://a.espncdn.com/i/teamlogos/ncaa/500/66.png,away,67,false,19,3,18,48.3,28,58,0,19,62.5,5,8,2,10,2,14,0,30.0,6,20,30,0,0,0,2306,s:40~l:54~t:2306,kansas-state-wildcats,Kansas State,Wildcats,KSU,Kansas State Wildcats,Kansas St,633194,e7d2ad,https://a.espncdn.com/i/teamlogos/ncaa/500/2306.png,73
300312306,2010,2,2010-01-31,2010-01-31T15:00:00.000000-0500,2306,s:40~l:54~t:2306,kansas-state-wildcats,Kansas State,Wildcats,KSU,Kansas State Wildcats,Kansas St,633194,e7d2ad,https://a.espncdn.com/i/teamlogos/ncaa/500/2306.png,home,73,true,17,2,17,49.0,25,51,0,13,75.0,15,20,11,7,5,8,0,57.1,8,14,28,0,0,0,66,s:40~l:54~t:66,iowa-state-cyclones,Iowa State,Cyclones,ISU,Iowa State Cyclones,Iowa State,822433,fdca2f,https://a.espncdn.com/i/teamlogos/ncaa/500/66.png,67
300312294,2010,2,2010-01-31,2010-01-31T15:00:00.000000-0500,2509,s:40~l:54~t:2509,purdue-boilermakers,Purdue,Boilermakers,PUR,Purdue Boilermakers,Purdue,000000,cfb991,https://a.espncdn.com/i/teamlogos/ncaa/500/2509.png,away,50,false,9,3,26,36.7,18,49,0,22,41.7,10,24,0,6,8,18,0,30.8,4,13,35,0,0,0,2294,s:40~l:54~t:2294,iowa-hawkeyes,Iowa,Hawkeyes,IOWA,Iowa Hawkeyes,Iowa,000000,fcd116,https://a.espncdn.com/i/teamlogos/ncaa/500/2294.png,70
300312294,2010,2,2010-01-31,2010-01-31T15:00:00.000000-0500,2294,s:40~l:54~t:2294,iowa-hawkeyes,Iowa,Hawkeyes,IOWA,Iowa Hawkeyes,Iowa,000000,fcd116,https://a.espncdn.com/i/teamlogos/ncaa/500/2294.png,home,70,true,14,3,32,40.0,24,60,0,17,60.7,17,28,23,15,5,14,0,23.8,5,21,49,0,0,0,2509,s:40~l:54~t:2509,purdue-boilermakers,Purdue,Boilermakers,PUR,Purdue Boilermakers,Purdue,000000,cfb991,https://a.espncdn.com/i/teamlogos/ncaa/500/2509.png,50
300310344,2010,2,2010-01-31,2010-01-31T15:00:00.000000-0500,96,s:40~l:54~t:96,kentucky-wildcats,Kentucky,Wildcats,UK,Kentucky Wildcats,Kentucky,005DAA,ffffff,https://a.espncdn.com/i/teamlogos/ncaa/500/96.png,away,69,true,12,5,28,38.2,21,55,0,16,78.6,22,28,15,12,6,17,0,35.7,5,14,47,0,0,0,344,s:40~l:54~t:344,mississippi-state-bulldogs,Mississippi State,Bulldogs,MSST,Mississippi State Bulldogs,Mississippi St,762123,c8c8c8,https://a.espncdn.com/i/teamlogos/ncaa/500/344.png,59
300310344,2010,2,2010-01-31,2010-01-31T15:00:00.000000-0500,344,s:40~l:54~t:344,mississippi-state-bulldogs,Mississippi State,Bulldogs,MSST,Mississippi State Bulldogs,Mississippi St,762123,c8c8c8,https://a.espncdn.com/i/teamlogos/ncaa/500/344.png,home,59,false,14,4,20,33.3,24,72,0,21,45.5,5,11,4,12,6,12,0,27.3,6,22,39,0,0,0,96,s:40~l:54~t:96,kentucky-wildcats,Kentucky,Wildcats,UK,Kentucky Wildcats,Kentucky,005DAA,ffffff,https://a.espncdn.com/i/teamlogos/ncaa/500/96.png,69
300310008,2010,2,2010-01-31,2010-01-31T15:00:00.000000-0500,238,s:40~l:54~t:238,vanderbilt-commodores,Vanderbilt,Commodores,VAN,Vanderbilt Commodores,Vanderbilt,000000,231f20,https://a.espncdn.com/i/teamlogos/ncaa/500/238.png,away,67,true,15,2,26,47.9,23,48,0,20,82.4,14,17,6,5,3,18,0,43.8,7,16,37,0,0,0,8,s:40~l:54~t:8,arkansas-razorbacks,Arkansas,Razorbacks,ARK,Arkansas Razorbacks,Arkansas,a41f35,222222,https://a.espncdn.com/i/teamlogos/ncaa/500/8.png,61
300310008,2010,2,2010-01-31,2010-01-31T15:00:00.000000-0500,8,s:40~l:54~t:8,arkansas-razorbacks,Arkansas,Razorbacks,ARK,Arkansas Razorbacks,Arkansas,a41f35,222222,https://a.espncdn.com/i/teamlogos/ncaa/500/8.png,home,61,false,14,5,16,36.5,23,63,0,19,62.5,10,16,10,12,8,9,0,21.7,5,23,31,0,0,0,238,s:40~l:54~t:238,vanderbilt-commodores,Vanderbilt,Commodores,VAN,Vanderbilt Commodores,Vanderbilt,000000,231f20,https://a.espncdn.com/i/teamlogos/ncaa/500/238.png,67
300310305,2010,2,2010-01-31,2010-01-31T16:00:00.000000-0500,269,s:40~l:54~t:269,marquette-golden-eagles,Marquette,Golden Eagles,MARQ,Marquette Golden Eagles,Marquette,083963,ffffff,https://a.espncdn.com/i/teamlogos/ncaa/500/269.png,away,63,false,14,1,16,37.9,25,66,0,13,53.8,7,13,12,14,10,14,0,33.3,6,18,36,0,0,0,305,s:40~l:54~t:305,depaul-blue-demons,DePaul,Blue Demons,DEP,DePaul Blue Demons,DePaul,2d649c,ce1125,https://a.espncdn.com/i/teamlogos/ncaa/500/305.png,73
300310305,2010,2,2010-01-31,2010-01-31T16:00:00.000000-0500,305,s:40~l:54~t:305,depaul-blue-demons,DePaul,Blue Demons,DEP,DePaul Blue Demons,DePaul,2d649c,ce1125,https://a.espncdn.com/i/teamlogos/ncaa/500/305.png,home,73,true,17,8,25,54.4,31,57,0,15,66.7,6,9,13,10,5,20,0,33.3,5,15,38,0,0,0,269,s:40~l:54~t:269,marquette-golden-eagles,Marquette,Golden Eagles,MARQ,Marquette Golden Eagles,Marquette,083963,ffffff,https://a.espncdn.com/i/teamlogos/ncaa/500/269.png,63
300300221,2010,2,2010-01-30,2010-01-30T14:00:00.000000-0500,41,s:40~l:54~t:41,uconn-huskies,UConn,Huskies,CONN,UConn Huskies,UConn,0c2340,f1f2f3,https://a.espncdn.com/i/teamlogos/ncaa/500/41.png,away,98,true,27,4,23,55.6,35,63,0,13,82.1,23,28,42,16,3,12,0,38.5,5,13,43,0,0,0,221,s:40~l:54~t:221,pittsburgh-panthers,Pittsburgh,Panthers,PITT,Pittsburgh Panthers,Pitt,003263,231f20,https://a.espncdn.com/i/teamlogos/ncaa/500/221.png,56
300300221,2010,2,2010-01-30,2010-01-30T14:00:00.000000-0500,221,s:40~l:54~t:221,pittsburgh-panthers,Pittsburgh,Panthers,PITT,Pittsburgh Panthers,Pitt,003263,231f20,https://a.espncdn.com/i/teamlogos/ncaa/500/221.png,home,56,false,12,3,15,37.9,22,58,0,20,77.8,7,9,0,9,7,21,0,31.3,5,16,26,0,0,0,41,s:40~l:54~t:41,uconn-huskies,UConn,Huskies,CONN,UConn Huskies,UConn,0c2340,f1f2f3,https://a.espncdn.com/i/teamlogos/ncaa/500/41.png,98
300300024,2010,2,2010-01-30,2010-01-30T17:00:00.000000-0500,12,s:40~l:54~t:12,arizona-wildcats,Arizona,Wildcats,ARIZ,Arizona Wildcats,Arizona,0c234b,ab0520,https://a.espncdn.com/i/teamlogos/ncaa/500/12.png,away,62,false,13,1,16,46.2,24,52,0,14,50.0,5,10,4,2,5,13,0,45.0,9,20,22,0,0,0,24,s:40~l:54~t:24,stanford-cardinal,Stanford,Cardinal,STAN,Stanford Cardinal,Stanford,8c1515,ffffff,https://a.espncdn.com/i/teamlogos/ncaa/500/24.png,83
300300024,2010,2,2010-01-30,2010-01-30T17:00:00.000000-0500,24,s:40~l:54~t:24,stanford-cardinal,Stanford,Cardinal,STAN,Stanford Cardinal,Stanford,8c1515,ffffff,https://a.espncdn.com/i/teamlogos/ncaa/500/24.png,home,83,true,23,2,24,41.4,29,70,0,14,81.0,17,21,25,23,3,9,0,22.9,8,35,52,0,0,0,12,s:40~l:54~t:12,arizona-wildcats,Arizona,Wildcats,ARIZ,Arizona Wildcats,Arizona,0c234b,ab0520,https://a.espncdn.com/i/teamlogos/ncaa/500/12.png,62
300300183,2010,2,2010-01-30,2010-01-30T13:00:00.000000-0500,87,s:40~l:54~t:87,notre-dame-fighting-irish,Notre Dame,Fighting Irish,ND,Notre Dame Fighting Irish,Notre Dame,0c2340,c99700,https://a.espncdn.com/i/teamlogos/ncaa/500/87.png,away,74,true,19,3,19,38.7,24,62,0,27,69.6,16,23,16,11,17,18,0,34.5,10,29,34,0,0,0,183,s:40~l:54~t:183,syracuse-orange,Syracuse,Orange,SYR,Syracuse Orange,Syracuse,ff6500,000e54,https://a.espncdn.com/i/teamlogos/ncaa/500/183.png,73
300300183,2010,2,2010-01-30,2010-01-30T13:00:00.000000-0500,183,s:40~l:54~t:183,syracuse-orange,Syracuse,Orange,SYR,Syracuse Orange,Syracuse,ff6500,000e54,https://a.espncdn.com/i/teamlogos/ncaa/500/183.png,home,73,false,13,1,29,42.9,24,56,0,19,62.2,23,37,2,17,8,25,0,16.7,2,12,49,0,0,0,87,s:40~l:54~t:87,notre-dame-fighting-irish,Notre Dame,Fighting Irish,ND,Notre Dame Fighting Irish,Notre Dame,0c2340,c99700,https://a.espncdn.com/i/teamlogos/ncaa/500/87.png,74
300300038,2010,2,2010-01-30,2010-01-30T17:30:00.000000-0500,158,s:40~l:54~t:158,nebraska-cornhuskers,Nebraska,Cornhuskers,NEB,Nebraska Cornhuskers,Nebraska,F20017,f5f1e7,https://a.espncdn.com/i/teamlogos/ncaa/500/158.png,away,80,true,18,3,20,54.9,28,51,0,16,60.0,18,30,19,5,10,11,0,40.0,6,15,27,0,0,0,38,s:40~l:54~t:38,colorado-buffaloes,Colorado,Buffaloes,COLO,Colorado Buffaloes,Colorado,000000,cfb87c,https://a.espncdn.com/i/teamlogos/ncaa/500/38.png,64
300300038,2010,2,2010-01-30,2010-01-30T17:30:00.000000-0500,38,s:40~l:54~t:38,colorado-buffaloes,Colorado,Buffaloes,COLO,Colorado Buffaloes,Colorado,000000,cfb87c,https://a.espncdn.com/i/teamlogos/ncaa/500/38.png,home,64,false,16,1,22,44.2,23,52,0,25,72.2,13,18,1,10,4,19,0,33.3,5,15,36,0,0,0,158,s:40~l:54~t:158,nebraska-cornhuskers,Nebraska,Cornhuskers,NEB,Nebraska Cornhuskers,Nebraska,F20017,f5f1e7,https://a.espncdn.com/i/teamlogos/ncaa/500/158.png,80
300302752,2010,2,2010-01-30,2010-01-30T18:00:00.000000-0500,2168,s:40~l:54~t:2168,dayton-flyers,Dayton,Flyers,DAY,Dayton Flyers,Dayton,004B8D,ffffff,https://a.espncdn.com/i/teamlogos/ncaa/500/2168.png,away,49,false,6,4,21,26.2,16,61,0,21,61.9,13,21,0,7,8,10,0,16.7,4,24,30,0,0,0,2752,s:40~l:54~t:2752,xavier-musketeers,Xavier,Musketeers,XAV,Xavier Musketeers,Xavier,002144,9ea2a2,https://a.espncdn.com/i/teamlogos/ncaa/500/2752.png,74
300302752,2010,2,2010-01-30,2010-01-30T18:00:00.000000-0500,2752,s:40~l:54~t:2752,xavier-musketeers,Xavier,Musketeers,XAV,Xavier Musketeers,Xavier,002144,9ea2a2,https://a.espncdn.com/i/teamlogos/ncaa/500/2752.png,home,74,true,18,6,37,45.8,27,59,0,18,61.9,13,21,30,17,5,19,0,46.7,7,15,56,0,0,0,2168,s:40~l:54~t:2168,dayton-flyers,Dayton,Flyers,DAY,Dayton Flyers,Dayton,004B8D,ffffff,https://a.espncdn.com/i/teamlogos/ncaa/500/2168.png,49
300300167,2010,2,2010-01-30,2010-01-30T15:30:00.000000-0500,2628,s:40~l:54~t:2628,tcu-horned-frogs,TCU,Horned Frogs,TCU,TCU Horned Frogs,TCU,4d1979,f1f2f3,https://a.espncdn.com/i/teamlogos/ncaa/500/2628.png,away,53,false,13,2,24,29.8,17,57,0,17,65.0,13,20,4,14,6,15,1,26.1,6,23,43,1,0,0,167,s:40~l:54~t:167,new-mexico-lobos,New Mexico,Lobos,UNM,New Mexico Lobos,New Mexico,000000,231f20,https://a.espncdn.com/i/teamlogos/ncaa/500/167.png,60
300300167,2010,2,2010-01-30,2010-01-30T15:30:00.000000-0500,167,s:40~l:54~t:167,new-mexico-lobos,New Mexico,Lobos,UNM,New Mexico Lobos,New Mexico,000000,231f20,https://a.espncdn.com/i/teamlogos/ncaa/500/167.png,home,60,true,15,3,22,33.9,20,59,0,16,72.2,13,18,9,13,7,14,0,25.0,7,28,41,0,0,0,2628,s:40~l:54~t:2628,tcu-horned-frogs,TCU,Horned Frogs,TCU,TCU Horned Frogs,TCU,4d1979,f1f2f3,https://a.espncdn.com/i/teamlogos/ncaa/500/2628.png,53
300290150,2010,2,2010-01-29,2010-01-29T20:30:00.000000-0500,52,s:40~l:54~t:52,florida-state-seminoles,Florida State,Seminoles,FSU,Florida State Seminoles,Florida St,782F40,ceb888,https://a.espncdn.com/i/teamlogos/ncaa/500/52.png,away,43,false,13,3,17,29.6,16,54,0,15,50.0,7,14,0,9,9,27,0,23.5,4,17,30,0,0,0,150,s:40~l:54~t:150,duke-blue-devils,Duke,Blue Devils,DUKE,Duke Blue Devils,Duke,013088,ffffff,https://a.espncdn.com/i/teamlogos/ncaa/500/150.png,73
300290150,2010,2,2010-01-29,2010-01-29T20:30:00.000000-0500,150,s:40~l:54~t:150,duke-blue-devils,Duke,Blue Devils,DUKE,Duke Blue Devils,Duke,013088,ffffff,https://a.espncdn.com/i/teamlogos/ncaa/500/150.png,home,73,true,17,5,26,40.9,27,66,0,17,88.2,15,17,30,17,16,20,1,36.4,4,11,51,1,0,0,52,s:40~l:54~t:52,florida-state-seminoles,Florida State,Seminoles,FSU,Florida State Seminoles,Florida St,782F40,ceb888,https://a.espncdn.com/i/teamlogos/ncaa/500/52.png,43
300292099,2010,2,2010-01-29,2010-01-29T16:30:00.000000-0500,2368,s:40~l:54~t:2368,marist-red-foxes,Marist,Red Foxes,MRST,Marist Red Foxes,Marist,e53730,f0f0f0,https://a.espncdn.com/i/teamlogos/ncaa/500/2368.png,away,54,true,12,6,32,37.5,18,48,0,11,83.3,15,18,11,8,6,19,0,15.8,3,19,43,0,0,0,2099,s:40~l:54~t:2099,canisius-golden-griffins,Canisius,Golden Griffins,CAN,Canisius Golden Griffins,Canisius,004a81,dda50f,https://a.espncdn.com/i/teamlogos/ncaa/500/2099.png,45
300292099,2010,2,2010-01-29,2010-01-29T16:30:00.000000-0500,2099,s:40~l:54~t:2099,canisius-golden-griffins,Canisius,Golden Griffins,CAN,Canisius Golden Griffins,Canisius,004a81,dda50f,https://a.espncdn.com/i/teamlogos/ncaa/500/2099.png,home,45,false,8,1,24,28.1,16,57,0,21,66.7,6,9,13,6,10,14,0,35.0,7,20,33,0,0,0,2368,s:40~l:54~t:2368,marist-red-foxes,Marist,Red Foxes,MRST,Marist Red Foxes,Marist,e53730,f0f0f0,https://a.espncdn.com/i/teamlogos/ncaa/500/2368.png,54
300280194,2010,2,2010-01-28,2010-01-28T19:30:00.000000-0500,135,s:40~l:54~t:135,minnesota-golden-gophers,Minnesota,Golden Gophers,MINN,Minnesota Golden Gophers,Minnesota,981a31,981a31,https://a.espncdn.com/i/teamlogos/ncaa/500/135.png,away,58,false,13,2,27,38.6,22,57,0,21,57.1,8,14,0,10,1,19,0,46.2,6,13,41,0,0,0,194,s:40~l:54~t:194,ohio-state-buckeyes,Ohio State,Buckeyes,OSU,Ohio State Buckeyes,Ohio State,ce1141,505056,https://a.espncdn.com/i/teamlogos/ncaa/500/194.png,81
300280194,2010,2,2010-01-28,2010-01-28T19:30:00.000000-0500,194,s:40~l:54~t:194,ohio-state-buckeyes,Ohio State,Buckeyes,OSU,Ohio State Buckeyes,Ohio State,ce1141,505056,https://a.espncdn.com/i/teamlogos/ncaa/500/194.png,home,81,true,18,4,23,40.9,27,66,0,11,70.8,17,24,36,13,10,7,0,47.6,10,21,39,0,0,0,135,s:40~l:54~t:135,minnesota-golden-gophers,Minnesota,Golden Gophers,MINN,Minnesota Golden Gophers,Minnesota,981a31,981a31,https://a.espncdn.com/i/teamlogos/ncaa/500/135.png,58
300282633,2010,2,2010-01-28,2010-01-28T19:00:00.000000-0500,2,s:40~l:54~t:2,auburn-tigers,Auburn,Tigers,AUB,Auburn Tigers,Auburn,03244d,f1f2f3,https://a.espncdn.com/i/teamlogos/ncaa/500/2.png,away,56,false,11,9,20,35.7,20,56,0,13,55.0,11,20,5,11,5,15,0,45.5,5,11,37,0,0,0,2633,s:40~l:54~t:2633,tennessee-lady-volunteers,Tennessee,Lady Volunteers,TENN,Tennessee Lady Volunteers,Tennessee,ff8200,ffffff,https://a.espncdn.com/i/teamlogos/ncaa/500/2633_ncw.png,85
300282633,2010,2,2010-01-28,2010-01-28T19:00:00.000000-0500,2633,s:40~l:54~t:2633,tennessee-lady-volunteers,Tennessee,Lady Volunteers,TENN,Tennessee Lady Volunteers,Tennessee,ff8200,ffffff,https://a.espncdn.com/i/teamlogos/ncaa/500/2633_ncw.png,home,85,true,19,7,24,45.6,31,68,0,12,71.4,10,14,33,17,7,12,0,56.5,13,23,43,0,0,0,2,s:40~l:54~t:2,auburn-tigers,Auburn,Tigers,AUB,Auburn Tigers,Auburn,03244d,f1f2f3,https://a.espncdn.com/i/teamlogos/ncaa/500/2.png,56
300280344,2010,2,2010-01-28,2010-01-28T21:00:00.000000-0500,61,s:40~l:54~t:61,georgia-lady-bulldogs,Georgia,Lady Bulldogs,UGA,Georgia Lady Bulldogs,Georgia,CC0000,000000,https://a.espncdn.com/i/teamlogos/ncaa/500/61.png,away,66,false,12,5,20,36.4,24,66,0,21,56.0,14,25,3,17,7,12,0,21.1,4,19,41,0,0,0,344,s:40~l:54~t:344,mississippi-state-bulldogs,Mississippi State,Bulldogs,MSST,Mississippi State Bulldogs,Mississippi St,762123,c8c8c8,https://a.espncdn.com/i/teamlogos/ncaa/500/344.png,74
300280344,2010,2,2010-01-28,2010-01-28T21:00:00.000000-0500,344,s:40~l:54~t:344,mississippi-state-bulldogs,Mississippi State,Bulldogs,MSST,Mississippi State Bulldogs,Mississippi St,762123,c8c8c8,https://a.espncdn.com/i/teamlogos/ncaa/500/344.png,home,74,true,11,5,27,43.1,22,51,0,20,79.3,23,29,16,6,6,13,1,43.8,7,16,40,1,0,0,61,s:40~l:54~t:61,georgia-lady-bulldogs,Georgia,Lady Bulldogs,UGA,Georgia Lady Bulldogs,Georgia,CC0000,000000,https://a.espncdn.com/i/teamlogos/ncaa/500/61.png,66
300280099,2010,2,2010-01-28,2010-01-28T20:00:00.000000-0500,96,s:40~l:54~t:96,kentucky-wildcats,Kentucky,Wildcats,UK,Kentucky Wildcats,Kentucky,005DAA,ffffff,https://a.espncdn.com/i/teamlogos/ncaa/500/96.png,away,71,true,11,0,23,44.6,25,56,0,17,72.7,16,22,11,7,8,10,1,62.5,5,8,36,1,0,0,99,s:40~l:54~t:99,lsu-tigers,LSU,Tigers,LSU,LSU Tigers,LSU,461d7c,fdd023,https://a.espncdn.com/i/teamlogos/ncaa/500/99.png,62
300280099,2010,2,2010-01-28,2010-01-28T20:00:00.000000-0500,99,s:40~l:54~t:99,lsu-tigers,LSU,Tigers,LSU,LSU Tigers,LSU,461d7c,fdd023,https://a.espncdn.com/i/teamlogos/ncaa/500/99.png,home,62,false,10,4,21,38.3,23,60,0,20,85.7,12,14,5,9,6,14,1,36.4,4,11,33,1,0,0,96,s:40~l:54~t:96,kentucky-wildcats,Kentucky,Wildcats,UK,Kentucky Wildcats,Kentucky,005DAA,ffffff,https://a.espncdn.com/i/teamlogos/ncaa/500/96.png,71
300280238,2010,2,2010-01-28,2010-01-28T20:00:00.000000-0500,333,s:40~l:54~t:333,alabama-crimson-tide,Alabama,Crimson Tide,ALA,Alabama Crimson Tide,Alabama,9e1632,ffffff,https://a.espncdn.com/i/teamlogos/ncaa/500/333.png,away,61,false,14,3,20,38.1,24,63,0,27,73.3,11,15,6,10,9,13,1,13.3,2,15,34,1,0,0,238,s:40~l:54~t:238,vanderbilt-commodores,Vanderbilt,Commodores,VAN,Vanderbilt Commodores,Vanderbilt,000000,231f20,https://a.espncdn.com/i/teamlogos/ncaa/500/238.png,70
300280238,2010,2,2010-01-28,2010-01-28T20:00:00.000000-0500,238,s:40~l:54~t:238,vanderbilt-commodores,Vanderbilt,Commodores,VAN,Vanderbilt Commodores,Vanderbilt,000000,231f20,https://a.espncdn.com/i/teamlogos/ncaa/500/238.png,home,70,true,12,2,27,40.0,22,55,0,18,82.8,24,29,18,14,2,15,0,14.3,2,14,44,0,0,0,333,s:40~l:54~t:333,alabama-crimson-tide,Alabama,Crimson Tide,ALA,Alabama Crimson Tide,Alabama,9e1632,ffffff,https://a.espncdn.com/i/teamlogos/ncaa/500/333.png,61
300280030,2010,2,2010-01-28,2010-01-28T22:00:00.000000-0500,204,s:40~l:54~t:204,oregon-state-beavers,Oregon State,Beavers,ORST,Oregon State Beavers,Oregon St,d73f09,000000,https://a.espncdn.com/i/teamlogos/ncaa/500/204.png,away,34,false,3,2,18,24.5,13,53,0,14,53.8,7,13,0,9,7,15,0,8.3,1,12,31,0,0,0,30,s:40~l:54~t:30,usc-trojans,USC,Trojans,USC,USC Trojans,USC,9e2237,ffcc00,https://a.espncdn.com/i/teamlogos/ncaa/500/30.png,61
300280030,2010,2,2010-01-28,2010-01-28T22:00:00.000000-0500,30,s:40~l:54~t:30,usc-trojans,USC,Trojans,USC,USC Trojans,USC,9e2237,ffcc00,https://a.espncdn.com/i/teamlogos/ncaa/500/30.png,home,61,true,16,11,26,43.9,25,57,0,19,60.0,3,5,27,10,7,13,0,66.7,8,12,37,0,0,0,204,s:40~l:54~t:204,oregon-state-beavers,Oregon State,Beavers,ORST,Oregon State Beavers,Oregon St,d73f09,000000,https://a.espncdn.com/i/teamlogos/ncaa/500/204.png,34
300270087,2010,2,2010-01-27,2010-01-27T19:00:00.000000-0500,2507,s:40~l:54~t:2507,providence-friars,Providence,Friars,PROV,Providence Friars,Providence,000000,a3a19e,https://a.espncdn.com/i/teamlogos/ncaa/500/2507.png,away,59,false,9,6,23,41.5,22,53,0,25,85.7,12,14,2,11,7,26,0,18.8,3,16,35,0,0,0,87,s:40~l:54~t:87,notre-dame-fighting-irish,Notre Dame,Fighting Irish,ND,Notre Dame Fighting Irish,Notre Dame,0c2340,c99700,https://a.espncdn.com/i/teamlogos/ncaa/500/87.png,84
300270087,2010,2,2010-01-27,2010-01-27T19:00:00.000000-0500,87,s:40~l:54~t:87,notre-dame-fighting-irish,Notre Dame,Fighting Irish,ND,Notre Dame Fighting Irish,Notre Dame,0c2340,c99700,https://a.espncdn.com/i/teamlogos/ncaa/500/87.png,home,84,true,23,1,20,48.5,32,66,0,16,69.6,16,23,25,13,11,17,0,44.4,4,9,37,0,0,0,2507,s:40~l:54~t:2507,providence-friars,Providence,Friars,PROV,Providence Friars,Providence,000000,a3a19e,https://a.espncdn.com/i/teamlogos/ncaa/500/2507.png,59
300270239,2010,2,2010-01-27,2010-01-27T20:00:00.000000-0500,245,s:40~l:54~t:245,texas-am-aggies,Texas A&M,Aggies,TA&M,Texas A&M Aggies,Texas A&M,5C0025,ffffff,https://a.espncdn.com/i/teamlogos/ncaa/500/245.png,away,53,false,9,1,22,34.4,21,61,0,23,60.0,6,10,2,15,6,16,1,27.8,5,18,41,1,0,0,239,s:40~l:54~t:239,baylor-bears,Baylor,Bears,BAY,Baylor Bears,Baylor,154734,ffb81c,https://a.espncdn.com/i/teamlogos/ncaa/500/239.png,61
300270239,2010,2,2010-01-27,2010-01-27T20:00:00.000000-0500,239,s:40~l:54~t:239,baylor-bears,Baylor,Bears,BAY,Baylor Bears,Baylor,154734,ffb81c,https://a.espncdn.com/i/teamlogos/ncaa/500/239.png,home,61,true,10,5,24,41.9,18,43,0,13,71.4,25,35,14,10,7,16,0,0.0,0,3,35,0,0,0,245,s:40~l:54~t:245,texas-am-aggies,Texas A&M,Aggies,TA&M,Texas A&M Aggies,Texas A&M,5C0025,ffffff,https://a.espncdn.com/i/teamlogos/ncaa/500/245.png,53
300270227,2010,2,2010-01-27,2010-01-27T19:00:00.000000-0500,2752,s:40~l:54~t:2752,xavier-musketeers,Xavier,Musketeers,XAV,Xavier Musketeers,Xavier,002144,9ea2a2,https://a.espncdn.com/i/teamlogos/ncaa/500/2752.png,away,88,true,13,6,29,48.6,34,70,0,13,73.7,14,19,28,14,6,10,0,30.0,6,20,44,0,0,0,227,s:40~l:54~t:227,rhode-island-rams,Rhode Island,Rams,URI,Rhode Island Rams,Rhode Island,091f3f,5ab3e8,https://a.espncdn.com/i/teamlogos/ncaa/500/227.png,60
300270227,2010,2,2010-01-27,2010-01-27T19:00:00.000000-0500,227,s:40~l:54~t:227,rhode-island-rams,Rhode Island,Rams,URI,Rhode Island Rams,Rhode Island,091f3f,5ab3e8,https://a.espncdn.com/i/teamlogos/ncaa/500/227.png,home,60,false,14,1,20,38.3,23,60,0,13,56.3,9,16,2,8,4,17,0,29.4,5,17,36,0,0,0,2752,s:40~l:54~t:2752,xavier-musketeers,Xavier,Musketeers,XAV,Xavier Musketeers,Xavier,002144,9ea2a2,https://a.espncdn.com/i/teamlogos/ncaa/500/2752.png,88
300270066,2010,2,2010-01-27,2010-01-27T20:00:00.000000-0500,201,s:40~l:54~t:201,oklahoma-sooners,Oklahoma,Sooners,OU,Oklahoma Sooners,Oklahoma,9d2235,ffffff,https://a.espncdn.com/i/teamlogos/ncaa/500/201.png,away,56,false,10,2,22,34.6,18,52,0,28,60.0,15,25,2,12,4,13,0,23.8,5,21,36,0,0,0,66,s:40~l:54~t:66,iowa-state-cyclones,Iowa State,Cyclones,ISU,Iowa State Cyclones,Iowa State,822433,fdca2f,https://a.espncdn.com/i/teamlogos/ncaa/500/66.png,63
300270066,2010,2,2010-01-27,2010-01-27T20:00:00.000000-0500,66,s:40~l:54~t:66,iowa-state-cyclones,Iowa State,Cyclones,ISU,Iowa State Cyclones,Iowa State,822433,fdca2f,https://a.espncdn.com/i/teamlogos/ncaa/500/66.png,home,63,true,15,4,21,37.8,17,45,0,22,71.0,22,31,12,13,5,13,0,43.8,7,16,37,0,0,0,201,s:40~l:54~t:201,oklahoma-sooners,Oklahoma,Sooners,OU,Oklahoma Sooners,Oklahoma,9d2235,ffffff,https://a.espncdn.com/i/teamlogos/ncaa/500/201.png,56
300270269,2010,2,2010-01-27,2010-01-27T20:00:00.000000-0500,46,s:40~l:54~t:46,georgetown-hoyas,Georgetown,Hoyas,GTWN,Georgetown Hoyas,Georgetown,110E42,001c58,https://a.espncdn.com/i/teamlogos/ncaa/500/46.png,away,45,false,12,1,7,34.7,17,49,0,23,46.2,6,13,7,13,15,26,0,29.4,5,17,25,0,0,0,269,s:40~l:54~t:269,marquette-golden-eagles,Marquette,Golden Eagles,MARQ,Marquette Golden Eagles,Marquette,083963,ffffff,https://a.espncdn.com/i/teamlogos/ncaa/500/269.png,52
300270269,2010,2,2010-01-27,2010-01-27T20:00:00.000000-0500,269,s:40~l:54~t:269,marquette-golden-eagles,Marquette,Golden Eagles,MARQ,Marquette Golden Eagles,Marquette,083963,ffffff,https://a.espncdn.com/i/teamlogos/ncaa/500/269.png,home,52,true,9,3,15,45.7,16,35,0,15,76.2,16,21,7,8,9,28,0,40.0,4,10,27,0,0,0,46,s:40~l:54~t:46,georgetown-hoyas,Georgetown,Hoyas,GTWN,Georgetown Hoyas,Georgetown,110E42,001c58,https://a.espncdn.com/i/teamlogos/ncaa/500/46.png,45
300272628,2010,2,2010-01-27,2010-01-27T19:30:00.000000-0500,36,s:40~l:54~t:36,colorado-state-rams,Colorado State,Rams,CSU,Colorado State Rams,Colorado St,004537,ffc425,https://a.espncdn.com/i/teamlogos/ncaa/500/36.png,away,51,false,13,2,16,33.3,21,63,0,17,77.8,7,9,2,14,11,21,0,10.0,2,20,38,0,0,0,2628,s:40~l:54~t:2628,tcu-horned-frogs,TCU,Horned Frogs,TCU,TCU Horned Frogs,TCU,4d1979,f1f2f3,https://a.espncdn.com/i/teamlogos/ncaa/500/2628.png,78
300272628,2010,2,2010-01-27,2010-01-27T19:30:00.000000-0500,2628,s:40~l:54~t:2628,tcu-horned-frogs,TCU,Horned Frogs,TCU,TCU Horned Frogs,TCU,4d1979,f1f2f3,https://a.espncdn.com/i/teamlogos/ncaa/500/2628.png,home,78,true,13,3,17,46.9,30,64,0,16,80.0,12,15,33,17,7,18,0,50.0,6,12,41,0,0,0,36,s:40~l:54~t:36,colorado-state-rams,Colorado State,Rams,CSU,Colorado State Rams,Colorado St,004537,ffc425,https://a.espncdn.com/i/teamlogos/ncaa/500/36.png,51
300270258,2010,2,2010-01-27,2010-01-27T19:00:00.000000-0500,152,s:40~l:54~t:152,nc-state-wolfpack,NC State,Wolfpack,NCST,NC State Wolfpack,NC State,EF1216,231f20,https://a.espncdn.com/i/teamlogos/ncaa/500/152.png,away,60,false,9,1,19,42.3,22,52,0,17,68.8,11,16,8,10,8,23,0,45.5,5,11,34,0,0,0,258,s:40~l:54~t:258,virginia-cavaliers,Virginia,Cavaliers,UVA,Virginia Cavaliers,Virginia,f84c1e,ffffff,https://a.espncdn.com/i/teamlogos/ncaa/500/258.png,73
300270258,2010,2,2010-01-27,2010-01-27T19:00:00.000000-0500,258,s:40~l:54~t:258,virginia-cavaliers,Virginia,Cavaliers,UVA,Virginia Cavaliers,Virginia,f84c1e,ffffff,https://a.espncdn.com/i/teamlogos/ncaa/500/258.png,home,73,true,12,6,20,45.5,25,55,0,13,83.3,20,24,14,9,13,14,0,23.1,3,13,29,0,0,0,152,s:40~l:54~t:152,nc-state-wolfpack,NC State,Wolfpack,NCST,NC State Wolfpack,NC State,EF1216,231f20,https://a.espncdn.com/i/teamlogos/ncaa/500/152.png,60
300270278,2010,2,2010-01-27,2010-01-27T23:00:00.000000-0500,68,s:40~l:54~t:68,boise-state-broncos,Boise State,Broncos,BOIS,Boise State Broncos,Boise St,0033a0,fa4616,https://a.espncdn.com/i/teamlogos/ncaa/500/68.png,away,66,false,12,5,26,40.6,26,64,0,19,80.0,4,5,0,9,9,21,0,37.0,10,27,39,0,0,0,278,s:40~l:54~t:278,fresno-state-bulldogs,Fresno State,Bulldogs,FRES,Fresno State Bulldogs,Fresno St,c41230,231f20,https://a.espncdn.com/i/teamlogos/ncaa/500/278.png,73
300270278,2010,2,2010-01-27,2010-01-27T23:00:00.000000-0500,278,s:40~l:54~t:278,fresno-state-bulldogs,Fresno State,Bulldogs,FRES,Fresno State Bulldogs,Fresno St,c41230,231f20,https://a.espncdn.com/i/teamlogos/ncaa/500/278.png,home,73,true,16,2,25,40.6,26,64,0,11,83.3,15,18,13,11,10,15,0,27.3,6,22,41,0,0,0,68,s:40~l:54~t:68,boise-state-broncos,Boise State,Broncos,BOIS,Boise State Broncos,Boise St,0033a0,fa4616,https://a.espncdn.com/i/teamlogos/ncaa/500/68.png,66
300260041,2010,2,2010-01-26,2010-01-26T19:00:00.000000-0500,164,s:40~l:54~t:164,rutgers-scarlet-knights,Rutgers,Scarlet Knights,RUTG,Rutgers Scarlet Knights,Rutgers,d21034,ffffff,https://a.espncdn.com/i/teamlogos/ncaa/500/164.png,away,36,false,8,5,25,28.6,16,56,0,19,42.9,3,7,2,8,6,17,0,7.1,1,14,35,0,0,0,41,s:40~l:54~t:41,uconn-huskies,UConn,Huskies,CONN,UConn Huskies,UConn,0c2340,f1f2f3,https://a.espncdn.com/i/teamlogos/ncaa/500/41.png,73
300260041,2010,2,2010-01-26,2010-01-26T19:00:00.000000-0500,41,s:40~l:54~t:41,uconn-huskies,UConn,Huskies,CONN,UConn Huskies,UConn,0c2340,f1f2f3,https://a.espncdn.com/i/teamlogos/ncaa/500/41.png,home,73,true,14,3,31,44.3,27,61,0,11,73.7,14,19,37,8,6,12,0,29.4,5,17,44,0,0,0,164,s:40~l:54~t:164,rutgers-scarlet-knights,Rutgers,Scarlet Knights,RUTG,Rutgers Scarlet Knights,Rutgers,d21034,ffffff,https://a.espncdn.com/i/teamlogos/ncaa/500/164.png,36
300260197,2010,2,2010-01-26,2010-01-26T20:00:00.000000-0500,142,s:40~l:54~t:142,missouri-tigers,Missouri,Tigers,MIZ,Missouri Tigers,Missouri,f1b82d,000000,https://a.espncdn.com/i/teamlogos/ncaa/500/142.png,away,60,false,10,1,23,28.1,18,64,0,15,59.3,16,27,3,18,5,11,0,29.6,8,27,44,0,0,0,197,s:40~l:54~t:197,oklahoma-state-cowgirls,Oklahoma State,Cowgirls,OKST,Oklahoma State Cowgirls,Oklahoma St,ff6500,000000,https://a.espncdn.com/i/teamlogos/ncaa/500/197.png,75
300260197,2010,2,2010-01-26,2010-01-26T20:00:00.000000-0500,197,s:40~l:54~t:197,oklahoma-state-cowgirls,Oklahoma State,Cowgirls,OKST,Oklahoma State Cowgirls,Oklahoma St,ff6500,000000,https://a.espncdn.com/i/teamlogos/ncaa/500/197.png,home,75,true,12,4,29,45.9,28,61,0,19,77.8,14,18,23,13,5,13,0,38.5,5,13,44,0,0,0,142,s:40~l:54~t:142,missouri-tigers,Missouri,Tigers,MIZ,Missouri Tigers,Missouri,f1b82d,000000,https://a.espncdn.com/i/teamlogos/ncaa/500/142.png,60
300262440,2010,2,2010-01-26,2010-01-26T23:00:00.000000-0500,2348,s:40~l:54~t:2348,louisiana-tech-lady-techsters,Louisiana Tech,Lady Techsters,LT,Louisiana Tech Lady Techsters,Louisiana Tech,002d65,d3313a,https://a.espncdn.com/i/teamlogos/ncaa/500/2348.png,away,56,false,12,4,25,27.0,17,63,0,19,70.0,21,30,0,16,3,16,0,9.1,1,11,44,0,0,0,2440,s:40~l:54~t:2440,nevada-wolf-pack,Nevada,Wolf Pack,NEV,Nevada Wolf Pack,Nevada,153E5F,8e9295,https://a.espncdn.com/i/teamlogos/ncaa/500/2440.png,69
300262440,2010,2,2010-01-26,2010-01-26T23:00:00.000000-0500,2440,s:40~l:54~t:2440,nevada-wolf-pack,Nevada,Wolf Pack,NEV,Nevada Wolf Pack,Nevada,153E5F,8e9295,https://a.espncdn.com/i/teamlogos/ncaa/500/2440.png,home,69,true,16,5,31,46.7,28,60,0,21,47.6,10,21,20,9,7,16,0,23.1,3,13,43,0,0,0,2348,s:40~l:54~t:2348,louisiana-tech-lady-techsters,Louisiana Tech,Lady Techsters,LT,Louisiana Tech Lady Techsters,Louisiana Tech,002d65,d3313a,https://a.espncdn.com/i/teamlogos/ncaa/500/2348.png,56
300252509,2010,2,2010-01-25,2010-01-25T19:00:00.000000-0500,194,s:40~l:54~t:194,ohio-state-buckeyes,Ohio State,Buckeyes,OSU,Ohio State Buckeyes,Ohio State,ce1141,505056,https://a.espncdn.com/i/teamlogos/ncaa/500/194.png,away,61,false,13,4,23,35.8,19,53,0,13,85.7,18,21,16,8,6,15,0,62.5,5,8,37,0,0,0,2509,s:40~l:54~t:2509,purdue-boilermakers,Purdue,Boilermakers,PUR,Purdue Boilermakers,Purdue,000000,cfb991,https://a.espncdn.com/i/teamlogos/ncaa/500/2509.png,63
300252509,2010,2,2010-01-25,2010-01-25T19:00:00.000000-0500,2509,s:40~l:54~t:2509,purdue-boilermakers,Purdue,Boilermakers,PUR,Purdue Boilermakers,Purdue,000000,cfb991,https://a.espncdn.com/i/teamlogos/ncaa/500/2509.png,home,63,true,12,3,25,39.3,24,61,0,19,93.3,14,15,5,9,5,12,0,6.3,1,16,35,0,0,0,194,s:40~l:54~t:194,ohio-state-buckeyes,Ohio State,Buckeyes,OSU,Ohio State Buckeyes,Ohio State,ce1141,505056,https://a.espncdn.com/i/teamlogos/ncaa/500/194.png,61
300250152,2010,2,2010-01-25,2010-01-25T19:00:00.000000-0500,153,s:40~l:54~t:153,north-carolina-tar-heels,North Carolina,Tar Heels,UNC,North Carolina Tar Heels,North Carolina,7bafd4,13294b,https://a.espncdn.com/i/teamlogos/ncaa/500/153.png,away,81,true,6,11,30,37.3,25,67,0,16,80.0,28,35,12,22,6,20,0,21.4,3,14,56,0,0,0,152,s:40~l:54~t:152,nc-state-wolfpack,NC State,Wolfpack,NCST,NC State Wolfpack,NC State,EF1216,231f20,https://a.espncdn.com/i/teamlogos/ncaa/500/152.png,69
300250152,2010,2,2010-01-25,2010-01-25T19:00:00.000000-0500,152,s:40~l:54~t:152,nc-state-wolfpack,NC State,Wolfpack,NCST,NC State Wolfpack,NC State,EF1216,231f20,https://a.espncdn.com/i/teamlogos/ncaa/500/152.png,home,69,false,17,5,20,31.2,24,77,0,22,66.7,12,18,9,14,8,16,0,36.0,9,25,43,0,0,0,153,s:40~l:54~t:153,north-carolina-tar-heels,North Carolina,Tar Heels,UNC,North Carolina Tar Heels,North Carolina,7bafd4,13294b,https://a.espncdn.com/i/teamlogos/ncaa/500/153.png,81
300252154,2010,2,2010-01-25,2010-01-25T16:30:00.000000-0500,2169,s:40~l:54~t:2169,delaware-state-lady-hornets,Delaware State,Lady Hornets,DSU,Delaware State Lady Hornets,Delaware St,FF3630,009cdd,https://a.espncdn.com/i/teamlogos/ncaa/500/2169.png,away,37,false,1,2,18,17.0,8,47,0,16,79.2,19,24,1,11,9,18,0,22.2,2,9,34,0,0,0,2154,s:40~l:54~t:2154,coppin-state-eagles,Coppin State,Eagles,COPP,Coppin State Eagles,Coppin St,2e3192,ffd204,https://a.espncdn.com/i/teamlogos/ncaa/500/2154.png,58
300252154,2010,2,2010-01-25,2010-01-25T16:30:00.000000-0500,2154,s:40~l:54~t:2154,coppin-state-eagles,Coppin State,Eagles,COPP,Coppin State Eagles,Coppin St,2e3192,ffd204,https://a.espncdn.com/i/teamlogos/ncaa/500/2154.png,home,58,true,12,6,20,41.8,23,55,0,16,50.0,7,14,21,12,8,18,0,31.3,5,16,41,0,0,0,2169,s:40~l:54~t:2169,delaware-state-lady-hornets,Delaware State,Lady Hornets,DSU,Delaware State Lady Hornets,Delaware St,FF3630,009cdd,https://a.espncdn.com/i/teamlogos/ncaa/500/2169.png,37
300240099,2010,2,2010-01-24,2010-01-24T18:00:00.000000-0500,2633,s:40~l:54~t:2633,tennessee-lady-volunteers,Tennessee,Lady Volunteers,TENN,Tennessee Lady Volunteers,Tennessee,ff8200,ffffff,https://a.espncdn.com/i/teamlogos/ncaa/500/2633_ncw.png,away,55,true,9,5,28,44.7,21,47,0,21,64.7,11,17,15,8,6,23,0,33.3,2,6,39,0,0,0,99,s:40~l:54~t:99,lsu-tigers,LSU,Tigers,LSU,LSU Tigers,LSU,461d7c,fdd023,https://a.espncdn.com/i/teamlogos/ncaa/500/99.png,43
300240099,2010,2,2010-01-24,2010-01-24T18:00:00.000000-0500,99,s:40~l:54~t:99,lsu-tigers,LSU,Tigers,LSU,LSU Tigers,LSU,461d7c,fdd023,https://a.espncdn.com/i/teamlogos/ncaa/500/99.png,home,43,false,6,2,17,26.4,14,53,0,17,61.9,13,21,3,9,6,18,0,25.0,2,8,32,0,0,0,2633,s:40~l:54~t:2633,tennessee-lady-volunteers,Tennessee,Lady Volunteers,TENN,Tennessee Lady Volunteers,Tennessee,ff8200,ffffff,https://a.espncdn.com/i/teamlogos/ncaa/500/2633_ncw.png,55
300240087,2010,2,2010-01-24,2010-01-24T13:00:00.000000-0500,277,s:40~l:54~t:277,west-virginia-mountaineers,West Virginia,Mountaineers,WVU,West Virginia Mountaineers,West Virginia,FFC600,eaaa00,https://a.espncdn.com/i/teamlogos/ncaa/500/277.png,away,66,false,15,2,21,42.4,25,59,0,22,58.3,7,12,13,12,13,20,0,60.0,9,15,34,0,0,0,87,s:40~l:54~t:87,notre-dame-fighting-irish,Notre Dame,Fighting Irish,ND,Notre Dame Fighting Irish,Notre Dame,0c2340,c99700,https://a.espncdn.com/i/teamlogos/ncaa/500/87.png,74
300240087,2010,2,2010-01-24,2010-01-24T13:00:00.000000-0500,87,s:40~l:54~t:87,notre-dame-fighting-irish,Notre Dame,Fighting Irish,ND,Notre Dame Fighting Irish,Notre Dame,0c2340,c99700,https://a.espncdn.com/i/teamlogos/ncaa/500/87.png,home,74,true,14,2,23,45.5,25,55,0,13,72.4,21,29,11,12,10,17,0,25.0,3,12,37,0,0,0,277,s:40~l:54~t:277,west-virginia-mountaineers,West Virginia,Mountaineers,WVU,West Virginia Mountaineers,West Virginia,FFC600,eaaa00,https://a.espncdn.com/i/teamlogos/ncaa/500/277.png,66
300240120,2010,2,2010-01-24,2010-01-24T20:00:00.000000-0500,150,s:40~l:54~t:150,duke-blue-devils,Duke,Blue Devils,DUKE,Duke Blue Devils,Duke,013088,ffffff,https://a.espncdn.com/i/teamlogos/ncaa/500/150.png,away,58,true,8,4,21,32.8,22,67,0,19,60.0,9,15,11,16,7,10,0,33.3,5,15,42,0,0,0,120,s:40~l:54~t:120,maryland-terrapins,Maryland,Terrapins,MD,Maryland Terrapins,Maryland,D5002B,ffcd00,https://a.espncdn.com/i/teamlogos/ncaa/500/120.png,57
300240120,2010,2,2010-01-24,2010-01-24T20:00:00.000000-0500,120,s:40~l:54~t:120,maryland-terrapins,Maryland,Terrapins,MD,Maryland Terrapins,Maryland,D5002B,ffcd00,https://a.espncdn.com/i/teamlogos/ncaa/500/120.png,home,57,false,11,4,27,40.4,21,52,0,17,52.9,9,17,4,15,2,19,0,40.0,6,15,42,0,0,0,150,s:40~l:54~t:150,duke-blue-devils,Duke,Blue Devils,DUKE,Duke Blue Devils,Duke,013088,ffffff,https://a.espncdn.com/i/teamlogos/ncaa/500/150.png,58
300240061,2010,2,2010-01-24,2010-01-24T13:00:00.000000-0500,145,s:40~l:54~t:145,ole-miss-rebels,Ole Miss,Rebels,MISS,Ole Miss Rebels,Ole Miss,001148,00205b,https://a.espncdn.com/i/teamlogos/ncaa/500/145.png,away,66,true,13,3,20,41.1,23,56,0,21,68.8,11,16,10,13,9,12,0,42.9,9,21,35,0,0,0,61,s:40~l:54~t:61,georgia-lady-bulldogs,Georgia,Lady Bulldogs,UGA,Georgia Lady Bulldogs,Georgia,CC0000,000000,https://a.espncdn.com/i/teamlogos/ncaa/500/61.png,65
300240061,2010,2,2010-01-24,2010-01-24T13:00:00.000000-0500,61,s:40~l:54~t:61,georgia-lady-bulldogs,Georgia,Lady Bulldogs,UGA,Georgia Lady Bulldogs,Georgia,CC0000,000000,https://a.espncdn.com/i/teamlogos/ncaa/500/61.png,home,65,false,13,4,19,33.3,21,63,0,14,69.2,18,26,8,23,6,12,0,25.0,5,20,47,0,0,0,145,s:40~l:54~t:145,ole-miss-rebels,Ole Miss,Rebels,MISS,Ole Miss Rebels,Ole Miss,001148,00205b,https://a.espncdn.com/i/teamlogos/ncaa/500/145.png,66
300240038,2010,2,2010-01-24,2010-01-24T16:00:00.000000-0500,197,s:40~l:54~t:197,oklahoma-state-cowgirls,Oklahoma State,Cowgirls,OKST,Oklahoma State Cowgirls,Oklahoma St,ff6500,000000,https://a.espncdn.com/i/teamlogos/ncaa/500/197.png,away,74,true,15,5,30,47.4,27,57,0,23,60.9,14,23,13,9,2,12,0,37.5,6,16,41,0,0,0,38,s:40~l:54~t:38,colorado-buffaloes,Colorado,Buffaloes,COLO,Colorado Buffaloes,Colorado,000000,cfb87c,https://a.espncdn.com/i/teamlogos/ncaa/500/38.png,63
300240038,2010,2,2010-01-24,2010-01-24T16:00:00.000000-0500,38,s:40~l:54~t:38,colorado-buffaloes,Colorado,Buffaloes,COLO,Colorado Buffaloes,Colorado,000000,cfb87c,https://a.espncdn.com/i/teamlogos/ncaa/500/38.png,home,63,false,10,1,24,30.6,19,62,0,19,76.9,20,26,2,15,7,9,1,17.9,5,28,40,1,0,0,197,s:40~l:54~t:197,oklahoma-state-cowgirls,Oklahoma State,Cowgirls,OKST,Oklahoma State Cowgirls,Oklahoma St,ff6500,000000,https://a.espncdn.com/i/teamlogos/ncaa/500/197.png,74
300240052,2010,2,2010-01-24,2010-01-24T17:00:00.000000-0500,103,s:40~l:54~t:103,boston-college-eagles,Boston College,Eagles,BC,Boston College Eagles,Boston College,8c2232,dbcca6,https://a.espncdn.com/i/teamlogos/ncaa/500/103.png,away,64,false,12,1,19,40.4,23,57,0,14,64.0,16,25,1,8,9,21,0,12.5,2,16,30,0,0,0,52,s:40~l:54~t:52,florida-state-seminoles,Florida State,Seminoles,FSU,Florida State Seminoles,Florida St,782F40,ceb888,https://a.espncdn.com/i/teamlogos/ncaa/500/52.png,85
300240052,2010,2,2010-01-24,2010-01-24T17:00:00.000000-0500,52,s:40~l:54~t:52,florida-state-seminoles,Florida State,Seminoles,FSU,Florida State Seminoles,Florida St,782F40,ceb888,https://a.espncdn.com/i/teamlogos/ncaa/500/52.png,home,85,true,17,2,28,49.3,33,67,0,19,66.7,8,12,26,13,7,25,0,50.0,11,22,45,0,0,0,103,s:40~l:54~t:103,boston-college-eagles,Boston College,Eagles,BC,Boston College Eagles,Boston College,8c2232,dbcca6,https://a.espncdn.com/i/teamlogos/ncaa/500/103.png,64
300240238,2010,2,2010-01-24,2010-01-24T15:00:00.000000-0500,344,s:40~l:54~t:344,mississippi-state-bulldogs,Mississippi State,Bulldogs,MSST,Mississippi State Bulldogs,Mississippi St,762123,c8c8c8,https://a.espncdn.com/i/teamlogos/ncaa/500/344.png,away,65,true,14,5,17,40.6,26,64,0,17,62.5,10,16,9,14,8,12,0,27.3,3,11,39,0,0,0,238,s:40~l:54~t:238,vanderbilt-commodores,Vanderbilt,Commodores,VAN,Vanderbilt Commodores,Vanderbilt,000000,231f20,https://a.espncdn.com/i/teamlogos/ncaa/500/238.png,56
300240238,2010,2,2010-01-24,2010-01-24T15:00:00.000000-0500,238,s:40~l:54~t:238,vanderbilt-commodores,Vanderbilt,Commodores,VAN,Vanderbilt Commodores,Vanderbilt,000000,231f20,https://a.espncdn.com/i/teamlogos/ncaa/500/238.png,home,56,false,8,3,24,39.3,22,56,0,18,81.8,9,11,0,13,8,19,0,21.4,3,14,40,0,0,0,344,s:40~l:54~t:344,mississippi-state-bulldogs,Mississippi State,Bulldogs,MSST,Mississippi State Bulldogs,Mississippi St,762123,c8c8c8,https://a.espncdn.com/i/teamlogos/ncaa/500/344.png,65
300240096,2010,2,2010-01-24,2010-01-24T14:00:00.000000-0500,2,s:40~l:54~t:2,auburn-tigers,Auburn,Tigers,AUB,Auburn Tigers,Auburn,03244d,f1f2f3,https://a.espncdn.com/i/teamlogos/ncaa/500/2.png,away,50,false,9,6,20,38.0,19,50,0,20,50.0,10,20,0,12,3,25,0,28.6,2,7,39,0,0,0,96,s:40~l:54~t:96,kentucky-wildcats,Kentucky,Wildcats,UK,Kentucky Wildcats,Kentucky,005DAA,ffffff,https://a.espncdn.com/i/teamlogos/ncaa/500/96.png,68
300240096,2010,2,2010-01-24,2010-01-24T14:00:00.000000-0500,96,s:40~l:54~t:96,kentucky-wildcats,Kentucky,Wildcats,UK,Kentucky Wildcats,Kentucky,005DAA,ffffff,https://a.espncdn.com/i/teamlogos/ncaa/500/96.png,home,68,true,11,1,17,44.1,26,59,0,22,57.9,11,19,20,14,12,17,0,31.3,5,16,33,0,0,0,2,s:40~l:54~t:2,auburn-tigers,Auburn,Tigers,AUB,Auburn Tigers,Auburn,03244d,f1f2f3,https://a.espncdn.com/i/teamlogos/ncaa/500/2.png,50
300230222,2010,2,2010-01-23,2010-01-23T14:00:00.000000-0500,41,s:40~l:54~t:41,uconn-huskies,UConn,Huskies,CONN,UConn Huskies,UConn,0c2340,f1f2f3,https://a.espncdn.com/i/teamlogos/ncaa/500/41.png,away,74,true,17,0,31,55.4,31,56,0,12,63.6,7,11,44,8,6,13,0,41.7,5,12,44,0,0,0,222,s:40~l:54~t:222,villanova-wildcats,Villanova,Wildcats,VILL,Villanova Wildcats,Villanova,00205b,13b5ea,https://a.espncdn.com/i/teamlogos/ncaa/500/222.png,35
300230222,2010,2,2010-01-23,2010-01-23T14:00:00.000000-0500,222,s:40~l:54~t:222,villanova-wildcats,Villanova,Wildcats,VILL,Villanova Wildcats,Villanova,00205b,13b5ea,https://a.espncdn.com/i/teamlogos/ncaa/500/222.png,home,35,false,8,3,13,23.4,11,47,0,12,60.0,6,10,1,4,6,17,0,23.3,7,30,21,0,0,0,41,s:40~l:54~t:41,uconn-huskies,UConn,Huskies,CONN,UConn Huskies,UConn,0c2340,f1f2f3,https://a.espncdn.com/i/teamlogos/ncaa/500/41.png,74
300230158,2010,2,2010-01-23,2010-01-23T12:00:00.000000-0500,2306,s:40~l:54~t:2306,kansas-state-wildcats,Kansas State,Wildcats,KSU,Kansas State Wildcats,Kansas St,633194,e7d2ad,https://a.espncdn.com/i/teamlogos/ncaa/500/2306.png,away,56,false,8,1,17,41.7,20,48,0,15,83.3,10,12,0,6,6,16,0,30.0,6,20,27,0,0,0,158,s:40~l:54~t:158,nebraska-cornhuskers,Nebraska,Cornhuskers,NEB,Nebraska Cornhuskers,Nebraska,F20017,f5f1e7,https://a.espncdn.com/i/teamlogos/ncaa/500/158.png,71
300230158,2010,2,2010-01-23,2010-01-23T12:00:00.000000-0500,158,s:40~l:54~t:158,nebraska-cornhuskers,Nebraska,Cornhuskers,NEB,Nebraska Cornhuskers,Nebraska,F20017,f5f1e7,https://a.espncdn.com/i/teamlogos/ncaa/500/158.png,home,71,true,19,0,19,47.3,26,55,0,9,66.7,10,15,22,9,7,15,0,40.9,9,22,33,0,0,0,2306,s:40~l:54~t:2306,kansas-state-wildcats,Kansas State,Wildcats,KSU,Kansas State Wildcats,Kansas St,633194,e7d2ad,https://a.espncdn.com/i/teamlogos/ncaa/500/2306.png,56
300230245,2010,2,2010-01-23,2010-01-23T16:00:00.000000-0500,2641,s:40~l:54~t:2641,texas-tech-lady-raiders,Texas Tech,Lady Raiders,TTU,Texas Tech Lady Raiders,Texas Tech,C80025,231f20,https://a.espncdn.com/i/teamlogos/ncaa/500/2641.png,away,54,false,8,4,21,33.9,21,62,0,17,66.7,12,18,0,13,9,18,1,0.0,0,8,37,1,0,0,245,s:40~l:54~t:245,texas-am-aggies,Texas A&M,Aggies,TA&M,Texas A&M Aggies,Texas A&M,5C0025,ffffff,https://a.espncdn.com/i/teamlogos/ncaa/500/245.png,69
300230245,2010,2,2010-01-23,2010-01-23T16:00:00.000000-0500,245,s:40~l:54~t:245,texas-am-aggies,Texas A&M,Aggies,TA&M,Texas A&M Aggies,Texas A&M,5C0025,ffffff,https://a.espncdn.com/i/teamlogos/ncaa/500/245.png,home,69,true,13,12,29,44.1,26,59,0,18,75.0,15,20,15,11,6,18,0,40.0,2,5,42,0,0,0,2641,s:40~l:54~t:2641,texas-tech-lady-raiders,Texas Tech,Lady Raiders,TTU,Texas Tech Lady Raiders,Texas Tech,C80025,231f20,https://a.espncdn.com/i/teamlogos/ncaa/500/2641.png,54
300230201,2010,2,2010-01-23,2010-01-23T15:00:00.000000-0500,2305,s:40~l:54~t:2305,kansas-jayhawks,Kansas,Jayhawks,KU,Kansas Jayhawks,Kansas,0051ba,e8000d,https://a.espncdn.com/i/teamlogos/ncaa/500/2305.png,away,69,false,11,2,24,49.0,24,49,0,24,70.4,19,27,10,5,3,18,0,16.7,2,12,35,0,0,0,201,s:40~l:54~t:201,oklahoma-sooners,Oklahoma,Sooners,OU,Oklahoma Sooners,Oklahoma,9d2235,ffffff,https://a.espncdn.com/i/teamlogos/ncaa/500/201.png,81
300230201,2010,2,2010-01-23,2010-01-23T15:00:00.000000-0500,201,s:40~l:54~t:201,oklahoma-sooners,Oklahoma,Sooners,OU,Oklahoma Sooners,Oklahoma,9d2235,ffffff,https://a.espncdn.com/i/teamlogos/ncaa/500/201.png,home,81,true,15,1,22,44.8,30,67,0,21,71.4,15,21,21,11,5,8,0,40.0,6,15,35,0,0,0,2305,s:40~l:54~t:2305,kansas-jayhawks,Kansas,Jayhawks,KU,Kansas Jayhawks,Kansas,0051ba,e8000d,https://a.espncdn.com/i/teamlogos/ncaa/500/2305.png,69
300230251,2010,2,2010-01-23,2010-01-23T14:00:00.000000-0500,66,s:40~l:54~t:66,iowa-state-cyclones,Iowa State,Cyclones,ISU,Iowa State Cyclones,Iowa State,822433,fdca2f,https://a.espncdn.com/i/teamlogos/ncaa/500/66.png,away,73,true,14,2,21,42.6,26,61,0,22,91.7,11,12,3,6,7,15,1,40.0,10,25,36,1,0,0,251,s:40~l:54~t:251,texas-longhorns,Texas,Longhorns,TEX,Texas Longhorns,Texas,c15d26,ffffff,https://a.espncdn.com/i/teamlogos/ncaa/500/251.png,71
300230251,2010,2,2010-01-23,2010-01-23T14:00:00.000000-0500,251,s:40~l:54~t:251,texas-longhorns,Texas,Longhorns,TEX,Texas Longhorns,Texas,c15d26,ffffff,https://a.espncdn.com/i/teamlogos/ncaa/500/251.png,home,71,false,11,7,19,38.2,21,55,0,14,69.0,20,29,14,9,6,10,0,45.0,9,20,30,0,0,0,66,s:40~l:54~t:66,iowa-state-cyclones,Iowa State,Cyclones,ISU,Iowa State Cyclones,Iowa State,822433,fdca2f,https://a.espncdn.com/i/teamlogos/ncaa/500/66.png,73
300220153,2010,2,2010-01-22,2010-01-22T20:30:00.000000-0500,228,s:40~l:54~t:228,clemson-tigers,Clemson,Tigers,CLEM,Clemson Tigers,Clemson,F66733,522d80,https://a.espncdn.com/i/teamlogos/ncaa/500/228.png,away,61,false,19,1,17,39.4,26,66,0,16,30.8,4,13,2,13,10,23,0,27.8,5,18,36,0,0,0,153,s:40~l:54~t:153,north-carolina-tar-heels,North Carolina,Tar Heels,UNC,North Carolina Tar Heels,North Carolina,7bafd4,13294b,https://a.espncdn.com/i/teamlogos/ncaa/500/153.png,79
300220153,2010,2,2010-01-22,2010-01-22T20:30:00.000000-0500,153,s:40~l:54~t:153,north-carolina-tar-heels,North Carolina,Tar Heels,UNC,North Carolina Tar Heels,North Carolina,7bafd4,13294b,https://a.espncdn.com/i/teamlogos/ncaa/500/153.png,home,79,true,13,6,25,52.6,30,57,0,12,75.0,15,20,18,8,13,20,0,44.4,4,9,37,0,0,0,228,s:40~l:54~t:228,clemson-tigers,Clemson,Tigers,CLEM,Clemson Tigers,Clemson,F66733,522d80,https://a.espncdn.com/i/teamlogos/ncaa/500/228.png,61
300210061,2010,2,2010-01-21,2010-01-21T19:00:00.000000-0500,2633,s:40~l:54~t:2633,tennessee-lady-volunteers,Tennessee,Lady Volunteers,TENN,Tennessee Lady Volunteers,Tennessee,ff8200,ffffff,https://a.espncdn.com/i/teamlogos/ncaa/500/2633_ncw.png,away,50,false,15,4,22,42.0,21,50,0,16,85.7,6,7,4,9,8,23,1,22.2,2,9,37,1,0,0,61,s:40~l:54~t:61,georgia-lady-bulldogs,Georgia,Lady Bulldogs,UGA,Georgia Lady Bulldogs,Georgia,CC0000,000000,https://a.espncdn.com/i/teamlogos/ncaa/500/61.png,53
300210061,2010,2,2010-01-21,2010-01-21T19:00:00.000000-0500,61,s:40~l:54~t:61,georgia-lady-bulldogs,Georgia,Lady Bulldogs,UGA,Georgia Lady Bulldogs,Georgia,CC0000,000000,https://a.espncdn.com/i/teamlogos/ncaa/500/61.png,home,53,true,12,4,15,36.4,16,44,0,10,73.9,17,23,4,5,9,16,0,25.0,4,16,23,0,0,0,2633,s:40~l:54~t:2633,tennessee-lady-volunteers,Tennessee,Lady Volunteers,TENN,Tennessee Lady Volunteers,Tennessee,ff8200,ffffff,https://a.espncdn.com/i/teamlogos/ncaa/500/2633_ncw.png,50
300210130,2010,2,2010-01-21,2010-01-21T19:00:00.000000-0500,194,s:40~l:54~t:194,ohio-state-buckeyes,Ohio State,Buckeyes,OSU,Ohio State Buckeyes,Ohio State,ce1141,505056,https://a.espncdn.com/i/teamlogos/ncaa/500/194.png,away,58,true,15,3,29,36.7,22,60,0,11,50.0,8,16,10,10,3,10,0,42.9,6,14,39,0,0,0,130,s:40~l:54~t:130,michigan-wolverines,Michigan,Wolverines,MICH,Michigan Wolverines,Michigan,00274c,ffcb05,https://a.espncdn.com/i/teamlogos/ncaa/500/130.png,56
300210130,2010,2,2010-01-21,2010-01-21T19:00:00.000000-0500,130,s:40~l:54~t:130,michigan-wolverines,Michigan,Wolverines,MICH,Michigan Wolverines,Michigan,00274c,ffcb05,https://a.espncdn.com/i/teamlogos/ncaa/500/130.png,home,56,false,14,1,33,37.9,22,58,0,16,66.7,4,6,7,5,7,14,0,33.3,8,24,43,0,0,0,194,s:40~l:54~t:194,ohio-state-buckeyes,Ohio State,Buckeyes,OSU,Ohio State Buckeyes,Ohio State,ce1141,505056,https://a.espncdn.com/i/teamlogos/ncaa/500/194.png,58
300210150,2010,2,2010-01-21,2010-01-21T19:00:00.000000-0500,259,s:40~l:54~t:259,virginia-tech-hokies,Virginia Tech,Hokies,VT,Virginia Tech Hokies,Virginia Tech,630031,cf4520,https://a.espncdn.com/i/teamlogos/ncaa/500/259.png,away,38,false,8,2,23,25.5,12,47,0,16,70.6,12,17,0,7,10,25,0,22.2,2,9,34,0,0,0,150,s:40~l:54~t:150,duke-blue-devils,Duke,Blue Devils,DUKE,Duke Blue Devils,Duke,013088,ffffff,https://a.espncdn.com/i/teamlogos/ncaa/500/150.png,69
300210150,2010,2,2010-01-21,2010-01-21T19:00:00.000000-0500,150,s:40~l:54~t:150,duke-blue-devils,Duke,Blue Devils,DUKE,Duke Blue Devils,Duke,013088,ffffff,https://a.espncdn.com/i/teamlogos/ncaa/500/150.png,home,69,true,17,6,26,41.5,27,65,0,16,73.3,11,15,33,12,19,14,0,33.3,4,12,41,0,0,0,259,s:40~l:54~t:259,virginia-tech-hokies,Virginia Tech,Hokies,VT,Virginia Tech Hokies,Virginia Tech,630031,cf4520,https://a.espncdn.com/i/teamlogos/ncaa/500/259.png,38
300210052,2010,2,2010-01-21,2010-01-21T19:00:00.000000-0500,108,s:40~l:54~t:108,harvard-crimson,Harvard,Crimson,HARV,Harvard Crimson,Harvard,990000,dbdbdb,https://a.espncdn.com/i/teamlogos/ncaa/500/108.png,away,52,false,12,0,12,21.8,17,78,0,21,76.9,10,13,2,13,7,13,0,28.6,8,28,34,0,0,0,52,s:40~l:54~t:52,florida-state-seminoles,Florida State,Seminoles,FSU,Florida State Seminoles,Florida St,782F40,ceb888,https://a.espncdn.com/i/teamlogos/ncaa/500/52.png,96
300210052,2010,2,2010-01-21,2010-01-21T19:00:00.000000-0500,52,s:40~l:54~t:52,florida-state-seminoles,Florida State,Seminoles,FSU,Florida State Seminoles,Florida St,782F40,ceb888,https://a.espncdn.com/i/teamlogos/ncaa/500/52.png,home,96,true,22,7,38,57.6,34,59,0,12,70.4,19,27,47,13,5,18,0,60.0,9,15,55,0,0,0,108,s:40~l:54~t:108,harvard-crimson,Harvard,Crimson,HARV,Harvard Crimson,Harvard,990000,dbdbdb,https://a.espncdn.com/i/teamlogos/ncaa/500/108.png,52
300210099,2010,2,2010-01-21,2010-01-21T19:00:00.000000-0500,2579,s:40~l:54~t:2579,south-carolina-gamecocks,South Carolina,Gamecocks,SC,South Carolina Gamecocks,South Carolina,73000a,ffffff,https://a.espncdn.com/i/teamlogos/ncaa/500/2579.png,away,52,false,6,1,16,40.4,21,52,0,20,44.4,8,18,0,9,4,16,0,18.2,2,11,30,0,0,0,99,s:40~l:54~t:99,lsu-tigers,LSU,Tigers,LSU,LSU Tigers,LSU,461d7c,fdd023,https://a.espncdn.com/i/teamlogos/ncaa/500/99.png,69
300210099,2010,2,2010-01-21,2010-01-21T19:00:00.000000-0500,99,s:40~l:54~t:99,lsu-tigers,LSU,Tigers,LSU,LSU Tigers,LSU,461d7c,fdd023,https://a.espncdn.com/i/teamlogos/ncaa/500/99.png,home,69,true,15,3,24,46.0,23,50,0,12,78.6,22,28,18,8,7,13,0,12.5,1,8,37,0,0,0,2579,s:40~l:54~t:2579,south-carolina-gamecocks,South Carolina,Gamecocks,SC,South Carolina Gamecocks,South Carolina,73000a,ffffff,https://a.espncdn.com/i/teamlogos/ncaa/500/2579.png,52
300210002,2010,2,2010-01-21,2010-01-21T21:00:00.000000-0500,238,s:40~l:54~t:238,vanderbilt-commodores,Vanderbilt,Commodores,VAN,Vanderbilt Commodores,Vanderbilt,000000,231f20,https://a.espncdn.com/i/teamlogos/ncaa/500/238.png,away,61,true,15,2,17,49.1,26,53,0,14,100.0,1,1,8,6,8,13,0,44.4,8,18,26,0,0,0,2,s:40~l:54~t:2,auburn-tigers,Auburn,Tigers,AUB,Auburn Tigers,Auburn,03244d,f1f2f3,https://a.espncdn.com/i/teamlogos/ncaa/500/2.png,60
300210002,2010,2,2010-01-21,2010-01-21T21:00:00.000000-0500,2,s:40~l:54~t:2,auburn-tigers,Auburn,Tigers,AUB,Auburn Tigers,Auburn,03244d,f1f2f3,https://a.espncdn.com/i/teamlogos/ncaa/500/2.png,home,60,false,17,5,18,41.0,25,61,0,9,63.6,7,11,10,10,5,13,0,23.1,3,13,37,0,0,0,238,s:40~l:54~t:238,vanderbilt-commodores,Vanderbilt,Commodores,VAN,Vanderbilt Commodores,Vanderbilt,000000,231f20,https://a.espncdn.com/i/teamlogos/ncaa/500/238.png,61
300210103,2010,2,2010-01-21,2010-01-21T19:00:00.000000-0500,258,s:40~l:54~t:258,virginia-cavaliers,Virginia,Cavaliers,UVA,Virginia Cavaliers,Virginia,f84c1e,ffffff,https://a.espncdn.com/i/teamlogos/ncaa/500/258.png,away,70,true,11,4,26,42.6,26,61,0,15,73.9,17,23,5,16,4,21,0,11.1,1,9,44,0,0,0,103,s:40~l:54~t:103,boston-college-eagles,Boston College,Eagles,BC,Boston College Eagles,Boston College,8c2232,dbcca6,https://a.espncdn.com/i/teamlogos/ncaa/500/103.png,68
300210103,2010,2,2010-01-21,2010-01-21T19:00:00.000000-0500,103,s:40~l:54~t:103,boston-college-eagles,Boston College,Eagles,BC,Boston College Eagles,Boston College,8c2232,dbcca6,https://a.espncdn.com/i/teamlogos/ncaa/500/103.png,home,68,false,14,2,14,40.6,26,64,0,16,55.6,10,18,9,10,10,13,0,30.0,6,20,29,0,0,0,258,s:40~l:54~t:258,virginia-cavaliers,Virginia,Cavaliers,UVA,Virginia Cavaliers,Virginia,f84c1e,ffffff,https://a.espncdn.com/i/teamlogos/ncaa/500/258.png,70
300210120,2010,2,2010-01-21,2010-01-21T19:00:00.000000-0500,2390,s:40~l:54~t:2390,miami-hurricanes,Miami,Hurricanes,MIA,Miami Hurricanes,Miami,004325,f0f0f0,https://a.espncdn.com/i/teamlogos/ncaa/500/2390.png,away,80,true,10,2,18,42.6,29,68,0,21,76.5,13,17,15,10,9,9,0,42.9,9,21,33,0,0,0,120,s:40~l:54~t:120,maryland-terrapins,Maryland,Terrapins,MD,Maryland Terrapins,Maryland,D5002B,ffcd00,https://a.espncdn.com/i/teamlogos/ncaa/500/120.png,77
300210120,2010,2,2010-01-21,2010-01-21T19:00:00.000000-0500,120,s:40~l:54~t:120,maryland-terrapins,Maryland,Terrapins,MD,Maryland Terrapins,Maryland,D5002B,ffcd00,https://a.espncdn.com/i/teamlogos/ncaa/500/120.png,home,77,false,16,4,22,45.2,28,62,0,17,56.0,14,25,3,17,2,15,0,35.0,7,20,46,0,0,0,2390,s:40~l:54~t:2390,miami-hurricanes,Miami,Hurricanes,MIA,Miami Hurricanes,Miami,004325,f0f0f0,https://a.espncdn.com/i/teamlogos/ncaa/500/2390.png,80
300210096,2010,2,2010-01-21,2010-01-21T19:00:00.000000-0500,8,s:40~l:54~t:8,arkansas-razorbacks,Arkansas,Razorbacks,ARK,Arkansas Razorbacks,Arkansas,a41f35,222222,https://a.espncdn.com/i/teamlogos/ncaa/500/8.png,away,52,false,6,4,26,34.6,18,52,0,15,57.1,12,21,2,8,8,22,0,36.4,4,11,37,0,0,0,96,s:40~l:54~t:96,kentucky-wildcats,Kentucky,Wildcats,UK,Kentucky Wildcats,Kentucky,005DAA,ffffff,https://a.espncdn.com/i/teamlogos/ncaa/500/96.png,69
300210096,2010,2,2010-01-21,2010-01-21T19:00:00.000000-0500,96,s:40~l:54~t:96,kentucky-wildcats,Kentucky,Wildcats,UK,Kentucky Wildcats,Kentucky,005DAA,ffffff,https://a.espncdn.com/i/teamlogos/ncaa/500/96.png,home,69,true,7,2,26,36.5,27,74,0,17,63.2,12,19,23,18,9,12,0,18.8,3,16,49,0,0,0,8,s:40~l:54~t:8,arkansas-razorbacks,Arkansas,Razorbacks,ARK,Arkansas Razorbacks,Arkansas,a41f35,222222,https://a.espncdn.com/i/teamlogos/ncaa/500/8.png,52
300202752,2010,2,2010-01-20,2010-01-20T19:00:00.000000-0500,139,s:40~l:54~t:139,saint-louis-billikens,Saint Louis,Billikens,SLU,Saint Louis Billikens,Saint Louis,00539C,ebebeb,https://a.espncdn.com/i/teamlogos/ncaa/500/139.png,away,50,false,14,3,17,34.5,19,55,0,20,70.0,7,10,0,2,10,20,0,29.4,5,17,24,0,0,0,2752,s:40~l:54~t:2752,xavier-musketeers,Xavier,Musketeers,XAV,Xavier Musketeers,Xavier,002144,9ea2a2,https://a.espncdn.com/i/teamlogos/ncaa/500/2752.png,92
300202752,2010,2,2010-01-20,2010-01-20T19:00:00.000000-0500,2752,s:40~l:54~t:2752,xavier-musketeers,Xavier,Musketeers,XAV,Xavier Musketeers,Xavier,002144,9ea2a2,https://a.espncdn.com/i/teamlogos/ncaa/500/2752.png,home,92,true,20,9,31,52.4,33,63,0,16,72.0,18,25,43,15,11,16,0,53.3,8,15,50,0,0,0,139,s:40~l:54~t:139,saint-louis-billikens,Saint Louis,Billikens,SLU,Saint Louis Billikens,Saint Louis,00539C,ebebeb,https://a.espncdn.com/i/teamlogos/ncaa/500/139.png,50
300200251,2010,2,2010-01-20,2010-01-20T20:00:00.000000-0500,197,s:40~l:54~t:197,oklahoma-state-cowgirls,Oklahoma State,Cowgirls,OKST,Oklahoma State Cowgirls,Oklahoma St,ff6500,000000,https://a.espncdn.com/i/teamlogos/ncaa/500/197.png,away,63,false,11,4,22,40.4,23,57,0,18,78.6,11,14,7,13,3,14,1,30.0,6,20,37,1,0,0,251,s:40~l:54~t:251,texas-longhorns,Texas,Longhorns,TEX,Texas Longhorns,Texas,c15d26,ffffff,https://a.espncdn.com/i/teamlogos/ncaa/500/251.png,77
300200251,2010,2,2010-01-20,2010-01-20T20:00:00.000000-0500,251,s:40~l:54~t:251,texas-longhorns,Texas,Longhorns,TEX,Texas Longhorns,Texas,c15d26,ffffff,https://a.espncdn.com/i/teamlogos/ncaa/500/251.png,home,77,true,9,6,19,45.9,28,61,0,19,62.5,10,16,20,9,6,10,0,55.0,11,20,32,0,0,0,197,s:40~l:54~t:197,oklahoma-state-cowgirls,Oklahoma State,Cowgirls,OKST,Oklahoma State Cowgirls,Oklahoma St,ff6500,000000,https://a.espncdn.com/i/teamlogos/ncaa/500/197.png,63
300200142,2010,2,2010-01-20,2010-01-20T19:30:00.000000-0500,201,s:40~l:54~t:201,oklahoma-sooners,Oklahoma,Sooners,OU,Oklahoma Sooners,Oklahoma,9d2235,ffffff,https://a.espncdn.com/i/teamlogos/ncaa/500/201.png,away,62,true,11,0,29,48.1,25,52,0,16,75.0,9,12,6,7,2,23,0,42.9,3,7,41,0,0,0,142,s:40~l:54~t:142,missouri-tigers,Missouri,Tigers,MIZ,Missouri Tigers,Missouri,f1b82d,000000,https://a.espncdn.com/i/teamlogos/ncaa/500/142.png,61
300200142,2010,2,2010-01-20,2010-01-20T19:30:00.000000-0500,142,s:40~l:54~t:142,missouri-tigers,Missouri,Tigers,MIZ,Missouri Tigers,Missouri,f1b82d,000000,https://a.espncdn.com/i/teamlogos/ncaa/500/142.png,home,61,false,10,4,17,33.3,22,66,0,12,78.9,15,19,9,10,11,10,0,9.1,2,22,31,0,0,0,201,s:40~l:54~t:201,oklahoma-sooners,Oklahoma,Sooners,OU,Oklahoma Sooners,Oklahoma,9d2235,ffffff,https://a.espncdn.com/i/teamlogos/ncaa/500/201.png,62
300200066,2010,2,2010-01-20,2010-01-20T20:00:00.000000-0500,2305,s:40~l:54~t:2305,kansas-jayhawks,Kansas,Jayhawks,KU,Kansas Jayhawks,Kansas,0051ba,e8000d,https://a.espncdn.com/i/teamlogos/ncaa/500/2305.png,away,42,false,10,5,20,33.9,19,56,0,14,50.0,1,2,1,15,2,15,0,21.4,3,14,38,0,0,0,66,s:40~l:54~t:66,iowa-state-cyclones,Iowa State,Cyclones,ISU,Iowa State Cyclones,Iowa State,822433,fdca2f,https://a.espncdn.com/i/teamlogos/ncaa/500/66.png,53
300200066,2010,2,2010-01-20,2010-01-20T20:00:00.000000-0500,66,s:40~l:54~t:66,iowa-state-cyclones,Iowa State,Cyclones,ISU,Iowa State Cyclones,Iowa State,822433,fdca2f,https://a.espncdn.com/i/teamlogos/ncaa/500/66.png,home,53,true,10,4,19,40.8,20,49,0,6,46.2,6,13,13,9,5,10,0,38.9,7,18,31,0,0,0,2305,s:40~l:54~t:2305,kansas-jayhawks,Kansas,Jayhawks,KU,Kansas Jayhawks,Kansas,0051ba,e8000d,https://a.espncdn.com/i/teamlogos/ncaa/500/2305.png,42
300190097,2010,2,2010-01-19,2010-01-19T19:00:00.000000-0500,87,s:40~l:54~t:87,notre-dame-fighting-irish,Notre Dame,Fighting Irish,ND,Notre Dame Fighting Irish,Notre Dame,0c2340,c99700,https://a.espncdn.com/i/teamlogos/ncaa/500/87.png,away,78,true,17,3,22,50.0,29,58,0,18,82.4,14,17,21,11,7,15,0,40.0,6,15,33,0,0,0,97,s:40~l:54~t:97,louisville-cardinals,Louisville,Cardinals,LOU,Louisville Cardinals,Louisville,c9001f,000000,https://a.espncdn.com/i/teamlogos/ncaa/500/97.png,60
300190097,2010,2,2010-01-19,2010-01-19T19:00:00.000000-0500,97,s:40~l:54~t:97,louisville-cardinals,Louisville,Cardinals,LOU,Louisville Cardinals,Louisville,c9001f,000000,https://a.espncdn.com/i/teamlogos/ncaa/500/97.png,home,60,false,9,0,20,45.1,23,51,0,19,64.7,11,17,12,7,3,20,0,42.9,3,7,29,0,0,0,87,s:40~l:54~t:87,notre-dame-fighting-irish,Notre Dame,Fighting Irish,ND,Notre Dame Fighting Irish,Notre Dame,0c2340,c99700,https://a.espncdn.com/i/teamlogos/ncaa/500/87.png,78
300192132,2010,2,2010-01-19,2010-01-19T19:00:00.000000-0500,46,s:40~l:54~t:46,georgetown-hoyas,Georgetown,Hoyas,GTWN,Georgetown Hoyas,Georgetown,110E42,001c58,https://a.espncdn.com/i/teamlogos/ncaa/500/46.png,away,60,true,12,3,17,35.7,20,56,0,14,100.0,10,10,5,13,5,7,0,41.7,10,24,35,0,0,0,2132,s:40~l:54~t:2132,cincinnati-bearcats,Cincinnati,Bearcats,CIN,Cincinnati Bearcats,Cincinnati,000000,717073,https://a.espncdn.com/i/teamlogos/ncaa/500/2132.png,56
300192132,2010,2,2010-01-19,2010-01-19T19:00:00.000000-0500,2132,s:40~l:54~t:2132,cincinnati-bearcats,Cincinnati,Bearcats,CIN,Cincinnati Bearcats,Cincinnati,000000,717073,https://a.espncdn.com/i/teamlogos/ncaa/500/2132.png,home,56,false,13,1,19,43.2,19,44,0,10,72.7,8,11,7,7,3,11,0,43.5,10,23,28,0,0,0,46,s:40~l:54~t:46,georgetown-hoyas,Georgetown,Hoyas,GTWN,Georgetown Hoyas,Georgetown,110E42,001c58,https://a.espncdn.com/i/teamlogos/ncaa/500/46.png,60
300180150,2010,2,2010-01-18,2010-01-18T19:00:00.000000-0500,41,s:40~l:54~t:41,uconn-huskies,UConn,Huskies,CONN,UConn Huskies,UConn,0c2340,f1f2f3,https://a.espncdn.com/i/teamlogos/ncaa/500/41.png,away,81,true,24,4,19,53.6,30,56,0,15,80.0,8,10,33,7,8,14,0,52.0,13,25,31,0,0,0,150,s:40~l:54~t:150,duke-blue-devils,Duke,Blue Devils,DUKE,Duke Blue Devils,Duke,013088,ffffff,https://a.espncdn.com/i/teamlogos/ncaa/500/150.png,48
300180150,2010,2,2010-01-18,2010-01-18T19:00:00.000000-0500,150,s:40~l:54~t:150,duke-blue-devils,Duke,Blue Devils,DUKE,Duke Blue Devils,Duke,013088,ffffff,https://a.espncdn.com/i/teamlogos/ncaa/500/150.png,home,48,false,7,2,18,33.9,19,56,0,14,53.8,7,13,0,14,5,23,0,25.0,3,12,35,0,0,0,41,s:40~l:54~t:41,uconn-huskies,UConn,Huskies,CONN,UConn Huskies,UConn,0c2340,f1f2f3,https://a.espncdn.com/i/teamlogos/ncaa/500/41.png,81
300180259,2010,2,2010-01-18,2010-01-18T17:00:00.000000-0500,258,s:40~l:54~t:258,virginia-cavaliers,Virginia,Cavaliers,UVA,Virginia Cavaliers,Virginia,f84c1e,ffffff,https://a.espncdn.com/i/teamlogos/ncaa/500/258.png,away,70,true,12,8,27,49.2,29,59,0,17,70.0,7,10,17,11,4,13,0,35.7,5,14,41,0,0,0,259,s:40~l:54~t:259,virginia-tech-hokies,Virginia Tech,Hokies,VT,Virginia Tech Hokies,Virginia Tech,630031,cf4520,https://a.espncdn.com/i/teamlogos/ncaa/500/259.png,56
300180259,2010,2,2010-01-18,2010-01-18T17:00:00.000000-0500,259,s:40~l:54~t:259,virginia-tech-hokies,Virginia Tech,Hokies,VT,Virginia Tech Hokies,Virginia Tech,630031,cf4520,https://a.espncdn.com/i/teamlogos/ncaa/500/259.png,home,56,false,16,3,16,36.5,23,63,0,10,53.8,7,13,2,8,7,10,0,21.4,3,14,31,0,0,0,258,s:40~l:54~t:258,virginia-cavaliers,Virginia,Cavaliers,UVA,Virginia Cavaliers,Virginia,f84c1e,ffffff,https://a.espncdn.com/i/teamlogos/ncaa/500/258.png,70
300172633,2010,2,2010-01-17,2010-01-17T18:00:00.000000-0500,238,s:40~l:54~t:238,vanderbilt-commodores,Vanderbilt,Commodores,VAN,Vanderbilt Commodores,Vanderbilt,000000,231f20,https://a.espncdn.com/i/teamlogos/ncaa/500/238.png,away,57,false,10,2,23,42.9,18,42,0,24,73.3,11,15,0,6,6,27,0,52.6,10,19,31,0,0,0,2633,s:40~l:54~t:2633,tennessee-lady-volunteers,Tennessee,Lady Volunteers,TENN,Tennessee Lady Volunteers,Tennessee,ff8200,ffffff,https://a.espncdn.com/i/teamlogos/ncaa/500/2633_ncw.png,64
300172633,2010,2,2010-01-17,2010-01-17T18:00:00.000000-0500,2633,s:40~l:54~t:2633,tennessee-lady-volunteers,Tennessee,Lady Volunteers,TENN,Tennessee Lady Volunteers,Tennessee,ff8200,ffffff,https://a.espncdn.com/i/teamlogos/ncaa/500/2633_ncw.png,home,64,true,14,2,19,44.2,23,52,0,20,57.7,15,26,20,12,9,15,0,25.0,3,12,32,0,0,0,238,s:40~l:54~t:238,vanderbilt-commodores,Vanderbilt,Commodores,VAN,Vanderbilt Commodores,Vanderbilt,000000,231f20,https://a.espncdn.com/i/teamlogos/ncaa/500/238.png,57
300170194,2010,2,2010-01-17,2010-01-17T14:00:00.000000-0500,84,s:40~l:54~t:84,indiana-hoosiers,Indiana,Hoosiers,IU,Indiana Hoosiers,Indiana,990000,edebeb,https://a.espncdn.com/i/teamlogos/ncaa/500/84.png,away,64,false,13,1,18,37.5,24,64,0,16,53.3,8,15,0,9,11,17,0,34.8,8,23,29,0,0,0,194,s:40~l:54~t:194,ohio-state-buckeyes,Ohio State,Buckeyes,OSU,Ohio State Buckeyes,Ohio State,ce1141,505056,https://a.espncdn.com/i/teamlogos/ncaa/500/194.png,81
300170194,2010,2,2010-01-17,2010-01-17T14:00:00.000000-0500,194,s:40~l:54~t:194,ohio-state-buckeyes,Ohio State,Buckeyes,OSU,Ohio State Buckeyes,Ohio State,ce1141,505056,https://a.espncdn.com/i/teamlogos/ncaa/500/194.png,home,81,true,19,2,31,44.8,30,67,0,15,88.2,15,17,21,18,10,23,0,33.3,6,18,55,0,0,0,84,s:40~l:54~t:84,indiana-hoosiers,Indiana,Hoosiers,IU,Indiana Hoosiers,Indiana,990000,edebeb,https://a.espncdn.com/i/teamlogos/ncaa/500/84.png,64
300170008,2010,2,2010-01-17,2010-01-17T15:00:00.000000-0500,61,s:40~l:54~t:61,georgia-lady-bulldogs,Georgia,Lady Bulldogs,UGA,Georgia Lady Bulldogs,Georgia,CC0000,000000,https://a.espncdn.com/i/teamlogos/ncaa/500/61.png,away,73,true,21,5,30,43.9,29,66,0,17,71.4,10,14,25,13,4,15,0,26.3,5,19,48,0,0,0,8,s:40~l:54~t:8,arkansas-razorbacks,Arkansas,Razorbacks,ARK,Arkansas Razorbacks,Arkansas,a41f35,222222,https://a.espncdn.com/i/teamlogos/ncaa/500/8.png,63
300170008,2010,2,2010-01-17,2010-01-17T15:00:00.000000-0500,8,s:40~l:54~t:8,arkansas-razorbacks,Arkansas,Razorbacks,ARK,Arkansas Razorbacks,Arkansas,a41f35,222222,https://a.espncdn.com/i/teamlogos/ncaa/500/8.png,home,63,false,11,5,21,28.4,19,67,0,13,75.0,18,24,6,15,10,11,0,29.2,7,24,43,0,0,0,61,s:40~l:54~t:61,georgia-lady-bulldogs,Georgia,Lady Bulldogs,UGA,Georgia Lady Bulldogs,Georgia,CC0000,000000,https://a.espncdn.com/i/teamlogos/ncaa/500/61.png,73
300170201,2010,2,2010-01-17,2010-01-17T17:30:00.000000-0500,245,s:40~l:54~t:245,texas-am-aggies,Texas A&M,Aggies,TA&M,Texas A&M Aggies,Texas A&M,5C0025,ffffff,https://a.espncdn.com/i/teamlogos/ncaa/500/245.png,away,65,false,10,1,21,37.7,26,69,0,20,46.7,7,15,2,9,11,11,0,28.6,6,21,33,0,0,0,201,s:40~l:54~t:201,oklahoma-sooners,Oklahoma,Sooners,OU,Oklahoma Sooners,Oklahoma,9d2235,ffffff,https://a.espncdn.com/i/teamlogos/ncaa/500/201.png,74
300170201,2010,2,2010-01-17,2010-01-17T17:30:00.000000-0500,201,s:40~l:54~t:201,oklahoma-sooners,Oklahoma,Sooners,OU,Oklahoma Sooners,Oklahoma,9d2235,ffffff,https://a.espncdn.com/i/teamlogos/ncaa/500/201.png,home,74,true,14,5,30,43.9,25,57,0,17,83.3,20,24,16,10,3,19,0,33.3,4,12,47,0,0,0,245,s:40~l:54~t:245,texas-am-aggies,Texas A&M,Aggies,TA&M,Texas A&M Aggies,Texas A&M,5C0025,ffffff,https://a.espncdn.com/i/teamlogos/ncaa/500/245.png,65
300170239,2010,2,2010-01-17,2010-01-17T15:30:00.000000-0500,158,s:40~l:54~t:158,nebraska-cornhuskers,Nebraska,Cornhuskers,NEB,Nebraska Cornhuskers,Nebraska,F20017,f5f1e7,https://a.espncdn.com/i/teamlogos/ncaa/500/158.png,away,65,true,13,3,28,32.8,22,67,0,15,64.3,9,14,11,13,7,15,0,35.3,12,34,47,0,0,0,239,s:40~l:54~t:239,baylor-bears,Baylor,Bears,BAY,Baylor Bears,Baylor,154734,ffb81c,https://a.espncdn.com/i/teamlogos/ncaa/500/239.png,56
300170239,2010,2,2010-01-17,2010-01-17T15:30:00.000000-0500,239,s:40~l:54~t:239,baylor-bears,Baylor,Bears,BAY,Baylor Bears,Baylor,154734,ffb81c,https://a.espncdn.com/i/teamlogos/ncaa/500/239.png,home,56,false,8,8,28,35.5,22,62,0,13,75.0,12,16,7,11,9,16,2,0.0,0,10,42,2,0,0,158,s:40~l:54~t:158,nebraska-cornhuskers,Nebraska,Cornhuskers,NEB,Nebraska Cornhuskers,Nebraska,F20017,f5f1e7,https://a.espncdn.com/i/teamlogos/ncaa/500/158.png,65
300170153,2010,2,2010-01-17,2010-01-17T17:30:00.000000-0500,120,s:40~l:54~t:120,maryland-terrapins,Maryland,Terrapins,MD,Maryland Terrapins,Maryland,D5002B,ffcd00,https://a.espncdn.com/i/teamlogos/ncaa/500/120.png,away,64,false,15,6,25,35.5,22,62,0,23,52.0,13,25,1,17,3,23,0,25.0,7,28,46,0,0,0,153,s:40~l:54~t:153,north-carolina-tar-heels,North Carolina,Tar Heels,UNC,North Carolina Tar Heels,North Carolina,7bafd4,13294b,https://a.espncdn.com/i/teamlogos/ncaa/500/153.png,75
300170153,2010,2,2010-01-17,2010-01-17T17:30:00.000000-0500,153,s:40~l:54~t:153,north-carolina-tar-heels,North Carolina,Tar Heels,UNC,North Carolina Tar Heels,North Carolina,7bafd4,13294b,https://a.espncdn.com/i/teamlogos/ncaa/500/153.png,home,75,true,12,3,26,39.7,27,68,0,20,69.2,18,26,13,10,10,12,0,37.5,3,8,45,0,0,0,120,s:40~l:54~t:120,maryland-terrapins,Maryland,Terrapins,MD,Maryland Terrapins,Maryland,D5002B,ffcd00,https://a.espncdn.com/i/teamlogos/ncaa/500/120.png,64
300170145,2010,2,2010-01-17,2010-01-17T15:00:00.000000-0500,99,s:40~l:54~t:99,lsu-tigers,LSU,Tigers,LSU,LSU Tigers,LSU,461d7c,fdd023,https://a.espncdn.com/i/teamlogos/ncaa/500/99.png,away,71,false,22,0,26,44.4,28,63,0,23,80.0,12,15,3,13,7,14,0,21.4,3,14,41,0,0,0,145,s:40~l:54~t:145,ole-miss-rebels,Ole Miss,Rebels,MISS,Ole Miss Rebels,Ole Miss,001148,00205b,https://a.espncdn.com/i/teamlogos/ncaa/500/145.png,80
300170145,2010,2,2010-01-17,2010-01-17T15:00:00.000000-0500,145,s:40~l:54~t:145,ole-miss-rebels,Ole Miss,Rebels,MISS,Ole Miss Rebels,Ole Miss,001148,00205b,https://a.espncdn.com/i/teamlogos/ncaa/500/145.png,home,80,true,22,1,16,51.0,26,51,0,17,63.3,19,30,10,4,6,9,0,50.0,9,18,28,0,0,0,99,s:40~l:54~t:99,lsu-tigers,LSU,Tigers,LSU,LSU Tigers,LSU,461d7c,fdd023,https://a.espncdn.com/i/teamlogos/ncaa/500/99.png,71
300170052,2010,2,2010-01-17,2010-01-17T14:00:00.000000-0500,152,s:40~l:54~t:152,nc-state-wolfpack,NC State,Wolfpack,NCST,NC State Wolfpack,NC State,EF1216,231f20,https://a.espncdn.com/i/teamlogos/ncaa/500/152.png,away,71,false,14,3,20,46.4,26,56,0,20,81.3,13,16,11,7,10,19,0,42.9,6,14,30,0,0,0,52,s:40~l:54~t:52,florida-state-seminoles,Florida State,Seminoles,FSU,Florida State Seminoles,Florida St,782F40,ceb888,https://a.espncdn.com/i/teamlogos/ncaa/500/52.png,74
300170052,2010,2,2010-01-17,2010-01-17T14:00:00.000000-0500,52,s:40~l:54~t:52,florida-state-seminoles,Florida State,Seminoles,FSU,Florida State Seminoles,Florida St,782F40,ceb888,https://a.espncdn.com/i/teamlogos/ncaa/500/52.png,home,74,true,10,1,23,45.2,28,62,0,15,83.3,10,12,5,12,13,22,0,47.1,8,17,36,0,0,0,152,s:40~l:54~t:152,nc-state-wolfpack,NC State,Wolfpack,NCST,NC State Wolfpack,NC State,EF1216,231f20,https://a.espncdn.com/i/teamlogos/ncaa/500/152.png,71
300170221,2010,2,2010-01-17,2010-01-17T16:00:00.000000-0500,277,s:40~l:54~t:277,west-virginia-mountaineers,West Virginia,Mountaineers,WVU,West Virginia Mountaineers,West Virginia,FFC600,eaaa00,https://a.espncdn.com/i/teamlogos/ncaa/500/277.png,away,69,true,15,4,23,39.0,23,59,0,15,57.7,15,26,16,12,9,16,0,44.4,8,18,42,0,0,0,221,s:40~l:54~t:221,pittsburgh-panthers,Pittsburgh,Panthers,PITT,Pittsburgh Panthers,Pitt,003263,231f20,https://a.espncdn.com/i/teamlogos/ncaa/500/221.png,54
300170221,2010,2,2010-01-17,2010-01-17T16:00:00.000000-0500,221,s:40~l:54~t:221,pittsburgh-panthers,Pittsburgh,Panthers,PITT,Pittsburgh Panthers,Pitt,003263,231f20,https://a.espncdn.com/i/teamlogos/ncaa/500/221.png,home,54,false,10,5,22,38.9,21,54,0,21,58.8,10,17,2,8,2,23,0,16.7,2,12,35,0,0,0,277,s:40~l:54~t:277,west-virginia-mountaineers,West Virginia,Mountaineers,WVU,West Virginia Mountaineers,West Virginia,FFC600,eaaa00,https://a.espncdn.com/i/teamlogos/ncaa/500/277.png,69
300172116,2010,2,2010-01-17,2010-01-17T17:00:00.000000-0500,5,s:40~l:54~t:5,uab-blazers,UAB,Blazers,UAB,UAB Blazers,UAB,054338,ffc845,https://a.espncdn.com/i/teamlogos/ncaa/500/5.png,away,69,true,12,1,18,43.4,23,53,0,22,54.5,12,22,23,11,3,14,0,50.0,11,22,32,0,0,0,2116,s:40~l:54~t:2116,ucf-knights,UCF,Knights,UCF,UCF Knights,UCF,000000,231f20,https://a.espncdn.com/i/teamlogos/ncaa/500/2116.png,61
300172116,2010,2,2010-01-17,2010-01-17T17:00:00.000000-0500,2116,s:40~l:54~t:2116,ucf-knights,UCF,Knights,UCF,UCF Knights,UCF,000000,231f20,https://a.espncdn.com/i/teamlogos/ncaa/500/2116.png,home,61,false,11,1,22,42.3,22,52,0,23,68.2,15,22,2,13,6,16,0,25.0,2,8,36,0,0,0,5,s:40~l:54~t:5,uab-blazers,UAB,Blazers,UAB,UAB Blazers,UAB,054338,ffc845,https://a.espncdn.com/i/teamlogos/ncaa/500/5.png,69
300160041,2010,2,2010-01-16,2010-01-16T21:00:00.000000-0500,87,s:40~l:54~t:87,notre-dame-fighting-irish,Notre Dame,Fighting Irish,ND,Notre Dame Fighting Irish,Notre Dame,0c2340,c99700,https://a.espncdn.com/i/teamlogos/ncaa/500/87.png,away,46,false,7,1,17,26.9,18,67,0,17,58.3,7,12,0,14,13,19,0,15.8,3,19,39,0,0,0,41,s:40~l:54~t:41,uconn-huskies,UConn,Huskies,CONN,UConn Huskies,UConn,0c2340,f1f2f3,https://a.espncdn.com/i/teamlogos/ncaa/500/41.png,70
300160041,2010,2,2010-01-16,2010-01-16T21:00:00.000000-0500,41,s:40~l:54~t:41,uconn-huskies,UConn,Huskies,CONN,UConn Huskies,UConn,0c2340,f1f2f3,https://a.espncdn.com/i/teamlogos/ncaa/500/41.png,home,70,true,19,7,30,45.0,27,60,0,12,82.4,14,17,28,14,9,18,0,11.1,2,18,45,0,0,0,87,s:40~l:54~t:87,notre-dame-fighting-irish,Notre Dame,Fighting Irish,ND,Notre Dame Fighting Irish,Notre Dame,0c2340,c99700,https://a.espncdn.com/i/teamlogos/ncaa/500/87.png,46
300162325,2010,2,2010-01-16,2010-01-16T13:00:00.000000-0500,2752,s:40~l:54~t:2752,xavier-musketeers,Xavier,Musketeers,XAV,Xavier Musketeers,Xavier,002144,9ea2a2,https://a.espncdn.com/i/teamlogos/ncaa/500/2752.png,away,73,true,18,7,30,42.2,27,64,0,11,78.6,11,14,36,17,7,13,0,36.4,8,22,50,0,0,0,2325,s:40~l:54~t:2325,la-salle-explorers,La Salle,Explorers,LAS,La Salle Explorers,La Salle,003356,ffce00,https://a.espncdn.com/i/teamlogos/ncaa/500/2325.png,47
300162325,2010,2,2010-01-16,2010-01-16T13:00:00.000000-0500,2325,s:40~l:54~t:2325,la-salle-explorers,La Salle,Explorers,LAS,La Salle Explorers,La Salle,003356,ffce00,https://a.espncdn.com/i/teamlogos/ncaa/500/2325.png,home,47,false,14,1,20,29.8,17,57,0,10,62.5,5,8,0,4,5,14,0,30.8,8,26,29,0,0,0,2752,s:40~l:54~t:2752,xavier-musketeers,Xavier,Musketeers,XAV,Xavier Musketeers,Xavier,002144,9ea2a2,https://a.espncdn.com/i/teamlogos/ncaa/500/2752.png,73
300160197,2010,2,2010-01-16,2010-01-16T20:00:00.000000-0500,2306,s:40~l:54~t:2306,kansas-state-wildcats,Kansas State,Wildcats,KSU,Kansas State Wildcats,Kansas St,633194,e7d2ad,https://a.espncdn.com/i/teamlogos/ncaa/500/2306.png,away,56,false,11,2,21,35.2,19,54,0,17,81.8,9,11,6,7,3,10,0,34.6,9,26,30,0,0,0,197,s:40~l:54~t:197,oklahoma-state-cowgirls,Oklahoma State,Cowgirls,OKST,Oklahoma State Cowgirls,Oklahoma St,ff6500,000000,https://a.espncdn.com/i/teamlogos/ncaa/500/197.png,66
300160197,2010,2,2010-01-16,2010-01-16T20:00:00.000000-0500,197,s:40~l:54~t:197,oklahoma-state-cowgirls,Oklahoma State,Cowgirls,OKST,Oklahoma State Cowgirls,Oklahoma St,ff6500,000000,https://a.espncdn.com/i/teamlogos/ncaa/500/197.png,home,66,true,5,3,27,39.0,23,59,0,13,84.2,16,19,13,12,8,10,1,23.5,4,17,45,1,0,0,2306,s:40~l:54~t:2306,kansas-state-wildcats,Kansas State,Wildcats,KSU,Kansas State Wildcats,Kansas St,633194,e7d2ad,https://a.espncdn.com/i/teamlogos/ncaa/500/2306.png,56
300160270,2010,2,2010-01-16,2010-01-16T15:00:00.000000-0500,2739,s:40~l:54~t:2739,green-bay-phoenix,Green Bay,Phoenix,GB,Green Bay Phoenix,Green Bay,006633,ffffff,https://a.espncdn.com/i/teamlogos/ncaa/500/2739.png,away,74,true,16,4,16,43.1,25,58,0,17,65.5,19,29,23,14,15,13,0,26.3,5,19,34,0,0,0,270,s:40~l:54~t:270,milwaukee-panthers,Milwaukee,Panthers,MILW,Milwaukee Panthers,Milwaukee,000000,ffc20e,https://a.espncdn.com/i/teamlogos/ncaa/500/270.png,53
300160270,2010,2,2010-01-16,2010-01-16T15:00:00.000000-0500,270,s:40~l:54~t:270,milwaukee-panthers,Milwaukee,Panthers,MILW,Milwaukee Panthers,Milwaukee,000000,ffc20e,https://a.espncdn.com/i/teamlogos/ncaa/500/270.png,home,53,false,15,2,21,45.5,20,44,0,20,73.3,11,15,1,7,6,26,0,16.7,2,12,28,0,0,0,2739,s:40~l:54~t:2739,green-bay-phoenix,Green Bay,Phoenix,GB,Green Bay Phoenix,Green Bay,006633,ffffff,https://a.espncdn.com/i/teamlogos/ncaa/500/2739.png,74
300160058,2010,2,2010-01-16,2010-01-16T16:00:00.000000-0500,183,s:40~l:54~t:183,syracuse-orange,Syracuse,Orange,SYR,Syracuse Orange,Syracuse,ff6500,000e54,https://a.espncdn.com/i/teamlogos/ncaa/500/183.png,away,64,false,7,4,19,41.1,23,56,0,24,70.0,14,20,1,11,4,19,0,23.5,4,17,34,0,0,0,58,s:40~l:54~t:58,south-florida-bulls,South Florida,Bulls,USF,South Florida Bulls,South Florida,004A36,231f20,https://a.espncdn.com/i/teamlogos/ncaa/500/58.png,73
300160058,2010,2,2010-01-16,2010-01-16T16:00:00.000000-0500,58,s:40~l:54~t:58,south-florida-bulls,South Florida,Bulls,USF,South Florida Bulls,South Florida,004A36,231f20,https://a.espncdn.com/i/teamlogos/ncaa/500/58.png,home,73,true,21,1,20,45.3,24,53,0,18,60.0,15,25,11,15,9,18,0,43.5,10,23,37,0,0,0,183,s:40~l:54~t:183,syracuse-orange,Syracuse,Orange,SYR,Syracuse Orange,Syracuse,ff6500,000e54,https://a.espncdn.com/i/teamlogos/ncaa/500/183.png,64
300152352,2010,2,2010-01-15,2010-01-15T16:30:00.000000-0500,2363,s:40~l:54~t:2363,manhattan-jaspers,Manhattan,Jaspers,MAN,Manhattan Jaspers,Manhattan,4f8537,b5b7ba,https://a.espncdn.com/i/teamlogos/ncaa/500/2363.png,away,57,false,7,0,23,35.1,20,57,0,14,64.0,16,25,0,7,8,15,0,12.5,1,8,33,0,0,0,2352,s:40~l:54~t:2352,loyola-maryland-greyhounds,Loyola Maryland,Greyhounds,L-MD,Loyola Maryland Greyhounds,Loyola MD,76a7a0,c9cbca,https://a.espncdn.com/i/teamlogos/ncaa/500/2352.png,74
300152352,2010,2,2010-01-15,2010-01-15T16:30:00.000000-0500,2352,s:40~l:54~t:2352,loyola-maryland-greyhounds,Loyola Maryland,Greyhounds,L-MD,Loyola Maryland Greyhounds,Loyola MD,76a7a0,c9cbca,https://a.espncdn.com/i/teamlogos/ncaa/500/2352.png,home,74,true,19,2,31,45.8,27,59,0,15,75.0,12,16,22,10,9,18,0,32.0,8,25,44,0,0,0,2363,s:40~l:54~t:2363,manhattan-jaspers,Manhattan,Jaspers,MAN,Manhattan Jaspers,Manhattan,4f8537,b5b7ba,https://a.espncdn.com/i/teamlogos/ncaa/500/2363.png,57
300140024,2010,2,2010-01-14,2010-01-14T22:00:00.000000-0500,265,s:40~l:54~t:265,washington-state-cougars,Washington State,Cougars,WSU,Washington State Cougars,Washington St,94022a,6a747c,https://a.espncdn.com/i/teamlogos/ncaa/500/265.png,away,43,false,13,1,19,25.0,18,72,0,19,30.0,3,10,0,10,9,12,0,14.3,4,28,35,0,0,0,24,s:40~l:54~t:24,stanford-cardinal,Stanford,Cardinal,STAN,Stanford Cardinal,Stanford,8c1515,ffffff,https://a.espncdn.com/i/teamlogos/ncaa/500/24.png,80
300140024,2010,2,2010-01-14,2010-01-14T22:00:00.000000-0500,24,s:40~l:54~t:24,stanford-cardinal,Stanford,Cardinal,STAN,Stanford Cardinal,Stanford,8c1515,ffffff,https://a.espncdn.com/i/teamlogos/ncaa/500/24.png,home,80,true,18,7,41,47.6,30,63,0,12,76.5,13,17,41,13,7,16,0,35.0,7,20,58,0,0,0,265,s:40~l:54~t:265,washington-state-cougars,Washington State,Cougars,WSU,Washington State Cougars,Washington St,94022a,6a747c,https://a.espncdn.com/i/teamlogos/ncaa/500/265.png,43
300140057,2010,2,2010-01-14,2010-01-14T19:00:00.000000-0500,2633,s:40~l:54~t:2633,tennessee-lady-volunteers,Tennessee,Lady Volunteers,TENN,Tennessee Lady Volunteers,Tennessee,ff8200,ffffff,https://a.espncdn.com/i/teamlogos/ncaa/500/2633_ncw.png,away,66,true,13,0,24,47.2,25,53,0,17,70.6,12,17,8,18,3,24,0,33.3,4,12,46,0,0,0,57,s:40~l:54~t:57,florida-gators,Florida,Gators,FLA,Florida Gators,Florida,0021a5,fa4616,https://a.espncdn.com/i/teamlogos/ncaa/500/57.png,64
300140057,2010,2,2010-01-14,2010-01-14T19:00:00.000000-0500,57,s:40~l:54~t:57,florida-gators,Florida,Gators,FLA,Florida Gators,Florida,0021a5,fa4616,https://a.espncdn.com/i/teamlogos/ncaa/500/57.png,home,64,false,11,3,10,38.3,23,60,0,16,64.3,9,14,8,7,16,12,0,34.6,9,26,24,0,0,0,2633,s:40~l:54~t:2633,tennessee-lady-volunteers,Tennessee,Lady Volunteers,TENN,Tennessee Lady Volunteers,Tennessee,ff8200,ffffff,https://a.espncdn.com/i/teamlogos/ncaa/500/2633_ncw.png,66
300140194,2010,2,2010-01-14,2010-01-14T19:00:00.000000-0500,356,s:40~l:54~t:356,illinois-fighting-illini,Illinois,Fighting Illini,ILL,Illinois Fighting Illini,Illinois,ff5f05,13294b,https://a.espncdn.com/i/teamlogos/ncaa/500/356.png,away,61,false,12,2,20,36.9,24,65,0,16,90.0,9,10,0,14,4,19,0,25.0,4,16,38,0,0,0,194,s:40~l:54~t:194,ohio-state-buckeyes,Ohio State,Buckeyes,OSU,Ohio State Buckeyes,Ohio State,ce1141,505056,https://a.espncdn.com/i/teamlogos/ncaa/500/194.png,72
300140194,2010,2,2010-01-14,2010-01-14T19:00:00.000000-0500,194,s:40~l:54~t:194,ohio-state-buckeyes,Ohio State,Buckeyes,OSU,Ohio State Buckeyes,Ohio State,ce1141,505056,https://a.espncdn.com/i/teamlogos/ncaa/500/194.png,home,72,true,17,3,22,46.2,24,52,0,16,78.9,15,19,17,7,11,17,0,50.0,9,18,34,0,0,0,356,s:40~l:54~t:356,illinois-fighting-illini,Illinois,Fighting Illini,ILL,Illinois Fighting Illini,Illinois,ff5f05,13294b,https://a.espncdn.com/i/teamlogos/ncaa/500/356.png,61
300140238,2010,2,2010-01-14,2010-01-14T20:00:00.000000-0500,61,s:40~l:54~t:61,georgia-lady-bulldogs,Georgia,Lady Bulldogs,UGA,Georgia Lady Bulldogs,Georgia,CC0000,000000,https://a.espncdn.com/i/teamlogos/ncaa/500/61.png,away,44,false,12,4,17,37.0,17,46,0,13,45.5,5,11,1,5,3,18,0,26.3,5,19,24,0,0,0,238,s:40~l:54~t:238,vanderbilt-commodores,Vanderbilt,Commodores,VAN,Vanderbilt Commodores,Vanderbilt,000000,231f20,https://a.espncdn.com/i/teamlogos/ncaa/500/238.png,66
300140238,2010,2,2010-01-14,2010-01-14T20:00:00.000000-0500,238,s:40~l:54~t:238,vanderbilt-commodores,Vanderbilt,Commodores,VAN,Vanderbilt Commodores,Vanderbilt,000000,231f20,https://a.espncdn.com/i/teamlogos/ncaa/500/238.png,home,66,true,14,2,20,46.3,25,54,0,14,69.2,9,13,24,12,9,12,0,38.9,7,18,39,0,0,0,61,s:40~l:54~t:61,georgia-lady-bulldogs,Georgia,Lady Bulldogs,UGA,Georgia Lady Bulldogs,Georgia,CC0000,000000,https://a.espncdn.com/i/teamlogos/ncaa/500/61.png,44
300142390,2010,2,2010-01-14,2010-01-14T19:00:00.000000-0500,150,s:40~l:54~t:150,duke-blue-devils,Duke,Blue Devils,DUKE,Duke Blue Devils,Duke,013088,ffffff,https://a.espncdn.com/i/teamlogos/ncaa/500/150.png,away,69,true,15,3,26,38.8,26,67,0,15,72.2,13,18,9,18,6,15,0,40.0,4,10,50,0,0,0,2390,s:40~l:54~t:2390,miami-hurricanes,Miami,Hurricanes,MIA,Miami Hurricanes,Miami,004325,f0f0f0,https://a.espncdn.com/i/teamlogos/ncaa/500/2390.png,62
300142390,2010,2,2010-01-14,2010-01-14T19:00:00.000000-0500,2390,s:40~l:54~t:2390,miami-hurricanes,Miami,Hurricanes,MIA,Miami Hurricanes,Miami,004325,f0f0f0,https://a.espncdn.com/i/teamlogos/ncaa/500/2390.png,home,62,false,13,5,20,33.3,24,72,0,15,73.3,11,15,9,14,7,13,0,15.8,3,19,45,0,0,0,150,s:40~l:54~t:150,duke-blue-devils,Duke,Blue Devils,DUKE,Duke Blue Devils,Duke,013088,ffffff,https://a.espncdn.com/i/teamlogos/ncaa/500/150.png,69
300140259,2010,2,2010-01-14,2010-01-14T19:00:00.000000-0500,153,s:40~l:54~t:153,north-carolina-tar-heels,North Carolina,Tar Heels,UNC,North Carolina Tar Heels,North Carolina,7bafd4,13294b,https://a.espncdn.com/i/teamlogos/ncaa/500/153.png,away,64,false,9,4,22,33.3,24,72,0,18,50.0,12,24,8,23,8,23,0,23.5,4,17,51,0,0,0,259,s:40~l:54~t:259,virginia-tech-hokies,Virginia Tech,Hokies,VT,Virginia Tech Hokies,Virginia Tech,630031,cf4520,https://a.espncdn.com/i/teamlogos/ncaa/500/259.png,79
300140259,2010,2,2010-01-14,2010-01-14T19:00:00.000000-0500,259,s:40~l:54~t:259,virginia-tech-hokies,Virginia Tech,Hokies,VT,Virginia Tech Hokies,Virginia Tech,630031,cf4520,https://a.espncdn.com/i/teamlogos/ncaa/500/259.png,home,79,true,22,8,21,49.3,33,67,0,18,52.9,9,17,23,13,4,16,0,28.6,4,14,37,0,0,0,153,s:40~l:54~t:153,north-carolina-tar-heels,North Carolina,Tar Heels,UNC,North Carolina Tar Heels,North Carolina,7bafd4,13294b,https://a.espncdn.com/i/teamlogos/ncaa/500/153.png,64
300140228,2010,2,2010-01-14,2010-01-14T19:00:00.000000-0500,52,s:40~l:54~t:52,florida-state-seminoles,Florida State,Seminoles,FSU,Florida State Seminoles,Florida St,782F40,ceb888,https://a.espncdn.com/i/teamlogos/ncaa/500/52.png,away,80,true,16,2,28,50.9,27,53,0,16,77.8,21,27,33,8,11,19,0,35.7,5,14,40,0,0,0,228,s:40~l:54~t:228,clemson-tigers,Clemson,Tigers,CLEM,Clemson Tigers,Clemson,F66733,522d80,https://a.espncdn.com/i/teamlogos/ncaa/500/228.png,50
300140228,2010,2,2010-01-14,2010-01-14T19:00:00.000000-0500,228,s:40~l:54~t:228,clemson-tigers,Clemson,Tigers,CLEM,Clemson Tigers,Clemson,F66733,522d80,https://a.espncdn.com/i/teamlogos/ncaa/500/228.png,home,50,false,15,1,16,34.5,20,58,0,21,55.6,10,18,0,13,11,22,0,0.0,0,6,33,0,0,0,52,s:40~l:54~t:52,florida-state-seminoles,Florida State,Seminoles,FSU,Florida State Seminoles,Florida St,782F40,ceb888,https://a.espncdn.com/i/teamlogos/ncaa/500/52.png,80
300140127,2010,2,2010-01-14,2010-01-14T19:00:00.000000-0500,275,s:40~l:54~t:275,wisconsin-badgers,Wisconsin,Badgers,WISC,Wisconsin Badgers,Wisconsin,A00000,f7f7f7,https://a.espncdn.com/i/teamlogos/ncaa/500/275.png,away,48,true,4,3,24,32.7,18,55,0,22,56.3,9,16,4,7,10,10,1,27.3,3,11,37,1,0,0,127,s:40~l:54~t:127,michigan-state-spartans,Michigan State,Spartans,MSU,Michigan State Spartans,Michigan St,18453B,ffffff,https://a.espncdn.com/i/teamlogos/ncaa/500/127.png,45
300140127,2010,2,2010-01-14,2010-01-14T19:00:00.000000-0500,127,s:40~l:54~t:127,michigan-state-spartans,Michigan State,Spartans,MSU,Michigan State Spartans,Michigan St,18453B,ffffff,https://a.espncdn.com/i/teamlogos/ncaa/500/127.png,home,45,false,6,9,29,28.6,14,49,0,16,60.9,14,23,14,14,5,16,1,25.0,3,12,45,1,0,0,275,s:40~l:54~t:275,wisconsin-badgers,Wisconsin,Badgers,WISC,Wisconsin Badgers,Wisconsin,A00000,f7f7f7,https://a.espncdn.com/i/teamlogos/ncaa/500/275.png,48
300130269,2010,2,2010-01-13,2010-01-13T20:00:00.000000-0500,41,s:40~l:54~t:41,uconn-huskies,UConn,Huskies,CONN,UConn Huskies,UConn,0c2340,f1f2f3,https://a.espncdn.com/i/teamlogos/ncaa/500/41.png,away,68,true,17,3,31,39.7,23,58,0,20,75.0,18,24,35,8,17,16,0,36.4,4,11,43,0,0,0,269,s:40~l:54~t:269,marquette-golden-eagles,Marquette,Golden Eagles,MARQ,Marquette Golden Eagles,Marquette,083963,ffffff,https://a.espncdn.com/i/teamlogos/ncaa/500/269.png,43
300130269,2010,2,2010-01-13,2010-01-13T20:00:00.000000-0500,269,s:40~l:54~t:269,marquette-golden-eagles,Marquette,Golden Eagles,MARQ,Marquette Golden Eagles,Marquette,083963,ffffff,https://a.espncdn.com/i/teamlogos/ncaa/500/269.png,home,43,false,9,2,23,20.3,12,59,0,18,70.0,14,20,2,15,10,23,0,33.3,5,15,45,0,0,0,41,s:40~l:54~t:41,uconn-huskies,UConn,Huskies,CONN,UConn Huskies,UConn,0c2340,f1f2f3,https://a.espncdn.com/i/teamlogos/ncaa/500/41.png,68
300130245,2010,2,2010-01-13,2010-01-13T20:00:00.000000-0500,66,s:40~l:54~t:66,iowa-state-cyclones,Iowa State,Cyclones,ISU,Iowa State Cyclones,Iowa State,822433,fdca2f,https://a.espncdn.com/i/teamlogos/ncaa/500/66.png,away,44,false,6,1,18,30.0,15,50,0,17,84.6,11,13,0,10,5,16,0,17.6,3,17,30,0,0,0,245,s:40~l:54~t:245,texas-am-aggies,Texas A&M,Aggies,TA&M,Texas A&M Aggies,Texas A&M,5C0025,ffffff,https://a.espncdn.com/i/teamlogos/ncaa/500/245.png,68
300130245,2010,2,2010-01-13,2010-01-13T20:00:00.000000-0500,245,s:40~l:54~t:245,texas-am-aggies,Texas A&M,Aggies,TA&M,Texas A&M Aggies,Texas A&M,5C0025,ffffff,https://a.espncdn.com/i/teamlogos/ncaa/500/245.png,home,68,true,17,9,25,50.0,26,52,0,14,72.2,13,18,28,8,3,12,0,27.3,3,11,35,0,0,0,66,s:40~l:54~t:66,iowa-state-cyclones,Iowa State,Cyclones,ISU,Iowa State Cyclones,Iowa State,822433,fdca2f,https://a.espncdn.com/i/teamlogos/ncaa/500/66.png,44
300130239,2010,2,2010-01-13,2010-01-13T20:00:00.000000-0500,201,s:40~l:54~t:201,oklahoma-sooners,Oklahoma,Sooners,OU,Oklahoma Sooners,Oklahoma,9d2235,ffffff,https://a.espncdn.com/i/teamlogos/ncaa/500/201.png,away,47,false,5,0,15,30.2,19,63,0,22,100.0,8,8,3,8,6,14,0,6.7,1,15,34,0,0,0,239,s:40~l:54~t:239,baylor-bears,Baylor,Bears,BAY,Baylor Bears,Baylor,154734,ffb81c,https://a.espncdn.com/i/teamlogos/ncaa/500/239.png,57
300130239,2010,2,2010-01-13,2010-01-13T20:00:00.000000-0500,239,s:40~l:54~t:239,baylor-bears,Baylor,Bears,BAY,Baylor Bears,Baylor,154734,ffb81c,https://a.espncdn.com/i/teamlogos/ncaa/500/239.png,home,57,true,9,11,28,41.9,18,43,0,12,60.0,18,30,15,11,7,20,0,37.5,3,8,41,0,0,0,201,s:40~l:54~t:201,oklahoma-sooners,Oklahoma,Sooners,OU,Oklahoma Sooners,Oklahoma,9d2235,ffffff,https://a.espncdn.com/i/teamlogos/ncaa/500/201.png,47
300130183,2010,2,2010-01-13,2010-01-13T19:00:00.000000-0500,164,s:40~l:54~t:164,rutgers-scarlet-knights,Rutgers,Scarlet Knights,RUTG,Rutgers Scarlet Knights,Rutgers,d21034,ffffff,https://a.espncdn.com/i/teamlogos/ncaa/500/164.png,away,66,false,18,5,12,37.0,27,73,0,26,71.4,10,14,7,19,14,18,0,10.5,2,19,36,0,0,0,183,s:40~l:54~t:183,syracuse-orange,Syracuse,Orange,SYR,Syracuse Orange,Syracuse,ff6500,000e54,https://a.espncdn.com/i/teamlogos/ncaa/500/183.png,79
300130183,2010,2,2010-01-13,2010-01-13T19:00:00.000000-0500,183,s:40~l:54~t:183,syracuse-orange,Syracuse,Orange,SYR,Syracuse Orange,Syracuse,ff6500,000e54,https://a.espncdn.com/i/teamlogos/ncaa/500/183.png,home,79,true,12,6,22,42.2,19,45,0,9,82.9,34,41,16,13,11,24,0,46.7,7,15,40,0,0,0,164,s:40~l:54~t:164,rutgers-scarlet-knights,Rutgers,Scarlet Knights,RUTG,Rutgers Scarlet Knights,Rutgers,d21034,ffffff,https://a.espncdn.com/i/teamlogos/ncaa/500/164.png,66
300120087,2010,2,2010-01-12,2010-01-12T19:00:00.000000-0500,58,s:40~l:54~t:58,south-florida-bulls,South Florida,Bulls,USF,South Florida Bulls,South Florida,004A36,231f20,https://a.espncdn.com/i/teamlogos/ncaa/500/58.png,away,64,false,16,3,21,45.3,24,53,0,21,70.6,12,17,1,6,5,20,0,44.4,4,9,30,0,0,0,87,s:40~l:54~t:87,notre-dame-fighting-irish,Notre Dame,Fighting Irish,ND,Notre Dame Fighting Irish,Notre Dame,0c2340,c99700,https://a.espncdn.com/i/teamlogos/ncaa/500/87.png,81
300120087,2010,2,2010-01-12,2010-01-12T19:00:00.000000-0500,87,s:40~l:54~t:87,notre-dame-fighting-irish,Notre Dame,Fighting Irish,ND,Notre Dame Fighting Irish,Notre Dame,0c2340,c99700,https://a.espncdn.com/i/teamlogos/ncaa/500/87.png,home,81,true,25,2,25,45.8,33,72,0,16,64.7,11,17,19,16,9,13,0,28.6,4,14,47,0,0,0,58,s:40~l:54~t:58,south-florida-bulls,South Florida,Bulls,USF,South Florida Bulls,South Florida,004A36,231f20,https://a.espncdn.com/i/teamlogos/ncaa/500/58.png,64
300120158,2010,2,2010-01-12,2010-01-12T20:05:00.000000-0500,251,s:40~l:54~t:251,texas-longhorns,Texas,Longhorns,TEX,Texas Longhorns,Texas,c15d26,ffffff,https://a.espncdn.com/i/teamlogos/ncaa/500/251.png,away,79,false,16,8,20,46.0,29,63,0,24,68.4,13,19,4,12,11,14,0,53.3,8,15,32,0,0,0,158,s:40~l:54~t:158,nebraska-cornhuskers,Nebraska,Cornhuskers,NEB,Nebraska Cornhuskers,Nebraska,F20017,f5f1e7,https://a.espncdn.com/i/teamlogos/ncaa/500/158.png,91
300120158,2010,2,2010-01-12,2010-01-12T20:05:00.000000-0500,158,s:40~l:54~t:158,nebraska-cornhuskers,Nebraska,Cornhuskers,NEB,Nebraska Cornhuskers,Nebraska,F20017,f5f1e7,https://a.espncdn.com/i/teamlogos/ncaa/500/158.png,home,91,true,12,4,23,49.1,27,55,0,15,82.4,28,34,17,10,7,15,0,47.4,9,19,37,0,0,0,251,s:40~l:54~t:251,texas-longhorns,Texas,Longhorns,TEX,Texas Longhorns,Texas,c15d26,ffffff,https://a.espncdn.com/i/teamlogos/ncaa/500/251.png,79
300122305,2010,2,2010-01-12,2010-01-12T12:00:00.000000-0500,197,s:40~l:54~t:197,oklahoma-state-cowgirls,Oklahoma State,Cowgirls,OKST,Oklahoma State Cowgirls,Oklahoma St,ff6500,000000,https://a.espncdn.com/i/teamlogos/ncaa/500/197.png,away,70,true,9,7,19,42.0,29,69,0,15,60.0,6,10,10,19,4,13,0,35.3,6,17,42,0,0,0,2305,s:40~l:54~t:2305,kansas-jayhawks,Kansas,Jayhawks,KU,Kansas Jayhawks,Kansas,0051ba,e8000d,https://a.espncdn.com/i/teamlogos/ncaa/500/2305.png,68
300122305,2010,2,2010-01-12,2010-01-12T12:00:00.000000-0500,2305,s:40~l:54~t:2305,kansas-jayhawks,Kansas,Jayhawks,KU,Kansas Jayhawks,Kansas,0051ba,e8000d,https://a.espncdn.com/i/teamlogos/ncaa/500/2305.png,home,68,false,12,1,21,44.6,25,56,0,14,76.5,13,17,2,11,10,12,0,33.3,5,15,37,0,0,0,197,s:40~l:54~t:197,oklahoma-state-cowgirls,Oklahoma State,Cowgirls,OKST,Oklahoma State Cowgirls,Oklahoma St,ff6500,000000,https://a.espncdn.com/i/teamlogos/ncaa/500/197.png,70
300120277,2010,2,2010-01-12,2010-01-12T19:00:00.000000-0500,222,s:40~l:54~t:222,villanova-wildcats,Villanova,Wildcats,VILL,Villanova Wildcats,Villanova,00205b,13b5ea,https://a.espncdn.com/i/teamlogos/ncaa/500/222.png,away,41,false,10,6,22,37.8,17,45,0,14,50.0,1,2,2,2,3,16,0,31.6,6,19,30,0,0,0,277,s:40~l:54~t:277,west-virginia-mountaineers,West Virginia,Mountaineers,WVU,West Virginia Mountaineers,West Virginia,FFC600,eaaa00,https://a.espncdn.com/i/teamlogos/ncaa/500/277.png,45
300120277,2010,2,2010-01-12,2010-01-12T19:00:00.000000-0500,277,s:40~l:54~t:277,west-virginia-mountaineers,West Virginia,Mountaineers,WVU,West Virginia Mountaineers,West Virginia,FFC600,eaaa00,https://a.espncdn.com/i/teamlogos/ncaa/500/277.png,home,45,true,6,3,25,32.7,17,52,0,11,57.1,8,14,11,9,8,12,0,25.0,3,12,38,0,0,0,222,s:40~l:54~t:222,villanova-wildcats,Villanova,Wildcats,VILL,Villanova Wildcats,Villanova,00205b,13b5ea,https://a.espncdn.com/i/teamlogos/ncaa/500/222.png,41
300110258,2010,2,2010-01-11,2010-01-11T19:30:00.000000-0500,120,s:40~l:54~t:120,maryland-terrapins,Maryland,Terrapins,MD,Maryland Terrapins,Maryland,D5002B,ffcd00,https://a.espncdn.com/i/teamlogos/ncaa/500/120.png,away,61,true,14,6,33,46.0,23,50,0,18,53.3,8,15,9,10,7,28,0,41.2,7,17,47,0,0,0,258,s:40~l:54~t:258,virginia-cavaliers,Virginia,Cavaliers,UVA,Virginia Cavaliers,Virginia,f84c1e,ffffff,https://a.espncdn.com/i/teamlogos/ncaa/500/258.png,60
300110258,2010,2,2010-01-11,2010-01-11T19:30:00.000000-0500,258,s:40~l:54~t:258,virginia-cavaliers,Virginia,Cavaliers,UVA,Virginia Cavaliers,Virginia,f84c1e,ffffff,https://a.espncdn.com/i/teamlogos/ncaa/500/258.png,home,60,false,11,5,19,30.8,24,78,0,17,61.5,8,13,2,16,13,13,0,22.2,4,18,42,0,0,0,120,s:40~l:54~t:120,maryland-terrapins,Maryland,Terrapins,MD,Maryland Terrapins,Maryland,D5002B,ffcd00,https://a.espncdn.com/i/teamlogos/ncaa/500/120.png,61
300112261,2010,2,2010-01-11,2010-01-11T16:30:00.000000-0500,2415,s:40~l:54~t:2415,morgan-state-lady-bears,Morgan State,Lady Bears,MORG,Morgan State Lady Bears,Morgan St,014786,f47937,https://a.espncdn.com/i/teamlogos/ncaa/500/2415.png,away,37,false,6,3,27,27.1,16,59,0,15,50.0,2,4,0,13,4,26,0,17.6,3,17,43,0,0,0,2261,s:40~l:54~t:2261,hampton-lady-pirates,Hampton,Lady Pirates,HAMP,Hampton Lady Pirates,Hampton,0067AC,,https://a.espncdn.com/i/teamlogos/ncaa/500/2261.png,74
300112261,2010,2,2010-01-11,2010-01-11T16:30:00.000000-0500,2261,s:40~l:54~t:2261,hampton-lady-pirates,Hampton,Lady Pirates,HAMP,Hampton Lady Pirates,Hampton,0067AC,,https://a.espncdn.com/i/teamlogos/ncaa/500/2261.png,home,74,true,16,6,27,39.4,28,71,0,11,75.0,12,16,37,13,11,10,0,42.9,6,14,46,0,0,0,2415,s:40~l:54~t:2415,morgan-state-lady-bears,Morgan State,Lady Bears,MORG,Morgan State Lady Bears,Morgan St,014786,f47937,https://a.espncdn.com/i/teamlogos/ncaa/500/2415.png,37
300100026,2010,2,2010-01-10,2010-01-10T17:00:00.000000-0500,24,s:40~l:54~t:24,stanford-cardinal,Stanford,Cardinal,STAN,Stanford Cardinal,Stanford,8c1515,ffffff,https://a.espncdn.com/i/teamlogos/ncaa/500/24.png,away,65,true,13,2,29,37.3,19,51,0,15,87.5,21,24,20,9,2,16,0,40.0,6,15,41,0,0,0,26,s:40~l:54~t:26,ucla-bruins,UCLA,Bruins,UCLA,UCLA Bruins,UCLA,2774ae,f2a900,https://a.espncdn.com/i/teamlogos/ncaa/500/26.png,61
300100026,2010,2,2010-01-10,2010-01-10T17:00:00.000000-0500,26,s:40~l:54~t:26,ucla-bruins,UCLA,Bruins,UCLA,UCLA Bruins,UCLA,2774ae,f2a900,https://a.espncdn.com/i/teamlogos/ncaa/500/26.png,home,61,false,10,1,18,42.1,24,57,0,22,60.0,12,20,0,8,7,9,0,11.1,1,9,30,0,0,0,24,s:40~l:54~t:24,stanford-cardinal,Stanford,Cardinal,STAN,Stanford Cardinal,Stanford,8c1515,ffffff,https://a.espncdn.com/i/teamlogos/ncaa/500/24.png,65
300100344,2010,2,2010-01-10,2010-01-10T14:00:00.000000-0500,2633,s:40~l:54~t:2633,tennessee-lady-volunteers,Tennessee,Lady Volunteers,TENN,Tennessee Lady Volunteers,Tennessee,ff8200,ffffff,https://a.espncdn.com/i/teamlogos/ncaa/500/2633_ncw.png,away,75,true,19,6,30,46.4,32,69,0,11,50.0,5,10,32,13,8,9,0,31.6,6,19,47,0,0,0,344,s:40~l:54~t:344,mississippi-state-bulldogs,Mississippi State,Bulldogs,MSST,Mississippi State Bulldogs,Mississippi St,762123,c8c8c8,https://a.espncdn.com/i/teamlogos/ncaa/500/344.png,48
300100344,2010,2,2010-01-10,2010-01-10T14:00:00.000000-0500,344,s:40~l:54~t:344,mississippi-state-bulldogs,Mississippi State,Bulldogs,MSST,Mississippi State Bulldogs,Mississippi St,762123,c8c8c8,https://a.espncdn.com/i/teamlogos/ncaa/500/344.png,home,48,false,12,1,26,28.1,18,64,0,11,57.1,4,7,0,12,5,17,0,26.7,8,30,40,0,0,0,2633,s:40~l:54~t:2633,tennessee-lady-volunteers,Tennessee,Lady Volunteers,TENN,Tennessee Lady Volunteers,Tennessee,ff8200,ffffff,https://a.espncdn.com/i/teamlogos/ncaa/500/2633_ncw.png,75
300100061,2010,2,2010-01-10,2010-01-10T18:00:00.000000-0500,57,s:40~l:54~t:57,florida-gators,Florida,Gators,FLA,Florida Gators,Florida,0021a5,fa4616,https://a.espncdn.com/i/teamlogos/ncaa/500/57.png,away,52,false,12,2,23,33.9,20,59,0,21,71.4,5,7,0,11,5,21,0,33.3,7,21,40,0,0,0,61,s:40~l:54~t:61,georgia-lady-bulldogs,Georgia,Lady Bulldogs,UGA,Georgia Lady Bulldogs,Georgia,CC0000,000000,https://a.espncdn.com/i/teamlogos/ncaa/500/61.png,61
300100061,2010,2,2010-01-10,2010-01-10T18:00:00.000000-0500,61,s:40~l:54~t:61,georgia-lady-bulldogs,Georgia,Lady Bulldogs,UGA,Georgia Lady Bulldogs,Georgia,CC0000,000000,https://a.espncdn.com/i/teamlogos/ncaa/500/61.png,home,61,true,11,8,20,39.3,22,56,0,12,45.8,11,24,16,13,10,13,0,33.3,6,18,38,0,0,0,57,s:40~l:54~t:57,florida-gators,Florida,Gators,FLA,Florida Gators,Florida,0021a5,fa4616,https://a.espncdn.com/i/teamlogos/ncaa/500/57.png,52
300100150,2010,2,2010-01-10,2010-01-10T13:00:00.000000-0500,154,s:40~l:54~t:154,wake-forest-demon-deacons,Wake Forest,Demon Deacons,WAKE,Wake Forest Demon Deacons,Wake Forest,9E7E38,000000,https://a.espncdn.com/i/teamlogos/ncaa/500/154.png,away,51,false,6,3,18,32.0,16,50,0,19,52.0,13,25,2,9,8,16,0,31.6,6,19,30,0,0,0,150,s:40~l:54~t:150,duke-blue-devils,Duke,Blue Devils,DUKE,Duke Blue Devils,Duke,013088,ffffff,https://a.espncdn.com/i/teamlogos/ncaa/500/150.png,65
300100150,2010,2,2010-01-10,2010-01-10T13:00:00.000000-0500,150,s:40~l:54~t:150,duke-blue-devils,Duke,Blue Devils,DUKE,Duke Blue Devils,Duke,013088,ffffff,https://a.espncdn.com/i/teamlogos/ncaa/500/150.png,home,65,true,10,5,26,41.0,25,61,0,21,54.5,12,22,24,21,7,18,0,23.1,3,13,52,0,0,0,154,s:40~l:54~t:154,wake-forest-demon-deacons,Wake Forest,Demon Deacons,WAKE,Wake Forest Demon Deacons,Wake Forest,9E7E38,000000,https://a.espncdn.com/i/teamlogos/ncaa/500/154.png,51
300100099,2010,2,2010-01-10,2010-01-10T15:00:00.000000-0500,2,s:40~l:54~t:2,auburn-tigers,Auburn,Tigers,AUB,Auburn Tigers,Auburn,03244d,f1f2f3,https://a.espncdn.com/i/teamlogos/ncaa/500/2.png,away,64,true,14,2,30,47.5,28,59,0,17,50.0,4,8,6,11,3,20,0,33.3,4,12,46,0,0,0,99,s:40~l:54~t:99,lsu-tigers,LSU,Tigers,LSU,LSU Tigers,LSU,461d7c,fdd023,https://a.espncdn.com/i/teamlogos/ncaa/500/99.png,62
300100099,2010,2,2010-01-10,2010-01-10T15:00:00.000000-0500,99,s:40~l:54~t:99,lsu-tigers,LSU,Tigers,LSU,LSU Tigers,LSU,461d7c,fdd023,https://a.espncdn.com/i/teamlogos/ncaa/500/99.png,home,62,false,17,7,19,37.3,25,67,0,10,69.2,9,13,7,12,7,10,0,21.4,3,14,34,0,0,0,2,s:40~l:54~t:2,auburn-tigers,Auburn,Tigers,AUB,Auburn Tigers,Auburn,03244d,f1f2f3,https://a.espncdn.com/i/teamlogos/ncaa/500/2.png,64
300102390,2010,2,2010-01-10,2010-01-10T13:00:00.000000-0500,52,s:40~l:54~t:52,florida-state-seminoles,Florida State,Seminoles,FSU,Florida State Seminoles,Florida St,782F40,ceb888,https://a.espncdn.com/i/teamlogos/ncaa/500/52.png,away,70,false,16,5,27,40.3,25,62,0,25,77.3,17,22,4,12,7,25,0,13.0,3,23,44,0,0,0,2390,s:40~l:54~t:2390,miami-hurricanes,Miami,Hurricanes,MIA,Miami Hurricanes,Miami,004325,f0f0f0,https://a.espncdn.com/i/teamlogos/ncaa/500/2390.png,78
300102390,2010,2,2010-01-10,2010-01-10T13:00:00.000000-0500,2390,s:40~l:54~t:2390,miami-hurricanes,Miami,Hurricanes,MIA,Miami Hurricanes,Miami,004325,f0f0f0,https://a.espncdn.com/i/teamlogos/ncaa/500/2390.png,home,78,true,17,2,19,40.0,24,60,0,18,71.9,23,32,14,12,12,19,0,33.3,7,21,40,0,0,0,52,s:40~l:54~t:52,florida-state-seminoles,Florida State,Seminoles,FSU,Florida State Seminoles,Florida St,782F40,ceb888,https://a.espncdn.com/i/teamlogos/ncaa/500/52.png,70
300102752,2010,2,2010-01-10,2010-01-10T15:00:00.000000-0500,218,s:40~l:54~t:218,temple-owls,Temple,Owls,TEM,Temple Owls,Temple,A80532,a7a9ac,https://a.espncdn.com/i/teamlogos/ncaa/500/218.png,away,69,false,12,4,15,42.4,25,59,0,17,46.2,6,13,4,9,6,15,0,68.4,13,19,28,0,0,0,2752,s:40~l:54~t:2752,xavier-musketeers,Xavier,Musketeers,XAV,Xavier Musketeers,Xavier,002144,9ea2a2,https://a.espncdn.com/i/teamlogos/ncaa/500/2752.png,82
300102752,2010,2,2010-01-10,2010-01-10T15:00:00.000000-0500,2752,s:40~l:54~t:2752,xavier-musketeers,Xavier,Musketeers,XAV,Xavier Musketeers,Xavier,002144,9ea2a2,https://a.espncdn.com/i/teamlogos/ncaa/500/2752.png,home,82,true,18,4,23,48.5,32,66,0,12,56.3,9,16,24,17,9,13,1,52.9,9,17,44,1,0,0,218,s:40~l:54~t:218,temple-owls,Temple,Owls,TEM,Temple Owls,Temple,A80532,a7a9ac,https://a.espncdn.com/i/teamlogos/ncaa/500/218.png,69
300100096,2010,2,2010-01-10,2010-01-10T13:00:00.000000-0500,238,s:40~l:54~t:238,vanderbilt-commodores,Vanderbilt,Commodores,VAN,Vanderbilt Commodores,Vanderbilt,000000,231f20,https://a.espncdn.com/i/teamlogos/ncaa/500/238.png,away,53,false,9,3,18,40.4,23,57,0,22,44.4,4,9,10,13,8,26,0,25.0,3,12,40,0,0,0,96,s:40~l:54~t:96,kentucky-wildcats,Kentucky,Wildcats,UK,Kentucky Wildcats,Kentucky,005DAA,ffffff,https://a.espncdn.com/i/teamlogos/ncaa/500/96.png,63
300100096,2010,2,2010-01-10,2010-01-10T13:00:00.000000-0500,96,s:40~l:54~t:96,kentucky-wildcats,Kentucky,Wildcats,UK,Kentucky Wildcats,Kentucky,005DAA,ffffff,https://a.espncdn.com/i/teamlogos/ncaa/500/96.png,home,63,true,5,2,19,31.3,20,64,0,14,66.7,20,30,13,18,14,18,0,23.1,3,13,41,0,0,0,238,s:40~l:54~t:238,vanderbilt-commodores,Vanderbilt,Commodores,VAN,Vanderbilt Commodores,Vanderbilt,000000,231f20,https://a.espncdn.com/i/teamlogos/ncaa/500/238.png,53
300100221,2010,2,2010-01-10,2010-01-10T13:00:00.000000-0500,164,s:40~l:54~t:164,rutgers-scarlet-knights,Rutgers,Scarlet Knights,RUTG,Rutgers Scarlet Knights,Rutgers,d21034,ffffff,https://a.espncdn.com/i/teamlogos/ncaa/500/164.png,away,52,true,11,8,19,37.8,17,45,0,17,60.0,15,25,8,13,8,16,0,20.0,3,15,35,0,0,0,221,s:40~l:54~t:221,pittsburgh-panthers,Pittsburgh,Panthers,PITT,Pittsburgh Panthers,Pitt,003263,231f20,https://a.espncdn.com/i/teamlogos/ncaa/500/221.png,46
300100221,2010,2,2010-01-10,2010-01-10T13:00:00.000000-0500,221,s:40~l:54~t:221,pittsburgh-panthers,Pittsburgh,Panthers,PITT,Pittsburgh Panthers,Pitt,003263,231f20,https://a.espncdn.com/i/teamlogos/ncaa/500/221.png,home,46,false,10,3,21,29.4,15,51,0,19,80.0,12,15,3,12,3,20,0,21.1,4,19,37,0,0,0,164,s:40~l:54~t:164,rutgers-scarlet-knights,Rutgers,Scarlet Knights,RUTG,Rutgers Scarlet Knights,Rutgers,d21034,ffffff,https://a.espncdn.com/i/teamlogos/ncaa/500/164.png,52
300100276,2010,2,2010-01-10,2010-01-10T17:00:00.000000-0500,2572,s:40~l:54~t:2572,southern-miss-golden-eagles,Southern Miss,Golden Eagles,USM,Southern Miss Golden Eagles,Southern Miss,FFAA3C,ffc423,https://a.espncdn.com/i/teamlogos/ncaa/500/2572.png,away,56,false,14,1,23,40.0,22,55,0,11,60.0,6,10,3,5,7,12,0,40.0,6,15,31,0,0,0,276,s:40~l:54~t:276,marshall-thundering-herd,Marshall,Thundering Herd,MRSH,Marshall Thundering Herd,Marshall,00ae42,be854c,https://a.espncdn.com/i/teamlogos/ncaa/500/276.png,58
300100276,2010,2,2010-01-10,2010-01-10T17:00:00.000000-0500,276,s:40~l:54~t:276,marshall-thundering-herd,Marshall,Thundering Herd,MRSH,Marshall Thundering Herd,Marshall,00ae42,be854c,https://a.espncdn.com/i/teamlogos/ncaa/500/276.png,home,58,true,12,4,29,39.0,23,59,0,16,69.2,9,13,12,13,6,15,0,25.0,3,12,43,0,0,0,2572,s:40~l:54~t:2572,southern-miss-golden-eagles,Southern Miss,Golden Eagles,USM,Southern Miss Golden Eagles,Southern Miss,FFAA3C,ffc423,https://a.espncdn.com/i/teamlogos/ncaa/500/2572.png,56
300090041,2010,2,2010-01-09,2010-01-09T16:00:00.000000-0500,153,s:40~l:54~t:153,north-carolina-tar-heels,North Carolina,Tar Heels,UNC,North Carolina Tar Heels,North Carolina,7bafd4,13294b,https://a.espncdn.com/i/teamlogos/ncaa/500/153.png,away,47,false,7,4,23,22.4,17,76,0,22,66.7,10,15,3,17,8,23,0,18.8,3,16,46,0,0,0,41,s:40~l:54~t:41,uconn-huskies,UConn,Huskies,CONN,UConn Huskies,UConn,0c2340,f1f2f3,https://a.espncdn.com/i/teamlogos/ncaa/500/41.png,88
300090041,2010,2,2010-01-09,2010-01-09T16:00:00.000000-0500,41,s:40~l:54~t:41,uconn-huskies,UConn,Huskies,CONN,UConn Huskies,UConn,0c2340,f1f2f3,https://a.espncdn.com/i/teamlogos/ncaa/500/41.png,home,88,true,18,3,37,50.0,36,72,0,13,61.9,13,21,42,14,12,18,0,16.7,3,18,55,0,0,0,153,s:40~l:54~t:153,north-carolina-tar-heels,North Carolina,Tar Heels,UNC,North Carolina Tar Heels,North Carolina,7bafd4,13294b,https://a.espncdn.com/i/teamlogos/ncaa/500/153.png,47
300090087,2010,2,2010-01-09,2010-01-09T14:00:00.000000-0500,222,s:40~l:54~t:222,villanova-wildcats,Villanova,Wildcats,VILL,Villanova Wildcats,Villanova,00205b,13b5ea,https://a.espncdn.com/i/teamlogos/ncaa/500/222.png,away,46,false,14,2,22,43.9,18,41,0,13,50.0,1,2,1,5,6,33,0,47.4,9,19,29,0,0,0,87,s:40~l:54~t:87,notre-dame-fighting-irish,Notre Dame,Fighting Irish,ND,Notre Dame Fighting Irish,Notre Dame,0c2340,c99700,https://a.espncdn.com/i/teamlogos/ncaa/500/87.png,81
300090087,2010,2,2010-01-09,2010-01-09T14:00:00.000000-0500,87,s:40~l:54~t:87,notre-dame-fighting-irish,Notre Dame,Fighting Irish,ND,Notre Dame Fighting Irish,Notre Dame,0c2340,c99700,https://a.espncdn.com/i/teamlogos/ncaa/500/87.png,home,81,true,18,0,16,52.5,32,61,0,7,81.3,13,16,37,4,19,9,0,57.1,4,7,25,0,0,0,222,s:40~l:54~t:222,villanova-wildcats,Villanova,Wildcats,VILL,Villanova Wildcats,Villanova,00205b,13b5ea,https://a.espncdn.com/i/teamlogos/ncaa/500/222.png,46
300090197,2010,2,2010-01-09,2010-01-09T15:30:00.000000-0500,239,s:40~l:54~t:239,baylor-bears,Baylor,Bears,BAY,Baylor Bears,Baylor,154734,ffb81c,https://a.espncdn.com/i/teamlogos/ncaa/500/239.png,away,65,false,16,2,34,41.9,26,62,0,14,52.6,10,19,10,17,1,17,0,25.0,3,12,51,0,0,0,197,s:40~l:54~t:197,oklahoma-state-cowgirls,Oklahoma State,Cowgirls,OKST,Oklahoma State Cowgirls,Oklahoma St,ff6500,000000,https://a.espncdn.com/i/teamlogos/ncaa/500/197.png,78
300090197,2010,2,2010-01-09,2010-01-09T15:30:00.000000-0500,197,s:40~l:54~t:197,oklahoma-state-cowgirls,Oklahoma State,Cowgirls,OKST,Oklahoma State Cowgirls,Oklahoma St,ff6500,000000,https://a.espncdn.com/i/teamlogos/ncaa/500/197.png,home,78,true,7,1,25,39.1,27,69,0,19,75.0,12,16,19,10,6,4,0,32.4,12,37,36,0,0,0,239,s:40~l:54~t:239,baylor-bears,Baylor,Bears,BAY,Baylor Bears,Baylor,154734,ffb81c,https://a.espncdn.com/i/teamlogos/ncaa/500/239.png,65
300090127,2010,2,2010-01-09,2010-01-09T14:00:00.000000-0500,194,s:40~l:54~t:194,ohio-state-buckeyes,Ohio State,Buckeyes,OSU,Ohio State Buckeyes,Ohio State,ce1141,505056,https://a.espncdn.com/i/teamlogos/ncaa/500/194.png,away,65,true,8,5,24,34.6,18,52,0,20,81.5,22,27,5,13,7,22,0,30.4,7,23,41,0,0,0,127,s:40~l:54~t:127,michigan-state-spartans,Michigan State,Spartans,MSU,Michigan State Spartans,Michigan St,18453B,ffffff,https://a.espncdn.com/i/teamlogos/ncaa/500/127.png,62
300090127,2010,2,2010-01-09,2010-01-09T14:00:00.000000-0500,127,s:40~l:54~t:127,michigan-state-spartans,Michigan State,Spartans,MSU,Michigan State Spartans,Michigan St,18453B,ffffff,https://a.espncdn.com/i/teamlogos/ncaa/500/127.png,home,62,false,9,4,22,32.2,19,59,0,20,84.6,22,26,11,14,9,17,0,12.5,2,16,37,0,0,0,194,s:40~l:54~t:194,ohio-state-buckeyes,Ohio State,Buckeyes,OSU,Ohio State Buckeyes,Ohio State,ce1141,505056,https://a.espncdn.com/i/teamlogos/ncaa/500/194.png,65
300090251,2010,2,2010-01-09,2010-01-09T18:00:00.000000-0500,245,s:40~l:54~t:245,texas-am-aggies,Texas A&M,Aggies,TA&M,Texas A&M Aggies,Texas A&M,5C0025,ffffff,https://a.espncdn.com/i/teamlogos/ncaa/500/245.png,away,91,true,16,2,28,54.1,33,61,0,29,63.3,19,30,32,10,14,21,0,60.0,6,10,43,0,0,0,251,s:40~l:54~t:251,texas-longhorns,Texas,Longhorns,TEX,Texas Longhorns,Texas,c15d26,ffffff,https://a.espncdn.com/i/teamlogos/ncaa/500/251.png,70
300090251,2010,2,2010-01-09,2010-01-09T18:00:00.000000-0500,251,s:40~l:54~t:251,texas-longhorns,Texas,Longhorns,TEX,Texas Longhorns,Texas,c15d26,ffffff,https://a.espncdn.com/i/teamlogos/ncaa/500/251.png,home,70,false,10,9,19,32.1,18,56,0,20,69.8,30,43,0,12,10,22,0,23.5,4,17,36,0,0,0,245,s:40~l:54~t:245,texas-am-aggies,Texas A&M,Aggies,TA&M,Texas A&M Aggies,Texas A&M,5C0025,ffffff,https://a.espncdn.com/i/teamlogos/ncaa/500/245.png,91
300090066,2010,2,2010-01-09,2010-01-09T20:00:00.000000-0500,158,s:40~l:54~t:158,nebraska-cornhuskers,Nebraska,Cornhuskers,NEB,Nebraska Cornhuskers,Nebraska,F20017,f5f1e7,https://a.espncdn.com/i/teamlogos/ncaa/500/158.png,away,57,true,9,2,27,37.3,19,51,0,13,61.9,13,21,10,8,2,11,0,23.1,6,26,38,0,0,0,66,s:40~l:54~t:66,iowa-state-cyclones,Iowa State,Cyclones,ISU,Iowa State Cyclones,Iowa State,822433,fdca2f,https://a.espncdn.com/i/teamlogos/ncaa/500/66.png,49
300090066,2010,2,2010-01-09,2010-01-09T20:00:00.000000-0500,66,s:40~l:54~t:66,iowa-state-cyclones,Iowa State,Cyclones,ISU,Iowa State Cyclones,Iowa State,822433,fdca2f,https://a.espncdn.com/i/teamlogos/ncaa/500/66.png,home,49,false,7,2,24,36.4,20,55,0,19,77.8,7,9,4,8,4,12,0,16.7,2,12,35,0,0,0,158,s:40~l:54~t:158,nebraska-cornhuskers,Nebraska,Cornhuskers,NEB,Nebraska Cornhuskers,Nebraska,F20017,f5f1e7,https://a.espncdn.com/i/teamlogos/ncaa/500/158.png,57
300090201,2010,2,2010-01-09,2010-01-09T15:30:00.000000-0500,2641,s:40~l:54~t:2641,texas-tech-lady-raiders,Texas Tech,Lady Raiders,TTU,Texas Tech Lady Raiders,Texas Tech,C80025,231f20,https://a.espncdn.com/i/teamlogos/ncaa/500/2641.png,away,58,false,8,3,16,35.7,20,56,0,19,77.8,14,18,2,7,12,20,0,30.8,4,13,28,0,0,0,201,s:40~l:54~t:201,oklahoma-sooners,Oklahoma,Sooners,OU,Oklahoma Sooners,Oklahoma,9d2235,ffffff,https://a.espncdn.com/i/teamlogos/ncaa/500/201.png,73
300090201,2010,2,2010-01-09,2010-01-09T15:30:00.000000-0500,201,s:40~l:54~t:201,oklahoma-sooners,Oklahoma,Sooners,OU,Oklahoma Sooners,Oklahoma,9d2235,ffffff,https://a.espncdn.com/i/teamlogos/ncaa/500/201.png,home,73,true,16,5,25,50.8,31,61,0,15,64.3,9,14,15,13,8,21,0,18.2,2,11,40,0,0,0,2641,s:40~l:54~t:2641,texas-tech-lady-raiders,Texas Tech,Lady Raiders,TTU,Texas Tech Lady Raiders,Texas Tech,C80025,231f20,https://a.espncdn.com/i/teamlogos/ncaa/500/2641.png,58
300090277,2010,2,2010-01-09,2010-01-09T14:00:00.000000-0500,305,s:40~l:54~t:305,depaul-blue-demons,DePaul,Blue Demons,DEP,DePaul Blue Demons,DePaul,2d649c,ce1125,https://a.espncdn.com/i/teamlogos/ncaa/500/305.png,away,57,false,13,4,29,41.5,22,53,0,20,90.0,9,10,10,6,12,24,0,26.7,4,15,37,0,0,0,277,s:40~l:54~t:277,west-virginia-mountaineers,West Virginia,Mountaineers,WVU,West Virginia Mountaineers,West Virginia,FFC600,eaaa00,https://a.espncdn.com/i/teamlogos/ncaa/500/277.png,64
300090277,2010,2,2010-01-09,2010-01-09T14:00:00.000000-0500,277,s:40~l:54~t:277,west-virginia-mountaineers,West Virginia,Mountaineers,WVU,West Virginia Mountaineers,West Virginia,FFC600,eaaa00,https://a.espncdn.com/i/teamlogos/ncaa/500/277.png,home,64,true,12,3,22,31.9,22,69,0,10,53.8,14,26,7,17,9,17,0,21.4,6,28,46,0,0,0,305,s:40~l:54~t:305,depaul-blue-demons,DePaul,Blue Demons,DEP,DePaul Blue Demons,DePaul,2d649c,ce1125,https://a.espncdn.com/i/teamlogos/ncaa/500/305.png,57
300090058,2010,2,2010-01-09,2010-01-09T19:00:00.000000-0500,46,s:40~l:54~t:46,georgetown-hoyas,Georgetown,Hoyas,GTWN,Georgetown Hoyas,Georgetown,110E42,001c58,https://a.espncdn.com/i/teamlogos/ncaa/500/46.png,away,66,true,16,2,17,41.5,22,53,0,18,66.7,12,18,24,14,16,23,0,34.5,10,29,34,0,0,0,58,s:40~l:54~t:58,south-florida-bulls,South Florida,Bulls,USF,South Florida Bulls,South Florida,004A36,231f20,https://a.espncdn.com/i/teamlogos/ncaa/500/58.png,52
300090058,2010,2,2010-01-09,2010-01-09T19:00:00.000000-0500,58,s:40~l:54~t:58,south-florida-bulls,South Florida,Bulls,USF,South Florida Bulls,South Florida,004A36,231f20,https://a.espncdn.com/i/teamlogos/ncaa/500/58.png,home,52,false,8,3,16,37.0,17,46,0,16,60.0,15,25,2,13,12,31,0,18.8,3,16,36,0,0,0,46,s:40~l:54~t:46,georgetown-hoyas,Georgetown,Hoyas,GTWN,Georgetown Hoyas,Georgetown,110E42,001c58,https://a.espncdn.com/i/teamlogos/ncaa/500/46.png,66
300070041,2010,2,2010-01-07,2010-01-07T19:30:00.000000-0500,2132,s:40~l:54~t:2132,cincinnati-bearcats,Cincinnati,Bearcats,CIN,Cincinnati Bearcats,Cincinnati,000000,717073,https://a.espncdn.com/i/teamlogos/ncaa/500/2132.png,away,51,false,10,2,11,34.4,21,61,0,17,75.0,3,4,0,9,9,15,0,27.3,6,22,25,0,0,0,41,s:40~l:54~t:41,uconn-huskies,UConn,Huskies,CONN,UConn Huskies,UConn,0c2340,f1f2f3,https://a.espncdn.com/i/teamlogos/ncaa/500/41.png,83
300070041,2010,2,2010-01-07,2010-01-07T19:30:00.000000-0500,41,s:40~l:54~t:41,uconn-huskies,UConn,Huskies,CONN,UConn Huskies,UConn,0c2340,f1f2f3,https://a.espncdn.com/i/teamlogos/ncaa/500/41.png,home,83,true,23,11,27,56.9,29,51,0,7,77.3,17,22,32,8,9,17,0,44.4,8,18,38,0,0,0,2132,s:40~l:54~t:2132,cincinnati-bearcats,Cincinnati,Bearcats,CIN,Cincinnati Bearcats,Cincinnati,000000,717073,https://a.espncdn.com/i/teamlogos/ncaa/500/2132.png,51
300072633,2010,2,2010-01-07,2010-01-07T19:00:00.000000-0500,2579,s:40~l:54~t:2579,south-carolina-gamecocks,South Carolina,Gamecocks,SC,South Carolina Gamecocks,South Carolina,73000a,ffffff,https://a.espncdn.com/i/teamlogos/ncaa/500/2579.png,away,62,false,9,0,23,37.1,23,62,0,17,83.3,10,12,6,10,1,13,0,46.2,6,13,37,0,0,0,2633,s:40~l:54~t:2633,tennessee-lady-volunteers,Tennessee,Lady Volunteers,TENN,Tennessee Lady Volunteers,Tennessee,ff8200,ffffff,https://a.espncdn.com/i/teamlogos/ncaa/500/2633_ncw.png,79
300072633,2010,2,2010-01-07,2010-01-07T19:00:00.000000-0500,2633,s:40~l:54~t:2633,tennessee-lady-volunteers,Tennessee,Lady Volunteers,TENN,Tennessee Lady Volunteers,Tennessee,ff8200,ffffff,https://a.espncdn.com/i/teamlogos/ncaa/500/2633_ncw.png,home,79,true,17,11,24,46.8,29,62,0,13,64.7,11,17,21,13,2,7,0,41.7,10,24,38,0,0,0,2579,s:40~l:54~t:2579,south-carolina-gamecocks,South Carolina,Gamecocks,SC,South Carolina Gamecocks,South Carolina,73000a,ffffff,https://a.espncdn.com/i/teamlogos/ncaa/500/2579.png,62
300070061,2010,2,2010-01-07,2010-01-07T19:00:00.000000-0500,96,s:40~l:54~t:96,kentucky-wildcats,Kentucky,Wildcats,UK,Kentucky Wildcats,Kentucky,005DAA,ffffff,https://a.espncdn.com/i/teamlogos/ncaa/500/96.png,away,60,false,6,4,22,31.7,20,63,0,20,66.7,16,24,4,9,11,15,1,23.5,4,17,36,1,0,0,61,s:40~l:54~t:61,georgia-lady-bulldogs,Georgia,Lady Bulldogs,UGA,Georgia Lady Bulldogs,Georgia,CC0000,000000,https://a.espncdn.com/i/teamlogos/ncaa/500/61.png,61
300070061,2010,2,2010-01-07,2010-01-07T19:00:00.000000-0500,61,s:40~l:54~t:61,georgia-lady-bulldogs,Georgia,Lady Bulldogs,UGA,Georgia Lady Bulldogs,Georgia,CC0000,000000,https://a.espncdn.com/i/teamlogos/ncaa/500/61.png,home,61,true,12,11,33,37.9,22,58,0,19,73.7,14,19,12,11,5,24,0,25.0,3,12,49,0,0,0,96,s:40~l:54~t:96,kentucky-wildcats,Kentucky,Wildcats,UK,Kentucky Wildcats,Kentucky,005DAA,ffffff,https://a.espncdn.com/i/teamlogos/ncaa/500/96.png,60
300070228,2010,2,2010-01-07,2010-01-07T19:00:00.000000-0500,150,s:40~l:54~t:150,duke-blue-devils,Duke,Blue Devils,DUKE,Duke Blue Devils,Duke,013088,ffffff,https://a.espncdn.com/i/teamlogos/ncaa/500/150.png,away,67,true,12,4,31,40.3,25,62,0,18,93.3,14,15,34,14,15,21,0,25.0,3,12,48,0,0,0,228,s:40~l:54~t:228,clemson-tigers,Clemson,Tigers,CLEM,Clemson Tigers,Clemson,F66733,522d80,https://a.espncdn.com/i/teamlogos/ncaa/500/228.png,41
300070228,2010,2,2010-01-07,2010-01-07T19:00:00.000000-0500,228,s:40~l:54~t:228,clemson-tigers,Clemson,Tigers,CLEM,Clemson Tigers,Clemson,F66733,522d80,https://a.espncdn.com/i/teamlogos/ncaa/500/228.png,home,41,false,8,7,17,25.0,13,52,0,16,66.7,12,18,2,11,9,23,0,30.0,3,10,31,0,0,0,150,s:40~l:54~t:150,duke-blue-devils,Duke,Blue Devils,DUKE,Duke Blue Devils,Duke,013088,ffffff,https://a.espncdn.com/i/teamlogos/ncaa/500/150.png,67
300070008,2010,2,2010-01-07,2010-01-07T20:00:00.000000-0500,99,s:40~l:54~t:99,lsu-tigers,LSU,Tigers,LSU,LSU Tigers,LSU,461d7c,fdd023,https://a.espncdn.com/i/teamlogos/ncaa/500/99.png,away,65,true,13,1,25,42.1,24,57,0,14,66.7,14,21,29,11,16,22,0,23.1,3,13,42,0,0,0,8,s:40~l:54~t:8,arkansas-razorbacks,Arkansas,Razorbacks,ARK,Arkansas Razorbacks,Arkansas,a41f35,222222,https://a.espncdn.com/i/teamlogos/ncaa/500/8.png,38
300070008,2010,2,2010-01-07,2010-01-07T20:00:00.000000-0500,8,s:40~l:54~t:8,arkansas-razorbacks,Arkansas,Razorbacks,ARK,Arkansas Razorbacks,Arkansas,a41f35,222222,https://a.espncdn.com/i/teamlogos/ncaa/500/8.png,home,38,false,9,4,20,29.8,14,47,0,20,70.0,7,10,8,5,9,29,0,20.0,3,15,27,0,0,0,99,s:40~l:54~t:99,lsu-tigers,LSU,Tigers,LSU,LSU Tigers,LSU,461d7c,fdd023,https://a.espncdn.com/i/teamlogos/ncaa/500/99.png,65
300070052,2010,2,2010-01-07,2010-01-07T19:00:00.000000-0500,258,s:40~l:54~t:258,virginia-cavaliers,Virginia,Cavaliers,UVA,Virginia Cavaliers,Virginia,f84c1e,ffffff,https://a.espncdn.com/i/teamlogos/ncaa/500/258.png,away,50,false,7,2,20,30.9,21,68,0,22,46.2,6,13,6,10,13,17,0,14.3,2,14,34,0,0,0,52,s:40~l:54~t:52,florida-state-seminoles,Florida State,Seminoles,FSU,Florida State Seminoles,Florida St,782F40,ceb888,https://a.espncdn.com/i/teamlogos/ncaa/500/52.png,68
300070052,2010,2,2010-01-07,2010-01-07T19:00:00.000000-0500,52,s:40~l:54~t:52,florida-state-seminoles,Florida State,Seminoles,FSU,Florida State Seminoles,Florida St,782F40,ceb888,https://a.espncdn.com/i/teamlogos/ncaa/500/52.png,home,68,true,12,6,35,39.2,20,51,0,17,76.7,23,30,18,7,8,24,0,33.3,5,15,48,0,0,0,258,s:40~l:54~t:258,virginia-cavaliers,Virginia,Cavaliers,UVA,Virginia Cavaliers,Virginia,f84c1e,ffffff,https://a.espncdn.com/i/teamlogos/ncaa/500/258.png,50
300070344,2010,2,2010-01-07,2010-01-07T21:00:00.000000-0500,238,s:40~l:54~t:238,vanderbilt-commodores,Vanderbilt,Commodores,VAN,Vanderbilt Commodores,Vanderbilt,000000,231f20,https://a.espncdn.com/i/teamlogos/ncaa/500/238.png,away,76,false,14,2,25,49.2,29,59,0,20,66.7,10,15,15,3,3,15,1,42.1,8,19,31,1,0,0,344,s:40~l:54~t:344,mississippi-state-bulldogs,Mississippi State,Bulldogs,MSST,Mississippi State Bulldogs,Mississippi St,762123,c8c8c8,https://a.espncdn.com/i/teamlogos/ncaa/500/344.png,90
300070344,2010,2,2010-01-07,2010-01-07T21:00:00.000000-0500,344,s:40~l:54~t:344,mississippi-state-bulldogs,Mississippi State,Bulldogs,MSST,Mississippi State Bulldogs,Mississippi St,762123,c8c8c8,https://a.espncdn.com/i/teamlogos/ncaa/500/344.png,home,90,true,14,4,24,46.3,31,67,0,22,74.1,20,27,17,16,2,13,0,32.0,8,25,43,0,0,0,238,s:40~l:54~t:238,vanderbilt-commodores,Vanderbilt,Commodores,VAN,Vanderbilt Commodores,Vanderbilt,000000,231f20,https://a.espncdn.com/i/teamlogos/ncaa/500/238.png,76
300070154,2010,2,2010-01-07,2010-01-07T19:00:00.000000-0500,259,s:40~l:54~t:259,virginia-tech-hokies,Virginia Tech,Hokies,VT,Virginia Tech Hokies,Virginia Tech,630031,cf4520,https://a.espncdn.com/i/teamlogos/ncaa/500/259.png,away,63,false,13,3,25,44.9,22,49,0,13,71.4,15,21,7,8,7,19,0,36.4,4,11,33,0,0,0,154,s:40~l:54~t:154,wake-forest-demon-deacons,Wake Forest,Demon Deacons,WAKE,Wake Forest Demon Deacons,Wake Forest,9E7E38,000000,https://a.espncdn.com/i/teamlogos/ncaa/500/154.png,66
300070154,2010,2,2010-01-07,2010-01-07T19:00:00.000000-0500,154,s:40~l:54~t:154,wake-forest-demon-deacons,Wake Forest,Demon Deacons,WAKE,Wake Forest Demon Deacons,Wake Forest,9E7E38,000000,https://a.espncdn.com/i/teamlogos/ncaa/500/154.png,home,66,true,17,6,21,37.7,23,61,0,19,69.2,9,13,12,13,9,16,0,40.7,11,27,36,0,0,0,259,s:40~l:54~t:259,virginia-tech-hokies,Virginia Tech,Hokies,VT,Virginia Tech Hokies,Virginia Tech,630031,cf4520,https://a.espncdn.com/i/teamlogos/ncaa/500/259.png,63
300070135,2010,2,2010-01-07,2010-01-07T20:00:00.000000-0500,77,s:40~l:54~t:77,northwestern-wildcats,Northwestern,Wildcats,NU,Northwestern Wildcats,Northwestern,582c83,ffffff,https://a.espncdn.com/i/teamlogos/ncaa/500/77.png,away,65,false,18,6,21,44.2,23,52,0,11,91.7,11,12,16,5,5,17,0,34.8,8,23,31,0,0,0,135,s:40~l:54~t:135,minnesota-golden-gophers,Minnesota,Golden Gophers,MINN,Minnesota Golden Gophers,Minnesota,981a31,981a31,https://a.espncdn.com/i/teamlogos/ncaa/500/135.png,73
300070135,2010,2,2010-01-07,2010-01-07T20:00:00.000000-0500,135,s:40~l:54~t:135,minnesota-golden-gophers,Minnesota,Golden Gophers,MINN,Minnesota Golden Gophers,Minnesota,981a31,981a31,https://a.espncdn.com/i/teamlogos/ncaa/500/135.png,home,73,true,23,3,19,44.4,28,63,0,12,83.3,10,12,9,12,12,12,0,35.0,7,20,34,0,0,0,77,s:40~l:54~t:77,northwestern-wildcats,Northwestern,Wildcats,NU,Northwestern Wildcats,Northwestern,582c83,ffffff,https://a.espncdn.com/i/teamlogos/ncaa/500/77.png,65
300060153,2010,2,2010-01-06,2010-01-06T19:00:00.000000-0500,59,s:40~l:54~t:59,georgia-tech-yellow-jackets,Georgia Tech,Yellow Jackets,GT,Georgia Tech Yellow Jackets,Georgia Tech,00223e,002c56,https://a.espncdn.com/i/teamlogos/ncaa/500/59.png,away,78,false,22,2,21,42.5,34,80,0,22,42.9,6,14,4,22,12,22,1,20.0,4,20,48,1,0,0,153,s:40~l:54~t:153,north-carolina-tar-heels,North Carolina,Tar Heels,UNC,North Carolina Tar Heels,North Carolina,7bafd4,13294b,https://a.espncdn.com/i/teamlogos/ncaa/500/153.png,89
300060153,2010,2,2010-01-06,2010-01-06T19:00:00.000000-0500,153,s:40~l:54~t:153,north-carolina-tar-heels,North Carolina,Tar Heels,UNC,North Carolina Tar Heels,North Carolina,7bafd4,13294b,https://a.espncdn.com/i/teamlogos/ncaa/500/153.png,home,89,true,22,5,26,51.7,30,58,0,19,75.9,22,29,27,7,11,23,0,50.0,7,14,34,0,0,0,59,s:40~l:54~t:59,georgia-tech-yellow-jackets,Georgia Tech,Yellow Jackets,GT,Georgia Tech Yellow Jackets,Georgia Tech,00223e,002c56,https://a.espncdn.com/i/teamlogos/ncaa/500/59.png,78
300050251,2010,2,2010-01-05,2010-01-05T20:00:00.000000-0500,250,s:40~l:54~t:250,ut-arlington-mavericks,UT Arlington,Mavericks,UTA,UT Arlington Mavericks,UT Arlington,004b7c,f58024,https://a.espncdn.com/i/teamlogos/ncaa/500/250.png,away,41,false,8,3,19,24.6,16,65,0,19,45.5,5,11,2,12,9,20,0,23.5,4,17,35,0,0,0,251,s:40~l:54~t:251,texas-longhorns,Texas,Longhorns,TEX,Texas Longhorns,Texas,c15d26,ffffff,https://a.espncdn.com/i/teamlogos/ncaa/500/251.png,84
300050251,2010,2,2010-01-05,2010-01-05T20:00:00.000000-0500,251,s:40~l:54~t:251,texas-longhorns,Texas,Longhorns,TEX,Texas Longhorns,Texas,c15d26,ffffff,https://a.espncdn.com/i/teamlogos/ncaa/500/251.png,home,84,true,16,5,37,46.3,31,67,0,14,72.2,13,18,43,16,10,17,0,39.1,9,23,54,0,0,0,250,s:40~l:54~t:250,ut-arlington-mavericks,UT Arlington,Mavericks,UTA,UT Arlington Mavericks,UT Arlington,004b7c,f58024,https://a.espncdn.com/i/teamlogos/ncaa/500/250.png,41
300050277,2010,2,2010-01-05,2010-01-05T19:00:00.000000-0500,221,s:40~l:54~t:221,pittsburgh-panthers,Pittsburgh,Panthers,PITT,Pittsburgh Panthers,Pitt,003263,231f20,https://a.espncdn.com/i/teamlogos/ncaa/500/221.png,away,59,false,6,6,27,41.5,22,53,0,22,68.8,11,16,8,9,5,15,0,40.0,4,10,39,0,0,0,277,s:40~l:54~t:277,west-virginia-mountaineers,West Virginia,Mountaineers,WVU,West Virginia Mountaineers,West Virginia,FFC600,eaaa00,https://a.espncdn.com/i/teamlogos/ncaa/500/277.png,63
300050277,2010,2,2010-01-05,2010-01-05T19:00:00.000000-0500,277,s:40~l:54~t:277,west-virginia-mountaineers,West Virginia,Mountaineers,WVU,West Virginia Mountaineers,West Virginia,FFC600,eaaa00,https://a.espncdn.com/i/teamlogos/ncaa/500/277.png,home,63,true,12,6,22,37.3,22,59,0,14,56.5,13,23,8,9,8,10,0,37.5,6,16,39,0,0,0,221,s:40~l:54~t:221,pittsburgh-panthers,Pittsburgh,Panthers,PITT,Pittsburgh Panthers,Pitt,003263,231f20,https://a.espncdn.com/i/teamlogos/ncaa/500/221.png,59
300052599,2010,2,2010-01-05,2010-01-05T19:00:00.000000-0500,269,s:40~l:54~t:269,marquette-golden-eagles,Marquette,Golden Eagles,MARQ,Marquette Golden Eagles,Marquette,083963,ffffff,https://a.espncdn.com/i/teamlogos/ncaa/500/269.png,away,58,false,6,4,22,38.2,21,55,0,25,73.7,14,19,4,7,10,23,0,20.0,2,10,38,0,0,0,2599,s:40~l:54~t:2599,st-johns-red-storm,St. John's,Red Storm,SJU,St. John's Red Storm,St John's,d10000,101010,https://a.espncdn.com/i/teamlogos/ncaa/500/2599.png,71
300052599,2010,2,2010-01-05,2010-01-05T19:00:00.000000-0500,2599,s:40~l:54~t:2599,st-johns-red-storm,St. John's,Red Storm,SJU,St. John's Red Storm,St John's,d10000,101010,https://a.espncdn.com/i/teamlogos/ncaa/500/2599.png,home,71,true,9,1,22,40.0,24,60,0,18,71.4,20,28,15,13,7,14,0,21.4,3,14,38,0,0,0,269,s:40~l:54~t:269,marquette-golden-eagles,Marquette,Golden Eagles,MARQ,Marquette Golden Eagles,Marquette,083963,ffffff,https://a.espncdn.com/i/teamlogos/ncaa/500/269.png,58
300050066,2010,2,2010-01-05,2010-01-05T20:00:00.000000-0500,233,s:40~l:54~t:233,south-dakota-coyotes,South Dakota,Coyotes,SDAK,South Dakota Coyotes,South Dakota,CD1241,f0f0f0,https://a.espncdn.com/i/teamlogos/ncaa/500/233.png,away,43,false,8,4,12,28.8,15,52,0,18,60.0,6,10,2,5,5,10,0,35.0,7,20,21,0,0,0,66,s:40~l:54~t:66,iowa-state-cyclones,Iowa State,Cyclones,ISU,Iowa State Cyclones,Iowa State,822433,fdca2f,https://a.espncdn.com/i/teamlogos/ncaa/500/66.png,68
300050066,2010,2,2010-01-05,2010-01-05T20:00:00.000000-0500,66,s:40~l:54~t:66,iowa-state-cyclones,Iowa State,Cyclones,ISU,Iowa State Cyclones,Iowa State,822433,fdca2f,https://a.espncdn.com/i/teamlogos/ncaa/500/66.png,home,68,true,11,2,29,46.0,23,50,0,14,73.7,14,19,27,13,4,16,0,42.1,8,19,46,0,0,0,233,s:40~l:54~t:233,south-dakota-coyotes,South Dakota,Coyotes,SDAK,South Dakota Coyotes,South Dakota,CD1241,f0f0f0,https://a.espncdn.com/i/teamlogos/ncaa/500/233.png,43
300050305,2010,2,2010-01-05,2010-01-05T21:00:00.000000-0500,97,s:40~l:54~t:97,louisville-cardinals,Louisville,Cardinals,LOU,Louisville Cardinals,Louisville,c9001f,000000,https://a.espncdn.com/i/teamlogos/ncaa/500/97.png,away,70,false,10,2,21,39.1,27,69,0,19,68.4,13,19,11,19,10,22,0,23.1,3,13,44,0,0,0,305,s:40~l:54~t:305,depaul-blue-demons,DePaul,Blue Demons,DEP,DePaul Blue Demons,DePaul,2d649c,ce1125,https://a.espncdn.com/i/teamlogos/ncaa/500/305.png,76
300050305,2010,2,2010-01-05,2010-01-05T21:00:00.000000-0500,305,s:40~l:54~t:305,depaul-blue-demons,DePaul,Blue Demons,DEP,DePaul Blue Demons,DePaul,2d649c,ce1125,https://a.espncdn.com/i/teamlogos/ncaa/500/305.png,home,76,true,16,6,21,41.5,27,65,0,18,73.1,19,26,8,16,13,20,0,21.4,3,14,42,0,0,0,97,s:40~l:54~t:97,louisville-cardinals,Louisville,Cardinals,LOU,Louisville Cardinals,Louisville,c9001f,000000,https://a.espncdn.com/i/teamlogos/ncaa/500/97.png,70
300040041,2010,2,2010-01-04,2010-01-04T19:00:00.000000-0500,58,s:40~l:54~t:58,south-florida-bulls,South Florida,Bulls,USF,South Florida Bulls,South Florida,004A36,231f20,https://a.espncdn.com/i/teamlogos/ncaa/500/58.png,away,42,false,7,0,13,28.3,15,53,0,17,66.7,10,15,0,8,3,17,0,15.4,2,13,31,0,0,0,41,s:40~l:54~t:41,uconn-huskies,UConn,Huskies,CONN,UConn Huskies,UConn,0c2340,f1f2f3,https://a.espncdn.com/i/teamlogos/ncaa/500/41.png,84
300040041,2010,2,2010-01-04,2010-01-04T19:00:00.000000-0500,41,s:40~l:54~t:41,uconn-huskies,UConn,Huskies,CONN,UConn Huskies,UConn,0c2340,f1f2f3,https://a.espncdn.com/i/teamlogos/ncaa/500/41.png,home,84,true,20,6,26,53.4,31,58,0,17,81.3,13,16,45,9,10,11,0,40.9,9,22,38,0,0,0,58,s:40~l:54~t:58,south-florida-bulls,South Florida,Bulls,USF,South Florida Bulls,South Florida,004A36,231f20,https://a.espncdn.com/i/teamlogos/ncaa/500/58.png,42
300042509,2010,2,2010-01-04,2010-01-04T19:00:00.000000-0500,87,s:40~l:54~t:87,notre-dame-fighting-irish,Notre Dame,Fighting Irish,ND,Notre Dame Fighting Irish,Notre Dame,0c2340,c99700,https://a.espncdn.com/i/teamlogos/ncaa/500/87.png,away,79,true,18,5,18,39.4,26,66,0,18,82.6,19,23,6,16,10,9,0,38.1,8,21,36,0,0,0,2509,s:40~l:54~t:2509,purdue-boilermakers,Purdue,Boilermakers,PUR,Purdue Boilermakers,Purdue,000000,cfb991,https://a.espncdn.com/i/teamlogos/ncaa/500/2509.png,75
300042509,2010,2,2010-01-04,2010-01-04T19:00:00.000000-0500,2509,s:40~l:54~t:2509,purdue-boilermakers,Purdue,Boilermakers,PUR,Purdue Boilermakers,Purdue,000000,cfb991,https://a.espncdn.com/i/teamlogos/ncaa/500/2509.png,home,75,false,20,2,20,49.1,27,55,0,16,68.0,17,25,10,8,3,13,0,40.0,4,10,37,0,0,0,87,s:40~l:54~t:87,notre-dame-fighting-irish,Notre Dame,Fighting Irish,ND,Notre Dame Fighting Irish,Notre Dame,0c2340,c99700,https://a.espncdn.com/i/teamlogos/ncaa/500/87.png,79
300040245,2010,2,2010-01-04,2010-01-04T20:00:00.000000-0500,2320,s:40~l:54~t:2320,lamar-cardinals,Lamar,Cardinals,LAM,Lamar Cardinals,Lamar,000000,ebebeb,https://a.espncdn.com/i/teamlogos/ncaa/500/2320.png,away,57,false,11,4,18,32.8,19,58,0,13,66.7,14,21,2,13,12,23,0,27.8,5,18,35,0,0,0,245,s:40~l:54~t:245,texas-am-aggies,Texas A&M,Aggies,TA&M,Texas A&M Aggies,Texas A&M,5C0025,ffffff,https://a.espncdn.com/i/teamlogos/ncaa/500/245.png,90
300040245,2010,2,2010-01-04,2010-01-04T20:00:00.000000-0500,245,s:40~l:54~t:245,texas-am-aggies,Texas A&M,Aggies,TA&M,Texas A&M Aggies,Texas A&M,5C0025,ffffff,https://a.espncdn.com/i/teamlogos/ncaa/500/245.png,home,90,true,25,5,25,43.4,36,83,0,18,87.5,14,16,39,23,11,17,0,30.8,4,13,56,0,0,0,2320,s:40~l:54~t:2320,lamar-cardinals,Lamar,Cardinals,LAM,Lamar Cardinals,Lamar,000000,ebebeb,https://a.espncdn.com/i/teamlogos/ncaa/500/2320.png,57
300040261,2010,2,2010-01-04,2010-01-04T19:00:00.000000-0500,158,s:40~l:54~t:158,nebraska-cornhuskers,Nebraska,Cornhuskers,NEB,Nebraska Cornhuskers,Nebraska,F20017,f5f1e7,https://a.espncdn.com/i/teamlogos/ncaa/500/158.png,away,94,true,17,4,36,58.9,33,56,0,15,80.0,20,25,44,6,4,12,0,44.4,8,18,47,0,0,0,261,s:40~l:54~t:261,vermont-catamounts,Vermont,Catamounts,UVM,Vermont Catamounts,Vermont,154734,ffc72c,https://a.espncdn.com/i/teamlogos/ncaa/500/261.png,50
300040261,2010,2,2010-01-04,2010-01-04T19:00:00.000000-0500,261,s:40~l:54~t:261,vermont-catamounts,Vermont,Catamounts,UVM,Vermont Catamounts,Vermont,154734,ffc72c,https://a.espncdn.com/i/teamlogos/ncaa/500/261.png,home,50,false,6,2,16,28.1,18,64,0,17,73.3,11,15,4,8,7,8,1,21.4,3,14,25,1,0,0,158,s:40~l:54~t:158,nebraska-cornhuskers,Nebraska,Cornhuskers,NEB,Nebraska Cornhuskers,Nebraska,F20017,f5f1e7,https://a.espncdn.com/i/teamlogos/ncaa/500/158.png,94
300042754,2010,2,2010-01-04,2010-01-04T19:05:00.000000-0500,2739,s:40~l:54~t:2739,green-bay-phoenix,Green Bay,Phoenix,GB,Green Bay Phoenix,Green Bay,006633,ffffff,https://a.espncdn.com/i/teamlogos/ncaa/500/2739.png,away,76,true,20,2,17,52.5,31,59,0,14,81.8,9,11,27,10,14,15,0,29.4,5,17,27,0,0,0,2754,s:40~l:54~t:2754,youngstown-state-penguins,Youngstown State,Penguins,YSU,Youngstown State Penguins,Youngstown St,E51937,690717,https://a.espncdn.com/i/teamlogos/ncaa/500/2754.png,60
300042754,2010,2,2010-01-04,2010-01-04T19:05:00.000000-0500,2754,s:40~l:54~t:2754,youngstown-state-penguins,Youngstown State,Penguins,YSU,Youngstown State Penguins,Youngstown St,E51937,690717,https://a.espncdn.com/i/teamlogos/ncaa/500/2754.png,home,60,false,15,0,16,50.0,25,50,0,14,71.4,5,7,6,7,9,25,0,41.7,5,12,28,0,0,0,2739,s:40~l:54~t:2739,green-bay-phoenix,Green Bay,Phoenix,GB,Green Bay Phoenix,Green Bay,006633,ffffff,https://a.espncdn.com/i/teamlogos/ncaa/500/2739.png,76
300040258,2010,2,2010-01-04,2010-01-04T19:00:00.000000-0500,179,s:40~l:54~t:179,st-bonaventure-bonnies,St. Bonaventure,Bonnies,SBU,St. Bonaventure Bonnies,St Bonaventure,70261D,,https://a.espncdn.com/i/teamlogos/ncaa/500/179.png,away,64,false,10,0,9,40.8,20,49,0,16,100.0,16,16,6,6,3,11,1,53.3,8,15,21,1,0,0,258,s:40~l:54~t:258,virginia-cavaliers,Virginia,Cavaliers,UVA,Virginia Cavaliers,Virginia,f84c1e,ffffff,https://a.espncdn.com/i/teamlogos/ncaa/500/258.png,72
300040258,2010,2,2010-01-04,2010-01-04T19:00:00.000000-0500,258,s:40~l:54~t:258,virginia-cavaliers,Virginia,Cavaliers,UVA,Virginia Cavaliers,Virginia,f84c1e,ffffff,https://a.espncdn.com/i/teamlogos/ncaa/500/258.png,home,72,true,13,1,20,50.0,26,52,0,15,88.9,16,18,10,10,6,14,1,40.0,4,10,33,1,0,0,179,s:40~l:54~t:179,st-bonaventure-bonnies,St. Bonaventure,Bonnies,SBU,St. Bonaventure Bonnies,St Bonaventure,70261D,,https://a.espncdn.com/i/teamlogos/ncaa/500/179.png,64
300032633,2010,2,2010-01-03,2010-01-03T19:00:00.000000-0500,201,s:40~l:54~t:201,oklahoma-sooners,Oklahoma,Sooners,OU,Oklahoma Sooners,Oklahoma,9d2235,ffffff,https://a.espncdn.com/i/teamlogos/ncaa/500/201.png,away,75,false,18,3,17,44.6,29,65,0,15,57.1,8,14,10,9,7,16,0,40.9,9,22,31,0,0,0,2633,s:40~l:54~t:2633,tennessee-lady-volunteers,Tennessee,Lady Volunteers,TENN,Tennessee Lady Volunteers,Tennessee,ff8200,ffffff,https://a.espncdn.com/i/teamlogos/ncaa/500/2633_ncw.png,96
300032633,2010,2,2010-01-03,2010-01-03T19:00:00.000000-0500,2633,s:40~l:54~t:2633,tennessee-lady-volunteers,Tennessee,Lady Volunteers,TENN,Tennessee Lady Volunteers,Tennessee,ff8200,ffffff,https://a.espncdn.com/i/teamlogos/ncaa/500/2633_ncw.png,home,96,true,24,9,26,51.3,39,76,0,13,72.7,8,11,27,20,9,17,0,62.5,10,16,48,0,0,0,201,s:40~l:54~t:201,oklahoma-sooners,Oklahoma,Sooners,OU,Oklahoma Sooners,Oklahoma,9d2235,ffffff,https://a.espncdn.com/i/teamlogos/ncaa/500/201.png,75
300030194,2010,2,2010-01-03,2010-01-03T14:00:00.000000-0500,130,s:40~l:54~t:130,michigan-wolverines,Michigan,Wolverines,MICH,Michigan Wolverines,Michigan,00274c,ffcb05,https://a.espncdn.com/i/teamlogos/ncaa/500/130.png,away,56,false,9,7,20,49.1,26,53,0,15,50.0,2,4,8,6,8,18,0,15.4,2,13,29,0,0,0,194,s:40~l:54~t:194,ohio-state-buckeyes,Ohio State,Buckeyes,OSU,Ohio State Buckeyes,Ohio State,ce1141,505056,https://a.espncdn.com/i/teamlogos/ncaa/500/194.png,59
300030194,2010,2,2010-01-03,2010-01-03T14:00:00.000000-0500,194,s:40~l:54~t:194,ohio-state-buckeyes,Ohio State,Buckeyes,OSU,Ohio State Buckeyes,Ohio State,ce1141,505056,https://a.espncdn.com/i/teamlogos/ncaa/500/194.png,home,59,true,10,0,19,40.0,22,55,0,9,68.4,13,19,4,10,6,16,0,15.4,2,13,36,0,0,0,130,s:40~l:54~t:130,michigan-wolverines,Michigan,Wolverines,MICH,Michigan Wolverines,Michigan,00274c,ffcb05,https://a.espncdn.com/i/teamlogos/ncaa/500/130.png,56
300030150,2010,2,2010-01-03,2010-01-03T13:00:00.000000-0500,2507,s:40~l:54~t:2507,providence-friars,Providence,Friars,PROV,Providence Friars,Providence,000000,a3a19e,https://a.espncdn.com/i/teamlogos/ncaa/500/2507.png,away,63,false,16,1,17,35.9,23,64,0,15,69.2,9,13,0,8,11,14,0,34.8,8,23,29,0,0,0,150,s:40~l:54~t:150,duke-blue-devils,Duke,Blue Devils,DUKE,Duke Blue Devils,Duke,013088,ffffff,https://a.espncdn.com/i/teamlogos/ncaa/500/150.png,88
300030150,2010,2,2010-01-03,2010-01-03T13:00:00.000000-0500,150,s:40~l:54~t:150,duke-blue-devils,Duke,Blue Devils,DUKE,Duke Blue Devils,Duke,013088,ffffff,https://a.espncdn.com/i/teamlogos/ncaa/500/150.png,home,88,true,24,8,30,56.3,36,64,0,13,53.3,8,15,34,13,8,18,0,47.1,8,17,45,0,0,0,2507,s:40~l:54~t:2507,providence-friars,Providence,Friars,PROV,Providence Friars,Providence,000000,a3a19e,https://a.espncdn.com/i/teamlogos/ncaa/500/2507.png,63
300030333,2010,2,2010-01-03,2010-01-03T15:00:00.000000-0500,61,s:40~l:54~t:61,georgia-lady-bulldogs,Georgia,Lady Bulldogs,UGA,Georgia Lady Bulldogs,Georgia,CC0000,000000,https://a.espncdn.com/i/teamlogos/ncaa/500/61.png,away,52,true,7,6,31,36.7,22,60,0,10,61.5,8,13,9,11,2,17,0,0.0,0,13,50,0,0,0,333,s:40~l:54~t:333,alabama-crimson-tide,Alabama,Crimson Tide,ALA,Alabama Crimson Tide,Alabama,9e1632,ffffff,https://a.espncdn.com/i/teamlogos/ncaa/500/333.png,44
300030333,2010,2,2010-01-03,2010-01-03T15:00:00.000000-0500,333,s:40~l:54~t:333,alabama-crimson-tide,Alabama,Crimson Tide,ALA,Alabama Crimson Tide,Alabama,9e1632,ffffff,https://a.espncdn.com/i/teamlogos/ncaa/500/333.png,home,44,false,10,5,22,26.5,18,68,0,15,75.0,3,4,11,13,3,13,0,25.0,5,20,42,0,0,0,61,s:40~l:54~t:61,georgia-lady-bulldogs,Georgia,Lady Bulldogs,UGA,Georgia Lady Bulldogs,Georgia,CC0000,000000,https://a.espncdn.com/i/teamlogos/ncaa/500/61.png,52
300032579,2010,2,2010-01-03,2010-01-03T18:00:00.000000-0500,99,s:40~l:54~t:99,lsu-tigers,LSU,Tigers,LSU,LSU Tigers,LSU,461d7c,fdd023,https://a.espncdn.com/i/teamlogos/ncaa/500/99.png,away,70,true,17,8,20,42.9,24,56,0,16,73.9,17,23,23,7,11,8,0,62.5,5,8,28,0,0,0,2579,s:40~l:54~t:2579,south-carolina-gamecocks,South Carolina,Gamecocks,SC,South Carolina Gamecocks,South Carolina,73000a,ffffff,https://a.espncdn.com/i/teamlogos/ncaa/500/2579.png,58
300032579,2010,2,2010-01-03,2010-01-03T18:00:00.000000-0500,2579,s:40~l:54~t:2579,south-carolina-gamecocks,South Carolina,Gamecocks,SC,South Carolina Gamecocks,South Carolina,73000a,ffffff,https://a.espncdn.com/i/teamlogos/ncaa/500/2579.png,home,58,false,7,2,23,39.3,22,56,0,20,78.6,11,14,3,8,3,17,0,25.0,3,12,39,0,0,0,99,s:40~l:54~t:99,lsu-tigers,LSU,Tigers,LSU,LSU Tigers,LSU,461d7c,fdd023,https://a.espncdn.com/i/teamlogos/ncaa/500/99.png,70
300030052,2010,2,2010-01-03,2010-01-03T14:00:00.000000-0500,218,s:40~l:54~t:218,temple-owls,Temple,Owls,TEM,Temple Owls,Temple,A80532,a7a9ac,https://a.espncdn.com/i/teamlogos/ncaa/500/218.png,away,64,false,9,1,20,32.3,21,65,0,25,64.0,16,25,4,19,10,21,0,24.0,6,25,43,0,0,0,52,s:40~l:54~t:52,florida-state-seminoles,Florida State,Seminoles,FSU,Florida State Seminoles,Florida St,782F40,ceb888,https://a.espncdn.com/i/teamlogos/ncaa/500/52.png,77
300030052,2010,2,2010-01-03,2010-01-03T14:00:00.000000-0500,52,s:40~l:54~t:52,florida-state-seminoles,Florida State,Seminoles,FSU,Florida State Seminoles,Florida St,782F40,ceb888,https://a.espncdn.com/i/teamlogos/ncaa/500/52.png,home,77,true,11,4,22,47.2,25,53,0,20,57.6,19,33,13,10,12,20,0,61.5,8,13,38,0,0,0,218,s:40~l:54~t:218,temple-owls,Temple,Owls,TEM,Temple Owls,Temple,A80532,a7a9ac,https://a.espncdn.com/i/teamlogos/ncaa/500/218.png,64
300030084,2010,2,2010-01-03,2010-01-03T12:00:00.000000-0500,127,s:40~l:54~t:127,michigan-state-spartans,Michigan State,Spartans,MSU,Michigan State Spartans,Michigan St,18453B,ffffff,https://a.espncdn.com/i/teamlogos/ncaa/500/127.png,away,53,true,11,6,32,29.3,17,58,0,18,69.6,16,23,12,12,4,20,0,15.8,3,19,52,0,0,0,84,s:40~l:54~t:84,indiana-hoosiers,Indiana,Hoosiers,IU,Indiana Hoosiers,Indiana,990000,edebeb,https://a.espncdn.com/i/teamlogos/ncaa/500/84.png,44
300030084,2010,2,2010-01-03,2010-01-03T12:00:00.000000-0500,84,s:40~l:54~t:84,indiana-hoosiers,Indiana,Hoosiers,IU,Indiana Hoosiers,Indiana,990000,edebeb,https://a.espncdn.com/i/teamlogos/ncaa/500/84.png,home,44,false,3,1,24,23.8,15,63,0,17,76.5,13,17,6,14,7,15,0,5.6,1,18,42,0,0,0,127,s:40~l:54~t:127,michigan-state-spartans,Michigan State,Spartans,MSU,Michigan State Spartans,Michigan St,18453B,ffffff,https://a.espncdn.com/i/teamlogos/ncaa/500/127.png,53
300030238,2010,2,2010-01-03,2010-01-03T15:00:00.000000-0500,145,s:40~l:54~t:145,ole-miss-rebels,Ole Miss,Rebels,MISS,Ole Miss Rebels,Ole Miss,001148,00205b,https://a.espncdn.com/i/teamlogos/ncaa/500/145.png,away,72,false,9,1,15,41.4,24,58,0,23,76.9,20,26,1,17,7,16,0,28.6,4,14,34,0,0,0,238,s:40~l:54~t:238,vanderbilt-commodores,Vanderbilt,Commodores,VAN,Vanderbilt Commodores,Vanderbilt,000000,231f20,https://a.espncdn.com/i/teamlogos/ncaa/500/238.png,86
300030238,2010,2,2010-01-03,2010-01-03T15:00:00.000000-0500,238,s:40~l:54~t:238,vanderbilt-commodores,Vanderbilt,Commodores,VAN,Vanderbilt Commodores,Vanderbilt,000000,231f20,https://a.espncdn.com/i/teamlogos/ncaa/500/238.png,home,86,true,24,1,19,54.5,30,55,0,20,73.9,17,23,17,13,7,15,0,75.0,9,12,33,0,0,0,145,s:40~l:54~t:145,ole-miss-rebels,Ole Miss,Rebels,MISS,Ole Miss Rebels,Ole Miss,001148,00205b,https://a.espncdn.com/i/teamlogos/ncaa/500/145.png,72
300030009,2010,2,2010-01-03,2010-01-03T16:00:00.000000-0500,26,s:40~l:54~t:26,ucla-bruins,UCLA,Bruins,UCLA,UCLA Bruins,UCLA,2774ae,f2a900,https://a.espncdn.com/i/teamlogos/ncaa/500/26.png,away,74,true,16,4,18,59.2,29,49,0,26,62.5,15,24,21,10,14,24,0,20.0,1,5,31,0,0,0,9,s:40~l:54~t:9,arizona-state-sun-devils,Arizona State,Sun Devils,ASU,Arizona State Sun Devils,Arizona State,942139,f1f2f3,https://a.espncdn.com/i/teamlogos/ncaa/500/9.png,56
300030009,2010,2,2010-01-03,2010-01-03T16:00:00.000000-0500,9,s:40~l:54~t:9,arizona-state-sun-devils,Arizona State,Sun Devils,ASU,Arizona State Sun Devils,Arizona State,942139,f1f2f3,https://a.espncdn.com/i/teamlogos/ncaa/500/9.png,home,56,false,8,2,11,34.1,14,41,0,22,71.1,27,38,0,14,10,26,1,9.1,1,11,27,1,0,0,26,s:40~l:54~t:26,ucla-bruins,UCLA,Bruins,UCLA,UCLA Bruins,UCLA,2774ae,f2a900,https://a.espncdn.com/i/teamlogos/ncaa/500/26.png,74
300032182,2010,2,2010-01-03,2010-01-03T13:00:00.000000-0500,256,s:40~l:54~t:256,james-madison-dukes,James Madison,Dukes,JMU,James Madison Dukes,James Madison,450084,cbb778,https://a.espncdn.com/i/teamlogos/ncaa/500/256.png,away,67,false,11,3,18,38.1,24,63,0,18,72.2,13,18,7,23,7,13,0,30.0,6,20,44,0,0,0,2182,s:40~l:54~t:2182,drexel-dragons,Drexel,Dragons,DREX,Drexel Dragons,Drexel,020260,ffd65a,https://a.espncdn.com/i/teamlogos/ncaa/500/2182.png,68
300032182,2010,2,2010-01-03,2010-01-03T13:00:00.000000-0500,2182,s:40~l:54~t:2182,drexel-dragons,Drexel,Dragons,DREX,Drexel Dragons,Drexel,020260,ffd65a,https://a.espncdn.com/i/teamlogos/ncaa/500/2182.png,home,68,true,12,1,17,39.2,20,51,0,13,87.5,21,24,9,5,8,10,0,50.0,7,14,30,0,0,0,256,s:40~l:54~t:256,james-madison-dukes,James Madison,Dukes,JMU,James Madison Dukes,James Madison,450084,cbb778,https://a.espncdn.com/i/teamlogos/ncaa/500/256.png,67
300022550,2010,2,2010-01-02,2010-01-02T14:00:00.000000-0500,41,s:40~l:54~t:41,uconn-huskies,UConn,Huskies,CONN,UConn Huskies,UConn,0c2340,f1f2f3,https://a.espncdn.com/i/teamlogos/ncaa/500/41.png,away,91,true,26,1,30,56.7,38,67,0,8,90.0,9,10,67,8,13,11,0,33.3,6,18,44,0,0,0,2550,s:40~l:54~t:2550,seton-hall-pirates,Seton Hall,Pirates,HALL,Seton Hall Pirates,Seton Hall,0857B1,8a8d8f,https://a.espncdn.com/i/teamlogos/ncaa/500/2550.png,24
300022550,2010,2,2010-01-02,2010-01-02T14:00:00.000000-0500,2550,s:40~l:54~t:2550,seton-hall-pirates,Seton Hall,Pirates,HALL,Seton Hall Pirates,Seton Hall,0857B1,8a8d8f,https://a.espncdn.com/i/teamlogos/ncaa/500/2550.png,home,24,false,6,2,15,17.3,9,52,0,16,66.7,2,3,0,7,2,27,0,19.0,4,21,26,0,0,0,41,s:40~l:54~t:41,uconn-huskies,UConn,Huskies,CONN,UConn Huskies,UConn,0c2340,f1f2f3,https://a.espncdn.com/i/teamlogos/ncaa/500/41.png,91
300020024,2010,2,2010-01-02,2010-01-02T15:00:00.000000-0500,25,s:40~l:54~t:25,california-golden-bears,California,Golden Bears,CAL,California Golden Bears,California,031522,ffc423,https://a.espncdn.com/i/teamlogos/ncaa/500/25.png,away,58,false,13,0,22,35.9,23,64,0,24,35.3,6,17,2,11,3,19,0,31.6,6,19,41,0,0,0,24,s:40~l:54~t:24,stanford-cardinal,Stanford,Cardinal,STAN,Stanford Cardinal,Stanford,8c1515,ffffff,https://a.espncdn.com/i/teamlogos/ncaa/500/24.png,79
300020024,2010,2,2010-01-02,2010-01-02T15:00:00.000000-0500,24,s:40~l:54~t:24,stanford-cardinal,Stanford,Cardinal,STAN,Stanford Cardinal,Stanford,8c1515,ffffff,https://a.espncdn.com/i/teamlogos/ncaa/500/24.png,home,79,true,18,5,28,41.8,28,67,0,17,80.0,20,25,27,15,5,16,0,23.1,3,13,49,0,0,0,25,s:40~l:54~t:25,california-golden-bears,California,Golden Bears,CAL,California Golden Bears,California,031522,ffc423,https://a.espncdn.com/i/teamlogos/ncaa/500/25.png,58
300020239,2010,2,2010-01-02,2010-01-02T20:00:00.000000-0500,326,s:40~l:54~t:326,texas-state-bobcats,Texas State,Bobcats,TXST,Texas State Bobcats,Texas St,4e1719,b4975a,https://a.espncdn.com/i/teamlogos/ncaa/500/326.png,away,18,false,2,1,11,9.3,5,54,0,25,75.0,6,8,0,5,6,28,0,7.4,2,27,19,0,0,0,239,s:40~l:54~t:239,baylor-bears,Baylor,Bears,BAY,Baylor Bears,Baylor,154734,ffb81c,https://a.espncdn.com/i/teamlogos/ncaa/500/239.png,99
300020239,2010,2,2010-01-02,2010-01-02T20:00:00.000000-0500,239,s:40~l:54~t:239,baylor-bears,Baylor,Bears,BAY,Baylor Bears,Baylor,154734,ffb81c,https://a.espncdn.com/i/teamlogos/ncaa/500/239.png,home,99,true,19,6,43,69.2,36,52,0,10,63.2,24,38,81,10,22,23,0,50.0,3,6,54,0,0,0,326,s:40~l:54~t:326,texas-state-bobcats,Texas State,Bobcats,TXST,Texas State Bobcats,Texas St,4e1719,b4975a,https://a.espncdn.com/i/teamlogos/ncaa/500/326.png,18
300020153,2010,2,2010-01-02,2010-01-02T14:00:00.000000-0500,2736,s:40~l:54~t:2736,winston-salem-rams,Winston Salem,Rams,WSSU,Winston Salem Rams,Winston Salem,bb0100,,https://a.espncdn.com/i/teamlogos/ncaa/500/2736.png,away,38,false,7,0,22,21.3,13,61,0,17,76.9,10,13,0,7,8,27,0,10.5,2,19,32,0,0,0,153,s:40~l:54~t:153,north-carolina-tar-heels,North Carolina,Tar Heels,UNC,North Carolina Tar Heels,North Carolina,7bafd4,13294b,https://a.espncdn.com/i/teamlogos/ncaa/500/153.png,101
300020153,2010,2,2010-01-02,2010-01-02T14:00:00.000000-0500,153,s:40~l:54~t:153,north-carolina-tar-heels,North Carolina,Tar Heels,UNC,North Carolina Tar Heels,North Carolina,7bafd4,13294b,https://a.espncdn.com/i/teamlogos/ncaa/500/153.png,home,101,true,28,11,38,54.3,38,70,0,12,69.2,18,26,66,12,22,16,0,35.0,7,20,52,0,0,0,2736,s:40~l:54~t:2736,winston-salem-rams,Winston Salem,Rams,WSSU,Winston Salem Rams,Winston Salem,bb0100,,https://a.espncdn.com/i/teamlogos/ncaa/500/2736.png,38
300020251,2010,2,2010-01-02,2010-01-02T12:00:00.000000-0500,2029,s:40~l:54~t:2029,arkansas-pine-bluff-golden-lions,Arkansas-Pine Bluff,Golden Lions,UAPB,Arkansas-Pine Bluff Golden Lions,AR-Pine Bluff,e0aa0f,eaaa00,https://a.espncdn.com/i/teamlogos/ncaa/500/2029.png,away,53,false,9,2,14,33.3,22,66,0,16,55.6,5,9,0,14,7,26,0,21.1,4,19,34,0,0,0,251,s:40~l:54~t:251,texas-longhorns,Texas,Longhorns,TEX,Texas Longhorns,Texas,c15d26,ffffff,https://a.espncdn.com/i/teamlogos/ncaa/500/251.png,114
300020251,2010,2,2010-01-02,2010-01-02T12:00:00.000000-0500,251,s:40~l:54~t:251,texas-longhorns,Texas,Longhorns,TEX,Texas Longhorns,Texas,c15d26,ffffff,https://a.espncdn.com/i/teamlogos/ncaa/500/251.png,home,114,true,25,9,29,59.7,43,72,0,9,76.0,19,25,61,15,14,9,0,42.9,9,21,46,0,0,0,2029,s:40~l:54~t:2029,arkansas-pine-bluff-golden-lions,Arkansas-Pine Bluff,Golden Lions,UAPB,Arkansas-Pine Bluff Golden Lions,AR-Pine Bluff,e0aa0f,eaaa00,https://a.espncdn.com/i/teamlogos/ncaa/500/2029.png,53
300020269,2010,2,2010-01-02,2010-01-02T20:00:00.000000-0500,221,s:40~l:54~t:221,pittsburgh-panthers,Pittsburgh,Panthers,PITT,Pittsburgh Panthers,Pitt,003263,231f20,https://a.espncdn.com/i/teamlogos/ncaa/500/221.png,away,55,false,8,8,24,26.8,19,71,0,20,71.4,10,14,4,19,4,14,0,29.2,7,24,46,0,0,0,269,s:40~l:54~t:269,marquette-golden-eagles,Marquette,Golden Eagles,MARQ,Marquette Golden Eagles,Marquette,083963,ffffff,https://a.espncdn.com/i/teamlogos/ncaa/500/269.png,66
300020269,2010,2,2010-01-02,2010-01-02T20:00:00.000000-0500,269,s:40~l:54~t:269,marquette-golden-eagles,Marquette,Golden Eagles,MARQ,Marquette Golden Eagles,Marquette,083963,ffffff,https://a.espncdn.com/i/teamlogos/ncaa/500/269.png,home,66,true,18,2,27,42.9,24,56,0,11,60.9,14,23,15,9,8,14,0,36.4,4,11,47,0,0,0,221,s:40~l:54~t:221,pittsburgh-panthers,Pittsburgh,Panthers,PITT,Pittsburgh Panthers,Pitt,003263,231f20,https://a.espncdn.com/i/teamlogos/ncaa/500/221.png,55
300020325,2010,2,2010-01-02,2010-01-02T15:00:00.000000-0500,2739,s:40~l:54~t:2739,green-bay-phoenix,Green Bay,Phoenix,GB,Green Bay Phoenix,Green Bay,006633,ffffff,https://a.espncdn.com/i/teamlogos/ncaa/500/2739.png,away,78,true,24,1,17,48.3,29,60,0,19,76.5,13,17,21,12,13,15,0,29.2,7,24,32,0,0,0,325,s:40~l:54~t:325,cleveland-state-vikings,Cleveland State,Vikings,CLEV,Cleveland State Vikings,Cleveland St,006633,231f20,https://a.espncdn.com/i/teamlogos/ncaa/500/325.png,60
300020325,2010,2,2010-01-02,2010-01-02T15:00:00.000000-0500,325,s:40~l:54~t:325,cleveland-state-vikings,Cleveland State,Vikings,CLEV,Cleveland State Vikings,Cleveland St,006633,231f20,https://a.espncdn.com/i/teamlogos/ncaa/500/325.png,home,60,false,14,2,17,45.7,21,46,0,15,58.8,10,17,0,10,7,24,0,34.8,8,23,31,0,0,0,2739,s:40~l:54~t:2739,green-bay-phoenix,Green Bay,Phoenix,GB,Green Bay Phoenix,Green Bay,006633,ffffff,https://a.espncdn.com/i/teamlogos/ncaa/500/2739.png,78
300020038,2010,2,2010-01-02,2010-01-02T17:30:00.000000-0500,258,s:40~l:54~t:258,virginia-cavaliers,Virginia,Cavaliers,UVA,Virginia Cavaliers,Virginia,f84c1e,ffffff,https://a.espncdn.com/i/teamlogos/ncaa/500/258.png,away,74,true,12,1,27,40.7,22,54,0,20,83.3,25,30,15,12,10,11,0,55.6,5,9,43,0,0,0,38,s:40~l:54~t:38,colorado-buffaloes,Colorado,Buffaloes,COLO,Colorado Buffaloes,Colorado,000000,cfb87c,https://a.espncdn.com/i/teamlogos/ncaa/500/38.png,59
300020038,2010,2,2010-01-02,2010-01-02T17:30:00.000000-0500,38,s:40~l:54~t:38,colorado-buffaloes,Colorado,Buffaloes,COLO,Colorado Buffaloes,Colorado,000000,cfb87c,https://a.espncdn.com/i/teamlogos/ncaa/500/38.png,home,59,false,11,4,19,34.6,18,52,0,22,66.7,12,18,0,8,6,16,0,36.7,11,30,30,0,0,0,258,s:40~l:54~t:258,virginia-cavaliers,Virginia,Cavaliers,UVA,Virginia Cavaliers,Virginia,f84c1e,ffffff,https://a.espncdn.com/i/teamlogos/ncaa/500/258.png,74
300022599,2010,2,2010-01-02,2010-01-02T14:00:00.000000-0500,277,s:40~l:54~t:277,west-virginia-mountaineers,West Virginia,Mountaineers,WVU,West Virginia Mountaineers,West Virginia,FFC600,eaaa00,https://a.espncdn.com/i/teamlogos/ncaa/500/277.png,away,54,true,11,11,30,36.4,20,55,0,22,65.0,13,20,8,7,9,17,0,14.3,1,7,43,0,0,0,2599,s:40~l:54~t:2599,st-johns-red-storm,St. John's,Red Storm,SJU,St. John's Red Storm,St John's,d10000,101010,https://a.espncdn.com/i/teamlogos/ncaa/500/2599.png,50
300022599,2010,2,2010-01-02,2010-01-02T14:00:00.000000-0500,2599,s:40~l:54~t:2599,st-johns-red-storm,St. John's,Red Storm,SJU,St. John's Red Storm,St John's,d10000,101010,https://a.espncdn.com/i/teamlogos/ncaa/500/2599.png,home,50,false,6,7,24,23.8,15,63,0,15,57.1,16,28,5,17,6,16,0,36.4,4,11,50,0,0,0,277,s:40~l:54~t:277,west-virginia-mountaineers,West Virginia,Mountaineers,WVU,West Virginia Mountaineers,West Virginia,FFC600,eaaa00,https://a.espncdn.com/i/teamlogos/ncaa/500/277.png,54
300020183,2010,2,2010-01-02,2010-01-02T17:00:00.000000-0500,46,s:40~l:54~t:46,georgetown-hoyas,Georgetown,Hoyas,GTWN,Georgetown Hoyas,Georgetown,110E42,001c58,https://a.espncdn.com/i/teamlogos/ncaa/500/46.png,away,83,true,15,2,19,35.4,23,65,0,27,93.1,27,29,10,11,15,24,1,41.7,10,24,37,1,0,0,183,s:40~l:54~t:183,syracuse-orange,Syracuse,Orange,SYR,Syracuse Orange,Syracuse,ff6500,000e54,https://a.espncdn.com/i/teamlogos/ncaa/500/183.png,81
300020183,2010,2,2010-01-02,2010-01-02T17:00:00.000000-0500,183,s:40~l:54~t:183,syracuse-orange,Syracuse,Orange,SYR,Syracuse Orange,Syracuse,ff6500,000e54,https://a.espncdn.com/i/teamlogos/ncaa/500/183.png,home,81,false,21,5,27,44.3,27,61,0,20,63.6,21,33,2,16,9,33,1,27.3,6,22,47,1,0,0,46,s:40~l:54~t:46,georgetown-hoyas,Georgetown,Hoyas,GTWN,Georgetown Hoyas,Georgetown,110E42,001c58,https://a.espncdn.com/i/teamlogos/ncaa/500/46.png,83
300022413,2010,2,2010-01-02,2010-01-02T18:30:00.000000-0500,2046,s:40~l:54~t:2046,austin-peay-governors,Austin Peay,Governors,APSU,Austin Peay Governors,Austin Peay,8e0b0b,,https://a.espncdn.com/i/teamlogos/ncaa/500/2046.png,away,56,false,3,5,24,32.1,18,56,0,13,73.9,17,23,1,13,8,18,0,18.8,3,16,40,0,0,0,2413,s:40~l:54~t:2413,morehead-state-eagles,Morehead State,Eagles,MORE,Morehead State Eagles,Morehead St,094FA3,fed91a,https://a.espncdn.com/i/teamlogos/ncaa/500/2413.png,79
300022413,2010,2,2010-01-02,2010-01-02T18:30:00.000000-0500,2413,s:40~l:54~t:2413,morehead-state-eagles,Morehead State,Eagles,MORE,Morehead State Eagles,Morehead St,094FA3,fed91a,https://a.espncdn.com/i/teamlogos/ncaa/500/2413.png,home,79,true,15,3,22,42.6,29,68,0,16,69.2,9,13,27,16,7,10,0,44.4,12,27,44,0,0,0,2046,s:40~l:54~t:2046,austin-peay-governors,Austin Peay,Governors,APSU,Austin Peay Governors,Austin Peay,8e0b0b,,https://a.espncdn.com/i/teamlogos/ncaa/500/2046.png,56
300010009,2010,2,2010-01-01,2010-01-01T16:00:00.000000-0500,30,s:40~l:54~t:30,usc-trojans,USC,Trojans,USC,USC Trojans,USC,9e2237,ffcc00,https://a.espncdn.com/i/teamlogos/ncaa/500/30.png,away,60,true,11,3,21,39.6,21,53,0,14,70.6,12,17,4,7,11,15,0,46.2,6,13,28,0,0,0,9,s:40~l:54~t:9,arizona-state-sun-devils,Arizona State,Sun Devils,ASU,Arizona State Sun Devils,Arizona State,942139,f1f2f3,https://a.espncdn.com/i/teamlogos/ncaa/500/9.png,56
300010009,2010,2,2010-01-01,2010-01-01T16:00:00.000000-0500,9,s:40~l:54~t:9,arizona-state-sun-devils,Arizona State,Sun Devils,ASU,Arizona State Sun Devils,Arizona State,942139,f1f2f3,https://a.espncdn.com/i/teamlogos/ncaa/500/9.png,home,56,false,20,4,27,47.2,25,53,0,19,36.4,4,11,10,10,7,23,0,28.6,2,7,40,0,0,0,30,s:40~l:54~t:30,usc-trojans,USC,Trojans,USC,USC Trojans,USC,9e2237,ffcc00,https://a.espncdn.com/i/teamlogos/ncaa/500/30.png,60
300010096,2010,2,2010-01-01,2010-01-01T19:00:00.000000-0500,2400,s:40~l:54~t:2400,mississippi-valley-state-devilettes,Mississippi Valley State,Devilettes,MVSU,Mississippi Valley State Devilettes,Miss Valley St,005328,cf2d34,https://a.espncdn.com/i/teamlogos/ncaa/500/2400.png,away,48,false,5,4,29,33.3,15,45,0,27,63.0,17,27,2,10,8,38,0,33.3,1,3,42,0,0,0,96,s:40~l:54~t:96,kentucky-wildcats,Kentucky,Wildcats,UK,Kentucky Wildcats,Kentucky,005DAA,ffffff,https://a.espncdn.com/i/teamlogos/ncaa/500/96.png,93
300010096,2010,2,2010-01-01,2010-01-01T19:00:00.000000-0500,96,s:40~l:54~t:96,kentucky-wildcats,Kentucky,Wildcats,UK,Kentucky Wildcats,Kentucky,005DAA,ffffff,https://a.espncdn.com/i/teamlogos/ncaa/500/96.png,home,93,true,13,3,22,47.1,32,68,0,22,56.1,23,41,46,14,20,17,0,30.0,6,20,40,0,0,0,2400,s:40~l:54~t:2400,mississippi-valley-state-devilettes,Mississippi Valley State,Devilettes,MVSU,Mississippi Valley State Devilettes,Miss Valley St,005328,cf2d34,https://a.espncdn.com/i/teamlogos/ncaa/500/2400.png,48
300012483,2010,2,2010-01-01,2010-01-01T22:00:00.000000-0500,264,s:40~l:54~t:264,washington-huskies,Washington,Huskies,WASH,Washington Huskies,Washington,33006f,e8d3a2,https://a.espncdn.com/i/teamlogos/ncaa/500/264.png,away,71,false,13,5,14,45.0,27,60,0,20,54.5,12,22,2,15,12,18,0,41.7,5,12,31,0,0,0,2483,s:40~l:54~t:2483,oregon-ducks,Oregon,Ducks,ORE,Oregon Ducks,Oregon,044520,fee123,https://a.espncdn.com/i/teamlogos/ncaa/500/2483.png,82
300012483,2010,2,2010-01-01,2010-01-01T22:00:00.000000-0500,2483,s:40~l:54~t:2483,oregon-ducks,Oregon,Ducks,ORE,Oregon Ducks,Oregon,044520,fee123,https://a.espncdn.com/i/teamlogos/ncaa/500/2483.png,home,82,true,20,4,20,50.0,27,54,0,17,75.0,15,20,17,9,10,19,0,56.5,13,23,35,0,0,0,264,s:40~l:54~t:264,washington-huskies,Washington,Huskies,WASH,Washington Huskies,Washington,33006f,e8d3a2,https://a.espncdn.com/i/teamlogos/ncaa/500/264.png,71
293650087,2010,2,2009-12-31,2009-12-31T14:00:00.000000-0500,238,s:40~l:54~t:238,vanderbilt-commodores,Vanderbilt,Commodores,VAN,Vanderbilt Commodores,Vanderbilt,000000,231f20,https://a.espncdn.com/i/teamlogos/ncaa/500/238.png,away,69,false,19,4,25,41.8,28,67,0,20,53.3,8,15,8,9,8,14,0,33.3,5,15,41,0,0,0,87,s:40~l:54~t:87,notre-dame-fighting-irish,Notre Dame,Fighting Irish,ND,Notre Dame Fighting Irish,Notre Dame,0c2340,c99700,https://a.espncdn.com/i/teamlogos/ncaa/500/87.png,74
293650087,2010,2,2009-12-31,2009-12-31T14:00:00.000000-0500,87,s:40~l:54~t:87,notre-dame-fighting-irish,Notre Dame,Fighting Irish,ND,Notre Dame Fighting Irish,Notre Dame,0c2340,c99700,https://a.espncdn.com/i/teamlogos/ncaa/500/87.png,home,74,true,19,10,30,37.5,27,72,0,17,54.2,13,24,14,22,7,15,0,41.2,7,17,56,0,0,0,238,s:40~l:54~t:238,vanderbilt-commodores,Vanderbilt,Commodores,VAN,Vanderbilt Commodores,Vanderbilt,000000,231f20,https://a.espncdn.com/i/teamlogos/ncaa/500/238.png,69
293650153,2010,2,2009-12-31,2009-12-31T14:00:00.000000-0500,2193,s:40~l:54~t:2193,east-tennessee-state-bucs,East Tennessee State,Bucs,ETSU,East Tennessee State Bucs,ETSU,002d61,ffc423,https://a.espncdn.com/i/teamlogos/ncaa/500/2193.png,away,65,false,14,3,22,31.0,27,87,0,22,60.0,3,5,2,16,7,26,0,32.0,8,25,46,0,0,0,153,s:40~l:54~t:153,north-carolina-tar-heels,North Carolina,Tar Heels,UNC,North Carolina Tar Heels,North Carolina,7bafd4,13294b,https://a.espncdn.com/i/teamlogos/ncaa/500/153.png,104
293650153,2010,2,2009-12-31,2009-12-31T14:00:00.000000-0500,153,s:40~l:54~t:153,north-carolina-tar-heels,North Carolina,Tar Heels,UNC,North Carolina Tar Heels,North Carolina,7bafd4,13294b,https://a.espncdn.com/i/teamlogos/ncaa/500/153.png,home,104,true,23,8,36,43.5,40,92,0,13,64.5,20,31,41,31,14,22,0,25.0,4,16,72,0,0,0,2193,s:40~l:54~t:2193,east-tennessee-state-bucs,East Tennessee State,Bucs,ETSU,East Tennessee State Bucs,ETSU,002d61,ffc423,https://a.espncdn.com/i/teamlogos/ncaa/500/2193.png,65
293650218,2010,2,2009-12-31,2009-12-31T14:00:00.000000-0500,150,s:40~l:54~t:150,duke-blue-devils,Duke,Blue Devils,DUKE,Duke Blue Devils,Duke,013088,ffffff,https://a.espncdn.com/i/teamlogos/ncaa/500/150.png,away,70,true,10,0,14,33.9,19,56,0,20,77.1,27,35,10,18,11,19,0,26.3,5,19,40,0,0,0,218,s:40~l:54~t:218,temple-owls,Temple,Owls,TEM,Temple Owls,Temple,A80532,a7a9ac,https://a.espncdn.com/i/teamlogos/ncaa/500/218.png,62
293650218,2010,2,2009-12-31,2009-12-31T14:00:00.000000-0500,218,s:40~l:54~t:218,temple-owls,Temple,Owls,TEM,Temple Owls,Temple,A80532,a7a9ac,https://a.espncdn.com/i/teamlogos/ncaa/500/218.png,home,62,false,15,5,14,47.6,20,42,0,23,73.9,17,23,4,6,10,25,0,33.3,5,15,27,0,0,0,150,s:40~l:54~t:150,duke-blue-devils,Duke,Blue Devils,DUKE,Duke Blue Devils,Duke,013088,ffffff,https://a.espncdn.com/i/teamlogos/ncaa/500/150.png,70
293650127,2010,2,2009-12-31,2009-12-31T14:00:00.000000-0500,130,s:40~l:54~t:130,michigan-wolverines,Michigan,Wolverines,MICH,Michigan Wolverines,Michigan,00274c,ffcb05,https://a.espncdn.com/i/teamlogos/ncaa/500/130.png,away,71,false,14,0,18,47.4,27,57,0,20,77.8,7,9,7,7,9,20,1,41.7,10,24,30,1,0,0,127,s:40~l:54~t:127,michigan-state-spartans,Michigan State,Spartans,MSU,Michigan State Spartans,Michigan St,18453B,ffffff,https://a.espncdn.com/i/teamlogos/ncaa/500/127.png,86
293650127,2010,2,2009-12-31,2009-12-31T14:00:00.000000-0500,127,s:40~l:54~t:127,michigan-state-spartans,Michigan State,Spartans,MSU,Michigan State Spartans,Michigan St,18453B,ffffff,https://a.espncdn.com/i/teamlogos/ncaa/500/127.png,home,86,true,23,4,19,48.3,29,60,0,13,72.0,18,25,20,16,10,17,1,50.0,10,20,37,1,0,0,130,s:40~l:54~t:130,michigan-wolverines,Michigan,Wolverines,MICH,Michigan Wolverines,Michigan,00274c,ffcb05,https://a.espncdn.com/i/teamlogos/ncaa/500/130.png,71
293650221,2010,2,2009-12-31,2009-12-31T13:00:00.000000-0500,116,s:40~l:54~t:116,mount-st-marys-mountaineers,Mount St. Mary's,Mountaineers,MSM,Mount St. Mary's Mountaineers,Mount St Mary,005596,ebebeb,https://a.espncdn.com/i/teamlogos/ncaa/500/116.png,away,47,false,9,4,21,24.6,15,61,0,19,71.4,10,14,0,11,7,20,0,24.1,7,29,40,0,0,0,221,s:40~l:54~t:221,pittsburgh-panthers,Pittsburgh,Panthers,PITT,Pittsburgh Panthers,Pitt,003263,231f20,https://a.espncdn.com/i/teamlogos/ncaa/500/221.png,57
293650221,2010,2,2009-12-31,2009-12-31T13:00:00.000000-0500,221,s:40~l:54~t:221,pittsburgh-panthers,Pittsburgh,Panthers,PITT,Pittsburgh Panthers,Pitt,003263,231f20,https://a.espncdn.com/i/teamlogos/ncaa/500/221.png,home,57,true,13,12,27,33.9,19,56,0,18,53.8,14,26,21,18,4,26,0,38.5,5,13,52,0,0,0,116,s:40~l:54~t:116,mount-st-marys-mountaineers,Mount St. Mary's,Mountaineers,MSM,Mount St. Mary's Mountaineers,Mount St Mary,005596,ebebeb,https://a.espncdn.com/i/teamlogos/ncaa/500/116.png,47
293640278,2010,2,2009-12-30,2009-12-30T22:00:00.000000-0500,24,s:40~l:54~t:24,stanford-cardinal,Stanford,Cardinal,STAN,Stanford Cardinal,Stanford,8c1515,ffffff,https://a.espncdn.com/i/teamlogos/ncaa/500/24.png,away,68,true,19,7,34,44.4,28,63,0,15,70.0,7,10,32,16,4,13,0,29.4,5,17,53,0,0,0,278,s:40~l:54~t:278,fresno-state-bulldogs,Fresno State,Bulldogs,FRES,Fresno State Bulldogs,Fresno St,c41230,231f20,https://a.espncdn.com/i/teamlogos/ncaa/500/278.png,46
293640278,2010,2,2009-12-30,2009-12-30T22:00:00.000000-0500,278,s:40~l:54~t:278,fresno-state-bulldogs,Fresno State,Bulldogs,FRES,Fresno State Bulldogs,Fresno St,c41230,231f20,https://a.espncdn.com/i/teamlogos/ncaa/500/278.png,home,46,false,4,1,18,28.8,17,59,0,15,75.0,9,12,3,9,7,7,0,15.8,3,19,29,0,0,0,24,s:40~l:54~t:24,stanford-cardinal,Stanford,Cardinal,STAN,Stanford Cardinal,Stanford,8c1515,ffffff,https://a.espncdn.com/i/teamlogos/ncaa/500/24.png,68
293640239,2010,2,2009-12-30,2009-12-30T20:00:00.000000-0500,292,s:40~l:54~t:292,ut-rio-grande-valley-vaqueros,UT Rio Grande Valley,Vaqueros,RGV,UT Rio Grande Valley Vaqueros,UT Rio Grande,dc6000,e1732d,https://a.espncdn.com/i/teamlogos/ncaa/500/292.png,away,46,false,4,2,17,25.0,17,68,0,21,70.0,7,10,0,9,4,17,0,23.8,5,21,28,0,0,0,239,s:40~l:54~t:239,baylor-bears,Baylor,Bears,BAY,Baylor Bears,Baylor,154734,ffb81c,https://a.espncdn.com/i/teamlogos/ncaa/500/239.png,100
293640239,2010,2,2009-12-30,2009-12-30T20:00:00.000000-0500,239,s:40~l:54~t:239,baylor-bears,Baylor,Bears,BAY,Baylor Bears,Baylor,154734,ffb81c,https://a.espncdn.com/i/teamlogos/ncaa/500/239.png,home,100,true,21,10,43,58.7,37,63,0,13,67.7,21,31,56,14,8,20,0,55.6,5,9,58,0,0,0,292,s:40~l:54~t:292,ut-rio-grande-valley-vaqueros,UT Rio Grande Valley,Vaqueros,RGV,UT Rio Grande Valley Vaqueros,UT Rio Grande,dc6000,e1732d,https://a.espncdn.com/i/teamlogos/ncaa/500/292.png,46
293640167,2010,2,2009-12-30,2009-12-30T21:00:00.000000-0500,245,s:40~l:54~t:245,texas-am-aggies,Texas A&M,Aggies,TA&M,Texas A&M Aggies,Texas A&M,5C0025,ffffff,https://a.espncdn.com/i/teamlogos/ncaa/500/245.png,away,84,true,23,7,21,55.4,31,56,0,22,80.0,16,20,15,9,6,13,0,37.5,6,16,33,0,0,0,167,s:40~l:54~t:167,new-mexico-lobos,New Mexico,Lobos,UNM,New Mexico Lobos,New Mexico,000000,231f20,https://a.espncdn.com/i/teamlogos/ncaa/500/167.png,69
293640167,2010,2,2009-12-30,2009-12-30T21:00:00.000000-0500,167,s:40~l:54~t:167,new-mexico-lobos,New Mexico,Lobos,UNM,New Mexico Lobos,New Mexico,000000,231f20,https://a.espncdn.com/i/teamlogos/ncaa/500/167.png,home,69,false,11,0,16,35.2,19,54,0,16,89.3,25,28,8,10,9,13,0,40.0,6,15,31,0,0,0,245,s:40~l:54~t:245,texas-am-aggies,Texas A&M,Aggies,TA&M,Texas A&M Aggies,Texas A&M,5C0025,ffffff,https://a.espncdn.com/i/teamlogos/ncaa/500/245.png,84
293642752,2010,2,2009-12-30,2009-12-30T19:00:00.000000-0500,99,s:40~l:54~t:99,lsu-tigers,LSU,Tigers,LSU,LSU Tigers,LSU,461d7c,fdd023,https://a.espncdn.com/i/teamlogos/ncaa/500/99.png,away,56,true,14,5,27,38.2,21,55,0,16,50.0,11,22,13,4,14,7,0,16.7,3,18,34,0,0,0,2752,s:40~l:54~t:2752,xavier-musketeers,Xavier,Musketeers,XAV,Xavier Musketeers,Xavier,002144,9ea2a2,https://a.espncdn.com/i/teamlogos/ncaa/500/2752.png,47
293642752,2010,2,2009-12-30,2009-12-30T19:00:00.000000-0500,2752,s:40~l:54~t:2752,xavier-musketeers,Xavier,Musketeers,XAV,Xavier Musketeers,Xavier,002144,9ea2a2,https://a.espncdn.com/i/teamlogos/ncaa/500/2752.png,home,47,false,8,4,31,31.4,16,51,0,18,55.0,11,20,0,13,2,21,1,36.4,4,11,47,1,0,0,99,s:40~l:54~t:99,lsu-tigers,LSU,Tigers,LSU,LSU Tigers,LSU,461d7c,fdd023,https://a.espncdn.com/i/teamlogos/ncaa/500/99.png,56
293640052,2010,2,2009-12-30,2009-12-30T19:00:00.000000-0500,2717,s:40~l:54~t:2717,western-carolina-catamounts,Western Carolina,Catamounts,WCU,Western Carolina Catamounts,W Carolina,492F91,bf9e70,https://a.espncdn.com/i/teamlogos/ncaa/500/2717.png,away,47,false,8,2,15,31.4,16,51,0,16,60.0,12,20,1,9,3,17,0,23.1,3,13,31,0,0,0,52,s:40~l:54~t:52,florida-state-seminoles,Florida State,Seminoles,FSU,Florida State Seminoles,Florida St,782F40,ceb888,https://a.espncdn.com/i/teamlogos/ncaa/500/52.png,80
293640052,2010,2,2009-12-30,2009-12-30T19:00:00.000000-0500,52,s:40~l:54~t:52,florida-state-seminoles,Florida State,Seminoles,FSU,Florida State Seminoles,Florida St,782F40,ceb888,https://a.espncdn.com/i/teamlogos/ncaa/500/52.png,home,80,true,20,8,26,48.2,27,56,0,18,70.8,17,24,33,12,7,11,0,45.0,9,20,40,0,0,0,2717,s:40~l:54~t:2717,western-carolina-catamounts,Western Carolina,Catamounts,WCU,Western Carolina Catamounts,W Carolina,492F91,bf9e70,https://a.espncdn.com/i/teamlogos/ncaa/500/2717.png,47
293640158,2010,2,2009-12-30,2009-12-30T16:05:00.000000-0500,399,s:40~l:54~t:399,albany-great-danes,Albany,Great Danes,ALB,Albany Great Danes,Albany,3D2777,ffffff,https://a.espncdn.com/i/teamlogos/ncaa/500/399.png,away,41,false,8,3,18,27.4,17,62,0,17,40.0,2,5,0,5,10,20,0,29.4,5,17,26,0,0,0,158,s:40~l:54~t:158,nebraska-cornhuskers,Nebraska,Cornhuskers,NEB,Nebraska Cornhuskers,Nebraska,F20017,f5f1e7,https://a.espncdn.com/i/teamlogos/ncaa/500/158.png,88
293640158,2010,2,2009-12-30,2009-12-30T16:05:00.000000-0500,158,s:40~l:54~t:158,nebraska-cornhuskers,Nebraska,Cornhuskers,NEB,Nebraska Cornhuskers,Nebraska,F20017,f5f1e7,https://a.espncdn.com/i/teamlogos/ncaa/500/158.png,home,88,true,16,10,39,50.0,31,62,0,9,81.8,18,22,51,11,9,19,0,32.0,8,25,52,0,0,0,399,s:40~l:54~t:399,albany-great-danes,Albany,Great Danes,ALB,Albany Great Danes,Albany,3D2777,ffffff,https://a.espncdn.com/i/teamlogos/ncaa/500/399.png,41
293640201,2010,2,2009-12-30,2009-12-30T20:00:00.000000-0500,2239,s:40~l:54~t:2239,cal-state-fullerton-titans,Cal State Fullerton,Titans,CSUF,Cal State Fullerton Titans,Fullerton,003767,ff8300,https://a.espncdn.com/i/teamlogos/ncaa/500/2239.png,away,76,false,12,0,14,41.5,27,65,0,17,73.7,14,19,3,11,11,18,0,34.8,8,23,30,0,0,0,201,s:40~l:54~t:201,oklahoma-sooners,Oklahoma,Sooners,OU,Oklahoma Sooners,Oklahoma,9d2235,ffffff,https://a.espncdn.com/i/teamlogos/ncaa/500/201.png,95
293640201,2010,2,2009-12-30,2009-12-30T20:00:00.000000-0500,201,s:40~l:54~t:201,oklahoma-sooners,Oklahoma,Sooners,OU,Oklahoma Sooners,Oklahoma,9d2235,ffffff,https://a.espncdn.com/i/teamlogos/ncaa/500/201.png,home,95,true,25,3,24,60.9,39,64,0,16,60.0,9,15,21,10,11,19,0,53.3,8,15,38,0,0,0,2239,s:40~l:54~t:2239,cal-state-fullerton-titans,Cal State Fullerton,Titans,CSUF,Cal State Fullerton Titans,Fullerton,003767,ff8300,https://a.espncdn.com/i/teamlogos/ncaa/500/2239.png,76
293640256,2010,2,2009-12-30,2009-12-30T19:00:00.000000-0500,2711,s:40~l:54~t:2711,western-michigan-broncos,Western Michigan,Broncos,WMU,Western Michigan Broncos,W Michigan,532e1f,8b7f79,https://a.espncdn.com/i/teamlogos/ncaa/500/2711.png,away,65,false,12,2,23,28.3,17,60,0,20,78.8,26,33,3,12,8,21,0,20.8,5,24,39,0,0,0,256,s:40~l:54~t:256,james-madison-dukes,James Madison,Dukes,JMU,James Madison Dukes,James Madison,450084,cbb778,https://a.espncdn.com/i/teamlogos/ncaa/500/256.png,74
293640256,2010,2,2009-12-30,2009-12-30T19:00:00.000000-0500,256,s:40~l:54~t:256,james-madison-dukes,James Madison,Dukes,JMU,James Madison Dukes,James Madison,450084,cbb778,https://a.espncdn.com/i/teamlogos/ncaa/500/256.png,home,74,true,14,3,26,40.9,27,66,0,25,72.2,13,18,23,13,9,21,0,36.8,7,19,43,0,0,0,2711,s:40~l:54~t:2711,western-michigan-broncos,Western Michigan,Broncos,WMU,Western Michigan Broncos,W Michigan,532e1f,8b7f79,https://a.espncdn.com/i/teamlogos/ncaa/500/2711.png,65
293640277,2010,2,2009-12-30,2009-12-30T19:00:00.000000-0500,2541,s:40~l:54~t:2541,santa-clara-broncos,Santa Clara,Broncos,SCU,Santa Clara Broncos,Santa Clara,690b0b,101010,https://a.espncdn.com/i/teamlogos/ncaa/500/2541.png,away,55,false,8,2,19,36.2,21,58,0,21,50.0,5,10,6,9,6,21,0,40.0,8,20,38,0,0,0,277,s:40~l:54~t:277,west-virginia-mountaineers,West Virginia,Mountaineers,WVU,West Virginia Mountaineers,West Virginia,FFC600,eaaa00,https://a.espncdn.com/i/teamlogos/ncaa/500/277.png,78
293640277,2010,2,2009-12-30,2009-12-30T19:00:00.000000-0500,277,s:40~l:54~t:277,west-virginia-mountaineers,West Virginia,Mountaineers,WVU,West Virginia Mountaineers,West Virginia,FFC600,eaaa00,https://a.espncdn.com/i/teamlogos/ncaa/500/277.png,home,78,true,13,9,21,48.3,28,58,0,16,60.9,14,23,23,16,14,14,0,40.0,8,20,41,0,0,0,2541,s:40~l:54~t:2541,santa-clara-broncos,Santa Clara,Broncos,SCU,Santa Clara Broncos,Santa Clara,690b0b,101010,https://a.espncdn.com/i/teamlogos/ncaa/500/2541.png,55
293640021,2010,2,2009-12-30,2009-12-30T22:00:00.000000-0500,2,s:40~l:54~t:2,auburn-tigers,Auburn,Tigers,AUB,Auburn Tigers,Auburn,03244d,f1f2f3,https://a.espncdn.com/i/teamlogos/ncaa/500/2.png,away,55,false,12,1,14,34.3,24,70,0,15,53.8,7,13,4,18,11,9,0,0.0,0,11,34,0,0,0,21,s:40~l:54~t:21,san-diego-state-aztecs,San Diego State,Aztecs,SDSU,San Diego State Aztecs,San Diego St,BF2C37,a8996e,https://a.espncdn.com/i/teamlogos/ncaa/500/21.png,66
293640021,2010,2,2009-12-30,2009-12-30T22:00:00.000000-0500,21,s:40~l:54~t:21,san-diego-state-aztecs,San Diego State,Aztecs,SDSU,San Diego State Aztecs,San Diego St,BF2C37,a8996e,https://a.espncdn.com/i/teamlogos/ncaa/500/21.png,home,66,true,15,5,27,52.1,25,48,0,14,82.4,14,17,15,8,8,18,0,33.3,2,6,39,0,0,0,2,s:40~l:54~t:2,auburn-tigers,Auburn,Tigers,AUB,Auburn Tigers,Auburn,03244d,f1f2f3,https://a.espncdn.com/i/teamlogos/ncaa/500/2.png,55
293632116,2010,2,2009-12-29,2009-12-29T12:00:00.000000-0500,87,s:40~l:54~t:87,notre-dame-fighting-irish,Notre Dame,Fighting Irish,ND,Notre Dame Fighting Irish,Notre Dame,0c2340,c99700,https://a.espncdn.com/i/teamlogos/ncaa/500/87.png,away,85,true,14,5,17,50.8,31,61,0,17,64.7,22,34,34,11,21,17,0,11.1,1,9,33,0,0,0,2116,s:40~l:54~t:2116,ucf-knights,UCF,Knights,UCF,UCF Knights,UCF,000000,231f20,https://a.espncdn.com/i/teamlogos/ncaa/500/2116.png,52
293632116,2010,2,2009-12-29,2009-12-29T12:00:00.000000-0500,2116,s:40~l:54~t:2116,ucf-knights,UCF,Knights,UCF,UCF Knights,UCF,000000,231f20,https://a.espncdn.com/i/teamlogos/ncaa/500/2116.png,home,52,false,9,3,19,42.9,21,49,0,25,58.3,7,12,2,8,9,34,0,33.3,3,9,31,0,0,0,87,s:40~l:54~t:87,notre-dame-fighting-irish,Notre Dame,Fighting Irish,ND,Notre Dame Fighting Irish,Notre Dame,0c2340,c99700,https://a.espncdn.com/i/teamlogos/ncaa/500/87.png,85
293630153,2010,2,2009-12-29,2009-12-29T14:00:00.000000-0500,338,s:40~l:54~t:338,kennesaw-state-owls,Kennesaw State,Owls,KENN,Kennesaw State Owls,Kennesaw St,000000,fdbb30,https://a.espncdn.com/i/teamlogos/ncaa/500/338.png,away,44,false,10,2,15,30.2,19,63,0,19,60.0,3,5,0,13,8,31,0,15.0,3,20,28,0,0,0,153,s:40~l:54~t:153,north-carolina-tar-heels,North Carolina,Tar Heels,UNC,North Carolina Tar Heels,North Carolina,7bafd4,13294b,https://a.espncdn.com/i/teamlogos/ncaa/500/153.png,89
293630153,2010,2,2009-12-29,2009-12-29T14:00:00.000000-0500,153,s:40~l:54~t:153,north-carolina-tar-heels,North Carolina,Tar Heels,UNC,North Carolina Tar Heels,North Carolina,7bafd4,13294b,https://a.espncdn.com/i/teamlogos/ncaa/500/153.png,home,89,true,22,5,30,48.1,37,77,0,12,52.2,12,23,45,24,17,22,0,21.4,3,14,60,0,0,0,338,s:40~l:54~t:338,kennesaw-state-owls,Kennesaw State,Owls,KENN,Kennesaw State Owls,Kennesaw St,000000,fdbb30,https://a.espncdn.com/i/teamlogos/ncaa/500/338.png,44
293632390,2010,2,2009-12-29,2009-12-29T15:00:00.000000-0500,251,s:40~l:54~t:251,texas-longhorns,Texas,Longhorns,TEX,Texas Longhorns,Texas,c15d26,ffffff,https://a.espncdn.com/i/teamlogos/ncaa/500/251.png,away,76,true,12,6,33,40.9,27,66,0,16,61.9,13,21,21,17,12,24,0,50.0,9,18,56,0,0,0,2390,s:40~l:54~t:2390,miami-hurricanes,Miami,Hurricanes,MIA,Miami Hurricanes,Miami,004325,f0f0f0,https://a.espncdn.com/i/teamlogos/ncaa/500/2390.png,65
293632390,2010,2,2009-12-29,2009-12-29T15:00:00.000000-0500,2390,s:40~l:54~t:2390,miami-hurricanes,Miami,Hurricanes,MIA,Miami Hurricanes,Miami,004325,f0f0f0,https://a.espncdn.com/i/teamlogos/ncaa/500/2390.png,home,65,false,11,7,19,35.1,27,77,0,15,77.8,7,9,2,11,14,15,0,17.4,4,23,37,0,0,0,251,s:40~l:54~t:251,texas-longhorns,Texas,Longhorns,TEX,Texas Longhorns,Texas,c15d26,ffffff,https://a.espncdn.com/i/teamlogos/ncaa/500/251.png,76
293630221,2010,2,2009-12-29,2009-12-29T14:00:00.000000-0500,2184,s:40~l:54~t:2184,duquesne-dukes,Duquesne,Dukes,DUQ,Duquesne Dukes,Duquesne,002D62,b90b2e,https://a.espncdn.com/i/teamlogos/ncaa/500/2184.png,away,72,true,15,10,29,35.9,23,64,0,16,65.6,21,32,18,9,12,15,0,23.8,5,21,48,0,0,0,221,s:40~l:54~t:221,pittsburgh-panthers,Pittsburgh,Panthers,PITT,Pittsburgh Panthers,Pitt,003263,231f20,https://a.espncdn.com/i/teamlogos/ncaa/500/221.png,63
293630221,2010,2,2009-12-29,2009-12-29T14:00:00.000000-0500,221,s:40~l:54~t:221,pittsburgh-panthers,Pittsburgh,Panthers,PITT,Pittsburgh Panthers,Pitt,003263,231f20,https://a.espncdn.com/i/teamlogos/ncaa/500/221.png,home,63,false,15,8,28,31.6,24,76,0,22,40.0,6,15,4,23,3,21,0,32.1,9,28,54,0,0,0,2184,s:40~l:54~t:2184,duquesne-dukes,Duquesne,Dukes,DUQ,Duquesne Dukes,Duquesne,002D62,b90b2e,https://a.espncdn.com/i/teamlogos/ncaa/500/2184.png,72
293630258,2010,2,2009-12-29,2009-12-29T19:00:00.000000-0500,2335,s:40~l:54~t:2335,liberty-flames,Liberty,Flames,LIB,Liberty Flames,Liberty,071740,a61f21,https://a.espncdn.com/i/teamlogos/ncaa/500/2335.png,away,54,false,7,3,17,40.7,22,54,0,20,80.0,8,10,6,14,10,30,0,18.2,2,11,34,0,0,0,258,s:40~l:54~t:258,virginia-cavaliers,Virginia,Cavaliers,UVA,Virginia Cavaliers,Virginia,f84c1e,ffffff,https://a.espncdn.com/i/teamlogos/ncaa/500/258.png,63
293630258,2010,2,2009-12-29,2009-12-29T19:00:00.000000-0500,258,s:40~l:54~t:258,virginia-cavaliers,Virginia,Cavaliers,UVA,Virginia Cavaliers,Virginia,f84c1e,ffffff,https://a.espncdn.com/i/teamlogos/ncaa/500/258.png,home,63,true,13,2,17,42.9,21,49,0,15,73.1,19,26,11,6,19,19,0,28.6,2,7,26,0,0,0,2335,s:40~l:54~t:2335,liberty-flames,Liberty,Flames,LIB,Liberty Flames,Liberty,071740,a61f21,https://a.espncdn.com/i/teamlogos/ncaa/500/2335.png,54
293630256,2010,2,2009-12-29,2009-12-29T19:00:00.000000-0500,322,s:40~l:54~t:322,lafayette-leopards,Lafayette,Leopards,LAF,Lafayette Leopards,Lafayette,790000,a59474,https://a.espncdn.com/i/teamlogos/ncaa/500/322.png,away,54,false,16,2,11,40.4,19,47,0,15,70.6,12,17,4,3,5,20,0,33.3,4,12,19,0,0,0,256,s:40~l:54~t:256,james-madison-dukes,James Madison,Dukes,JMU,James Madison Dukes,James Madison,450084,cbb778,https://a.espncdn.com/i/teamlogos/ncaa/500/256.png,86
293630256,2010,2,2009-12-29,2009-12-29T19:00:00.000000-0500,256,s:40~l:54~t:256,james-madison-dukes,James Madison,Dukes,JMU,James Madison Dukes,James Madison,450084,cbb778,https://a.espncdn.com/i/teamlogos/ncaa/500/256.png,home,86,true,22,5,23,57.6,34,59,0,15,65.0,13,20,32,10,11,17,0,35.7,5,14,38,0,0,0,322,s:40~l:54~t:322,lafayette-leopards,Lafayette,Leopards,LAF,Lafayette Leopards,Lafayette,790000,a59474,https://a.espncdn.com/i/teamlogos/ncaa/500/322.png,54
293620052,2010,2,2009-12-28,2009-12-28T19:00:00.000000-0500,41,s:40~l:54~t:41,uconn-huskies,UConn,Huskies,CONN,UConn Huskies,UConn,0c2340,f1f2f3,https://a.espncdn.com/i/teamlogos/ncaa/500/41.png,away,78,true,21,4,26,45.2,33,73,0,15,87.5,7,8,21,11,9,12,0,23.8,5,21,41,0,0,0,52,s:40~l:54~t:52,florida-state-seminoles,Florida State,Seminoles,FSU,Florida State Seminoles,Florida St,782F40,ceb888,https://a.espncdn.com/i/teamlogos/ncaa/500/52.png,59
293620052,2010,2,2009-12-28,2009-12-28T19:00:00.000000-0500,52,s:40~l:54~t:52,florida-state-seminoles,Florida State,Seminoles,FSU,Florida State Seminoles,Florida St,782F40,ceb888,https://a.espncdn.com/i/teamlogos/ncaa/500/52.png,home,59,false,14,5,23,37.3,22,59,0,11,68.8,11,16,5,9,6,21,0,23.5,4,17,38,0,0,0,41,s:40~l:54~t:41,uconn-huskies,UConn,Huskies,CONN,UConn Huskies,UConn,0c2340,f1f2f3,https://a.espncdn.com/i/teamlogos/ncaa/500/41.png,78
293620356,2010,2,2009-12-28,2009-12-28T20:00:00.000000-0500,194,s:40~l:54~t:194,ohio-state-buckeyes,Ohio State,Buckeyes,OSU,Ohio State Buckeyes,Ohio State,ce1141,505056,https://a.espncdn.com/i/teamlogos/ncaa/500/194.png,away,76,true,12,1,26,44.1,30,68,0,12,54.5,12,22,32,16,13,15,0,30.8,4,13,46,0,0,0,356,s:40~l:54~t:356,illinois-fighting-illini,Illinois,Fighting Illini,ILL,Illinois Fighting Illini,Illinois,ff5f05,13294b,https://a.espncdn.com/i/teamlogos/ncaa/500/356.png,47
293620356,2010,2,2009-12-28,2009-12-28T20:00:00.000000-0500,356,s:40~l:54~t:356,illinois-fighting-illini,Illinois,Fighting Illini,ILL,Illinois Fighting Illini,Illinois,ff5f05,13294b,https://a.espncdn.com/i/teamlogos/ncaa/500/356.png,home,47,false,8,9,21,34.0,18,53,0,17,80.0,8,10,5,8,9,26,0,16.7,3,18,34,0,0,0,194,s:40~l:54~t:194,ohio-state-buckeyes,Ohio State,Buckeyes,OSU,Ohio State Buckeyes,Ohio State,ce1141,505056,https://a.espncdn.com/i/teamlogos/ncaa/500/194.png,76
293620228,2010,2,2009-12-28,2009-12-28T19:00:00.000000-0500,61,s:40~l:54~t:61,georgia-lady-bulldogs,Georgia,Lady Bulldogs,UGA,Georgia Lady Bulldogs,Georgia,CC0000,000000,https://a.espncdn.com/i/teamlogos/ncaa/500/61.png,away,59,true,8,8,26,33.9,21,62,0,8,62.5,15,24,13,20,12,16,0,13.3,2,15,50,0,0,0,228,s:40~l:54~t:228,clemson-tigers,Clemson,Tigers,CLEM,Clemson Tigers,Clemson,F66733,522d80,https://a.espncdn.com/i/teamlogos/ncaa/500/228.png,47
293620228,2010,2,2009-12-28,2009-12-28T19:00:00.000000-0500,228,s:40~l:54~t:228,clemson-tigers,Clemson,Tigers,CLEM,Clemson Tigers,Clemson,F66733,522d80,https://a.espncdn.com/i/teamlogos/ncaa/500/228.png,home,47,false,11,7,20,28.8,17,59,0,20,72.7,8,11,1,12,5,17,0,21.7,5,23,39,0,0,0,61,s:40~l:54~t:61,georgia-lady-bulldogs,Georgia,Lady Bulldogs,UGA,Georgia Lady Bulldogs,Georgia,CC0000,000000,https://a.espncdn.com/i/teamlogos/ncaa/500/61.png,59
293620245,2010,2,2009-12-28,2009-12-28T21:00:00.000000-0500,2504,s:40~l:54~t:2504,prairie-view-am-lady-panthers,Prairie View A&M,Lady Panthers,PV,Prairie View A&M Lady Panthers,Prairie View,4d0960,,https://a.espncdn.com/i/teamlogos/ncaa/500/2504.png,away,48,false,10,7,23,34.5,20,58,0,23,47.1,8,17,2,11,10,23,1,0.0,0,6,38,1,0,0,245,s:40~l:54~t:245,texas-am-aggies,Texas A&M,Aggies,TA&M,Texas A&M Aggies,Texas A&M,5C0025,ffffff,https://a.espncdn.com/i/teamlogos/ncaa/500/245.png,89
293620245,2010,2,2009-12-28,2009-12-28T21:00:00.000000-0500,245,s:40~l:54~t:245,texas-am-aggies,Texas A&M,Aggies,TA&M,Texas A&M Aggies,Texas A&M,5C0025,ffffff,https://a.espncdn.com/i/teamlogos/ncaa/500/245.png,home,89,true,21,5,28,43.8,32,73,0,15,63.9,23,36,43,23,14,15,0,18.2,2,11,54,0,0,0,2504,s:40~l:54~t:2504,prairie-view-am-lady-panthers,Prairie View A&M,Lady Panthers,PV,Prairie View A&M Lady Panthers,Prairie View,4d0960,,https://a.espncdn.com/i/teamlogos/ncaa/500/2504.png,48
293620009,2010,2,2009-12-28,2009-12-28T20:30:00.000000-0500,231,s:40~l:54~t:231,furman-paladins,Furman,Paladins,FUR,Furman Paladins,Furman,582c83,ffffff,https://a.espncdn.com/i/teamlogos/ncaa/500/231.png,away,37,false,7,1,12,26.0,13,50,0,17,64.3,9,14,0,8,6,22,0,11.8,2,17,25,0,0,0,9,s:40~l:54~t:9,arizona-state-sun-devils,Arizona State,Sun Devils,ASU,Arizona State Sun Devils,Arizona State,942139,f1f2f3,https://a.espncdn.com/i/teamlogos/ncaa/500/9.png,74
293620009,2010,2,2009-12-28,2009-12-28T20:30:00.000000-0500,9,s:40~l:54~t:9,arizona-state-sun-devils,Arizona State,Sun Devils,ASU,Arizona State Sun Devils,Arizona State,942139,f1f2f3,https://a.espncdn.com/i/teamlogos/ncaa/500/9.png,home,74,true,23,9,26,62.7,32,51,0,15,43.8,7,16,37,9,13,21,0,33.3,3,9,39,0,0,0,231,s:40~l:54~t:231,furman-paladins,Furman,Paladins,FUR,Furman Paladins,Furman,582c83,ffffff,https://a.espncdn.com/i/teamlogos/ncaa/500/231.png,37
293620258,2010,2,2009-12-28,2009-12-28T19:00:00.000000-0500,2535,s:40~l:54~t:2535,samford-bulldogs,Samford,Bulldogs,SAM,Samford Bulldogs,Samford,005485,bc0023,https://a.espncdn.com/i/teamlogos/ncaa/500/2535.png,away,60,false,13,0,19,40.4,19,47,0,17,75.0,9,12,0,11,10,27,0,41.9,13,31,32,0,0,0,258,s:40~l:54~t:258,virginia-cavaliers,Virginia,Cavaliers,UVA,Virginia Cavaliers,Virginia,f84c1e,ffffff,https://a.espncdn.com/i/teamlogos/ncaa/500/258.png,69
293620258,2010,2,2009-12-28,2009-12-28T19:00:00.000000-0500,258,s:40~l:54~t:258,virginia-cavaliers,Virginia,Cavaliers,UVA,Virginia Cavaliers,Virginia,f84c1e,ffffff,https://a.espncdn.com/i/teamlogos/ncaa/500/258.png,home,69,true,12,1,17,44.2,23,52,0,18,76.0,19,25,14,11,16,16,0,28.6,4,14,31,0,0,0,2535,s:40~l:54~t:2535,samford-bulldogs,Samford,Bulldogs,SAM,Samford Bulldogs,Samford,005485,bc0023,https://a.espncdn.com/i/teamlogos/ncaa/500/2535.png,60
293620183,2010,2,2009-12-28,2009-12-28T19:00:00.000000-0500,2520,s:40~l:54~t:2520,rider-broncs,Rider,Broncs,RID,Rider Broncs,Rider,a80532,ebebeb,https://a.espncdn.com/i/teamlogos/ncaa/500/2520.png,away,46,false,13,4,25,22.6,14,62,0,15,66.7,10,15,9,11,10,19,0,34.8,8,23,40,0,0,0,183,s:40~l:54~t:183,syracuse-orange,Syracuse,Orange,SYR,Syracuse Orange,Syracuse,ff6500,000e54,https://a.espncdn.com/i/teamlogos/ncaa/500/183.png,67
293620183,2010,2,2009-12-28,2009-12-28T19:00:00.000000-0500,183,s:40~l:54~t:183,syracuse-orange,Syracuse,Orange,SYR,Syracuse Orange,Syracuse,ff6500,000e54,https://a.espncdn.com/i/teamlogos/ncaa/500/183.png,home,67,true,16,8,32,33.3,21,63,0,14,75.0,21,28,21,20,12,19,0,21.1,4,19,58,0,0,0,2520,s:40~l:54~t:2520,rider-broncs,Rider,Broncs,RID,Rider Broncs,Rider,a80532,ebebeb,https://a.espncdn.com/i/teamlogos/ncaa/500/2520.png,46
293622641,2010,2,2009-12-28,2009-12-28T21:00:00.000000-0500,155,s:40~l:54~t:155,north-dakota-fighting-hawks,North Dakota,Fighting Hawks,UND,North Dakota Fighting Hawks,North Dakota,00A26B,c2c3c0,https://a.espncdn.com/i/teamlogos/ncaa/500/155.png,away,61,false,11,4,10,40.7,22,54,0,22,85.7,12,14,5,10,10,24,1,31.3,5,16,24,1,0,0,2641,s:40~l:54~t:2641,texas-tech-lady-raiders,Texas Tech,Lady Raiders,TTU,Texas Tech Lady Raiders,Texas Tech,C80025,231f20,https://a.espncdn.com/i/teamlogos/ncaa/500/2641.png,81
293622641,2010,2,2009-12-28,2009-12-28T21:00:00.000000-0500,2641,s:40~l:54~t:2641,texas-tech-lady-raiders,Texas Tech,Lady Raiders,TTU,Texas Tech Lady Raiders,Texas Tech,C80025,231f20,https://a.espncdn.com/i/teamlogos/ncaa/500/2641.png,home,81,true,19,7,18,53.1,26,49,0,14,79.2,19,24,22,12,11,26,1,55.6,10,18,34,1,0,0,155,s:40~l:54~t:155,north-dakota-fighting-hawks,North Dakota,Fighting Hawks,UND,North Dakota Fighting Hawks,North Dakota,00A26B,c2c3c0,https://a.espncdn.com/i/teamlogos/ncaa/500/155.png,61
293620002,2010,2,2009-12-28,2009-12-28T22:00:00.000000-0500,2674,s:40~l:54~t:2674,valparaiso-beacons,Valparaiso,Beacons,VAL,Valparaiso Beacons,Valparaiso,794500,,https://a.espncdn.com/i/teamlogos/ncaa/500/2674.png,away,50,false,13,4,22,31.6,18,57,0,17,53.8,7,13,6,5,3,5,0,23.3,7,30,32,0,0,0,2,s:40~l:54~t:2,auburn-tigers,Auburn,Tigers,AUB,Auburn Tigers,Auburn,03244d,f1f2f3,https://a.espncdn.com/i/teamlogos/ncaa/500/2.png,51
293620002,2010,2,2009-12-28,2009-12-28T22:00:00.000000-0500,2,s:40~l:54~t:2,auburn-tigers,Auburn,Tigers,AUB,Auburn Tigers,Auburn,03244d,f1f2f3,https://a.espncdn.com/i/teamlogos/ncaa/500/2.png,home,51,true,15,10,30,33.3,19,57,0,12,65.0,13,20,8,16,2,12,0,0.0,0,9,51,0,0,0,2674,s:40~l:54~t:2674,valparaiso-beacons,Valparaiso,Beacons,VAL,Valparaiso Beacons,Valparaiso,794500,,https://a.espncdn.com/i/teamlogos/ncaa/500/2674.png,50
293610120,2010,2,2009-12-27,2009-12-27T18:00:00.000000-0500,2619,s:40~l:54~t:2619,stony-brook-seawolves,Stony Brook,Seawolves,STBK,Stony Brook Seawolves,Stony Brook,990000,,https://a.espncdn.com/i/teamlogos/ncaa/500/2619.png,away,44,false,6,2,19,25.0,15,60,0,15,85.7,12,14,0,13,6,20,0,18.2,2,11,36,0,0,0,120,s:40~l:54~t:120,maryland-terrapins,Maryland,Terrapins,MD,Maryland Terrapins,Maryland,D5002B,ffcd00,https://a.espncdn.com/i/teamlogos/ncaa/500/120.png,76
293610120,2010,2,2009-12-27,2009-12-27T18:00:00.000000-0500,120,s:40~l:54~t:120,maryland-terrapins,Maryland,Terrapins,MD,Maryland Terrapins,Maryland,D5002B,ffcd00,https://a.espncdn.com/i/teamlogos/ncaa/500/120.png,home,76,true,21,4,28,42.9,30,70,0,11,47.8,11,23,32,22,8,16,0,27.8,5,18,55,0,0,0,2619,s:40~l:54~t:2619,stony-brook-seawolves,Stony Brook,Seawolves,STBK,Stony Brook Seawolves,Stony Brook,990000,,https://a.espncdn.com/i/teamlogos/ncaa/500/2619.png,44
293570041,2010,2,2009-12-23,2009-12-23T17:30:00.000000-0500,24,s:40~l:54~t:24,stanford-cardinal,Stanford,Cardinal,STAN,Stanford Cardinal,Stanford,8c1515,ffffff,https://a.espncdn.com/i/teamlogos/ncaa/500/24.png,away,68,false,11,1,21,46.4,26,56,0,13,73.3,11,15,4,6,2,17,0,38.5,5,13,29,0,0,0,41,s:40~l:54~t:41,uconn-huskies,UConn,Huskies,CONN,UConn Huskies,UConn,0c2340,f1f2f3,https://a.espncdn.com/i/teamlogos/ncaa/500/41.png,80
293570041,2010,2,2009-12-23,2009-12-23T17:30:00.000000-0500,41,s:40~l:54~t:41,uconn-huskies,UConn,Huskies,CONN,UConn Huskies,UConn,0c2340,f1f2f3,https://a.espncdn.com/i/teamlogos/ncaa/500/41.png,home,80,true,12,4,25,47.9,35,73,0,17,63.6,7,11,22,16,9,11,0,15.0,3,20,43,0,0,0,24,s:40~l:54~t:24,stanford-cardinal,Stanford,Cardinal,STAN,Stanford Cardinal,Stanford,8c1515,ffffff,https://a.espncdn.com/i/teamlogos/ncaa/500/24.png,68
293572752,2010,2,2009-12-23,2009-12-23T13:00:00.000000-0500,2046,s:40~l:54~t:2046,austin-peay-governors,Austin Peay,Governors,APSU,Austin Peay Governors,Austin Peay,8e0b0b,,https://a.espncdn.com/i/teamlogos/ncaa/500/2046.png,away,41,false,5,0,20,26.7,16,60,0,17,46.7,7,15,0,5,6,17,0,9.1,2,22,30,0,0,0,2752,s:40~l:54~t:2752,xavier-musketeers,Xavier,Musketeers,XAV,Xavier Musketeers,Xavier,002144,9ea2a2,https://a.espncdn.com/i/teamlogos/ncaa/500/2752.png,87
293572752,2010,2,2009-12-23,2009-12-23T13:00:00.000000-0500,2752,s:40~l:54~t:2752,xavier-musketeers,Xavier,Musketeers,XAV,Xavier Musketeers,Xavier,002144,9ea2a2,https://a.espncdn.com/i/teamlogos/ncaa/500/2752.png,home,87,true,24,3,34,48.6,35,72,0,18,60.0,9,15,47,18,5,14,0,27.6,8,29,56,0,0,0,2046,s:40~l:54~t:2046,austin-peay-governors,Austin Peay,Governors,APSU,Austin Peay Governors,Austin Peay,8e0b0b,,https://a.espncdn.com/i/teamlogos/ncaa/500/2046.png,41
293562539,2010,2,2009-12-22,2009-12-22T22:00:00.000000-0500,2633,s:40~l:54~t:2633,tennessee-lady-volunteers,Tennessee,Lady Volunteers,TENN,Tennessee Lady Volunteers,Tennessee,ff8200,ffffff,https://a.espncdn.com/i/teamlogos/ncaa/500/2633_ncw.png,away,89,true,17,7,36,53.1,34,64,0,8,82.4,14,17,58,14,12,12,0,53.8,7,13,52,0,0,0,2539,s:40~l:54~t:2539,san-francisco-dons,San Francisco,Dons,SF,San Francisco Dons,San Francisco,22523F,fbcd3c,https://a.espncdn.com/i/teamlogos/ncaa/500/2539.png,34
293562539,2010,2,2009-12-22,2009-12-22T22:00:00.000000-0500,2539,s:40~l:54~t:2539,san-francisco-dons,San Francisco,Dons,SF,San Francisco Dons,San Francisco,22523F,fbcd3c,https://a.espncdn.com/i/teamlogos/ncaa/500/2539.png,home,34,false,7,1,16,21.5,14,65,0,13,0.0,0,4,2,13,7,18,0,20.0,6,30,32,0,0,0,2633,s:40~l:54~t:2633,tennessee-lady-volunteers,Tennessee,Lady Volunteers,TENN,Tennessee Lady Volunteers,Tennessee,ff8200,ffffff,https://a.espncdn.com/i/teamlogos/ncaa/500/2633_ncw.png,89
293560194,2010,2,2009-12-22,2009-12-22T16:00:00.000000-0500,2710,s:40~l:54~t:2710,western-illinois-leathernecks,Western Illinois,Leathernecks,WIU,Western Illinois Leathernecks,W Illinois,4e1e8a,ffc90a,https://a.espncdn.com/i/teamlogos/ncaa/500/2710.png,away,38,false,9,1,17,27.5,14,51,0,19,70.0,7,10,2,5,13,25,0,20.0,3,15,24,0,0,0,194,s:40~l:54~t:194,ohio-state-buckeyes,Ohio State,Buckeyes,OSU,Ohio State Buckeyes,Ohio State,ce1141,505056,https://a.espncdn.com/i/teamlogos/ncaa/500/194.png,99
293560194,2010,2,2009-12-22,2009-12-22T16:00:00.000000-0500,194,s:40~l:54~t:194,ohio-state-buckeyes,Ohio State,Buckeyes,OSU,Ohio State Buckeyes,Ohio State,ce1141,505056,https://a.espncdn.com/i/teamlogos/ncaa/500/194.png,home,99,true,23,7,31,61.7,37,60,0,10,80.0,16,20,68,7,13,13,0,52.9,9,17,39,0,0,0,2710,s:40~l:54~t:2710,western-illinois-leathernecks,Western Illinois,Leathernecks,WIU,Western Illinois Leathernecks,W Illinois,4e1e8a,ffc90a,https://a.espncdn.com/i/teamlogos/ncaa/500/2710.png,38
293560061,2010,2,2009-12-22,2009-12-22T19:00:00.000000-0500,2174,s:40~l:54~t:2174,detroit-mercy-titans,Detroit Mercy,Titans,DETM,Detroit Mercy Titans,Detroit Mercy,165b9e,d31733,https://a.espncdn.com/i/teamlogos/ncaa/500/2174.png,away,42,false,6,3,26,34.1,15,44,0,16,88.9,8,9,3,7,4,25,0,18.2,4,22,35,0,0,0,61,s:40~l:54~t:61,georgia-lady-bulldogs,Georgia,Lady Bulldogs,UGA,Georgia Lady Bulldogs,Georgia,CC0000,000000,https://a.espncdn.com/i/teamlogos/ncaa/500/61.png,66
293560061,2010,2,2009-12-22,2009-12-22T19:00:00.000000-0500,61,s:40~l:54~t:61,georgia-lady-bulldogs,Georgia,Lady Bulldogs,UGA,Georgia Lady Bulldogs,Georgia,CC0000,000000,https://a.espncdn.com/i/teamlogos/ncaa/500/61.png,home,66,true,10,3,20,32.4,24,74,0,14,81.3,13,16,24,21,16,10,0,17.9,5,28,45,0,0,0,2174,s:40~l:54~t:2174,detroit-mercy-titans,Detroit Mercy,Titans,DETM,Detroit Mercy Titans,Detroit Mercy,165b9e,d31733,https://a.espncdn.com/i/teamlogos/ncaa/500/2174.png,42
293560099,2010,2,2009-12-22,2009-12-22T20:00:00.000000-0500,2545,s:40~l:54~t:2545,se-louisiana-lady-lions,SE Louisiana,Lady Lions,SELA,SE Louisiana Lady Lions,SE Louisiana,215732,ffc72c,https://a.espncdn.com/i/teamlogos/ncaa/500/2545.png,away,27,false,4,1,23,23.1,12,52,0,23,0.0,0,0,0,12,3,22,0,13.0,3,23,38,0,0,0,99,s:40~l:54~t:99,lsu-tigers,LSU,Tigers,LSU,LSU Tigers,LSU,461d7c,fdd023,https://a.espncdn.com/i/teamlogos/ncaa/500/99.png,72
293560099,2010,2,2009-12-22,2009-12-22T20:00:00.000000-0500,99,s:40~l:54~t:99,lsu-tigers,LSU,Tigers,LSU,LSU Tigers,LSU,461d7c,fdd023,https://a.espncdn.com/i/teamlogos/ncaa/500/99.png,home,72,true,13,2,25,33.9,21,62,0,10,69.7,23,33,45,21,13,6,0,28.0,7,25,50,0,0,0,2545,s:40~l:54~t:2545,se-louisiana-lady-lions,SE Louisiana,Lady Lions,SELA,SE Louisiana Lady Lions,SE Louisiana,215732,ffc72c,https://a.espncdn.com/i/teamlogos/ncaa/500/2545.png,27
293560098,2010,2,2009-12-22,2009-12-22T18:30:00.000000-0500,221,s:40~l:54~t:221,pittsburgh-panthers,Pittsburgh,Panthers,PITT,Pittsburgh Panthers,Pitt,003263,231f20,https://a.espncdn.com/i/teamlogos/ncaa/500/221.png,away,76,true,14,5,35,45.0,27,60,0,21,64.0,16,25,17,10,3,16,0,33.3,6,18,50,0,0,0,98,s:40~l:54~t:98,western-kentucky-lady-toppers,Western Kentucky,Lady Toppers,WKU,Western Kentucky Lady Toppers,Western KY,F32026,b3b5b8,https://a.espncdn.com/i/teamlogos/ncaa/500/98.png,60
293560098,2010,2,2009-12-22,2009-12-22T18:30:00.000000-0500,98,s:40~l:54~t:98,western-kentucky-lady-toppers,Western Kentucky,Lady Toppers,WKU,Western Kentucky Lady Toppers,Western KY,F32026,b3b5b8,https://a.espncdn.com/i/teamlogos/ncaa/500/98.png,home,60,false,10,4,23,37.3,22,59,0,20,48.0,12,25,0,7,9,10,0,28.6,4,14,32,0,0,0,221,s:40~l:54~t:221,pittsburgh-panthers,Pittsburgh,Panthers,PITT,Pittsburgh Panthers,Pitt,003263,231f20,https://a.espncdn.com/i/teamlogos/ncaa/500/221.png,76
293560183,2010,2,2009-12-22,2009-12-22T14:00:00.000000-0500,2169,s:40~l:54~t:2169,delaware-state-lady-hornets,Delaware State,Lady Hornets,DSU,Delaware State Lady Hornets,Delaware St,FF3630,009cdd,https://a.espncdn.com/i/teamlogos/ncaa/500/2169.png,away,20,false,6,0,12,15.2,7,46,0,15,50.0,3,6,0,9,14,24,0,17.6,3,17,25,0,0,0,183,s:40~l:54~t:183,syracuse-orange,Syracuse,Orange,SYR,Syracuse Orange,Syracuse,ff6500,000e54,https://a.espncdn.com/i/teamlogos/ncaa/500/183.png,72
293560183,2010,2,2009-12-22,2009-12-22T14:00:00.000000-0500,183,s:40~l:54~t:183,syracuse-orange,Syracuse,Orange,SYR,Syracuse Orange,Syracuse,ff6500,000e54,https://a.espncdn.com/i/teamlogos/ncaa/500/183.png,home,72,true,15,7,27,43.9,25,57,0,4,80.0,16,20,53,19,14,22,0,40.0,6,15,49,0,0,0,2169,s:40~l:54~t:2169,delaware-state-lady-hornets,Delaware State,Lady Hornets,DSU,Delaware State Lady Hornets,Delaware St,FF3630,009cdd,https://a.espncdn.com/i/teamlogos/ncaa/500/2169.png,20
293560277,2010,2,2009-12-22,2009-12-22T19:00:00.000000-0500,2378,s:40~l:54~t:2378,umbc-retrievers,UMBC,Retrievers,UMBC,UMBC Retrievers,UMBC,000000,ad860a,https://a.espncdn.com/i/teamlogos/ncaa/500/2378.png,away,45,false,5,2,17,36.5,19,52,0,15,87.5,7,8,0,10,2,22,0,0.0,0,10,30,0,0,0,277,s:40~l:54~t:277,west-virginia-mountaineers,West Virginia,Mountaineers,WVU,West Virginia Mountaineers,West Virginia,FFC600,eaaa00,https://a.espncdn.com/i/teamlogos/ncaa/500/277.png,79
293560277,2010,2,2009-12-22,2009-12-22T19:00:00.000000-0500,277,s:40~l:54~t:277,west-virginia-mountaineers,West Virginia,Mountaineers,WVU,West Virginia Mountaineers,West Virginia,FFC600,eaaa00,https://a.espncdn.com/i/teamlogos/ncaa/500/277.png,home,79,true,15,10,19,46.9,30,64,0,12,61.1,11,18,36,19,12,15,0,33.3,8,24,41,0,0,0,2378,s:40~l:54~t:2378,umbc-retrievers,UMBC,Retrievers,UMBC,UMBC Retrievers,UMBC,000000,ad860a,https://a.espncdn.com/i/teamlogos/ncaa/500/2378.png,45
293550311,2010,2,2009-12-21,2009-12-21T19:00:00.000000-0500,150,s:40~l:54~t:150,duke-blue-devils,Duke,Blue Devils,DUKE,Duke Blue Devils,Duke,013088,ffffff,https://a.espncdn.com/i/teamlogos/ncaa/500/150.png,away,75,true,19,6,24,52.5,31,59,0,17,63.2,12,19,41,20,25,25,0,12.5,1,8,46,0,0,0,311,s:40~l:54~t:311,maine-black-bears,Maine,Black Bears,MAINE,Maine Black Bears,Maine,127dbe,,https://a.espncdn.com/i/teamlogos/ncaa/500/311.png,34
293550311,2010,2,2009-12-21,2009-12-21T19:00:00.000000-0500,311,s:40~l:54~t:311,maine-black-bears,Maine,Black Bears,MAINE,Maine Black Bears,Maine,127dbe,,https://a.espncdn.com/i/teamlogos/ncaa/500/311.png,home,34,false,7,1,12,29.5,13,44,0,19,50.0,6,12,0,7,5,34,0,25.0,2,8,22,0,0,0,150,s:40~l:54~t:150,duke-blue-devils,Duke,Blue Devils,DUKE,Duke Blue Devils,Duke,013088,ffffff,https://a.espncdn.com/i/teamlogos/ncaa/500/150.png,75
293550052,2010,2,2009-12-21,2009-12-21T20:00:00.000000-0500,62,s:40~l:54~t:62,hawaii-rainbow-wahine,Hawai'i,Rainbow Wahine,HAW,Hawai'i Rainbow Wahine,Hawai'i,003420,ffffff,https://a.espncdn.com/i/teamlogos/ncaa/500/62.png,away,39,false,6,3,17,22.0,13,59,0,18,62.5,10,16,0,9,5,27,0,18.8,3,16,36,0,0,0,52,s:40~l:54~t:52,florida-state-seminoles,Florida State,Seminoles,FSU,Florida State Seminoles,Florida St,782F40,ceb888,https://a.espncdn.com/i/teamlogos/ncaa/500/52.png,83
293550052,2010,2,2009-12-21,2009-12-21T20:00:00.000000-0500,52,s:40~l:54~t:52,florida-state-seminoles,Florida State,Seminoles,FSU,Florida State Seminoles,Florida St,782F40,ceb888,https://a.espncdn.com/i/teamlogos/ncaa/500/52.png,home,83,true,26,10,32,46.8,29,62,0,21,60.0,15,25,47,12,9,21,0,66.7,10,15,50,0,0,0,62,s:40~l:54~t:62,hawaii-rainbow-wahine,Hawai'i,Rainbow Wahine,HAW,Hawai'i Rainbow Wahine,Hawai'i,003420,ffffff,https://a.espncdn.com/i/teamlogos/ncaa/500/62.png,39
293550127,2010,2,2009-12-21,2009-12-21T18:00:00.000000-0500,179,s:40~l:54~t:179,st-bonaventure-bonnies,St. Bonaventure,Bonnies,SBU,St. Bonaventure Bonnies,St Bonaventure,70261D,,https://a.espncdn.com/i/teamlogos/ncaa/500/179.png,away,59,false,2,1,26,45.3,24,53,0,19,62.5,10,16,0,3,5,16,0,10.0,1,10,32,0,0,0,127,s:40~l:54~t:127,michigan-state-spartans,Michigan State,Spartans,MSU,Michigan State Spartans,Michigan St,18453B,ffffff,https://a.espncdn.com/i/teamlogos/ncaa/500/127.png,67
293550127,2010,2,2009-12-21,2009-12-21T18:00:00.000000-0500,127,s:40~l:54~t:127,michigan-state-spartans,Michigan State,Spartans,MSU,Michigan State Spartans,Michigan St,18453B,ffffff,https://a.espncdn.com/i/teamlogos/ncaa/500/127.png,home,67,true,16,7,24,43.9,25,57,0,14,70.0,14,20,11,9,6,15,0,27.3,3,11,34,0,0,0,179,s:40~l:54~t:179,st-bonaventure-bonnies,St. Bonaventure,Bonnies,SBU,St. Bonaventure Bonnies,St Bonaventure,70261D,,https://a.espncdn.com/i/teamlogos/ncaa/500/179.png,59
293550256,2010,2,2009-12-21,2009-12-21T19:00:00.000000-0500,2344,s:40~l:54~t:2344,longwood-lancers,Longwood,Lancers,LONG,Longwood Lancers,Longwood,003273,9ea2a3,https://a.espncdn.com/i/teamlogos/ncaa/500/2344.png,away,67,false,11,4,15,33.3,22,66,0,26,71.4,20,28,0,12,7,18,1,27.3,3,11,33,1,0,0,256,s:40~l:54~t:256,james-madison-dukes,James Madison,Dukes,JMU,James Madison Dukes,James Madison,450084,cbb778,https://a.espncdn.com/i/teamlogos/ncaa/500/256.png,85
293550256,2010,2,2009-12-21,2009-12-21T19:00:00.000000-0500,256,s:40~l:54~t:256,james-madison-dukes,James Madison,Dukes,JMU,James Madison Dukes,James Madison,450084,cbb778,https://a.espncdn.com/i/teamlogos/ncaa/500/256.png,home,85,true,16,8,26,42.9,27,63,0,24,62.5,25,40,20,16,7,18,0,30.0,6,20,49,0,0,0,2344,s:40~l:54~t:2344,longwood-lancers,Longwood,Lancers,LONG,Longwood Lancers,Longwood,003273,9ea2a3,https://a.espncdn.com/i/teamlogos/ncaa/500/2344.png,67
293540041,2010,2,2009-12-20,2009-12-20T18:00:00.000000-0500,314,s:40~l:54~t:314,iona-gaels,Iona,Gaels,IONA,Iona Gaels,Iona,6f2c3e,f0ab00,https://a.espncdn.com/i/teamlogos/ncaa/500/314.png,away,35,false,8,1,15,31.1,14,45,0,17,50.0,3,6,0,3,5,34,0,25.0,4,16,25,0,0,0,41,s:40~l:54~t:41,uconn-huskies,UConn,Huskies,CONN,UConn Huskies,UConn,0c2340,f1f2f3,https://a.espncdn.com/i/teamlogos/ncaa/500/41.png,90
293540041,2010,2,2009-12-20,2009-12-20T18:00:00.000000-0500,41,s:40~l:54~t:41,uconn-huskies,UConn,Huskies,CONN,UConn Huskies,UConn,0c2340,f1f2f3,https://a.espncdn.com/i/teamlogos/ncaa/500/41.png,home,90,true,24,5,24,54.0,34,63,0,7,88.2,15,17,55,11,15,14,0,28.0,7,25,37,0,0,0,314,s:40~l:54~t:314,iona-gaels,Iona,Gaels,IONA,Iona Gaels,Iona,6f2c3e,f0ab00,https://a.espncdn.com/i/teamlogos/ncaa/500/314.png,35
293540087,2010,2,2009-12-20,2009-12-20T13:00:00.000000-0500,2429,s:40~l:54~t:2429,charlotte-49ers,Charlotte,49ers,CHAR,Charlotte 49ers,Charlotte,ffffff,cfab7a,https://a.espncdn.com/i/teamlogos/ncaa/500/2429.png,away,31,false,4,4,17,24.5,13,53,0,21,33.3,4,12,0,14,13,43,0,10.0,1,10,36,0,0,0,87,s:40~l:54~t:87,notre-dame-fighting-irish,Notre Dame,Fighting Irish,ND,Notre Dame Fighting Irish,Notre Dame,0c2340,c99700,https://a.espncdn.com/i/teamlogos/ncaa/500/87.png,90
293540087,2010,2,2009-12-20,2009-12-20T13:00:00.000000-0500,87,s:40~l:54~t:87,notre-dame-fighting-irish,Notre Dame,Fighting Irish,ND,Notre Dame Fighting Irish,Notre Dame,0c2340,c99700,https://a.espncdn.com/i/teamlogos/ncaa/500/87.png,home,90,true,20,3,28,43.9,29,66,0,14,88.9,24,27,59,16,24,25,0,40.0,8,20,49,0,0,0,2429,s:40~l:54~t:2429,charlotte-49ers,Charlotte,49ers,CHAR,Charlotte 49ers,Charlotte,ffffff,cfab7a,https://a.espncdn.com/i/teamlogos/ncaa/500/2429.png,31
293540158,2010,2,2009-12-20,2009-12-20T14:05:00.000000-0500,99,s:40~l:54~t:99,lsu-tigers,LSU,Tigers,LSU,LSU Tigers,LSU,461d7c,fdd023,https://a.espncdn.com/i/teamlogos/ncaa/500/99.png,away,63,false,4,6,21,39.3,24,61,0,25,83.3,15,18,0,15,6,15,1,0.0,0,4,36,1,0,0,158,s:40~l:54~t:158,nebraska-cornhuskers,Nebraska,Cornhuskers,NEB,Nebraska Cornhuskers,Nebraska,F20017,f5f1e7,https://a.espncdn.com/i/teamlogos/ncaa/500/158.png,77
293540158,2010,2,2009-12-20,2009-12-20T14:05:00.000000-0500,158,s:40~l:54~t:158,nebraska-cornhuskers,Nebraska,Cornhuskers,NEB,Nebraska Cornhuskers,Nebraska,F20017,f5f1e7,https://a.espncdn.com/i/teamlogos/ncaa/500/158.png,home,77,true,11,2,21,50.0,27,54,0,18,76.0,19,25,19,9,3,14,1,33.3,4,12,34,1,0,0,99,s:40~l:54~t:99,lsu-tigers,LSU,Tigers,LSU,LSU Tigers,LSU,461d7c,fdd023,https://a.espncdn.com/i/teamlogos/ncaa/500/99.png,63
293540061,2010,2,2009-12-20,2009-12-20T14:30:00.000000-0500,258,s:40~l:54~t:258,virginia-cavaliers,Virginia,Cavaliers,UVA,Virginia Cavaliers,Virginia,f84c1e,ffffff,https://a.espncdn.com/i/teamlogos/ncaa/500/258.png,away,53,false,7,2,20,31.7,20,63,0,26,47.1,8,17,7,12,15,17,0,23.8,5,21,36,0,0,0,61,s:40~l:54~t:61,georgia-lady-bulldogs,Georgia,Lady Bulldogs,UGA,Georgia Lady Bulldogs,Georgia,CC0000,000000,https://a.espncdn.com/i/teamlogos/ncaa/500/61.png,69
293540061,2010,2,2009-12-20,2009-12-20T14:30:00.000000-0500,61,s:40~l:54~t:61,georgia-lady-bulldogs,Georgia,Lady Bulldogs,UGA,Georgia Lady Bulldogs,Georgia,CC0000,000000,https://a.espncdn.com/i/teamlogos/ncaa/500/61.png,home,69,true,16,9,29,38.2,21,55,0,18,77.8,21,27,25,15,8,23,0,30.0,6,20,48,0,0,0,258,s:40~l:54~t:258,virginia-cavaliers,Virginia,Cavaliers,UVA,Virginia Cavaliers,Virginia,f84c1e,ffffff,https://a.espncdn.com/i/teamlogos/ncaa/500/258.png,53
293542752,2010,2,2009-12-20,2009-12-20T14:00:00.000000-0500,344,s:40~l:54~t:344,mississippi-state-bulldogs,Mississippi State,Bulldogs,MSST,Mississippi State Bulldogs,Mississippi St,762123,c8c8c8,https://a.espncdn.com/i/teamlogos/ncaa/500/344.png,away,60,false,9,3,11,32.1,18,56,0,18,84.2,16,19,2,12,16,24,0,34.8,8,23,25,0,0,0,2752,s:40~l:54~t:2752,xavier-musketeers,Xavier,Musketeers,XAV,Xavier Musketeers,Xavier,002144,9ea2a2,https://a.espncdn.com/i/teamlogos/ncaa/500/2752.png,81
293542752,2010,2,2009-12-20,2009-12-20T14:00:00.000000-0500,2752,s:40~l:54~t:2752,xavier-musketeers,Xavier,Musketeers,XAV,Xavier Musketeers,Xavier,002144,9ea2a2,https://a.espncdn.com/i/teamlogos/ncaa/500/2752.png,home,81,true,16,2,23,49.1,28,57,0,16,90.9,20,22,26,18,20,25,0,35.7,5,14,43,0,0,0,344,s:40~l:54~t:344,mississippi-state-bulldogs,Mississippi State,Bulldogs,MSST,Mississippi State Bulldogs,Mississippi St,762123,c8c8c8,https://a.espncdn.com/i/teamlogos/ncaa/500/344.png,60
293540251,2010,2,2009-12-20,2009-12-20T15:00:00.000000-0500,2640,s:40~l:54~t:2640,texas-southern-tigers,Texas Southern,Tigers,TXSO,Texas Southern Tigers,Texas Southern,6A0403,ebebeb,https://a.espncdn.com/i/teamlogos/ncaa/500/2640.png,away,42,false,11,3,21,29.8,17,57,0,13,54.5,6,11,4,10,8,24,0,33.3,2,6,34,0,0,0,251,s:40~l:54~t:251,texas-longhorns,Texas,Longhorns,TEX,Texas Longhorns,Texas,c15d26,ffffff,https://a.espncdn.com/i/teamlogos/ncaa/500/251.png,91
293540251,2010,2,2009-12-20,2009-12-20T15:00:00.000000-0500,251,s:40~l:54~t:251,texas-longhorns,Texas,Longhorns,TEX,Texas Longhorns,Texas,c15d26,ffffff,https://a.espncdn.com/i/teamlogos/ncaa/500/251.png,home,91,true,24,13,27,47.9,35,73,0,11,72.2,13,18,49,17,10,11,0,34.8,8,23,45,0,0,0,2640,s:40~l:54~t:2640,texas-southern-tigers,Texas Southern,Tigers,TXSO,Texas Southern Tigers,Texas Southern,6A0403,ebebeb,https://a.espncdn.com/i/teamlogos/ncaa/500/2640.png,42
293540238,2010,2,2009-12-20,2009-12-20T15:00:00.000000-0500,2634,s:40~l:54~t:2634,tennessee-state-lady-tigers,Tennessee State,Lady Tigers,TNST,Tennessee State Lady Tigers,Tennessee St,171796,f0f0f0,https://a.espncdn.com/i/teamlogos/ncaa/500/2634.png,away,47,false,9,1,25,30.8,20,65,0,19,23.1,3,13,0,13,6,16,0,33.3,4,12,42,0,0,0,238,s:40~l:54~t:238,vanderbilt-commodores,Vanderbilt,Commodores,VAN,Vanderbilt Commodores,Vanderbilt,000000,231f20,https://a.espncdn.com/i/teamlogos/ncaa/500/238.png,84
293540238,2010,2,2009-12-20,2009-12-20T15:00:00.000000-0500,238,s:40~l:54~t:238,vanderbilt-commodores,Vanderbilt,Commodores,VAN,Vanderbilt Commodores,Vanderbilt,000000,231f20,https://a.espncdn.com/i/teamlogos/ncaa/500/238.png,home,84,true,25,5,30,52.4,33,63,0,13,50.0,10,20,37,10,9,10,0,40.0,8,20,45,0,0,0,2634,s:40~l:54~t:2634,tennessee-state-lady-tigers,Tennessee State,Lady Tigers,TNST,Tennessee State Lady Tigers,Tennessee St,171796,f0f0f0,https://a.espncdn.com/i/teamlogos/ncaa/500/2634.png,47
293530277,2010,2,2009-12-20,2009-12-20T10:00:00.000000-0500,278,s:40~l:54~t:278,fresno-state-bulldogs,Fresno State,Bulldogs,FRES,Fresno State Bulldogs,Fresno St,c41230,231f20,https://a.espncdn.com/i/teamlogos/ncaa/500/278.png,away,52,false,8,2,20,30.9,17,55,0,16,61.1,11,18,2,6,6,11,0,26.9,7,26,28,0,0,0,277,s:40~l:54~t:277,west-virginia-mountaineers,West Virginia,Mountaineers,WVU,West Virginia Mountaineers,West Virginia,FFC600,eaaa00,https://a.espncdn.com/i/teamlogos/ncaa/500/277.png,72
293530277,2010,2,2009-12-20,2009-12-20T10:00:00.000000-0500,277,s:40~l:54~t:277,west-virginia-mountaineers,West Virginia,Mountaineers,WVU,West Virginia Mountaineers,West Virginia,FFC600,eaaa00,https://a.espncdn.com/i/teamlogos/ncaa/500/277.png,home,72,true,13,7,30,45.8,27,59,0,14,61.9,13,21,25,12,4,13,0,45.5,5,11,47,0,0,0,278,s:40~l:54~t:278,fresno-state-bulldogs,Fresno State,Bulldogs,FRES,Fresno State Bulldogs,Fresno St,c41230,231f20,https://a.espncdn.com/i/teamlogos/ncaa/500/278.png,52
293530024,2010,2,2009-12-19,2009-12-19T14:30:00.000000-0500,2633,s:40~l:54~t:2633,tennessee-lady-volunteers,Tennessee,Lady Volunteers,TENN,Tennessee Lady Volunteers,Tennessee,ff8200,ffffff,https://a.espncdn.com/i/teamlogos/ncaa/500/2633_ncw.png,away,52,false,4,5,18,32.8,20,61,0,20,69.2,9,13,7,10,2,11,0,23.1,3,13,34,0,0,0,24,s:40~l:54~t:24,stanford-cardinal,Stanford,Cardinal,STAN,Stanford Cardinal,Stanford,8c1515,ffffff,https://a.espncdn.com/i/teamlogos/ncaa/500/24.png,67
293530024,2010,2,2009-12-19,2009-12-19T14:30:00.000000-0500,24,s:40~l:54~t:24,stanford-cardinal,Stanford,Cardinal,STAN,Stanford Cardinal,Stanford,8c1515,ffffff,https://a.espncdn.com/i/teamlogos/ncaa/500/24.png,home,67,true,14,8,29,39.3,22,56,0,14,78.3,18,23,18,11,3,10,0,31.3,5,16,44,0,0,0,2633,s:40~l:54~t:2633,tennessee-lady-volunteers,Tennessee,Lady Volunteers,TENN,Tennessee Lady Volunteers,Tennessee,ff8200,ffffff,https://a.espncdn.com/i/teamlogos/ncaa/500/2633_ncw.png,52
293530194,2010,2,2009-12-19,2009-12-19T20:00:00.000000-0500,2010,s:40~l:54~t:2010,alabama-am-bulldogs,Alabama A&M,Bulldogs,AAMU,Alabama A&M Bulldogs,Alabama A&M,790000,ffffff,https://a.espncdn.com/i/teamlogos/ncaa/500/2010.png,away,54,false,5,3,20,33.9,20,59,0,17,75.0,12,16,12,15,4,25,0,20.0,2,10,41,0,0,0,194,s:40~l:54~t:194,ohio-state-buckeyes,Ohio State,Buckeyes,OSU,Ohio State Buckeyes,Ohio State,ce1141,505056,https://a.espncdn.com/i/teamlogos/ncaa/500/194.png,78
293530194,2010,2,2009-12-19,2009-12-19T20:00:00.000000-0500,194,s:40~l:54~t:194,ohio-state-buckeyes,Ohio State,Buckeyes,OSU,Ohio State Buckeyes,Ohio State,ce1141,505056,https://a.espncdn.com/i/teamlogos/ncaa/500/194.png,home,78,true,21,4,21,48.3,28,58,0,15,71.4,20,28,26,11,15,12,0,16.7,2,12,33,0,0,0,2010,s:40~l:54~t:2010,alabama-am-bulldogs,Alabama A&M,Bulldogs,AAMU,Alabama A&M Bulldogs,Alabama A&M,790000,ffffff,https://a.espncdn.com/i/teamlogos/ncaa/500/2010.png,54
293530052,2010,2,2009-12-19,2009-12-19T15:00:00.000000-0500,2636,s:40~l:54~t:2636,utsa-roadrunners,UTSA,Roadrunners,UTSA,UTSA Roadrunners,UTSA,002A5C,f47321,https://a.espncdn.com/i/teamlogos/ncaa/500/2636.png,away,50,false,12,3,15,28.3,17,60,0,23,42.3,11,26,6,14,7,17,0,20.8,5,24,39,0,0,0,52,s:40~l:54~t:52,florida-state-seminoles,Florida State,Seminoles,FSU,Florida State Seminoles,Florida St,782F40,ceb888,https://a.espncdn.com/i/teamlogos/ncaa/500/52.png,65
293530052,2010,2,2009-12-19,2009-12-19T15:00:00.000000-0500,52,s:40~l:54~t:52,florida-state-seminoles,Florida State,Seminoles,FSU,Florida State Seminoles,Florida St,782F40,ceb888,https://a.espncdn.com/i/teamlogos/ncaa/500/52.png,home,65,true,12,3,30,38.6,22,57,0,25,54.8,17,31,15,19,8,22,0,26.7,4,15,56,0,0,0,2636,s:40~l:54~t:2636,utsa-roadrunners,UTSA,Roadrunners,UTSA,UTSA Roadrunners,UTSA,002A5C,f47321,https://a.espncdn.com/i/teamlogos/ncaa/500/2636.png,50
293530127,2010,2,2009-12-19,2009-12-19T19:00:00.000000-0500,264,s:40~l:54~t:264,washington-huskies,Washington,Huskies,WASH,Washington Huskies,Washington,33006f,e8d3a2,https://a.espncdn.com/i/teamlogos/ncaa/500/264.png,away,52,false,5,4,26,29.8,17,57,0,23,57.1,16,28,2,9,8,18,0,20.0,2,10,40,0,0,0,127,s:40~l:54~t:127,michigan-state-spartans,Michigan State,Spartans,MSU,Michigan State Spartans,Michigan St,18453B,ffffff,https://a.espncdn.com/i/teamlogos/ncaa/500/127.png,69
293530127,2010,2,2009-12-19,2009-12-19T19:00:00.000000-0500,127,s:40~l:54~t:127,michigan-state-spartans,Michigan State,Spartans,MSU,Michigan State Spartans,Michigan St,18453B,ffffff,https://a.espncdn.com/i/teamlogos/ncaa/500/127.png,home,69,true,15,8,31,32.3,21,65,0,25,68.6,24,35,27,21,9,17,1,20.0,3,15,56,1,0,0,264,s:40~l:54~t:264,washington-huskies,Washington,Huskies,WASH,Washington Huskies,Washington,33006f,e8d3a2,https://a.espncdn.com/i/teamlogos/ncaa/500/264.png,52
293532509,2010,2,2009-12-19,2009-12-19T12:00:00.000000-0500,339,s:40~l:54~t:339,evansville-purple-aces,Evansville,Purple Aces,EVAN,Evansville Purple Aces,Evansville,663399,ef6f00,https://a.espncdn.com/i/teamlogos/ncaa/500/339.png,away,42,false,7,3,18,30.9,17,55,0,12,66.7,4,6,0,9,3,28,0,21.1,4,19,32,0,0,0,2509,s:40~l:54~t:2509,purdue-boilermakers,Purdue,Boilermakers,PUR,Purdue Boilermakers,Purdue,000000,cfb991,https://a.espncdn.com/i/teamlogos/ncaa/500/2509.png,73
293532509,2010,2,2009-12-19,2009-12-19T12:00:00.000000-0500,2509,s:40~l:54~t:2509,purdue-boilermakers,Purdue,Boilermakers,PUR,Purdue Boilermakers,Purdue,000000,cfb991,https://a.espncdn.com/i/teamlogos/ncaa/500/2509.png,home,73,true,18,6,24,48.4,31,64,0,14,66.7,8,12,33,12,12,18,0,23.1,3,13,40,0,0,0,339,s:40~l:54~t:339,evansville-purple-aces,Evansville,Purple Aces,EVAN,Evansville Purple Aces,Evansville,663399,ef6f00,https://a.espncdn.com/i/teamlogos/ncaa/500/339.png,42
293530195,2010,2,2009-12-19,2009-12-19T12:00:00.000000-0500,228,s:40~l:54~t:228,clemson-tigers,Clemson,Tigers,CLEM,Clemson Tigers,Clemson,F66733,522d80,https://a.espncdn.com/i/teamlogos/ncaa/500/228.png,away,89,true,23,12,28,39.2,29,74,0,19,81.5,22,27,9,17,7,20,0,37.5,9,24,56,0,0,0,195,s:40~l:54~t:195,ohio-bobcats,Ohio,Bobcats,OHIO,Ohio Bobcats,Ohio,295A29,e4bb85,https://a.espncdn.com/i/teamlogos/ncaa/500/195.png,81
293530195,2010,2,2009-12-19,2009-12-19T12:00:00.000000-0500,195,s:40~l:54~t:195,ohio-bobcats,Ohio,Bobcats,OHIO,Ohio Bobcats,Ohio,295A29,e4bb85,https://a.espncdn.com/i/teamlogos/ncaa/500/195.png,home,81,false,15,4,22,40.5,30,74,0,21,52.0,13,25,8,16,13,18,0,47.1,8,17,45,0,0,0,228,s:40~l:54~t:228,clemson-tigers,Clemson,Tigers,CLEM,Clemson Tigers,Clemson,F66733,522d80,https://a.espncdn.com/i/teamlogos/ncaa/500/228.png,89
293532599,2010,2,2009-12-19,2009-12-19T13:00:00.000000-0500,250,s:40~l:54~t:250,ut-arlington-mavericks,UT Arlington,Mavericks,UTA,UT Arlington Mavericks,UT Arlington,004b7c,f58024,https://a.espncdn.com/i/teamlogos/ncaa/500/250.png,away,47,false,5,3,21,27.4,17,62,0,19,69.2,9,13,0,12,6,25,0,20.0,4,20,41,0,0,0,2599,s:40~l:54~t:2599,st-johns-red-storm,St. John's,Red Storm,SJU,St. John's Red Storm,St John's,d10000,101010,https://a.espncdn.com/i/teamlogos/ncaa/500/2599.png,79
293532599,2010,2,2009-12-19,2009-12-19T13:00:00.000000-0500,2599,s:40~l:54~t:2599,st-johns-red-storm,St. John's,Red Storm,SJU,St. John's Red Storm,St John's,d10000,101010,https://a.espncdn.com/i/teamlogos/ncaa/500/2599.png,home,79,true,20,11,28,44.3,31,70,0,12,62.5,10,16,32,16,8,20,0,53.8,7,13,48,0,0,0,250,s:40~l:54~t:250,ut-arlington-mavericks,UT Arlington,Mavericks,UTA,UT Arlington Mavericks,UT Arlington,004b7c,f58024,https://a.espncdn.com/i/teamlogos/ncaa/500/250.png,47
293532066,2010,2,2009-12-19,2009-12-19T14:00:00.000000-0500,2390,s:40~l:54~t:2390,miami-hurricanes,Miami,Hurricanes,MIA,Miami Hurricanes,Miami,004325,f0f0f0,https://a.espncdn.com/i/teamlogos/ncaa/500/2390.png,away,68,true,6,4,18,39.7,25,63,0,14,64.7,11,17,23,20,11,17,0,31.8,7,22,41,0,0,0,2066,s:40~l:54~t:2066,binghamton-bearcats,Binghamton,Bearcats,BING,Binghamton Bearcats,Binghamton,00614A,f0f0f0,https://a.espncdn.com/i/teamlogos/ncaa/500/2066.png,52
293532066,2010,2,2009-12-19,2009-12-19T14:00:00.000000-0500,2066,s:40~l:54~t:2066,binghamton-bearcats,Binghamton,Bearcats,BING,Binghamton Bearcats,Binghamton,00614A,f0f0f0,https://a.espncdn.com/i/teamlogos/ncaa/500/2066.png,home,52,false,8,1,16,40.0,18,45,0,16,70.0,7,10,0,10,6,21,0,40.9,9,22,28,0,0,0,2390,s:40~l:54~t:2390,miami-hurricanes,Miami,Hurricanes,MIA,Miami Hurricanes,Miami,004325,f0f0f0,https://a.espncdn.com/i/teamlogos/ncaa/500/2390.png,68
293530154,2010,2,2009-12-19,2009-12-19T14:00:00.000000-0500,2747,s:40~l:54~t:2747,wofford-terriers,Wofford,Terriers,WOF,Wofford Terriers,Wofford,533B24,f0f0f0,https://a.espncdn.com/i/teamlogos/ncaa/500/2747.png,away,55,false,8,7,21,27.5,14,51,0,19,73.5,25,34,0,14,8,28,0,15.4,2,13,40,0,0,0,154,s:40~l:54~t:154,wake-forest-demon-deacons,Wake Forest,Demon Deacons,WAKE,Wake Forest Demon Deacons,Wake Forest,9E7E38,000000,https://a.espncdn.com/i/teamlogos/ncaa/500/154.png,85
293530154,2010,2,2009-12-19,2009-12-19T14:00:00.000000-0500,154,s:40~l:54~t:154,wake-forest-demon-deacons,Wake Forest,Demon Deacons,WAKE,Wake Forest Demon Deacons,Wake Forest,9E7E38,000000,https://a.espncdn.com/i/teamlogos/ncaa/500/154.png,home,85,true,18,3,26,40.8,29,71,0,28,83.3,20,24,36,20,14,18,0,38.9,7,18,47,0,0,0,2747,s:40~l:54~t:2747,wofford-terriers,Wofford,Terriers,WOF,Wofford Terriers,Wofford,533B24,f0f0f0,https://a.espncdn.com/i/teamlogos/ncaa/500/2747.png,55
293530259,2010,2,2009-12-19,2009-12-19T15:00:00.000000-0500,5,s:40~l:54~t:5,uab-blazers,UAB,Blazers,UAB,UAB Blazers,UAB,054338,ffc845,https://a.espncdn.com/i/teamlogos/ncaa/500/5.png,away,66,false,10,2,24,33.8,23,68,0,25,64.7,11,17,4,8,7,12,1,36.0,9,25,39,1,0,0,259,s:40~l:54~t:259,virginia-tech-hokies,Virginia Tech,Hokies,VT,Virginia Tech Hokies,Virginia Tech,630031,cf4520,https://a.espncdn.com/i/teamlogos/ncaa/500/259.png,68
293530259,2010,2,2009-12-19,2009-12-19T15:00:00.000000-0500,259,s:40~l:54~t:259,virginia-tech-hokies,Virginia Tech,Hokies,VT,Virginia Tech Hokies,Virginia Tech,630031,cf4520,https://a.espncdn.com/i/teamlogos/ncaa/500/259.png,home,68,true,10,3,31,43.4,23,53,0,17,64.3,18,28,8,6,5,19,1,33.3,4,12,46,1,0,0,5,s:40~l:54~t:5,uab-blazers,UAB,Blazers,UAB,UAB Blazers,UAB,054338,ffc845,https://a.espncdn.com/i/teamlogos/ncaa/500/5.png,66
293530197,2010,2,2009-12-19,2009-12-19T15:00:00.000000-0500,2382,s:40~l:54~t:2382,mercer-bears,Mercer,Bears,MER,Mercer Bears,Mercer,ff7f29,080808,https://a.espncdn.com/i/teamlogos/ncaa/500/2382.png,away,68,false,10,3,22,31.0,22,71,0,21,80.0,12,15,2,9,2,19,0,32.4,12,37,35,0,0,0,197,s:40~l:54~t:197,oklahoma-state-cowgirls,Oklahoma State,Cowgirls,OKST,Oklahoma State Cowgirls,Oklahoma St,ff6500,000000,https://a.espncdn.com/i/teamlogos/ncaa/500/197.png,100
293530197,2010,2,2009-12-19,2009-12-19T15:00:00.000000-0500,197,s:40~l:54~t:197,oklahoma-state-cowgirls,Oklahoma State,Cowgirls,OKST,Oklahoma State Cowgirls,Oklahoma St,ff6500,000000,https://a.espncdn.com/i/teamlogos/ncaa/500/197.png,home,100,true,23,5,37,50.0,34,68,0,19,74.1,20,27,36,14,7,17,0,50.0,12,24,54,0,0,0,2382,s:40~l:54~t:2382,mercer-bears,Mercer,Bears,MER,Mercer Bears,Mercer,ff7f29,080808,https://a.espncdn.com/i/teamlogos/ncaa/500/2382.png,68
293532550,2010,2,2009-12-19,2009-12-19T16:00:00.000000-0500,2612,s:40~l:54~t:2612,saint-peters-peacocks,Saint Peter's,Peacocks,SPU,Saint Peter's Peacocks,Saint Peter's,004CC2,,https://a.espncdn.com/i/teamlogos/ncaa/500/2612.png,away,52,false,9,8,18,42.6,20,47,0,21,60.0,9,15,10,8,8,25,0,42.9,3,7,31,0,0,0,2550,s:40~l:54~t:2550,seton-hall-pirates,Seton Hall,Pirates,HALL,Seton Hall Pirates,Seton Hall,0857B1,8a8d8f,https://a.espncdn.com/i/teamlogos/ncaa/500/2550.png,54
293532550,2010,2,2009-12-19,2009-12-19T16:00:00.000000-0500,2550,s:40~l:54~t:2550,seton-hall-pirates,Seton Hall,Pirates,HALL,Seton Hall Pirates,Seton Hall,0857B1,8a8d8f,https://a.espncdn.com/i/teamlogos/ncaa/500/2550.png,home,54,true,6,4,19,30.0,15,50,0,14,78.6,22,28,6,14,9,23,0,20.0,2,10,35,0,0,0,2612,s:40~l:54~t:2612,saint-peters-peacocks,Saint Peter's,Peacocks,SPU,Saint Peter's Peacocks,Saint Peter's,004CC2,,https://a.espncdn.com/i/teamlogos/ncaa/500/2612.png,52
293530058,2010,2,2009-12-19,2009-12-19T16:00:00.000000-0500,2428,s:40~l:54~t:2428,north-carolina-central-eagles,North Carolina Central,Eagles,NCCU,North Carolina Central Eagles,NC Central,880023,c2c3c0,https://a.espncdn.com/i/teamlogos/ncaa/500/2428.png,away,37,false,5,0,18,28.9,13,45,0,19,63.6,7,11,3,6,5,29,0,23.5,4,17,28,0,0,0,58,s:40~l:54~t:58,south-florida-bulls,South Florida,Bulls,USF,South Florida Bulls,South Florida,004A36,231f20,https://a.espncdn.com/i/teamlogos/ncaa/500/58.png,79
293530058,2010,2,2009-12-19,2009-12-19T16:00:00.000000-0500,58,s:40~l:54~t:58,south-florida-bulls,South Florida,Bulls,USF,South Florida Bulls,South Florida,004A36,231f20,https://a.espncdn.com/i/teamlogos/ncaa/500/58.png,home,79,true,18,1,23,41.2,28,68,0,14,68.4,13,19,42,24,18,22,0,37.0,10,27,52,0,0,0,2428,s:40~l:54~t:2428,north-carolina-central-eagles,North Carolina Central,Eagles,NCCU,North Carolina Central Eagles,NC Central,880023,c2c3c0,https://a.espncdn.com/i/teamlogos/ncaa/500/2428.png,37
293530325,2010,2,2009-12-19,2009-12-19T16:30:00.000000-0500,84,s:40~l:54~t:84,indiana-hoosiers,Indiana,Hoosiers,IU,Indiana Hoosiers,Indiana,990000,edebeb,https://a.espncdn.com/i/teamlogos/ncaa/500/84.png,away,75,false,16,4,29,43.1,28,65,0,24,58.3,14,24,7,12,8,23,0,31.3,5,16,45,0,0,0,325,s:40~l:54~t:325,cleveland-state-vikings,Cleveland State,Vikings,CLEV,Cleveland State Vikings,Cleveland St,006633,231f20,https://a.espncdn.com/i/teamlogos/ncaa/500/325.png,77
293530325,2010,2,2009-12-19,2009-12-19T16:30:00.000000-0500,325,s:40~l:54~t:325,cleveland-state-vikings,Cleveland State,Vikings,CLEV,Cleveland State Vikings,Cleveland St,006633,231f20,https://a.espncdn.com/i/teamlogos/ncaa/500/325.png,home,77,true,17,0,26,36.5,27,74,0,18,65.5,19,29,12,21,13,19,0,16.0,4,25,53,0,0,0,84,s:40~l:54~t:84,indiana-hoosiers,Indiana,Hoosiers,IU,Indiana Hoosiers,Indiana,990000,edebeb,https://a.espncdn.com/i/teamlogos/ncaa/500/84.png,75
293530356,2010,2,2009-12-19,2009-12-19T17:00:00.000000-0500,2473,s:40~l:54~t:2473,oakland-golden-grizzlies,Oakland,Golden Grizzlies,OAK,Oakland Golden Grizzlies,Oakland,04091c,bc955c,https://a.espncdn.com/i/teamlogos/ncaa/500/2473.png,away,50,false,6,1,23,27.5,19,69,0,11,47.4,9,19,2,12,11,10,0,21.4,3,14,41,0,0,0,356,s:40~l:54~t:356,illinois-fighting-illini,Illinois,Fighting Illini,ILL,Illinois Fighting Illini,Illinois,ff5f05,13294b,https://a.espncdn.com/i/teamlogos/ncaa/500/356.png,64
293530356,2010,2,2009-12-19,2009-12-19T17:00:00.000000-0500,356,s:40~l:54~t:356,illinois-fighting-illini,Illinois,Fighting Illini,ILL,Illinois Fighting Illini,Illinois,ff5f05,13294b,https://a.espncdn.com/i/teamlogos/ncaa/500/356.png,home,64,true,15,8,38,47.4,27,57,0,15,61.5,8,13,21,6,6,20,0,25.0,2,8,45,0,0,0,2473,s:40~l:54~t:2473,oakland-golden-grizzlies,Oakland,Golden Grizzlies,OAK,Oakland Golden Grizzlies,Oakland,04091c,bc955c,https://a.espncdn.com/i/teamlogos/ncaa/500/2473.png,50
293530152,2010,2,2009-12-19,2009-12-19T17:00:00.000000-0500,2737,s:40~l:54~t:2737,winthrop-eagles,Winthrop,Eagles,WIN,Winthrop Eagles,Winthrop,9e0b0e,fdb41e,https://a.espncdn.com/i/teamlogos/ncaa/500/2737.png,away,53,false,7,7,22,35.2,19,54,0,18,57.9,11,19,7,11,11,27,0,22.2,4,18,42,0,0,0,152,s:40~l:54~t:152,nc-state-wolfpack,NC State,Wolfpack,NCST,NC State Wolfpack,NC State,EF1216,231f20,https://a.espncdn.com/i/teamlogos/ncaa/500/152.png,66
293530152,2010,2,2009-12-19,2009-12-19T17:00:00.000000-0500,152,s:40~l:54~t:152,nc-state-wolfpack,NC State,Wolfpack,NCST,NC State Wolfpack,NC State,EF1216,231f20,https://a.espncdn.com/i/teamlogos/ncaa/500/152.png,home,66,true,8,1,23,37.1,23,62,0,16,69.2,18,26,15,13,17,20,0,22.2,2,9,42,0,0,0,2737,s:40~l:54~t:2737,winthrop-eagles,Winthrop,Eagles,WIN,Winthrop Eagles,Winthrop,9e0b0e,fdb41e,https://a.espncdn.com/i/teamlogos/ncaa/500/2737.png,53
293530305,2010,2,2009-12-19,2009-12-19T17:30:00.000000-0500,8,s:40~l:54~t:8,arkansas-razorbacks,Arkansas,Razorbacks,ARK,Arkansas Razorbacks,Arkansas,a41f35,222222,https://a.espncdn.com/i/teamlogos/ncaa/500/8.png,away,45,false,4,3,22,29.3,17,58,0,15,62.5,5,8,6,8,10,17,0,27.3,6,22,33,0,0,0,305,s:40~l:54~t:305,depaul-blue-demons,DePaul,Blue Demons,DEP,DePaul Blue Demons,DePaul,2d649c,ce1125,https://a.espncdn.com/i/teamlogos/ncaa/500/305.png,46
293530305,2010,2,2009-12-19,2009-12-19T17:30:00.000000-0500,305,s:40~l:54~t:305,depaul-blue-demons,DePaul,Blue Demons,DEP,DePaul Blue Demons,DePaul,2d649c,ce1125,https://a.espncdn.com/i/teamlogos/ncaa/500/305.png,home,46,true,10,4,30,33.3,17,51,0,13,66.7,12,18,11,12,7,23,0,0.0,0,11,49,0,0,0,8,s:40~l:54~t:8,arkansas-razorbacks,Arkansas,Razorbacks,ARK,Arkansas Razorbacks,Arkansas,a41f35,222222,https://a.espncdn.com/i/teamlogos/ncaa/500/8.png,45
293530038,2010,2,2009-12-19,2009-12-19T21:00:00.000000-0500,253,s:40~l:54~t:253,southern-utah-thunderbirds,Southern Utah,Thunderbirds,SUU,Southern Utah Thunderbirds,Southern Utah,c72026,000000,https://a.espncdn.com/i/teamlogos/ncaa/500/253.png,away,36,false,7,3,17,25.5,14,55,0,19,58.3,7,12,0,12,3,26,0,11.1,1,9,36,0,0,0,38,s:40~l:54~t:38,colorado-buffaloes,Colorado,Buffaloes,COLO,Colorado Buffaloes,Colorado,000000,cfb87c,https://a.espncdn.com/i/teamlogos/ncaa/500/38.png,88
293530038,2010,2,2009-12-19,2009-12-19T21:00:00.000000-0500,38,s:40~l:54~t:38,colorado-buffaloes,Colorado,Buffaloes,COLO,Colorado Buffaloes,Colorado,000000,cfb87c,https://a.espncdn.com/i/teamlogos/ncaa/500/38.png,home,88,true,18,7,23,45.9,34,74,0,17,91.7,11,12,55,20,13,13,0,50.0,9,18,47,0,0,0,253,s:40~l:54~t:253,southern-utah-thunderbirds,Southern Utah,Thunderbirds,SUU,Southern Utah Thunderbirds,Southern Utah,c72026,000000,https://a.espncdn.com/i/teamlogos/ncaa/500/253.png,36
293522132,2010,2,2009-12-18,2009-12-18T19:00:00.000000-0500,2198,s:40~l:54~t:2198,eastern-kentucky-colonels,Eastern Kentucky,Colonels,EKU,Eastern Kentucky Colonels,E Kentucky,660819,f0f0f0,https://a.espncdn.com/i/teamlogos/ncaa/500/2198.png,away,49,false,12,2,25,38.8,19,49,0,17,37.5,3,8,2,8,6,22,0,44.4,8,18,34,0,0,0,2132,s:40~l:54~t:2132,cincinnati-bearcats,Cincinnati,Bearcats,CIN,Cincinnati Bearcats,Cincinnati,000000,717073,https://a.espncdn.com/i/teamlogos/ncaa/500/2132.png,62
293522132,2010,2,2009-12-18,2009-12-18T19:00:00.000000-0500,2132,s:40~l:54~t:2132,cincinnati-bearcats,Cincinnati,Bearcats,CIN,Cincinnati Bearcats,Cincinnati,000000,717073,https://a.espncdn.com/i/teamlogos/ncaa/500/2132.png,home,62,true,12,3,24,40.8,20,49,0,13,71.4,15,21,20,5,15,13,0,41.2,7,17,32,0,0,0,2198,s:40~l:54~t:2198,eastern-kentucky-colonels,Eastern Kentucky,Colonels,EKU,Eastern Kentucky Colonels,E Kentucky,660819,f0f0f0,https://a.espncdn.com/i/teamlogos/ncaa/500/2198.png,49
293520235,2010,2,2009-12-18,2009-12-18T20:00:00.000000-0500,145,s:40~l:54~t:145,ole-miss-rebels,Ole Miss,Rebels,MISS,Ole Miss Rebels,Ole Miss,001148,00205b,https://a.espncdn.com/i/teamlogos/ncaa/500/145.png,away,73,true,14,2,22,39.2,29,74,0,20,68.4,13,19,4,17,11,16,0,12.5,2,16,44,0,0,0,235,s:40~l:54~t:235,memphis-tigers,Memphis,Tigers,MEM,Memphis Tigers,Memphis,004991,8e908f,https://a.espncdn.com/i/teamlogos/ncaa/500/235.png,72
293520235,2010,2,2009-12-18,2009-12-18T20:00:00.000000-0500,235,s:40~l:54~t:235,memphis-tigers,Memphis,Tigers,MEM,Memphis Tigers,Memphis,004991,8e908f,https://a.espncdn.com/i/teamlogos/ncaa/500/235.png,home,72,false,14,6,26,44.3,27,61,0,20,45.8,11,24,12,13,7,18,0,41.2,7,17,43,0,0,0,145,s:40~l:54~t:145,ole-miss-rebels,Ole Miss,Rebels,MISS,Ole Miss Rebels,Ole Miss,001148,00205b,https://a.espncdn.com/i/teamlogos/ncaa/500/145.png,73
293512579,2010,2,2009-12-17,2009-12-17T19:00:00.000000-0500,154,s:40~l:54~t:154,wake-forest-demon-deacons,Wake Forest,Demon Deacons,WAKE,Wake Forest Demon Deacons,Wake Forest,9E7E38,000000,https://a.espncdn.com/i/teamlogos/ncaa/500/154.png,away,52,false,6,3,17,29.0,18,62,0,21,69.2,9,13,2,17,10,19,0,21.9,7,32,37,0,0,0,2579,s:40~l:54~t:2579,south-carolina-gamecocks,South Carolina,Gamecocks,SC,South Carolina Gamecocks,South Carolina,73000a,ffffff,https://a.espncdn.com/i/teamlogos/ncaa/500/2579.png,62
293512579,2010,2,2009-12-17,2009-12-17T19:00:00.000000-0500,2579,s:40~l:54~t:2579,south-carolina-gamecocks,South Carolina,Gamecocks,SC,South Carolina Gamecocks,South Carolina,73000a,ffffff,https://a.espncdn.com/i/teamlogos/ncaa/500/2579.png,home,62,true,5,3,24,44.7,21,47,0,16,65.4,17,26,16,12,7,24,0,37.5,3,8,40,0,0,0,154,s:40~l:54~t:154,wake-forest-demon-deacons,Wake Forest,Demon Deacons,WAKE,Wake Forest Demon Deacons,Wake Forest,9E7E38,000000,https://a.espncdn.com/i/teamlogos/ncaa/500/154.png,52
293510058,2010,2,2009-12-17,2009-12-17T19:00:00.000000-0500,2655,s:40~l:54~t:2655,tulane-green-wave,Tulane,Green Wave,TULN,Tulane Green Wave,Tulane,005837,3baf29,https://a.espncdn.com/i/teamlogos/ncaa/500/2655.png,away,76,true,11,0,12,37.9,25,66,0,13,74.1,20,27,11,10,12,10,0,31.6,6,19,30,0,0,0,58,s:40~l:54~t:58,south-florida-bulls,South Florida,Bulls,USF,South Florida Bulls,South Florida,004A36,231f20,https://a.espncdn.com/i/teamlogos/ncaa/500/58.png,72
293510058,2010,2,2009-12-17,2009-12-17T19:00:00.000000-0500,58,s:40~l:54~t:58,south-florida-bulls,South Florida,Bulls,USF,South Florida Bulls,South Florida,004A36,231f20,https://a.espncdn.com/i/teamlogos/ncaa/500/58.png,home,72,false,17,5,23,55.8,29,52,0,22,72.7,8,11,13,11,7,27,0,42.9,6,14,40,0,0,0,2655,s:40~l:54~t:2655,tulane-green-wave,Tulane,Green Wave,TULN,Tulane Green Wave,Tulane,005837,3baf29,https://a.espncdn.com/i/teamlogos/ncaa/500/2655.png,76
293510197,2010,2,2009-12-17,2009-12-17T20:00:00.000000-0500,27,s:40~l:54~t:27,uc-riverside-highlanders,UC Riverside,Highlanders,UCR,UC Riverside Highlanders,UC Riverside,14234F,,https://a.espncdn.com/i/teamlogos/ncaa/500/27.png,away,46,false,12,4,23,28.8,17,59,0,21,80.0,8,10,0,7,8,20,0,17.4,4,23,36,0,0,0,197,s:40~l:54~t:197,oklahoma-state-cowgirls,Oklahoma State,Cowgirls,OKST,Oklahoma State Cowgirls,Oklahoma St,ff6500,000000,https://a.espncdn.com/i/teamlogos/ncaa/500/197.png,69
293510197,2010,2,2009-12-17,2009-12-17T20:00:00.000000-0500,197,s:40~l:54~t:197,oklahoma-state-cowgirls,Oklahoma State,Cowgirls,OKST,Oklahoma State Cowgirls,Oklahoma St,ff6500,000000,https://a.espncdn.com/i/teamlogos/ncaa/500/197.png,home,69,true,12,6,34,41.0,25,61,0,13,68.0,17,25,23,13,9,16,1,16.7,2,12,49,1,0,0,27,s:40~l:54~t:27,uc-riverside-highlanders,UC Riverside,Highlanders,UCR,UC Riverside Highlanders,UC Riverside,14234F,,https://a.espncdn.com/i/teamlogos/ncaa/500/27.png,46
293502633,2010,2,2009-12-16,2009-12-16T19:00:00.000000-0500,97,s:40~l:54~t:97,louisville-cardinals,Louisville,Cardinals,LOU,Louisville Cardinals,Louisville,c9001f,000000,https://a.espncdn.com/i/teamlogos/ncaa/500/97.png,away,56,false,5,4,22,31.7,19,60,0,23,61.1,11,18,0,12,9,22,0,53.8,7,13,37,0,0,0,2633,s:40~l:54~t:2633,tennessee-lady-volunteers,Tennessee,Lady Volunteers,TENN,Tennessee Lady Volunteers,Tennessee,ff8200,ffffff,https://a.espncdn.com/i/teamlogos/ncaa/500/2633_ncw.png,86
293502633,2010,2,2009-12-16,2009-12-16T19:00:00.000000-0500,2633,s:40~l:54~t:2633,tennessee-lady-volunteers,Tennessee,Lady Volunteers,TENN,Tennessee Lady Volunteers,Tennessee,ff8200,ffffff,https://a.espncdn.com/i/teamlogos/ncaa/500/2633_ncw.png,home,86,true,19,12,28,42.5,31,73,0,13,62.5,15,24,31,20,10,16,0,40.9,9,22,54,0,0,0,97,s:40~l:54~t:97,louisville-cardinals,Louisville,Cardinals,LOU,Louisville Cardinals,Louisville,c9001f,000000,https://a.espncdn.com/i/teamlogos/ncaa/500/97.png,56
293500099,2010,2,2009-12-16,2009-12-16T20:00:00.000000-0500,2448,s:40~l:54~t:2448,north-carolina-at-aggies,North Carolina A&T,Aggies,NCAT,North Carolina A&T Aggies,NC A&T,0505aa,004684,https://a.espncdn.com/i/teamlogos/ncaa/500/2448.png,away,33,false,3,2,21,20.4,10,49,0,17,63.2,12,19,0,8,5,23,0,12.5,1,8,35,0,0,0,99,s:40~l:54~t:99,lsu-tigers,LSU,Tigers,LSU,LSU Tigers,LSU,461d7c,fdd023,https://a.espncdn.com/i/teamlogos/ncaa/500/99.png,75
293500099,2010,2,2009-12-16,2009-12-16T20:00:00.000000-0500,99,s:40~l:54~t:99,lsu-tigers,LSU,Tigers,LSU,LSU Tigers,LSU,461d7c,fdd023,https://a.espncdn.com/i/teamlogos/ncaa/500/99.png,home,75,true,17,4,31,47.5,28,59,0,16,60.9,14,23,44,8,12,8,0,45.5,5,11,44,0,0,0,2448,s:40~l:54~t:2448,north-carolina-at-aggies,North Carolina A&T,Aggies,NCAT,North Carolina A&T Aggies,NC A&T,0505aa,004684,https://a.espncdn.com/i/teamlogos/ncaa/500/2448.png,33
293500239,2010,2,2009-12-16,2009-12-16T20:00:00.000000-0500,198,s:40~l:54~t:198,oral-roberts-golden-eagles,Oral Roberts,Golden Eagles,ORU,Oral Roberts Golden Eagles,Oral Roberts,002462,dac792,https://a.espncdn.com/i/teamlogos/ncaa/500/198.png,away,76,false,9,1,22,38.6,27,70,0,27,76.5,13,17,4,6,9,27,0,33.3,9,27,38,0,0,0,239,s:40~l:54~t:239,baylor-bears,Baylor,Bears,BAY,Baylor Bears,Baylor,154734,ffb81c,https://a.espncdn.com/i/teamlogos/ncaa/500/239.png,101
293500239,2010,2,2009-12-16,2009-12-16T20:00:00.000000-0500,239,s:40~l:54~t:239,baylor-bears,Baylor,Bears,BAY,Baylor Bears,Baylor,154734,ffb81c,https://a.espncdn.com/i/teamlogos/ncaa/500/239.png,home,101,true,22,12,30,51.5,34,66,0,16,81.6,31,38,27,14,15,19,0,22.2,2,9,44,0,0,0,198,s:40~l:54~t:198,oral-roberts-golden-eagles,Oral Roberts,Golden Eagles,ORU,Oral Roberts Golden Eagles,Oral Roberts,002462,dac792,https://a.espncdn.com/i/teamlogos/ncaa/500/198.png,76
293502116,2010,2,2009-12-16,2009-12-16T19:00:00.000000-0500,52,s:40~l:54~t:52,florida-state-seminoles,Florida State,Seminoles,FSU,Florida State Seminoles,Florida St,782F40,ceb888,https://a.espncdn.com/i/teamlogos/ncaa/500/52.png,away,70,true,13,10,18,45.3,24,53,0,12,82.6,19,23,15,12,15,15,0,23.1,3,13,34,0,0,0,2116,s:40~l:54~t:2116,ucf-knights,UCF,Knights,UCF,UCF Knights,UCF,000000,231f20,https://a.espncdn.com/i/teamlogos/ncaa/500/2116.png,58
293502116,2010,2,2009-12-16,2009-12-16T19:00:00.000000-0500,2116,s:40~l:54~t:2116,ucf-knights,UCF,Knights,UCF,UCF Knights,UCF,000000,231f20,https://a.espncdn.com/i/teamlogos/ncaa/500/2116.png,home,58,false,10,1,16,33.3,21,63,0,18,100.0,12,12,2,16,10,18,0,26.7,4,15,40,0,0,0,52,s:40~l:54~t:52,florida-state-seminoles,Florida State,Seminoles,FSU,Florida State Seminoles,Florida St,782F40,ceb888,https://a.espncdn.com/i/teamlogos/ncaa/500/52.png,70
293500251,2010,2,2009-12-16,2009-12-16T20:00:00.000000-0500,145,s:40~l:54~t:145,ole-miss-rebels,Ole Miss,Rebels,MISS,Ole Miss Rebels,Ole Miss,001148,00205b,https://a.espncdn.com/i/teamlogos/ncaa/500/145.png,away,58,false,9,1,20,36.4,24,66,0,17,54.5,6,11,8,13,6,20,0,21.1,4,19,41,0,0,0,251,s:40~l:54~t:251,texas-longhorns,Texas,Longhorns,TEX,Texas Longhorns,Texas,c15d26,ffffff,https://a.espncdn.com/i/teamlogos/ncaa/500/251.png,64
293500251,2010,2,2009-12-16,2009-12-16T20:00:00.000000-0500,251,s:40~l:54~t:251,texas-longhorns,Texas,Longhorns,TEX,Texas Longhorns,Texas,c15d26,ffffff,https://a.espncdn.com/i/teamlogos/ncaa/500/251.png,home,64,true,9,4,23,40.3,25,62,0,16,72.7,8,11,6,16,5,21,0,40.0,6,15,41,0,0,0,145,s:40~l:54~t:145,ole-miss-rebels,Ole Miss,Rebels,MISS,Ole Miss Rebels,Ole Miss,001148,00205b,https://a.espncdn.com/i/teamlogos/ncaa/500/145.png,58
293500059,2010,2,2009-12-16,2009-12-16T18:00:00.000000-0500,2483,s:40~l:54~t:2483,oregon-ducks,Oregon,Ducks,ORE,Oregon Ducks,Oregon,044520,fee123,https://a.espncdn.com/i/teamlogos/ncaa/500/2483.png,away,69,false,16,2,26,40.0,26,65,0,18,73.3,11,15,2,5,7,17,0,22.2,6,27,34,0,0,0,59,s:40~l:54~t:59,georgia-tech-yellow-jackets,Georgia Tech,Yellow Jackets,GT,Georgia Tech Yellow Jackets,Georgia Tech,00223e,002c56,https://a.espncdn.com/i/teamlogos/ncaa/500/59.png,87
293500059,2010,2,2009-12-16,2009-12-16T18:00:00.000000-0500,59,s:40~l:54~t:59,georgia-tech-yellow-jackets,Georgia Tech,Yellow Jackets,GT,Georgia Tech Yellow Jackets,Georgia Tech,00223e,002c56,https://a.espncdn.com/i/teamlogos/ncaa/500/59.png,home,87,true,22,2,28,45.3,34,75,0,18,65.0,13,20,18,18,11,13,0,30.0,6,20,53,0,0,0,2483,s:40~l:54~t:2483,oregon-ducks,Oregon,Ducks,ORE,Oregon Ducks,Oregon,044520,fee123,https://a.espncdn.com/i/teamlogos/ncaa/500/2483.png,69
293500344,2010,2,2009-12-16,2009-12-16T13:00:00.000000-0500,2400,s:40~l:54~t:2400,mississippi-valley-state-devilettes,Mississippi Valley State,Devilettes,MVSU,Mississippi Valley State Devilettes,Miss Valley St,005328,cf2d34,https://a.espncdn.com/i/teamlogos/ncaa/500/2400.png,away,53,false,8,2,21,35.7,20,56,0,22,36.8,7,19,1,13,5,27,0,46.2,6,13,37,0,0,0,344,s:40~l:54~t:344,mississippi-state-bulldogs,Mississippi State,Bulldogs,MSST,Mississippi State Bulldogs,Mississippi St,762123,c8c8c8,https://a.espncdn.com/i/teamlogos/ncaa/500/344.png,88
293500344,2010,2,2009-12-16,2009-12-16T13:00:00.000000-0500,344,s:40~l:54~t:344,mississippi-state-bulldogs,Mississippi State,Bulldogs,MSST,Mississippi State Bulldogs,Mississippi St,762123,c8c8c8,https://a.espncdn.com/i/teamlogos/ncaa/500/344.png,home,88,true,18,8,25,50.8,32,63,0,19,50.0,17,34,37,18,13,17,0,38.9,7,18,46,0,0,0,2400,s:40~l:54~t:2400,mississippi-valley-state-devilettes,Mississippi Valley State,Devilettes,MVSU,Mississippi Valley State Devilettes,Miss Valley St,005328,cf2d34,https://a.espncdn.com/i/teamlogos/ncaa/500/2400.png,53
293500006,2010,2,2009-12-16,2009-12-16T13:00:00.000000-0500,2031,s:40~l:54~t:2031,little-rock-trojans,Little Rock,Trojans,LR,Little Rock Trojans,Little Rock,AD0000,898d8f,https://a.espncdn.com/i/teamlogos/ncaa/500/2031.png,away,49,false,6,3,24,34.5,19,55,0,22,78.6,11,14,2,7,9,17,0,0.0,0,5,34,0,0,0,6,s:40~l:54~t:6,south-alabama-jaguars,South Alabama,Jaguars,USA,South Alabama Jaguars,South Alabama,003E7E,,https://a.espncdn.com/i/teamlogos/ncaa/500/6.png,58
293500006,2010,2,2009-12-16,2009-12-16T13:00:00.000000-0500,6,s:40~l:54~t:6,south-alabama-jaguars,South Alabama,Jaguars,USA,South Alabama Jaguars,South Alabama,003E7E,,https://a.espncdn.com/i/teamlogos/ncaa/500/6.png,home,58,true,5,3,26,32.1,17,53,0,15,87.5,21,24,18,12,5,18,0,16.7,3,18,42,0,0,0,2031,s:40~l:54~t:2031,little-rock-trojans,Little Rock,Trojans,LR,Little Rock Trojans,Little Rock,AD0000,898d8f,https://a.espncdn.com/i/teamlogos/ncaa/500/2031.png,49
293500135,2010,2,2009-12-16,2009-12-16T20:00:00.000000-0500,2541,s:40~l:54~t:2541,santa-clara-broncos,Santa Clara,Broncos,SCU,Santa Clara Broncos,Santa Clara,690b0b,101010,https://a.espncdn.com/i/teamlogos/ncaa/500/2541.png,away,51,false,11,0,16,35.4,17,48,0,14,84.6,11,13,3,9,2,30,0,31.6,6,19,31,0,0,0,135,s:40~l:54~t:135,minnesota-golden-gophers,Minnesota,Golden Gophers,MINN,Minnesota Golden Gophers,Minnesota,981a31,981a31,https://a.espncdn.com/i/teamlogos/ncaa/500/135.png,91
293500135,2010,2,2009-12-16,2009-12-16T20:00:00.000000-0500,135,s:40~l:54~t:135,minnesota-golden-gophers,Minnesota,Golden Gophers,MINN,Minnesota Golden Gophers,Minnesota,981a31,981a31,https://a.espncdn.com/i/teamlogos/ncaa/500/135.png,home,91,true,19,6,18,50.0,33,66,0,16,88.9,16,18,42,13,18,12,0,50.0,9,18,35,0,0,0,2541,s:40~l:54~t:2541,santa-clara-broncos,Santa Clara,Broncos,SCU,Santa Clara Broncos,Santa Clara,690b0b,101010,https://a.espncdn.com/i/teamlogos/ncaa/500/2541.png,51
293490099,2010,2,2009-12-15,2009-12-15T20:00:00.000000-0500,2277,s:40~l:54~t:2277,houston-christian-huskies,Houston Christian,Huskies,HCU,Houston Christian Huskies,Hou Christian,00539c,,https://a.espncdn.com/i/teamlogos/ncaa/500/2277.png,away,31,false,6,4,20,26.5,13,49,0,20,50.0,2,4,0,3,2,27,0,23.1,3,13,25,0,0,0,99,s:40~l:54~t:99,lsu-tigers,LSU,Tigers,LSU,LSU Tigers,LSU,461d7c,fdd023,https://a.espncdn.com/i/teamlogos/ncaa/500/99.png,93
293490099,2010,2,2009-12-15,2009-12-15T20:00:00.000000-0500,99,s:40~l:54~t:99,lsu-tigers,LSU,Tigers,LSU,LSU Tigers,LSU,461d7c,fdd023,https://a.espncdn.com/i/teamlogos/ncaa/500/99.png,home,93,true,18,6,32,53.4,39,73,0,11,46.4,13,28,65,18,21,8,0,16.7,2,12,53,0,0,0,2277,s:40~l:54~t:2277,houston-christian-huskies,Houston Christian,Huskies,HCU,Houston Christian Huskies,Hou Christian,00539c,,https://a.espncdn.com/i/teamlogos/ncaa/500/2277.png,31
293490194,2010,2,2009-12-15,2009-12-15T19:00:00.000000-0500,2750,s:40~l:54~t:2750,wright-state-raiders,Wright State,Raiders,WRST,Wright State Raiders,Wright St,cba052,cba052,https://a.espncdn.com/i/teamlogos/ncaa/500/2750.png,away,47,false,10,0,15,33.3,18,54,0,20,69.2,9,13,2,8,6,20,0,16.7,2,12,24,0,0,0,194,s:40~l:54~t:194,ohio-state-buckeyes,Ohio State,Buckeyes,OSU,Ohio State Buckeyes,Ohio State,ce1141,505056,https://a.espncdn.com/i/teamlogos/ncaa/500/194.png,84
293490194,2010,2,2009-12-15,2009-12-15T19:00:00.000000-0500,194,s:40~l:54~t:194,ohio-state-buckeyes,Ohio State,Buckeyes,OSU,Ohio State Buckeyes,Ohio State,ce1141,505056,https://a.espncdn.com/i/teamlogos/ncaa/500/194.png,home,84,true,17,4,24,63.0,34,54,0,15,60.0,12,20,37,8,12,17,0,57.1,4,7,39,0,0,0,2750,s:40~l:54~t:2750,wright-state-raiders,Wright State,Raiders,WRST,Wright State Raiders,Wright St,cba052,cba052,https://a.espncdn.com/i/teamlogos/ncaa/500/2750.png,47
293490350,2010,2,2009-12-15,2009-12-15T12:00:00.000000-0500,324,s:40~l:54~t:324,coastal-carolina-chanticleers,Coastal Carolina,Chanticleers,CCU,Coastal Carolina Chanticleers,Coast Carolina,007073,876447,https://a.espncdn.com/i/teamlogos/ncaa/500/324.png,away,40,false,8,6,12,32.0,16,50,0,17,53.8,7,13,0,10,10,20,0,8.3,1,12,23,0,0,0,350,s:40~l:54~t:350,unc-wilmington-seahawks,UNC Wilmington,Seahawks,UNCW,UNC Wilmington Seahawks,UNC Wilmington,1d2f68,00665e,https://a.espncdn.com/i/teamlogos/ncaa/500/350.png,70
293490350,2010,2,2009-12-15,2009-12-15T12:00:00.000000-0500,350,s:40~l:54~t:350,unc-wilmington-seahawks,UNC Wilmington,Seahawks,UNCW,UNC Wilmington Seahawks,UNC Wilmington,1d2f68,00665e,https://a.espncdn.com/i/teamlogos/ncaa/500/350.png,home,70,true,11,2,28,50.0,27,54,0,16,71.4,15,21,30,16,14,19,0,20.0,1,5,46,0,0,0,324,s:40~l:54~t:324,coastal-carolina-chanticleers,Coastal Carolina,Chanticleers,CCU,Coastal Carolina Chanticleers,Coast Carolina,007073,876447,https://a.espncdn.com/i/teamlogos/ncaa/500/324.png,40
293490228,2010,2,2009-12-15,2009-12-15T19:00:00.000000-0500,2908,s:40~l:54~t:2908,south-carolina-upstate-spartans,South Carolina Upstate,Spartans,SCUP,South Carolina Upstate Spartans,SC Upstate,008545,000000,https://a.espncdn.com/i/teamlogos/ncaa/500/2908.png,away,65,false,9,4,22,32.9,25,76,0,19,72.2,13,18,5,23,10,26,0,18.2,2,11,49,0,0,0,228,s:40~l:54~t:228,clemson-tigers,Clemson,Tigers,CLEM,Clemson Tigers,Clemson,F66733,522d80,https://a.espncdn.com/i/teamlogos/ncaa/500/228.png,78
293490228,2010,2,2009-12-15,2009-12-15T19:00:00.000000-0500,228,s:40~l:54~t:228,clemson-tigers,Clemson,Tigers,CLEM,Clemson Tigers,Clemson,F66733,522d80,https://a.espncdn.com/i/teamlogos/ncaa/500/228.png,home,78,true,16,10,27,43.7,31,71,0,14,52.0,13,25,13,20,15,24,0,27.3,3,11,50,0,0,0,2908,s:40~l:54~t:2908,south-carolina-upstate-spartans,South Carolina Upstate,Spartans,SCUP,South Carolina Upstate Spartans,SC Upstate,008545,000000,https://a.espncdn.com/i/teamlogos/ncaa/500/2908.png,65
293490002,2010,2,2009-12-15,2009-12-15T19:00:00.000000-0500,2335,s:40~l:54~t:2335,liberty-flames,Liberty,Flames,LIB,Liberty Flames,Liberty,071740,a61f21,https://a.espncdn.com/i/teamlogos/ncaa/500/2335.png,away,64,false,6,1,17,49.0,25,51,0,18,92.3,12,13,2,5,8,16,0,28.6,2,7,23,0,0,0,2,s:40~l:54~t:2,auburn-tigers,Auburn,Tigers,AUB,Auburn Tigers,Auburn,03244d,f1f2f3,https://a.espncdn.com/i/teamlogos/ncaa/500/2.png,70
293490002,2010,2,2009-12-15,2009-12-15T19:00:00.000000-0500,2,s:40~l:54~t:2,auburn-tigers,Auburn,Tigers,AUB,Auburn Tigers,Auburn,03244d,f1f2f3,https://a.espncdn.com/i/teamlogos/ncaa/500/2.png,home,70,true,14,3,18,48.0,24,50,0,13,69.6,16,23,15,12,6,19,0,35.3,6,17,34,0,0,0,2335,s:40~l:54~t:2335,liberty-flames,Liberty,Flames,LIB,Liberty Flames,Liberty,071740,a61f21,https://a.espncdn.com/i/teamlogos/ncaa/500/2335.png,64
293490275,2010,2,2009-12-15,2009-12-15T20:00:00.000000-0500,2523,s:40~l:54~t:2523,robert-morris-colonials,Robert Morris,Colonials,RMU,Robert Morris Colonials,Robert Morris,00214D,a21d2b,https://a.espncdn.com/i/teamlogos/ncaa/500/2523.png,away,46,false,7,4,18,29.3,17,58,0,16,87.5,7,8,1,8,9,11,0,26.3,5,19,29,0,0,0,275,s:40~l:54~t:275,wisconsin-badgers,Wisconsin,Badgers,WISC,Wisconsin Badgers,Wisconsin,A00000,f7f7f7,https://a.espncdn.com/i/teamlogos/ncaa/500/275.png,62
293490275,2010,2,2009-12-15,2009-12-15T20:00:00.000000-0500,275,s:40~l:54~t:275,wisconsin-badgers,Wisconsin,Badgers,WISC,Wisconsin Badgers,Wisconsin,A00000,f7f7f7,https://a.espncdn.com/i/teamlogos/ncaa/500/275.png,home,62,true,19,4,30,52.3,23,44,0,7,50.0,7,14,25,3,3,18,0,56.3,9,16,37,0,0,0,2523,s:40~l:54~t:2523,robert-morris-colonials,Robert Morris,Colonials,RMU,Robert Morris Colonials,Robert Morris,00214D,a21d2b,https://a.espncdn.com/i/teamlogos/ncaa/500/2523.png,46
293492540,2010,2,2009-12-15,2009-12-15T22:00:00.000000-0500,26,s:40~l:54~t:26,ucla-bruins,UCLA,Bruins,UCLA,UCLA Bruins,UCLA,2774ae,f2a900,https://a.espncdn.com/i/teamlogos/ncaa/500/26.png,away,61,true,10,2,18,33.3,22,66,0,12,68.4,13,19,12,21,12,12,0,30.8,4,13,46,0,0,0,2540,s:40~l:54~t:2540,uc-santa-barbara-gauchos,UC Santa Barbara,Gauchos,UCSB,UC Santa Barbara Gauchos,UCSB,1D1160,fdb813,https://a.espncdn.com/i/teamlogos/ncaa/500/2540.png,49
293492540,2010,2,2009-12-15,2009-12-15T22:00:00.000000-0500,2540,s:40~l:54~t:2540,uc-santa-barbara-gauchos,UC Santa Barbara,Gauchos,UCSB,UC Santa Barbara Gauchos,UCSB,1D1160,fdb813,https://a.espncdn.com/i/teamlogos/ncaa/500/2540.png,home,49,false,16,13,25,42.2,19,45,0,14,66.7,6,9,9,5,6,18,0,41.7,5,12,31,0,0,0,26,s:40~l:54~t:26,ucla-bruins,UCLA,Bruins,UCLA,UCLA Bruins,UCLA,2774ae,f2a900,https://a.espncdn.com/i/teamlogos/ncaa/500/26.png,61
293482752,2010,2,2009-12-14,2009-12-14T19:00:00.000000-0500,130,s:40~l:54~t:130,michigan-wolverines,Michigan,Wolverines,MICH,Michigan Wolverines,Michigan,00274c,ffcb05,https://a.espncdn.com/i/teamlogos/ncaa/500/130.png,away,72,true,20,3,23,48.4,30,62,0,12,50.0,4,8,12,10,13,16,0,34.8,8,23,35,0,0,0,2752,s:40~l:54~t:2752,xavier-musketeers,Xavier,Musketeers,XAV,Xavier Musketeers,Xavier,002144,9ea2a2,https://a.espncdn.com/i/teamlogos/ncaa/500/2752.png,71
293482752,2010,2,2009-12-14,2009-12-14T19:00:00.000000-0500,2752,s:40~l:54~t:2752,xavier-musketeers,Xavier,Musketeers,XAV,Xavier Musketeers,Xavier,002144,9ea2a2,https://a.espncdn.com/i/teamlogos/ncaa/500/2752.png,home,71,false,20,5,20,50.0,29,58,0,11,58.3,7,12,5,8,6,16,0,37.5,6,16,29,0,0,0,130,s:40~l:54~t:130,michigan-wolverines,Michigan,Wolverines,MICH,Michigan Wolverines,Michigan,00274c,ffcb05,https://a.espncdn.com/i/teamlogos/ncaa/500/130.png,72
293482506,2010,2,2009-12-14,2009-12-14T11:30:00.000000-0500,2569,s:40~l:54~t:2569,south-carolina-state-lady-bulldogs,South Carolina State,Lady Bulldogs,SCST,South Carolina State Lady Bulldogs,SC State,7d1315,104897,https://a.espncdn.com/i/teamlogos/ncaa/500/2569.png,away,47,false,6,2,22,37.8,14,37,0,24,93.3,14,15,2,1,5,29,0,38.5,5,13,27,0,0,0,2506,s:40~l:54~t:2506,presbyterian-blue-hose,Presbyterian,Blue Hose,PRES,Presbyterian Blue Hose,Presbyterian,194896,990134,https://a.espncdn.com/i/teamlogos/ncaa/500/2506.png,61
293482506,2010,2,2009-12-14,2009-12-14T11:30:00.000000-0500,2506,s:40~l:54~t:2506,presbyterian-blue-hose,Presbyterian,Blue Hose,PRES,Presbyterian Blue Hose,Presbyterian,194896,990134,https://a.espncdn.com/i/teamlogos/ncaa/500/2506.png,home,61,true,14,1,19,42.6,23,54,0,14,50.0,12,24,14,9,13,18,0,23.1,3,13,34,0,0,0,2569,s:40~l:54~t:2569,south-carolina-state-lady-bulldogs,South Carolina State,Lady Bulldogs,SCST,South Carolina State Lady Bulldogs,SC State,7d1315,104897,https://a.espncdn.com/i/teamlogos/ncaa/500/2569.png,47
293480154,2010,2,2009-12-14,2009-12-14T11:30:00.000000-0500,2454,s:40~l:54~t:2454,north-florida-ospreys,North Florida,Ospreys,UNF,North Florida Ospreys,North Florida,004B8D,babcbe,https://a.espncdn.com/i/teamlogos/ncaa/500/2454.png,away,57,false,8,2,30,44.2,23,52,0,20,50.0,6,12,0,12,7,24,0,29.4,5,17,45,0,0,0,154,s:40~l:54~t:154,wake-forest-demon-deacons,Wake Forest,Demon Deacons,WAKE,Wake Forest Demon Deacons,Wake Forest,9E7E38,000000,https://a.espncdn.com/i/teamlogos/ncaa/500/154.png,60
293480154,2010,2,2009-12-14,2009-12-14T11:30:00.000000-0500,154,s:40~l:54~t:154,wake-forest-demon-deacons,Wake Forest,Demon Deacons,WAKE,Wake Forest Demon Deacons,Wake Forest,9E7E38,000000,https://a.espncdn.com/i/teamlogos/ncaa/500/154.png,home,60,true,16,4,16,32.2,19,59,0,11,52.4,11,21,9,11,14,12,0,42.3,11,26,31,0,0,0,2454,s:40~l:54~t:2454,north-florida-ospreys,North Florida,Ospreys,UNF,North Florida Ospreys,North Florida,004B8D,babcbe,https://a.espncdn.com/i/teamlogos/ncaa/500/2454.png,57
293480344,2010,2,2009-12-14,2009-12-14T20:00:00.000000-0500,2535,s:40~l:54~t:2535,samford-bulldogs,Samford,Bulldogs,SAM,Samford Bulldogs,Samford,005485,bc0023,https://a.espncdn.com/i/teamlogos/ncaa/500/2535.png,away,41,false,8,2,15,35.6,16,45,0,14,50.0,4,8,1,4,4,21,0,20.0,5,25,21,0,0,0,344,s:40~l:54~t:344,mississippi-state-bulldogs,Mississippi State,Bulldogs,MSST,Mississippi State Bulldogs,Mississippi St,762123,c8c8c8,https://a.espncdn.com/i/teamlogos/ncaa/500/344.png,80
293480344,2010,2,2009-12-14,2009-12-14T20:00:00.000000-0500,344,s:40~l:54~t:344,mississippi-state-bulldogs,Mississippi State,Bulldogs,MSST,Mississippi State Bulldogs,Mississippi St,762123,c8c8c8,https://a.espncdn.com/i/teamlogos/ncaa/500/344.png,home,80,true,19,2,26,63.3,31,49,0,14,52.6,10,19,41,6,11,15,0,44.4,8,18,34,0,0,0,2535,s:40~l:54~t:2535,samford-bulldogs,Samford,Bulldogs,SAM,Samford Bulldogs,Samford,005485,bc0023,https://a.espncdn.com/i/teamlogos/ncaa/500/2535.png,41
293470024,2010,2,2009-12-13,2009-12-13T17:00:00.000000-0500,305,s:40~l:54~t:305,depaul-blue-demons,DePaul,Blue Demons,DEP,DePaul Blue Demons,DePaul,2d649c,ce1125,https://a.espncdn.com/i/teamlogos/ncaa/500/305.png,away,60,false,16,1,14,32.9,23,70,0,20,81.8,9,11,3,12,4,10,0,26.3,5,19,33,0,0,0,24,s:40~l:54~t:24,stanford-cardinal,Stanford,Cardinal,STAN,Stanford Cardinal,Stanford,8c1515,ffffff,https://a.espncdn.com/i/teamlogos/ncaa/500/24.png,96
293470024,2010,2,2009-12-13,2009-12-13T17:00:00.000000-0500,24,s:40~l:54~t:24,stanford-cardinal,Stanford,Cardinal,STAN,Stanford Cardinal,Stanford,8c1515,ffffff,https://a.espncdn.com/i/teamlogos/ncaa/500/24.png,home,96,true,21,5,25,59.3,35,59,0,14,73.1,19,26,39,12,5,14,0,50.0,7,14,44,0,0,0,305,s:40~l:54~t:305,depaul-blue-demons,DePaul,Blue Demons,DEP,DePaul Blue Demons,DePaul,2d649c,ce1125,https://a.espncdn.com/i/teamlogos/ncaa/500/305.png,60
293470164,2010,2,2009-12-13,2009-12-13T15:00:00.000000-0500,2633,s:40~l:54~t:2633,tennessee-lady-volunteers,Tennessee,Lady Volunteers,TENN,Tennessee Lady Volunteers,Tennessee,ff8200,ffffff,https://a.espncdn.com/i/teamlogos/ncaa/500/2633_ncw.png,away,68,true,12,7,29,40.8,20,49,0,13,78.8,26,33,14,6,6,18,0,22.2,2,9,42,0,0,0,164,s:40~l:54~t:164,rutgers-scarlet-knights,Rutgers,Scarlet Knights,RUTG,Rutgers Scarlet Knights,Rutgers,d21034,ffffff,https://a.espncdn.com/i/teamlogos/ncaa/500/164.png,54
293470164,2010,2,2009-12-13,2009-12-13T15:00:00.000000-0500,164,s:40~l:54~t:164,rutgers-scarlet-knights,Rutgers,Scarlet Knights,RUTG,Rutgers Scarlet Knights,Rutgers,d21034,ffffff,https://a.espncdn.com/i/teamlogos/ncaa/500/164.png,home,54,false,11,3,20,35.1,20,57,0,22,53.8,7,13,1,5,7,16,0,46.7,7,15,31,0,0,0,2633,s:40~l:54~t:2633,tennessee-lady-volunteers,Tennessee,Lady Volunteers,TENN,Tennessee Lady Volunteers,Tennessee,ff8200,ffffff,https://a.espncdn.com/i/teamlogos/ncaa/500/2633_ncw.png,68
293470099,2010,2,2009-12-13,2009-12-13T15:00:00.000000-0500,2443,s:40~l:54~t:2443,new-orleans-privateers,New Orleans,Privateers,UNO,New Orleans Privateers,New Orleans,005da6,a2a9ae,https://a.espncdn.com/i/teamlogos/ncaa/500/2443.png,away,33,false,5,2,25,33.3,13,39,0,21,50.0,3,6,4,5,2,31,0,57.1,4,7,36,0,0,0,99,s:40~l:54~t:99,lsu-tigers,LSU,Tigers,LSU,LSU Tigers,LSU,461d7c,fdd023,https://a.espncdn.com/i/teamlogos/ncaa/500/99.png,57
293470099,2010,2,2009-12-13,2009-12-13T15:00:00.000000-0500,99,s:40~l:54~t:99,lsu-tigers,LSU,Tigers,LSU,LSU Tigers,LSU,461d7c,fdd023,https://a.espncdn.com/i/teamlogos/ncaa/500/99.png,home,57,true,11,2,19,34.9,22,63,0,13,57.1,12,21,24,17,12,11,0,9.1,1,11,38,0,0,0,2443,s:40~l:54~t:2443,new-orleans-privateers,New Orleans,Privateers,UNO,New Orleans Privateers,New Orleans,005da6,a2a9ae,https://a.espncdn.com/i/teamlogos/ncaa/500/2443.png,33
293470103,2010,2,2009-12-13,2009-12-13T13:00:00.000000-0500,239,s:40~l:54~t:239,baylor-bears,Baylor,Bears,BAY,Baylor Bears,Baylor,154734,ffb81c,https://a.espncdn.com/i/teamlogos/ncaa/500/239.png,away,68,true,9,6,21,49.2,29,59,0,8,60.0,9,15,16,10,10,12,0,33.3,1,3,36,0,0,0,103,s:40~l:54~t:103,boston-college-eagles,Boston College,Eagles,BC,Boston College Eagles,Boston College,8c2232,dbcca6,https://a.espncdn.com/i/teamlogos/ncaa/500/103.png,55
293470103,2010,2,2009-12-13,2009-12-13T13:00:00.000000-0500,103,s:40~l:54~t:103,boston-college-eagles,Boston College,Eagles,BC,Boston College Eagles,Boston College,8c2232,dbcca6,https://a.espncdn.com/i/teamlogos/ncaa/500/103.png,home,55,false,10,4,17,36.7,22,60,0,15,85.7,6,7,0,12,5,18,0,26.3,5,19,36,0,0,0,239,s:40~l:54~t:239,baylor-bears,Baylor,Bears,BAY,Baylor Bears,Baylor,154734,ffb81c,https://a.espncdn.com/i/teamlogos/ncaa/500/239.png,68
293470145,2010,2,2009-12-13,2009-12-13T14:00:00.000000-0500,194,s:40~l:54~t:194,ohio-state-buckeyes,Ohio State,Buckeyes,OSU,Ohio State Buckeyes,Ohio State,ce1141,505056,https://a.espncdn.com/i/teamlogos/ncaa/500/194.png,away,79,true,19,3,25,47.6,30,63,0,16,65.0,13,20,6,13,8,19,0,27.3,6,22,44,0,0,0,145,s:40~l:54~t:145,ole-miss-rebels,Ole Miss,Rebels,MISS,Ole Miss Rebels,Ole Miss,001148,00205b,https://a.espncdn.com/i/teamlogos/ncaa/500/145.png,77
293470145,2010,2,2009-12-13,2009-12-13T14:00:00.000000-0500,145,s:40~l:54~t:145,ole-miss-rebels,Ole Miss,Rebels,MISS,Ole Miss Rebels,Ole Miss,001148,00205b,https://a.espncdn.com/i/teamlogos/ncaa/500/145.png,home,77,false,13,2,20,42.0,29,69,0,20,57.1,8,14,10,16,6,15,0,47.8,11,23,36,0,0,0,194,s:40~l:54~t:194,ohio-state-buckeyes,Ohio State,Buckeyes,OSU,Ohio State Buckeyes,Ohio State,ce1141,505056,https://a.espncdn.com/i/teamlogos/ncaa/500/194.png,79
293470153,2010,2,2009-12-13,2009-12-13T15:00:00.000000-0500,2241,s:40~l:54~t:2241,gardner-webb-runnin-bulldogs,Gardner-Webb,Runnin' Bulldogs,GWEB,Gardner-Webb Runnin' Bulldogs,Gardner-Webb,c12535,909090,https://a.espncdn.com/i/teamlogos/ncaa/500/2241.png,away,65,false,13,2,25,32.8,21,64,0,26,91.3,21,23,2,12,14,27,0,13.3,2,15,44,0,0,0,153,s:40~l:54~t:153,north-carolina-tar-heels,North Carolina,Tar Heels,UNC,North Carolina Tar Heels,North Carolina,7bafd4,13294b,https://a.espncdn.com/i/teamlogos/ncaa/500/153.png,81
293470153,2010,2,2009-12-13,2009-12-13T15:00:00.000000-0500,153,s:40~l:54~t:153,north-carolina-tar-heels,North Carolina,Tar Heels,UNC,North Carolina Tar Heels,North Carolina,7bafd4,13294b,https://a.espncdn.com/i/teamlogos/ncaa/500/153.png,home,81,true,11,3,29,41.2,28,68,0,20,70.0,21,30,21,16,11,24,0,26.7,4,15,47,0,0,0,2241,s:40~l:54~t:2241,gardner-webb-runnin-bulldogs,Gardner-Webb,Runnin' Bulldogs,GWEB,Gardner-Webb Runnin' Bulldogs,Gardner-Webb,c12535,909090,https://a.espncdn.com/i/teamlogos/ncaa/500/2241.png,65
293472305,2010,2,2009-12-13,2009-12-13T15:00:00.000000-0500,156,s:40~l:54~t:156,creighton-bluejays,Creighton,Bluejays,CREI,Creighton Bluejays,Creighton,13299e,00235d,https://a.espncdn.com/i/teamlogos/ncaa/500/156.png,away,56,false,5,3,22,33.3,20,60,0,20,73.7,14,19,2,11,4,20,0,16.7,2,12,39,0,0,0,2305,s:40~l:54~t:2305,kansas-jayhawks,Kansas,Jayhawks,KU,Kansas Jayhawks,Kansas,0051ba,e8000d,https://a.espncdn.com/i/teamlogos/ncaa/500/2305.png,77
293472305,2010,2,2009-12-13,2009-12-13T15:00:00.000000-0500,2305,s:40~l:54~t:2305,kansas-jayhawks,Kansas,Jayhawks,KU,Kansas Jayhawks,Kansas,0051ba,e8000d,https://a.espncdn.com/i/teamlogos/ncaa/500/2305.png,home,77,true,13,5,28,42.1,24,57,0,19,85.7,24,28,23,11,8,12,0,50.0,5,10,43,0,0,0,156,s:40~l:54~t:156,creighton-bluejays,Creighton,Bluejays,CREI,Creighton Bluejays,Creighton,13299e,00235d,https://a.espncdn.com/i/teamlogos/ncaa/500/156.png,56
293470158,2010,2,2009-12-13,2009-12-13T15:05:00.000000-0500,2459,s:40~l:54~t:2459,northern-illinois-huskies,Northern Illinois,Huskies,NIU,Northern Illinois Huskies,N Illinois,F1122C,cc0000,https://a.espncdn.com/i/teamlogos/ncaa/500/2459.png,away,44,false,7,2,21,25.0,17,68,0,22,100.0,7,7,0,17,13,20,1,17.6,3,17,43,1,0,0,158,s:40~l:54~t:158,nebraska-cornhuskers,Nebraska,Cornhuskers,NEB,Nebraska Cornhuskers,Nebraska,F20017,f5f1e7,https://a.espncdn.com/i/teamlogos/ncaa/500/158.png,69
293470158,2010,2,2009-12-13,2009-12-13T15:05:00.000000-0500,158,s:40~l:54~t:158,nebraska-cornhuskers,Nebraska,Cornhuskers,NEB,Nebraska Cornhuskers,Nebraska,F20017,f5f1e7,https://a.espncdn.com/i/teamlogos/ncaa/500/158.png,home,69,true,16,6,29,42.9,24,56,0,8,64.0,16,25,30,13,11,18,0,41.7,5,12,44,0,0,0,2459,s:40~l:54~t:2459,northern-illinois-huskies,Northern Illinois,Huskies,NIU,Northern Illinois Huskies,N Illinois,F1122C,cc0000,https://a.espncdn.com/i/teamlogos/ncaa/500/2459.png,44
293470096,2010,2,2009-12-13,2009-12-13T13:00:00.000000-0500,50,s:40~l:54~t:50,florida-am-rattlers,Florida A&M,Rattlers,FAMU,Florida A&M Rattlers,FAMU,F89728,00843d,https://a.espncdn.com/i/teamlogos/ncaa/500/50.png,away,39,false,3,2,20,24.2,15,62,0,25,63.6,7,11,0,14,3,28,0,22.2,2,9,44,0,0,0,96,s:40~l:54~t:96,kentucky-wildcats,Kentucky,Wildcats,UK,Kentucky Wildcats,Kentucky,005DAA,ffffff,https://a.espncdn.com/i/teamlogos/ncaa/500/96.png,91
293470096,2010,2,2009-12-13,2009-12-13T13:00:00.000000-0500,96,s:40~l:54~t:96,kentucky-wildcats,Kentucky,Wildcats,UK,Kentucky Wildcats,Kentucky,005DAA,ffffff,https://a.espncdn.com/i/teamlogos/ncaa/500/96.png,home,91,true,20,5,26,50.0,30,60,0,14,73.3,22,30,52,10,15,14,0,45.0,9,20,42,0,0,0,50,s:40~l:54~t:50,florida-am-rattlers,Florida A&M,Rattlers,FAMU,Florida A&M Rattlers,FAMU,F89728,00843d,https://a.espncdn.com/i/teamlogos/ncaa/500/50.png,39
293472599,2010,2,2009-12-13,2009-12-13T13:30:00.000000-0500,227,s:40~l:54~t:227,rhode-island-rams,Rhode Island,Rams,URI,Rhode Island Rams,Rhode Island,091f3f,5ab3e8,https://a.espncdn.com/i/teamlogos/ncaa/500/227.png,away,44,false,4,1,23,46.5,20,43,0,14,50.0,4,8,0,4,6,25,0,0.0,0,1,33,0,0,0,2599,s:40~l:54~t:2599,st-johns-red-storm,St. John's,Red Storm,SJU,St. John's Red Storm,St John's,d10000,101010,https://a.espncdn.com/i/teamlogos/ncaa/500/2599.png,69
293472599,2010,2,2009-12-13,2009-12-13T13:30:00.000000-0500,2599,s:40~l:54~t:2599,st-johns-red-storm,St. John's,Red Storm,SJU,St. John's Red Storm,St John's,d10000,101010,https://a.espncdn.com/i/teamlogos/ncaa/500/2599.png,home,69,true,12,2,18,37.3,28,75,0,11,43.8,7,16,38,25,9,12,0,40.0,6,15,44,0,0,0,227,s:40~l:54~t:227,rhode-island-rams,Rhode Island,Rams,URI,Rhode Island Rams,Rhode Island,091f3f,5ab3e8,https://a.espncdn.com/i/teamlogos/ncaa/500/227.png,44
293470142,2010,2,2009-12-13,2009-12-13T14:00:00.000000-0500,93,s:40~l:54~t:93,murray-state-racers,Murray State,Racers,MUR,Murray State Racers,Murray St,002148,000e00,https://a.espncdn.com/i/teamlogos/ncaa/500/93.png,away,32,false,2,0,24,20.3,12,59,0,17,75.0,6,8,0,10,6,27,0,10.5,2,19,42,0,0,0,142,s:40~l:54~t:142,missouri-tigers,Missouri,Tigers,MIZ,Missouri Tigers,Missouri,f1b82d,000000,https://a.espncdn.com/i/teamlogos/ncaa/500/142.png,71
293470142,2010,2,2009-12-13,2009-12-13T14:00:00.000000-0500,142,s:40~l:54~t:142,missouri-tigers,Missouri,Tigers,MIZ,Missouri Tigers,Missouri,f1b82d,000000,https://a.espncdn.com/i/teamlogos/ncaa/500/142.png,home,71,true,12,12,26,40.0,26,65,0,11,61.9,13,21,39,16,11,16,0,31.6,6,19,47,0,0,0,93,s:40~l:54~t:93,murray-state-racers,Murray State,Racers,MUR,Murray State Racers,Murray St,002148,000e00,https://a.espncdn.com/i/teamlogos/ncaa/500/93.png,32
293470059,2010,2,2009-12-13,2009-12-13T14:00:00.000000-0500,2400,s:40~l:54~t:2400,mississippi-valley-state-devilettes,Mississippi Valley State,Devilettes,MVSU,Mississippi Valley State Devilettes,Miss Valley St,005328,cf2d34,https://a.espncdn.com/i/teamlogos/ncaa/500/2400.png,away,41,false,7,2,18,29.5,13,44,0,21,52.6,10,19,0,5,4,26,0,27.8,5,18,26,0,0,0,59,s:40~l:54~t:59,georgia-tech-yellow-jackets,Georgia Tech,Yellow Jackets,GT,Georgia Tech Yellow Jackets,Georgia Tech,00223e,002c56,https://a.espncdn.com/i/teamlogos/ncaa/500/59.png,89
293470059,2010,2,2009-12-13,2009-12-13T14:00:00.000000-0500,59,s:40~l:54~t:59,georgia-tech-yellow-jackets,Georgia Tech,Yellow Jackets,GT,Georgia Tech Yellow Jackets,Georgia Tech,00223e,002c56,https://a.espncdn.com/i/teamlogos/ncaa/500/59.png,home,89,true,25,4,26,60.0,33,55,0,16,73.3,22,30,50,6,15,13,0,9.1,1,11,36,0,0,0,2400,s:40~l:54~t:2400,mississippi-valley-state-devilettes,Mississippi Valley State,Devilettes,MVSU,Mississippi Valley State Devilettes,Miss Valley St,005328,cf2d34,https://a.espncdn.com/i/teamlogos/ncaa/500/2400.png,41
293472306,2010,2,2009-12-13,2009-12-13T15:00:00.000000-0500,77,s:40~l:54~t:77,northwestern-wildcats,Northwestern,Wildcats,NU,Northwestern Wildcats,Northwestern,582c83,ffffff,https://a.espncdn.com/i/teamlogos/ncaa/500/77.png,away,53,true,12,2,24,43.5,20,46,0,11,64.3,9,14,11,7,8,18,0,28.6,4,14,36,0,0,0,2306,s:40~l:54~t:2306,kansas-state-wildcats,Kansas State,Wildcats,KSU,Kansas State Wildcats,Kansas St,633194,e7d2ad,https://a.espncdn.com/i/teamlogos/ncaa/500/2306.png,50
293472306,2010,2,2009-12-13,2009-12-13T15:00:00.000000-0500,2306,s:40~l:54~t:2306,kansas-state-wildcats,Kansas State,Wildcats,KSU,Kansas State Wildcats,Kansas St,633194,e7d2ad,https://a.espncdn.com/i/teamlogos/ncaa/500/2306.png,home,50,false,8,4,18,32.1,18,56,0,11,75.0,6,8,2,10,8,14,0,34.8,8,23,32,0,0,0,77,s:40~l:54~t:77,northwestern-wildcats,Northwestern,Wildcats,NU,Northwestern Wildcats,Northwestern,582c83,ffffff,https://a.espncdn.com/i/teamlogos/ncaa/500/77.png,53
293470269,2010,2,2009-12-13,2009-12-13T15:00:00.000000-0500,2523,s:40~l:54~t:2523,robert-morris-colonials,Robert Morris,Colonials,RMU,Robert Morris Colonials,Robert Morris,00214D,a21d2b,https://a.espncdn.com/i/teamlogos/ncaa/500/2523.png,away,59,false,9,0,20,40.7,24,59,0,21,66.7,8,12,0,11,11,18,0,15.0,3,20,38,0,0,0,269,s:40~l:54~t:269,marquette-golden-eagles,Marquette,Golden Eagles,MARQ,Marquette Golden Eagles,Marquette,083963,ffffff,https://a.espncdn.com/i/teamlogos/ncaa/500/269.png,67
293470269,2010,2,2009-12-13,2009-12-13T15:00:00.000000-0500,269,s:40~l:54~t:269,marquette-golden-eagles,Marquette,Golden Eagles,MARQ,Marquette Golden Eagles,Marquette,083963,ffffff,https://a.espncdn.com/i/teamlogos/ncaa/500/269.png,home,67,true,15,2,21,41.5,22,53,0,13,73.9,17,23,15,11,10,17,0,42.9,6,14,33,0,0,0,2523,s:40~l:54~t:2523,robert-morris-colonials,Robert Morris,Colonials,RMU,Robert Morris Colonials,Robert Morris,00214D,a21d2b,https://a.espncdn.com/i/teamlogos/ncaa/500/2523.png,59
293470261,2010,2,2009-12-13,2009-12-13T16:30:00.000000-0500,197,s:40~l:54~t:197,oklahoma-state-cowgirls,Oklahoma State,Cowgirls,OKST,Oklahoma State Cowgirls,Oklahoma St,ff6500,000000,https://a.espncdn.com/i/teamlogos/ncaa/500/197.png,away,68,true,12,0,24,44.8,26,58,0,14,68.8,11,16,9,11,6,11,1,31.3,5,16,38,1,0,0,261,s:40~l:54~t:261,vermont-catamounts,Vermont,Catamounts,UVM,Vermont Catamounts,Vermont,154734,ffc72c,https://a.espncdn.com/i/teamlogos/ncaa/500/261.png,63
293470261,2010,2,2009-12-13,2009-12-13T16:30:00.000000-0500,261,s:40~l:54~t:261,vermont-catamounts,Vermont,Catamounts,UVM,Vermont Catamounts,Vermont,154734,ffc72c,https://a.espncdn.com/i/teamlogos/ncaa/500/261.png,home,63,false,10,2,18,35.5,22,62,0,13,83.3,10,12,7,13,4,11,0,33.3,9,27,36,0,0,0,197,s:40~l:54~t:197,oklahoma-state-cowgirls,Oklahoma State,Cowgirls,OKST,Oklahoma State Cowgirls,Oklahoma St,ff6500,000000,https://a.espncdn.com/i/teamlogos/ncaa/500/197.png,68
293470135,2010,2,2009-12-13,2009-12-13T16:30:00.000000-0500,66,s:40~l:54~t:66,iowa-state-cyclones,Iowa State,Cyclones,ISU,Iowa State Cyclones,Iowa State,822433,fdca2f,https://a.espncdn.com/i/teamlogos/ncaa/500/66.png,away,77,true,11,4,23,48.9,23,47,0,20,81.3,26,32,19,8,3,8,0,41.7,5,12,37,0,0,0,135,s:40~l:54~t:135,minnesota-golden-gophers,Minnesota,Golden Gophers,MINN,Minnesota Golden Gophers,Minnesota,981a31,981a31,https://a.espncdn.com/i/teamlogos/ncaa/500/135.png,60
293470135,2010,2,2009-12-13,2009-12-13T16:30:00.000000-0500,135,s:40~l:54~t:135,minnesota-golden-gophers,Minnesota,Golden Gophers,MINN,Minnesota Golden Gophers,Minnesota,981a31,981a31,https://a.espncdn.com/i/teamlogos/ncaa/500/135.png,home,60,false,11,0,15,33.3,17,51,0,26,79.2,19,24,4,10,4,8,0,35.0,7,20,28,0,0,0,66,s:40~l:54~t:66,iowa-state-cyclones,Iowa State,Cyclones,ISU,Iowa State Cyclones,Iowa State,822433,fdca2f,https://a.espncdn.com/i/teamlogos/ncaa/500/66.png,77
293470058,2010,2,2009-12-13,2009-12-13T16:30:00.000000-0500,294,s:40~l:54~t:294,jacksonville-dolphins,Jacksonville,Dolphins,JAX,Jacksonville Dolphins,Jacksonville,00523e,,https://a.espncdn.com/i/teamlogos/ncaa/500/294.png,away,64,false,16,2,23,29.5,23,78,0,26,61.9,13,21,13,20,11,18,0,25.0,5,20,52,0,0,0,58,s:40~l:54~t:58,south-florida-bulls,South Florida,Bulls,USF,South Florida Bulls,South Florida,004A36,231f20,https://a.espncdn.com/i/teamlogos/ncaa/500/58.png,76
293470058,2010,2,2009-12-13,2009-12-13T16:30:00.000000-0500,58,s:40~l:54~t:58,south-florida-bulls,South Florida,Bulls,USF,South Florida Bulls,South Florida,004A36,231f20,https://a.espncdn.com/i/teamlogos/ncaa/500/58.png,home,76,true,10,4,32,44.8,26,58,0,20,57.5,23,40,12,13,9,17,0,12.5,1,8,52,0,0,0,294,s:40~l:54~t:294,jacksonville-dolphins,Jacksonville,Dolphins,JAX,Jacksonville Dolphins,Jacksonville,00523e,,https://a.espncdn.com/i/teamlogos/ncaa/500/294.png,64
293470183,2010,2,2009-12-13,2009-12-13T17:00:00.000000-0500,159,s:40~l:54~t:159,dartmouth-big-green,Dartmouth,Big Green,DART,Dartmouth Big Green,Dartmouth,005730,000000,https://a.espncdn.com/i/teamlogos/ncaa/500/159.png,away,42,false,9,3,13,28.3,15,53,0,9,71.4,5,7,0,10,10,20,0,25.0,7,28,27,0,0,0,183,s:40~l:54~t:183,syracuse-orange,Syracuse,Orange,SYR,Syracuse Orange,Syracuse,ff6500,000e54,https://a.espncdn.com/i/teamlogos/ncaa/500/183.png,56
293470183,2010,2,2009-12-13,2009-12-13T17:00:00.000000-0500,183,s:40~l:54~t:183,syracuse-orange,Syracuse,Orange,SYR,Syracuse Orange,Syracuse,ff6500,000e54,https://a.espncdn.com/i/teamlogos/ncaa/500/183.png,home,56,true,19,4,25,51.1,24,47,0,10,36.4,4,11,24,11,10,25,0,44.4,4,9,40,0,0,0,159,s:40~l:54~t:159,dartmouth-big-green,Dartmouth,Big Green,DART,Dartmouth Big Green,Dartmouth,005730,000000,https://a.espncdn.com/i/teamlogos/ncaa/500/159.png,42
293472132,2010,2,2009-12-13,2009-12-13T18:00:00.000000-0500,2086,s:40~l:54~t:2086,butler-bulldogs,Butler,Bulldogs,BUT,Butler Bulldogs,Butler,0d1361,00a3e0,https://a.espncdn.com/i/teamlogos/ncaa/500/2086.png,away,65,true,11,4,28,45.3,24,53,0,12,81.3,13,16,17,6,8,16,0,25.0,4,16,35,0,0,0,2132,s:40~l:54~t:2132,cincinnati-bearcats,Cincinnati,Bearcats,CIN,Cincinnati Bearcats,Cincinnati,000000,717073,https://a.espncdn.com/i/teamlogos/ncaa/500/2132.png,48
293472132,2010,2,2009-12-13,2009-12-13T18:00:00.000000-0500,2132,s:40~l:54~t:2132,cincinnati-bearcats,Cincinnati,Bearcats,CIN,Cincinnati Bearcats,Cincinnati,000000,717073,https://a.espncdn.com/i/teamlogos/ncaa/500/2132.png,home,48,false,13,2,21,32.3,20,62,0,16,60.0,3,5,15,10,6,18,0,23.8,5,21,35,0,0,0,2086,s:40~l:54~t:2086,butler-bulldogs,Butler,Bulldogs,BUT,Butler Bulldogs,Butler,0d1361,00a3e0,https://a.espncdn.com/i/teamlogos/ncaa/500/2086.png,65
293460087,2010,2,2009-12-12,2009-12-12T14:00:00.000000-0500,2674,s:40~l:54~t:2674,valparaiso-beacons,Valparaiso,Beacons,VAL,Valparaiso Beacons,Valparaiso,794500,,https://a.espncdn.com/i/teamlogos/ncaa/500/2674.png,away,47,false,6,4,16,29.3,17,58,0,20,91.7,11,12,0,10,9,28,0,20.0,2,10,28,0,0,0,87,s:40~l:54~t:87,notre-dame-fighting-irish,Notre Dame,Fighting Irish,ND,Notre Dame Fighting Irish,Notre Dame,0c2340,c99700,https://a.espncdn.com/i/teamlogos/ncaa/500/87.png,88
293460087,2010,2,2009-12-12,2009-12-12T14:00:00.000000-0500,87,s:40~l:54~t:87,notre-dame-fighting-irish,Notre Dame,Fighting Irish,ND,Notre Dame Fighting Irish,Notre Dame,0c2340,c99700,https://a.espncdn.com/i/teamlogos/ncaa/500/87.png,home,88,true,23,4,29,49.1,28,57,0,18,68.6,24,35,41,14,17,22,0,44.4,8,18,46,0,0,0,2674,s:40~l:54~t:2674,valparaiso-beacons,Valparaiso,Beacons,VAL,Valparaiso Beacons,Valparaiso,794500,,https://a.espncdn.com/i/teamlogos/ncaa/500/2674.png,47
293462628,2010,2,2009-12-12,2009-12-12T19:00:00.000000-0500,245,s:40~l:54~t:245,texas-am-aggies,Texas A&M,Aggies,TA&M,Texas A&M Aggies,Texas A&M,5C0025,ffffff,https://a.espncdn.com/i/teamlogos/ncaa/500/245.png,away,54,false,11,7,25,41.8,23,55,0,17,28.6,2,7,14,9,8,22,1,50.0,6,12,40,1,0,0,2628,s:40~l:54~t:2628,tcu-horned-frogs,TCU,Horned Frogs,TCU,TCU Horned Frogs,TCU,4d1979,f1f2f3,https://a.espncdn.com/i/teamlogos/ncaa/500/2628.png,56
293462628,2010,2,2009-12-12,2009-12-12T19:00:00.000000-0500,2628,s:40~l:54~t:2628,tcu-horned-frogs,TCU,Horned Frogs,TCU,TCU Horned Frogs,TCU,4d1979,f1f2f3,https://a.espncdn.com/i/teamlogos/ncaa/500/2628.png,home,56,true,10,6,17,36.5,19,52,0,13,68.8,11,16,5,10,11,17,1,36.8,7,19,31,1,0,0,245,s:40~l:54~t:245,texas-am-aggies,Texas A&M,Aggies,TA&M,Texas A&M Aggies,Texas A&M,5C0025,ffffff,https://a.espncdn.com/i/teamlogos/ncaa/500/245.png,54
293460257,2010,2,2009-12-12,2009-12-12T12:00:00.000000-0500,46,s:40~l:54~t:46,georgetown-hoyas,Georgetown,Hoyas,GTWN,Georgetown Hoyas,Georgetown,110E42,001c58,https://a.espncdn.com/i/teamlogos/ncaa/500/46.png,away,78,true,18,2,22,50.9,29,57,0,22,71.4,10,14,19,11,18,22,0,47.6,10,21,35,0,0,0,257,s:40~l:54~t:257,richmond-spiders,Richmond,Spiders,RICH,Richmond Spiders,Richmond,9e0712,b90b2e,https://a.espncdn.com/i/teamlogos/ncaa/500/257.png,63
293460257,2010,2,2009-12-12,2009-12-12T12:00:00.000000-0500,257,s:40~l:54~t:257,richmond-spiders,Richmond,Spiders,RICH,Richmond Spiders,Richmond,9e0712,b90b2e,https://a.espncdn.com/i/teamlogos/ncaa/500/257.png,home,63,false,12,3,17,40.0,20,50,0,15,76.0,19,25,2,10,14,26,0,28.6,4,14,29,0,0,0,46,s:40~l:54~t:46,georgetown-hoyas,Georgetown,Hoyas,GTWN,Georgetown Hoyas,Georgetown,110E42,001c58,https://a.espncdn.com/i/teamlogos/ncaa/500/46.png,78
293460277,2010,2,2009-12-12,2009-12-12T14:00:00.000000-0500,2344,s:40~l:54~t:2344,longwood-lancers,Longwood,Lancers,LONG,Longwood Lancers,Longwood,003273,9ea2a3,https://a.espncdn.com/i/teamlogos/ncaa/500/2344.png,away,43,false,4,3,17,28.0,14,50,0,24,64.7,11,17,0,8,5,23,0,50.0,4,8,30,0,0,0,277,s:40~l:54~t:277,west-virginia-mountaineers,West Virginia,Mountaineers,WVU,West Virginia Mountaineers,West Virginia,FFC600,eaaa00,https://a.espncdn.com/i/teamlogos/ncaa/500/277.png,74
293460277,2010,2,2009-12-12,2009-12-12T14:00:00.000000-0500,277,s:40~l:54~t:277,west-virginia-mountaineers,West Virginia,Mountaineers,WVU,West Virginia Mountaineers,West Virginia,FFC600,eaaa00,https://a.espncdn.com/i/teamlogos/ncaa/500/277.png,home,74,true,15,10,32,41.1,23,56,0,16,69.7,23,33,34,16,11,19,0,29.4,5,17,49,0,0,0,2344,s:40~l:54~t:2344,longwood-lancers,Longwood,Lancers,LONG,Longwood Lancers,Longwood,003273,9ea2a3,https://a.espncdn.com/i/teamlogos/ncaa/500/2344.png,43
293460236,2010,2,2009-12-12,2009-12-12T17:00:00.000000-0500,228,s:40~l:54~t:228,clemson-tigers,Clemson,Tigers,CLEM,Clemson Tigers,Clemson,F66733,522d80,https://a.espncdn.com/i/teamlogos/ncaa/500/228.png,away,56,false,11,8,25,42.9,21,49,0,20,58.8,10,17,0,5,6,18,0,26.7,4,15,34,0,0,0,236,s:40~l:54~t:236,chattanooga-mocs,Chattanooga,Mocs,UTC,Chattanooga Mocs,Chattanooga,00386b,dca71d,https://a.espncdn.com/i/teamlogos/ncaa/500/236.png,69
293460236,2010,2,2009-12-12,2009-12-12T17:00:00.000000-0500,236,s:40~l:54~t:236,chattanooga-mocs,Chattanooga,Mocs,UTC,Chattanooga Mocs,Chattanooga,00386b,dca71d,https://a.espncdn.com/i/teamlogos/ncaa/500/236.png,home,69,true,9,0,25,32.3,21,65,0,13,85.7,18,21,14,16,7,13,0,34.6,9,26,45,0,0,0,228,s:40~l:54~t:228,clemson-tigers,Clemson,Tigers,CLEM,Clemson Tigers,Clemson,F66733,522d80,https://a.espncdn.com/i/teamlogos/ncaa/500/228.png,56
293462348,2010,2,2009-12-12,2009-12-12T20:00:00.000000-0500,344,s:40~l:54~t:344,mississippi-state-bulldogs,Mississippi State,Bulldogs,MSST,Mississippi State Bulldogs,Mississippi St,762123,c8c8c8,https://a.espncdn.com/i/teamlogos/ncaa/500/344.png,away,72,true,11,2,20,34.4,22,64,0,23,64.3,18,28,7,11,17,13,1,38.5,10,26,34,1,0,0,2348,s:40~l:54~t:2348,louisiana-tech-lady-techsters,Louisiana Tech,Lady Techsters,LT,Louisiana Tech Lady Techsters,Louisiana Tech,002d65,d3313a,https://a.espncdn.com/i/teamlogos/ncaa/500/2348.png,68
293462348,2010,2,2009-12-12,2009-12-12T20:00:00.000000-0500,2348,s:40~l:54~t:2348,louisiana-tech-lady-techsters,Louisiana Tech,Lady Techsters,LT,Louisiana Tech Lady Techsters,Louisiana Tech,002d65,d3313a,https://a.espncdn.com/i/teamlogos/ncaa/500/2348.png,home,68,false,14,2,27,49.0,25,51,0,20,61.5,16,26,10,7,5,24,1,22.2,2,9,41,1,0,0,344,s:40~l:54~t:344,mississippi-state-bulldogs,Mississippi State,Bulldogs,MSST,Mississippi State Bulldogs,Mississippi St,762123,c8c8c8,https://a.espncdn.com/i/teamlogos/ncaa/500/344.png,72
293450113,2010,2,2009-12-11,2009-12-11T18:00:00.000000-0500,2507,s:40~l:54~t:2507,providence-friars,Providence,Friars,PROV,Providence Friars,Providence,000000,a3a19e,https://a.espncdn.com/i/teamlogos/ncaa/500/2507.png,away,72,true,11,6,21,46.4,26,56,0,14,82.4,14,17,23,10,6,12,0,37.5,6,16,35,0,0,0,113,s:40~l:54~t:113,umass-minutewomen,UMass,Minutewomen,MASS,UMass Minutewomen,UMass,880007,,https://a.espncdn.com/i/teamlogos/ncaa/500/113.png,54
293450113,2010,2,2009-12-11,2009-12-11T18:00:00.000000-0500,113,s:40~l:54~t:113,umass-minutewomen,UMass,Minutewomen,MASS,UMass Minutewomen,UMass,880007,,https://a.espncdn.com/i/teamlogos/ncaa/500/113.png,home,54,false,11,0,19,27.9,17,61,0,14,88.2,15,17,5,18,4,20,0,21.7,5,23,42,0,0,0,2507,s:40~l:54~t:2507,providence-friars,Providence,Friars,PROV,Providence Friars,Providence,000000,a3a19e,https://a.espncdn.com/i/teamlogos/ncaa/500/2507.png,72
293440041,2010,2,2009-12-10,2009-12-10T19:00:00.000000-0500,42,s:40~l:54~t:42,hartford-hawks,Hartford,Hawks,HART,Hartford Hawks,Hartford,d60008,000000,https://a.espncdn.com/i/teamlogos/ncaa/500/42.png,away,45,false,8,4,13,34.7,17,49,0,12,54.5,6,11,0,3,6,16,1,26.3,5,19,24,1,0,0,41,s:40~l:54~t:41,uconn-huskies,UConn,Huskies,CONN,UConn Huskies,UConn,0c2340,f1f2f3,https://a.espncdn.com/i/teamlogos/ncaa/500/41.png,80
293440041,2010,2,2009-12-10,2009-12-10T19:00:00.000000-0500,41,s:40~l:54~t:41,uconn-huskies,UConn,Huskies,CONN,UConn Huskies,UConn,0c2340,f1f2f3,https://a.espncdn.com/i/teamlogos/ncaa/500/41.png,home,80,true,18,5,26,50.8,31,61,0,16,86.7,13,15,41,12,9,13,0,35.7,5,14,42,0,0,0,42,s:40~l:54~t:42,hartford-hawks,Hartford,Hawks,HART,Hartford Hawks,Hartford,d60008,000000,https://a.espncdn.com/i/teamlogos/ncaa/500/42.png,45
293440349,2010,2,2009-12-10,2009-12-10T20:30:00.000000-0500,201,s:40~l:54~t:201,oklahoma-sooners,Oklahoma,Sooners,OU,Oklahoma Sooners,Oklahoma,9d2235,ffffff,https://a.espncdn.com/i/teamlogos/ncaa/500/201.png,away,59,true,7,4,24,35.7,20,56,0,17,63.0,17,27,14,17,6,20,0,13.3,2,15,45,0,0,0,349,s:40~l:54~t:349,army-black-knights,Army,Black Knights,ARMY,Army Black Knights,Army,ce9c00,231f20,https://a.espncdn.com/i/teamlogos/ncaa/500/349.png,46
293440349,2010,2,2009-12-10,2009-12-10T20:30:00.000000-0500,349,s:40~l:54~t:349,army-black-knights,Army,Black Knights,ARMY,Army Black Knights,Army,ce9c00,231f20,https://a.espncdn.com/i/teamlogos/ncaa/500/349.png,home,46,false,5,2,22,25.0,14,56,0,20,66.7,12,18,9,13,7,17,0,30.0,6,20,41,0,0,0,201,s:40~l:54~t:201,oklahoma-sooners,Oklahoma,Sooners,OU,Oklahoma Sooners,Oklahoma,9d2235,ffffff,https://a.espncdn.com/i/teamlogos/ncaa/500/201.png,59
293442514,2010,2,2009-12-10,2009-12-10T19:00:00.000000-0500,238,s:40~l:54~t:238,vanderbilt-commodores,Vanderbilt,Commodores,VAN,Vanderbilt Commodores,Vanderbilt,000000,231f20,https://a.espncdn.com/i/teamlogos/ncaa/500/238.png,away,75,true,15,4,23,41.3,26,63,0,15,80.0,16,20,4,12,7,15,0,35.0,7,20,37,0,0,0,2514,s:40~l:54~t:2514,quinnipiac-bobcats,Quinnipiac,Bobcats,QUIN,Quinnipiac Bobcats,Quinnipiac,041B43,,https://a.espncdn.com/i/teamlogos/ncaa/500/2514.png,74
293442514,2010,2,2009-12-10,2009-12-10T19:00:00.000000-0500,2514,s:40~l:54~t:2514,quinnipiac-bobcats,Quinnipiac,Bobcats,QUIN,Quinnipiac Bobcats,Quinnipiac,041B43,,https://a.espncdn.com/i/teamlogos/ncaa/500/2514.png,home,74,false,15,3,22,42.2,27,64,0,16,78.6,11,14,16,12,8,17,0,50.0,9,18,41,0,0,0,238,s:40~l:54~t:238,vanderbilt-commodores,Vanderbilt,Commodores,VAN,Vanderbilt Commodores,Vanderbilt,000000,231f20,https://a.espncdn.com/i/teamlogos/ncaa/500/238.png,75
293442305,2010,2,2009-12-10,2009-12-10T20:00:00.000000-0500,140,s:40~l:54~t:140,kansas-city-roos,Kansas City,Roos,KC,Kansas City Roos,Kansas City,004b87,ffc72c,https://a.espncdn.com/i/teamlogos/ncaa/500/140.png,away,53,false,6,3,19,31.7,19,60,0,21,78.6,11,14,2,10,7,18,0,50.0,4,8,31,0,0,0,2305,s:40~l:54~t:2305,kansas-jayhawks,Kansas,Jayhawks,KU,Kansas Jayhawks,Kansas,0051ba,e8000d,https://a.espncdn.com/i/teamlogos/ncaa/500/2305.png,81
293442305,2010,2,2009-12-10,2009-12-10T20:00:00.000000-0500,2305,s:40~l:54~t:2305,kansas-jayhawks,Kansas,Jayhawks,KU,Kansas Jayhawks,Kansas,0051ba,e8000d,https://a.espncdn.com/i/teamlogos/ncaa/500/2305.png,home,81,true,19,5,29,50.0,28,56,0,14,79.2,19,24,33,11,4,18,0,60.0,6,10,44,0,0,0,140,s:40~l:54~t:140,kansas-city-roos,Kansas City,Roos,KC,Kansas City Roos,Kansas City,004b87,ffc72c,https://a.espncdn.com/i/teamlogos/ncaa/500/140.png,53
293440119,2010,2,2009-12-10,2009-12-10T19:00:00.000000-0500,120,s:40~l:54~t:120,maryland-terrapins,Maryland,Terrapins,MD,Maryland Terrapins,Maryland,D5002B,ffcd00,https://a.espncdn.com/i/teamlogos/ncaa/500/120.png,away,55,false,13,0,18,34.4,21,61,0,23,44.4,8,18,3,18,6,18,0,25.0,5,20,40,0,0,0,119,s:40~l:54~t:119,towson-tigers,Towson,Tigers,TOW,Towson Tigers,Towson,FFC229,,https://a.espncdn.com/i/teamlogos/ncaa/500/119.png,67
293440119,2010,2,2009-12-10,2009-12-10T19:00:00.000000-0500,119,s:40~l:54~t:119,towson-tigers,Towson,Tigers,TOW,Towson Tigers,Towson,FFC229,,https://a.espncdn.com/i/teamlogos/ncaa/500/119.png,home,67,true,14,1,18,52.2,24,46,0,15,55.6,15,27,14,10,9,19,0,36.4,4,11,36,0,0,0,120,s:40~l:54~t:120,maryland-terrapins,Maryland,Terrapins,MD,Maryland Terrapins,Maryland,D5002B,ffcd00,https://a.espncdn.com/i/teamlogos/ncaa/500/120.png,55
293442599,2010,2,2009-12-10,2009-12-10T19:00:00.000000-0500,2341,s:40~l:54~t:2341,liu-brooklyn-blackbirds,LIU Brooklyn,Blackbirds,LIU,LIU Brooklyn Blackbirds,LIU Brooklyn,000000,f0f0f0,https://a.espncdn.com/i/teamlogos/ncaa/500/2341.png,away,64,false,16,7,16,47.4,27,57,0,17,57.1,8,14,6,10,6,17,0,18.2,2,11,29,0,0,0,2599,s:40~l:54~t:2599,st-johns-red-storm,St. John's,Red Storm,SJU,St. John's Red Storm,St John's,d10000,101010,https://a.espncdn.com/i/teamlogos/ncaa/500/2599.png,78
293442599,2010,2,2009-12-10,2009-12-10T19:00:00.000000-0500,2599,s:40~l:54~t:2599,st-johns-red-storm,St. John's,Red Storm,SJU,St. John's Red Storm,St John's,d10000,101010,https://a.espncdn.com/i/teamlogos/ncaa/500/2599.png,home,78,true,15,4,17,51.6,32,62,0,12,58.8,10,17,15,16,6,16,0,40.0,4,10,37,0,0,0,2341,s:40~l:54~t:2341,liu-brooklyn-blackbirds,LIU Brooklyn,Blackbirds,LIU,LIU Brooklyn Blackbirds,LIU Brooklyn,000000,f0f0f0,https://a.espncdn.com/i/teamlogos/ncaa/500/2341.png,64
293440103,2010,2,2009-12-10,2009-12-10T19:00:00.000000-0500,130,s:40~l:54~t:130,michigan-wolverines,Michigan,Wolverines,MICH,Michigan Wolverines,Michigan,00274c,ffcb05,https://a.espncdn.com/i/teamlogos/ncaa/500/130.png,away,76,true,13,3,18,46.7,28,60,0,16,60.9,14,23,11,9,15,13,0,37.5,6,16,29,0,0,0,103,s:40~l:54~t:103,boston-college-eagles,Boston College,Eagles,BC,Boston College Eagles,Boston College,8c2232,dbcca6,https://a.espncdn.com/i/teamlogos/ncaa/500/103.png,70
293440103,2010,2,2009-12-10,2009-12-10T19:00:00.000000-0500,103,s:40~l:54~t:103,boston-college-eagles,Boston College,Eagles,BC,Boston College Eagles,Boston College,8c2232,dbcca6,https://a.espncdn.com/i/teamlogos/ncaa/500/103.png,home,70,false,16,1,28,41.5,27,65,0,19,69.2,9,13,8,16,5,21,0,33.3,7,21,49,0,0,0,130,s:40~l:54~t:130,michigan-wolverines,Michigan,Wolverines,MICH,Michigan Wolverines,Michigan,00274c,ffcb05,https://a.espncdn.com/i/teamlogos/ncaa/500/130.png,76
293440164,2010,2,2009-12-10,2009-12-10T19:30:00.000000-0500,2504,s:40~l:54~t:2504,prairie-view-am-lady-panthers,Prairie View A&M,Lady Panthers,PV,Prairie View A&M Lady Panthers,Prairie View,4d0960,,https://a.espncdn.com/i/teamlogos/ncaa/500/2504.png,away,45,false,9,4,17,37.2,16,43,0,11,60.0,9,15,6,7,10,19,0,33.3,4,12,27,0,0,0,164,s:40~l:54~t:164,rutgers-scarlet-knights,Rutgers,Scarlet Knights,RUTG,Rutgers Scarlet Knights,Rutgers,d21034,ffffff,https://a.espncdn.com/i/teamlogos/ncaa/500/164.png,50
293440164,2010,2,2009-12-10,2009-12-10T19:30:00.000000-0500,164,s:40~l:54~t:164,rutgers-scarlet-knights,Rutgers,Scarlet Knights,RUTG,Rutgers Scarlet Knights,Rutgers,d21034,ffffff,https://a.espncdn.com/i/teamlogos/ncaa/500/164.png,home,50,true,11,3,18,38.9,21,54,0,14,50.0,6,12,6,12,11,19,0,25.0,2,8,37,0,0,0,2504,s:40~l:54~t:2504,prairie-view-am-lady-panthers,Prairie View A&M,Lady Panthers,PV,Prairie View A&M Lady Panthers,Prairie View,4d0960,,https://a.espncdn.com/i/teamlogos/ncaa/500/2504.png,45
293440142,2010,2,2009-12-10,2009-12-10T19:30:00.000000-0500,292,s:40~l:54~t:292,ut-rio-grande-valley-vaqueros,UT Rio Grande Valley,Vaqueros,RGV,UT Rio Grande Valley Vaqueros,UT Rio Grande,dc6000,e1732d,https://a.espncdn.com/i/teamlogos/ncaa/500/292.png,away,34,false,2,2,18,28.8,15,52,0,21,21.1,4,19,4,15,6,29,0,0.0,0,8,40,0,0,0,142,s:40~l:54~t:142,missouri-tigers,Missouri,Tigers,MIZ,Missouri Tigers,Missouri,f1b82d,000000,https://a.espncdn.com/i/teamlogos/ncaa/500/142.png,83
293440142,2010,2,2009-12-10,2009-12-10T19:30:00.000000-0500,142,s:40~l:54~t:142,missouri-tigers,Missouri,Tigers,MIZ,Missouri Tigers,Missouri,f1b82d,000000,https://a.espncdn.com/i/teamlogos/ncaa/500/142.png,home,83,true,15,7,24,46.0,29,63,0,17,70.4,19,27,49,15,13,17,0,37.5,6,16,44,0,0,0,292,s:40~l:54~t:292,ut-rio-grande-valley-vaqueros,UT Rio Grande Valley,Vaqueros,RGV,UT Rio Grande Valley Vaqueros,UT Rio Grande,dc6000,e1732d,https://a.espncdn.com/i/teamlogos/ncaa/500/292.png,34
293440066,2010,2,2009-12-10,2009-12-10T20:00:00.000000-0500,2294,s:40~l:54~t:2294,iowa-hawkeyes,Iowa,Hawkeyes,IOWA,Iowa Hawkeyes,Iowa,000000,fcd116,https://a.espncdn.com/i/teamlogos/ncaa/500/2294.png,away,66,false,14,7,22,48.0,24,50,0,20,100.0,9,9,3,4,2,19,0,52.9,9,17,28,0,0,0,66,s:40~l:54~t:66,iowa-state-cyclones,Iowa State,Cyclones,ISU,Iowa State Cyclones,Iowa State,822433,fdca2f,https://a.espncdn.com/i/teamlogos/ncaa/500/66.png,85
293440066,2010,2,2009-12-10,2009-12-10T20:00:00.000000-0500,66,s:40~l:54~t:66,iowa-state-cyclones,Iowa State,Cyclones,ISU,Iowa State Cyclones,Iowa State,822433,fdca2f,https://a.espncdn.com/i/teamlogos/ncaa/500/66.png,home,85,true,21,4,20,45.2,28,62,0,13,76.5,13,17,31,9,9,8,0,47.1,16,34,32,0,0,0,2294,s:40~l:54~t:2294,iowa-hawkeyes,Iowa,Hawkeyes,IOWA,Iowa Hawkeyes,Iowa,000000,fcd116,https://a.espncdn.com/i/teamlogos/ncaa/500/2294.png,66
293430127,2010,2,2009-12-09,2009-12-09T19:00:00.000000-0500,2752,s:40~l:54~t:2752,xavier-musketeers,Xavier,Musketeers,XAV,Xavier Musketeers,Xavier,002144,9ea2a2,https://a.espncdn.com/i/teamlogos/ncaa/500/2752.png,away,53,false,6,3,18,30.9,17,55,0,25,60.7,17,28,3,7,3,13,0,18.2,2,11,30,0,0,0,127,s:40~l:54~t:127,michigan-state-spartans,Michigan State,Spartans,MSU,Michigan State Spartans,Michigan St,18453B,ffffff,https://a.espncdn.com/i/teamlogos/ncaa/500/127.png,66
293430127,2010,2,2009-12-09,2009-12-09T19:00:00.000000-0500,127,s:40~l:54~t:127,michigan-state-spartans,Michigan State,Spartans,MSU,Michigan State Spartans,Michigan St,18453B,ffffff,https://a.espncdn.com/i/teamlogos/ncaa/500/127.png,home,66,true,10,8,31,36.4,20,55,0,21,67.6,23,34,15,17,6,18,0,23.1,3,13,54,0,0,0,2752,s:40~l:54~t:2752,xavier-musketeers,Xavier,Musketeers,XAV,Xavier Musketeers,Xavier,002144,9ea2a2,https://a.espncdn.com/i/teamlogos/ncaa/500/2752.png,53
293430158,2010,2,2009-12-09,2009-12-09T20:05:00.000000-0500,156,s:40~l:54~t:156,creighton-bluejays,Creighton,Bluejays,CREI,Creighton Bluejays,Creighton,13299e,00235d,https://a.espncdn.com/i/teamlogos/ncaa/500/156.png,away,56,false,11,2,22,37.1,23,62,0,22,66.7,4,6,0,14,8,20,0,31.6,6,19,36,0,0,0,158,s:40~l:54~t:158,nebraska-cornhuskers,Nebraska,Cornhuskers,NEB,Nebraska Cornhuskers,Nebraska,F20017,f5f1e7,https://a.espncdn.com/i/teamlogos/ncaa/500/158.png,69
293430158,2010,2,2009-12-09,2009-12-09T20:05:00.000000-0500,158,s:40~l:54~t:158,nebraska-cornhuskers,Nebraska,Cornhuskers,NEB,Nebraska Cornhuskers,Nebraska,F20017,f5f1e7,https://a.espncdn.com/i/teamlogos/ncaa/500/158.png,home,69,true,9,4,23,50.0,26,52,0,12,58.3,14,24,14,10,6,20,0,25.0,3,12,38,0,0,0,156,s:40~l:54~t:156,creighton-bluejays,Creighton,Bluejays,CREI,Creighton Bluejays,Creighton,13299e,00235d,https://a.espncdn.com/i/teamlogos/ncaa/500/156.png,56
293430259,2010,2,2009-12-09,2009-12-09T17:30:00.000000-0500,116,s:40~l:54~t:116,mount-st-marys-mountaineers,Mount St. Mary's,Mountaineers,MSM,Mount St. Mary's Mountaineers,Mount St Mary,005596,ebebeb,https://a.espncdn.com/i/teamlogos/ncaa/500/116.png,away,42,false,11,2,22,38.6,17,44,0,14,62.5,5,8,17,6,6,19,0,23.1,3,13,31,0,0,0,259,s:40~l:54~t:259,virginia-tech-hokies,Virginia Tech,Hokies,VT,Virginia Tech Hokies,Virginia Tech,630031,cf4520,https://a.espncdn.com/i/teamlogos/ncaa/500/259.png,44
293430259,2010,2,2009-12-09,2009-12-09T17:30:00.000000-0500,259,s:40~l:54~t:259,virginia-tech-hokies,Virginia Tech,Hokies,VT,Virginia Tech Hokies,Virginia Tech,630031,cf4520,https://a.espncdn.com/i/teamlogos/ncaa/500/259.png,home,44,true,12,6,21,33.9,19,56,0,11,37.5,3,8,5,13,9,17,0,25.0,3,12,38,0,0,0,116,s:40~l:54~t:116,mount-st-marys-mountaineers,Mount St. Mary's,Mountaineers,MSM,Mount St. Mary's Mountaineers,Mount St Mary,005596,ebebeb,https://a.espncdn.com/i/teamlogos/ncaa/500/116.png,42
293430222,2010,2,2009-12-09,2009-12-09T18:00:00.000000-0500,2603,s:40~l:54~t:2603,saint-josephs-hawks,Saint Joseph's,Hawks,JOES,Saint Joseph's Hawks,Saint Joseph's,C2071B,101010,https://a.espncdn.com/i/teamlogos/ncaa/500/2603.png,away,42,false,3,0,20,29.4,15,51,0,16,66.7,10,15,3,9,10,16,0,18.2,2,11,30,0,0,0,222,s:40~l:54~t:222,villanova-wildcats,Villanova,Wildcats,VILL,Villanova Wildcats,Villanova,00205b,13b5ea,https://a.espncdn.com/i/teamlogos/ncaa/500/222.png,56
293430222,2010,2,2009-12-09,2009-12-09T18:00:00.000000-0500,222,s:40~l:54~t:222,villanova-wildcats,Villanova,Wildcats,VILL,Villanova Wildcats,Villanova,00205b,13b5ea,https://a.espncdn.com/i/teamlogos/ncaa/500/222.png,home,56,true,12,2,25,45.2,19,42,0,15,83.3,15,18,19,4,7,17,0,21.4,3,14,33,0,0,0,2603,s:40~l:54~t:2603,saint-josephs-hawks,Saint Joseph's,Hawks,JOES,Saint Joseph's Hawks,Saint Joseph's,C2071B,101010,https://a.espncdn.com/i/teamlogos/ncaa/500/2603.png,42
293430213,2010,2,2009-12-09,2009-12-09T19:00:00.000000-0500,2405,s:40~l:54~t:2405,monmouth-hawks,Monmouth,Hawks,MONM,Monmouth Hawks,Monmouth,051844,,https://a.espncdn.com/i/teamlogos/ncaa/500/2405.png,away,42,false,7,0,15,22.1,15,68,0,17,64.3,9,14,0,17,8,10,0,18.8,3,16,37,0,0,0,213,s:40~l:54~t:213,penn-state-lady-lions,Penn State,Lady Lions,PSU,Penn State Lady Lions,Penn State,00265D,002e5c,https://a.espncdn.com/i/teamlogos/ncaa/500/213.png,67
293430213,2010,2,2009-12-09,2009-12-09T19:00:00.000000-0500,213,s:40~l:54~t:213,penn-state-lady-lions,Penn State,Lady Lions,PSU,Penn State Lady Lions,Penn State,00265D,002e5c,https://a.espncdn.com/i/teamlogos/ncaa/500/213.png,home,67,true,11,6,32,47.1,24,51,0,14,78.3,18,23,25,15,7,20,0,20.0,1,5,51,0,0,0,2405,s:40~l:54~t:2405,monmouth-hawks,Monmouth,Hawks,MONM,Monmouth Hawks,Monmouth,051844,,https://a.espncdn.com/i/teamlogos/ncaa/500/2405.png,42
293430097,2010,2,2009-12-09,2009-12-09T19:00:00.000000-0500,2393,s:40~l:54~t:2393,middle-tennessee-blue-raiders,Middle Tennessee,Blue Raiders,MTSU,Middle Tennessee Blue Raiders,MTSU,006db6,ffffff,https://a.espncdn.com/i/teamlogos/ncaa/500/2393.png,away,94,true,23,3,18,43.3,29,67,0,30,84.2,16,19,14,12,8,14,0,46.5,20,43,32,0,0,0,97,s:40~l:54~t:97,louisville-cardinals,Louisville,Cardinals,LOU,Louisville Cardinals,Louisville,c9001f,000000,https://a.espncdn.com/i/teamlogos/ncaa/500/97.png,84
293430097,2010,2,2009-12-09,2009-12-09T19:00:00.000000-0500,97,s:40~l:54~t:97,louisville-cardinals,Louisville,Cardinals,LOU,Louisville Cardinals,Louisville,c9001f,000000,https://a.espncdn.com/i/teamlogos/ncaa/500/97.png,home,84,false,15,3,25,46.6,27,58,0,23,67.5,27,40,0,19,3,19,0,33.3,3,9,44,0,0,0,2393,s:40~l:54~t:2393,middle-tennessee-blue-raiders,Middle Tennessee,Blue Raiders,MTSU,Middle Tennessee Blue Raiders,MTSU,006db6,ffffff,https://a.espncdn.com/i/teamlogos/ncaa/500/2393.png,94
293430084,2010,2,2009-12-09,2009-12-09T19:00:00.000000-0500,2630,s:40~l:54~t:2630,ut-martin-skyhawks,UT Martin,Skyhawks,UTM,UT Martin Skyhawks,UT Martin,FF6700,102a5c,https://a.espncdn.com/i/teamlogos/ncaa/500/2630.png,away,46,false,5,2,19,34.0,17,50,0,14,41.2,7,17,3,10,5,26,0,27.8,5,18,35,0,0,0,84,s:40~l:54~t:84,indiana-hoosiers,Indiana,Hoosiers,IU,Indiana Hoosiers,Indiana,990000,edebeb,https://a.espncdn.com/i/teamlogos/ncaa/500/84.png,80
293430084,2010,2,2009-12-09,2009-12-09T19:00:00.000000-0500,84,s:40~l:54~t:84,indiana-hoosiers,Indiana,Hoosiers,IU,Indiana Hoosiers,Indiana,990000,edebeb,https://a.espncdn.com/i/teamlogos/ncaa/500/84.png,home,80,true,18,5,22,49.2,32,65,0,15,50.0,6,12,34,12,14,16,0,55.6,10,18,42,0,0,0,2630,s:40~l:54~t:2630,ut-martin-skyhawks,UT Martin,Skyhawks,UTM,UT Martin Skyhawks,UT Martin,FF6700,102a5c,https://a.espncdn.com/i/teamlogos/ncaa/500/2630.png,46
293430135,2010,2,2009-12-09,2009-12-09T20:00:00.000000-0500,304,s:40~l:54~t:304,idaho-state-bengals,Idaho State,Bengals,IDST,Idaho State Bengals,Idaho St,ef8c00,e9a126,https://a.espncdn.com/i/teamlogos/ncaa/500/304.png,away,44,false,12,2,14,36.4,16,44,0,17,69.2,9,13,2,7,7,20,0,17.6,3,17,24,0,0,0,135,s:40~l:54~t:135,minnesota-golden-gophers,Minnesota,Golden Gophers,MINN,Minnesota Golden Gophers,Minnesota,981a31,981a31,https://a.espncdn.com/i/teamlogos/ncaa/500/135.png,79
293430135,2010,2,2009-12-09,2009-12-09T20:00:00.000000-0500,135,s:40~l:54~t:135,minnesota-golden-gophers,Minnesota,Golden Gophers,MINN,Minnesota Golden Gophers,Minnesota,981a31,981a31,https://a.espncdn.com/i/teamlogos/ncaa/500/135.png,home,79,true,17,4,20,50.0,29,58,0,16,72.2,13,18,35,13,14,13,0,72.7,8,11,39,0,0,0,304,s:40~l:54~t:304,idaho-state-bengals,Idaho State,Bengals,IDST,Idaho State Bengals,Idaho St,ef8c00,e9a126,https://a.espncdn.com/i/teamlogos/ncaa/500/304.png,44
293430356,2010,2,2009-12-09,2009-12-09T21:00:00.000000-0500,269,s:40~l:54~t:269,marquette-golden-eagles,Marquette,Golden Eagles,MARQ,Marquette Golden Eagles,Marquette,083963,ffffff,https://a.espncdn.com/i/teamlogos/ncaa/500/269.png,away,65,true,11,1,24,38.0,19,50,0,15,67.7,21,31,10,5,10,23,0,46.2,6,13,41,0,0,0,356,s:40~l:54~t:356,illinois-fighting-illini,Illinois,Fighting Illini,ILL,Illinois Fighting Illini,Illinois,ff5f05,13294b,https://a.espncdn.com/i/teamlogos/ncaa/500/356.png,55
293430356,2010,2,2009-12-09,2009-12-09T21:00:00.000000-0500,356,s:40~l:54~t:356,illinois-fighting-illini,Illinois,Fighting Illini,ILL,Illinois Fighting Illini,Illinois,ff5f05,13294b,https://a.espncdn.com/i/teamlogos/ncaa/500/356.png,home,55,false,15,10,20,37.5,24,64,0,19,36.4,4,11,7,13,13,21,0,16.7,3,18,38,0,0,0,269,s:40~l:54~t:269,marquette-golden-eagles,Marquette,Golden Eagles,MARQ,Marquette Golden Eagles,Marquette,083963,ffffff,https://a.espncdn.com/i/teamlogos/ncaa/500/269.png,65
293432547,2010,2,2009-12-09,2009-12-09T22:00:00.000000-0500,264,s:40~l:54~t:264,washington-huskies,Washington,Huskies,WASH,Washington Huskies,Washington,33006f,e8d3a2,https://a.espncdn.com/i/teamlogos/ncaa/500/264.png,away,58,true,12,7,22,42.9,24,56,0,14,50.0,4,8,6,13,8,17,0,42.9,6,14,39,0,0,0,2547,s:40~l:54~t:2547,seattle-u-redhawks,Seattle U,Redhawks,SEA,Seattle U Redhawks,Seattle U,BF2E1A,c2c3c0,https://a.espncdn.com/i/teamlogos/ncaa/500/2547.png,53
293432547,2010,2,2009-12-09,2009-12-09T22:00:00.000000-0500,2547,s:40~l:54~t:2547,seattle-u-redhawks,Seattle U,Redhawks,SEA,Seattle U Redhawks,Seattle U,BF2E1A,c2c3c0,https://a.espncdn.com/i/teamlogos/ncaa/500/2547.png,home,53,false,15,0,19,38.0,19,50,0,11,75.0,6,8,3,6,7,15,0,45.0,9,20,27,0,0,0,264,s:40~l:54~t:264,washington-huskies,Washington,Huskies,WASH,Washington Huskies,Washington,33006f,e8d3a2,https://a.espncdn.com/i/teamlogos/ncaa/500/264.png,58
293420087,2010,2,2009-12-08,2009-12-08T19:00:00.000000-0500,2870,s:40~l:54~t:2870,purdue-fort-wayne-mastodons,Purdue Fort Wayne,Mastodons,PFW,Purdue Fort Wayne Mastodons,Purdue FW,00378A,f0f0f0,https://a.espncdn.com/i/teamlogos/ncaa/500/2870.png,away,60,false,10,2,18,35.8,19,53,0,17,91.7,11,12,1,5,11,30,0,50.0,11,22,27,0,0,0,87,s:40~l:54~t:87,notre-dame-fighting-irish,Notre Dame,Fighting Irish,ND,Notre Dame Fighting Irish,Notre Dame,0c2340,c99700,https://a.espncdn.com/i/teamlogos/ncaa/500/87.png,96
293420087,2010,2,2009-12-08,2009-12-08T19:00:00.000000-0500,87,s:40~l:54~t:87,notre-dame-fighting-irish,Notre Dame,Fighting Irish,ND,Notre Dame Fighting Irish,Notre Dame,0c2340,c99700,https://a.espncdn.com/i/teamlogos/ncaa/500/87.png,home,96,true,25,5,26,57.8,37,64,0,17,64.0,16,25,41,12,22,20,0,54.5,6,11,39,0,0,0,2870,s:40~l:54~t:2870,purdue-fort-wayne-mastodons,Purdue Fort Wayne,Mastodons,PFW,Purdue Fort Wayne Mastodons,Purdue FW,00378A,f0f0f0,https://a.espncdn.com/i/teamlogos/ncaa/500/2870.png,60
293420245,2010,2,2009-12-08,2009-12-08T20:00:00.000000-0500,249,s:40~l:54~t:249,north-texas-mean-green,North Texas,Mean Green,UNT,North Texas Mean Green,North Texas,00853D,000000,https://a.espncdn.com/i/teamlogos/ncaa/500/249.png,away,49,false,10,3,19,25.5,13,51,0,22,75.9,22,29,3,16,9,37,0,12.5,1,8,40,0,0,0,245,s:40~l:54~t:245,texas-am-aggies,Texas A&M,Aggies,TA&M,Texas A&M Aggies,Texas A&M,5C0025,ffffff,https://a.espncdn.com/i/teamlogos/ncaa/500/245.png,108
293420245,2010,2,2009-12-08,2009-12-08T20:00:00.000000-0500,245,s:40~l:54~t:245,texas-am-aggies,Texas A&M,Aggies,TA&M,Texas A&M Aggies,Texas A&M,5C0025,ffffff,https://a.espncdn.com/i/teamlogos/ncaa/500/245.png,home,108,true,32,11,20,57.0,45,79,0,21,66.7,16,24,65,16,20,14,0,33.3,2,6,41,0,0,0,249,s:40~l:54~t:249,north-texas-mean-green,North Texas,Mean Green,UNT,North Texas Mean Green,North Texas,00853D,000000,https://a.espncdn.com/i/teamlogos/ncaa/500/249.png,49
293420153,2010,2,2009-12-08,2009-12-08T19:00:00.000000-0500,2515,s:40~l:54~t:2515,radford-highlanders,Radford,Highlanders,RAD,Radford Highlanders,Radford,BC1515,c2c3c0,https://a.espncdn.com/i/teamlogos/ncaa/500/2515.png,away,48,false,11,0,15,30.8,16,52,0,20,71.4,10,14,1,4,16,25,0,42.9,6,14,24,0,0,0,153,s:40~l:54~t:153,north-carolina-tar-heels,North Carolina,Tar Heels,UNC,North Carolina Tar Heels,North Carolina,7bafd4,13294b,https://a.espncdn.com/i/teamlogos/ncaa/500/153.png,74
293420153,2010,2,2009-12-08,2009-12-08T19:00:00.000000-0500,153,s:40~l:54~t:153,north-carolina-tar-heels,North Carolina,Tar Heels,UNC,North Carolina Tar Heels,North Carolina,7bafd4,13294b,https://a.espncdn.com/i/teamlogos/ncaa/500/153.png,home,74,true,22,5,29,56.6,30,53,0,17,61.9,13,21,27,10,18,26,0,12.5,1,8,43,0,0,0,2515,s:40~l:54~t:2515,radford-highlanders,Radford,Highlanders,RAD,Radford Highlanders,Radford,BC1515,c2c3c0,https://a.espncdn.com/i/teamlogos/ncaa/500/2515.png,48
293420221,2010,2,2009-12-08,2009-12-08T19:00:00.000000-0500,2674,s:40~l:54~t:2674,valparaiso-beacons,Valparaiso,Beacons,VAL,Valparaiso Beacons,Valparaiso,794500,,https://a.espncdn.com/i/teamlogos/ncaa/500/2674.png,away,52,false,13,5,22,27.5,14,51,0,16,81.0,17,21,1,10,3,22,0,35.0,7,20,37,0,0,0,221,s:40~l:54~t:221,pittsburgh-panthers,Pittsburgh,Panthers,PITT,Pittsburgh Panthers,Pitt,003263,231f20,https://a.espncdn.com/i/teamlogos/ncaa/500/221.png,77
293420221,2010,2,2009-12-08,2009-12-08T19:00:00.000000-0500,221,s:40~l:54~t:221,pittsburgh-panthers,Pittsburgh,Panthers,PITT,Pittsburgh Panthers,Pitt,003263,231f20,https://a.espncdn.com/i/teamlogos/ncaa/500/221.png,home,77,true,22,5,26,43.3,29,67,0,19,68.4,13,19,27,16,9,14,0,46.2,6,13,46,0,0,0,2674,s:40~l:54~t:2674,valparaiso-beacons,Valparaiso,Beacons,VAL,Valparaiso Beacons,Valparaiso,794500,,https://a.espncdn.com/i/teamlogos/ncaa/500/2674.png,52
293420258,2010,2,2009-12-08,2009-12-08T19:00:00.000000-0500,231,s:40~l:54~t:231,furman-paladins,Furman,Paladins,FUR,Furman Paladins,Furman,582c83,ffffff,https://a.espncdn.com/i/teamlogos/ncaa/500/231.png,away,43,false,10,4,18,32.7,16,49,0,23,62.5,5,8,0,6,8,25,0,35.3,6,17,28,0,0,0,258,s:40~l:54~t:258,virginia-cavaliers,Virginia,Cavaliers,UVA,Virginia Cavaliers,Virginia,f84c1e,ffffff,https://a.espncdn.com/i/teamlogos/ncaa/500/258.png,74
293420258,2010,2,2009-12-08,2009-12-08T19:00:00.000000-0500,258,s:40~l:54~t:258,virginia-cavaliers,Virginia,Cavaliers,UVA,Virginia Cavaliers,Virginia,f84c1e,ffffff,https://a.espncdn.com/i/teamlogos/ncaa/500/258.png,home,74,true,15,4,28,45.0,27,60,0,14,66.7,18,27,31,19,18,19,0,22.2,2,9,47,0,0,0,231,s:40~l:54~t:231,furman-paladins,Furman,Paladins,FUR,Furman Paladins,Furman,582c83,ffffff,https://a.espncdn.com/i/teamlogos/ncaa/500/231.png,43
293422275,2010,2,2009-12-08,2009-12-08T19:00:00.000000-0500,2507,s:40~l:54~t:2507,providence-friars,Providence,Friars,PROV,Providence Friars,Providence,000000,a3a19e,https://a.espncdn.com/i/teamlogos/ncaa/500/2507.png,away,68,false,16,7,16,41.5,22,53,0,19,72.7,16,22,3,3,8,16,0,38.1,8,21,28,0,0,0,2275,s:40~l:54~t:2275,hofstra-pride,Hofstra,Pride,HOF,Hofstra Pride,Hofstra,00337c,f6c934,https://a.espncdn.com/i/teamlogos/ncaa/500/2275.png,72
293422275,2010,2,2009-12-08,2009-12-08T19:00:00.000000-0500,2275,s:40~l:54~t:2275,hofstra-pride,Hofstra,Pride,HOF,Hofstra Pride,Hofstra,00337c,f6c934,https://a.espncdn.com/i/teamlogos/ncaa/500/2275.png,home,72,true,13,3,25,50.0,26,52,0,23,60.9,14,23,10,9,7,22,0,40.0,6,15,38,0,0,0,2507,s:40~l:54~t:2507,providence-friars,Providence,Friars,PROV,Providence Friars,Providence,000000,a3a19e,https://a.espncdn.com/i/teamlogos/ncaa/500/2507.png,68
293420277,2010,2,2009-12-08,2009-12-08T19:00:00.000000-0500,2198,s:40~l:54~t:2198,eastern-kentucky-colonels,Eastern Kentucky,Colonels,EKU,Eastern Kentucky Colonels,E Kentucky,660819,f0f0f0,https://a.espncdn.com/i/teamlogos/ncaa/500/2198.png,away,40,false,3,2,21,34.1,14,41,0,18,70.0,7,10,0,3,4,27,0,31.3,5,16,29,0,0,0,277,s:40~l:54~t:277,west-virginia-mountaineers,West Virginia,Mountaineers,WVU,West Virginia Mountaineers,West Virginia,FFC600,eaaa00,https://a.espncdn.com/i/teamlogos/ncaa/500/277.png,60
293420277,2010,2,2009-12-08,2009-12-08T19:00:00.000000-0500,277,s:40~l:54~t:277,west-virginia-mountaineers,West Virginia,Mountaineers,WVU,West Virginia Mountaineers,West Virginia,FFC600,eaaa00,https://a.espncdn.com/i/teamlogos/ncaa/500/277.png,home,60,true,9,6,21,40.0,22,55,0,14,59.1,13,22,26,11,16,20,0,23.1,3,13,38,0,0,0,2198,s:40~l:54~t:2198,eastern-kentucky-colonels,Eastern Kentucky,Colonels,EKU,Eastern Kentucky Colonels,E Kentucky,660819,f0f0f0,https://a.espncdn.com/i/teamlogos/ncaa/500/2198.png,40
293420008,2010,2,2009-12-08,2009-12-08T20:00:00.000000-0500,2154,s:40~l:54~t:2154,coppin-state-eagles,Coppin State,Eagles,COPP,Coppin State Eagles,Coppin St,2e3192,ffd204,https://a.espncdn.com/i/teamlogos/ncaa/500/2154.png,away,51,false,17,5,21,35.5,22,62,0,15,63.6,7,11,6,12,5,21,0,0.0,0,5,39,0,0,0,8,s:40~l:54~t:8,arkansas-razorbacks,Arkansas,Razorbacks,ARK,Arkansas Razorbacks,Arkansas,a41f35,222222,https://a.espncdn.com/i/teamlogos/ncaa/500/8.png,72
293420008,2010,2,2009-12-08,2009-12-08T20:00:00.000000-0500,8,s:40~l:54~t:8,arkansas-razorbacks,Arkansas,Razorbacks,ARK,Arkansas Razorbacks,Arkansas,a41f35,222222,https://a.espncdn.com/i/teamlogos/ncaa/500/8.png,home,72,true,18,6,22,46.0,29,63,0,12,64.7,11,17,21,14,12,14,0,21.4,3,14,41,0,0,0,2154,s:40~l:54~t:2154,coppin-state-eagles,Coppin State,Eagles,COPP,Coppin State Eagles,Coppin St,2e3192,ffd204,https://a.espncdn.com/i/teamlogos/ncaa/500/2154.png,51
293410164,2010,2,2009-12-07,2009-12-07T19:00:00.000000-0500,57,s:40~l:54~t:57,florida-gators,Florida,Gators,FLA,Florida Gators,Florida,0021a5,fa4616,https://a.espncdn.com/i/teamlogos/ncaa/500/57.png,away,38,false,9,1,14,22.0,11,50,0,16,64.3,9,14,2,14,4,19,0,21.9,7,32,40,0,0,0,164,s:40~l:54~t:164,rutgers-scarlet-knights,Rutgers,Scarlet Knights,RUTG,Rutgers Scarlet Knights,Rutgers,d21034,ffffff,https://a.espncdn.com/i/teamlogos/ncaa/500/164.png,51
293410164,2010,2,2009-12-07,2009-12-07T19:00:00.000000-0500,164,s:40~l:54~t:164,rutgers-scarlet-knights,Rutgers,Scarlet Knights,RUTG,Rutgers Scarlet Knights,Rutgers,d21034,ffffff,https://a.espncdn.com/i/teamlogos/ncaa/500/164.png,home,51,true,11,8,19,35.3,18,51,0,13,69.2,9,13,19,14,10,13,0,40.0,6,15,36,0,0,0,57,s:40~l:54~t:57,florida-gators,Florida,Gators,FLA,Florida Gators,Florida,0021a5,fa4616,https://a.espncdn.com/i/teamlogos/ncaa/500/57.png,38
293400194,2010,2,2009-12-06,2009-12-06T14:00:00.000000-0500,275,s:40~l:54~t:275,wisconsin-badgers,Wisconsin,Badgers,WISC,Wisconsin Badgers,Wisconsin,A00000,f7f7f7,https://a.espncdn.com/i/teamlogos/ncaa/500/275.png,away,55,false,13,3,26,48.0,24,50,0,21,50.0,4,8,6,2,5,21,0,60.0,3,5,32,0,0,0,194,s:40~l:54~t:194,ohio-state-buckeyes,Ohio State,Buckeyes,OSU,Ohio State Buckeyes,Ohio State,ce1141,505056,https://a.espncdn.com/i/teamlogos/ncaa/500/194.png,70
293400194,2010,2,2009-12-06,2009-12-06T14:00:00.000000-0500,194,s:40~l:54~t:194,ohio-state-buckeyes,Ohio State,Buckeyes,OSU,Ohio State Buckeyes,Ohio State,ce1141,505056,https://a.espncdn.com/i/teamlogos/ncaa/500/194.png,home,70,true,14,5,23,36.2,21,58,0,10,83.3,20,24,19,12,7,13,1,42.1,8,19,38,1,0,0,275,s:40~l:54~t:275,wisconsin-badgers,Wisconsin,Badgers,WISC,Wisconsin Badgers,Wisconsin,A00000,f7f7f7,https://a.espncdn.com/i/teamlogos/ncaa/500/275.png,55
293400153,2010,2,2009-12-06,2009-12-06T16:30:00.000000-0500,2599,s:40~l:54~t:2599,st-johns-red-storm,St. John's,Red Storm,SJU,St. John's Red Storm,St John's,d10000,101010,https://a.espncdn.com/i/teamlogos/ncaa/500/2599.png,away,73,false,15,6,28,37.9,25,66,0,21,54.3,19,35,0,11,6,22,0,25.0,4,16,47,0,0,0,153,s:40~l:54~t:153,north-carolina-tar-heels,North Carolina,Tar Heels,UNC,North Carolina Tar Heels,North Carolina,7bafd4,13294b,https://a.espncdn.com/i/teamlogos/ncaa/500/153.png,83
293400153,2010,2,2009-12-06,2009-12-06T16:30:00.000000-0500,153,s:40~l:54~t:153,north-carolina-tar-heels,North Carolina,Tar Heels,UNC,North Carolina Tar Heels,North Carolina,7bafd4,13294b,https://a.espncdn.com/i/teamlogos/ncaa/500/153.png,home,83,true,18,6,32,40.7,33,81,0,28,53.8,14,26,12,16,10,19,0,18.8,3,16,55,0,0,0,2599,s:40~l:54~t:2599,st-johns-red-storm,St. John's,Red Storm,SJU,St. John's Red Storm,St John's,d10000,101010,https://a.espncdn.com/i/teamlogos/ncaa/500/2599.png,73
293402633,2010,2,2009-12-06,2009-12-06T19:00:00.000000-0500,251,s:40~l:54~t:251,texas-longhorns,Texas,Longhorns,TEX,Texas Longhorns,Texas,c15d26,ffffff,https://a.espncdn.com/i/teamlogos/ncaa/500/251.png,away,58,false,10,4,17,30.0,21,70,0,11,62.5,10,16,2,19,11,15,0,31.6,6,19,41,0,0,0,2633,s:40~l:54~t:2633,tennessee-lady-volunteers,Tennessee,Lady Volunteers,TENN,Tennessee Lady Volunteers,Tennessee,ff8200,ffffff,https://a.espncdn.com/i/teamlogos/ncaa/500/2633_ncw.png,78
293402633,2010,2,2009-12-06,2009-12-06T19:00:00.000000-0500,2633,s:40~l:54~t:2633,tennessee-lady-volunteers,Tennessee,Lady Volunteers,TENN,Tennessee Lady Volunteers,Tennessee,ff8200,ffffff,https://a.espncdn.com/i/teamlogos/ncaa/500/2633_ncw.png,home,78,true,23,8,27,52.5,32,61,0,14,75.0,6,8,27,10,5,17,0,50.0,8,16,42,0,0,0,251,s:40~l:54~t:251,texas-longhorns,Texas,Longhorns,TEX,Texas Longhorns,Texas,c15d26,ffffff,https://a.espncdn.com/i/teamlogos/ncaa/500/251.png,58
293402752,2010,2,2009-12-06,2009-12-06T14:00:00.000000-0500,2132,s:40~l:54~t:2132,cincinnati-bearcats,Cincinnati,Bearcats,CIN,Cincinnati Bearcats,Cincinnati,000000,717073,https://a.espncdn.com/i/teamlogos/ncaa/500/2132.png,away,38,false,7,0,19,27.5,14,51,0,12,46.2,6,13,5,13,7,26,0,25.0,4,16,35,0,0,0,2752,s:40~l:54~t:2752,xavier-musketeers,Xavier,Musketeers,XAV,Xavier Musketeers,Xavier,002144,9ea2a2,https://a.espncdn.com/i/teamlogos/ncaa/500/2752.png,69
293402752,2010,2,2009-12-06,2009-12-06T14:00:00.000000-0500,2752,s:40~l:54~t:2752,xavier-musketeers,Xavier,Musketeers,XAV,Xavier Musketeers,Xavier,002144,9ea2a2,https://a.espncdn.com/i/teamlogos/ncaa/500/2752.png,home,69,true,21,7,25,48.2,27,56,0,12,81.8,9,11,35,8,13,18,0,42.9,6,14,36,0,0,0,2132,s:40~l:54~t:2132,cincinnati-bearcats,Cincinnati,Bearcats,CIN,Cincinnati Bearcats,Cincinnati,000000,717073,https://a.espncdn.com/i/teamlogos/ncaa/500/2132.png,38
293400025,2010,2,2009-12-06,2009-12-06T17:30:00.000000-0500,245,s:40~l:54~t:245,texas-am-aggies,Texas A&M,Aggies,TA&M,Texas A&M Aggies,Texas A&M,5C0025,ffffff,https://a.espncdn.com/i/teamlogos/ncaa/500/245.png,away,68,true,12,2,16,36.1,22,61,0,25,78.3,18,23,11,12,10,7,0,35.3,6,17,34,0,0,0,25,s:40~l:54~t:25,california-golden-bears,California,Golden Bears,CAL,California Golden Bears,California,031522,ffc423,https://a.espncdn.com/i/teamlogos/ncaa/500/25.png,61
293400025,2010,2,2009-12-06,2009-12-06T17:30:00.000000-0500,25,s:40~l:54~t:25,california-golden-bears,California,Golden Bears,CAL,California Golden Bears,California,031522,ffc423,https://a.espncdn.com/i/teamlogos/ncaa/500/25.png,home,61,false,10,5,29,41.8,23,55,0,21,48.0,12,25,5,16,3,21,0,25.0,3,12,49,0,0,0,245,s:40~l:54~t:245,texas-am-aggies,Texas A&M,Aggies,TA&M,Texas A&M Aggies,Texas A&M,5C0025,ffffff,https://a.espncdn.com/i/teamlogos/ncaa/500/245.png,68
293400052,2010,2,2009-12-06,2009-12-06T17:00:00.000000-0500,2016,s:40~l:54~t:2016,alcorn-state-lady-braves,Alcorn State,Lady Braves,ALCN,Alcorn State Lady Braves,Alcorn St,4b0058,46166a,https://a.espncdn.com/i/teamlogos/ncaa/500/2016.png,away,50,false,13,0,12,27.3,18,66,0,22,83.3,5,6,1,11,9,21,0,31.0,9,29,29,0,0,0,52,s:40~l:54~t:52,florida-state-seminoles,Florida State,Seminoles,FSU,Florida State Seminoles,Florida St,782F40,ceb888,https://a.espncdn.com/i/teamlogos/ncaa/500/52.png,78
293400052,2010,2,2009-12-06,2009-12-06T17:00:00.000000-0500,52,s:40~l:54~t:52,florida-state-seminoles,Florida State,Seminoles,FSU,Florida State Seminoles,Florida St,782F40,ceb888,https://a.espncdn.com/i/teamlogos/ncaa/500/52.png,home,78,true,17,8,33,50.0,26,52,0,12,72.4,21,29,28,10,11,23,0,38.5,5,13,45,0,0,0,2016,s:40~l:54~t:2016,alcorn-state-lady-braves,Alcorn State,Lady Braves,ALCN,Alcorn State Lady Braves,Alcorn St,4b0058,46166a,https://a.espncdn.com/i/teamlogos/ncaa/500/2016.png,50
293400258,2010,2,2009-12-06,2009-12-06T16:00:00.000000-0500,256,s:40~l:54~t:256,james-madison-dukes,James Madison,Dukes,JMU,James Madison Dukes,James Madison,450084,cbb778,https://a.espncdn.com/i/teamlogos/ncaa/500/256.png,away,75,true,9,2,26,46.4,26,56,0,18,93.8,15,16,12,7,5,22,0,50.0,8,16,37,0,0,0,258,s:40~l:54~t:258,virginia-cavaliers,Virginia,Cavaliers,UVA,Virginia Cavaliers,Virginia,f84c1e,ffffff,https://a.espncdn.com/i/teamlogos/ncaa/500/258.png,73
293400258,2010,2,2009-12-06,2009-12-06T16:00:00.000000-0500,258,s:40~l:54~t:258,virginia-cavaliers,Virginia,Cavaliers,UVA,Virginia Cavaliers,Virginia,f84c1e,ffffff,https://a.espncdn.com/i/teamlogos/ncaa/500/258.png,home,73,false,14,3,16,32.2,28,87,0,19,71.4,10,14,6,26,10,12,0,31.8,7,22,51,0,0,0,256,s:40~l:54~t:256,james-madison-dukes,James Madison,Dukes,JMU,James Madison Dukes,James Madison,450084,cbb778,https://a.espncdn.com/i/teamlogos/ncaa/500/256.png,75
293400238,2010,2,2009-12-06,2009-12-06T15:00:00.000000-0500,98,s:40~l:54~t:98,western-kentucky-lady-toppers,Western Kentucky,Lady Toppers,WKU,Western Kentucky Lady Toppers,Western KY,F32026,b3b5b8,https://a.espncdn.com/i/teamlogos/ncaa/500/98.png,away,73,false,13,4,23,46.4,32,69,0,27,45.5,5,11,5,17,7,19,0,25.0,4,16,41,0,0,0,238,s:40~l:54~t:238,vanderbilt-commodores,Vanderbilt,Commodores,VAN,Vanderbilt Commodores,Vanderbilt,000000,231f20,https://a.espncdn.com/i/teamlogos/ncaa/500/238.png,79
293400238,2010,2,2009-12-06,2009-12-06T15:00:00.000000-0500,238,s:40~l:54~t:238,vanderbilt-commodores,Vanderbilt,Commodores,VAN,Vanderbilt Commodores,Vanderbilt,000000,231f20,https://a.espncdn.com/i/teamlogos/ncaa/500/238.png,home,79,true,20,4,22,46.0,29,63,0,13,58.6,17,29,12,14,5,15,0,25.0,4,16,38,0,0,0,98,s:40~l:54~t:98,western-kentucky-lady-toppers,Western Kentucky,Lady Toppers,WKU,Western Kentucky Lady Toppers,Western KY,F32026,b3b5b8,https://a.espncdn.com/i/teamlogos/ncaa/500/98.png,73
293400305,2010,2,2009-12-06,2009-12-06T18:00:00.000000-0500,2350,s:40~l:54~t:2350,loyola-chicago-ramblers,Loyola Chicago,Ramblers,LUC,Loyola Chicago Ramblers,Loyola Chicago,9d1244,,https://a.espncdn.com/i/teamlogos/ncaa/500/2350.png,away,30,false,5,2,14,27.7,13,47,0,14,33.3,1,3,0,6,5,27,0,30.0,3,10,28,0,0,0,305,s:40~l:54~t:305,depaul-blue-demons,DePaul,Blue Demons,DEP,DePaul Blue Demons,DePaul,2d649c,ce1125,https://a.espncdn.com/i/teamlogos/ncaa/500/305.png,73
293400305,2010,2,2009-12-06,2009-12-06T18:00:00.000000-0500,305,s:40~l:54~t:305,depaul-blue-demons,DePaul,Blue Demons,DEP,DePaul Blue Demons,DePaul,2d649c,ce1125,https://a.espncdn.com/i/teamlogos/ncaa/500/305.png,home,73,true,21,1,23,50.0,31,62,0,10,66.7,6,9,43,12,16,16,0,29.4,5,17,40,0,0,0,2350,s:40~l:54~t:2350,loyola-chicago-ramblers,Loyola Chicago,Ramblers,LUC,Loyola Chicago Ramblers,Loyola Chicago,9d1244,,https://a.espncdn.com/i/teamlogos/ncaa/500/2350.png,30
293400127,2010,2,2009-12-06,2009-12-06T12:00:00.000000-0500,84,s:40~l:54~t:84,indiana-hoosiers,Indiana,Hoosiers,IU,Indiana Hoosiers,Indiana,990000,edebeb,https://a.espncdn.com/i/teamlogos/ncaa/500/84.png,away,68,true,6,4,24,31.7,19,60,0,22,70.3,26,37,5,19,6,11,0,26.7,4,15,49,0,0,0,127,s:40~l:54~t:127,michigan-state-spartans,Michigan State,Spartans,MSU,Michigan State Spartans,Michigan St,18453B,ffffff,https://a.espncdn.com/i/teamlogos/ncaa/500/127.png,63
293400127,2010,2,2009-12-06,2009-12-06T12:00:00.000000-0500,127,s:40~l:54~t:127,michigan-state-spartans,Michigan State,Spartans,MSU,Michigan State Spartans,Michigan St,18453B,ffffff,https://a.espncdn.com/i/teamlogos/ncaa/500/127.png,home,63,false,10,10,22,29.0,20,69,0,24,66.7,18,27,13,24,6,9,0,29.4,5,17,51,0,0,0,84,s:40~l:54~t:84,indiana-hoosiers,Indiana,Hoosiers,IU,Indiana Hoosiers,Indiana,990000,edebeb,https://a.espncdn.com/i/teamlogos/ncaa/500/84.png,68
293402305,2010,2,2009-12-06,2009-12-06T14:00:00.000000-0500,2458,s:40~l:54~t:2458,northern-colorado-bears,Northern Colorado,Bears,UNCO,Northern Colorado Bears,N Colorado,13558D,ffc533,https://a.espncdn.com/i/teamlogos/ncaa/500/2458.png,away,54,false,3,3,24,34.6,18,52,0,18,72.2,13,18,2,6,9,23,0,33.3,5,15,34,0,0,0,2305,s:40~l:54~t:2305,kansas-jayhawks,Kansas,Jayhawks,KU,Kansas Jayhawks,Kansas,0051ba,e8000d,https://a.espncdn.com/i/teamlogos/ncaa/500/2305.png,81
293402305,2010,2,2009-12-06,2009-12-06T14:00:00.000000-0500,2305,s:40~l:54~t:2305,kansas-jayhawks,Kansas,Jayhawks,KU,Kansas Jayhawks,Kansas,0051ba,e8000d,https://a.espncdn.com/i/teamlogos/ncaa/500/2305.png,home,81,true,19,5,27,51.9,28,54,0,16,73.1,19,26,27,6,14,15,0,66.7,6,9,38,0,0,0,2458,s:40~l:54~t:2458,northern-colorado-bears,Northern Colorado,Bears,UNCO,Northern Colorado Bears,N Colorado,13558D,ffc533,https://a.espncdn.com/i/teamlogos/ncaa/500/2458.png,54
293402168,2010,2,2009-12-06,2009-12-06T14:00:00.000000-0500,2750,s:40~l:54~t:2750,wright-state-raiders,Wright State,Raiders,WRST,Wright State Raiders,Wright St,cba052,cba052,https://a.espncdn.com/i/teamlogos/ncaa/500/2750.png,away,58,false,16,3,20,42.1,24,57,0,18,66.7,4,6,0,10,7,23,0,28.6,6,21,30,0,0,0,2168,s:40~l:54~t:2168,dayton-flyers,Dayton,Flyers,DAY,Dayton Flyers,Dayton,004B8D,ffffff,https://a.espncdn.com/i/teamlogos/ncaa/500/2168.png,79
293402168,2010,2,2009-12-06,2009-12-06T14:00:00.000000-0500,2168,s:40~l:54~t:2168,dayton-flyers,Dayton,Flyers,DAY,Dayton Flyers,Dayton,004B8D,ffffff,https://a.espncdn.com/i/teamlogos/ncaa/500/2168.png,home,79,true,21,6,24,50.0,29,58,0,11,77.8,14,18,33,11,8,18,0,46.7,7,15,35,0,0,0,2750,s:40~l:54~t:2750,wright-state-raiders,Wright State,Raiders,WRST,Wright State Raiders,Wright St,cba052,cba052,https://a.espncdn.com/i/teamlogos/ncaa/500/2750.png,58
293400295,2010,2,2009-12-06,2009-12-06T13:00:00.000000-0500,145,s:40~l:54~t:145,ole-miss-rebels,Ole Miss,Rebels,MISS,Ole Miss Rebels,Ole Miss,001148,00205b,https://a.espncdn.com/i/teamlogos/ncaa/500/145.png,away,66,false,12,3,18,40.6,26,64,0,23,50.0,9,18,12,16,7,15,0,25.0,5,20,37,0,0,0,295,s:40~l:54~t:295,old-dominion-monarchs,Old Dominion,Monarchs,ODU,Old Dominion Monarchs,Old Dominion,00507d,a1d2f1,https://a.espncdn.com/i/teamlogos/ncaa/500/295.png,75
293400295,2010,2,2009-12-06,2009-12-06T13:00:00.000000-0500,295,s:40~l:54~t:295,old-dominion-monarchs,Old Dominion,Monarchs,ODU,Old Dominion Monarchs,Old Dominion,00507d,a1d2f1,https://a.espncdn.com/i/teamlogos/ncaa/500/295.png,home,75,true,13,5,25,42.4,25,59,0,19,77.8,21,27,9,16,4,16,0,40.0,4,10,45,0,0,0,145,s:40~l:54~t:145,ole-miss-rebels,Ole Miss,Rebels,MISS,Ole Miss Rebels,Ole Miss,001148,00205b,https://a.espncdn.com/i/teamlogos/ncaa/500/145.png,66
293400259,2010,2,2009-12-06,2009-12-06T13:00:00.000000-0500,2428,s:40~l:54~t:2428,north-carolina-central-eagles,North Carolina Central,Eagles,NCCU,North Carolina Central Eagles,NC Central,880023,c2c3c0,https://a.espncdn.com/i/teamlogos/ncaa/500/2428.png,away,44,false,9,5,15,31.4,16,51,0,15,40.0,6,15,0,10,4,28,0,40.0,6,15,31,0,0,0,259,s:40~l:54~t:259,virginia-tech-hokies,Virginia Tech,Hokies,VT,Virginia Tech Hokies,Virginia Tech,630031,cf4520,https://a.espncdn.com/i/teamlogos/ncaa/500/259.png,85
293400259,2010,2,2009-12-06,2009-12-06T13:00:00.000000-0500,259,s:40~l:54~t:259,virginia-tech-hokies,Virginia Tech,Hokies,VT,Virginia Tech Hokies,Virginia Tech,630031,cf4520,https://a.espncdn.com/i/teamlogos/ncaa/500/259.png,home,85,true,23,6,27,45.9,34,74,0,12,63.2,12,19,41,25,12,16,0,50.0,5,10,52,0,0,0,2428,s:40~l:54~t:2428,north-carolina-central-eagles,North Carolina Central,Eagles,NCCU,North Carolina Central Eagles,NC Central,880023,c2c3c0,https://a.espncdn.com/i/teamlogos/ncaa/500/2428.png,44
293400066,2010,2,2009-12-06,2009-12-06T13:00:00.000000-0500,2029,s:40~l:54~t:2029,arkansas-pine-bluff-golden-lions,Arkansas-Pine Bluff,Golden Lions,UAPB,Arkansas-Pine Bluff Golden Lions,AR-Pine Bluff,e0aa0f,eaaa00,https://a.espncdn.com/i/teamlogos/ncaa/500/2029.png,away,64,false,13,1,18,39.1,25,64,0,19,88.9,8,9,3,16,6,17,0,28.6,6,21,36,0,0,0,66,s:40~l:54~t:66,iowa-state-cyclones,Iowa State,Cyclones,ISU,Iowa State Cyclones,Iowa State,822433,fdca2f,https://a.espncdn.com/i/teamlogos/ncaa/500/66.png,80
293400066,2010,2,2009-12-06,2009-12-06T13:00:00.000000-0500,66,s:40~l:54~t:66,iowa-state-cyclones,Iowa State,Cyclones,ISU,Iowa State Cyclones,Iowa State,822433,fdca2f,https://a.espncdn.com/i/teamlogos/ncaa/500/66.png,home,80,true,22,3,20,47.5,28,59,0,14,63.6,7,11,25,14,7,15,0,48.6,17,35,37,0,0,0,2029,s:40~l:54~t:2029,arkansas-pine-bluff-golden-lions,Arkansas-Pine Bluff,Golden Lions,UAPB,Arkansas-Pine Bluff Golden Lions,AR-Pine Bluff,e0aa0f,eaaa00,https://a.espncdn.com/i/teamlogos/ncaa/500/2029.png,64
293400195,2010,2,2009-12-06,2009-12-06T14:00:00.000000-0500,183,s:40~l:54~t:183,syracuse-orange,Syracuse,Orange,SYR,Syracuse Orange,Syracuse,ff6500,000e54,https://a.espncdn.com/i/teamlogos/ncaa/500/183.png,away,70,true,14,5,26,48.9,23,47,0,17,65.5,19,29,28,8,4,18,0,62.5,5,8,39,0,0,0,195,s:40~l:54~t:195,ohio-bobcats,Ohio,Bobcats,OHIO,Ohio Bobcats,Ohio,295A29,e4bb85,https://a.espncdn.com/i/teamlogos/ncaa/500/195.png,54
293400195,2010,2,2009-12-06,2009-12-06T14:00:00.000000-0500,195,s:40~l:54~t:195,ohio-bobcats,Ohio,Bobcats,OHIO,Ohio Bobcats,Ohio,295A29,e4bb85,https://a.espncdn.com/i/teamlogos/ncaa/500/195.png,home,54,false,12,1,13,28.1,16,57,0,18,63.6,14,22,0,14,9,15,1,40.0,8,20,32,1,0,0,183,s:40~l:54~t:183,syracuse-orange,Syracuse,Orange,SYR,Syracuse Orange,Syracuse,ff6500,000e54,https://a.espncdn.com/i/teamlogos/ncaa/500/183.png,70
293400152,2010,2,2009-12-06,2009-12-06T14:00:00.000000-0500,2628,s:40~l:54~t:2628,tcu-horned-frogs,TCU,Horned Frogs,TCU,TCU Horned Frogs,TCU,4d1979,f1f2f3,https://a.espncdn.com/i/teamlogos/ncaa/500/2628.png,away,62,false,14,1,14,39.6,21,53,0,22,73.7,14,19,10,9,7,22,0,40.0,6,15,28,0,0,0,152,s:40~l:54~t:152,nc-state-wolfpack,NC State,Wolfpack,NCST,NC State Wolfpack,NC State,EF1216,231f20,https://a.espncdn.com/i/teamlogos/ncaa/500/152.png,76
293400152,2010,2,2009-12-06,2009-12-06T14:00:00.000000-0500,152,s:40~l:54~t:152,nc-state-wolfpack,NC State,Wolfpack,NCST,NC State Wolfpack,NC State,EF1216,231f20,https://a.espncdn.com/i/teamlogos/ncaa/500/152.png,home,76,true,13,1,23,45.5,25,55,0,16,73.1,19,26,16,15,13,19,0,38.9,7,18,41,0,0,0,2628,s:40~l:54~t:2628,tcu-horned-frogs,TCU,Horned Frogs,TCU,TCU Horned Frogs,TCU,4d1979,f1f2f3,https://a.espncdn.com/i/teamlogos/ncaa/500/2628.png,62
293400333,2010,2,2009-12-06,2009-12-06T15:00:00.000000-0500,2466,s:40~l:54~t:2466,northwestern-state-lady-demons,Northwestern State,Lady Demons,NWST,Northwestern State Lady Demons,N'Western St,492F91,ed6118,https://a.espncdn.com/i/teamlogos/ncaa/500/2466.png,away,56,false,10,2,23,35.7,20,56,0,20,68.8,11,16,3,9,5,24,0,29.4,5,17,44,0,0,0,333,s:40~l:54~t:333,alabama-crimson-tide,Alabama,Crimson Tide,ALA,Alabama Crimson Tide,Alabama,9e1632,ffffff,https://a.espncdn.com/i/teamlogos/ncaa/500/333.png,61
293400333,2010,2,2009-12-06,2009-12-06T15:00:00.000000-0500,333,s:40~l:54~t:333,alabama-crimson-tide,Alabama,Crimson Tide,ALA,Alabama Crimson Tide,Alabama,9e1632,ffffff,https://a.espncdn.com/i/teamlogos/ncaa/500/333.png,home,61,true,8,2,25,34.4,21,61,0,22,58.6,17,29,9,11,13,16,0,18.2,2,11,42,0,0,0,2466,s:40~l:54~t:2466,northwestern-state-lady-demons,Northwestern State,Lady Demons,NWST,Northwestern State Lady Demons,N'Western St,492F91,ed6118,https://a.espncdn.com/i/teamlogos/ncaa/500/2466.png,56
293400197,2010,2,2009-12-06,2009-12-06T15:00:00.000000-0500,2154,s:40~l:54~t:2154,coppin-state-eagles,Coppin State,Eagles,COPP,Coppin State Eagles,Coppin St,2e3192,ffd204,https://a.espncdn.com/i/teamlogos/ncaa/500/2154.png,away,51,false,7,0,20,37.0,20,54,0,21,73.3,11,15,5,11,6,21,0,0.0,0,11,34,0,0,0,197,s:40~l:54~t:197,oklahoma-state-cowgirls,Oklahoma State,Cowgirls,OKST,Oklahoma State Cowgirls,Oklahoma St,ff6500,000000,https://a.espncdn.com/i/teamlogos/ncaa/500/197.png,80
293400197,2010,2,2009-12-06,2009-12-06T15:00:00.000000-0500,197,s:40~l:54~t:197,oklahoma-state-cowgirls,Oklahoma State,Cowgirls,OKST,Oklahoma State Cowgirls,Oklahoma St,ff6500,000000,https://a.espncdn.com/i/teamlogos/ncaa/500/197.png,home,80,true,17,2,22,43.3,26,60,0,13,87.5,21,24,33,14,11,16,0,33.3,7,21,37,0,0,0,2154,s:40~l:54~t:2154,coppin-state-eagles,Coppin State,Eagles,COPP,Coppin State Eagles,Coppin St,2e3192,ffd204,https://a.espncdn.com/i/teamlogos/ncaa/500/2154.png,51
293400038,2010,2,2009-12-06,2009-12-06T15:00:00.000000-0500,2550,s:40~l:54~t:2550,seton-hall-pirates,Seton Hall,Pirates,HALL,Seton Hall Pirates,Seton Hall,0857B1,8a8d8f,https://a.espncdn.com/i/teamlogos/ncaa/500/2550.png,away,54,false,10,1,19,32.9,23,70,0,11,66.7,4,6,0,14,3,10,0,25.0,4,16,37,0,0,0,38,s:40~l:54~t:38,colorado-buffaloes,Colorado,Buffaloes,COLO,Colorado Buffaloes,Colorado,000000,cfb87c,https://a.espncdn.com/i/teamlogos/ncaa/500/38.png,80
293400038,2010,2,2009-12-06,2009-12-06T15:00:00.000000-0500,38,s:40~l:54~t:38,colorado-buffaloes,Colorado,Buffaloes,COLO,Colorado Buffaloes,Colorado,000000,cfb87c,https://a.espncdn.com/i/teamlogos/ncaa/500/38.png,home,80,true,21,4,29,53.4,31,58,0,7,77.8,7,9,26,8,7,12,0,52.4,11,21,39,0,0,0,2550,s:40~l:54~t:2550,seton-hall-pirates,Seton Hall,Pirates,HALL,Seton Hall Pirates,Seton Hall,0857B1,8a8d8f,https://a.espncdn.com/i/teamlogos/ncaa/500/2550.png,54
293400135,2010,2,2009-12-06,2009-12-06T16:00:00.000000-0500,213,s:40~l:54~t:213,penn-state-lady-lions,Penn State,Lady Lions,PSU,Penn State Lady Lions,Penn State,00265D,002e5c,https://a.espncdn.com/i/teamlogos/ncaa/500/213.png,away,48,false,10,5,18,32.7,18,55,0,18,85.7,6,7,0,6,10,17,0,33.3,6,18,28,0,0,0,135,s:40~l:54~t:135,minnesota-golden-gophers,Minnesota,Golden Gophers,MINN,Minnesota Golden Gophers,Minnesota,981a31,981a31,https://a.espncdn.com/i/teamlogos/ncaa/500/135.png,56
293400135,2010,2,2009-12-06,2009-12-06T16:00:00.000000-0500,135,s:40~l:54~t:135,minnesota-golden-gophers,Minnesota,Golden Gophers,MINN,Minnesota Golden Gophers,Minnesota,981a31,981a31,https://a.espncdn.com/i/teamlogos/ncaa/500/135.png,home,56,true,12,2,26,26.9,14,52,0,11,88.5,23,26,12,15,11,21,0,25.0,5,20,51,0,0,0,213,s:40~l:54~t:213,penn-state-lady-lions,Penn State,Lady Lions,PSU,Penn State Lady Lions,Penn State,00265D,002e5c,https://a.espncdn.com/i/teamlogos/ncaa/500/213.png,48
293402483,2010,2,2009-12-06,2009-12-06T17:00:00.000000-0500,299,s:40~l:54~t:299,long-beach-state-beach,Long Beach State,Beach,LBSU,Long Beach State Beach,Long Beach St,000000,f1f2f3,https://a.espncdn.com/i/teamlogos/ncaa/500/299.png,away,70,false,11,0,25,39.7,23,58,0,20,85.7,18,21,2,10,1,28,0,33.3,6,18,38,0,0,0,2483,s:40~l:54~t:2483,oregon-ducks,Oregon,Ducks,ORE,Oregon Ducks,Oregon,044520,fee123,https://a.espncdn.com/i/teamlogos/ncaa/500/2483.png,102
293402483,2010,2,2009-12-06,2009-12-06T17:00:00.000000-0500,2483,s:40~l:54~t:2483,oregon-ducks,Oregon,Ducks,ORE,Oregon Ducks,Oregon,044520,fee123,https://a.espncdn.com/i/teamlogos/ncaa/500/2483.png,home,102,true,26,6,22,52.8,38,72,0,20,52.2,12,23,40,9,11,13,0,45.2,14,31,32,0,0,0,299,s:40~l:54~t:299,long-beach-state-beach,Long Beach State,Beach,LBSU,Long Beach State Beach,Long Beach St,000000,f1f2f3,https://a.espncdn.com/i/teamlogos/ncaa/500/299.png,70
293402294,2010,2,2009-12-06,2009-12-06T18:00:00.000000-0500,130,s:40~l:54~t:130,michigan-wolverines,Michigan,Wolverines,MICH,Michigan Wolverines,Michigan,00274c,ffcb05,https://a.espncdn.com/i/teamlogos/ncaa/500/130.png,away,54,true,14,7,23,39.7,23,58,0,15,44.4,4,9,14,9,6,14,0,22.2,4,18,37,0,0,0,2294,s:40~l:54~t:2294,iowa-hawkeyes,Iowa,Hawkeyes,IOWA,Iowa Hawkeyes,Iowa,000000,fcd116,https://a.espncdn.com/i/teamlogos/ncaa/500/2294.png,51
293402294,2010,2,2009-12-06,2009-12-06T18:00:00.000000-0500,2294,s:40~l:54~t:2294,iowa-hawkeyes,Iowa,Hawkeyes,IOWA,Iowa Hawkeyes,Iowa,000000,fcd116,https://a.espncdn.com/i/teamlogos/ncaa/500/2294.png,home,51,false,13,5,26,36.2,21,58,0,11,50.0,4,8,0,8,5,18,0,20.8,5,24,41,0,0,0,130,s:40~l:54~t:130,michigan-wolverines,Michigan,Wolverines,MICH,Michigan Wolverines,Michigan,00274c,ffcb05,https://a.espncdn.com/i/teamlogos/ncaa/500/130.png,54
293390239,2010,2,2009-12-05,2009-12-05T18:00:00.000000-0500,2348,s:40~l:54~t:2348,louisiana-tech-lady-techsters,Louisiana Tech,Lady Techsters,LT,Louisiana Tech Lady Techsters,Louisiana Tech,002d65,d3313a,https://a.espncdn.com/i/teamlogos/ncaa/500/2348.png,away,67,false,8,3,23,38.8,26,67,0,19,76.5,13,17,2,13,5,20,1,13.3,2,15,40,1,0,0,239,s:40~l:54~t:239,baylor-bears,Baylor,Bears,BAY,Baylor Bears,Baylor,154734,ffb81c,https://a.espncdn.com/i/teamlogos/ncaa/500/239.png,77
293390239,2010,2,2009-12-05,2009-12-05T18:00:00.000000-0500,239,s:40~l:54~t:239,baylor-bears,Baylor,Bears,BAY,Baylor Bears,Baylor,154734,ffb81c,https://a.espncdn.com/i/teamlogos/ncaa/500/239.png,home,77,true,14,8,26,43.9,29,66,0,17,68.0,17,25,24,13,14,20,0,22.2,2,9,41,0,0,0,2348,s:40~l:54~t:2348,louisiana-tech-lady-techsters,Louisiana Tech,Lady Techsters,LT,Louisiana Tech Lady Techsters,Louisiana Tech,002d65,d3313a,https://a.espncdn.com/i/teamlogos/ncaa/500/2348.png,67
293390245,2010,2,2009-12-05,2009-12-05T17:30:00.000000-0500,79,s:40~l:54~t:79,southern-illinois-salukis,Southern Illinois,Salukis,SIU,Southern Illinois Salukis,S Illinois,85283D,c2c3c0,https://a.espncdn.com/i/teamlogos/ncaa/500/79.png,away,58,false,11,0,20,39.5,17,43,0,18,64.0,16,25,3,2,6,27,0,53.3,8,15,28,0,0,0,245,s:40~l:54~t:245,texas-am-aggies,Texas A&M,Aggies,TA&M,Texas A&M Aggies,Texas A&M,5C0025,ffffff,https://a.espncdn.com/i/teamlogos/ncaa/500/245.png,72
293390245,2010,2,2009-12-05,2009-12-05T17:30:00.000000-0500,245,s:40~l:54~t:245,texas-am-aggies,Texas A&M,Aggies,TA&M,Texas A&M Aggies,Texas A&M,5C0025,ffffff,https://a.espncdn.com/i/teamlogos/ncaa/500/245.png,home,72,true,15,5,18,44.8,30,67,0,24,50.0,6,12,17,14,9,15,0,54.5,6,11,37,0,0,0,79,s:40~l:54~t:79,southern-illinois-salukis,Southern Illinois,Salukis,SIU,Southern Illinois Salukis,S Illinois,85283D,c2c3c0,https://a.espncdn.com/i/teamlogos/ncaa/500/79.png,58
293390201,2010,2,2009-12-05,2009-12-05T15:00:00.000000-0500,8,s:40~l:54~t:8,arkansas-razorbacks,Arkansas,Razorbacks,ARK,Arkansas Razorbacks,Arkansas,a41f35,222222,https://a.espncdn.com/i/teamlogos/ncaa/500/8.png,away,86,false,11,1,23,41.6,32,77,0,25,66.7,12,18,16,14,9,14,0,47.6,10,21,46,0,0,0,201,s:40~l:54~t:201,oklahoma-sooners,Oklahoma,Sooners,OU,Oklahoma Sooners,Oklahoma,9d2235,ffffff,https://a.espncdn.com/i/teamlogos/ncaa/500/201.png,87
293390201,2010,2,2009-12-05,2009-12-05T15:00:00.000000-0500,201,s:40~l:54~t:201,oklahoma-sooners,Oklahoma,Sooners,OU,Oklahoma Sooners,Oklahoma,9d2235,ffffff,https://a.espncdn.com/i/teamlogos/ncaa/500/201.png,home,87,true,11,5,30,43.5,30,69,0,19,72.7,24,33,6,15,6,14,0,25.0,3,12,48,0,0,0,8,s:40~l:54~t:8,arkansas-razorbacks,Arkansas,Razorbacks,ARK,Arkansas Razorbacks,Arkansas,a41f35,222222,https://a.espncdn.com/i/teamlogos/ncaa/500/8.png,86
293390221,2010,2,2009-12-05,2009-12-05T12:00:00.000000-0500,2711,s:40~l:54~t:2711,western-michigan-broncos,Western Michigan,Broncos,WMU,Western Michigan Broncos,W Michigan,532e1f,8b7f79,https://a.espncdn.com/i/teamlogos/ncaa/500/2711.png,away,65,false,15,0,18,33.3,24,72,0,20,100.0,8,8,0,15,6,17,0,30.0,9,30,38,0,0,0,221,s:40~l:54~t:221,pittsburgh-panthers,Pittsburgh,Panthers,PITT,Pittsburgh Panthers,Pitt,003263,231f20,https://a.espncdn.com/i/teamlogos/ncaa/500/221.png,89
293390221,2010,2,2009-12-05,2009-12-05T12:00:00.000000-0500,221,s:40~l:54~t:221,pittsburgh-panthers,Pittsburgh,Panthers,PITT,Pittsburgh Panthers,Pitt,003263,231f20,https://a.espncdn.com/i/teamlogos/ncaa/500/221.png,home,89,true,23,11,25,61.4,35,57,0,11,61.5,16,26,27,10,6,18,0,30.0,3,10,39,0,0,0,2711,s:40~l:54~t:2711,western-michigan-broncos,Western Michigan,Broncos,WMU,Western Michigan Broncos,W Michigan,532e1f,8b7f79,https://a.espncdn.com/i/teamlogos/ncaa/500/2711.png,65
293390025,2010,2,2009-12-05,2009-12-05T15:00:00.000000-0500,36,s:40~l:54~t:36,colorado-state-rams,Colorado State,Rams,CSU,Colorado State Rams,Colorado St,004537,ffc425,https://a.espncdn.com/i/teamlogos/ncaa/500/36.png,away,44,false,12,4,18,26.1,18,69,0,11,75.0,3,4,0,13,3,17,0,17.9,5,28,34,0,0,0,25,s:40~l:54~t:25,california-golden-bears,California,Golden Bears,CAL,California Golden Bears,California,031522,ffc423,https://a.espncdn.com/i/teamlogos/ncaa/500/25.png,78
293390025,2010,2,2009-12-05,2009-12-05T15:00:00.000000-0500,25,s:40~l:54~t:25,california-golden-bears,California,Golden Bears,CAL,California Golden Bears,California,031522,ffc423,https://a.espncdn.com/i/teamlogos/ncaa/500/25.png,home,78,true,15,6,34,49.3,34,69,0,8,46.2,6,13,35,14,12,13,0,23.5,4,17,52,0,0,0,36,s:40~l:54~t:36,colorado-state-rams,Colorado State,Rams,CSU,Colorado State Rams,Colorado St,004537,ffc425,https://a.espncdn.com/i/teamlogos/ncaa/500/36.png,44
293390277,2010,2,2009-12-05,2009-12-05T12:00:00.000000-0500,311,s:40~l:54~t:311,maine-black-bears,Maine,Black Bears,MAINE,Maine Black Bears,Maine,127dbe,,https://a.espncdn.com/i/teamlogos/ncaa/500/311.png,away,32,false,7,2,11,25.5,13,51,0,19,100.0,4,4,0,9,4,25,1,28.6,2,7,23,1,0,0,277,s:40~l:54~t:277,west-virginia-mountaineers,West Virginia,Mountaineers,WVU,West Virginia Mountaineers,West Virginia,FFC600,eaaa00,https://a.espncdn.com/i/teamlogos/ncaa/500/277.png,88
293390277,2010,2,2009-12-05,2009-12-05T12:00:00.000000-0500,277,s:40~l:54~t:277,west-virginia-mountaineers,West Virginia,Mountaineers,WVU,West Virginia Mountaineers,West Virginia,FFC600,eaaa00,https://a.espncdn.com/i/teamlogos/ncaa/500/277.png,home,88,true,17,5,25,57.9,33,57,0,12,72.0,18,25,56,16,15,18,0,30.8,4,13,44,0,0,0,311,s:40~l:54~t:311,maine-black-bears,Maine,Black Bears,MAINE,Maine Black Bears,Maine,127dbe,,https://a.espncdn.com/i/teamlogos/ncaa/500/311.png,32
293390142,2010,2,2009-12-05,2009-12-05T13:30:00.000000-0500,2050,s:40~l:54~t:2050,ball-state-cardinals,Ball State,Cardinals,BALL,Ball State Cardinals,Ball State,DA0000,ffffff,https://a.espncdn.com/i/teamlogos/ncaa/500/2050.png,away,55,false,13,2,23,42.6,23,54,0,17,57.1,4,7,7,4,4,19,0,27.8,5,18,35,0,0,0,142,s:40~l:54~t:142,missouri-tigers,Missouri,Tigers,MIZ,Missouri Tigers,Missouri,f1b82d,000000,https://a.espncdn.com/i/teamlogos/ncaa/500/142.png,66
293390142,2010,2,2009-12-05,2009-12-05T13:30:00.000000-0500,142,s:40~l:54~t:142,missouri-tigers,Missouri,Tigers,MIZ,Missouri Tigers,Missouri,f1b82d,000000,https://a.espncdn.com/i/teamlogos/ncaa/500/142.png,home,66,true,19,5,17,45.2,28,62,0,14,50.0,6,12,13,15,8,12,0,33.3,4,12,35,0,0,0,2050,s:40~l:54~t:2050,ball-state-cardinals,Ball State,Cardinals,BALL,Ball State Cardinals,Ball State,DA0000,ffffff,https://a.espncdn.com/i/teamlogos/ncaa/500/2050.png,55
293392390,2010,2,2009-12-05,2009-12-05T14:00:00.000000-0500,158,s:40~l:54~t:158,nebraska-cornhuskers,Nebraska,Cornhuskers,NEB,Nebraska Cornhuskers,Nebraska,F20017,f5f1e7,https://a.espncdn.com/i/teamlogos/ncaa/500/158.png,away,76,true,18,6,19,47.3,26,55,0,19,62.5,15,24,11,6,11,23,0,39.1,9,23,30,0,0,0,2390,s:40~l:54~t:2390,miami-hurricanes,Miami,Hurricanes,MIA,Miami Hurricanes,Miami,004325,f0f0f0,https://a.espncdn.com/i/teamlogos/ncaa/500/2390.png,71
293392390,2010,2,2009-12-05,2009-12-05T14:00:00.000000-0500,2390,s:40~l:54~t:2390,miami-hurricanes,Miami,Hurricanes,MIA,Miami Hurricanes,Miami,004325,f0f0f0,https://a.espncdn.com/i/teamlogos/ncaa/500/2390.png,home,71,false,13,3,19,45.8,27,59,0,23,83.3,15,18,4,8,10,24,1,25.0,2,8,34,1,0,0,158,s:40~l:54~t:158,nebraska-cornhuskers,Nebraska,Cornhuskers,NEB,Nebraska Cornhuskers,Nebraska,F20017,f5f1e7,https://a.espncdn.com/i/teamlogos/ncaa/500/158.png,76
293390103,2010,2,2009-12-05,2009-12-05T14:00:00.000000-0500,2405,s:40~l:54~t:2405,monmouth-hawks,Monmouth,Hawks,MONM,Monmouth Hawks,Monmouth,051844,,https://a.espncdn.com/i/teamlogos/ncaa/500/2405.png,away,49,false,6,1,13,37.7,20,53,0,13,77.8,7,9,2,6,4,12,0,25.0,2,8,25,0,0,0,103,s:40~l:54~t:103,boston-college-eagles,Boston College,Eagles,BC,Boston College Eagles,Boston College,8c2232,dbcca6,https://a.espncdn.com/i/teamlogos/ncaa/500/103.png,75
293390103,2010,2,2009-12-05,2009-12-05T14:00:00.000000-0500,103,s:40~l:54~t:103,boston-college-eagles,Boston College,Eagles,BC,Boston College Eagles,Boston College,8c2232,dbcca6,https://a.espncdn.com/i/teamlogos/ncaa/500/103.png,home,75,true,23,5,18,56.0,28,50,0,11,75.0,9,12,27,7,4,14,0,50.0,10,20,32,0,0,0,2405,s:40~l:54~t:2405,monmouth-hawks,Monmouth,Hawks,MONM,Monmouth Hawks,Monmouth,051844,,https://a.espncdn.com/i/teamlogos/ncaa/500/2405.png,49
293390002,2010,2,2009-12-05,2009-12-05T14:00:00.000000-0500,45,s:40~l:54~t:45,george-washington-colonials,George Washington,Colonials,GW,George Washington Colonials,G Washington,002843,e8d2a1,https://a.espncdn.com/i/teamlogos/ncaa/500/45.png,away,43,false,5,1,18,30.4,17,56,0,15,58.3,7,12,0,11,13,24,0,15.4,2,13,33,0,0,0,2,s:40~l:54~t:2,auburn-tigers,Auburn,Tigers,AUB,Auburn Tigers,Auburn,03244d,f1f2f3,https://a.espncdn.com/i/teamlogos/ncaa/500/2.png,62
293390002,2010,2,2009-12-05,2009-12-05T14:00:00.000000-0500,2,s:40~l:54~t:2,auburn-tigers,Auburn,Tigers,AUB,Auburn Tigers,Auburn,03244d,f1f2f3,https://a.espncdn.com/i/teamlogos/ncaa/500/2.png,home,62,true,17,2,24,45.5,25,55,0,10,47.1,8,17,23,14,8,26,0,30.8,4,13,44,0,0,0,45,s:40~l:54~t:45,george-washington-colonials,George Washington,Colonials,GW,George Washington Colonials,G Washington,002843,e8d2a1,https://a.espncdn.com/i/teamlogos/ncaa/500/45.png,43
293392306,2010,2,2009-12-05,2009-12-05T16:00:00.000000-0500,2623,s:40~l:54~t:2623,missouri-state-lady-bears,Missouri State,Lady Bears,MOST,Missouri State Lady Bears,Missouri St,5F0000,e8e8e8,https://a.espncdn.com/i/teamlogos/ncaa/500/2623.png,away,60,false,10,0,21,38.7,24,62,0,19,69.2,9,13,19,8,6,9,0,20.0,3,15,37,0,0,0,2306,s:40~l:54~t:2306,kansas-state-wildcats,Kansas State,Wildcats,KSU,Kansas State Wildcats,Kansas St,633194,e7d2ad,https://a.espncdn.com/i/teamlogos/ncaa/500/2306.png,64
293392306,2010,2,2009-12-05,2009-12-05T16:00:00.000000-0500,2306,s:40~l:54~t:2306,kansas-state-wildcats,Kansas State,Wildcats,KSU,Kansas State Wildcats,Kansas St,633194,e7d2ad,https://a.espncdn.com/i/teamlogos/ncaa/500/2306.png,home,64,true,14,3,22,44.0,22,50,0,13,76.5,13,17,6,7,3,16,0,30.4,7,23,35,0,0,0,2623,s:40~l:54~t:2623,missouri-state-lady-bears,Missouri State,Lady Bears,MOST,Missouri State Lady Bears,Missouri St,5F0000,e8e8e8,https://a.espncdn.com/i/teamlogos/ncaa/500/2623.png,60
293390163,2010,2,2009-12-05,2009-12-05T19:00:00.000000-0500,164,s:40~l:54~t:164,rutgers-scarlet-knights,Rutgers,Scarlet Knights,RUTG,Rutgers Scarlet Knights,Rutgers,d21034,ffffff,https://a.espncdn.com/i/teamlogos/ncaa/500/164.png,away,60,true,5,5,20,40.8,20,49,0,23,81.8,18,22,11,8,15,21,0,25.0,2,8,30,0,0,0,163,s:40~l:54~t:163,princeton-tigers,Princeton,Tigers,PRIN,Princeton Tigers,Princeton,ff9408,080808,https://a.espncdn.com/i/teamlogos/ncaa/500/163.png,50
293390163,2010,2,2009-12-05,2009-12-05T19:00:00.000000-0500,163,s:40~l:54~t:163,princeton-tigers,Princeton,Tigers,PRIN,Princeton Tigers,Princeton,ff9408,080808,https://a.espncdn.com/i/teamlogos/ncaa/500/163.png,home,50,false,8,1,17,30.0,15,50,0,19,65.4,17,26,11,17,10,27,0,21.4,3,14,41,0,0,0,164,s:40~l:54~t:164,rutgers-scarlet-knights,Rutgers,Scarlet Knights,RUTG,Rutgers Scarlet Knights,Rutgers,d21034,ffffff,https://a.espncdn.com/i/teamlogos/ncaa/500/164.png,60
293380238,2010,2,2009-12-04,2009-12-04T20:00:00.000000-0500,189,s:40~l:54~t:189,bowling-green-falcons,Bowling Green,Falcons,BGSU,Bowling Green Falcons,Bowling Green,2b1000,492000,https://a.espncdn.com/i/teamlogos/ncaa/500/189.png,away,66,true,11,5,23,56.1,23,41,0,17,72.2,13,18,18,6,4,23,0,63.6,7,11,32,0,0,0,238,s:40~l:54~t:238,vanderbilt-commodores,Vanderbilt,Commodores,VAN,Vanderbilt Commodores,Vanderbilt,000000,231f20,https://a.espncdn.com/i/teamlogos/ncaa/500/238.png,60
293380238,2010,2,2009-12-04,2009-12-04T20:00:00.000000-0500,238,s:40~l:54~t:238,vanderbilt-commodores,Vanderbilt,Commodores,VAN,Vanderbilt Commodores,Vanderbilt,000000,231f20,https://a.espncdn.com/i/teamlogos/ncaa/500/238.png,home,60,false,13,2,12,38.1,24,63,0,20,69.2,9,13,1,12,6,12,0,17.6,3,17,29,0,0,0,189,s:40~l:54~t:189,bowling-green-falcons,Bowling Green,Falcons,BGSU,Bowling Green Falcons,Bowling Green,2b1000,492000,https://a.espncdn.com/i/teamlogos/ncaa/500/189.png,66
293380305,2010,2,2009-12-04,2009-12-04T13:00:00.000000-0500,82,s:40~l:54~t:82,uic-flames,UIC,Flames,UIC,UIC Flames,UIC,001e62,d50032,https://a.espncdn.com/i/teamlogos/ncaa/500/82.png,away,56,false,12,3,17,37.9,22,58,0,14,35.7,5,14,0,6,11,16,0,43.8,7,16,31,0,0,0,305,s:40~l:54~t:305,depaul-blue-demons,DePaul,Blue Demons,DEP,DePaul Blue Demons,DePaul,2d649c,ce1125,https://a.espncdn.com/i/teamlogos/ncaa/500/305.png,67
293380305,2010,2,2009-12-04,2009-12-04T13:00:00.000000-0500,305,s:40~l:54~t:305,depaul-blue-demons,DePaul,Blue Demons,DEP,DePaul Blue Demons,DePaul,2d649c,ce1125,https://a.espncdn.com/i/teamlogos/ncaa/500/305.png,home,67,true,13,5,33,44.6,25,56,0,14,75.0,9,12,14,7,8,19,0,36.4,8,22,45,0,0,0,82,s:40~l:54~t:82,uic-flames,UIC,Flames,UIC,UIC Flames,UIC,001e62,d50032,https://a.espncdn.com/i/teamlogos/ncaa/500/82.png,56
293382168,2010,2,2009-12-04,2009-12-04T19:00:00.000000-0500,270,s:40~l:54~t:270,milwaukee-panthers,Milwaukee,Panthers,MILW,Milwaukee Panthers,Milwaukee,000000,ffc20e,https://a.espncdn.com/i/teamlogos/ncaa/500/270.png,away,52,false,11,1,26,36.2,21,58,0,23,75.0,6,8,0,11,4,31,0,25.0,4,16,40,0,0,0,2168,s:40~l:54~t:2168,dayton-flyers,Dayton,Flyers,DAY,Dayton Flyers,Dayton,004B8D,ffffff,https://a.espncdn.com/i/teamlogos/ncaa/500/2168.png,86
293382168,2010,2,2009-12-04,2009-12-04T19:00:00.000000-0500,2168,s:40~l:54~t:2168,dayton-flyers,Dayton,Flyers,DAY,Dayton Flyers,Dayton,004B8D,ffffff,https://a.espncdn.com/i/teamlogos/ncaa/500/2168.png,home,86,true,22,5,26,48.6,34,70,0,14,50.0,12,24,40,15,9,18,0,37.5,6,16,42,0,0,0,270,s:40~l:54~t:270,milwaukee-panthers,Milwaukee,Panthers,MILW,Milwaukee Panthers,Milwaukee,000000,ffc20e,https://a.espncdn.com/i/teamlogos/ncaa/500/270.png,52
293382132,2010,2,2009-12-04,2009-12-04T11:00:00.000000-0500,96,s:40~l:54~t:96,kentucky-wildcats,Kentucky,Wildcats,UK,Kentucky Wildcats,Kentucky,005DAA,ffffff,https://a.espncdn.com/i/teamlogos/ncaa/500/96.png,away,68,true,13,4,18,40.9,27,66,0,15,75.0,9,12,11,13,13,10,0,31.3,5,16,31,0,0,0,2132,s:40~l:54~t:2132,cincinnati-bearcats,Cincinnati,Bearcats,CIN,Cincinnati Bearcats,Cincinnati,000000,717073,https://a.espncdn.com/i/teamlogos/ncaa/500/2132.png,57
293382132,2010,2,2009-12-04,2009-12-04T11:00:00.000000-0500,2132,s:40~l:54~t:2132,cincinnati-bearcats,Cincinnati,Bearcats,CIN,Cincinnati Bearcats,Cincinnati,000000,717073,https://a.espncdn.com/i/teamlogos/ncaa/500/2132.png,home,57,false,11,1,24,44.4,20,45,0,12,73.3,11,15,8,8,6,24,0,50.0,6,12,35,0,0,0,96,s:40~l:54~t:96,kentucky-wildcats,Kentucky,Wildcats,UK,Kentucky Wildcats,Kentucky,005DAA,ffffff,https://a.espncdn.com/i/teamlogos/ncaa/500/96.png,68
293380171,2010,2,2009-12-04,2009-12-04T12:30:00.000000-0500,2599,s:40~l:54~t:2599,st-johns-red-storm,St. John's,Red Storm,SJU,St. John's Red Storm,St John's,d10000,101010,https://a.espncdn.com/i/teamlogos/ncaa/500/2599.png,away,75,true,11,4,20,46.8,29,62,0,20,77.8,14,18,12,11,7,15,0,37.5,3,8,36,0,0,0,171,s:40~l:54~t:171,columbia-lions,Columbia,Lions,COLU,Columbia Lions,Columbia,174785,004b85,https://a.espncdn.com/i/teamlogos/ncaa/500/171.png,63
293380171,2010,2,2009-12-04,2009-12-04T12:30:00.000000-0500,171,s:40~l:54~t:171,columbia-lions,Columbia,Lions,COLU,Columbia Lions,Columbia,174785,004b85,https://a.espncdn.com/i/teamlogos/ncaa/500/171.png,home,63,false,9,7,19,42.9,21,49,0,19,68.2,15,22,4,8,4,18,0,40.0,6,15,33,0,0,0,2599,s:40~l:54~t:2599,st-johns-red-storm,St. John's,Red Storm,SJU,St. John's Red Storm,St John's,d10000,101010,https://a.espncdn.com/i/teamlogos/ncaa/500/2599.png,75
293382306,2010,2,2009-12-04,2009-12-04T19:00:00.000000-0500,2755,s:40~l:54~t:2755,grambling-lady-tigers,Grambling,Lady Tigers,GRAM,Grambling Lady Tigers,Grambling,ee8601,ffd10a,https://a.espncdn.com/i/teamlogos/ncaa/500/2755.png,away,62,false,4,0,22,36.7,22,60,0,14,77.8,14,18,3,11,0,17,0,25.0,4,16,37,0,0,0,2306,s:40~l:54~t:2306,kansas-state-wildcats,Kansas State,Wildcats,KSU,Kansas State Wildcats,Kansas St,633194,e7d2ad,https://a.espncdn.com/i/teamlogos/ncaa/500/2306.png,87
293382306,2010,2,2009-12-04,2009-12-04T19:00:00.000000-0500,2306,s:40~l:54~t:2306,kansas-state-wildcats,Kansas State,Wildcats,KSU,Kansas State Wildcats,Kansas St,633194,e7d2ad,https://a.espncdn.com/i/teamlogos/ncaa/500/2306.png,home,87,true,30,2,25,47.3,35,74,0,16,81.8,9,11,32,16,9,11,0,38.1,8,21,44,0,0,0,2755,s:40~l:54~t:2755,grambling-lady-tigers,Grambling,Lady Tigers,GRAM,Grambling Lady Tigers,Grambling,ee8601,ffd10a,https://a.espncdn.com/i/teamlogos/ncaa/500/2755.png,62
293380058,2010,2,2009-12-04,2009-12-04T19:00:00.000000-0500,264,s:40~l:54~t:264,washington-huskies,Washington,Huskies,WASH,Washington Huskies,Washington,33006f,e8d3a2,https://a.espncdn.com/i/teamlogos/ncaa/500/264.png,away,50,false,11,6,20,38.0,19,50,0,24,84.6,11,13,3,12,7,27,0,16.7,1,6,34,0,0,0,58,s:40~l:54~t:58,south-florida-bulls,South Florida,Bulls,USF,South Florida Bulls,South Florida,004A36,231f20,https://a.espncdn.com/i/teamlogos/ncaa/500/58.png,61
293380058,2010,2,2009-12-04,2009-12-04T19:00:00.000000-0500,58,s:40~l:54~t:58,south-florida-bulls,South Florida,Bulls,USF,South Florida Bulls,South Florida,004A36,231f20,https://a.espncdn.com/i/teamlogos/ncaa/500/58.png,home,61,true,7,3,15,38.1,16,42,0,15,75.0,27,36,11,12,13,22,0,28.6,2,7,31,0,0,0,264,s:40~l:54~t:264,washington-huskies,Washington,Huskies,WASH,Washington Huskies,Washington,33006f,e8d3a2,https://a.espncdn.com/i/teamlogos/ncaa/500/264.png,50
293382483,2010,2,2009-12-04,2009-12-04T22:00:00.000000-0500,68,s:40~l:54~t:68,boise-state-broncos,Boise State,Broncos,BOIS,Boise State Broncos,Boise St,0033a0,fa4616,https://a.espncdn.com/i/teamlogos/ncaa/500/68.png,away,61,false,6,5,30,32.4,24,74,0,21,44.4,8,18,0,22,6,26,0,21.7,5,23,55,0,0,0,2483,s:40~l:54~t:2483,oregon-ducks,Oregon,Ducks,ORE,Oregon Ducks,Oregon,044520,fee123,https://a.espncdn.com/i/teamlogos/ncaa/500/2483.png,88
293382483,2010,2,2009-12-04,2009-12-04T22:00:00.000000-0500,2483,s:40~l:54~t:2483,oregon-ducks,Oregon,Ducks,ORE,Oregon Ducks,Oregon,044520,fee123,https://a.espncdn.com/i/teamlogos/ncaa/500/2483.png,home,88,true,21,3,31,38.6,32,83,0,16,61.9,13,21,34,19,14,13,0,37.9,11,29,53,0,0,0,68,s:40~l:54~t:68,boise-state-broncos,Boise State,Broncos,BOIS,Boise State Broncos,Boise St,0033a0,fa4616,https://a.espncdn.com/i/teamlogos/ncaa/500/68.png,61
293370041,2010,2,2009-12-03,2009-12-03T19:30:00.000000-0500,261,s:40~l:54~t:261,vermont-catamounts,Vermont,Catamounts,UVM,Vermont Catamounts,Vermont,154734,ffc72c,https://a.espncdn.com/i/teamlogos/ncaa/500/261.png,away,42,false,6,1,15,31.5,17,54,0,15,62.5,5,8,0,4,4,20,0,27.3,3,11,28,0,0,0,41,s:40~l:54~t:41,uconn-huskies,UConn,Huskies,CONN,UConn Huskies,UConn,0c2340,f1f2f3,https://a.espncdn.com/i/teamlogos/ncaa/500/41.png,84
293370041,2010,2,2009-12-03,2009-12-03T19:30:00.000000-0500,41,s:40~l:54~t:41,uconn-huskies,UConn,Huskies,CONN,UConn Huskies,UConn,0c2340,f1f2f3,https://a.espncdn.com/i/teamlogos/ncaa/500/41.png,home,84,true,24,6,26,59.0,36,61,0,10,53.3,8,15,49,9,9,10,0,25.0,4,16,39,0,0,0,261,s:40~l:54~t:261,vermont-catamounts,Vermont,Catamounts,UVM,Vermont Catamounts,Vermont,154734,ffc72c,https://a.espncdn.com/i/teamlogos/ncaa/500/261.png,42
293370150,2010,2,2009-12-03,2009-12-03T19:00:00.000000-0500,194,s:40~l:54~t:194,ohio-state-buckeyes,Ohio State,Buckeyes,OSU,Ohio State Buckeyes,Ohio State,ce1141,505056,https://a.espncdn.com/i/teamlogos/ncaa/500/194.png,away,67,false,15,2,25,36.8,21,57,0,14,68.2,15,22,4,11,7,20,0,41.7,10,24,40,0,0,0,150,s:40~l:54~t:150,duke-blue-devils,Duke,Blue Devils,DUKE,Duke Blue Devils,Duke,013088,ffffff,https://a.espncdn.com/i/teamlogos/ncaa/500/150.png,83
293370150,2010,2,2009-12-03,2009-12-03T19:00:00.000000-0500,150,s:40~l:54~t:150,duke-blue-devils,Duke,Blue Devils,DUKE,Duke Blue Devils,Duke,013088,ffffff,https://a.espncdn.com/i/teamlogos/ncaa/500/150.png,home,83,true,9,7,25,50.0,33,66,0,18,68.4,13,19,19,7,11,11,0,40.0,4,10,36,0,0,0,194,s:40~l:54~t:194,ohio-state-buckeyes,Ohio State,Buckeyes,OSU,Ohio State Buckeyes,Ohio State,ce1141,505056,https://a.espncdn.com/i/teamlogos/ncaa/500/194.png,67
293370127,2010,2,2009-12-03,2009-12-03T20:30:00.000000-0500,153,s:40~l:54~t:153,north-carolina-tar-heels,North Carolina,Tar Heels,UNC,North Carolina Tar Heels,North Carolina,7bafd4,13294b,https://a.espncdn.com/i/teamlogos/ncaa/500/153.png,away,66,false,10,2,24,36.5,23,63,0,27,61.9,13,21,4,10,9,24,0,43.8,7,16,39,0,0,0,127,s:40~l:54~t:127,michigan-state-spartans,Michigan State,Spartans,MSU,Michigan State Spartans,Michigan St,18453B,ffffff,https://a.espncdn.com/i/teamlogos/ncaa/500/127.png,72
293370127,2010,2,2009-12-03,2009-12-03T20:30:00.000000-0500,127,s:40~l:54~t:127,michigan-state-spartans,Michigan State,Spartans,MSU,Michigan State Spartans,Michigan St,18453B,ffffff,https://a.espncdn.com/i/teamlogos/ncaa/500/127.png,home,72,true,19,4,25,48.2,27,56,0,19,64.0,16,25,11,10,4,27,0,22.2,2,9,42,0,0,0,153,s:40~l:54~t:153,north-carolina-tar-heels,North Carolina,Tar Heels,UNC,North Carolina Tar Heels,North Carolina,7bafd4,13294b,https://a.espncdn.com/i/teamlogos/ncaa/500/153.png,66
293372752,2010,2,2009-12-03,2009-12-03T19:00:00.000000-0500,2393,s:40~l:54~t:2393,middle-tennessee-blue-raiders,Middle Tennessee,Blue Raiders,MTSU,Middle Tennessee Blue Raiders,MTSU,006db6,ffffff,https://a.espncdn.com/i/teamlogos/ncaa/500/2393.png,away,63,false,14,3,18,32.8,20,61,0,23,66.7,10,15,0,11,8,14,0,33.3,13,39,32,0,0,0,2752,s:40~l:54~t:2752,xavier-musketeers,Xavier,Musketeers,XAV,Xavier Musketeers,Xavier,002144,9ea2a2,https://a.espncdn.com/i/teamlogos/ncaa/500/2752.png,80
293372752,2010,2,2009-12-03,2009-12-03T19:00:00.000000-0500,2752,s:40~l:54~t:2752,xavier-musketeers,Xavier,Musketeers,XAV,Xavier Musketeers,Xavier,002144,9ea2a2,https://a.espncdn.com/i/teamlogos/ncaa/500/2752.png,home,80,true,22,5,31,47.5,29,61,0,16,59.3,16,27,21,16,8,15,0,33.3,6,18,51,0,0,0,2393,s:40~l:54~t:2393,middle-tennessee-blue-raiders,Middle Tennessee,Blue Raiders,MTSU,Middle Tennessee Blue Raiders,MTSU,006db6,ffffff,https://a.espncdn.com/i/teamlogos/ncaa/500/2393.png,63
293370084,2010,2,2009-12-03,2009-12-03T18:30:00.000000-0500,52,s:40~l:54~t:52,florida-state-seminoles,Florida State,Seminoles,FSU,Florida State Seminoles,Florida St,782F40,ceb888,https://a.espncdn.com/i/teamlogos/ncaa/500/52.png,away,82,true,15,3,21,46.4,26,56,0,20,80.0,24,30,8,14,8,22,0,37.5,6,16,39,0,0,0,84,s:40~l:54~t:84,indiana-hoosiers,Indiana,Hoosiers,IU,Indiana Hoosiers,Indiana,990000,edebeb,https://a.espncdn.com/i/teamlogos/ncaa/500/84.png,74
293370084,2010,2,2009-12-03,2009-12-03T18:30:00.000000-0500,84,s:40~l:54~t:84,indiana-hoosiers,Indiana,Hoosiers,IU,Indiana Hoosiers,Indiana,990000,edebeb,https://a.espncdn.com/i/teamlogos/ncaa/500/84.png,home,74,false,12,0,14,40.4,23,57,0,19,79.2,19,24,4,8,6,20,0,45.0,9,20,29,0,0,0,52,s:40~l:54~t:52,florida-state-seminoles,Florida State,Seminoles,FSU,Florida State Seminoles,Florida St,782F40,ceb888,https://a.espncdn.com/i/teamlogos/ncaa/500/52.png,82
293370258,2010,2,2009-12-03,2009-12-03T19:00:00.000000-0500,2509,s:40~l:54~t:2509,purdue-boilermakers,Purdue,Boilermakers,PUR,Purdue Boilermakers,Purdue,000000,cfb991,https://a.espncdn.com/i/teamlogos/ncaa/500/2509.png,away,49,false,8,2,29,39.5,15,38,0,21,68.0,17,25,2,8,4,26,0,20.0,2,10,41,0,0,0,258,s:40~l:54~t:258,virginia-cavaliers,Virginia,Cavaliers,UVA,Virginia Cavaliers,Virginia,f84c1e,ffffff,https://a.espncdn.com/i/teamlogos/ncaa/500/258.png,56
293370258,2010,2,2009-12-03,2009-12-03T19:00:00.000000-0500,258,s:40~l:54~t:258,virginia-cavaliers,Virginia,Cavaliers,UVA,Virginia Cavaliers,Virginia,f84c1e,ffffff,https://a.espncdn.com/i/teamlogos/ncaa/500/258.png,home,56,true,8,2,16,26.9,18,67,0,20,94.1,16,17,12,13,12,9,0,17.4,4,23,32,0,0,0,2509,s:40~l:54~t:2509,purdue-boilermakers,Purdue,Boilermakers,PUR,Purdue Boilermakers,Purdue,000000,cfb991,https://a.espncdn.com/i/teamlogos/ncaa/500/2509.png,49
293370201,2010,2,2009-12-03,2009-12-03T20:00:00.000000-0500,250,s:40~l:54~t:250,ut-arlington-mavericks,UT Arlington,Mavericks,UTA,UT Arlington Mavericks,UT Arlington,004b7c,f58024,https://a.espncdn.com/i/teamlogos/ncaa/500/250.png,away,67,false,9,0,17,35.3,24,68,0,19,72.7,8,11,5,12,5,13,0,47.8,11,23,30,0,0,0,201,s:40~l:54~t:201,oklahoma-sooners,Oklahoma,Sooners,OU,Oklahoma Sooners,Oklahoma,9d2235,ffffff,https://a.espncdn.com/i/teamlogos/ncaa/500/201.png,100
293370201,2010,2,2009-12-03,2009-12-03T20:00:00.000000-0500,201,s:40~l:54~t:201,oklahoma-sooners,Oklahoma,Sooners,OU,Oklahoma Sooners,Oklahoma,9d2235,ffffff,https://a.espncdn.com/i/teamlogos/ncaa/500/201.png,home,100,true,22,4,34,54.3,38,70,0,14,77.8,14,18,33,17,9,14,0,45.5,10,22,51,0,0,0,250,s:40~l:54~t:250,ut-arlington-mavericks,UT Arlington,Mavericks,UTA,UT Arlington Mavericks,UT Arlington,004b7c,f58024,https://a.espncdn.com/i/teamlogos/ncaa/500/250.png,67
293370259,2010,2,2009-12-03,2009-12-03T19:00:00.000000-0500,130,s:40~l:54~t:130,michigan-wolverines,Michigan,Wolverines,MICH,Michigan Wolverines,Michigan,00274c,ffcb05,https://a.espncdn.com/i/teamlogos/ncaa/500/130.png,away,71,true,18,6,24,50.9,29,57,0,21,50.0,6,12,29,5,10,14,0,38.9,7,18,32,0,0,0,259,s:40~l:54~t:259,virginia-tech-hokies,Virginia Tech,Hokies,VT,Virginia Tech Hokies,Virginia Tech,630031,cf4520,https://a.espncdn.com/i/teamlogos/ncaa/500/259.png,51
293370259,2010,2,2009-12-03,2009-12-03T19:00:00.000000-0500,259,s:40~l:54~t:259,virginia-tech-hokies,Virginia Tech,Hokies,VT,Virginia Tech Hokies,Virginia Tech,630031,cf4520,https://a.espncdn.com/i/teamlogos/ncaa/500/259.png,home,51,false,9,3,22,27.9,17,61,0,14,57.1,12,21,0,18,4,18,0,29.4,5,17,45,0,0,0,130,s:40~l:54~t:130,michigan-wolverines,Michigan,Wolverines,MICH,Michigan Wolverines,Michigan,00274c,ffcb05,https://a.espncdn.com/i/teamlogos/ncaa/500/130.png,71
293370152,2010,2,2009-12-03,2009-12-03T19:00:00.000000-0500,275,s:40~l:54~t:275,wisconsin-badgers,Wisconsin,Badgers,WISC,Wisconsin Badgers,Wisconsin,A00000,f7f7f7,https://a.espncdn.com/i/teamlogos/ncaa/500/275.png,away,53,true,10,4,29,43.1,22,51,0,14,66.7,6,9,8,9,6,17,0,20.0,3,15,39,0,0,0,152,s:40~l:54~t:152,nc-state-wolfpack,NC State,Wolfpack,NCST,NC State Wolfpack,NC State,EF1216,231f20,https://a.espncdn.com/i/teamlogos/ncaa/500/152.png,48
293370152,2010,2,2009-12-03,2009-12-03T19:00:00.000000-0500,152,s:40~l:54~t:152,nc-state-wolfpack,NC State,Wolfpack,NCST,NC State Wolfpack,NC State,EF1216,231f20,https://a.espncdn.com/i/teamlogos/ncaa/500/152.png,home,48,false,6,1,19,32.7,17,52,0,15,83.3,10,12,5,5,6,13,0,28.6,4,14,29,0,0,0,275,s:40~l:54~t:275,wisconsin-badgers,Wisconsin,Badgers,WISC,Wisconsin Badgers,Wisconsin,A00000,f7f7f7,https://a.espncdn.com/i/teamlogos/ncaa/500/275.png,53
293370269,2010,2,2009-12-03,2009-12-03T20:00:00.000000-0500,2885,s:40~l:54~t:2885,njit-highlanders,NJIT,Highlanders,NJIT,NJIT Highlanders,NJIT,EE3024,df3e2e,https://a.espncdn.com/i/teamlogos/ncaa/500/2885.png,away,41,false,7,0,15,25.9,15,58,0,22,66.7,8,12,2,9,6,18,0,20.0,3,15,29,0,0,0,269,s:40~l:54~t:269,marquette-golden-eagles,Marquette,Golden Eagles,MARQ,Marquette Golden Eagles,Marquette,083963,ffffff,https://a.espncdn.com/i/teamlogos/ncaa/500/269.png,81
293370269,2010,2,2009-12-03,2009-12-03T20:00:00.000000-0500,269,s:40~l:54~t:269,marquette-golden-eagles,Marquette,Golden Eagles,MARQ,Marquette Golden Eagles,Marquette,083963,ffffff,https://a.espncdn.com/i/teamlogos/ncaa/500/269.png,home,81,true,20,1,23,47.5,29,61,0,17,77.8,21,27,40,14,11,12,0,15.4,2,13,41,0,0,0,2885,s:40~l:54~t:2885,njit-highlanders,NJIT,Highlanders,NJIT,NJIT Highlanders,NJIT,EE3024,df3e2e,https://a.espncdn.com/i/teamlogos/ncaa/500/2885.png,41
293370158,2010,2,2009-12-03,2009-12-03T20:05:00.000000-0500,233,s:40~l:54~t:233,south-dakota-coyotes,South Dakota,Coyotes,SDAK,South Dakota Coyotes,South Dakota,CD1241,f0f0f0,https://a.espncdn.com/i/teamlogos/ncaa/500/233.png,away,38,false,9,3,20,37.8,14,37,0,24,35.7,5,14,3,3,7,28,0,35.7,5,14,26,0,0,0,158,s:40~l:54~t:158,nebraska-cornhuskers,Nebraska,Cornhuskers,NEB,Nebraska Cornhuskers,Nebraska,F20017,f5f1e7,https://a.espncdn.com/i/teamlogos/ncaa/500/158.png,77
293370158,2010,2,2009-12-03,2009-12-03T20:05:00.000000-0500,158,s:40~l:54~t:158,nebraska-cornhuskers,Nebraska,Cornhuskers,NEB,Nebraska Cornhuskers,Nebraska,F20017,f5f1e7,https://a.espncdn.com/i/teamlogos/ncaa/500/158.png,home,77,true,17,6,25,47.4,27,57,0,15,65.2,15,23,40,10,6,12,0,36.4,8,22,37,0,0,0,233,s:40~l:54~t:233,south-dakota-coyotes,South Dakota,Coyotes,SDAK,South Dakota Coyotes,South Dakota,CD1241,f0f0f0,https://a.espncdn.com/i/teamlogos/ncaa/500/233.png,38
293360087,2010,2,2009-12-02,2009-12-02T19:00:00.000000-0500,2199,s:40~l:54~t:2199,eastern-michigan-eagles,Eastern Michigan,Eagles,EMU,Eastern Michigan Eagles,E Michigan,00331b,f0f0f0,https://a.espncdn.com/i/teamlogos/ncaa/500/2199.png,away,59,false,10,6,29,32.3,21,65,0,19,65.2,15,23,2,12,11,20,0,13.3,2,15,45,0,0,0,87,s:40~l:54~t:87,notre-dame-fighting-irish,Notre Dame,Fighting Irish,ND,Notre Dame Fighting Irish,Notre Dame,0c2340,c99700,https://a.espncdn.com/i/teamlogos/ncaa/500/87.png,69
293360087,2010,2,2009-12-02,2009-12-02T19:00:00.000000-0500,87,s:40~l:54~t:87,notre-dame-fighting-irish,Notre Dame,Fighting Irish,ND,Notre Dame Fighting Irish,Notre Dame,0c2340,c99700,https://a.espncdn.com/i/teamlogos/ncaa/500/87.png,home,69,true,17,4,31,40.3,25,62,0,20,75.0,15,20,12,6,11,19,0,26.7,4,15,43,0,0,0,2199,s:40~l:54~t:2199,eastern-michigan-eagles,Eastern Michigan,Eagles,EMU,Eastern Michigan Eagles,E Michigan,00331b,f0f0f0,https://a.espncdn.com/i/teamlogos/ncaa/500/2199.png,59
293360245,2010,2,2009-12-02,2009-12-02T19:00:00.000000-0500,2617,s:40~l:54~t:2617,stephen-f-austin-ladyjacks,Stephen F. Austin,Ladyjacks,SFA,Stephen F. Austin Ladyjacks,SF Austin,393996,bec0c2,https://a.espncdn.com/i/teamlogos/ncaa/500/2617.png,away,56,false,11,4,15,27.3,18,66,0,24,78.9,15,19,0,17,8,33,0,26.3,5,19,37,0,0,0,245,s:40~l:54~t:245,texas-am-aggies,Texas A&M,Aggies,TA&M,Texas A&M Aggies,Texas A&M,5C0025,ffffff,https://a.espncdn.com/i/teamlogos/ncaa/500/245.png,106
293360245,2010,2,2009-12-02,2009-12-02T19:00:00.000000-0500,245,s:40~l:54~t:245,texas-am-aggies,Texas A&M,Aggies,TA&M,Texas A&M Aggies,Texas A&M,5C0025,ffffff,https://a.espncdn.com/i/teamlogos/ncaa/500/245.png,home,106,true,23,8,30,57.5,42,73,0,20,71.4,20,28,52,17,16,24,0,40.0,2,5,50,0,0,0,2617,s:40~l:54~t:2617,stephen-f-austin-ladyjacks,Stephen F. Austin,Ladyjacks,SFA,Stephen F. Austin Ladyjacks,SF Austin,393996,bec0c2,https://a.espncdn.com/i/teamlogos/ncaa/500/2617.png,56
293362750,2010,2,2009-12-02,2009-12-02T19:00:00.000000-0500,238,s:40~l:54~t:238,vanderbilt-commodores,Vanderbilt,Commodores,VAN,Vanderbilt Commodores,Vanderbilt,000000,231f20,https://a.espncdn.com/i/teamlogos/ncaa/500/238.png,away,63,true,12,2,21,41.2,21,51,0,15,66.7,16,24,20,14,10,16,0,38.5,5,13,39,0,0,0,2750,s:40~l:54~t:2750,wright-state-raiders,Wright State,Raiders,WRST,Wright State Raiders,Wright St,cba052,cba052,https://a.espncdn.com/i/teamlogos/ncaa/500/2750.png,46
293362750,2010,2,2009-12-02,2009-12-02T19:00:00.000000-0500,2750,s:40~l:54~t:2750,wright-state-raiders,Wright State,Raiders,WRST,Wright State Raiders,Wright St,cba052,cba052,https://a.espncdn.com/i/teamlogos/ncaa/500/2750.png,home,46,false,9,0,15,29.4,15,51,0,18,71.4,10,14,4,11,7,20,0,33.3,6,18,32,0,0,0,238,s:40~l:54~t:238,vanderbilt-commodores,Vanderbilt,Commodores,VAN,Vanderbilt Commodores,Vanderbilt,000000,231f20,https://a.espncdn.com/i/teamlogos/ncaa/500/238.png,63
293362754,2010,2,2009-12-02,2009-12-02T19:05:00.000000-0500,221,s:40~l:54~t:221,pittsburgh-panthers,Pittsburgh,Panthers,PITT,Pittsburgh Panthers,Pitt,003263,231f20,https://a.espncdn.com/i/teamlogos/ncaa/500/221.png,away,89,true,29,3,40,54.9,39,71,0,16,58.3,7,12,52,15,12,15,0,30.8,4,13,56,0,0,0,2754,s:40~l:54~t:2754,youngstown-state-penguins,Youngstown State,Penguins,YSU,Youngstown State Penguins,Youngstown St,E51937,690717,https://a.espncdn.com/i/teamlogos/ncaa/500/2754.png,37
293362754,2010,2,2009-12-02,2009-12-02T19:05:00.000000-0500,2754,s:40~l:54~t:2754,youngstown-state-penguins,Youngstown State,Penguins,YSU,Youngstown State Penguins,Youngstown St,E51937,690717,https://a.espncdn.com/i/teamlogos/ncaa/500/2754.png,home,37,false,10,0,15,22.4,13,58,0,13,40.0,4,10,0,5,6,21,0,28.0,7,25,26,0,0,0,221,s:40~l:54~t:221,pittsburgh-panthers,Pittsburgh,Panthers,PITT,Pittsburgh Panthers,Pitt,003263,231f20,https://a.espncdn.com/i/teamlogos/ncaa/500/221.png,89
293360213,2010,2,2009-12-02,2009-12-02T18:30:00.000000-0500,59,s:40~l:54~t:59,georgia-tech-yellow-jackets,Georgia Tech,Yellow Jackets,GT,Georgia Tech Yellow Jackets,Georgia Tech,00223e,002c56,https://a.espncdn.com/i/teamlogos/ncaa/500/59.png,away,64,true,15,0,21,41.4,24,58,0,27,54.5,12,22,12,15,7,17,0,36.4,4,11,41,0,0,0,213,s:40~l:54~t:213,penn-state-lady-lions,Penn State,Lady Lions,PSU,Penn State Lady Lions,Penn State,00265D,002e5c,https://a.espncdn.com/i/teamlogos/ncaa/500/213.png,60
293360213,2010,2,2009-12-02,2009-12-02T18:30:00.000000-0500,213,s:40~l:54~t:213,penn-state-lady-lions,Penn State,Lady Lions,PSU,Penn State Lady Lions,Penn State,00265D,002e5c,https://a.espncdn.com/i/teamlogos/ncaa/500/213.png,home,60,false,8,5,19,35.7,20,56,0,19,63.3,19,30,1,18,7,20,0,12.5,1,8,41,0,0,0,59,s:40~l:54~t:59,georgia-tech-yellow-jackets,Georgia Tech,Yellow Jackets,GT,Georgia Tech Yellow Jackets,Georgia Tech,00223e,002c56,https://a.espncdn.com/i/teamlogos/ncaa/500/59.png,64
293362579,2010,2,2009-12-02,2009-12-02T11:00:00.000000-0500,2272,s:40~l:54~t:2272,high-point-panthers,High Point,Panthers,HPU,High Point Panthers,High Point,b0b7bc,ebebeb,https://a.espncdn.com/i/teamlogos/ncaa/500/2272.png,away,52,false,12,5,13,39.0,23,59,0,19,71.4,5,7,3,7,8,20,0,8.3,1,12,26,0,0,0,2579,s:40~l:54~t:2579,south-carolina-gamecocks,South Carolina,Gamecocks,SC,South Carolina Gamecocks,South Carolina,73000a,ffffff,https://a.espncdn.com/i/teamlogos/ncaa/500/2579.png,70
293362579,2010,2,2009-12-02,2009-12-02T11:00:00.000000-0500,2579,s:40~l:54~t:2579,south-carolina-gamecocks,South Carolina,Gamecocks,SC,South Carolina Gamecocks,South Carolina,73000a,ffffff,https://a.espncdn.com/i/teamlogos/ncaa/500/2579.png,home,70,true,9,1,22,49.1,26,53,0,10,73.9,17,23,18,13,15,22,0,14.3,1,7,42,0,0,0,2272,s:40~l:54~t:2272,high-point-panthers,High Point,Panthers,HPU,High Point Panthers,High Point,b0b7bc,ebebeb,https://a.espncdn.com/i/teamlogos/ncaa/500/2272.png,52
293362507,2010,2,2009-12-02,2009-12-02T19:00:00.000000-0500,2084,s:40~l:54~t:2084,buffalo-bulls,Buffalo,Bulls,BUFF,Buffalo Bulls,Buffalo,041A9B,ebebeb,https://a.espncdn.com/i/teamlogos/ncaa/500/2084.png,away,63,false,11,2,22,43.6,24,55,0,18,52.9,9,17,2,11,9,30,0,33.3,6,18,38,0,0,0,2507,s:40~l:54~t:2507,providence-friars,Providence,Friars,PROV,Providence Friars,Providence,000000,a3a19e,https://a.espncdn.com/i/teamlogos/ncaa/500/2507.png,86
293362507,2010,2,2009-12-02,2009-12-02T19:00:00.000000-0500,2507,s:40~l:54~t:2507,providence-friars,Providence,Friars,PROV,Providence Friars,Providence,000000,a3a19e,https://a.espncdn.com/i/teamlogos/ncaa/500/2507.png,home,86,true,21,6,19,44.8,30,67,0,18,90.9,20,22,23,14,17,16,0,33.3,6,18,36,0,0,0,2084,s:40~l:54~t:2084,buffalo-bulls,Buffalo,Bulls,BUFF,Buffalo Bulls,Buffalo,041A9B,ebebeb,https://a.espncdn.com/i/teamlogos/ncaa/500/2084.png,63
293362117,2010,2,2009-12-02,2009-12-02T19:00:00.000000-0500,97,s:40~l:54~t:97,louisville-cardinals,Louisville,Cardinals,LOU,Louisville Cardinals,Louisville,c9001f,000000,https://a.espncdn.com/i/teamlogos/ncaa/500/97.png,away,75,false,11,3,26,33.3,24,72,0,26,76.0,19,25,6,22,3,16,1,38.1,8,21,53,1,0,0,2117,s:40~l:54~t:2117,central-michigan-chippewas,Central Michigan,Chippewas,CMU,Central Michigan Chippewas,C Michigan,6a0032,ffffff,https://a.espncdn.com/i/teamlogos/ncaa/500/2117.png,84
293362117,2010,2,2009-12-02,2009-12-02T19:00:00.000000-0500,2117,s:40~l:54~t:2117,central-michigan-chippewas,Central Michigan,Chippewas,CMU,Central Michigan Chippewas,C Michigan,6a0032,ffffff,https://a.espncdn.com/i/teamlogos/ncaa/500/2117.png,home,84,true,15,5,25,42.4,25,59,0,20,72.7,24,33,11,11,11,12,1,37.0,10,27,39,1,0,0,97,s:40~l:54~t:97,louisville-cardinals,Louisville,Cardinals,LOU,Louisville Cardinals,Louisville,c9001f,000000,https://a.espncdn.com/i/teamlogos/ncaa/500/97.png,75
293360277,2010,2,2009-12-02,2009-12-02T19:00:00.000000-0500,2515,s:40~l:54~t:2515,radford-highlanders,Radford,Highlanders,RAD,Radford Highlanders,Radford,BC1515,c2c3c0,https://a.espncdn.com/i/teamlogos/ncaa/500/2515.png,away,28,false,3,6,10,16.7,8,48,0,15,78.6,11,14,0,12,13,22,0,9.1,1,11,28,0,0,0,277,s:40~l:54~t:277,west-virginia-mountaineers,West Virginia,Mountaineers,WVU,West Virginia Mountaineers,West Virginia,FFC600,eaaa00,https://a.espncdn.com/i/teamlogos/ncaa/500/277.png,64
293360277,2010,2,2009-12-02,2009-12-02T19:00:00.000000-0500,277,s:40~l:54~t:277,west-virginia-mountaineers,West Virginia,Mountaineers,WVU,West Virginia Mountaineers,West Virginia,FFC600,eaaa00,https://a.espncdn.com/i/teamlogos/ncaa/500/277.png,home,64,true,15,6,25,51.0,26,51,0,15,62.5,10,16,39,13,14,22,0,33.3,2,6,41,0,0,0,2515,s:40~l:54~t:2515,radford-highlanders,Radford,Highlanders,RAD,Radford Highlanders,Radford,BC1515,c2c3c0,https://a.espncdn.com/i/teamlogos/ncaa/500/2515.png,28
293360183,2010,2,2009-12-02,2009-12-02T19:00:00.000000-0500,2681,s:40~l:54~t:2681,wagner-seahawks,Wagner,Seahawks,WAG,Wagner Seahawks,Wagner,00483A,ffffff,https://a.espncdn.com/i/teamlogos/ncaa/500/2681.png,away,55,false,15,1,15,35.0,21,60,0,22,71.4,5,7,0,8,9,20,0,28.6,8,28,28,0,0,0,183,s:40~l:54~t:183,syracuse-orange,Syracuse,Orange,SYR,Syracuse Orange,Syracuse,ff6500,000e54,https://a.espncdn.com/i/teamlogos/ncaa/500/183.png,93
293360183,2010,2,2009-12-02,2009-12-02T19:00:00.000000-0500,183,s:40~l:54~t:183,syracuse-orange,Syracuse,Orange,SYR,Syracuse Orange,Syracuse,ff6500,000e54,https://a.espncdn.com/i/teamlogos/ncaa/500/183.png,home,93,true,23,2,27,47.8,33,69,0,10,64.5,20,31,44,26,11,17,0,38.9,7,18,55,0,0,0,2681,s:40~l:54~t:2681,wagner-seahawks,Wagner,Seahawks,WAG,Wagner Seahawks,Wagner,00483A,ffffff,https://a.espncdn.com/i/teamlogos/ncaa/500/2681.png,55
293360154,2010,2,2009-12-02,2009-12-02T19:00:00.000000-0500,356,s:40~l:54~t:356,illinois-fighting-illini,Illinois,Fighting Illini,ILL,Illinois Fighting Illini,Illinois,ff5f05,13294b,https://a.espncdn.com/i/teamlogos/ncaa/500/356.png,away,65,true,11,5,27,56.8,21,37,0,18,77.8,21,27,17,1,9,16,0,40.0,2,5,28,0,0,0,154,s:40~l:54~t:154,wake-forest-demon-deacons,Wake Forest,Demon Deacons,WAKE,Wake Forest Demon Deacons,Wake Forest,9E7E38,000000,https://a.espncdn.com/i/teamlogos/ncaa/500/154.png,50
293360154,2010,2,2009-12-02,2009-12-02T19:00:00.000000-0500,154,s:40~l:54~t:154,wake-forest-demon-deacons,Wake Forest,Demon Deacons,WAKE,Wake Forest Demon Deacons,Wake Forest,9E7E38,000000,https://a.espncdn.com/i/teamlogos/ncaa/500/154.png,home,50,false,8,4,17,32.2,19,59,0,23,38.9,7,18,17,16,8,17,0,29.4,5,17,37,0,0,0,356,s:40~l:54~t:356,illinois-fighting-illini,Illinois,Fighting Illini,ILL,Illinois Fighting Illini,Illinois,ff5f05,13294b,https://a.espncdn.com/i/teamlogos/ncaa/500/356.png,65
293360164,2010,2,2009-12-02,2009-12-02T19:30:00.000000-0500,218,s:40~l:54~t:218,temple-owls,Temple,Owls,TEM,Temple Owls,Temple,A80532,a7a9ac,https://a.espncdn.com/i/teamlogos/ncaa/500/218.png,away,62,true,13,5,15,47.2,25,53,0,16,70.0,7,10,11,11,12,16,0,38.5,5,13,29,0,0,0,164,s:40~l:54~t:164,rutgers-scarlet-knights,Rutgers,Scarlet Knights,RUTG,Rutgers Scarlet Knights,Rutgers,d21034,ffffff,https://a.espncdn.com/i/teamlogos/ncaa/500/164.png,51
293360164,2010,2,2009-12-02,2009-12-02T19:30:00.000000-0500,164,s:40~l:54~t:164,rutgers-scarlet-knights,Rutgers,Scarlet Knights,RUTG,Rutgers Scarlet Knights,Rutgers,d21034,ffffff,https://a.espncdn.com/i/teamlogos/ncaa/500/164.png,home,51,false,6,8,14,35.6,16,45,0,14,82.4,14,17,0,12,10,21,0,41.7,5,12,30,0,0,0,218,s:40~l:54~t:218,temple-owls,Temple,Owls,TEM,Temple Owls,Temple,A80532,a7a9ac,https://a.espncdn.com/i/teamlogos/ncaa/500/218.png,62
293360344,2010,2,2009-12-02,2009-12-02T20:00:00.000000-0500,2572,s:40~l:54~t:2572,southern-miss-golden-eagles,Southern Miss,Golden Eagles,USM,Southern Miss Golden Eagles,Southern Miss,FFAA3C,ffc423,https://a.espncdn.com/i/teamlogos/ncaa/500/2572.png,away,52,false,9,3,15,38.5,20,52,0,18,58.8,10,17,2,15,7,27,1,15.4,2,13,33,1,0,0,344,s:40~l:54~t:344,mississippi-state-bulldogs,Mississippi State,Bulldogs,MSST,Mississippi State Bulldogs,Mississippi St,762123,c8c8c8,https://a.espncdn.com/i/teamlogos/ncaa/500/344.png,85
293360344,2010,2,2009-12-02,2009-12-02T20:00:00.000000-0500,344,s:40~l:54~t:344,mississippi-state-bulldogs,Mississippi State,Bulldogs,MSST,Mississippi State Bulldogs,Mississippi St,762123,c8c8c8,https://a.espncdn.com/i/teamlogos/ncaa/500/344.png,home,85,true,20,4,18,53.3,32,60,0,16,87.5,14,16,37,10,10,18,0,38.9,7,18,32,0,0,0,2572,s:40~l:54~t:2572,southern-miss-golden-eagles,Southern Miss,Golden Eagles,USM,Southern Miss Golden Eagles,Southern Miss,FFAA3C,ffc423,https://a.espncdn.com/i/teamlogos/ncaa/500/2572.png,52
293360008,2010,2,2009-12-02,2009-12-02T20:00:00.000000-0500,2306,s:40~l:54~t:2306,kansas-state-wildcats,Kansas State,Wildcats,KSU,Kansas State Wildcats,Kansas St,633194,e7d2ad,https://a.espncdn.com/i/teamlogos/ncaa/500/2306.png,away,58,false,11,3,23,50.0,23,46,0,11,70.0,7,10,12,7,4,17,0,33.3,5,15,33,0,0,0,8,s:40~l:54~t:8,arkansas-razorbacks,Arkansas,Razorbacks,ARK,Arkansas Razorbacks,Arkansas,a41f35,222222,https://a.espncdn.com/i/teamlogos/ncaa/500/8.png,60
293360008,2010,2,2009-12-02,2009-12-02T20:00:00.000000-0500,8,s:40~l:54~t:8,arkansas-razorbacks,Arkansas,Razorbacks,ARK,Arkansas Razorbacks,Arkansas,a41f35,222222,https://a.espncdn.com/i/teamlogos/ncaa/500/8.png,home,60,true,12,1,14,43.1,25,58,0,12,77.8,7,9,5,7,8,10,0,25.0,3,12,24,0,0,0,2306,s:40~l:54~t:2306,kansas-state-wildcats,Kansas State,Wildcats,KSU,Kansas State Wildcats,Kansas St,633194,e7d2ad,https://a.espncdn.com/i/teamlogos/ncaa/500/2306.png,58
293360038,2010,2,2009-12-02,2009-12-02T21:00:00.000000-0500,2172,s:40~l:54~t:2172,denver-pioneers,Denver,Pioneers,DEN,Denver Pioneers,Denver,98002e,a8996e,https://a.espncdn.com/i/teamlogos/ncaa/500/2172.png,away,57,false,14,3,19,45.2,19,42,0,18,73.1,19,26,2,5,6,19,0,0.0,0,1,27,0,0,0,38,s:40~l:54~t:38,colorado-buffaloes,Colorado,Buffaloes,COLO,Colorado Buffaloes,Colorado,000000,cfb87c,https://a.espncdn.com/i/teamlogos/ncaa/500/38.png,84
293360038,2010,2,2009-12-02,2009-12-02T21:00:00.000000-0500,38,s:40~l:54~t:38,colorado-buffaloes,Colorado,Buffaloes,COLO,Colorado Buffaloes,Colorado,000000,cfb87c,https://a.espncdn.com/i/teamlogos/ncaa/500/38.png,home,84,true,13,3,18,48.4,31,64,0,19,78.9,15,19,29,13,11,14,0,41.2,7,17,35,0,0,0,2172,s:40~l:54~t:2172,denver-pioneers,Denver,Pioneers,DEN,Denver Pioneers,Denver,98002e,a8996e,https://a.espncdn.com/i/teamlogos/ncaa/500/2172.png,57
293362483,2010,2,2009-12-02,2009-12-02T22:00:00.000000-0500,2501,s:40~l:54~t:2501,portland-pilots,Portland,Pilots,PORT,Portland Pilots,Portland,330072,a8b3ba,https://a.espncdn.com/i/teamlogos/ncaa/500/2501.png,away,68,false,14,4,28,34.8,24,69,0,18,71.4,15,21,4,16,4,24,0,27.8,5,18,49,0,0,0,2483,s:40~l:54~t:2483,oregon-ducks,Oregon,Ducks,ORE,Oregon Ducks,Oregon,044520,fee123,https://a.espncdn.com/i/teamlogos/ncaa/500/2483.png,95
293362483,2010,2,2009-12-02,2009-12-02T22:00:00.000000-0500,2483,s:40~l:54~t:2483,oregon-ducks,Oregon,Ducks,ORE,Oregon Ducks,Oregon,044520,fee123,https://a.espncdn.com/i/teamlogos/ncaa/500/2483.png,home,95,true,23,5,27,48.6,36,74,0,17,71.4,10,14,27,10,11,15,0,59.1,13,22,42,0,0,0,2501,s:40~l:54~t:2501,portland-pilots,Portland,Pilots,PORT,Portland Pilots,Portland,330072,a8b3ba,https://a.espncdn.com/i/teamlogos/ncaa/500/2501.png,68
293352348,2010,2,2009-12-01,2009-12-01T20:00:00.000000-0500,99,s:40~l:54~t:99,lsu-tigers,LSU,Tigers,LSU,LSU Tigers,LSU,461d7c,fdd023,https://a.espncdn.com/i/teamlogos/ncaa/500/99.png,away,77,true,13,3,25,50.0,26,52,0,20,79.2,19,24,17,9,4,22,1,54.5,6,11,40,1,0,0,2348,s:40~l:54~t:2348,louisiana-tech-lady-techsters,Louisiana Tech,Lady Techsters,LT,Louisiana Tech Lady Techsters,Louisiana Tech,002d65,d3313a,https://a.espncdn.com/i/teamlogos/ncaa/500/2348.png,74
293352348,2010,2,2009-12-01,2009-12-01T20:00:00.000000-0500,2348,s:40~l:54~t:2348,louisiana-tech-lady-techsters,Louisiana Tech,Lady Techsters,LT,Louisiana Tech Lady Techsters,Louisiana Tech,002d65,d3313a,https://a.espncdn.com/i/teamlogos/ncaa/500/2348.png,home,74,false,13,7,16,45.9,28,61,0,18,82.4,14,17,3,5,4,12,1,80.0,4,5,24,1,0,0,99,s:40~l:54~t:99,lsu-tigers,LSU,Tigers,LSU,LSU Tigers,LSU,461d7c,fdd023,https://a.espncdn.com/i/teamlogos/ncaa/500/99.png,77
293350251,2010,2,2009-12-01,2009-12-01T20:00:00.000000-0500,198,s:40~l:54~t:198,oral-roberts-golden-eagles,Oral Roberts,Golden Eagles,ORU,Oral Roberts Golden Eagles,Oral Roberts,002462,dac792,https://a.espncdn.com/i/teamlogos/ncaa/500/198.png,away,80,false,11,1,20,33.3,25,75,0,20,91.3,21,23,2,12,7,18,0,33.3,9,27,39,0,0,0,251,s:40~l:54~t:251,texas-longhorns,Texas,Longhorns,TEX,Texas Longhorns,Texas,c15d26,ffffff,https://a.espncdn.com/i/teamlogos/ncaa/500/251.png,94
293350251,2010,2,2009-12-01,2009-12-01T20:00:00.000000-0500,251,s:40~l:54~t:251,texas-longhorns,Texas,Longhorns,TEX,Texas Longhorns,Texas,c15d26,ffffff,https://a.espncdn.com/i/teamlogos/ncaa/500/251.png,home,94,true,20,13,35,47.2,34,72,0,17,70.0,14,20,18,18,5,25,0,42.9,12,28,55,0,0,0,198,s:40~l:54~t:198,oral-roberts-golden-eagles,Oral Roberts,Golden Eagles,ORU,Oral Roberts Golden Eagles,Oral Roberts,002462,dac792,https://a.espncdn.com/i/teamlogos/ncaa/500/198.png,80
293350057,2010,2,2009-12-01,2009-12-01T16:30:00.000000-0500,50,s:40~l:54~t:50,florida-am-rattlers,Florida A&M,Rattlers,FAMU,Florida A&M Rattlers,FAMU,F89728,00843d,https://a.espncdn.com/i/teamlogos/ncaa/500/50.png,away,72,true,14,0,23,52.7,29,55,0,14,55.6,5,9,12,7,5,15,0,52.9,9,17,36,0,0,0,57,s:40~l:54~t:57,florida-gators,Florida,Gators,FLA,Florida Gators,Florida,0021a5,fa4616,https://a.espncdn.com/i/teamlogos/ncaa/500/57.png,71
293350057,2010,2,2009-12-01,2009-12-01T16:30:00.000000-0500,57,s:40~l:54~t:57,florida-gators,Florida,Gators,FLA,Florida Gators,Florida,0021a5,fa4616,https://a.espncdn.com/i/teamlogos/ncaa/500/57.png,home,71,false,15,2,19,36.9,24,65,0,14,94.1,16,17,12,16,10,11,0,24.1,7,29,35,0,0,0,50,s:40~l:54~t:50,florida-am-rattlers,Florida A&M,Rattlers,FAMU,Florida A&M Rattlers,FAMU,F89728,00843d,https://a.espncdn.com/i/teamlogos/ncaa/500/50.png,72
293352599,2010,2,2009-12-01,2009-12-01T19:00:00.000000-0500,56,s:40~l:54~t:56,stetson-hatters,Stetson,Hatters,STET,Stetson Hatters,Stetson,0a5640,56854e,https://a.espncdn.com/i/teamlogos/ncaa/500/56.png,away,51,false,12,1,21,31.0,18,58,0,24,42.9,6,14,0,9,6,28,0,50.0,9,18,36,0,0,0,2599,s:40~l:54~t:2599,st-johns-red-storm,St. John's,Red Storm,SJU,St. John's Red Storm,St John's,d10000,101010,https://a.espncdn.com/i/teamlogos/ncaa/500/2599.png,87
293352599,2010,2,2009-12-01,2009-12-01T19:00:00.000000-0500,2599,s:40~l:54~t:2599,st-johns-red-storm,St. John's,Red Storm,SJU,St. John's Red Storm,St John's,d10000,101010,https://a.espncdn.com/i/teamlogos/ncaa/500/2599.png,home,87,true,25,10,26,51.6,33,64,0,17,48.3,14,29,38,14,11,18,0,43.8,7,16,47,0,0,0,56,s:40~l:54~t:56,stetson-hatters,Stetson,Hatters,STET,Stetson Hatters,Stetson,0a5640,56854e,https://a.espncdn.com/i/teamlogos/ncaa/500/56.png,51
293350096,2010,2,2009-12-01,2009-12-01T19:00:00.000000-0500,193,s:40~l:54~t:193,miami-oh-redhawks,Miami (OH),Redhawks,M-OH,Miami (OH) Redhawks,Miami OH,a4000c,f0f0f0,https://a.espncdn.com/i/teamlogos/ncaa/500/193.png,away,53,false,5,2,17,26.8,15,56,0,26,81.5,22,27,0,6,11,28,2,20.0,1,5,28,2,0,0,96,s:40~l:54~t:96,kentucky-wildcats,Kentucky,Wildcats,UK,Kentucky Wildcats,Kentucky,005DAA,ffffff,https://a.espncdn.com/i/teamlogos/ncaa/500/96.png,107
293350096,2010,2,2009-12-01,2009-12-01T19:00:00.000000-0500,96,s:40~l:54~t:96,kentucky-wildcats,Kentucky,Wildcats,UK,Kentucky Wildcats,Kentucky,005DAA,ffffff,https://a.espncdn.com/i/teamlogos/ncaa/500/96.png,home,107,true,22,9,30,57.1,36,63,0,22,71.9,23,32,55,14,14,21,1,70.6,12,17,45,1,0,0,193,s:40~l:54~t:193,miami-oh-redhawks,Miami (OH),Redhawks,M-OH,Miami (OH) Redhawks,Miami OH,a4000c,f0f0f0,https://a.espncdn.com/i/teamlogos/ncaa/500/193.png,53
293350066,2010,2,2009-12-01,2009-12-01T20:00:00.000000-0500,2400,s:40~l:54~t:2400,mississippi-valley-state-devilettes,Mississippi Valley State,Devilettes,MVSU,Mississippi Valley State Devilettes,Miss Valley St,005328,cf2d34,https://a.espncdn.com/i/teamlogos/ncaa/500/2400.png,away,44,false,7,5,18,31.5,17,54,0,23,50.0,8,16,0,7,6,16,0,11.8,2,17,27,0,0,0,66,s:40~l:54~t:66,iowa-state-cyclones,Iowa State,Cyclones,ISU,Iowa State Cyclones,Iowa State,822433,fdca2f,https://a.espncdn.com/i/teamlogos/ncaa/500/66.png,83
293350066,2010,2,2009-12-01,2009-12-01T20:00:00.000000-0500,66,s:40~l:54~t:66,iowa-state-cyclones,Iowa State,Cyclones,ISU,Iowa State Cyclones,Iowa State,822433,fdca2f,https://a.espncdn.com/i/teamlogos/ncaa/500/66.png,home,83,true,23,3,31,44.6,29,65,0,12,68.0,17,25,41,23,9,13,0,32.0,8,25,57,0,0,0,2400,s:40~l:54~t:2400,mississippi-valley-state-devilettes,Mississippi Valley State,Devilettes,MVSU,Mississippi Valley State Devilettes,Miss Valley St,005328,cf2d34,https://a.espncdn.com/i/teamlogos/ncaa/500/2400.png,44
293340300,2010,2,2009-11-30,2009-11-30T20:00:00.000000-0500,58,s:40~l:54~t:58,south-florida-bulls,South Florida,Bulls,USF,South Florida Bulls,South Florida,004A36,231f20,https://a.espncdn.com/i/teamlogos/ncaa/500/58.png,away,78,true,13,4,18,53.7,29,54,0,22,61.5,16,26,12,14,8,16,1,36.4,4,11,34,1,0,0,300,s:40~l:54~t:300,uc-irvine-anteaters,UC Irvine,Anteaters,UCI,UC Irvine Anteaters,UC Irvine,002B5C,fec52e,https://a.espncdn.com/i/teamlogos/ncaa/500/300.png,66
293340300,2010,2,2009-11-30,2009-11-30T20:00:00.000000-0500,300,s:40~l:54~t:300,uc-irvine-anteaters,UC Irvine,Anteaters,UCI,UC Irvine Anteaters,UC Irvine,002B5C,fec52e,https://a.espncdn.com/i/teamlogos/ncaa/500/300.png,home,66,false,10,2,17,42.6,20,47,0,24,80.0,20,25,8,6,4,20,0,40.0,6,15,27,0,0,0,58,s:40~l:54~t:58,south-florida-bulls,South Florida,Bulls,USF,South Florida Bulls,South Florida,004A36,231f20,https://a.espncdn.com/i/teamlogos/ncaa/500/58.png,78
293330041,2010,2,2009-11-29,2009-11-29T16:30:00.000000-0500,228,s:40~l:54~t:228,clemson-tigers,Clemson,Tigers,CLEM,Clemson Tigers,Clemson,F66733,522d80,https://a.espncdn.com/i/teamlogos/ncaa/500/228.png,away,48,false,12,0,17,36.5,19,52,0,13,25.0,3,12,3,5,7,26,0,36.8,7,19,28,0,0,0,41,s:40~l:54~t:41,uconn-huskies,UConn,Huskies,CONN,UConn Huskies,UConn,0c2340,f1f2f3,https://a.espncdn.com/i/teamlogos/ncaa/500/41.png,87
293330041,2010,2,2009-11-29,2009-11-29T16:30:00.000000-0500,41,s:40~l:54~t:41,uconn-huskies,UConn,Huskies,CONN,UConn Huskies,UConn,0c2340,f1f2f3,https://a.espncdn.com/i/teamlogos/ncaa/500/41.png,home,87,true,16,6,30,54.0,34,63,0,14,81.0,17,21,40,13,15,17,0,13.3,2,15,43,0,0,0,228,s:40~l:54~t:228,clemson-tigers,Clemson,Tigers,CLEM,Clemson Tigers,Clemson,F66733,522d80,https://a.espncdn.com/i/teamlogos/ncaa/500/228.png,48
293330024,2010,2,2009-11-29,2009-11-29T17:00:00.000000-0500,2250,s:40~l:54~t:2250,gonzaga-bulldogs,Gonzaga,Bulldogs,GONZ,Gonzaga Bulldogs,Gonzaga,041e42,c8102e,https://a.espncdn.com/i/teamlogos/ncaa/500/2250.png,away,74,false,19,4,17,43.2,32,74,0,16,66.7,6,9,0,7,4,13,0,25.0,4,16,32,0,0,0,24,s:40~l:54~t:24,stanford-cardinal,Stanford,Cardinal,STAN,Stanford Cardinal,Stanford,8c1515,ffffff,https://a.espncdn.com/i/teamlogos/ncaa/500/24.png,105
293330024,2010,2,2009-11-29,2009-11-29T17:00:00.000000-0500,24,s:40~l:54~t:24,stanford-cardinal,Stanford,Cardinal,STAN,Stanford Cardinal,Stanford,8c1515,ffffff,https://a.espncdn.com/i/teamlogos/ncaa/500/24.png,home,105,true,24,5,28,50.7,37,73,0,10,87.5,21,24,33,17,6,15,0,50.0,10,20,49,0,0,0,2250,s:40~l:54~t:2250,gonzaga-bulldogs,Gonzaga,Bulldogs,GONZ,Gonzaga Bulldogs,Gonzaga,041e42,c8102e,https://a.espncdn.com/i/teamlogos/ncaa/500/2250.png,74
293330194,2010,2,2009-11-29,2009-11-29T14:00:00.000000-0500,25,s:40~l:54~t:25,california-golden-bears,California,Golden Bears,CAL,California Golden Bears,California,031522,ffc423,https://a.espncdn.com/i/teamlogos/ncaa/500/25.png,away,71,false,9,2,23,42.2,27,64,0,18,66.7,14,21,2,14,5,13,0,25.0,3,12,37,0,0,0,194,s:40~l:54~t:194,ohio-state-buckeyes,Ohio State,Buckeyes,OSU,Ohio State Buckeyes,Ohio State,ce1141,505056,https://a.espncdn.com/i/teamlogos/ncaa/500/194.png,83
293330194,2010,2,2009-11-29,2009-11-29T14:00:00.000000-0500,194,s:40~l:54~t:194,ohio-state-buckeyes,Ohio State,Buckeyes,OSU,Ohio State Buckeyes,Ohio State,ce1141,505056,https://a.espncdn.com/i/teamlogos/ncaa/500/194.png,home,83,true,19,2,26,44.1,30,68,0,14,85.7,18,21,17,16,4,11,0,33.3,5,15,44,0,0,0,25,s:40~l:54~t:25,california-golden-bears,California,Golden Bears,CAL,California Golden Bears,California,031522,ffc423,https://a.espncdn.com/i/teamlogos/ncaa/500/25.png,71
293330153,2010,2,2009-11-29,2009-11-29T12:30:00.000000-0500,2127,s:40~l:54~t:2127,charleston-southern-buccaneers,Charleston Southern,Buccaneers,CHSO,Charleston Southern Buccaneers,Charleston So,2e3192,ded090,https://a.espncdn.com/i/teamlogos/ncaa/500/2127.png,away,67,false,14,1,15,29.6,21,71,0,16,66.7,8,12,2,18,11,26,0,35.4,17,48,43,0,0,0,153,s:40~l:54~t:153,north-carolina-tar-heels,North Carolina,Tar Heels,UNC,North Carolina Tar Heels,North Carolina,7bafd4,13294b,https://a.espncdn.com/i/teamlogos/ncaa/500/153.png,76
293330153,2010,2,2009-11-29,2009-11-29T12:30:00.000000-0500,153,s:40~l:54~t:153,north-carolina-tar-heels,North Carolina,Tar Heels,UNC,North Carolina Tar Heels,North Carolina,7bafd4,13294b,https://a.espncdn.com/i/teamlogos/ncaa/500/153.png,home,76,true,17,7,28,50.0,31,62,0,17,56.5,13,23,22,13,6,24,0,10.0,1,10,46,0,0,0,2127,s:40~l:54~t:2127,charleston-southern-buccaneers,Charleston Southern,Buccaneers,CHSO,Charleston Southern Buccaneers,Charleston So,2e3192,ded090,https://a.espncdn.com/i/teamlogos/ncaa/500/2127.png,67
293330239,2010,2,2009-11-29,2009-11-29T15:30:00.000000-0500,2320,s:40~l:54~t:2320,lamar-cardinals,Lamar,Cardinals,LAM,Lamar Cardinals,Lamar,000000,ebebeb,https://a.espncdn.com/i/teamlogos/ncaa/500/2320.png,away,65,false,10,2,16,37.5,27,72,0,19,33.3,2,6,2,9,11,14,0,31.0,9,29,30,0,0,0,239,s:40~l:54~t:239,baylor-bears,Baylor,Bears,BAY,Baylor Bears,Baylor,154734,ffb81c,https://a.espncdn.com/i/teamlogos/ncaa/500/239.png,87
293330239,2010,2,2009-11-29,2009-11-29T15:30:00.000000-0500,239,s:40~l:54~t:239,baylor-bears,Baylor,Bears,BAY,Baylor Bears,Baylor,154734,ffb81c,https://a.espncdn.com/i/teamlogos/ncaa/500/239.png,home,87,true,17,8,32,50.0,31,62,0,9,77.8,21,27,28,16,7,21,0,36.4,4,11,54,0,0,0,2320,s:40~l:54~t:2320,lamar-cardinals,Lamar,Cardinals,LAM,Lamar Cardinals,Lamar,000000,ebebeb,https://a.espncdn.com/i/teamlogos/ncaa/500/2320.png,65
293330052,2010,2,2009-11-29,2009-11-29T14:00:00.000000-0500,142,s:40~l:54~t:142,missouri-tigers,Missouri,Tigers,MIZ,Missouri Tigers,Missouri,f1b82d,000000,https://a.espncdn.com/i/teamlogos/ncaa/500/142.png,away,66,false,15,1,19,36.9,24,65,0,18,56.3,9,16,6,16,9,15,0,50.0,9,18,39,0,0,0,52,s:40~l:54~t:52,florida-state-seminoles,Florida State,Seminoles,FSU,Florida State Seminoles,Florida St,782F40,ceb888,https://a.espncdn.com/i/teamlogos/ncaa/500/52.png,73
293330052,2010,2,2009-11-29,2009-11-29T14:00:00.000000-0500,52,s:40~l:54~t:52,florida-state-seminoles,Florida State,Seminoles,FSU,Florida State Seminoles,Florida St,782F40,ceb888,https://a.espncdn.com/i/teamlogos/ncaa/500/52.png,home,73,true,14,4,21,42.6,26,61,0,17,85.7,18,21,11,15,4,15,0,33.3,3,9,39,0,0,0,142,s:40~l:54~t:142,missouri-tigers,Missouri,Tigers,MIZ,Missouri Tigers,Missouri,f1b82d,000000,https://a.espncdn.com/i/teamlogos/ncaa/500/142.png,66
293332603,2010,2,2009-11-29,2009-11-29T14:00:00.000000-0500,2599,s:40~l:54~t:2599,st-johns-red-storm,St. John's,Red Storm,SJU,St. John's Red Storm,St John's,d10000,101010,https://a.espncdn.com/i/teamlogos/ncaa/500/2599.png,away,81,true,14,1,17,50.7,34,67,0,18,61.5,8,13,7,16,14,15,1,29.4,5,17,34,1,0,0,2603,s:40~l:54~t:2603,saint-josephs-hawks,Saint Joseph's,Hawks,JOES,Saint Joseph's Hawks,Saint Joseph's,C2071B,101010,https://a.espncdn.com/i/teamlogos/ncaa/500/2603.png,74
293332603,2010,2,2009-11-29,2009-11-29T14:00:00.000000-0500,2603,s:40~l:54~t:2603,saint-josephs-hawks,Saint Joseph's,Hawks,JOES,Saint Joseph's Hawks,Saint Joseph's,C2071B,101010,https://a.espncdn.com/i/teamlogos/ncaa/500/2603.png,home,74,false,12,3,15,50.9,29,57,0,16,77.8,14,18,13,11,11,21,0,16.7,2,12,32,0,0,0,2599,s:40~l:54~t:2599,st-johns-red-storm,St. John's,Red Storm,SJU,St. John's Red Storm,St John's,d10000,101010,https://a.espncdn.com/i/teamlogos/ncaa/500/2599.png,81
293332132,2010,2,2009-11-29,2009-11-29T14:00:00.000000-0500,159,s:40~l:54~t:159,dartmouth-big-green,Dartmouth,Big Green,DART,Dartmouth Big Green,Dartmouth,005730,000000,https://a.espncdn.com/i/teamlogos/ncaa/500/159.png,away,35,false,8,3,21,30.3,10,33,0,12,58.8,10,17,0,2,7,24,0,33.3,5,15,24,0,0,0,2132,s:40~l:54~t:2132,cincinnati-bearcats,Cincinnati,Bearcats,CIN,Cincinnati Bearcats,Cincinnati,000000,717073,https://a.espncdn.com/i/teamlogos/ncaa/500/2132.png,55
293332132,2010,2,2009-11-29,2009-11-29T14:00:00.000000-0500,2132,s:40~l:54~t:2132,cincinnati-bearcats,Cincinnati,Bearcats,CIN,Cincinnati Bearcats,Cincinnati,000000,717073,https://a.espncdn.com/i/teamlogos/ncaa/500/2132.png,home,55,true,14,2,20,43.8,21,48,0,16,60.0,9,15,20,9,12,17,0,30.8,4,13,33,0,0,0,159,s:40~l:54~t:159,dartmouth-big-green,Dartmouth,Big Green,DART,Dartmouth Big Green,Dartmouth,005730,000000,https://a.espncdn.com/i/teamlogos/ncaa/500/159.png,35
293330154,2010,2,2009-11-29,2009-11-29T14:00:00.000000-0500,2506,s:40~l:54~t:2506,presbyterian-blue-hose,Presbyterian,Blue Hose,PRES,Presbyterian Blue Hose,Presbyterian,194896,990134,https://a.espncdn.com/i/teamlogos/ncaa/500/2506.png,away,25,false,4,1,26,20.0,5,25,0,13,63.6,14,22,1,4,6,38,0,6.7,1,15,33,0,0,0,154,s:40~l:54~t:154,wake-forest-demon-deacons,Wake Forest,Demon Deacons,WAKE,Wake Forest Demon Deacons,Wake Forest,9E7E38,000000,https://a.espncdn.com/i/teamlogos/ncaa/500/154.png,66
293330154,2010,2,2009-11-29,2009-11-29T14:00:00.000000-0500,154,s:40~l:54~t:154,wake-forest-demon-deacons,Wake Forest,Demon Deacons,WAKE,Wake Forest Demon Deacons,Wake Forest,9E7E38,000000,https://a.espncdn.com/i/teamlogos/ncaa/500/154.png,home,66,true,12,2,19,39.1,25,64,0,18,52.9,9,17,44,16,25,12,0,29.2,7,24,36,0,0,0,2506,s:40~l:54~t:2506,presbyterian-blue-hose,Presbyterian,Blue Hose,PRES,Presbyterian Blue Hose,Presbyterian,194896,990134,https://a.espncdn.com/i/teamlogos/ncaa/500/2506.png,25
293320041,2010,2,2009-11-28,2009-11-28T19:30:00.000000-0500,257,s:40~l:54~t:257,richmond-spiders,Richmond,Spiders,RICH,Richmond Spiders,Richmond,9e0712,b90b2e,https://a.espncdn.com/i/teamlogos/ncaa/500/257.png,away,37,false,5,2,12,34.0,17,50,0,18,0.0,0,0,0,4,8,17,0,21.4,3,14,19,0,0,0,41,s:40~l:54~t:41,uconn-huskies,UConn,Huskies,CONN,UConn Huskies,UConn,0c2340,f1f2f3,https://a.espncdn.com/i/teamlogos/ncaa/500/41.png,86
293320041,2010,2,2009-11-28,2009-11-28T19:30:00.000000-0500,41,s:40~l:54~t:41,uconn-huskies,UConn,Huskies,CONN,UConn Huskies,UConn,0c2340,f1f2f3,https://a.espncdn.com/i/teamlogos/ncaa/500/41.png,home,86,true,25,5,25,60.0,33,55,0,4,63.6,7,11,49,9,7,15,0,61.9,13,21,39,0,0,0,257,s:40~l:54~t:257,richmond-spiders,Richmond,Spiders,RICH,Richmond Spiders,Richmond,9e0712,b90b2e,https://a.espncdn.com/i/teamlogos/ncaa/500/257.png,37
293320194,2010,2,2009-11-28,2009-11-28T14:00:00.000000-0500,85,s:40~l:54~t:85,iupui-jaguars,IUPUI,Jaguars,IUPU,IUPUI Jaguars,IUPUI,A81F30,d59f0f,https://a.espncdn.com/i/teamlogos/ncaa/500/85.png,away,33,false,3,5,28,26.3,15,57,0,22,40.0,2,5,2,16,2,29,0,11.1,1,9,46,0,0,0,194,s:40~l:54~t:194,ohio-state-buckeyes,Ohio State,Buckeyes,OSU,Ohio State Buckeyes,Ohio State,ce1141,505056,https://a.espncdn.com/i/teamlogos/ncaa/500/194.png,88
293320194,2010,2,2009-11-28,2009-11-28T14:00:00.000000-0500,194,s:40~l:54~t:194,ohio-state-buckeyes,Ohio State,Buckeyes,OSU,Ohio State Buckeyes,Ohio State,ce1141,505056,https://a.espncdn.com/i/teamlogos/ncaa/500/194.png,home,88,true,23,8,24,45.8,33,72,0,13,53.8,14,26,57,16,16,6,0,57.1,8,14,46,0,0,0,85,s:40~l:54~t:85,iupui-jaguars,IUPUI,Jaguars,IUPU,IUPUI Jaguars,IUPUI,A81F30,d59f0f,https://a.espncdn.com/i/teamlogos/ncaa/500/85.png,33
293322633,2010,2,2009-11-28,2009-11-28T15:00:00.000000-0500,26,s:40~l:54~t:26,ucla-bruins,UCLA,Bruins,UCLA,UCLA Bruins,UCLA,2774ae,f2a900,https://a.espncdn.com/i/teamlogos/ncaa/500/26.png,away,47,false,9,3,20,31.0,18,58,0,17,72.7,8,11,10,12,6,18,0,17.6,3,17,35,0,0,0,2633,s:40~l:54~t:2633,tennessee-lady-volunteers,Tennessee,Lady Volunteers,TENN,Tennessee Lady Volunteers,Tennessee,ff8200,ffffff,https://a.espncdn.com/i/teamlogos/ncaa/500/2633_ncw.png,61
293322633,2010,2,2009-11-28,2009-11-28T15:00:00.000000-0500,2633,s:40~l:54~t:2633,tennessee-lady-volunteers,Tennessee,Lady Volunteers,TENN,Tennessee Lady Volunteers,Tennessee,ff8200,ffffff,https://a.espncdn.com/i/teamlogos/ncaa/500/2633_ncw.png,home,61,true,12,2,27,35.0,21,60,0,17,63.6,14,22,14,16,10,16,0,27.8,5,18,49,0,0,0,26,s:40~l:54~t:26,ucla-bruins,UCLA,Bruins,UCLA,UCLA Bruins,UCLA,2774ae,f2a900,https://a.espncdn.com/i/teamlogos/ncaa/500/26.png,47
293320239,2010,2,2009-11-28,2009-11-28T13:00:00.000000-0500,309,s:40~l:54~t:309,louisiana-ragin-cajuns,Louisiana,Ragin' Cajuns,UL,Louisiana Ragin' Cajuns,Louisiana,ce2842,,https://a.espncdn.com/i/teamlogos/ncaa/500/309.png,away,42,false,7,1,11,25.8,16,62,0,16,62.5,5,8,1,7,11,27,0,26.3,5,19,24,0,0,0,239,s:40~l:54~t:239,baylor-bears,Baylor,Bears,BAY,Baylor Bears,Baylor,154734,ffb81c,https://a.espncdn.com/i/teamlogos/ncaa/500/239.png,89
293320239,2010,2,2009-11-28,2009-11-28T13:00:00.000000-0500,239,s:40~l:54~t:239,baylor-bears,Baylor,Bears,BAY,Baylor Bears,Baylor,154734,ffb81c,https://a.espncdn.com/i/teamlogos/ncaa/500/239.png,home,89,true,22,7,31,58.7,37,63,0,12,70.6,12,17,52,15,14,26,0,25.0,3,12,50,0,0,0,309,s:40~l:54~t:309,louisiana-ragin-cajuns,Louisiana,Ragin' Cajuns,UL,Louisiana Ragin' Cajuns,Louisiana,ce2842,,https://a.espncdn.com/i/teamlogos/ncaa/500/309.png,42
293322572,2010,2,2009-11-28,2009-11-28T17:00:00.000000-0500,61,s:40~l:54~t:61,georgia-lady-bulldogs,Georgia,Lady Bulldogs,UGA,Georgia Lady Bulldogs,Georgia,CC0000,000000,https://a.espncdn.com/i/teamlogos/ncaa/500/61.png,away,84,true,14,3,17,48.4,30,62,0,16,81.0,17,21,29,11,11,12,0,35.0,7,20,39,0,0,0,2572,s:40~l:54~t:2572,southern-miss-golden-eagles,Southern Miss,Golden Eagles,USM,Southern Miss Golden Eagles,Southern Miss,FFAA3C,ffc423,https://a.espncdn.com/i/teamlogos/ncaa/500/2572.png,55
293322572,2010,2,2009-11-28,2009-11-28T17:00:00.000000-0500,2572,s:40~l:54~t:2572,southern-miss-golden-eagles,Southern Miss,Golden Eagles,USM,Southern Miss Golden Eagles,Southern Miss,FFAA3C,ffc423,https://a.espncdn.com/i/teamlogos/ncaa/500/2572.png,home,55,false,11,2,18,32.7,18,55,0,18,72.2,13,18,0,12,7,21,0,33.3,6,18,39,0,0,0,61,s:40~l:54~t:61,georgia-lady-bulldogs,Georgia,Lady Bulldogs,UGA,Georgia Lady Bulldogs,Georgia,CC0000,000000,https://a.espncdn.com/i/teamlogos/ncaa/500/61.png,84
293322459,2010,2,2009-11-28,2009-11-28T16:00:00.000000-0500,305,s:40~l:54~t:305,depaul-blue-demons,DePaul,Blue Demons,DEP,DePaul Blue Demons,DePaul,2d649c,ce1125,https://a.espncdn.com/i/teamlogos/ncaa/500/305.png,away,78,true,13,1,20,49.2,31,63,0,20,88.9,16,18,13,8,11,9,0,0.0,0,14,31,0,0,0,2459,s:40~l:54~t:2459,northern-illinois-huskies,Northern Illinois,Huskies,NIU,Northern Illinois Huskies,N Illinois,F1122C,cc0000,https://a.espncdn.com/i/teamlogos/ncaa/500/2459.png,67
293322459,2010,2,2009-11-28,2009-11-28T16:00:00.000000-0500,2459,s:40~l:54~t:2459,northern-illinois-huskies,Northern Illinois,Huskies,NIU,Northern Illinois Huskies,N Illinois,F1122C,cc0000,https://a.espncdn.com/i/teamlogos/ncaa/500/2459.png,home,67,false,9,1,20,45.1,23,51,0,17,63.6,14,22,11,11,7,20,0,53.8,7,13,34,0,0,0,305,s:40~l:54~t:305,depaul-blue-demons,DePaul,Blue Demons,DEP,DePaul Blue Demons,DePaul,2d649c,ce1125,https://a.espncdn.com/i/teamlogos/ncaa/500/305.png,78
293322193,2010,2,2009-11-28,2009-11-28T19:00:00.000000-0500,9,s:40~l:54~t:9,arizona-state-sun-devils,Arizona State,Sun Devils,ASU,Arizona State Sun Devils,Arizona State,942139,f1f2f3,https://a.espncdn.com/i/teamlogos/ncaa/500/9.png,away,80,true,22,1,30,46.2,30,65,0,22,68.0,17,25,15,10,2,13,1,27.3,3,11,43,1,0,0,2193,s:40~l:54~t:2193,east-tennessee-state-bucs,East Tennessee State,Bucs,ETSU,East Tennessee State Bucs,ETSU,002d61,ffc423,https://a.espncdn.com/i/teamlogos/ncaa/500/2193.png,67
293322193,2010,2,2009-11-28,2009-11-28T19:00:00.000000-0500,2193,s:40~l:54~t:2193,east-tennessee-state-bucs,East Tennessee State,Bucs,ETSU,East Tennessee State Bucs,ETSU,002d61,ffc423,https://a.espncdn.com/i/teamlogos/ncaa/500/2193.png,home,67,false,8,3,28,41.8,23,55,0,23,62.1,18,29,8,6,4,16,1,27.3,3,11,38,1,0,0,9,s:40~l:54~t:9,arizona-state-sun-devils,Arizona State,Sun Devils,ASU,Arizona State Sun Devils,Arizona State,942139,f1f2f3,https://a.espncdn.com/i/teamlogos/ncaa/500/9.png,80
293320238,2010,2,2009-11-28,2009-11-28T17:00:00.000000-0500,152,s:40~l:54~t:152,nc-state-wolfpack,NC State,Wolfpack,NCST,NC State Wolfpack,NC State,EF1216,231f20,https://a.espncdn.com/i/teamlogos/ncaa/500/152.png,away,71,false,10,1,20,36.6,26,71,0,27,58.3,14,24,0,25,6,19,1,41.7,5,12,46,1,0,0,238,s:40~l:54~t:238,vanderbilt-commodores,Vanderbilt,Commodores,VAN,Vanderbilt Commodores,Vanderbilt,000000,231f20,https://a.espncdn.com/i/teamlogos/ncaa/500/238.png,77
293320238,2010,2,2009-11-28,2009-11-28T17:00:00.000000-0500,238,s:40~l:54~t:238,vanderbilt-commodores,Vanderbilt,Commodores,VAN,Vanderbilt Commodores,Vanderbilt,000000,231f20,https://a.espncdn.com/i/teamlogos/ncaa/500/238.png,home,77,true,14,4,21,43.8,21,48,0,23,80.0,28,35,20,8,8,19,0,63.6,7,11,32,0,0,0,152,s:40~l:54~t:152,nc-state-wolfpack,NC State,Wolfpack,NCST,NC State Wolfpack,NC State,EF1216,231f20,https://a.espncdn.com/i/teamlogos/ncaa/500/152.png,71
293320025,2010,2,2009-11-28,2009-11-28T12:00:00.000000-0500,2582,s:40~l:54~t:2582,southern-jaguars,Southern,Jaguars,SOU,Southern Jaguars,Southern,004B97,ffc82d,https://a.espncdn.com/i/teamlogos/ncaa/500/2582.png,away,47,false,4,1,13,30.4,17,56,0,24,71.4,10,14,2,12,9,19,0,20.0,3,15,25,0,0,0,25,s:40~l:54~t:25,california-golden-bears,California,Golden Bears,CAL,California Golden Bears,California,031522,ffc423,https://a.espncdn.com/i/teamlogos/ncaa/500/25.png,78
293320025,2010,2,2009-11-28,2009-11-28T12:00:00.000000-0500,25,s:40~l:54~t:25,california-golden-bears,California,Golden Bears,CAL,California Golden Bears,California,031522,ffc423,https://a.espncdn.com/i/teamlogos/ncaa/500/25.png,home,78,true,14,1,28,50.0,23,46,0,10,71.4,25,35,35,15,15,22,0,50.0,7,14,44,0,0,0,2582,s:40~l:54~t:2582,southern-jaguars,Southern,Jaguars,SOU,Southern Jaguars,Southern,004B97,ffc82d,https://a.espncdn.com/i/teamlogos/ncaa/500/2582.png,47
293320221,2010,2,2009-11-28,2009-11-28T18:00:00.000000-0500,276,s:40~l:54~t:276,marshall-thundering-herd,Marshall,Thundering Herd,MRSH,Marshall Thundering Herd,Marshall,00ae42,be854c,https://a.espncdn.com/i/teamlogos/ncaa/500/276.png,away,58,false,14,1,19,35.2,19,54,0,17,69.6,16,23,3,13,3,17,0,26.7,4,15,36,0,0,0,221,s:40~l:54~t:221,pittsburgh-panthers,Pittsburgh,Panthers,PITT,Pittsburgh Panthers,Pitt,003263,231f20,https://a.espncdn.com/i/teamlogos/ncaa/500/221.png,80
293320221,2010,2,2009-11-28,2009-11-28T18:00:00.000000-0500,221,s:40~l:54~t:221,pittsburgh-panthers,Pittsburgh,Panthers,PITT,Pittsburgh Panthers,Pitt,003263,231f20,https://a.espncdn.com/i/teamlogos/ncaa/500/221.png,home,80,true,18,6,23,46.0,29,63,0,17,75.0,15,20,24,15,5,10,0,58.3,7,12,40,0,0,0,276,s:40~l:54~t:276,marshall-thundering-herd,Marshall,Thundering Herd,MRSH,Marshall Thundering Herd,Marshall,00ae42,be854c,https://a.espncdn.com/i/teamlogos/ncaa/500/276.png,58
293320259,2010,2,2009-11-28,2009-11-28T13:00:00.000000-0500,2210,s:40~l:54~t:2210,elon-phoenix,Elon,Phoenix,ELON,Elon Phoenix,Elon,020303,b59a57,https://a.espncdn.com/i/teamlogos/ncaa/500/2210.png,away,46,false,9,2,18,29.6,16,54,0,18,55.0,11,20,3,9,10,28,0,21.4,3,14,30,0,0,0,259,s:40~l:54~t:259,virginia-tech-hokies,Virginia Tech,Hokies,VT,Virginia Tech Hokies,Virginia Tech,630031,cf4520,https://a.espncdn.com/i/teamlogos/ncaa/500/259.png,82
293320259,2010,2,2009-11-28,2009-11-28T13:00:00.000000-0500,259,s:40~l:54~t:259,virginia-tech-hokies,Virginia Tech,Hokies,VT,Virginia Tech Hokies,Virginia Tech,630031,cf4520,https://a.espncdn.com/i/teamlogos/ncaa/500/259.png,home,82,true,19,2,29,54.1,33,61,0,17,62.5,10,16,37,13,8,25,0,40.0,6,15,44,0,0,0,2210,s:40~l:54~t:2210,elon-phoenix,Elon,Phoenix,ELON,Elon Phoenix,Elon,020303,b59a57,https://a.espncdn.com/i/teamlogos/ncaa/500/2210.png,46
293320096,2010,2,2009-11-28,2009-11-28T13:00:00.000000-0500,2377,s:40~l:54~t:2377,mcneese-cowgirls,McNeese,Cowgirls,MCN,McNeese Cowgirls,McNeese,00529C,,https://a.espncdn.com/i/teamlogos/ncaa/500/2377.png,away,50,false,9,6,20,28.8,17,59,0,23,66.7,12,18,3,14,7,25,0,28.6,4,14,37,0,0,0,96,s:40~l:54~t:96,kentucky-wildcats,Kentucky,Wildcats,UK,Kentucky Wildcats,Kentucky,005DAA,ffffff,https://a.espncdn.com/i/teamlogos/ncaa/500/96.png,85
293320096,2010,2,2009-11-28,2009-11-28T13:00:00.000000-0500,96,s:40~l:54~t:96,kentucky-wildcats,Kentucky,Wildcats,UK,Kentucky Wildcats,Kentucky,005DAA,ffffff,https://a.espncdn.com/i/teamlogos/ncaa/500/96.png,home,85,true,21,10,24,50.8,32,63,0,20,63.0,17,27,38,13,11,18,0,50.0,4,8,45,0,0,0,2377,s:40~l:54~t:2377,mcneese-cowgirls,McNeese,Cowgirls,MCN,McNeese Cowgirls,McNeese,00529C,,https://a.espncdn.com/i/teamlogos/ncaa/500/2377.png,50
293320002,2010,2,2009-11-28,2009-11-28T14:00:00.000000-0500,50,s:40~l:54~t:50,florida-am-rattlers,Florida A&M,Rattlers,FAMU,Florida A&M Rattlers,FAMU,F89728,00843d,https://a.espncdn.com/i/teamlogos/ncaa/500/50.png,away,45,false,4,4,22,26.9,18,67,0,20,66.7,8,12,0,15,7,12,0,5.6,1,18,42,0,0,0,2,s:40~l:54~t:2,auburn-tigers,Auburn,Tigers,AUB,Auburn Tigers,Auburn,03244d,f1f2f3,https://a.espncdn.com/i/teamlogos/ncaa/500/2.png,69
293320002,2010,2,2009-11-28,2009-11-28T14:00:00.000000-0500,2,s:40~l:54~t:2,auburn-tigers,Auburn,Tigers,AUB,Auburn Tigers,Auburn,03244d,f1f2f3,https://a.espncdn.com/i/teamlogos/ncaa/500/2.png,home,69,true,11,8,27,36.1,22,61,0,11,54.3,19,35,26,21,6,15,0,40.0,6,15,56,0,0,0,50,s:40~l:54~t:50,florida-am-rattlers,Florida A&M,Rattlers,FAMU,Florida A&M Rattlers,FAMU,F89728,00843d,https://a.espncdn.com/i/teamlogos/ncaa/500/50.png,45
293320213,2010,2,2009-11-28,2009-11-28T14:30:00.000000-0500,107,s:40~l:54~t:107,holy-cross-crusaders,Holy Cross,Crusaders,HC,Holy Cross Crusaders,Holy Cross,0a0a0a,080808,https://a.espncdn.com/i/teamlogos/ncaa/500/107.png,away,48,false,10,0,15,30.6,15,49,0,22,68.4,13,19,5,5,5,13,0,31.3,5,16,27,0,0,0,213,s:40~l:54~t:213,penn-state-lady-lions,Penn State,Lady Lions,PSU,Penn State Lady Lions,Penn State,00265D,002e5c,https://a.espncdn.com/i/teamlogos/ncaa/500/213.png,52
293320213,2010,2,2009-11-28,2009-11-28T14:30:00.000000-0500,213,s:40~l:54~t:213,penn-state-lady-lions,Penn State,Lady Lions,PSU,Penn State Lady Lions,Penn State,00265D,002e5c,https://a.espncdn.com/i/teamlogos/ncaa/500/213.png,home,52,true,10,6,24,40.4,21,52,0,15,45.0,9,20,8,15,1,15,0,11.1,1,9,42,0,0,0,107,s:40~l:54~t:107,holy-cross-crusaders,Holy Cross,Crusaders,HC,Holy Cross Crusaders,Holy Cross,0a0a0a,080808,https://a.espncdn.com/i/teamlogos/ncaa/500/107.png,48
293320236,2010,2,2009-11-28,2009-11-28T17:00:00.000000-0500,222,s:40~l:54~t:222,villanova-wildcats,Villanova,Wildcats,VILL,Villanova Wildcats,Villanova,00205b,13b5ea,https://a.espncdn.com/i/teamlogos/ncaa/500/222.png,away,64,true,17,4,19,46.8,22,47,0,18,81.3,13,16,18,11,4,13,0,30.4,7,23,32,0,0,0,236,s:40~l:54~t:236,chattanooga-mocs,Chattanooga,Mocs,UTC,Chattanooga Mocs,Chattanooga,00386b,dca71d,https://a.espncdn.com/i/teamlogos/ncaa/500/236.png,59
293320236,2010,2,2009-11-28,2009-11-28T17:00:00.000000-0500,236,s:40~l:54~t:236,chattanooga-mocs,Chattanooga,Mocs,UTC,Chattanooga Mocs,Chattanooga,00386b,dca71d,https://a.espncdn.com/i/teamlogos/ncaa/500/236.png,home,59,false,10,3,15,40.0,20,50,0,13,68.8,11,16,0,9,5,11,0,50.0,8,16,27,0,0,0,222,s:40~l:54~t:222,villanova-wildcats,Villanova,Wildcats,VILL,Villanova Wildcats,Villanova,00205b,13b5ea,https://a.espncdn.com/i/teamlogos/ncaa/500/222.png,64
293322390,2010,2,2009-11-28,2009-11-28T19:00:00.000000-0500,113,s:40~l:54~t:113,umass-minutewomen,UMass,Minutewomen,MASS,UMass Minutewomen,UMass,880007,,https://a.espncdn.com/i/teamlogos/ncaa/500/113.png,away,57,false,12,3,28,37.5,18,48,0,14,75.0,15,20,7,8,5,18,0,31.6,6,19,40,0,0,0,2390,s:40~l:54~t:2390,miami-hurricanes,Miami,Hurricanes,MIA,Miami Hurricanes,Miami,004325,f0f0f0,https://a.espncdn.com/i/teamlogos/ncaa/500/2390.png,63
293322390,2010,2,2009-11-28,2009-11-28T19:00:00.000000-0500,2390,s:40~l:54~t:2390,miami-hurricanes,Miami,Hurricanes,MIA,Miami Hurricanes,Miami,004325,f0f0f0,https://a.espncdn.com/i/teamlogos/ncaa/500/2390.png,home,63,true,17,2,23,31.3,21,67,0,15,66.7,14,21,6,16,10,8,0,31.8,7,22,45,0,0,0,113,s:40~l:54~t:113,umass-minutewomen,UMass,Minutewomen,MASS,UMass Minutewomen,UMass,880007,,https://a.espncdn.com/i/teamlogos/ncaa/500/113.png,57
293320171,2010,2,2009-11-28,2009-11-28T20:00:00.000000-0500,2294,s:40~l:54~t:2294,iowa-hawkeyes,Iowa,Hawkeyes,IOWA,Iowa Hawkeyes,Iowa,000000,fcd116,https://a.espncdn.com/i/teamlogos/ncaa/500/2294.png,away,72,true,17,1,26,39.3,22,56,0,17,100.0,16,16,5,7,7,21,1,44.4,12,27,38,1,0,0,171,s:40~l:54~t:171,columbia-lions,Columbia,Lions,COLU,Columbia Lions,Columbia,174785,004b85,https://a.espncdn.com/i/teamlogos/ncaa/500/171.png,69
293320171,2010,2,2009-11-28,2009-11-28T20:00:00.000000-0500,171,s:40~l:54~t:171,columbia-lions,Columbia,Lions,COLU,Columbia Lions,Columbia,174785,004b85,https://a.espncdn.com/i/teamlogos/ncaa/500/171.png,home,69,false,14,3,21,38.7,24,62,0,12,63.6,14,22,4,9,8,12,1,33.3,7,21,35,1,0,0,2294,s:40~l:54~t:2294,iowa-hawkeyes,Iowa,Hawkeyes,IOWA,Iowa Hawkeyes,Iowa,000000,fcd116,https://a.espncdn.com/i/teamlogos/ncaa/500/2294.png,72
293320097,2010,2,2009-11-28,2009-11-28T20:15:00.000000-0500,295,s:40~l:54~t:295,old-dominion-monarchs,Old Dominion,Monarchs,ODU,Old Dominion Monarchs,Old Dominion,00507d,a1d2f1,https://a.espncdn.com/i/teamlogos/ncaa/500/295.png,away,75,false,11,6,16,44.1,26,59,0,23,61.8,21,34,2,14,7,18,0,14.3,2,14,34,0,0,0,97,s:40~l:54~t:97,louisville-cardinals,Louisville,Cardinals,LOU,Louisville Cardinals,Louisville,c9001f,000000,https://a.espncdn.com/i/teamlogos/ncaa/500/97.png,82
293320097,2010,2,2009-11-28,2009-11-28T20:15:00.000000-0500,97,s:40~l:54~t:97,louisville-cardinals,Louisville,Cardinals,LOU,Louisville Cardinals,Louisville,c9001f,000000,https://a.espncdn.com/i/teamlogos/ncaa/500/97.png,home,82,true,14,4,20,50.0,25,50,0,24,73.5,25,34,23,11,5,22,0,50.0,7,14,35,0,0,0,295,s:40~l:54~t:295,old-dominion-monarchs,Old Dominion,Monarchs,ODU,Old Dominion Monarchs,Old Dominion,00507d,a1d2f1,https://a.espncdn.com/i/teamlogos/ncaa/500/295.png,75
293320038,2010,2,2009-11-28,2009-11-28T21:00:00.000000-0500,108,s:40~l:54~t:108,harvard-crimson,Harvard,Crimson,HARV,Harvard Crimson,Harvard,990000,dbdbdb,https://a.espncdn.com/i/teamlogos/ncaa/500/108.png,away,65,false,14,4,24,48.0,24,50,0,13,55.6,10,18,9,7,3,15,0,43.8,7,16,34,0,0,0,38,s:40~l:54~t:38,colorado-buffaloes,Colorado,Buffaloes,COLO,Colorado Buffaloes,Colorado,000000,cfb87c,https://a.espncdn.com/i/teamlogos/ncaa/500/38.png,67
293320038,2010,2,2009-11-28,2009-11-28T21:00:00.000000-0500,38,s:40~l:54~t:38,colorado-buffaloes,Colorado,Buffaloes,COLO,Colorado Buffaloes,Colorado,000000,cfb87c,https://a.espncdn.com/i/teamlogos/ncaa/500/38.png,home,67,true,14,2,21,42.4,25,59,0,16,80.0,8,10,4,10,8,10,0,36.0,9,25,31,0,0,0,108,s:40~l:54~t:108,harvard-crimson,Harvard,Crimson,HARV,Harvard Crimson,Harvard,990000,dbdbdb,https://a.espncdn.com/i/teamlogos/ncaa/500/108.png,65
293322440,2010,2,2009-11-28,2009-11-28T22:00:00.000000-0500,277,s:40~l:54~t:277,west-virginia-mountaineers,West Virginia,Mountaineers,WVU,West Virginia Mountaineers,West Virginia,FFC600,eaaa00,https://a.espncdn.com/i/teamlogos/ncaa/500/277.png,away,66,true,15,3,26,38.7,24,62,0,17,66.7,16,24,27,18,11,12,0,25.0,2,8,48,0,0,0,2440,s:40~l:54~t:2440,nevada-wolf-pack,Nevada,Wolf Pack,NEV,Nevada Wolf Pack,Nevada,153E5F,8e9295,https://a.espncdn.com/i/teamlogos/ncaa/500/2440.png,41
293322440,2010,2,2009-11-28,2009-11-28T22:00:00.000000-0500,2440,s:40~l:54~t:2440,nevada-wolf-pack,Nevada,Wolf Pack,NEV,Nevada Wolf Pack,Nevada,153E5F,8e9295,https://a.espncdn.com/i/teamlogos/ncaa/500/2440.png,home,41,false,10,4,21,31.4,16,51,0,20,70.0,7,10,2,6,6,19,0,16.7,2,12,31,0,0,0,277,s:40~l:54~t:277,west-virginia-mountaineers,West Virginia,Mountaineers,WVU,West Virginia Mountaineers,West Virginia,FFC600,eaaa00,https://a.espncdn.com/i/teamlogos/ncaa/500/277.png,66
293310041,2010,2,2009-11-27,2009-11-27T19:30:00.000000-0500,2275,s:40~l:54~t:2275,hofstra-pride,Hofstra,Pride,HOF,Hofstra Pride,Hofstra,00337c,f6c934,https://a.espncdn.com/i/teamlogos/ncaa/500/2275.png,away,46,false,6,3,15,33.3,17,51,0,20,53.3,8,15,0,7,14,32,0,28.6,4,14,26,0,0,0,41,s:40~l:54~t:41,uconn-huskies,UConn,Huskies,CONN,UConn Huskies,UConn,0c2340,f1f2f3,https://a.espncdn.com/i/teamlogos/ncaa/500/41.png,91
293310041,2010,2,2009-11-27,2009-11-27T19:30:00.000000-0500,41,s:40~l:54~t:41,uconn-huskies,UConn,Huskies,CONN,UConn Huskies,UConn,0c2340,f1f2f3,https://a.espncdn.com/i/teamlogos/ncaa/500/41.png,home,91,true,22,5,26,55.0,33,60,0,16,76.9,20,26,45,14,22,23,0,35.7,5,14,43,0,0,0,2275,s:40~l:54~t:2275,hofstra-pride,Hofstra,Pride,HOF,Hofstra Pride,Hofstra,00337c,f6c934,https://a.espncdn.com/i/teamlogos/ncaa/500/2275.png,46
293310024,2010,2,2009-11-27,2009-11-27T16:00:00.000000-0500,254,s:40~l:54~t:254,utah-utes,Utah,Utes,UTAH,Utah Utes,Utah,890012,7e8083,https://a.espncdn.com/i/teamlogos/ncaa/500/254.png,away,41,false,9,2,20,37.8,17,45,0,20,60.0,3,5,0,2,1,17,0,36.4,4,11,27,0,0,0,24,s:40~l:54~t:24,stanford-cardinal,Stanford,Cardinal,STAN,Stanford Cardinal,Stanford,8c1515,ffffff,https://a.espncdn.com/i/teamlogos/ncaa/500/24.png,60
293310024,2010,2,2009-11-27,2009-11-27T16:00:00.000000-0500,24,s:40~l:54~t:24,stanford-cardinal,Stanford,Cardinal,STAN,Stanford Cardinal,Stanford,8c1515,ffffff,https://a.espncdn.com/i/teamlogos/ncaa/500/24.png,home,60,true,14,3,22,33.9,21,62,0,12,72.2,13,18,23,19,6,11,0,18.5,5,27,47,0,0,0,254,s:40~l:54~t:254,utah-utes,Utah,Utes,UTAH,Utah Utes,Utah,890012,7e8083,https://a.espncdn.com/i/teamlogos/ncaa/500/254.png,41
293310239,2010,2,2009-11-27,2009-11-27T20:00:00.000000-0500,70,s:40~l:54~t:70,idaho-vandals,Idaho,Vandals,IDHO,Idaho Vandals,Idaho,000000,8c6e4a,https://a.espncdn.com/i/teamlogos/ncaa/500/70.png,away,37,false,8,1,17,26.9,14,52,0,19,25.0,1,4,0,5,1,19,0,25.8,8,31,27,0,0,0,239,s:40~l:54~t:239,baylor-bears,Baylor,Bears,BAY,Baylor Bears,Baylor,154734,ffb81c,https://a.espncdn.com/i/teamlogos/ncaa/500/239.png,82
293310239,2010,2,2009-11-27,2009-11-27T20:00:00.000000-0500,239,s:40~l:54~t:239,baylor-bears,Baylor,Bears,BAY,Baylor Bears,Baylor,154734,ffb81c,https://a.espncdn.com/i/teamlogos/ncaa/500/239.png,home,82,true,16,6,30,51.9,28,54,0,10,73.1,19,26,48,14,6,13,0,70.0,7,10,45,0,0,0,70,s:40~l:54~t:70,idaho-vandals,Idaho,Vandals,IDHO,Idaho Vandals,Idaho,000000,8c6e4a,https://a.espncdn.com/i/teamlogos/ncaa/500/70.png,37
293310052,2010,2,2009-11-27,2009-11-27T19:16:00.000000-0500,2,s:40~l:54~t:2,auburn-tigers,Auburn,Tigers,AUB,Auburn Tigers,Auburn,03244d,f1f2f3,https://a.espncdn.com/i/teamlogos/ncaa/500/2.png,away,67,false,9,1,19,37.0,20,54,0,20,75.0,21,28,9,9,2,15,0,31.6,6,19,33,0,0,0,52,s:40~l:54~t:52,florida-state-seminoles,Florida State,Seminoles,FSU,Florida State Seminoles,Florida St,782F40,ceb888,https://a.espncdn.com/i/teamlogos/ncaa/500/52.png,82
293310052,2010,2,2009-11-27,2009-11-27T19:16:00.000000-0500,52,s:40~l:54~t:52,florida-state-seminoles,Florida State,Seminoles,FSU,Florida State Seminoles,Florida St,782F40,ceb888,https://a.espncdn.com/i/teamlogos/ncaa/500/52.png,home,82,true,17,8,26,49.2,32,65,0,22,52.2,12,23,17,13,7,13,0,40.0,6,15,44,0,0,0,2,s:40~l:54~t:2,auburn-tigers,Auburn,Tigers,AUB,Auburn Tigers,Auburn,03244d,f1f2f3,https://a.espncdn.com/i/teamlogos/ncaa/500/2.png,67
293310357,2010,2,2009-11-27,2009-11-27T20:00:00.000000-0500,61,s:40~l:54~t:61,georgia-lady-bulldogs,Georgia,Lady Bulldogs,UGA,Georgia Lady Bulldogs,Georgia,CC0000,000000,https://a.espncdn.com/i/teamlogos/ncaa/500/61.png,away,77,true,20,2,29,42.6,29,68,0,21,91.7,11,12,22,9,8,10,0,33.3,8,24,41,0,0,0,357,s:40~l:54~t:357,texas-am-corpus-christi-islanders,Texas A&M-Corpus Christi,Islanders,AMCC,Texas A&M-Corpus Christi Islanders,Texas A&M-CC,00639c,008752,https://a.espncdn.com/i/teamlogos/ncaa/500/357.png,58
293310357,2010,2,2009-11-27,2009-11-27T20:00:00.000000-0500,357,s:40~l:54~t:357,texas-am-corpus-christi-islanders,Texas A&M-Corpus Christi,Islanders,AMCC,Texas A&M-Corpus Christi Islanders,Texas A&M-CC,00639c,008752,https://a.espncdn.com/i/teamlogos/ncaa/500/357.png,home,58,false,14,4,24,35.7,20,56,0,10,47.6,10,21,0,9,4,18,0,33.3,8,24,40,0,0,0,61,s:40~l:54~t:61,georgia-lady-bulldogs,Georgia,Lady Bulldogs,UGA,Georgia Lady Bulldogs,Georgia,CC0000,000000,https://a.espncdn.com/i/teamlogos/ncaa/500/61.png,77
293310062,2010,2,2009-11-27,2009-11-27T22:00:00.000000-0500,9,s:40~l:54~t:9,arizona-state-sun-devils,Arizona State,Sun Devils,ASU,Arizona State Sun Devils,Arizona State,942139,f1f2f3,https://a.espncdn.com/i/teamlogos/ncaa/500/9.png,away,65,true,11,3,18,34.8,24,69,0,22,63.6,14,22,21,23,9,18,0,30.0,3,10,46,0,0,0,62,s:40~l:54~t:62,hawaii-rainbow-wahine,Hawai'i,Rainbow Wahine,HAW,Hawai'i Rainbow Wahine,Hawai'i,003420,ffffff,https://a.espncdn.com/i/teamlogos/ncaa/500/62.png,53
293310062,2010,2,2009-11-27,2009-11-27T22:00:00.000000-0500,62,s:40~l:54~t:62,hawaii-rainbow-wahine,Hawai'i,Rainbow Wahine,HAW,Hawai'i Rainbow Wahine,Hawai'i,003420,ffffff,https://a.espncdn.com/i/teamlogos/ncaa/500/62.png,home,53,false,5,6,26,41.0,16,39,0,22,75.0,21,28,2,4,8,26,0,0.0,0,3,33,0,0,0,9,s:40~l:54~t:9,arizona-state-sun-devils,Arizona State,Sun Devils,ASU,Arizona State Sun Devils,Arizona State,942139,f1f2f3,https://a.espncdn.com/i/teamlogos/ncaa/500/9.png,65
293310238,2010,2,2009-11-27,2009-11-27T15:00:00.000000-0500,2046,s:40~l:54~t:2046,austin-peay-governors,Austin Peay,Governors,APSU,Austin Peay Governors,Austin Peay,8e0b0b,,https://a.espncdn.com/i/teamlogos/ncaa/500/2046.png,away,51,false,10,2,19,32.7,18,55,0,21,57.1,8,14,7,16,2,30,0,29.2,7,24,42,0,0,0,238,s:40~l:54~t:238,vanderbilt-commodores,Vanderbilt,Commodores,VAN,Vanderbilt Commodores,Vanderbilt,000000,231f20,https://a.espncdn.com/i/teamlogos/ncaa/500/238.png,95
293310238,2010,2,2009-11-27,2009-11-27T15:00:00.000000-0500,238,s:40~l:54~t:238,vanderbilt-commodores,Vanderbilt,Commodores,VAN,Vanderbilt Commodores,Vanderbilt,000000,231f20,https://a.espncdn.com/i/teamlogos/ncaa/500/238.png,home,95,true,22,3,20,51.5,35,68,0,17,68.0,17,25,47,14,15,14,0,47.1,8,17,38,0,0,0,2046,s:40~l:54~t:2046,austin-peay-governors,Austin Peay,Governors,APSU,Austin Peay Governors,Austin Peay,8e0b0b,,https://a.espncdn.com/i/teamlogos/ncaa/500/2046.png,51
293310221,2010,2,2009-11-27,2009-11-27T13:00:00.000000-0500,2026,s:40~l:54~t:2026,appalachian-state-mountaineers,Appalachian State,Mountaineers,APP,Appalachian State Mountaineers,Appalachian St,000000,ffcd00,https://a.espncdn.com/i/teamlogos/ncaa/500/2026.png,away,56,false,19,4,27,37.9,22,58,0,20,72.7,8,11,7,8,5,18,0,36.4,4,11,41,0,0,0,221,s:40~l:54~t:221,pittsburgh-panthers,Pittsburgh,Panthers,PITT,Pittsburgh Panthers,Pitt,003263,231f20,https://a.espncdn.com/i/teamlogos/ncaa/500/221.png,63
293310221,2010,2,2009-11-27,2009-11-27T13:00:00.000000-0500,221,s:40~l:54~t:221,pittsburgh-panthers,Pittsburgh,Panthers,PITT,Pittsburgh Panthers,Pitt,003263,231f20,https://a.espncdn.com/i/teamlogos/ncaa/500/221.png,home,63,true,18,5,24,38.6,22,57,0,14,68.2,15,22,7,7,4,12,0,25.0,4,16,36,0,0,0,2026,s:40~l:54~t:2026,appalachian-state-mountaineers,Appalachian State,Mountaineers,APP,Appalachian State Mountaineers,Appalachian St,000000,ffcd00,https://a.espncdn.com/i/teamlogos/ncaa/500/2026.png,56
293310228,2010,2,2009-11-27,2009-11-27T17:00:00.000000-0500,257,s:40~l:54~t:257,richmond-spiders,Richmond,Spiders,RICH,Richmond Spiders,Richmond,9e0712,b90b2e,https://a.espncdn.com/i/teamlogos/ncaa/500/257.png,away,86,true,23,0,20,60.0,33,55,0,14,70.6,12,17,26,5,11,19,0,53.3,8,15,31,0,0,0,228,s:40~l:54~t:228,clemson-tigers,Clemson,Tigers,CLEM,Clemson Tigers,Clemson,F66733,522d80,https://a.espncdn.com/i/teamlogos/ncaa/500/228.png,67
293310228,2010,2,2009-11-27,2009-11-27T17:00:00.000000-0500,228,s:40~l:54~t:228,clemson-tigers,Clemson,Tigers,CLEM,Clemson Tigers,Clemson,F66733,522d80,https://a.espncdn.com/i/teamlogos/ncaa/500/228.png,home,67,false,16,1,14,50.0,28,56,0,17,50.0,5,10,0,8,9,21,0,40.0,6,15,26,0,0,0,257,s:40~l:54~t:257,richmond-spiders,Richmond,Spiders,RICH,Richmond Spiders,Richmond,9e0712,b90b2e,https://a.espncdn.com/i/teamlogos/ncaa/500/257.png,86
293310222,2010,2,2009-11-27,2009-11-27T17:00:00.000000-0500,339,s:40~l:54~t:339,evansville-purple-aces,Evansville,Purple Aces,EVAN,Evansville Purple Aces,Evansville,663399,ef6f00,https://a.espncdn.com/i/teamlogos/ncaa/500/339.png,away,49,false,11,3,22,38.0,19,50,0,12,71.4,10,14,1,11,8,16,1,20.0,1,5,36,1,0,0,222,s:40~l:54~t:222,villanova-wildcats,Villanova,Wildcats,VILL,Villanova Wildcats,Villanova,00205b,13b5ea,https://a.espncdn.com/i/teamlogos/ncaa/500/222.png,56
293310222,2010,2,2009-11-27,2009-11-27T17:00:00.000000-0500,222,s:40~l:54~t:222,villanova-wildcats,Villanova,Wildcats,VILL,Villanova Wildcats,Villanova,00205b,13b5ea,https://a.espncdn.com/i/teamlogos/ncaa/500/222.png,home,56,true,14,4,22,40.0,22,55,0,13,72.7,8,11,13,8,10,15,0,16.0,4,25,33,0,0,0,339,s:40~l:54~t:339,evansville-purple-aces,Evansville,Purple Aces,EVAN,Evansville Purple Aces,Evansville,663399,ef6f00,https://a.espncdn.com/i/teamlogos/ncaa/500/339.png,49
293310152,2010,2,2009-11-27,2009-11-27T17:00:00.000000-0500,2466,s:40~l:54~t:2466,northwestern-state-lady-demons,Northwestern State,Lady Demons,NWST,Northwestern State Lady Demons,N'Western St,492F91,ed6118,https://a.espncdn.com/i/teamlogos/ncaa/500/2466.png,away,67,false,10,2,22,35.0,21,60,0,24,94.7,18,19,3,11,6,18,0,33.3,7,21,38,0,0,0,152,s:40~l:54~t:152,nc-state-wolfpack,NC State,Wolfpack,NCST,NC State Wolfpack,NC State,EF1216,231f20,https://a.espncdn.com/i/teamlogos/ncaa/500/152.png,76
293310152,2010,2,2009-11-27,2009-11-27T17:00:00.000000-0500,152,s:40~l:54~t:152,nc-state-wolfpack,NC State,Wolfpack,NCST,NC State Wolfpack,NC State,EF1216,231f20,https://a.espncdn.com/i/teamlogos/ncaa/500/152.png,home,76,true,18,7,27,37.3,25,67,0,18,69.0,20,29,12,19,13,13,0,30.0,6,20,49,0,0,0,2466,s:40~l:54~t:2466,northwestern-state-lady-demons,Northwestern State,Lady Demons,NWST,Northwestern State Lady Demons,N'Western St,492F91,ed6118,https://a.espncdn.com/i/teamlogos/ncaa/500/2466.png,67
293310050,2010,2,2009-11-27,2009-11-27T17:00:00.000000-0500,142,s:40~l:54~t:142,missouri-tigers,Missouri,Tigers,MIZ,Missouri Tigers,Missouri,f1b82d,000000,https://a.espncdn.com/i/teamlogos/ncaa/500/142.png,away,69,true,13,5,26,39.3,24,61,0,17,53.8,14,26,11,14,9,19,0,33.3,7,21,46,0,0,0,50,s:40~l:54~t:50,florida-am-rattlers,Florida A&M,Rattlers,FAMU,Florida A&M Rattlers,FAMU,F89728,00843d,https://a.espncdn.com/i/teamlogos/ncaa/500/50.png,65
293310050,2010,2,2009-11-27,2009-11-27T17:00:00.000000-0500,50,s:40~l:54~t:50,florida-am-rattlers,Florida A&M,Rattlers,FAMU,Florida A&M Rattlers,FAMU,F89728,00843d,https://a.espncdn.com/i/teamlogos/ncaa/500/50.png,home,65,false,6,4,23,33.3,21,63,0,21,81.8,18,22,4,7,6,16,0,33.3,5,15,39,0,0,0,142,s:40~l:54~t:142,missouri-tigers,Missouri,Tigers,MIZ,Missouri Tigers,Missouri,f1b82d,000000,https://a.espncdn.com/i/teamlogos/ncaa/500/142.png,69
293312460,2010,2,2009-11-27,2009-11-27T18:00:00.000000-0500,97,s:40~l:54~t:97,louisville-cardinals,Louisville,Cardinals,LOU,Louisville Cardinals,Louisville,c9001f,000000,https://a.espncdn.com/i/teamlogos/ncaa/500/97.png,away,81,true,14,3,29,47.4,27,57,0,21,66.7,20,30,30,11,11,19,0,41.2,7,17,41,0,0,0,2460,s:40~l:54~t:2460,northern-iowa-panthers,Northern Iowa,Panthers,UNI,Northern Iowa Panthers,Northern Iowa,473282,ffffff,https://a.espncdn.com/i/teamlogos/ncaa/500/2460.png,53
293312460,2010,2,2009-11-27,2009-11-27T18:00:00.000000-0500,2460,s:40~l:54~t:2460,northern-iowa-panthers,Northern Iowa,Panthers,UNI,Northern Iowa Panthers,Northern Iowa,473282,ffffff,https://a.espncdn.com/i/teamlogos/ncaa/500/2460.png,home,53,false,11,0,24,34.5,19,55,0,24,43.8,7,16,4,11,4,28,0,42.1,8,19,36,0,0,0,97,s:40~l:54~t:97,louisville-cardinals,Louisville,Cardinals,LOU,Louisville Cardinals,Louisville,c9001f,000000,https://a.espncdn.com/i/teamlogos/ncaa/500/97.png,81
293310204,2010,2,2009-11-27,2009-11-27T18:05:00.000000-0500,2057,s:40~l:54~t:2057,belmont-bruins,Belmont,Bruins,BEL,Belmont Bruins,Belmont,182142,c9262d,https://a.espncdn.com/i/teamlogos/ncaa/500/2057.png,away,52,false,10,6,18,30.9,17,55,0,17,68.4,13,19,3,9,5,14,0,26.3,5,19,31,0,0,0,204,s:40~l:54~t:204,oregon-state-beavers,Oregon State,Beavers,ORST,Oregon State Beavers,Oregon St,d73f09,000000,https://a.espncdn.com/i/teamlogos/ncaa/500/204.png,76
293310204,2010,2,2009-11-27,2009-11-27T18:05:00.000000-0500,204,s:40~l:54~t:204,oregon-state-beavers,Oregon State,Beavers,ORST,Oregon State Beavers,Oregon St,d73f09,000000,https://a.espncdn.com/i/teamlogos/ncaa/500/204.png,home,76,true,16,3,29,40.3,29,72,0,17,73.3,11,15,25,23,7,10,0,46.7,7,15,56,0,0,0,2057,s:40~l:54~t:2057,belmont-bruins,Belmont,Bruins,BEL,Belmont Bruins,Belmont,182142,c9262d,https://a.espncdn.com/i/teamlogos/ncaa/500/2057.png,52
293312599,2010,2,2009-11-27,2009-11-27T19:00:00.000000-0500,57,s:40~l:54~t:57,florida-gators,Florida,Gators,FLA,Florida Gators,Florida,0021a5,fa4616,https://a.espncdn.com/i/teamlogos/ncaa/500/57.png,away,47,false,13,5,21,32.2,19,59,0,22,66.7,4,6,9,9,4,20,0,21.7,5,23,33,0,0,0,2599,s:40~l:54~t:2599,st-johns-red-storm,St. John's,Red Storm,SJU,St. John's Red Storm,St John's,d10000,101010,https://a.espncdn.com/i/teamlogos/ncaa/500/2599.png,61
293312599,2010,2,2009-11-27,2009-11-27T19:00:00.000000-0500,2599,s:40~l:54~t:2599,st-johns-red-storm,St. John's,Red Storm,SJU,St. John's Red Storm,St John's,d10000,101010,https://a.espncdn.com/i/teamlogos/ncaa/500/2599.png,home,61,true,14,1,25,40.4,23,57,0,11,75.0,15,20,14,15,10,18,0,0.0,0,8,45,0,0,0,57,s:40~l:54~t:57,florida-gators,Florida,Gators,FLA,Florida Gators,Florida,0021a5,fa4616,https://a.espncdn.com/i/teamlogos/ncaa/500/57.png,47
293312390,2010,2,2009-11-27,2009-11-27T19:00:00.000000-0500,299,s:40~l:54~t:299,long-beach-state-beach,Long Beach State,Beach,LBSU,Long Beach State Beach,Long Beach St,000000,f1f2f3,https://a.espncdn.com/i/teamlogos/ncaa/500/299.png,away,66,false,13,2,22,37.1,23,62,0,24,60.0,12,20,6,10,6,12,1,34.8,8,23,38,1,0,0,2390,s:40~l:54~t:2390,miami-hurricanes,Miami,Hurricanes,MIA,Miami Hurricanes,Miami,004325,f0f0f0,https://a.espncdn.com/i/teamlogos/ncaa/500/2390.png,83
293312390,2010,2,2009-11-27,2009-11-27T19:00:00.000000-0500,2390,s:40~l:54~t:2390,miami-hurricanes,Miami,Hurricanes,MIA,Miami Hurricanes,Miami,004325,f0f0f0,https://a.espncdn.com/i/teamlogos/ncaa/500/2390.png,home,83,true,16,5,27,39.7,27,68,0,16,69.7,23,33,17,23,3,14,0,31.6,6,19,53,0,0,0,299,s:40~l:54~t:299,long-beach-state-beach,Long Beach State,Beach,LBSU,Long Beach State Beach,Long Beach St,000000,f1f2f3,https://a.espncdn.com/i/teamlogos/ncaa/500/299.png,66
293312294,2010,2,2009-11-27,2009-11-27T19:00:00.000000-0500,277,s:40~l:54~t:277,west-virginia-mountaineers,West Virginia,Mountaineers,WVU,West Virginia Mountaineers,West Virginia,FFC600,eaaa00,https://a.espncdn.com/i/teamlogos/ncaa/500/277.png,away,69,true,10,5,21,38.1,24,63,0,15,86.4,19,22,5,13,14,14,0,15.4,2,13,36,0,0,0,2294,s:40~l:54~t:2294,iowa-hawkeyes,Iowa,Hawkeyes,IOWA,Iowa Hawkeyes,Iowa,000000,fcd116,https://a.espncdn.com/i/teamlogos/ncaa/500/2294.png,66
293312294,2010,2,2009-11-27,2009-11-27T19:00:00.000000-0500,2294,s:40~l:54~t:2294,iowa-hawkeyes,Iowa,Hawkeyes,IOWA,Iowa Hawkeyes,Iowa,000000,fcd116,https://a.espncdn.com/i/teamlogos/ncaa/500/2294.png,home,66,false,17,6,21,47.2,25,53,0,21,63.6,7,11,11,6,6,22,0,50.0,9,18,33,0,0,0,277,s:40~l:54~t:277,west-virginia-mountaineers,West Virginia,Mountaineers,WVU,West Virginia Mountaineers,West Virginia,FFC600,eaaa00,https://a.espncdn.com/i/teamlogos/ncaa/500/277.png,69
293310130,2010,2,2009-11-27,2009-11-27T19:00:00.000000-0500,2617,s:40~l:54~t:2617,stephen-f-austin-ladyjacks,Stephen F. Austin,Ladyjacks,SFA,Stephen F. Austin Ladyjacks,SF Austin,393996,bec0c2,https://a.espncdn.com/i/teamlogos/ncaa/500/2617.png,away,61,false,12,0,16,31.2,24,77,0,25,83.3,5,6,0,13,9,13,0,25.8,8,31,32,0,0,0,130,s:40~l:54~t:130,michigan-wolverines,Michigan,Wolverines,MICH,Michigan Wolverines,Michigan,00274c,ffcb05,https://a.espncdn.com/i/teamlogos/ncaa/500/130.png,85
293310130,2010,2,2009-11-27,2009-11-27T19:00:00.000000-0500,130,s:40~l:54~t:130,michigan-wolverines,Michigan,Wolverines,MICH,Michigan Wolverines,Michigan,00274c,ffcb05,https://a.espncdn.com/i/teamlogos/ncaa/500/130.png,home,85,true,16,5,33,49.2,29,59,0,16,80.0,24,30,24,14,6,21,0,23.1,3,13,56,0,0,0,2617,s:40~l:54~t:2617,stephen-f-austin-ladyjacks,Stephen F. Austin,Ladyjacks,SFA,Stephen F. Austin Ladyjacks,SF Austin,393996,bec0c2,https://a.espncdn.com/i/teamlogos/ncaa/500/2617.png,61
293310120,2010,2,2009-11-27,2009-11-27T19:00:00.000000-0500,47,s:40~l:54~t:47,howard-bison,Howard,Bison,HOW,Howard Bison,Howard,003a63,e51937,https://a.espncdn.com/i/teamlogos/ncaa/500/47.png,away,51,false,7,1,18,29.5,18,61,0,13,59.1,13,22,4,13,5,10,0,11.8,2,17,34,0,0,0,120,s:40~l:54~t:120,maryland-terrapins,Maryland,Terrapins,MD,Maryland Terrapins,Maryland,D5002B,ffcd00,https://a.espncdn.com/i/teamlogos/ncaa/500/120.png,79
293310120,2010,2,2009-11-27,2009-11-27T19:00:00.000000-0500,120,s:40~l:54~t:120,maryland-terrapins,Maryland,Terrapins,MD,Maryland Terrapins,Maryland,D5002B,ffcd00,https://a.espncdn.com/i/teamlogos/ncaa/500/120.png,home,79,true,18,6,29,47.1,32,68,0,15,77.8,7,9,33,18,5,14,0,33.3,8,24,49,0,0,0,47,s:40~l:54~t:47,howard-bison,Howard,Bison,HOW,Howard Bison,Howard,003a63,e51937,https://a.espncdn.com/i/teamlogos/ncaa/500/47.png,51
293310183,2010,2,2009-11-27,2009-11-27T20:15:00.000000-0500,2086,s:40~l:54~t:2086,butler-bulldogs,Butler,Bulldogs,BUT,Butler Bulldogs,Butler,0d1361,00a3e0,https://a.espncdn.com/i/teamlogos/ncaa/500/2086.png,away,64,false,15,0,17,42.9,24,56,0,24,61.1,11,18,8,5,5,13,0,21.7,5,23,28,0,0,0,183,s:40~l:54~t:183,syracuse-orange,Syracuse,Orange,SYR,Syracuse Orange,Syracuse,ff6500,000e54,https://a.espncdn.com/i/teamlogos/ncaa/500/183.png,80
293310183,2010,2,2009-11-27,2009-11-27T20:15:00.000000-0500,183,s:40~l:54~t:183,syracuse-orange,Syracuse,Orange,SYR,Syracuse Orange,Syracuse,ff6500,000e54,https://a.espncdn.com/i/teamlogos/ncaa/500/183.png,home,80,true,9,2,25,45.8,27,59,0,16,72.4,21,29,16,15,4,12,0,31.3,5,16,46,0,0,0,2086,s:40~l:54~t:2086,butler-bulldogs,Butler,Bulldogs,BUT,Butler Bulldogs,Butler,0d1361,00a3e0,https://a.espncdn.com/i/teamlogos/ncaa/500/2086.png,64
293312641,2010,2,2009-11-27,2009-11-27T21:00:00.000000-0500,2539,s:40~l:54~t:2539,san-francisco-dons,San Francisco,Dons,SF,San Francisco Dons,San Francisco,22523F,fbcd3c,https://a.espncdn.com/i/teamlogos/ncaa/500/2539.png,away,38,false,5,2,19,31.3,15,48,0,17,46.7,7,15,0,11,8,31,0,11.1,1,9,35,0,0,0,2641,s:40~l:54~t:2641,texas-tech-lady-raiders,Texas Tech,Lady Raiders,TTU,Texas Tech Lady Raiders,Texas Tech,C80025,231f20,https://a.espncdn.com/i/teamlogos/ncaa/500/2641.png,69
293312641,2010,2,2009-11-27,2009-11-27T21:00:00.000000-0500,2641,s:40~l:54~t:2641,texas-tech-lady-raiders,Texas Tech,Lady Raiders,TTU,Texas Tech Lady Raiders,Texas Tech,C80025,231f20,https://a.espncdn.com/i/teamlogos/ncaa/500/2641.png,home,69,true,20,4,23,44.3,27,61,0,16,78.6,11,14,35,12,15,19,0,28.6,4,14,38,0,0,0,2539,s:40~l:54~t:2539,san-francisco-dons,San Francisco,Dons,SF,San Francisco Dons,San Francisco,22523F,fbcd3c,https://a.espncdn.com/i/teamlogos/ncaa/500/2539.png,38
293310038,2010,2,2009-11-27,2009-11-27T21:00:00.000000-0500,290,s:40~l:54~t:290,georgia-southern-eagles,Georgia Southern,Eagles,GASO,Georgia Southern Eagles,Georgia So,003775,f0f0f0,https://a.espncdn.com/i/teamlogos/ncaa/500/290.png,away,50,false,9,2,23,26.3,15,57,0,17,65.2,15,23,3,17,7,25,0,33.3,5,15,41,0,0,0,38,s:40~l:54~t:38,colorado-buffaloes,Colorado,Buffaloes,COLO,Colorado Buffaloes,Colorado,000000,cfb87c,https://a.espncdn.com/i/teamlogos/ncaa/500/38.png,62
293310038,2010,2,2009-11-27,2009-11-27T21:00:00.000000-0500,38,s:40~l:54~t:38,colorado-buffaloes,Colorado,Buffaloes,COLO,Colorado Buffaloes,Colorado,000000,cfb87c,https://a.espncdn.com/i/teamlogos/ncaa/500/38.png,home,62,true,9,8,26,39.3,22,56,0,20,61.1,11,18,17,13,14,22,0,30.4,7,23,45,0,0,0,290,s:40~l:54~t:290,georgia-southern-eagles,Georgia Southern,Eagles,GASO,Georgia Southern Eagles,Georgia So,003775,f0f0f0,https://a.espncdn.com/i/teamlogos/ncaa/500/290.png,50
293312483,2010,2,2009-11-27,2009-11-27T22:30:00.000000-0500,2239,s:40~l:54~t:2239,cal-state-fullerton-titans,Cal State Fullerton,Titans,CSUF,Cal State Fullerton Titans,Fullerton,003767,ff8300,https://a.espncdn.com/i/teamlogos/ncaa/500/2239.png,away,69,false,9,1,21,24.7,20,81,0,25,84.4,27,32,3,24,3,19,0,12.5,2,16,49,0,0,0,2483,s:40~l:54~t:2483,oregon-ducks,Oregon,Ducks,ORE,Oregon Ducks,Oregon,044520,fee123,https://a.espncdn.com/i/teamlogos/ncaa/500/2483.png,117
293312483,2010,2,2009-11-27,2009-11-27T22:30:00.000000-0500,2483,s:40~l:54~t:2483,oregon-ducks,Oregon,Ducks,ORE,Oregon Ducks,Oregon,044520,fee123,https://a.espncdn.com/i/teamlogos/ncaa/500/2483.png,home,117,true,28,2,34,49.4,43,87,0,22,65.5,19,29,52,22,12,12,0,42.9,12,28,58,0,0,0,2239,s:40~l:54~t:2239,cal-state-fullerton-titans,Cal State Fullerton,Titans,CSUF,Cal State Fullerton Titans,Fullerton,003767,ff8300,https://a.espncdn.com/i/teamlogos/ncaa/500/2239.png,69
293290194,2010,2,2009-11-25,2009-11-25T19:00:00.000000-0500,2430,s:40~l:54~t:2430,unc-greensboro-spartans,UNC Greensboro,Spartans,UNCG,UNC Greensboro Spartans,UNC Greensboro,003559,ffd90a,https://a.espncdn.com/i/teamlogos/ncaa/500/2430.png,away,56,false,11,2,17,37.7,23,61,0,16,100.0,2,2,2,6,4,20,0,50.0,8,16,29,0,0,0,194,s:40~l:54~t:194,ohio-state-buckeyes,Ohio State,Buckeyes,OSU,Ohio State Buckeyes,Ohio State,ce1141,505056,https://a.espncdn.com/i/teamlogos/ncaa/500/194.png,89
293290194,2010,2,2009-11-25,2009-11-25T19:00:00.000000-0500,194,s:40~l:54~t:194,ohio-state-buckeyes,Ohio State,Buckeyes,OSU,Ohio State Buckeyes,Ohio State,ce1141,505056,https://a.espncdn.com/i/teamlogos/ncaa/500/194.png,home,89,true,22,5,23,52.9,36,68,0,5,75.0,12,16,43,15,10,13,0,45.5,5,11,43,0,0,0,2430,s:40~l:54~t:2430,unc-greensboro-spartans,UNC Greensboro,Spartans,UNCG,UNC Greensboro Spartans,UNC Greensboro,003559,ffd90a,https://a.espncdn.com/i/teamlogos/ncaa/500/2430.png,56
293290153,2010,2,2009-11-25,2009-11-25T13:00:00.000000-0500,2506,s:40~l:54~t:2506,presbyterian-blue-hose,Presbyterian,Blue Hose,PRES,Presbyterian Blue Hose,Presbyterian,194896,990134,https://a.espncdn.com/i/teamlogos/ncaa/500/2506.png,away,37,false,6,1,15,22.7,10,44,0,21,68.4,13,19,3,5,8,33,0,22.2,4,18,24,0,0,0,153,s:40~l:54~t:153,north-carolina-tar-heels,North Carolina,Tar Heels,UNC,North Carolina Tar Heels,North Carolina,7bafd4,13294b,https://a.espncdn.com/i/teamlogos/ncaa/500/153.png,92
293290153,2010,2,2009-11-25,2009-11-25T13:00:00.000000-0500,153,s:40~l:54~t:153,north-carolina-tar-heels,North Carolina,Tar Heels,UNC,North Carolina Tar Heels,North Carolina,7bafd4,13294b,https://a.espncdn.com/i/teamlogos/ncaa/500/153.png,home,92,true,21,6,30,51.6,33,64,0,20,84.6,22,26,55,14,14,24,0,26.7,4,15,47,0,0,0,2506,s:40~l:54~t:2506,presbyterian-blue-hose,Presbyterian,Blue Hose,PRES,Presbyterian Blue Hose,Presbyterian,194896,990134,https://a.espncdn.com/i/teamlogos/ncaa/500/2506.png,37
293292393,2010,2,2009-11-25,2009-11-25T20:00:00.000000-0500,2633,s:40~l:54~t:2633,tennessee-lady-volunteers,Tennessee,Lady Volunteers,TENN,Tennessee Lady Volunteers,Tennessee,ff8200,ffffff,https://a.espncdn.com/i/teamlogos/ncaa/500/2633_ncw.png,away,69,true,11,1,22,54.5,30,55,0,13,55.6,5,9,20,11,7,13,1,36.4,4,11,34,1,0,0,2393,s:40~l:54~t:2393,middle-tennessee-blue-raiders,Middle Tennessee,Blue Raiders,MTSU,Middle Tennessee Blue Raiders,MTSU,006db6,ffffff,https://a.espncdn.com/i/teamlogos/ncaa/500/2393.png,52
293292393,2010,2,2009-11-25,2009-11-25T20:00:00.000000-0500,2393,s:40~l:54~t:2393,middle-tennessee-blue-raiders,Middle Tennessee,Blue Raiders,MTSU,Middle Tennessee Blue Raiders,MTSU,006db6,ffffff,https://a.espncdn.com/i/teamlogos/ncaa/500/2393.png,home,52,false,13,1,16,37.3,19,51,0,14,66.7,6,9,1,10,3,19,0,29.6,8,27,29,0,0,0,2633,s:40~l:54~t:2633,tennessee-lady-volunteers,Tennessee,Lady Volunteers,TENN,Tennessee Lady Volunteers,Tennessee,ff8200,ffffff,https://a.espncdn.com/i/teamlogos/ncaa/500/2633_ncw.png,69
293290061,2010,2,2009-11-25,2009-11-25T18:00:00.000000-0500,2011,s:40~l:54~t:2011,alabama-state-lady-hornets,Alabama State,Lady Hornets,ALST,Alabama State Lady Hornets,Alabama St,e9a900,0a0a0a,https://a.espncdn.com/i/teamlogos/ncaa/500/2011.png,away,48,false,12,2,20,35.8,19,53,0,24,60.0,6,10,0,15,5,28,0,36.4,4,11,43,0,0,0,61,s:40~l:54~t:61,georgia-lady-bulldogs,Georgia,Lady Bulldogs,UGA,Georgia Lady Bulldogs,Georgia,CC0000,000000,https://a.espncdn.com/i/teamlogos/ncaa/500/61.png,75
293290061,2010,2,2009-11-25,2009-11-25T18:00:00.000000-0500,61,s:40~l:54~t:61,georgia-lady-bulldogs,Georgia,Lady Bulldogs,UGA,Georgia Lady Bulldogs,Georgia,CC0000,000000,https://a.espncdn.com/i/teamlogos/ncaa/500/61.png,home,75,true,14,3,18,40.4,23,57,0,12,76.9,20,26,35,8,15,14,0,39.1,9,23,31,0,0,0,2011,s:40~l:54~t:2011,alabama-state-lady-hornets,Alabama State,Lady Hornets,ALST,Alabama State Lady Hornets,Alabama St,e9a900,0a0a0a,https://a.espncdn.com/i/teamlogos/ncaa/500/2011.png,48
293292117,2010,2,2009-11-25,2009-11-25T12:00:00.000000-0500,46,s:40~l:54~t:46,georgetown-hoyas,Georgetown,Hoyas,GTWN,Georgetown Hoyas,Georgetown,110E42,001c58,https://a.espncdn.com/i/teamlogos/ncaa/500/46.png,away,94,true,28,6,20,49.3,35,71,0,17,65.5,19,29,25,17,18,15,0,29.4,5,17,41,0,0,0,2117,s:40~l:54~t:2117,central-michigan-chippewas,Central Michigan,Chippewas,CMU,Central Michigan Chippewas,C Michigan,6a0032,ffffff,https://a.espncdn.com/i/teamlogos/ncaa/500/2117.png,69
293292117,2010,2,2009-11-25,2009-11-25T12:00:00.000000-0500,2117,s:40~l:54~t:2117,central-michigan-chippewas,Central Michigan,Chippewas,CMU,Central Michigan Chippewas,C Michigan,6a0032,ffffff,https://a.espncdn.com/i/teamlogos/ncaa/500/2117.png,home,69,false,12,0,26,40.0,22,55,0,21,66.7,14,21,3,10,12,27,0,35.5,11,31,38,0,0,0,46,s:40~l:54~t:46,georgetown-hoyas,Georgetown,Hoyas,GTWN,Georgetown Hoyas,Georgetown,110E42,001c58,https://a.espncdn.com/i/teamlogos/ncaa/500/46.png,94
293292540,2010,2,2009-11-25,2009-11-25T15:00:00.000000-0500,96,s:40~l:54~t:96,kentucky-wildcats,Kentucky,Wildcats,UK,Kentucky Wildcats,Kentucky,005DAA,ffffff,https://a.espncdn.com/i/teamlogos/ncaa/500/96.png,away,68,true,12,2,15,41.9,26,62,0,18,70.6,12,17,18,10,12,13,0,36.4,4,11,30,0,0,0,2540,s:40~l:54~t:2540,uc-santa-barbara-gauchos,UC Santa Barbara,Gauchos,UCSB,UC Santa Barbara Gauchos,UCSB,1D1160,fdb813,https://a.espncdn.com/i/teamlogos/ncaa/500/2540.png,54
293292540,2010,2,2009-11-25,2009-11-25T15:00:00.000000-0500,2540,s:40~l:54~t:2540,uc-santa-barbara-gauchos,UC Santa Barbara,Gauchos,UCSB,UC Santa Barbara Gauchos,UCSB,1D1160,fdb813,https://a.espncdn.com/i/teamlogos/ncaa/500/2540.png,home,54,false,13,12,21,48.8,21,43,0,16,66.7,12,18,6,8,4,24,0,0.0,0,10,34,0,0,0,96,s:40~l:54~t:96,kentucky-wildcats,Kentucky,Wildcats,UK,Kentucky Wildcats,Kentucky,005DAA,ffffff,https://a.espncdn.com/i/teamlogos/ncaa/500/96.png,68
293292515,2010,2,2009-11-25,2009-11-25T15:00:00.000000-0500,259,s:40~l:54~t:259,virginia-tech-hokies,Virginia Tech,Hokies,VT,Virginia Tech Hokies,Virginia Tech,630031,cf4520,https://a.espncdn.com/i/teamlogos/ncaa/500/259.png,away,78,true,17,3,24,52.7,29,55,0,18,75.0,15,20,28,12,15,23,0,50.0,5,10,41,0,0,0,2515,s:40~l:54~t:2515,radford-highlanders,Radford,Highlanders,RAD,Radford Highlanders,Radford,BC1515,c2c3c0,https://a.espncdn.com/i/teamlogos/ncaa/500/2515.png,51
293292515,2010,2,2009-11-25,2009-11-25T15:00:00.000000-0500,2515,s:40~l:54~t:2515,radford-highlanders,Radford,Highlanders,RAD,Radford Highlanders,Radford,BC1515,c2c3c0,https://a.espncdn.com/i/teamlogos/ncaa/500/2515.png,home,51,false,9,3,14,37.3,19,51,0,15,76.9,10,13,3,6,10,21,0,18.8,3,16,22,0,0,0,259,s:40~l:54~t:259,virginia-tech-hokies,Virginia Tech,Hokies,VT,Virginia Tech Hokies,Virginia Tech,630031,cf4520,https://a.espncdn.com/i/teamlogos/ncaa/500/259.png,78
293290154,2010,2,2009-11-25,2009-11-25T15:00:00.000000-0500,2272,s:40~l:54~t:2272,high-point-panthers,High Point,Panthers,HPU,High Point Panthers,High Point,b0b7bc,ebebeb,https://a.espncdn.com/i/teamlogos/ncaa/500/2272.png,away,52,false,13,3,17,38.9,21,54,0,14,61.5,8,13,0,4,11,17,0,16.7,2,12,23,0,0,0,154,s:40~l:54~t:154,wake-forest-demon-deacons,Wake Forest,Demon Deacons,WAKE,Wake Forest Demon Deacons,Wake Forest,9E7E38,000000,https://a.espncdn.com/i/teamlogos/ncaa/500/154.png,76
293290154,2010,2,2009-11-25,2009-11-25T15:00:00.000000-0500,154,s:40~l:54~t:154,wake-forest-demon-deacons,Wake Forest,Demon Deacons,WAKE,Wake Forest Demon Deacons,Wake Forest,9E7E38,000000,https://a.espncdn.com/i/teamlogos/ncaa/500/154.png,home,76,true,19,4,31,44.4,28,63,0,14,77.8,14,18,27,19,11,19,0,50.0,6,12,50,0,0,0,2272,s:40~l:54~t:2272,high-point-panthers,High Point,Panthers,HPU,High Point Panthers,High Point,b0b7bc,ebebeb,https://a.espncdn.com/i/teamlogos/ncaa/500/2272.png,52
293280239,2010,2,2009-11-24,2009-11-24T20:00:00.000000-0500,55,s:40~l:54~t:55,jacksonville-state-gamecocks,Jacksonville State,Gamecocks,JVST,Jacksonville State Gamecocks,J'Ville St,b50500,b5b7ba,https://a.espncdn.com/i/teamlogos/ncaa/500/55.png,away,45,false,8,2,17,25.4,18,71,0,19,28.6,2,7,0,8,3,15,0,30.4,7,23,30,0,0,0,239,s:40~l:54~t:239,baylor-bears,Baylor,Bears,BAY,Baylor Bears,Baylor,154734,ffb81c,https://a.espncdn.com/i/teamlogos/ncaa/500/239.png,104
293280239,2010,2,2009-11-24,2009-11-24T20:00:00.000000-0500,239,s:40~l:54~t:239,baylor-bears,Baylor,Bears,BAY,Baylor Bears,Baylor,154734,ffb81c,https://a.espncdn.com/i/teamlogos/ncaa/500/239.png,home,104,true,25,12,43,54.3,38,70,0,10,82.8,24,29,59,14,6,9,0,30.8,4,13,60,0,0,0,55,s:40~l:54~t:55,jacksonville-state-gamecocks,Jacksonville State,Gamecocks,JVST,Jacksonville State Gamecocks,J'Ville St,b50500,b5b7ba,https://a.espncdn.com/i/teamlogos/ncaa/500/55.png,45
293280221,2010,2,2009-11-24,2009-11-24T19:00:00.000000-0500,2598,s:40~l:54~t:2598,st-francis-pa-red-flash,St. Francis (PA),Red Flash,SFPA,St. Francis (PA) Red Flash,St Francis PA,a20012,,https://a.espncdn.com/i/teamlogos/ncaa/500/2598.png,away,70,false,17,1,16,36.8,25,68,0,16,50.0,10,20,3,13,5,15,0,38.5,10,26,42,0,0,0,221,s:40~l:54~t:221,pittsburgh-panthers,Pittsburgh,Panthers,PITT,Pittsburgh Panthers,Pitt,003263,231f20,https://a.espncdn.com/i/teamlogos/ncaa/500/221.png,75
293280221,2010,2,2009-11-24,2009-11-24T19:00:00.000000-0500,221,s:40~l:54~t:221,pittsburgh-panthers,Pittsburgh,Panthers,PITT,Pittsburgh Panthers,Pitt,003263,231f20,https://a.espncdn.com/i/teamlogos/ncaa/500/221.png,home,75,true,22,10,26,52.5,31,59,0,21,50.0,9,18,16,10,5,19,0,36.4,4,11,41,0,0,0,2598,s:40~l:54~t:2598,st-francis-pa-red-flash,St. Francis (PA),Red Flash,SFPA,St. Francis (PA) Red Flash,St Francis PA,a20012,,https://a.espncdn.com/i/teamlogos/ncaa/500/2598.png,70
293282390,2010,2,2009-11-24,2009-11-24T12:00:00.000000-0500,248,s:40~l:54~t:248,houston-cougars,Houston,Cougars,HOU,Houston Cougars,Houston,c92a39,ffffff,https://a.espncdn.com/i/teamlogos/ncaa/500/248.png,away,54,false,9,5,24,28.8,19,66,0,14,81.3,13,16,7,11,8,13,0,18.8,3,16,39,0,0,0,2390,s:40~l:54~t:2390,miami-hurricanes,Miami,Hurricanes,MIA,Miami Hurricanes,Miami,004325,f0f0f0,https://a.espncdn.com/i/teamlogos/ncaa/500/2390.png,68
293282390,2010,2,2009-11-24,2009-11-24T12:00:00.000000-0500,2390,s:40~l:54~t:2390,miami-hurricanes,Miami,Hurricanes,MIA,Miami Hurricanes,Miami,004325,f0f0f0,https://a.espncdn.com/i/teamlogos/ncaa/500/2390.png,home,68,true,13,10,30,43.5,27,62,0,10,60.0,9,15,14,11,6,16,0,55.6,5,9,49,0,0,0,248,s:40~l:54~t:248,houston-cougars,Houston,Cougars,HOU,Houston Cougars,Houston,c92a39,ffffff,https://a.espncdn.com/i/teamlogos/ncaa/500/248.png,54
293280057,2010,2,2009-11-24,2009-11-24T16:30:00.000000-0500,5,s:40~l:54~t:5,uab-blazers,UAB,Blazers,UAB,UAB Blazers,UAB,054338,ffc845,https://a.espncdn.com/i/teamlogos/ncaa/500/5.png,away,39,false,6,1,13,22.4,13,58,0,17,57.9,11,19,0,11,16,18,0,15.4,2,13,30,0,0,0,57,s:40~l:54~t:57,florida-gators,Florida,Gators,FLA,Florida Gators,Florida,0021a5,fa4616,https://a.espncdn.com/i/teamlogos/ncaa/500/57.png,75
293280057,2010,2,2009-11-24,2009-11-24T16:30:00.000000-0500,57,s:40~l:54~t:57,florida-gators,Florida,Gators,FLA,Florida Gators,Florida,0021a5,fa4616,https://a.espncdn.com/i/teamlogos/ncaa/500/57.png,home,75,true,17,8,34,56.5,26,46,0,16,57.1,12,21,39,10,11,22,0,52.4,11,21,47,0,0,0,5,s:40~l:54~t:5,uab-blazers,UAB,Blazers,UAB,UAB Blazers,UAB,054338,ffc845,https://a.espncdn.com/i/teamlogos/ncaa/500/5.png,39
293280227,2010,2,2009-11-24,2009-11-24T17:00:00.000000-0500,2550,s:40~l:54~t:2550,seton-hall-pirates,Seton Hall,Pirates,HALL,Seton Hall Pirates,Seton Hall,0857B1,8a8d8f,https://a.espncdn.com/i/teamlogos/ncaa/500/2550.png,away,50,false,6,0,19,30.5,18,59,0,12,100.0,10,10,9,11,8,13,0,33.3,4,12,35,0,0,0,227,s:40~l:54~t:227,rhode-island-rams,Rhode Island,Rams,URI,Rhode Island Rams,Rhode Island,091f3f,5ab3e8,https://a.espncdn.com/i/teamlogos/ncaa/500/227.png,52
293280227,2010,2,2009-11-24,2009-11-24T17:00:00.000000-0500,227,s:40~l:54~t:227,rhode-island-rams,Rhode Island,Rams,URI,Rhode Island Rams,Rhode Island,091f3f,5ab3e8,https://a.espncdn.com/i/teamlogos/ncaa/500/227.png,home,52,true,18,3,23,45.1,23,51,0,13,20.0,1,5,10,9,5,19,0,45.5,5,11,37,0,0,0,2550,s:40~l:54~t:2550,seton-hall-pirates,Seton Hall,Pirates,HALL,Seton Hall Pirates,Seton Hall,0857B1,8a8d8f,https://a.espncdn.com/i/teamlogos/ncaa/500/2550.png,50
293282507,2010,2,2009-11-24,2009-11-24T19:00:00.000000-0500,2514,s:40~l:54~t:2514,quinnipiac-bobcats,Quinnipiac,Bobcats,QUIN,Quinnipiac Bobcats,Quinnipiac,041B43,,https://a.espncdn.com/i/teamlogos/ncaa/500/2514.png,away,61,false,7,3,22,33.9,21,62,0,21,73.3,11,15,4,12,7,25,0,30.8,8,26,44,0,0,0,2507,s:40~l:54~t:2507,providence-friars,Providence,Friars,PROV,Providence Friars,Providence,000000,a3a19e,https://a.espncdn.com/i/teamlogos/ncaa/500/2507.png,84
293282507,2010,2,2009-11-24,2009-11-24T19:00:00.000000-0500,2507,s:40~l:54~t:2507,providence-friars,Providence,Friars,PROV,Providence Friars,Providence,000000,a3a19e,https://a.espncdn.com/i/teamlogos/ncaa/500/2507.png,home,84,true,20,7,21,43.3,29,67,0,15,75.0,21,28,27,13,14,13,0,23.8,5,21,41,0,0,0,2514,s:40~l:54~t:2514,quinnipiac-bobcats,Quinnipiac,Bobcats,QUIN,Quinnipiac Bobcats,Quinnipiac,041B43,,https://a.espncdn.com/i/teamlogos/ncaa/500/2514.png,61
293280333,2010,2,2009-11-24,2009-11-24T19:00:00.000000-0500,2545,s:40~l:54~t:2545,se-louisiana-lady-lions,SE Louisiana,Lady Lions,SELA,SE Louisiana Lady Lions,SE Louisiana,215732,ffc72c,https://a.espncdn.com/i/teamlogos/ncaa/500/2545.png,away,55,false,9,1,26,34.0,18,53,0,17,72.2,13,18,2,9,4,22,0,26.1,6,23,39,0,0,0,333,s:40~l:54~t:333,alabama-crimson-tide,Alabama,Crimson Tide,ALA,Alabama Crimson Tide,Alabama,9e1632,ffffff,https://a.espncdn.com/i/teamlogos/ncaa/500/333.png,68
293280333,2010,2,2009-11-24,2009-11-24T19:00:00.000000-0500,333,s:40~l:54~t:333,alabama-crimson-tide,Alabama,Crimson Tide,ALA,Alabama Crimson Tide,Alabama,9e1632,ffffff,https://a.espncdn.com/i/teamlogos/ncaa/500/333.png,home,68,true,19,2,29,45.0,27,60,0,16,47.6,10,21,21,10,8,14,0,30.8,4,13,41,0,0,0,2545,s:40~l:54~t:2545,se-louisiana-lady-lions,SE Louisiana,Lady Lions,SELA,SE Louisiana Lady Lions,SE Louisiana,215732,ffc72c,https://a.espncdn.com/i/teamlogos/ncaa/500/2545.png,55
293280120,2010,2,2009-11-24,2009-11-24T19:00:00.000000-0500,2535,s:40~l:54~t:2535,samford-bulldogs,Samford,Bulldogs,SAM,Samford Bulldogs,Samford,005485,bc0023,https://a.espncdn.com/i/teamlogos/ncaa/500/2535.png,away,49,false,10,2,22,35.8,19,53,0,11,63.6,7,11,1,7,3,17,0,23.5,4,17,34,0,0,0,120,s:40~l:54~t:120,maryland-terrapins,Maryland,Terrapins,MD,Maryland Terrapins,Maryland,D5002B,ffcd00,https://a.espncdn.com/i/teamlogos/ncaa/500/120.png,76
293280120,2010,2,2009-11-24,2009-11-24T19:00:00.000000-0500,120,s:40~l:54~t:120,maryland-terrapins,Maryland,Terrapins,MD,Maryland Terrapins,Maryland,D5002B,ffcd00,https://a.espncdn.com/i/teamlogos/ncaa/500/120.png,home,76,true,19,4,30,50.8,31,61,0,12,50.0,6,12,29,7,6,9,0,44.4,8,18,37,0,0,0,2535,s:40~l:54~t:2535,samford-bulldogs,Samford,Bulldogs,SAM,Samford Bulldogs,Samford,005485,bc0023,https://a.espncdn.com/i/teamlogos/ncaa/500/2535.png,49
293280103,2010,2,2009-11-24,2009-11-24T19:00:00.000000-0500,107,s:40~l:54~t:107,holy-cross-crusaders,Holy Cross,Crusaders,HC,Holy Cross Crusaders,Holy Cross,0a0a0a,080808,https://a.espncdn.com/i/teamlogos/ncaa/500/107.png,away,57,false,10,1,16,27.8,15,54,0,18,73.3,22,30,2,9,6,17,0,31.3,5,16,31,0,0,0,103,s:40~l:54~t:103,boston-college-eagles,Boston College,Eagles,BC,Boston College Eagles,Boston College,8c2232,dbcca6,https://a.espncdn.com/i/teamlogos/ncaa/500/103.png,90
293280103,2010,2,2009-11-24,2009-11-24T19:00:00.000000-0500,103,s:40~l:54~t:103,boston-college-eagles,Boston College,Eagles,BC,Boston College Eagles,Boston College,8c2232,dbcca6,https://a.espncdn.com/i/teamlogos/ncaa/500/103.png,home,90,true,18,5,24,49.3,35,71,0,19,80.0,12,15,35,15,8,15,0,47.1,8,17,45,0,0,0,107,s:40~l:54~t:107,holy-cross-crusaders,Holy Cross,Crusaders,HC,Holy Cross Crusaders,Holy Cross,0a0a0a,080808,https://a.espncdn.com/i/teamlogos/ncaa/500/107.png,57
293280002,2010,2,2009-11-24,2009-11-24T19:00:00.000000-0500,290,s:40~l:54~t:290,georgia-southern-eagles,Georgia Southern,Eagles,GASO,Georgia Southern Eagles,Georgia So,003775,f0f0f0,https://a.espncdn.com/i/teamlogos/ncaa/500/290.png,away,56,false,14,1,13,41.8,23,55,0,18,53.8,7,13,0,12,12,15,0,16.7,3,18,31,0,0,0,2,s:40~l:54~t:2,auburn-tigers,Auburn,Tigers,AUB,Auburn Tigers,Auburn,03244d,f1f2f3,https://a.espncdn.com/i/teamlogos/ncaa/500/2.png,62
293280002,2010,2,2009-11-24,2009-11-24T19:00:00.000000-0500,2,s:40~l:54~t:2,auburn-tigers,Auburn,Tigers,AUB,Auburn Tigers,Auburn,03244d,f1f2f3,https://a.espncdn.com/i/teamlogos/ncaa/500/2.png,home,62,true,13,2,20,52.1,25,48,0,17,33.3,4,12,20,10,4,22,0,57.1,8,14,35,0,0,0,290,s:40~l:54~t:290,georgia-southern-eagles,Georgia Southern,Eagles,GASO,Georgia Southern Eagles,Georgia So,003775,f0f0f0,https://a.espncdn.com/i/teamlogos/ncaa/500/290.png,56
293280135,2010,2,2009-11-24,2009-11-24T20:00:00.000000-0500,2449,s:40~l:54~t:2449,north-dakota-state-bison,North Dakota State,Bison,NDSU,North Dakota State Bison,N Dakota St,01402A,ffffff,https://a.espncdn.com/i/teamlogos/ncaa/500/2449.png,away,37,false,8,7,22,31.4,11,35,0,24,78.6,11,14,0,4,5,34,0,30.8,4,13,32,0,0,0,135,s:40~l:54~t:135,minnesota-golden-gophers,Minnesota,Golden Gophers,MINN,Minnesota Golden Gophers,Minnesota,981a31,981a31,https://a.espncdn.com/i/teamlogos/ncaa/500/135.png,65
293280135,2010,2,2009-11-24,2009-11-24T20:00:00.000000-0500,135,s:40~l:54~t:135,minnesota-golden-gophers,Minnesota,Golden Gophers,MINN,Minnesota Golden Gophers,Minnesota,981a31,981a31,https://a.espncdn.com/i/teamlogos/ncaa/500/135.png,home,65,true,13,2,19,28.8,17,59,0,19,75.0,27,36,28,17,19,14,0,25.0,4,16,41,0,0,0,2449,s:40~l:54~t:2449,north-dakota-state-bison,North Dakota State,Bison,NDSU,North Dakota State Bison,N Dakota St,01402A,ffffff,https://a.espncdn.com/i/teamlogos/ncaa/500/2449.png,37
293282287,2010,2,2009-11-24,2009-11-24T20:05:00.000000-0500,356,s:40~l:54~t:356,illinois-fighting-illini,Illinois,Fighting Illini,ILL,Illinois Fighting Illini,Illinois,ff5f05,13294b,https://a.espncdn.com/i/teamlogos/ncaa/500/356.png,away,62,true,9,5,22,38.5,20,52,0,15,88.2,15,17,11,9,9,13,0,46.7,7,15,37,0,0,0,2287,s:40~l:54~t:2287,illinois-state-redbirds,Illinois State,Redbirds,ILST,Illinois State Redbirds,Illinois St,CE1126,ffe716,https://a.espncdn.com/i/teamlogos/ncaa/500/2287.png,51
293282287,2010,2,2009-11-24,2009-11-24T20:05:00.000000-0500,2287,s:40~l:54~t:2287,illinois-state-redbirds,Illinois State,Redbirds,ILST,Illinois State Redbirds,Illinois St,CE1126,ffe716,https://a.espncdn.com/i/teamlogos/ncaa/500/2287.png,home,51,false,8,2,22,31.0,18,58,0,16,71.4,10,14,7,9,2,13,0,35.7,5,14,38,0,0,0,356,s:40~l:54~t:356,illinois-fighting-illini,Illinois,Fighting Illini,ILL,Illinois Fighting Illini,Illinois,ff5f05,13294b,https://a.espncdn.com/i/teamlogos/ncaa/500/356.png,62
293280275,2010,2,2009-11-24,2009-11-24T21:00:00.000000-0500,2739,s:40~l:54~t:2739,green-bay-phoenix,Green Bay,Phoenix,GB,Green Bay Phoenix,Green Bay,006633,ffffff,https://a.espncdn.com/i/teamlogos/ncaa/500/2739.png,away,60,true,9,0,20,39.0,16,41,0,22,83.9,26,31,14,6,10,20,0,22.2,2,9,28,0,0,0,275,s:40~l:54~t:275,wisconsin-badgers,Wisconsin,Badgers,WISC,Wisconsin Badgers,Wisconsin,A00000,f7f7f7,https://a.espncdn.com/i/teamlogos/ncaa/500/275.png,58
293280275,2010,2,2009-11-24,2009-11-24T21:00:00.000000-0500,275,s:40~l:54~t:275,wisconsin-badgers,Wisconsin,Badgers,WISC,Wisconsin Badgers,Wisconsin,A00000,f7f7f7,https://a.espncdn.com/i/teamlogos/ncaa/500/275.png,home,58,false,6,3,18,44.4,20,45,0,23,77.3,17,22,0,7,10,19,0,11.1,1,9,26,0,0,0,2739,s:40~l:54~t:2739,green-bay-phoenix,Green Bay,Phoenix,GB,Green Bay Phoenix,Green Bay,006633,ffffff,https://a.espncdn.com/i/teamlogos/ncaa/500/2739.png,60
293282483,2010,2,2009-11-24,2009-11-24T22:00:00.000000-0500,2541,s:40~l:54~t:2541,santa-clara-broncos,Santa Clara,Broncos,SCU,Santa Clara Broncos,Santa Clara,690b0b,101010,https://a.espncdn.com/i/teamlogos/ncaa/500/2541.png,away,71,false,13,0,25,39.4,26,66,0,23,70.0,14,20,8,12,7,21,0,23.8,5,21,38,0,0,0,2483,s:40~l:54~t:2483,oregon-ducks,Oregon,Ducks,ORE,Oregon Ducks,Oregon,044520,fee123,https://a.espncdn.com/i/teamlogos/ncaa/500/2483.png,88
293282483,2010,2,2009-11-24,2009-11-24T22:00:00.000000-0500,2483,s:40~l:54~t:2483,oregon-ducks,Oregon,Ducks,ORE,Oregon Ducks,Oregon,044520,fee123,https://a.espncdn.com/i/teamlogos/ncaa/500/2483.png,home,88,true,16,5,30,40.8,29,71,0,21,80.8,21,26,24,15,11,18,0,31.0,9,29,48,0,0,0,2541,s:40~l:54~t:2541,santa-clara-broncos,Santa Clara,Broncos,SCU,Santa Clara Broncos,Santa Clara,690b0b,101010,https://a.espncdn.com/i/teamlogos/ncaa/500/2541.png,71
293270150,2010,2,2009-11-23,2009-11-23T19:00:00.000000-0500,2429,s:40~l:54~t:2429,charlotte-49ers,Charlotte,49ers,CHAR,Charlotte 49ers,Charlotte,ffffff,cfab7a,https://a.espncdn.com/i/teamlogos/ncaa/500/2429.png,away,44,false,12,6,22,31.6,18,57,0,12,50.0,6,12,5,12,11,20,0,18.2,2,11,38,0,0,0,150,s:40~l:54~t:150,duke-blue-devils,Duke,Blue Devils,DUKE,Duke Blue Devils,Duke,013088,ffffff,https://a.espncdn.com/i/teamlogos/ncaa/500/150.png,57
293270150,2010,2,2009-11-23,2009-11-23T19:00:00.000000-0500,150,s:40~l:54~t:150,duke-blue-devils,Duke,Blue Devils,DUKE,Duke Blue Devils,Duke,013088,ffffff,https://a.espncdn.com/i/teamlogos/ncaa/500/150.png,home,57,true,12,12,27,36.4,24,66,0,15,36.4,4,11,20,19,15,20,0,29.4,5,17,51,0,0,0,2429,s:40~l:54~t:2429,charlotte-49ers,Charlotte,49ers,CHAR,Charlotte 49ers,Charlotte,ffffff,cfab7a,https://a.espncdn.com/i/teamlogos/ncaa/500/2429.png,44
293270295,2010,2,2009-11-23,2009-11-23T19:00:00.000000-0500,152,s:40~l:54~t:152,nc-state-wolfpack,NC State,Wolfpack,NCST,NC State Wolfpack,NC State,EF1216,231f20,https://a.espncdn.com/i/teamlogos/ncaa/500/152.png,away,62,true,11,2,19,41.9,26,62,0,16,60.0,9,15,14,16,12,16,0,12.5,1,8,40,0,0,0,295,s:40~l:54~t:295,old-dominion-monarchs,Old Dominion,Monarchs,ODU,Old Dominion Monarchs,Old Dominion,00507d,a1d2f1,https://a.espncdn.com/i/teamlogos/ncaa/500/295.png,52
293270295,2010,2,2009-11-23,2009-11-23T19:00:00.000000-0500,295,s:40~l:54~t:295,old-dominion-monarchs,Old Dominion,Monarchs,ODU,Old Dominion Monarchs,Old Dominion,00507d,a1d2f1,https://a.espncdn.com/i/teamlogos/ncaa/500/295.png,home,52,false,9,3,20,34.6,18,52,0,17,73.7,14,19,3,14,10,24,0,12.5,2,16,38,0,0,0,152,s:40~l:54~t:152,nc-state-wolfpack,NC State,Wolfpack,NCST,NC State Wolfpack,NC State,EF1216,231f20,https://a.espncdn.com/i/teamlogos/ncaa/500/152.png,62
293270154,2010,2,2009-11-23,2009-11-23T19:00:00.000000-0500,2154,s:40~l:54~t:2154,coppin-state-eagles,Coppin State,Eagles,COPP,Coppin State Eagles,Coppin St,2e3192,ffd204,https://a.espncdn.com/i/teamlogos/ncaa/500/2154.png,away,40,false,10,3,21,29.6,16,54,0,17,46.7,7,15,2,14,8,19,0,14.3,1,7,36,0,0,0,154,s:40~l:54~t:154,wake-forest-demon-deacons,Wake Forest,Demon Deacons,WAKE,Wake Forest Demon Deacons,Wake Forest,9E7E38,000000,https://a.espncdn.com/i/teamlogos/ncaa/500/154.png,62
293270154,2010,2,2009-11-23,2009-11-23T19:00:00.000000-0500,154,s:40~l:54~t:154,wake-forest-demon-deacons,Wake Forest,Demon Deacons,WAKE,Wake Forest Demon Deacons,Wake Forest,9E7E38,000000,https://a.espncdn.com/i/teamlogos/ncaa/500/154.png,home,62,true,11,5,29,35.1,20,57,0,16,80.0,20,25,23,18,10,13,0,12.5,2,16,47,0,0,0,2154,s:40~l:54~t:2154,coppin-state-eagles,Coppin State,Eagles,COPP,Coppin State Eagles,Coppin St,2e3192,ffd204,https://a.espncdn.com/i/teamlogos/ncaa/500/2154.png,40
293260302,2010,2,2009-11-22,2009-11-22T17:00:00.000000-0500,24,s:40~l:54~t:24,stanford-cardinal,Stanford,Cardinal,STAN,Stanford Cardinal,Stanford,8c1515,ffffff,https://a.espncdn.com/i/teamlogos/ncaa/500/24.png,away,76,true,17,2,21,49.1,28,57,0,10,92.3,12,13,27,18,9,11,0,29.6,8,27,39,0,0,0,302,s:40~l:54~t:302,uc-davis-aggies,UC Davis,Aggies,UCD,UC Davis Aggies,UC Davis,002855,c3c4c6,https://a.espncdn.com/i/teamlogos/ncaa/500/302.png,51
293260302,2010,2,2009-11-22,2009-11-22T17:00:00.000000-0500,302,s:40~l:54~t:302,uc-davis-aggies,UC Davis,Aggies,UCD,UC Davis Aggies,UC Davis,002855,c3c4c6,https://a.espncdn.com/i/teamlogos/ncaa/500/302.png,home,51,false,11,1,11,43.8,21,48,0,14,57.1,4,7,3,8,7,12,0,33.3,5,15,20,0,0,0,24,s:40~l:54~t:24,stanford-cardinal,Stanford,Cardinal,STAN,Stanford Cardinal,Stanford,8c1515,ffffff,https://a.espncdn.com/i/teamlogos/ncaa/500/24.png,76
293260194,2010,2,2009-11-22,2009-11-22T14:00:00.000000-0500,197,s:40~l:54~t:197,oklahoma-state-cowgirls,Oklahoma State,Cowgirls,OKST,Oklahoma State Cowgirls,Oklahoma St,ff6500,000000,https://a.espncdn.com/i/teamlogos/ncaa/500/197.png,away,72,false,12,1,19,50.0,28,56,0,19,69.2,9,13,4,5,3,13,0,35.0,7,20,26,0,0,0,194,s:40~l:54~t:194,ohio-state-buckeyes,Ohio State,Buckeyes,OSU,Ohio State Buckeyes,Ohio State,ce1141,505056,https://a.espncdn.com/i/teamlogos/ncaa/500/194.png,93
293260194,2010,2,2009-11-22,2009-11-22T14:00:00.000000-0500,194,s:40~l:54~t:194,ohio-state-buckeyes,Ohio State,Buckeyes,OSU,Ohio State Buckeyes,Ohio State,ce1141,505056,https://a.espncdn.com/i/teamlogos/ncaa/500/194.png,home,93,true,21,2,25,50.0,33,66,0,12,82.6,19,23,19,13,6,7,0,53.3,8,15,40,0,0,0,197,s:40~l:54~t:197,oklahoma-state-cowgirls,Oklahoma State,Cowgirls,OKST,Oklahoma State Cowgirls,Oklahoma St,ff6500,000000,https://a.espncdn.com/i/teamlogos/ncaa/500/197.png,72
293262439,2010,2,2009-11-22,2009-11-22T17:00:00.000000-0500,153,s:40~l:54~t:153,north-carolina-tar-heels,North Carolina,Tar Heels,UNC,North Carolina Tar Heels,North Carolina,7bafd4,13294b,https://a.espncdn.com/i/teamlogos/ncaa/500/153.png,away,78,true,13,9,29,40.6,26,64,0,19,59.4,19,32,16,19,8,18,0,41.2,7,17,53,0,0,0,2439,s:40~l:54~t:2439,unlv-lady-rebels,UNLV,Lady Rebels,UNLV,UNLV Lady Rebels,UNLV,b10202,ffffff,https://a.espncdn.com/i/teamlogos/ncaa/500/2439.png,68
293262439,2010,2,2009-11-22,2009-11-22T17:00:00.000000-0500,2439,s:40~l:54~t:2439,unlv-lady-rebels,UNLV,Lady Rebels,UNLV,UNLV Lady Rebels,UNLV,b10202,ffffff,https://a.espncdn.com/i/teamlogos/ncaa/500/2439.png,home,68,false,20,7,25,32.4,23,71,0,24,57.1,12,21,0,20,7,16,1,33.3,10,30,47,1,0,0,153,s:40~l:54~t:153,north-carolina-tar-heels,North Carolina,Tar Heels,UNC,North Carolina Tar Heels,North Carolina,7bafd4,13294b,https://a.espncdn.com/i/teamlogos/ncaa/500/153.png,78
293260087,2010,2,2009-11-22,2009-11-22T14:00:00.000000-0500,314,s:40~l:54~t:314,iona-gaels,Iona,Gaels,IONA,Iona Gaels,Iona,6f2c3e,f0ab00,https://a.espncdn.com/i/teamlogos/ncaa/500/314.png,away,45,false,11,4,22,35.7,15,42,0,20,69.2,9,13,0,3,6,33,0,37.5,6,16,30,0,0,0,87,s:40~l:54~t:87,notre-dame-fighting-irish,Notre Dame,Fighting Irish,ND,Notre Dame Fighting Irish,Notre Dame,0c2340,c99700,https://a.espncdn.com/i/teamlogos/ncaa/500/87.png,80
293260087,2010,2,2009-11-22,2009-11-22T14:00:00.000000-0500,87,s:40~l:54~t:87,notre-dame-fighting-irish,Notre Dame,Fighting Irish,ND,Notre Dame Fighting Irish,Notre Dame,0c2340,c99700,https://a.espncdn.com/i/teamlogos/ncaa/500/87.png,home,80,true,21,2,20,42.4,28,66,0,18,66.7,16,24,35,14,21,15,0,40.0,8,20,41,0,0,0,314,s:40~l:54~t:314,iona-gaels,Iona,Gaels,IONA,Iona Gaels,Iona,6f2c3e,f0ab00,https://a.espncdn.com/i/teamlogos/ncaa/500/314.png,45
293260258,2010,2,2009-11-22,2009-11-22T16:00:00.000000-0500,2633,s:40~l:54~t:2633,tennessee-lady-volunteers,Tennessee,Lady Volunteers,TENN,Tennessee Lady Volunteers,Tennessee,ff8200,ffffff,https://a.espncdn.com/i/teamlogos/ncaa/500/2633_ncw.png,away,77,true,13,9,29,45.0,27,60,0,14,71.4,15,21,18,10,6,13,0,40.0,8,20,46,0,0,0,258,s:40~l:54~t:258,virginia-cavaliers,Virginia,Cavaliers,UVA,Virginia Cavaliers,Virginia,f84c1e,ffffff,https://a.espncdn.com/i/teamlogos/ncaa/500/258.png,63
293260258,2010,2,2009-11-22,2009-11-22T16:00:00.000000-0500,258,s:40~l:54~t:258,virginia-cavaliers,Virginia,Cavaliers,UVA,Virginia Cavaliers,Virginia,f84c1e,ffffff,https://a.espncdn.com/i/teamlogos/ncaa/500/258.png,home,63,false,13,1,20,33.8,24,71,0,20,50.0,8,16,4,14,8,10,0,30.4,7,23,42,0,0,0,2633,s:40~l:54~t:2633,tennessee-lady-volunteers,Tennessee,Lady Volunteers,TENN,Tennessee Lady Volunteers,Tennessee,ff8200,ffffff,https://a.espncdn.com/i/teamlogos/ncaa/500/2633_ncw.png,77
293260099,2010,2,2009-11-22,2009-11-22T20:30:00.000000-0500,2447,s:40~l:54~t:2447,nicholls-colonels,Nicholls,Colonels,NICH,Nicholls Colonels,Nicholls,C41230,f0f0f0,https://a.espncdn.com/i/teamlogos/ncaa/500/2447.png,away,49,false,5,1,13,33.3,18,54,0,18,57.1,8,14,0,5,7,16,0,25.0,5,20,23,0,0,0,99,s:40~l:54~t:99,lsu-tigers,LSU,Tigers,LSU,LSU Tigers,LSU,461d7c,fdd023,https://a.espncdn.com/i/teamlogos/ncaa/500/99.png,86
293260099,2010,2,2009-11-22,2009-11-22T20:30:00.000000-0500,99,s:40~l:54~t:99,lsu-tigers,LSU,Tigers,LSU,LSU Tigers,LSU,461d7c,fdd023,https://a.espncdn.com/i/teamlogos/ncaa/500/99.png,home,86,true,14,8,30,55.2,32,58,0,14,76.0,19,25,42,14,4,16,0,23.1,3,13,48,0,0,0,2447,s:40~l:54~t:2447,nicholls-colonels,Nicholls,Colonels,NICH,Nicholls Colonels,Nicholls,C41230,f0f0f0,https://a.espncdn.com/i/teamlogos/ncaa/500/2447.png,49
293260025,2010,2,2009-11-22,2009-11-22T17:00:00.000000-0500,239,s:40~l:54~t:239,baylor-bears,Baylor,Bears,BAY,Baylor Bears,Baylor,154734,ffb81c,https://a.espncdn.com/i/teamlogos/ncaa/500/239.png,away,69,true,25,5,28,48.4,30,62,0,17,60.0,6,10,25,12,6,20,0,42.9,3,7,45,0,0,0,25,s:40~l:54~t:25,california-golden-bears,California,Golden Bears,CAL,California Golden Bears,California,031522,ffc423,https://a.espncdn.com/i/teamlogos/ncaa/500/25.png,49
293260025,2010,2,2009-11-22,2009-11-22T17:00:00.000000-0500,25,s:40~l:54~t:25,california-golden-bears,California,Golden Bears,CAL,California Golden Bears,California,031522,ffc423,https://a.espncdn.com/i/teamlogos/ncaa/500/25.png,home,49,false,8,4,19,27.1,16,59,0,15,66.7,14,21,2,13,7,21,0,17.6,3,17,39,0,0,0,239,s:40~l:54~t:239,baylor-bears,Baylor,Bears,BAY,Baylor Bears,Baylor,154734,ffb81c,https://a.espncdn.com/i/teamlogos/ncaa/500/239.png,69
293262247,2010,2,2009-11-22,2009-11-22T14:00:00.000000-0500,52,s:40~l:54~t:52,florida-state-seminoles,Florida State,Seminoles,FSU,Florida State Seminoles,Florida St,782F40,ceb888,https://a.espncdn.com/i/teamlogos/ncaa/500/52.png,away,66,true,16,4,21,45.1,23,51,0,18,58.3,14,24,19,9,6,16,0,42.9,6,14,36,0,0,0,2247,s:40~l:54~t:2247,georgia-state-panthers,Georgia State,Panthers,GAST,Georgia State Panthers,Georgia St,1e539a,ebebeb,https://a.espncdn.com/i/teamlogos/ncaa/500/2247.png,53
293262247,2010,2,2009-11-22,2009-11-22T14:00:00.000000-0500,2247,s:40~l:54~t:2247,georgia-state-panthers,Georgia State,Panthers,GAST,Georgia State Panthers,Georgia St,1e539a,ebebeb,https://a.espncdn.com/i/teamlogos/ncaa/500/2247.png,home,53,false,13,2,19,41.7,20,48,0,21,50.0,10,20,1,8,9,16,0,37.5,3,8,32,0,0,0,52,s:40~l:54~t:52,florida-state-seminoles,Florida State,Seminoles,FSU,Florida State Seminoles,Florida St,782F40,ceb888,https://a.espncdn.com/i/teamlogos/ncaa/500/52.png,66
293260002,2010,2,2009-11-22,2009-11-22T15:00:00.000000-0500,245,s:40~l:54~t:245,texas-am-aggies,Texas A&M,Aggies,TA&M,Texas A&M Aggies,Texas A&M,5C0025,ffffff,https://a.espncdn.com/i/teamlogos/ncaa/500/245.png,away,79,true,17,3,17,53.4,31,58,0,25,83.3,10,12,23,10,15,18,0,53.8,7,13,29,0,0,0,2,s:40~l:54~t:2,auburn-tigers,Auburn,Tigers,AUB,Auburn Tigers,Auburn,03244d,f1f2f3,https://a.espncdn.com/i/teamlogos/ncaa/500/2.png,59
293260002,2010,2,2009-11-22,2009-11-22T15:00:00.000000-0500,2,s:40~l:54~t:2,auburn-tigers,Auburn,Tigers,AUB,Auburn Tigers,Auburn,03244d,f1f2f3,https://a.espncdn.com/i/teamlogos/ncaa/500/2.png,home,59,false,10,3,15,38.0,19,50,0,14,72.0,18,25,2,13,5,23,1,42.9,3,7,31,1,0,0,245,s:40~l:54~t:245,texas-am-aggies,Texas A&M,Aggies,TA&M,Texas A&M Aggies,Texas A&M,5C0025,ffffff,https://a.espncdn.com/i/teamlogos/ncaa/500/245.png,79
293260061,2010,2,2009-11-22,2009-11-22T14:30:00.000000-0500,164,s:40~l:54~t:164,rutgers-scarlet-knights,Rutgers,Scarlet Knights,RUTG,Rutgers Scarlet Knights,Rutgers,d21034,ffffff,https://a.espncdn.com/i/teamlogos/ncaa/500/164.png,away,48,false,13,10,29,38.0,19,50,0,17,70.0,7,10,12,11,10,26,0,18.8,3,16,45,0,0,0,61,s:40~l:54~t:61,georgia-lady-bulldogs,Georgia,Lady Bulldogs,UGA,Georgia Lady Bulldogs,Georgia,CC0000,000000,https://a.espncdn.com/i/teamlogos/ncaa/500/61.png,49
293260061,2010,2,2009-11-22,2009-11-22T14:30:00.000000-0500,61,s:40~l:54~t:61,georgia-lady-bulldogs,Georgia,Lady Bulldogs,UGA,Georgia Lady Bulldogs,Georgia,CC0000,000000,https://a.espncdn.com/i/teamlogos/ncaa/500/61.png,home,49,true,6,5,17,25.9,14,54,0,9,62.5,15,24,6,9,11,16,0,31.6,6,19,31,0,0,0,164,s:40~l:54~t:164,rutgers-scarlet-knights,Rutgers,Scarlet Knights,RUTG,Rutgers Scarlet Knights,Rutgers,d21034,ffffff,https://a.espncdn.com/i/teamlogos/ncaa/500/164.png,48
293260097,2010,2,2009-11-22,2009-11-22T16:30:00.000000-0500,2635,s:40~l:54~t:2635,tennessee-tech-golden-eagles,Tennessee Tech,Golden Eagles,TNTC,Tennessee Tech Golden Eagles,Tennessee Tech,5A4099,ffde00,https://a.espncdn.com/i/teamlogos/ncaa/500/2635.png,away,54,false,7,1,18,27.9,17,61,0,18,72.7,16,22,0,12,8,20,1,28.6,4,14,32,1,0,0,97,s:40~l:54~t:97,louisville-cardinals,Louisville,Cardinals,LOU,Louisville Cardinals,Louisville,c9001f,000000,https://a.espncdn.com/i/teamlogos/ncaa/500/97.png,84
293260097,2010,2,2009-11-22,2009-11-22T16:30:00.000000-0500,97,s:40~l:54~t:97,louisville-cardinals,Louisville,Cardinals,LOU,Louisville Cardinals,Louisville,c9001f,000000,https://a.espncdn.com/i/teamlogos/ncaa/500/97.png,home,84,true,15,6,31,53.3,32,60,0,20,72.0,18,25,30,13,9,21,0,25.0,2,8,47,0,0,0,2635,s:40~l:54~t:2635,tennessee-tech-golden-eagles,Tennessee Tech,Golden Eagles,TNTC,Tennessee Tech Golden Eagles,Tennessee Tech,5A4099,ffde00,https://a.espncdn.com/i/teamlogos/ncaa/500/2635.png,54
293260344,2010,2,2009-11-22,2009-11-22T15:00:00.000000-0500,120,s:40~l:54~t:120,maryland-terrapins,Maryland,Terrapins,MD,Maryland Terrapins,Maryland,D5002B,ffcd00,https://a.espncdn.com/i/teamlogos/ncaa/500/120.png,away,55,false,4,2,28,30.8,16,52,0,21,75.0,18,24,0,12,6,28,0,23.8,5,21,41,0,0,0,344,s:40~l:54~t:344,mississippi-state-bulldogs,Mississippi State,Bulldogs,MSST,Mississippi State Bulldogs,Mississippi St,762123,c8c8c8,https://a.espncdn.com/i/teamlogos/ncaa/500/344.png,84
293260344,2010,2,2009-11-22,2009-11-22T15:00:00.000000-0500,344,s:40~l:54~t:344,mississippi-state-bulldogs,Mississippi State,Bulldogs,MSST,Mississippi State Bulldogs,Mississippi St,762123,c8c8c8,https://a.espncdn.com/i/teamlogos/ncaa/500/344.png,home,84,true,21,6,26,44.3,31,70,0,18,60.0,12,20,35,11,10,15,0,38.5,10,26,42,0,0,0,120,s:40~l:54~t:120,maryland-terrapins,Maryland,Terrapins,MD,Maryland Terrapins,Maryland,D5002B,ffcd00,https://a.espncdn.com/i/teamlogos/ncaa/500/120.png,55
293260356,2010,2,2009-11-22,2009-11-22T14:00:00.000000-0500,71,s:40~l:54~t:71,bradley-braves,Bradley,Braves,BRAD,Bradley Braves,Bradley,b70002,c0c0c0,https://a.espncdn.com/i/teamlogos/ncaa/500/71.png,away,45,false,8,5,27,25.4,16,63,0,19,35.3,6,17,3,14,6,22,0,28.0,7,25,46,0,0,0,356,s:40~l:54~t:356,illinois-fighting-illini,Illinois,Fighting Illini,ILL,Illinois Fighting Illini,Illinois,ff5f05,13294b,https://a.espncdn.com/i/teamlogos/ncaa/500/356.png,67
293260356,2010,2,2009-11-22,2009-11-22T14:00:00.000000-0500,356,s:40~l:54~t:356,illinois-fighting-illini,Illinois,Fighting Illini,ILL,Illinois Fighting Illini,Illinois,ff5f05,13294b,https://a.espncdn.com/i/teamlogos/ncaa/500/356.png,home,67,true,14,3,34,41.4,24,58,0,13,73.9,17,23,23,9,13,17,0,22.2,2,9,43,0,0,0,71,s:40~l:54~t:71,bradley-braves,Bradley,Braves,BRAD,Bradley Braves,Bradley,b70002,c0c0c0,https://a.espncdn.com/i/teamlogos/ncaa/500/71.png,45
293260256,2010,2,2009-11-22,2009-11-22T14:00:00.000000-0500,259,s:40~l:54~t:259,virginia-tech-hokies,Virginia Tech,Hokies,VT,Virginia Tech Hokies,Virginia Tech,630031,cf4520,https://a.espncdn.com/i/teamlogos/ncaa/500/259.png,away,59,false,14,1,22,34.9,22,63,0,19,54.5,12,22,11,14,6,12,0,27.3,3,11,48,0,0,0,256,s:40~l:54~t:256,james-madison-dukes,James Madison,Dukes,JMU,James Madison Dukes,James Madison,450084,cbb778,https://a.espncdn.com/i/teamlogos/ncaa/500/256.png,66
293260256,2010,2,2009-11-22,2009-11-22T14:00:00.000000-0500,256,s:40~l:54~t:256,james-madison-dukes,James Madison,Dukes,JMU,James Madison Dukes,James Madison,450084,cbb778,https://a.espncdn.com/i/teamlogos/ncaa/500/256.png,home,66,true,9,6,23,37.1,23,62,0,16,63.6,14,22,1,13,5,14,0,37.5,6,16,44,0,0,0,259,s:40~l:54~t:259,virginia-tech-hokies,Virginia Tech,Hokies,VT,Virginia Tech Hokies,Virginia Tech,630031,cf4520,https://a.espncdn.com/i/teamlogos/ncaa/500/259.png,59
293260183,2010,2,2009-11-22,2009-11-22T14:00:00.000000-0500,2066,s:40~l:54~t:2066,binghamton-bearcats,Binghamton,Bearcats,BING,Binghamton Bearcats,Binghamton,00614A,f0f0f0,https://a.espncdn.com/i/teamlogos/ncaa/500/2066.png,away,74,false,18,4,14,39.7,29,73,0,12,18.2,2,11,1,18,9,8,0,35.9,14,39,36,0,0,0,183,s:40~l:54~t:183,syracuse-orange,Syracuse,Orange,SYR,Syracuse Orange,Syracuse,ff6500,000e54,https://a.espncdn.com/i/teamlogos/ncaa/500/183.png,87
293260183,2010,2,2009-11-22,2009-11-22T14:00:00.000000-0500,183,s:40~l:54~t:183,syracuse-orange,Syracuse,Orange,SYR,Syracuse Orange,Syracuse,ff6500,000e54,https://a.espncdn.com/i/teamlogos/ncaa/500/183.png,home,87,true,28,2,27,51.5,34,66,0,13,55.6,5,9,19,16,2,15,0,45.2,14,31,47,0,0,0,2066,s:40~l:54~t:2066,binghamton-bearcats,Binghamton,Bearcats,BING,Binghamton Bearcats,Binghamton,00614A,f0f0f0,https://a.espncdn.com/i/teamlogos/ncaa/500/2066.png,74
293260113,2010,2,2009-11-22,2009-11-22T14:00:00.000000-0500,222,s:40~l:54~t:222,villanova-wildcats,Villanova,Wildcats,VILL,Villanova Wildcats,Villanova,00205b,13b5ea,https://a.espncdn.com/i/teamlogos/ncaa/500/222.png,away,47,false,14,4,24,28.3,17,60,0,18,100.0,4,4,8,9,4,10,0,23.7,9,38,34,0,0,0,113,s:40~l:54~t:113,umass-minutewomen,UMass,Minutewomen,MASS,UMass Minutewomen,UMass,880007,,https://a.espncdn.com/i/teamlogos/ncaa/500/113.png,55
293260113,2010,2,2009-11-22,2009-11-22T14:00:00.000000-0500,113,s:40~l:54~t:113,umass-minutewomen,UMass,Minutewomen,MASS,UMass Minutewomen,UMass,880007,,https://a.espncdn.com/i/teamlogos/ncaa/500/113.png,home,55,true,14,2,29,38.3,18,47,0,9,76.2,16,21,5,5,5,11,0,18.8,3,16,39,0,0,0,222,s:40~l:54~t:222,villanova-wildcats,Villanova,Wildcats,VILL,Villanova Wildcats,Villanova,00205b,13b5ea,https://a.espncdn.com/i/teamlogos/ncaa/500/222.png,47
293260103,2010,2,2009-11-22,2009-11-22T14:00:00.000000-0500,261,s:40~l:54~t:261,vermont-catamounts,Vermont,Catamounts,UVM,Vermont Catamounts,Vermont,154734,ffc72c,https://a.espncdn.com/i/teamlogos/ncaa/500/261.png,away,84,true,11,3,17,42.1,24,57,0,16,91.2,31,34,28,14,11,15,2,29.4,5,17,36,2,0,0,103,s:40~l:54~t:103,boston-college-eagles,Boston College,Eagles,BC,Boston College Eagles,Boston College,8c2232,dbcca6,https://a.espncdn.com/i/teamlogos/ncaa/500/103.png,65
293260103,2010,2,2009-11-22,2009-11-22T14:00:00.000000-0500,103,s:40~l:54~t:103,boston-college-eagles,Boston College,Eagles,BC,Boston College Eagles,Boston College,8c2232,dbcca6,https://a.espncdn.com/i/teamlogos/ncaa/500/103.png,home,65,false,12,5,17,41.1,23,56,0,24,68.4,13,19,1,10,2,23,0,27.3,6,22,31,0,0,0,261,s:40~l:54~t:261,vermont-catamounts,Vermont,Catamounts,UVM,Vermont Catamounts,Vermont,154734,ffc72c,https://a.espncdn.com/i/teamlogos/ncaa/500/261.png,84
293260084,2010,2,2009-11-22,2009-11-22T14:00:00.000000-0500,142,s:40~l:54~t:142,missouri-tigers,Missouri,Tigers,MIZ,Missouri Tigers,Missouri,f1b82d,000000,https://a.espncdn.com/i/teamlogos/ncaa/500/142.png,away,76,true,14,0,28,41.2,28,68,0,21,78.9,15,19,14,15,5,16,0,38.5,5,13,47,0,0,0,84,s:40~l:54~t:84,indiana-hoosiers,Indiana,Hoosiers,IU,Indiana Hoosiers,Indiana,990000,edebeb,https://a.espncdn.com/i/teamlogos/ncaa/500/84.png,71
293260084,2010,2,2009-11-22,2009-11-22T14:00:00.000000-0500,84,s:40~l:54~t:84,indiana-hoosiers,Indiana,Hoosiers,IU,Indiana Hoosiers,Indiana,990000,edebeb,https://a.espncdn.com/i/teamlogos/ncaa/500/84.png,home,71,false,7,3,22,40.3,25,62,0,17,80.0,20,25,9,8,7,13,0,9.1,1,11,34,0,0,0,142,s:40~l:54~t:142,missouri-tigers,Missouri,Tigers,MIZ,Missouri Tigers,Missouri,f1b82d,000000,https://a.espncdn.com/i/teamlogos/ncaa/500/142.png,76
293260275,2010,2,2009-11-22,2009-11-22T14:30:00.000000-0500,325,s:40~l:54~t:325,cleveland-state-vikings,Cleveland State,Vikings,CLEV,Cleveland State Vikings,Cleveland St,006633,231f20,https://a.espncdn.com/i/teamlogos/ncaa/500/325.png,away,68,false,14,2,17,51.0,25,49,0,15,63.2,12,19,15,7,5,17,0,37.5,6,16,24,0,0,0,275,s:40~l:54~t:275,wisconsin-badgers,Wisconsin,Badgers,WISC,Wisconsin Badgers,Wisconsin,A00000,f7f7f7,https://a.espncdn.com/i/teamlogos/ncaa/500/275.png,70
293260275,2010,2,2009-11-22,2009-11-22T14:30:00.000000-0500,275,s:40~l:54~t:275,wisconsin-badgers,Wisconsin,Badgers,WISC,Wisconsin Badgers,Wisconsin,A00000,f7f7f7,https://a.espncdn.com/i/teamlogos/ncaa/500/275.png,home,70,true,12,1,18,47.5,28,59,0,21,68.8,11,16,2,13,11,15,0,23.1,3,13,33,0,0,0,325,s:40~l:54~t:325,cleveland-state-vikings,Cleveland State,Vikings,CLEV,Cleveland State Vikings,Cleveland St,006633,231f20,https://a.espncdn.com/i/teamlogos/ncaa/500/325.png,68
293262579,2010,2,2009-11-22,2009-11-22T15:00:00.000000-0500,213,s:40~l:54~t:213,penn-state-lady-lions,Penn State,Lady Lions,PSU,Penn State Lady Lions,Penn State,00265D,002e5c,https://a.espncdn.com/i/teamlogos/ncaa/500/213.png,away,56,false,6,7,27,28.6,18,63,0,25,66.7,18,27,2,17,5,21,0,22.2,2,9,55,0,0,0,2579,s:40~l:54~t:2579,south-carolina-gamecocks,South Carolina,Gamecocks,SC,South Carolina Gamecocks,South Carolina,73000a,ffffff,https://a.espncdn.com/i/teamlogos/ncaa/500/2579.png,63
293262579,2010,2,2009-11-22,2009-11-22T15:00:00.000000-0500,2579,s:40~l:54~t:2579,south-carolina-gamecocks,South Carolina,Gamecocks,SC,South Carolina Gamecocks,South Carolina,73000a,ffffff,https://a.espncdn.com/i/teamlogos/ncaa/500/2579.png,home,63,true,9,5,21,30.2,19,63,0,20,61.8,21,34,13,17,13,13,0,28.6,4,14,42,0,0,0,213,s:40~l:54~t:213,penn-state-lady-lions,Penn State,Lady Lions,PSU,Penn State Lady Lions,Penn State,00265D,002e5c,https://a.espncdn.com/i/teamlogos/ncaa/500/213.png,56
293262181,2010,2,2009-11-22,2009-11-22T15:05:00.000000-0500,66,s:40~l:54~t:66,iowa-state-cyclones,Iowa State,Cyclones,ISU,Iowa State Cyclones,Iowa State,822433,fdca2f,https://a.espncdn.com/i/teamlogos/ncaa/500/66.png,away,75,false,13,3,19,46.4,26,56,0,21,68.4,13,19,8,13,2,17,0,41.7,10,24,36,0,0,0,2181,s:40~l:54~t:2181,drake-bulldogs,Drake,Bulldogs,DRKE,Drake Bulldogs,Drake,004477,c0c0c0,https://a.espncdn.com/i/teamlogos/ncaa/500/2181.png,78
293262181,2010,2,2009-11-22,2009-11-22T15:05:00.000000-0500,2181,s:40~l:54~t:2181,drake-bulldogs,Drake,Bulldogs,DRKE,Drake Bulldogs,Drake,004477,c0c0c0,https://a.espncdn.com/i/teamlogos/ncaa/500/2181.png,home,78,true,20,3,19,49.1,28,57,0,19,75.0,15,20,8,11,4,9,0,38.9,7,18,31,0,0,0,66,s:40~l:54~t:66,iowa-state-cyclones,Iowa State,Cyclones,ISU,Iowa State Cyclones,Iowa State,822433,fdca2f,https://a.espncdn.com/i/teamlogos/ncaa/500/66.png,75
293260158,2010,2,2009-11-22,2009-11-22T15:05:00.000000-0500,265,s:40~l:54~t:265,washington-state-cougars,Washington State,Cougars,WSU,Washington State Cougars,Washington St,94022a,6a747c,https://a.espncdn.com/i/teamlogos/ncaa/500/265.png,away,54,false,7,5,18,25.6,20,78,0,25,66.7,8,12,0,17,6,15,0,28.6,6,21,38,0,0,0,158,s:40~l:54~t:158,nebraska-cornhuskers,Nebraska,Cornhuskers,NEB,Nebraska Cornhuskers,Nebraska,F20017,f5f1e7,https://a.espncdn.com/i/teamlogos/ncaa/500/158.png,107
293260158,2010,2,2009-11-22,2009-11-22T15:05:00.000000-0500,158,s:40~l:54~t:158,nebraska-cornhuskers,Nebraska,Cornhuskers,NEB,Nebraska Cornhuskers,Nebraska,F20017,f5f1e7,https://a.espncdn.com/i/teamlogos/ncaa/500/158.png,home,107,true,17,6,39,52.7,39,74,0,16,64.3,18,28,56,16,4,12,0,47.8,11,23,59,0,0,0,265,s:40~l:54~t:265,washington-state-cougars,Washington State,Cougars,WSU,Washington State Cougars,Washington St,94022a,6a747c,https://a.espncdn.com/i/teamlogos/ncaa/500/265.png,54
293262509,2010,2,2009-11-22,2009-11-22T16:00:00.000000-0500,46,s:40~l:54~t:46,georgetown-hoyas,Georgetown,Hoyas,GTWN,Georgetown Hoyas,Georgetown,110E42,001c58,https://a.espncdn.com/i/teamlogos/ncaa/500/46.png,away,55,true,13,2,20,33.9,19,56,0,17,68.4,13,19,16,12,15,17,0,20.0,4,20,36,0,0,0,2509,s:40~l:54~t:2509,purdue-boilermakers,Purdue,Boilermakers,PUR,Purdue Boilermakers,Purdue,000000,cfb991,https://a.espncdn.com/i/teamlogos/ncaa/500/2509.png,39
293262509,2010,2,2009-11-22,2009-11-22T16:00:00.000000-0500,2509,s:40~l:54~t:2509,purdue-boilermakers,Purdue,Boilermakers,PUR,Purdue Boilermakers,Purdue,000000,cfb991,https://a.espncdn.com/i/teamlogos/ncaa/500/2509.png,home,39,false,11,5,23,31.1,14,45,0,19,63.6,7,11,4,8,8,27,0,21.1,4,19,35,0,0,0,46,s:40~l:54~t:46,georgetown-hoyas,Georgetown,Hoyas,GTWN,Georgetown Hoyas,Georgetown,110E42,001c58,https://a.espncdn.com/i/teamlogos/ncaa/500/46.png,55
293260149,2010,2,2009-11-22,2009-11-22T16:00:00.000000-0500,2483,s:40~l:54~t:2483,oregon-ducks,Oregon,Ducks,ORE,Oregon Ducks,Oregon,044520,fee123,https://a.espncdn.com/i/teamlogos/ncaa/500/2483.png,away,86,true,16,3,31,44.3,35,79,0,22,69.2,9,13,9,13,11,18,0,26.9,7,26,46,0,0,0,149,s:40~l:54~t:149,montana-lady-griz,Montana,Lady Griz,MONT,Montana Lady Griz,Montana,751D4A,666666,https://a.espncdn.com/i/teamlogos/ncaa/500/149.png,81
293260149,2010,2,2009-11-22,2009-11-22T16:00:00.000000-0500,149,s:40~l:54~t:149,montana-lady-griz,Montana,Lady Griz,MONT,Montana Lady Griz,Montana,751D4A,666666,https://a.espncdn.com/i/teamlogos/ncaa/500/149.png,home,81,false,11,8,32,37.8,28,74,0,15,84.0,21,25,2,13,4,17,0,30.8,4,13,49,0,0,0,2483,s:40~l:54~t:2483,oregon-ducks,Oregon,Ducks,ORE,Oregon Ducks,Oregon,044520,fee123,https://a.espncdn.com/i/teamlogos/ncaa/500/2483.png,86
293260008,2010,2,2009-11-22,2009-11-22T16:00:00.000000-0500,2193,s:40~l:54~t:2193,east-tennessee-state-bucs,East Tennessee State,Bucs,ETSU,East Tennessee State Bucs,ETSU,002d61,ffc423,https://a.espncdn.com/i/teamlogos/ncaa/500/2193.png,away,78,false,13,2,19,30.4,24,79,0,24,73.5,25,34,6,19,11,17,0,25.0,5,20,43,0,0,0,8,s:40~l:54~t:8,arkansas-razorbacks,Arkansas,Razorbacks,ARK,Arkansas Razorbacks,Arkansas,a41f35,222222,https://a.espncdn.com/i/teamlogos/ncaa/500/8.png,95
293260008,2010,2,2009-11-22,2009-11-22T16:00:00.000000-0500,8,s:40~l:54~t:8,arkansas-razorbacks,Arkansas,Razorbacks,ARK,Arkansas Razorbacks,Arkansas,a41f35,222222,https://a.espncdn.com/i/teamlogos/ncaa/500/8.png,home,95,true,21,6,31,50.0,31,62,0,28,75.0,24,32,19,10,11,26,0,42.9,9,21,48,0,0,0,2193,s:40~l:54~t:2193,east-tennessee-state-bucs,East Tennessee State,Bucs,ETSU,East Tennessee State Bucs,ETSU,002d61,ffc423,https://a.espncdn.com/i/teamlogos/ncaa/500/2193.png,78
293260096,2010,2,2009-11-22,2009-11-22T18:00:00.000000-0500,236,s:40~l:54~t:236,chattanooga-mocs,Chattanooga,Mocs,UTC,Chattanooga Mocs,Chattanooga,00386b,dca71d,https://a.espncdn.com/i/teamlogos/ncaa/500/236.png,away,55,false,9,2,29,36.5,19,52,0,18,75.0,12,16,9,8,3,24,0,21.7,5,23,40,0,0,0,96,s:40~l:54~t:96,kentucky-wildcats,Kentucky,Wildcats,UK,Kentucky Wildcats,Kentucky,005DAA,ffffff,https://a.espncdn.com/i/teamlogos/ncaa/500/96.png,65
293260096,2010,2,2009-11-22,2009-11-22T18:00:00.000000-0500,96,s:40~l:54~t:96,kentucky-wildcats,Kentucky,Wildcats,UK,Kentucky Wildcats,Kentucky,005DAA,ffffff,https://a.espncdn.com/i/teamlogos/ncaa/500/96.png,home,65,true,10,8,22,39.3,24,61,0,14,68.4,13,19,10,7,9,13,0,16.7,4,24,32,0,0,0,236,s:40~l:54~t:236,chattanooga-mocs,Chattanooga,Mocs,UTC,Chattanooga Mocs,Chattanooga,00386b,dca71d,https://a.espncdn.com/i/teamlogos/ncaa/500/236.png,55
293260135,2010,2,2009-11-22,2009-11-22T19:00:00.000000-0500,38,s:40~l:54~t:38,colorado-buffaloes,Colorado,Buffaloes,COLO,Colorado Buffaloes,Colorado,000000,cfb87c,https://a.espncdn.com/i/teamlogos/ncaa/500/38.png,away,78,false,15,5,16,49.1,28,57,0,25,92.3,12,13,5,5,11,13,0,37.0,10,27,24,0,0,0,135,s:40~l:54~t:135,minnesota-golden-gophers,Minnesota,Golden Gophers,MINN,Minnesota Golden Gophers,Minnesota,981a31,981a31,https://a.espncdn.com/i/teamlogos/ncaa/500/135.png,87
293260135,2010,2,2009-11-22,2009-11-22T19:00:00.000000-0500,135,s:40~l:54~t:135,minnesota-golden-gophers,Minnesota,Golden Gophers,MINN,Minnesota Golden Gophers,Minnesota,981a31,981a31,https://a.espncdn.com/i/teamlogos/ncaa/500/135.png,home,87,true,18,1,21,50.0,25,50,0,15,88.2,30,34,11,6,6,14,0,43.8,7,16,32,0,0,0,38,s:40~l:54~t:38,colorado-buffaloes,Colorado,Buffaloes,COLO,Colorado Buffaloes,Colorado,000000,cfb87c,https://a.espncdn.com/i/teamlogos/ncaa/500/38.png,78
293250099,2010,2,2009-11-21,2009-11-21T13:00:00.000000-0500,248,s:40~l:54~t:248,houston-cougars,Houston,Cougars,HOU,Houston Cougars,Houston,c92a39,ffffff,https://a.espncdn.com/i/teamlogos/ncaa/500/248.png,away,54,false,4,3,23,37.5,21,56,0,15,53.3,8,15,4,7,2,16,0,36.4,4,11,35,0,0,0,99,s:40~l:54~t:99,lsu-tigers,LSU,Tigers,LSU,LSU Tigers,LSU,461d7c,fdd023,https://a.espncdn.com/i/teamlogos/ncaa/500/99.png,72
293250099,2010,2,2009-11-21,2009-11-21T13:00:00.000000-0500,99,s:40~l:54~t:99,lsu-tigers,LSU,Tigers,LSU,LSU Tigers,LSU,461d7c,fdd023,https://a.espncdn.com/i/teamlogos/ncaa/500/99.png,home,72,true,17,8,30,40.6,28,69,0,15,81.3,13,16,27,14,7,8,0,30.0,3,10,50,0,0,0,248,s:40~l:54~t:248,houston-cougars,Houston,Cougars,HOU,Houston Cougars,Houston,c92a39,ffffff,https://a.espncdn.com/i/teamlogos/ncaa/500/248.png,54
293250305,2010,2,2009-11-21,2009-11-21T20:30:00.000000-0500,301,s:40~l:54~t:301,san-diego-toreros,San Diego,Toreros,USD,San Diego Toreros,San Diego,2f99d4,2f99d4,https://a.espncdn.com/i/teamlogos/ncaa/500/301.png,away,64,false,11,0,15,39.7,23,58,0,16,57.9,11,19,1,7,8,14,0,50.0,7,14,29,0,0,0,305,s:40~l:54~t:305,depaul-blue-demons,DePaul,Blue Demons,DEP,DePaul Blue Demons,DePaul,2d649c,ce1125,https://a.espncdn.com/i/teamlogos/ncaa/500/305.png,84
293250305,2010,2,2009-11-21,2009-11-21T20:30:00.000000-0500,305,s:40~l:54~t:305,depaul-blue-demons,DePaul,Blue Demons,DEP,DePaul Blue Demons,DePaul,2d649c,ce1125,https://a.espncdn.com/i/teamlogos/ncaa/500/305.png,home,84,true,20,5,25,56.9,33,58,0,18,84.6,11,13,22,8,10,15,0,43.8,7,16,37,0,0,0,301,s:40~l:54~t:301,san-diego-toreros,San Diego,Toreros,USD,San Diego Toreros,San Diego,2f99d4,2f99d4,https://a.espncdn.com/i/teamlogos/ncaa/500/301.png,64
293250201,2010,2,2009-11-21,2009-11-21T15:00:00.000000-0500,2628,s:40~l:54~t:2628,tcu-horned-frogs,TCU,Horned Frogs,TCU,TCU Horned Frogs,TCU,4d1979,f1f2f3,https://a.espncdn.com/i/teamlogos/ncaa/500/2628.png,away,70,false,13,2,32,39.4,26,66,0,17,78.6,11,14,6,7,12,24,0,38.9,7,18,45,0,0,0,201,s:40~l:54~t:201,oklahoma-sooners,Oklahoma,Sooners,OU,Oklahoma Sooners,Oklahoma,9d2235,ffffff,https://a.espncdn.com/i/teamlogos/ncaa/500/201.png,74
293250201,2010,2,2009-11-21,2009-11-21T15:00:00.000000-0500,201,s:40~l:54~t:201,oklahoma-sooners,Oklahoma,Sooners,OU,Oklahoma Sooners,Oklahoma,9d2235,ffffff,https://a.espncdn.com/i/teamlogos/ncaa/500/201.png,home,74,true,16,6,29,39.2,29,74,0,18,55.6,10,18,10,13,15,19,0,27.3,6,22,47,0,0,0,2628,s:40~l:54~t:2628,tcu-horned-frogs,TCU,Horned Frogs,TCU,TCU Horned Frogs,TCU,4d1979,f1f2f3,https://a.espncdn.com/i/teamlogos/ncaa/500/2628.png,70
293252599,2010,2,2009-11-21,2009-11-21T14:00:00.000000-0500,104,s:40~l:54~t:104,boston-university-terriers,Boston University,Terriers,BU,Boston University Terriers,Boston Univ,cc0000,ffffff,https://a.espncdn.com/i/teamlogos/ncaa/500/104.png,away,63,false,11,1,29,39.0,23,59,0,21,62.5,15,24,0,6,6,20,0,15.4,2,13,44,0,0,0,2599,s:40~l:54~t:2599,st-johns-red-storm,St. John's,Red Storm,SJU,St. John's Red Storm,St John's,d10000,101010,https://a.espncdn.com/i/teamlogos/ncaa/500/2599.png,80
293252599,2010,2,2009-11-21,2009-11-21T14:00:00.000000-0500,2599,s:40~l:54~t:2599,st-johns-red-storm,St. John's,Red Storm,SJU,St. John's Red Storm,St John's,d10000,101010,https://a.espncdn.com/i/teamlogos/ncaa/500/2599.png,home,80,true,20,5,29,42.5,31,73,0,19,58.3,14,24,22,16,11,14,0,21.1,4,19,48,0,0,0,104,s:40~l:54~t:104,boston-university-terriers,Boston University,Terriers,BU,Boston University Terriers,Boston Univ,cc0000,ffffff,https://a.espncdn.com/i/teamlogos/ncaa/500/104.png,63
293252132,2010,2,2009-11-21,2009-11-21T14:00:00.000000-0500,2174,s:40~l:54~t:2174,detroit-mercy-titans,Detroit Mercy,Titans,DETM,Detroit Mercy Titans,Detroit Mercy,165b9e,d31733,https://a.espncdn.com/i/teamlogos/ncaa/500/2174.png,away,58,false,11,1,28,35.6,21,59,0,16,90.9,10,11,5,5,2,13,0,35.3,6,17,36,0,0,0,2132,s:40~l:54~t:2132,cincinnati-bearcats,Cincinnati,Bearcats,CIN,Cincinnati Bearcats,Cincinnati,000000,717073,https://a.espncdn.com/i/teamlogos/ncaa/500/2132.png,65
293252132,2010,2,2009-11-21,2009-11-21T14:00:00.000000-0500,2132,s:40~l:54~t:2132,cincinnati-bearcats,Cincinnati,Bearcats,CIN,Cincinnati Bearcats,Cincinnati,000000,717073,https://a.espncdn.com/i/teamlogos/ncaa/500/2132.png,home,65,true,16,3,26,35.6,21,59,0,14,77.8,14,18,17,7,2,11,0,31.0,9,29,38,0,0,0,2174,s:40~l:54~t:2174,detroit-mercy-titans,Detroit Mercy,Titans,DETM,Detroit Mercy Titans,Detroit Mercy,165b9e,d31733,https://a.espncdn.com/i/teamlogos/ncaa/500/2174.png,58
293250059,2010,2,2009-11-21,2009-11-21T14:00:00.000000-0500,526,s:40~l:54~t:526,florida-gulf-coast-eagles,Florida Gulf Coast,Eagles,FGCU,Florida Gulf Coast Eagles,FGCU,00885a,076c3b,https://a.espncdn.com/i/teamlogos/ncaa/500/526.png,away,48,false,10,1,16,28.9,13,45,0,19,64.3,18,28,5,7,10,10,0,22.2,4,18,26,0,0,0,59,s:40~l:54~t:59,georgia-tech-yellow-jackets,Georgia Tech,Yellow Jackets,GT,Georgia Tech Yellow Jackets,Georgia Tech,00223e,002c56,https://a.espncdn.com/i/teamlogos/ncaa/500/59.png,58
293250059,2010,2,2009-11-21,2009-11-21T14:00:00.000000-0500,59,s:40~l:54~t:59,georgia-tech-yellow-jackets,Georgia Tech,Yellow Jackets,GT,Georgia Tech Yellow Jackets,Georgia Tech,00223e,002c56,https://a.espncdn.com/i/teamlogos/ncaa/500/59.png,home,58,true,14,3,28,33.3,22,66,0,23,70.0,14,20,11,29,5,19,0,0.0,0,3,60,0,0,0,526,s:40~l:54~t:526,florida-gulf-coast-eagles,Florida Gulf Coast,Eagles,FGCU,Florida Gulf Coast Eagles,FGCU,00885a,076c3b,https://a.espncdn.com/i/teamlogos/ncaa/500/526.png,48
293250005,2010,2,2009-11-21,2009-11-21T14:00:00.000000-0500,2390,s:40~l:54~t:2390,miami-hurricanes,Miami,Hurricanes,MIA,Miami Hurricanes,Miami,004325,f0f0f0,https://a.espncdn.com/i/teamlogos/ncaa/500/2390.png,away,70,true,14,4,31,40.0,24,60,0,15,85.0,17,20,19,15,6,21,0,33.3,5,15,54,0,0,0,5,s:40~l:54~t:5,uab-blazers,UAB,Blazers,UAB,UAB Blazers,UAB,054338,ffc845,https://a.espncdn.com/i/teamlogos/ncaa/500/5.png,54
293250005,2010,2,2009-11-21,2009-11-21T14:00:00.000000-0500,5,s:40~l:54~t:5,uab-blazers,UAB,Blazers,UAB,UAB Blazers,UAB,054338,ffc845,https://a.espncdn.com/i/teamlogos/ncaa/500/5.png,home,54,false,11,0,15,28.6,20,70,0,22,75.0,9,12,7,15,10,13,0,18.5,5,27,35,0,0,0,2390,s:40~l:54~t:2390,miami-hurricanes,Miami,Hurricanes,MIA,Miami Hurricanes,Miami,004325,f0f0f0,https://a.espncdn.com/i/teamlogos/ncaa/500/2390.png,70
293250269,2010,2,2009-11-21,2009-11-21T15:00:00.000000-0500,2473,s:40~l:54~t:2473,oakland-golden-grizzlies,Oakland,Golden Grizzlies,OAK,Oakland Golden Grizzlies,Oakland,04091c,bc955c,https://a.espncdn.com/i/teamlogos/ncaa/500/2473.png,away,62,false,9,1,22,44.4,24,54,0,25,78.6,11,14,2,3,9,21,0,37.5,3,8,27,0,0,0,269,s:40~l:54~t:269,marquette-golden-eagles,Marquette,Golden Eagles,MARQ,Marquette Golden Eagles,Marquette,083963,ffffff,https://a.espncdn.com/i/teamlogos/ncaa/500/269.png,79
293250269,2010,2,2009-11-21,2009-11-21T15:00:00.000000-0500,269,s:40~l:54~t:269,marquette-golden-eagles,Marquette,Golden Eagles,MARQ,Marquette Golden Eagles,Marquette,083963,ffffff,https://a.espncdn.com/i/teamlogos/ncaa/500/269.png,home,79,true,18,5,23,40.0,26,65,0,16,81.3,26,32,19,19,11,15,0,10.0,1,10,46,0,0,0,2473,s:40~l:54~t:2473,oakland-golden-grizzlies,Oakland,Golden Grizzlies,OAK,Oakland Golden Grizzlies,Oakland,04091c,bc955c,https://a.espncdn.com/i/teamlogos/ncaa/500/2473.png,62
293250135,2010,2,2009-11-21,2009-11-21T19:00:00.000000-0500,82,s:40~l:54~t:82,uic-flames,UIC,Flames,UIC,UIC Flames,UIC,001e62,d50032,https://a.espncdn.com/i/teamlogos/ncaa/500/82.png,away,58,false,14,4,18,36.1,22,61,0,25,62.5,5,8,0,16,5,28,0,34.6,9,26,39,0,0,0,135,s:40~l:54~t:135,minnesota-golden-gophers,Minnesota,Golden Gophers,MINN,Minnesota Golden Gophers,Minnesota,981a31,981a31,https://a.espncdn.com/i/teamlogos/ncaa/500/135.png,94
293250135,2010,2,2009-11-21,2009-11-21T19:00:00.000000-0500,135,s:40~l:54~t:135,minnesota-golden-gophers,Minnesota,Golden Gophers,MINN,Minnesota Golden Gophers,Minnesota,981a31,981a31,https://a.espncdn.com/i/teamlogos/ncaa/500/135.png,home,94,true,20,5,21,59.6,34,57,0,13,66.7,20,30,41,7,18,14,0,42.9,6,14,32,0,0,0,82,s:40~l:54~t:82,uic-flames,UIC,Flames,UIC,UIC Flames,UIC,001e62,d50032,https://a.espncdn.com/i/teamlogos/ncaa/500/82.png,58
293250058,2010,2,2009-11-21,2009-11-21T19:00:00.000000-0500,2454,s:40~l:54~t:2454,north-florida-ospreys,North Florida,Ospreys,UNF,North Florida Ospreys,North Florida,004B8D,babcbe,https://a.espncdn.com/i/teamlogos/ncaa/500/2454.png,away,48,false,8,3,30,32.1,18,56,0,18,50.0,7,14,2,5,10,24,0,26.3,5,19,45,0,0,0,58,s:40~l:54~t:58,south-florida-bulls,South Florida,Bulls,USF,South Florida Bulls,South Florida,004A36,231f20,https://a.espncdn.com/i/teamlogos/ncaa/500/58.png,62
293250058,2010,2,2009-11-21,2009-11-21T19:00:00.000000-0500,58,s:40~l:54~t:58,south-florida-bulls,South Florida,Bulls,USF,South Florida Bulls,South Florida,004A36,231f20,https://a.espncdn.com/i/teamlogos/ncaa/500/58.png,home,62,true,9,2,28,31.5,23,73,0,15,57.9,11,19,16,16,11,16,0,15.2,5,33,52,0,0,0,2454,s:40~l:54~t:2454,north-florida-ospreys,North Florida,Ospreys,UNF,North Florida Ospreys,North Florida,004B8D,babcbe,https://a.espncdn.com/i/teamlogos/ncaa/500/2454.png,48
293250046,2010,2,2009-11-21,2009-11-21T19:00:00.000000-0500,2547,s:40~l:54~t:2547,seattle-u-redhawks,Seattle U,Redhawks,SEA,Seattle U Redhawks,Seattle U,BF2E1A,c2c3c0,https://a.espncdn.com/i/teamlogos/ncaa/500/2547.png,away,54,false,17,1,14,41.3,19,46,0,13,54.5,6,11,1,6,10,23,0,32.3,10,31,22,0,0,0,46,s:40~l:54~t:46,georgetown-hoyas,Georgetown,Hoyas,GTWN,Georgetown Hoyas,Georgetown,110E42,001c58,https://a.espncdn.com/i/teamlogos/ncaa/500/46.png,68
293250046,2010,2,2009-11-21,2009-11-21T19:00:00.000000-0500,46,s:40~l:54~t:46,georgetown-hoyas,Georgetown,Hoyas,GTWN,Georgetown Hoyas,Georgetown,110E42,001c58,https://a.espncdn.com/i/teamlogos/ncaa/500/46.png,home,68,true,21,2,19,42.4,25,59,0,14,53.8,7,13,28,17,14,21,0,45.8,11,24,43,0,0,0,2547,s:40~l:54~t:2547,seattle-u-redhawks,Seattle U,Redhawks,SEA,Seattle U Redhawks,Seattle U,BF2E1A,c2c3c0,https://a.espncdn.com/i/teamlogos/ncaa/500/2547.png,54
293240107,2010,2,2009-11-20,2009-11-20T19:00:00.000000-0500,41,s:40~l:54~t:41,uconn-huskies,UConn,Huskies,CONN,UConn Huskies,UConn,0c2340,f1f2f3,https://a.espncdn.com/i/teamlogos/ncaa/500/41.png,away,87,true,26,5,27,60.3,35,58,0,6,86.7,13,15,54,9,17,12,0,23.5,4,17,37,0,0,0,107,s:40~l:54~t:107,holy-cross-crusaders,Holy Cross,Crusaders,HC,Holy Cross Crusaders,Holy Cross,0a0a0a,080808,https://a.espncdn.com/i/teamlogos/ncaa/500/107.png,34
293240107,2010,2,2009-11-20,2009-11-20T19:00:00.000000-0500,107,s:40~l:54~t:107,holy-cross-crusaders,Holy Cross,Crusaders,HC,Holy Cross Crusaders,Holy Cross,0a0a0a,080808,https://a.espncdn.com/i/teamlogos/ncaa/500/107.png,home,34,false,7,0,9,26.7,12,45,0,11,66.7,4,6,0,6,3,24,0,37.5,6,16,21,0,0,0,41,s:40~l:54~t:41,uconn-huskies,UConn,Huskies,CONN,UConn Huskies,UConn,0c2340,f1f2f3,https://a.espncdn.com/i/teamlogos/ncaa/500/41.png,87
293240251,2010,2,2009-11-20,2009-11-20T20:00:00.000000-0500,249,s:40~l:54~t:249,north-texas-mean-green,North Texas,Mean Green,UNT,North Texas Mean Green,North Texas,00853D,000000,https://a.espncdn.com/i/teamlogos/ncaa/500/249.png,away,52,false,10,2,11,34.4,21,61,0,14,55.6,5,9,0,9,9,26,0,38.5,5,13,29,0,0,0,251,s:40~l:54~t:251,texas-longhorns,Texas,Longhorns,TEX,Texas Longhorns,Texas,c15d26,ffffff,https://a.espncdn.com/i/teamlogos/ncaa/500/251.png,96
293240251,2010,2,2009-11-20,2009-11-20T20:00:00.000000-0500,251,s:40~l:54~t:251,texas-longhorns,Texas,Longhorns,TEX,Texas Longhorns,Texas,c15d26,ffffff,https://a.espncdn.com/i/teamlogos/ncaa/500/251.png,home,96,true,19,8,26,55.9,38,68,0,15,86.7,13,15,49,14,11,17,0,58.3,7,12,42,0,0,0,249,s:40~l:54~t:249,north-texas-mean-green,North Texas,Mean Green,UNT,North Texas Mean Green,North Texas,00853D,000000,https://a.espncdn.com/i/teamlogos/ncaa/500/249.png,52
293240052,2010,2,2009-11-20,2009-11-20T19:00:00.000000-0500,56,s:40~l:54~t:56,stetson-hatters,Stetson,Hatters,STET,Stetson Hatters,Stetson,0a5640,56854e,https://a.espncdn.com/i/teamlogos/ncaa/500/56.png,away,35,false,5,0,13,32.6,14,43,0,17,42.9,3,7,4,4,4,36,0,28.6,4,14,22,0,0,0,52,s:40~l:54~t:52,florida-state-seminoles,Florida State,Seminoles,FSU,Florida State Seminoles,Florida St,782F40,ceb888,https://a.espncdn.com/i/teamlogos/ncaa/500/52.png,101
293240052,2010,2,2009-11-20,2009-11-20T19:00:00.000000-0500,52,s:40~l:54~t:52,florida-state-seminoles,Florida State,Seminoles,FSU,Florida State Seminoles,Florida St,782F40,ceb888,https://a.espncdn.com/i/teamlogos/ncaa/500/52.png,home,101,true,22,5,23,53.5,38,71,0,13,76.9,20,26,67,19,20,16,0,45.5,5,11,45,0,0,0,56,s:40~l:54~t:56,stetson-hatters,Stetson,Hatters,STET,Stetson Hatters,Stetson,0a5640,56854e,https://a.espncdn.com/i/teamlogos/ncaa/500/56.png,35
293240305,2010,2,2009-11-20,2009-11-20T20:30:00.000000-0500,172,s:40~l:54~t:172,cornell-big-red,Cornell,Big Red,COR,Cornell Big Red,Cornell,d60027,101010,https://a.espncdn.com/i/teamlogos/ncaa/500/172.png,away,50,false,10,1,13,31.3,15,48,0,21,75.0,15,20,0,8,2,20,0,35.7,5,14,27,0,0,0,305,s:40~l:54~t:305,depaul-blue-demons,DePaul,Blue Demons,DEP,DePaul Blue Demons,DePaul,2d649c,ce1125,https://a.espncdn.com/i/teamlogos/ncaa/500/305.png,89
293240305,2010,2,2009-11-20,2009-11-20T20:30:00.000000-0500,305,s:40~l:54~t:305,depaul-blue-demons,DePaul,Blue Demons,DEP,DePaul Blue Demons,DePaul,2d649c,ce1125,https://a.espncdn.com/i/teamlogos/ncaa/500/305.png,home,89,true,15,3,26,44.9,31,69,0,17,80.8,21,26,39,23,12,15,0,30.0,6,20,52,0,0,0,172,s:40~l:54~t:172,cornell-big-red,Cornell,Big Red,COR,Cornell Big Red,Cornell,d60027,101010,https://a.espncdn.com/i/teamlogos/ncaa/500/172.png,50
293240238,2010,2,2009-11-20,2009-11-20T20:00:00.000000-0500,27,s:40~l:54~t:27,uc-riverside-highlanders,UC Riverside,Highlanders,UCR,UC Riverside Highlanders,UC Riverside,14234F,,https://a.espncdn.com/i/teamlogos/ncaa/500/27.png,away,60,false,16,3,19,37.5,21,56,0,20,76.9,10,13,2,5,12,27,0,33.3,8,24,32,0,0,0,238,s:40~l:54~t:238,vanderbilt-commodores,Vanderbilt,Commodores,VAN,Vanderbilt Commodores,Vanderbilt,000000,231f20,https://a.espncdn.com/i/teamlogos/ncaa/500/238.png,75
293240238,2010,2,2009-11-20,2009-11-20T20:00:00.000000-0500,238,s:40~l:54~t:238,vanderbilt-commodores,Vanderbilt,Commodores,VAN,Vanderbilt Commodores,Vanderbilt,000000,231f20,https://a.espncdn.com/i/teamlogos/ncaa/500/238.png,home,75,true,23,6,24,46.7,28,60,0,14,56.5,13,23,25,12,9,23,0,33.3,6,18,41,0,0,0,27,s:40~l:54~t:27,uc-riverside-highlanders,UC Riverside,Highlanders,UCR,UC Riverside Highlanders,UC Riverside,14234F,,https://a.espncdn.com/i/teamlogos/ncaa/500/27.png,60
293242509,2010,2,2009-11-20,2009-11-20T17:00:00.000000-0500,2547,s:40~l:54~t:2547,seattle-u-redhawks,Seattle U,Redhawks,SEA,Seattle U Redhawks,Seattle U,BF2E1A,c2c3c0,https://a.espncdn.com/i/teamlogos/ncaa/500/2547.png,away,38,false,9,0,20,30.6,15,49,0,20,40.0,4,10,0,6,6,21,0,21.1,4,19,29,0,0,0,2509,s:40~l:54~t:2509,purdue-boilermakers,Purdue,Boilermakers,PUR,Purdue Boilermakers,Purdue,000000,cfb991,https://a.espncdn.com/i/teamlogos/ncaa/500/2509.png,69
293242509,2010,2,2009-11-20,2009-11-20T17:00:00.000000-0500,2509,s:40~l:54~t:2509,purdue-boilermakers,Purdue,Boilermakers,PUR,Purdue Boilermakers,Purdue,000000,cfb991,https://a.espncdn.com/i/teamlogos/ncaa/500/2509.png,home,69,true,14,5,23,43.1,22,51,0,13,70.8,17,24,31,10,11,17,0,44.4,8,18,37,0,0,0,2547,s:40~l:54~t:2547,seattle-u-redhawks,Seattle U,Redhawks,SEA,Seattle U Redhawks,Seattle U,BF2E1A,c2c3c0,https://a.espncdn.com/i/teamlogos/ncaa/500/2547.png,38
293242168,2010,2,2009-11-20,2009-11-20T19:00:00.000000-0500,46,s:40~l:54~t:46,georgetown-hoyas,Georgetown,Hoyas,GTWN,Georgetown Hoyas,Georgetown,110E42,001c58,https://a.espncdn.com/i/teamlogos/ncaa/500/46.png,away,59,false,16,6,21,33.8,24,71,0,20,70.0,7,10,4,16,7,14,0,16.7,4,24,42,0,0,0,2168,s:40~l:54~t:2168,dayton-flyers,Dayton,Flyers,DAY,Dayton Flyers,Dayton,004B8D,ffffff,https://a.espncdn.com/i/teamlogos/ncaa/500/2168.png,62
293242168,2010,2,2009-11-20,2009-11-20T19:00:00.000000-0500,2168,s:40~l:54~t:2168,dayton-flyers,Dayton,Flyers,DAY,Dayton Flyers,Dayton,004B8D,ffffff,https://a.espncdn.com/i/teamlogos/ncaa/500/2168.png,home,62,true,16,4,21,41.8,23,55,0,14,63.2,12,19,6,10,3,20,0,23.5,4,17,40,0,0,0,46,s:40~l:54~t:46,georgetown-hoyas,Georgetown,Hoyas,GTWN,Georgetown Hoyas,Georgetown,110E42,001c58,https://a.espncdn.com/i/teamlogos/ncaa/500/46.png,59
293240221,2010,2,2009-11-20,2009-11-20T19:00:00.000000-0500,57,s:40~l:54~t:57,florida-gators,Florida,Gators,FLA,Florida Gators,Florida,0021a5,fa4616,https://a.espncdn.com/i/teamlogos/ncaa/500/57.png,away,58,false,12,2,25,35.6,21,59,0,21,52.9,9,17,2,9,6,16,0,28.0,7,25,38,0,0,0,221,s:40~l:54~t:221,pittsburgh-panthers,Pittsburgh,Panthers,PITT,Pittsburgh Panthers,Pitt,003263,231f20,https://a.espncdn.com/i/teamlogos/ncaa/500/221.png,81
293240221,2010,2,2009-11-20,2009-11-20T19:00:00.000000-0500,221,s:40~l:54~t:221,pittsburgh-panthers,Pittsburgh,Panthers,PITT,Pittsburgh Panthers,Pitt,003263,231f20,https://a.espncdn.com/i/teamlogos/ncaa/500/221.png,home,81,true,14,4,27,46.9,30,64,0,16,56.0,14,25,39,13,12,11,0,46.7,7,15,43,0,0,0,57,s:40~l:54~t:57,florida-gators,Florida,Gators,FLA,Florida Gators,Florida,0021a5,fa4616,https://a.espncdn.com/i/teamlogos/ncaa/500/57.png,58
293240082,2010,2,2009-11-20,2009-11-20T19:00:00.000000-0500,38,s:40~l:54~t:38,colorado-buffaloes,Colorado,Buffaloes,COLO,Colorado Buffaloes,Colorado,000000,cfb87c,https://a.espncdn.com/i/teamlogos/ncaa/500/38.png,away,63,true,12,5,32,35.2,19,54,0,15,78.3,18,23,14,13,4,19,0,36.8,7,19,52,0,0,0,82,s:40~l:54~t:82,uic-flames,UIC,Flames,UIC,UIC Flames,UIC,001e62,d50032,https://a.espncdn.com/i/teamlogos/ncaa/500/82.png,49
293240082,2010,2,2009-11-20,2009-11-20T19:00:00.000000-0500,82,s:40~l:54~t:82,uic-flames,UIC,Flames,UIC,UIC Flames,UIC,001e62,d50032,https://a.espncdn.com/i/teamlogos/ncaa/500/82.png,home,49,false,7,7,20,26.6,17,64,0,20,80.0,12,15,0,11,12,8,0,20.0,3,15,35,0,0,0,38,s:40~l:54~t:38,colorado-buffaloes,Colorado,Buffaloes,COLO,Colorado Buffaloes,Colorado,000000,cfb87c,https://a.espncdn.com/i/teamlogos/ncaa/500/38.png,63
293242306,2010,2,2009-11-20,2009-11-20T20:00:00.000000-0500,265,s:40~l:54~t:265,washington-state-cougars,Washington State,Cougars,WSU,Washington State Cougars,Washington St,94022a,6a747c,https://a.espncdn.com/i/teamlogos/ncaa/500/265.png,away,63,false,12,2,20,36.8,25,68,0,20,44.4,8,18,10,17,12,14,0,18.5,5,27,40,0,0,0,2306,s:40~l:54~t:2306,kansas-state-wildcats,Kansas State,Wildcats,KSU,Kansas State Wildcats,Kansas St,633194,e7d2ad,https://a.espncdn.com/i/teamlogos/ncaa/500/2306.png,70
293242306,2010,2,2009-11-20,2009-11-20T20:00:00.000000-0500,2306,s:40~l:54~t:2306,kansas-state-wildcats,Kansas State,Wildcats,KSU,Kansas State Wildcats,Kansas St,633194,e7d2ad,https://a.espncdn.com/i/teamlogos/ncaa/500/2306.png,home,70,true,14,1,28,46.0,23,50,0,15,80.0,20,25,14,8,4,17,0,30.8,4,13,37,0,0,0,265,s:40~l:54~t:265,washington-state-cougars,Washington State,Cougars,WSU,Washington State Cougars,Washington St,94022a,6a747c,https://a.espncdn.com/i/teamlogos/ncaa/500/265.png,63
293230024,2010,2,2009-11-19,2009-11-19T22:00:00.000000-0500,2492,s:40~l:54~t:2492,pepperdine-waves,Pepperdine,Waves,PEPP,Pepperdine Waves,Pepperdine,003A72,dc762f,https://a.espncdn.com/i/teamlogos/ncaa/500/2492.png,away,50,false,7,0,16,25.3,19,75,0,15,63.6,7,11,4,15,12,16,0,23.8,5,21,33,0,0,0,24,s:40~l:54~t:24,stanford-cardinal,Stanford,Cardinal,STAN,Stanford Cardinal,Stanford,8c1515,ffffff,https://a.espncdn.com/i/teamlogos/ncaa/500/24.png,99
293230024,2010,2,2009-11-19,2009-11-19T22:00:00.000000-0500,24,s:40~l:54~t:24,stanford-cardinal,Stanford,Cardinal,STAN,Stanford Cardinal,Stanford,8c1515,ffffff,https://a.espncdn.com/i/teamlogos/ncaa/500/24.png,home,99,true,22,8,32,63.5,40,63,0,10,62.5,10,16,50,10,6,21,0,40.9,9,22,51,0,0,0,2492,s:40~l:54~t:2492,pepperdine-waves,Pepperdine,Waves,PEPP,Pepperdine Waves,Pepperdine,003A72,dc762f,https://a.espncdn.com/i/teamlogos/ncaa/500/2492.png,50
293230194,2010,2,2009-11-19,2009-11-19T19:00:00.000000-0500,277,s:40~l:54~t:277,west-virginia-mountaineers,West Virginia,Mountaineers,WVU,West Virginia Mountaineers,West Virginia,FFC600,eaaa00,https://a.espncdn.com/i/teamlogos/ncaa/500/277.png,away,69,false,19,3,18,38.2,26,68,0,17,66.7,10,15,0,11,7,17,0,58.3,7,12,36,0,0,0,194,s:40~l:54~t:194,ohio-state-buckeyes,Ohio State,Buckeyes,OSU,Ohio State Buckeyes,Ohio State,ce1141,505056,https://a.espncdn.com/i/teamlogos/ncaa/500/194.png,92
293230194,2010,2,2009-11-19,2009-11-19T19:00:00.000000-0500,194,s:40~l:54~t:194,ohio-state-buckeyes,Ohio State,Buckeyes,OSU,Ohio State Buckeyes,Ohio State,ce1141,505056,https://a.espncdn.com/i/teamlogos/ncaa/500/194.png,home,92,true,20,6,25,60.3,35,58,0,15,76.2,16,21,30,6,8,16,0,46.2,6,13,39,0,0,0,277,s:40~l:54~t:277,west-virginia-mountaineers,West Virginia,Mountaineers,WVU,West Virginia Mountaineers,West Virginia,FFC600,eaaa00,https://a.espncdn.com/i/teamlogos/ncaa/500/277.png,69
293230150,2010,2,2009-11-19,2009-11-19T19:00:00.000000-0500,290,s:40~l:54~t:290,georgia-southern-eagles,Georgia Southern,Eagles,GASO,Georgia Southern Eagles,Georgia So,003775,f0f0f0,https://a.espncdn.com/i/teamlogos/ncaa/500/290.png,away,42,false,12,2,15,34.0,16,47,0,16,66.7,2,3,1,4,10,22,0,33.3,8,24,22,0,0,0,150,s:40~l:54~t:150,duke-blue-devils,Duke,Blue Devils,DUKE,Duke Blue Devils,Duke,013088,ffffff,https://a.espncdn.com/i/teamlogos/ncaa/500/150.png,69
293230150,2010,2,2009-11-19,2009-11-19T19:00:00.000000-0500,150,s:40~l:54~t:150,duke-blue-devils,Duke,Blue Devils,DUKE,Duke Blue Devils,Duke,013088,ffffff,https://a.espncdn.com/i/teamlogos/ncaa/500/150.png,home,69,true,16,2,26,43.5,27,62,0,10,61.1,11,18,32,18,16,17,0,19.0,4,21,45,0,0,0,290,s:40~l:54~t:290,georgia-southern-eagles,Georgia Southern,Eagles,GASO,Georgia Southern Eagles,Georgia So,003775,f0f0f0,https://a.espncdn.com/i/teamlogos/ncaa/500/290.png,42
293230043,2010,2,2009-11-19,2009-11-19T19:00:00.000000-0500,9,s:40~l:54~t:9,arizona-state-sun-devils,Arizona State,Sun Devils,ASU,Arizona State Sun Devils,Arizona State,942139,f1f2f3,https://a.espncdn.com/i/teamlogos/ncaa/500/9.png,away,82,true,17,7,33,49.2,31,63,0,20,69.2,18,26,39,24,12,28,0,28.6,2,7,61,0,0,0,43,s:40~l:54~t:43,yale-bulldogs,Yale,Bulldogs,YALE,Yale Bulldogs,Yale,004a81,286dc0,https://a.espncdn.com/i/teamlogos/ncaa/500/43.png,46
293230043,2010,2,2009-11-19,2009-11-19T19:00:00.000000-0500,43,s:40~l:54~t:43,yale-bulldogs,Yale,Bulldogs,YALE,Yale Bulldogs,Yale,004a81,286dc0,https://a.espncdn.com/i/teamlogos/ncaa/500/43.png,home,46,false,7,3,11,24.1,13,54,0,21,76.2,16,21,0,9,9,24,0,33.3,4,12,21,0,0,0,9,s:40~l:54~t:9,arizona-state-sun-devils,Arizona State,Sun Devils,ASU,Arizona State Sun Devils,Arizona State,942139,f1f2f3,https://a.espncdn.com/i/teamlogos/ncaa/500/9.png,82
293230259,2010,2,2009-11-19,2009-11-19T19:00:00.000000-0500,2244,s:40~l:54~t:2244,george-mason-patriots,George Mason,Patriots,GMU,George Mason Patriots,George Mason,016600,ecb010,https://a.espncdn.com/i/teamlogos/ncaa/500/2244.png,away,41,false,10,9,20,26.7,16,60,0,15,57.1,4,7,5,12,8,18,0,23.8,5,21,33,0,0,0,259,s:40~l:54~t:259,virginia-tech-hokies,Virginia Tech,Hokies,VT,Virginia Tech Hokies,Virginia Tech,630031,cf4520,https://a.espncdn.com/i/teamlogos/ncaa/500/259.png,70
293230259,2010,2,2009-11-19,2009-11-19T19:00:00.000000-0500,259,s:40~l:54~t:259,virginia-tech-hokies,Virginia Tech,Hokies,VT,Virginia Tech Hokies,Virginia Tech,630031,cf4520,https://a.espncdn.com/i/teamlogos/ncaa/500/259.png,home,70,true,14,1,28,38.5,25,65,0,12,82.4,14,17,31,18,6,17,0,50.0,6,12,53,0,0,0,2244,s:40~l:54~t:2244,george-mason-patriots,George Mason,Patriots,GMU,George Mason Patriots,George Mason,016600,ecb010,https://a.espncdn.com/i/teamlogos/ncaa/500/2244.png,41
293230228,2010,2,2009-11-19,2009-11-19T19:00:00.000000-0500,2579,s:40~l:54~t:2579,south-carolina-gamecocks,South Carolina,Gamecocks,SC,South Carolina Gamecocks,South Carolina,73000a,ffffff,https://a.espncdn.com/i/teamlogos/ncaa/500/2579.png,away,92,false,15,2,19,45.9,34,74,0,26,52.9,18,34,4,17,14,18,0,50.0,6,12,41,0,0,0,228,s:40~l:54~t:228,clemson-tigers,Clemson,Tigers,CLEM,Clemson Tigers,Clemson,F66733,522d80,https://a.espncdn.com/i/teamlogos/ncaa/500/228.png,94
293230228,2010,2,2009-11-19,2009-11-19T19:00:00.000000-0500,228,s:40~l:54~t:228,clemson-tigers,Clemson,Tigers,CLEM,Clemson Tigers,Clemson,F66733,522d80,https://a.espncdn.com/i/teamlogos/ncaa/500/228.png,home,94,true,19,7,28,51.5,34,66,0,23,57.1,20,35,7,15,10,24,0,42.9,6,14,50,0,0,0,2579,s:40~l:54~t:2579,south-carolina-gamecocks,South Carolina,Gamecocks,SC,South Carolina Gamecocks,South Carolina,73000a,ffffff,https://a.espncdn.com/i/teamlogos/ncaa/500/2579.png,92
293230130,2010,2,2009-11-19,2009-11-19T19:00:00.000000-0500,2572,s:40~l:54~t:2572,southern-miss-golden-eagles,Southern Miss,Golden Eagles,USM,Southern Miss Golden Eagles,Southern Miss,FFAA3C,ffc423,https://a.espncdn.com/i/teamlogos/ncaa/500/2572.png,away,54,false,10,1,16,34.0,18,53,0,15,73.3,11,15,0,8,7,26,0,36.8,7,19,28,0,0,0,130,s:40~l:54~t:130,michigan-wolverines,Michigan,Wolverines,MICH,Michigan Wolverines,Michigan,00274c,ffcb05,https://a.espncdn.com/i/teamlogos/ncaa/500/130.png,91
293230130,2010,2,2009-11-19,2009-11-19T19:00:00.000000-0500,130,s:40~l:54~t:130,michigan-wolverines,Michigan,Wolverines,MICH,Michigan Wolverines,Michigan,00274c,ffcb05,https://a.espncdn.com/i/teamlogos/ncaa/500/130.png,home,91,true,21,6,22,57.4,35,61,0,16,68.2,15,22,37,13,14,15,0,31.6,6,19,38,0,0,0,2572,s:40~l:54~t:2572,southern-miss-golden-eagles,Southern Miss,Golden Eagles,USM,Southern Miss Golden Eagles,Southern Miss,FFAA3C,ffc423,https://a.espncdn.com/i/teamlogos/ncaa/500/2572.png,54
293230164,2010,2,2009-11-19,2009-11-19T19:30:00.000000-0500,103,s:40~l:54~t:103,boston-college-eagles,Boston College,Eagles,BC,Boston College Eagles,Boston College,8c2232,dbcca6,https://a.espncdn.com/i/teamlogos/ncaa/500/103.png,away,53,false,12,7,21,36.4,20,55,0,16,62.5,10,16,12,18,6,19,0,20.0,3,15,40,0,0,0,164,s:40~l:54~t:164,rutgers-scarlet-knights,Rutgers,Scarlet Knights,RUTG,Rutgers Scarlet Knights,Rutgers,d21034,ffffff,https://a.espncdn.com/i/teamlogos/ncaa/500/164.png,59
293230164,2010,2,2009-11-19,2009-11-19T19:30:00.000000-0500,164,s:40~l:54~t:164,rutgers-scarlet-knights,Rutgers,Scarlet Knights,RUTG,Rutgers Scarlet Knights,Rutgers,d21034,ffffff,https://a.espncdn.com/i/teamlogos/ncaa/500/164.png,home,59,true,11,5,16,40.7,22,54,0,16,75.0,12,16,9,10,11,14,0,37.5,3,8,32,0,0,0,103,s:40~l:54~t:103,boston-college-eagles,Boston College,Eagles,BC,Boston College Eagles,Boston College,8c2232,dbcca6,https://a.espncdn.com/i/teamlogos/ncaa/500/103.png,53
293230270,2010,2,2009-11-19,2009-11-19T20:00:00.000000-0500,275,s:40~l:54~t:275,wisconsin-badgers,Wisconsin,Badgers,WISC,Wisconsin Badgers,Wisconsin,A00000,f7f7f7,https://a.espncdn.com/i/teamlogos/ncaa/500/275.png,away,64,true,17,4,22,39.0,23,59,0,15,75.0,9,12,14,7,11,7,0,42.9,9,21,31,0,0,0,270,s:40~l:54~t:270,milwaukee-panthers,Milwaukee,Panthers,MILW,Milwaukee Panthers,Milwaukee,000000,ffc20e,https://a.espncdn.com/i/teamlogos/ncaa/500/270.png,55
293230270,2010,2,2009-11-19,2009-11-19T20:00:00.000000-0500,270,s:40~l:54~t:270,milwaukee-panthers,Milwaukee,Panthers,MILW,Milwaukee Panthers,Milwaukee,000000,ffc20e,https://a.espncdn.com/i/teamlogos/ncaa/500/270.png,home,55,false,13,4,29,39.2,20,51,0,12,64.3,9,14,1,9,4,20,0,35.3,6,17,42,0,0,0,275,s:40~l:54~t:275,wisconsin-badgers,Wisconsin,Badgers,WISC,Wisconsin Badgers,Wisconsin,A00000,f7f7f7,https://a.espncdn.com/i/teamlogos/ncaa/500/275.png,64
293230269,2010,2,2009-11-19,2009-11-19T20:00:00.000000-0500,156,s:40~l:54~t:156,creighton-bluejays,Creighton,Bluejays,CREI,Creighton Bluejays,Creighton,13299e,00235d,https://a.espncdn.com/i/teamlogos/ncaa/500/156.png,away,59,false,8,4,26,33.3,21,63,0,25,70.0,14,20,4,9,11,16,0,17.6,3,17,38,0,0,0,269,s:40~l:54~t:269,marquette-golden-eagles,Marquette,Golden Eagles,MARQ,Marquette Golden Eagles,Marquette,083963,ffffff,https://a.espncdn.com/i/teamlogos/ncaa/500/269.png,66
293230269,2010,2,2009-11-19,2009-11-19T20:00:00.000000-0500,269,s:40~l:54~t:269,marquette-golden-eagles,Marquette,Golden Eagles,MARQ,Marquette Golden Eagles,Marquette,083963,ffffff,https://a.espncdn.com/i/teamlogos/ncaa/500/269.png,home,66,true,17,6,31,35.6,21,59,0,17,63.6,21,33,13,16,8,18,0,27.3,3,11,52,0,0,0,156,s:40~l:54~t:156,creighton-bluejays,Creighton,Bluejays,CREI,Creighton Bluejays,Creighton,13299e,00235d,https://a.espncdn.com/i/teamlogos/ncaa/500/156.png,59
293230248,2010,2,2009-11-19,2009-11-19T20:00:00.000000-0500,204,s:40~l:54~t:204,oregon-state-beavers,Oregon State,Beavers,ORST,Oregon State Beavers,Oregon St,d73f09,000000,https://a.espncdn.com/i/teamlogos/ncaa/500/204.png,away,32,false,7,2,27,27.3,15,55,0,18,16.7,1,6,4,12,9,27,0,14.3,1,7,42,0,0,0,248,s:40~l:54~t:248,houston-cougars,Houston,Cougars,HOU,Houston Cougars,Houston,c92a39,ffffff,https://a.espncdn.com/i/teamlogos/ncaa/500/248.png,49
293230248,2010,2,2009-11-19,2009-11-19T20:00:00.000000-0500,248,s:40~l:54~t:248,houston-cougars,Houston,Cougars,HOU,Houston Cougars,Houston,c92a39,ffffff,https://a.espncdn.com/i/teamlogos/ncaa/500/248.png,home,49,true,6,5,27,32.8,20,61,0,16,53.3,8,15,17,15,11,21,0,7.1,1,14,46,0,0,0,204,s:40~l:54~t:204,oregon-state-beavers,Oregon State,Beavers,ORST,Oregon State Beavers,Oregon St,d73f09,000000,https://a.espncdn.com/i/teamlogos/ncaa/500/204.png,32
293220099,2010,2,2009-11-18,2009-11-18T20:00:00.000000-0500,2393,s:40~l:54~t:2393,middle-tennessee-blue-raiders,Middle Tennessee,Blue Raiders,MTSU,Middle Tennessee Blue Raiders,MTSU,006db6,ffffff,https://a.espncdn.com/i/teamlogos/ncaa/500/2393.png,away,40,false,3,2,22,32.1,18,56,0,15,14.3,1,7,1,15,6,27,0,23.1,3,13,42,0,0,0,99,s:40~l:54~t:99,lsu-tigers,LSU,Tigers,LSU,LSU Tigers,LSU,461d7c,fdd023,https://a.espncdn.com/i/teamlogos/ncaa/500/99.png,61
293220099,2010,2,2009-11-18,2009-11-18T20:00:00.000000-0500,99,s:40~l:54~t:99,lsu-tigers,LSU,Tigers,LSU,LSU Tigers,LSU,461d7c,fdd023,https://a.espncdn.com/i/teamlogos/ncaa/500/99.png,home,61,true,13,2,19,36.2,21,58,0,11,84.2,16,19,25,15,10,18,0,23.1,3,13,39,0,0,0,2393,s:40~l:54~t:2393,middle-tennessee-blue-raiders,Middle Tennessee,Blue Raiders,MTSU,Middle Tennessee Blue Raiders,MTSU,006db6,ffffff,https://a.espncdn.com/i/teamlogos/ncaa/500/2393.png,40
293220245,2010,2,2009-11-18,2009-11-18T20:00:00.000000-0500,242,s:40~l:54~t:242,rice-owls,Rice,Owls,RICE,Rice Owls,Rice,d1d5d8,003d7d,https://a.espncdn.com/i/teamlogos/ncaa/500/242.png,away,50,false,9,1,20,36.4,16,44,0,26,66.7,14,21,1,8,7,29,0,26.7,4,15,32,0,0,0,245,s:40~l:54~t:245,texas-am-aggies,Texas A&M,Aggies,TA&M,Texas A&M Aggies,Texas A&M,5C0025,ffffff,https://a.espncdn.com/i/teamlogos/ncaa/500/245.png,86
293220245,2010,2,2009-11-18,2009-11-18T20:00:00.000000-0500,245,s:40~l:54~t:245,texas-am-aggies,Texas A&M,Aggies,TA&M,Texas A&M Aggies,Texas A&M,5C0025,ffffff,https://a.espncdn.com/i/teamlogos/ncaa/500/245.png,home,86,true,23,4,22,46.4,32,69,0,19,76.0,19,25,40,13,11,11,0,50.0,3,6,38,0,0,0,242,s:40~l:54~t:242,rice-owls,Rice,Owls,RICE,Rice Owls,Rice,d1d5d8,003d7d,https://a.espncdn.com/i/teamlogos/ncaa/500/242.png,50
293222294,2010,2,2009-11-18,2009-11-18T20:00:00.000000-0500,2305,s:40~l:54~t:2305,kansas-jayhawks,Kansas,Jayhawks,KU,Kansas Jayhawks,Kansas,0051ba,e8000d,https://a.espncdn.com/i/teamlogos/ncaa/500/2305.png,away,66,true,11,4,24,37.7,26,69,0,18,66.7,8,12,11,16,11,13,0,37.5,6,16,46,0,0,0,2294,s:40~l:54~t:2294,iowa-hawkeyes,Iowa,Hawkeyes,IOWA,Iowa Hawkeyes,Iowa,000000,fcd116,https://a.espncdn.com/i/teamlogos/ncaa/500/2294.png,55
293222294,2010,2,2009-11-18,2009-11-18T20:00:00.000000-0500,2294,s:40~l:54~t:2294,iowa-hawkeyes,Iowa,Hawkeyes,IOWA,Iowa Hawkeyes,Iowa,000000,fcd116,https://a.espncdn.com/i/teamlogos/ncaa/500/2294.png,home,55,false,12,2,27,35.6,21,59,0,14,64.3,9,14,3,13,5,17,0,21.1,4,19,42,0,0,0,2305,s:40~l:54~t:2305,kansas-jayhawks,Kansas,Jayhawks,KU,Kansas Jayhawks,Kansas,0051ba,e8000d,https://a.espncdn.com/i/teamlogos/ncaa/500/2305.png,66
293220079,2010,2,2009-11-18,2009-11-18T20:05:00.000000-0500,238,s:40~l:54~t:238,vanderbilt-commodores,Vanderbilt,Commodores,VAN,Vanderbilt Commodores,Vanderbilt,000000,231f20,https://a.espncdn.com/i/teamlogos/ncaa/500/238.png,away,90,true,14,2,22,50.8,30,59,0,22,69.4,25,36,26,13,15,15,0,31.3,5,16,38,0,0,0,79,s:40~l:54~t:79,southern-illinois-salukis,Southern Illinois,Salukis,SIU,Southern Illinois Salukis,S Illinois,85283D,c2c3c0,https://a.espncdn.com/i/teamlogos/ncaa/500/79.png,64
293220079,2010,2,2009-11-18,2009-11-18T20:05:00.000000-0500,79,s:40~l:54~t:79,southern-illinois-salukis,Southern Illinois,Salukis,SIU,Southern Illinois Salukis,S Illinois,85283D,c2c3c0,https://a.espncdn.com/i/teamlogos/ncaa/500/79.png,home,64,false,15,0,21,40.0,22,55,0,28,72.7,16,22,2,11,8,26,0,21.1,4,19,35,0,0,0,238,s:40~l:54~t:238,vanderbilt-commodores,Vanderbilt,Commodores,VAN,Vanderbilt Commodores,Vanderbilt,000000,231f20,https://a.espncdn.com/i/teamlogos/ncaa/500/238.png,90
293220344,2010,2,2009-11-18,2009-11-18T20:00:00.000000-0500,3084,s:40~l:54~t:3084,utah-valley-wolverines,Utah Valley,Wolverines,UVU,Utah Valley Wolverines,Utah Valley,004812,e1c736,https://a.espncdn.com/i/teamlogos/ncaa/500/3084.png,away,35,false,5,0,22,28.6,12,42,0,13,63.6,7,11,2,7,7,33,0,33.3,4,12,33,0,0,0,344,s:40~l:54~t:344,mississippi-state-bulldogs,Mississippi State,Bulldogs,MSST,Mississippi State Bulldogs,Mississippi St,762123,c8c8c8,https://a.espncdn.com/i/teamlogos/ncaa/500/344.png,81
293220344,2010,2,2009-11-18,2009-11-18T20:00:00.000000-0500,344,s:40~l:54~t:344,mississippi-state-bulldogs,Mississippi State,Bulldogs,MSST,Mississippi State Bulldogs,Mississippi St,762123,c8c8c8,https://a.espncdn.com/i/teamlogos/ncaa/500/344.png,home,81,true,22,7,22,42.5,31,73,0,12,64.3,9,14,49,19,16,14,0,33.3,10,30,45,0,0,0,3084,s:40~l:54~t:3084,utah-valley-wolverines,Utah Valley,Wolverines,UVU,Utah Valley Wolverines,Utah Valley,004812,e1c736,https://a.espncdn.com/i/teamlogos/ncaa/500/3084.png,35
293220154,2010,2,2009-11-18,2009-11-18T17:00:00.000000-0500,58,s:40~l:54~t:58,south-florida-bulls,South Florida,Bulls,USF,South Florida Bulls,South Florida,004A36,231f20,https://a.espncdn.com/i/teamlogos/ncaa/500/58.png,away,45,false,11,1,24,34.6,18,52,0,18,62.5,5,8,0,9,5,25,0,18.2,4,22,35,0,0,0,154,s:40~l:54~t:154,wake-forest-demon-deacons,Wake Forest,Demon Deacons,WAKE,Wake Forest Demon Deacons,Wake Forest,9E7E38,000000,https://a.espncdn.com/i/teamlogos/ncaa/500/154.png,62
293220154,2010,2,2009-11-18,2009-11-18T17:00:00.000000-0500,154,s:40~l:54~t:154,wake-forest-demon-deacons,Wake Forest,Demon Deacons,WAKE,Wake Forest Demon Deacons,Wake Forest,9E7E38,000000,https://a.espncdn.com/i/teamlogos/ncaa/500/154.png,home,62,true,14,4,23,33.9,21,62,0,13,78.9,15,19,24,16,15,15,0,21.7,5,23,44,0,0,0,58,s:40~l:54~t:58,south-florida-bulls,South Florida,Bulls,USF,South Florida Bulls,South Florida,004A36,231f20,https://a.espncdn.com/i/teamlogos/ncaa/500/58.png,45
293220113,2010,2,2009-11-18,2009-11-18T17:30:00.000000-0500,2599,s:40~l:54~t:2599,st-johns-red-storm,St. John's,Red Storm,SJU,St. John's Red Storm,St John's,d10000,101010,https://a.espncdn.com/i/teamlogos/ncaa/500/2599.png,away,82,true,26,5,20,44.9,35,78,0,14,77.8,7,9,30,20,13,12,0,38.5,5,13,42,0,0,0,113,s:40~l:54~t:113,umass-minutewomen,UMass,Minutewomen,MASS,UMass Minutewomen,UMass,880007,,https://a.espncdn.com/i/teamlogos/ncaa/500/113.png,52
293220113,2010,2,2009-11-18,2009-11-18T17:30:00.000000-0500,113,s:40~l:54~t:113,umass-minutewomen,UMass,Minutewomen,MASS,UMass Minutewomen,UMass,880007,,https://a.espncdn.com/i/teamlogos/ncaa/500/113.png,home,52,false,12,2,21,36.0,18,50,0,15,75.0,12,16,3,8,5,26,0,30.8,4,13,35,0,0,0,2599,s:40~l:54~t:2599,st-johns-red-storm,St. John's,Red Storm,SJU,St. John's Red Storm,St John's,d10000,101010,https://a.espncdn.com/i/teamlogos/ncaa/500/2599.png,82
293222390,2010,2,2009-11-18,2009-11-18T19:00:00.000000-0500,2065,s:40~l:54~t:2065,bethune-cookman-wildcats,Bethune-Cookman,Wildcats,BCU,Bethune-Cookman Wildcats,Bethune,7b1831,e9aa12,https://a.espncdn.com/i/teamlogos/ncaa/500/2065.png,away,46,false,12,0,24,26.1,18,69,0,15,58.3,7,12,1,14,10,24,0,23.1,3,13,41,0,0,0,2390,s:40~l:54~t:2390,miami-hurricanes,Miami,Hurricanes,MIA,Miami Hurricanes,Miami,004325,f0f0f0,https://a.espncdn.com/i/teamlogos/ncaa/500/2390.png,88
293222390,2010,2,2009-11-18,2009-11-18T19:00:00.000000-0500,2390,s:40~l:54~t:2390,miami-hurricanes,Miami,Hurricanes,MIA,Miami Hurricanes,Miami,004325,f0f0f0,https://a.espncdn.com/i/teamlogos/ncaa/500/2390.png,home,88,true,24,3,34,52.4,33,63,0,15,69.6,16,23,45,9,16,19,0,37.5,6,16,51,0,0,0,2065,s:40~l:54~t:2065,bethune-cookman-wildcats,Bethune-Cookman,Wildcats,BCU,Bethune-Cookman Wildcats,Bethune,7b1831,e9aa12,https://a.espncdn.com/i/teamlogos/ncaa/500/2065.png,46
293220084,2010,2,2009-11-18,2009-11-18T19:00:00.000000-0500,2132,s:40~l:54~t:2132,cincinnati-bearcats,Cincinnati,Bearcats,CIN,Cincinnati Bearcats,Cincinnati,000000,717073,https://a.espncdn.com/i/teamlogos/ncaa/500/2132.png,away,57,false,8,5,20,36.1,22,61,0,14,64.3,9,14,1,12,11,16,0,23.5,4,17,35,0,0,0,84,s:40~l:54~t:84,indiana-hoosiers,Indiana,Hoosiers,IU,Indiana Hoosiers,Indiana,990000,edebeb,https://a.espncdn.com/i/teamlogos/ncaa/500/84.png,64
293220084,2010,2,2009-11-18,2009-11-18T19:00:00.000000-0500,84,s:40~l:54~t:84,indiana-hoosiers,Indiana,Hoosiers,IU,Indiana Hoosiers,Indiana,990000,edebeb,https://a.espncdn.com/i/teamlogos/ncaa/500/84.png,home,64,true,15,2,26,46.4,26,56,0,12,45.5,5,11,16,8,9,19,0,46.7,7,15,38,0,0,0,2132,s:40~l:54~t:2132,cincinnati-bearcats,Cincinnati,Bearcats,CIN,Cincinnati Bearcats,Cincinnati,000000,717073,https://a.espncdn.com/i/teamlogos/ncaa/500/2132.png,57
293220356,2010,2,2009-11-18,2009-11-18T20:00:00.000000-0500,2117,s:40~l:54~t:2117,central-michigan-chippewas,Central Michigan,Chippewas,CMU,Central Michigan Chippewas,C Michigan,6a0032,ffffff,https://a.espncdn.com/i/teamlogos/ncaa/500/2117.png,away,59,false,6,3,23,30.9,17,55,0,16,69.0,20,29,0,7,11,22,0,23.8,5,21,35,0,0,0,356,s:40~l:54~t:356,illinois-fighting-illini,Illinois,Fighting Illini,ILL,Illinois Fighting Illini,Illinois,ff5f05,13294b,https://a.espncdn.com/i/teamlogos/ncaa/500/356.png,77
293220356,2010,2,2009-11-18,2009-11-18T20:00:00.000000-0500,356,s:40~l:54~t:356,illinois-fighting-illini,Illinois,Fighting Illini,ILL,Illinois Fighting Illini,Illinois,ff5f05,13294b,https://a.espncdn.com/i/teamlogos/ncaa/500/356.png,home,77,true,25,10,27,43.1,31,72,0,21,66.7,10,15,28,18,4,18,0,26.3,5,19,49,0,0,0,2117,s:40~l:54~t:2117,central-michigan-chippewas,Central Michigan,Chippewas,CMU,Central Michigan Chippewas,C Michigan,6a0032,ffffff,https://a.espncdn.com/i/teamlogos/ncaa/500/2117.png,59
293220167,2010,2,2009-11-18,2009-11-18T21:00:00.000000-0500,197,s:40~l:54~t:197,oklahoma-state-cowgirls,Oklahoma State,Cowgirls,OKST,Oklahoma State Cowgirls,Oklahoma St,ff6500,000000,https://a.espncdn.com/i/teamlogos/ncaa/500/197.png,away,70,true,12,2,25,40.0,24,60,0,14,84.2,16,19,14,16,6,17,0,46.2,6,13,45,0,0,0,167,s:40~l:54~t:167,new-mexico-lobos,New Mexico,Lobos,UNM,New Mexico Lobos,New Mexico,000000,231f20,https://a.espncdn.com/i/teamlogos/ncaa/500/167.png,56
293220167,2010,2,2009-11-18,2009-11-18T21:00:00.000000-0500,167,s:40~l:54~t:167,new-mexico-lobos,New Mexico,Lobos,UNM,New Mexico Lobos,New Mexico,000000,231f20,https://a.espncdn.com/i/teamlogos/ncaa/500/167.png,home,56,false,14,4,18,35.5,22,62,0,15,60.0,6,10,8,12,9,15,0,22.2,6,27,34,0,0,0,197,s:40~l:54~t:197,oklahoma-state-cowgirls,Oklahoma State,Cowgirls,OKST,Oklahoma State Cowgirls,Oklahoma St,ff6500,000000,https://a.espncdn.com/i/teamlogos/ncaa/500/197.png,70
293210251,2010,2,2009-11-17,2009-11-17T21:30:00.000000-0500,41,s:40~l:54~t:41,uconn-huskies,UConn,Huskies,CONN,UConn Huskies,UConn,0c2340,f1f2f3,https://a.espncdn.com/i/teamlogos/ncaa/500/41.png,away,83,true,18,7,31,47.6,30,63,0,19,73.9,17,23,35,11,7,17,0,46.2,6,13,47,0,0,0,251,s:40~l:54~t:251,texas-longhorns,Texas,Longhorns,TEX,Texas Longhorns,Texas,c15d26,ffffff,https://a.espncdn.com/i/teamlogos/ncaa/500/251.png,58
293210251,2010,2,2009-11-17,2009-11-17T21:30:00.000000-0500,251,s:40~l:54~t:251,texas-longhorns,Texas,Longhorns,TEX,Texas Longhorns,Texas,c15d26,ffffff,https://a.espncdn.com/i/teamlogos/ncaa/500/251.png,home,58,false,12,4,20,32.3,21,65,0,21,64.7,11,17,0,11,10,15,0,29.4,5,17,36,0,0,0,41,s:40~l:54~t:41,uconn-huskies,UConn,Huskies,CONN,UConn Huskies,UConn,0c2340,f1f2f3,https://a.espncdn.com/i/teamlogos/ncaa/500/41.png,83
293210194,2010,2,2009-11-17,2009-11-17T19:00:00.000000-0500,5,s:40~l:54~t:5,uab-blazers,UAB,Blazers,UAB,UAB Blazers,UAB,054338,ffc845,https://a.espncdn.com/i/teamlogos/ncaa/500/5.png,away,55,false,15,1,19,31.0,22,71,0,24,50.0,6,12,0,16,7,16,0,18.5,5,27,37,0,0,0,194,s:40~l:54~t:194,ohio-state-buckeyes,Ohio State,Buckeyes,OSU,Ohio State Buckeyes,Ohio State,ce1141,505056,https://a.espncdn.com/i/teamlogos/ncaa/500/194.png,88
293210194,2010,2,2009-11-17,2009-11-17T19:00:00.000000-0500,194,s:40~l:54~t:194,ohio-state-buckeyes,Ohio State,Buckeyes,OSU,Ohio State Buckeyes,Ohio State,ce1141,505056,https://a.espncdn.com/i/teamlogos/ncaa/500/194.png,home,88,true,23,3,30,58.3,28,48,0,15,74.3,26,35,34,5,11,19,0,54.5,6,11,41,0,0,0,5,s:40~l:54~t:5,uab-blazers,UAB,Blazers,UAB,UAB Blazers,UAB,054338,ffc845,https://a.espncdn.com/i/teamlogos/ncaa/500/5.png,55
293212633,2010,2,2009-11-17,2009-11-17T19:00:00.000000-0500,2633,s:40~l:54~t:2633,tennessee-lady-volunteers,Tennessee,Lady Volunteers,TENN,Tennessee Lady Volunteers,Tennessee,ff8200,ffffff,https://a.espncdn.com/i/teamlogos/ncaa/500/2633_ncw.png,away,91,true,19,4,32,52.5,32,61,0,21,62.1,18,29,41,15,7,17,0,47.4,9,19,49,0,0,0,2641,s:40~l:54~t:2641,texas-tech-lady-raiders,Texas Tech,Lady Raiders,TTU,Texas Tech Lady Raiders,Texas Tech,C80025,231f20,https://a.espncdn.com/i/teamlogos/ncaa/500/2641.png,53
293212633,2010,2,2009-11-17,2009-11-17T19:00:00.000000-0500,2641,s:40~l:54~t:2641,texas-tech-lady-raiders,Texas Tech,Lady Raiders,TTU,Texas Tech Lady Raiders,Texas Tech,C80025,231f20,https://a.espncdn.com/i/teamlogos/ncaa/500/2641.png,home,53,false,7,3,21,30.2,16,53,0,24,66.7,18,27,4,6,6,17,0,21.4,3,14,28,0,0,0,2633,s:40~l:54~t:2633,tennessee-lady-volunteers,Tennessee,Lady Volunteers,TENN,Tennessee Lady Volunteers,Tennessee,ff8200,ffffff,https://a.espncdn.com/i/teamlogos/ncaa/500/2633_ncw.png,91
293210239,2010,2,2009-11-17,2009-11-17T20:00:00.000000-0500,2635,s:40~l:54~t:2635,tennessee-tech-golden-eagles,Tennessee Tech,Golden Eagles,TNTC,Tennessee Tech Golden Eagles,Tennessee Tech,5A4099,ffde00,https://a.espncdn.com/i/teamlogos/ncaa/500/2635.png,away,55,false,6,0,15,25.4,18,71,0,26,72.2,13,18,1,14,9,24,0,20.7,6,29,38,0,0,0,239,s:40~l:54~t:239,baylor-bears,Baylor,Bears,BAY,Baylor Bears,Baylor,154734,ffb81c,https://a.espncdn.com/i/teamlogos/ncaa/500/239.png,100
293210239,2010,2,2009-11-17,2009-11-17T20:00:00.000000-0500,239,s:40~l:54~t:239,baylor-bears,Baylor,Bears,BAY,Baylor Bears,Baylor,154734,ffb81c,https://a.espncdn.com/i/teamlogos/ncaa/500/239.png,home,100,true,19,13,33,60.7,37,61,0,18,62.2,23,37,45,10,12,23,0,37.5,3,8,49,0,0,0,2635,s:40~l:54~t:2635,tennessee-tech-golden-eagles,Tennessee Tech,Golden Eagles,TNTC,Tennessee Tech Golden Eagles,Tennessee Tech,5A4099,ffde00,https://a.espncdn.com/i/teamlogos/ncaa/500/2635.png,55
293210057,2010,2,2009-11-17,2009-11-17T19:00:00.000000-0500,52,s:40~l:54~t:52,florida-state-seminoles,Florida State,Seminoles,FSU,Florida State Seminoles,Florida St,782F40,ceb888,https://a.espncdn.com/i/teamlogos/ncaa/500/52.png,away,66,true,16,2,25,42.4,25,59,0,18,55.0,11,20,4,14,7,19,0,38.5,5,13,44,0,0,0,57,s:40~l:54~t:57,florida-gators,Florida,Gators,FLA,Florida Gators,Florida,0021a5,fa4616,https://a.espncdn.com/i/teamlogos/ncaa/500/57.png,62
293210057,2010,2,2009-11-17,2009-11-17T19:00:00.000000-0500,57,s:40~l:54~t:57,florida-gators,Florida,Gators,FLA,Florida Gators,Florida,0021a5,fa4616,https://a.espncdn.com/i/teamlogos/ncaa/500/57.png,home,62,false,14,0,20,32.8,20,61,0,17,72.2,13,18,7,13,7,18,0,29.0,9,31,41,0,0,0,52,s:40~l:54~t:52,florida-state-seminoles,Florida State,Seminoles,FSU,Florida State Seminoles,Florida St,782F40,ceb888,https://a.espncdn.com/i/teamlogos/ncaa/500/52.png,66
293210025,2010,2,2009-11-17,2009-11-17T22:00:00.000000-0500,2608,s:40~l:54~t:2608,saint-marys-gaels,Saint Mary's,Gaels,SMC,Saint Mary's Gaels,Saint Mary's,d80024,003057,https://a.espncdn.com/i/teamlogos/ncaa/500/2608.png,away,65,false,13,5,22,42.1,24,57,0,20,85.7,12,14,6,10,6,24,0,29.4,5,17,38,0,0,0,25,s:40~l:54~t:25,california-golden-bears,California,Golden Bears,CAL,California Golden Bears,California,031522,ffc423,https://a.espncdn.com/i/teamlogos/ncaa/500/25.png,68
293210025,2010,2,2009-11-17,2009-11-17T22:00:00.000000-0500,25,s:40~l:54~t:25,california-golden-bears,California,Golden Bears,CAL,California Golden Bears,California,031522,ffc423,https://a.espncdn.com/i/teamlogos/ncaa/500/25.png,home,68,true,12,2,16,36.5,27,74,0,15,63.6,14,22,5,28,12,16,0,0.0,0,7,45,0,0,0,2608,s:40~l:54~t:2608,saint-marys-gaels,Saint Mary's,Gaels,SMC,Saint Mary's Gaels,Saint Mary's,d80024,003057,https://a.espncdn.com/i/teamlogos/ncaa/500/2608.png,65
293210221,2010,2,2009-11-17,2009-11-17T11:00:00.000000-0500,2454,s:40~l:54~t:2454,north-florida-ospreys,North Florida,Ospreys,UNF,North Florida Ospreys,North Florida,004B8D,babcbe,https://a.espncdn.com/i/teamlogos/ncaa/500/2454.png,away,35,false,11,0,16,29.8,14,47,0,16,0.0,0,1,2,5,10,25,0,28.0,7,25,27,0,0,0,221,s:40~l:54~t:221,pittsburgh-panthers,Pittsburgh,Panthers,PITT,Pittsburgh Panthers,Pitt,003263,231f20,https://a.espncdn.com/i/teamlogos/ncaa/500/221.png,61
293210221,2010,2,2009-11-17,2009-11-17T11:00:00.000000-0500,221,s:40~l:54~t:221,pittsburgh-panthers,Pittsburgh,Panthers,PITT,Pittsburgh Panthers,Pitt,003263,231f20,https://a.espncdn.com/i/teamlogos/ncaa/500/221.png,home,61,true,19,5,26,44.1,26,59,0,10,46.2,6,13,29,17,8,20,0,17.6,3,17,44,0,0,0,2454,s:40~l:54~t:2454,north-florida-ospreys,North Florida,Ospreys,UNF,North Florida Ospreys,North Florida,004B8D,babcbe,https://a.espncdn.com/i/teamlogos/ncaa/500/2454.png,35
293210333,2010,2,2009-11-17,2009-11-17T18:00:00.000000-0500,2296,s:40~l:54~t:2296,jackson-state-lady-tigers,Jackson State,Lady Tigers,JKST,Jackson State Lady Tigers,Jackson St,123297,b5b7ba,https://a.espncdn.com/i/teamlogos/ncaa/500/2296.png,away,39,false,8,1,20,26.2,16,61,0,21,55.6,5,9,2,11,7,26,0,10.5,2,19,35,0,0,0,333,s:40~l:54~t:333,alabama-crimson-tide,Alabama,Crimson Tide,ALA,Alabama Crimson Tide,Alabama,9e1632,ffffff,https://a.espncdn.com/i/teamlogos/ncaa/500/333.png,79
293210333,2010,2,2009-11-17,2009-11-17T18:00:00.000000-0500,333,s:40~l:54~t:333,alabama-crimson-tide,Alabama,Crimson Tide,ALA,Alabama Crimson Tide,Alabama,9e1632,ffffff,https://a.espncdn.com/i/teamlogos/ncaa/500/333.png,home,79,true,19,6,32,45.1,32,71,0,13,40.0,12,30,40,23,9,18,0,30.0,3,10,59,0,0,0,2296,s:40~l:54~t:2296,jackson-state-lady-tigers,Jackson State,Lady Tigers,JKST,Jackson State Lady Tigers,Jackson St,123297,b5b7ba,https://a.espncdn.com/i/teamlogos/ncaa/500/2296.png,39
293210218,2010,2,2009-11-17,2009-11-17T19:00:00.000000-0500,2,s:40~l:54~t:2,auburn-tigers,Auburn,Tigers,AUB,Auburn Tigers,Auburn,03244d,f1f2f3,https://a.espncdn.com/i/teamlogos/ncaa/500/2.png,away,52,false,15,5,16,41.8,23,55,0,14,23.1,3,13,1,11,9,22,0,33.3,3,9,31,0,0,0,218,s:40~l:54~t:218,temple-owls,Temple,Owls,TEM,Temple Owls,Temple,A80532,a7a9ac,https://a.espncdn.com/i/teamlogos/ncaa/500/218.png,66
293210218,2010,2,2009-11-17,2009-11-17T19:00:00.000000-0500,218,s:40~l:54~t:218,temple-owls,Temple,Owls,TEM,Temple Owls,Temple,A80532,a7a9ac,https://a.espncdn.com/i/teamlogos/ncaa/500/218.png,home,66,true,14,5,22,45.9,28,61,0,15,46.7,7,15,21,16,12,21,0,25.0,3,12,45,0,0,0,2,s:40~l:54~t:2,auburn-tigers,Auburn,Tigers,AUB,Auburn Tigers,Auburn,03244d,f1f2f3,https://a.espncdn.com/i/teamlogos/ncaa/500/2.png,52
293210164,2010,2,2009-11-17,2009-11-17T19:30:00.000000-0500,2871,s:40~l:54~t:2871,kean-university-cougars,Kean University,Cougars,KEAN,Kean University Cougars,Kean U,092f56,ffffff,https://a.espncdn.com/i/teamlogos/ncaa/500/2871.png,away,49,false,11,2,19,27.8,15,54,0,22,78.6,11,14,4,7,8,31,0,30.8,8,26,32,0,0,0,164,s:40~l:54~t:164,rutgers-scarlet-knights,Rutgers,Scarlet Knights,RUTG,Rutgers Scarlet Knights,Rutgers,d21034,ffffff,https://a.espncdn.com/i/teamlogos/ncaa/500/164.png,85
293210164,2010,2,2009-11-17,2009-11-17T19:30:00.000000-0500,164,s:40~l:54~t:164,rutgers-scarlet-knights,Rutgers,Scarlet Knights,RUTG,Rutgers Scarlet Knights,Rutgers,d21034,ffffff,https://a.espncdn.com/i/teamlogos/ncaa/500/164.png,home,85,true,19,10,31,49.2,29,59,0,12,77.8,21,27,41,10,15,21,0,40.0,6,15,42,0,0,0,2871,s:40~l:54~t:2871,kean-university-cougars,Kean University,Cougars,KEAN,Kean University Cougars,Kean U,092f56,ffffff,https://a.espncdn.com/i/teamlogos/ncaa/500/2871.png,49
293200130,2010,2,2009-11-16,2009-11-16T18:30:00.000000-0500,269,s:40~l:54~t:269,marquette-golden-eagles,Marquette,Golden Eagles,MARQ,Marquette Golden Eagles,Marquette,083963,ffffff,https://a.espncdn.com/i/teamlogos/ncaa/500/269.png,away,50,false,5,0,18,28.3,15,53,0,23,70.8,17,24,10,11,6,17,0,20.0,3,15,31,0,0,0,130,s:40~l:54~t:130,michigan-wolverines,Michigan,Wolverines,MICH,Michigan Wolverines,Michigan,00274c,ffcb05,https://a.espncdn.com/i/teamlogos/ncaa/500/130.png,67
293200130,2010,2,2009-11-16,2009-11-16T18:30:00.000000-0500,130,s:40~l:54~t:130,michigan-wolverines,Michigan,Wolverines,MICH,Michigan Wolverines,Michigan,00274c,ffcb05,https://a.espncdn.com/i/teamlogos/ncaa/500/130.png,home,67,true,11,2,30,45.1,23,51,0,24,65.2,15,23,19,11,10,20,0,40.0,6,15,44,0,0,0,269,s:40~l:54~t:269,marquette-golden-eagles,Marquette,Golden Eagles,MARQ,Marquette Golden Eagles,Marquette,083963,ffffff,https://a.espncdn.com/i/teamlogos/ncaa/500/269.png,50
293202529,2010,2,2009-11-16,2009-11-16T19:00:00.000000-0500,222,s:40~l:54~t:222,villanova-wildcats,Villanova,Wildcats,VILL,Villanova Wildcats,Villanova,00205b,13b5ea,https://a.espncdn.com/i/teamlogos/ncaa/500/222.png,away,50,true,14,1,13,34.6,18,52,0,14,66.7,4,6,7,7,13,12,0,32.3,10,31,25,0,0,0,2529,s:40~l:54~t:2529,sacred-heart-pioneers,Sacred Heart,Pioneers,SHU,Sacred Heart Pioneers,Sacred Heart,a40012,c29472,https://a.espncdn.com/i/teamlogos/ncaa/500/2529.png,49
293202529,2010,2,2009-11-16,2009-11-16T19:00:00.000000-0500,2529,s:40~l:54~t:2529,sacred-heart-pioneers,Sacred Heart,Pioneers,SHU,Sacred Heart Pioneers,Sacred Heart,a40012,c29472,https://a.espncdn.com/i/teamlogos/ncaa/500/2529.png,home,49,false,10,3,23,43.9,18,41,0,11,76.9,10,13,5,4,10,18,0,33.3,3,9,32,0,0,0,222,s:40~l:54~t:222,villanova-wildcats,Villanova,Wildcats,VILL,Villanova Wildcats,Villanova,00205b,13b5ea,https://a.espncdn.com/i/teamlogos/ncaa/500/222.png,50
293200276,2010,2,2009-11-16,2009-11-16T19:00:00.000000-0500,2550,s:40~l:54~t:2550,seton-hall-pirates,Seton Hall,Pirates,HALL,Seton Hall Pirates,Seton Hall,0857B1,8a8d8f,https://a.espncdn.com/i/teamlogos/ncaa/500/2550.png,away,53,true,3,1,24,36.5,19,52,0,21,52.2,12,23,1,19,4,18,0,21.4,3,14,45,0,0,0,276,s:40~l:54~t:276,marshall-thundering-herd,Marshall,Thundering Herd,MRSH,Marshall Thundering Herd,Marshall,00ae42,be854c,https://a.espncdn.com/i/teamlogos/ncaa/500/276.png,52
293200276,2010,2,2009-11-16,2009-11-16T19:00:00.000000-0500,276,s:40~l:54~t:276,marshall-thundering-herd,Marshall,Thundering Herd,MRSH,Marshall Thundering Herd,Marshall,00ae42,be854c,https://a.espncdn.com/i/teamlogos/ncaa/500/276.png,home,52,false,10,1,20,29.6,16,54,0,22,57.1,16,28,11,13,6,10,0,23.5,4,17,35,0,0,0,2550,s:40~l:54~t:2550,seton-hall-pirates,Seton Hall,Pirates,HALL,Seton Hall Pirates,Seton Hall,0857B1,8a8d8f,https://a.espncdn.com/i/teamlogos/ncaa/500/2550.png,53
293200183,2010,2,2009-11-16,2009-11-16T19:00:00.000000-0500,2506,s:40~l:54~t:2506,presbyterian-blue-hose,Presbyterian,Blue Hose,PRES,Presbyterian Blue Hose,Presbyterian,194896,990134,https://a.espncdn.com/i/teamlogos/ncaa/500/2506.png,away,56,false,11,1,15,45.3,24,53,0,30,75.0,3,4,2,6,4,25,0,27.8,5,18,29,0,0,0,183,s:40~l:54~t:183,syracuse-orange,Syracuse,Orange,SYR,Syracuse Orange,Syracuse,ff6500,000e54,https://a.espncdn.com/i/teamlogos/ncaa/500/183.png,97
293200183,2010,2,2009-11-16,2009-11-16T19:00:00.000000-0500,183,s:40~l:54~t:183,syracuse-orange,Syracuse,Orange,SYR,Syracuse Orange,Syracuse,ff6500,000e54,https://a.espncdn.com/i/teamlogos/ncaa/500/183.png,home,97,true,21,6,17,55.0,33,60,0,13,67.6,23,34,48,12,11,11,0,40.0,8,20,33,0,0,0,2506,s:40~l:54~t:2506,presbyterian-blue-hose,Presbyterian,Blue Hose,PRES,Presbyterian Blue Hose,Presbyterian,194896,990134,https://a.espncdn.com/i/teamlogos/ncaa/500/2506.png,56
293200120,2010,2,2009-11-16,2009-11-16T19:00:00.000000-0500,160,s:40~l:54~t:160,new-hampshire-wildcats,New Hampshire,Wildcats,UNH,New Hampshire Wildcats,New Hampshire,004990,c3c4c6,https://a.espncdn.com/i/teamlogos/ncaa/500/160.png,away,43,false,11,4,23,25.8,16,62,0,19,50.0,3,6,0,11,5,20,0,25.8,8,31,42,0,0,0,120,s:40~l:54~t:120,maryland-terrapins,Maryland,Terrapins,MD,Maryland Terrapins,Maryland,D5002B,ffcd00,https://a.espncdn.com/i/teamlogos/ncaa/500/120.png,63
293200120,2010,2,2009-11-16,2009-11-16T19:00:00.000000-0500,120,s:40~l:54~t:120,maryland-terrapins,Maryland,Terrapins,MD,Maryland Terrapins,Maryland,D5002B,ffcd00,https://a.espncdn.com/i/teamlogos/ncaa/500/120.png,home,63,true,11,4,31,27.8,20,72,0,10,64.0,16,25,22,24,12,14,1,26.9,7,26,58,1,0,0,160,s:40~l:54~t:160,new-hampshire-wildcats,New Hampshire,Wildcats,UNH,New Hampshire Wildcats,New Hampshire,004990,c3c4c6,https://a.espncdn.com/i/teamlogos/ncaa/500/160.png,43
293202306,2010,2,2009-11-16,2009-11-16T20:00:00.000000-0500,2032,s:40~l:54~t:2032,arkansas-state-red-wolves,Arkansas State,Red Wolves,ARST,Arkansas State Red Wolves,Arkansas St,e81018,000000,https://a.espncdn.com/i/teamlogos/ncaa/500/2032.png,away,80,true,12,4,19,43.2,32,74,0,26,70.0,14,20,4,22,12,21,0,25.0,2,8,47,0,0,0,2306,s:40~l:54~t:2306,kansas-state-wildcats,Kansas State,Wildcats,KSU,Kansas State Wildcats,Kansas St,633194,e7d2ad,https://a.espncdn.com/i/teamlogos/ncaa/500/2306.png,79
293202306,2010,2,2009-11-16,2009-11-16T20:00:00.000000-0500,2306,s:40~l:54~t:2306,kansas-state-wildcats,Kansas State,Wildcats,KSU,Kansas State Wildcats,Kansas St,633194,e7d2ad,https://a.espncdn.com/i/teamlogos/ncaa/500/2306.png,home,79,false,14,3,21,42.6,23,54,0,22,72.7,24,33,14,12,7,22,0,45.0,9,20,35,0,0,0,2032,s:40~l:54~t:2032,arkansas-state-red-wolves,Arkansas State,Red Wolves,ARST,Arkansas State Red Wolves,Arkansas St,e81018,000000,https://a.espncdn.com/i/teamlogos/ncaa/500/2032.png,80
293190164,2010,2,2009-11-15,2009-11-15T14:00:00.000000-0500,24,s:40~l:54~t:24,stanford-cardinal,Stanford,Cardinal,STAN,Stanford Cardinal,Stanford,8c1515,ffffff,https://a.espncdn.com/i/teamlogos/ncaa/500/24.png,away,81,true,18,3,19,38.0,27,71,0,15,66.7,18,27,18,24,6,13,0,34.6,9,26,50,0,0,0,164,s:40~l:54~t:164,rutgers-scarlet-knights,Rutgers,Scarlet Knights,RUTG,Rutgers Scarlet Knights,Rutgers,d21034,ffffff,https://a.espncdn.com/i/teamlogos/ncaa/500/164.png,66
293190164,2010,2,2009-11-15,2009-11-15T14:00:00.000000-0500,164,s:40~l:54~t:164,rutgers-scarlet-knights,Rutgers,Scarlet Knights,RUTG,Rutgers Scarlet Knights,Rutgers,d21034,ffffff,https://a.espncdn.com/i/teamlogos/ncaa/500/164.png,home,66,false,14,7,20,47.4,27,57,0,19,68.8,11,16,2,7,3,13,0,9.1,1,11,33,0,0,0,24,s:40~l:54~t:24,stanford-cardinal,Stanford,Cardinal,STAN,Stanford Cardinal,Stanford,8c1515,ffffff,https://a.espncdn.com/i/teamlogos/ncaa/500/24.png,81
293190194,2010,2,2009-11-15,2009-11-15T14:00:00.000000-0500,189,s:40~l:54~t:189,bowling-green-falcons,Bowling Green,Falcons,BGSU,Bowling Green Falcons,Bowling Green,2b1000,492000,https://a.espncdn.com/i/teamlogos/ncaa/500/189.png,away,72,false,13,4,22,37.1,26,70,0,21,66.7,10,15,0,8,7,16,1,47.6,10,21,35,1,0,0,194,s:40~l:54~t:194,ohio-state-buckeyes,Ohio State,Buckeyes,OSU,Ohio State Buckeyes,Ohio State,ce1141,505056,https://a.espncdn.com/i/teamlogos/ncaa/500/194.png,91
293190194,2010,2,2009-11-15,2009-11-15T14:00:00.000000-0500,194,s:40~l:54~t:194,ohio-state-buckeyes,Ohio State,Buckeyes,OSU,Ohio State Buckeyes,Ohio State,ce1141,505056,https://a.espncdn.com/i/teamlogos/ncaa/500/194.png,home,91,true,23,8,32,44.9,31,69,0,18,75.0,21,28,33,16,3,17,0,47.1,8,17,51,0,0,0,189,s:40~l:54~t:189,bowling-green-falcons,Bowling Green,Falcons,BGSU,Bowling Green Falcons,Bowling Green,2b1000,492000,https://a.espncdn.com/i/teamlogos/ncaa/500/189.png,72
293192633,2010,2,2009-11-15,2009-11-15T17:00:00.000000-0500,239,s:40~l:54~t:239,baylor-bears,Baylor,Bears,BAY,Baylor Bears,Baylor,154734,ffb81c,https://a.espncdn.com/i/teamlogos/ncaa/500/239.png,away,65,false,11,6,24,38.0,19,50,0,23,83.3,25,30,7,9,4,22,0,16.7,2,12,39,0,0,0,2633,s:40~l:54~t:2633,tennessee-lady-volunteers,Tennessee,Lady Volunteers,TENN,Tennessee Lady Volunteers,Tennessee,ff8200,ffffff,https://a.espncdn.com/i/teamlogos/ncaa/500/2633_ncw.png,74
293192633,2010,2,2009-11-15,2009-11-15T17:00:00.000000-0500,2633,s:40~l:54~t:2633,tennessee-lady-volunteers,Tennessee,Lady Volunteers,TENN,Tennessee Lady Volunteers,Tennessee,ff8200,ffffff,https://a.espncdn.com/i/teamlogos/ncaa/500/2633_ncw.png,home,74,true,11,1,22,37.0,27,73,0,22,77.3,17,22,14,18,11,12,0,15.8,3,19,42,0,0,0,239,s:40~l:54~t:239,baylor-bears,Baylor,Bears,BAY,Baylor Bears,Baylor,154734,ffb81c,https://a.espncdn.com/i/teamlogos/ncaa/500/239.png,65
293190099,2010,2,2009-11-15,2009-11-15T15:00:00.000000-0500,2113,s:40~l:54~t:2113,centenary-ladies,Centenary,Ladies,CEN,Centenary Ladies,Centenary,a20b36,,https://a.espncdn.com/i/teamlogos/ncaa/500/2113.png,away,19,false,4,2,22,18.2,8,44,0,23,33.3,1,3,0,7,5,33,0,22.2,2,9,33,0,0,0,99,s:40~l:54~t:99,lsu-tigers,LSU,Tigers,LSU,LSU Tigers,LSU,461d7c,fdd023,https://a.espncdn.com/i/teamlogos/ncaa/500/99.png,92
293190099,2010,2,2009-11-15,2009-11-15T15:00:00.000000-0500,99,s:40~l:54~t:99,lsu-tigers,LSU,Tigers,LSU,LSU Tigers,LSU,461d7c,fdd023,https://a.espncdn.com/i/teamlogos/ncaa/500/99.png,home,92,true,27,4,26,50.8,32,63,0,10,66.7,18,27,73,13,16,9,0,58.8,10,17,42,0,0,0,2113,s:40~l:54~t:2113,centenary-ladies,Centenary,Ladies,CEN,Centenary Ladies,Centenary,a20b36,,https://a.espncdn.com/i/teamlogos/ncaa/500/2113.png,19
293190245,2010,2,2009-11-15,2009-11-15T15:00:00.000000-0500,150,s:40~l:54~t:150,duke-blue-devils,Duke,Blue Devils,DUKE,Duke Blue Devils,Duke,013088,ffffff,https://a.espncdn.com/i/teamlogos/ncaa/500/150.png,away,77,false,12,3,23,33.3,26,78,0,26,87.5,21,24,1,21,11,15,0,20.0,4,20,46,0,0,0,245,s:40~l:54~t:245,texas-am-aggies,Texas A&M,Aggies,TA&M,Texas A&M Aggies,Texas A&M,5C0025,ffffff,https://a.espncdn.com/i/teamlogos/ncaa/500/245.png,95
293190245,2010,2,2009-11-15,2009-11-15T15:00:00.000000-0500,245,s:40~l:54~t:245,texas-am-aggies,Texas A&M,Aggies,TA&M,Texas A&M Aggies,Texas A&M,5C0025,ffffff,https://a.espncdn.com/i/teamlogos/ncaa/500/245.png,home,95,true,25,11,31,56.9,33,58,0,22,64.5,20,31,22,8,3,17,0,60.0,9,15,41,0,0,0,150,s:40~l:54~t:150,duke-blue-devils,Duke,Blue Devils,DUKE,Duke Blue Devils,Duke,013088,ffffff,https://a.espncdn.com/i/teamlogos/ncaa/500/150.png,77
293190258,2010,2,2009-11-15,2009-11-15T14:00:00.000000-0500,2363,s:40~l:54~t:2363,manhattan-jaspers,Manhattan,Jaspers,MAN,Manhattan Jaspers,Manhattan,4f8537,b5b7ba,https://a.espncdn.com/i/teamlogos/ncaa/500/2363.png,away,68,false,13,3,19,41.4,24,58,0,19,63.2,12,19,0,6,8,24,0,33.3,8,24,29,0,0,0,258,s:40~l:54~t:258,virginia-cavaliers,Virginia,Cavaliers,UVA,Virginia Cavaliers,Virginia,f84c1e,ffffff,https://a.espncdn.com/i/teamlogos/ncaa/500/258.png,86
293190258,2010,2,2009-11-15,2009-11-15T14:00:00.000000-0500,258,s:40~l:54~t:258,virginia-cavaliers,Virginia,Cavaliers,UVA,Virginia Cavaliers,Virginia,f84c1e,ffffff,https://a.espncdn.com/i/teamlogos/ncaa/500/258.png,home,86,true,15,8,27,52.2,35,67,0,17,71.4,15,21,25,16,13,24,0,8.3,1,12,46,0,0,0,2363,s:40~l:54~t:2363,manhattan-jaspers,Manhattan,Jaspers,MAN,Manhattan Jaspers,Manhattan,4f8537,b5b7ba,https://a.espncdn.com/i/teamlogos/ncaa/500/2363.png,68
293190009,2010,2,2009-11-15,2009-11-15T16:00:00.000000-0500,2571,s:40~l:54~t:2571,south-dakota-state-jackrabbits,South Dakota State,Jackrabbits,SDST,South Dakota State Jackrabbits,S Dakota St,0033a0,ffd100,https://a.espncdn.com/i/teamlogos/ncaa/500/2571.png,away,64,false,13,0,21,40.4,21,52,0,19,75.0,15,20,3,8,9,22,0,50.0,7,14,35,0,0,0,9,s:40~l:54~t:9,arizona-state-sun-devils,Arizona State,Sun Devils,ASU,Arizona State Sun Devils,Arizona State,942139,f1f2f3,https://a.espncdn.com/i/teamlogos/ncaa/500/9.png,73
293190009,2010,2,2009-11-15,2009-11-15T16:00:00.000000-0500,9,s:40~l:54~t:9,arizona-state-sun-devils,Arizona State,Sun Devils,ASU,Arizona State Sun Devils,Arizona State,942139,f1f2f3,https://a.espncdn.com/i/teamlogos/ncaa/500/9.png,home,73,true,22,8,25,41.8,28,67,0,20,73.7,14,19,16,16,9,16,0,30.0,3,10,43,0,0,0,2571,s:40~l:54~t:2571,south-dakota-state-jackrabbits,South Dakota State,Jackrabbits,SDST,South Dakota State Jackrabbits,S Dakota St,0033a0,ffd100,https://a.espncdn.com/i/teamlogos/ncaa/500/2571.png,64
293190061,2010,2,2009-11-15,2009-11-15T14:30:00.000000-0500,201,s:40~l:54~t:201,oklahoma-sooners,Oklahoma,Sooners,OU,Oklahoma Sooners,Oklahoma,9d2235,ffffff,https://a.espncdn.com/i/teamlogos/ncaa/500/201.png,away,51,false,11,9,23,34.4,22,64,0,17,50.0,2,4,0,13,9,24,0,23.8,5,21,41,0,0,0,61,s:40~l:54~t:61,georgia-lady-bulldogs,Georgia,Lady Bulldogs,UGA,Georgia Lady Bulldogs,Georgia,CC0000,000000,https://a.espncdn.com/i/teamlogos/ncaa/500/61.png,62
293190061,2010,2,2009-11-15,2009-11-15T14:30:00.000000-0500,61,s:40~l:54~t:61,georgia-lady-bulldogs,Georgia,Lady Bulldogs,UGA,Georgia Lady Bulldogs,Georgia,CC0000,000000,https://a.espncdn.com/i/teamlogos/ncaa/500/61.png,home,62,true,9,7,29,40.0,24,60,0,14,70.6,12,17,13,9,8,21,0,18.2,2,11,41,0,0,0,201,s:40~l:54~t:201,oklahoma-sooners,Oklahoma,Sooners,OU,Oklahoma Sooners,Oklahoma,9d2235,ffffff,https://a.espncdn.com/i/teamlogos/ncaa/500/201.png,51
293190025,2010,2,2009-11-15,2009-11-15T20:00:00.000000-0500,304,s:40~l:54~t:304,idaho-state-bengals,Idaho State,Bengals,IDST,Idaho State Bengals,Idaho St,ef8c00,e9a126,https://a.espncdn.com/i/teamlogos/ncaa/500/304.png,away,43,false,9,0,16,27.5,14,51,0,21,66.7,10,15,0,10,7,33,0,31.3,5,16,30,0,0,0,25,s:40~l:54~t:25,california-golden-bears,California,Golden Bears,CAL,California Golden Bears,California,031522,ffc423,https://a.espncdn.com/i/teamlogos/ncaa/500/25.png,100
293190025,2010,2,2009-11-15,2009-11-15T20:00:00.000000-0500,25,s:40~l:54~t:25,california-golden-bears,California,Golden Bears,CAL,California Golden Bears,California,031522,ffc423,https://a.espncdn.com/i/teamlogos/ncaa/500/25.png,home,100,true,17,2,27,50.0,34,68,0,17,80.6,25,31,57,17,19,19,0,33.3,7,21,47,0,0,0,304,s:40~l:54~t:304,idaho-state-bengals,Idaho State,Bengals,IDST,Idaho State Bengals,Idaho St,ef8c00,e9a126,https://a.espncdn.com/i/teamlogos/ncaa/500/304.png,43
293190238,2010,2,2009-11-15,2009-11-15T15:00:00.000000-0500,2329,s:40~l:54~t:2329,lehigh-mountain-hawks,Lehigh,Mountain Hawks,LEH,Lehigh Mountain Hawks,Lehigh,6c2b2a,b69e70,https://a.espncdn.com/i/teamlogos/ncaa/500/2329.png,away,54,false,12,1,19,36.4,20,55,0,18,60.0,9,15,2,9,6,19,0,21.7,5,23,28,0,0,0,238,s:40~l:54~t:238,vanderbilt-commodores,Vanderbilt,Commodores,VAN,Vanderbilt Commodores,Vanderbilt,000000,231f20,https://a.espncdn.com/i/teamlogos/ncaa/500/238.png,90
293190238,2010,2,2009-11-15,2009-11-15T15:00:00.000000-0500,238,s:40~l:54~t:238,vanderbilt-commodores,Vanderbilt,Commodores,VAN,Vanderbilt Commodores,Vanderbilt,000000,231f20,https://a.espncdn.com/i/teamlogos/ncaa/500/238.png,home,90,true,21,0,28,55.6,35,63,0,22,72.2,13,18,36,10,10,17,0,53.8,7,13,41,0,0,0,2329,s:40~l:54~t:2329,lehigh-mountain-hawks,Lehigh,Mountain Hawks,LEH,Lehigh Mountain Hawks,Lehigh,6c2b2a,b69e70,https://a.espncdn.com/i/teamlogos/ncaa/500/2329.png,54
293192168,2010,2,2009-11-15,2009-11-15T13:00:00.000000-0500,97,s:40~l:54~t:97,louisville-cardinals,Louisville,Cardinals,LOU,Louisville Cardinals,Louisville,c9001f,000000,https://a.espncdn.com/i/teamlogos/ncaa/500/97.png,away,65,true,8,3,27,42.0,21,50,0,27,67.7,21,31,8,16,2,21,0,20.0,2,10,48,0,0,0,2168,s:40~l:54~t:2168,dayton-flyers,Dayton,Flyers,DAY,Dayton Flyers,Dayton,004B8D,ffffff,https://a.espncdn.com/i/teamlogos/ncaa/500/2168.png,63
293192168,2010,2,2009-11-15,2009-11-15T13:00:00.000000-0500,2168,s:40~l:54~t:2168,dayton-flyers,Dayton,Flyers,DAY,Dayton Flyers,Dayton,004B8D,ffffff,https://a.espncdn.com/i/teamlogos/ncaa/500/2168.png,home,63,false,13,7,15,31.7,20,63,0,26,65.4,17,26,7,22,5,16,0,30.0,6,20,38,0,0,0,97,s:40~l:54~t:97,louisville-cardinals,Louisville,Cardinals,LOU,Louisville Cardinals,Louisville,c9001f,000000,https://a.espncdn.com/i/teamlogos/ncaa/500/97.png,65
293190344,2010,2,2009-11-15,2009-11-15T15:00:00.000000-0500,2193,s:40~l:54~t:2193,east-tennessee-state-bucs,East Tennessee State,Bucs,ETSU,East Tennessee State Bucs,ETSU,002d61,ffc423,https://a.espncdn.com/i/teamlogos/ncaa/500/2193.png,away,50,false,6,0,24,29.2,19,65,0,16,71.4,10,14,0,15,7,21,0,13.3,2,15,41,0,0,0,344,s:40~l:54~t:344,mississippi-state-bulldogs,Mississippi State,Bulldogs,MSST,Mississippi State Bulldogs,Mississippi St,762123,c8c8c8,https://a.espncdn.com/i/teamlogos/ncaa/500/344.png,80
293190344,2010,2,2009-11-15,2009-11-15T15:00:00.000000-0500,344,s:40~l:54~t:344,mississippi-state-bulldogs,Mississippi State,Bulldogs,MSST,Mississippi State Bulldogs,Mississippi St,762123,c8c8c8,https://a.espncdn.com/i/teamlogos/ncaa/500/344.png,home,80,true,15,2,32,43.8,32,73,0,18,69.2,9,13,32,18,4,15,0,25.9,7,27,51,0,0,0,2193,s:40~l:54~t:2193,east-tennessee-state-bucs,East Tennessee State,Bucs,ETSU,East Tennessee State Bucs,ETSU,002d61,ffc423,https://a.espncdn.com/i/teamlogos/ncaa/500/2193.png,50
293192541,2010,2,2009-11-15,2009-11-15T12:30:00.000000-0500,26,s:40~l:54~t:26,ucla-bruins,UCLA,Bruins,UCLA,UCLA Bruins,UCLA,2774ae,f2a900,https://a.espncdn.com/i/teamlogos/ncaa/500/26.png,away,77,true,20,2,25,50.8,30,59,0,17,66.7,10,15,29,17,11,19,0,63.6,7,11,45,0,0,0,2541,s:40~l:54~t:2541,santa-clara-broncos,Santa Clara,Broncos,SCU,Santa Clara Broncos,Santa Clara,690b0b,101010,https://a.espncdn.com/i/teamlogos/ncaa/500/2541.png,51
293192541,2010,2,2009-11-15,2009-11-15T12:30:00.000000-0500,2541,s:40~l:54~t:2541,santa-clara-broncos,Santa Clara,Broncos,SCU,Santa Clara Broncos,Santa Clara,690b0b,101010,https://a.espncdn.com/i/teamlogos/ncaa/500/2541.png,home,51,false,11,0,14,37.0,20,54,0,15,54.5,6,11,4,10,4,19,0,26.3,5,19,27,0,0,0,26,s:40~l:54~t:26,ucla-bruins,UCLA,Bruins,UCLA,UCLA Bruins,UCLA,2774ae,f2a900,https://a.espncdn.com/i/teamlogos/ncaa/500/26.png,77
293192509,2010,2,2009-11-15,2009-11-15T13:00:00.000000-0500,2710,s:40~l:54~t:2710,western-illinois-leathernecks,Western Illinois,Leathernecks,WIU,Western Illinois Leathernecks,W Illinois,4e1e8a,ffc90a,https://a.espncdn.com/i/teamlogos/ncaa/500/2710.png,away,37,false,11,0,20,37.0,17,46,0,19,0.0,0,2,4,5,7,27,0,30.0,3,10,27,0,0,0,2509,s:40~l:54~t:2509,purdue-boilermakers,Purdue,Boilermakers,PUR,Purdue Boilermakers,Purdue,000000,cfb991,https://a.espncdn.com/i/teamlogos/ncaa/500/2509.png,70
293192509,2010,2,2009-11-15,2009-11-15T13:00:00.000000-0500,2509,s:40~l:54~t:2509,purdue-boilermakers,Purdue,Boilermakers,PUR,Purdue Boilermakers,Purdue,000000,cfb991,https://a.espncdn.com/i/teamlogos/ncaa/500/2509.png,home,70,true,18,4,19,46.4,26,56,0,11,50.0,11,22,35,14,16,16,0,31.8,7,22,38,0,0,0,2710,s:40~l:54~t:2710,western-illinois-leathernecks,Western Illinois,Leathernecks,WIU,Western Illinois Leathernecks,W Illinois,4e1e8a,ffc90a,https://a.espncdn.com/i/teamlogos/ncaa/500/2710.png,37
293190012,2010,2,2009-11-15,2009-11-15T13:00:00.000000-0500,193,s:40~l:54~t:193,miami-oh-redhawks,Miami (OH),Redhawks,M-OH,Miami (OH) Redhawks,Miami OH,a4000c,f0f0f0,https://a.espncdn.com/i/teamlogos/ncaa/500/193.png,away,67,false,10,7,16,33.3,22,66,0,27,68.0,17,25,1,10,9,14,0,33.3,6,18,29,0,0,0,12,s:40~l:54~t:12,arizona-wildcats,Arizona,Wildcats,ARIZ,Arizona Wildcats,Arizona,0c234b,ab0520,https://a.espncdn.com/i/teamlogos/ncaa/500/12.png,91
293190012,2010,2,2009-11-15,2009-11-15T13:00:00.000000-0500,12,s:40~l:54~t:12,arizona-wildcats,Arizona,Wildcats,ARIZ,Arizona Wildcats,Arizona,0c234b,ab0520,https://a.espncdn.com/i/teamlogos/ncaa/500/12.png,home,91,true,20,4,32,46.9,30,64,0,23,68.8,22,32,29,15,6,19,0,56.3,9,16,55,0,0,0,193,s:40~l:54~t:193,miami-oh-redhawks,Miami (OH),Redhawks,M-OH,Miami (OH) Redhawks,Miami OH,a4000c,f0f0f0,https://a.espncdn.com/i/teamlogos/ncaa/500/193.png,67
293192619,2010,2,2009-11-15,2009-11-15T14:00:00.000000-0500,2599,s:40~l:54~t:2599,st-johns-red-storm,St. John's,Red Storm,SJU,St. John's Red Storm,St John's,d10000,101010,https://a.espncdn.com/i/teamlogos/ncaa/500/2599.png,away,89,true,13,3,28,52.4,33,63,0,24,50.0,19,38,40,11,16,21,0,36.4,4,11,43,0,0,0,2619,s:40~l:54~t:2619,stony-brook-seawolves,Stony Brook,Seawolves,STBK,Stony Brook Seawolves,Stony Brook,990000,,https://a.espncdn.com/i/teamlogos/ncaa/500/2619.png,52
293192619,2010,2,2009-11-15,2009-11-15T14:00:00.000000-0500,2619,s:40~l:54~t:2619,stony-brook-seawolves,Stony Brook,Seawolves,STBK,Stony Brook Seawolves,Stony Brook,990000,,https://a.espncdn.com/i/teamlogos/ncaa/500/2619.png,home,52,false,5,3,29,30.9,17,55,0,31,64.3,18,28,0,11,8,31,0,0.0,0,6,43,0,0,0,2599,s:40~l:54~t:2599,st-johns-red-storm,St. John's,Red Storm,SJU,St. John's Red Storm,St John's,d10000,101010,https://a.espncdn.com/i/teamlogos/ncaa/500/2599.png,89
293192507,2010,2,2009-11-15,2009-11-15T14:00:00.000000-0500,2603,s:40~l:54~t:2603,saint-josephs-hawks,Saint Joseph's,Hawks,JOES,Saint Joseph's Hawks,Saint Joseph's,C2071B,101010,https://a.espncdn.com/i/teamlogos/ncaa/500/2603.png,away,57,false,9,3,22,30.0,18,60,0,17,69.6,16,23,3,11,7,20,0,38.5,5,13,36,0,0,0,2507,s:40~l:54~t:2507,providence-friars,Providence,Friars,PROV,Providence Friars,Providence,000000,a3a19e,https://a.espncdn.com/i/teamlogos/ncaa/500/2507.png,88
293192507,2010,2,2009-11-15,2009-11-15T14:00:00.000000-0500,2507,s:40~l:54~t:2507,providence-friars,Providence,Friars,PROV,Providence Friars,Providence,000000,a3a19e,https://a.espncdn.com/i/teamlogos/ncaa/500/2507.png,home,88,true,26,8,31,51.5,35,68,0,18,60.0,9,15,36,10,7,15,0,42.9,9,21,43,0,0,0,2603,s:40~l:54~t:2603,saint-josephs-hawks,Saint Joseph's,Hawks,JOES,Saint Joseph's Hawks,Saint Joseph's,C2071B,101010,https://a.espncdn.com/i/teamlogos/ncaa/500/2603.png,57
293190066,2010,2,2009-11-15,2009-11-15T14:00:00.000000-0500,2226,s:40~l:54~t:2226,florida-atlantic-owls,Florida Atlantic,Owls,FAU,Florida Atlantic Owls,FAU,004B85,bb2f4c,https://a.espncdn.com/i/teamlogos/ncaa/500/2226.png,away,40,false,8,0,19,27.5,14,51,0,23,66.7,6,9,1,9,4,20,0,26.1,6,23,29,0,0,0,66,s:40~l:54~t:66,iowa-state-cyclones,Iowa State,Cyclones,ISU,Iowa State Cyclones,Iowa State,822433,fdca2f,https://a.espncdn.com/i/teamlogos/ncaa/500/66.png,80
293190066,2010,2,2009-11-15,2009-11-15T14:00:00.000000-0500,66,s:40~l:54~t:66,iowa-state-cyclones,Iowa State,Cyclones,ISU,Iowa State Cyclones,Iowa State,822433,fdca2f,https://a.espncdn.com/i/teamlogos/ncaa/500/66.png,home,80,true,16,3,27,51.9,28,54,0,11,57.7,15,26,43,12,11,12,0,42.9,9,21,39,0,0,0,2226,s:40~l:54~t:2226,florida-atlantic-owls,Florida Atlantic,Owls,FAU,Florida Atlantic Owls,FAU,004B85,bb2f4c,https://a.espncdn.com/i/teamlogos/ncaa/500/2226.png,40
293192294,2010,2,2009-11-15,2009-11-15T15:00:00.000000-0500,2287,s:40~l:54~t:2287,illinois-state-redbirds,Illinois State,Redbirds,ILST,Illinois State Redbirds,Illinois St,CE1126,ffe716,https://a.espncdn.com/i/teamlogos/ncaa/500/2287.png,away,67,false,17,4,21,45.6,26,57,0,23,84.6,11,13,5,8,5,15,0,26.7,4,15,35,0,0,0,2294,s:40~l:54~t:2294,iowa-hawkeyes,Iowa,Hawkeyes,IOWA,Iowa Hawkeyes,Iowa,000000,fcd116,https://a.espncdn.com/i/teamlogos/ncaa/500/2294.png,75
293192294,2010,2,2009-11-15,2009-11-15T15:00:00.000000-0500,2294,s:40~l:54~t:2294,iowa-hawkeyes,Iowa,Hawkeyes,IOWA,Iowa Hawkeyes,Iowa,000000,fcd116,https://a.espncdn.com/i/teamlogos/ncaa/500/2294.png,home,75,true,10,4,22,37.9,22,58,0,13,73.3,22,30,8,13,5,10,0,34.6,9,26,39,0,0,0,2287,s:40~l:54~t:2287,illinois-state-redbirds,Illinois State,Redbirds,ILST,Illinois State Redbirds,Illinois St,CE1126,ffe716,https://a.espncdn.com/i/teamlogos/ncaa/500/2287.png,67
293190197,2010,2,2009-11-15,2009-11-15T15:00:00.000000-0500,59,s:40~l:54~t:59,georgia-tech-yellow-jackets,Georgia Tech,Yellow Jackets,GT,Georgia Tech Yellow Jackets,Georgia Tech,00223e,002c56,https://a.espncdn.com/i/teamlogos/ncaa/500/59.png,away,64,false,11,3,23,32.8,19,58,0,25,86.7,26,30,2,14,11,19,0,0.0,0,13,39,0,0,0,197,s:40~l:54~t:197,oklahoma-state-cowgirls,Oklahoma State,Cowgirls,OKST,Oklahoma State Cowgirls,Oklahoma St,ff6500,000000,https://a.espncdn.com/i/teamlogos/ncaa/500/197.png,70
293190197,2010,2,2009-11-15,2009-11-15T15:00:00.000000-0500,197,s:40~l:54~t:197,oklahoma-state-cowgirls,Oklahoma State,Cowgirls,OKST,Oklahoma State Cowgirls,Oklahoma St,ff6500,000000,https://a.espncdn.com/i/teamlogos/ncaa/500/197.png,home,70,true,13,1,27,44.4,24,54,0,22,65.4,17,26,11,11,6,17,0,35.7,5,14,38,0,0,0,59,s:40~l:54~t:59,georgia-tech-yellow-jackets,Georgia Tech,Yellow Jackets,GT,Georgia Tech Yellow Jackets,Georgia Tech,00223e,002c56,https://a.espncdn.com/i/teamlogos/ncaa/500/59.png,64
293190135,2010,2,2009-11-15,2009-11-15T15:00:00.000000-0500,2320,s:40~l:54~t:2320,lamar-cardinals,Lamar,Cardinals,LAM,Lamar Cardinals,Lamar,000000,ebebeb,https://a.espncdn.com/i/teamlogos/ncaa/500/2320.png,away,45,false,9,5,23,22.4,17,76,0,27,72.7,8,11,0,18,8,20,0,10.7,3,28,42,0,0,0,135,s:40~l:54~t:135,minnesota-golden-gophers,Minnesota,Golden Gophers,MINN,Minnesota Golden Gophers,Minnesota,981a31,981a31,https://a.espncdn.com/i/teamlogos/ncaa/500/135.png,84
293190135,2010,2,2009-11-15,2009-11-15T15:00:00.000000-0500,135,s:40~l:54~t:135,minnesota-golden-gophers,Minnesota,Golden Gophers,MINN,Minnesota Golden Gophers,Minnesota,981a31,981a31,https://a.espncdn.com/i/teamlogos/ncaa/500/135.png,home,84,true,13,4,34,36.8,25,68,0,17,75.0,24,32,39,20,11,21,0,40.0,10,25,66,0,0,0,2320,s:40~l:54~t:2320,lamar-cardinals,Lamar,Cardinals,LAM,Lamar Cardinals,Lamar,000000,ebebeb,https://a.espncdn.com/i/teamlogos/ncaa/500/2320.png,45
293190356,2010,2,2009-11-15,2009-11-15T17:00:00.000000-0500,2561,s:40~l:54~t:2561,siena-saints,Siena,Saints,SIE,Siena Saints,Siena,037961,eea60f,https://a.espncdn.com/i/teamlogos/ncaa/500/2561.png,away,53,false,10,0,15,34.1,15,44,0,19,70.8,17,24,5,10,5,33,0,37.5,6,16,29,0,0,0,356,s:40~l:54~t:356,illinois-fighting-illini,Illinois,Fighting Illini,ILL,Illinois Fighting Illini,Illinois,ff5f05,13294b,https://a.espncdn.com/i/teamlogos/ncaa/500/356.png,85
293190356,2010,2,2009-11-15,2009-11-15T17:00:00.000000-0500,356,s:40~l:54~t:356,illinois-fighting-illini,Illinois,Fighting Illini,ILL,Illinois Fighting Illini,Illinois,ff5f05,13294b,https://a.espncdn.com/i/teamlogos/ncaa/500/356.png,home,85,true,16,3,19,62.5,35,56,0,23,41.7,10,24,34,10,18,21,0,38.5,5,13,30,0,0,0,2561,s:40~l:54~t:2561,siena-saints,Siena,Saints,SIE,Siena Saints,Siena,037961,eea60f,https://a.espncdn.com/i/teamlogos/ncaa/500/2561.png,53
293190038,2010,2,2009-11-15,2009-11-15T17:00:00.000000-0500,300,s:40~l:54~t:300,uc-irvine-anteaters,UC Irvine,Anteaters,UCI,UC Irvine Anteaters,UC Irvine,002B5C,fec52e,https://a.espncdn.com/i/teamlogos/ncaa/500/300.png,away,56,false,14,2,21,40.0,22,55,0,18,42.1,8,19,14,5,12,16,0,80.0,4,5,32,0,0,0,38,s:40~l:54~t:38,colorado-buffaloes,Colorado,Buffaloes,COLO,Colorado Buffaloes,Colorado,000000,cfb87c,https://a.espncdn.com/i/teamlogos/ncaa/500/38.png,61
293190038,2010,2,2009-11-15,2009-11-15T17:00:00.000000-0500,38,s:40~l:54~t:38,colorado-buffaloes,Colorado,Buffaloes,COLO,Colorado Buffaloes,Colorado,000000,cfb87c,https://a.espncdn.com/i/teamlogos/ncaa/500/38.png,home,61,true,9,8,29,38.7,24,62,0,18,56.3,9,16,7,17,11,27,0,20.0,4,20,50,0,0,0,300,s:40~l:54~t:300,uc-irvine-anteaters,UC Irvine,Anteaters,UCI,UC Irvine Anteaters,UC Irvine,002B5C,fec52e,https://a.espncdn.com/i/teamlogos/ncaa/500/300.png,56
293192132,2010,2,2009-11-15,2009-11-15T19:00:00.000000-0500,231,s:40~l:54~t:231,furman-paladins,Furman,Paladins,FUR,Furman Paladins,Furman,582c83,ffffff,https://a.espncdn.com/i/teamlogos/ncaa/500/231.png,away,46,false,6,6,14,24.6,14,57,0,22,77.8,14,18,0,10,5,15,0,21.1,4,19,33,0,0,0,2132,s:40~l:54~t:2132,cincinnati-bearcats,Cincinnati,Bearcats,CIN,Cincinnati Bearcats,Cincinnati,000000,717073,https://a.espncdn.com/i/teamlogos/ncaa/500/2132.png,85
293192132,2010,2,2009-11-15,2009-11-15T19:00:00.000000-0500,2132,s:40~l:54~t:2132,cincinnati-bearcats,Cincinnati,Bearcats,CIN,Cincinnati Bearcats,Cincinnati,000000,717073,https://a.espncdn.com/i/teamlogos/ncaa/500/2132.png,home,85,true,20,9,28,48.3,29,60,0,16,65.4,17,26,41,16,5,9,0,50.0,10,20,46,0,0,0,231,s:40~l:54~t:231,furman-paladins,Furman,Paladins,FUR,Furman Paladins,Furman,582c83,ffffff,https://a.espncdn.com/i/teamlogos/ncaa/500/231.png,46
293180041,2010,2,2009-11-14,2009-11-14T14:00:00.000000-0500,111,s:40~l:54~t:111,northeastern-huskies,Northeastern,Huskies,NE,Northeastern Huskies,Northeastern,CC0001,c2c3c0,https://a.espncdn.com/i/teamlogos/ncaa/500/111.png,away,35,false,4,2,9,19.3,11,57,0,15,61.5,8,13,0,4,7,18,0,16.7,5,30,19,0,0,0,41,s:40~l:54~t:41,uconn-huskies,UConn,Huskies,CONN,UConn Huskies,UConn,0c2340,f1f2f3,https://a.espncdn.com/i/teamlogos/ncaa/500/41.png,105
293180041,2010,2,2009-11-14,2009-11-14T14:00:00.000000-0500,41,s:40~l:54~t:41,uconn-huskies,UConn,Huskies,CONN,UConn Huskies,UConn,0c2340,f1f2f3,https://a.espncdn.com/i/teamlogos/ncaa/500/41.png,home,105,true,25,1,40,60.0,42,70,0,11,61.1,11,18,72,19,12,16,0,40.0,10,25,61,0,0,0,111,s:40~l:54~t:111,northeastern-huskies,Northeastern,Huskies,NE,Northeastern Huskies,Northeastern,CC0001,c2c3c0,https://a.espncdn.com/i/teamlogos/ncaa/500/111.png,35
293180357,2010,2,2009-11-14,2009-11-14T12:00:00.000000-0500,333,s:40~l:54~t:333,alabama-crimson-tide,Alabama,Crimson Tide,ALA,Alabama Crimson Tide,Alabama,9e1632,ffffff,https://a.espncdn.com/i/teamlogos/ncaa/500/333.png,away,90,false,14,4,30,44.0,33,75,0,31,75.0,21,28,15,17,9,22,0,17.6,3,17,51,0,0,0,357,s:40~l:54~t:357,texas-am-corpus-christi-islanders,Texas A&M-Corpus Christi,Islanders,AMCC,Texas A&M-Corpus Christi Islanders,Texas A&M-CC,00639c,008752,https://a.espncdn.com/i/teamlogos/ncaa/500/357.png,96
293180357,2010,2,2009-11-14,2009-11-14T12:00:00.000000-0500,357,s:40~l:54~t:357,texas-am-corpus-christi-islanders,Texas A&M-Corpus Christi,Islanders,AMCC,Texas A&M-Corpus Christi Islanders,Texas A&M-CC,00639c,008752,https://a.espncdn.com/i/teamlogos/ncaa/500/357.png,home,96,true,13,3,25,36.7,29,79,0,23,71.4,30,42,6,19,9,20,0,53.3,8,15,52,0,0,0,333,s:40~l:54~t:333,alabama-crimson-tide,Alabama,Crimson Tide,ALA,Alabama Crimson Tide,Alabama,9e1632,ffffff,https://a.espncdn.com/i/teamlogos/ncaa/500/333.png,90
293182294,2010,2,2009-11-14,2009-11-14T13:00:00.000000-0500,2541,s:40~l:54~t:2541,santa-clara-broncos,Santa Clara,Broncos,SCU,Santa Clara Broncos,Santa Clara,690b0b,101010,https://a.espncdn.com/i/teamlogos/ncaa/500/2541.png,away,51,false,14,2,26,38.2,21,55,0,10,57.1,4,7,2,7,6,24,0,25.0,5,20,34,0,0,0,2294,s:40~l:54~t:2294,iowa-hawkeyes,Iowa,Hawkeyes,IOWA,Iowa Hawkeyes,Iowa,000000,fcd116,https://a.espncdn.com/i/teamlogos/ncaa/500/2294.png,67
293182294,2010,2,2009-11-14,2009-11-14T13:00:00.000000-0500,2294,s:40~l:54~t:2294,iowa-hawkeyes,Iowa,Hawkeyes,IOWA,Iowa Hawkeyes,Iowa,000000,fcd116,https://a.espncdn.com/i/teamlogos/ncaa/500/2294.png,home,67,true,19,3,27,37.7,29,77,0,12,71.4,5,7,25,19,9,15,0,18.2,4,22,50,0,0,0,2541,s:40~l:54~t:2541,santa-clara-broncos,Santa Clara,Broncos,SCU,Santa Clara Broncos,Santa Clara,690b0b,101010,https://a.espncdn.com/i/teamlogos/ncaa/500/2541.png,51
293180057,2010,2,2009-11-14,2009-11-14T13:00:00.000000-0500,56,s:40~l:54~t:56,stetson-hatters,Stetson,Hatters,STET,Stetson Hatters,Stetson,0a5640,56854e,https://a.espncdn.com/i/teamlogos/ncaa/500/56.png,away,63,false,7,3,18,48.9,22,45,0,17,66.7,16,24,3,10,6,25,0,21.4,3,14,30,0,0,0,57,s:40~l:54~t:57,florida-gators,Florida,Gators,FLA,Florida Gators,Florida,0021a5,fa4616,https://a.espncdn.com/i/teamlogos/ncaa/500/57.png,85
293180057,2010,2,2009-11-14,2009-11-14T13:00:00.000000-0500,57,s:40~l:54~t:57,florida-gators,Florida,Gators,FLA,Florida Gators,Florida,0021a5,fa4616,https://a.espncdn.com/i/teamlogos/ncaa/500/57.png,home,85,true,12,1,16,50.0,33,66,0,19,63.2,12,19,24,17,14,16,0,38.9,7,18,35,0,0,0,56,s:40~l:54~t:56,stetson-hatters,Stetson,Hatters,STET,Stetson Hatters,Stetson,0a5640,56854e,https://a.espncdn.com/i/teamlogos/ncaa/500/56.png,63
293182641,2010,2,2009-11-14,2009-11-14T16:30:00.000000-0500,2534,s:40~l:54~t:2534,sam-houston-bearkats,Sam Houston,Bearkats,SHSU,Sam Houston Bearkats,Sam Houston,fe5000,000000,https://a.espncdn.com/i/teamlogos/ncaa/500/2534.png,away,52,false,10,2,12,34.3,23,67,0,20,55.6,5,9,6,12,4,26,0,6.7,1,15,30,0,0,0,2641,s:40~l:54~t:2641,texas-tech-lady-raiders,Texas Tech,Lady Raiders,TTU,Texas Tech Lady Raiders,Texas Tech,C80025,231f20,https://a.espncdn.com/i/teamlogos/ncaa/500/2641.png,91
293182641,2010,2,2009-11-14,2009-11-14T16:30:00.000000-0500,2641,s:40~l:54~t:2641,texas-tech-lady-raiders,Texas Tech,Lady Raiders,TTU,Texas Tech Lady Raiders,Texas Tech,C80025,231f20,https://a.espncdn.com/i/teamlogos/ncaa/500/2641.png,home,91,true,16,4,31,53.7,36,67,0,18,75.0,18,24,39,16,16,22,0,16.7,1,6,51,0,0,0,2534,s:40~l:54~t:2534,sam-houston-bearkats,Sam Houston,Bearkats,SHSU,Sam Houston Bearkats,Sam Houston,fe5000,000000,https://a.espncdn.com/i/teamlogos/ncaa/500/2534.png,52
293182502,2010,2,2009-11-14,2009-11-14T17:00:00.000000-0500,264,s:40~l:54~t:264,washington-huskies,Washington,Huskies,WASH,Washington Huskies,Washington,33006f,e8d3a2,https://a.espncdn.com/i/teamlogos/ncaa/500/264.png,away,66,false,19,3,31,45.0,27,60,0,17,63.2,12,19,12,9,12,22,0,0.0,0,3,43,0,0,0,2502,s:40~l:54~t:2502,portland-state-vikings,Portland State,Vikings,PRST,Portland State Vikings,Portland St,00311e,ebebeb,https://a.espncdn.com/i/teamlogos/ncaa/500/2502.png,67
293182502,2010,2,2009-11-14,2009-11-14T17:00:00.000000-0500,2502,s:40~l:54~t:2502,portland-state-vikings,Portland State,Vikings,PRST,Portland State Vikings,Portland St,00311e,ebebeb,https://a.espncdn.com/i/teamlogos/ncaa/500/2502.png,home,67,true,10,2,21,38.7,24,62,0,19,65.0,13,20,4,7,13,23,0,30.0,6,20,34,0,0,0,264,s:40~l:54~t:264,washington-huskies,Washington,Huskies,WASH,Washington Huskies,Washington,33006f,e8d3a2,https://a.espncdn.com/i/teamlogos/ncaa/500/264.png,66
293182306,2010,2,2009-11-14,2009-11-14T18:00:00.000000-0500,282,s:40~l:54~t:282,indiana-state-sycamores,Indiana State,Sycamores,INST,Indiana State Sycamores,Indiana St,00669a,f0f0f0,https://a.espncdn.com/i/teamlogos/ncaa/500/282.png,away,77,true,7,5,28,47.1,24,51,0,23,86.7,26,30,22,5,7,13,0,27.3,3,11,37,0,0,0,2306,s:40~l:54~t:2306,kansas-state-wildcats,Kansas State,Wildcats,KSU,Kansas State Wildcats,Kansas St,633194,e7d2ad,https://a.espncdn.com/i/teamlogos/ncaa/500/2306.png,73
293182306,2010,2,2009-11-14,2009-11-14T18:00:00.000000-0500,2306,s:40~l:54~t:2306,kansas-state-wildcats,Kansas State,Wildcats,KSU,Kansas State Wildcats,Kansas St,633194,e7d2ad,https://a.espncdn.com/i/teamlogos/ncaa/500/2306.png,home,73,false,11,3,23,35.4,23,65,0,21,84.0,21,25,0,12,4,10,0,33.3,6,18,37,0,0,0,282,s:40~l:54~t:282,indiana-state-sycamores,Indiana State,Sycamores,INST,Indiana State Sycamores,Indiana St,00669a,f0f0f0,https://a.espncdn.com/i/teamlogos/ncaa/500/282.png,77
293180152,2010,2,2009-11-14,2009-11-14T18:00:00.000000-0500,261,s:40~l:54~t:261,vermont-catamounts,Vermont,Catamounts,UVM,Vermont Catamounts,Vermont,154734,ffc72c,https://a.espncdn.com/i/teamlogos/ncaa/500/261.png,away,52,true,5,2,19,34.6,18,52,0,13,57.1,12,21,11,10,12,13,0,30.8,4,13,34,0,0,0,152,s:40~l:54~t:152,nc-state-wolfpack,NC State,Wolfpack,NCST,NC State Wolfpack,NC State,EF1216,231f20,https://a.espncdn.com/i/teamlogos/ncaa/500/152.png,47
293180152,2010,2,2009-11-14,2009-11-14T18:00:00.000000-0500,152,s:40~l:54~t:152,nc-state-wolfpack,NC State,Wolfpack,NCST,NC State Wolfpack,NC State,EF1216,231f20,https://a.espncdn.com/i/teamlogos/ncaa/500/152.png,home,47,false,12,3,26,37.0,20,54,0,18,71.4,5,7,2,11,7,21,0,13.3,2,15,42,0,0,0,261,s:40~l:54~t:261,vermont-catamounts,Vermont,Catamounts,UVM,Vermont Catamounts,Vermont,154734,ffc72c,https://a.espncdn.com/i/teamlogos/ncaa/500/261.png,52
293180120,2010,2,2009-11-14,2009-11-14T19:00:00.000000-0500,2428,s:40~l:54~t:2428,north-carolina-central-eagles,North Carolina Central,Eagles,NCCU,North Carolina Central Eagles,NC Central,880023,c2c3c0,https://a.espncdn.com/i/teamlogos/ncaa/500/2428.png,away,39,false,7,2,20,29.4,15,51,0,18,60.0,6,10,0,6,6,27,0,25.0,3,12,27,0,0,0,120,s:40~l:54~t:120,maryland-terrapins,Maryland,Terrapins,MD,Maryland Terrapins,Maryland,D5002B,ffcd00,https://a.espncdn.com/i/teamlogos/ncaa/500/120.png,88
293180120,2010,2,2009-11-14,2009-11-14T19:00:00.000000-0500,120,s:40~l:54~t:120,maryland-terrapins,Maryland,Terrapins,MD,Maryland Terrapins,Maryland,D5002B,ffcd00,https://a.espncdn.com/i/teamlogos/ncaa/500/120.png,home,88,true,21,6,31,49.3,36,73,0,14,54.5,12,22,49,21,10,15,0,23.5,4,17,56,0,0,0,2428,s:40~l:54~t:2428,north-carolina-central-eagles,North Carolina Central,Eagles,NCCU,North Carolina Central Eagles,NC Central,880023,c2c3c0,https://a.espncdn.com/i/teamlogos/ncaa/500/2428.png,39
293170194,2010,2,2009-11-13,2009-11-13T17:00:00.000000-0500,2197,s:40~l:54~t:2197,eastern-illinois-panthers,Eastern Illinois,Panthers,EIU,Eastern Illinois Panthers,E Illinois,000000,bebab9,https://a.espncdn.com/i/teamlogos/ncaa/500/2197.png,away,68,false,14,0,22,40.0,26,65,0,18,43.8,7,16,0,6,7,11,0,32.1,9,28,31,0,0,0,194,s:40~l:54~t:194,ohio-state-buckeyes,Ohio State,Buckeyes,OSU,Ohio State Buckeyes,Ohio State,ce1141,505056,https://a.espncdn.com/i/teamlogos/ncaa/500/194.png,91
293170194,2010,2,2009-11-13,2009-11-13T17:00:00.000000-0500,194,s:40~l:54~t:194,ohio-state-buckeyes,Ohio State,Buckeyes,OSU,Ohio State Buckeyes,Ohio State,ce1141,505056,https://a.espncdn.com/i/teamlogos/ncaa/500/194.png,home,91,true,18,0,37,44.0,33,75,0,15,82.6,19,23,25,20,7,13,0,27.3,6,22,59,0,0,0,2197,s:40~l:54~t:2197,eastern-illinois-panthers,Eastern Illinois,Panthers,EIU,Eastern Illinois Panthers,E Illinois,000000,bebab9,https://a.espncdn.com/i/teamlogos/ncaa/500/2197.png,68
293170153,2010,2,2009-11-13,2009-11-13T19:00:00.000000-0500,232,s:40~l:54~t:232,charleston-cougars,Charleston,Cougars,COFC,Charleston Cougars,Charleston,9c8456,e4e2dd,https://a.espncdn.com/i/teamlogos/ncaa/500/232.png,away,57,false,8,2,27,32.3,21,65,0,30,62.5,10,16,3,11,10,30,0,19.2,5,26,44,0,0,0,153,s:40~l:54~t:153,north-carolina-tar-heels,North Carolina,Tar Heels,UNC,North Carolina Tar Heels,North Carolina,7bafd4,13294b,https://a.espncdn.com/i/teamlogos/ncaa/500/153.png,88
293170153,2010,2,2009-11-13,2009-11-13T19:00:00.000000-0500,153,s:40~l:54~t:153,north-carolina-tar-heels,North Carolina,Tar Heels,UNC,North Carolina Tar Heels,North Carolina,7bafd4,13294b,https://a.espncdn.com/i/teamlogos/ncaa/500/153.png,home,88,true,16,10,27,36.5,27,74,0,17,61.7,29,47,32,22,9,20,0,33.3,5,15,55,0,0,0,232,s:40~l:54~t:232,charleston-cougars,Charleston,Cougars,COFC,Charleston Cougars,Charleston,9c8456,e4e2dd,https://a.espncdn.com/i/teamlogos/ncaa/500/232.png,57
293170251,2010,2,2009-11-13,2009-11-13T20:00:00.000000-0500,2636,s:40~l:54~t:2636,utsa-roadrunners,UTSA,Roadrunners,UTSA,UTSA Roadrunners,UTSA,002A5C,f47321,https://a.espncdn.com/i/teamlogos/ncaa/500/2636.png,away,60,false,6,3,25,31.3,21,67,0,18,77.8,14,18,9,14,8,17,0,22.2,4,18,43,0,0,0,251,s:40~l:54~t:251,texas-longhorns,Texas,Longhorns,TEX,Texas Longhorns,Texas,c15d26,ffffff,https://a.espncdn.com/i/teamlogos/ncaa/500/251.png,71
293170251,2010,2,2009-11-13,2009-11-13T20:00:00.000000-0500,251,s:40~l:54~t:251,texas-longhorns,Texas,Longhorns,TEX,Texas Longhorns,Texas,c15d26,ffffff,https://a.espncdn.com/i/teamlogos/ncaa/500/251.png,home,71,true,14,6,26,41.9,26,62,0,15,66.7,16,24,17,11,11,16,0,17.6,3,17,43,0,0,0,2636,s:40~l:54~t:2636,utsa-roadrunners,UTSA,Roadrunners,UTSA,UTSA Roadrunners,UTSA,002A5C,f47321,https://a.espncdn.com/i/teamlogos/ncaa/500/2636.png,60
293172378,2010,2,2009-11-13,2009-11-13T19:00:00.000000-0500,258,s:40~l:54~t:258,virginia-cavaliers,Virginia,Cavaliers,UVA,Virginia Cavaliers,Virginia,f84c1e,ffffff,https://a.espncdn.com/i/teamlogos/ncaa/500/258.png,away,68,true,15,7,28,35.2,25,71,0,21,57.9,11,19,14,17,15,12,0,31.8,7,22,47,0,0,0,2378,s:40~l:54~t:2378,umbc-retrievers,UMBC,Retrievers,UMBC,UMBC Retrievers,UMBC,000000,ad860a,https://a.espncdn.com/i/teamlogos/ncaa/500/2378.png,57
293172378,2010,2,2009-11-13,2009-11-13T19:00:00.000000-0500,2378,s:40~l:54~t:2378,umbc-retrievers,UMBC,Retrievers,UMBC,UMBC Retrievers,UMBC,000000,ad860a,https://a.espncdn.com/i/teamlogos/ncaa/500/2378.png,home,57,false,8,3,25,34.5,19,55,0,18,57.7,15,26,3,11,3,21,0,21.1,4,19,43,0,0,0,258,s:40~l:54~t:258,virginia-cavaliers,Virginia,Cavaliers,UVA,Virginia Cavaliers,Virginia,f84c1e,ffffff,https://a.espncdn.com/i/teamlogos/ncaa/500/258.png,68
293170052,2010,2,2009-11-13,2009-11-13T19:00:00.000000-0500,2454,s:40~l:54~t:2454,north-florida-ospreys,North Florida,Ospreys,UNF,North Florida Ospreys,North Florida,004B8D,babcbe,https://a.espncdn.com/i/teamlogos/ncaa/500/2454.png,away,50,false,12,0,14,34.7,17,49,0,19,58.3,7,12,1,2,5,28,0,42.9,9,21,23,0,0,0,52,s:40~l:54~t:52,florida-state-seminoles,Florida State,Seminoles,FSU,Florida State Seminoles,Florida St,782F40,ceb888,https://a.espncdn.com/i/teamlogos/ncaa/500/52.png,79
293170052,2010,2,2009-11-13,2009-11-13T19:00:00.000000-0500,52,s:40~l:54~t:52,florida-state-seminoles,Florida State,Seminoles,FSU,Florida State Seminoles,Florida St,782F40,ceb888,https://a.espncdn.com/i/teamlogos/ncaa/500/52.png,home,79,true,21,5,28,46.9,30,64,0,17,66.7,14,21,39,17,13,23,0,35.7,5,14,48,0,0,0,2454,s:40~l:54~t:2454,north-florida-ospreys,North Florida,Ospreys,UNF,North Florida Ospreys,North Florida,004B8D,babcbe,https://a.espncdn.com/i/teamlogos/ncaa/500/2454.png,50
293170201,2010,2,2009-11-13,2009-11-13T20:00:00.000000-0500,2382,s:40~l:54~t:2382,mercer-bears,Mercer,Bears,MER,Mercer Bears,Mercer,ff7f29,080808,https://a.espncdn.com/i/teamlogos/ncaa/500/2382.png,away,66,false,7,1,22,30.8,20,65,0,22,70.4,19,27,4,11,7,20,0,26.9,7,26,37,0,0,0,201,s:40~l:54~t:201,oklahoma-sooners,Oklahoma,Sooners,OU,Oklahoma Sooners,Oklahoma,9d2235,ffffff,https://a.espncdn.com/i/teamlogos/ncaa/500/201.png,108
293170201,2010,2,2009-11-13,2009-11-13T20:00:00.000000-0500,201,s:40~l:54~t:201,oklahoma-sooners,Oklahoma,Sooners,OU,Oklahoma Sooners,Oklahoma,9d2235,ffffff,https://a.espncdn.com/i/teamlogos/ncaa/500/201.png,home,108,true,18,2,33,51.2,41,80,0,22,68.0,17,25,49,19,9,19,0,33.3,9,27,56,0,0,0,2382,s:40~l:54~t:2382,mercer-bears,Mercer,Bears,MER,Mercer Bears,Mercer,ff7f29,080808,https://a.espncdn.com/i/teamlogos/ncaa/500/2382.png,66
293172168,2010,2,2009-11-13,2009-11-13T19:00:00.000000-0500,127,s:40~l:54~t:127,michigan-state-spartans,Michigan State,Spartans,MSU,Michigan State Spartans,Michigan St,18453B,ffffff,https://a.espncdn.com/i/teamlogos/ncaa/500/127.png,away,74,false,16,9,27,38.2,26,68,0,29,65.4,17,26,5,16,7,21,0,27.8,5,18,45,0,0,0,2168,s:40~l:54~t:2168,dayton-flyers,Dayton,Flyers,DAY,Dayton Flyers,Dayton,004B8D,ffffff,https://a.espncdn.com/i/teamlogos/ncaa/500/2168.png,77
293172168,2010,2,2009-11-13,2009-11-13T19:00:00.000000-0500,2168,s:40~l:54~t:2168,dayton-flyers,Dayton,Flyers,DAY,Dayton Flyers,Dayton,004B8D,ffffff,https://a.espncdn.com/i/teamlogos/ncaa/500/2168.png,home,77,true,14,7,30,40.0,26,65,0,22,51.5,17,33,9,14,11,21,0,36.4,8,22,50,0,0,0,127,s:40~l:54~t:127,michigan-state-spartans,Michigan State,Spartans,MSU,Michigan State Spartans,Michigan St,18453B,ffffff,https://a.espncdn.com/i/teamlogos/ncaa/500/127.png,74
293170344,2010,2,2009-11-13,2009-11-13T18:00:00.000000-0500,2029,s:40~l:54~t:2029,arkansas-pine-bluff-golden-lions,Arkansas-Pine Bluff,Golden Lions,UAPB,Arkansas-Pine Bluff Golden Lions,AR-Pine Bluff,e0aa0f,eaaa00,https://a.espncdn.com/i/teamlogos/ncaa/500/2029.png,away,48,false,6,1,29,25.4,15,59,0,29,50.0,15,30,0,9,5,26,0,15.8,3,19,43,0,0,0,344,s:40~l:54~t:344,mississippi-state-bulldogs,Mississippi State,Bulldogs,MSST,Mississippi State Bulldogs,Mississippi St,762123,c8c8c8,https://a.espncdn.com/i/teamlogos/ncaa/500/344.png,106
293170344,2010,2,2009-11-13,2009-11-13T18:00:00.000000-0500,344,s:40~l:54~t:344,mississippi-state-bulldogs,Mississippi State,Bulldogs,MSST,Mississippi State Bulldogs,Mississippi St,762123,c8c8c8,https://a.espncdn.com/i/teamlogos/ncaa/500/344.png,home,106,true,19,4,40,44.7,38,85,0,25,56.8,21,37,60,27,16,16,0,32.1,9,28,71,0,0,0,2029,s:40~l:54~t:2029,arkansas-pine-bluff-golden-lions,Arkansas-Pine Bluff,Golden Lions,UAPB,Arkansas-Pine Bluff Golden Lions,AR-Pine Bluff,e0aa0f,eaaa00,https://a.espncdn.com/i/teamlogos/ncaa/500/2029.png,48
293170145,2010,2,2009-11-13,2009-11-13T16:30:00.000000-0500,2545,s:40~l:54~t:2545,se-louisiana-lady-lions,SE Louisiana,Lady Lions,SELA,SE Louisiana Lady Lions,SE Louisiana,215732,ffc72c,https://a.espncdn.com/i/teamlogos/ncaa/500/2545.png,away,42,false,11,0,13,26.8,15,56,0,16,69.2,9,13,0,8,9,23,0,14.3,3,21,25,0,0,0,145,s:40~l:54~t:145,ole-miss-rebels,Ole Miss,Rebels,MISS,Ole Miss Rebels,Ole Miss,001148,00205b,https://a.espncdn.com/i/teamlogos/ncaa/500/145.png,80
293170145,2010,2,2009-11-13,2009-11-13T16:30:00.000000-0500,145,s:40~l:54~t:145,ole-miss-rebels,Ole Miss,Rebels,MISS,Ole Miss Rebels,Ole Miss,001148,00205b,https://a.espncdn.com/i/teamlogos/ncaa/500/145.png,home,80,true,24,2,30,50.9,27,53,0,13,94.1,16,17,38,7,12,24,1,41.7,10,24,43,1,0,0,2545,s:40~l:54~t:2545,se-louisiana-lady-lions,SE Louisiana,Lady Lions,SELA,SE Louisiana Lady Lions,SE Louisiana,215732,ffc72c,https://a.espncdn.com/i/teamlogos/ncaa/500/2545.png,42
293170154,2010,2,2009-11-13,2009-11-13T17:00:00.000000-0500,294,s:40~l:54~t:294,jacksonville-dolphins,Jacksonville,Dolphins,JAX,Jacksonville Dolphins,Jacksonville,00523e,,https://a.espncdn.com/i/teamlogos/ncaa/500/294.png,away,47,false,9,4,26,24.6,16,65,0,23,61.1,11,18,0,17,15,21,0,25.0,4,16,47,0,0,0,154,s:40~l:54~t:154,wake-forest-demon-deacons,Wake Forest,Demon Deacons,WAKE,Wake Forest Demon Deacons,Wake Forest,9E7E38,000000,https://a.espncdn.com/i/teamlogos/ncaa/500/154.png,64
293170154,2010,2,2009-11-13,2009-11-13T17:00:00.000000-0500,154,s:40~l:54~t:154,wake-forest-demon-deacons,Wake Forest,Demon Deacons,WAKE,Wake Forest Demon Deacons,Wake Forest,9E7E38,000000,https://a.espncdn.com/i/teamlogos/ncaa/500/154.png,home,64,true,14,7,31,35.5,22,62,0,19,60.0,15,25,18,16,13,19,0,33.3,5,15,52,0,0,0,294,s:40~l:54~t:294,jacksonville-dolphins,Jacksonville,Dolphins,JAX,Jacksonville Dolphins,Jacksonville,00523e,,https://a.espncdn.com/i/teamlogos/ncaa/500/294.png,47
293170228,2010,2,2009-11-13,2009-11-13T17:30:00.000000-0500,231,s:40~l:54~t:231,furman-paladins,Furman,Paladins,FUR,Furman Paladins,Furman,582c83,ffffff,https://a.espncdn.com/i/teamlogos/ncaa/500/231.png,away,48,false,6,7,28,29.1,16,55,0,15,68.4,13,19,3,9,9,27,0,27.3,3,11,44,0,0,0,228,s:40~l:54~t:228,clemson-tigers,Clemson,Tigers,CLEM,Clemson Tigers,Clemson,F66733,522d80,https://a.espncdn.com/i/teamlogos/ncaa/500/228.png,68
293170228,2010,2,2009-11-13,2009-11-13T17:30:00.000000-0500,228,s:40~l:54~t:228,clemson-tigers,Clemson,Tigers,CLEM,Clemson Tigers,Clemson,F66733,522d80,https://a.espncdn.com/i/teamlogos/ncaa/500/228.png,home,68,true,20,11,27,34.1,29,85,0,17,69.2,9,13,25,21,19,18,0,7.7,1,13,56,0,0,0,231,s:40~l:54~t:231,furman-paladins,Furman,Paladins,FUR,Furman Paladins,Furman,582c83,ffffff,https://a.espncdn.com/i/teamlogos/ncaa/500/231.png,48
293170235,2010,2,2009-11-13,2009-11-13T18:00:00.000000-0500,84,s:40~l:54~t:84,indiana-hoosiers,Indiana,Hoosiers,IU,Indiana Hoosiers,Indiana,990000,edebeb,https://a.espncdn.com/i/teamlogos/ncaa/500/84.png,away,78,true,19,5,25,50.8,31,61,0,22,66.7,12,18,14,9,6,21,0,30.8,4,13,38,0,0,0,235,s:40~l:54~t:235,memphis-tigers,Memphis,Tigers,MEM,Memphis Tigers,Memphis,004991,8e908f,https://a.espncdn.com/i/teamlogos/ncaa/500/235.png,74
293170235,2010,2,2009-11-13,2009-11-13T18:00:00.000000-0500,235,s:40~l:54~t:235,memphis-tigers,Memphis,Tigers,MEM,Memphis Tigers,Memphis,004991,8e908f,https://a.espncdn.com/i/teamlogos/ncaa/500/235.png,home,74,false,13,1,17,35.2,25,71,0,20,75.0,21,28,5,15,9,14,0,18.8,3,16,39,0,0,0,84,s:40~l:54~t:84,indiana-hoosiers,Indiana,Hoosiers,IU,Indiana Hoosiers,Indiana,990000,edebeb,https://a.espncdn.com/i/teamlogos/ncaa/500/84.png,78
293172649,2010,2,2009-11-13,2009-11-13T19:00:00.000000-0500,77,s:40~l:54~t:77,northwestern-wildcats,Northwestern,Wildcats,NU,Northwestern Wildcats,Northwestern,582c83,ffffff,https://a.espncdn.com/i/teamlogos/ncaa/500/77.png,away,73,true,16,4,25,43.1,22,51,0,13,81.8,27,33,21,11,11,19,0,22.2,2,9,39,0,0,0,2649,s:40~l:54~t:2649,toledo-rockets,Toledo,Rockets,TOL,Toledo Rockets,Toledo,ffffff,ffd51d,https://a.espncdn.com/i/teamlogos/ncaa/500/2649.png,64
293172649,2010,2,2009-11-13,2009-11-13T19:00:00.000000-0500,2649,s:40~l:54~t:2649,toledo-rockets,Toledo,Rockets,TOL,Toledo Rockets,Toledo,ffffff,ffd51d,https://a.espncdn.com/i/teamlogos/ncaa/500/2649.png,home,64,false,16,1,21,38.2,26,68,0,22,50.0,4,8,3,15,11,18,0,32.0,8,25,39,0,0,0,77,s:40~l:54~t:77,northwestern-wildcats,Northwestern,Wildcats,NU,Northwestern Wildcats,Northwestern,582c83,ffffff,https://a.espncdn.com/i/teamlogos/ncaa/500/77.png,73
293172520,2010,2,2009-11-13,2009-11-13T19:00:00.000000-0500,2550,s:40~l:54~t:2550,seton-hall-pirates,Seton Hall,Pirates,HALL,Seton Hall Pirates,Seton Hall,0857B1,8a8d8f,https://a.espncdn.com/i/teamlogos/ncaa/500/2550.png,away,63,true,12,1,21,33.3,21,63,0,19,66.7,16,24,14,17,12,12,0,38.5,5,13,42,0,0,0,2520,s:40~l:54~t:2520,rider-broncs,Rider,Broncs,RID,Rider Broncs,Rider,a80532,ebebeb,https://a.espncdn.com/i/teamlogos/ncaa/500/2520.png,49
293172520,2010,2,2009-11-13,2009-11-13T19:00:00.000000-0500,2520,s:40~l:54~t:2520,rider-broncs,Rider,Broncs,RID,Rider Broncs,Rider,a80532,ebebeb,https://a.espncdn.com/i/teamlogos/ncaa/500/2520.png,home,49,false,10,2,24,35.6,16,45,0,20,77.8,14,18,3,5,4,25,0,37.5,3,8,37,0,0,0,2550,s:40~l:54~t:2550,seton-hall-pirates,Seton Hall,Pirates,HALL,Seton Hall Pirates,Seton Hall,0857B1,8a8d8f,https://a.espncdn.com/i/teamlogos/ncaa/500/2550.png,63
293170218,2010,2,2009-11-13,2009-11-13T19:00:00.000000-0500,356,s:40~l:54~t:356,illinois-fighting-illini,Illinois,Fighting Illini,ILL,Illinois Fighting Illini,Illinois,ff5f05,13294b,https://a.espncdn.com/i/teamlogos/ncaa/500/356.png,away,78,false,16,6,25,50.0,30,60,0,27,61.1,11,18,18,10,10,25,0,41.2,7,17,44,0,0,0,218,s:40~l:54~t:218,temple-owls,Temple,Owls,TEM,Temple Owls,Temple,A80532,a7a9ac,https://a.espncdn.com/i/teamlogos/ncaa/500/218.png,82
293170218,2010,2,2009-11-13,2009-11-13T19:00:00.000000-0500,218,s:40~l:54~t:218,temple-owls,Temple,Owls,TEM,Temple Owls,Temple,A80532,a7a9ac,https://a.espncdn.com/i/teamlogos/ncaa/500/218.png,home,82,true,17,1,21,37.1,26,70,0,18,53.7,22,41,7,19,17,15,0,27.6,8,29,43,0,0,0,356,s:40~l:54~t:356,illinois-fighting-illini,Illinois,Fighting Illini,ILL,Illinois Fighting Illini,Illinois,ff5f05,13294b,https://a.espncdn.com/i/teamlogos/ncaa/500/356.png,78
293170197,2010,2,2009-11-13,2009-11-13T19:00:00.000000-0500,2031,s:40~l:54~t:2031,little-rock-trojans,Little Rock,Trojans,LR,Little Rock Trojans,Little Rock,AD0000,898d8f,https://a.espncdn.com/i/teamlogos/ncaa/500/2031.png,away,58,false,6,0,22,40.0,24,60,0,26,50.0,7,14,11,11,9,16,0,25.0,3,12,39,0,0,0,197,s:40~l:54~t:197,oklahoma-state-cowgirls,Oklahoma State,Cowgirls,OKST,Oklahoma State Cowgirls,Oklahoma St,ff6500,000000,https://a.espncdn.com/i/teamlogos/ncaa/500/197.png,67
293170197,2010,2,2009-11-13,2009-11-13T19:00:00.000000-0500,197,s:40~l:54~t:197,oklahoma-state-cowgirls,Oklahoma State,Cowgirls,OKST,Oklahoma State Cowgirls,Oklahoma St,ff6500,000000,https://a.espncdn.com/i/teamlogos/ncaa/500/197.png,home,67,true,11,3,25,36.2,21,58,0,18,78.6,22,28,9,16,6,14,1,21.4,3,14,47,1,0,0,2031,s:40~l:54~t:2031,little-rock-trojans,Little Rock,Trojans,LR,Little Rock Trojans,Little Rock,AD0000,898d8f,https://a.espncdn.com/i/teamlogos/ncaa/500/2031.png,58
293170130,2010,2,2009-11-13,2009-11-13T19:00:00.000000-0500,2050,s:40~l:54~t:2050,ball-state-cardinals,Ball State,Cardinals,BALL,Ball State Cardinals,Ball State,DA0000,ffffff,https://a.espncdn.com/i/teamlogos/ncaa/500/2050.png,away,67,false,10,1,24,41.3,26,63,0,20,73.3,11,15,0,11,9,28,0,20.0,4,20,41,0,0,0,130,s:40~l:54~t:130,michigan-wolverines,Michigan,Wolverines,MICH,Michigan Wolverines,Michigan,00274c,ffcb05,https://a.espncdn.com/i/teamlogos/ncaa/500/130.png,87
293170130,2010,2,2009-11-13,2009-11-13T19:00:00.000000-0500,130,s:40~l:54~t:130,michigan-wolverines,Michigan,Wolverines,MICH,Michigan Wolverines,Michigan,00274c,ffcb05,https://a.espncdn.com/i/teamlogos/ncaa/500/130.png,home,87,true,20,3,23,47.0,31,66,0,16,47.8,11,23,27,12,15,17,0,53.8,14,26,39,0,0,0,2050,s:40~l:54~t:2050,ball-state-cardinals,Ball State,Cardinals,BALL,Ball State Cardinals,Ball State,DA0000,ffffff,https://a.espncdn.com/i/teamlogos/ncaa/500/2050.png,67
293170058,2010,2,2009-11-13,2009-11-13T19:00:00.000000-0500,50,s:40~l:54~t:50,florida-am-rattlers,Florida A&M,Rattlers,FAMU,Florida A&M Rattlers,FAMU,F89728,00843d,https://a.espncdn.com/i/teamlogos/ncaa/500/50.png,away,73,true,14,4,35,32.9,24,73,0,20,66.7,18,27,6,11,18,24,0,35.0,7,20,49,0,0,0,58,s:40~l:54~t:58,south-florida-bulls,South Florida,Bulls,USF,South Florida Bulls,South Florida,004A36,231f20,https://a.espncdn.com/i/teamlogos/ncaa/500/58.png,68
293170058,2010,2,2009-11-13,2009-11-13T19:00:00.000000-0500,58,s:40~l:54~t:58,south-florida-bulls,South Florida,Bulls,USF,South Florida Bulls,South Florida,004A36,231f20,https://a.espncdn.com/i/teamlogos/ncaa/500/58.png,home,68,false,17,6,37,31.6,25,79,0,22,59.1,13,22,9,22,14,27,0,26.3,5,19,63,0,0,0,50,s:40~l:54~t:50,florida-am-rattlers,Florida A&M,Rattlers,FAMU,Florida A&M Rattlers,FAMU,F89728,00843d,https://a.espncdn.com/i/teamlogos/ncaa/500/50.png,73
293170259,2010,2,2009-11-13,2009-11-13T19:30:00.000000-0500,2344,s:40~l:54~t:2344,longwood-lancers,Longwood,Lancers,LONG,Longwood Lancers,Longwood,003273,9ea2a3,https://a.espncdn.com/i/teamlogos/ncaa/500/2344.png,away,55,false,7,7,22,38.2,21,55,0,19,72.7,8,11,2,6,3,21,0,26.3,5,19,32,0,0,0,259,s:40~l:54~t:259,virginia-tech-hokies,Virginia Tech,Hokies,VT,Virginia Tech Hokies,Virginia Tech,630031,cf4520,https://a.espncdn.com/i/teamlogos/ncaa/500/259.png,77
293170259,2010,2,2009-11-13,2009-11-13T19:30:00.000000-0500,259,s:40~l:54~t:259,virginia-tech-hokies,Virginia Tech,Hokies,VT,Virginia Tech Hokies,Virginia Tech,630031,cf4520,https://a.espncdn.com/i/teamlogos/ncaa/500/259.png,home,77,true,14,4,29,40.3,31,77,0,15,50.0,11,22,24,21,9,13,0,40.0,4,10,53,0,0,0,2344,s:40~l:54~t:2344,longwood-lancers,Longwood,Lancers,LONG,Longwood Lancers,Longwood,003273,9ea2a3,https://a.espncdn.com/i/teamlogos/ncaa/500/2344.png,55
293170059,2010,2,2009-11-13,2009-11-13T19:30:00.000000-0500,2737,s:40~l:54~t:2737,winthrop-eagles,Winthrop,Eagles,WIN,Winthrop Eagles,Winthrop,9e0b0e,fdb41e,https://a.espncdn.com/i/teamlogos/ncaa/500/2737.png,away,30,false,6,7,16,21.3,10,47,0,13,37.5,6,16,1,14,2,26,0,21.1,4,19,34,0,0,0,59,s:40~l:54~t:59,georgia-tech-yellow-jackets,Georgia Tech,Yellow Jackets,GT,Georgia Tech Yellow Jackets,Georgia Tech,00223e,002c56,https://a.espncdn.com/i/teamlogos/ncaa/500/59.png,63
293170059,2010,2,2009-11-13,2009-11-13T19:30:00.000000-0500,59,s:40~l:54~t:59,georgia-tech-yellow-jackets,Georgia Tech,Yellow Jackets,GT,Georgia Tech Yellow Jackets,Georgia Tech,00223e,002c56,https://a.espncdn.com/i/teamlogos/ncaa/500/59.png,home,63,true,15,4,25,44.3,27,61,0,17,46.7,7,15,38,16,17,16,0,28.6,2,7,47,0,0,0,2737,s:40~l:54~t:2737,winthrop-eagles,Winthrop,Eagles,WIN,Winthrop Eagles,Winthrop,9e0b0e,fdb41e,https://a.espncdn.com/i/teamlogos/ncaa/500/2737.png,30
293170152,2010,2,2009-11-13,2009-11-13T20:00:00.000000-0500,2229,s:40~l:54~t:2229,florida-international-panthers,Florida International,Panthers,FIU,Florida International Panthers,FIU,001538,c5960c,https://a.espncdn.com/i/teamlogos/ncaa/500/2229.png,away,71,false,15,5,22,49.0,25,51,0,21,61.5,8,13,4,7,5,27,0,56.5,13,23,30,0,0,0,152,s:40~l:54~t:152,nc-state-wolfpack,NC State,Wolfpack,NCST,NC State Wolfpack,NC State,EF1216,231f20,https://a.espncdn.com/i/teamlogos/ncaa/500/152.png,87
293170152,2010,2,2009-11-13,2009-11-13T20:00:00.000000-0500,152,s:40~l:54~t:152,nc-state-wolfpack,NC State,Wolfpack,NCST,NC State Wolfpack,NC State,EF1216,231f20,https://a.espncdn.com/i/teamlogos/ncaa/500/152.png,home,87,true,19,2,19,49.2,29,59,0,18,83.3,25,30,21,9,16,14,0,36.4,4,11,34,0,0,0,2229,s:40~l:54~t:2229,florida-international-panthers,Florida International,Panthers,FIU,Florida International Panthers,FIU,001538,c5960c,https://a.espncdn.com/i/teamlogos/ncaa/500/2229.png,71
293170158,2010,2,2009-11-13,2009-11-13T20:05:00.000000-0500,2166,s:40~l:54~t:2166,davidson-wildcats,Davidson,Wildcats,DAV,Davidson Wildcats,Davidson,000000,e51837,https://a.espncdn.com/i/teamlogos/ncaa/500/2166.png,away,62,false,9,5,19,40.7,22,54,0,33,62.1,18,29,0,7,10,25,0,0.0,0,3,32,0,0,0,158,s:40~l:54~t:158,nebraska-cornhuskers,Nebraska,Cornhuskers,NEB,Nebraska Cornhuskers,Nebraska,F20017,f5f1e7,https://a.espncdn.com/i/teamlogos/ncaa/500/158.png,86
293170158,2010,2,2009-11-13,2009-11-13T20:05:00.000000-0500,158,s:40~l:54~t:158,nebraska-cornhuskers,Nebraska,Cornhuskers,NEB,Nebraska Cornhuskers,Nebraska,F20017,f5f1e7,https://a.espncdn.com/i/teamlogos/ncaa/500/158.png,home,86,true,13,6,28,45.6,26,57,0,26,61.9,26,42,35,13,9,25,0,38.1,8,21,44,0,0,0,2166,s:40~l:54~t:2166,davidson-wildcats,Davidson,Wildcats,DAV,Davidson Wildcats,Davidson,000000,e51837,https://a.espncdn.com/i/teamlogos/ncaa/500/2166.png,62
