game_id,season,season_type,game_date,game_date_time,team_id,team_uid,team_slug,team_location,team_name,team_abbreviation,team_display_name,team_short_display_name,team_color,team_alternate_color,team_logo,team_home_away,team_score,team_winner,assists,blocks,defensive_rebounds,field_goal_pct,field_goals_made,field_goals_attempted,flagrant_fouls,fouls,free_throw_pct,free_throws_made,free_throws_attempted,largest_lead,offensive_rebounds,steals,team_turnovers,technical_fouls,three_point_field_goal_pct,three_point_field_goals_made,three_point_field_goals_attempted,total_rebounds,total_technical_fouls,total_turnovers,turnovers,opponent_team_id,opponent_team_uid,opponent_team_slug,opponent_team_location,opponent_team_name,opponent_team_abbreviation,opponent_team_display_name,opponent_team_short_display_name,opponent_team_color,opponent_team_alternate_color,opponent_team_logo,opponent_team_score
310950245,2011,3,2011-04-05,2011-04-05T20:30:00.000000-0400,87,s:40~l:54~t:87,notre-dame-fighting-irish,Notre Dame,Fighting Irish,ND,Notre Dame Fighting Irish,Notre Dame,0c2340,c99700,https://a.espncdn.com/i/teamlogos/ncaa/500/87.png,away,70,false,10,3,17,46.2,24,52,0,19,76.9,20,26,7,9,10,16,0,20.0,2,10,29,0,0,0,245,s:40~l:54~t:245,texas-am-aggies,Texas A&M,Aggies,TA&M,Texas A&M Aggies,Texas A&M,5C0025,ffffff,https://a.espncdn.com/i/teamlogos/ncaa/500/245.png,76
310950245,2011,3,2011-04-05,2011-04-05T20:30:00.000000-0400,245,s:40~l:54~t:245,texas-am-aggies,Texas A&M,Aggies,TA&M,Texas A&M Aggies,Texas A&M,5C0025,ffffff,https://a.espncdn.com/i/teamlogos/ncaa/500/245.png,home,76,true,14,4,19,54.7,29,53,0,21,69.6,16,23,13,9,8,18,0,28.6,2,7,32,0,0,0,87,s:40~l:54~t:87,notre-dame-fighting-irish,Notre Dame,Fighting Irish,ND,Notre Dame Fighting Irish,Notre Dame,0c2340,c99700,https://a.espncdn.com/i/teamlogos/ncaa/500/87.png,70
310930024,2011,3,2011-04-03,2011-04-03T19:00:00.000000-0400,245,s:40~l:54~t:245,texas-am-aggies,Texas A&M,Aggies,TA&M,Texas A&M Aggies,Texas A&M,5C0025,ffffff,https://a.espncdn.com/i/teamlogos/ncaa/500/245.png,away,63,true,10,5,14,35.4,23,65,0,19,100.0,10,10,7,8,7,12,0,35.0,7,20,29,0,0,0,24,s:40~l:54~t:24,stanford-cardinal,Stanford,Cardinal,STAN,Stanford Cardinal,Stanford,8c1515,ffffff,https://a.espncdn.com/i/teamlogos/ncaa/500/24.png,62
310930024,2011,3,2011-04-03,2011-04-03T19:00:00.000000-0400,24,s:40~l:54~t:24,stanford-cardinal,Stanford,Cardinal,STAN,Stanford Cardinal,Stanford,8c1515,ffffff,https://a.espncdn.com/i/teamlogos/ncaa/500/24.png,home,62,false,13,8,25,50.0,23,46,0,18,68.4,13,19,10,5,8,21,0,50.0,3,6,39,0,0,0,245,s:40~l:54~t:245,texas-am-aggies,Texas A&M,Aggies,TA&M,Texas A&M Aggies,Texas A&M,5C0025,ffffff,https://a.espncdn.com/i/teamlogos/ncaa/500/245.png,63
310930041,2011,3,2011-04-03,2011-04-03T21:55:00.000000-0400,87,s:40~l:54~t:87,notre-dame-fighting-irish,Notre Dame,Fighting Irish,ND,Notre Dame Fighting Irish,Notre Dame,0c2340,c99700,https://a.espncdn.com/i/teamlogos/ncaa/500/87.png,away,72,true,10,1,24,51.9,27,52,0,13,63.6,14,22,12,8,6,15,0,50.0,4,8,39,0,0,0,41,s:40~l:54~t:41,uconn-huskies,UConn,Huskies,CONN,UConn Huskies,UConn,0c2340,f1f2f3,https://a.espncdn.com/i/teamlogos/ncaa/500/41.png,63
310930041,2011,3,2011-04-03,2011-04-03T21:55:00.000000-0400,41,s:40~l:54~t:41,uconn-huskies,UConn,Huskies,CONN,UConn Huskies,UConn,0c2340,f1f2f3,https://a.espncdn.com/i/teamlogos/ncaa/500/41.png,home,63,false,16,3,14,42.4,25,59,0,19,53.8,7,13,8,10,9,12,0,33.3,6,18,27,0,0,0,87,s:40~l:54~t:87,notre-dame-fighting-irish,Notre Dame,Fighting Irish,ND,Notre Dame Fighting Irish,Notre Dame,0c2340,c99700,https://a.espncdn.com/i/teamlogos/ncaa/500/87.png,72
310880041,2011,3,2011-03-29,2011-03-29T19:00:00.000000-0400,150,s:40~l:54~t:150,duke-blue-devils,Duke,Blue Devils,DUKE,Duke Blue Devils,Duke,013088,ffffff,https://a.espncdn.com/i/teamlogos/ncaa/500/150.png,away,40,false,8,0,15,25.4,15,59,0,15,71.4,5,7,0,9,11,19,0,27.8,5,18,27,0,0,0,41,s:40~l:54~t:41,uconn-huskies,UConn,Huskies,CONN,UConn Huskies,UConn,0c2340,f1f2f3,https://a.espncdn.com/i/teamlogos/ncaa/500/41.png,75
310880041,2011,3,2011-03-29,2011-03-29T19:00:00.000000-0400,41,s:40~l:54~t:41,uconn-huskies,UConn,Huskies,CONN,UConn Huskies,UConn,0c2340,f1f2f3,https://a.espncdn.com/i/teamlogos/ncaa/500/41.png,home,75,true,24,4,29,59.3,32,54,0,14,70.0,7,10,37,7,13,17,0,40.0,4,10,40,0,0,0,150,s:40~l:54~t:150,duke-blue-devils,Duke,Blue Devils,DUKE,Duke Blue Devils,Duke,013088,ffffff,https://a.espncdn.com/i/teamlogos/ncaa/500/150.png,40
310880239,2011,3,2011-03-29,2011-03-29T21:00:00.000000-0400,245,s:40~l:54~t:245,texas-am-aggies,Texas A&M,Aggies,TA&M,Texas A&M Aggies,Texas A&M,5C0025,ffffff,https://a.espncdn.com/i/teamlogos/ncaa/500/245.png,away,58,true,9,2,22,34.4,21,61,0,16,70.0,14,20,16,11,11,12,0,11.8,2,17,36,0,0,0,239,s:40~l:54~t:239,baylor-bears,Baylor,Bears,BAY,Baylor Bears,Baylor,154734,ffb81c,https://a.espncdn.com/i/teamlogos/ncaa/500/239.png,46
310880239,2011,3,2011-03-29,2011-03-29T21:00:00.000000-0400,239,s:40~l:54~t:239,baylor-bears,Baylor,Bears,BAY,Baylor Bears,Baylor,154734,ffb81c,https://a.espncdn.com/i/teamlogos/ncaa/500/239.png,home,46,false,7,4,25,31.3,15,48,0,18,60.0,15,25,0,10,2,19,1,16.7,1,6,39,1,0,0,245,s:40~l:54~t:245,texas-am-aggies,Texas A&M,Aggies,TA&M,Texas A&M Aggies,Texas A&M,5C0025,ffffff,https://a.espncdn.com/i/teamlogos/ncaa/500/245.png,58
310872633,2011,3,2011-03-28,2011-03-28T19:00:00.000000-0400,87,s:40~l:54~t:87,notre-dame-fighting-irish,Notre Dame,Fighting Irish,ND,Notre Dame Fighting Irish,Notre Dame,0c2340,c99700,https://a.espncdn.com/i/teamlogos/ncaa/500/87.png,away,73,true,17,1,20,44.6,25,56,0,16,81.8,18,22,15,9,11,15,0,45.5,5,11,34,0,0,0,2633,s:40~l:54~t:2633,tennessee-lady-volunteers,Tennessee,Lady Volunteers,TENN,Tennessee Lady Volunteers,Tennessee,ff8200,ffffff,https://a.espncdn.com/i/teamlogos/ncaa/500/2633_ncw.png,59
310872633,2011,3,2011-03-28,2011-03-28T19:00:00.000000-0400,2633,s:40~l:54~t:2633,tennessee-lady-volunteers,Tennessee,Lady Volunteers,TENN,Tennessee Lady Volunteers,Tennessee,ff8200,ffffff,https://a.espncdn.com/i/teamlogos/ncaa/500/2633_ncw.png,home,59,false,11,0,24,32.8,22,67,0,20,64.7,11,17,2,19,8,19,1,21.1,4,19,46,1,0,0,87,s:40~l:54~t:87,notre-dame-fighting-irish,Notre Dame,Fighting Irish,ND,Notre Dame Fighting Irish,Notre Dame,0c2340,c99700,https://a.espncdn.com/i/teamlogos/ncaa/500/87.png,73
310870024,2011,3,2011-03-28,2011-03-28T21:00:00.000000-0400,2250,s:40~l:54~t:2250,gonzaga-bulldogs,Gonzaga,Bulldogs,GONZ,Gonzaga Bulldogs,Gonzaga,041e42,c8102e,https://a.espncdn.com/i/teamlogos/ncaa/500/2250.png,away,60,false,12,1,13,33.8,23,68,0,12,80.0,8,10,1,9,6,6,0,28.6,6,21,25,0,0,0,24,s:40~l:54~t:24,stanford-cardinal,Stanford,Cardinal,STAN,Stanford Cardinal,Stanford,8c1515,ffffff,https://a.espncdn.com/i/teamlogos/ncaa/500/24.png,83
310870024,2011,3,2011-03-28,2011-03-28T21:00:00.000000-0400,24,s:40~l:54~t:24,stanford-cardinal,Stanford,Cardinal,STAN,Stanford Cardinal,Stanford,8c1515,ffffff,https://a.espncdn.com/i/teamlogos/ncaa/500/24.png,home,83,true,14,2,33,57.4,31,54,0,12,60.0,12,20,28,12,1,18,0,45.0,9,20,49,0,0,0,2250,s:40~l:54~t:2250,gonzaga-bulldogs,Gonzaga,Bulldogs,GONZ,Gonzaga Bulldogs,Gonzaga,041e42,c8102e,https://a.espncdn.com/i/teamlogos/ncaa/500/2250.png,60
310860041,2011,3,2011-03-27,2011-03-27T12:00:00.000000-0400,46,s:40~l:54~t:46,georgetown-hoyas,Georgetown,Hoyas,GTWN,Georgetown Hoyas,Georgetown,110E42,001c58,https://a.espncdn.com/i/teamlogos/ncaa/500/46.png,away,63,false,13,5,19,38.7,24,62,0,17,50.0,5,10,7,12,9,14,0,37.0,10,27,37,0,0,0,41,s:40~l:54~t:41,uconn-huskies,UConn,Huskies,CONN,UConn Huskies,UConn,0c2340,f1f2f3,https://a.espncdn.com/i/teamlogos/ncaa/500/41.png,68
310860041,2011,3,2011-03-27,2011-03-27T12:00:00.000000-0400,41,s:40~l:54~t:41,uconn-huskies,UConn,Huskies,CONN,UConn Huskies,UConn,0c2340,f1f2f3,https://a.espncdn.com/i/teamlogos/ncaa/500/41.png,home,68,true,20,2,25,38.7,24,62,0,10,70.6,12,17,8,17,8,17,0,33.3,8,24,44,0,0,0,46,s:40~l:54~t:46,georgetown-hoyas,Georgetown,Hoyas,GTWN,Georgetown Hoyas,Georgetown,110E42,001c58,https://a.espncdn.com/i/teamlogos/ncaa/500/46.png,63
310860150,2011,3,2011-03-27,2011-03-27T14:30:00.000000-0400,305,s:40~l:54~t:305,depaul-blue-demons,DePaul,Blue Demons,DEP,DePaul Blue Demons,DePaul,2d649c,ce1125,https://a.espncdn.com/i/teamlogos/ncaa/500/305.png,away,63,false,15,5,19,40.0,22,55,0,23,71.4,10,14,3,10,7,19,0,42.9,9,21,34,0,0,0,150,s:40~l:54~t:150,duke-blue-devils,Duke,Blue Devils,DUKE,Duke Blue Devils,Duke,013088,ffffff,https://a.espncdn.com/i/teamlogos/ncaa/500/150.png,70
310860150,2011,3,2011-03-27,2011-03-27T14:30:00.000000-0400,150,s:40~l:54~t:150,duke-blue-devils,Duke,Blue Devils,DUKE,Duke Blue Devils,Duke,013088,ffffff,https://a.espncdn.com/i/teamlogos/ncaa/500/150.png,home,70,true,14,2,20,38.7,24,62,0,16,72.4,21,29,15,16,11,13,0,10.0,1,10,43,0,0,0,305,s:40~l:54~t:305,depaul-blue-demons,DePaul,Blue Demons,DEP,DePaul Blue Demons,DePaul,2d649c,ce1125,https://a.espncdn.com/i/teamlogos/ncaa/500/305.png,63
310860245,2011,3,2011-03-27,2011-03-27T16:30:00.000000-0400,61,s:40~l:54~t:61,georgia-lady-bulldogs,Georgia,Lady Bulldogs,UGA,Georgia Lady Bulldogs,Georgia,CC0000,000000,https://a.espncdn.com/i/teamlogos/ncaa/500/61.png,away,38,false,10,7,21,25.0,15,60,0,13,30.8,4,13,0,12,4,14,0,21.1,4,19,38,0,0,0,245,s:40~l:54~t:245,texas-am-aggies,Texas A&M,Aggies,TA&M,Texas A&M Aggies,Texas A&M,5C0025,ffffff,https://a.espncdn.com/i/teamlogos/ncaa/500/245.png,79
310860245,2011,3,2011-03-27,2011-03-27T16:30:00.000000-0400,245,s:40~l:54~t:245,texas-am-aggies,Texas A&M,Aggies,TA&M,Texas A&M Aggies,Texas A&M,5C0025,ffffff,https://a.espncdn.com/i/teamlogos/ncaa/500/245.png,home,79,true,16,5,31,43.8,28,64,0,14,76.5,13,17,41,13,7,9,0,50.0,10,20,51,0,0,0,61,s:40~l:54~t:61,georgia-lady-bulldogs,Georgia,Lady Bulldogs,UGA,Georgia Lady Bulldogs,Georgia,CC0000,000000,https://a.espncdn.com/i/teamlogos/ncaa/500/61.png,38
310852633,2011,3,2011-03-26,2011-03-26T12:00:00.000000-0400,194,s:40~l:54~t:194,ohio-state-buckeyes,Ohio State,Buckeyes,OSU,Ohio State Buckeyes,Ohio State,ce1141,505056,https://a.espncdn.com/i/teamlogos/ncaa/500/194.png,away,75,false,20,9,22,50.0,31,62,0,17,75.0,6,8,6,3,3,13,0,43.8,7,16,29,0,0,0,2633,s:40~l:54~t:2633,tennessee-lady-volunteers,Tennessee,Lady Volunteers,TENN,Tennessee Lady Volunteers,Tennessee,ff8200,ffffff,https://a.espncdn.com/i/teamlogos/ncaa/500/2633_ncw.png,85
310852633,2011,3,2011-03-26,2011-03-26T12:00:00.000000-0400,2633,s:40~l:54~t:2633,tennessee-lady-volunteers,Tennessee,Lady Volunteers,TENN,Tennessee Lady Volunteers,Tennessee,ff8200,ffffff,https://a.espncdn.com/i/teamlogos/ncaa/500/2633_ncw.png,home,85,true,20,3,25,46.8,36,77,0,12,62.5,10,16,12,16,5,8,0,37.5,3,8,46,0,0,0,194,s:40~l:54~t:194,ohio-state-buckeyes,Ohio State,Buckeyes,OSU,Ohio State Buckeyes,Ohio State,ce1141,505056,https://a.espncdn.com/i/teamlogos/ncaa/500/194.png,75
310850087,2011,3,2011-03-26,2011-03-26T14:00:00.000000-0400,201,s:40~l:54~t:201,oklahoma-sooners,Oklahoma,Sooners,OU,Oklahoma Sooners,Oklahoma,9d2235,ffffff,https://a.espncdn.com/i/teamlogos/ncaa/500/201.png,away,53,false,14,3,20,41.8,23,55,0,17,66.7,6,9,2,1,7,24,0,9.1,1,11,24,0,0,0,87,s:40~l:54~t:87,notre-dame-fighting-irish,Notre Dame,Fighting Irish,ND,Notre Dame Fighting Irish,Notre Dame,0c2340,c99700,https://a.espncdn.com/i/teamlogos/ncaa/500/87.png,78
310850087,2011,3,2011-03-26,2011-03-26T14:00:00.000000-0400,87,s:40~l:54~t:87,notre-dame-fighting-irish,Notre Dame,Fighting Irish,ND,Notre Dame Fighting Irish,Notre Dame,0c2340,c99700,https://a.espncdn.com/i/teamlogos/ncaa/500/87.png,home,78,true,24,4,31,47.5,28,59,0,13,72.2,13,18,27,14,14,24,0,50.0,9,18,47,0,0,0,201,s:40~l:54~t:201,oklahoma-sooners,Oklahoma,Sooners,OU,Oklahoma Sooners,Oklahoma,9d2235,ffffff,https://a.espncdn.com/i/teamlogos/ncaa/500/201.png,53
310850097,2011,3,2011-03-26,2011-03-26T21:00:00.000000-0400,2250,s:40~l:54~t:2250,gonzaga-bulldogs,Gonzaga,Bulldogs,GONZ,Gonzaga Bulldogs,Gonzaga,041e42,c8102e,https://a.espncdn.com/i/teamlogos/ncaa/500/2250.png,away,76,true,12,3,20,43.9,25,57,0,15,85.7,24,28,20,10,13,13,1,28.6,2,7,33,1,0,0,97,s:40~l:54~t:97,louisville-cardinals,Louisville,Cardinals,LOU,Louisville Cardinals,Louisville,c9001f,000000,https://a.espncdn.com/i/teamlogos/ncaa/500/97.png,69
310850097,2011,3,2011-03-26,2011-03-26T21:00:00.000000-0400,97,s:40~l:54~t:97,louisville-cardinals,Louisville,Cardinals,LOU,Louisville Cardinals,Louisville,c9001f,000000,https://a.espncdn.com/i/teamlogos/ncaa/500/97.png,home,69,false,13,1,20,44.8,30,67,0,19,55.6,5,9,2,13,8,18,0,25.0,4,16,40,0,0,0,2250,s:40~l:54~t:2250,gonzaga-bulldogs,Gonzaga,Bulldogs,GONZ,Gonzaga Bulldogs,Gonzaga,041e42,c8102e,https://a.espncdn.com/i/teamlogos/ncaa/500/2250.png,76
310850024,2011,3,2011-03-26,2011-03-26T23:30:00.000000-0400,153,s:40~l:54~t:153,north-carolina-tar-heels,North Carolina,Tar Heels,UNC,North Carolina Tar Heels,North Carolina,7bafd4,13294b,https://a.espncdn.com/i/teamlogos/ncaa/500/153.png,away,65,false,8,6,28,33.8,24,71,0,14,78.6,11,14,6,13,4,13,0,46.2,6,13,50,0,0,0,24,s:40~l:54~t:24,stanford-cardinal,Stanford,Cardinal,STAN,Stanford Cardinal,Stanford,8c1515,ffffff,https://a.espncdn.com/i/teamlogos/ncaa/500/24.png,72
310850024,2011,3,2011-03-26,2011-03-26T23:30:00.000000-0400,24,s:40~l:54~t:24,stanford-cardinal,Stanford,Cardinal,STAN,Stanford Cardinal,Stanford,8c1515,ffffff,https://a.espncdn.com/i/teamlogos/ncaa/500/24.png,home,72,true,12,5,21,36.0,27,75,0,13,77.8,14,18,7,14,4,7,0,19.0,4,21,47,0,0,0,153,s:40~l:54~t:153,north-carolina-tar-heels,North Carolina,Tar Heels,UNC,North Carolina Tar Heels,North Carolina,7bafd4,13294b,https://a.espncdn.com/i/teamlogos/ncaa/500/153.png,65
310850258,2011,3,2011-03-26,2011-03-26T19:00:00.000000-0400,2429,s:40~l:54~t:2429,charlotte-49ers,Charlotte,49ers,CHAR,Charlotte 49ers,Charlotte,ffffff,cfab7a,https://a.espncdn.com/i/teamlogos/ncaa/500/2429.png,away,79,true,17,4,25,45.8,27,59,0,19,85.7,18,21,16,9,6,17,0,50.0,7,14,41,0,0,0,258,s:40~l:54~t:258,virginia-cavaliers,Virginia,Cavaliers,UVA,Virginia Cavaliers,Virginia,f84c1e,ffffff,https://a.espncdn.com/i/teamlogos/ncaa/500/258.png,74
310850258,2011,3,2011-03-26,2011-03-26T19:00:00.000000-0400,258,s:40~l:54~t:258,virginia-cavaliers,Virginia,Cavaliers,UVA,Virginia Cavaliers,Virginia,f84c1e,ffffff,https://a.espncdn.com/i/teamlogos/ncaa/500/258.png,home,74,false,13,5,19,37.5,24,64,0,21,79.2,19,24,5,12,6,12,0,38.9,7,18,35,0,0,0,2429,s:40~l:54~t:2429,charlotte-49ers,Charlotte,49ers,CHAR,Charlotte 49ers,Charlotte,ffffff,cfab7a,https://a.espncdn.com/i/teamlogos/ncaa/500/2429.png,79
310812390,2011,3,2011-03-22,2011-03-22T19:05:00.000000-0400,201,s:40~l:54~t:201,oklahoma-sooners,Oklahoma,Sooners,OU,Oklahoma Sooners,Oklahoma,9d2235,ffffff,https://a.espncdn.com/i/teamlogos/ncaa/500/201.png,away,88,true,22,2,27,42.6,29,68,0,14,86.4,19,22,15,17,8,18,0,37.9,11,29,45,0,0,0,2390,s:40~l:54~t:2390,miami-hurricanes,Miami,Hurricanes,MIA,Miami Hurricanes,Miami,004325,f0f0f0,https://a.espncdn.com/i/teamlogos/ncaa/500/2390.png,83
310812390,2011,3,2011-03-22,2011-03-22T19:05:00.000000-0400,2390,s:40~l:54~t:2390,miami-hurricanes,Miami,Hurricanes,MIA,Miami Hurricanes,Miami,004325,f0f0f0,https://a.espncdn.com/i/teamlogos/ncaa/500/2390.png,home,83,false,16,3,21,43.8,32,73,0,20,73.3,11,15,5,15,9,15,0,34.8,8,23,39,0,0,0,201,s:40~l:54~t:201,oklahoma-sooners,Oklahoma,Sooners,OU,Oklahoma Sooners,Oklahoma,9d2235,ffffff,https://a.espncdn.com/i/teamlogos/ncaa/500/201.png,88
310810041,2011,3,2011-03-22,2011-03-22T19:05:00.000000-0400,2509,s:40~l:54~t:2509,purdue-boilermakers,Purdue,Boilermakers,PUR,Purdue Boilermakers,Purdue,000000,cfb991,https://a.espncdn.com/i/teamlogos/ncaa/500/2509.png,away,40,false,6,9,19,25.9,14,54,0,20,75.0,9,12,2,6,6,12,0,17.6,3,17,30,0,0,0,41,s:40~l:54~t:41,uconn-huskies,UConn,Huskies,CONN,UConn Huskies,UConn,0c2340,f1f2f3,https://a.espncdn.com/i/teamlogos/ncaa/500/41.png,64
310810041,2011,3,2011-03-22,2011-03-22T19:05:00.000000-0400,41,s:40~l:54~t:41,uconn-huskies,UConn,Huskies,CONN,UConn Huskies,UConn,0c2340,f1f2f3,https://a.espncdn.com/i/teamlogos/ncaa/500/41.png,home,64,true,15,7,26,35.5,22,62,0,15,82.4,14,17,31,19,5,16,0,30.0,6,20,55,0,0,0,2509,s:40~l:54~t:2509,purdue-boilermakers,Purdue,Boilermakers,PUR,Purdue Boilermakers,Purdue,000000,cfb991,https://a.espncdn.com/i/teamlogos/ncaa/500/2509.png,40
310812752,2011,3,2011-03-22,2011-03-22T19:10:00.000000-0400,97,s:40~l:54~t:97,louisville-cardinals,Louisville,Cardinals,LOU,Louisville Cardinals,Louisville,c9001f,000000,https://a.espncdn.com/i/teamlogos/ncaa/500/97.png,away,85,true,11,4,17,52.8,28,53,0,16,80.0,20,25,13,4,20,12,1,56.3,9,16,28,1,0,0,2752,s:40~l:54~t:2752,xavier-musketeers,Xavier,Musketeers,XAV,Xavier Musketeers,Xavier,002144,9ea2a2,https://a.espncdn.com/i/teamlogos/ncaa/500/2752.png,75
310812752,2011,3,2011-03-22,2011-03-22T19:10:00.000000-0400,2752,s:40~l:54~t:2752,xavier-musketeers,Xavier,Musketeers,XAV,Xavier Musketeers,Xavier,002144,9ea2a2,https://a.espncdn.com/i/teamlogos/ncaa/500/2752.png,home,75,false,19,8,17,50.0,27,54,0,19,58.3,7,12,9,9,7,24,0,46.7,14,30,28,0,0,0,97,s:40~l:54~t:97,louisville-cardinals,Louisville,Cardinals,LOU,Louisville Cardinals,Louisville,c9001f,000000,https://a.espncdn.com/i/teamlogos/ncaa/500/97.png,85
310810120,2011,3,2011-03-22,2011-03-22T19:15:00.000000-0400,46,s:40~l:54~t:46,georgetown-hoyas,Georgetown,Hoyas,GTWN,Georgetown Hoyas,Georgetown,110E42,001c58,https://a.espncdn.com/i/teamlogos/ncaa/500/46.png,away,79,true,14,3,23,40.4,21,52,0,23,85.7,24,28,24,13,9,16,0,52.0,13,25,38,0,0,0,120,s:40~l:54~t:120,maryland-terrapins,Maryland,Terrapins,MD,Maryland Terrapins,Maryland,D5002B,ffcd00,https://a.espncdn.com/i/teamlogos/ncaa/500/120.png,57
310810120,2011,3,2011-03-22,2011-03-22T19:15:00.000000-0400,120,s:40~l:54~t:120,maryland-terrapins,Maryland,Terrapins,MD,Maryland Terrapins,Maryland,D5002B,ffcd00,https://a.espncdn.com/i/teamlogos/ncaa/500/120.png,home,57,false,11,1,20,31.6,18,57,0,21,69.2,18,26,0,17,8,19,0,18.8,3,16,40,0,0,0,46,s:40~l:54~t:46,georgetown-hoyas,Georgetown,Hoyas,GTWN,Georgetown Hoyas,Georgetown,110E42,001c58,https://a.espncdn.com/i/teamlogos/ncaa/500/46.png,79
310810052,2011,3,2011-03-22,2011-03-22T21:35:00.000000-0400,61,s:40~l:54~t:61,georgia-lady-bulldogs,Georgia,Lady Bulldogs,UGA,Georgia Lady Bulldogs,Georgia,CC0000,000000,https://a.espncdn.com/i/teamlogos/ncaa/500/61.png,away,61,true,9,0,18,36.4,24,66,0,18,62.5,5,8,7,11,11,12,0,42.1,8,19,36,0,0,0,52,s:40~l:54~t:52,florida-state-seminoles,Florida State,Seminoles,FSU,Florida State Seminoles,Florida St,782F40,ceb888,https://a.espncdn.com/i/teamlogos/ncaa/500/52.png,59
310810052,2011,3,2011-03-22,2011-03-22T21:35:00.000000-0400,52,s:40~l:54~t:52,florida-state-seminoles,Florida State,Seminoles,FSU,Florida State Seminoles,Florida St,782F40,ceb888,https://a.espncdn.com/i/teamlogos/ncaa/500/52.png,home,59,false,14,2,25,35.2,19,54,0,13,56.5,13,23,10,16,5,19,0,42.1,8,19,45,0,0,0,61,s:40~l:54~t:61,georgia-lady-bulldogs,Georgia,Lady Bulldogs,UGA,Georgia Lady Bulldogs,Georgia,CC0000,000000,https://a.espncdn.com/i/teamlogos/ncaa/500/61.png,61
310810245,2011,3,2011-03-22,2011-03-22T21:40:00.000000-0400,164,s:40~l:54~t:164,rutgers-scarlet-knights,Rutgers,Scarlet Knights,RUTG,Rutgers Scarlet Knights,Rutgers,d21034,ffffff,https://a.espncdn.com/i/teamlogos/ncaa/500/164.png,away,48,false,13,5,15,35.8,19,53,0,17,66.7,6,9,2,9,8,20,0,33.3,4,12,30,0,0,0,245,s:40~l:54~t:245,texas-am-aggies,Texas A&M,Aggies,TA&M,Texas A&M Aggies,Texas A&M,5C0025,ffffff,https://a.espncdn.com/i/teamlogos/ncaa/500/245.png,70
310810245,2011,3,2011-03-22,2011-03-22T21:40:00.000000-0400,245,s:40~l:54~t:245,texas-am-aggies,Texas A&M,Aggies,TA&M,Texas A&M Aggies,Texas A&M,5C0025,ffffff,https://a.espncdn.com/i/teamlogos/ncaa/500/245.png,home,70,true,13,9,21,46.2,24,52,0,13,83.3,15,18,22,12,10,14,0,46.7,7,15,34,0,0,0,164,s:40~l:54~t:164,rutgers-scarlet-knights,Rutgers,Scarlet Knights,RUTG,Rutgers Scarlet Knights,Rutgers,d21034,ffffff,https://a.espncdn.com/i/teamlogos/ncaa/500/164.png,48
310810127,2011,3,2011-03-22,2011-03-22T21:40:00.000000-0400,2739,s:40~l:54~t:2739,green-bay-phoenix,Green Bay,Phoenix,GB,Green Bay Phoenix,Green Bay,006633,ffffff,https://a.espncdn.com/i/teamlogos/ncaa/500/2739.png,away,65,true,14,2,18,47.7,21,44,0,15,72.0,18,25,14,2,13,19,0,62.5,5,8,25,0,0,0,127,s:40~l:54~t:127,michigan-state-spartans,Michigan State,Spartans,MSU,Michigan State Spartans,Michigan St,18453B,ffffff,https://a.espncdn.com/i/teamlogos/ncaa/500/127.png,56
310810127,2011,3,2011-03-22,2011-03-22T21:40:00.000000-0400,127,s:40~l:54~t:127,michigan-state-spartans,Michigan State,Spartans,MSU,Michigan State Spartans,Michigan St,18453B,ffffff,https://a.espncdn.com/i/teamlogos/ncaa/500/127.png,home,56,false,14,2,20,37.3,22,59,0,22,66.7,6,9,0,15,10,24,0,33.3,6,18,40,0,0,0,2739,s:40~l:54~t:2739,green-bay-phoenix,Green Bay,Phoenix,GB,Green Bay Phoenix,Green Bay,006633,ffffff,https://a.espncdn.com/i/teamlogos/ncaa/500/2739.png,65
310810239,2011,3,2011-03-22,2011-03-22T21:45:00.000000-0400,277,s:40~l:54~t:277,west-virginia-mountaineers,West Virginia,Mountaineers,WVU,West Virginia Mountaineers,West Virginia,FFC600,eaaa00,https://a.espncdn.com/i/teamlogos/ncaa/500/277.png,away,68,false,12,2,16,41.7,25,60,0,27,64.7,11,17,2,7,6,15,0,41.2,7,17,27,0,0,0,239,s:40~l:54~t:239,baylor-bears,Baylor,Bears,BAY,Baylor Bears,Baylor,154734,ffb81c,https://a.espncdn.com/i/teamlogos/ncaa/500/239.png,82
310810239,2011,3,2011-03-22,2011-03-22T21:45:00.000000-0400,239,s:40~l:54~t:239,baylor-bears,Baylor,Bears,BAY,Baylor Bears,Baylor,154734,ffb81c,https://a.espncdn.com/i/teamlogos/ncaa/500/239.png,home,82,true,12,10,28,51.0,25,49,0,16,80.0,28,35,22,8,3,15,0,44.4,4,9,38,0,0,0,277,s:40~l:54~t:277,west-virginia-mountaineers,West Virginia,Mountaineers,WVU,West Virginia Mountaineers,West Virginia,FFC600,eaaa00,https://a.espncdn.com/i/teamlogos/ncaa/500/277.png,68
310802633,2011,3,2011-03-21,2011-03-21T19:05:00.000000-0400,269,s:40~l:54~t:269,marquette-golden-eagles,Marquette,Golden Eagles,MARQ,Marquette Golden Eagles,Marquette,083963,ffffff,https://a.espncdn.com/i/teamlogos/ncaa/500/269.png,away,70,false,12,3,18,40.3,27,67,0,17,61.5,8,13,0,10,5,10,0,44.4,8,18,34,0,0,0,2633,s:40~l:54~t:2633,tennessee-lady-volunteers,Tennessee,Lady Volunteers,TENN,Tennessee Lady Volunteers,Tennessee,ff8200,ffffff,https://a.espncdn.com/i/teamlogos/ncaa/500/2633_ncw.png,79
310802633,2011,3,2011-03-21,2011-03-21T19:05:00.000000-0400,2633,s:40~l:54~t:2633,tennessee-lady-volunteers,Tennessee,Lady Volunteers,TENN,Tennessee Lady Volunteers,Tennessee,ff8200,ffffff,https://a.espncdn.com/i/teamlogos/ncaa/500/2633_ncw.png,home,79,true,13,9,29,51.7,30,58,0,11,73.7,14,19,12,11,5,10,0,41.7,5,12,40,0,0,0,269,s:40~l:54~t:269,marquette-golden-eagles,Marquette,Golden Eagles,MARQ,Marquette Golden Eagles,Marquette,083963,ffffff,https://a.espncdn.com/i/teamlogos/ncaa/500/269.png,70
310800305,2011,3,2011-03-21,2011-03-21T19:10:00.000000-0400,213,s:40~l:54~t:213,penn-state-lady-lions,Penn State,Lady Lions,PSU,Penn State Lady Lions,Penn State,00265D,002e5c,https://a.espncdn.com/i/teamlogos/ncaa/500/213.png,away,73,false,12,3,21,47.5,29,61,0,16,81.3,13,16,14,13,8,16,0,15.4,2,13,38,0,0,0,305,s:40~l:54~t:305,depaul-blue-demons,DePaul,Blue Demons,DEP,DePaul Blue Demons,DePaul,2d649c,ce1125,https://a.espncdn.com/i/teamlogos/ncaa/500/305.png,75
310800305,2011,3,2011-03-21,2011-03-21T19:10:00.000000-0400,305,s:40~l:54~t:305,depaul-blue-demons,DePaul,Blue Demons,DEP,DePaul Blue Demons,DePaul,2d649c,ce1125,https://a.espncdn.com/i/teamlogos/ncaa/500/305.png,home,75,true,10,1,15,39.1,27,69,0,15,56.5,13,23,3,17,9,13,0,27.6,8,29,40,0,0,0,213,s:40~l:54~t:213,penn-state-lady-lions,Penn State,Lady Lions,PSU,Penn State Lady Lions,Penn State,00265D,002e5c,https://a.espncdn.com/i/teamlogos/ncaa/500/213.png,73
310800150,2011,3,2011-03-21,2011-03-21T19:15:00.000000-0400,2368,s:40~l:54~t:2368,marist-red-foxes,Marist,Red Foxes,MRST,Marist Red Foxes,Marist,e53730,f0f0f0,https://a.espncdn.com/i/teamlogos/ncaa/500/2368.png,away,66,false,20,3,21,48.1,26,54,0,19,80.0,4,5,11,6,6,18,0,37.0,10,27,28,0,0,0,150,s:40~l:54~t:150,duke-blue-devils,Duke,Blue Devils,DUKE,Duke Blue Devils,Duke,013088,ffffff,https://a.espncdn.com/i/teamlogos/ncaa/500/150.png,71
310800150,2011,3,2011-03-21,2011-03-21T19:15:00.000000-0400,150,s:40~l:54~t:150,duke-blue-devils,Duke,Blue Devils,DUKE,Duke Blue Devils,Duke,013088,ffffff,https://a.espncdn.com/i/teamlogos/ncaa/500/150.png,home,71,true,14,1,22,42.9,27,63,0,10,52.2,12,23,5,20,12,16,0,29.4,5,17,43,0,0,0,2368,s:40~l:54~t:2368,marist-red-foxes,Marist,Red Foxes,MRST,Marist Red Foxes,Marist,e53730,f0f0f0,https://a.espncdn.com/i/teamlogos/ncaa/500/2368.png,66
310800194,2011,3,2011-03-21,2011-03-21T19:20:00.000000-0400,59,s:40~l:54~t:59,georgia-tech-yellow-jackets,Georgia Tech,Yellow Jackets,GT,Georgia Tech Yellow Jackets,Georgia Tech,00223e,002c56,https://a.espncdn.com/i/teamlogos/ncaa/500/59.png,away,60,false,10,1,16,38.9,28,72,0,20,100.0,2,2,4,14,14,12,1,11.8,2,17,34,1,0,0,194,s:40~l:54~t:194,ohio-state-buckeyes,Ohio State,Buckeyes,OSU,Ohio State Buckeyes,Ohio State,ce1141,505056,https://a.espncdn.com/i/teamlogos/ncaa/500/194.png,67
310800194,2011,3,2011-03-21,2011-03-21T19:20:00.000000-0400,194,s:40~l:54~t:194,ohio-state-buckeyes,Ohio State,Buckeyes,OSU,Ohio State Buckeyes,Ohio State,ce1141,505056,https://a.espncdn.com/i/teamlogos/ncaa/500/194.png,home,67,true,15,6,21,59.5,25,42,0,8,77.8,14,18,13,3,7,20,1,30.0,3,10,31,1,0,0,59,s:40~l:54~t:59,georgia-tech-yellow-jackets,Georgia Tech,Yellow Jackets,GT,Georgia Tech Yellow Jackets,Georgia Tech,00223e,002c56,https://a.espncdn.com/i/teamlogos/ncaa/500/59.png,60
310800026,2011,3,2011-03-21,2011-03-21T21:35:00.000000-0400,2250,s:40~l:54~t:2250,gonzaga-bulldogs,Gonzaga,Bulldogs,GONZ,Gonzaga Bulldogs,Gonzaga,041e42,c8102e,https://a.espncdn.com/i/teamlogos/ncaa/500/2250.png,away,89,true,23,0,26,55.8,29,52,0,13,81.8,27,33,14,6,11,16,0,36.4,4,11,33,0,0,0,26,s:40~l:54~t:26,ucla-bruins,UCLA,Bruins,UCLA,UCLA Bruins,UCLA,2774ae,f2a900,https://a.espncdn.com/i/teamlogos/ncaa/500/26.png,75
310800026,2011,3,2011-03-21,2011-03-21T21:35:00.000000-0400,26,s:40~l:54~t:26,ucla-bruins,UCLA,Bruins,UCLA,UCLA Bruins,UCLA,2774ae,f2a900,https://a.espncdn.com/i/teamlogos/ncaa/500/26.png,home,75,false,17,1,18,43.8,28,64,0,23,75.0,15,20,7,13,11,15,0,28.6,4,14,33,0,0,0,2250,s:40~l:54~t:2250,gonzaga-bulldogs,Gonzaga,Bulldogs,GONZ,Gonzaga Bulldogs,Gonzaga,041e42,c8102e,https://a.espncdn.com/i/teamlogos/ncaa/500/2250.png,89
310800087,2011,3,2011-03-21,2011-03-21T21:40:00.000000-0400,218,s:40~l:54~t:218,temple-owls,Temple,Owls,TEM,Temple Owls,Temple,A80532,a7a9ac,https://a.espncdn.com/i/teamlogos/ncaa/500/218.png,away,64,false,9,1,18,36.1,22,61,0,19,48.0,12,25,1,14,12,14,0,61.5,8,13,34,0,0,0,87,s:40~l:54~t:87,notre-dame-fighting-irish,Notre Dame,Fighting Irish,ND,Notre Dame Fighting Irish,Notre Dame,0c2340,c99700,https://a.espncdn.com/i/teamlogos/ncaa/500/87.png,77
310800087,2011,3,2011-03-21,2011-03-21T21:40:00.000000-0400,87,s:40~l:54~t:87,notre-dame-fighting-irish,Notre Dame,Fighting Irish,ND,Notre Dame Fighting Irish,Notre Dame,0c2340,c99700,https://a.espncdn.com/i/teamlogos/ncaa/500/87.png,home,77,true,21,7,26,51.9,28,54,0,20,64.0,16,25,18,9,9,18,0,45.5,5,11,42,0,0,0,218,s:40~l:54~t:218,temple-owls,Temple,Owls,TEM,Temple Owls,Temple,A80532,a7a9ac,https://a.espncdn.com/i/teamlogos/ncaa/500/218.png,64
310800024,2011,3,2011-03-21,2011-03-21T21:40:00.000000-0400,2599,s:40~l:54~t:2599,st-johns-red-storm,St. John's,Red Storm,SJU,St. John's Red Storm,St John's,d10000,101010,https://a.espncdn.com/i/teamlogos/ncaa/500/2599.png,away,49,false,11,1,11,36.7,22,60,0,14,57.1,4,7,8,10,7,9,0,14.3,1,7,25,0,0,0,24,s:40~l:54~t:24,stanford-cardinal,Stanford,Cardinal,STAN,Stanford Cardinal,Stanford,8c1515,ffffff,https://a.espncdn.com/i/teamlogos/ncaa/500/24.png,75
310800024,2011,3,2011-03-21,2011-03-21T21:40:00.000000-0400,24,s:40~l:54~t:24,stanford-cardinal,Stanford,Cardinal,STAN,Stanford Cardinal,Stanford,8c1515,ffffff,https://a.espncdn.com/i/teamlogos/ncaa/500/24.png,home,75,true,19,6,26,53.4,31,58,0,8,63.6,7,11,32,13,3,13,0,37.5,6,16,41,0,0,0,2599,s:40~l:54~t:2599,st-johns-red-storm,St. John's,Red Storm,SJU,St. John's Red Storm,St John's,d10000,101010,https://a.espncdn.com/i/teamlogos/ncaa/500/2599.png,49
310800096,2011,3,2011-03-21,2011-03-21T21:45:00.000000-0400,153,s:40~l:54~t:153,north-carolina-tar-heels,North Carolina,Tar Heels,UNC,North Carolina Tar Heels,North Carolina,7bafd4,13294b,https://a.espncdn.com/i/teamlogos/ncaa/500/153.png,away,86,true,19,8,38,48.3,28,58,0,21,90.0,27,30,15,14,6,22,0,42.9,3,7,55,0,0,0,96,s:40~l:54~t:96,kentucky-wildcats,Kentucky,Wildcats,UK,Kentucky Wildcats,Kentucky,005DAA,ffffff,https://a.espncdn.com/i/teamlogos/ncaa/500/96.png,74
310800096,2011,3,2011-03-21,2011-03-21T21:45:00.000000-0400,96,s:40~l:54~t:96,kentucky-wildcats,Kentucky,Wildcats,UK,Kentucky Wildcats,Kentucky,005DAA,ffffff,https://a.espncdn.com/i/teamlogos/ncaa/500/96.png,home,74,false,10,3,9,34.6,28,81,0,23,76.5,13,17,3,14,8,8,0,21.7,5,23,31,0,0,0,153,s:40~l:54~t:153,north-carolina-tar-heels,North Carolina,Tar Heels,UNC,North Carolina Tar Heels,North Carolina,7bafd4,13294b,https://a.espncdn.com/i/teamlogos/ncaa/500/153.png,86
310800350,2011,3,2011-03-21,2011-03-21T19:00:00.000000-0400,2199,s:40~l:54~t:2199,eastern-michigan-eagles,Eastern Michigan,Eagles,EMU,Eastern Michigan Eagles,E Michigan,00331b,f0f0f0,https://a.espncdn.com/i/teamlogos/ncaa/500/2199.png,away,63,true,16,4,17,39.3,24,61,0,12,57.1,8,14,11,10,18,17,0,38.9,7,18,34,0,0,0,350,s:40~l:54~t:350,unc-wilmington-seahawks,UNC Wilmington,Seahawks,UNCW,UNC Wilmington Seahawks,UNC Wilmington,1d2f68,00665e,https://a.espncdn.com/i/teamlogos/ncaa/500/350.png,54
310800350,2011,3,2011-03-21,2011-03-21T19:00:00.000000-0400,350,s:40~l:54~t:350,unc-wilmington-seahawks,UNC Wilmington,Seahawks,UNCW,UNC Wilmington Seahawks,UNC Wilmington,1d2f68,00665e,https://a.espncdn.com/i/teamlogos/ncaa/500/350.png,home,54,false,16,8,27,37.0,20,54,0,15,72.7,8,11,13,15,13,26,0,27.3,6,22,44,0,0,0,2199,s:40~l:54~t:2199,eastern-michigan-eagles,Eastern Michigan,Eagles,EMU,Eastern Michigan Eagles,E Michigan,00331b,f0f0f0,https://a.espncdn.com/i/teamlogos/ncaa/500/2199.png,63
310800183,2011,3,2011-03-21,2011-03-21T19:00:00.000000-0400,179,s:40~l:54~t:179,st-bonaventure-bonnies,St. Bonaventure,Bonnies,SBU,St. Bonaventure Bonnies,St Bonaventure,70261D,,https://a.espncdn.com/i/teamlogos/ncaa/500/179.png,away,50,false,12,0,18,35.1,20,57,0,13,75.0,3,4,5,8,8,14,0,31.8,7,22,29,0,0,0,183,s:40~l:54~t:183,syracuse-orange,Syracuse,Orange,SYR,Syracuse Orange,Syracuse,ff6500,000e54,https://a.espncdn.com/i/teamlogos/ncaa/500/183.png,63
310800183,2011,3,2011-03-21,2011-03-21T19:00:00.000000-0400,183,s:40~l:54~t:183,syracuse-orange,Syracuse,Orange,SYR,Syracuse Orange,Syracuse,ff6500,000e54,https://a.espncdn.com/i/teamlogos/ncaa/500/183.png,home,63,true,14,5,28,41.1,23,56,0,10,80.0,12,15,20,12,5,15,0,31.3,5,16,43,0,0,0,179,s:40~l:54~t:179,st-bonaventure-bonnies,St. Bonaventure,Bonnies,SBU,St. Bonaventure Bonnies,St Bonaventure,70261D,,https://a.espncdn.com/i/teamlogos/ncaa/500/179.png,50
310800198,2011,3,2011-03-21,2011-03-21T20:00:00.000000-0400,2655,s:40~l:54~t:2655,tulane-green-wave,Tulane,Green Wave,TULN,Tulane Green Wave,Tulane,005837,3baf29,https://a.espncdn.com/i/teamlogos/ncaa/500/2655.png,away,86,false,17,3,23,46.0,29,63,0,21,79.2,19,24,10,12,13,28,0,47.4,9,19,39,0,0,0,198,s:40~l:54~t:198,oral-roberts-golden-eagles,Oral Roberts,Golden Eagles,ORU,Oral Roberts Golden Eagles,Oral Roberts,002462,dac792,https://a.espncdn.com/i/teamlogos/ncaa/500/198.png,92
310800198,2011,3,2011-03-21,2011-03-21T20:00:00.000000-0400,198,s:40~l:54~t:198,oral-roberts-golden-eagles,Oral Roberts,Golden Eagles,ORU,Oral Roberts Golden Eagles,Oral Roberts,002462,dac792,https://a.espncdn.com/i/teamlogos/ncaa/500/198.png,home,92,true,9,5,17,38.7,29,75,0,19,84.4,27,32,6,20,19,21,1,46.7,7,15,45,1,0,0,2655,s:40~l:54~t:2655,tulane-green-wave,Tulane,Green Wave,TULN,Tulane Green Wave,Tulane,005837,3baf29,https://a.espncdn.com/i/teamlogos/ncaa/500/2655.png,86
310790041,2011,3,2011-03-20,2011-03-20T12:05:00.000000-0400,42,s:40~l:54~t:42,hartford-hawks,Hartford,Hawks,HART,Hartford Hawks,Hartford,d60008,000000,https://a.espncdn.com/i/teamlogos/ncaa/500/42.png,away,39,false,9,0,16,31.5,17,54,0,14,50.0,2,4,0,4,7,11,0,16.7,3,18,23,0,0,0,41,s:40~l:54~t:41,uconn-huskies,UConn,Huskies,CONN,UConn Huskies,UConn,0c2340,f1f2f3,https://a.espncdn.com/i/teamlogos/ncaa/500/41.png,75
310790041,2011,3,2011-03-20,2011-03-20T12:05:00.000000-0400,41,s:40~l:54~t:41,uconn-huskies,UConn,Huskies,CONN,UConn Huskies,UConn,0c2340,f1f2f3,https://a.espncdn.com/i/teamlogos/ncaa/500/41.png,home,75,true,20,1,31,49.2,30,61,0,10,84.6,11,13,41,12,6,11,0,36.4,4,11,47,0,0,0,42,s:40~l:54~t:42,hartford-hawks,Hartford,Hawks,HART,Hartford Hawks,Hartford,d60008,000000,https://a.espncdn.com/i/teamlogos/ncaa/500/42.png,39
310790097,2011,3,2011-03-20,2011-03-20T12:10:00.000000-0400,238,s:40~l:54~t:238,vanderbilt-commodores,Vanderbilt,Commodores,VAN,Vanderbilt Commodores,Vanderbilt,000000,231f20,https://a.espncdn.com/i/teamlogos/ncaa/500/238.png,away,62,false,15,3,10,43.9,25,57,0,15,83.3,5,6,0,6,12,14,0,38.9,7,18,19,0,0,0,97,s:40~l:54~t:97,louisville-cardinals,Louisville,Cardinals,LOU,Louisville Cardinals,Louisville,c9001f,000000,https://a.espncdn.com/i/teamlogos/ncaa/500/97.png,81
310790097,2011,3,2011-03-20,2011-03-20T12:10:00.000000-0400,97,s:40~l:54~t:97,louisville-cardinals,Louisville,Cardinals,LOU,Louisville Cardinals,Louisville,c9001f,000000,https://a.espncdn.com/i/teamlogos/ncaa/500/97.png,home,81,true,20,2,25,60.0,30,50,0,11,92.9,13,14,20,9,10,19,0,42.1,8,19,35,0,0,0,238,s:40~l:54~t:238,vanderbilt-commodores,Vanderbilt,Commodores,VAN,Vanderbilt Commodores,Vanderbilt,000000,231f20,https://a.espncdn.com/i/teamlogos/ncaa/500/238.png,62
310792390,2011,3,2011-03-20,2011-03-20T12:15:00.000000-0400,2241,s:40~l:54~t:2241,gardner-webb-runnin-bulldogs,Gardner-Webb,Runnin' Bulldogs,GWEB,Gardner-Webb Runnin' Bulldogs,Gardner-Webb,c12535,909090,https://a.espncdn.com/i/teamlogos/ncaa/500/2241.png,away,62,false,10,1,21,34.3,24,70,0,23,85.7,6,7,1,11,8,19,0,36.4,8,22,40,0,0,0,2390,s:40~l:54~t:2390,miami-hurricanes,Miami,Hurricanes,MIA,Miami Hurricanes,Miami,004325,f0f0f0,https://a.espncdn.com/i/teamlogos/ncaa/500/2390.png,80
310792390,2011,3,2011-03-20,2011-03-20T12:15:00.000000-0400,2390,s:40~l:54~t:2390,miami-hurricanes,Miami,Hurricanes,MIA,Miami Hurricanes,Miami,004325,f0f0f0,https://a.espncdn.com/i/teamlogos/ncaa/500/2390.png,home,80,true,15,8,31,37.9,25,66,0,12,72.7,24,33,20,17,12,14,0,30.0,6,20,50,0,0,0,2241,s:40~l:54~t:2241,gardner-webb-runnin-bulldogs,Gardner-Webb,Runnin' Bulldogs,GWEB,Gardner-Webb Runnin' Bulldogs,Gardner-Webb,c12535,909090,https://a.espncdn.com/i/teamlogos/ncaa/500/2241.png,62
310790120,2011,3,2011-03-20,2011-03-20T12:20:00.000000-0400,2598,s:40~l:54~t:2598,st-francis-pa-red-flash,St. Francis (PA),Red Flash,SFPA,St. Francis (PA) Red Flash,St Francis PA,a20012,,https://a.espncdn.com/i/teamlogos/ncaa/500/2598.png,away,48,false,10,1,17,30.8,16,52,0,20,66.7,12,18,0,9,11,22,0,26.7,4,15,32,0,0,0,120,s:40~l:54~t:120,maryland-terrapins,Maryland,Terrapins,MD,Maryland Terrapins,Maryland,D5002B,ffcd00,https://a.espncdn.com/i/teamlogos/ncaa/500/120.png,70
310790120,2011,3,2011-03-20,2011-03-20T12:20:00.000000-0400,120,s:40~l:54~t:120,maryland-terrapins,Maryland,Terrapins,MD,Maryland Terrapins,Maryland,D5002B,ffcd00,https://a.espncdn.com/i/teamlogos/ncaa/500/120.png,home,70,true,12,6,24,39.7,23,58,0,17,65.5,19,29,28,19,12,23,0,29.4,5,17,49,0,0,0,2598,s:40~l:54~t:2598,st-francis-pa-red-flash,St. Francis (PA),Red Flash,SFPA,St. Francis (PA) Red Flash,St Francis PA,a20012,,https://a.espncdn.com/i/teamlogos/ncaa/500/2598.png,48
310792306,2011,3,2011-03-20,2011-03-20T14:19:00.000000-0400,2509,s:40~l:54~t:2509,purdue-boilermakers,Purdue,Boilermakers,PUR,Purdue Boilermakers,Purdue,000000,cfb991,https://a.espncdn.com/i/teamlogos/ncaa/500/2509.png,away,53,true,9,6,20,40.5,17,42,0,9,87.5,14,16,11,3,6,13,0,35.7,5,14,27,0,0,0,2306,s:40~l:54~t:2306,kansas-state-wildcats,Kansas State,Wildcats,KSU,Kansas State Wildcats,Kansas St,633194,e7d2ad,https://a.espncdn.com/i/teamlogos/ncaa/500/2306.png,45
310792306,2011,3,2011-03-20,2011-03-20T14:19:00.000000-0400,2306,s:40~l:54~t:2306,kansas-state-wildcats,Kansas State,Wildcats,KSU,Kansas State Wildcats,Kansas St,633194,e7d2ad,https://a.espncdn.com/i/teamlogos/ncaa/500/2306.png,home,45,false,6,0,22,30.2,19,63,0,15,50.0,1,2,4,18,3,14,0,26.1,6,23,42,0,0,0,2509,s:40~l:54~t:2509,purdue-boilermakers,Purdue,Boilermakers,PUR,Purdue Boilermakers,Purdue,000000,cfb991,https://a.espncdn.com/i/teamlogos/ncaa/500/2509.png,53
310792752,2011,3,2011-03-20,2011-03-20T14:31:00.000000-0400,2571,s:40~l:54~t:2571,south-dakota-state-jackrabbits,South Dakota State,Jackrabbits,SDST,South Dakota State Jackrabbits,S Dakota St,0033a0,ffd100,https://a.espncdn.com/i/teamlogos/ncaa/500/2571.png,away,56,false,12,2,21,35.3,18,51,0,17,83.3,15,18,1,4,4,11,0,27.8,5,18,26,0,0,0,2752,s:40~l:54~t:2752,xavier-musketeers,Xavier,Musketeers,XAV,Xavier Musketeers,Xavier,002144,9ea2a2,https://a.espncdn.com/i/teamlogos/ncaa/500/2752.png,72
310792752,2011,3,2011-03-20,2011-03-20T14:31:00.000000-0400,2752,s:40~l:54~t:2752,xavier-musketeers,Xavier,Musketeers,XAV,Xavier Musketeers,Xavier,002144,9ea2a2,https://a.espncdn.com/i/teamlogos/ncaa/500/2752.png,home,72,true,11,6,28,42.4,25,59,0,15,65.5,19,29,21,15,6,13,0,25.0,3,12,45,0,0,0,2571,s:40~l:54~t:2571,south-dakota-state-jackrabbits,South Dakota State,Jackrabbits,SDST,South Dakota State Jackrabbits,S Dakota St,0033a0,ffd100,https://a.espncdn.com/i/teamlogos/ncaa/500/2571.png,56
310790201,2011,3,2011-03-20,2011-03-20T14:44:00.000000-0400,256,s:40~l:54~t:256,james-madison-dukes,James Madison,Dukes,JMU,James Madison Dukes,James Madison,450084,cbb778,https://a.espncdn.com/i/teamlogos/ncaa/500/256.png,away,72,false,7,4,20,36.4,28,77,0,21,73.7,14,19,2,16,15,14,0,8.0,2,25,38,0,0,0,201,s:40~l:54~t:201,oklahoma-sooners,Oklahoma,Sooners,OU,Oklahoma Sooners,Oklahoma,9d2235,ffffff,https://a.espncdn.com/i/teamlogos/ncaa/500/201.png,86
310790201,2011,3,2011-03-20,2011-03-20T14:44:00.000000-0400,201,s:40~l:54~t:201,oklahoma-sooners,Oklahoma,Sooners,OU,Oklahoma Sooners,Oklahoma,9d2235,ffffff,https://a.espncdn.com/i/teamlogos/ncaa/500/201.png,home,86,true,12,6,26,46.3,31,67,0,20,87.0,20,23,19,13,7,22,0,25.0,4,16,49,0,0,0,256,s:40~l:54~t:256,james-madison-dukes,James Madison,Dukes,JMU,James Madison Dukes,James Madison,450084,cbb778,https://a.espncdn.com/i/teamlogos/ncaa/500/256.png,72
310790046,2011,3,2011-03-20,2011-03-20T14:49:00.000000-0400,163,s:40~l:54~t:163,princeton-tigers,Princeton,Tigers,PRIN,Princeton Tigers,Princeton,ff9408,080808,https://a.espncdn.com/i/teamlogos/ncaa/500/163.png,away,49,false,11,2,21,37.2,16,43,0,14,81.3,13,16,2,8,5,15,0,22.2,4,18,33,0,0,0,46,s:40~l:54~t:46,georgetown-hoyas,Georgetown,Hoyas,GTWN,Georgetown Hoyas,Georgetown,110E42,001c58,https://a.espncdn.com/i/teamlogos/ncaa/500/46.png,65
310790046,2011,3,2011-03-20,2011-03-20T14:49:00.000000-0400,46,s:40~l:54~t:46,georgetown-hoyas,Georgetown,Hoyas,GTWN,Georgetown Hoyas,Georgetown,110E42,001c58,https://a.espncdn.com/i/teamlogos/ncaa/500/46.png,home,65,true,9,5,18,40.4,23,57,0,15,73.3,11,15,26,12,5,8,0,38.1,8,21,31,0,0,0,163,s:40~l:54~t:163,princeton-tigers,Princeton,Tigers,PRIN,Princeton Tigers,Princeton,ff9408,080808,https://a.espncdn.com/i/teamlogos/ncaa/500/163.png,49
310790248,2011,3,2011-03-20,2011-03-20T17:10:00.000000-0400,277,s:40~l:54~t:277,west-virginia-mountaineers,West Virginia,Mountaineers,WVU,West Virginia Mountaineers,West Virginia,FFC600,eaaa00,https://a.espncdn.com/i/teamlogos/ncaa/500/277.png,away,79,true,11,3,24,37.7,26,69,0,19,68.8,22,32,15,25,9,16,0,35.7,5,14,52,0,0,0,248,s:40~l:54~t:248,houston-cougars,Houston,Cougars,HOU,Houston Cougars,Houston,c92a39,ffffff,https://a.espncdn.com/i/teamlogos/ncaa/500/248.png,73
310790248,2011,3,2011-03-20,2011-03-20T17:10:00.000000-0400,248,s:40~l:54~t:248,houston-cougars,Houston,Cougars,HOU,Houston Cougars,Houston,c92a39,ffffff,https://a.espncdn.com/i/teamlogos/ncaa/500/248.png,home,73,false,9,5,25,39.3,22,56,0,21,75.9,22,29,5,9,5,16,0,41.2,7,17,36,0,0,0,277,s:40~l:54~t:277,west-virginia-mountaineers,West Virginia,Mountaineers,WVU,West Virginia Mountaineers,West Virginia,FFC600,eaaa00,https://a.espncdn.com/i/teamlogos/ncaa/500/277.png,79
310790052,2011,3,2011-03-20,2011-03-20T17:15:00.000000-0400,2535,s:40~l:54~t:2535,samford-bulldogs,Samford,Bulldogs,SAM,Samford Bulldogs,Samford,005485,bc0023,https://a.espncdn.com/i/teamlogos/ncaa/500/2535.png,away,46,false,7,2,14,26.9,14,52,0,21,68.4,13,19,1,7,3,12,0,26.3,5,19,23,0,0,0,52,s:40~l:54~t:52,florida-state-seminoles,Florida State,Seminoles,FSU,Florida State Seminoles,Florida St,782F40,ceb888,https://a.espncdn.com/i/teamlogos/ncaa/500/52.png,76
310790052,2011,3,2011-03-20,2011-03-20T17:15:00.000000-0400,52,s:40~l:54~t:52,florida-state-seminoles,Florida State,Seminoles,FSU,Florida State Seminoles,Florida St,782F40,ceb888,https://a.espncdn.com/i/teamlogos/ncaa/500/52.png,home,76,true,15,0,35,47.3,26,55,0,19,67.9,19,28,31,12,5,16,0,45.5,5,11,52,0,0,0,2535,s:40~l:54~t:2535,samford-bulldogs,Samford,Bulldogs,SAM,Samford Bulldogs,Samford,005485,bc0023,https://a.espncdn.com/i/teamlogos/ncaa/500/2535.png,46
310792739,2011,3,2011-03-20,2011-03-20T17:20:00.000000-0400,2031,s:40~l:54~t:2031,little-rock-trojans,Little Rock,Trojans,LR,Little Rock Trojans,Little Rock,AD0000,898d8f,https://a.espncdn.com/i/teamlogos/ncaa/500/2031.png,away,55,false,16,1,22,45.1,23,51,0,21,66.7,4,6,7,4,7,16,0,29.4,5,17,28,0,0,0,2739,s:40~l:54~t:2739,green-bay-phoenix,Green Bay,Phoenix,GB,Green Bay Phoenix,Green Bay,006633,ffffff,https://a.espncdn.com/i/teamlogos/ncaa/500/2739.png,59
310792739,2011,3,2011-03-20,2011-03-20T17:20:00.000000-0400,2739,s:40~l:54~t:2739,green-bay-phoenix,Green Bay,Phoenix,GB,Green Bay Phoenix,Green Bay,006633,ffffff,https://a.espncdn.com/i/teamlogos/ncaa/500/2739.png,home,59,true,18,2,21,42.6,23,54,0,10,66.7,8,12,10,9,6,17,0,41.7,5,12,36,0,0,0,2031,s:40~l:54~t:2031,little-rock-trojans,Little Rock,Trojans,LR,Little Rock Trojans,Little Rock,AD0000,898d8f,https://a.espncdn.com/i/teamlogos/ncaa/500/2031.png,55
310790164,2011,3,2011-03-20,2011-03-20T19:24:00.000000-0400,2348,s:40~l:54~t:2348,louisiana-tech-lady-techsters,Louisiana Tech,Lady Techsters,LT,Louisiana Tech Lady Techsters,Louisiana Tech,002d65,d3313a,https://a.espncdn.com/i/teamlogos/ncaa/500/2348.png,away,51,false,7,4,20,27.0,17,63,0,16,70.0,14,20,0,12,9,10,0,13.0,3,23,34,0,0,0,164,s:40~l:54~t:164,rutgers-scarlet-knights,Rutgers,Scarlet Knights,RUTG,Rutgers Scarlet Knights,Rutgers,d21034,ffffff,https://a.espncdn.com/i/teamlogos/ncaa/500/164.png,76
310790164,2011,3,2011-03-20,2011-03-20T19:24:00.000000-0400,164,s:40~l:54~t:164,rutgers-scarlet-knights,Rutgers,Scarlet Knights,RUTG,Rutgers Scarlet Knights,Rutgers,d21034,ffffff,https://a.espncdn.com/i/teamlogos/ncaa/500/164.png,home,76,true,18,6,36,50.9,28,55,0,21,83.3,15,18,30,8,9,12,0,38.5,5,13,44,0,0,0,2348,s:40~l:54~t:2348,louisiana-tech-lady-techsters,Louisiana Tech,Lady Techsters,LT,Louisiana Tech Lady Techsters,Louisiana Tech,002d65,d3313a,https://a.espncdn.com/i/teamlogos/ncaa/500/2348.png,51
310790127,2011,3,2011-03-20,2011-03-20T19:42:00.000000-0400,2460,s:40~l:54~t:2460,northern-iowa-panthers,Northern Iowa,Panthers,UNI,Northern Iowa Panthers,Northern Iowa,473282,ffffff,https://a.espncdn.com/i/teamlogos/ncaa/500/2460.png,away,66,false,12,1,23,45.3,24,53,0,16,73.7,14,19,0,6,7,15,0,28.6,4,14,35,0,0,0,127,s:40~l:54~t:127,michigan-state-spartans,Michigan State,Spartans,MSU,Michigan State Spartans,Michigan St,18453B,ffffff,https://a.espncdn.com/i/teamlogos/ncaa/500/127.png,69
310790127,2011,3,2011-03-20,2011-03-20T19:42:00.000000-0400,127,s:40~l:54~t:127,michigan-state-spartans,Michigan State,Spartans,MSU,Michigan State Spartans,Michigan St,18453B,ffffff,https://a.espncdn.com/i/teamlogos/ncaa/500/127.png,home,69,true,17,6,26,46.7,28,60,0,16,50.0,5,10,14,7,8,12,0,40.0,8,20,34,0,0,0,2460,s:40~l:54~t:2460,northern-iowa-panthers,Northern Iowa,Panthers,UNI,Northern Iowa Panthers,Northern Iowa,473282,ffffff,https://a.espncdn.com/i/teamlogos/ncaa/500/2460.png,66
310790061,2011,3,2011-03-20,2011-03-20T19:45:00.000000-0400,2393,s:40~l:54~t:2393,middle-tennessee-blue-raiders,Middle Tennessee,Blue Raiders,MTSU,Middle Tennessee Blue Raiders,MTSU,006db6,ffffff,https://a.espncdn.com/i/teamlogos/ncaa/500/2393.png,away,41,false,7,0,16,28.6,16,56,0,18,60.0,6,10,2,10,6,17,0,15.0,3,20,31,0,0,0,61,s:40~l:54~t:61,georgia-lady-bulldogs,Georgia,Lady Bulldogs,UGA,Georgia Lady Bulldogs,Georgia,CC0000,000000,https://a.espncdn.com/i/teamlogos/ncaa/500/61.png,56
310790061,2011,3,2011-03-20,2011-03-20T19:45:00.000000-0400,61,s:40~l:54~t:61,georgia-lady-bulldogs,Georgia,Lady Bulldogs,UGA,Georgia Lady Bulldogs,Georgia,CC0000,000000,https://a.espncdn.com/i/teamlogos/ncaa/500/61.png,home,56,true,7,4,28,47.7,21,44,0,14,72.2,13,18,19,7,10,21,0,14.3,1,7,38,0,0,0,2393,s:40~l:54~t:2393,middle-tennessee-blue-raiders,Middle Tennessee,Blue Raiders,MTSU,Middle Tennessee Blue Raiders,MTSU,006db6,ffffff,https://a.espncdn.com/i/teamlogos/ncaa/500/2393.png,41
310790239,2011,3,2011-03-20,2011-03-20T19:56:00.000000-0400,2504,s:40~l:54~t:2504,prairie-view-am-lady-panthers,Prairie View A&M,Lady Panthers,PV,Prairie View A&M Lady Panthers,Prairie View,4d0960,,https://a.espncdn.com/i/teamlogos/ncaa/500/2504.png,away,30,false,3,1,13,20.0,12,60,0,16,60.0,3,5,0,9,5,18,0,20.0,3,15,33,0,0,0,239,s:40~l:54~t:239,baylor-bears,Baylor,Bears,BAY,Baylor Bears,Baylor,154734,ffb81c,https://a.espncdn.com/i/teamlogos/ncaa/500/239.png,66
310790239,2011,3,2011-03-20,2011-03-20T19:56:00.000000-0400,239,s:40~l:54~t:239,baylor-bears,Baylor,Bears,BAY,Baylor Bears,Baylor,154734,ffb81c,https://a.espncdn.com/i/teamlogos/ncaa/500/239.png,home,66,true,12,14,35,45.5,25,55,0,9,53.6,15,28,40,13,10,13,0,9.1,1,11,51,0,0,0,2504,s:40~l:54~t:2504,prairie-view-am-lady-panthers,Prairie View A&M,Lady Panthers,PV,Prairie View A&M Lady Panthers,Prairie View,4d0960,,https://a.espncdn.com/i/teamlogos/ncaa/500/2504.png,30
310782633,2011,3,2011-03-19,2011-03-19T11:05:00.000000-0400,56,s:40~l:54~t:56,stetson-hatters,Stetson,Hatters,STET,Stetson Hatters,Stetson,0a5640,56854e,https://a.espncdn.com/i/teamlogos/ncaa/500/56.png,away,34,false,3,1,19,18.2,12,66,0,18,77.8,7,9,0,8,3,12,0,12.5,3,24,31,0,0,0,2633,s:40~l:54~t:2633,tennessee-lady-volunteers,Tennessee,Lady Volunteers,TENN,Tennessee Lady Volunteers,Tennessee,ff8200,ffffff,https://a.espncdn.com/i/teamlogos/ncaa/500/2633_ncw.png,99
310782633,2011,3,2011-03-19,2011-03-19T11:05:00.000000-0400,2633,s:40~l:54~t:2633,tennessee-lady-volunteers,Tennessee,Lady Volunteers,TENN,Tennessee Lady Volunteers,Tennessee,ff8200,ffffff,https://a.espncdn.com/i/teamlogos/ncaa/500/2633_ncw.png,home,99,true,19,9,41,55.7,39,70,0,10,54.2,13,24,67,15,7,7,0,40.0,8,20,63,0,0,0,56,s:40~l:54~t:56,stetson-hatters,Stetson,Hatters,STET,Stetson Hatters,Stetson,0a5640,56854e,https://a.espncdn.com/i/teamlogos/ncaa/500/56.png,34
310780213,2011,3,2011-03-19,2011-03-19T11:10:00.000000-0400,2168,s:40~l:54~t:2168,dayton-flyers,Dayton,Flyers,DAY,Dayton Flyers,Dayton,004B8D,ffffff,https://a.espncdn.com/i/teamlogos/ncaa/500/2168.png,away,66,false,16,0,25,42.2,27,64,0,17,40.0,2,5,8,7,3,22,0,43.5,10,23,37,0,0,0,213,s:40~l:54~t:213,penn-state-lady-lions,Penn State,Lady Lions,PSU,Penn State Lady Lions,Penn State,00265D,002e5c,https://a.espncdn.com/i/teamlogos/ncaa/500/213.png,75
310780213,2011,3,2011-03-19,2011-03-19T11:10:00.000000-0400,213,s:40~l:54~t:213,penn-state-lady-lions,Penn State,Lady Lions,PSU,Penn State Lady Lions,Penn State,00265D,002e5c,https://a.espncdn.com/i/teamlogos/ncaa/500/213.png,home,75,true,10,3,27,40.9,27,66,0,9,85.7,18,21,14,12,10,13,0,25.0,3,12,42,0,0,0,2168,s:40~l:54~t:2168,dayton-flyers,Dayton,Flyers,DAY,Dayton Flyers,Dayton,004B8D,ffffff,https://a.espncdn.com/i/teamlogos/ncaa/500/2168.png,66
310780066,2011,3,2011-03-19,2011-03-19T11:15:00.000000-0400,2368,s:40~l:54~t:2368,marist-red-foxes,Marist,Red Foxes,MRST,Marist Red Foxes,Marist,e53730,f0f0f0,https://a.espncdn.com/i/teamlogos/ncaa/500/2368.png,away,74,true,21,4,24,43.6,24,55,0,22,69.6,16,23,20,3,8,7,0,37.0,10,27,29,0,0,0,66,s:40~l:54~t:66,iowa-state-cyclones,Iowa State,Cyclones,ISU,Iowa State Cyclones,Iowa State,822433,fdca2f,https://a.espncdn.com/i/teamlogos/ncaa/500/66.png,64
310780066,2011,3,2011-03-19,2011-03-19T11:15:00.000000-0400,66,s:40~l:54~t:66,iowa-state-cyclones,Iowa State,Cyclones,ISU,Iowa State Cyclones,Iowa State,822433,fdca2f,https://a.espncdn.com/i/teamlogos/ncaa/500/66.png,home,64,false,12,0,27,34.5,19,55,0,20,72.4,21,29,2,15,3,17,0,26.3,5,19,48,0,0,0,2368,s:40~l:54~t:2368,marist-red-foxes,Marist,Red Foxes,MRST,Marist Red Foxes,Marist,e53730,f0f0f0,https://a.espncdn.com/i/teamlogos/ncaa/500/2368.png,74
310780059,2011,3,2011-03-19,2011-03-19T11:20:00.000000-0400,189,s:40~l:54~t:189,bowling-green-falcons,Bowling Green,Falcons,BGSU,Bowling Green Falcons,Bowling Green,2b1000,492000,https://a.espncdn.com/i/teamlogos/ncaa/500/189.png,away,58,false,5,3,15,46.5,20,43,0,16,88.9,16,18,4,7,5,24,0,33.3,2,6,27,0,0,0,59,s:40~l:54~t:59,georgia-tech-yellow-jackets,Georgia Tech,Yellow Jackets,GT,Georgia Tech Yellow Jackets,Georgia Tech,00223e,002c56,https://a.espncdn.com/i/teamlogos/ncaa/500/59.png,69
310780059,2011,3,2011-03-19,2011-03-19T11:20:00.000000-0400,59,s:40~l:54~t:59,georgia-tech-yellow-jackets,Georgia Tech,Yellow Jackets,GT,Georgia Tech Yellow Jackets,Georgia Tech,00223e,002c56,https://a.espncdn.com/i/teamlogos/ncaa/500/59.png,home,69,true,11,3,15,46.6,27,58,0,18,72.2,13,18,15,15,13,16,0,22.2,2,9,32,0,0,0,189,s:40~l:54~t:189,bowling-green-falcons,Bowling Green,Falcons,BGSU,Bowling Green Falcons,Bowling Green,2b1000,492000,https://a.espncdn.com/i/teamlogos/ncaa/500/189.png,58
310780269,2011,3,2011-03-19,2011-03-19T13:21:00.000000-0400,251,s:40~l:54~t:251,texas-longhorns,Texas,Longhorns,TEX,Texas Longhorns,Texas,c15d26,ffffff,https://a.espncdn.com/i/teamlogos/ncaa/500/251.png,away,65,false,13,6,22,39.2,29,74,0,15,0.0,0,0,9,15,9,11,0,36.8,7,19,42,0,0,0,269,s:40~l:54~t:269,marquette-golden-eagles,Marquette,Golden Eagles,MARQ,Marquette Golden Eagles,Marquette,083963,ffffff,https://a.espncdn.com/i/teamlogos/ncaa/500/269.png,68
310780269,2011,3,2011-03-19,2011-03-19T13:21:00.000000-0400,269,s:40~l:54~t:269,marquette-golden-eagles,Marquette,Golden Eagles,MARQ,Marquette Golden Eagles,Marquette,083963,ffffff,https://a.espncdn.com/i/teamlogos/ncaa/500/269.png,home,68,true,9,7,21,44.6,25,56,0,6,92.9,13,14,8,4,7,13,0,33.3,5,15,35,0,0,0,251,s:40~l:54~t:251,texas-longhorns,Texas,Longhorns,TEX,Texas Longhorns,Texas,c15d26,ffffff,https://a.espncdn.com/i/teamlogos/ncaa/500/251.png,65
310780305,2011,3,2011-03-19,2011-03-19T13:39:00.000000-0400,2426,s:40~l:54~t:2426,navy-midshipmen,Navy,Midshipmen,NAVY,Navy Midshipmen,Navy,131630,b6a77c,https://a.espncdn.com/i/teamlogos/ncaa/500/2426.png,away,43,false,9,1,23,39.0,16,41,0,12,58.3,7,12,1,7,5,21,0,21.1,4,19,35,0,0,0,305,s:40~l:54~t:305,depaul-blue-demons,DePaul,Blue Demons,DEP,DePaul Blue Demons,DePaul,2d649c,ce1125,https://a.espncdn.com/i/teamlogos/ncaa/500/305.png,56
310780305,2011,3,2011-03-19,2011-03-19T13:39:00.000000-0400,305,s:40~l:54~t:305,depaul-blue-demons,DePaul,Blue Demons,DEP,DePaul Blue Demons,DePaul,2d649c,ce1125,https://a.espncdn.com/i/teamlogos/ncaa/500/305.png,home,56,true,10,3,14,37.3,25,67,0,8,37.5,3,8,13,15,12,8,0,20.0,3,15,39,0,0,0,2426,s:40~l:54~t:2426,navy-midshipmen,Navy,Midshipmen,NAVY,Navy Midshipmen,Navy,131630,b6a77c,https://a.espncdn.com/i/teamlogos/ncaa/500/2426.png,43
310780150,2011,3,2011-03-19,2011-03-19T13:46:00.000000-0400,2630,s:40~l:54~t:2630,ut-martin-skyhawks,UT Martin,Skyhawks,UTM,UT Martin Skyhawks,UT Martin,FF6700,102a5c,https://a.espncdn.com/i/teamlogos/ncaa/500/2630.png,away,45,false,8,0,18,34.9,15,43,0,15,64.7,11,17,0,6,3,22,0,23.5,4,17,30,0,0,0,150,s:40~l:54~t:150,duke-blue-devils,Duke,Blue Devils,DUKE,Duke Blue Devils,Duke,013088,ffffff,https://a.espncdn.com/i/teamlogos/ncaa/500/150.png,90
310780150,2011,3,2011-03-19,2011-03-19T13:46:00.000000-0400,150,s:40~l:54~t:150,duke-blue-devils,Duke,Blue Devils,DUKE,Duke Blue Devils,Duke,013088,ffffff,https://a.espncdn.com/i/teamlogos/ncaa/500/150.png,home,90,true,25,1,23,53.6,37,69,0,15,64.3,9,14,47,13,16,8,0,35.0,7,20,38,0,0,0,2630,s:40~l:54~t:2630,ut-martin-skyhawks,UT Martin,Skyhawks,UTM,UT Martin Skyhawks,UT Martin,FF6700,102a5c,https://a.espncdn.com/i/teamlogos/ncaa/500/2630.png,45
310780194,2011,3,2011-03-19,2011-03-19T13:49:00.000000-0400,2116,s:40~l:54~t:2116,ucf-knights,UCF,Knights,UCF,UCF Knights,UCF,000000,231f20,https://a.espncdn.com/i/teamlogos/ncaa/500/2116.png,away,69,false,10,0,23,39.7,25,63,0,19,91.7,11,12,3,13,6,18,0,42.1,8,19,39,0,0,0,194,s:40~l:54~t:194,ohio-state-buckeyes,Ohio State,Buckeyes,OSU,Ohio State Buckeyes,Ohio State,ce1141,505056,https://a.espncdn.com/i/teamlogos/ncaa/500/194.png,80
310780194,2011,3,2011-03-19,2011-03-19T13:49:00.000000-0400,194,s:40~l:54~t:194,ohio-state-buckeyes,Ohio State,Buckeyes,OSU,Ohio State Buckeyes,Ohio State,ce1141,505056,https://a.espncdn.com/i/teamlogos/ncaa/500/194.png,home,80,true,23,6,21,52.5,32,61,0,12,72.2,13,18,18,7,8,11,0,27.3,3,11,33,0,0,0,2116,s:40~l:54~t:2116,ucf-knights,UCF,Knights,UCF,UCF Knights,UCF,000000,231f20,https://a.espncdn.com/i/teamlogos/ncaa/500/2116.png,69
310780009,2011,3,2011-03-19,2011-03-19T16:05:00.000000-0400,218,s:40~l:54~t:218,temple-owls,Temple,Owls,TEM,Temple Owls,Temple,A80532,a7a9ac,https://a.espncdn.com/i/teamlogos/ncaa/500/218.png,away,63,true,12,4,20,45.8,27,59,0,15,83.3,5,6,24,10,11,10,1,30.8,4,13,35,1,0,0,9,s:40~l:54~t:9,arizona-state-sun-devils,Arizona State,Sun Devils,ASU,Arizona State Sun Devils,Arizona State,942139,f1f2f3,https://a.espncdn.com/i/teamlogos/ncaa/500/9.png,45
310780009,2011,3,2011-03-19,2011-03-19T16:05:00.000000-0400,9,s:40~l:54~t:9,arizona-state-sun-devils,Arizona State,Sun Devils,ASU,Arizona State Sun Devils,Arizona State,942139,f1f2f3,https://a.espncdn.com/i/teamlogos/ncaa/500/9.png,home,45,false,11,3,16,30.9,17,55,0,12,90.0,9,10,5,8,5,18,0,13.3,2,15,36,0,0,0,218,s:40~l:54~t:218,temple-owls,Temple,Owls,TEM,Temple Owls,Temple,A80532,a7a9ac,https://a.espncdn.com/i/teamlogos/ncaa/500/218.png,63
310782294,2011,3,2011-03-19,2011-03-19T16:10:00.000000-0400,2250,s:40~l:54~t:2250,gonzaga-bulldogs,Gonzaga,Bulldogs,GONZ,Gonzaga Bulldogs,Gonzaga,041e42,c8102e,https://a.espncdn.com/i/teamlogos/ncaa/500/2250.png,away,92,true,21,4,28,48.1,37,77,0,16,76.5,13,17,8,13,15,16,0,35.7,5,14,44,0,0,0,2294,s:40~l:54~t:2294,iowa-hawkeyes,Iowa,Hawkeyes,IOWA,Iowa Hawkeyes,Iowa,000000,fcd116,https://a.espncdn.com/i/teamlogos/ncaa/500/2294.png,86
310782294,2011,3,2011-03-19,2011-03-19T16:10:00.000000-0400,2294,s:40~l:54~t:2294,iowa-hawkeyes,Iowa,Hawkeyes,IOWA,Iowa Hawkeyes,Iowa,000000,fcd116,https://a.espncdn.com/i/teamlogos/ncaa/500/2294.png,home,86,false,19,2,24,44.8,30,67,0,15,76.5,13,17,7,8,5,19,0,44.8,13,29,37,0,0,0,2250,s:40~l:54~t:2250,gonzaga-bulldogs,Gonzaga,Bulldogs,GONZ,Gonzaga Bulldogs,Gonzaga,041e42,c8102e,https://a.espncdn.com/i/teamlogos/ncaa/500/2250.png,92
310780153,2011,3,2011-03-19,2011-03-19T16:15:00.000000-0400,278,s:40~l:54~t:278,fresno-state-bulldogs,Fresno State,Bulldogs,FRES,Fresno State Bulldogs,Fresno St,c41230,231f20,https://a.espncdn.com/i/teamlogos/ncaa/500/278.png,away,68,false,15,1,13,29.6,21,71,0,21,75.0,12,16,9,18,10,11,0,28.0,14,50,38,0,0,0,153,s:40~l:54~t:153,north-carolina-tar-heels,North Carolina,Tar Heels,UNC,North Carolina Tar Heels,North Carolina,7bafd4,13294b,https://a.espncdn.com/i/teamlogos/ncaa/500/153.png,82
310780153,2011,3,2011-03-19,2011-03-19T16:15:00.000000-0400,153,s:40~l:54~t:153,north-carolina-tar-heels,North Carolina,Tar Heels,UNC,North Carolina Tar Heels,North Carolina,7bafd4,13294b,https://a.espncdn.com/i/teamlogos/ncaa/500/153.png,home,82,true,13,6,31,46.6,27,58,0,14,75.9,22,29,14,16,8,15,0,37.5,6,16,50,0,0,0,278,s:40~l:54~t:278,fresno-state-bulldogs,Fresno State,Bulldogs,FRES,Fresno State Bulldogs,Fresno St,c41230,231f20,https://a.espncdn.com/i/teamlogos/ncaa/500/278.png,68
310782641,2011,3,2011-03-19,2011-03-19T16:20:00.000000-0400,2599,s:40~l:54~t:2599,st-johns-red-storm,St. John's,Red Storm,SJU,St. John's Red Storm,St John's,d10000,101010,https://a.espncdn.com/i/teamlogos/ncaa/500/2599.png,away,55,true,12,3,29,35.0,21,60,0,10,57.9,11,19,12,14,11,17,0,33.3,2,6,47,0,0,0,2641,s:40~l:54~t:2641,texas-tech-lady-raiders,Texas Tech,Lady Raiders,TTU,Texas Tech Lady Raiders,Texas Tech,C80025,231f20,https://a.espncdn.com/i/teamlogos/ncaa/500/2641.png,50
310782641,2011,3,2011-03-19,2011-03-19T16:20:00.000000-0400,2641,s:40~l:54~t:2641,texas-tech-lady-raiders,Texas Tech,Lady Raiders,TTU,Texas Tech Lady Raiders,Texas Tech,C80025,231f20,https://a.espncdn.com/i/teamlogos/ncaa/500/2641.png,home,50,false,10,4,22,33.3,20,60,0,17,77.8,7,9,6,11,12,20,0,25.0,3,12,40,0,0,0,2599,s:40~l:54~t:2599,st-johns-red-storm,St. John's,Red Storm,SJU,St. John's Red Storm,St John's,d10000,101010,https://a.espncdn.com/i/teamlogos/ncaa/500/2599.png,55
310780096,2011,3,2011-03-19,2011-03-19T18:30:00.000000-0400,2261,s:40~l:54~t:2261,hampton-lady-pirates,Hampton,Lady Pirates,HAMP,Hampton Lady Pirates,Hampton,0067AC,,https://a.espncdn.com/i/teamlogos/ncaa/500/2261.png,away,62,false,11,6,25,36.5,23,63,0,16,76.9,10,13,1,15,4,17,0,40.0,6,15,45,0,0,0,96,s:40~l:54~t:96,kentucky-wildcats,Kentucky,Wildcats,UK,Kentucky Wildcats,Kentucky,005DAA,ffffff,https://a.espncdn.com/i/teamlogos/ncaa/500/96.png,66
310780096,2011,3,2011-03-19,2011-03-19T18:30:00.000000-0400,96,s:40~l:54~t:96,kentucky-wildcats,Kentucky,Wildcats,UK,Kentucky Wildcats,Kentucky,005DAA,ffffff,https://a.espncdn.com/i/teamlogos/ncaa/500/96.png,home,66,true,14,6,23,34.4,22,64,0,17,73.7,14,19,10,12,8,13,0,42.1,8,19,40,0,0,0,2261,s:40~l:54~t:2261,hampton-lady-pirates,Hampton,Lady Pirates,HAMP,Hampton Lady Pirates,Hampton,0067AC,,https://a.espncdn.com/i/teamlogos/ncaa/500/2261.png,62
310780087,2011,3,2011-03-19,2011-03-19T18:30:00.000000-0400,254,s:40~l:54~t:254,utah-utes,Utah,Utes,UTAH,Utah Utes,Utah,890012,7e8083,https://a.espncdn.com/i/teamlogos/ncaa/500/254.png,away,54,false,7,3,24,32.7,18,55,0,19,80.0,12,15,2,15,5,17,0,33.3,6,18,41,0,0,0,87,s:40~l:54~t:87,notre-dame-fighting-irish,Notre Dame,Fighting Irish,ND,Notre Dame Fighting Irish,Notre Dame,0c2340,c99700,https://a.espncdn.com/i/teamlogos/ncaa/500/87.png,67
310780087,2011,3,2011-03-19,2011-03-19T18:30:00.000000-0400,87,s:40~l:54~t:87,notre-dame-fighting-irish,Notre Dame,Fighting Irish,ND,Notre Dame Fighting Irish,Notre Dame,0c2340,c99700,https://a.espncdn.com/i/teamlogos/ncaa/500/87.png,home,67,true,16,6,22,44.6,25,56,0,14,66.7,14,21,13,7,7,10,0,42.9,3,7,34,0,0,0,254,s:40~l:54~t:254,utah-utes,Utah,Utes,UTAH,Utah Utes,Utah,890012,7e8083,https://a.espncdn.com/i/teamlogos/ncaa/500/254.png,54
310780026,2011,3,2011-03-19,2011-03-19T18:30:00.000000-0400,149,s:40~l:54~t:149,montana-lady-griz,Montana,Lady Griz,MONT,Montana Lady Griz,Montana,751D4A,666666,https://a.espncdn.com/i/teamlogos/ncaa/500/149.png,away,47,false,9,2,17,32.7,16,49,0,20,66.7,8,12,3,10,8,23,0,35.0,7,20,34,0,0,0,26,s:40~l:54~t:26,ucla-bruins,UCLA,Bruins,UCLA,UCLA Bruins,UCLA,2774ae,f2a900,https://a.espncdn.com/i/teamlogos/ncaa/500/26.png,55
310780026,2011,3,2011-03-19,2011-03-19T18:30:00.000000-0400,26,s:40~l:54~t:26,ucla-bruins,UCLA,Bruins,UCLA,UCLA Bruins,UCLA,2774ae,f2a900,https://a.espncdn.com/i/teamlogos/ncaa/500/26.png,home,55,true,6,5,19,42.5,17,40,0,14,60.6,20,33,12,11,19,18,0,14.3,1,7,32,0,0,0,149,s:40~l:54~t:149,montana-lady-griz,Montana,Lady Griz,MONT,Montana Lady Griz,Montana,751D4A,666666,https://a.espncdn.com/i/teamlogos/ncaa/500/149.png,47
310780024,2011,3,2011-03-19,2011-03-19T18:30:00.000000-0400,302,s:40~l:54~t:302,uc-davis-aggies,UC Davis,Aggies,UCD,UC Davis Aggies,UC Davis,002855,c3c4c6,https://a.espncdn.com/i/teamlogos/ncaa/500/302.png,away,59,false,13,0,17,46.8,22,47,0,14,75.0,9,12,3,2,3,15,0,42.9,6,14,19,0,0,0,24,s:40~l:54~t:24,stanford-cardinal,Stanford,Cardinal,STAN,Stanford Cardinal,Stanford,8c1515,ffffff,https://a.espncdn.com/i/teamlogos/ncaa/500/24.png,86
310780024,2011,3,2011-03-19,2011-03-19T18:30:00.000000-0400,24,s:40~l:54~t:24,stanford-cardinal,Stanford,Cardinal,STAN,Stanford Cardinal,Stanford,8c1515,ffffff,https://a.espncdn.com/i/teamlogos/ncaa/500/24.png,home,86,true,28,1,24,55.4,31,56,0,11,91.7,11,12,29,6,8,12,0,59.1,13,22,33,0,0,0,302,s:40~l:54~t:302,uc-davis-aggies,UC Davis,Aggies,UCD,UC Davis Aggies,UC Davis,002855,c3c4c6,https://a.espncdn.com/i/teamlogos/ncaa/500/302.png,59
310760235,2011,3,2011-03-17,2011-03-17T20:05:00.000000-0400,333,s:40~l:54~t:333,alabama-crimson-tide,Alabama,Crimson Tide,ALA,Alabama Crimson Tide,Alabama,9e1632,ffffff,https://a.espncdn.com/i/teamlogos/ncaa/500/333.png,away,80,true,14,2,22,41.8,28,67,0,14,70.4,19,27,11,13,7,15,0,35.7,5,14,42,0,0,0,235,s:40~l:54~t:235,memphis-tigers,Memphis,Tigers,MEM,Memphis Tigers,Memphis,004991,8e908f,https://a.espncdn.com/i/teamlogos/ncaa/500/235.png,69
310760235,2011,3,2011-03-17,2011-03-17T20:05:00.000000-0400,235,s:40~l:54~t:235,memphis-tigers,Memphis,Tigers,MEM,Memphis Tigers,Memphis,004991,8e908f,https://a.espncdn.com/i/teamlogos/ncaa/500/235.png,home,69,false,16,5,20,44.4,28,63,0,20,46.7,7,15,0,14,8,22,0,28.6,6,21,39,0,0,0,333,s:40~l:54~t:333,alabama-crimson-tide,Alabama,Crimson Tide,ALA,Alabama Crimson Tide,Alabama,9e1632,ffffff,https://a.espncdn.com/i/teamlogos/ncaa/500/333.png,80
310760030,2011,3,2011-03-17,2011-03-17T22:00:00.000000-0400,2540,s:40~l:54~t:2540,uc-santa-barbara-gauchos,UC Santa Barbara,Gauchos,UCSB,UC Santa Barbara Gauchos,UCSB,1D1160,fdb813,https://a.espncdn.com/i/teamlogos/ncaa/500/2540.png,away,64,false,9,6,27,41.3,26,63,0,14,77.8,7,9,11,9,3,10,0,29.4,5,17,41,0,0,0,30,s:40~l:54~t:30,usc-trojans,USC,Trojans,USC,USC Trojans,USC,9e2237,ffcc00,https://a.espncdn.com/i/teamlogos/ncaa/500/30.png,67
310760030,2011,3,2011-03-17,2011-03-17T22:00:00.000000-0400,30,s:40~l:54~t:30,usc-trojans,USC,Trojans,USC,USC Trojans,USC,9e2237,ffcc00,https://a.espncdn.com/i/teamlogos/ncaa/500/30.png,home,67,true,12,3,23,37.1,23,62,0,9,76.2,16,21,6,9,5,4,0,45.5,5,11,35,0,0,0,2540,s:40~l:54~t:2540,uc-santa-barbara-gauchos,UC Santa Barbara,Gauchos,UCSB,UC Santa Barbara Gauchos,UCSB,1D1160,fdb813,https://a.espncdn.com/i/teamlogos/ncaa/500/2540.png,64
310760013,2011,3,2011-03-17,2011-03-17T22:05:00.000000-0400,25,s:40~l:54~t:25,california-golden-bears,California,Golden Bears,CAL,California Golden Bears,California,031522,ffc423,https://a.espncdn.com/i/teamlogos/ncaa/500/25.png,away,74,true,11,3,28,43.1,28,65,0,9,72.2,13,18,17,16,6,15,0,50.0,5,10,48,0,0,0,13,s:40~l:54~t:13,cal-poly-mustangs,Cal Poly,Mustangs,CP,Cal Poly Mustangs,Cal Poly,1E4D2B,eed897,https://a.espncdn.com/i/teamlogos/ncaa/500/13.png,60
310760013,2011,3,2011-03-17,2011-03-17T22:05:00.000000-0400,13,s:40~l:54~t:13,cal-poly-mustangs,Cal Poly,Mustangs,CP,Cal Poly Mustangs,Cal Poly,1E4D2B,eed897,https://a.espncdn.com/i/teamlogos/ncaa/500/13.png,home,60,false,11,0,19,33.8,24,71,0,16,75.0,9,12,6,14,9,13,0,18.8,3,16,42,0,0,0,25,s:40~l:54~t:25,california-golden-bears,California,Golden Bears,CAL,California Golden Bears,California,031522,ffc423,https://a.espncdn.com/i/teamlogos/ncaa/500/25.png,74
310722739,2011,2,2011-03-13,2011-03-13T13:00:00.000000-0400,2086,s:40~l:54~t:2086,butler-bulldogs,Butler,Bulldogs,BUT,Butler Bulldogs,Butler,0d1361,00a3e0,https://a.espncdn.com/i/teamlogos/ncaa/500/2086.png,away,63,false,10,0,26,43.1,22,51,0,18,77.8,14,18,1,7,12,23,0,31.3,5,16,34,0,0,0,2739,s:40~l:54~t:2739,green-bay-phoenix,Green Bay,Phoenix,GB,Green Bay Phoenix,Green Bay,006633,ffffff,https://a.espncdn.com/i/teamlogos/ncaa/500/2739.png,74
310722739,2011,2,2011-03-13,2011-03-13T13:00:00.000000-0400,2739,s:40~l:54~t:2739,green-bay-phoenix,Green Bay,Phoenix,GB,Green Bay Phoenix,Green Bay,006633,ffffff,https://a.espncdn.com/i/teamlogos/ncaa/500/2739.png,home,74,true,20,0,21,44.1,26,59,0,15,87.5,14,16,26,7,12,16,0,30.8,8,26,32,0,0,0,2086,s:40~l:54~t:2086,butler-bulldogs,Butler,Bulldogs,BUT,Butler Bulldogs,Butler,0d1361,00a3e0,https://a.espncdn.com/i/teamlogos/ncaa/500/2086.png,63
310720153,2011,2,2011-03-13,2011-03-13T16:00:00.000000-0400,338,s:40~l:54~t:338,kennesaw-state-owls,Kennesaw State,Owls,KENN,Kennesaw State Owls,Kennesaw St,000000,fdbb30,https://a.espncdn.com/i/teamlogos/ncaa/500/338.png,away,52,false,13,1,20,30.4,21,69,0,19,60.0,3,5,0,17,10,31,0,30.4,7,23,41,0,0,0,153,s:40~l:54~t:153,north-carolina-tar-heels,North Carolina,Tar Heels,UNC,North Carolina Tar Heels,North Carolina,7bafd4,13294b,https://a.espncdn.com/i/teamlogos/ncaa/500/153.png,98
310720153,2011,2,2011-03-13,2011-03-13T16:00:00.000000-0400,153,s:40~l:54~t:153,north-carolina-tar-heels,North Carolina,Tar Heels,UNC,North Carolina Tar Heels,North Carolina,7bafd4,13294b,https://a.espncdn.com/i/teamlogos/ncaa/500/153.png,home,98,true,23,11,24,48.1,38,79,0,9,71.4,15,21,48,23,23,20,0,35.0,7,20,54,0,0,0,338,s:40~l:54~t:338,kennesaw-state-owls,Kennesaw State,Owls,KENN,Kennesaw State Owls,Kennesaw St,000000,fdbb30,https://a.espncdn.com/i/teamlogos/ncaa/500/338.png,52
310722598,2011,2,2011-03-13,2011-03-13T15:00:00.000000-0400,2405,s:40~l:54~t:2405,monmouth-hawks,Monmouth,Hawks,MONM,Monmouth Hawks,Monmouth,051844,,https://a.espncdn.com/i/teamlogos/ncaa/500/2405.png,away,57,false,9,2,22,43.6,24,55,0,16,45.5,5,11,2,8,4,16,0,26.7,4,15,32,0,0,0,2598,s:40~l:54~t:2598,st-francis-pa-red-flash,St. Francis (PA),Red Flash,SFPA,St. Francis (PA) Red Flash,St Francis PA,a20012,,https://a.espncdn.com/i/teamlogos/ncaa/500/2598.png,72
310722598,2011,2,2011-03-13,2011-03-13T15:00:00.000000-0400,2598,s:40~l:54~t:2598,st-francis-pa-red-flash,St. Francis (PA),Red Flash,SFPA,St. Francis (PA) Red Flash,St Francis PA,a20012,,https://a.espncdn.com/i/teamlogos/ncaa/500/2598.png,home,72,true,17,1,23,44.6,29,65,0,10,53.3,8,15,19,14,8,8,0,50.0,6,12,41,0,0,0,2405,s:40~l:54~t:2405,monmouth-hawks,Monmouth,Hawks,MONM,Monmouth Hawks,Monmouth,051844,,https://a.espncdn.com/i/teamlogos/ncaa/500/2405.png,57
310722460,2011,2,2011-03-13,2011-03-13T15:05:00.000000-0400,2623,s:40~l:54~t:2623,missouri-state-lady-bears,Missouri State,Lady Bears,MOST,Missouri State Lady Bears,Missouri St,5F0000,e8e8e8,https://a.espncdn.com/i/teamlogos/ncaa/500/2623.png,away,41,false,7,4,20,28.8,17,59,0,12,35.3,6,17,2,17,5,15,0,10.0,1,10,38,0,0,0,2460,s:40~l:54~t:2460,northern-iowa-panthers,Northern Iowa,Panthers,UNI,Northern Iowa Panthers,Northern Iowa,473282,ffffff,https://a.espncdn.com/i/teamlogos/ncaa/500/2460.png,69
310722460,2011,2,2011-03-13,2011-03-13T15:05:00.000000-0400,2460,s:40~l:54~t:2460,northern-iowa-panthers,Northern Iowa,Panthers,UNI,Northern Iowa Panthers,Northern Iowa,473282,ffffff,https://a.espncdn.com/i/teamlogos/ncaa/500/2460.png,home,69,true,15,2,29,43.9,25,57,0,19,83.3,10,12,35,10,7,12,0,30.0,9,30,41,0,0,0,2623,s:40~l:54~t:2623,missouri-state-lady-bears,Missouri State,Lady Bears,MOST,Missouri State Lady Bears,Missouri St,5F0000,e8e8e8,https://a.espncdn.com/i/teamlogos/ncaa/500/2623.png,41
310710024,2011,2,2011-03-12,2011-03-12T14:30:00.000000-0500,26,s:40~l:54~t:26,ucla-bruins,UCLA,Bruins,UCLA,UCLA Bruins,UCLA,2774ae,f2a900,https://a.espncdn.com/i/teamlogos/ncaa/500/26.png,away,55,false,9,2,14,43.4,23,53,0,11,63.6,7,11,11,8,8,16,0,28.6,2,7,27,0,0,0,24,s:40~l:54~t:24,stanford-cardinal,Stanford,Cardinal,STAN,Stanford Cardinal,Stanford,8c1515,ffffff,https://a.espncdn.com/i/teamlogos/ncaa/500/24.png,64
310710024,2011,2,2011-03-12,2011-03-12T14:30:00.000000-0500,24,s:40~l:54~t:24,stanford-cardinal,Stanford,Cardinal,STAN,Stanford Cardinal,Stanford,8c1515,ffffff,https://a.espncdn.com/i/teamlogos/ncaa/500/24.png,home,64,true,12,1,18,44.0,22,50,0,14,86.7,13,15,9,9,11,16,0,26.9,7,26,31,0,0,0,26,s:40~l:54~t:26,ucla-bruins,UCLA,Bruins,UCLA,UCLA Bruins,UCLA,2774ae,f2a900,https://a.espncdn.com/i/teamlogos/ncaa/500/26.png,55
310710239,2011,2,2011-03-12,2011-03-12T12:00:00.000000-0500,245,s:40~l:54~t:245,texas-am-aggies,Texas A&M,Aggies,TA&M,Texas A&M Aggies,Texas A&M,5C0025,ffffff,https://a.espncdn.com/i/teamlogos/ncaa/500/245.png,away,58,false,9,2,15,29.2,21,72,0,19,75.0,15,20,12,17,9,8,0,7.1,1,14,36,0,0,0,239,s:40~l:54~t:239,baylor-bears,Baylor,Bears,BAY,Baylor Bears,Baylor,154734,ffb81c,https://a.espncdn.com/i/teamlogos/ncaa/500/239.png,61
310710239,2011,2,2011-03-12,2011-03-12T12:00:00.000000-0500,239,s:40~l:54~t:239,baylor-bears,Baylor,Bears,BAY,Baylor Bears,Baylor,154734,ffb81c,https://a.espncdn.com/i/teamlogos/ncaa/500/239.png,home,61,true,11,11,30,45.3,24,53,0,18,70.6,12,17,6,14,4,22,0,25.0,1,4,50,0,0,0,245,s:40~l:54~t:245,texas-am-aggies,Texas A&M,Aggies,TA&M,Texas A&M Aggies,Texas A&M,5C0025,ffffff,https://a.espncdn.com/i/teamlogos/ncaa/500/245.png,58
310710189,2011,2,2011-03-12,2011-03-12T13:00:00.000000-0500,2199,s:40~l:54~t:2199,eastern-michigan-eagles,Eastern Michigan,Eagles,EMU,Eastern Michigan Eagles,E Michigan,00331b,f0f0f0,https://a.espncdn.com/i/teamlogos/ncaa/500/2199.png,away,46,false,10,4,30,24.6,16,65,0,17,71.4,10,14,1,16,5,12,0,21.1,4,19,52,0,0,0,189,s:40~l:54~t:189,bowling-green-falcons,Bowling Green,Falcons,BGSU,Bowling Green Falcons,Bowling Green,2b1000,492000,https://a.espncdn.com/i/teamlogos/ncaa/500/189.png,51
310710189,2011,2,2011-03-12,2011-03-12T13:00:00.000000-0500,189,s:40~l:54~t:189,bowling-green-falcons,Bowling Green,Falcons,BGSU,Bowling Green Falcons,Bowling Green,2b1000,492000,https://a.espncdn.com/i/teamlogos/ncaa/500/189.png,home,51,true,6,8,27,24.1,13,54,0,16,86.4,19,22,9,10,7,9,0,27.3,6,22,41,0,0,0,2199,s:40~l:54~t:2199,eastern-michigan-eagles,Eastern Michigan,Eagles,EMU,Eastern Michigan Eagles,E Michigan,00331b,f0f0f0,https://a.espncdn.com/i/teamlogos/ncaa/500/2199.png,46
310712628,2011,2,2011-03-12,2011-03-12T16:00:00.000000-0500,254,s:40~l:54~t:254,utah-utes,Utah,Utes,UTAH,Utah Utes,Utah,890012,7e8083,https://a.espncdn.com/i/teamlogos/ncaa/500/254.png,away,52,true,12,6,24,33.9,20,59,0,11,87.5,7,8,14,9,6,9,0,26.3,5,19,38,0,0,0,2628,s:40~l:54~t:2628,tcu-horned-frogs,TCU,Horned Frogs,TCU,TCU Horned Frogs,TCU,4d1979,f1f2f3,https://a.espncdn.com/i/teamlogos/ncaa/500/2628.png,47
310712628,2011,2,2011-03-12,2011-03-12T16:00:00.000000-0500,2628,s:40~l:54~t:2628,tcu-horned-frogs,TCU,Horned Frogs,TCU,TCU Horned Frogs,TCU,4d1979,f1f2f3,https://a.espncdn.com/i/teamlogos/ncaa/500/2628.png,home,47,false,13,2,22,36.7,18,49,0,10,75.0,6,8,3,3,7,13,0,27.8,5,18,29,0,0,0,254,s:40~l:54~t:254,utah-utes,Utah,Utes,UTAH,Utah Utes,Utah,890012,7e8083,https://a.espncdn.com/i/teamlogos/ncaa/500/254.png,52
310712348,2011,2,2011-03-12,2011-03-12T16:00:00.000000-0500,278,s:40~l:54~t:278,fresno-state-bulldogs,Fresno State,Bulldogs,FRES,Fresno State Bulldogs,Fresno St,c41230,231f20,https://a.espncdn.com/i/teamlogos/ncaa/500/278.png,away,78,true,13,1,21,49.1,28,57,0,16,88.2,15,17,11,8,9,16,0,35.0,7,20,31,0,0,0,2348,s:40~l:54~t:2348,louisiana-tech-lady-techsters,Louisiana Tech,Lady Techsters,LT,Louisiana Tech Lady Techsters,Louisiana Tech,002d65,d3313a,https://a.espncdn.com/i/teamlogos/ncaa/500/2348.png,76
310712348,2011,2,2011-03-12,2011-03-12T16:00:00.000000-0500,2348,s:40~l:54~t:2348,louisiana-tech-lady-techsters,Louisiana Tech,Lady Techsters,LT,Louisiana Tech Lady Techsters,Louisiana Tech,002d65,d3313a,https://a.espncdn.com/i/teamlogos/ncaa/500/2348.png,home,76,false,11,1,17,51.7,30,58,0,16,64.7,11,17,6,10,9,14,0,38.5,5,13,30,0,0,0,278,s:40~l:54~t:278,fresno-state-bulldogs,Fresno State,Bulldogs,FRES,Fresno State Bulldogs,Fresno St,c41230,231f20,https://a.espncdn.com/i/teamlogos/ncaa/500/278.png,78
310710013,2011,2,2011-03-12,2011-03-12T16:00:00.000000-0500,302,s:40~l:54~t:302,uc-davis-aggies,UC Davis,Aggies,UCD,UC Davis Aggies,UC Davis,002855,c3c4c6,https://a.espncdn.com/i/teamlogos/ncaa/500/302.png,away,66,true,13,2,23,45.2,19,42,0,16,88.5,23,26,19,4,7,19,0,38.5,5,13,29,0,0,0,13,s:40~l:54~t:13,cal-poly-mustangs,Cal Poly,Mustangs,CP,Cal Poly Mustangs,Cal Poly,1E4D2B,eed897,https://a.espncdn.com/i/teamlogos/ncaa/500/13.png,49
310710013,2011,2,2011-03-12,2011-03-12T16:00:00.000000-0500,13,s:40~l:54~t:13,cal-poly-mustangs,Cal Poly,Mustangs,CP,Cal Poly Mustangs,Cal Poly,1E4D2B,eed897,https://a.espncdn.com/i/teamlogos/ncaa/500/13.png,home,49,false,12,0,17,32.1,17,53,0,22,72.7,8,11,0,12,8,23,0,36.8,7,19,32,0,0,0,302,s:40~l:54~t:302,uc-davis-aggies,UC Davis,Aggies,UCD,UC Davis Aggies,UC Davis,002855,c3c4c6,https://a.espncdn.com/i/teamlogos/ncaa/500/302.png,66
310712502,2011,2,2011-03-12,2011-03-12T17:00:00.000000-0500,149,s:40~l:54~t:149,montana-lady-griz,Montana,Lady Griz,MONT,Montana Lady Griz,Montana,751D4A,666666,https://a.espncdn.com/i/teamlogos/ncaa/500/149.png,away,62,true,10,1,19,37.5,21,56,0,14,75.0,15,20,8,7,9,11,0,45.5,5,11,37,0,0,0,2502,s:40~l:54~t:2502,portland-state-vikings,Portland State,Vikings,PRST,Portland State Vikings,Portland St,00311e,ebebeb,https://a.espncdn.com/i/teamlogos/ncaa/500/2502.png,58
310712502,2011,2,2011-03-12,2011-03-12T17:00:00.000000-0500,2502,s:40~l:54~t:2502,portland-state-vikings,Portland State,Vikings,PRST,Portland State Vikings,Portland St,00311e,ebebeb,https://a.espncdn.com/i/teamlogos/ncaa/500/2502.png,home,58,false,12,2,18,38.2,21,55,0,18,78.6,11,14,6,10,4,13,0,18.5,5,27,35,0,0,0,149,s:40~l:54~t:149,montana-lady-griz,Montana,Lady Griz,MONT,Montana Lady Griz,Montana,751D4A,666666,https://a.espncdn.com/i/teamlogos/ncaa/500/149.png,62
310712582,2011,2,2011-03-12,2011-03-12T18:00:00.000000-0500,2504,s:40~l:54~t:2504,prairie-view-am-lady-panthers,Prairie View A&M,Lady Panthers,PV,Prairie View A&M Lady Panthers,Prairie View,4d0960,,https://a.espncdn.com/i/teamlogos/ncaa/500/2504.png,away,48,true,8,1,24,33.3,15,45,0,13,70.8,17,24,5,9,9,13,0,16.7,1,6,34,0,0,0,2582,s:40~l:54~t:2582,southern-jaguars,Southern,Jaguars,SOU,Southern Jaguars,Southern,004B97,ffc82d,https://a.espncdn.com/i/teamlogos/ncaa/500/2582.png,44
310712582,2011,2,2011-03-12,2011-03-12T18:00:00.000000-0500,2582,s:40~l:54~t:2582,southern-jaguars,Southern,Jaguars,SOU,Southern Jaguars,Southern,004B97,ffc82d,https://a.espncdn.com/i/teamlogos/ncaa/500/2582.png,home,44,false,15,3,22,38.0,19,50,0,21,30.0,3,10,8,10,8,15,0,33.3,3,9,32,0,0,0,2504,s:40~l:54~t:2504,prairie-view-am-lady-panthers,Prairie View A&M,Lady Panthers,PV,Prairie View A&M Lady Panthers,Prairie View,4d0960,,https://a.espncdn.com/i/teamlogos/ncaa/500/2504.png,48
310712426,2011,2,2011-03-12,2011-03-12T18:00:00.000000-0500,44,s:40~l:54~t:44,american-university-eagles,American University,Eagles,AMER,American University Eagles,American,c41130,c8102e,https://a.espncdn.com/i/teamlogos/ncaa/500/44.png,away,40,false,10,3,15,32.7,16,49,0,16,25.0,1,4,12,7,10,11,0,33.3,7,21,26,0,0,0,2426,s:40~l:54~t:2426,navy-midshipmen,Navy,Midshipmen,NAVY,Navy Midshipmen,Navy,131630,b6a77c,https://a.espncdn.com/i/teamlogos/ncaa/500/2426.png,47
310712426,2011,2,2011-03-12,2011-03-12T18:00:00.000000-0500,2426,s:40~l:54~t:2426,navy-midshipmen,Navy,Midshipmen,NAVY,Navy Midshipmen,Navy,131630,b6a77c,https://a.espncdn.com/i/teamlogos/ncaa/500/2426.png,home,47,true,11,4,26,40.5,17,42,0,6,63.6,7,11,8,9,4,15,0,35.3,6,17,37,0,0,0,44,s:40~l:54~t:44,american-university-eagles,American University,Eagles,AMER,American University Eagles,American,c41130,c8102e,https://a.espncdn.com/i/teamlogos/ncaa/500/44.png,40
310710104,2011,2,2011-03-12,2011-03-12T19:00:00.000000-0500,42,s:40~l:54~t:42,hartford-hawks,Hartford,Hawks,HART,Hartford Hawks,Hartford,d60008,000000,https://a.espncdn.com/i/teamlogos/ncaa/500/42.png,away,65,true,13,2,24,42.6,20,47,0,12,79.2,19,24,14,8,7,14,0,40.0,6,15,37,0,0,0,104,s:40~l:54~t:104,boston-university-terriers,Boston University,Terriers,BU,Boston University Terriers,Boston Univ,cc0000,ffffff,https://a.espncdn.com/i/teamlogos/ncaa/500/104.png,53
310710104,2011,2,2011-03-12,2011-03-12T19:00:00.000000-0500,104,s:40~l:54~t:104,boston-university-terriers,Boston University,Terriers,BU,Boston University Terriers,Boston Univ,cc0000,ffffff,https://a.espncdn.com/i/teamlogos/ncaa/500/104.png,home,53,false,8,2,18,34.4,22,64,0,18,55.6,5,9,4,15,9,12,0,23.5,4,17,37,0,0,0,42,s:40~l:54~t:42,hartford-hawks,Hartford,Hawks,HART,Hartford Hawks,Hartford,d60008,000000,https://a.espncdn.com/i/teamlogos/ncaa/500/42.png,65
310712116,2011,2,2011-03-12,2011-03-12T20:00:00.000000-0500,2655,s:40~l:54~t:2655,tulane-green-wave,Tulane,Green Wave,TULN,Tulane Green Wave,Tulane,005837,3baf29,https://a.espncdn.com/i/teamlogos/ncaa/500/2655.png,away,73,false,10,2,22,46.6,27,58,0,21,87.5,14,16,2,6,5,21,0,35.7,5,14,32,0,0,0,2116,s:40~l:54~t:2116,ucf-knights,UCF,Knights,UCF,UCF Knights,UCF,000000,231f20,https://a.espncdn.com/i/teamlogos/ncaa/500/2116.png,85
310712116,2011,2,2011-03-12,2011-03-12T20:00:00.000000-0500,2116,s:40~l:54~t:2116,ucf-knights,UCF,Knights,UCF,UCF Knights,UCF,000000,231f20,https://a.espncdn.com/i/teamlogos/ncaa/500/2116.png,home,85,true,10,2,22,43.7,31,71,0,17,68.0,17,25,12,19,11,12,0,31.6,6,19,45,0,0,0,2655,s:40~l:54~t:2655,tulane-green-wave,Tulane,Green Wave,TULN,Tulane Green Wave,Tulane,005837,3baf29,https://a.espncdn.com/i/teamlogos/ncaa/500/2655.png,73
310700024,2011,2,2011-03-11,2011-03-11T15:00:00.000000-0500,12,s:40~l:54~t:12,arizona-wildcats,Arizona,Wildcats,ARIZ,Arizona Wildcats,Arizona,0c234b,ab0520,https://a.espncdn.com/i/teamlogos/ncaa/500/12.png,away,71,false,10,1,18,39.3,24,61,0,13,77.8,14,18,0,8,6,19,0,47.4,9,19,29,0,0,0,24,s:40~l:54~t:24,stanford-cardinal,Stanford,Cardinal,STAN,Stanford Cardinal,Stanford,8c1515,ffffff,https://a.espncdn.com/i/teamlogos/ncaa/500/24.png,100
310700024,2011,2,2011-03-11,2011-03-11T15:00:00.000000-0500,24,s:40~l:54~t:24,stanford-cardinal,Stanford,Cardinal,STAN,Stanford Cardinal,Stanford,8c1515,ffffff,https://a.espncdn.com/i/teamlogos/ncaa/500/24.png,home,100,true,30,3,27,58.7,44,75,0,17,66.7,8,12,38,12,9,10,0,30.8,4,13,41,0,0,0,12,s:40~l:54~t:12,arizona-wildcats,Arizona,Wildcats,ARIZ,Arizona Wildcats,Arizona,0c234b,ab0520,https://a.espncdn.com/i/teamlogos/ncaa/500/12.png,71
310700239,2011,2,2011-03-11,2011-03-11T13:00:00.000000-0500,2306,s:40~l:54~t:2306,kansas-state-wildcats,Kansas State,Wildcats,KSU,Kansas State Wildcats,Kansas St,633194,e7d2ad,https://a.espncdn.com/i/teamlogos/ncaa/500/2306.png,away,53,false,12,1,13,35.1,20,57,0,16,50.0,2,4,0,5,4,12,0,44.0,11,25,24,0,0,0,239,s:40~l:54~t:239,baylor-bears,Baylor,Bears,BAY,Baylor Bears,Baylor,154734,ffb81c,https://a.espncdn.com/i/teamlogos/ncaa/500/239.png,86
310700239,2011,2,2011-03-11,2011-03-11T13:00:00.000000-0500,239,s:40~l:54~t:239,baylor-bears,Baylor,Bears,BAY,Baylor Bears,Baylor,154734,ffb81c,https://a.espncdn.com/i/teamlogos/ncaa/500/239.png,home,86,true,23,5,28,49.2,32,65,0,5,65.2,15,23,38,21,7,11,0,70.0,7,10,52,0,0,0,2306,s:40~l:54~t:2306,kansas-state-wildcats,Kansas State,Wildcats,KSU,Kansas State Wildcats,Kansas St,633194,e7d2ad,https://a.espncdn.com/i/teamlogos/ncaa/500/2306.png,53
310700026,2011,2,2011-03-11,2011-03-11T17:30:00.000000-0500,25,s:40~l:54~t:25,california-golden-bears,California,Golden Bears,CAL,California Golden Bears,California,031522,ffc423,https://a.espncdn.com/i/teamlogos/ncaa/500/25.png,away,50,false,9,1,20,34.0,18,53,0,12,73.3,11,15,0,10,4,18,0,15.8,3,19,32,0,0,0,26,s:40~l:54~t:26,ucla-bruins,UCLA,Bruins,UCLA,UCLA Bruins,UCLA,2774ae,f2a900,https://a.espncdn.com/i/teamlogos/ncaa/500/26.png,63
310700026,2011,2,2011-03-11,2011-03-11T17:30:00.000000-0500,26,s:40~l:54~t:26,ucla-bruins,UCLA,Bruins,UCLA,UCLA Bruins,UCLA,2774ae,f2a900,https://a.espncdn.com/i/teamlogos/ncaa/500/26.png,home,63,true,16,1,24,44.6,25,56,0,12,63.2,12,19,23,13,14,14,0,12.5,1,8,40,0,0,0,25,s:40~l:54~t:25,california-golden-bears,California,Golden Bears,CAL,California Golden Bears,California,031522,ffc423,https://a.espncdn.com/i/teamlogos/ncaa/500/25.png,50
310700245,2011,2,2011-03-11,2011-03-11T15:30:00.000000-0500,201,s:40~l:54~t:201,oklahoma-sooners,Oklahoma,Sooners,OU,Oklahoma Sooners,Oklahoma,9d2235,ffffff,https://a.espncdn.com/i/teamlogos/ncaa/500/201.png,away,68,false,15,3,22,44.1,26,59,0,22,80.0,12,15,5,9,4,19,0,21.1,4,19,36,0,0,0,245,s:40~l:54~t:245,texas-am-aggies,Texas A&M,Aggies,TA&M,Texas A&M Aggies,Texas A&M,5C0025,ffffff,https://a.espncdn.com/i/teamlogos/ncaa/500/245.png,81
310700245,2011,2,2011-03-11,2011-03-11T15:30:00.000000-0500,245,s:40~l:54~t:245,texas-am-aggies,Texas A&M,Aggies,TA&M,Texas A&M Aggies,Texas A&M,5C0025,ffffff,https://a.espncdn.com/i/teamlogos/ncaa/500/245.png,home,81,true,16,5,23,43.9,29,66,0,19,64.0,16,25,16,18,13,16,0,38.9,7,18,44,0,0,0,201,s:40~l:54~t:201,oklahoma-sooners,Oklahoma,Sooners,OU,Oklahoma Sooners,Oklahoma,9d2235,ffffff,https://a.espncdn.com/i/teamlogos/ncaa/500/201.png,68
310702739,2011,2,2011-03-11,2011-03-11T21:00:00.000000-0500,2750,s:40~l:54~t:2750,wright-state-raiders,Wright State,Raiders,WRST,Wright State Raiders,Wright St,cba052,cba052,https://a.espncdn.com/i/teamlogos/ncaa/500/2750.png,away,65,false,7,1,22,37.7,20,53,0,18,71.9,23,32,0,8,5,19,1,15.4,2,13,37,1,0,0,2739,s:40~l:54~t:2739,green-bay-phoenix,Green Bay,Phoenix,GB,Green Bay Phoenix,Green Bay,006633,ffffff,https://a.espncdn.com/i/teamlogos/ncaa/500/2739.png,95
310702739,2011,2,2011-03-11,2011-03-11T21:00:00.000000-0500,2739,s:40~l:54~t:2739,green-bay-phoenix,Green Bay,Phoenix,GB,Green Bay Phoenix,Green Bay,006633,ffffff,https://a.espncdn.com/i/teamlogos/ncaa/500/2739.png,home,95,true,26,2,24,45.6,31,68,0,24,80.8,21,26,30,11,12,9,0,37.5,12,32,40,0,0,0,2750,s:40~l:54~t:2750,wright-state-raiders,Wright State,Raiders,WRST,Wright State Raiders,Wright St,cba052,cba052,https://a.espncdn.com/i/teamlogos/ncaa/500/2750.png,65
310700248,2011,2,2011-03-11,2011-03-11T13:30:00.000000-0500,2655,s:40~l:54~t:2655,tulane-green-wave,Tulane,Green Wave,TULN,Tulane Green Wave,Tulane,005837,3baf29,https://a.espncdn.com/i/teamlogos/ncaa/500/2655.png,away,70,true,9,4,34,36.6,26,71,0,12,57.1,16,28,11,22,8,15,0,16.7,2,12,58,0,0,0,248,s:40~l:54~t:248,houston-cougars,Houston,Cougars,HOU,Houston Cougars,Houston,c92a39,ffffff,https://a.espncdn.com/i/teamlogos/ncaa/500/248.png,60
310700248,2011,2,2011-03-11,2011-03-11T13:30:00.000000-0500,248,s:40~l:54~t:248,houston-cougars,Houston,Cougars,HOU,Houston Cougars,Houston,c92a39,ffffff,https://a.espncdn.com/i/teamlogos/ncaa/500/248.png,home,60,false,10,4,23,34.8,24,69,0,22,46.7,7,15,0,13,6,14,0,29.4,5,17,40,0,0,0,2655,s:40~l:54~t:2655,tulane-green-wave,Tulane,Green Wave,TULN,Tulane Green Wave,Tulane,005837,3baf29,https://a.espncdn.com/i/teamlogos/ncaa/500/2655.png,70
310702377,2011,2,2011-03-11,2011-03-11T20:00:00.000000-0500,2110,s:40~l:54~t:2110,central-arkansas-bears,Central Arkansas,Bears,CARK,Central Arkansas Bears,C Arkansas,a7a9ac,8e959a,https://a.espncdn.com/i/teamlogos/ncaa/500/2110.png,away,50,false,10,1,16,41.3,19,46,0,20,57.1,8,14,2,4,5,14,0,30.8,4,13,24,0,0,0,2377,s:40~l:54~t:2377,mcneese-cowgirls,McNeese,Cowgirls,MCN,McNeese Cowgirls,McNeese,00529C,,https://a.espncdn.com/i/teamlogos/ncaa/500/2377.png,71
310702377,2011,2,2011-03-11,2011-03-11T20:00:00.000000-0500,2377,s:40~l:54~t:2377,mcneese-cowgirls,McNeese,Cowgirls,MCN,McNeese Cowgirls,McNeese,00529C,,https://a.espncdn.com/i/teamlogos/ncaa/500/2377.png,home,71,true,9,1,24,54.7,29,53,0,17,69.2,9,13,25,10,4,10,0,36.4,4,11,34,0,0,0,2110,s:40~l:54~t:2110,central-arkansas-bears,Central Arkansas,Bears,CARK,Central Arkansas Bears,C Arkansas,a7a9ac,8e959a,https://a.espncdn.com/i/teamlogos/ncaa/500/2110.png,50
310690248,2011,2,2011-03-10,2011-03-10T21:30:00.000000-0500,2638,s:40~l:54~t:2638,utep-miners,UTEP,Miners,UTEP,UTEP Miners,UTEP,ff8200,041e42,https://a.espncdn.com/i/teamlogos/ncaa/500/2638.png,away,64,false,8,3,28,38.6,22,57,0,28,61.5,16,26,4,11,4,15,1,26.7,4,15,42,1,0,0,248,s:40~l:54~t:248,houston-cougars,Houston,Cougars,HOU,Houston Cougars,Houston,c92a39,ffffff,https://a.espncdn.com/i/teamlogos/ncaa/500/248.png,68
310690248,2011,2,2011-03-10,2011-03-10T21:30:00.000000-0500,248,s:40~l:54~t:248,houston-cougars,Houston,Cougars,HOU,Houston Cougars,Houston,c92a39,ffffff,https://a.espncdn.com/i/teamlogos/ncaa/500/248.png,home,68,true,10,2,23,35.7,20,56,0,24,78.8,26,33,4,13,5,16,0,13.3,2,15,41,0,0,0,2638,s:40~l:54~t:2638,utep-miners,UTEP,Miners,UTEP,UTEP Miners,UTEP,ff8200,041e42,https://a.espncdn.com/i/teamlogos/ncaa/500/2638.png,64
310690009,2011,2,2011-03-10,2011-03-10T18:00:00.000000-0500,25,s:40~l:54~t:25,california-golden-bears,California,Golden Bears,CAL,California Golden Bears,California,031522,ffc423,https://a.espncdn.com/i/teamlogos/ncaa/500/25.png,away,48,true,3,2,16,40.0,20,50,0,10,57.1,8,14,8,7,13,13,1,0.0,0,1,32,1,0,0,9,s:40~l:54~t:9,arizona-state-sun-devils,Arizona State,Sun Devils,ASU,Arizona State Sun Devils,Arizona State,942139,f1f2f3,https://a.espncdn.com/i/teamlogos/ncaa/500/9.png,43
310690009,2011,2,2011-03-10,2011-03-10T18:00:00.000000-0500,9,s:40~l:54~t:9,arizona-state-sun-devils,Arizona State,Sun Devils,ASU,Arizona State Sun Devils,Arizona State,942139,f1f2f3,https://a.espncdn.com/i/teamlogos/ncaa/500/9.png,home,43,false,11,2,16,36.2,17,47,0,16,87.5,7,8,5,7,9,22,1,20.0,2,10,31,1,0,0,25,s:40~l:54~t:25,california-golden-bears,California,Golden Bears,CAL,California Golden Bears,California,031522,ffc423,https://a.espncdn.com/i/teamlogos/ncaa/500/25.png,48
310690012,2011,2,2011-03-10,2011-03-10T20:15:00.000000-0500,30,s:40~l:54~t:30,usc-trojans,USC,Trojans,USC,USC Trojans,USC,9e2237,ffcc00,https://a.espncdn.com/i/teamlogos/ncaa/500/30.png,away,61,false,12,6,23,30.8,24,78,0,19,66.7,10,15,4,20,9,15,0,25.0,3,12,46,0,0,0,12,s:40~l:54~t:12,arizona-wildcats,Arizona,Wildcats,ARIZ,Arizona Wildcats,Arizona,0c234b,ab0520,https://a.espncdn.com/i/teamlogos/ncaa/500/12.png,72
310690012,2011,2,2011-03-10,2011-03-10T20:15:00.000000-0500,12,s:40~l:54~t:12,arizona-wildcats,Arizona,Wildcats,ARIZ,Arizona Wildcats,Arizona,0c234b,ab0520,https://a.espncdn.com/i/teamlogos/ncaa/500/12.png,home,72,true,13,4,27,49.1,26,53,0,13,65.0,13,20,19,4,8,16,0,53.8,7,13,36,0,0,0,30,s:40~l:54~t:30,usc-trojans,USC,Trojans,USC,USC Trojans,USC,9e2237,ffcc00,https://a.espncdn.com/i/teamlogos/ncaa/500/30.png,61
310680239,2011,2,2011-03-09,2011-03-09T12:00:00.000000-0500,2305,s:40~l:54~t:2305,kansas-jayhawks,Kansas,Jayhawks,KU,Kansas Jayhawks,Kansas,0051ba,e8000d,https://a.espncdn.com/i/teamlogos/ncaa/500/2305.png,away,51,false,15,4,14,36.2,21,58,0,12,100.0,2,2,2,7,8,13,0,46.7,7,15,24,0,0,0,239,s:40~l:54~t:239,baylor-bears,Baylor,Bears,BAY,Baylor Bears,Baylor,154734,ffb81c,https://a.espncdn.com/i/teamlogos/ncaa/500/239.png,86
310680239,2011,2,2011-03-09,2011-03-09T12:00:00.000000-0500,239,s:40~l:54~t:239,baylor-bears,Baylor,Bears,BAY,Baylor Bears,Baylor,154734,ffb81c,https://a.espncdn.com/i/teamlogos/ncaa/500/239.png,home,86,true,21,8,27,56.3,36,64,0,4,81.8,9,11,39,14,10,12,0,45.5,5,11,43,0,0,0,2305,s:40~l:54~t:2305,kansas-jayhawks,Kansas,Jayhawks,KU,Kansas Jayhawks,Kansas,0051ba,e8000d,https://a.espncdn.com/i/teamlogos/ncaa/500/2305.png,51
310680245,2011,2,2011-03-09,2011-03-09T18:00:00.000000-0500,251,s:40~l:54~t:251,texas-longhorns,Texas,Longhorns,TEX,Texas Longhorns,Texas,c15d26,ffffff,https://a.espncdn.com/i/teamlogos/ncaa/500/251.png,away,50,false,10,9,21,32.0,16,50,0,20,65.2,15,23,0,10,8,30,0,15.8,3,19,36,0,0,0,245,s:40~l:54~t:245,texas-am-aggies,Texas A&M,Aggies,TA&M,Texas A&M Aggies,Texas A&M,5C0025,ffffff,https://a.espncdn.com/i/teamlogos/ncaa/500/245.png,77
310680245,2011,2,2011-03-09,2011-03-09T18:00:00.000000-0500,245,s:40~l:54~t:245,texas-am-aggies,Texas A&M,Aggies,TA&M,Texas A&M Aggies,Texas A&M,5C0025,ffffff,https://a.espncdn.com/i/teamlogos/ncaa/500/245.png,home,77,true,17,1,21,54.2,32,59,0,20,52.6,10,19,27,10,15,20,0,37.5,3,8,35,0,0,0,251,s:40~l:54~t:251,texas-longhorns,Texas,Longhorns,TEX,Texas Longhorns,Texas,c15d26,ffffff,https://a.espncdn.com/i/teamlogos/ncaa/500/251.png,50
310682739,2011,2,2011-03-09,2011-03-09T20:00:00.000000-0500,2350,s:40~l:54~t:2350,loyola-chicago-ramblers,Loyola Chicago,Ramblers,LUC,Loyola Chicago Ramblers,Loyola Chicago,9d1244,,https://a.espncdn.com/i/teamlogos/ncaa/500/2350.png,away,41,false,5,10,25,31.9,15,47,0,19,69.2,9,13,0,4,7,26,1,13.3,2,15,33,1,0,0,2739,s:40~l:54~t:2739,green-bay-phoenix,Green Bay,Phoenix,GB,Green Bay Phoenix,Green Bay,006633,ffffff,https://a.espncdn.com/i/teamlogos/ncaa/500/2739.png,89
310682739,2011,2,2011-03-09,2011-03-09T20:00:00.000000-0500,2739,s:40~l:54~t:2739,green-bay-phoenix,Green Bay,Phoenix,GB,Green Bay Phoenix,Green Bay,006633,ffffff,https://a.espncdn.com/i/teamlogos/ncaa/500/2739.png,home,89,true,21,2,26,46.5,33,71,0,16,56.0,14,25,52,17,15,12,0,42.9,9,21,47,0,0,0,2350,s:40~l:54~t:2350,loyola-chicago-ramblers,Loyola Chicago,Ramblers,LUC,Loyola Chicago Ramblers,Loyola Chicago,9d1244,,https://a.espncdn.com/i/teamlogos/ncaa/500/2350.png,41
310680201,2011,2,2011-03-09,2011-03-09T20:30:00.000000-0500,2641,s:40~l:54~t:2641,texas-tech-lady-raiders,Texas Tech,Lady Raiders,TTU,Texas Tech Lady Raiders,Texas Tech,C80025,231f20,https://a.espncdn.com/i/teamlogos/ncaa/500/2641.png,away,69,false,13,5,24,39.1,27,69,0,22,78.6,11,14,2,18,11,19,0,28.6,4,14,44,0,0,0,201,s:40~l:54~t:201,oklahoma-sooners,Oklahoma,Sooners,OU,Oklahoma Sooners,Oklahoma,9d2235,ffffff,https://a.espncdn.com/i/teamlogos/ncaa/500/201.png,71
310680201,2011,2,2011-03-09,2011-03-09T20:30:00.000000-0500,201,s:40~l:54~t:201,oklahoma-sooners,Oklahoma,Sooners,OU,Oklahoma Sooners,Oklahoma,9d2235,ffffff,https://a.espncdn.com/i/teamlogos/ncaa/500/201.png,home,71,true,13,3,20,38.7,24,62,0,15,72.0,18,25,9,15,8,17,0,26.3,5,19,40,0,0,0,2641,s:40~l:54~t:2641,texas-tech-lady-raiders,Texas Tech,Lady Raiders,TTU,Texas Tech Lady Raiders,Texas Tech,C80025,231f20,https://a.espncdn.com/i/teamlogos/ncaa/500/2641.png,69
310682306,2011,2,2011-03-09,2011-03-09T14:30:00.000000-0500,66,s:40~l:54~t:66,iowa-state-cyclones,Iowa State,Cyclones,ISU,Iowa State Cyclones,Iowa State,822433,fdca2f,https://a.espncdn.com/i/teamlogos/ncaa/500/66.png,away,53,false,10,3,19,44.7,21,47,0,12,80.0,4,5,2,6,3,15,0,35.0,7,20,28,0,0,0,2306,s:40~l:54~t:2306,kansas-state-wildcats,Kansas State,Wildcats,KSU,Kansas State Wildcats,Kansas St,633194,e7d2ad,https://a.espncdn.com/i/teamlogos/ncaa/500/2306.png,56
310682306,2011,2,2011-03-09,2011-03-09T14:30:00.000000-0500,2306,s:40~l:54~t:2306,kansas-state-wildcats,Kansas State,Wildcats,KSU,Kansas State Wildcats,Kansas St,633194,e7d2ad,https://a.espncdn.com/i/teamlogos/ncaa/500/2306.png,home,56,true,14,2,20,48.1,25,52,0,13,75.0,3,4,13,3,6,9,0,17.6,3,17,26,0,0,0,66,s:40~l:54~t:66,iowa-state-cyclones,Iowa State,Cyclones,ISU,Iowa State Cyclones,Iowa State,822433,fdca2f,https://a.espncdn.com/i/teamlogos/ncaa/500/66.png,53
310680009,2011,2,2011-03-09,2011-03-09T15:00:00.000000-0500,204,s:40~l:54~t:204,oregon-state-beavers,Oregon State,Beavers,ORST,Oregon State Beavers,Oregon St,d73f09,000000,https://a.espncdn.com/i/teamlogos/ncaa/500/204.png,away,44,false,9,4,16,40.9,18,44,0,10,75.0,6,8,2,6,9,19,0,15.4,2,13,25,0,0,0,9,s:40~l:54~t:9,arizona-state-sun-devils,Arizona State,Sun Devils,ASU,Arizona State Sun Devils,Arizona State,942139,f1f2f3,https://a.espncdn.com/i/teamlogos/ncaa/500/9.png,50
310680009,2011,2,2011-03-09,2011-03-09T15:00:00.000000-0500,9,s:40~l:54~t:9,arizona-state-sun-devils,Arizona State,Sun Devils,ASU,Arizona State Sun Devils,Arizona State,942139,f1f2f3,https://a.espncdn.com/i/teamlogos/ncaa/500/9.png,home,50,true,14,1,16,35.8,19,53,0,12,100.0,7,7,15,12,11,18,1,26.3,5,19,35,1,0,0,204,s:40~l:54~t:204,oregon-state-beavers,Oregon State,Beavers,ORST,Oregon State Beavers,Oregon St,d73f09,000000,https://a.espncdn.com/i/teamlogos/ncaa/500/204.png,44
310680012,2011,2,2011-03-09,2011-03-09T17:15:00.000000-0500,2483,s:40~l:54~t:2483,oregon-ducks,Oregon,Ducks,ORE,Oregon Ducks,Oregon,044520,fee123,https://a.espncdn.com/i/teamlogos/ncaa/500/2483.png,away,89,false,12,5,33,43.4,36,83,0,19,57.1,8,14,6,17,4,21,0,34.6,9,26,54,0,0,0,12,s:40~l:54~t:12,arizona-wildcats,Arizona,Wildcats,ARIZ,Arizona Wildcats,Arizona,0c234b,ab0520,https://a.espncdn.com/i/teamlogos/ncaa/500/12.png,90
310680012,2011,2,2011-03-09,2011-03-09T17:15:00.000000-0500,12,s:40~l:54~t:12,arizona-wildcats,Arizona,Wildcats,ARIZ,Arizona Wildcats,Arizona,0c234b,ab0520,https://a.espncdn.com/i/teamlogos/ncaa/500/12.png,home,90,true,18,1,27,45.5,35,77,0,15,56.0,14,25,18,11,11,15,0,37.5,6,16,42,0,0,0,2483,s:40~l:54~t:2483,oregon-ducks,Oregon,Ducks,ORE,Oregon Ducks,Oregon,044520,fee123,https://a.espncdn.com/i/teamlogos/ncaa/500/2483.png,89
310680030,2011,2,2011-03-09,2011-03-09T20:00:00.000000-0500,265,s:40~l:54~t:265,washington-state-cougars,Washington State,Cougars,WSU,Washington State Cougars,Washington St,94022a,6a747c,https://a.espncdn.com/i/teamlogos/ncaa/500/265.png,away,66,false,13,2,18,34.8,23,66,0,20,69.2,9,13,3,12,9,15,0,34.4,11,32,33,0,0,0,30,s:40~l:54~t:30,usc-trojans,USC,Trojans,USC,USC Trojans,USC,9e2237,ffcc00,https://a.espncdn.com/i/teamlogos/ncaa/500/30.png,78
310680030,2011,2,2011-03-09,2011-03-09T20:00:00.000000-0500,30,s:40~l:54~t:30,usc-trojans,USC,Trojans,USC,USC Trojans,USC,9e2237,ffcc00,https://a.espncdn.com/i/teamlogos/ncaa/500/30.png,home,78,true,13,0,30,43.1,25,58,0,13,77.4,24,31,16,15,8,17,0,36.4,4,11,49,0,0,0,265,s:40~l:54~t:265,washington-state-cougars,Washington State,Cougars,WSU,Washington State Cougars,Washington St,94022a,6a747c,https://a.espncdn.com/i/teamlogos/ncaa/500/265.png,66
310680025,2011,2,2011-03-09,2011-03-09T22:15:00.000000-0500,264,s:40~l:54~t:264,washington-huskies,Washington,Huskies,WASH,Washington Huskies,Washington,33006f,e8d3a2,https://a.espncdn.com/i/teamlogos/ncaa/500/264.png,away,48,false,8,3,21,34.6,18,52,0,21,69.2,9,13,5,9,5,18,0,27.3,3,11,37,0,0,0,25,s:40~l:54~t:25,california-golden-bears,California,Golden Bears,CAL,California Golden Bears,California,031522,ffc423,https://a.espncdn.com/i/teamlogos/ncaa/500/25.png,58
310680025,2011,2,2011-03-09,2011-03-09T22:15:00.000000-0500,25,s:40~l:54~t:25,california-golden-bears,California,Golden Bears,CAL,California Golden Bears,California,031522,ffc423,https://a.espncdn.com/i/teamlogos/ncaa/500/25.png,home,58,true,7,6,24,38.3,23,60,0,15,39.3,11,28,12,19,11,15,0,7.7,1,13,47,0,0,0,264,s:40~l:54~t:264,washington-huskies,Washington,Huskies,WASH,Washington Huskies,Washington,33006f,e8d3a2,https://a.espncdn.com/i/teamlogos/ncaa/500/264.png,48
310670041,2011,2,2011-03-08,2011-03-08T19:00:00.000000-0500,87,s:40~l:54~t:87,notre-dame-fighting-irish,Notre Dame,Fighting Irish,ND,Notre Dame Fighting Irish,Notre Dame,0c2340,c99700,https://a.espncdn.com/i/teamlogos/ncaa/500/87.png,away,64,false,11,3,20,33.8,24,71,0,20,87.5,14,16,7,17,9,15,0,20.0,2,10,45,0,0,0,41,s:40~l:54~t:41,uconn-huskies,UConn,Huskies,CONN,UConn Huskies,UConn,0c2340,f1f2f3,https://a.espncdn.com/i/teamlogos/ncaa/500/41.png,73
310670041,2011,2,2011-03-08,2011-03-08T19:00:00.000000-0500,41,s:40~l:54~t:41,uconn-huskies,UConn,Huskies,CONN,UConn Huskies,UConn,0c2340,f1f2f3,https://a.espncdn.com/i/teamlogos/ncaa/500/41.png,home,73,true,14,5,24,45.9,28,61,0,16,73.7,14,19,12,8,8,14,0,25.0,3,12,38,0,0,0,87,s:40~l:54~t:87,notre-dame-fighting-irish,Notre Dame,Fighting Irish,ND,Notre Dame Fighting Irish,Notre Dame,0c2340,c99700,https://a.espncdn.com/i/teamlogos/ncaa/500/87.png,64
310672305,2011,2,2011-03-08,2011-03-08T12:00:00.000000-0500,38,s:40~l:54~t:38,colorado-buffaloes,Colorado,Buffaloes,COLO,Colorado Buffaloes,Colorado,000000,cfb87c,https://a.espncdn.com/i/teamlogos/ncaa/500/38.png,away,45,false,7,3,13,26.2,17,65,0,14,90.0,9,10,4,22,8,16,0,15.4,2,13,38,0,0,0,2305,s:40~l:54~t:2305,kansas-jayhawks,Kansas,Jayhawks,KU,Kansas Jayhawks,Kansas,0051ba,e8000d,https://a.espncdn.com/i/teamlogos/ncaa/500/2305.png,71
310672305,2011,2,2011-03-08,2011-03-08T12:00:00.000000-0500,2305,s:40~l:54~t:2305,kansas-jayhawks,Kansas,Jayhawks,KU,Kansas Jayhawks,Kansas,0051ba,e8000d,https://a.espncdn.com/i/teamlogos/ncaa/500/2305.png,home,71,true,17,5,23,50.0,26,52,0,12,86.7,13,15,26,9,7,13,0,54.5,6,11,37,0,0,0,38,s:40~l:54~t:38,colorado-buffaloes,Colorado,Buffaloes,COLO,Colorado Buffaloes,Colorado,000000,cfb87c,https://a.espncdn.com/i/teamlogos/ncaa/500/38.png,45
310672031,2011,2,2011-03-08,2011-03-08T14:00:00.000000-0500,98,s:40~l:54~t:98,western-kentucky-lady-toppers,Western Kentucky,Lady Toppers,WKU,Western Kentucky Lady Toppers,Western KY,F32026,b3b5b8,https://a.espncdn.com/i/teamlogos/ncaa/500/98.png,away,59,false,11,3,17,42.9,27,63,0,11,40.0,2,5,4,17,2,9,0,20.0,3,15,36,0,0,0,2031,s:40~l:54~t:2031,little-rock-trojans,Little Rock,Trojans,LR,Little Rock Trojans,Little Rock,AD0000,898d8f,https://a.espncdn.com/i/teamlogos/ncaa/500/2031.png,66
310672031,2011,2,2011-03-08,2011-03-08T14:00:00.000000-0500,2031,s:40~l:54~t:2031,little-rock-trojans,Little Rock,Trojans,LR,Little Rock Trojans,Little Rock,AD0000,898d8f,https://a.espncdn.com/i/teamlogos/ncaa/500/2031.png,home,66,true,18,1,17,51.0,25,49,0,13,83.3,10,12,7,5,4,9,0,54.5,6,11,27,0,0,0,98,s:40~l:54~t:98,western-kentucky-lady-toppers,Western Kentucky,Lady Toppers,WKU,Western Kentucky Lady Toppers,Western KY,F32026,b3b5b8,https://a.espncdn.com/i/teamlogos/ncaa/500/98.png,59
310670066,2011,2,2011-03-08,2011-03-08T14:30:00.000000-0500,158,s:40~l:54~t:158,nebraska-cornhuskers,Nebraska,Cornhuskers,NEB,Nebraska Cornhuskers,Nebraska,F20017,f5f1e7,https://a.espncdn.com/i/teamlogos/ncaa/500/158.png,away,61,false,16,7,25,41.1,23,56,0,15,66.7,6,9,3,5,5,12,0,31.0,9,29,32,0,0,0,66,s:40~l:54~t:66,iowa-state-cyclones,Iowa State,Cyclones,ISU,Iowa State Cyclones,Iowa State,822433,fdca2f,https://a.espncdn.com/i/teamlogos/ncaa/500/66.png,69
310670066,2011,2,2011-03-08,2011-03-08T14:30:00.000000-0500,66,s:40~l:54~t:66,iowa-state-cyclones,Iowa State,Cyclones,ISU,Iowa State Cyclones,Iowa State,822433,fdca2f,https://a.espncdn.com/i/teamlogos/ncaa/500/66.png,home,69,true,20,5,29,35.5,22,62,0,12,70.6,12,17,12,13,5,12,1,44.8,13,29,46,1,0,0,158,s:40~l:54~t:158,nebraska-cornhuskers,Nebraska,Cornhuskers,NEB,Nebraska Cornhuskers,Nebraska,F20017,f5f1e7,https://a.espncdn.com/i/teamlogos/ncaa/500/158.png,61
310672571,2011,2,2011-03-08,2011-03-08T16:00:00.000000-0500,2473,s:40~l:54~t:2473,oakland-golden-grizzlies,Oakland,Golden Grizzlies,OAK,Oakland Golden Grizzlies,Oakland,04091c,bc955c,https://a.espncdn.com/i/teamlogos/ncaa/500/2473.png,away,54,false,12,2,25,40.4,21,52,0,14,83.3,5,6,5,6,8,15,0,41.2,7,17,34,0,0,0,2571,s:40~l:54~t:2571,south-dakota-state-jackrabbits,South Dakota State,Jackrabbits,SDST,South Dakota State Jackrabbits,S Dakota St,0033a0,ffd100,https://a.espncdn.com/i/teamlogos/ncaa/500/2571.png,61
310672571,2011,2,2011-03-08,2011-03-08T16:00:00.000000-0500,2571,s:40~l:54~t:2571,south-dakota-state-jackrabbits,South Dakota State,Jackrabbits,SDST,South Dakota State Jackrabbits,S Dakota St,0033a0,ffd100,https://a.espncdn.com/i/teamlogos/ncaa/500/2571.png,home,61,true,20,2,23,45.3,24,53,0,10,61.5,8,13,10,7,8,9,0,31.3,5,16,31,0,0,0,2473,s:40~l:54~t:2473,oakland-golden-grizzlies,Oakland,Golden Grizzlies,OAK,Oakland Golden Grizzlies,Oakland,04091c,bc955c,https://a.espncdn.com/i/teamlogos/ncaa/500/2473.png,54
310670251,2011,2,2011-03-08,2011-03-08T18:00:00.000000-0500,142,s:40~l:54~t:142,missouri-tigers,Missouri,Tigers,MIZ,Missouri Tigers,Missouri,f1b82d,000000,https://a.espncdn.com/i/teamlogos/ncaa/500/142.png,away,66,false,19,2,19,45.0,27,60,0,18,55.6,5,9,0,7,6,10,0,33.3,7,21,29,0,0,0,251,s:40~l:54~t:251,texas-longhorns,Texas,Longhorns,TEX,Texas Longhorns,Texas,c15d26,ffffff,https://a.espncdn.com/i/teamlogos/ncaa/500/251.png,79
310670251,2011,2,2011-03-08,2011-03-08T18:00:00.000000-0500,251,s:40~l:54~t:251,texas-longhorns,Texas,Longhorns,TEX,Texas Longhorns,Texas,c15d26,ffffff,https://a.espncdn.com/i/teamlogos/ncaa/500/251.png,home,79,true,18,6,26,46.9,30,64,0,12,61.9,13,21,18,18,4,12,0,60.0,6,10,45,0,0,0,142,s:40~l:54~t:142,missouri-tigers,Missouri,Tigers,MIZ,Missouri Tigers,Missouri,f1b82d,000000,https://a.espncdn.com/i/teamlogos/ncaa/500/142.png,66
310672641,2011,2,2011-03-08,2011-03-08T20:30:00.000000-0500,197,s:40~l:54~t:197,oklahoma-state-cowgirls,Oklahoma State,Cowgirls,OKST,Oklahoma State Cowgirls,Oklahoma St,ff6500,000000,https://a.espncdn.com/i/teamlogos/ncaa/500/197.png,away,52,false,11,7,18,32.2,19,59,0,19,66.7,8,12,8,10,4,13,0,35.3,6,17,33,0,0,0,2641,s:40~l:54~t:2641,texas-tech-lady-raiders,Texas Tech,Lady Raiders,TTU,Texas Tech Lady Raiders,Texas Tech,C80025,231f20,https://a.espncdn.com/i/teamlogos/ncaa/500/2641.png,75
310672641,2011,2,2011-03-08,2011-03-08T20:30:00.000000-0500,2641,s:40~l:54~t:2641,texas-tech-lady-raiders,Texas Tech,Lady Raiders,TTU,Texas Tech Lady Raiders,Texas Tech,C80025,231f20,https://a.espncdn.com/i/teamlogos/ncaa/500/2641.png,home,75,true,17,5,27,42.6,26,61,0,18,80.0,16,20,23,13,7,10,0,43.8,7,16,47,0,0,0,197,s:40~l:54~t:197,oklahoma-state-cowgirls,Oklahoma State,Cowgirls,OKST,Oklahoma State Cowgirls,Oklahoma St,ff6500,000000,https://a.espncdn.com/i/teamlogos/ncaa/500/197.png,52
310660041,2011,2,2011-03-07,2011-03-07T18:00:00.000000-0500,164,s:40~l:54~t:164,rutgers-scarlet-knights,Rutgers,Scarlet Knights,RUTG,Rutgers Scarlet Knights,Rutgers,d21034,ffffff,https://a.espncdn.com/i/teamlogos/ncaa/500/164.png,away,51,false,10,3,21,37.5,21,56,0,19,25.0,1,4,3,3,3,13,0,42.1,8,19,26,0,0,0,41,s:40~l:54~t:41,uconn-huskies,UConn,Huskies,CONN,UConn Huskies,UConn,0c2340,f1f2f3,https://a.espncdn.com/i/teamlogos/ncaa/500/41.png,75
310660041,2011,2,2011-03-07,2011-03-07T18:00:00.000000-0500,41,s:40~l:54~t:41,uconn-huskies,UConn,Huskies,CONN,UConn Huskies,UConn,0c2340,f1f2f3,https://a.espncdn.com/i/teamlogos/ncaa/500/41.png,home,75,true,23,6,30,49.0,25,51,0,7,70.8,17,24,29,5,8,11,0,47.1,8,17,39,0,0,0,164,s:40~l:54~t:164,rutgers-scarlet-knights,Rutgers,Scarlet Knights,RUTG,Rutgers Scarlet Knights,Rutgers,d21034,ffffff,https://a.espncdn.com/i/teamlogos/ncaa/500/164.png,51
310662752,2011,2,2011-03-07,2011-03-07T17:00:00.000000-0500,2168,s:40~l:54~t:2168,dayton-flyers,Dayton,Flyers,DAY,Dayton Flyers,Dayton,004B8D,ffffff,https://a.espncdn.com/i/teamlogos/ncaa/500/2168.png,away,60,false,15,4,18,41.7,25,60,0,15,66.7,4,6,11,7,4,9,0,27.3,6,22,32,0,0,0,2752,s:40~l:54~t:2752,xavier-musketeers,Xavier,Musketeers,XAV,Xavier Musketeers,Xavier,002144,9ea2a2,https://a.espncdn.com/i/teamlogos/ncaa/500/2752.png,67
310662752,2011,2,2011-03-07,2011-03-07T17:00:00.000000-0500,2752,s:40~l:54~t:2752,xavier-musketeers,Xavier,Musketeers,XAV,Xavier Musketeers,Xavier,002144,9ea2a2,https://a.espncdn.com/i/teamlogos/ncaa/500/2752.png,home,67,true,10,5,24,38.2,26,68,0,9,82.4,14,17,7,20,5,8,0,10.0,1,10,49,0,0,0,2168,s:40~l:54~t:2168,dayton-flyers,Dayton,Flyers,DAY,Dayton Flyers,Dayton,004B8D,ffffff,https://a.espncdn.com/i/teamlogos/ncaa/500/2168.png,60
310660305,2011,2,2011-03-07,2011-03-07T20:00:00.000000-0500,87,s:40~l:54~t:87,notre-dame-fighting-irish,Notre Dame,Fighting Irish,ND,Notre Dame Fighting Irish,Notre Dame,0c2340,c99700,https://a.espncdn.com/i/teamlogos/ncaa/500/87.png,away,71,true,7,3,27,41.8,23,55,0,15,79.3,23,29,10,9,10,13,0,20.0,2,10,42,0,0,0,305,s:40~l:54~t:305,depaul-blue-demons,DePaul,Blue Demons,DEP,DePaul Blue Demons,DePaul,2d649c,ce1125,https://a.espncdn.com/i/teamlogos/ncaa/500/305.png,67
310660305,2011,2,2011-03-07,2011-03-07T20:00:00.000000-0500,305,s:40~l:54~t:305,depaul-blue-demons,DePaul,Blue Demons,DEP,DePaul Blue Demons,DePaul,2d649c,ce1125,https://a.espncdn.com/i/teamlogos/ncaa/500/305.png,home,67,false,9,5,22,36.2,25,69,0,20,66.7,8,12,8,16,7,14,0,39.1,9,23,41,0,0,0,87,s:40~l:54~t:87,notre-dame-fighting-irish,Notre Dame,Fighting Irish,ND,Notre Dame Fighting Irish,Notre Dame,0c2340,c99700,https://a.espncdn.com/i/teamlogos/ncaa/500/87.png,71
310662368,2011,2,2011-03-07,2011-03-07T13:00:00.000000-0500,2352,s:40~l:54~t:2352,loyola-maryland-greyhounds,Loyola Maryland,Greyhounds,L-MD,Loyola Maryland Greyhounds,Loyola MD,76a7a0,c9cbca,https://a.espncdn.com/i/teamlogos/ncaa/500/2352.png,away,45,false,5,3,31,29.6,16,54,0,12,72.7,8,11,9,3,5,13,0,20.8,5,24,37,0,0,0,2368,s:40~l:54~t:2368,marist-red-foxes,Marist,Red Foxes,MRST,Marist Red Foxes,Marist,e53730,f0f0f0,https://a.espncdn.com/i/teamlogos/ncaa/500/2368.png,63
310662368,2011,2,2011-03-07,2011-03-07T13:00:00.000000-0500,2368,s:40~l:54~t:2368,marist-red-foxes,Marist,Red Foxes,MRST,Marist Red Foxes,Marist,e53730,f0f0f0,https://a.espncdn.com/i/teamlogos/ncaa/500/2368.png,home,63,true,11,4,31,33.8,23,68,0,10,85.7,12,14,20,15,8,7,0,25.0,5,20,50,0,0,0,2352,s:40~l:54~t:2352,loyola-maryland-greyhounds,Loyola Maryland,Greyhounds,L-MD,Loyola Maryland Greyhounds,Loyola MD,76a7a0,c9cbca,https://a.espncdn.com/i/teamlogos/ncaa/500/2352.png,45
310662250,2011,2,2011-03-07,2011-03-07T15:00:00.000000-0500,2608,s:40~l:54~t:2608,saint-marys-gaels,Saint Mary's,Gaels,SMC,Saint Mary's Gaels,Saint Mary's,d80024,003057,https://a.espncdn.com/i/teamlogos/ncaa/500/2608.png,away,46,false,9,7,22,27.5,14,51,0,8,73.9,17,23,7,9,5,18,0,6.7,1,15,37,0,0,0,2250,s:40~l:54~t:2250,gonzaga-bulldogs,Gonzaga,Bulldogs,GONZ,Gonzaga Bulldogs,Gonzaga,041e42,c8102e,https://a.espncdn.com/i/teamlogos/ncaa/500/2250.png,72
310662250,2011,2,2011-03-07,2011-03-07T15:00:00.000000-0500,2250,s:40~l:54~t:2250,gonzaga-bulldogs,Gonzaga,Bulldogs,GONZ,Gonzaga Bulldogs,Gonzaga,041e42,c8102e,https://a.espncdn.com/i/teamlogos/ncaa/500/2250.png,home,72,true,23,1,25,50.8,31,61,0,21,83.3,5,6,27,6,10,10,0,71.4,5,7,34,0,0,0,2608,s:40~l:54~t:2608,saint-marys-gaels,Saint Mary's,Gaels,SMC,Saint Mary's Gaels,Saint Mary's,d80024,003057,https://a.espncdn.com/i/teamlogos/ncaa/500/2608.png,46
310662026,2011,2,2011-03-07,2011-03-07T16:00:00.000000-0500,2535,s:40~l:54~t:2535,samford-bulldogs,Samford,Bulldogs,SAM,Samford Bulldogs,Samford,005485,bc0023,https://a.espncdn.com/i/teamlogos/ncaa/500/2535.png,away,57,true,14,0,18,35.3,18,51,0,12,76.9,10,13,3,6,7,11,0,37.9,11,29,26,0,0,0,2026,s:40~l:54~t:2026,appalachian-state-mountaineers,Appalachian State,Mountaineers,APP,Appalachian State Mountaineers,Appalachian St,000000,ffcd00,https://a.espncdn.com/i/teamlogos/ncaa/500/2026.png,54
310662026,2011,2,2011-03-07,2011-03-07T16:00:00.000000-0500,2026,s:40~l:54~t:2026,appalachian-state-mountaineers,Appalachian State,Mountaineers,APP,Appalachian State Mountaineers,Appalachian St,000000,ffcd00,https://a.espncdn.com/i/teamlogos/ncaa/500/2026.png,home,54,false,17,5,29,43.1,25,58,0,16,50.0,3,6,9,14,7,16,0,20.0,1,5,44,0,0,0,2535,s:40~l:54~t:2535,samford-bulldogs,Samford,Bulldogs,SAM,Samford Bulldogs,Samford,005485,bc0023,https://a.espncdn.com/i/teamlogos/ncaa/500/2535.png,57
310650041,2011,2,2011-03-06,2011-03-06T14:00:00.000000-0500,46,s:40~l:54~t:46,georgetown-hoyas,Georgetown,Hoyas,GTWN,Georgetown Hoyas,Georgetown,110E42,001c58,https://a.espncdn.com/i/teamlogos/ncaa/500/46.png,away,43,false,8,0,15,22.9,16,70,0,18,50.0,5,10,0,14,9,9,0,23.1,6,26,37,0,0,0,41,s:40~l:54~t:41,uconn-huskies,UConn,Huskies,CONN,UConn Huskies,UConn,0c2340,f1f2f3,https://a.espncdn.com/i/teamlogos/ncaa/500/41.png,59
310650041,2011,2,2011-03-06,2011-03-06T14:00:00.000000-0500,41,s:40~l:54~t:41,uconn-huskies,UConn,Huskies,CONN,UConn Huskies,UConn,0c2340,f1f2f3,https://a.espncdn.com/i/teamlogos/ncaa/500/41.png,home,59,true,12,5,35,43.5,20,46,0,15,75.0,15,20,20,8,4,21,0,23.5,4,17,49,0,0,0,46,s:40~l:54~t:46,georgetown-hoyas,Georgetown,Hoyas,GTWN,Georgetown Hoyas,Georgetown,110E42,001c58,https://a.espncdn.com/i/teamlogos/ncaa/500/46.png,43
310652633,2011,2,2011-03-06,2011-03-06T17:30:00.000000-0500,96,s:40~l:54~t:96,kentucky-wildcats,Kentucky,Wildcats,UK,Kentucky Wildcats,Kentucky,005DAA,ffffff,https://a.espncdn.com/i/teamlogos/ncaa/500/96.png,away,65,false,6,0,11,27.3,21,77,0,20,71.4,20,28,3,23,11,16,0,16.7,3,18,46,0,0,0,2633,s:40~l:54~t:2633,tennessee-lady-volunteers,Tennessee,Lady Volunteers,TENN,Tennessee Lady Volunteers,Tennessee,ff8200,ffffff,https://a.espncdn.com/i/teamlogos/ncaa/500/2633_ncw.png,90
310652633,2011,2,2011-03-06,2011-03-06T17:30:00.000000-0500,2633,s:40~l:54~t:2633,tennessee-lady-volunteers,Tennessee,Lady Volunteers,TENN,Tennessee Lady Volunteers,Tennessee,ff8200,ffffff,https://a.espncdn.com/i/teamlogos/ncaa/500/2633_ncw.png,home,90,true,13,10,26,56.4,31,55,0,24,66.7,12,18,28,11,7,22,0,76.2,16,21,41,0,0,0,96,s:40~l:54~t:96,kentucky-wildcats,Kentucky,Wildcats,UK,Kentucky Wildcats,Kentucky,005DAA,ffffff,https://a.espncdn.com/i/teamlogos/ncaa/500/96.png,65
310650087,2011,2,2011-03-06,2011-03-06T20:00:00.000000-0500,97,s:40~l:54~t:97,louisville-cardinals,Louisville,Cardinals,LOU,Louisville Cardinals,Louisville,c9001f,000000,https://a.espncdn.com/i/teamlogos/ncaa/500/97.png,away,53,false,10,4,18,38.1,24,63,0,19,42.9,3,7,2,16,15,22,0,11.1,2,18,37,0,0,0,87,s:40~l:54~t:87,notre-dame-fighting-irish,Notre Dame,Fighting Irish,ND,Notre Dame Fighting Irish,Notre Dame,0c2340,c99700,https://a.espncdn.com/i/teamlogos/ncaa/500/87.png,63
310650087,2011,2,2011-03-06,2011-03-06T20:00:00.000000-0500,87,s:40~l:54~t:87,notre-dame-fighting-irish,Notre Dame,Fighting Irish,ND,Notre Dame Fighting Irish,Notre Dame,0c2340,c99700,https://a.espncdn.com/i/teamlogos/ncaa/500/87.png,home,63,true,12,7,22,46.5,20,43,0,10,80.0,20,25,19,8,10,21,0,50.0,3,6,32,0,0,0,97,s:40~l:54~t:97,louisville-cardinals,Louisville,Cardinals,LOU,Louisville Cardinals,Louisville,c9001f,000000,https://a.espncdn.com/i/teamlogos/ncaa/500/97.png,53
310650150,2011,2,2011-03-06,2011-03-06T13:00:00.000000-0500,153,s:40~l:54~t:153,north-carolina-tar-heels,North Carolina,Tar Heels,UNC,North Carolina Tar Heels,North Carolina,7bafd4,13294b,https://a.espncdn.com/i/teamlogos/ncaa/500/153.png,away,66,false,13,2,17,47.3,26,55,0,19,75.0,12,16,3,7,9,20,0,16.7,2,12,27,0,0,0,150,s:40~l:54~t:150,duke-blue-devils,Duke,Blue Devils,DUKE,Duke Blue Devils,Duke,013088,ffffff,https://a.espncdn.com/i/teamlogos/ncaa/500/150.png,81
310650150,2011,2,2011-03-06,2011-03-06T13:00:00.000000-0500,150,s:40~l:54~t:150,duke-blue-devils,Duke,Blue Devils,DUKE,Duke Blue Devils,Duke,013088,ffffff,https://a.espncdn.com/i/teamlogos/ncaa/500/150.png,home,81,true,16,4,20,46.0,29,63,0,15,85.0,17,20,17,13,6,18,0,40.0,6,15,38,0,0,0,153,s:40~l:54~t:153,north-carolina-tar-heels,North Carolina,Tar Heels,UNC,North Carolina Tar Heels,North Carolina,7bafd4,13294b,https://a.espncdn.com/i/teamlogos/ncaa/500/153.png,66
310650305,2011,2,2011-03-06,2011-03-06T18:00:00.000000-0500,2599,s:40~l:54~t:2599,st-johns-red-storm,St. John's,Red Storm,SJU,St. John's Red Storm,St John's,d10000,101010,https://a.espncdn.com/i/teamlogos/ncaa/500/2599.png,away,54,false,9,0,20,32.4,22,68,0,14,58.3,7,12,1,16,11,13,0,27.3,3,11,39,0,0,0,305,s:40~l:54~t:305,depaul-blue-demons,DePaul,Blue Demons,DEP,DePaul Blue Demons,DePaul,2d649c,ce1125,https://a.espncdn.com/i/teamlogos/ncaa/500/305.png,66
310650305,2011,2,2011-03-06,2011-03-06T18:00:00.000000-0500,305,s:40~l:54~t:305,depaul-blue-demons,DePaul,Blue Demons,DEP,DePaul Blue Demons,DePaul,2d649c,ce1125,https://a.espncdn.com/i/teamlogos/ncaa/500/305.png,home,66,true,15,3,28,45.3,24,53,0,13,76.5,13,17,16,11,6,17,0,27.8,5,18,42,0,0,0,2599,s:40~l:54~t:2599,st-johns-red-storm,St. John's,Red Storm,SJU,St. John's Red Storm,St John's,d10000,101010,https://a.espncdn.com/i/teamlogos/ncaa/500/2599.png,54
310650164,2011,2,2011-03-06,2011-03-06T12:00:00.000000-0500,269,s:40~l:54~t:269,marquette-golden-eagles,Marquette,Golden Eagles,MARQ,Marquette Golden Eagles,Marquette,083963,ffffff,https://a.espncdn.com/i/teamlogos/ncaa/500/269.png,away,62,false,13,5,22,35.6,21,59,0,15,72.2,13,18,2,8,11,13,0,26.9,7,26,33,0,0,0,164,s:40~l:54~t:164,rutgers-scarlet-knights,Rutgers,Scarlet Knights,RUTG,Rutgers Scarlet Knights,Rutgers,d21034,ffffff,https://a.espncdn.com/i/teamlogos/ncaa/500/164.png,68
310650164,2011,2,2011-03-06,2011-03-06T12:00:00.000000-0500,164,s:40~l:54~t:164,rutgers-scarlet-knights,Rutgers,Scarlet Knights,RUTG,Rutgers Scarlet Knights,Rutgers,d21034,ffffff,https://a.espncdn.com/i/teamlogos/ncaa/500/164.png,home,68,true,13,2,29,44.4,24,54,0,12,68.2,15,22,15,9,9,16,0,55.6,5,9,42,0,0,0,269,s:40~l:54~t:269,marquette-golden-eagles,Marquette,Golden Eagles,MARQ,Marquette Golden Eagles,Marquette,083963,ffffff,https://a.espncdn.com/i/teamlogos/ncaa/500/269.png,62
310652250,2011,2,2011-03-06,2011-03-06T14:00:00.000000-0500,2501,s:40~l:54~t:2501,portland-pilots,Portland,Pilots,PORT,Portland Pilots,Portland,330072,a8b3ba,https://a.espncdn.com/i/teamlogos/ncaa/500/2501.png,away,71,false,9,0,16,43.1,25,58,0,10,73.3,11,15,3,8,6,17,0,43.5,10,23,26,0,0,0,2250,s:40~l:54~t:2250,gonzaga-bulldogs,Gonzaga,Bulldogs,GONZ,Gonzaga Bulldogs,Gonzaga,041e42,c8102e,https://a.espncdn.com/i/teamlogos/ncaa/500/2250.png,96
310652250,2011,2,2011-03-06,2011-03-06T14:00:00.000000-0500,2250,s:40~l:54~t:2250,gonzaga-bulldogs,Gonzaga,Bulldogs,GONZ,Gonzaga Bulldogs,Gonzaga,041e42,c8102e,https://a.espncdn.com/i/teamlogos/ncaa/500/2250.png,home,96,true,25,1,25,56.9,41,72,0,18,64.3,9,14,30,13,7,10,0,38.5,5,13,42,0,0,0,2501,s:40~l:54~t:2501,portland-pilots,Portland,Pilots,PORT,Portland Pilots,Portland,330072,a8b3ba,https://a.espncdn.com/i/teamlogos/ncaa/500/2501.png,71
310650213,2011,2,2011-03-06,2011-03-06T15:30:00.000000-0500,194,s:40~l:54~t:194,ohio-state-buckeyes,Ohio State,Buckeyes,OSU,Ohio State Buckeyes,Ohio State,ce1141,505056,https://a.espncdn.com/i/teamlogos/ncaa/500/194.png,away,84,true,19,8,32,51.5,34,66,0,13,73.3,11,15,18,6,3,11,0,33.3,5,15,44,0,0,0,213,s:40~l:54~t:213,penn-state-lady-lions,Penn State,Lady Lions,PSU,Penn State Lady Lions,Penn State,00265D,002e5c,https://a.espncdn.com/i/teamlogos/ncaa/500/213.png,70
310650213,2011,2,2011-03-06,2011-03-06T15:30:00.000000-0500,213,s:40~l:54~t:213,penn-state-lady-lions,Penn State,Lady Lions,PSU,Penn State Lady Lions,Penn State,00265D,002e5c,https://a.espncdn.com/i/teamlogos/ncaa/500/213.png,home,70,false,11,2,22,35.1,26,74,0,17,85.7,12,14,4,11,7,9,0,31.6,6,19,37,0,0,0,194,s:40~l:54~t:194,ohio-state-buckeyes,Ohio State,Buckeyes,OSU,Ohio State Buckeyes,Ohio State,ce1141,505056,https://a.espncdn.com/i/teamlogos/ncaa/500/194.png,84
310650030,2011,2,2011-03-06,2011-03-06T15:30:00.000000-0500,264,s:40~l:54~t:264,washington-huskies,Washington,Huskies,WASH,Washington Huskies,Washington,33006f,e8d3a2,https://a.espncdn.com/i/teamlogos/ncaa/500/264.png,away,61,false,11,0,29,36.2,21,58,0,25,66.7,14,21,5,10,4,19,1,35.7,5,14,45,1,0,0,30,s:40~l:54~t:30,usc-trojans,USC,Trojans,USC,USC Trojans,USC,9e2237,ffcc00,https://a.espncdn.com/i/teamlogos/ncaa/500/30.png,65
310650030,2011,2,2011-03-06,2011-03-06T15:30:00.000000-0500,30,s:40~l:54~t:30,usc-trojans,USC,Trojans,USC,USC Trojans,USC,9e2237,ffcc00,https://a.espncdn.com/i/teamlogos/ncaa/500/30.png,home,65,true,12,6,21,33.3,21,63,0,23,56.7,17,30,15,17,5,11,1,42.9,6,14,44,1,0,0,264,s:40~l:54~t:264,washington-huskies,Washington,Huskies,WASH,Washington Huskies,Washington,33006f,e8d3a2,https://a.espncdn.com/i/teamlogos/ncaa/500/264.png,61
310640038,2011,2,2011-03-05,2011-03-05T16:00:00.000000-0500,239,s:40~l:54~t:239,baylor-bears,Baylor,Bears,BAY,Baylor Bears,Baylor,154734,ffb81c,https://a.espncdn.com/i/teamlogos/ncaa/500/239.png,away,81,true,17,4,31,42.6,26,61,0,12,81.3,26,32,27,15,9,12,0,42.9,3,7,48,0,0,0,38,s:40~l:54~t:38,colorado-buffaloes,Colorado,Buffaloes,COLO,Colorado Buffaloes,Colorado,000000,cfb87c,https://a.espncdn.com/i/teamlogos/ncaa/500/38.png,59
310640038,2011,2,2011-03-05,2011-03-05T16:00:00.000000-0500,38,s:40~l:54~t:38,colorado-buffaloes,Colorado,Buffaloes,COLO,Colorado Buffaloes,Colorado,000000,cfb87c,https://a.espncdn.com/i/teamlogos/ncaa/500/38.png,home,59,false,11,3,24,30.4,21,69,0,21,75.0,6,8,0,14,7,14,0,29.7,11,37,40,0,0,0,239,s:40~l:54~t:239,baylor-bears,Baylor,Bears,BAY,Baylor Bears,Baylor,154734,ffb81c,https://a.espncdn.com/i/teamlogos/ncaa/500/239.png,81
310642633,2011,2,2011-03-05,2011-03-05T16:00:00.000000-0500,61,s:40~l:54~t:61,georgia-lady-bulldogs,Georgia,Lady Bulldogs,UGA,Georgia Lady Bulldogs,Georgia,CC0000,000000,https://a.espncdn.com/i/teamlogos/ncaa/500/61.png,away,58,false,6,1,19,33.3,21,63,0,21,70.6,12,17,0,10,5,13,0,28.6,4,14,39,0,0,0,2633,s:40~l:54~t:2633,tennessee-lady-volunteers,Tennessee,Lady Volunteers,TENN,Tennessee Lady Volunteers,Tennessee,ff8200,ffffff,https://a.espncdn.com/i/teamlogos/ncaa/500/2633_ncw.png,82
310642633,2011,2,2011-03-05,2011-03-05T16:00:00.000000-0500,2633,s:40~l:54~t:2633,tennessee-lady-volunteers,Tennessee,Lady Volunteers,TENN,Tennessee Lady Volunteers,Tennessee,ff8200,ffffff,https://a.espncdn.com/i/teamlogos/ncaa/500/2633_ncw.png,home,82,true,12,3,24,48.4,31,64,0,13,65.0,13,20,27,13,4,10,0,36.8,7,19,41,0,0,0,61,s:40~l:54~t:61,georgia-lady-bulldogs,Georgia,Lady Bulldogs,UGA,Georgia Lady Bulldogs,Georgia,CC0000,000000,https://a.espncdn.com/i/teamlogos/ncaa/500/61.png,58
310640245,2011,2,2011-03-05,2011-03-05T20:00:00.000000-0500,158,s:40~l:54~t:158,nebraska-cornhuskers,Nebraska,Cornhuskers,NEB,Nebraska Cornhuskers,Nebraska,F20017,f5f1e7,https://a.espncdn.com/i/teamlogos/ncaa/500/158.png,away,49,false,13,5,19,36.4,20,55,0,13,83.3,5,6,3,6,2,18,0,22.2,4,18,29,0,0,0,245,s:40~l:54~t:245,texas-am-aggies,Texas A&M,Aggies,TA&M,Texas A&M Aggies,Texas A&M,5C0025,ffffff,https://a.espncdn.com/i/teamlogos/ncaa/500/245.png,84
310640245,2011,2,2011-03-05,2011-03-05T20:00:00.000000-0500,245,s:40~l:54~t:245,texas-am-aggies,Texas A&M,Aggies,TA&M,Texas A&M Aggies,Texas A&M,5C0025,ffffff,https://a.espncdn.com/i/teamlogos/ncaa/500/245.png,home,84,true,23,5,28,44.8,30,67,0,11,93.8,15,16,35,14,11,8,0,40.9,9,22,44,0,0,0,158,s:40~l:54~t:158,nebraska-cornhuskers,Nebraska,Cornhuskers,NEB,Nebraska Cornhuskers,Nebraska,F20017,f5f1e7,https://a.espncdn.com/i/teamlogos/ncaa/500/158.png,49
310640150,2011,2,2011-03-05,2011-03-05T13:00:00.000000-0500,59,s:40~l:54~t:59,georgia-tech-yellow-jackets,Georgia Tech,Yellow Jackets,GT,Georgia Tech Yellow Jackets,Georgia Tech,00223e,002c56,https://a.espncdn.com/i/teamlogos/ncaa/500/59.png,away,66,false,12,1,16,40.3,25,62,0,18,75.0,9,12,1,14,7,15,0,36.8,7,19,35,0,0,0,150,s:40~l:54~t:150,duke-blue-devils,Duke,Blue Devils,DUKE,Duke Blue Devils,Duke,013088,ffffff,https://a.espncdn.com/i/teamlogos/ncaa/500/150.png,74
310640150,2011,2,2011-03-05,2011-03-05T13:00:00.000000-0500,150,s:40~l:54~t:150,duke-blue-devils,Duke,Blue Devils,DUKE,Duke Blue Devils,Duke,013088,ffffff,https://a.espncdn.com/i/teamlogos/ncaa/500/150.png,home,74,true,14,4,19,58.7,27,46,0,18,68.2,15,22,13,7,7,15,0,62.5,5,8,26,0,0,0,59,s:40~l:54~t:59,georgia-tech-yellow-jackets,Georgia Tech,Yellow Jackets,GT,Georgia Tech Yellow Jackets,Georgia Tech,00223e,002c56,https://a.espncdn.com/i/teamlogos/ncaa/500/59.png,66
310640026,2011,2,2011-03-05,2011-03-05T17:00:00.000000-0500,265,s:40~l:54~t:265,washington-state-cougars,Washington State,Cougars,WSU,Washington State Cougars,Washington St,94022a,6a747c,https://a.espncdn.com/i/teamlogos/ncaa/500/265.png,away,48,false,13,2,17,40.0,18,45,0,15,55.6,5,9,0,6,9,28,0,28.0,7,25,27,0,0,0,26,s:40~l:54~t:26,ucla-bruins,UCLA,Bruins,UCLA,UCLA Bruins,UCLA,2774ae,f2a900,https://a.espncdn.com/i/teamlogos/ncaa/500/26.png,66
310640026,2011,2,2011-03-05,2011-03-05T17:00:00.000000-0500,26,s:40~l:54~t:26,ucla-bruins,UCLA,Bruins,UCLA,UCLA Bruins,UCLA,2774ae,f2a900,https://a.espncdn.com/i/teamlogos/ncaa/500/26.png,home,66,true,16,3,21,47.2,25,53,0,9,76.5,13,17,26,10,22,21,0,30.0,3,10,34,0,0,0,265,s:40~l:54~t:265,washington-state-cougars,Washington State,Cougars,WSU,Washington State Cougars,Washington St,94022a,6a747c,https://a.espncdn.com/i/teamlogos/ncaa/500/265.png,48
310642390,2011,2,2011-03-05,2011-03-05T15:30:00.000000-0500,153,s:40~l:54~t:153,north-carolina-tar-heels,North Carolina,Tar Heels,UNC,North Carolina Tar Heels,North Carolina,7bafd4,13294b,https://a.espncdn.com/i/teamlogos/ncaa/500/153.png,away,83,true,16,3,32,46.9,30,64,0,18,84.0,21,25,26,12,6,15,0,14.3,2,14,47,0,0,0,2390,s:40~l:54~t:2390,miami-hurricanes,Miami,Hurricanes,MIA,Miami Hurricanes,Miami,004325,f0f0f0,https://a.espncdn.com/i/teamlogos/ncaa/500/2390.png,57
310642390,2011,2,2011-03-05,2011-03-05T15:30:00.000000-0500,2390,s:40~l:54~t:2390,miami-hurricanes,Miami,Hurricanes,MIA,Miami Hurricanes,Miami,004325,f0f0f0,https://a.espncdn.com/i/teamlogos/ncaa/500/2390.png,home,57,false,11,4,19,30.8,20,65,0,19,64.7,11,17,2,11,6,19,0,24.0,6,25,35,0,0,0,153,s:40~l:54~t:153,north-carolina-tar-heels,North Carolina,Tar Heels,UNC,North Carolina Tar Heels,North Carolina,7bafd4,13294b,https://a.espncdn.com/i/teamlogos/ncaa/500/153.png,83
310640127,2011,2,2011-03-05,2011-03-05T19:30:00.000000-0500,194,s:40~l:54~t:194,ohio-state-buckeyes,Ohio State,Buckeyes,OSU,Ohio State Buckeyes,Ohio State,ce1141,505056,https://a.espncdn.com/i/teamlogos/ncaa/500/194.png,away,72,true,14,4,23,53.3,24,45,0,12,84.6,22,26,15,6,7,16,0,22.2,2,9,31,0,0,0,127,s:40~l:54~t:127,michigan-state-spartans,Michigan State,Spartans,MSU,Michigan State Spartans,Michigan St,18453B,ffffff,https://a.espncdn.com/i/teamlogos/ncaa/500/127.png,57
310640127,2011,2,2011-03-05,2011-03-05T19:30:00.000000-0500,127,s:40~l:54~t:127,michigan-state-spartans,Michigan State,Spartans,MSU,Michigan State Spartans,Michigan St,18453B,ffffff,https://a.espncdn.com/i/teamlogos/ncaa/500/127.png,home,57,false,10,1,17,31.9,22,69,0,22,66.7,8,12,8,22,8,17,0,20.0,5,25,42,0,0,0,194,s:40~l:54~t:194,ohio-state-buckeyes,Ohio State,Buckeyes,OSU,Ohio State Buckeyes,Ohio State,ce1141,505056,https://a.espncdn.com/i/teamlogos/ncaa/500/194.png,72
310642174,2011,2,2011-03-05,2011-03-05T14:00:00.000000-0500,2739,s:40~l:54~t:2739,green-bay-phoenix,Green Bay,Phoenix,GB,Green Bay Phoenix,Green Bay,006633,ffffff,https://a.espncdn.com/i/teamlogos/ncaa/500/2739.png,away,68,true,16,0,20,42.9,24,56,0,15,78.6,11,14,22,12,11,14,0,50.0,9,18,33,0,0,0,2174,s:40~l:54~t:2174,detroit-mercy-titans,Detroit Mercy,Titans,DETM,Detroit Mercy Titans,Detroit Mercy,165b9e,d31733,https://a.espncdn.com/i/teamlogos/ncaa/500/2174.png,48
310642174,2011,2,2011-03-05,2011-03-05T14:00:00.000000-0500,2174,s:40~l:54~t:2174,detroit-mercy-titans,Detroit Mercy,Titans,DETM,Detroit Mercy Titans,Detroit Mercy,165b9e,d31733,https://a.espncdn.com/i/teamlogos/ncaa/500/2174.png,home,48,false,4,2,20,38.1,16,42,0,18,81.3,13,16,3,4,8,20,0,30.0,3,10,28,0,0,0,2739,s:40~l:54~t:2739,green-bay-phoenix,Green Bay,Phoenix,GB,Green Bay Phoenix,Green Bay,006633,ffffff,https://a.espncdn.com/i/teamlogos/ncaa/500/2739.png,68
310640096,2011,2,2011-03-05,2011-03-05T18:30:00.000000-0500,238,s:40~l:54~t:238,vanderbilt-commodores,Vanderbilt,Commodores,VAN,Vanderbilt Commodores,Vanderbilt,000000,231f20,https://a.espncdn.com/i/teamlogos/ncaa/500/238.png,away,56,false,14,7,26,38.5,20,52,0,25,54.5,12,22,2,11,2,25,0,44.4,4,9,43,0,0,0,96,s:40~l:54~t:96,kentucky-wildcats,Kentucky,Wildcats,UK,Kentucky Wildcats,Kentucky,005DAA,ffffff,https://a.espncdn.com/i/teamlogos/ncaa/500/96.png,69
310640096,2011,2,2011-03-05,2011-03-05T18:30:00.000000-0500,96,s:40~l:54~t:96,kentucky-wildcats,Kentucky,Wildcats,UK,Kentucky Wildcats,Kentucky,005DAA,ffffff,https://a.espncdn.com/i/teamlogos/ncaa/500/96.png,home,69,true,4,4,24,33.8,24,71,0,20,64.3,18,28,27,18,11,12,0,21.4,3,14,44,0,0,0,238,s:40~l:54~t:238,vanderbilt-commodores,Vanderbilt,Commodores,VAN,Vanderbilt Commodores,Vanderbilt,000000,231f20,https://a.espncdn.com/i/teamlogos/ncaa/500/238.png,56
310640046,2011,2,2011-03-05,2011-03-05T12:00:00.000000-0500,183,s:40~l:54~t:183,syracuse-orange,Syracuse,Orange,SYR,Syracuse Orange,Syracuse,ff6500,000e54,https://a.espncdn.com/i/teamlogos/ncaa/500/183.png,away,60,false,13,2,18,40.0,16,40,0,16,80.8,21,26,11,10,4,18,0,35.0,7,20,33,0,0,0,46,s:40~l:54~t:46,georgetown-hoyas,Georgetown,Hoyas,GTWN,Georgetown Hoyas,Georgetown,110E42,001c58,https://a.espncdn.com/i/teamlogos/ncaa/500/46.png,61
310640046,2011,2,2011-03-05,2011-03-05T12:00:00.000000-0500,46,s:40~l:54~t:46,georgetown-hoyas,Georgetown,Hoyas,GTWN,Georgetown Hoyas,Georgetown,110E42,001c58,https://a.espncdn.com/i/teamlogos/ncaa/500/46.png,home,61,true,12,1,13,33.9,19,56,0,18,80.0,16,20,12,9,12,8,0,29.2,7,24,31,0,0,0,183,s:40~l:54~t:183,syracuse-orange,Syracuse,Orange,SYR,Syracuse Orange,Syracuse,ff6500,000e54,https://a.espncdn.com/i/teamlogos/ncaa/500/183.png,60
310640269,2011,2,2011-03-05,2011-03-05T14:00:00.000000-0500,221,s:40~l:54~t:221,pittsburgh-panthers,Pittsburgh,Panthers,PITT,Pittsburgh Panthers,Pitt,003263,231f20,https://a.espncdn.com/i/teamlogos/ncaa/500/221.png,away,61,false,14,1,26,42.1,24,57,0,13,66.7,6,9,9,5,6,15,0,38.9,7,18,36,0,0,0,269,s:40~l:54~t:269,marquette-golden-eagles,Marquette,Golden Eagles,MARQ,Marquette Golden Eagles,Marquette,083963,ffffff,https://a.espncdn.com/i/teamlogos/ncaa/500/269.png,65
310640269,2011,2,2011-03-05,2011-03-05T14:00:00.000000-0500,269,s:40~l:54~t:269,marquette-golden-eagles,Marquette,Golden Eagles,MARQ,Marquette Golden Eagles,Marquette,083963,ffffff,https://a.espncdn.com/i/teamlogos/ncaa/500/269.png,home,65,true,16,6,22,50.0,25,50,0,13,60.0,9,15,10,4,4,14,0,42.9,6,14,28,0,0,0,221,s:40~l:54~t:221,pittsburgh-panthers,Pittsburgh,Panthers,PITT,Pittsburgh Panthers,Pitt,003263,231f20,https://a.espncdn.com/i/teamlogos/ncaa/500/221.png,61
310642368,2011,2,2011-03-05,2011-03-05T11:30:00.000000-0500,2561,s:40~l:54~t:2561,siena-saints,Siena,Saints,SIE,Siena Saints,Siena,037961,eea60f,https://a.espncdn.com/i/teamlogos/ncaa/500/2561.png,away,45,false,10,5,19,31.9,15,47,0,17,84.6,11,13,3,3,7,18,0,30.8,4,13,28,0,0,0,2368,s:40~l:54~t:2368,marist-red-foxes,Marist,Red Foxes,MRST,Marist Red Foxes,Marist,e53730,f0f0f0,https://a.espncdn.com/i/teamlogos/ncaa/500/2368.png,60
310642368,2011,2,2011-03-05,2011-03-05T11:30:00.000000-0500,2368,s:40~l:54~t:2368,marist-red-foxes,Marist,Red Foxes,MRST,Marist Red Foxes,Marist,e53730,f0f0f0,https://a.espncdn.com/i/teamlogos/ncaa/500/2368.png,home,60,true,11,1,28,39.3,22,56,0,15,72.7,8,11,17,13,9,16,0,44.4,8,18,42,0,0,0,2561,s:40~l:54~t:2561,siena-saints,Siena,Saints,SIE,Siena Saints,Siena,037961,eea60f,https://a.espncdn.com/i/teamlogos/ncaa/500/2561.png,45
310640248,2011,2,2011-03-05,2011-03-05T15:00:00.000000-0500,2655,s:40~l:54~t:2655,tulane-green-wave,Tulane,Green Wave,TULN,Tulane Green Wave,Tulane,005837,3baf29,https://a.espncdn.com/i/teamlogos/ncaa/500/2655.png,away,84,false,13,5,29,47.4,37,78,0,25,69.2,9,13,5,9,9,18,0,9.1,1,11,45,0,0,0,248,s:40~l:54~t:248,houston-cougars,Houston,Cougars,HOU,Houston Cougars,Houston,c92a39,ffffff,https://a.espncdn.com/i/teamlogos/ncaa/500/248.png,90
310640248,2011,2,2011-03-05,2011-03-05T15:00:00.000000-0500,248,s:40~l:54~t:248,houston-cougars,Houston,Cougars,HOU,Houston Cougars,Houston,c92a39,ffffff,https://a.espncdn.com/i/teamlogos/ncaa/500/248.png,home,90,true,15,6,30,38.9,28,72,0,13,70.3,26,37,8,15,12,16,0,47.1,8,17,46,0,0,0,2655,s:40~l:54~t:2655,tulane-green-wave,Tulane,Green Wave,TULN,Tulane Green Wave,Tulane,005837,3baf29,https://a.espncdn.com/i/teamlogos/ncaa/500/2655.png,84
310640213,2011,2,2011-03-05,2011-03-05T17:00:00.000000-0500,356,s:40~l:54~t:356,illinois-fighting-illini,Illinois,Fighting Illini,ILL,Illinois Fighting Illini,Illinois,ff5f05,13294b,https://a.espncdn.com/i/teamlogos/ncaa/500/356.png,away,64,false,12,7,21,39.7,23,58,0,22,66.7,10,15,0,5,7,17,0,38.1,8,21,32,0,0,0,213,s:40~l:54~t:213,penn-state-lady-lions,Penn State,Lady Lions,PSU,Penn State Lady Lions,Penn State,00265D,002e5c,https://a.espncdn.com/i/teamlogos/ncaa/500/213.png,79
310640213,2011,2,2011-03-05,2011-03-05T17:00:00.000000-0500,213,s:40~l:54~t:213,penn-state-lady-lions,Penn State,Lady Lions,PSU,Penn State Lady Lions,Penn State,00265D,002e5c,https://a.espncdn.com/i/teamlogos/ncaa/500/213.png,home,79,true,13,2,26,42.1,24,57,0,17,83.3,25,30,15,7,12,15,0,42.9,6,14,41,0,0,0,356,s:40~l:54~t:356,illinois-fighting-illini,Illinois,Fighting Illini,ILL,Illinois Fighting Illini,Illinois,ff5f05,13294b,https://a.espncdn.com/i/teamlogos/ncaa/500/356.png,64
310642599,2011,2,2011-03-05,2011-03-05T18:00:00.000000-0500,277,s:40~l:54~t:277,west-virginia-mountaineers,West Virginia,Mountaineers,WVU,West Virginia Mountaineers,West Virginia,FFC600,eaaa00,https://a.espncdn.com/i/teamlogos/ncaa/500/277.png,away,51,false,7,3,24,39.6,19,48,0,18,60.0,9,15,3,7,3,20,0,30.8,4,13,33,0,0,0,2599,s:40~l:54~t:2599,st-johns-red-storm,St. John's,Red Storm,SJU,St. John's Red Storm,St John's,d10000,101010,https://a.espncdn.com/i/teamlogos/ncaa/500/2599.png,59
310642599,2011,2,2011-03-05,2011-03-05T18:00:00.000000-0500,2599,s:40~l:54~t:2599,st-johns-red-storm,St. John's,Red Storm,SJU,St. John's Red Storm,St John's,d10000,101010,https://a.espncdn.com/i/teamlogos/ncaa/500/2599.png,home,59,true,7,4,22,34.5,20,58,0,11,71.4,15,21,8,11,10,12,0,40.0,4,10,38,0,0,0,277,s:40~l:54~t:277,west-virginia-mountaineers,West Virginia,Mountaineers,WVU,West Virginia Mountaineers,West Virginia,FFC600,eaaa00,https://a.espncdn.com/i/teamlogos/ncaa/500/277.png,51
310640097,2011,2,2011-03-05,2011-03-05T20:00:00.000000-0500,222,s:40~l:54~t:222,villanova-wildcats,Villanova,Wildcats,VILL,Villanova Wildcats,Villanova,00205b,13b5ea,https://a.espncdn.com/i/teamlogos/ncaa/500/222.png,away,47,false,13,3,18,34.7,17,49,0,16,75.0,6,8,1,2,4,12,0,24.1,7,29,24,0,0,0,97,s:40~l:54~t:97,louisville-cardinals,Louisville,Cardinals,LOU,Louisville Cardinals,Louisville,c9001f,000000,https://a.espncdn.com/i/teamlogos/ncaa/500/97.png,69
310640097,2011,2,2011-03-05,2011-03-05T20:00:00.000000-0500,97,s:40~l:54~t:97,louisville-cardinals,Louisville,Cardinals,LOU,Louisville Cardinals,Louisville,c9001f,000000,https://a.espncdn.com/i/teamlogos/ncaa/500/97.png,home,69,true,11,4,29,39.3,24,61,0,10,77.8,14,18,29,14,5,10,0,35.0,7,20,48,0,0,0,222,s:40~l:54~t:222,villanova-wildcats,Villanova,Wildcats,VILL,Villanova Wildcats,Villanova,00205b,13b5ea,https://a.espncdn.com/i/teamlogos/ncaa/500/222.png,47
310632633,2011,2,2011-03-04,2011-03-04T13:00:00.000000-0500,57,s:40~l:54~t:57,florida-gators,Florida,Gators,FLA,Florida Gators,Florida,0021a5,fa4616,https://a.espncdn.com/i/teamlogos/ncaa/500/57.png,away,75,false,11,1,14,43.9,29,66,0,28,61.1,11,18,4,14,6,18,0,35.3,6,17,32,0,0,0,2633,s:40~l:54~t:2633,tennessee-lady-volunteers,Tennessee,Lady Volunteers,TENN,Tennessee Lady Volunteers,Tennessee,ff8200,ffffff,https://a.espncdn.com/i/teamlogos/ncaa/500/2633_ncw.png,92
310632633,2011,2,2011-03-04,2011-03-04T13:00:00.000000-0500,2633,s:40~l:54~t:2633,tennessee-lady-volunteers,Tennessee,Lady Volunteers,TENN,Tennessee Lady Volunteers,Tennessee,ff8200,ffffff,https://a.espncdn.com/i/teamlogos/ncaa/500/2633_ncw.png,home,92,true,14,2,22,54.4,31,57,0,20,69.4,25,36,18,14,5,18,0,45.5,5,11,40,0,0,0,57,s:40~l:54~t:57,florida-gators,Florida,Gators,FLA,Florida Gators,Florida,0021a5,fa4616,https://a.espncdn.com/i/teamlogos/ncaa/500/57.png,75
310630150,2011,2,2011-03-04,2011-03-04T15:00:00.000000-0500,154,s:40~l:54~t:154,wake-forest-demon-deacons,Wake Forest,Demon Deacons,WAKE,Wake Forest Demon Deacons,Wake Forest,9E7E38,000000,https://a.espncdn.com/i/teamlogos/ncaa/500/154.png,away,50,false,13,4,24,31.7,20,63,0,18,85.7,6,7,4,10,11,20,0,26.7,4,15,34,0,0,0,150,s:40~l:54~t:150,duke-blue-devils,Duke,Blue Devils,DUKE,Duke Blue Devils,Duke,013088,ffffff,https://a.espncdn.com/i/teamlogos/ncaa/500/150.png,79
310630150,2011,2,2011-03-04,2011-03-04T15:00:00.000000-0500,150,s:40~l:54~t:150,duke-blue-devils,Duke,Blue Devils,DUKE,Duke Blue Devils,Duke,013088,ffffff,https://a.espncdn.com/i/teamlogos/ncaa/500/150.png,home,79,true,21,2,31,50.9,29,57,0,14,57.1,12,21,29,10,10,20,0,50.0,9,18,43,0,0,0,154,s:40~l:54~t:154,wake-forest-demon-deacons,Wake Forest,Demon Deacons,WAKE,Wake Forest Demon Deacons,Wake Forest,9E7E38,000000,https://a.espncdn.com/i/teamlogos/ncaa/500/154.png,50
310632390,2011,2,2011-03-04,2011-03-04T18:00:00.000000-0500,152,s:40~l:54~t:152,nc-state-wolfpack,NC State,Wolfpack,NCST,NC State Wolfpack,NC State,EF1216,231f20,https://a.espncdn.com/i/teamlogos/ncaa/500/152.png,away,85,false,11,2,26,47.2,34,72,0,22,68.4,13,19,2,10,6,23,0,33.3,4,12,42,0,0,0,2390,s:40~l:54~t:2390,miami-hurricanes,Miami,Hurricanes,MIA,Miami Hurricanes,Miami,004325,f0f0f0,https://a.espncdn.com/i/teamlogos/ncaa/500/2390.png,93
310632390,2011,2,2011-03-04,2011-03-04T18:00:00.000000-0500,2390,s:40~l:54~t:2390,miami-hurricanes,Miami,Hurricanes,MIA,Miami Hurricanes,Miami,004325,f0f0f0,https://a.espncdn.com/i/teamlogos/ncaa/500/2390.png,home,93,true,17,6,23,47.1,33,70,0,17,67.9,19,28,19,12,9,17,0,33.3,8,24,40,0,0,0,152,s:40~l:54~t:152,nc-state-wolfpack,NC State,Wolfpack,NCST,NC State Wolfpack,NC State,EF1216,231f20,https://a.espncdn.com/i/teamlogos/ncaa/500/152.png,85
310630127,2011,2,2011-03-04,2011-03-04T18:00:00.000000-0500,77,s:40~l:54~t:77,northwestern-wildcats,Northwestern,Wildcats,NU,Northwestern Wildcats,Northwestern,582c83,ffffff,https://a.espncdn.com/i/teamlogos/ncaa/500/77.png,away,25,false,8,4,19,21.7,10,46,0,17,41.7,5,12,0,6,9,22,0,0.0,0,16,28,0,0,0,127,s:40~l:54~t:127,michigan-state-spartans,Michigan State,Spartans,MSU,Michigan State Spartans,Michigan St,18453B,ffffff,https://a.espncdn.com/i/teamlogos/ncaa/500/127.png,56
310630127,2011,2,2011-03-04,2011-03-04T18:00:00.000000-0500,127,s:40~l:54~t:127,michigan-state-spartans,Michigan State,Spartans,MSU,Michigan State Spartans,Michigan St,18453B,ffffff,https://a.espncdn.com/i/teamlogos/ncaa/500/127.png,home,56,true,14,1,26,41.7,20,48,0,18,72.2,13,18,32,7,11,19,0,21.4,3,14,40,0,0,0,77,s:40~l:54~t:77,northwestern-wildcats,Northwestern,Wildcats,NU,Northwestern Wildcats,Northwestern,582c83,ffffff,https://a.espncdn.com/i/teamlogos/ncaa/500/77.png,25
310630120,2011,2,2011-03-04,2011-03-04T11:00:00.000000-0500,59,s:40~l:54~t:59,georgia-tech-yellow-jackets,Georgia Tech,Yellow Jackets,GT,Georgia Tech Yellow Jackets,Georgia Tech,00223e,002c56,https://a.espncdn.com/i/teamlogos/ncaa/500/59.png,away,70,true,14,3,22,43.1,22,51,0,18,70.4,19,27,9,13,9,25,0,50.0,7,14,36,0,0,0,120,s:40~l:54~t:120,maryland-terrapins,Maryland,Terrapins,MD,Maryland Terrapins,Maryland,D5002B,ffcd00,https://a.espncdn.com/i/teamlogos/ncaa/500/120.png,64
310630120,2011,2,2011-03-04,2011-03-04T11:00:00.000000-0500,120,s:40~l:54~t:120,maryland-terrapins,Maryland,Terrapins,MD,Maryland Terrapins,Maryland,D5002B,ffcd00,https://a.espncdn.com/i/teamlogos/ncaa/500/120.png,home,64,false,10,1,17,45.1,23,51,0,23,78.9,15,19,11,5,6,23,0,37.5,3,8,27,0,0,0,59,s:40~l:54~t:59,georgia-tech-yellow-jackets,Georgia Tech,Yellow Jackets,GT,Georgia Tech Yellow Jackets,Georgia Tech,00223e,002c56,https://a.espncdn.com/i/teamlogos/ncaa/500/59.png,70
310630052,2011,2,2011-03-04,2011-03-04T20:00:00.000000-0500,153,s:40~l:54~t:153,north-carolina-tar-heels,North Carolina,Tar Heels,UNC,North Carolina Tar Heels,North Carolina,7bafd4,13294b,https://a.espncdn.com/i/teamlogos/ncaa/500/153.png,away,78,true,13,8,22,38.3,23,60,0,27,79.4,27,34,17,14,9,17,0,33.3,5,15,40,0,0,0,52,s:40~l:54~t:52,florida-state-seminoles,Florida State,Seminoles,FSU,Florida State Seminoles,Florida St,782F40,ceb888,https://a.espncdn.com/i/teamlogos/ncaa/500/52.png,65
310630052,2011,2,2011-03-04,2011-03-04T20:00:00.000000-0500,52,s:40~l:54~t:52,florida-state-seminoles,Florida State,Seminoles,FSU,Florida State Seminoles,Florida St,782F40,ceb888,https://a.espncdn.com/i/teamlogos/ncaa/500/52.png,home,65,false,10,5,22,26.2,16,61,0,21,87.9,29,33,3,18,5,23,0,18.2,4,22,45,0,0,0,153,s:40~l:54~t:153,north-carolina-tar-heels,North Carolina,Tar Heels,UNC,North Carolina Tar Heels,North Carolina,7bafd4,13294b,https://a.espncdn.com/i/teamlogos/ncaa/500/153.png,78
310630096,2011,2,2011-03-04,2011-03-04T15:50:00.000000-0500,99,s:40~l:54~t:99,lsu-tigers,LSU,Tigers,LSU,LSU Tigers,LSU,461d7c,fdd023,https://a.espncdn.com/i/teamlogos/ncaa/500/99.png,away,58,false,14,1,22,50.0,25,50,0,15,40.0,6,15,7,7,1,17,0,20.0,2,10,32,0,0,0,96,s:40~l:54~t:96,kentucky-wildcats,Kentucky,Wildcats,UK,Kentucky Wildcats,Kentucky,005DAA,ffffff,https://a.espncdn.com/i/teamlogos/ncaa/500/96.png,60
310630096,2011,2,2011-03-04,2011-03-04T15:50:00.000000-0500,96,s:40~l:54~t:96,kentucky-wildcats,Kentucky,Wildcats,UK,Kentucky Wildcats,Kentucky,005DAA,ffffff,https://a.espncdn.com/i/teamlogos/ncaa/500/96.png,home,60,true,4,0,19,36.8,21,57,0,20,78.9,15,19,8,11,4,12,0,18.8,3,16,34,0,0,0,99,s:40~l:54~t:99,lsu-tigers,LSU,Tigers,LSU,LSU Tigers,LSU,461d7c,fdd023,https://a.espncdn.com/i/teamlogos/ncaa/500/99.png,58
310632368,2011,2,2011-03-04,2011-03-04T14:15:00.000000-0500,2612,s:40~l:54~t:2612,saint-peters-peacocks,Saint Peter's,Peacocks,SPU,Saint Peter's Peacocks,Saint Peter's,004CC2,,https://a.espncdn.com/i/teamlogos/ncaa/500/2612.png,away,33,false,5,2,25,23.2,13,56,0,21,41.7,5,12,0,9,9,21,0,16.7,2,12,38,0,0,0,2368,s:40~l:54~t:2368,marist-red-foxes,Marist,Red Foxes,MRST,Marist Red Foxes,Marist,e53730,f0f0f0,https://a.espncdn.com/i/teamlogos/ncaa/500/2368.png,61
310632368,2011,2,2011-03-04,2011-03-04T14:15:00.000000-0500,2368,s:40~l:54~t:2368,marist-red-foxes,Marist,Red Foxes,MRST,Marist Red Foxes,Marist,e53730,f0f0f0,https://a.espncdn.com/i/teamlogos/ncaa/500/2368.png,home,61,true,11,9,31,33.9,19,56,0,10,76.2,16,21,34,13,13,16,0,36.8,7,19,46,0,0,0,2612,s:40~l:54~t:2612,saint-peters-peacocks,Saint Peter's,Peacocks,SPU,Saint Peter's Peacocks,Saint Peter's,004CC2,,https://a.espncdn.com/i/teamlogos/ncaa/500/2612.png,33
310632294,2011,2,2011-03-04,2011-03-04T20:30:00.000000-0500,194,s:40~l:54~t:194,ohio-state-buckeyes,Ohio State,Buckeyes,OSU,Ohio State Buckeyes,Ohio State,ce1141,505056,https://a.espncdn.com/i/teamlogos/ncaa/500/194.png,away,71,true,20,6,26,48.2,27,56,0,15,80.0,8,10,12,6,6,18,0,40.9,9,22,35,0,0,0,2294,s:40~l:54~t:2294,iowa-hawkeyes,Iowa,Hawkeyes,IOWA,Iowa Hawkeyes,Iowa,000000,fcd116,https://a.espncdn.com/i/teamlogos/ncaa/500/2294.png,61
310632294,2011,2,2011-03-04,2011-03-04T20:30:00.000000-0500,2294,s:40~l:54~t:2294,iowa-hawkeyes,Iowa,Hawkeyes,IOWA,Iowa Hawkeyes,Iowa,000000,fcd116,https://a.espncdn.com/i/teamlogos/ncaa/500/2294.png,home,61,false,13,3,20,32.8,19,58,0,12,88.2,15,17,4,7,11,15,0,32.0,8,25,36,0,0,0,194,s:40~l:54~t:194,ohio-state-buckeyes,Ohio State,Buckeyes,OSU,Ohio State Buckeyes,Ohio State,ce1141,505056,https://a.espncdn.com/i/teamlogos/ncaa/500/194.png,71
310630213,2011,2,2011-03-04,2011-03-04T11:30:00.000000-0500,2509,s:40~l:54~t:2509,purdue-boilermakers,Purdue,Boilermakers,PUR,Purdue Boilermakers,Purdue,000000,cfb991,https://a.espncdn.com/i/teamlogos/ncaa/500/2509.png,away,61,false,12,3,22,42.3,22,52,0,20,78.6,11,14,7,4,3,18,0,33.3,6,18,33,0,0,0,213,s:40~l:54~t:213,penn-state-lady-lions,Penn State,Lady Lions,PSU,Penn State Lady Lions,Penn State,00265D,002e5c,https://a.espncdn.com/i/teamlogos/ncaa/500/213.png,73
310630213,2011,2,2011-03-04,2011-03-04T11:30:00.000000-0500,213,s:40~l:54~t:213,penn-state-lady-lions,Penn State,Lady Lions,PSU,Penn State Lady Lions,Penn State,00265D,002e5c,https://a.espncdn.com/i/teamlogos/ncaa/500/213.png,home,73,true,10,2,21,40.0,22,55,0,17,75.0,21,28,12,9,11,11,0,42.1,8,19,35,0,0,0,2509,s:40~l:54~t:2509,purdue-boilermakers,Purdue,Boilermakers,PUR,Purdue Boilermakers,Purdue,000000,cfb991,https://a.espncdn.com/i/teamlogos/ncaa/500/2509.png,61
310630221,2011,2,2011-03-04,2011-03-04T12:00:00.000000-0500,58,s:40~l:54~t:58,south-florida-bulls,South Florida,Bulls,USF,South Florida Bulls,South Florida,004A36,231f20,https://a.espncdn.com/i/teamlogos/ncaa/500/58.png,away,60,false,11,1,14,35.6,21,59,0,21,71.4,10,14,2,10,14,20,0,40.0,8,20,28,0,0,0,221,s:40~l:54~t:221,pittsburgh-panthers,Pittsburgh,Panthers,PITT,Pittsburgh Panthers,Pitt,003263,231f20,https://a.espncdn.com/i/teamlogos/ncaa/500/221.png,63
310630221,2011,2,2011-03-04,2011-03-04T12:00:00.000000-0500,221,s:40~l:54~t:221,pittsburgh-panthers,Pittsburgh,Panthers,PITT,Pittsburgh Panthers,Pitt,003263,231f20,https://a.espncdn.com/i/teamlogos/ncaa/500/221.png,home,63,true,12,3,23,55.3,21,38,0,16,73.9,17,23,15,2,9,23,0,36.4,4,11,28,0,0,0,58,s:40~l:54~t:58,south-florida-bulls,South Florida,Bulls,USF,South Florida Bulls,South Florida,004A36,231f20,https://a.espncdn.com/i/teamlogos/ncaa/500/58.png,60
310630130,2011,2,2011-03-04,2011-03-04T13:55:00.000000-0500,356,s:40~l:54~t:356,illinois-fighting-illini,Illinois,Fighting Illini,ILL,Illinois Fighting Illini,Illinois,ff5f05,13294b,https://a.espncdn.com/i/teamlogos/ncaa/500/356.png,away,55,true,12,4,32,40.4,21,52,0,12,57.1,8,14,24,4,7,15,0,33.3,5,15,41,0,0,0,130,s:40~l:54~t:130,michigan-wolverines,Michigan,Wolverines,MICH,Michigan Wolverines,Michigan,00274c,ffcb05,https://a.espncdn.com/i/teamlogos/ncaa/500/130.png,47
310630130,2011,2,2011-03-04,2011-03-04T13:55:00.000000-0500,130,s:40~l:54~t:130,michigan-wolverines,Michigan,Wolverines,MICH,Michigan Wolverines,Michigan,00274c,ffcb05,https://a.espncdn.com/i/teamlogos/ncaa/500/130.png,home,47,false,12,2,27,32.1,18,56,0,13,66.7,6,9,0,3,11,15,0,19.2,5,26,32,0,0,0,356,s:40~l:54~t:356,illinois-fighting-illini,Illinois,Fighting Illini,ILL,Illinois Fighting Illini,Illinois,ff5f05,13294b,https://a.espncdn.com/i/teamlogos/ncaa/500/356.png,55
310630183,2011,2,2011-03-04,2011-03-04T14:40:00.000000-0500,2550,s:40~l:54~t:2550,seton-hall-pirates,Seton Hall,Pirates,HALL,Seton Hall Pirates,Seton Hall,0857B1,8a8d8f,https://a.espncdn.com/i/teamlogos/ncaa/500/2550.png,away,44,false,8,1,13,30.6,15,49,0,19,55.6,10,18,4,8,8,14,0,25.0,4,16,25,0,0,0,183,s:40~l:54~t:183,syracuse-orange,Syracuse,Orange,SYR,Syracuse Orange,Syracuse,ff6500,000e54,https://a.espncdn.com/i/teamlogos/ncaa/500/183.png,74
310630183,2011,2,2011-03-04,2011-03-04T14:40:00.000000-0500,183,s:40~l:54~t:183,syracuse-orange,Syracuse,Orange,SYR,Syracuse Orange,Syracuse,ff6500,000e54,https://a.espncdn.com/i/teamlogos/ncaa/500/183.png,home,74,true,11,5,25,45.1,23,51,0,12,75.9,22,29,33,13,9,12,0,50.0,6,12,39,0,0,0,2550,s:40~l:54~t:2550,seton-hall-pirates,Seton Hall,Pirates,HALL,Seton Hall Pirates,Seton Hall,0857B1,8a8d8f,https://a.espncdn.com/i/teamlogos/ncaa/500/2550.png,44
310630277,2011,2,2011-03-04,2011-03-04T18:00:00.000000-0500,2132,s:40~l:54~t:2132,cincinnati-bearcats,Cincinnati,Bearcats,CIN,Cincinnati Bearcats,Cincinnati,000000,717073,https://a.espncdn.com/i/teamlogos/ncaa/500/2132.png,away,41,false,7,1,16,32.6,15,46,0,13,50.0,5,10,0,7,4,18,1,24.0,6,25,33,1,0,0,277,s:40~l:54~t:277,west-virginia-mountaineers,West Virginia,Mountaineers,WVU,West Virginia Mountaineers,West Virginia,FFC600,eaaa00,https://a.espncdn.com/i/teamlogos/ncaa/500/277.png,66
310630277,2011,2,2011-03-04,2011-03-04T18:00:00.000000-0500,277,s:40~l:54~t:277,west-virginia-mountaineers,West Virginia,Mountaineers,WVU,West Virginia Mountaineers,West Virginia,FFC600,eaaa00,https://a.espncdn.com/i/teamlogos/ncaa/500/277.png,home,66,true,17,4,21,47.1,24,51,0,14,61.9,13,21,27,7,10,10,0,35.7,5,14,30,0,0,0,2132,s:40~l:54~t:2132,cincinnati-bearcats,Cincinnati,Bearcats,CIN,Cincinnati Bearcats,Cincinnati,000000,717073,https://a.espncdn.com/i/teamlogos/ncaa/500/2132.png,41
310630061,2011,2,2011-03-04,2011-03-04T19:30:00.000000-0500,2579,s:40~l:54~t:2579,south-carolina-gamecocks,South Carolina,Gamecocks,SC,South Carolina Gamecocks,South Carolina,73000a,ffffff,https://a.espncdn.com/i/teamlogos/ncaa/500/2579.png,away,34,false,5,0,16,23.1,12,52,0,17,38.9,7,18,0,12,1,18,0,14.3,3,21,35,0,0,0,61,s:40~l:54~t:61,georgia-lady-bulldogs,Georgia,Lady Bulldogs,UGA,Georgia Lady Bulldogs,Georgia,CC0000,000000,https://a.espncdn.com/i/teamlogos/ncaa/500/61.png,66
310630061,2011,2,2011-03-04,2011-03-04T19:30:00.000000-0500,61,s:40~l:54~t:61,georgia-lady-bulldogs,Georgia,Lady Bulldogs,UGA,Georgia Lady Bulldogs,Georgia,CC0000,000000,https://a.espncdn.com/i/teamlogos/ncaa/500/61.png,home,66,true,6,4,24,47.2,25,53,0,20,78.9,15,19,32,9,7,12,0,12.5,1,8,37,0,0,0,2579,s:40~l:54~t:2579,south-carolina-gamecocks,South Carolina,Gamecocks,SC,South Carolina Gamecocks,South Carolina,73000a,ffffff,https://a.espncdn.com/i/teamlogos/ncaa/500/2579.png,34
310632507,2011,2,2011-03-04,2011-03-04T20:00:00.000000-0500,222,s:40~l:54~t:222,villanova-wildcats,Villanova,Wildcats,VILL,Villanova Wildcats,Villanova,00205b,13b5ea,https://a.espncdn.com/i/teamlogos/ncaa/500/222.png,away,52,true,12,2,25,31.7,19,60,0,10,76.9,10,13,2,8,9,7,0,14.8,4,27,38,0,0,0,2507,s:40~l:54~t:2507,providence-friars,Providence,Friars,PROV,Providence Friars,Providence,000000,a3a19e,https://a.espncdn.com/i/teamlogos/ncaa/500/2507.png,50
310632507,2011,2,2011-03-04,2011-03-04T20:00:00.000000-0500,2507,s:40~l:54~t:2507,providence-friars,Providence,Friars,PROV,Providence Friars,Providence,000000,a3a19e,https://a.espncdn.com/i/teamlogos/ncaa/500/2507.png,home,50,false,9,4,28,33.9,20,59,0,17,75.0,9,12,13,8,4,13,0,11.1,1,9,44,0,0,0,222,s:40~l:54~t:222,villanova-wildcats,Villanova,Wildcats,VILL,Villanova Wildcats,Villanova,00205b,13b5ea,https://a.espncdn.com/i/teamlogos/ncaa/500/222.png,52
310630238,2011,2,2011-03-04,2011-03-04T22:00:00.000000-0500,344,s:40~l:54~t:344,mississippi-state-bulldogs,Mississippi State,Bulldogs,MSST,Mississippi State Bulldogs,Mississippi St,762123,c8c8c8,https://a.espncdn.com/i/teamlogos/ncaa/500/344.png,away,55,false,7,2,15,30.7,23,75,0,19,41.7,5,12,0,18,3,4,0,17.4,4,23,40,0,0,0,238,s:40~l:54~t:238,vanderbilt-commodores,Vanderbilt,Commodores,VAN,Vanderbilt Commodores,Vanderbilt,000000,231f20,https://a.espncdn.com/i/teamlogos/ncaa/500/238.png,69
310630238,2011,2,2011-03-04,2011-03-04T22:00:00.000000-0500,238,s:40~l:54~t:238,vanderbilt-commodores,Vanderbilt,Commodores,VAN,Vanderbilt Commodores,Vanderbilt,000000,231f20,https://a.espncdn.com/i/teamlogos/ncaa/500/238.png,home,69,true,15,2,29,52.2,24,46,0,11,77.3,17,22,18,7,3,12,0,26.7,4,15,37,0,0,0,344,s:40~l:54~t:344,mississippi-state-bulldogs,Mississippi State,Bulldogs,MSST,Mississippi State Bulldogs,Mississippi St,762123,c8c8c8,https://a.espncdn.com/i/teamlogos/ncaa/500/344.png,55
310620026,2011,2,2011-03-03,2011-03-03T22:00:00.000000-0500,264,s:40~l:54~t:264,washington-huskies,Washington,Huskies,WASH,Washington Huskies,Washington,33006f,e8d3a2,https://a.espncdn.com/i/teamlogos/ncaa/500/264.png,away,42,false,10,0,16,31.9,15,47,0,13,75.0,6,8,0,7,7,22,0,37.5,6,16,28,0,0,0,26,s:40~l:54~t:26,ucla-bruins,UCLA,Bruins,UCLA,UCLA Bruins,UCLA,2774ae,f2a900,https://a.espncdn.com/i/teamlogos/ncaa/500/26.png,60
310620026,2011,2,2011-03-03,2011-03-03T22:00:00.000000-0500,26,s:40~l:54~t:26,ucla-bruins,UCLA,Bruins,UCLA,UCLA Bruins,UCLA,2774ae,f2a900,https://a.espncdn.com/i/teamlogos/ncaa/500/26.png,home,60,true,11,2,22,47.9,23,48,0,10,76.5,13,17,25,8,14,15,0,20.0,1,5,33,0,0,0,264,s:40~l:54~t:264,washington-huskies,Washington,Huskies,WASH,Washington Huskies,Washington,33006f,e8d3a2,https://a.espncdn.com/i/teamlogos/ncaa/500/264.png,42
310622750,2011,2,2011-03-03,2011-03-03T19:00:00.000000-0500,2739,s:40~l:54~t:2739,green-bay-phoenix,Green Bay,Phoenix,GB,Green Bay Phoenix,Green Bay,006633,ffffff,https://a.espncdn.com/i/teamlogos/ncaa/500/2739.png,away,75,true,20,0,25,42.6,26,61,0,17,88.9,16,18,30,7,8,18,0,33.3,7,21,37,0,0,0,2750,s:40~l:54~t:2750,wright-state-raiders,Wright State,Raiders,WRST,Wright State Raiders,Wright St,cba052,cba052,https://a.espncdn.com/i/teamlogos/ncaa/500/2750.png,54
310622750,2011,2,2011-03-03,2011-03-03T19:00:00.000000-0500,2750,s:40~l:54~t:2750,wright-state-raiders,Wright State,Raiders,WRST,Wright State Raiders,Wright St,cba052,cba052,https://a.espncdn.com/i/teamlogos/ncaa/500/2750.png,home,54,false,8,1,20,33.3,18,54,0,13,72.2,13,18,0,9,8,23,1,27.8,5,18,37,1,0,0,2739,s:40~l:54~t:2739,green-bay-phoenix,Green Bay,Phoenix,GB,Green Bay Phoenix,Green Bay,006633,ffffff,https://a.espncdn.com/i/teamlogos/ncaa/500/2739.png,75
310620153,2011,2,2011-03-03,2011-03-03T20:00:00.000000-0500,228,s:40~l:54~t:228,clemson-tigers,Clemson,Tigers,CLEM,Clemson Tigers,Clemson,F66733,522d80,https://a.espncdn.com/i/teamlogos/ncaa/500/228.png,away,64,false,12,3,26,36.6,26,71,0,17,60.0,6,10,0,14,7,25,0,24.0,6,25,46,0,0,0,153,s:40~l:54~t:153,north-carolina-tar-heels,North Carolina,Tar Heels,UNC,North Carolina Tar Heels,North Carolina,7bafd4,13294b,https://a.espncdn.com/i/teamlogos/ncaa/500/153.png,78
310620153,2011,2,2011-03-03,2011-03-03T20:00:00.000000-0500,153,s:40~l:54~t:153,north-carolina-tar-heels,North Carolina,Tar Heels,UNC,North Carolina Tar Heels,North Carolina,7bafd4,13294b,https://a.espncdn.com/i/teamlogos/ncaa/500/153.png,home,78,true,15,6,28,44.9,31,69,0,14,56.5,13,23,16,13,15,15,0,25.0,3,12,44,0,0,0,228,s:40~l:54~t:228,clemson-tigers,Clemson,Tigers,CLEM,Clemson Tigers,Clemson,F66733,522d80,https://a.espncdn.com/i/teamlogos/ncaa/500/228.png,64
310620059,2011,2,2011-03-03,2011-03-03T11:00:00.000000-0500,259,s:40~l:54~t:259,virginia-tech-hokies,Virginia Tech,Hokies,VT,Virginia Tech Hokies,Virginia Tech,630031,cf4520,https://a.espncdn.com/i/teamlogos/ncaa/500/259.png,away,58,false,12,5,20,39.3,22,56,0,21,57.1,8,14,0,13,9,31,0,46.2,6,13,39,0,0,0,59,s:40~l:54~t:59,georgia-tech-yellow-jackets,Georgia Tech,Yellow Jackets,GT,Georgia Tech Yellow Jackets,Georgia Tech,00223e,002c56,https://a.espncdn.com/i/teamlogos/ncaa/500/59.png,81
310620059,2011,2,2011-03-03,2011-03-03T11:00:00.000000-0500,59,s:40~l:54~t:59,georgia-tech-yellow-jackets,Georgia Tech,Yellow Jackets,GT,Georgia Tech Yellow Jackets,Georgia Tech,00223e,002c56,https://a.espncdn.com/i/teamlogos/ncaa/500/59.png,home,81,true,20,1,19,43.1,28,65,0,16,61.5,16,26,42,19,20,18,0,42.9,9,21,38,0,0,0,259,s:40~l:54~t:259,virginia-tech-hokies,Virginia Tech,Hokies,VT,Virginia Tech Hokies,Virginia Tech,630031,cf4520,https://a.espncdn.com/i/teamlogos/ncaa/500/259.png,58
310620057,2011,2,2011-03-03,2011-03-03T13:00:00.000000-0500,8,s:40~l:54~t:8,arkansas-razorbacks,Arkansas,Razorbacks,ARK,Arkansas Razorbacks,Arkansas,a41f35,222222,https://a.espncdn.com/i/teamlogos/ncaa/500/8.png,away,59,false,7,4,20,37.9,22,58,0,20,66.7,6,9,2,9,10,18,0,45.0,9,20,30,0,0,0,57,s:40~l:54~t:57,florida-gators,Florida,Gators,FLA,Florida Gators,Florida,0021a5,fa4616,https://a.espncdn.com/i/teamlogos/ncaa/500/57.png,68
310620057,2011,2,2011-03-03,2011-03-03T13:00:00.000000-0500,57,s:40~l:54~t:57,florida-gators,Florida,Gators,FLA,Florida Gators,Florida,0021a5,fa4616,https://a.espncdn.com/i/teamlogos/ncaa/500/57.png,home,68,true,12,3,25,45.8,27,59,0,9,55.6,10,18,17,15,4,18,0,36.4,4,11,43,0,0,0,8,s:40~l:54~t:8,arkansas-razorbacks,Arkansas,Razorbacks,ARK,Arkansas Razorbacks,Arkansas,a41f35,222222,https://a.espncdn.com/i/teamlogos/ncaa/500/8.png,59
310622509,2011,2,2011-03-03,2011-03-03T14:00:00.000000-0500,84,s:40~l:54~t:84,indiana-hoosiers,Indiana,Hoosiers,IU,Indiana Hoosiers,Indiana,990000,edebeb,https://a.espncdn.com/i/teamlogos/ncaa/500/84.png,away,62,false,11,4,24,37.3,22,59,0,17,75.0,12,16,8,12,12,20,0,28.6,6,21,40,0,0,0,2509,s:40~l:54~t:2509,purdue-boilermakers,Purdue,Boilermakers,PUR,Purdue Boilermakers,Purdue,000000,cfb991,https://a.espncdn.com/i/teamlogos/ncaa/500/2509.png,66
310622509,2011,2,2011-03-03,2011-03-03T14:00:00.000000-0500,2509,s:40~l:54~t:2509,purdue-boilermakers,Purdue,Boilermakers,PUR,Purdue Boilermakers,Purdue,000000,cfb991,https://a.espncdn.com/i/teamlogos/ncaa/500/2509.png,home,66,true,14,5,23,44.2,23,52,0,17,80.0,16,20,8,3,11,18,0,36.4,4,11,30,0,0,0,84,s:40~l:54~t:84,indiana-hoosiers,Indiana,Hoosiers,IU,Indiana Hoosiers,Indiana,990000,edebeb,https://a.espncdn.com/i/teamlogos/ncaa/500/84.png,62
310620258,2011,2,2011-03-03,2011-03-03T15:00:00.000000-0500,154,s:40~l:54~t:154,wake-forest-demon-deacons,Wake Forest,Demon Deacons,WAKE,Wake Forest Demon Deacons,Wake Forest,9E7E38,000000,https://a.espncdn.com/i/teamlogos/ncaa/500/154.png,away,74,true,19,4,26,50.0,28,56,0,20,73.7,14,19,10,7,11,14,0,23.5,4,17,33,0,0,0,258,s:40~l:54~t:258,virginia-cavaliers,Virginia,Cavaliers,UVA,Virginia Cavaliers,Virginia,f84c1e,ffffff,https://a.espncdn.com/i/teamlogos/ncaa/500/258.png,68
310620258,2011,2,2011-03-03,2011-03-03T15:00:00.000000-0500,258,s:40~l:54~t:258,virginia-cavaliers,Virginia,Cavaliers,UVA,Virginia Cavaliers,Virginia,f84c1e,ffffff,https://a.espncdn.com/i/teamlogos/ncaa/500/258.png,home,68,false,18,2,22,41.1,23,56,0,19,71.4,15,21,10,10,8,21,0,41.2,7,17,33,0,0,0,154,s:40~l:54~t:154,wake-forest-demon-deacons,Wake Forest,Demon Deacons,WAKE,Wake Forest Demon Deacons,Wake Forest,9E7E38,000000,https://a.espncdn.com/i/teamlogos/ncaa/500/154.png,74
310620099,2011,2,2011-03-03,2011-03-03T15:30:00.000000-0500,333,s:40~l:54~t:333,alabama-crimson-tide,Alabama,Crimson Tide,ALA,Alabama Crimson Tide,Alabama,9e1632,ffffff,https://a.espncdn.com/i/teamlogos/ncaa/500/333.png,away,36,false,4,2,22,24.1,14,58,0,18,60.0,3,5,0,3,5,16,0,33.3,5,15,29,0,0,0,99,s:40~l:54~t:99,lsu-tigers,LSU,Tigers,LSU,LSU Tigers,LSU,461d7c,fdd023,https://a.espncdn.com/i/teamlogos/ncaa/500/99.png,60
310620099,2011,2,2011-03-03,2011-03-03T15:30:00.000000-0500,99,s:40~l:54~t:99,lsu-tigers,LSU,Tigers,LSU,LSU Tigers,LSU,461d7c,fdd023,https://a.espncdn.com/i/teamlogos/ncaa/500/99.png,home,60,true,8,5,35,49.0,24,49,0,12,58.8,10,17,25,2,4,17,0,25.0,2,8,42,0,0,0,333,s:40~l:54~t:333,alabama-crimson-tide,Alabama,Crimson Tide,ALA,Alabama Crimson Tide,Alabama,9e1632,ffffff,https://a.espncdn.com/i/teamlogos/ncaa/500/333.png,36
310620275,2011,2,2011-03-03,2011-03-03T16:30:00.000000-0500,356,s:40~l:54~t:356,illinois-fighting-illini,Illinois,Fighting Illini,ILL,Illinois Fighting Illini,Illinois,ff5f05,13294b,https://a.espncdn.com/i/teamlogos/ncaa/500/356.png,away,63,true,12,4,30,48.1,25,52,0,10,80.0,8,10,16,4,2,17,0,35.7,5,14,35,0,0,0,275,s:40~l:54~t:275,wisconsin-badgers,Wisconsin,Badgers,WISC,Wisconsin Badgers,Wisconsin,A00000,f7f7f7,https://a.espncdn.com/i/teamlogos/ncaa/500/275.png,56
310620275,2011,2,2011-03-03,2011-03-03T16:30:00.000000-0500,275,s:40~l:54~t:275,wisconsin-badgers,Wisconsin,Badgers,WISC,Wisconsin Badgers,Wisconsin,A00000,f7f7f7,https://a.espncdn.com/i/teamlogos/ncaa/500/275.png,home,56,false,9,1,19,39.7,23,58,0,15,66.7,6,9,0,2,7,13,0,25.0,4,16,28,0,0,0,356,s:40~l:54~t:356,illinois-fighting-illini,Illinois,Fighting Illini,ILL,Illinois Fighting Illini,Illinois,ff5f05,13294b,https://a.espncdn.com/i/teamlogos/ncaa/500/356.png,63
310620103,2011,2,2011-03-03,2011-03-03T18:00:00.000000-0500,152,s:40~l:54~t:152,nc-state-wolfpack,NC State,Wolfpack,NCST,NC State Wolfpack,NC State,EF1216,231f20,https://a.espncdn.com/i/teamlogos/ncaa/500/152.png,away,71,true,13,1,19,35.8,24,67,0,14,78.3,18,23,4,13,12,18,0,26.3,5,19,35,0,0,0,103,s:40~l:54~t:103,boston-college-eagles,Boston College,Eagles,BC,Boston College Eagles,Boston College,8c2232,dbcca6,https://a.espncdn.com/i/teamlogos/ncaa/500/103.png,70
310620103,2011,2,2011-03-03,2011-03-03T18:00:00.000000-0500,103,s:40~l:54~t:103,boston-college-eagles,Boston College,Eagles,BC,Boston College Eagles,Boston College,8c2232,dbcca6,https://a.espncdn.com/i/teamlogos/ncaa/500/103.png,home,70,false,19,2,26,48.2,27,56,0,18,86.7,13,15,15,9,10,25,0,20.0,3,15,39,0,0,0,152,s:40~l:54~t:152,nc-state-wolfpack,NC State,Wolfpack,NCST,NC State Wolfpack,NC State,EF1216,231f20,https://a.espncdn.com/i/teamlogos/ncaa/500/152.png,71
310620077,2011,2,2011-03-03,2011-03-03T19:00:00.000000-0500,135,s:40~l:54~t:135,minnesota-golden-gophers,Minnesota,Golden Gophers,MINN,Minnesota Golden Gophers,Minnesota,981a31,981a31,https://a.espncdn.com/i/teamlogos/ncaa/500/135.png,away,44,false,5,1,24,25.4,15,59,0,13,76.9,10,13,0,10,14,16,0,23.5,4,17,37,0,0,0,77,s:40~l:54~t:77,northwestern-wildcats,Northwestern,Wildcats,NU,Northwestern Wildcats,Northwestern,582c83,ffffff,https://a.espncdn.com/i/teamlogos/ncaa/500/77.png,53
310620077,2011,2,2011-03-03,2011-03-03T19:00:00.000000-0500,77,s:40~l:54~t:77,northwestern-wildcats,Northwestern,Wildcats,NU,Northwestern Wildcats,Northwestern,582c83,ffffff,https://a.espncdn.com/i/teamlogos/ncaa/500/77.png,home,53,true,16,4,33,36.0,18,50,0,11,82.4,14,17,11,9,8,21,0,16.7,3,18,43,0,0,0,135,s:40~l:54~t:135,minnesota-golden-gophers,Minnesota,Golden Gophers,MINN,Minnesota Golden Gophers,Minnesota,981a31,981a31,https://a.espncdn.com/i/teamlogos/ncaa/500/135.png,44
310622579,2011,2,2011-03-03,2011-03-03T19:30:00.000000-0500,145,s:40~l:54~t:145,ole-miss-rebels,Ole Miss,Rebels,MISS,Ole Miss Rebels,Ole Miss,001148,00205b,https://a.espncdn.com/i/teamlogos/ncaa/500/145.png,away,50,false,6,0,19,26.9,18,67,0,20,50.0,13,26,4,22,1,4,0,5.0,1,20,45,0,0,0,2579,s:40~l:54~t:2579,south-carolina-gamecocks,South Carolina,Gamecocks,SC,South Carolina Gamecocks,South Carolina,73000a,ffffff,https://a.espncdn.com/i/teamlogos/ncaa/500/2579.png,62
310622579,2011,2,2011-03-03,2011-03-03T19:30:00.000000-0500,2579,s:40~l:54~t:2579,south-carolina-gamecocks,South Carolina,Gamecocks,SC,South Carolina Gamecocks,South Carolina,73000a,ffffff,https://a.espncdn.com/i/teamlogos/ncaa/500/2579.png,home,62,true,12,3,29,43.1,22,51,0,19,57.7,15,26,13,11,2,5,0,20.0,3,15,43,0,0,0,145,s:40~l:54~t:145,ole-miss-rebels,Ole Miss,Rebels,MISS,Ole Miss Rebels,Ole Miss,001148,00205b,https://a.espncdn.com/i/teamlogos/ncaa/500/145.png,50
310620030,2011,2,2011-03-03,2011-03-03T22:00:00.000000-0500,265,s:40~l:54~t:265,washington-state-cougars,Washington State,Cougars,WSU,Washington State Cougars,Washington St,94022a,6a747c,https://a.espncdn.com/i/teamlogos/ncaa/500/265.png,away,67,false,13,0,16,45.1,23,51,0,28,57.1,12,21,7,3,8,16,0,45.0,9,20,22,0,0,0,30,s:40~l:54~t:30,usc-trojans,USC,Trojans,USC,USC Trojans,USC,9e2237,ffcc00,https://a.espncdn.com/i/teamlogos/ncaa/500/30.png,74
310620030,2011,2,2011-03-03,2011-03-03T22:00:00.000000-0500,30,s:40~l:54~t:30,usc-trojans,USC,Trojans,USC,USC Trojans,USC,9e2237,ffcc00,https://a.espncdn.com/i/teamlogos/ncaa/500/30.png,home,74,true,13,2,30,43.5,20,46,0,21,69.6,32,46,11,9,9,17,0,18.2,2,11,41,0,0,0,265,s:40~l:54~t:265,washington-state-cougars,Washington State,Cougars,WSU,Washington State Cougars,Washington St,94022a,6a747c,https://a.espncdn.com/i/teamlogos/ncaa/500/265.png,67
310620002,2011,2,2011-03-03,2011-03-03T22:00:00.000000-0500,344,s:40~l:54~t:344,mississippi-state-bulldogs,Mississippi State,Bulldogs,MSST,Mississippi State Bulldogs,Mississippi St,762123,c8c8c8,https://a.espncdn.com/i/teamlogos/ncaa/500/344.png,away,49,true,8,6,20,36.0,18,50,0,14,70.0,7,10,3,8,4,19,0,30.0,6,20,35,0,0,0,2,s:40~l:54~t:2,auburn-tigers,Auburn,Tigers,AUB,Auburn Tigers,Auburn,03244d,f1f2f3,https://a.espncdn.com/i/teamlogos/ncaa/500/2.png,47
310620002,2011,2,2011-03-03,2011-03-03T22:00:00.000000-0500,2,s:40~l:54~t:2,auburn-tigers,Auburn,Tigers,AUB,Auburn Tigers,Auburn,03244d,f1f2f3,https://a.espncdn.com/i/teamlogos/ncaa/500/2.png,home,47,false,11,2,18,34.5,20,58,0,16,43.8,7,16,11,16,4,15,0,0.0,0,8,40,0,0,0,344,s:40~l:54~t:344,mississippi-state-bulldogs,Mississippi State,Bulldogs,MSST,Mississippi State Bulldogs,Mississippi St,762123,c8c8c8,https://a.espncdn.com/i/teamlogos/ncaa/500/344.png,49
310612306,2011,2,2011-03-02,2011-03-02T20:00:00.000000-0500,245,s:40~l:54~t:245,texas-am-aggies,Texas A&M,Aggies,TA&M,Texas A&M Aggies,Texas A&M,5C0025,ffffff,https://a.espncdn.com/i/teamlogos/ncaa/500/245.png,away,67,false,10,0,18,40.0,26,65,0,21,62.5,10,16,2,17,7,16,0,38.5,5,13,40,0,0,0,2306,s:40~l:54~t:2306,kansas-state-wildcats,Kansas State,Wildcats,KSU,Kansas State Wildcats,Kansas St,633194,e7d2ad,https://a.espncdn.com/i/teamlogos/ncaa/500/2306.png,71
310612306,2011,2,2011-03-02,2011-03-02T20:00:00.000000-0500,2306,s:40~l:54~t:2306,kansas-state-wildcats,Kansas State,Wildcats,KSU,Kansas State Wildcats,Kansas St,633194,e7d2ad,https://a.espncdn.com/i/teamlogos/ncaa/500/2306.png,home,71,true,14,3,18,50.0,22,44,0,16,70.8,17,24,15,6,8,17,0,52.6,10,19,26,0,0,0,245,s:40~l:54~t:245,texas-am-aggies,Texas A&M,Aggies,TA&M,Texas A&M Aggies,Texas A&M,5C0025,ffffff,https://a.espncdn.com/i/teamlogos/ncaa/500/245.png,67
310610201,2011,2,2011-03-02,2011-03-02T20:00:00.000000-0500,197,s:40~l:54~t:197,oklahoma-state-cowgirls,Oklahoma State,Cowgirls,OKST,Oklahoma State Cowgirls,Oklahoma St,ff6500,000000,https://a.espncdn.com/i/teamlogos/ncaa/500/197.png,away,66,false,13,6,21,48.2,27,56,0,18,60.0,9,15,1,3,4,11,0,33.3,3,9,30,0,0,0,201,s:40~l:54~t:201,oklahoma-sooners,Oklahoma,Sooners,OU,Oklahoma Sooners,Oklahoma,9d2235,ffffff,https://a.espncdn.com/i/teamlogos/ncaa/500/201.png,81
310610201,2011,2,2011-03-02,2011-03-02T20:00:00.000000-0500,201,s:40~l:54~t:201,oklahoma-sooners,Oklahoma,Sooners,OU,Oklahoma Sooners,Oklahoma,9d2235,ffffff,https://a.espncdn.com/i/teamlogos/ncaa/500/201.png,home,81,true,14,2,27,43.3,26,60,0,15,83.3,15,18,26,8,7,13,0,50.0,14,28,40,0,0,0,197,s:40~l:54~t:197,oklahoma-state-cowgirls,Oklahoma State,Cowgirls,OKST,Oklahoma State Cowgirls,Oklahoma St,ff6500,000000,https://a.espncdn.com/i/teamlogos/ncaa/500/197.png,66
310600066,2011,2,2011-03-01,2011-03-01T20:00:00.000000-0500,2305,s:40~l:54~t:2305,kansas-jayhawks,Kansas,Jayhawks,KU,Kansas Jayhawks,Kansas,0051ba,e8000d,https://a.espncdn.com/i/teamlogos/ncaa/500/2305.png,away,36,false,9,3,17,29.6,16,54,0,15,33.3,2,6,0,7,7,19,0,20.0,2,10,25,0,0,0,66,s:40~l:54~t:66,iowa-state-cyclones,Iowa State,Cyclones,ISU,Iowa State Cyclones,Iowa State,822433,fdca2f,https://a.espncdn.com/i/teamlogos/ncaa/500/66.png,72
310600066,2011,2,2011-03-01,2011-03-01T20:00:00.000000-0500,66,s:40~l:54~t:66,iowa-state-cyclones,Iowa State,Cyclones,ISU,Iowa State Cyclones,Iowa State,822433,fdca2f,https://a.espncdn.com/i/teamlogos/ncaa/500/66.png,home,72,true,16,6,26,53.8,28,52,0,12,90.0,9,10,36,7,7,18,0,50.0,7,14,38,0,0,0,2305,s:40~l:54~t:2305,kansas-jayhawks,Kansas,Jayhawks,KU,Kansas Jayhawks,Kansas,0051ba,e8000d,https://a.espncdn.com/i/teamlogos/ncaa/500/2305.png,36
310590041,2011,2,2011-02-28,2011-02-28T19:30:00.000000-0500,183,s:40~l:54~t:183,syracuse-orange,Syracuse,Orange,SYR,Syracuse Orange,Syracuse,ff6500,000e54,https://a.espncdn.com/i/teamlogos/ncaa/500/183.png,away,47,false,6,1,15,35.3,18,51,0,15,63.6,7,11,0,6,5,15,0,23.5,4,17,24,0,0,0,41,s:40~l:54~t:41,uconn-huskies,UConn,Huskies,CONN,UConn Huskies,UConn,0c2340,f1f2f3,https://a.espncdn.com/i/teamlogos/ncaa/500/41.png,82
310590041,2011,2,2011-02-28,2011-02-28T19:30:00.000000-0500,41,s:40~l:54~t:41,uconn-huskies,UConn,Huskies,CONN,UConn Huskies,UConn,0c2340,f1f2f3,https://a.espncdn.com/i/teamlogos/ncaa/500/41.png,home,82,true,26,3,23,53.2,33,62,0,12,72.7,8,11,40,11,6,12,0,40.0,8,20,40,0,0,0,183,s:40~l:54~t:183,syracuse-orange,Syracuse,Orange,SYR,Syracuse Orange,Syracuse,ff6500,000e54,https://a.espncdn.com/i/teamlogos/ncaa/500/183.png,47
310592132,2011,2,2011-02-28,2011-02-28T19:00:00.000000-0500,269,s:40~l:54~t:269,marquette-golden-eagles,Marquette,Golden Eagles,MARQ,Marquette Golden Eagles,Marquette,083963,ffffff,https://a.espncdn.com/i/teamlogos/ncaa/500/269.png,away,62,false,18,3,22,50.9,27,53,0,12,50.0,2,4,4,9,5,14,0,35.3,6,17,34,0,0,0,2132,s:40~l:54~t:2132,cincinnati-bearcats,Cincinnati,Bearcats,CIN,Cincinnati Bearcats,Cincinnati,000000,717073,https://a.espncdn.com/i/teamlogos/ncaa/500/2132.png,65
310592132,2011,2,2011-02-28,2011-02-28T19:00:00.000000-0500,2132,s:40~l:54~t:2132,cincinnati-bearcats,Cincinnati,Bearcats,CIN,Cincinnati Bearcats,Cincinnati,000000,717073,https://a.espncdn.com/i/teamlogos/ncaa/500/2132.png,home,65,true,16,1,14,44.4,24,54,0,7,100.0,4,4,7,6,6,9,0,44.8,13,29,21,0,0,0,269,s:40~l:54~t:269,marquette-golden-eagles,Marquette,Golden Eagles,MARQ,Marquette Golden Eagles,Marquette,083963,ffffff,https://a.espncdn.com/i/teamlogos/ncaa/500/269.png,62
310592448,2011,2,2011-02-28,2011-02-28T16:30:00.000000-0500,2415,s:40~l:54~t:2415,morgan-state-lady-bears,Morgan State,Lady Bears,MORG,Morgan State Lady Bears,Morgan St,014786,f47937,https://a.espncdn.com/i/teamlogos/ncaa/500/2415.png,away,74,true,15,2,32,40.0,20,50,0,15,92.0,23,25,14,5,5,26,0,44.0,11,25,45,0,0,0,2448,s:40~l:54~t:2448,north-carolina-at-aggies,North Carolina A&T,Aggies,NCAT,North Carolina A&T Aggies,NC A&T,0505aa,004684,https://a.espncdn.com/i/teamlogos/ncaa/500/2448.png,69
310592448,2011,2,2011-02-28,2011-02-28T16:30:00.000000-0500,2448,s:40~l:54~t:2448,north-carolina-at-aggies,North Carolina A&T,Aggies,NCAT,North Carolina A&T Aggies,NC A&T,0505aa,004684,https://a.espncdn.com/i/teamlogos/ncaa/500/2448.png,home,69,false,15,2,19,32.9,24,73,0,20,71.4,15,21,0,17,12,13,0,28.6,6,21,41,0,0,0,2415,s:40~l:54~t:2415,morgan-state-lady-bears,Morgan State,Lady Bears,MORG,Morgan State Lady Bears,Morgan St,014786,f47937,https://a.espncdn.com/i/teamlogos/ncaa/500/2415.png,74
310590277,2011,2,2011-02-28,2011-02-28T19:00:00.000000-0500,2599,s:40~l:54~t:2599,st-johns-red-storm,St. John's,Red Storm,SJU,St. John's Red Storm,St John's,d10000,101010,https://a.espncdn.com/i/teamlogos/ncaa/500/2599.png,away,49,false,3,3,20,38.8,19,49,0,20,58.8,10,17,2,7,8,20,0,12.5,1,8,30,0,0,0,277,s:40~l:54~t:277,west-virginia-mountaineers,West Virginia,Mountaineers,WVU,West Virginia Mountaineers,West Virginia,FFC600,eaaa00,https://a.espncdn.com/i/teamlogos/ncaa/500/277.png,69
310590277,2011,2,2011-02-28,2011-02-28T19:00:00.000000-0500,277,s:40~l:54~t:277,west-virginia-mountaineers,West Virginia,Mountaineers,WVU,West Virginia Mountaineers,West Virginia,FFC600,eaaa00,https://a.espncdn.com/i/teamlogos/ncaa/500/277.png,home,69,true,12,4,26,41.0,25,61,0,19,66.7,16,24,20,16,10,18,0,37.5,3,8,46,0,0,0,2599,s:40~l:54~t:2599,st-johns-red-storm,St. John's,Red Storm,SJU,St. John's Red Storm,St John's,d10000,101010,https://a.espncdn.com/i/teamlogos/ncaa/500/2599.png,49
310592440,2011,2,2011-02-28,2011-02-28T23:00:00.000000-0500,2348,s:40~l:54~t:2348,louisiana-tech-lady-techsters,Louisiana Tech,Lady Techsters,LT,Louisiana Tech Lady Techsters,Louisiana Tech,002d65,d3313a,https://a.espncdn.com/i/teamlogos/ncaa/500/2348.png,away,66,false,18,2,11,43.6,24,55,0,17,56.3,9,16,5,7,12,13,0,52.9,9,17,22,0,0,0,2440,s:40~l:54~t:2440,nevada-wolf-pack,Nevada,Wolf Pack,NEV,Nevada Wolf Pack,Nevada,153E5F,8e9295,https://a.espncdn.com/i/teamlogos/ncaa/500/2440.png,71
310592440,2011,2,2011-02-28,2011-02-28T23:00:00.000000-0500,2440,s:40~l:54~t:2440,nevada-wolf-pack,Nevada,Wolf Pack,NEV,Nevada Wolf Pack,Nevada,153E5F,8e9295,https://a.espncdn.com/i/teamlogos/ncaa/500/2440.png,home,71,true,14,1,25,45.5,25,55,0,15,72.2,13,18,13,16,7,21,0,50.0,8,16,46,0,0,0,2348,s:40~l:54~t:2348,louisiana-tech-lady-techsters,Louisiana Tech,Lady Techsters,LT,Louisiana Tech Lady Techsters,Louisiana Tech,002d65,d3313a,https://a.espncdn.com/i/teamlogos/ncaa/500/2348.png,66
310580201,2011,2,2011-02-27,2011-02-27T17:00:00.000000-0500,239,s:40~l:54~t:239,baylor-bears,Baylor,Bears,BAY,Baylor Bears,Baylor,154734,ffb81c,https://a.espncdn.com/i/teamlogos/ncaa/500/239.png,away,82,true,17,4,17,46.0,29,63,0,20,68.8,11,16,11,12,3,17,1,48.1,13,27,37,1,0,0,201,s:40~l:54~t:201,oklahoma-sooners,Oklahoma,Sooners,OU,Oklahoma Sooners,Oklahoma,9d2235,ffffff,https://a.espncdn.com/i/teamlogos/ncaa/500/201.png,81
310580201,2011,2,2011-02-27,2011-02-27T17:00:00.000000-0500,201,s:40~l:54~t:201,oklahoma-sooners,Oklahoma,Sooners,OU,Oklahoma Sooners,Oklahoma,9d2235,ffffff,https://a.espncdn.com/i/teamlogos/ncaa/500/201.png,home,81,false,10,1,21,45.3,29,64,0,22,90.9,20,22,3,12,5,15,0,23.1,3,13,36,0,0,0,239,s:40~l:54~t:239,baylor-bears,Baylor,Bears,BAY,Baylor Bears,Baylor,154734,ffb81c,https://a.espncdn.com/i/teamlogos/ncaa/500/239.png,82
310582633,2011,2,2011-02-27,2011-02-27T14:00:00.000000-0500,99,s:40~l:54~t:99,lsu-tigers,LSU,Tigers,LSU,LSU Tigers,LSU,461d7c,fdd023,https://a.espncdn.com/i/teamlogos/ncaa/500/99.png,away,60,false,11,3,26,31.3,20,64,0,15,68.4,13,19,0,12,5,14,1,28.0,7,25,43,1,0,0,2633,s:40~l:54~t:2633,tennessee-lady-volunteers,Tennessee,Lady Volunteers,TENN,Tennessee Lady Volunteers,Tennessee,ff8200,ffffff,https://a.espncdn.com/i/teamlogos/ncaa/500/2633_ncw.png,80
310582633,2011,2,2011-02-27,2011-02-27T14:00:00.000000-0500,2633,s:40~l:54~t:2633,tennessee-lady-volunteers,Tennessee,Lady Volunteers,TENN,Tennessee Lady Volunteers,Tennessee,ff8200,ffffff,https://a.espncdn.com/i/teamlogos/ncaa/500/2633_ncw.png,home,80,true,10,2,32,44.8,30,67,0,17,84.6,11,13,24,10,7,11,1,56.3,9,16,43,1,0,0,99,s:40~l:54~t:99,lsu-tigers,LSU,Tigers,LSU,LSU Tigers,LSU,461d7c,fdd023,https://a.espncdn.com/i/teamlogos/ncaa/500/99.png,60
310580251,2011,2,2011-02-27,2011-02-27T15:00:00.000000-0500,245,s:40~l:54~t:245,texas-am-aggies,Texas A&M,Aggies,TA&M,Texas A&M Aggies,Texas A&M,5C0025,ffffff,https://a.espncdn.com/i/teamlogos/ncaa/500/245.png,away,68,true,11,3,20,40.3,27,67,0,15,65.0,13,20,16,14,11,11,0,7.7,1,13,40,0,0,0,251,s:40~l:54~t:251,texas-longhorns,Texas,Longhorns,TEX,Texas Longhorns,Texas,c15d26,ffffff,https://a.espncdn.com/i/teamlogos/ncaa/500/251.png,65
310580251,2011,2,2011-02-27,2011-02-27T15:00:00.000000-0500,251,s:40~l:54~t:251,texas-longhorns,Texas,Longhorns,TEX,Texas Longhorns,Texas,c15d26,ffffff,https://a.espncdn.com/i/teamlogos/ncaa/500/251.png,home,65,false,8,4,24,42.4,25,59,0,19,66.7,8,12,3,11,2,18,1,31.8,7,22,38,1,0,0,245,s:40~l:54~t:245,texas-am-aggies,Texas A&M,Aggies,TA&M,Texas A&M Aggies,Texas A&M,5C0025,ffffff,https://a.espncdn.com/i/teamlogos/ncaa/500/245.png,68
310580218,2011,2,2011-02-27,2011-02-27T16:00:00.000000-0500,2752,s:40~l:54~t:2752,xavier-musketeers,Xavier,Musketeers,XAV,Xavier Musketeers,Xavier,002144,9ea2a2,https://a.espncdn.com/i/teamlogos/ncaa/500/2752.png,away,73,true,14,5,29,43.1,25,58,0,15,69.2,18,26,12,8,7,13,0,45.5,5,11,41,0,0,0,218,s:40~l:54~t:218,temple-owls,Temple,Owls,TEM,Temple Owls,Temple,A80532,a7a9ac,https://a.espncdn.com/i/teamlogos/ncaa/500/218.png,66
310580218,2011,2,2011-02-27,2011-02-27T16:00:00.000000-0500,218,s:40~l:54~t:218,temple-owls,Temple,Owls,TEM,Temple Owls,Temple,A80532,a7a9ac,https://a.espncdn.com/i/teamlogos/ncaa/500/218.png,home,66,false,10,7,23,33.3,23,69,0,18,87.5,14,16,10,13,10,14,0,27.3,6,22,44,0,0,0,2752,s:40~l:54~t:2752,xavier-musketeers,Xavier,Musketeers,XAV,Xavier Musketeers,Xavier,002144,9ea2a2,https://a.espncdn.com/i/teamlogos/ncaa/500/2752.png,73
310580150,2011,2,2011-02-27,2011-02-27T17:00:00.000000-0500,153,s:40~l:54~t:153,north-carolina-tar-heels,North Carolina,Tar Heels,UNC,North Carolina Tar Heels,North Carolina,7bafd4,13294b,https://a.espncdn.com/i/teamlogos/ncaa/500/153.png,away,58,false,13,7,28,30.6,19,62,0,21,72.7,16,22,7,12,7,19,0,21.1,4,19,46,0,0,0,150,s:40~l:54~t:150,duke-blue-devils,Duke,Blue Devils,DUKE,Duke Blue Devils,Duke,013088,ffffff,https://a.espncdn.com/i/teamlogos/ncaa/500/150.png,66
310580150,2011,2,2011-02-27,2011-02-27T17:00:00.000000-0500,150,s:40~l:54~t:150,duke-blue-devils,Duke,Blue Devils,DUKE,Duke Blue Devils,Duke,013088,ffffff,https://a.espncdn.com/i/teamlogos/ncaa/500/150.png,home,66,true,17,4,25,34.8,24,69,0,18,47.8,11,23,14,20,10,17,0,36.8,7,19,52,0,0,0,153,s:40~l:54~t:153,north-carolina-tar-heels,North Carolina,Tar Heels,UNC,North Carolina Tar Heels,North Carolina,7bafd4,13294b,https://a.espncdn.com/i/teamlogos/ncaa/500/153.png,58
310580135,2011,2,2011-02-27,2011-02-27T15:00:00.000000-0500,127,s:40~l:54~t:127,michigan-state-spartans,Michigan State,Spartans,MSU,Michigan State Spartans,Michigan St,18453B,ffffff,https://a.espncdn.com/i/teamlogos/ncaa/500/127.png,away,65,true,14,3,19,40.0,22,55,0,16,68.8,11,16,14,12,13,17,0,41.7,10,24,33,0,0,0,135,s:40~l:54~t:135,minnesota-golden-gophers,Minnesota,Golden Gophers,MINN,Minnesota Golden Gophers,Minnesota,981a31,981a31,https://a.espncdn.com/i/teamlogos/ncaa/500/135.png,51
310580135,2011,2,2011-02-27,2011-02-27T15:00:00.000000-0500,135,s:40~l:54~t:135,minnesota-golden-gophers,Minnesota,Golden Gophers,MINN,Minnesota Golden Gophers,Minnesota,981a31,981a31,https://a.espncdn.com/i/teamlogos/ncaa/500/135.png,home,51,false,12,2,20,40.8,20,49,0,16,66.7,10,15,12,7,8,22,0,20.0,1,5,33,0,0,0,127,s:40~l:54~t:127,michigan-state-spartans,Michigan State,Spartans,MSU,Michigan State Spartans,Michigan St,18453B,ffffff,https://a.espncdn.com/i/teamlogos/ncaa/500/127.png,65
310580059,2011,2,2011-02-27,2011-02-27T14:00:00.000000-0500,2390,s:40~l:54~t:2390,miami-hurricanes,Miami,Hurricanes,MIA,Miami Hurricanes,Miami,004325,f0f0f0,https://a.espncdn.com/i/teamlogos/ncaa/500/2390.png,away,70,true,17,4,23,46.4,26,56,0,13,50.0,11,22,11,13,12,19,0,46.7,7,15,39,0,0,0,59,s:40~l:54~t:59,georgia-tech-yellow-jackets,Georgia Tech,Yellow Jackets,GT,Georgia Tech Yellow Jackets,Georgia Tech,00223e,002c56,https://a.espncdn.com/i/teamlogos/ncaa/500/59.png,59
310580059,2011,2,2011-02-27,2011-02-27T14:00:00.000000-0500,59,s:40~l:54~t:59,georgia-tech-yellow-jackets,Georgia Tech,Yellow Jackets,GT,Georgia Tech Yellow Jackets,Georgia Tech,00223e,002c56,https://a.espncdn.com/i/teamlogos/ncaa/500/59.png,home,59,false,12,3,23,36.9,24,65,0,21,57.1,8,14,1,16,7,21,0,25.0,3,12,42,0,0,0,2390,s:40~l:54~t:2390,miami-hurricanes,Miami,Hurricanes,MIA,Miami Hurricanes,Miami,004325,f0f0f0,https://a.espncdn.com/i/teamlogos/ncaa/500/2390.png,70
310580052,2011,2,2011-02-27,2011-02-27T14:00:00.000000-0500,228,s:40~l:54~t:228,clemson-tigers,Clemson,Tigers,CLEM,Clemson Tigers,Clemson,F66733,522d80,https://a.espncdn.com/i/teamlogos/ncaa/500/228.png,away,50,false,9,3,19,30.0,18,60,0,19,44.4,4,9,6,11,6,23,0,47.6,10,21,34,0,0,0,52,s:40~l:54~t:52,florida-state-seminoles,Florida State,Seminoles,FSU,Florida State Seminoles,Florida St,782F40,ceb888,https://a.espncdn.com/i/teamlogos/ncaa/500/52.png,67
310580052,2011,2,2011-02-27,2011-02-27T14:00:00.000000-0500,52,s:40~l:54~t:52,florida-state-seminoles,Florida State,Seminoles,FSU,Florida State Seminoles,Florida St,782F40,ceb888,https://a.espncdn.com/i/teamlogos/ncaa/500/52.png,home,67,true,12,4,26,36.7,22,60,0,13,69.2,18,26,18,16,8,20,0,26.3,5,19,47,0,0,0,228,s:40~l:54~t:228,clemson-tigers,Clemson,Tigers,CLEM,Clemson Tigers,Clemson,F66733,522d80,https://a.espncdn.com/i/teamlogos/ncaa/500/228.png,50
310580103,2011,2,2011-02-27,2011-02-27T13:00:00.000000-0500,120,s:40~l:54~t:120,maryland-terrapins,Maryland,Terrapins,MD,Maryland Terrapins,Maryland,D5002B,ffcd00,https://a.espncdn.com/i/teamlogos/ncaa/500/120.png,away,78,true,15,4,26,42.4,28,66,0,15,56.7,17,30,11,15,9,12,0,35.7,5,14,44,0,0,0,103,s:40~l:54~t:103,boston-college-eagles,Boston College,Eagles,BC,Boston College Eagles,Boston College,8c2232,dbcca6,https://a.espncdn.com/i/teamlogos/ncaa/500/103.png,69
310580103,2011,2,2011-02-27,2011-02-27T13:00:00.000000-0500,103,s:40~l:54~t:103,boston-college-eagles,Boston College,Eagles,BC,Boston College Eagles,Boston College,8c2232,dbcca6,https://a.espncdn.com/i/teamlogos/ncaa/500/103.png,home,69,false,12,1,23,39.1,27,69,0,21,80.0,12,15,0,17,6,16,1,15.8,3,19,43,1,0,0,120,s:40~l:54~t:120,maryland-terrapins,Maryland,Terrapins,MD,Maryland Terrapins,Maryland,D5002B,ffcd00,https://a.espncdn.com/i/teamlogos/ncaa/500/120.png,78
310570046,2011,2,2011-02-26,2011-02-26T15:00:00.000000-0500,41,s:40~l:54~t:41,uconn-huskies,UConn,Huskies,CONN,UConn Huskies,UConn,0c2340,f1f2f3,https://a.espncdn.com/i/teamlogos/ncaa/500/41.png,away,52,true,12,1,28,37.8,14,37,0,12,76.0,19,25,14,5,7,26,0,35.7,5,14,38,0,0,0,46,s:40~l:54~t:46,georgetown-hoyas,Georgetown,Hoyas,GTWN,Georgetown Hoyas,Georgetown,110E42,001c58,https://a.espncdn.com/i/teamlogos/ncaa/500/46.png,42
310570046,2011,2,2011-02-26,2011-02-26T15:00:00.000000-0500,46,s:40~l:54~t:46,georgetown-hoyas,Georgetown,Hoyas,GTWN,Georgetown Hoyas,Georgetown,110E42,001c58,https://a.espncdn.com/i/teamlogos/ncaa/500/46.png,home,42,false,10,1,18,25.9,15,58,0,23,87.5,7,8,0,10,15,17,0,18.5,5,27,32,0,0,0,41,s:40~l:54~t:41,uconn-huskies,UConn,Huskies,CONN,UConn Huskies,UConn,0c2340,f1f2f3,https://a.espncdn.com/i/teamlogos/ncaa/500/41.png,52
310570024,2011,2,2011-02-26,2011-02-26T17:00:00.000000-0500,2483,s:40~l:54~t:2483,oregon-ducks,Oregon,Ducks,ORE,Oregon Ducks,Oregon,044520,fee123,https://a.espncdn.com/i/teamlogos/ncaa/500/2483.png,away,60,false,12,0,21,24.4,19,78,0,32,60.9,14,23,3,18,4,18,0,22.9,8,35,49,0,0,0,24,s:40~l:54~t:24,stanford-cardinal,Stanford,Cardinal,STAN,Stanford Cardinal,Stanford,8c1515,ffffff,https://a.espncdn.com/i/teamlogos/ncaa/500/24.png,99
310570024,2011,2,2011-02-26,2011-02-26T17:00:00.000000-0500,24,s:40~l:54~t:24,stanford-cardinal,Stanford,Cardinal,STAN,Stanford Cardinal,Stanford,8c1515,ffffff,https://a.espncdn.com/i/teamlogos/ncaa/500/24.png,home,99,true,17,2,42,45.6,31,68,0,19,71.1,32,45,40,15,5,16,0,22.7,5,22,58,0,0,0,2483,s:40~l:54~t:2483,oregon-ducks,Oregon,Ducks,ORE,Oregon Ducks,Oregon,044520,fee123,https://a.espncdn.com/i/teamlogos/ncaa/500/2483.png,60
310570269,2011,2,2011-02-26,2011-02-26T20:00:00.000000-0500,305,s:40~l:54~t:305,depaul-blue-demons,DePaul,Blue Demons,DEP,DePaul Blue Demons,DePaul,2d649c,ce1125,https://a.espncdn.com/i/teamlogos/ncaa/500/305.png,away,53,false,14,3,18,29.2,19,65,0,21,57.1,8,14,1,12,13,13,0,28.0,7,25,36,0,0,0,269,s:40~l:54~t:269,marquette-golden-eagles,Marquette,Golden Eagles,MARQ,Marquette Golden Eagles,Marquette,083963,ffffff,https://a.espncdn.com/i/teamlogos/ncaa/500/269.png,60
310570269,2011,2,2011-02-26,2011-02-26T20:00:00.000000-0500,269,s:40~l:54~t:269,marquette-golden-eagles,Marquette,Golden Eagles,MARQ,Marquette Golden Eagles,Marquette,083963,ffffff,https://a.espncdn.com/i/teamlogos/ncaa/500/269.png,home,60,true,15,4,27,46.5,20,43,0,12,72.7,16,22,17,4,7,20,0,50.0,4,8,38,0,0,0,305,s:40~l:54~t:305,depaul-blue-demons,DePaul,Blue Demons,DEP,DePaul Blue Demons,DePaul,2d649c,ce1125,https://a.espncdn.com/i/teamlogos/ncaa/500/305.png,53
310570087,2011,2,2011-02-26,2011-02-26T14:00:00.000000-0500,2132,s:40~l:54~t:2132,cincinnati-bearcats,Cincinnati,Bearcats,CIN,Cincinnati Bearcats,Cincinnati,000000,717073,https://a.espncdn.com/i/teamlogos/ncaa/500/2132.png,away,48,false,12,1,15,42.5,17,40,0,12,50.0,7,14,0,6,8,28,1,50.0,7,14,25,1,0,0,87,s:40~l:54~t:87,notre-dame-fighting-irish,Notre Dame,Fighting Irish,ND,Notre Dame Fighting Irish,Notre Dame,0c2340,c99700,https://a.espncdn.com/i/teamlogos/ncaa/500/87.png,66
310570087,2011,2,2011-02-26,2011-02-26T14:00:00.000000-0500,87,s:40~l:54~t:87,notre-dame-fighting-irish,Notre Dame,Fighting Irish,ND,Notre Dame Fighting Irish,Notre Dame,0c2340,c99700,https://a.espncdn.com/i/teamlogos/ncaa/500/87.png,home,66,true,15,5,19,40.7,22,54,0,15,75.0,18,24,31,16,13,18,0,40.0,4,10,39,0,0,0,2132,s:40~l:54~t:2132,cincinnati-bearcats,Cincinnati,Bearcats,CIN,Cincinnati Bearcats,Cincinnati,000000,717073,https://a.espncdn.com/i/teamlogos/ncaa/500/2132.png,48
310570009,2011,2,2011-02-26,2011-02-26T22:30:00.000000-0500,26,s:40~l:54~t:26,ucla-bruins,UCLA,Bruins,UCLA,UCLA Bruins,UCLA,2774ae,f2a900,https://a.espncdn.com/i/teamlogos/ncaa/500/26.png,away,61,true,14,6,22,43.6,24,55,0,15,63.2,12,19,18,19,10,21,0,12.5,1,8,45,0,0,0,9,s:40~l:54~t:9,arizona-state-sun-devils,Arizona State,Sun Devils,ASU,Arizona State Sun Devils,Arizona State,942139,f1f2f3,https://a.espncdn.com/i/teamlogos/ncaa/500/9.png,45
310570009,2011,2,2011-02-26,2011-02-26T22:30:00.000000-0500,9,s:40~l:54~t:9,arizona-state-sun-devils,Arizona State,Sun Devils,ASU,Arizona State Sun Devils,Arizona State,942139,f1f2f3,https://a.espncdn.com/i/teamlogos/ncaa/500/9.png,home,45,false,12,2,12,30.4,17,56,0,18,70.0,7,10,3,14,7,18,0,22.2,4,18,30,0,0,0,26,s:40~l:54~t:26,ucla-bruins,UCLA,Bruins,UCLA,UCLA Bruins,UCLA,2774ae,f2a900,https://a.espncdn.com/i/teamlogos/ncaa/500/26.png,61
310572739,2011,2,2011-02-26,2011-02-26T15:00:00.000000-0500,2086,s:40~l:54~t:2086,butler-bulldogs,Butler,Bulldogs,BUT,Butler Bulldogs,Butler,0d1361,00a3e0,https://a.espncdn.com/i/teamlogos/ncaa/500/2086.png,away,57,false,11,0,13,38.1,16,42,0,22,76.2,16,21,0,4,6,23,0,45.0,9,20,22,0,0,0,2739,s:40~l:54~t:2739,green-bay-phoenix,Green Bay,Phoenix,GB,Green Bay Phoenix,Green Bay,006633,ffffff,https://a.espncdn.com/i/teamlogos/ncaa/500/2739.png,93
310572739,2011,2,2011-02-26,2011-02-26T15:00:00.000000-0500,2739,s:40~l:54~t:2739,green-bay-phoenix,Green Bay,Phoenix,GB,Green Bay Phoenix,Green Bay,006633,ffffff,https://a.espncdn.com/i/teamlogos/ncaa/500/2739.png,home,93,true,24,4,23,64.2,34,53,0,18,84.6,22,26,42,4,12,11,0,27.3,3,11,27,0,0,0,2086,s:40~l:54~t:2086,butler-bulldogs,Butler,Bulldogs,BUT,Butler Bulldogs,Butler,0d1361,00a3e0,https://a.espncdn.com/i/teamlogos/ncaa/500/2086.png,57
310570164,2011,2,2011-02-26,2011-02-26T14:00:00.000000-0500,277,s:40~l:54~t:277,west-virginia-mountaineers,West Virginia,Mountaineers,WVU,West Virginia Mountaineers,West Virginia,FFC600,eaaa00,https://a.espncdn.com/i/teamlogos/ncaa/500/277.png,away,58,false,8,6,26,39.6,19,48,0,18,88.2,15,17,11,9,5,22,1,35.7,5,14,39,1,0,0,164,s:40~l:54~t:164,rutgers-scarlet-knights,Rutgers,Scarlet Knights,RUTG,Rutgers Scarlet Knights,Rutgers,d21034,ffffff,https://a.espncdn.com/i/teamlogos/ncaa/500/164.png,67
310570164,2011,2,2011-02-26,2011-02-26T14:00:00.000000-0500,164,s:40~l:54~t:164,rutgers-scarlet-knights,Rutgers,Scarlet Knights,RUTG,Rutgers Scarlet Knights,Rutgers,d21034,ffffff,https://a.espncdn.com/i/teamlogos/ncaa/500/164.png,home,67,true,10,6,18,36.1,22,61,0,16,72.0,18,25,9,10,10,9,0,35.7,5,14,33,0,0,0,277,s:40~l:54~t:277,west-virginia-mountaineers,West Virginia,Mountaineers,WVU,West Virginia Mountaineers,West Virginia,FFC600,eaaa00,https://a.espncdn.com/i/teamlogos/ncaa/500/277.png,58
310572250,2011,2,2011-02-26,2011-02-26T17:00:00.000000-0500,301,s:40~l:54~t:301,san-diego-toreros,San Diego,Toreros,USD,San Diego Toreros,San Diego,2f99d4,2f99d4,https://a.espncdn.com/i/teamlogos/ncaa/500/301.png,away,58,false,12,0,19,36.9,24,65,0,18,70.0,7,10,1,14,7,19,0,21.4,3,14,38,0,0,0,2250,s:40~l:54~t:2250,gonzaga-bulldogs,Gonzaga,Bulldogs,GONZ,Gonzaga Bulldogs,Gonzaga,041e42,c8102e,https://a.espncdn.com/i/teamlogos/ncaa/500/2250.png,80
310572250,2011,2,2011-02-26,2011-02-26T17:00:00.000000-0500,2250,s:40~l:54~t:2250,gonzaga-bulldogs,Gonzaga,Bulldogs,GONZ,Gonzaga Bulldogs,Gonzaga,041e42,c8102e,https://a.espncdn.com/i/teamlogos/ncaa/500/2250.png,home,80,true,13,5,23,48.4,31,64,0,11,62.5,15,24,27,17,12,14,0,25.0,3,12,44,0,0,0,301,s:40~l:54~t:301,san-diego-toreros,San Diego,Toreros,USD,San Diego Toreros,San Diego,2f99d4,2f99d4,https://a.espncdn.com/i/teamlogos/ncaa/500/301.png,58
310572306,2011,2,2011-02-26,2011-02-26T20:00:00.000000-0500,66,s:40~l:54~t:66,iowa-state-cyclones,Iowa State,Cyclones,ISU,Iowa State Cyclones,Iowa State,822433,fdca2f,https://a.espncdn.com/i/teamlogos/ncaa/500/66.png,away,58,true,9,0,22,43.6,17,39,0,11,78.3,18,23,11,6,3,17,0,42.9,6,14,34,0,0,0,2306,s:40~l:54~t:2306,kansas-state-wildcats,Kansas State,Wildcats,KSU,Kansas State Wildcats,Kansas St,633194,e7d2ad,https://a.espncdn.com/i/teamlogos/ncaa/500/2306.png,51
310572306,2011,2,2011-02-26,2011-02-26T20:00:00.000000-0500,2306,s:40~l:54~t:2306,kansas-state-wildcats,Kansas State,Wildcats,KSU,Kansas State Wildcats,Kansas St,633194,e7d2ad,https://a.espncdn.com/i/teamlogos/ncaa/500/2306.png,home,51,false,10,1,17,36.4,20,55,0,21,66.7,8,12,5,10,10,10,0,18.8,3,16,28,0,0,0,66,s:40~l:54~t:66,iowa-state-cyclones,Iowa State,Cyclones,ISU,Iowa State Cyclones,Iowa State,822433,fdca2f,https://a.espncdn.com/i/teamlogos/ncaa/500/66.png,58
310562561,2011,2,2011-02-25,2011-02-25T19:00:00.000000-0500,2368,s:40~l:54~t:2368,marist-red-foxes,Marist,Red Foxes,MRST,Marist Red Foxes,Marist,e53730,f0f0f0,https://a.espncdn.com/i/teamlogos/ncaa/500/2368.png,away,64,true,13,10,30,42.3,22,52,0,12,100.0,12,12,23,7,8,12,0,38.1,8,21,40,0,0,0,2561,s:40~l:54~t:2561,siena-saints,Siena,Saints,SIE,Siena Saints,Siena,037961,eea60f,https://a.espncdn.com/i/teamlogos/ncaa/500/2561.png,48
310562561,2011,2,2011-02-25,2011-02-25T19:00:00.000000-0500,2561,s:40~l:54~t:2561,siena-saints,Siena,Saints,SIE,Siena Saints,Siena,037961,eea60f,https://a.espncdn.com/i/teamlogos/ncaa/500/2561.png,home,48,false,9,0,18,25.0,15,60,0,15,70.6,12,17,2,9,6,12,0,46.2,6,13,39,0,0,0,2368,s:40~l:54~t:2368,marist-red-foxes,Marist,Red Foxes,MRST,Marist Red Foxes,Marist,e53730,f0f0f0,https://a.espncdn.com/i/teamlogos/ncaa/500/2368.png,64
310550024,2011,2,2011-02-24,2011-02-24T22:00:00.000000-0500,204,s:40~l:54~t:204,oregon-state-beavers,Oregon State,Beavers,ORST,Oregon State Beavers,Oregon St,d73f09,000000,https://a.espncdn.com/i/teamlogos/ncaa/500/204.png,away,37,false,8,2,19,23.2,13,56,0,13,53.8,7,13,5,10,11,19,0,16.7,4,24,31,0,0,0,24,s:40~l:54~t:24,stanford-cardinal,Stanford,Cardinal,STAN,Stanford Cardinal,Stanford,8c1515,ffffff,https://a.espncdn.com/i/teamlogos/ncaa/500/24.png,73
310550024,2011,2,2011-02-24,2011-02-24T22:00:00.000000-0500,24,s:40~l:54~t:24,stanford-cardinal,Stanford,Cardinal,STAN,Stanford Cardinal,Stanford,8c1515,ffffff,https://a.espncdn.com/i/teamlogos/ncaa/500/24.png,home,73,true,22,2,29,56.6,30,53,0,10,58.3,7,12,40,7,11,16,0,40.0,6,15,41,0,0,0,204,s:40~l:54~t:204,oregon-state-beavers,Oregon State,Beavers,ORST,Oregon State Beavers,Oregon St,d73f09,000000,https://a.espncdn.com/i/teamlogos/ncaa/500/204.png,37
310550145,2011,2,2011-02-24,2011-02-24T20:00:00.000000-0500,2633,s:40~l:54~t:2633,tennessee-lady-volunteers,Tennessee,Lady Volunteers,TENN,Tennessee Lady Volunteers,Tennessee,ff8200,ffffff,https://a.espncdn.com/i/teamlogos/ncaa/500/2633_ncw.png,away,66,true,12,2,24,52.1,25,48,0,9,70.6,12,17,27,13,11,15,0,25.0,4,16,43,0,0,0,145,s:40~l:54~t:145,ole-miss-rebels,Ole Miss,Rebels,MISS,Ole Miss Rebels,Ole Miss,001148,00205b,https://a.espncdn.com/i/teamlogos/ncaa/500/145.png,39
310550145,2011,2,2011-02-24,2011-02-24T20:00:00.000000-0500,145,s:40~l:54~t:145,ole-miss-rebels,Ole Miss,Rebels,MISS,Ole Miss Rebels,Ole Miss,001148,00205b,https://a.espncdn.com/i/teamlogos/ncaa/500/145.png,home,39,false,7,1,10,31.1,14,45,0,15,57.1,4,7,0,4,7,14,0,33.3,7,21,15,0,0,0,2633,s:40~l:54~t:2633,tennessee-lady-volunteers,Tennessee,Lady Volunteers,TENN,Tennessee Lady Volunteers,Tennessee,ff8200,ffffff,https://a.espncdn.com/i/teamlogos/ncaa/500/2633_ncw.png,66
310550258,2011,2,2011-02-24,2011-02-24T19:00:00.000000-0500,150,s:40~l:54~t:150,duke-blue-devils,Duke,Blue Devils,DUKE,Duke Blue Devils,Duke,013088,ffffff,https://a.espncdn.com/i/teamlogos/ncaa/500/150.png,away,71,true,16,11,38,45.9,28,61,0,16,46.2,6,13,25,13,11,23,0,40.9,9,22,55,0,0,0,258,s:40~l:54~t:258,virginia-cavaliers,Virginia,Cavaliers,UVA,Virginia Cavaliers,Virginia,f84c1e,ffffff,https://a.espncdn.com/i/teamlogos/ncaa/500/258.png,48
310550258,2011,2,2011-02-24,2011-02-24T19:00:00.000000-0500,258,s:40~l:54~t:258,virginia-cavaliers,Virginia,Cavaliers,UVA,Virginia Cavaliers,Virginia,f84c1e,ffffff,https://a.espncdn.com/i/teamlogos/ncaa/500/258.png,home,48,false,7,3,22,20.0,13,65,0,14,81.0,17,21,4,13,14,15,0,20.8,5,24,37,0,0,0,150,s:40~l:54~t:150,duke-blue-devils,Duke,Blue Devils,DUKE,Duke Blue Devils,Duke,013088,ffffff,https://a.espncdn.com/i/teamlogos/ncaa/500/150.png,71
310550127,2011,2,2011-02-24,2011-02-24T18:30:00.000000-0500,194,s:40~l:54~t:194,ohio-state-buckeyes,Ohio State,Buckeyes,OSU,Ohio State Buckeyes,Ohio State,ce1141,505056,https://a.espncdn.com/i/teamlogos/ncaa/500/194.png,away,54,true,13,6,27,38.9,21,54,0,17,71.4,10,14,6,7,8,15,0,20.0,2,10,38,0,0,0,127,s:40~l:54~t:127,michigan-state-spartans,Michigan State,Spartans,MSU,Michigan State Spartans,Michigan St,18453B,ffffff,https://a.espncdn.com/i/teamlogos/ncaa/500/127.png,53
310550127,2011,2,2011-02-24,2011-02-24T18:30:00.000000-0500,127,s:40~l:54~t:127,michigan-state-spartans,Michigan State,Spartans,MSU,Michigan State Spartans,Michigan St,18453B,ffffff,https://a.espncdn.com/i/teamlogos/ncaa/500/127.png,home,53,false,7,5,24,32.8,20,61,0,16,55.6,10,18,4,16,7,15,0,21.4,3,14,43,0,0,0,194,s:40~l:54~t:194,ohio-state-buckeyes,Ohio State,Buckeyes,OSU,Ohio State Buckeyes,Ohio State,ce1141,505056,https://a.espncdn.com/i/teamlogos/ncaa/500/194.png,54
310552390,2011,2,2011-02-24,2011-02-24T19:00:00.000000-0500,52,s:40~l:54~t:52,florida-state-seminoles,Florida State,Seminoles,FSU,Florida State Seminoles,Florida St,782F40,ceb888,https://a.espncdn.com/i/teamlogos/ncaa/500/52.png,away,68,false,13,4,22,37.7,23,61,0,32,75.0,18,24,8,14,6,21,0,28.6,4,14,45,0,0,0,2390,s:40~l:54~t:2390,miami-hurricanes,Miami,Hurricanes,MIA,Miami Hurricanes,Miami,004325,f0f0f0,https://a.espncdn.com/i/teamlogos/ncaa/500/2390.png,84
310552390,2011,2,2011-02-24,2011-02-24T19:00:00.000000-0500,2390,s:40~l:54~t:2390,miami-hurricanes,Miami,Hurricanes,MIA,Miami Hurricanes,Miami,004325,f0f0f0,https://a.espncdn.com/i/teamlogos/ncaa/500/2390.png,home,84,true,16,6,22,37.3,25,67,0,19,70.3,26,37,20,17,11,14,0,32.0,8,25,47,0,0,0,52,s:40~l:54~t:52,florida-state-seminoles,Florida State,Seminoles,FSU,Florida State Seminoles,Florida St,782F40,ceb888,https://a.espncdn.com/i/teamlogos/ncaa/500/52.png,68
310550153,2011,2,2011-02-24,2011-02-24T19:00:00.000000-0500,59,s:40~l:54~t:59,georgia-tech-yellow-jackets,Georgia Tech,Yellow Jackets,GT,Georgia Tech Yellow Jackets,Georgia Tech,00223e,002c56,https://a.espncdn.com/i/teamlogos/ncaa/500/59.png,away,64,true,14,1,19,34.8,23,66,0,22,80.0,12,15,9,17,13,13,0,31.6,6,19,38,0,0,0,153,s:40~l:54~t:153,north-carolina-tar-heels,North Carolina,Tar Heels,UNC,North Carolina Tar Heels,North Carolina,7bafd4,13294b,https://a.espncdn.com/i/teamlogos/ncaa/500/153.png,57
310550153,2011,2,2011-02-24,2011-02-24T19:00:00.000000-0500,153,s:40~l:54~t:153,north-carolina-tar-heels,North Carolina,Tar Heels,UNC,North Carolina Tar Heels,North Carolina,7bafd4,13294b,https://a.espncdn.com/i/teamlogos/ncaa/500/153.png,home,57,false,11,5,25,44.0,22,50,0,16,61.1,11,18,5,8,5,22,0,20.0,2,10,39,0,0,0,59,s:40~l:54~t:59,georgia-tech-yellow-jackets,Georgia Tech,Yellow Jackets,GT,Georgia Tech Yellow Jackets,Georgia Tech,00223e,002c56,https://a.espncdn.com/i/teamlogos/ncaa/500/59.png,64
310550120,2011,2,2011-02-24,2011-02-24T19:30:00.000000-0500,259,s:40~l:54~t:259,virginia-tech-hokies,Virginia Tech,Hokies,VT,Virginia Tech Hokies,Virginia Tech,630031,cf4520,https://a.espncdn.com/i/teamlogos/ncaa/500/259.png,away,48,false,11,3,20,32.7,17,52,0,18,52.4,11,21,2,11,11,17,0,60.0,3,5,35,0,0,0,120,s:40~l:54~t:120,maryland-terrapins,Maryland,Terrapins,MD,Maryland Terrapins,Maryland,D5002B,ffcd00,https://a.espncdn.com/i/teamlogos/ncaa/500/120.png,61
310550120,2011,2,2011-02-24,2011-02-24T19:30:00.000000-0500,120,s:40~l:54~t:120,maryland-terrapins,Maryland,Terrapins,MD,Maryland Terrapins,Maryland,D5002B,ffcd00,https://a.espncdn.com/i/teamlogos/ncaa/500/120.png,home,61,true,15,4,23,45.5,20,44,0,19,60.9,14,23,16,9,9,18,0,38.9,7,18,33,0,0,0,259,s:40~l:54~t:259,virginia-tech-hokies,Virginia Tech,Hokies,VT,Virginia Tech Hokies,Virginia Tech,630031,cf4520,https://a.espncdn.com/i/teamlogos/ncaa/500/259.png,48
310552739,2011,2,2011-02-24,2011-02-24T20:00:00.000000-0500,2674,s:40~l:54~t:2674,valparaiso-beacons,Valparaiso,Beacons,VAL,Valparaiso Beacons,Valparaiso,794500,,https://a.espncdn.com/i/teamlogos/ncaa/500/2674.png,away,48,false,9,2,28,39.5,17,43,0,15,64.7,11,17,0,5,8,25,0,25.0,3,12,36,0,0,0,2739,s:40~l:54~t:2739,green-bay-phoenix,Green Bay,Phoenix,GB,Green Bay Phoenix,Green Bay,006633,ffffff,https://a.espncdn.com/i/teamlogos/ncaa/500/2739.png,75
310552739,2011,2,2011-02-24,2011-02-24T20:00:00.000000-0500,2739,s:40~l:54~t:2739,green-bay-phoenix,Green Bay,Phoenix,GB,Green Bay Phoenix,Green Bay,006633,ffffff,https://a.espncdn.com/i/teamlogos/ncaa/500/2739.png,home,75,true,21,0,23,39.4,28,71,0,16,58.3,7,12,30,14,16,12,0,33.3,12,36,41,0,0,0,2674,s:40~l:54~t:2674,valparaiso-beacons,Valparaiso,Beacons,VAL,Valparaiso Beacons,Valparaiso,794500,,https://a.espncdn.com/i/teamlogos/ncaa/500/2674.png,48
310550096,2011,2,2011-02-24,2011-02-24T18:00:00.000000-0500,8,s:40~l:54~t:8,arkansas-razorbacks,Arkansas,Razorbacks,ARK,Arkansas Razorbacks,Arkansas,a41f35,222222,https://a.espncdn.com/i/teamlogos/ncaa/500/8.png,away,54,false,5,5,25,46.0,23,50,0,11,14.3,1,7,7,8,7,23,0,46.7,7,15,37,0,0,0,96,s:40~l:54~t:96,kentucky-wildcats,Kentucky,Wildcats,UK,Kentucky Wildcats,Kentucky,005DAA,ffffff,https://a.espncdn.com/i/teamlogos/ncaa/500/96.png,55
310550096,2011,2,2011-02-24,2011-02-24T18:00:00.000000-0500,96,s:40~l:54~t:96,kentucky-wildcats,Kentucky,Wildcats,UK,Kentucky Wildcats,Kentucky,005DAA,ffffff,https://a.espncdn.com/i/teamlogos/ncaa/500/96.png,home,55,true,11,1,17,33.3,22,66,0,13,66.7,6,9,15,17,11,17,0,25.0,5,20,38,0,0,0,8,s:40~l:54~t:8,arkansas-razorbacks,Arkansas,Razorbacks,ARK,Arkansas Razorbacks,Arkansas,a41f35,222222,https://a.espncdn.com/i/teamlogos/ncaa/500/8.png,54
310552250,2011,2,2011-02-24,2011-02-24T21:00:00.000000-0500,2608,s:40~l:54~t:2608,saint-marys-gaels,Saint Mary's,Gaels,SMC,Saint Mary's Gaels,Saint Mary's,d80024,003057,https://a.espncdn.com/i/teamlogos/ncaa/500/2608.png,away,66,false,13,4,25,43.1,22,51,0,16,72.2,13,18,1,2,5,28,0,50.0,9,18,29,0,0,0,2250,s:40~l:54~t:2250,gonzaga-bulldogs,Gonzaga,Bulldogs,GONZ,Gonzaga Bulldogs,Gonzaga,041e42,c8102e,https://a.espncdn.com/i/teamlogos/ncaa/500/2250.png,106
310552250,2011,2,2011-02-24,2011-02-24T21:00:00.000000-0500,2250,s:40~l:54~t:2250,gonzaga-bulldogs,Gonzaga,Bulldogs,GONZ,Gonzaga Bulldogs,Gonzaga,041e42,c8102e,https://a.espncdn.com/i/teamlogos/ncaa/500/2250.png,home,106,true,27,3,27,55.0,44,80,0,15,73.7,14,19,40,10,21,8,0,33.3,4,12,42,0,0,0,2608,s:40~l:54~t:2608,saint-marys-gaels,Saint Mary's,Gaels,SMC,Saint Mary's Gaels,Saint Mary's,d80024,003057,https://a.espncdn.com/i/teamlogos/ncaa/500/2608.png,66
310550276,2011,2,2011-02-24,2011-02-24T19:00:00.000000-0500,248,s:40~l:54~t:248,houston-cougars,Houston,Cougars,HOU,Houston Cougars,Houston,c92a39,ffffff,https://a.espncdn.com/i/teamlogos/ncaa/500/248.png,away,72,true,12,3,25,40.3,25,62,0,15,68.2,15,22,21,11,14,11,0,41.2,7,17,41,0,0,0,276,s:40~l:54~t:276,marshall-thundering-herd,Marshall,Thundering Herd,MRSH,Marshall Thundering Herd,Marshall,00ae42,be854c,https://a.espncdn.com/i/teamlogos/ncaa/500/276.png,54
310550276,2011,2,2011-02-24,2011-02-24T19:00:00.000000-0500,276,s:40~l:54~t:276,marshall-thundering-herd,Marshall,Thundering Herd,MRSH,Marshall Thundering Herd,Marshall,00ae42,be854c,https://a.espncdn.com/i/teamlogos/ncaa/500/276.png,home,54,false,11,4,25,34.4,21,61,0,15,52.9,9,17,8,14,7,18,0,30.0,3,10,43,0,0,0,248,s:40~l:54~t:248,houston-cougars,Houston,Cougars,HOU,Houston Cougars,Houston,c92a39,ffffff,https://a.espncdn.com/i/teamlogos/ncaa/500/248.png,72
310540239,2011,2,2011-02-23,2011-02-23T20:00:00.000000-0500,2306,s:40~l:54~t:2306,kansas-state-wildcats,Kansas State,Wildcats,KSU,Kansas State Wildcats,Kansas St,633194,e7d2ad,https://a.espncdn.com/i/teamlogos/ncaa/500/2306.png,away,48,false,8,0,11,36.7,18,49,0,19,66.7,6,9,0,7,7,18,0,30.0,6,20,21,0,0,0,239,s:40~l:54~t:239,baylor-bears,Baylor,Bears,BAY,Baylor Bears,Baylor,154734,ffb81c,https://a.espncdn.com/i/teamlogos/ncaa/500/239.png,75
310540239,2011,2,2011-02-23,2011-02-23T20:00:00.000000-0500,239,s:40~l:54~t:239,baylor-bears,Baylor,Bears,BAY,Baylor Bears,Baylor,154734,ffb81c,https://a.espncdn.com/i/teamlogos/ncaa/500/239.png,home,75,true,19,4,22,53.8,28,52,0,12,78.9,15,19,32,13,11,15,0,40.0,4,10,38,0,0,0,2306,s:40~l:54~t:2306,kansas-state-wildcats,Kansas State,Wildcats,KSU,Kansas State Wildcats,Kansas St,633194,e7d2ad,https://a.espncdn.com/i/teamlogos/ncaa/500/2306.png,48
310542752,2011,2,2011-02-23,2011-02-23T19:00:00.000000-0500,45,s:40~l:54~t:45,george-washington-colonials,George Washington,Colonials,GW,George Washington Colonials,G Washington,002843,e8d2a1,https://a.espncdn.com/i/teamlogos/ncaa/500/45.png,away,41,false,13,0,21,30.2,16,53,0,10,75.0,6,8,4,8,5,14,0,17.6,3,17,32,0,0,0,2752,s:40~l:54~t:2752,xavier-musketeers,Xavier,Musketeers,XAV,Xavier Musketeers,Xavier,002144,9ea2a2,https://a.espncdn.com/i/teamlogos/ncaa/500/2752.png,67
310542752,2011,2,2011-02-23,2011-02-23T19:00:00.000000-0500,2752,s:40~l:54~t:2752,xavier-musketeers,Xavier,Musketeers,XAV,Xavier Musketeers,Xavier,002144,9ea2a2,https://a.espncdn.com/i/teamlogos/ncaa/500/2752.png,home,67,true,18,4,23,44.8,26,58,0,6,63.6,7,11,30,12,12,12,0,40.0,8,20,38,0,0,0,45,s:40~l:54~t:45,george-washington-colonials,George Washington,Colonials,GW,George Washington Colonials,G Washington,002843,e8d2a1,https://a.espncdn.com/i/teamlogos/ncaa/500/45.png,41
310540097,2011,2,2011-02-23,2011-02-23T19:00:00.000000-0500,305,s:40~l:54~t:305,depaul-blue-demons,DePaul,Blue Demons,DEP,DePaul Blue Demons,DePaul,2d649c,ce1125,https://a.espncdn.com/i/teamlogos/ncaa/500/305.png,away,55,false,12,1,19,34.5,19,55,0,21,61.9,13,21,8,11,6,20,0,25.0,4,16,30,0,0,0,97,s:40~l:54~t:97,louisville-cardinals,Louisville,Cardinals,LOU,Louisville Cardinals,Louisville,c9001f,000000,https://a.espncdn.com/i/teamlogos/ncaa/500/97.png,68
310540097,2011,2,2011-02-23,2011-02-23T19:00:00.000000-0500,97,s:40~l:54~t:97,louisville-cardinals,Louisville,Cardinals,LOU,Louisville Cardinals,Louisville,c9001f,000000,https://a.espncdn.com/i/teamlogos/ncaa/500/97.png,home,68,true,14,2,28,42.0,21,50,0,19,90.9,20,22,15,7,10,18,0,37.5,6,16,38,0,0,0,305,s:40~l:54~t:305,depaul-blue-demons,DePaul,Blue Demons,DEP,DePaul Blue Demons,DePaul,2d649c,ce1125,https://a.espncdn.com/i/teamlogos/ncaa/500/305.png,55
310540038,2011,2,2011-02-23,2011-02-23T21:00:00.000000-0500,201,s:40~l:54~t:201,oklahoma-sooners,Oklahoma,Sooners,OU,Oklahoma Sooners,Oklahoma,9d2235,ffffff,https://a.espncdn.com/i/teamlogos/ncaa/500/201.png,away,68,false,12,0,24,41.7,25,60,0,22,87.5,14,16,7,7,7,17,0,33.3,4,12,34,0,0,0,38,s:40~l:54~t:38,colorado-buffaloes,Colorado,Buffaloes,COLO,Colorado Buffaloes,Colorado,000000,cfb87c,https://a.espncdn.com/i/teamlogos/ncaa/500/38.png,73
310540038,2011,2,2011-02-23,2011-02-23T21:00:00.000000-0500,38,s:40~l:54~t:38,colorado-buffaloes,Colorado,Buffaloes,COLO,Colorado Buffaloes,Colorado,000000,cfb87c,https://a.espncdn.com/i/teamlogos/ncaa/500/38.png,home,73,true,17,4,23,41.5,22,53,0,20,90.0,18,20,8,9,9,16,0,42.3,11,26,35,0,0,0,201,s:40~l:54~t:201,oklahoma-sooners,Oklahoma,Sooners,OU,Oklahoma Sooners,Oklahoma,9d2235,ffffff,https://a.espncdn.com/i/teamlogos/ncaa/500/201.png,68
310530041,2011,2,2011-02-22,2011-02-22T19:00:00.000000-0500,2550,s:40~l:54~t:2550,seton-hall-pirates,Seton Hall,Pirates,HALL,Seton Hall Pirates,Seton Hall,0857B1,8a8d8f,https://a.espncdn.com/i/teamlogos/ncaa/500/2550.png,away,59,false,16,1,19,38.3,23,60,0,18,66.7,2,3,0,5,2,11,0,50.0,11,22,33,0,0,0,41,s:40~l:54~t:41,uconn-huskies,UConn,Huskies,CONN,UConn Huskies,UConn,0c2340,f1f2f3,https://a.espncdn.com/i/teamlogos/ncaa/500/41.png,80
310530041,2011,2,2011-02-22,2011-02-22T19:00:00.000000-0500,41,s:40~l:54~t:41,uconn-huskies,UConn,Huskies,CONN,UConn Huskies,UConn,0c2340,f1f2f3,https://a.espncdn.com/i/teamlogos/ncaa/500/41.png,home,80,true,22,5,23,42.9,27,63,0,7,83.3,20,24,31,17,6,5,0,30.0,6,20,42,0,0,0,2550,s:40~l:54~t:2550,seton-hall-pirates,Seton Hall,Pirates,HALL,Seton Hall Pirates,Seton Hall,0857B1,8a8d8f,https://a.espncdn.com/i/teamlogos/ncaa/500/2550.png,59
310530245,2011,2,2011-02-22,2011-02-22T20:00:00.000000-0500,2641,s:40~l:54~t:2641,texas-tech-lady-raiders,Texas Tech,Lady Raiders,TTU,Texas Tech Lady Raiders,Texas Tech,C80025,231f20,https://a.espncdn.com/i/teamlogos/ncaa/500/2641.png,away,60,false,13,0,15,41.5,22,53,0,22,68.4,13,19,0,8,12,20,0,30.0,3,10,26,0,0,0,245,s:40~l:54~t:245,texas-am-aggies,Texas A&M,Aggies,TA&M,Texas A&M Aggies,Texas A&M,5C0025,ffffff,https://a.espncdn.com/i/teamlogos/ncaa/500/245.png,84
310530245,2011,2,2011-02-22,2011-02-22T20:00:00.000000-0500,245,s:40~l:54~t:245,texas-am-aggies,Texas A&M,Aggies,TA&M,Texas A&M Aggies,Texas A&M,5C0025,ffffff,https://a.espncdn.com/i/teamlogos/ncaa/500/245.png,home,84,true,17,5,22,55.4,31,56,0,20,89.5,17,19,26,9,8,18,0,62.5,5,8,35,0,0,0,2641,s:40~l:54~t:2641,texas-tech-lady-raiders,Texas Tech,Lady Raiders,TTU,Texas Tech Lady Raiders,Texas Tech,C80025,231f20,https://a.espncdn.com/i/teamlogos/ncaa/500/2641.png,60
310530277,2011,2,2011-02-22,2011-02-22T19:00:00.000000-0500,87,s:40~l:54~t:87,notre-dame-fighting-irish,Notre Dame,Fighting Irish,ND,Notre Dame Fighting Irish,Notre Dame,0c2340,c99700,https://a.espncdn.com/i/teamlogos/ncaa/500/87.png,away,72,true,15,5,28,57.7,30,52,0,21,71.4,10,14,18,8,5,30,0,66.7,2,3,40,0,0,0,277,s:40~l:54~t:277,west-virginia-mountaineers,West Virginia,Mountaineers,WVU,West Virginia Mountaineers,West Virginia,FFC600,eaaa00,https://a.espncdn.com/i/teamlogos/ncaa/500/277.png,60
310530277,2011,2,2011-02-22,2011-02-22T19:00:00.000000-0500,277,s:40~l:54~t:277,west-virginia-mountaineers,West Virginia,Mountaineers,WVU,West Virginia Mountaineers,West Virginia,FFC600,eaaa00,https://a.espncdn.com/i/teamlogos/ncaa/500/277.png,home,60,false,10,3,13,35.3,24,68,0,18,55.6,10,18,4,15,16,23,0,25.0,2,8,31,0,0,0,87,s:40~l:54~t:87,notre-dame-fighting-irish,Notre Dame,Fighting Irish,ND,Notre Dame Fighting Irish,Notre Dame,0c2340,c99700,https://a.espncdn.com/i/teamlogos/ncaa/500/87.png,72
310532507,2011,2,2011-02-22,2011-02-22T19:00:00.000000-0500,269,s:40~l:54~t:269,marquette-golden-eagles,Marquette,Golden Eagles,MARQ,Marquette Golden Eagles,Marquette,083963,ffffff,https://a.espncdn.com/i/teamlogos/ncaa/500/269.png,away,62,true,6,4,22,48.8,20,41,0,13,80.0,20,25,12,10,8,22,0,25.0,2,8,36,0,0,0,2507,s:40~l:54~t:2507,providence-friars,Providence,Friars,PROV,Providence Friars,Providence,000000,a3a19e,https://a.espncdn.com/i/teamlogos/ncaa/500/2507.png,50
310532507,2011,2,2011-02-22,2011-02-22T19:00:00.000000-0500,2507,s:40~l:54~t:2507,providence-friars,Providence,Friars,PROV,Providence Friars,Providence,000000,a3a19e,https://a.espncdn.com/i/teamlogos/ncaa/500/2507.png,home,50,false,14,1,12,37.3,22,59,0,19,50.0,2,4,10,14,12,16,0,40.0,4,10,27,0,0,0,269,s:40~l:54~t:269,marquette-golden-eagles,Marquette,Golden Eagles,MARQ,Marquette Golden Eagles,Marquette,083963,ffffff,https://a.espncdn.com/i/teamlogos/ncaa/500/269.png,62
310522633,2011,2,2011-02-21,2011-02-21T19:00:00.000000-0500,61,s:40~l:54~t:61,georgia-lady-bulldogs,Georgia,Lady Bulldogs,UGA,Georgia Lady Bulldogs,Georgia,CC0000,000000,https://a.espncdn.com/i/teamlogos/ncaa/500/61.png,away,44,false,12,5,19,25.8,16,62,0,16,100.0,4,4,0,11,7,12,0,23.5,8,34,33,0,0,0,2633,s:40~l:54~t:2633,tennessee-lady-volunteers,Tennessee,Lady Volunteers,TENN,Tennessee Lady Volunteers,Tennessee,ff8200,ffffff,https://a.espncdn.com/i/teamlogos/ncaa/500/2633_ncw.png,77
310522633,2011,2,2011-02-21,2011-02-21T19:00:00.000000-0500,2633,s:40~l:54~t:2633,tennessee-lady-volunteers,Tennessee,Lady Volunteers,TENN,Tennessee Lady Volunteers,Tennessee,ff8200,ffffff,https://a.espncdn.com/i/teamlogos/ncaa/500/2633_ncw.png,home,77,true,23,7,32,50.0,31,62,0,8,52.9,9,17,39,15,4,12,0,31.6,6,19,49,0,0,0,61,s:40~l:54~t:61,georgia-lady-bulldogs,Georgia,Lady Bulldogs,UGA,Georgia Lady Bulldogs,Georgia,CC0000,000000,https://a.espncdn.com/i/teamlogos/ncaa/500/61.png,44
310522390,2011,2,2011-02-21,2011-02-21T19:00:00.000000-0500,154,s:40~l:54~t:154,wake-forest-demon-deacons,Wake Forest,Demon Deacons,WAKE,Wake Forest Demon Deacons,Wake Forest,9E7E38,000000,https://a.espncdn.com/i/teamlogos/ncaa/500/154.png,away,46,false,8,2,26,21.7,15,69,0,24,71.4,10,14,3,16,9,20,0,31.6,6,19,48,0,0,0,2390,s:40~l:54~t:2390,miami-hurricanes,Miami,Hurricanes,MIA,Miami Hurricanes,Miami,004325,f0f0f0,https://a.espncdn.com/i/teamlogos/ncaa/500/2390.png,74
310522390,2011,2,2011-02-21,2011-02-21T19:00:00.000000-0500,2390,s:40~l:54~t:2390,miami-hurricanes,Miami,Hurricanes,MIA,Miami Hurricanes,Miami,004325,f0f0f0,https://a.espncdn.com/i/teamlogos/ncaa/500/2390.png,home,74,true,16,6,33,36.5,23,63,0,17,86.4,19,22,31,10,10,17,0,34.6,9,26,50,0,0,0,154,s:40~l:54~t:154,wake-forest-demon-deacons,Wake Forest,Demon Deacons,WAKE,Wake Forest Demon Deacons,Wake Forest,9E7E38,000000,https://a.espncdn.com/i/teamlogos/ncaa/500/154.png,46
310520152,2011,2,2011-02-21,2011-02-21T19:00:00.000000-0500,153,s:40~l:54~t:153,north-carolina-tar-heels,North Carolina,Tar Heels,UNC,North Carolina Tar Heels,North Carolina,7bafd4,13294b,https://a.espncdn.com/i/teamlogos/ncaa/500/153.png,away,72,false,13,4,39,36.6,30,82,0,22,41.2,7,17,7,20,1,19,0,33.3,5,15,65,0,0,0,152,s:40~l:54~t:152,nc-state-wolfpack,NC State,Wolfpack,NCST,NC State Wolfpack,NC State,EF1216,231f20,https://a.espncdn.com/i/teamlogos/ncaa/500/152.png,88
310520152,2011,2,2011-02-21,2011-02-21T19:00:00.000000-0500,152,s:40~l:54~t:152,nc-state-wolfpack,NC State,Wolfpack,NCST,NC State Wolfpack,NC State,EF1216,231f20,https://a.espncdn.com/i/teamlogos/ncaa/500/152.png,home,88,true,16,3,33,36.0,31,86,0,14,67.7,21,31,18,17,12,4,0,23.8,5,21,56,0,0,0,153,s:40~l:54~t:153,north-carolina-tar-heels,North Carolina,Tar Heels,UNC,North Carolina Tar Heels,North Carolina,7bafd4,13294b,https://a.espncdn.com/i/teamlogos/ncaa/500/153.png,72
310520066,2011,2,2011-02-21,2011-02-21T21:00:00.000000-0500,251,s:40~l:54~t:251,texas-longhorns,Texas,Longhorns,TEX,Texas Longhorns,Texas,c15d26,ffffff,https://a.espncdn.com/i/teamlogos/ncaa/500/251.png,away,57,false,16,1,20,33.3,21,63,0,22,50.0,5,10,6,14,9,16,0,35.7,10,28,37,0,0,0,66,s:40~l:54~t:66,iowa-state-cyclones,Iowa State,Cyclones,ISU,Iowa State Cyclones,Iowa State,822433,fdca2f,https://a.espncdn.com/i/teamlogos/ncaa/500/66.png,66
310520066,2011,2,2011-02-21,2011-02-21T21:00:00.000000-0500,66,s:40~l:54~t:66,iowa-state-cyclones,Iowa State,Cyclones,ISU,Iowa State Cyclones,Iowa State,822433,fdca2f,https://a.espncdn.com/i/teamlogos/ncaa/500/66.png,home,66,true,15,4,28,41.4,24,58,0,12,72.2,13,18,9,12,6,15,0,23.8,5,21,44,0,0,0,251,s:40~l:54~t:251,texas-longhorns,Texas,Longhorns,TEX,Texas Longhorns,Texas,c15d26,ffffff,https://a.espncdn.com/i/teamlogos/ncaa/500/251.png,57
310522504,2011,2,2011-02-21,2011-02-21T16:30:00.000000-0500,2029,s:40~l:54~t:2029,arkansas-pine-bluff-golden-lions,Arkansas-Pine Bluff,Golden Lions,UAPB,Arkansas-Pine Bluff Golden Lions,AR-Pine Bluff,e0aa0f,eaaa00,https://a.espncdn.com/i/teamlogos/ncaa/500/2029.png,away,38,false,7,0,18,21.2,11,52,0,22,63.6,14,22,0,14,6,29,0,22.2,2,9,35,0,0,0,2504,s:40~l:54~t:2504,prairie-view-am-lady-panthers,Prairie View A&M,Lady Panthers,PV,Prairie View A&M Lady Panthers,Prairie View,4d0960,,https://a.espncdn.com/i/teamlogos/ncaa/500/2504.png,99
310522504,2011,2,2011-02-21,2011-02-21T16:30:00.000000-0500,2504,s:40~l:54~t:2504,prairie-view-am-lady-panthers,Prairie View A&M,Lady Panthers,PV,Prairie View A&M Lady Panthers,Prairie View,4d0960,,https://a.espncdn.com/i/teamlogos/ncaa/500/2504.png,home,99,true,23,4,25,55.6,35,63,0,18,82.8,24,29,61,10,16,16,0,41.7,5,12,42,0,0,0,2029,s:40~l:54~t:2029,arkansas-pine-bluff-golden-lions,Arkansas-Pine Bluff,Golden Lions,UAPB,Arkansas-Pine Bluff Golden Lions,AR-Pine Bluff,e0aa0f,eaaa00,https://a.espncdn.com/i/teamlogos/ncaa/500/2029.png,38
310510026,2011,2,2011-02-20,2011-02-20T15:00:00.000000-0500,24,s:40~l:54~t:24,stanford-cardinal,Stanford,Cardinal,STAN,Stanford Cardinal,Stanford,8c1515,ffffff,https://a.espncdn.com/i/teamlogos/ncaa/500/24.png,away,67,true,11,3,26,42.0,21,50,0,14,90.9,20,22,15,9,7,12,0,27.8,5,18,38,0,0,0,26,s:40~l:54~t:26,ucla-bruins,UCLA,Bruins,UCLA,UCLA Bruins,UCLA,2774ae,f2a900,https://a.espncdn.com/i/teamlogos/ncaa/500/26.png,53
310510026,2011,2,2011-02-20,2011-02-20T15:00:00.000000-0500,26,s:40~l:54~t:26,ucla-bruins,UCLA,Bruins,UCLA,UCLA Bruins,UCLA,2774ae,f2a900,https://a.espncdn.com/i/teamlogos/ncaa/500/26.png,home,53,false,11,3,17,31.1,19,61,0,16,70.6,12,17,2,15,4,13,0,27.3,3,11,37,0,0,0,24,s:40~l:54~t:24,stanford-cardinal,Stanford,Cardinal,STAN,Stanford Cardinal,Stanford,8c1515,ffffff,https://a.espncdn.com/i/teamlogos/ncaa/500/24.png,67
310512752,2011,2,2011-02-20,2011-02-20T12:00:00.000000-0500,2184,s:40~l:54~t:2184,duquesne-dukes,Duquesne,Dukes,DUQ,Duquesne Dukes,Duquesne,002D62,b90b2e,https://a.espncdn.com/i/teamlogos/ncaa/500/2184.png,away,51,false,13,5,23,31.0,18,58,0,19,80.0,8,10,0,8,5,20,0,28.0,7,25,36,0,0,0,2752,s:40~l:54~t:2752,xavier-musketeers,Xavier,Musketeers,XAV,Xavier Musketeers,Xavier,002144,9ea2a2,https://a.espncdn.com/i/teamlogos/ncaa/500/2752.png,77
310512752,2011,2,2011-02-20,2011-02-20T12:00:00.000000-0500,2752,s:40~l:54~t:2752,xavier-musketeers,Xavier,Musketeers,XAV,Xavier Musketeers,Xavier,002144,9ea2a2,https://a.espncdn.com/i/teamlogos/ncaa/500/2752.png,home,77,true,17,4,28,47.5,29,61,0,10,68.2,15,22,35,10,12,16,0,30.8,4,13,42,0,0,0,2184,s:40~l:54~t:2184,duquesne-dukes,Duquesne,Dukes,DUQ,Duquesne Dukes,Duquesne,002D62,b90b2e,https://a.espncdn.com/i/teamlogos/ncaa/500/2184.png,51
310510150,2011,2,2011-02-20,2011-02-20T12:00:00.000000-0500,259,s:40~l:54~t:259,virginia-tech-hokies,Virginia Tech,Hokies,VT,Virginia Tech Hokies,Virginia Tech,630031,cf4520,https://a.espncdn.com/i/teamlogos/ncaa/500/259.png,away,40,false,11,2,13,33.3,17,51,0,16,71.4,5,7,1,7,10,29,0,12.5,1,8,24,0,0,0,150,s:40~l:54~t:150,duke-blue-devils,Duke,Blue Devils,DUKE,Duke Blue Devils,Duke,013088,ffffff,https://a.espncdn.com/i/teamlogos/ncaa/500/150.png,90
310510150,2011,2,2011-02-20,2011-02-20T12:00:00.000000-0500,150,s:40~l:54~t:150,duke-blue-devils,Duke,Blue Devils,DUKE,Duke Blue Devils,Duke,013088,ffffff,https://a.espncdn.com/i/teamlogos/ncaa/500/150.png,home,90,true,21,4,22,44.9,31,69,0,13,79.2,19,24,50,24,19,20,0,42.9,9,21,49,0,0,0,259,s:40~l:54~t:259,virginia-tech-hokies,Virginia Tech,Hokies,VT,Virginia Tech Hokies,Virginia Tech,630031,cf4520,https://a.espncdn.com/i/teamlogos/ncaa/500/259.png,40
310510305,2011,2,2011-02-20,2011-02-20T17:30:00.000000-0500,46,s:40~l:54~t:46,georgetown-hoyas,Georgetown,Hoyas,GTWN,Georgetown Hoyas,Georgetown,110E42,001c58,https://a.espncdn.com/i/teamlogos/ncaa/500/46.png,away,57,false,9,1,16,30.2,19,63,0,19,73.7,14,19,4,16,9,12,0,20.8,5,24,35,0,0,0,305,s:40~l:54~t:305,depaul-blue-demons,DePaul,Blue Demons,DEP,DePaul Blue Demons,DePaul,2d649c,ce1125,https://a.espncdn.com/i/teamlogos/ncaa/500/305.png,82
310510305,2011,2,2011-02-20,2011-02-20T17:30:00.000000-0500,305,s:40~l:54~t:305,depaul-blue-demons,DePaul,Blue Demons,DEP,DePaul Blue Demons,DePaul,2d649c,ce1125,https://a.espncdn.com/i/teamlogos/ncaa/500/305.png,home,82,true,22,5,30,53.7,29,54,0,16,63.6,14,22,27,10,7,14,0,52.6,10,19,43,0,0,0,46,s:40~l:54~t:46,georgetown-hoyas,Georgetown,Hoyas,GTWN,Georgetown Hoyas,Georgetown,110E42,001c58,https://a.espncdn.com/i/teamlogos/ncaa/500/46.png,57
310510356,2011,2,2011-02-20,2011-02-20T15:00:00.000000-0500,127,s:40~l:54~t:127,michigan-state-spartans,Michigan State,Spartans,MSU,Michigan State Spartans,Michigan St,18453B,ffffff,https://a.espncdn.com/i/teamlogos/ncaa/500/127.png,away,69,true,10,3,19,46.2,24,52,0,19,68.4,13,19,16,10,11,21,0,50.0,8,16,33,0,0,0,356,s:40~l:54~t:356,illinois-fighting-illini,Illinois,Fighting Illini,ILL,Illinois Fighting Illini,Illinois,ff5f05,13294b,https://a.espncdn.com/i/teamlogos/ncaa/500/356.png,56
310510356,2011,2,2011-02-20,2011-02-20T15:00:00.000000-0500,356,s:40~l:54~t:356,illinois-fighting-illini,Illinois,Fighting Illini,ILL,Illinois Fighting Illini,Illinois,ff5f05,13294b,https://a.espncdn.com/i/teamlogos/ncaa/500/356.png,home,56,false,8,5,15,40.0,20,50,0,17,76.2,16,21,0,12,12,25,0,0.0,0,12,29,0,0,0,127,s:40~l:54~t:127,michigan-state-spartans,Michigan State,Spartans,MSU,Michigan State Spartans,Michigan St,18453B,ffffff,https://a.espncdn.com/i/teamlogos/ncaa/500/127.png,69
310510052,2011,2,2011-02-20,2011-02-20T15:00:00.000000-0500,120,s:40~l:54~t:120,maryland-terrapins,Maryland,Terrapins,MD,Maryland Terrapins,Maryland,D5002B,ffcd00,https://a.espncdn.com/i/teamlogos/ncaa/500/120.png,away,66,false,12,8,29,37.1,26,70,0,23,45.8,11,24,8,14,6,16,0,23.1,3,13,51,0,0,0,52,s:40~l:54~t:52,florida-state-seminoles,Florida State,Seminoles,FSU,Florida State Seminoles,Florida St,782F40,ceb888,https://a.espncdn.com/i/teamlogos/ncaa/500/52.png,72
310510052,2011,2,2011-02-20,2011-02-20T15:00:00.000000-0500,52,s:40~l:54~t:52,florida-state-seminoles,Florida State,Seminoles,FSU,Florida State Seminoles,Florida St,782F40,ceb888,https://a.espncdn.com/i/teamlogos/ncaa/500/52.png,home,72,true,14,2,27,34.4,22,64,0,19,71.0,22,31,13,11,4,13,0,37.5,6,16,45,0,0,0,120,s:40~l:54~t:120,maryland-terrapins,Maryland,Terrapins,MD,Maryland Terrapins,Maryland,D5002B,ffcd00,https://a.espncdn.com/i/teamlogos/ncaa/500/120.png,66
310510238,2011,2,2011-02-20,2011-02-20T14:00:00.000000-0500,96,s:40~l:54~t:96,kentucky-wildcats,Kentucky,Wildcats,UK,Kentucky Wildcats,Kentucky,005DAA,ffffff,https://a.espncdn.com/i/teamlogos/ncaa/500/96.png,away,80,true,10,3,21,43.1,25,58,0,28,63.2,24,38,9,13,12,16,1,50.0,6,12,39,1,0,0,238,s:40~l:54~t:238,vanderbilt-commodores,Vanderbilt,Commodores,VAN,Vanderbilt Commodores,Vanderbilt,000000,231f20,https://a.espncdn.com/i/teamlogos/ncaa/500/238.png,71
310510238,2011,2,2011-02-20,2011-02-20T14:00:00.000000-0500,238,s:40~l:54~t:238,vanderbilt-commodores,Vanderbilt,Commodores,VAN,Vanderbilt Commodores,Vanderbilt,000000,231f20,https://a.espncdn.com/i/teamlogos/ncaa/500/238.png,home,71,false,10,3,23,40.4,21,52,0,30,68.6,24,35,3,14,6,23,0,26.3,5,19,40,0,0,0,96,s:40~l:54~t:96,kentucky-wildcats,Kentucky,Wildcats,UK,Kentucky Wildcats,Kentucky,005DAA,ffffff,https://a.espncdn.com/i/teamlogos/ncaa/500/96.png,80
310502641,2011,2,2011-02-19,2011-02-19T13:30:00.000000-0500,239,s:40~l:54~t:239,baylor-bears,Baylor,Bears,BAY,Baylor Bears,Baylor,154734,ffb81c,https://a.espncdn.com/i/teamlogos/ncaa/500/239.png,away,45,false,10,8,23,25.9,15,58,0,16,61.1,11,18,2,13,3,11,1,30.8,4,13,40,1,0,0,2641,s:40~l:54~t:2641,texas-tech-lady-raiders,Texas Tech,Lady Raiders,TTU,Texas Tech Lady Raiders,Texas Tech,C80025,231f20,https://a.espncdn.com/i/teamlogos/ncaa/500/2641.png,56
310502641,2011,2,2011-02-19,2011-02-19T13:30:00.000000-0500,2641,s:40~l:54~t:2641,texas-tech-lady-raiders,Texas Tech,Lady Raiders,TTU,Texas Tech Lady Raiders,Texas Tech,C80025,231f20,https://a.espncdn.com/i/teamlogos/ncaa/500/2641.png,home,56,true,9,6,33,40.0,22,55,0,19,72.7,8,11,15,7,7,13,2,33.3,4,12,42,2,0,0,239,s:40~l:54~t:239,baylor-bears,Baylor,Bears,BAY,Baylor Bears,Baylor,154734,ffb81c,https://a.espncdn.com/i/teamlogos/ncaa/500/239.png,45
310500041,2011,2,2011-02-19,2011-02-19T14:00:00.000000-0500,87,s:40~l:54~t:87,notre-dame-fighting-irish,Notre Dame,Fighting Irish,ND,Notre Dame Fighting Irish,Notre Dame,0c2340,c99700,https://a.espncdn.com/i/teamlogos/ncaa/500/87.png,away,57,false,8,1,17,36.4,20,55,0,19,57.1,12,21,7,12,10,19,0,55.6,5,9,33,0,0,0,41,s:40~l:54~t:41,uconn-huskies,UConn,Huskies,CONN,UConn Huskies,UConn,0c2340,f1f2f3,https://a.espncdn.com/i/teamlogos/ncaa/500/41.png,78
310500041,2011,2,2011-02-19,2011-02-19T14:00:00.000000-0500,41,s:40~l:54~t:41,uconn-huskies,UConn,Huskies,CONN,UConn Huskies,UConn,0c2340,f1f2f3,https://a.espncdn.com/i/teamlogos/ncaa/500/41.png,home,78,true,22,2,21,54.7,29,53,0,17,75.0,12,16,23,7,14,16,0,44.4,8,18,33,0,0,0,87,s:40~l:54~t:87,notre-dame-fighting-irish,Notre Dame,Fighting Irish,ND,Notre Dame Fighting Irish,Notre Dame,0c2340,c99700,https://a.espncdn.com/i/teamlogos/ncaa/500/87.png,57
310500245,2011,2,2011-02-19,2011-02-19T19:00:00.000000-0500,197,s:40~l:54~t:197,oklahoma-state-cowgirls,Oklahoma State,Cowgirls,OKST,Oklahoma State Cowgirls,Oklahoma St,ff6500,000000,https://a.espncdn.com/i/teamlogos/ncaa/500/197.png,away,67,false,12,5,26,47.1,24,51,0,27,78.9,15,19,2,9,9,23,0,36.4,4,11,36,0,0,0,245,s:40~l:54~t:245,texas-am-aggies,Texas A&M,Aggies,TA&M,Texas A&M Aggies,Texas A&M,5C0025,ffffff,https://a.espncdn.com/i/teamlogos/ncaa/500/245.png,76
310500245,2011,2,2011-02-19,2011-02-19T19:00:00.000000-0500,245,s:40~l:54~t:245,texas-am-aggies,Texas A&M,Aggies,TA&M,Texas A&M Aggies,Texas A&M,5C0025,ffffff,https://a.espncdn.com/i/teamlogos/ncaa/500/245.png,home,76,true,14,3,17,35.9,23,64,0,21,82.1,23,28,16,15,10,13,0,30.4,7,23,38,0,0,0,197,s:40~l:54~t:197,oklahoma-state-cowgirls,Oklahoma State,Cowgirls,OKST,Oklahoma State Cowgirls,Oklahoma St,ff6500,000000,https://a.espncdn.com/i/teamlogos/ncaa/500/197.png,67
310500201,2011,2,2011-02-19,2011-02-19T18:00:00.000000-0500,251,s:40~l:54~t:251,texas-longhorns,Texas,Longhorns,TEX,Texas Longhorns,Texas,c15d26,ffffff,https://a.espncdn.com/i/teamlogos/ncaa/500/251.png,away,62,false,8,3,21,34.7,17,49,0,19,74.2,23,31,0,5,7,23,0,33.3,5,15,33,0,0,0,201,s:40~l:54~t:201,oklahoma-sooners,Oklahoma,Sooners,OU,Oklahoma Sooners,Oklahoma,9d2235,ffffff,https://a.espncdn.com/i/teamlogos/ncaa/500/201.png,91
310500201,2011,2,2011-02-19,2011-02-19T18:00:00.000000-0500,201,s:40~l:54~t:201,oklahoma-sooners,Oklahoma,Sooners,OU,Oklahoma Sooners,Oklahoma,9d2235,ffffff,https://a.espncdn.com/i/teamlogos/ncaa/500/201.png,home,91,true,16,4,21,54.5,36,66,0,26,80.0,12,15,32,7,14,12,0,58.3,7,12,35,0,0,0,251,s:40~l:54~t:251,texas-longhorns,Texas,Longhorns,TEX,Texas Longhorns,Texas,c15d26,ffffff,https://a.espncdn.com/i/teamlogos/ncaa/500/251.png,62
310500270,2011,2,2011-02-19,2011-02-19T15:00:00.000000-0500,2739,s:40~l:54~t:2739,green-bay-phoenix,Green Bay,Phoenix,GB,Green Bay Phoenix,Green Bay,006633,ffffff,https://a.espncdn.com/i/teamlogos/ncaa/500/2739.png,away,77,true,22,0,16,53.8,28,52,0,20,72.2,13,18,18,5,10,12,0,57.1,8,14,25,0,0,0,270,s:40~l:54~t:270,milwaukee-panthers,Milwaukee,Panthers,MILW,Milwaukee Panthers,Milwaukee,000000,ffc20e,https://a.espncdn.com/i/teamlogos/ncaa/500/270.png,59
310500270,2011,2,2011-02-19,2011-02-19T15:00:00.000000-0500,270,s:40~l:54~t:270,milwaukee-panthers,Milwaukee,Panthers,MILW,Milwaukee Panthers,Milwaukee,000000,ffc20e,https://a.espncdn.com/i/teamlogos/ncaa/500/270.png,home,59,false,10,2,18,47.6,20,42,0,17,52.2,12,23,0,9,5,22,0,46.7,7,15,28,0,0,0,2739,s:40~l:54~t:2739,green-bay-phoenix,Green Bay,Phoenix,GB,Green Bay Phoenix,Green Bay,006633,ffffff,https://a.espncdn.com/i/teamlogos/ncaa/500/2739.png,77
310500066,2011,2,2011-02-19,2011-02-19T20:00:00.000000-0500,38,s:40~l:54~t:38,colorado-buffaloes,Colorado,Buffaloes,COLO,Colorado Buffaloes,Colorado,000000,cfb87c,https://a.espncdn.com/i/teamlogos/ncaa/500/38.png,away,45,false,6,6,21,27.7,13,47,0,24,81.3,13,16,5,8,3,15,1,26.1,6,23,32,1,0,0,66,s:40~l:54~t:66,iowa-state-cyclones,Iowa State,Cyclones,ISU,Iowa State Cyclones,Iowa State,822433,fdca2f,https://a.espncdn.com/i/teamlogos/ncaa/500/66.png,71
310500066,2011,2,2011-02-19,2011-02-19T20:00:00.000000-0500,66,s:40~l:54~t:66,iowa-state-cyclones,Iowa State,Cyclones,ISU,Iowa State Cyclones,Iowa State,822433,fdca2f,https://a.espncdn.com/i/teamlogos/ncaa/500/66.png,home,71,true,14,2,25,43.1,22,51,0,16,78.6,22,28,26,6,7,6,0,31.3,5,16,34,0,0,0,38,s:40~l:54~t:38,colorado-buffaloes,Colorado,Buffaloes,COLO,Colorado Buffaloes,Colorado,000000,cfb87c,https://a.espncdn.com/i/teamlogos/ncaa/500/38.png,45
310500221,2011,2,2011-02-19,2011-02-19T14:15:00.000000-0500,277,s:40~l:54~t:277,west-virginia-mountaineers,West Virginia,Mountaineers,WVU,West Virginia Mountaineers,West Virginia,FFC600,eaaa00,https://a.espncdn.com/i/teamlogos/ncaa/500/277.png,away,90,true,21,2,23,48.4,31,64,0,23,67.6,25,37,21,13,7,9,0,23.1,3,13,41,0,0,0,221,s:40~l:54~t:221,pittsburgh-panthers,Pittsburgh,Panthers,PITT,Pittsburgh Panthers,Pitt,003263,231f20,https://a.espncdn.com/i/teamlogos/ncaa/500/221.png,79
310500221,2011,2,2011-02-19,2011-02-19T14:15:00.000000-0500,221,s:40~l:54~t:221,pittsburgh-panthers,Pittsburgh,Panthers,PITT,Pittsburgh Panthers,Pitt,003263,231f20,https://a.espncdn.com/i/teamlogos/ncaa/500/221.png,home,79,false,13,5,21,41.8,23,55,0,24,82.4,28,34,3,11,1,15,0,33.3,5,15,34,0,0,0,277,s:40~l:54~t:277,west-virginia-mountaineers,West Virginia,Mountaineers,WVU,West Virginia Mountaineers,West Virginia,FFC600,eaaa00,https://a.espncdn.com/i/teamlogos/ncaa/500/277.png,90
310500269,2011,2,2011-02-19,2011-02-19T15:00:00.000000-0500,164,s:40~l:54~t:164,rutgers-scarlet-knights,Rutgers,Scarlet Knights,RUTG,Rutgers Scarlet Knights,Rutgers,d21034,ffffff,https://a.espncdn.com/i/teamlogos/ncaa/500/164.png,away,76,true,18,5,25,50.8,30,59,0,14,88.9,8,9,25,13,7,15,0,53.3,8,15,42,0,0,0,269,s:40~l:54~t:269,marquette-golden-eagles,Marquette,Golden Eagles,MARQ,Marquette Golden Eagles,Marquette,083963,ffffff,https://a.espncdn.com/i/teamlogos/ncaa/500/269.png,55
310500269,2011,2,2011-02-19,2011-02-19T15:00:00.000000-0500,269,s:40~l:54~t:269,marquette-golden-eagles,Marquette,Golden Eagles,MARQ,Marquette Golden Eagles,Marquette,083963,ffffff,https://a.espncdn.com/i/teamlogos/ncaa/500/269.png,home,55,false,15,4,13,27.7,18,65,0,9,68.8,11,16,2,16,6,12,0,26.7,8,30,36,0,0,0,164,s:40~l:54~t:164,rutgers-scarlet-knights,Rutgers,Scarlet Knights,RUTG,Rutgers Scarlet Knights,Rutgers,d21034,ffffff,https://a.espncdn.com/i/teamlogos/ncaa/500/164.png,76
310502599,2011,2,2011-02-19,2011-02-19T15:00:00.000000-0500,183,s:40~l:54~t:183,syracuse-orange,Syracuse,Orange,SYR,Syracuse Orange,Syracuse,ff6500,000e54,https://a.espncdn.com/i/teamlogos/ncaa/500/183.png,away,78,true,10,5,20,50.9,28,55,0,15,85.7,18,21,13,13,5,21,0,36.4,4,11,44,0,0,0,2599,s:40~l:54~t:2599,st-johns-red-storm,St. John's,Red Storm,SJU,St. John's Red Storm,St John's,d10000,101010,https://a.espncdn.com/i/teamlogos/ncaa/500/2599.png,67
310502599,2011,2,2011-02-19,2011-02-19T15:00:00.000000-0500,2599,s:40~l:54~t:2599,st-johns-red-storm,St. John's,Red Storm,SJU,St. John's Red Storm,St John's,d10000,101010,https://a.espncdn.com/i/teamlogos/ncaa/500/2599.png,home,67,false,15,3,9,42.4,25,59,0,16,68.8,11,16,14,8,11,12,0,50.0,6,12,21,0,0,0,183,s:40~l:54~t:183,syracuse-orange,Syracuse,Orange,SYR,Syracuse Orange,Syracuse,ff6500,000e54,https://a.espncdn.com/i/teamlogos/ncaa/500/183.png,78
310490030,2011,2,2011-02-18,2011-02-18T22:00:00.000000-0500,24,s:40~l:54~t:24,stanford-cardinal,Stanford,Cardinal,STAN,Stanford Cardinal,Stanford,8c1515,ffffff,https://a.espncdn.com/i/teamlogos/ncaa/500/24.png,away,78,true,15,2,24,48.1,26,54,0,11,86.4,19,22,19,8,6,14,1,41.2,7,17,37,1,0,0,30,s:40~l:54~t:30,usc-trojans,USC,Trojans,USC,USC Trojans,USC,9e2237,ffcc00,https://a.espncdn.com/i/teamlogos/ncaa/500/30.png,64
310490030,2011,2,2011-02-18,2011-02-18T22:00:00.000000-0500,30,s:40~l:54~t:30,usc-trojans,USC,Trojans,USC,USC Trojans,USC,9e2237,ffcc00,https://a.espncdn.com/i/teamlogos/ncaa/500/30.png,home,64,false,12,1,17,43.9,25,57,0,16,77.8,7,9,6,2,5,12,0,46.7,7,15,23,0,0,0,24,s:40~l:54~t:24,stanford-cardinal,Stanford,Cardinal,STAN,Stanford Cardinal,Stanford,8c1515,ffffff,https://a.espncdn.com/i/teamlogos/ncaa/500/24.png,78
310490026,2011,2,2011-02-18,2011-02-18T22:00:00.000000-0500,25,s:40~l:54~t:25,california-golden-bears,California,Golden Bears,CAL,California Golden Bears,California,031522,ffc423,https://a.espncdn.com/i/teamlogos/ncaa/500/25.png,away,48,false,6,4,16,31.4,16,51,0,13,72.2,13,18,2,12,16,25,0,18.8,3,16,31,0,0,0,26,s:40~l:54~t:26,ucla-bruins,UCLA,Bruins,UCLA,UCLA Bruins,UCLA,2774ae,f2a900,https://a.espncdn.com/i/teamlogos/ncaa/500/26.png,63
310490026,2011,2,2011-02-18,2011-02-18T22:00:00.000000-0500,26,s:40~l:54~t:26,ucla-bruins,UCLA,Bruins,UCLA,UCLA Bruins,UCLA,2774ae,f2a900,https://a.espncdn.com/i/teamlogos/ncaa/500/26.png,home,63,true,16,3,20,42.4,25,59,0,13,83.3,10,12,21,17,14,27,0,42.9,3,7,41,0,0,0,25,s:40~l:54~t:25,california-golden-bears,California,Golden Bears,CAL,California Golden Bears,California,031522,ffc423,https://a.espncdn.com/i/teamlogos/ncaa/500/25.png,48
310482633,2011,2,2011-02-17,2011-02-17T19:00:00.000000-0500,2579,s:40~l:54~t:2579,south-carolina-gamecocks,South Carolina,Gamecocks,SC,South Carolina Gamecocks,South Carolina,73000a,ffffff,https://a.espncdn.com/i/teamlogos/ncaa/500/2579.png,away,60,false,15,3,20,34.9,22,63,0,21,61.5,8,13,1,8,8,11,0,36.4,8,22,30,0,0,0,2633,s:40~l:54~t:2633,tennessee-lady-volunteers,Tennessee,Lady Volunteers,TENN,Tennessee Lady Volunteers,Tennessee,ff8200,ffffff,https://a.espncdn.com/i/teamlogos/ncaa/500/2633_ncw.png,82
310482633,2011,2,2011-02-17,2011-02-17T19:00:00.000000-0500,2633,s:40~l:54~t:2633,tennessee-lady-volunteers,Tennessee,Lady Volunteers,TENN,Tennessee Lady Volunteers,Tennessee,ff8200,ffffff,https://a.espncdn.com/i/teamlogos/ncaa/500/2633_ncw.png,home,82,true,13,5,35,49.2,30,61,0,15,64.0,16,25,24,15,3,15,1,42.9,6,14,51,1,0,0,2579,s:40~l:54~t:2579,south-carolina-gamecocks,South Carolina,Gamecocks,SC,South Carolina Gamecocks,South Carolina,73000a,ffffff,https://a.espncdn.com/i/teamlogos/ncaa/500/2579.png,60
310480120,2011,2,2011-02-17,2011-02-17T19:30:00.000000-0500,150,s:40~l:54~t:150,duke-blue-devils,Duke,Blue Devils,DUKE,Duke Blue Devils,Duke,013088,ffffff,https://a.espncdn.com/i/teamlogos/ncaa/500/150.png,away,47,false,12,7,20,34.7,17,49,0,19,76.9,10,13,7,7,7,20,0,27.3,3,11,31,0,0,0,120,s:40~l:54~t:120,maryland-terrapins,Maryland,Terrapins,MD,Maryland Terrapins,Maryland,D5002B,ffcd00,https://a.espncdn.com/i/teamlogos/ncaa/500/120.png,69
310480120,2011,2,2011-02-17,2011-02-17T19:30:00.000000-0500,120,s:40~l:54~t:120,maryland-terrapins,Maryland,Terrapins,MD,Maryland Terrapins,Maryland,D5002B,ffcd00,https://a.espncdn.com/i/teamlogos/ncaa/500/120.png,home,69,true,17,3,22,42.9,27,63,0,13,61.1,11,18,22,17,14,13,0,33.3,4,12,42,0,0,0,150,s:40~l:54~t:150,duke-blue-devils,Duke,Blue Devils,DUKE,Duke Blue Devils,Duke,013088,ffffff,https://a.espncdn.com/i/teamlogos/ncaa/500/150.png,47
310480103,2011,2,2011-02-17,2011-02-17T19:00:00.000000-0500,2390,s:40~l:54~t:2390,miami-hurricanes,Miami,Hurricanes,MIA,Miami Hurricanes,Miami,004325,f0f0f0,https://a.espncdn.com/i/teamlogos/ncaa/500/2390.png,away,90,true,16,3,19,50.0,33,66,0,14,80.8,21,26,12,9,13,11,0,37.5,3,8,34,0,0,0,103,s:40~l:54~t:103,boston-college-eagles,Boston College,Eagles,BC,Boston College Eagles,Boston College,8c2232,dbcca6,https://a.espncdn.com/i/teamlogos/ncaa/500/103.png,80
310480103,2011,2,2011-02-17,2011-02-17T19:00:00.000000-0500,103,s:40~l:54~t:103,boston-college-eagles,Boston College,Eagles,BC,Boston College Eagles,Boston College,8c2232,dbcca6,https://a.espncdn.com/i/teamlogos/ncaa/500/103.png,home,80,false,19,4,19,43.5,30,69,0,19,83.3,10,12,8,17,6,22,0,35.7,10,28,39,0,0,0,2390,s:40~l:54~t:2390,miami-hurricanes,Miami,Hurricanes,MIA,Miami Hurricanes,Miami,004325,f0f0f0,https://a.espncdn.com/i/teamlogos/ncaa/500/2390.png,90
310480154,2011,2,2011-02-17,2011-02-17T19:00:00.000000-0500,52,s:40~l:54~t:52,florida-state-seminoles,Florida State,Seminoles,FSU,Florida State Seminoles,Florida St,782F40,ceb888,https://a.espncdn.com/i/teamlogos/ncaa/500/52.png,away,82,true,13,4,24,43.6,24,55,0,16,86.7,26,30,15,16,6,20,0,57.1,8,14,41,0,0,0,154,s:40~l:54~t:154,wake-forest-demon-deacons,Wake Forest,Demon Deacons,WAKE,Wake Forest Demon Deacons,Wake Forest,9E7E38,000000,https://a.espncdn.com/i/teamlogos/ncaa/500/154.png,79
310480154,2011,2,2011-02-17,2011-02-17T19:00:00.000000-0500,154,s:40~l:54~t:154,wake-forest-demon-deacons,Wake Forest,Demon Deacons,WAKE,Wake Forest Demon Deacons,Wake Forest,9E7E38,000000,https://a.espncdn.com/i/teamlogos/ncaa/500/154.png,home,79,false,18,4,16,49.2,30,61,0,22,75.0,9,12,10,3,10,16,0,47.6,10,21,24,0,0,0,52,s:40~l:54~t:52,florida-state-seminoles,Florida State,Seminoles,FSU,Florida State Seminoles,Florida St,782F40,ceb888,https://a.espncdn.com/i/teamlogos/ncaa/500/52.png,82
310480061,2011,2,2011-02-17,2011-02-17T19:00:00.000000-0500,96,s:40~l:54~t:96,kentucky-wildcats,Kentucky,Wildcats,UK,Kentucky Wildcats,Kentucky,005DAA,ffffff,https://a.espncdn.com/i/teamlogos/ncaa/500/96.png,away,51,false,5,3,20,28.1,18,64,0,20,76.5,13,17,0,14,9,16,0,8.7,2,23,39,0,0,0,61,s:40~l:54~t:61,georgia-lady-bulldogs,Georgia,Lady Bulldogs,UGA,Georgia Lady Bulldogs,Georgia,CC0000,000000,https://a.espncdn.com/i/teamlogos/ncaa/500/61.png,69
310480061,2011,2,2011-02-17,2011-02-17T19:00:00.000000-0500,61,s:40~l:54~t:61,georgia-lady-bulldogs,Georgia,Lady Bulldogs,UGA,Georgia Lady Bulldogs,Georgia,CC0000,000000,https://a.espncdn.com/i/teamlogos/ncaa/500/61.png,home,69,true,11,8,30,47.5,28,59,0,19,55.0,11,20,20,13,7,16,0,20.0,2,10,46,0,0,0,96,s:40~l:54~t:96,kentucky-wildcats,Kentucky,Wildcats,UK,Kentucky Wildcats,Kentucky,005DAA,ffffff,https://a.espncdn.com/i/teamlogos/ncaa/500/96.png,51
310470139,2011,2,2011-02-16,2011-02-16T20:00:00.000000-0500,2752,s:40~l:54~t:2752,xavier-musketeers,Xavier,Musketeers,XAV,Xavier Musketeers,Xavier,002144,9ea2a2,https://a.espncdn.com/i/teamlogos/ncaa/500/2752.png,away,92,true,17,6,28,66.1,37,56,0,14,59.1,13,22,32,10,11,16,0,41.7,5,12,41,0,0,0,139,s:40~l:54~t:139,saint-louis-billikens,Saint Louis,Billikens,SLU,Saint Louis Billikens,Saint Louis,00539C,ebebeb,https://a.espncdn.com/i/teamlogos/ncaa/500/139.png,60
310470139,2011,2,2011-02-16,2011-02-16T20:00:00.000000-0500,139,s:40~l:54~t:139,saint-louis-billikens,Saint Louis,Billikens,SLU,Saint Louis Billikens,Saint Louis,00539C,ebebeb,https://a.espncdn.com/i/teamlogos/ncaa/500/139.png,home,60,false,17,0,16,35.9,23,64,0,18,46.2,6,13,0,9,10,14,0,47.1,8,17,30,0,0,0,2752,s:40~l:54~t:2752,xavier-musketeers,Xavier,Musketeers,XAV,Xavier Musketeers,Xavier,002144,9ea2a2,https://a.espncdn.com/i/teamlogos/ncaa/500/2752.png,92
310472641,2011,2,2011-02-16,2011-02-16T20:00:00.000000-0500,66,s:40~l:54~t:66,iowa-state-cyclones,Iowa State,Cyclones,ISU,Iowa State Cyclones,Iowa State,822433,fdca2f,https://a.espncdn.com/i/teamlogos/ncaa/500/66.png,away,50,false,8,0,18,38.6,17,44,0,15,64.7,11,17,0,6,2,12,0,33.3,5,15,26,0,0,0,2641,s:40~l:54~t:2641,texas-tech-lady-raiders,Texas Tech,Lady Raiders,TTU,Texas Tech Lady Raiders,Texas Tech,C80025,231f20,https://a.espncdn.com/i/teamlogos/ncaa/500/2641.png,61
310472641,2011,2,2011-02-16,2011-02-16T20:00:00.000000-0500,2641,s:40~l:54~t:2641,texas-tech-lady-raiders,Texas Tech,Lady Raiders,TTU,Texas Tech Lady Raiders,Texas Tech,C80025,231f20,https://a.espncdn.com/i/teamlogos/ncaa/500/2641.png,home,61,true,18,3,22,47.8,22,46,0,19,75.0,9,12,16,6,5,11,0,50.0,8,16,28,0,0,0,66,s:40~l:54~t:66,iowa-state-cyclones,Iowa State,Cyclones,ISU,Iowa State Cyclones,Iowa State,822433,fdca2f,https://a.espncdn.com/i/teamlogos/ncaa/500/66.png,50
310472550,2011,2,2011-02-16,2011-02-16T19:00:00.000000-0500,269,s:40~l:54~t:269,marquette-golden-eagles,Marquette,Golden Eagles,MARQ,Marquette Golden Eagles,Marquette,083963,ffffff,https://a.espncdn.com/i/teamlogos/ncaa/500/269.png,away,66,true,14,1,14,46.9,23,49,0,11,83.3,15,18,14,7,12,15,0,41.7,5,12,22,0,0,0,2550,s:40~l:54~t:2550,seton-hall-pirates,Seton Hall,Pirates,HALL,Seton Hall Pirates,Seton Hall,0857B1,8a8d8f,https://a.espncdn.com/i/teamlogos/ncaa/500/2550.png,58
310472550,2011,2,2011-02-16,2011-02-16T19:00:00.000000-0500,2550,s:40~l:54~t:2550,seton-hall-pirates,Seton Hall,Pirates,HALL,Seton Hall Pirates,Seton Hall,0857B1,8a8d8f,https://a.espncdn.com/i/teamlogos/ncaa/500/2550.png,home,58,false,12,1,15,50.0,21,42,0,17,71.4,10,14,0,6,6,22,0,54.5,6,11,23,0,0,0,269,s:40~l:54~t:269,marquette-golden-eagles,Marquette,Golden Eagles,MARQ,Marquette Golden Eagles,Marquette,083963,ffffff,https://a.espncdn.com/i/teamlogos/ncaa/500/269.png,66
310470058,2011,2,2011-02-16,2011-02-16T19:00:00.000000-0500,2599,s:40~l:54~t:2599,st-johns-red-storm,St. John's,Red Storm,SJU,St. John's Red Storm,St John's,d10000,101010,https://a.espncdn.com/i/teamlogos/ncaa/500/2599.png,away,80,true,14,7,23,48.3,28,58,0,13,84.0,21,25,20,12,7,12,0,42.9,3,7,37,0,0,0,58,s:40~l:54~t:58,south-florida-bulls,South Florida,Bulls,USF,South Florida Bulls,South Florida,004A36,231f20,https://a.espncdn.com/i/teamlogos/ncaa/500/58.png,60
310470058,2011,2,2011-02-16,2011-02-16T19:00:00.000000-0500,58,s:40~l:54~t:58,south-florida-bulls,South Florida,Bulls,USF,South Florida Bulls,South Florida,004A36,231f20,https://a.espncdn.com/i/teamlogos/ncaa/500/58.png,home,60,false,10,3,16,35.4,23,65,0,18,50.0,9,18,0,15,7,15,0,55.6,5,9,39,0,0,0,2599,s:40~l:54~t:2599,st-johns-red-storm,St. John's,Red Storm,SJU,St. John's Red Storm,St John's,d10000,101010,https://a.espncdn.com/i/teamlogos/ncaa/500/2599.png,80
310460305,2011,2,2011-02-15,2011-02-15T21:00:00.000000-0500,164,s:40~l:54~t:164,rutgers-scarlet-knights,Rutgers,Scarlet Knights,RUTG,Rutgers Scarlet Knights,Rutgers,d21034,ffffff,https://a.espncdn.com/i/teamlogos/ncaa/500/164.png,away,62,false,8,2,16,43.6,24,55,0,15,66.7,10,15,0,10,9,15,0,40.0,4,10,35,0,0,0,305,s:40~l:54~t:305,depaul-blue-demons,DePaul,Blue Demons,DEP,DePaul Blue Demons,DePaul,2d649c,ce1125,https://a.espncdn.com/i/teamlogos/ncaa/500/305.png,66
310460305,2011,2,2011-02-15,2011-02-15T21:00:00.000000-0500,305,s:40~l:54~t:305,depaul-blue-demons,DePaul,Blue Demons,DEP,DePaul Blue Demons,DePaul,2d649c,ce1125,https://a.espncdn.com/i/teamlogos/ncaa/500/305.png,home,66,true,22,7,18,47.1,24,51,0,10,57.1,8,14,19,7,7,15,0,43.5,10,23,29,0,0,0,164,s:40~l:54~t:164,rutgers-scarlet-knights,Rutgers,Scarlet Knights,RUTG,Rutgers Scarlet Knights,Rutgers,d21034,ffffff,https://a.espncdn.com/i/teamlogos/ncaa/500/164.png,62
310450239,2011,2,2011-02-14,2011-02-14T21:00:00.000000-0500,245,s:40~l:54~t:245,texas-am-aggies,Texas A&M,Aggies,TA&M,Texas A&M Aggies,Texas A&M,5C0025,ffffff,https://a.espncdn.com/i/teamlogos/ncaa/500/245.png,away,58,false,8,3,23,31.0,22,71,0,24,78.6,11,14,9,18,4,14,1,23.1,3,13,44,1,0,0,239,s:40~l:54~t:239,baylor-bears,Baylor,Bears,BAY,Baylor Bears,Baylor,154734,ffb81c,https://a.espncdn.com/i/teamlogos/ncaa/500/239.png,67
310450239,2011,2,2011-02-14,2011-02-14T21:00:00.000000-0500,239,s:40~l:54~t:239,baylor-bears,Baylor,Bears,BAY,Baylor Bears,Baylor,154734,ffb81c,https://a.espncdn.com/i/teamlogos/ncaa/500/239.png,home,67,true,11,6,31,40.7,22,54,0,16,67.7,21,31,9,12,4,18,0,40.0,2,5,45,0,0,0,245,s:40~l:54~t:245,texas-am-aggies,Texas A&M,Aggies,TA&M,Texas A&M Aggies,Texas A&M,5C0025,ffffff,https://a.espncdn.com/i/teamlogos/ncaa/500/245.png,58
310450041,2011,2,2011-02-14,2011-02-14T19:00:00.000000-0500,201,s:40~l:54~t:201,oklahoma-sooners,Oklahoma,Sooners,OU,Oklahoma Sooners,Oklahoma,9d2235,ffffff,https://a.espncdn.com/i/teamlogos/ncaa/500/201.png,away,45,false,9,2,15,29.7,19,64,0,15,80.0,4,5,0,7,6,17,0,13.6,3,22,28,0,0,0,41,s:40~l:54~t:41,uconn-huskies,UConn,Huskies,CONN,UConn Huskies,UConn,0c2340,f1f2f3,https://a.espncdn.com/i/teamlogos/ncaa/500/41.png,86
310450041,2011,2,2011-02-14,2011-02-14T19:00:00.000000-0500,41,s:40~l:54~t:41,uconn-huskies,UConn,Huskies,CONN,UConn Huskies,UConn,0c2340,f1f2f3,https://a.espncdn.com/i/teamlogos/ncaa/500/41.png,home,86,true,21,5,33,56.3,36,64,0,14,73.3,11,15,41,9,13,16,0,21.4,3,14,49,0,0,0,201,s:40~l:54~t:201,oklahoma-sooners,Oklahoma,Sooners,OU,Oklahoma Sooners,Oklahoma,9d2235,ffffff,https://a.espncdn.com/i/teamlogos/ncaa/500/201.png,45
310452368,2011,2,2011-02-14,2011-02-14T19:30:00.000000-0500,2099,s:40~l:54~t:2099,canisius-golden-griffins,Canisius,Golden Griffins,CAN,Canisius Golden Griffins,Canisius,004a81,dda50f,https://a.espncdn.com/i/teamlogos/ncaa/500/2099.png,away,60,false,14,1,20,36.7,22,60,0,20,64.3,9,14,1,16,3,16,0,30.4,7,23,38,0,0,0,2368,s:40~l:54~t:2368,marist-red-foxes,Marist,Red Foxes,MRST,Marist Red Foxes,Marist,e53730,f0f0f0,https://a.espncdn.com/i/teamlogos/ncaa/500/2368.png,72
310452368,2011,2,2011-02-14,2011-02-14T19:30:00.000000-0500,2368,s:40~l:54~t:2368,marist-red-foxes,Marist,Red Foxes,MRST,Marist Red Foxes,Marist,e53730,f0f0f0,https://a.espncdn.com/i/teamlogos/ncaa/500/2368.png,home,72,true,14,5,25,46.0,23,50,0,16,73.3,22,30,15,8,7,10,0,22.2,4,18,35,0,0,0,2099,s:40~l:54~t:2099,canisius-golden-griffins,Canisius,Golden Griffins,CAN,Canisius Golden Griffins,Canisius,004a81,dda50f,https://a.espncdn.com/i/teamlogos/ncaa/500/2099.png,60
310452448,2011,2,2011-02-14,2011-02-14T16:30:00.000000-0500,2261,s:40~l:54~t:2261,hampton-lady-pirates,Hampton,Lady Pirates,HAMP,Hampton Lady Pirates,Hampton,0067AC,,https://a.espncdn.com/i/teamlogos/ncaa/500/2261.png,away,74,true,8,2,20,35.4,23,65,0,18,67.7,21,31,17,16,12,16,0,33.3,7,21,47,0,0,0,2448,s:40~l:54~t:2448,north-carolina-at-aggies,North Carolina A&T,Aggies,NCAT,North Carolina A&T Aggies,NC A&T,0505aa,004684,https://a.espncdn.com/i/teamlogos/ncaa/500/2448.png,66
310452448,2011,2,2011-02-14,2011-02-14T16:30:00.000000-0500,2448,s:40~l:54~t:2448,north-carolina-at-aggies,North Carolina A&T,Aggies,NCAT,North Carolina A&T Aggies,NC A&T,0505aa,004684,https://a.espncdn.com/i/teamlogos/ncaa/500/2448.png,home,66,false,6,1,24,42.4,25,59,0,23,70.6,12,17,4,11,9,19,0,40.0,4,10,39,0,0,0,2261,s:40~l:54~t:2261,hampton-lady-pirates,Hampton,Lady Pirates,HAMP,Hampton Lady Pirates,Hampton,0067AC,,https://a.espncdn.com/i/teamlogos/ncaa/500/2261.png,74
310440238,2011,2,2011-02-13,2011-02-13T18:00:00.000000-0500,2633,s:40~l:54~t:2633,tennessee-lady-volunteers,Tennessee,Lady Volunteers,TENN,Tennessee Lady Volunteers,Tennessee,ff8200,ffffff,https://a.espncdn.com/i/teamlogos/ncaa/500/2633_ncw.png,away,65,true,10,4,24,37.9,22,58,0,21,56.3,18,32,8,13,11,17,0,27.3,3,11,41,0,0,0,238,s:40~l:54~t:238,vanderbilt-commodores,Vanderbilt,Commodores,VAN,Vanderbilt Commodores,Vanderbilt,000000,231f20,https://a.espncdn.com/i/teamlogos/ncaa/500/238.png,57
310440238,2011,2,2011-02-13,2011-02-13T18:00:00.000000-0500,238,s:40~l:54~t:238,vanderbilt-commodores,Vanderbilt,Commodores,VAN,Vanderbilt Commodores,Vanderbilt,000000,231f20,https://a.espncdn.com/i/teamlogos/ncaa/500/238.png,home,57,false,10,3,25,37.7,20,53,0,22,65.0,13,20,13,7,4,21,0,26.7,4,15,37,0,0,0,2633,s:40~l:54~t:2633,tennessee-lady-volunteers,Tennessee,Lady Volunteers,TENN,Tennessee Lady Volunteers,Tennessee,ff8200,ffffff,https://a.espncdn.com/i/teamlogos/ncaa/500/2633_ncw.png,65
310440150,2011,2,2011-02-13,2011-02-13T14:00:00.000000-0500,103,s:40~l:54~t:103,boston-college-eagles,Boston College,Eagles,BC,Boston College Eagles,Boston College,8c2232,dbcca6,https://a.espncdn.com/i/teamlogos/ncaa/500/103.png,away,53,false,16,0,21,38.5,20,52,0,14,100.0,4,4,4,6,6,17,0,34.6,9,26,30,0,0,0,150,s:40~l:54~t:150,duke-blue-devils,Duke,Blue Devils,DUKE,Duke Blue Devils,Duke,013088,ffffff,https://a.espncdn.com/i/teamlogos/ncaa/500/150.png,66
310440150,2011,2,2011-02-13,2011-02-13T14:00:00.000000-0500,150,s:40~l:54~t:150,duke-blue-devils,Duke,Blue Devils,DUKE,Duke Blue Devils,Duke,013088,ffffff,https://a.espncdn.com/i/teamlogos/ncaa/500/150.png,home,66,true,18,8,23,44.4,28,63,0,9,66.7,8,12,15,14,13,12,0,14.3,2,14,39,0,0,0,103,s:40~l:54~t:103,boston-college-eagles,Boston College,Eagles,BC,Boston College Eagles,Boston College,8c2232,dbcca6,https://a.espncdn.com/i/teamlogos/ncaa/500/103.png,53
310440127,2011,2,2011-02-13,2011-02-13T14:30:00.000000-0500,130,s:40~l:54~t:130,michigan-wolverines,Michigan,Wolverines,MICH,Michigan Wolverines,Michigan,00274c,ffcb05,https://a.espncdn.com/i/teamlogos/ncaa/500/130.png,away,56,false,10,4,15,40.5,17,42,0,13,60.9,14,23,1,7,6,15,0,50.0,8,16,25,0,0,0,127,s:40~l:54~t:127,michigan-state-spartans,Michigan State,Spartans,MSU,Michigan State Spartans,Michigan St,18453B,ffffff,https://a.espncdn.com/i/teamlogos/ncaa/500/127.png,69
310440127,2011,2,2011-02-13,2011-02-13T14:30:00.000000-0500,127,s:40~l:54~t:127,michigan-state-spartans,Michigan State,Spartans,MSU,Michigan State Spartans,Michigan St,18453B,ffffff,https://a.espncdn.com/i/teamlogos/ncaa/500/127.png,home,69,true,10,3,20,43.1,25,58,0,18,78.6,11,14,19,14,9,16,0,34.8,8,23,38,0,0,0,130,s:40~l:54~t:130,michigan-wolverines,Michigan,Wolverines,MICH,Michigan Wolverines,Michigan,00274c,ffcb05,https://a.espncdn.com/i/teamlogos/ncaa/500/130.png,56
310440120,2011,2,2011-02-13,2011-02-13T14:00:00.000000-0500,258,s:40~l:54~t:258,virginia-cavaliers,Virginia,Cavaliers,UVA,Virginia Cavaliers,Virginia,f84c1e,ffffff,https://a.espncdn.com/i/teamlogos/ncaa/500/258.png,away,60,true,9,4,21,33.3,19,57,0,20,79.2,19,24,10,12,7,10,0,27.3,3,11,35,0,0,0,120,s:40~l:54~t:120,maryland-terrapins,Maryland,Terrapins,MD,Maryland Terrapins,Maryland,D5002B,ffcd00,https://a.espncdn.com/i/teamlogos/ncaa/500/120.png,57
310440120,2011,2,2011-02-13,2011-02-13T14:00:00.000000-0500,120,s:40~l:54~t:120,maryland-terrapins,Maryland,Terrapins,MD,Maryland Terrapins,Maryland,D5002B,ffcd00,https://a.espncdn.com/i/teamlogos/ncaa/500/120.png,home,57,false,9,3,29,38.5,20,52,0,17,70.0,14,20,6,13,5,17,0,30.0,3,10,43,0,0,0,258,s:40~l:54~t:258,virginia-cavaliers,Virginia,Cavaliers,UVA,Virginia Cavaliers,Virginia,f84c1e,ffffff,https://a.espncdn.com/i/teamlogos/ncaa/500/258.png,60
310440153,2011,2,2011-02-13,2011-02-13T13:00:00.000000-0500,2390,s:40~l:54~t:2390,miami-hurricanes,Miami,Hurricanes,MIA,Miami Hurricanes,Miami,004325,f0f0f0,https://a.espncdn.com/i/teamlogos/ncaa/500/2390.png,away,78,true,18,2,28,35.7,25,70,0,18,85.7,18,21,18,16,10,19,0,41.7,10,24,46,0,0,0,153,s:40~l:54~t:153,north-carolina-tar-heels,North Carolina,Tar Heels,UNC,North Carolina Tar Heels,North Carolina,7bafd4,13294b,https://a.espncdn.com/i/teamlogos/ncaa/500/153.png,66
310440153,2011,2,2011-02-13,2011-02-13T13:00:00.000000-0500,153,s:40~l:54~t:153,north-carolina-tar-heels,North Carolina,Tar Heels,UNC,North Carolina Tar Heels,North Carolina,7bafd4,13294b,https://a.espncdn.com/i/teamlogos/ncaa/500/153.png,home,66,false,11,9,29,39.7,25,63,0,21,66.7,14,21,3,10,7,22,0,9.1,2,22,40,0,0,0,2390,s:40~l:54~t:2390,miami-hurricanes,Miami,Hurricanes,MIA,Miami Hurricanes,Miami,004325,f0f0f0,https://a.espncdn.com/i/teamlogos/ncaa/500/2390.png,78
310440096,2011,2,2011-02-13,2011-02-13T14:30:00.000000-0500,99,s:40~l:54~t:99,lsu-tigers,LSU,Tigers,LSU,LSU Tigers,LSU,461d7c,fdd023,https://a.espncdn.com/i/teamlogos/ncaa/500/99.png,away,47,false,5,3,31,29.5,13,44,0,21,75.0,18,24,5,10,4,25,0,37.5,3,8,42,0,0,0,96,s:40~l:54~t:96,kentucky-wildcats,Kentucky,Wildcats,UK,Kentucky Wildcats,Kentucky,005DAA,ffffff,https://a.espncdn.com/i/teamlogos/ncaa/500/96.png,49
310440096,2011,2,2011-02-13,2011-02-13T14:30:00.000000-0500,96,s:40~l:54~t:96,kentucky-wildcats,Kentucky,Wildcats,UK,Kentucky Wildcats,Kentucky,005DAA,ffffff,https://a.espncdn.com/i/teamlogos/ncaa/500/96.png,home,49,true,6,7,21,32.1,18,56,0,22,68.8,11,16,5,6,9,16,0,18.2,2,11,29,0,0,0,99,s:40~l:54~t:99,lsu-tigers,LSU,Tigers,LSU,LSU Tigers,LSU,461d7c,fdd023,https://a.espncdn.com/i/teamlogos/ncaa/500/99.png,47
310442599,2011,2,2011-02-13,2011-02-13T14:30:00.000000-0500,46,s:40~l:54~t:46,georgetown-hoyas,Georgetown,Hoyas,GTWN,Georgetown Hoyas,Georgetown,110E42,001c58,https://a.espncdn.com/i/teamlogos/ncaa/500/46.png,away,71,false,15,1,20,41.2,28,68,0,24,62.5,10,16,1,9,11,17,0,25.0,5,20,34,0,0,0,2599,s:40~l:54~t:2599,st-johns-red-storm,St. John's,Red Storm,SJU,St. John's Red Storm,St John's,d10000,101010,https://a.espncdn.com/i/teamlogos/ncaa/500/2599.png,75
310442599,2011,2,2011-02-13,2011-02-13T14:30:00.000000-0500,2599,s:40~l:54~t:2599,st-johns-red-storm,St. John's,Red Storm,SJU,St. John's Red Storm,St John's,d10000,101010,https://a.espncdn.com/i/teamlogos/ncaa/500/2599.png,home,75,true,16,3,26,46.3,25,54,0,17,66.7,20,30,11,9,9,22,0,45.5,5,11,40,0,0,0,46,s:40~l:54~t:46,georgetown-hoyas,Georgetown,Hoyas,GTWN,Georgetown Hoyas,Georgetown,110E42,001c58,https://a.espncdn.com/i/teamlogos/ncaa/500/46.png,71
310440097,2011,2,2011-02-13,2011-02-13T17:00:00.000000-0500,277,s:40~l:54~t:277,west-virginia-mountaineers,West Virginia,Mountaineers,WVU,West Virginia Mountaineers,West Virginia,FFC600,eaaa00,https://a.espncdn.com/i/teamlogos/ncaa/500/277.png,away,47,false,7,3,19,26.0,13,50,0,23,74.1,20,27,5,18,9,17,0,8.3,1,12,39,0,0,0,97,s:40~l:54~t:97,louisville-cardinals,Louisville,Cardinals,LOU,Louisville Cardinals,Louisville,c9001f,000000,https://a.espncdn.com/i/teamlogos/ncaa/500/97.png,57
310440097,2011,2,2011-02-13,2011-02-13T17:00:00.000000-0500,97,s:40~l:54~t:97,louisville-cardinals,Louisville,Cardinals,LOU,Louisville Cardinals,Louisville,c9001f,000000,https://a.espncdn.com/i/teamlogos/ncaa/500/97.png,home,57,true,12,3,19,37.8,17,45,0,22,81.0,17,21,11,9,7,15,0,60.0,6,10,29,0,0,0,277,s:40~l:54~t:277,west-virginia-mountaineers,West Virginia,Mountaineers,WVU,West Virginia Mountaineers,West Virginia,FFC600,eaaa00,https://a.espncdn.com/i/teamlogos/ncaa/500/277.png,47
310440066,2011,2,2011-02-13,2011-02-13T17:00:00.000000-0500,2306,s:40~l:54~t:2306,kansas-state-wildcats,Kansas State,Wildcats,KSU,Kansas State Wildcats,Kansas St,633194,e7d2ad,https://a.espncdn.com/i/teamlogos/ncaa/500/2306.png,away,53,false,9,2,17,43.1,22,51,0,22,75.0,3,4,3,5,5,11,1,28.6,6,21,24,1,0,0,66,s:40~l:54~t:66,iowa-state-cyclones,Iowa State,Cyclones,ISU,Iowa State Cyclones,Iowa State,822433,fdca2f,https://a.espncdn.com/i/teamlogos/ncaa/500/66.png,61
310440066,2011,2,2011-02-13,2011-02-13T17:00:00.000000-0500,66,s:40~l:54~t:66,iowa-state-cyclones,Iowa State,Cyclones,ISU,Iowa State Cyclones,Iowa State,822433,fdca2f,https://a.espncdn.com/i/teamlogos/ncaa/500/66.png,home,61,true,11,0,25,43.2,19,44,0,8,80.8,21,26,12,6,3,11,0,28.6,2,7,34,0,0,0,2306,s:40~l:54~t:2306,kansas-state-wildcats,Kansas State,Wildcats,KSU,Kansas State Wildcats,Kansas St,633194,e7d2ad,https://a.espncdn.com/i/teamlogos/ncaa/500/2306.png,53
310440084,2011,2,2011-02-13,2011-02-13T12:30:00.000000-0500,213,s:40~l:54~t:213,penn-state-lady-lions,Penn State,Lady Lions,PSU,Penn State Lady Lions,Penn State,00265D,002e5c,https://a.espncdn.com/i/teamlogos/ncaa/500/213.png,away,80,true,24,3,21,54.2,32,59,0,16,71.4,5,7,3,11,11,15,0,57.9,11,19,33,0,0,0,84,s:40~l:54~t:84,indiana-hoosiers,Indiana,Hoosiers,IU,Indiana Hoosiers,Indiana,990000,edebeb,https://a.espncdn.com/i/teamlogos/ncaa/500/84.png,77
310440084,2011,2,2011-02-13,2011-02-13T12:30:00.000000-0500,84,s:40~l:54~t:84,indiana-hoosiers,Indiana,Hoosiers,IU,Indiana Hoosiers,Indiana,990000,edebeb,https://a.espncdn.com/i/teamlogos/ncaa/500/84.png,home,77,false,12,1,14,51.9,27,52,0,12,87.5,14,16,16,3,10,13,0,52.9,9,17,20,0,0,0,213,s:40~l:54~t:213,penn-state-lady-lions,Penn State,Lady Lions,PSU,Penn State Lady Lions,Penn State,00265D,002e5c,https://a.espncdn.com/i/teamlogos/ncaa/500/213.png,80
310430239,2011,2,2011-02-12,2011-02-12T13:30:00.000000-0500,251,s:40~l:54~t:251,texas-longhorns,Texas,Longhorns,TEX,Texas Longhorns,Texas,c15d26,ffffff,https://a.espncdn.com/i/teamlogos/ncaa/500/251.png,away,68,false,8,8,25,29.2,26,89,0,23,69.2,9,13,0,17,4,8,0,30.4,7,23,51,0,0,0,239,s:40~l:54~t:239,baylor-bears,Baylor,Bears,BAY,Baylor Bears,Baylor,154734,ffb81c,https://a.espncdn.com/i/teamlogos/ncaa/500/239.png,96
310430239,2011,2,2011-02-12,2011-02-12T13:30:00.000000-0500,239,s:40~l:54~t:239,baylor-bears,Baylor,Bears,BAY,Baylor Bears,Baylor,154734,ffb81c,https://a.espncdn.com/i/teamlogos/ncaa/500/239.png,home,96,true,17,13,41,52.3,34,65,0,15,68.6,24,35,45,6,3,10,0,30.8,4,13,53,0,0,0,251,s:40~l:54~t:251,texas-longhorns,Texas,Longhorns,TEX,Texas Longhorns,Texas,c15d26,ffffff,https://a.espncdn.com/i/teamlogos/ncaa/500/251.png,68
310432507,2011,2,2011-02-12,2011-02-12T14:00:00.000000-0500,41,s:40~l:54~t:41,uconn-huskies,UConn,Huskies,CONN,UConn Huskies,UConn,0c2340,f1f2f3,https://a.espncdn.com/i/teamlogos/ncaa/500/41.png,away,68,true,17,6,31,52.9,27,51,0,7,78.6,11,14,36,10,8,20,0,33.3,3,9,44,0,0,0,2507,s:40~l:54~t:2507,providence-friars,Providence,Friars,PROV,Providence Friars,Providence,000000,a3a19e,https://a.espncdn.com/i/teamlogos/ncaa/500/2507.png,38
310432507,2011,2,2011-02-12,2011-02-12T14:00:00.000000-0500,2507,s:40~l:54~t:2507,providence-friars,Providence,Friars,PROV,Providence Friars,Providence,000000,a3a19e,https://a.espncdn.com/i/teamlogos/ncaa/500/2507.png,home,38,false,8,4,14,28.1,16,57,0,16,44.4,4,9,0,8,7,16,0,14.3,2,14,25,0,0,0,41,s:40~l:54~t:41,uconn-huskies,UConn,Huskies,CONN,UConn Huskies,UConn,0c2340,f1f2f3,https://a.espncdn.com/i/teamlogos/ncaa/500/41.png,68
310430024,2011,2,2011-02-12,2011-02-12T17:00:00.000000-0500,264,s:40~l:54~t:264,washington-huskies,Washington,Huskies,WASH,Washington Huskies,Washington,33006f,e8d3a2,https://a.espncdn.com/i/teamlogos/ncaa/500/264.png,away,52,false,9,0,20,45.2,19,42,0,27,53.3,8,15,2,8,2,20,0,50.0,6,12,30,0,0,0,24,s:40~l:54~t:24,stanford-cardinal,Stanford,Cardinal,STAN,Stanford Cardinal,Stanford,8c1515,ffffff,https://a.espncdn.com/i/teamlogos/ncaa/500/24.png,62
310430024,2011,2,2011-02-12,2011-02-12T17:00:00.000000-0500,24,s:40~l:54~t:24,stanford-cardinal,Stanford,Cardinal,STAN,Stanford Cardinal,Stanford,8c1515,ffffff,https://a.espncdn.com/i/teamlogos/ncaa/500/24.png,home,62,true,7,0,17,36.5,19,52,0,16,69.7,23,33,11,15,4,12,0,4.8,1,21,36,0,0,0,264,s:40~l:54~t:264,washington-huskies,Washington,Huskies,WASH,Washington Huskies,Washington,33006f,e8d3a2,https://a.espncdn.com/i/teamlogos/ncaa/500/264.png,52
310430245,2011,2,2011-02-12,2011-02-12T20:00:00.000000-0500,2305,s:40~l:54~t:2305,kansas-jayhawks,Kansas,Jayhawks,KU,Kansas Jayhawks,Kansas,0051ba,e8000d,https://a.espncdn.com/i/teamlogos/ncaa/500/2305.png,away,58,false,13,5,22,47.6,20,42,0,20,77.8,14,18,2,6,4,31,0,28.6,4,14,30,0,0,0,245,s:40~l:54~t:245,texas-am-aggies,Texas A&M,Aggies,TA&M,Texas A&M Aggies,Texas A&M,5C0025,ffffff,https://a.espncdn.com/i/teamlogos/ncaa/500/245.png,81
310430245,2011,2,2011-02-12,2011-02-12T20:00:00.000000-0500,245,s:40~l:54~t:245,texas-am-aggies,Texas A&M,Aggies,TA&M,Texas A&M Aggies,Texas A&M,5C0025,ffffff,https://a.espncdn.com/i/teamlogos/ncaa/500/245.png,home,81,true,20,4,17,47.8,32,67,0,17,87.5,14,16,29,11,18,15,0,30.0,3,10,32,0,0,0,2305,s:40~l:54~t:2305,kansas-jayhawks,Kansas,Jayhawks,KU,Kansas Jayhawks,Kansas,0051ba,e8000d,https://a.espncdn.com/i/teamlogos/ncaa/500/2305.png,58
310432752,2011,2,2011-02-12,2011-02-12T14:00:00.000000-0500,2230,s:40~l:54~t:2230,fordham-rams,Fordham,Rams,FOR,Fordham Rams,Fordham,830032,909090,https://a.espncdn.com/i/teamlogos/ncaa/500/2230.png,away,55,false,13,0,19,28.2,20,71,0,13,60.0,3,5,0,12,10,7,0,30.0,12,40,34,0,0,0,2752,s:40~l:54~t:2752,xavier-musketeers,Xavier,Musketeers,XAV,Xavier Musketeers,Xavier,002144,9ea2a2,https://a.espncdn.com/i/teamlogos/ncaa/500/2752.png,77
310432752,2011,2,2011-02-12,2011-02-12T14:00:00.000000-0500,2752,s:40~l:54~t:2752,xavier-musketeers,Xavier,Musketeers,XAV,Xavier Musketeers,Xavier,002144,9ea2a2,https://a.espncdn.com/i/teamlogos/ncaa/500/2752.png,home,77,true,20,8,36,53.8,28,52,0,10,77.8,14,18,29,6,3,16,0,53.8,7,13,46,0,0,0,2230,s:40~l:54~t:2230,fordham-rams,Fordham,Rams,FOR,Fordham Rams,Fordham,830032,909090,https://a.espncdn.com/i/teamlogos/ncaa/500/2230.png,55
310430087,2011,2,2011-02-12,2011-02-12T14:00:00.000000-0500,164,s:40~l:54~t:164,rutgers-scarlet-knights,Rutgers,Scarlet Knights,RUTG,Rutgers Scarlet Knights,Rutgers,d21034,ffffff,https://a.espncdn.com/i/teamlogos/ncaa/500/164.png,away,49,false,13,3,16,40.8,20,49,0,18,70.0,7,10,2,7,7,18,0,25.0,2,8,28,0,0,0,87,s:40~l:54~t:87,notre-dame-fighting-irish,Notre Dame,Fighting Irish,ND,Notre Dame Fighting Irish,Notre Dame,0c2340,c99700,https://a.espncdn.com/i/teamlogos/ncaa/500/87.png,71
310430087,2011,2,2011-02-12,2011-02-12T14:00:00.000000-0500,87,s:40~l:54~t:87,notre-dame-fighting-irish,Notre Dame,Fighting Irish,ND,Notre Dame Fighting Irish,Notre Dame,0c2340,c99700,https://a.espncdn.com/i/teamlogos/ncaa/500/87.png,home,71,true,18,3,19,51.9,27,52,0,11,75.0,12,16,24,9,8,14,0,55.6,5,9,31,0,0,0,164,s:40~l:54~t:164,rutgers-scarlet-knights,Rutgers,Scarlet Knights,RUTG,Rutgers Scarlet Knights,Rutgers,d21034,ffffff,https://a.espncdn.com/i/teamlogos/ncaa/500/164.png,49
310430204,2011,2,2011-02-12,2011-02-12T17:00:00.000000-0500,26,s:40~l:54~t:26,ucla-bruins,UCLA,Bruins,UCLA,UCLA Bruins,UCLA,2774ae,f2a900,https://a.espncdn.com/i/teamlogos/ncaa/500/26.png,away,58,true,14,1,16,42.6,23,54,0,18,56.3,9,16,21,11,11,17,0,30.0,3,10,33,0,0,0,204,s:40~l:54~t:204,oregon-state-beavers,Oregon State,Beavers,ORST,Oregon State Beavers,Oregon St,d73f09,000000,https://a.espncdn.com/i/teamlogos/ncaa/500/204.png,48
310430204,2011,2,2011-02-12,2011-02-12T17:00:00.000000-0500,204,s:40~l:54~t:204,oregon-state-beavers,Oregon State,Beavers,ORST,Oregon State Beavers,Oregon St,d73f09,000000,https://a.espncdn.com/i/teamlogos/ncaa/500/204.png,home,48,false,11,3,18,38.6,17,44,0,17,50.0,11,22,2,11,11,24,0,15.8,3,19,35,0,0,0,26,s:40~l:54~t:26,ucla-bruins,UCLA,Bruins,UCLA,UCLA Bruins,UCLA,2774ae,f2a900,https://a.espncdn.com/i/teamlogos/ncaa/500/26.png,58
310430305,2011,2,2011-02-12,2011-02-12T20:00:00.000000-0500,269,s:40~l:54~t:269,marquette-golden-eagles,Marquette,Golden Eagles,MARQ,Marquette Golden Eagles,Marquette,083963,ffffff,https://a.espncdn.com/i/teamlogos/ncaa/500/269.png,away,56,false,9,2,23,46.5,20,43,0,13,72.2,13,18,4,7,8,23,0,21.4,3,14,34,0,0,0,305,s:40~l:54~t:305,depaul-blue-demons,DePaul,Blue Demons,DEP,DePaul Blue Demons,DePaul,2d649c,ce1125,https://a.espncdn.com/i/teamlogos/ncaa/500/305.png,64
310430305,2011,2,2011-02-12,2011-02-12T20:00:00.000000-0500,305,s:40~l:54~t:305,depaul-blue-demons,DePaul,Blue Demons,DEP,DePaul Blue Demons,DePaul,2d649c,ce1125,https://a.espncdn.com/i/teamlogos/ncaa/500/305.png,home,64,true,12,1,13,40.0,24,60,0,18,60.0,6,10,19,7,12,14,0,40.0,10,25,28,0,0,0,269,s:40~l:54~t:269,marquette-golden-eagles,Marquette,Golden Eagles,MARQ,Marquette Golden Eagles,Marquette,083963,ffffff,https://a.espncdn.com/i/teamlogos/ncaa/500/269.png,56
310430201,2011,2,2011-02-12,2011-02-12T15:00:00.000000-0500,142,s:40~l:54~t:142,missouri-tigers,Missouri,Tigers,MIZ,Missouri Tigers,Missouri,f1b82d,000000,https://a.espncdn.com/i/teamlogos/ncaa/500/142.png,away,47,false,9,2,18,31.5,17,54,0,23,52.9,9,17,3,10,6,19,0,16.7,4,24,33,0,0,0,201,s:40~l:54~t:201,oklahoma-sooners,Oklahoma,Sooners,OU,Oklahoma Sooners,Oklahoma,9d2235,ffffff,https://a.espncdn.com/i/teamlogos/ncaa/500/201.png,69
310430201,2011,2,2011-02-12,2011-02-12T15:00:00.000000-0500,201,s:40~l:54~t:201,oklahoma-sooners,Oklahoma,Sooners,OU,Oklahoma Sooners,Oklahoma,9d2235,ffffff,https://a.espncdn.com/i/teamlogos/ncaa/500/201.png,home,69,true,13,2,28,45.8,22,48,0,18,77.8,21,27,25,6,6,16,0,36.4,4,11,39,0,0,0,142,s:40~l:54~t:142,missouri-tigers,Missouri,Tigers,MIZ,Missouri Tigers,Missouri,f1b82d,000000,https://a.espncdn.com/i/teamlogos/ncaa/500/142.png,47
310432350,2011,2,2011-02-12,2011-02-12T13:30:00.000000-0500,2739,s:40~l:54~t:2739,green-bay-phoenix,Green Bay,Phoenix,GB,Green Bay Phoenix,Green Bay,006633,ffffff,https://a.espncdn.com/i/teamlogos/ncaa/500/2739.png,away,69,true,18,2,26,40.0,24,60,0,15,66.7,12,18,34,12,11,20,0,47.4,9,19,42,0,0,0,2350,s:40~l:54~t:2350,loyola-chicago-ramblers,Loyola Chicago,Ramblers,LUC,Loyola Chicago Ramblers,Loyola Chicago,9d1244,,https://a.espncdn.com/i/teamlogos/ncaa/500/2350.png,43
310432350,2011,2,2011-02-12,2011-02-12T13:30:00.000000-0500,2350,s:40~l:54~t:2350,loyola-chicago-ramblers,Loyola Chicago,Ramblers,LUC,Loyola Chicago Ramblers,Loyola Chicago,9d1244,,https://a.espncdn.com/i/teamlogos/ncaa/500/2350.png,home,43,false,8,4,21,35.4,17,48,0,16,60.0,6,10,0,4,14,26,0,15.8,3,19,29,0,0,0,2739,s:40~l:54~t:2739,green-bay-phoenix,Green Bay,Phoenix,GB,Green Bay Phoenix,Green Bay,006633,ffffff,https://a.espncdn.com/i/teamlogos/ncaa/500/2739.png,69
310420154,2011,2,2011-02-11,2011-02-11T20:30:00.000000-0500,150,s:40~l:54~t:150,duke-blue-devils,Duke,Blue Devils,DUKE,Duke Blue Devils,Duke,013088,ffffff,https://a.espncdn.com/i/teamlogos/ncaa/500/150.png,away,82,true,21,6,32,50.0,32,64,0,19,66.7,12,18,44,14,14,19,0,54.5,6,11,52,0,0,0,154,s:40~l:54~t:154,wake-forest-demon-deacons,Wake Forest,Demon Deacons,WAKE,Wake Forest Demon Deacons,Wake Forest,9E7E38,000000,https://a.espncdn.com/i/teamlogos/ncaa/500/154.png,39
310420154,2011,2,2011-02-11,2011-02-11T20:30:00.000000-0500,154,s:40~l:54~t:154,wake-forest-demon-deacons,Wake Forest,Demon Deacons,WAKE,Wake Forest Demon Deacons,Wake Forest,9E7E38,000000,https://a.espncdn.com/i/teamlogos/ncaa/500/154.png,home,39,false,10,3,15,25.9,14,54,0,17,36.8,7,19,0,11,11,21,0,25.0,4,16,31,0,0,0,150,s:40~l:54~t:150,duke-blue-devils,Duke,Blue Devils,DUKE,Duke Blue Devils,Duke,013088,ffffff,https://a.espncdn.com/i/teamlogos/ncaa/500/150.png,82
310420052,2011,2,2011-02-11,2011-02-11T18:30:00.000000-0500,59,s:40~l:54~t:59,georgia-tech-yellow-jackets,Georgia Tech,Yellow Jackets,GT,Georgia Tech Yellow Jackets,Georgia Tech,00223e,002c56,https://a.espncdn.com/i/teamlogos/ncaa/500/59.png,away,60,false,13,2,21,34.3,24,70,0,18,80.0,8,10,3,17,8,15,0,23.5,4,17,38,0,0,0,52,s:40~l:54~t:52,florida-state-seminoles,Florida State,Seminoles,FSU,Florida State Seminoles,Florida St,782F40,ceb888,https://a.espncdn.com/i/teamlogos/ncaa/500/52.png,73
310420052,2011,2,2011-02-11,2011-02-11T18:30:00.000000-0500,52,s:40~l:54~t:52,florida-state-seminoles,Florida State,Seminoles,FSU,Florida State Seminoles,Florida St,782F40,ceb888,https://a.espncdn.com/i/teamlogos/ncaa/500/52.png,home,73,true,15,4,26,52.1,25,48,0,11,68.2,15,22,15,6,5,20,0,53.3,8,15,35,0,0,0,59,s:40~l:54~t:59,georgia-tech-yellow-jackets,Georgia Tech,Yellow Jackets,GT,Georgia Tech Yellow Jackets,Georgia Tech,00223e,002c56,https://a.espncdn.com/i/teamlogos/ncaa/500/59.png,60
310420314,2011,2,2011-02-11,2011-02-11T16:30:00.000000-0500,2368,s:40~l:54~t:2368,marist-red-foxes,Marist,Red Foxes,MRST,Marist Red Foxes,Marist,e53730,f0f0f0,https://a.espncdn.com/i/teamlogos/ncaa/500/2368.png,away,56,true,12,5,25,38.9,21,54,0,19,75.0,9,12,13,7,9,9,0,35.7,5,14,36,0,0,0,314,s:40~l:54~t:314,iona-gaels,Iona,Gaels,IONA,Iona Gaels,Iona,6f2c3e,f0ab00,https://a.espncdn.com/i/teamlogos/ncaa/500/314.png,45
310420314,2011,2,2011-02-11,2011-02-11T16:30:00.000000-0500,314,s:40~l:54~t:314,iona-gaels,Iona,Gaels,IONA,Iona Gaels,Iona,6f2c3e,f0ab00,https://a.espncdn.com/i/teamlogos/ncaa/500/314.png,home,45,false,10,0,26,23.7,14,59,0,16,57.9,11,19,1,20,5,16,0,30.0,6,20,49,0,0,0,2368,s:40~l:54~t:2368,marist-red-foxes,Marist,Red Foxes,MRST,Marist Red Foxes,Marist,e53730,f0f0f0,https://a.espncdn.com/i/teamlogos/ncaa/500/2368.png,56
310410024,2011,2,2011-02-10,2011-02-10T22:00:00.000000-0500,265,s:40~l:54~t:265,washington-state-cougars,Washington State,Cougars,WSU,Washington State Cougars,Washington St,94022a,6a747c,https://a.espncdn.com/i/teamlogos/ncaa/500/265.png,away,59,false,10,0,12,45.3,24,53,0,17,38.5,5,13,2,5,5,19,0,35.3,6,17,20,0,0,0,24,s:40~l:54~t:24,stanford-cardinal,Stanford,Cardinal,STAN,Stanford Cardinal,Stanford,8c1515,ffffff,https://a.espncdn.com/i/teamlogos/ncaa/500/24.png,100
310410024,2011,2,2011-02-10,2011-02-10T22:00:00.000000-0500,24,s:40~l:54~t:24,stanford-cardinal,Stanford,Cardinal,STAN,Stanford Cardinal,Stanford,8c1515,ffffff,https://a.espncdn.com/i/teamlogos/ncaa/500/24.png,home,100,true,24,1,24,63.3,38,60,0,13,72.7,16,22,44,11,7,12,0,57.1,8,14,36,0,0,0,265,s:40~l:54~t:265,washington-state-cougars,Washington State,Cougars,WSU,Washington State Cougars,Washington St,94022a,6a747c,https://a.espncdn.com/i/teamlogos/ncaa/500/265.png,59
310412633,2011,2,2011-02-10,2011-02-10T19:00:00.000000-0500,57,s:40~l:54~t:57,florida-gators,Florida,Gators,FLA,Florida Gators,Florida,0021a5,fa4616,https://a.espncdn.com/i/teamlogos/ncaa/500/57.png,away,39,false,9,6,16,25.0,15,60,0,20,83.3,5,6,3,16,9,24,0,20.0,4,20,40,0,0,0,2633,s:40~l:54~t:2633,tennessee-lady-volunteers,Tennessee,Lady Volunteers,TENN,Tennessee Lady Volunteers,Tennessee,ff8200,ffffff,https://a.espncdn.com/i/teamlogos/ncaa/500/2633_ncw.png,61
310412633,2011,2,2011-02-10,2011-02-10T19:00:00.000000-0500,2633,s:40~l:54~t:2633,tennessee-lady-volunteers,Tennessee,Lady Volunteers,TENN,Tennessee Lady Volunteers,Tennessee,ff8200,ffffff,https://a.espncdn.com/i/teamlogos/ncaa/500/2633_ncw.png,home,61,true,13,7,27,38.5,20,52,0,8,66.7,16,24,23,10,9,17,0,41.7,5,12,42,0,0,0,57,s:40~l:54~t:57,florida-gators,Florida,Gators,FLA,Florida Gators,Florida,0021a5,fa4616,https://a.espncdn.com/i/teamlogos/ncaa/500/57.png,39
310412483,2011,2,2011-02-10,2011-02-10T22:00:00.000000-0500,26,s:40~l:54~t:26,ucla-bruins,UCLA,Bruins,UCLA,UCLA Bruins,UCLA,2774ae,f2a900,https://a.espncdn.com/i/teamlogos/ncaa/500/26.png,away,75,true,16,2,34,39.4,26,66,0,16,78.6,22,28,29,17,12,16,0,11.1,1,9,61,0,0,0,2483,s:40~l:54~t:2483,oregon-ducks,Oregon,Ducks,ORE,Oregon Ducks,Oregon,044520,fee123,https://a.espncdn.com/i/teamlogos/ncaa/500/2483.png,48
310412483,2011,2,2011-02-10,2011-02-10T22:00:00.000000-0500,2483,s:40~l:54~t:2483,oregon-ducks,Oregon,Ducks,ORE,Oregon Ducks,Oregon,044520,fee123,https://a.espncdn.com/i/teamlogos/ncaa/500/2483.png,home,48,false,7,4,16,25.4,15,59,0,21,75.0,12,16,5,7,5,15,0,20.7,6,29,29,0,0,0,26,s:40~l:54~t:26,ucla-bruins,UCLA,Bruins,UCLA,UCLA Bruins,UCLA,2774ae,f2a900,https://a.espncdn.com/i/teamlogos/ncaa/500/26.png,75
310410213,2011,2,2011-02-10,2011-02-10T19:00:00.000000-0500,127,s:40~l:54~t:127,michigan-state-spartans,Michigan State,Spartans,MSU,Michigan State Spartans,Michigan St,18453B,ffffff,https://a.espncdn.com/i/teamlogos/ncaa/500/127.png,away,60,true,12,5,26,36.2,21,58,0,17,68.8,11,16,21,10,13,21,0,30.4,7,23,40,0,0,0,213,s:40~l:54~t:213,penn-state-lady-lions,Penn State,Lady Lions,PSU,Penn State Lady Lions,Penn State,00265D,002e5c,https://a.espncdn.com/i/teamlogos/ncaa/500/213.png,49
310410213,2011,2,2011-02-10,2011-02-10T19:00:00.000000-0500,213,s:40~l:54~t:213,penn-state-lady-lions,Penn State,Lady Lions,PSU,Penn State Lady Lions,Penn State,00265D,002e5c,https://a.espncdn.com/i/teamlogos/ncaa/500/213.png,home,49,false,5,1,29,32.7,17,52,0,16,66.7,12,18,2,10,7,23,0,27.3,3,11,40,0,0,0,127,s:40~l:54~t:127,michigan-state-spartans,Michigan State,Spartans,MSU,Michigan State Spartans,Michigan St,18453B,ffffff,https://a.espncdn.com/i/teamlogos/ncaa/500/127.png,60
310412390,2011,2,2011-02-10,2011-02-10T19:00:00.000000-0500,120,s:40~l:54~t:120,maryland-terrapins,Maryland,Terrapins,MD,Maryland Terrapins,Maryland,D5002B,ffcd00,https://a.espncdn.com/i/teamlogos/ncaa/500/120.png,away,75,false,16,2,28,50.9,29,57,0,26,73.7,14,19,4,10,5,23,0,27.3,3,11,41,0,0,0,2390,s:40~l:54~t:2390,miami-hurricanes,Miami,Hurricanes,MIA,Miami Hurricanes,Miami,004325,f0f0f0,https://a.espncdn.com/i/teamlogos/ncaa/500/2390.png,83
310412390,2011,2,2011-02-10,2011-02-10T19:00:00.000000-0500,2390,s:40~l:54~t:2390,miami-hurricanes,Miami,Hurricanes,MIA,Miami Hurricanes,Miami,004325,f0f0f0,https://a.espncdn.com/i/teamlogos/ncaa/500/2390.png,home,83,true,16,5,15,44.6,29,65,0,18,75.0,18,24,14,5,10,8,0,41.2,7,17,29,0,0,0,120,s:40~l:54~t:120,maryland-terrapins,Maryland,Terrapins,MD,Maryland Terrapins,Maryland,D5002B,ffcd00,https://a.espncdn.com/i/teamlogos/ncaa/500/120.png,75
310410228,2011,2,2011-02-10,2011-02-10T19:00:00.000000-0500,153,s:40~l:54~t:153,north-carolina-tar-heels,North Carolina,Tar Heels,UNC,North Carolina Tar Heels,North Carolina,7bafd4,13294b,https://a.espncdn.com/i/teamlogos/ncaa/500/153.png,away,60,true,12,7,33,39.4,26,66,0,12,60.0,3,5,16,20,6,27,0,26.3,5,19,58,0,0,0,228,s:40~l:54~t:228,clemson-tigers,Clemson,Tigers,CLEM,Clemson Tigers,Clemson,F66733,522d80,https://a.espncdn.com/i/teamlogos/ncaa/500/228.png,47
310410228,2011,2,2011-02-10,2011-02-10T19:00:00.000000-0500,228,s:40~l:54~t:228,clemson-tigers,Clemson,Tigers,CLEM,Clemson Tigers,Clemson,F66733,522d80,https://a.espncdn.com/i/teamlogos/ncaa/500/228.png,home,47,false,13,1,16,26.9,18,67,0,6,44.4,4,9,2,16,10,17,0,24.1,7,29,34,0,0,0,153,s:40~l:54~t:153,north-carolina-tar-heels,North Carolina,Tar Heels,UNC,North Carolina Tar Heels,North Carolina,7bafd4,13294b,https://a.espncdn.com/i/teamlogos/ncaa/500/153.png,60
310412579,2011,2,2011-02-10,2011-02-10T19:00:00.000000-0500,96,s:40~l:54~t:96,kentucky-wildcats,Kentucky,Wildcats,UK,Kentucky Wildcats,Kentucky,005DAA,ffffff,https://a.espncdn.com/i/teamlogos/ncaa/500/96.png,away,61,false,9,5,22,41.8,23,55,0,16,68.4,13,19,4,6,7,18,0,25.0,2,8,32,0,0,0,2579,s:40~l:54~t:2579,south-carolina-gamecocks,South Carolina,Gamecocks,SC,South Carolina Gamecocks,South Carolina,73000a,ffffff,https://a.espncdn.com/i/teamlogos/ncaa/500/2579.png,66
310412579,2011,2,2011-02-10,2011-02-10T19:00:00.000000-0500,2579,s:40~l:54~t:2579,south-carolina-gamecocks,South Carolina,Gamecocks,SC,South Carolina Gamecocks,South Carolina,73000a,ffffff,https://a.espncdn.com/i/teamlogos/ncaa/500/2579.png,home,66,true,2,5,26,45.5,25,55,0,15,76.2,16,21,11,8,10,14,0,0.0,0,6,37,0,0,0,96,s:40~l:54~t:96,kentucky-wildcats,Kentucky,Wildcats,UK,Kentucky Wildcats,Kentucky,005DAA,ffffff,https://a.espncdn.com/i/teamlogos/ncaa/500/96.png,61
310410152,2011,2,2011-02-10,2011-02-10T19:00:00.000000-0500,258,s:40~l:54~t:258,virginia-cavaliers,Virginia,Cavaliers,UVA,Virginia Cavaliers,Virginia,f84c1e,ffffff,https://a.espncdn.com/i/teamlogos/ncaa/500/258.png,away,94,true,17,6,31,37.6,32,85,0,22,81.3,26,32,10,11,14,21,0,40.0,4,10,53,0,0,0,152,s:40~l:54~t:152,nc-state-wolfpack,NC State,Wolfpack,NCST,NC State Wolfpack,NC State,EF1216,231f20,https://a.espncdn.com/i/teamlogos/ncaa/500/152.png,92
310410152,2011,2,2011-02-10,2011-02-10T19:00:00.000000-0500,152,s:40~l:54~t:152,nc-state-wolfpack,NC State,Wolfpack,NCST,NC State Wolfpack,NC State,EF1216,231f20,https://a.espncdn.com/i/teamlogos/ncaa/500/152.png,home,92,false,16,12,35,45.5,35,77,0,26,56.7,17,30,5,10,14,26,0,31.3,5,16,53,0,0,0,258,s:40~l:54~t:258,virginia-cavaliers,Virginia,Cavaliers,UVA,Virginia Cavaliers,Virginia,f84c1e,ffffff,https://a.espncdn.com/i/teamlogos/ncaa/500/258.png,94
310400158,2011,2,2011-02-09,2011-02-09T20:00:00.000000-0500,239,s:40~l:54~t:239,baylor-bears,Baylor,Bears,BAY,Baylor Bears,Baylor,154734,ffb81c,https://a.espncdn.com/i/teamlogos/ncaa/500/239.png,away,69,true,9,6,30,42.9,24,56,0,11,93.8,15,16,26,8,6,9,0,37.5,6,16,44,0,0,0,158,s:40~l:54~t:158,nebraska-cornhuskers,Nebraska,Cornhuskers,NEB,Nebraska Cornhuskers,Nebraska,F20017,f5f1e7,https://a.espncdn.com/i/teamlogos/ncaa/500/158.png,45
310400158,2011,2,2011-02-09,2011-02-09T20:00:00.000000-0500,158,s:40~l:54~t:158,nebraska-cornhuskers,Nebraska,Cornhuskers,NEB,Nebraska Cornhuskers,Nebraska,F20017,f5f1e7,https://a.espncdn.com/i/teamlogos/ncaa/500/158.png,home,45,false,11,1,21,27.9,17,61,0,14,66.7,4,6,0,11,1,10,0,21.9,7,32,34,0,0,0,239,s:40~l:54~t:239,baylor-bears,Baylor,Bears,BAY,Baylor Bears,Baylor,154734,ffb81c,https://a.espncdn.com/i/teamlogos/ncaa/500/239.png,69
310400245,2011,2,2011-02-09,2011-02-09T20:00:00.000000-0500,201,s:40~l:54~t:201,oklahoma-sooners,Oklahoma,Sooners,OU,Oklahoma Sooners,Oklahoma,9d2235,ffffff,https://a.espncdn.com/i/teamlogos/ncaa/500/201.png,away,71,false,9,2,16,33.8,23,68,0,22,63.6,21,33,0,15,7,13,0,20.0,4,20,37,0,0,0,245,s:40~l:54~t:245,texas-am-aggies,Texas A&M,Aggies,TA&M,Texas A&M Aggies,Texas A&M,5C0025,ffffff,https://a.espncdn.com/i/teamlogos/ncaa/500/245.png,92
310400245,2011,2,2011-02-09,2011-02-09T20:00:00.000000-0500,245,s:40~l:54~t:245,texas-am-aggies,Texas A&M,Aggies,TA&M,Texas A&M Aggies,Texas A&M,5C0025,ffffff,https://a.espncdn.com/i/teamlogos/ncaa/500/245.png,home,92,true,18,5,31,51.7,31,60,0,25,72.4,21,29,27,11,4,19,0,50.0,9,18,46,0,0,0,201,s:40~l:54~t:201,oklahoma-sooners,Oklahoma,Sooners,OU,Oklahoma Sooners,Oklahoma,9d2235,ffffff,https://a.espncdn.com/i/teamlogos/ncaa/500/201.png,71
310400257,2011,2,2011-02-09,2011-02-09T19:00:00.000000-0500,2752,s:40~l:54~t:2752,xavier-musketeers,Xavier,Musketeers,XAV,Xavier Musketeers,Xavier,002144,9ea2a2,https://a.espncdn.com/i/teamlogos/ncaa/500/2752.png,away,79,true,18,3,30,47.6,30,63,0,13,70.0,14,20,36,10,12,12,0,29.4,5,17,40,0,0,0,257,s:40~l:54~t:257,richmond-spiders,Richmond,Spiders,RICH,Richmond Spiders,Richmond,9e0712,b90b2e,https://a.espncdn.com/i/teamlogos/ncaa/500/257.png,57
310400257,2011,2,2011-02-09,2011-02-09T19:00:00.000000-0500,257,s:40~l:54~t:257,richmond-spiders,Richmond,Spiders,RICH,Richmond Spiders,Richmond,9e0712,b90b2e,https://a.espncdn.com/i/teamlogos/ncaa/500/257.png,home,57,false,12,3,27,34.4,22,64,0,16,91.7,11,12,0,10,6,17,0,11.8,2,17,39,0,0,0,2752,s:40~l:54~t:2752,xavier-musketeers,Xavier,Musketeers,XAV,Xavier Musketeers,Xavier,002144,9ea2a2,https://a.espncdn.com/i/teamlogos/ncaa/500/2752.png,79
310402305,2011,2,2011-02-09,2011-02-09T20:00:00.000000-0500,66,s:40~l:54~t:66,iowa-state-cyclones,Iowa State,Cyclones,ISU,Iowa State Cyclones,Iowa State,822433,fdca2f,https://a.espncdn.com/i/teamlogos/ncaa/500/66.png,away,85,false,15,2,20,54.4,31,57,0,24,73.9,17,23,5,10,10,19,0,37.5,6,16,35,0,0,0,2305,s:40~l:54~t:2305,kansas-jayhawks,Kansas,Jayhawks,KU,Kansas Jayhawks,Kansas,0051ba,e8000d,https://a.espncdn.com/i/teamlogos/ncaa/500/2305.png,86
310402305,2011,2,2011-02-09,2011-02-09T20:00:00.000000-0500,2305,s:40~l:54~t:2305,kansas-jayhawks,Kansas,Jayhawks,KU,Kansas Jayhawks,Kansas,0051ba,e8000d,https://a.espncdn.com/i/teamlogos/ncaa/500/2305.png,home,86,true,24,0,15,53.6,30,56,0,22,72.0,18,25,15,5,8,14,1,50.0,8,16,26,1,0,0,66,s:40~l:54~t:66,iowa-state-cyclones,Iowa State,Cyclones,ISU,Iowa State Cyclones,Iowa State,822433,fdca2f,https://a.espncdn.com/i/teamlogos/ncaa/500/66.png,85
310390277,2011,2,2011-02-08,2011-02-08T19:00:00.000000-0500,41,s:40~l:54~t:41,uconn-huskies,UConn,Huskies,CONN,UConn Huskies,UConn,0c2340,f1f2f3,https://a.espncdn.com/i/teamlogos/ncaa/500/41.png,away,57,true,12,6,22,46.8,22,47,0,17,66.7,8,12,9,5,6,17,0,27.8,5,18,29,0,0,0,277,s:40~l:54~t:277,west-virginia-mountaineers,West Virginia,Mountaineers,WVU,West Virginia Mountaineers,West Virginia,FFC600,eaaa00,https://a.espncdn.com/i/teamlogos/ncaa/500/277.png,51
310390277,2011,2,2011-02-08,2011-02-08T19:00:00.000000-0500,277,s:40~l:54~t:277,west-virginia-mountaineers,West Virginia,Mountaineers,WVU,West Virginia Mountaineers,West Virginia,FFC600,eaaa00,https://a.espncdn.com/i/teamlogos/ncaa/500/277.png,home,51,false,7,2,17,29.6,16,54,0,15,83.3,15,18,8,15,7,14,0,30.8,4,13,37,0,0,0,41,s:40~l:54~t:41,uconn-huskies,UConn,Huskies,CONN,UConn Huskies,UConn,0c2340,f1f2f3,https://a.espncdn.com/i/teamlogos/ncaa/500/41.png,57
310390087,2011,2,2011-02-08,2011-02-08T19:00:00.000000-0500,2550,s:40~l:54~t:2550,seton-hall-pirates,Seton Hall,Pirates,HALL,Seton Hall Pirates,Seton Hall,0857B1,8a8d8f,https://a.espncdn.com/i/teamlogos/ncaa/500/2550.png,away,38,false,6,2,8,24.6,14,57,0,23,60.0,6,10,0,13,6,23,0,26.7,4,15,26,0,0,0,87,s:40~l:54~t:87,notre-dame-fighting-irish,Notre Dame,Fighting Irish,ND,Notre Dame Fighting Irish,Notre Dame,0c2340,c99700,https://a.espncdn.com/i/teamlogos/ncaa/500/87.png,89
310390087,2011,2,2011-02-08,2011-02-08T19:00:00.000000-0500,87,s:40~l:54~t:87,notre-dame-fighting-irish,Notre Dame,Fighting Irish,ND,Notre Dame Fighting Irish,Notre Dame,0c2340,c99700,https://a.espncdn.com/i/teamlogos/ncaa/500/87.png,home,89,true,20,2,26,64.0,32,50,0,13,68.8,22,32,51,9,17,18,0,60.0,3,5,42,0,0,0,2550,s:40~l:54~t:2550,seton-hall-pirates,Seton Hall,Pirates,HALL,Seton Hall Pirates,Seton Hall,0857B1,8a8d8f,https://a.espncdn.com/i/teamlogos/ncaa/500/2550.png,38
310390183,2011,2,2011-02-08,2011-02-08T19:00:00.000000-0500,305,s:40~l:54~t:305,depaul-blue-demons,DePaul,Blue Demons,DEP,DePaul Blue Demons,DePaul,2d649c,ce1125,https://a.espncdn.com/i/teamlogos/ncaa/500/305.png,away,77,true,22,4,19,50.9,29,57,0,15,66.7,6,9,17,10,13,15,0,56.5,13,23,32,0,0,0,183,s:40~l:54~t:183,syracuse-orange,Syracuse,Orange,SYR,Syracuse Orange,Syracuse,ff6500,000e54,https://a.espncdn.com/i/teamlogos/ncaa/500/183.png,61
310390183,2011,2,2011-02-08,2011-02-08T19:00:00.000000-0500,183,s:40~l:54~t:183,syracuse-orange,Syracuse,Orange,SYR,Syracuse Orange,Syracuse,ff6500,000e54,https://a.espncdn.com/i/teamlogos/ncaa/500/183.png,home,61,false,13,2,16,38.6,22,57,0,11,65.0,13,20,3,16,9,20,0,23.5,4,17,37,0,0,0,305,s:40~l:54~t:305,depaul-blue-demons,DePaul,Blue Demons,DEP,DePaul Blue Demons,DePaul,2d649c,ce1125,https://a.espncdn.com/i/teamlogos/ncaa/500/305.png,77
310390046,2011,2,2011-02-08,2011-02-08T21:00:00.000000-0500,58,s:40~l:54~t:58,south-florida-bulls,South Florida,Bulls,USF,South Florida Bulls,South Florida,004A36,231f20,https://a.espncdn.com/i/teamlogos/ncaa/500/58.png,away,38,false,10,5,22,23.7,14,59,0,11,62.5,10,16,0,24,4,21,0,0.0,0,18,51,0,0,0,46,s:40~l:54~t:46,georgetown-hoyas,Georgetown,Hoyas,GTWN,Georgetown Hoyas,Georgetown,110E42,001c58,https://a.espncdn.com/i/teamlogos/ncaa/500/46.png,67
310390046,2011,2,2011-02-08,2011-02-08T21:00:00.000000-0500,46,s:40~l:54~t:46,georgetown-hoyas,Georgetown,Hoyas,GTWN,Georgetown Hoyas,Georgetown,110E42,001c58,https://a.espncdn.com/i/teamlogos/ncaa/500/46.png,home,67,true,19,3,18,43.1,25,58,0,13,50.0,5,10,29,9,14,10,0,52.2,12,23,31,0,0,0,58,s:40~l:54~t:58,south-florida-bulls,South Florida,Bulls,USF,South Florida Bulls,South Florida,004A36,231f20,https://a.espncdn.com/i/teamlogos/ncaa/500/58.png,38
310380096,2011,2,2011-02-07,2011-02-07T21:00:00.000000-0500,2633,s:40~l:54~t:2633,tennessee-lady-volunteers,Tennessee,Lady Volunteers,TENN,Tennessee Lady Volunteers,Tennessee,ff8200,ffffff,https://a.espncdn.com/i/teamlogos/ncaa/500/2633_ncw.png,away,73,true,11,4,29,55.8,29,52,0,16,60.0,12,20,10,12,5,24,0,42.9,3,7,45,0,0,0,96,s:40~l:54~t:96,kentucky-wildcats,Kentucky,Wildcats,UK,Kentucky Wildcats,Kentucky,005DAA,ffffff,https://a.espncdn.com/i/teamlogos/ncaa/500/96.png,67
310380096,2011,2,2011-02-07,2011-02-07T21:00:00.000000-0500,96,s:40~l:54~t:96,kentucky-wildcats,Kentucky,Wildcats,UK,Kentucky Wildcats,Kentucky,005DAA,ffffff,https://a.espncdn.com/i/teamlogos/ncaa/500/96.png,home,67,false,8,1,15,40.3,25,62,0,18,66.7,12,18,8,7,12,13,0,25.0,5,20,23,0,0,0,2633,s:40~l:54~t:2633,tennessee-lady-volunteers,Tennessee,Lady Volunteers,TENN,Tennessee Lady Volunteers,Tennessee,ff8200,ffffff,https://a.espncdn.com/i/teamlogos/ncaa/500/2633_ncw.png,73
310380153,2011,2,2011-02-07,2011-02-07T19:00:00.000000-0500,150,s:40~l:54~t:150,duke-blue-devils,Duke,Blue Devils,DUKE,Duke Blue Devils,Duke,013088,ffffff,https://a.espncdn.com/i/teamlogos/ncaa/500/150.png,away,60,false,16,2,24,34.8,24,69,0,21,50.0,6,12,9,14,9,13,0,31.6,6,19,44,0,0,0,153,s:40~l:54~t:153,north-carolina-tar-heels,North Carolina,Tar Heels,UNC,North Carolina Tar Heels,North Carolina,7bafd4,13294b,https://a.espncdn.com/i/teamlogos/ncaa/500/153.png,62
310380153,2011,2,2011-02-07,2011-02-07T19:00:00.000000-0500,153,s:40~l:54~t:153,north-carolina-tar-heels,North Carolina,Tar Heels,UNC,North Carolina Tar Heels,North Carolina,7bafd4,13294b,https://a.espncdn.com/i/teamlogos/ncaa/500/153.png,home,62,true,20,8,23,45.6,26,57,0,16,38.9,7,18,6,12,6,16,0,17.6,3,17,38,0,0,0,150,s:40~l:54~t:150,duke-blue-devils,Duke,Blue Devils,DUKE,Duke Blue Devils,Duke,013088,ffffff,https://a.espncdn.com/i/teamlogos/ncaa/500/150.png,60
310380258,2011,2,2011-02-07,2011-02-07T19:00:00.000000-0500,52,s:40~l:54~t:52,florida-state-seminoles,Florida State,Seminoles,FSU,Florida State Seminoles,Florida St,782F40,ceb888,https://a.espncdn.com/i/teamlogos/ncaa/500/52.png,away,78,true,14,1,17,50.0,27,54,0,21,90.9,20,22,17,13,9,18,0,36.4,4,11,32,0,0,0,258,s:40~l:54~t:258,virginia-cavaliers,Virginia,Cavaliers,UVA,Virginia Cavaliers,Virginia,f84c1e,ffffff,https://a.espncdn.com/i/teamlogos/ncaa/500/258.png,74
310380258,2011,2,2011-02-07,2011-02-07T19:00:00.000000-0500,258,s:40~l:54~t:258,virginia-cavaliers,Virginia,Cavaliers,UVA,Virginia Cavaliers,Virginia,f84c1e,ffffff,https://a.espncdn.com/i/teamlogos/ncaa/500/258.png,home,74,false,10,2,15,42.6,23,54,0,20,82.1,23,28,2,14,8,18,0,41.7,5,12,31,0,0,0,52,s:40~l:54~t:52,florida-state-seminoles,Florida State,Seminoles,FSU,Florida State Seminoles,Florida St,782F40,ceb888,https://a.espncdn.com/i/teamlogos/ncaa/500/52.png,78
310370197,2011,2,2011-02-06,2011-02-06T14:00:00.000000-0500,239,s:40~l:54~t:239,baylor-bears,Baylor,Bears,BAY,Baylor Bears,Baylor,154734,ffb81c,https://a.espncdn.com/i/teamlogos/ncaa/500/239.png,away,84,true,23,6,32,52.6,30,57,0,20,76.0,19,25,35,6,11,14,0,45.5,5,11,42,0,0,0,197,s:40~l:54~t:197,oklahoma-state-cowgirls,Oklahoma State,Cowgirls,OKST,Oklahoma State Cowgirls,Oklahoma St,ff6500,000000,https://a.espncdn.com/i/teamlogos/ncaa/500/197.png,57
310370197,2011,2,2011-02-06,2011-02-06T14:00:00.000000-0500,197,s:40~l:54~t:197,oklahoma-state-cowgirls,Oklahoma State,Cowgirls,OKST,Oklahoma State Cowgirls,Oklahoma St,ff6500,000000,https://a.espncdn.com/i/teamlogos/ncaa/500/197.png,home,57,false,9,5,20,28.8,17,59,0,22,76.9,20,26,4,10,6,15,0,15.0,3,20,33,0,0,0,239,s:40~l:54~t:239,baylor-bears,Baylor,Bears,BAY,Baylor Bears,Baylor,154734,ffb81c,https://a.espncdn.com/i/teamlogos/ncaa/500/239.png,84
310370030,2011,2,2011-02-06,2011-02-06T16:00:00.000000-0500,26,s:40~l:54~t:26,ucla-bruins,UCLA,Bruins,UCLA,UCLA Bruins,UCLA,2774ae,f2a900,https://a.espncdn.com/i/teamlogos/ncaa/500/26.png,away,74,true,13,1,22,50.0,27,54,0,17,69.2,18,26,9,12,5,17,0,18.2,2,11,37,0,0,0,30,s:40~l:54~t:30,usc-trojans,USC,Trojans,USC,USC Trojans,USC,9e2237,ffcc00,https://a.espncdn.com/i/teamlogos/ncaa/500/30.png,67
310370030,2011,2,2011-02-06,2011-02-06T16:00:00.000000-0500,30,s:40~l:54~t:30,usc-trojans,USC,Trojans,USC,USC Trojans,USC,9e2237,ffcc00,https://a.espncdn.com/i/teamlogos/ncaa/500/30.png,home,67,false,13,2,17,41.1,23,56,0,21,66.7,14,21,3,7,10,13,0,43.8,7,16,25,0,0,0,26,s:40~l:54~t:26,ucla-bruins,UCLA,Bruins,UCLA,UCLA Bruins,UCLA,2774ae,f2a900,https://a.espncdn.com/i/teamlogos/ncaa/500/26.png,74
310370127,2011,2,2011-02-06,2011-02-06T15:00:00.000000-0500,2509,s:40~l:54~t:2509,purdue-boilermakers,Purdue,Boilermakers,PUR,Purdue Boilermakers,Purdue,000000,cfb991,https://a.espncdn.com/i/teamlogos/ncaa/500/2509.png,away,57,false,9,3,17,42.5,17,40,0,22,76.9,20,26,2,5,7,20,0,27.3,3,11,25,0,0,0,127,s:40~l:54~t:127,michigan-state-spartans,Michigan State,Spartans,MSU,Michigan State Spartans,Michigan St,18453B,ffffff,https://a.espncdn.com/i/teamlogos/ncaa/500/127.png,76
310370127,2011,2,2011-02-06,2011-02-06T15:00:00.000000-0500,127,s:40~l:54~t:127,michigan-state-spartans,Michigan State,Spartans,MSU,Michigan State Spartans,Michigan St,18453B,ffffff,https://a.espncdn.com/i/teamlogos/ncaa/500/127.png,home,76,true,15,2,18,46.2,24,52,0,21,82.1,23,28,20,7,9,11,0,27.8,5,18,30,0,0,0,2509,s:40~l:54~t:2509,purdue-boilermakers,Purdue,Boilermakers,PUR,Purdue Boilermakers,Purdue,000000,cfb991,https://a.espncdn.com/i/teamlogos/ncaa/500/2509.png,57
310370120,2011,2,2011-02-06,2011-02-06T12:00:00.000000-0500,152,s:40~l:54~t:152,nc-state-wolfpack,NC State,Wolfpack,NCST,NC State Wolfpack,NC State,EF1216,231f20,https://a.espncdn.com/i/teamlogos/ncaa/500/152.png,away,59,false,13,1,16,38.9,21,54,0,18,52.9,9,17,12,9,8,24,0,40.0,8,20,28,0,0,0,120,s:40~l:54~t:120,maryland-terrapins,Maryland,Terrapins,MD,Maryland Terrapins,Maryland,D5002B,ffcd00,https://a.espncdn.com/i/teamlogos/ncaa/500/120.png,88
310370120,2011,2,2011-02-06,2011-02-06T12:00:00.000000-0500,120,s:40~l:54~t:120,maryland-terrapins,Maryland,Terrapins,MD,Maryland Terrapins,Maryland,D5002B,ffcd00,https://a.espncdn.com/i/teamlogos/ncaa/500/120.png,home,88,true,18,5,25,47.2,34,72,0,17,76.2,16,21,30,23,11,20,0,26.7,4,15,51,0,0,0,152,s:40~l:54~t:152,nc-state-wolfpack,NC State,Wolfpack,NCST,NC State Wolfpack,NC State,EF1216,231f20,https://a.espncdn.com/i/teamlogos/ncaa/500/152.png,59
310370164,2011,2,2011-02-06,2011-02-06T12:00:00.000000-0500,183,s:40~l:54~t:183,syracuse-orange,Syracuse,Orange,SYR,Syracuse Orange,Syracuse,ff6500,000e54,https://a.espncdn.com/i/teamlogos/ncaa/500/183.png,away,47,false,9,4,23,29.2,14,48,0,15,76.2,16,21,8,16,4,19,0,20.0,3,15,41,0,0,0,164,s:40~l:54~t:164,rutgers-scarlet-knights,Rutgers,Scarlet Knights,RUTG,Rutgers Scarlet Knights,Rutgers,d21034,ffffff,https://a.espncdn.com/i/teamlogos/ncaa/500/164.png,54
310370164,2011,2,2011-02-06,2011-02-06T12:00:00.000000-0500,164,s:40~l:54~t:164,rutgers-scarlet-knights,Rutgers,Scarlet Knights,RUTG,Rutgers Scarlet Knights,Rutgers,d21034,ffffff,https://a.espncdn.com/i/teamlogos/ncaa/500/164.png,home,54,true,16,5,15,39.2,20,51,0,17,78.6,11,14,10,8,10,9,0,30.0,3,10,28,0,0,0,183,s:40~l:54~t:183,syracuse-orange,Syracuse,Orange,SYR,Syracuse Orange,Syracuse,ff6500,000e54,https://a.espncdn.com/i/teamlogos/ncaa/500/183.png,47
310370008,2011,2,2011-02-06,2011-02-06T16:00:00.000000-0500,2579,s:40~l:54~t:2579,south-carolina-gamecocks,South Carolina,Gamecocks,SC,South Carolina Gamecocks,South Carolina,73000a,ffffff,https://a.espncdn.com/i/teamlogos/ncaa/500/2579.png,away,64,true,14,2,22,41.5,22,53,0,20,55.0,11,20,6,10,6,20,0,37.5,9,24,35,0,0,0,8,s:40~l:54~t:8,arkansas-razorbacks,Arkansas,Razorbacks,ARK,Arkansas Razorbacks,Arkansas,a41f35,222222,https://a.espncdn.com/i/teamlogos/ncaa/500/8.png,62
310370008,2011,2,2011-02-06,2011-02-06T16:00:00.000000-0500,8,s:40~l:54~t:8,arkansas-razorbacks,Arkansas,Razorbacks,ARK,Arkansas Razorbacks,Arkansas,a41f35,222222,https://a.espncdn.com/i/teamlogos/ncaa/500/8.png,home,62,false,10,4,20,37.1,23,62,0,17,66.7,12,18,0,13,5,19,0,40.0,4,10,38,0,0,0,2579,s:40~l:54~t:2579,south-carolina-gamecocks,South Carolina,Gamecocks,SC,South Carolina Gamecocks,South Carolina,73000a,ffffff,https://a.espncdn.com/i/teamlogos/ncaa/500/2579.png,64
310360041,2011,2,2011-02-05,2011-02-05T14:00:00.000000-0500,305,s:40~l:54~t:305,depaul-blue-demons,DePaul,Blue Demons,DEP,DePaul Blue Demons,DePaul,2d649c,ce1125,https://a.espncdn.com/i/teamlogos/ncaa/500/305.png,away,66,false,10,1,12,41.3,26,63,0,17,66.7,8,12,3,10,5,14,0,33.3,6,18,24,0,0,0,41,s:40~l:54~t:41,uconn-huskies,UConn,Huskies,CONN,UConn Huskies,UConn,0c2340,f1f2f3,https://a.espncdn.com/i/teamlogos/ncaa/500/41.png,89
310360041,2011,2,2011-02-05,2011-02-05T14:00:00.000000-0500,41,s:40~l:54~t:41,uconn-huskies,UConn,Huskies,CONN,UConn Huskies,UConn,0c2340,f1f2f3,https://a.espncdn.com/i/teamlogos/ncaa/500/41.png,home,89,true,27,2,26,67.9,36,53,0,9,57.9,11,19,26,6,5,17,0,54.5,6,11,32,0,0,0,305,s:40~l:54~t:305,depaul-blue-demons,DePaul,Blue Demons,DEP,DePaul Blue Demons,DePaul,2d649c,ce1125,https://a.espncdn.com/i/teamlogos/ncaa/500/305.png,66
310360012,2011,2,2011-02-05,2011-02-05T16:00:00.000000-0500,24,s:40~l:54~t:24,stanford-cardinal,Stanford,Cardinal,STAN,Stanford Cardinal,Stanford,8c1515,ffffff,https://a.espncdn.com/i/teamlogos/ncaa/500/24.png,away,91,true,20,4,31,50.0,30,60,0,20,79.2,19,24,32,9,2,11,0,40.0,12,30,46,0,0,0,12,s:40~l:54~t:12,arizona-wildcats,Arizona,Wildcats,ARIZ,Arizona Wildcats,Arizona,0c234b,ab0520,https://a.espncdn.com/i/teamlogos/ncaa/500/12.png,61
310360012,2011,2,2011-02-05,2011-02-05T16:00:00.000000-0500,12,s:40~l:54~t:12,arizona-wildcats,Arizona,Wildcats,ARIZ,Arizona Wildcats,Arizona,0c234b,ab0520,https://a.espncdn.com/i/teamlogos/ncaa/500/12.png,home,61,false,10,2,18,30.3,20,66,0,20,73.7,14,19,0,12,4,11,0,30.4,7,23,34,0,0,0,24,s:40~l:54~t:24,stanford-cardinal,Stanford,Cardinal,STAN,Stanford Cardinal,Stanford,8c1515,ffffff,https://a.espncdn.com/i/teamlogos/ncaa/500/24.png,91
310362168,2011,2,2011-02-05,2011-02-05T14:00:00.000000-0500,2752,s:40~l:54~t:2752,xavier-musketeers,Xavier,Musketeers,XAV,Xavier Musketeers,Xavier,002144,9ea2a2,https://a.espncdn.com/i/teamlogos/ncaa/500/2752.png,away,70,true,17,12,30,40.7,24,59,0,15,69.6,16,23,9,7,7,14,0,31.6,6,19,39,0,0,0,2168,s:40~l:54~t:2168,dayton-flyers,Dayton,Flyers,DAY,Dayton Flyers,Dayton,004B8D,ffffff,https://a.espncdn.com/i/teamlogos/ncaa/500/2168.png,66
310362168,2011,2,2011-02-05,2011-02-05T14:00:00.000000-0500,2168,s:40~l:54~t:2168,dayton-flyers,Dayton,Flyers,DAY,Dayton Flyers,Dayton,004B8D,ffffff,https://a.espncdn.com/i/teamlogos/ncaa/500/2168.png,home,66,false,18,4,30,33.8,26,77,0,20,88.9,8,9,4,17,4,13,0,30.0,6,20,51,0,0,0,2752,s:40~l:54~t:2752,xavier-musketeers,Xavier,Musketeers,XAV,Xavier Musketeers,Xavier,002144,9ea2a2,https://a.espncdn.com/i/teamlogos/ncaa/500/2752.png,70
310360201,2011,2,2011-02-05,2011-02-05T13:30:00.000000-0500,66,s:40~l:54~t:66,iowa-state-cyclones,Iowa State,Cyclones,ISU,Iowa State Cyclones,Iowa State,822433,fdca2f,https://a.espncdn.com/i/teamlogos/ncaa/500/66.png,away,62,false,10,0,23,49.0,25,51,0,19,70.0,7,10,3,7,4,22,0,35.7,5,14,38,0,0,0,201,s:40~l:54~t:201,oklahoma-sooners,Oklahoma,Sooners,OU,Oklahoma Sooners,Oklahoma,9d2235,ffffff,https://a.espncdn.com/i/teamlogos/ncaa/500/201.png,65
310360201,2011,2,2011-02-05,2011-02-05T13:30:00.000000-0500,201,s:40~l:54~t:201,oklahoma-sooners,Oklahoma,Sooners,OU,Oklahoma Sooners,Oklahoma,9d2235,ffffff,https://a.espncdn.com/i/teamlogos/ncaa/500/201.png,home,65,true,9,3,16,40.4,23,57,0,16,87.5,14,16,14,8,8,11,0,27.8,5,18,26,0,0,0,66,s:40~l:54~t:66,iowa-state-cyclones,Iowa State,Cyclones,ISU,Iowa State Cyclones,Iowa State,822433,fdca2f,https://a.espncdn.com/i/teamlogos/ncaa/500/66.png,62
310360277,2011,2,2011-02-05,2011-02-05T16:00:00.000000-0500,221,s:40~l:54~t:221,pittsburgh-panthers,Pittsburgh,Panthers,PITT,Pittsburgh Panthers,Pitt,003263,231f20,https://a.espncdn.com/i/teamlogos/ncaa/500/221.png,away,60,true,12,5,20,47.5,19,40,0,18,68.0,17,25,15,11,2,20,0,45.5,5,11,34,0,0,0,277,s:40~l:54~t:277,west-virginia-mountaineers,West Virginia,Mountaineers,WVU,West Virginia Mountaineers,West Virginia,FFC600,eaaa00,https://a.espncdn.com/i/teamlogos/ncaa/500/277.png,53
310360277,2011,2,2011-02-05,2011-02-05T16:00:00.000000-0500,277,s:40~l:54~t:277,west-virginia-mountaineers,West Virginia,Mountaineers,WVU,West Virginia Mountaineers,West Virginia,FFC600,eaaa00,https://a.espncdn.com/i/teamlogos/ncaa/500/277.png,home,53,false,10,3,13,30.8,16,52,0,22,85.0,17,20,4,14,10,14,0,28.6,4,14,29,0,0,0,221,s:40~l:54~t:221,pittsburgh-panthers,Pittsburgh,Panthers,PITT,Pittsburgh Panthers,Pitt,003263,231f20,https://a.espncdn.com/i/teamlogos/ncaa/500/221.png,60
310362739,2011,2,2011-02-05,2011-02-05T15:00:00.000000-0500,2754,s:40~l:54~t:2754,youngstown-state-penguins,Youngstown State,Penguins,YSU,Youngstown State Penguins,Youngstown St,E51937,690717,https://a.espncdn.com/i/teamlogos/ncaa/500/2754.png,away,25,false,5,1,14,20.9,9,43,0,18,42.9,6,14,0,7,5,24,0,9.1,1,11,25,0,0,0,2739,s:40~l:54~t:2739,green-bay-phoenix,Green Bay,Phoenix,GB,Green Bay Phoenix,Green Bay,006633,ffffff,https://a.espncdn.com/i/teamlogos/ncaa/500/2739.png,84
310362739,2011,2,2011-02-05,2011-02-05T15:00:00.000000-0500,2739,s:40~l:54~t:2739,green-bay-phoenix,Green Bay,Phoenix,GB,Green Bay Phoenix,Green Bay,006633,ffffff,https://a.espncdn.com/i/teamlogos/ncaa/500/2739.png,home,84,true,22,3,26,51.7,30,58,0,18,71.4,15,21,59,14,9,12,0,52.9,9,17,44,0,0,0,2754,s:40~l:54~t:2754,youngstown-state-penguins,Youngstown State,Penguins,YSU,Youngstown State Penguins,Youngstown St,E51937,690717,https://a.espncdn.com/i/teamlogos/ncaa/500/2754.png,25
310360269,2011,2,2011-02-05,2011-02-05T20:00:00.000000-0500,2599,s:40~l:54~t:2599,st-johns-red-storm,St. John's,Red Storm,SJU,St. John's Red Storm,St John's,d10000,101010,https://a.espncdn.com/i/teamlogos/ncaa/500/2599.png,away,52,false,13,4,15,40.0,20,50,0,16,87.5,7,8,5,8,2,13,0,38.5,5,13,27,0,0,0,269,s:40~l:54~t:269,marquette-golden-eagles,Marquette,Golden Eagles,MARQ,Marquette Golden Eagles,Marquette,083963,ffffff,https://a.espncdn.com/i/teamlogos/ncaa/500/269.png,55
310360269,2011,2,2011-02-05,2011-02-05T20:00:00.000000-0500,269,s:40~l:54~t:269,marquette-golden-eagles,Marquette,Golden Eagles,MARQ,Marquette Golden Eagles,Marquette,083963,ffffff,https://a.espncdn.com/i/teamlogos/ncaa/500/269.png,home,55,true,15,1,19,44.7,21,47,0,14,69.2,9,13,8,9,8,17,0,36.4,4,11,32,0,0,0,2599,s:40~l:54~t:2599,st-johns-red-storm,St. John's,Red Storm,SJU,St. John's Red Storm,St John's,d10000,101010,https://a.espncdn.com/i/teamlogos/ncaa/500/2599.png,52
310340150,2011,2,2011-02-03,2011-02-03T19:00:00.000000-0500,2390,s:40~l:54~t:2390,miami-hurricanes,Miami,Hurricanes,MIA,Miami Hurricanes,Miami,004325,f0f0f0,https://a.espncdn.com/i/teamlogos/ncaa/500/2390.png,away,58,false,14,3,16,32.3,20,62,0,15,68.8,11,16,3,11,8,20,0,28.0,7,25,31,0,0,0,150,s:40~l:54~t:150,duke-blue-devils,Duke,Blue Devils,DUKE,Duke Blue Devils,Duke,013088,ffffff,https://a.espncdn.com/i/teamlogos/ncaa/500/150.png,82
310340150,2011,2,2011-02-03,2011-02-03T19:00:00.000000-0500,150,s:40~l:54~t:150,duke-blue-devils,Duke,Blue Devils,DUKE,Duke Blue Devils,Duke,013088,ffffff,https://a.espncdn.com/i/teamlogos/ncaa/500/150.png,home,82,true,22,5,28,54.7,35,64,0,19,81.8,9,11,27,13,13,19,0,60.0,3,5,42,0,0,0,2390,s:40~l:54~t:2390,miami-hurricanes,Miami,Hurricanes,MIA,Miami Hurricanes,Miami,004325,f0f0f0,https://a.espncdn.com/i/teamlogos/ncaa/500/2390.png,58
310340009,2011,2,2011-02-03,2011-02-03T20:30:00.000000-0500,24,s:40~l:54~t:24,stanford-cardinal,Stanford,Cardinal,STAN,Stanford Cardinal,Stanford,8c1515,ffffff,https://a.espncdn.com/i/teamlogos/ncaa/500/24.png,away,72,true,12,9,24,46.0,23,50,0,20,75.8,25,33,20,13,11,17,0,20.0,1,5,43,0,0,0,9,s:40~l:54~t:9,arizona-state-sun-devils,Arizona State,Sun Devils,ASU,Arizona State Sun Devils,Arizona State,942139,f1f2f3,https://a.espncdn.com/i/teamlogos/ncaa/500/9.png,54
310340009,2011,2,2011-02-03,2011-02-03T20:30:00.000000-0500,9,s:40~l:54~t:9,arizona-state-sun-devils,Arizona State,Sun Devils,ASU,Arizona State Sun Devils,Arizona State,942139,f1f2f3,https://a.espncdn.com/i/teamlogos/ncaa/500/9.png,home,54,false,9,4,15,30.4,17,56,0,25,67.9,19,28,2,12,13,15,0,10.0,1,10,31,0,0,0,24,s:40~l:54~t:24,stanford-cardinal,Stanford,Cardinal,STAN,Stanford Cardinal,Stanford,8c1515,ffffff,https://a.espncdn.com/i/teamlogos/ncaa/500/24.png,72
310340275,2011,2,2011-02-03,2011-02-03T20:00:00.000000-0500,127,s:40~l:54~t:127,michigan-state-spartans,Michigan State,Spartans,MSU,Michigan State Spartans,Michigan St,18453B,ffffff,https://a.espncdn.com/i/teamlogos/ncaa/500/127.png,away,73,true,10,2,23,39.3,24,61,0,15,87.0,20,23,11,13,6,16,0,25.0,5,20,40,0,0,0,275,s:40~l:54~t:275,wisconsin-badgers,Wisconsin,Badgers,WISC,Wisconsin Badgers,Wisconsin,A00000,f7f7f7,https://a.espncdn.com/i/teamlogos/ncaa/500/275.png,70
310340275,2011,2,2011-02-03,2011-02-03T20:00:00.000000-0500,275,s:40~l:54~t:275,wisconsin-badgers,Wisconsin,Badgers,WISC,Wisconsin Badgers,Wisconsin,A00000,f7f7f7,https://a.espncdn.com/i/teamlogos/ncaa/500/275.png,home,70,false,10,4,21,45.6,26,57,0,17,81.3,13,16,12,6,3,15,0,41.7,5,12,30,0,0,0,127,s:40~l:54~t:127,michigan-state-spartans,Michigan State,Spartans,MSU,Michigan State Spartans,Michigan St,18453B,ffffff,https://a.espncdn.com/i/teamlogos/ncaa/500/127.png,73
310340096,2011,2,2011-02-03,2011-02-03T19:00:00.000000-0500,2,s:40~l:54~t:2,auburn-tigers,Auburn,Tigers,AUB,Auburn Tigers,Auburn,03244d,f1f2f3,https://a.espncdn.com/i/teamlogos/ncaa/500/2.png,away,38,false,10,7,19,32.7,16,49,0,20,75.0,3,4,2,5,3,26,0,37.5,3,8,27,0,0,0,96,s:40~l:54~t:96,kentucky-wildcats,Kentucky,Wildcats,UK,Kentucky Wildcats,Kentucky,005DAA,ffffff,https://a.espncdn.com/i/teamlogos/ncaa/500/96.png,69
310340096,2011,2,2011-02-03,2011-02-03T19:00:00.000000-0500,96,s:40~l:54~t:96,kentucky-wildcats,Kentucky,Wildcats,UK,Kentucky Wildcats,Kentucky,005DAA,ffffff,https://a.espncdn.com/i/teamlogos/ncaa/500/96.png,home,69,true,16,2,22,38.7,24,62,0,12,63.2,12,19,31,17,14,19,0,50.0,9,18,44,0,0,0,2,s:40~l:54~t:2,auburn-tigers,Auburn,Tigers,AUB,Auburn Tigers,Auburn,03244d,f1f2f3,https://a.espncdn.com/i/teamlogos/ncaa/500/2.png,38
310342509,2011,2,2011-02-03,2011-02-03T18:30:00.000000-0500,2294,s:40~l:54~t:2294,iowa-hawkeyes,Iowa,Hawkeyes,IOWA,Iowa Hawkeyes,Iowa,000000,fcd116,https://a.espncdn.com/i/teamlogos/ncaa/500/2294.png,away,41,false,6,5,24,21.8,12,55,0,17,71.4,15,21,2,11,6,20,0,11.8,2,17,42,0,0,0,2509,s:40~l:54~t:2509,purdue-boilermakers,Purdue,Boilermakers,PUR,Purdue Boilermakers,Purdue,000000,cfb991,https://a.espncdn.com/i/teamlogos/ncaa/500/2509.png,60
310342509,2011,2,2011-02-03,2011-02-03T18:30:00.000000-0500,2509,s:40~l:54~t:2509,purdue-boilermakers,Purdue,Boilermakers,PUR,Purdue Boilermakers,Purdue,000000,cfb991,https://a.espncdn.com/i/teamlogos/ncaa/500/2509.png,home,60,true,18,9,21,43.4,23,53,0,19,83.3,10,12,22,5,9,15,0,44.4,4,9,29,0,0,0,2294,s:40~l:54~t:2294,iowa-hawkeyes,Iowa,Hawkeyes,IOWA,Iowa Hawkeyes,Iowa,000000,fcd116,https://a.espncdn.com/i/teamlogos/ncaa/500/2294.png,41
310340061,2011,2,2011-02-03,2011-02-03T19:00:00.000000-0500,8,s:40~l:54~t:8,arkansas-razorbacks,Arkansas,Razorbacks,ARK,Arkansas Razorbacks,Arkansas,a41f35,222222,https://a.espncdn.com/i/teamlogos/ncaa/500/8.png,away,54,false,14,2,30,35.0,21,60,0,12,40.0,4,10,13,13,5,19,0,38.1,8,21,48,0,0,0,61,s:40~l:54~t:61,georgia-lady-bulldogs,Georgia,Lady Bulldogs,UGA,Georgia Lady Bulldogs,Georgia,CC0000,000000,https://a.espncdn.com/i/teamlogos/ncaa/500/61.png,57
310340061,2011,2,2011-02-03,2011-02-03T19:00:00.000000-0500,61,s:40~l:54~t:61,georgia-lady-bulldogs,Georgia,Lady Bulldogs,UGA,Georgia Lady Bulldogs,Georgia,CC0000,000000,https://a.espncdn.com/i/teamlogos/ncaa/500/61.png,home,57,true,9,5,24,28.6,20,70,0,13,76.5,13,17,4,20,9,8,0,22.2,4,18,47,0,0,0,8,s:40~l:54~t:8,arkansas-razorbacks,Arkansas,Razorbacks,ARK,Arkansas Razorbacks,Arkansas,a41f35,222222,https://a.espncdn.com/i/teamlogos/ncaa/500/8.png,54
310330239,2011,2,2011-02-02,2011-02-02T20:00:00.000000-0500,201,s:40~l:54~t:201,oklahoma-sooners,Oklahoma,Sooners,OU,Oklahoma Sooners,Oklahoma,9d2235,ffffff,https://a.espncdn.com/i/teamlogos/ncaa/500/201.png,away,70,false,9,1,19,40.6,26,64,0,22,72.7,8,11,0,4,9,15,0,33.3,10,30,29,0,0,0,239,s:40~l:54~t:239,baylor-bears,Baylor,Bears,BAY,Baylor Bears,Baylor,154734,ffb81c,https://a.espncdn.com/i/teamlogos/ncaa/500/239.png,92
310330239,2011,2,2011-02-02,2011-02-02T20:00:00.000000-0500,239,s:40~l:54~t:239,baylor-bears,Baylor,Bears,BAY,Baylor Bears,Baylor,154734,ffb81c,https://a.espncdn.com/i/teamlogos/ncaa/500/239.png,home,92,true,22,5,26,49.2,32,65,0,7,81.5,22,27,40,13,10,17,1,46.2,6,13,47,1,0,0,201,s:40~l:54~t:201,oklahoma-sooners,Oklahoma,Sooners,OU,Oklahoma Sooners,Oklahoma,9d2235,ffffff,https://a.espncdn.com/i/teamlogos/ncaa/500/201.png,70
310330052,2011,2,2011-02-02,2011-02-02T19:00:00.000000-0500,153,s:40~l:54~t:153,north-carolina-tar-heels,North Carolina,Tar Heels,UNC,North Carolina Tar Heels,North Carolina,7bafd4,13294b,https://a.espncdn.com/i/teamlogos/ncaa/500/153.png,away,84,true,12,6,25,50.0,30,60,0,18,88.0,22,25,10,11,5,23,0,25.0,2,8,42,0,0,0,52,s:40~l:54~t:52,florida-state-seminoles,Florida State,Seminoles,FSU,Florida State Seminoles,Florida St,782F40,ceb888,https://a.espncdn.com/i/teamlogos/ncaa/500/52.png,75
310330052,2011,2,2011-02-02,2011-02-02T19:00:00.000000-0500,52,s:40~l:54~t:52,florida-state-seminoles,Florida State,Seminoles,FSU,Florida State Seminoles,Florida St,782F40,ceb888,https://a.espncdn.com/i/teamlogos/ncaa/500/52.png,home,75,false,17,1,18,40.3,29,72,0,19,75.0,9,12,7,10,8,18,0,28.6,8,28,32,0,0,0,153,s:40~l:54~t:153,north-carolina-tar-heels,North Carolina,Tar Heels,UNC,North Carolina Tar Heels,North Carolina,7bafd4,13294b,https://a.espncdn.com/i/teamlogos/ncaa/500/153.png,84
310330066,2011,2,2011-02-02,2011-02-02T20:00:00.000000-0500,197,s:40~l:54~t:197,oklahoma-state-cowgirls,Oklahoma State,Cowgirls,OKST,Oklahoma State Cowgirls,Oklahoma St,ff6500,000000,https://a.espncdn.com/i/teamlogos/ncaa/500/197.png,away,59,false,13,1,23,33.9,21,62,0,31,66.7,14,21,1,13,8,16,0,17.6,3,17,40,0,0,0,66,s:40~l:54~t:66,iowa-state-cyclones,Iowa State,Cyclones,ISU,Iowa State Cyclones,Iowa State,822433,fdca2f,https://a.espncdn.com/i/teamlogos/ncaa/500/66.png,79
310330066,2011,2,2011-02-02,2011-02-02T20:00:00.000000-0500,66,s:40~l:54~t:66,iowa-state-cyclones,Iowa State,Cyclones,ISU,Iowa State Cyclones,Iowa State,822433,fdca2f,https://a.espncdn.com/i/teamlogos/ncaa/500/66.png,home,79,true,15,3,29,48.9,22,45,0,21,68.6,24,35,26,6,8,16,0,55.0,11,20,36,0,0,0,197,s:40~l:54~t:197,oklahoma-state-cowgirls,Oklahoma State,Cowgirls,OKST,Oklahoma State Cowgirls,Oklahoma St,ff6500,000000,https://a.espncdn.com/i/teamlogos/ncaa/500/197.png,59
310332305,2011,2,2011-02-02,2011-02-02T20:00:00.000000-0500,38,s:40~l:54~t:38,colorado-buffaloes,Colorado,Buffaloes,COLO,Colorado Buffaloes,Colorado,000000,cfb87c,https://a.espncdn.com/i/teamlogos/ncaa/500/38.png,away,53,false,7,2,15,35.0,21,60,0,16,45.0,9,20,0,8,5,15,0,28.6,2,7,29,0,0,0,2305,s:40~l:54~t:2305,kansas-jayhawks,Kansas,Jayhawks,KU,Kansas Jayhawks,Kansas,0051ba,e8000d,https://a.espncdn.com/i/teamlogos/ncaa/500/2305.png,81
310332305,2011,2,2011-02-02,2011-02-02T20:00:00.000000-0500,2305,s:40~l:54~t:2305,kansas-jayhawks,Kansas,Jayhawks,KU,Kansas Jayhawks,Kansas,0051ba,e8000d,https://a.espncdn.com/i/teamlogos/ncaa/500/2305.png,home,81,true,18,4,35,62.0,31,50,0,16,78.9,15,19,34,3,7,19,0,44.4,4,9,38,0,0,0,38,s:40~l:54~t:38,colorado-buffaloes,Colorado,Buffaloes,COLO,Colorado Buffaloes,Colorado,000000,cfb87c,https://a.espncdn.com/i/teamlogos/ncaa/500/38.png,53
310322752,2011,2,2011-02-01,2011-02-01T19:00:00.000000-0500,2325,s:40~l:54~t:2325,la-salle-explorers,La Salle,Explorers,LAS,La Salle Explorers,La Salle,003356,ffce00,https://a.espncdn.com/i/teamlogos/ncaa/500/2325.png,away,51,false,10,1,16,31.5,17,54,0,17,63.2,12,19,3,7,9,20,0,19.2,5,26,26,0,0,0,2752,s:40~l:54~t:2752,xavier-musketeers,Xavier,Musketeers,XAV,Xavier Musketeers,Xavier,002144,9ea2a2,https://a.espncdn.com/i/teamlogos/ncaa/500/2752.png,102
310322752,2011,2,2011-02-01,2011-02-01T19:00:00.000000-0500,2752,s:40~l:54~t:2752,xavier-musketeers,Xavier,Musketeers,XAV,Xavier Musketeers,Xavier,002144,9ea2a2,https://a.espncdn.com/i/teamlogos/ncaa/500/2752.png,home,102,true,27,1,32,55.2,37,67,0,18,71.4,15,21,54,14,11,14,0,56.5,13,23,46,0,0,0,2325,s:40~l:54~t:2325,la-salle-explorers,La Salle,Explorers,LAS,La Salle Explorers,La Salle,003356,ffce00,https://a.espncdn.com/i/teamlogos/ncaa/500/2325.png,51
310320087,2011,2,2011-02-01,2011-02-01T19:00:00.000000-0500,183,s:40~l:54~t:183,syracuse-orange,Syracuse,Orange,SYR,Syracuse Orange,Syracuse,ff6500,000e54,https://a.espncdn.com/i/teamlogos/ncaa/500/183.png,away,48,false,9,3,17,25.5,13,51,0,21,69.0,20,29,0,12,11,24,0,14.3,2,14,34,0,0,0,87,s:40~l:54~t:87,notre-dame-fighting-irish,Notre Dame,Fighting Irish,ND,Notre Dame Fighting Irish,Notre Dame,0c2340,c99700,https://a.espncdn.com/i/teamlogos/ncaa/500/87.png,71
310320087,2011,2,2011-02-01,2011-02-01T19:00:00.000000-0500,87,s:40~l:54~t:87,notre-dame-fighting-irish,Notre Dame,Fighting Irish,ND,Notre Dame Fighting Irish,Notre Dame,0c2340,c99700,https://a.espncdn.com/i/teamlogos/ncaa/500/87.png,home,71,true,20,3,23,45.5,25,55,0,21,58.1,18,31,27,12,16,16,0,25.0,3,12,44,0,0,0,183,s:40~l:54~t:183,syracuse-orange,Syracuse,Orange,SYR,Syracuse Orange,Syracuse,ff6500,000e54,https://a.espncdn.com/i/teamlogos/ncaa/500/183.png,48
310320277,2011,2,2011-02-01,2011-02-01T19:00:00.000000-0500,2507,s:40~l:54~t:2507,providence-friars,Providence,Friars,PROV,Providence Friars,Providence,000000,a3a19e,https://a.espncdn.com/i/teamlogos/ncaa/500/2507.png,away,45,false,10,4,18,31.4,16,51,0,20,77.8,7,9,0,11,5,19,0,50.0,6,12,34,0,0,0,277,s:40~l:54~t:277,west-virginia-mountaineers,West Virginia,Mountaineers,WVU,West Virginia Mountaineers,West Virginia,FFC600,eaaa00,https://a.espncdn.com/i/teamlogos/ncaa/500/277.png,59
310320277,2011,2,2011-02-01,2011-02-01T19:00:00.000000-0500,277,s:40~l:54~t:277,west-virginia-mountaineers,West Virginia,Mountaineers,WVU,West Virginia Mountaineers,West Virginia,FFC600,eaaa00,https://a.espncdn.com/i/teamlogos/ncaa/500/277.png,home,59,true,10,6,21,38.0,19,50,0,13,78.3,18,23,16,11,10,12,0,30.0,3,10,35,0,0,0,2507,s:40~l:54~t:2507,providence-friars,Providence,Friars,PROV,Providence Friars,Providence,000000,a3a19e,https://a.espncdn.com/i/teamlogos/ncaa/500/2507.png,45
310320097,2011,2,2011-02-01,2011-02-01T19:00:00.000000-0500,46,s:40~l:54~t:46,georgetown-hoyas,Georgetown,Hoyas,GTWN,Georgetown Hoyas,Georgetown,110E42,001c58,https://a.espncdn.com/i/teamlogos/ncaa/500/46.png,away,76,true,19,4,17,45.9,28,61,0,16,84.6,11,13,24,16,16,21,0,37.5,9,24,36,0,0,0,97,s:40~l:54~t:97,louisville-cardinals,Louisville,Cardinals,LOU,Louisville Cardinals,Louisville,c9001f,000000,https://a.espncdn.com/i/teamlogos/ncaa/500/97.png,52
310320097,2011,2,2011-02-01,2011-02-01T19:00:00.000000-0500,97,s:40~l:54~t:97,louisville-cardinals,Louisville,Cardinals,LOU,Louisville Cardinals,Louisville,c9001f,000000,https://a.espncdn.com/i/teamlogos/ncaa/500/97.png,home,52,false,11,3,15,41.3,19,46,0,14,70.0,7,10,14,11,8,30,0,36.8,7,19,26,0,0,0,46,s:40~l:54~t:46,georgetown-hoyas,Georgetown,Hoyas,GTWN,Georgetown Hoyas,Georgetown,110E42,001c58,https://a.espncdn.com/i/teamlogos/ncaa/500/46.png,76
310320269,2011,2,2011-02-01,2011-02-01T18:00:00.000000-0500,222,s:40~l:54~t:222,villanova-wildcats,Villanova,Wildcats,VILL,Villanova Wildcats,Villanova,00205b,13b5ea,https://a.espncdn.com/i/teamlogos/ncaa/500/222.png,away,57,false,13,1,20,41.7,20,48,0,17,91.7,11,12,7,4,5,12,0,27.3,6,22,27,0,0,0,269,s:40~l:54~t:269,marquette-golden-eagles,Marquette,Golden Eagles,MARQ,Marquette Golden Eagles,Marquette,083963,ffffff,https://a.espncdn.com/i/teamlogos/ncaa/500/269.png,62
310320269,2011,2,2011-02-01,2011-02-01T18:00:00.000000-0500,269,s:40~l:54~t:269,marquette-golden-eagles,Marquette,Golden Eagles,MARQ,Marquette Golden Eagles,Marquette,083963,ffffff,https://a.espncdn.com/i/teamlogos/ncaa/500/269.png,home,62,true,18,1,19,47.8,22,46,0,14,77.3,17,22,7,6,6,10,0,20.0,1,5,26,0,0,0,222,s:40~l:54~t:222,villanova-wildcats,Villanova,Wildcats,VILL,Villanova Wildcats,Villanova,00205b,13b5ea,https://a.espncdn.com/i/teamlogos/ncaa/500/222.png,57
310322599,2011,2,2011-02-01,2011-02-01T19:00:00.000000-0500,164,s:40~l:54~t:164,rutgers-scarlet-knights,Rutgers,Scarlet Knights,RUTG,Rutgers Scarlet Knights,Rutgers,d21034,ffffff,https://a.espncdn.com/i/teamlogos/ncaa/500/164.png,away,48,false,6,3,20,34.0,18,53,0,18,66.7,10,15,4,14,9,21,1,14.3,2,14,38,1,0,0,2599,s:40~l:54~t:2599,st-johns-red-storm,St. John's,Red Storm,SJU,St. John's Red Storm,St John's,d10000,101010,https://a.espncdn.com/i/teamlogos/ncaa/500/2599.png,51
310322599,2011,2,2011-02-01,2011-02-01T19:00:00.000000-0500,2599,s:40~l:54~t:2599,st-johns-red-storm,St. John's,Red Storm,SJU,St. John's Red Storm,St John's,d10000,101010,https://a.espncdn.com/i/teamlogos/ncaa/500/2599.png,home,51,true,11,4,18,39.5,17,43,0,15,70.6,12,17,14,5,5,21,0,41.7,5,12,26,0,0,0,164,s:40~l:54~t:164,rutgers-scarlet-knights,Rutgers,Scarlet Knights,RUTG,Rutgers Scarlet Knights,Rutgers,d21034,ffffff,https://a.espncdn.com/i/teamlogos/ncaa/500/164.png,48
310310041,2011,2,2011-01-31,2011-01-31T19:00:00.000000-0500,150,s:40~l:54~t:150,duke-blue-devils,Duke,Blue Devils,DUKE,Duke Blue Devils,Duke,013088,ffffff,https://a.espncdn.com/i/teamlogos/ncaa/500/150.png,away,51,false,8,3,8,28.4,19,67,0,21,64.3,9,14,0,12,11,15,0,23.5,4,17,28,0,0,0,41,s:40~l:54~t:41,uconn-huskies,UConn,Huskies,CONN,UConn Huskies,UConn,0c2340,f1f2f3,https://a.espncdn.com/i/teamlogos/ncaa/500/41.png,87
310310041,2011,2,2011-01-31,2011-01-31T19:00:00.000000-0500,41,s:40~l:54~t:41,uconn-huskies,UConn,Huskies,CONN,UConn Huskies,UConn,0c2340,f1f2f3,https://a.espncdn.com/i/teamlogos/ncaa/500/41.png,home,87,true,22,3,29,57.4,31,54,0,13,81.0,17,21,36,14,7,20,0,50.0,8,16,49,0,0,0,150,s:40~l:54~t:150,duke-blue-devils,Duke,Blue Devils,DUKE,Duke Blue Devils,Duke,013088,ffffff,https://a.espncdn.com/i/teamlogos/ncaa/500/150.png,51
310300245,2011,2,2011-01-30,2011-01-30T13:00:00.000000-0500,239,s:40~l:54~t:239,baylor-bears,Baylor,Bears,BAY,Baylor Bears,Baylor,154734,ffb81c,https://a.espncdn.com/i/teamlogos/ncaa/500/239.png,away,63,true,9,6,27,42.2,19,45,0,16,81.5,22,27,10,9,7,20,0,37.5,3,8,40,0,0,0,245,s:40~l:54~t:245,texas-am-aggies,Texas A&M,Aggies,TA&M,Texas A&M Aggies,Texas A&M,5C0025,ffffff,https://a.espncdn.com/i/teamlogos/ncaa/500/245.png,60
310300245,2011,2,2011-01-30,2011-01-30T13:00:00.000000-0500,245,s:40~l:54~t:245,texas-am-aggies,Texas A&M,Aggies,TA&M,Texas A&M Aggies,Texas A&M,5C0025,ffffff,https://a.espncdn.com/i/teamlogos/ncaa/500/245.png,home,60,false,7,3,16,31.3,20,64,0,20,84.2,16,19,0,14,5,14,0,22.2,4,18,36,0,0,0,239,s:40~l:54~t:239,baylor-bears,Baylor,Bears,BAY,Baylor Bears,Baylor,154734,ffb81c,https://a.espncdn.com/i/teamlogos/ncaa/500/239.png,63
310300008,2011,2,2011-01-30,2011-01-30T14:00:00.000000-0500,2633,s:40~l:54~t:2633,tennessee-lady-volunteers,Tennessee,Lady Volunteers,TENN,Tennessee Lady Volunteers,Tennessee,ff8200,ffffff,https://a.espncdn.com/i/teamlogos/ncaa/500/2633_ncw.png,away,72,true,11,3,25,47.5,28,59,0,10,87.5,7,8,21,12,5,17,0,47.4,9,19,42,0,0,0,8,s:40~l:54~t:8,arkansas-razorbacks,Arkansas,Razorbacks,ARK,Arkansas Razorbacks,Arkansas,a41f35,222222,https://a.espncdn.com/i/teamlogos/ncaa/500/8.png,53
310300008,2011,2,2011-01-30,2011-01-30T14:00:00.000000-0500,8,s:40~l:54~t:8,arkansas-razorbacks,Arkansas,Razorbacks,ARK,Arkansas Razorbacks,Arkansas,a41f35,222222,https://a.espncdn.com/i/teamlogos/ncaa/500/8.png,home,53,false,11,2,14,33.9,19,56,0,10,90.9,10,11,2,4,8,11,0,22.7,5,22,23,0,0,0,2633,s:40~l:54~t:2633,tennessee-lady-volunteers,Tennessee,Lady Volunteers,TENN,Tennessee Lady Volunteers,Tennessee,ff8200,ffffff,https://a.espncdn.com/i/teamlogos/ncaa/500/2633_ncw.png,72
310300305,2011,2,2011-01-30,2011-01-30T16:00:00.000000-0500,277,s:40~l:54~t:277,west-virginia-mountaineers,West Virginia,Mountaineers,WVU,West Virginia Mountaineers,West Virginia,FFC600,eaaa00,https://a.espncdn.com/i/teamlogos/ncaa/500/277.png,away,55,false,11,1,14,50.0,22,44,0,13,57.1,8,14,4,10,5,24,1,27.3,3,11,28,1,0,0,305,s:40~l:54~t:305,depaul-blue-demons,DePaul,Blue Demons,DEP,DePaul Blue Demons,DePaul,2d649c,ce1125,https://a.espncdn.com/i/teamlogos/ncaa/500/305.png,78
310300305,2011,2,2011-01-30,2011-01-30T16:00:00.000000-0500,305,s:40~l:54~t:305,depaul-blue-demons,DePaul,Blue Demons,DEP,DePaul Blue Demons,DePaul,2d649c,ce1125,https://a.espncdn.com/i/teamlogos/ncaa/500/305.png,home,78,true,20,3,13,50.0,32,64,0,16,69.2,9,13,25,14,14,13,0,27.8,5,18,32,0,0,0,277,s:40~l:54~t:277,west-virginia-mountaineers,West Virginia,Mountaineers,WVU,West Virginia Mountaineers,West Virginia,FFC600,eaaa00,https://a.espncdn.com/i/teamlogos/ncaa/500/277.png,55
310300120,2011,2,2011-01-30,2011-01-30T14:00:00.000000-0500,2344,s:40~l:54~t:2344,longwood-lancers,Longwood,Lancers,LONG,Longwood Lancers,Longwood,003273,9ea2a3,https://a.espncdn.com/i/teamlogos/ncaa/500/2344.png,away,38,false,10,6,18,26.9,14,52,0,27,80.0,8,10,0,6,8,30,0,11.1,2,18,26,0,0,0,120,s:40~l:54~t:120,maryland-terrapins,Maryland,Terrapins,MD,Maryland Terrapins,Maryland,D5002B,ffcd00,https://a.espncdn.com/i/teamlogos/ncaa/500/120.png,84
310300120,2011,2,2011-01-30,2011-01-30T14:00:00.000000-0500,120,s:40~l:54~t:120,maryland-terrapins,Maryland,Terrapins,MD,Maryland Terrapins,Maryland,D5002B,ffcd00,https://a.espncdn.com/i/teamlogos/ncaa/500/120.png,home,84,true,14,4,29,41.4,24,58,0,10,81.4,35,43,47,13,18,19,1,16.7,1,6,50,1,0,0,2344,s:40~l:54~t:2344,longwood-lancers,Longwood,Lancers,LONG,Longwood Lancers,Longwood,003273,9ea2a3,https://a.espncdn.com/i/teamlogos/ncaa/500/2344.png,38
310300153,2011,2,2011-01-30,2011-01-30T14:00:00.000000-0500,259,s:40~l:54~t:259,virginia-tech-hokies,Virginia Tech,Hokies,VT,Virginia Tech Hokies,Virginia Tech,630031,cf4520,https://a.espncdn.com/i/teamlogos/ncaa/500/259.png,away,51,false,14,1,16,32.3,21,65,0,16,38.5,5,13,0,11,8,17,1,25.0,4,16,32,1,0,0,153,s:40~l:54~t:153,north-carolina-tar-heels,North Carolina,Tar Heels,UNC,North Carolina Tar Heels,North Carolina,7bafd4,13294b,https://a.espncdn.com/i/teamlogos/ncaa/500/153.png,76
310300153,2011,2,2011-01-30,2011-01-30T14:00:00.000000-0500,153,s:40~l:54~t:153,north-carolina-tar-heels,North Carolina,Tar Heels,UNC,North Carolina Tar Heels,North Carolina,7bafd4,13294b,https://a.espncdn.com/i/teamlogos/ncaa/500/153.png,home,76,true,17,8,30,46.7,28,60,0,10,70.0,14,20,27,13,7,20,0,40.0,6,15,49,0,0,0,259,s:40~l:54~t:259,virginia-tech-hokies,Virginia Tech,Hokies,VT,Virginia Tech Hokies,Virginia Tech,630031,cf4520,https://a.espncdn.com/i/teamlogos/ncaa/500/259.png,51
310302390,2011,2,2011-01-30,2011-01-30T15:00:00.000000-0500,59,s:40~l:54~t:59,georgia-tech-yellow-jackets,Georgia Tech,Yellow Jackets,GT,Georgia Tech Yellow Jackets,Georgia Tech,00223e,002c56,https://a.espncdn.com/i/teamlogos/ncaa/500/59.png,away,74,false,17,2,21,45.6,26,57,0,28,70.4,19,27,11,10,14,30,0,30.0,3,10,38,0,0,0,2390,s:40~l:54~t:2390,miami-hurricanes,Miami,Hurricanes,MIA,Miami Hurricanes,Miami,004325,f0f0f0,https://a.espncdn.com/i/teamlogos/ncaa/500/2390.png,84
310302390,2011,2,2011-01-30,2011-01-30T15:00:00.000000-0500,2390,s:40~l:54~t:2390,miami-hurricanes,Miami,Hurricanes,MIA,Miami Hurricanes,Miami,004325,f0f0f0,https://a.espncdn.com/i/teamlogos/ncaa/500/2390.png,home,84,true,11,7,15,48.1,26,54,0,21,72.2,26,36,10,8,17,24,0,42.9,6,14,27,0,0,0,59,s:40~l:54~t:59,georgia-tech-yellow-jackets,Georgia Tech,Yellow Jackets,GT,Georgia Tech Yellow Jackets,Georgia Tech,00223e,002c56,https://a.espncdn.com/i/teamlogos/ncaa/500/59.png,74
310300333,2011,2,2011-01-30,2011-01-30T15:00:00.000000-0500,96,s:40~l:54~t:96,kentucky-wildcats,Kentucky,Wildcats,UK,Kentucky Wildcats,Kentucky,005DAA,ffffff,https://a.espncdn.com/i/teamlogos/ncaa/500/96.png,away,82,true,14,5,20,43.5,27,62,0,14,67.9,19,28,13,15,6,19,0,45.0,9,20,43,0,0,0,333,s:40~l:54~t:333,alabama-crimson-tide,Alabama,Crimson Tide,ALA,Alabama Crimson Tide,Alabama,9e1632,ffffff,https://a.espncdn.com/i/teamlogos/ncaa/500/333.png,69
310300333,2011,2,2011-01-30,2011-01-30T15:00:00.000000-0500,333,s:40~l:54~t:333,alabama-crimson-tide,Alabama,Crimson Tide,ALA,Alabama Crimson Tide,Alabama,9e1632,ffffff,https://a.espncdn.com/i/teamlogos/ncaa/500/333.png,home,69,false,15,7,20,48.2,27,56,0,22,63.2,12,19,5,11,11,23,0,33.3,3,9,33,0,0,0,96,s:40~l:54~t:96,kentucky-wildcats,Kentucky,Wildcats,UK,Kentucky Wildcats,Kentucky,005DAA,ffffff,https://a.espncdn.com/i/teamlogos/ncaa/500/96.png,82
310300356,2011,2,2011-01-30,2011-01-30T15:00:00.000000-0500,2294,s:40~l:54~t:2294,iowa-hawkeyes,Iowa,Hawkeyes,IOWA,Iowa Hawkeyes,Iowa,000000,fcd116,https://a.espncdn.com/i/teamlogos/ncaa/500/2294.png,away,80,true,14,5,29,52.1,25,48,0,10,75.9,22,29,11,5,3,20,0,66.7,8,12,41,0,0,0,356,s:40~l:54~t:356,illinois-fighting-illini,Illinois,Fighting Illini,ILL,Illinois Fighting Illini,Illinois,ff5f05,13294b,https://a.espncdn.com/i/teamlogos/ncaa/500/356.png,69
310300356,2011,2,2011-01-30,2011-01-30T15:00:00.000000-0500,356,s:40~l:54~t:356,illinois-fighting-illini,Illinois,Fighting Illini,ILL,Illinois Fighting Illini,Illinois,ff5f05,13294b,https://a.espncdn.com/i/teamlogos/ncaa/500/356.png,home,69,false,16,5,19,35.1,27,77,0,22,76.9,10,13,3,15,14,9,0,20.8,5,24,35,0,0,0,2294,s:40~l:54~t:2294,iowa-hawkeyes,Iowa,Hawkeyes,IOWA,Iowa Hawkeyes,Iowa,000000,fcd116,https://a.espncdn.com/i/teamlogos/ncaa/500/2294.png,80
310300099,2011,2,2011-01-30,2011-01-30T17:00:00.000000-0500,61,s:40~l:54~t:61,georgia-lady-bulldogs,Georgia,Lady Bulldogs,UGA,Georgia Lady Bulldogs,Georgia,CC0000,000000,https://a.espncdn.com/i/teamlogos/ncaa/500/61.png,away,41,false,5,4,28,29.1,16,55,0,18,66.7,6,9,2,10,7,11,0,18.8,3,16,40,0,0,0,99,s:40~l:54~t:99,lsu-tigers,LSU,Tigers,LSU,LSU Tigers,LSU,461d7c,fdd023,https://a.espncdn.com/i/teamlogos/ncaa/500/99.png,47
310300099,2011,2,2011-01-30,2011-01-30T17:00:00.000000-0500,99,s:40~l:54~t:99,lsu-tigers,LSU,Tigers,LSU,LSU Tigers,LSU,461d7c,fdd023,https://a.espncdn.com/i/teamlogos/ncaa/500/99.png,home,47,true,10,4,27,28.6,18,63,0,9,64.3,9,14,11,16,2,9,0,9.5,2,21,48,0,0,0,61,s:40~l:54~t:61,georgia-lady-bulldogs,Georgia,Lady Bulldogs,UGA,Georgia Lady Bulldogs,Georgia,CC0000,000000,https://a.espncdn.com/i/teamlogos/ncaa/500/61.png,41
310300152,2011,2,2011-01-30,2011-01-30T13:00:00.000000-0500,52,s:40~l:54~t:52,florida-state-seminoles,Florida State,Seminoles,FSU,Florida State Seminoles,Florida St,782F40,ceb888,https://a.espncdn.com/i/teamlogos/ncaa/500/52.png,away,76,true,12,4,27,42.9,27,63,0,16,69.6,16,23,15,13,7,11,0,42.9,6,14,45,0,0,0,152,s:40~l:54~t:152,nc-state-wolfpack,NC State,Wolfpack,NCST,NC State Wolfpack,NC State,EF1216,231f20,https://a.espncdn.com/i/teamlogos/ncaa/500/152.png,69
310300152,2011,2,2011-01-30,2011-01-30T13:00:00.000000-0500,152,s:40~l:54~t:152,nc-state-wolfpack,NC State,Wolfpack,NCST,NC State Wolfpack,NC State,EF1216,231f20,https://a.espncdn.com/i/teamlogos/ncaa/500/152.png,home,69,false,13,7,24,35.5,27,76,0,17,65.0,13,20,3,20,2,10,0,11.1,2,18,50,0,0,0,52,s:40~l:54~t:52,florida-state-seminoles,Florida State,Seminoles,FSU,Florida State Seminoles,Florida St,782F40,ceb888,https://a.espncdn.com/i/teamlogos/ncaa/500/52.png,76
310300213,2011,2,2011-01-30,2011-01-30T14:00:00.000000-0500,194,s:40~l:54~t:194,ohio-state-buckeyes,Ohio State,Buckeyes,OSU,Ohio State Buckeyes,Ohio State,ce1141,505056,https://a.espncdn.com/i/teamlogos/ncaa/500/194.png,away,71,false,16,3,20,42.3,22,52,0,20,82.1,23,28,3,5,1,14,0,30.8,4,13,33,0,0,0,213,s:40~l:54~t:213,penn-state-lady-lions,Penn State,Lady Lions,PSU,Penn State Lady Lions,Penn State,00265D,002e5c,https://a.espncdn.com/i/teamlogos/ncaa/500/213.png,80
310300213,2011,2,2011-01-30,2011-01-30T14:00:00.000000-0500,213,s:40~l:54~t:213,penn-state-lady-lions,Penn State,Lady Lions,PSU,Penn State Lady Lions,Penn State,00265D,002e5c,https://a.espncdn.com/i/teamlogos/ncaa/500/213.png,home,80,true,12,3,18,43.3,26,60,0,23,80.8,21,26,13,14,8,11,0,58.3,7,12,38,0,0,0,194,s:40~l:54~t:194,ohio-state-buckeyes,Ohio State,Buckeyes,OSU,Ohio State Buckeyes,Ohio State,ce1141,505056,https://a.espncdn.com/i/teamlogos/ncaa/500/194.png,71
310292132,2011,2,2011-01-29,2011-01-29T14:00:00.000000-0500,41,s:40~l:54~t:41,uconn-huskies,UConn,Huskies,CONN,UConn Huskies,UConn,0c2340,f1f2f3,https://a.espncdn.com/i/teamlogos/ncaa/500/41.png,away,80,true,25,4,27,57.9,33,57,0,7,62.5,5,8,39,8,8,14,0,60.0,9,15,37,0,0,0,2132,s:40~l:54~t:2132,cincinnati-bearcats,Cincinnati,Bearcats,CIN,Cincinnati Bearcats,Cincinnati,000000,717073,https://a.espncdn.com/i/teamlogos/ncaa/500/2132.png,46
310292132,2011,2,2011-01-29,2011-01-29T14:00:00.000000-0500,2132,s:40~l:54~t:2132,cincinnati-bearcats,Cincinnati,Bearcats,CIN,Cincinnati Bearcats,Cincinnati,000000,717073,https://a.espncdn.com/i/teamlogos/ncaa/500/2132.png,home,46,false,11,2,13,30.2,16,53,0,9,100.0,6,6,0,6,5,15,0,27.6,8,29,23,0,0,0,41,s:40~l:54~t:41,uconn-huskies,UConn,Huskies,CONN,UConn Huskies,UConn,0c2340,f1f2f3,https://a.espncdn.com/i/teamlogos/ncaa/500/41.png,80
310292752,2011,2,2011-01-29,2011-01-29T16:00:00.000000-0500,227,s:40~l:54~t:227,rhode-island-rams,Rhode Island,Rams,URI,Rhode Island Rams,Rhode Island,091f3f,5ab3e8,https://a.espncdn.com/i/teamlogos/ncaa/500/227.png,away,45,false,11,1,16,36.4,16,44,0,14,57.9,11,19,0,7,4,15,0,28.6,2,7,29,0,0,0,2752,s:40~l:54~t:2752,xavier-musketeers,Xavier,Musketeers,XAV,Xavier Musketeers,Xavier,002144,9ea2a2,https://a.espncdn.com/i/teamlogos/ncaa/500/2752.png,67
310292752,2011,2,2011-01-29,2011-01-29T16:00:00.000000-0500,2752,s:40~l:54~t:2752,xavier-musketeers,Xavier,Musketeers,XAV,Xavier Musketeers,Xavier,002144,9ea2a2,https://a.espncdn.com/i/teamlogos/ncaa/500/2752.png,home,67,true,15,4,23,47.3,26,55,0,16,56.3,9,16,26,12,4,13,0,42.9,6,14,39,0,0,0,227,s:40~l:54~t:227,rhode-island-rams,Rhode Island,Rams,URI,Rhode Island Rams,Rhode Island,091f3f,5ab3e8,https://a.espncdn.com/i/teamlogos/ncaa/500/227.png,45
310290222,2011,2,2011-01-29,2011-01-29T19:00:00.000000-0500,87,s:40~l:54~t:87,notre-dame-fighting-irish,Notre Dame,Fighting Irish,ND,Notre Dame Fighting Irish,Notre Dame,0c2340,c99700,https://a.espncdn.com/i/teamlogos/ncaa/500/87.png,away,58,true,9,2,22,37.5,21,56,0,7,80.0,16,20,15,10,14,12,0,0.0,0,4,39,0,0,0,222,s:40~l:54~t:222,villanova-wildcats,Villanova,Wildcats,VILL,Villanova Wildcats,Villanova,00205b,13b5ea,https://a.espncdn.com/i/teamlogos/ncaa/500/222.png,43
310290222,2011,2,2011-01-29,2011-01-29T19:00:00.000000-0500,222,s:40~l:54~t:222,villanova-wildcats,Villanova,Wildcats,VILL,Villanova Wildcats,Villanova,00205b,13b5ea,https://a.espncdn.com/i/teamlogos/ncaa/500/222.png,home,43,false,9,1,21,36.4,16,44,0,17,100.0,9,9,5,3,7,19,0,12.5,2,16,27,0,0,0,87,s:40~l:54~t:87,notre-dame-fighting-irish,Notre Dame,Fighting Irish,ND,Notre Dame Fighting Irish,Notre Dame,0c2340,c99700,https://a.espncdn.com/i/teamlogos/ncaa/500/87.png,58
310290026,2011,2,2011-01-29,2011-01-29T17:00:00.000000-0500,12,s:40~l:54~t:12,arizona-wildcats,Arizona,Wildcats,ARIZ,Arizona Wildcats,Arizona,0c234b,ab0520,https://a.espncdn.com/i/teamlogos/ncaa/500/12.png,away,60,false,13,1,11,43.4,23,53,0,15,61.5,8,13,6,9,9,15,0,37.5,6,16,24,0,0,0,26,s:40~l:54~t:26,ucla-bruins,UCLA,Bruins,UCLA,UCLA Bruins,UCLA,2774ae,f2a900,https://a.espncdn.com/i/teamlogos/ncaa/500/26.png,70
310290026,2011,2,2011-01-29,2011-01-29T17:00:00.000000-0500,26,s:40~l:54~t:26,ucla-bruins,UCLA,Bruins,UCLA,UCLA Bruins,UCLA,2774ae,f2a900,https://a.espncdn.com/i/teamlogos/ncaa/500/26.png,home,70,true,13,4,22,45.2,28,62,0,12,66.7,12,18,23,23,8,17,0,28.6,2,7,48,0,0,0,12,s:40~l:54~t:12,arizona-wildcats,Arizona,Wildcats,ARIZ,Arizona Wildcats,Arizona,0c234b,ab0520,https://a.espncdn.com/i/teamlogos/ncaa/500/12.png,60
310290197,2011,2,2011-01-29,2011-01-29T13:00:00.000000-0500,201,s:40~l:54~t:201,oklahoma-sooners,Oklahoma,Sooners,OU,Oklahoma Sooners,Oklahoma,9d2235,ffffff,https://a.espncdn.com/i/teamlogos/ncaa/500/201.png,away,82,true,16,0,22,44.1,26,59,0,23,69.2,18,26,5,11,3,12,0,50.0,12,24,34,0,0,0,197,s:40~l:54~t:197,oklahoma-state-cowgirls,Oklahoma State,Cowgirls,OKST,Oklahoma State Cowgirls,Oklahoma St,ff6500,000000,https://a.espncdn.com/i/teamlogos/ncaa/500/197.png,77
310290197,2011,2,2011-01-29,2011-01-29T13:00:00.000000-0500,197,s:40~l:54~t:197,oklahoma-state-cowgirls,Oklahoma State,Cowgirls,OKST,Oklahoma State Cowgirls,Oklahoma St,ff6500,000000,https://a.espncdn.com/i/teamlogos/ncaa/500/197.png,home,77,false,20,5,25,45.9,28,61,0,18,63.6,14,22,8,16,7,16,0,41.2,7,17,42,0,0,0,201,s:40~l:54~t:201,oklahoma-sooners,Oklahoma,Sooners,OU,Oklahoma Sooners,Oklahoma,9d2235,ffffff,https://a.espncdn.com/i/teamlogos/ncaa/500/201.png,82
310292550,2011,2,2011-01-29,2011-01-29T14:00:00.000000-0500,46,s:40~l:54~t:46,georgetown-hoyas,Georgetown,Hoyas,GTWN,Georgetown Hoyas,Georgetown,110E42,001c58,https://a.espncdn.com/i/teamlogos/ncaa/500/46.png,away,59,true,16,1,15,39.0,23,59,0,15,75.0,6,8,21,18,4,15,0,23.3,7,30,41,0,0,0,2550,s:40~l:54~t:2550,seton-hall-pirates,Seton Hall,Pirates,HALL,Seton Hall Pirates,Seton Hall,0857B1,8a8d8f,https://a.espncdn.com/i/teamlogos/ncaa/500/2550.png,41
310292550,2011,2,2011-01-29,2011-01-29T14:00:00.000000-0500,2550,s:40~l:54~t:2550,seton-hall-pirates,Seton Hall,Pirates,HALL,Seton Hall Pirates,Seton Hall,0857B1,8a8d8f,https://a.espncdn.com/i/teamlogos/ncaa/500/2550.png,home,41,false,7,1,12,27.7,13,47,0,12,76.9,10,13,0,12,10,17,0,23.8,5,21,27,0,0,0,46,s:40~l:54~t:46,georgetown-hoyas,Georgetown,Hoyas,GTWN,Georgetown Hoyas,Georgetown,110E42,001c58,https://a.espncdn.com/i/teamlogos/ncaa/500/46.png,59
310292674,2011,2,2011-01-29,2011-01-29T20:05:00.000000-0500,2739,s:40~l:54~t:2739,green-bay-phoenix,Green Bay,Phoenix,GB,Green Bay Phoenix,Green Bay,006633,ffffff,https://a.espncdn.com/i/teamlogos/ncaa/500/2739.png,away,69,true,17,1,18,42.9,21,49,0,15,85.7,18,21,24,10,10,12,0,40.9,9,22,32,0,0,0,2674,s:40~l:54~t:2674,valparaiso-beacons,Valparaiso,Beacons,VAL,Valparaiso Beacons,Valparaiso,794500,,https://a.espncdn.com/i/teamlogos/ncaa/500/2674.png,50
310292674,2011,2,2011-01-29,2011-01-29T20:05:00.000000-0500,2674,s:40~l:54~t:2674,valparaiso-beacons,Valparaiso,Beacons,VAL,Valparaiso Beacons,Valparaiso,794500,,https://a.espncdn.com/i/teamlogos/ncaa/500/2674.png,home,50,false,10,1,18,34.0,17,50,0,18,69.2,9,13,0,12,7,17,0,36.8,7,19,31,0,0,0,2739,s:40~l:54~t:2739,green-bay-phoenix,Green Bay,Phoenix,GB,Green Bay Phoenix,Green Bay,006633,ffffff,https://a.espncdn.com/i/teamlogos/ncaa/500/2739.png,69
310290066,2011,2,2011-01-29,2011-01-29T15:00:00.000000-0500,142,s:40~l:54~t:142,missouri-tigers,Missouri,Tigers,MIZ,Missouri Tigers,Missouri,f1b82d,000000,https://a.espncdn.com/i/teamlogos/ncaa/500/142.png,away,56,false,14,3,20,43.8,21,48,0,19,50.0,8,16,0,3,5,14,0,37.5,6,16,25,0,0,0,66,s:40~l:54~t:66,iowa-state-cyclones,Iowa State,Cyclones,ISU,Iowa State Cyclones,Iowa State,822433,fdca2f,https://a.espncdn.com/i/teamlogos/ncaa/500/66.png,71
310290066,2011,2,2011-01-29,2011-01-29T15:00:00.000000-0500,66,s:40~l:54~t:66,iowa-state-cyclones,Iowa State,Cyclones,ISU,Iowa State Cyclones,Iowa State,822433,fdca2f,https://a.espncdn.com/i/teamlogos/ncaa/500/66.png,home,71,true,17,3,25,44.3,27,61,0,15,68.4,13,19,24,18,3,14,0,21.1,4,19,45,0,0,0,142,s:40~l:54~t:142,missouri-tigers,Missouri,Tigers,MIZ,Missouri Tigers,Missouri,f1b82d,000000,https://a.espncdn.com/i/teamlogos/ncaa/500/142.png,56
310290158,2011,2,2011-01-29,2011-01-29T20:00:00.000000-0500,2641,s:40~l:54~t:2641,texas-tech-lady-raiders,Texas Tech,Lady Raiders,TTU,Texas Tech Lady Raiders,Texas Tech,C80025,231f20,https://a.espncdn.com/i/teamlogos/ncaa/500/2641.png,away,53,false,6,6,24,36.7,22,60,0,17,60.0,3,5,7,9,6,9,0,25.0,6,24,39,0,0,0,158,s:40~l:54~t:158,nebraska-cornhuskers,Nebraska,Cornhuskers,NEB,Nebraska Cornhuskers,Nebraska,F20017,f5f1e7,https://a.espncdn.com/i/teamlogos/ncaa/500/158.png,56
310290158,2011,2,2011-01-29,2011-01-29T20:00:00.000000-0500,158,s:40~l:54~t:158,nebraska-cornhuskers,Nebraska,Cornhuskers,NEB,Nebraska Cornhuskers,Nebraska,F20017,f5f1e7,https://a.espncdn.com/i/teamlogos/ncaa/500/158.png,home,56,true,13,4,23,37.0,20,54,0,9,66.7,12,18,13,10,4,7,0,26.7,4,15,36,0,0,0,2641,s:40~l:54~t:2641,texas-tech-lady-raiders,Texas Tech,Lady Raiders,TTU,Texas Tech Lady Raiders,Texas Tech,C80025,231f20,https://a.espncdn.com/i/teamlogos/ncaa/500/2641.png,53
310280120,2011,2,2011-01-28,2011-01-28T20:30:00.000000-0500,154,s:40~l:54~t:154,wake-forest-demon-deacons,Wake Forest,Demon Deacons,WAKE,Wake Forest Demon Deacons,Wake Forest,9E7E38,000000,https://a.espncdn.com/i/teamlogos/ncaa/500/154.png,away,44,false,9,3,22,28.8,17,59,0,21,66.7,6,9,1,10,8,16,0,19.0,4,21,35,0,0,0,120,s:40~l:54~t:120,maryland-terrapins,Maryland,Terrapins,MD,Maryland Terrapins,Maryland,D5002B,ffcd00,https://a.espncdn.com/i/teamlogos/ncaa/500/120.png,75
310280120,2011,2,2011-01-28,2011-01-28T20:30:00.000000-0500,120,s:40~l:54~t:120,maryland-terrapins,Maryland,Terrapins,MD,Maryland Terrapins,Maryland,D5002B,ffcd00,https://a.espncdn.com/i/teamlogos/ncaa/500/120.png,home,75,true,21,8,31,39.4,26,66,0,13,65.2,15,23,38,20,7,13,0,30.8,8,26,54,0,0,0,154,s:40~l:54~t:154,wake-forest-demon-deacons,Wake Forest,Demon Deacons,WAKE,Wake Forest Demon Deacons,Wake Forest,9E7E38,000000,https://a.espncdn.com/i/teamlogos/ncaa/500/154.png,44
310280153,2011,2,2011-01-28,2011-01-28T18:30:00.000000-0500,258,s:40~l:54~t:258,virginia-cavaliers,Virginia,Cavaliers,UVA,Virginia Cavaliers,Virginia,f84c1e,ffffff,https://a.espncdn.com/i/teamlogos/ncaa/500/258.png,away,52,false,13,5,22,31.6,18,57,0,21,68.4,13,19,6,7,9,20,0,17.6,3,17,34,0,0,0,153,s:40~l:54~t:153,north-carolina-tar-heels,North Carolina,Tar Heels,UNC,North Carolina Tar Heels,North Carolina,7bafd4,13294b,https://a.espncdn.com/i/teamlogos/ncaa/500/153.png,64
310280153,2011,2,2011-01-28,2011-01-28T18:30:00.000000-0500,153,s:40~l:54~t:153,north-carolina-tar-heels,North Carolina,Tar Heels,UNC,North Carolina Tar Heels,North Carolina,7bafd4,13294b,https://a.espncdn.com/i/teamlogos/ncaa/500/153.png,home,64,true,13,1,32,38.3,23,60,0,17,46.4,13,28,23,17,10,21,0,33.3,5,15,52,0,0,0,258,s:40~l:54~t:258,virginia-cavaliers,Virginia,Cavaliers,UVA,Virginia Cavaliers,Virginia,f84c1e,ffffff,https://a.espncdn.com/i/teamlogos/ncaa/500/258.png,52
310272483,2011,2,2011-01-27,2011-01-27T21:00:00.000000-0500,24,s:40~l:54~t:24,stanford-cardinal,Stanford,Cardinal,STAN,Stanford Cardinal,Stanford,8c1515,ffffff,https://a.espncdn.com/i/teamlogos/ncaa/500/24.png,away,91,true,24,10,40,43.6,34,78,0,20,65.4,17,26,36,22,4,18,0,26.1,6,23,68,0,0,0,2483,s:40~l:54~t:2483,oregon-ducks,Oregon,Ducks,ORE,Oregon Ducks,Oregon,044520,fee123,https://a.espncdn.com/i/teamlogos/ncaa/500/2483.png,56
310272483,2011,2,2011-01-27,2011-01-27T21:00:00.000000-0500,2483,s:40~l:54~t:2483,oregon-ducks,Oregon,Ducks,ORE,Oregon Ducks,Oregon,044520,fee123,https://a.espncdn.com/i/teamlogos/ncaa/500/2483.png,home,56,false,4,2,19,25.0,19,76,0,19,71.4,15,21,0,11,11,11,0,9.4,3,32,32,0,0,0,24,s:40~l:54~t:24,stanford-cardinal,Stanford,Cardinal,STAN,Stanford Cardinal,Stanford,8c1515,ffffff,https://a.espncdn.com/i/teamlogos/ncaa/500/24.png,91
310272633,2011,2,2011-01-27,2011-01-27T19:00:00.000000-0500,344,s:40~l:54~t:344,mississippi-state-bulldogs,Mississippi State,Bulldogs,MSST,Mississippi State Bulldogs,Mississippi St,762123,c8c8c8,https://a.espncdn.com/i/teamlogos/ncaa/500/344.png,away,55,false,9,5,16,35.5,22,62,0,19,100.0,3,3,8,14,8,15,0,40.0,8,20,34,0,0,0,2633,s:40~l:54~t:2633,tennessee-lady-volunteers,Tennessee,Lady Volunteers,TENN,Tennessee Lady Volunteers,Tennessee,ff8200,ffffff,https://a.espncdn.com/i/teamlogos/ncaa/500/2633_ncw.png,81
310272633,2011,2,2011-01-27,2011-01-27T19:00:00.000000-0500,2633,s:40~l:54~t:2633,tennessee-lady-volunteers,Tennessee,Lady Volunteers,TENN,Tennessee Lady Volunteers,Tennessee,ff8200,ffffff,https://a.espncdn.com/i/teamlogos/ncaa/500/2633_ncw.png,home,81,true,20,8,25,42.5,31,73,0,7,75.0,15,20,28,26,7,11,0,25.0,4,16,51,0,0,0,344,s:40~l:54~t:344,mississippi-state-bulldogs,Mississippi State,Bulldogs,MSST,Mississippi State Bulldogs,Mississippi St,762123,c8c8c8,https://a.espncdn.com/i/teamlogos/ncaa/500/344.png,55
310272294,2011,2,2011-01-27,2011-01-27T20:00:00.000000-0500,127,s:40~l:54~t:127,michigan-state-spartans,Michigan State,Spartans,MSU,Michigan State Spartans,Michigan St,18453B,ffffff,https://a.espncdn.com/i/teamlogos/ncaa/500/127.png,away,64,false,12,2,23,33.8,23,68,0,16,68.8,11,16,6,17,5,10,0,30.4,7,23,44,0,0,0,2294,s:40~l:54~t:2294,iowa-hawkeyes,Iowa,Hawkeyes,IOWA,Iowa Hawkeyes,Iowa,000000,fcd116,https://a.espncdn.com/i/teamlogos/ncaa/500/2294.png,66
310272294,2011,2,2011-01-27,2011-01-27T20:00:00.000000-0500,2294,s:40~l:54~t:2294,iowa-hawkeyes,Iowa,Hawkeyes,IOWA,Iowa Hawkeyes,Iowa,000000,fcd116,https://a.espncdn.com/i/teamlogos/ncaa/500/2294.png,home,66,true,12,5,28,50.0,24,48,0,17,57.1,12,21,5,3,5,11,0,46.2,6,13,34,0,0,0,127,s:40~l:54~t:127,michigan-state-spartans,Michigan State,Spartans,MSU,Michigan State Spartans,Michigan St,18453B,ffffff,https://a.espncdn.com/i/teamlogos/ncaa/500/127.png,64
310270026,2011,2,2011-01-27,2011-01-27T22:00:00.000000-0500,9,s:40~l:54~t:9,arizona-state-sun-devils,Arizona State,Sun Devils,ASU,Arizona State Sun Devils,Arizona State,942139,f1f2f3,https://a.espncdn.com/i/teamlogos/ncaa/500/9.png,away,60,false,6,3,14,34.0,17,50,0,18,76.7,23,30,0,12,6,14,0,27.3,3,11,32,0,0,0,26,s:40~l:54~t:26,ucla-bruins,UCLA,Bruins,UCLA,UCLA Bruins,UCLA,2774ae,f2a900,https://a.espncdn.com/i/teamlogos/ncaa/500/26.png,70
310270026,2011,2,2011-01-27,2011-01-27T22:00:00.000000-0500,26,s:40~l:54~t:26,ucla-bruins,UCLA,Bruins,UCLA,UCLA Bruins,UCLA,2774ae,f2a900,https://a.espncdn.com/i/teamlogos/ncaa/500/26.png,home,70,true,10,3,22,53.3,24,45,0,24,73.1,19,26,21,6,7,14,0,37.5,3,8,31,0,0,0,9,s:40~l:54~t:9,arizona-state-sun-devils,Arizona State,Sun Devils,ASU,Arizona State Sun Devils,Arizona State,942139,f1f2f3,https://a.espncdn.com/i/teamlogos/ncaa/500/9.png,60
310272390,2011,2,2011-01-27,2011-01-27T19:00:00.000000-0500,152,s:40~l:54~t:152,nc-state-wolfpack,NC State,Wolfpack,NCST,NC State Wolfpack,NC State,EF1216,231f20,https://a.espncdn.com/i/teamlogos/ncaa/500/152.png,away,77,false,15,1,24,50.9,29,57,0,25,76.2,16,21,4,9,8,27,0,27.3,3,11,36,0,0,0,2390,s:40~l:54~t:2390,miami-hurricanes,Miami,Hurricanes,MIA,Miami Hurricanes,Miami,004325,f0f0f0,https://a.espncdn.com/i/teamlogos/ncaa/500/2390.png,84
310272390,2011,2,2011-01-27,2011-01-27T19:00:00.000000-0500,2390,s:40~l:54~t:2390,miami-hurricanes,Miami,Hurricanes,MIA,Miami Hurricanes,Miami,004325,f0f0f0,https://a.espncdn.com/i/teamlogos/ncaa/500/2390.png,home,84,true,17,2,17,45.2,33,73,0,19,56.5,13,23,15,17,16,21,0,25.0,5,20,41,0,0,0,152,s:40~l:54~t:152,nc-state-wolfpack,NC State,Wolfpack,NCST,NC State Wolfpack,NC State,EF1216,231f20,https://a.espncdn.com/i/teamlogos/ncaa/500/152.png,77
310270145,2011,2,2011-01-27,2011-01-27T21:00:00.000000-0500,96,s:40~l:54~t:96,kentucky-wildcats,Kentucky,Wildcats,UK,Kentucky Wildcats,Kentucky,005DAA,ffffff,https://a.espncdn.com/i/teamlogos/ncaa/500/96.png,away,74,true,21,0,10,46.2,30,65,0,15,75.0,6,8,7,13,12,15,0,34.8,8,23,29,0,0,0,145,s:40~l:54~t:145,ole-miss-rebels,Ole Miss,Rebels,MISS,Ole Miss Rebels,Ole Miss,001148,00205b,https://a.espncdn.com/i/teamlogos/ncaa/500/145.png,68
310270145,2011,2,2011-01-27,2011-01-27T21:00:00.000000-0500,145,s:40~l:54~t:145,ole-miss-rebels,Ole Miss,Rebels,MISS,Ole Miss Rebels,Ole Miss,001148,00205b,https://a.espncdn.com/i/teamlogos/ncaa/500/145.png,home,68,false,10,3,18,59.5,22,37,0,11,81.0,17,21,11,5,2,23,0,58.3,7,12,24,0,0,0,96,s:40~l:54~t:96,kentucky-wildcats,Kentucky,Wildcats,UK,Kentucky Wildcats,Kentucky,005DAA,ffffff,https://a.espncdn.com/i/teamlogos/ncaa/500/96.png,74
310272579,2011,2,2011-01-27,2011-01-27T19:00:00.000000-0500,61,s:40~l:54~t:61,georgia-lady-bulldogs,Georgia,Lady Bulldogs,UGA,Georgia Lady Bulldogs,Georgia,CC0000,000000,https://a.espncdn.com/i/teamlogos/ncaa/500/61.png,away,48,false,9,5,21,34.5,20,58,0,13,72.7,8,11,5,11,4,16,0,0.0,0,7,35,0,0,0,2579,s:40~l:54~t:2579,south-carolina-gamecocks,South Carolina,Gamecocks,SC,South Carolina Gamecocks,South Carolina,73000a,ffffff,https://a.espncdn.com/i/teamlogos/ncaa/500/2579.png,57
310272579,2011,2,2011-01-27,2011-01-27T19:00:00.000000-0500,2579,s:40~l:54~t:2579,south-carolina-gamecocks,South Carolina,Gamecocks,SC,South Carolina Gamecocks,South Carolina,73000a,ffffff,https://a.espncdn.com/i/teamlogos/ncaa/500/2579.png,home,57,true,13,3,21,34.6,18,52,0,14,72.2,13,18,9,9,10,15,0,38.1,8,21,36,0,0,0,61,s:40~l:54~t:61,georgia-lady-bulldogs,Georgia,Lady Bulldogs,UGA,Georgia Lady Bulldogs,Georgia,CC0000,000000,https://a.espncdn.com/i/teamlogos/ncaa/500/61.png,48
310272086,2011,2,2011-01-27,2011-01-27T19:00:00.000000-0500,2739,s:40~l:54~t:2739,green-bay-phoenix,Green Bay,Phoenix,GB,Green Bay Phoenix,Green Bay,006633,ffffff,https://a.espncdn.com/i/teamlogos/ncaa/500/2739.png,away,66,true,18,3,21,51.1,24,47,0,21,100.0,12,12,17,5,8,25,0,33.3,6,18,28,0,0,0,2086,s:40~l:54~t:2086,butler-bulldogs,Butler,Bulldogs,BUT,Butler Bulldogs,Butler,0d1361,00a3e0,https://a.espncdn.com/i/teamlogos/ncaa/500/2086.png,62
310272086,2011,2,2011-01-27,2011-01-27T19:00:00.000000-0500,2086,s:40~l:54~t:2086,butler-bulldogs,Butler,Bulldogs,BUT,Butler Bulldogs,Butler,0d1361,00a3e0,https://a.espncdn.com/i/teamlogos/ncaa/500/2086.png,home,62,false,14,0,18,41.5,22,53,0,13,80.0,16,20,0,11,15,21,0,13.3,2,15,30,0,0,0,2739,s:40~l:54~t:2739,green-bay-phoenix,Green Bay,Phoenix,GB,Green Bay Phoenix,Green Bay,006633,ffffff,https://a.espncdn.com/i/teamlogos/ncaa/500/2739.png,66
310270194,2011,2,2011-01-27,2011-01-27T19:00:00.000000-0500,130,s:40~l:54~t:130,michigan-wolverines,Michigan,Wolverines,MICH,Michigan Wolverines,Michigan,00274c,ffcb05,https://a.espncdn.com/i/teamlogos/ncaa/500/130.png,away,69,true,16,0,18,41.8,23,55,0,14,92.9,13,14,3,8,9,12,0,45.5,10,22,29,0,0,0,194,s:40~l:54~t:194,ohio-state-buckeyes,Ohio State,Buckeyes,OSU,Ohio State Buckeyes,Ohio State,ce1141,505056,https://a.espncdn.com/i/teamlogos/ncaa/500/194.png,66
310270194,2011,2,2011-01-27,2011-01-27T19:00:00.000000-0500,194,s:40~l:54~t:194,ohio-state-buckeyes,Ohio State,Buckeyes,OSU,Ohio State Buckeyes,Ohio State,ce1141,505056,https://a.espncdn.com/i/teamlogos/ncaa/500/194.png,home,66,false,11,5,21,42.3,22,52,0,12,57.9,11,19,14,13,6,18,0,52.4,11,21,37,0,0,0,130,s:40~l:54~t:130,michigan-wolverines,Michigan,Wolverines,MICH,Michigan Wolverines,Michigan,00274c,ffcb05,https://a.espncdn.com/i/teamlogos/ncaa/500/130.png,69
310260164,2011,2,2011-01-26,2011-01-26T19:30:00.000000-0500,41,s:40~l:54~t:41,uconn-huskies,UConn,Huskies,CONN,UConn Huskies,UConn,0c2340,f1f2f3,https://a.espncdn.com/i/teamlogos/ncaa/500/41.png,away,63,true,8,4,24,36.1,22,61,0,11,68.8,11,16,26,17,6,14,0,42.1,8,19,47,0,0,0,164,s:40~l:54~t:164,rutgers-scarlet-knights,Rutgers,Scarlet Knights,RUTG,Rutgers Scarlet Knights,Rutgers,d21034,ffffff,https://a.espncdn.com/i/teamlogos/ncaa/500/164.png,44
310260164,2011,2,2011-01-26,2011-01-26T19:30:00.000000-0500,164,s:40~l:54~t:164,rutgers-scarlet-knights,Rutgers,Scarlet Knights,RUTG,Rutgers Scarlet Knights,Rutgers,d21034,ffffff,https://a.espncdn.com/i/teamlogos/ncaa/500/164.png,home,44,false,12,7,18,36.7,18,49,0,14,33.3,4,12,2,7,5,15,0,28.6,4,14,30,0,0,0,41,s:40~l:54~t:41,uconn-huskies,UConn,Huskies,CONN,UConn Huskies,UConn,0c2340,f1f2f3,https://a.espncdn.com/i/teamlogos/ncaa/500/41.png,63
310260150,2011,2,2011-01-26,2011-01-26T19:00:00.000000-0500,228,s:40~l:54~t:228,clemson-tigers,Clemson,Tigers,CLEM,Clemson Tigers,Clemson,F66733,522d80,https://a.espncdn.com/i/teamlogos/ncaa/500/228.png,away,37,false,7,3,20,26.4,14,53,0,14,71.4,5,7,2,10,7,36,0,19.0,4,21,35,0,0,0,150,s:40~l:54~t:150,duke-blue-devils,Duke,Blue Devils,DUKE,Duke Blue Devils,Duke,013088,ffffff,https://a.espncdn.com/i/teamlogos/ncaa/500/150.png,92
310260150,2011,2,2011-01-26,2011-01-26T19:00:00.000000-0500,150,s:40~l:54~t:150,duke-blue-devils,Duke,Blue Devils,DUKE,Duke Blue Devils,Duke,013088,ffffff,https://a.espncdn.com/i/teamlogos/ncaa/500/150.png,home,92,true,22,6,26,50.0,33,66,0,11,73.7,14,19,58,12,23,18,0,41.4,12,29,40,0,0,0,228,s:40~l:54~t:228,clemson-tigers,Clemson,Tigers,CLEM,Clemson Tigers,Clemson,F66733,522d80,https://a.espncdn.com/i/teamlogos/ncaa/500/228.png,37
310260201,2011,2,2011-01-26,2011-01-26T20:00:00.000000-0500,245,s:40~l:54~t:245,texas-am-aggies,Texas A&M,Aggies,TA&M,Texas A&M Aggies,Texas A&M,5C0025,ffffff,https://a.espncdn.com/i/teamlogos/ncaa/500/245.png,away,80,true,10,3,18,45.9,28,61,0,19,86.4,19,22,17,9,9,17,0,41.7,5,12,34,0,0,0,201,s:40~l:54~t:201,oklahoma-sooners,Oklahoma,Sooners,OU,Oklahoma Sooners,Oklahoma,9d2235,ffffff,https://a.espncdn.com/i/teamlogos/ncaa/500/201.png,78
310260201,2011,2,2011-01-26,2011-01-26T20:00:00.000000-0500,201,s:40~l:54~t:201,oklahoma-sooners,Oklahoma,Sooners,OU,Oklahoma Sooners,Oklahoma,9d2235,ffffff,https://a.espncdn.com/i/teamlogos/ncaa/500/201.png,home,78,false,10,1,14,49.1,28,57,0,19,70.0,14,20,4,8,10,18,0,44.4,8,18,29,0,0,0,245,s:40~l:54~t:245,texas-am-aggies,Texas A&M,Aggies,TA&M,Texas A&M Aggies,Texas A&M,5C0025,ffffff,https://a.espncdn.com/i/teamlogos/ncaa/500/245.png,80
310260158,2011,2,2011-01-26,2011-01-26T20:05:00.000000-0500,66,s:40~l:54~t:66,iowa-state-cyclones,Iowa State,Cyclones,ISU,Iowa State Cyclones,Iowa State,822433,fdca2f,https://a.espncdn.com/i/teamlogos/ncaa/500/66.png,away,85,true,16,5,26,57.6,34,59,0,22,53.8,7,13,19,6,2,12,0,58.8,10,17,40,0,0,0,158,s:40~l:54~t:158,nebraska-cornhuskers,Nebraska,Cornhuskers,NEB,Nebraska Cornhuskers,Nebraska,F20017,f5f1e7,https://a.espncdn.com/i/teamlogos/ncaa/500/158.png,66
310260158,2011,2,2011-01-26,2011-01-26T20:05:00.000000-0500,158,s:40~l:54~t:158,nebraska-cornhuskers,Nebraska,Cornhuskers,NEB,Nebraska Cornhuskers,Nebraska,F20017,f5f1e7,https://a.espncdn.com/i/teamlogos/ncaa/500/158.png,home,66,false,10,4,16,32.3,20,62,0,18,76.0,19,25,0,11,3,9,1,31.8,7,22,35,1,0,0,66,s:40~l:54~t:66,iowa-state-cyclones,Iowa State,Cyclones,ISU,Iowa State Cyclones,Iowa State,822433,fdca2f,https://a.espncdn.com/i/teamlogos/ncaa/500/66.png,85
310250046,2011,2,2011-01-25,2011-01-25T19:00:00.000000-0500,277,s:40~l:54~t:277,west-virginia-mountaineers,West Virginia,Mountaineers,WVU,West Virginia Mountaineers,West Virginia,FFC600,eaaa00,https://a.espncdn.com/i/teamlogos/ncaa/500/277.png,away,60,false,14,2,11,46.5,20,43,0,23,60.9,14,23,8,4,12,23,0,31.6,6,19,17,0,0,0,46,s:40~l:54~t:46,georgetown-hoyas,Georgetown,Hoyas,GTWN,Georgetown Hoyas,Georgetown,110E42,001c58,https://a.espncdn.com/i/teamlogos/ncaa/500/46.png,65
310250046,2011,2,2011-01-25,2011-01-25T19:00:00.000000-0500,46,s:40~l:54~t:46,georgetown-hoyas,Georgetown,Hoyas,GTWN,Georgetown Hoyas,Georgetown,110E42,001c58,https://a.espncdn.com/i/teamlogos/ncaa/500/46.png,home,65,true,11,3,20,51.3,20,39,0,21,87.5,21,24,10,4,9,28,0,33.3,4,12,32,0,0,0,277,s:40~l:54~t:277,west-virginia-mountaineers,West Virginia,Mountaineers,WVU,West Virginia Mountaineers,West Virginia,FFC600,eaaa00,https://a.espncdn.com/i/teamlogos/ncaa/500/277.png,60
310252132,2011,2,2011-01-25,2011-01-25T19:00:00.000000-0500,305,s:40~l:54~t:305,depaul-blue-demons,DePaul,Blue Demons,DEP,DePaul Blue Demons,DePaul,2d649c,ce1125,https://a.espncdn.com/i/teamlogos/ncaa/500/305.png,away,67,true,16,3,23,37.5,27,72,0,10,75.0,3,4,29,15,14,6,0,32.3,10,31,39,0,0,0,2132,s:40~l:54~t:2132,cincinnati-bearcats,Cincinnati,Bearcats,CIN,Cincinnati Bearcats,Cincinnati,000000,717073,https://a.espncdn.com/i/teamlogos/ncaa/500/2132.png,48
310252132,2011,2,2011-01-25,2011-01-25T19:00:00.000000-0500,2132,s:40~l:54~t:2132,cincinnati-bearcats,Cincinnati,Bearcats,CIN,Cincinnati Bearcats,Cincinnati,000000,717073,https://a.espncdn.com/i/teamlogos/ncaa/500/2132.png,home,48,false,12,1,28,37.7,20,53,0,6,57.1,4,7,0,9,3,19,0,26.7,4,15,40,0,0,0,305,s:40~l:54~t:305,depaul-blue-demons,DePaul,Blue Demons,DEP,DePaul Blue Demons,DePaul,2d649c,ce1125,https://a.espncdn.com/i/teamlogos/ncaa/500/305.png,67
310240052,2011,2,2011-01-24,2011-01-24T19:00:00.000000-0500,2390,s:40~l:54~t:2390,miami-hurricanes,Miami,Hurricanes,MIA,Miami Hurricanes,Miami,004325,f0f0f0,https://a.espncdn.com/i/teamlogos/ncaa/500/2390.png,away,59,false,4,1,15,30.2,19,63,0,21,77.3,17,22,5,7,13,19,0,21.1,4,19,28,0,0,0,52,s:40~l:54~t:52,florida-state-seminoles,Florida State,Seminoles,FSU,Florida State Seminoles,Florida St,782F40,ceb888,https://a.espncdn.com/i/teamlogos/ncaa/500/52.png,66
310240052,2011,2,2011-01-24,2011-01-24T19:00:00.000000-0500,52,s:40~l:54~t:52,florida-state-seminoles,Florida State,Seminoles,FSU,Florida State Seminoles,Florida St,782F40,ceb888,https://a.espncdn.com/i/teamlogos/ncaa/500/52.png,home,66,true,10,2,32,48.9,22,45,0,20,70.0,21,30,12,9,9,29,0,12.5,1,8,47,0,0,0,2390,s:40~l:54~t:2390,miami-hurricanes,Miami,Hurricanes,MIA,Miami Hurricanes,Miami,004325,f0f0f0,https://a.espncdn.com/i/teamlogos/ncaa/500/2390.png,59
310240194,2011,2,2011-01-24,2011-01-24T19:00:00.000000-0500,2294,s:40~l:54~t:2294,iowa-hawkeyes,Iowa,Hawkeyes,IOWA,Iowa Hawkeyes,Iowa,000000,fcd116,https://a.espncdn.com/i/teamlogos/ncaa/500/2294.png,away,67,false,13,1,13,38.1,24,63,0,12,76.5,13,17,3,15,7,10,0,24.0,6,25,31,0,0,0,194,s:40~l:54~t:194,ohio-state-buckeyes,Ohio State,Buckeyes,OSU,Ohio State Buckeyes,Ohio State,ce1141,505056,https://a.espncdn.com/i/teamlogos/ncaa/500/194.png,81
310240194,2011,2,2011-01-24,2011-01-24T19:00:00.000000-0500,194,s:40~l:54~t:194,ohio-state-buckeyes,Ohio State,Buckeyes,OSU,Ohio State Buckeyes,Ohio State,ce1141,505056,https://a.espncdn.com/i/teamlogos/ncaa/500/194.png,home,81,true,24,2,24,55.6,30,54,0,13,92.3,12,13,15,8,7,13,0,42.9,9,21,36,0,0,0,2294,s:40~l:54~t:2294,iowa-hawkeyes,Iowa,Hawkeyes,IOWA,Iowa Hawkeyes,Iowa,000000,fcd116,https://a.espncdn.com/i/teamlogos/ncaa/500/2294.png,67
310230152,2011,2,2011-01-23,2011-01-23T17:00:00.000000-0500,150,s:40~l:54~t:150,duke-blue-devils,Duke,Blue Devils,DUKE,Duke Blue Devils,Duke,013088,ffffff,https://a.espncdn.com/i/teamlogos/ncaa/500/150.png,away,65,true,7,4,18,39.1,25,64,0,18,52.2,12,23,2,15,13,15,0,21.4,3,14,39,0,0,0,152,s:40~l:54~t:152,nc-state-wolfpack,NC State,Wolfpack,NCST,NC State Wolfpack,NC State,EF1216,231f20,https://a.espncdn.com/i/teamlogos/ncaa/500/152.png,64
310230152,2011,2,2011-01-23,2011-01-23T17:00:00.000000-0500,152,s:40~l:54~t:152,nc-state-wolfpack,NC State,Wolfpack,NCST,NC State Wolfpack,NC State,EF1216,231f20,https://a.espncdn.com/i/teamlogos/ncaa/500/152.png,home,64,false,10,4,28,42.3,22,52,0,19,70.0,14,20,19,10,8,21,0,31.6,6,19,39,0,0,0,150,s:40~l:54~t:150,duke-blue-devils,Duke,Blue Devils,DUKE,Duke Blue Devils,Duke,013088,ffffff,https://a.espncdn.com/i/teamlogos/ncaa/500/150.png,65
310230120,2011,2,2011-01-23,2011-01-23T17:00:00.000000-0500,153,s:40~l:54~t:153,north-carolina-tar-heels,North Carolina,Tar Heels,UNC,North Carolina Tar Heels,North Carolina,7bafd4,13294b,https://a.espncdn.com/i/teamlogos/ncaa/500/153.png,away,65,false,12,4,14,33.8,25,74,0,22,63.2,12,19,2,12,17,18,0,21.4,3,14,32,0,0,0,120,s:40~l:54~t:120,maryland-terrapins,Maryland,Terrapins,MD,Maryland Terrapins,Maryland,D5002B,ffcd00,https://a.espncdn.com/i/teamlogos/ncaa/500/120.png,88
310230120,2011,2,2011-01-23,2011-01-23T17:00:00.000000-0500,120,s:40~l:54~t:120,maryland-terrapins,Maryland,Terrapins,MD,Maryland Terrapins,Maryland,D5002B,ffcd00,https://a.espncdn.com/i/teamlogos/ncaa/500/120.png,home,88,true,21,5,32,47.6,30,63,0,18,92.0,23,25,23,17,8,27,0,45.5,5,11,55,0,0,0,153,s:40~l:54~t:153,north-carolina-tar-heels,North Carolina,Tar Heels,UNC,North Carolina Tar Heels,North Carolina,7bafd4,13294b,https://a.espncdn.com/i/teamlogos/ncaa/500/153.png,65
310230087,2011,2,2011-01-23,2011-01-23T14:00:00.000000-0500,2599,s:40~l:54~t:2599,st-johns-red-storm,St. John's,Red Storm,SJU,St. John's Red Storm,St John's,d10000,101010,https://a.espncdn.com/i/teamlogos/ncaa/500/2599.png,away,36,false,8,6,17,32.0,16,50,0,13,27.3,3,11,0,10,10,24,0,16.7,1,6,31,0,0,0,87,s:40~l:54~t:87,notre-dame-fighting-irish,Notre Dame,Fighting Irish,ND,Notre Dame Fighting Irish,Notre Dame,0c2340,c99700,https://a.espncdn.com/i/teamlogos/ncaa/500/87.png,69
310230087,2011,2,2011-01-23,2011-01-23T14:00:00.000000-0500,87,s:40~l:54~t:87,notre-dame-fighting-irish,Notre Dame,Fighting Irish,ND,Notre Dame Fighting Irish,Notre Dame,0c2340,c99700,https://a.espncdn.com/i/teamlogos/ncaa/500/87.png,home,69,true,21,8,25,45.9,28,61,0,14,71.4,10,14,33,15,17,18,0,30.0,3,10,42,0,0,0,2599,s:40~l:54~t:2599,st-johns-red-storm,St. John's,Red Storm,SJU,St. John's Red Storm,St John's,d10000,101010,https://a.espncdn.com/i/teamlogos/ncaa/500/2599.png,36
310230127,2011,2,2011-01-23,2011-01-23T14:00:00.000000-0500,135,s:40~l:54~t:135,minnesota-golden-gophers,Minnesota,Golden Gophers,MINN,Minnesota Golden Gophers,Minnesota,981a31,981a31,https://a.espncdn.com/i/teamlogos/ncaa/500/135.png,away,54,false,8,2,16,39.7,23,58,0,13,85.7,6,7,2,10,9,17,0,15.4,2,13,31,0,0,0,127,s:40~l:54~t:127,michigan-state-spartans,Michigan State,Spartans,MSU,Michigan State Spartans,Michigan St,18453B,ffffff,https://a.espncdn.com/i/teamlogos/ncaa/500/127.png,66
310230127,2011,2,2011-01-23,2011-01-23T14:00:00.000000-0500,127,s:40~l:54~t:127,michigan-state-spartans,Michigan State,Spartans,MSU,Michigan State Spartans,Michigan St,18453B,ffffff,https://a.espncdn.com/i/teamlogos/ncaa/500/127.png,home,66,true,13,7,21,41.9,26,62,0,9,50.0,7,14,17,20,11,17,0,28.0,7,25,45,0,0,0,135,s:40~l:54~t:135,minnesota-golden-gophers,Minnesota,Golden Gophers,MINN,Minnesota Golden Gophers,Minnesota,981a31,981a31,https://a.espncdn.com/i/teamlogos/ncaa/500/135.png,54
310232305,2011,2,2011-01-23,2011-01-23T13:00:00.000000-0500,201,s:40~l:54~t:201,oklahoma-sooners,Oklahoma,Sooners,OU,Oklahoma Sooners,Oklahoma,9d2235,ffffff,https://a.espncdn.com/i/teamlogos/ncaa/500/201.png,away,75,true,19,2,27,50.8,32,63,0,20,33.3,1,3,20,9,8,15,0,50.0,10,20,40,0,0,0,2305,s:40~l:54~t:2305,kansas-jayhawks,Kansas,Jayhawks,KU,Kansas Jayhawks,Kansas,0051ba,e8000d,https://a.espncdn.com/i/teamlogos/ncaa/500/2305.png,57
310232305,2011,2,2011-01-23,2011-01-23T13:00:00.000000-0500,2305,s:40~l:54~t:2305,kansas-jayhawks,Kansas,Jayhawks,KU,Kansas Jayhawks,Kansas,0051ba,e8000d,https://a.espncdn.com/i/teamlogos/ncaa/500/2305.png,home,57,false,9,2,20,36.7,18,49,0,10,59.4,19,32,2,9,8,15,0,28.6,2,7,32,0,0,0,201,s:40~l:54~t:201,oklahoma-sooners,Oklahoma,Sooners,OU,Oklahoma Sooners,Oklahoma,9d2235,ffffff,https://a.espncdn.com/i/teamlogos/ncaa/500/201.png,75
310230096,2011,2,2011-01-23,2011-01-23T16:00:00.000000-0500,238,s:40~l:54~t:238,vanderbilt-commodores,Vanderbilt,Commodores,VAN,Vanderbilt Commodores,Vanderbilt,000000,231f20,https://a.espncdn.com/i/teamlogos/ncaa/500/238.png,away,68,false,8,2,13,40.0,20,50,0,31,72.4,21,29,10,11,5,20,1,41.2,7,17,31,1,0,0,96,s:40~l:54~t:96,kentucky-wildcats,Kentucky,Wildcats,UK,Kentucky Wildcats,Kentucky,005DAA,ffffff,https://a.espncdn.com/i/teamlogos/ncaa/500/96.png,78
310230096,2011,2,2011-01-23,2011-01-23T16:00:00.000000-0500,96,s:40~l:54~t:96,kentucky-wildcats,Kentucky,Wildcats,UK,Kentucky Wildcats,Kentucky,005DAA,ffffff,https://a.espncdn.com/i/teamlogos/ncaa/500/96.png,home,78,true,12,2,17,37.5,21,56,0,23,68.8,33,48,23,23,8,15,0,21.4,3,14,41,0,0,0,238,s:40~l:54~t:238,vanderbilt-commodores,Vanderbilt,Commodores,VAN,Vanderbilt Commodores,Vanderbilt,000000,231f20,https://a.espncdn.com/i/teamlogos/ncaa/500/238.png,68
310230008,2011,2,2011-01-23,2011-01-23T15:00:00.000000-0500,145,s:40~l:54~t:145,ole-miss-rebels,Ole Miss,Rebels,MISS,Ole Miss Rebels,Ole Miss,001148,00205b,https://a.espncdn.com/i/teamlogos/ncaa/500/145.png,away,69,true,15,1,19,42.6,26,61,0,14,81.3,13,16,7,12,6,10,0,30.8,4,13,40,0,0,0,8,s:40~l:54~t:8,arkansas-razorbacks,Arkansas,Razorbacks,ARK,Arkansas Razorbacks,Arkansas,a41f35,222222,https://a.espncdn.com/i/teamlogos/ncaa/500/8.png,65
310230008,2011,2,2011-01-23,2011-01-23T15:00:00.000000-0500,8,s:40~l:54~t:8,arkansas-razorbacks,Arkansas,Razorbacks,ARK,Arkansas Razorbacks,Arkansas,a41f35,222222,https://a.espncdn.com/i/teamlogos/ncaa/500/8.png,home,65,false,18,3,18,46.6,27,58,0,13,41.2,7,17,12,10,9,10,0,22.2,4,18,31,0,0,0,145,s:40~l:54~t:145,ole-miss-rebels,Ole Miss,Rebels,MISS,Ole Miss Rebels,Ole Miss,001148,00205b,https://a.espncdn.com/i/teamlogos/ncaa/500/145.png,69
310230275,2011,2,2011-01-23,2011-01-23T18:00:00.000000-0500,356,s:40~l:54~t:356,illinois-fighting-illini,Illinois,Fighting Illini,ILL,Illinois Fighting Illini,Illinois,ff5f05,13294b,https://a.espncdn.com/i/teamlogos/ncaa/500/356.png,away,47,false,8,7,26,41.3,19,46,0,15,50.0,5,10,3,1,1,11,0,30.8,4,13,29,0,0,0,275,s:40~l:54~t:275,wisconsin-badgers,Wisconsin,Badgers,WISC,Wisconsin Badgers,Wisconsin,A00000,f7f7f7,https://a.espncdn.com/i/teamlogos/ncaa/500/275.png,60
310230275,2011,2,2011-01-23,2011-01-23T18:00:00.000000-0500,275,s:40~l:54~t:275,wisconsin-badgers,Wisconsin,Badgers,WISC,Wisconsin Badgers,Wisconsin,A00000,f7f7f7,https://a.espncdn.com/i/teamlogos/ncaa/500/275.png,home,60,true,14,3,25,37.7,20,53,0,12,94.1,16,17,15,5,2,6,0,26.7,4,15,33,0,0,0,356,s:40~l:54~t:356,illinois-fighting-illini,Illinois,Fighting Illini,ILL,Illinois Fighting Illini,Illinois,ff5f05,13294b,https://a.espncdn.com/i/teamlogos/ncaa/500/356.png,47
310220239,2011,2,2011-01-22,2011-01-22T20:30:00.000000-0500,2641,s:40~l:54~t:2641,texas-tech-lady-raiders,Texas Tech,Lady Raiders,TTU,Texas Tech Lady Raiders,Texas Tech,C80025,231f20,https://a.espncdn.com/i/teamlogos/ncaa/500/2641.png,away,51,false,9,2,17,33.3,19,57,0,19,47.4,9,19,3,13,6,15,0,33.3,4,12,36,0,0,0,239,s:40~l:54~t:239,baylor-bears,Baylor,Bears,BAY,Baylor Bears,Baylor,154734,ffb81c,https://a.espncdn.com/i/teamlogos/ncaa/500/239.png,64
310220239,2011,2,2011-01-22,2011-01-22T20:30:00.000000-0500,239,s:40~l:54~t:239,baylor-bears,Baylor,Bears,BAY,Baylor Bears,Baylor,154734,ffb81c,https://a.espncdn.com/i/teamlogos/ncaa/500/239.png,home,64,true,14,8,22,47.9,23,48,0,13,80.0,16,20,15,8,10,16,0,28.6,2,7,32,0,0,0,2641,s:40~l:54~t:2641,texas-tech-lady-raiders,Texas Tech,Lady Raiders,TTU,Texas Tech Lady Raiders,Texas Tech,C80025,231f20,https://a.espncdn.com/i/teamlogos/ncaa/500/2641.png,51
310220041,2011,2,2011-01-22,2011-01-22T19:30:00.000000-0500,221,s:40~l:54~t:221,pittsburgh-panthers,Pittsburgh,Panthers,PITT,Pittsburgh Panthers,Pitt,003263,231f20,https://a.espncdn.com/i/teamlogos/ncaa/500/221.png,away,46,false,15,5,18,34.5,19,55,0,18,75.0,3,4,4,6,8,18,0,33.3,5,15,29,0,0,0,41,s:40~l:54~t:41,uconn-huskies,UConn,Huskies,CONN,UConn Huskies,UConn,0c2340,f1f2f3,https://a.espncdn.com/i/teamlogos/ncaa/500/41.png,66
310220041,2011,2,2011-01-22,2011-01-22T19:30:00.000000-0500,41,s:40~l:54~t:41,uconn-huskies,UConn,Huskies,CONN,UConn Huskies,UConn,0c2340,f1f2f3,https://a.espncdn.com/i/teamlogos/ncaa/500/41.png,home,66,true,18,7,26,43.1,25,58,0,11,70.0,14,20,21,11,7,13,0,15.4,2,13,43,0,0,0,221,s:40~l:54~t:221,pittsburgh-panthers,Pittsburgh,Panthers,PITT,Pittsburgh Panthers,Pitt,003263,231f20,https://a.espncdn.com/i/teamlogos/ncaa/500/221.png,46
310220024,2011,2,2011-01-22,2011-01-22T17:00:00.000000-0500,30,s:40~l:54~t:30,usc-trojans,USC,Trojans,USC,USC Trojans,USC,9e2237,ffcc00,https://a.espncdn.com/i/teamlogos/ncaa/500/30.png,away,51,false,8,0,23,28.1,18,64,0,16,59.1,13,22,2,12,5,10,0,12.5,2,16,36,0,0,0,24,s:40~l:54~t:24,stanford-cardinal,Stanford,Cardinal,STAN,Stanford Cardinal,Stanford,8c1515,ffffff,https://a.espncdn.com/i/teamlogos/ncaa/500/24.png,95
310220024,2011,2,2011-01-22,2011-01-22T17:00:00.000000-0500,24,s:40~l:54~t:24,stanford-cardinal,Stanford,Cardinal,STAN,Stanford Cardinal,Stanford,8c1515,ffffff,https://a.espncdn.com/i/teamlogos/ncaa/500/24.png,home,95,true,27,2,35,52.1,38,73,0,16,64.3,9,14,44,14,6,10,0,45.5,10,22,54,0,0,0,30,s:40~l:54~t:30,usc-trojans,USC,Trojans,USC,USC Trojans,USC,9e2237,ffcc00,https://a.espncdn.com/i/teamlogos/ncaa/500/30.png,51
310220066,2011,2,2011-01-22,2011-01-22T12:00:00.000000-0500,245,s:40~l:54~t:245,texas-am-aggies,Texas A&M,Aggies,TA&M,Texas A&M Aggies,Texas A&M,5C0025,ffffff,https://a.espncdn.com/i/teamlogos/ncaa/500/245.png,away,60,true,17,12,19,37.9,22,58,0,17,66.7,8,12,12,12,9,12,0,36.4,8,22,31,0,0,0,66,s:40~l:54~t:66,iowa-state-cyclones,Iowa State,Cyclones,ISU,Iowa State Cyclones,Iowa State,822433,fdca2f,https://a.espncdn.com/i/teamlogos/ncaa/500/66.png,51
310220066,2011,2,2011-01-22,2011-01-22T12:00:00.000000-0500,66,s:40~l:54~t:66,iowa-state-cyclones,Iowa State,Cyclones,ISU,Iowa State Cyclones,Iowa State,822433,fdca2f,https://a.espncdn.com/i/teamlogos/ncaa/500/66.png,home,51,false,10,6,24,40.4,19,47,0,14,90.0,9,10,5,7,5,18,1,36.4,4,11,35,1,0,0,245,s:40~l:54~t:245,texas-am-aggies,Texas A&M,Aggies,TA&M,Texas A&M Aggies,Texas A&M,5C0025,ffffff,https://a.espncdn.com/i/teamlogos/ncaa/500/245.png,60
310222429,2011,2,2011-01-22,2011-01-22T19:00:00.000000-0500,2752,s:40~l:54~t:2752,xavier-musketeers,Xavier,Musketeers,XAV,Xavier Musketeers,Xavier,002144,9ea2a2,https://a.espncdn.com/i/teamlogos/ncaa/500/2752.png,away,82,true,13,2,30,50.0,31,62,0,13,66.7,16,24,21,12,8,15,0,30.8,4,13,45,0,0,0,2429,s:40~l:54~t:2429,charlotte-49ers,Charlotte,49ers,CHAR,Charlotte 49ers,Charlotte,ffffff,cfab7a,https://a.espncdn.com/i/teamlogos/ncaa/500/2429.png,61
310222429,2011,2,2011-01-22,2011-01-22T19:00:00.000000-0500,2429,s:40~l:54~t:2429,charlotte-49ers,Charlotte,49ers,CHAR,Charlotte 49ers,Charlotte,ffffff,cfab7a,https://a.espncdn.com/i/teamlogos/ncaa/500/2429.png,home,61,false,10,3,20,38.7,24,62,0,21,57.1,8,14,5,8,10,17,0,31.3,5,16,30,0,0,0,2752,s:40~l:54~t:2752,xavier-musketeers,Xavier,Musketeers,XAV,Xavier Musketeers,Xavier,002144,9ea2a2,https://a.espncdn.com/i/teamlogos/ncaa/500/2752.png,82
310220025,2011,2,2011-01-22,2011-01-22T17:00:00.000000-0500,26,s:40~l:54~t:26,ucla-bruins,UCLA,Bruins,UCLA,UCLA Bruins,UCLA,2774ae,f2a900,https://a.espncdn.com/i/teamlogos/ncaa/500/26.png,away,65,true,19,0,24,48.1,26,54,0,15,64.3,9,14,14,9,6,16,0,40.0,4,10,36,0,0,0,25,s:40~l:54~t:25,california-golden-bears,California,Golden Bears,CAL,California Golden Bears,California,031522,ffc423,https://a.espncdn.com/i/teamlogos/ncaa/500/25.png,56
310220025,2011,2,2011-01-22,2011-01-22T17:00:00.000000-0500,25,s:40~l:54~t:25,california-golden-bears,California,Golden Bears,CAL,California Golden Bears,California,031522,ffc423,https://a.espncdn.com/i/teamlogos/ncaa/500/25.png,home,56,false,15,1,18,44.2,23,52,0,16,60.0,9,15,0,8,7,16,0,11.1,1,9,29,0,0,0,26,s:40~l:54~t:26,ucla-bruins,UCLA,Bruins,UCLA,UCLA Bruins,UCLA,2774ae,f2a900,https://a.espncdn.com/i/teamlogos/ncaa/500/26.png,65
310220277,2011,2,2011-01-22,2011-01-22T16:00:00.000000-0500,58,s:40~l:54~t:58,south-florida-bulls,South Florida,Bulls,USF,South Florida Bulls,South Florida,004A36,231f20,https://a.espncdn.com/i/teamlogos/ncaa/500/58.png,away,52,false,5,2,14,28.1,16,57,0,23,61.5,16,26,0,13,13,20,0,36.4,4,11,30,0,0,0,277,s:40~l:54~t:277,west-virginia-mountaineers,West Virginia,Mountaineers,WVU,West Virginia Mountaineers,West Virginia,FFC600,eaaa00,https://a.espncdn.com/i/teamlogos/ncaa/500/277.png,78
310220277,2011,2,2011-01-22,2011-01-22T16:00:00.000000-0500,277,s:40~l:54~t:277,west-virginia-mountaineers,West Virginia,Mountaineers,WVU,West Virginia Mountaineers,West Virginia,FFC600,eaaa00,https://a.espncdn.com/i/teamlogos/ncaa/500/277.png,home,78,true,9,7,30,50.9,27,53,0,21,73.1,19,26,26,11,13,24,0,38.5,5,13,45,0,0,0,58,s:40~l:54~t:58,south-florida-bulls,South Florida,Bulls,USF,South Florida Bulls,South Florida,004A36,231f20,https://a.espncdn.com/i/teamlogos/ncaa/500/58.png,52
310220305,2011,2,2011-01-22,2011-01-22T20:00:00.000000-0500,2550,s:40~l:54~t:2550,seton-hall-pirates,Seton Hall,Pirates,HALL,Seton Hall Pirates,Seton Hall,0857B1,8a8d8f,https://a.espncdn.com/i/teamlogos/ncaa/500/2550.png,away,59,false,8,2,25,30.2,16,53,0,24,67.7,21,31,0,13,6,25,0,40.0,6,15,41,0,0,0,305,s:40~l:54~t:305,depaul-blue-demons,DePaul,Blue Demons,DEP,DePaul Blue Demons,DePaul,2d649c,ce1125,https://a.espncdn.com/i/teamlogos/ncaa/500/305.png,77
310220305,2011,2,2011-01-22,2011-01-22T20:00:00.000000-0500,305,s:40~l:54~t:305,depaul-blue-demons,DePaul,Blue Demons,DEP,DePaul Blue Demons,DePaul,2d649c,ce1125,https://a.espncdn.com/i/teamlogos/ncaa/500/305.png,home,77,true,19,4,23,42.6,26,61,0,24,71.4,20,28,38,10,15,20,0,29.4,5,17,39,0,0,0,2550,s:40~l:54~t:2550,seton-hall-pirates,Seton Hall,Pirates,HALL,Seton Hall Pirates,Seton Hall,0857B1,8a8d8f,https://a.espncdn.com/i/teamlogos/ncaa/500/2550.png,59
310222739,2011,2,2011-01-22,2011-01-22T15:00:00.000000-0500,270,s:40~l:54~t:270,milwaukee-panthers,Milwaukee,Panthers,MILW,Milwaukee Panthers,Milwaukee,000000,ffc20e,https://a.espncdn.com/i/teamlogos/ncaa/500/270.png,away,39,false,6,2,13,22.0,9,41,0,21,75.0,18,24,0,5,9,27,0,17.6,3,17,24,0,0,0,2739,s:40~l:54~t:2739,green-bay-phoenix,Green Bay,Phoenix,GB,Green Bay Phoenix,Green Bay,006633,ffffff,https://a.espncdn.com/i/teamlogos/ncaa/500/2739.png,87
310222739,2011,2,2011-01-22,2011-01-22T15:00:00.000000-0500,2739,s:40~l:54~t:2739,green-bay-phoenix,Green Bay,Phoenix,GB,Green Bay Phoenix,Green Bay,006633,ffffff,https://a.espncdn.com/i/teamlogos/ncaa/500/2739.png,home,87,true,25,4,26,50.8,31,61,0,22,82.6,19,23,51,10,18,17,0,26.1,6,23,43,0,0,0,270,s:40~l:54~t:270,milwaukee-panthers,Milwaukee,Panthers,MILW,Milwaukee Panthers,Milwaukee,000000,ffc20e,https://a.espncdn.com/i/teamlogos/ncaa/500/270.png,39
310210150,2011,2,2011-01-21,2011-01-21T18:30:00.000000-0500,59,s:40~l:54~t:59,georgia-tech-yellow-jackets,Georgia Tech,Yellow Jackets,GT,Georgia Tech Yellow Jackets,Georgia Tech,00223e,002c56,https://a.espncdn.com/i/teamlogos/ncaa/500/59.png,away,32,false,6,4,21,28.6,12,42,0,19,42.9,6,14,3,7,4,28,0,18.2,2,11,32,0,0,0,150,s:40~l:54~t:150,duke-blue-devils,Duke,Blue Devils,DUKE,Duke Blue Devils,Duke,013088,ffffff,https://a.espncdn.com/i/teamlogos/ncaa/500/150.png,69
310210150,2011,2,2011-01-21,2011-01-21T18:30:00.000000-0500,150,s:40~l:54~t:150,duke-blue-devils,Duke,Blue Devils,DUKE,Duke Blue Devils,Duke,013088,ffffff,https://a.espncdn.com/i/teamlogos/ncaa/500/150.png,home,69,true,12,3,24,36.1,22,61,0,13,75.0,21,28,37,19,19,17,0,26.7,4,15,45,0,0,0,59,s:40~l:54~t:59,georgia-tech-yellow-jackets,Georgia Tech,Yellow Jackets,GT,Georgia Tech Yellow Jackets,Georgia Tech,00223e,002c56,https://a.espncdn.com/i/teamlogos/ncaa/500/59.png,32
310210258,2011,2,2011-01-21,2011-01-21T20:30:00.000000-0500,120,s:40~l:54~t:120,maryland-terrapins,Maryland,Terrapins,MD,Maryland Terrapins,Maryland,D5002B,ffcd00,https://a.espncdn.com/i/teamlogos/ncaa/500/120.png,away,77,true,4,10,30,43.3,29,67,0,23,64.3,18,28,10,17,8,22,0,12.5,1,8,52,0,0,0,258,s:40~l:54~t:258,virginia-cavaliers,Virginia,Cavaliers,UVA,Virginia Cavaliers,Virginia,f84c1e,ffffff,https://a.espncdn.com/i/teamlogos/ncaa/500/258.png,75
310210258,2011,2,2011-01-21,2011-01-21T20:30:00.000000-0500,258,s:40~l:54~t:258,virginia-cavaliers,Virginia,Cavaliers,UVA,Virginia Cavaliers,Virginia,f84c1e,ffffff,https://a.espncdn.com/i/teamlogos/ncaa/500/258.png,home,75,false,15,5,19,35.7,25,70,0,18,69.2,18,26,7,9,13,17,0,43.8,7,16,42,0,0,0,120,s:40~l:54~t:120,maryland-terrapins,Maryland,Terrapins,MD,Maryland Terrapins,Maryland,D5002B,ffcd00,https://a.espncdn.com/i/teamlogos/ncaa/500/120.png,77
310200024,2011,2,2011-01-20,2011-01-20T22:00:00.000000-0500,26,s:40~l:54~t:26,ucla-bruins,UCLA,Bruins,UCLA,UCLA Bruins,UCLA,2774ae,f2a900,https://a.espncdn.com/i/teamlogos/ncaa/500/26.png,away,38,false,7,2,19,29.4,15,51,0,15,50.0,6,12,0,7,10,17,0,22.2,2,9,27,0,0,0,24,s:40~l:54~t:24,stanford-cardinal,Stanford,Cardinal,STAN,Stanford Cardinal,Stanford,8c1515,ffffff,https://a.espncdn.com/i/teamlogos/ncaa/500/24.png,64
310200024,2011,2,2011-01-20,2011-01-20T22:00:00.000000-0500,24,s:40~l:54~t:24,stanford-cardinal,Stanford,Cardinal,STAN,Stanford Cardinal,Stanford,8c1515,ffffff,https://a.espncdn.com/i/teamlogos/ncaa/500/24.png,home,64,true,11,1,27,40.4,21,52,0,12,83.3,20,24,35,12,13,14,0,22.2,2,9,44,0,0,0,26,s:40~l:54~t:26,ucla-bruins,UCLA,Bruins,UCLA,UCLA Bruins,UCLA,2774ae,f2a900,https://a.espncdn.com/i/teamlogos/ncaa/500/26.png,38
310202579,2011,2,2011-01-20,2011-01-20T19:00:00.000000-0500,2633,s:40~l:54~t:2633,tennessee-lady-volunteers,Tennessee,Lady Volunteers,TENN,Tennessee Lady Volunteers,Tennessee,ff8200,ffffff,https://a.espncdn.com/i/teamlogos/ncaa/500/2633_ncw.png,away,71,true,10,8,35,48.2,27,56,0,16,66.7,12,18,17,12,2,23,0,55.6,5,9,51,0,0,0,2579,s:40~l:54~t:2579,south-carolina-gamecocks,South Carolina,Gamecocks,SC,South Carolina Gamecocks,South Carolina,73000a,ffffff,https://a.espncdn.com/i/teamlogos/ncaa/500/2579.png,56
310202579,2011,2,2011-01-20,2011-01-20T19:00:00.000000-0500,2579,s:40~l:54~t:2579,south-carolina-gamecocks,South Carolina,Gamecocks,SC,South Carolina Gamecocks,South Carolina,73000a,ffffff,https://a.espncdn.com/i/teamlogos/ncaa/500/2579.png,home,56,false,4,3,12,32.9,24,73,0,18,44.4,4,9,8,14,9,11,0,19.0,4,21,31,0,0,0,2633,s:40~l:54~t:2633,tennessee-lady-volunteers,Tennessee,Lady Volunteers,TENN,Tennessee Lady Volunteers,Tennessee,ff8200,ffffff,https://a.espncdn.com/i/teamlogos/ncaa/500/2633_ncw.png,71
310200153,2011,2,2011-01-20,2011-01-20T19:00:00.000000-0500,154,s:40~l:54~t:154,wake-forest-demon-deacons,Wake Forest,Demon Deacons,WAKE,Wake Forest Demon Deacons,Wake Forest,9E7E38,000000,https://a.espncdn.com/i/teamlogos/ncaa/500/154.png,away,56,false,8,2,25,27.6,21,76,0,21,45.8,11,24,0,21,4,17,0,14.3,3,21,53,0,0,0,153,s:40~l:54~t:153,north-carolina-tar-heels,North Carolina,Tar Heels,UNC,North Carolina Tar Heels,North Carolina,7bafd4,13294b,https://a.espncdn.com/i/teamlogos/ncaa/500/153.png,71
310200153,2011,2,2011-01-20,2011-01-20T19:00:00.000000-0500,153,s:40~l:54~t:153,north-carolina-tar-heels,North Carolina,Tar Heels,UNC,North Carolina Tar Heels,North Carolina,7bafd4,13294b,https://a.espncdn.com/i/teamlogos/ncaa/500/153.png,home,71,true,18,9,31,36.9,24,65,0,20,66.7,20,30,22,18,11,15,0,23.1,3,13,51,0,0,0,154,s:40~l:54~t:154,wake-forest-demon-deacons,Wake Forest,Demon Deacons,WAKE,Wake Forest Demon Deacons,Wake Forest,9E7E38,000000,https://a.espncdn.com/i/teamlogos/ncaa/500/154.png,56
310200084,2011,2,2011-01-20,2011-01-20T18:30:00.000000-0500,127,s:40~l:54~t:127,michigan-state-spartans,Michigan State,Spartans,MSU,Michigan State Spartans,Michigan St,18453B,ffffff,https://a.espncdn.com/i/teamlogos/ncaa/500/127.png,away,69,true,16,3,22,44.7,21,47,0,15,81.0,17,21,23,11,12,26,1,62.5,10,16,37,1,0,0,84,s:40~l:54~t:84,indiana-hoosiers,Indiana,Hoosiers,IU,Indiana Hoosiers,Indiana,990000,edebeb,https://a.espncdn.com/i/teamlogos/ncaa/500/84.png,55
310200084,2011,2,2011-01-20,2011-01-20T18:30:00.000000-0500,84,s:40~l:54~t:84,indiana-hoosiers,Indiana,Hoosiers,IU,Indiana Hoosiers,Indiana,990000,edebeb,https://a.espncdn.com/i/teamlogos/ncaa/500/84.png,home,55,false,6,2,16,41.7,20,48,0,16,55.0,11,20,5,5,16,19,1,36.4,4,11,21,1,0,0,127,s:40~l:54~t:127,michigan-state-spartans,Michigan State,Spartans,MSU,Michigan State Spartans,Michigan St,18453B,ffffff,https://a.espncdn.com/i/teamlogos/ncaa/500/127.png,69
310200305,2011,2,2011-01-20,2011-01-20T20:00:00.000000-0500,2885,s:40~l:54~t:2885,njit-highlanders,NJIT,Highlanders,NJIT,NJIT Highlanders,NJIT,EE3024,df3e2e,https://a.espncdn.com/i/teamlogos/ncaa/500/2885.png,away,43,false,7,5,19,26.0,13,50,0,16,65.0,13,20,0,5,8,22,0,23.5,4,17,27,0,0,0,305,s:40~l:54~t:305,depaul-blue-demons,DePaul,Blue Demons,DEP,DePaul Blue Demons,DePaul,2d649c,ce1125,https://a.espncdn.com/i/teamlogos/ncaa/500/305.png,90
310200305,2011,2,2011-01-20,2011-01-20T20:00:00.000000-0500,305,s:40~l:54~t:305,depaul-blue-demons,DePaul,Blue Demons,DEP,DePaul Blue Demons,DePaul,2d649c,ce1125,https://a.espncdn.com/i/teamlogos/ncaa/500/305.png,home,90,true,21,4,31,46.1,35,76,0,19,80.0,16,20,47,20,12,14,0,22.2,4,18,58,0,0,0,2885,s:40~l:54~t:2885,njit-highlanders,NJIT,Highlanders,NJIT,NJIT Highlanders,NJIT,EE3024,df3e2e,https://a.espncdn.com/i/teamlogos/ncaa/500/2885.png,43
310200057,2011,2,2011-01-20,2011-01-20T19:00:00.000000-0500,96,s:40~l:54~t:96,kentucky-wildcats,Kentucky,Wildcats,UK,Kentucky Wildcats,Kentucky,005DAA,ffffff,https://a.espncdn.com/i/teamlogos/ncaa/500/96.png,away,59,true,8,0,15,37.5,21,56,0,18,70.6,12,17,10,8,10,15,0,27.8,5,18,27,0,0,0,57,s:40~l:54~t:57,florida-gators,Florida,Gators,FLA,Florida Gators,Florida,0021a5,fa4616,https://a.espncdn.com/i/teamlogos/ncaa/500/57.png,58
310200057,2011,2,2011-01-20,2011-01-20T19:00:00.000000-0500,57,s:40~l:54~t:57,florida-gators,Florida,Gators,FLA,Florida Gators,Florida,0021a5,fa4616,https://a.espncdn.com/i/teamlogos/ncaa/500/57.png,home,58,false,10,8,26,38.0,19,50,0,16,68.2,15,22,10,12,7,24,0,50.0,5,10,45,0,0,0,96,s:40~l:54~t:96,kentucky-wildcats,Kentucky,Wildcats,UK,Kentucky Wildcats,Kentucky,005DAA,ffffff,https://a.espncdn.com/i/teamlogos/ncaa/500/96.png,59
310200228,2011,2,2011-01-20,2011-01-20T19:00:00.000000-0500,52,s:40~l:54~t:52,florida-state-seminoles,Florida State,Seminoles,FSU,Florida State Seminoles,Florida St,782F40,ceb888,https://a.espncdn.com/i/teamlogos/ncaa/500/52.png,away,83,true,12,5,24,36.5,27,74,0,13,64.7,22,34,15,22,7,10,0,31.8,7,22,51,0,0,0,228,s:40~l:54~t:228,clemson-tigers,Clemson,Tigers,CLEM,Clemson Tigers,Clemson,F66733,522d80,https://a.espncdn.com/i/teamlogos/ncaa/500/228.png,73
310200228,2011,2,2011-01-20,2011-01-20T19:00:00.000000-0500,228,s:40~l:54~t:228,clemson-tigers,Clemson,Tigers,CLEM,Clemson Tigers,Clemson,F66733,522d80,https://a.espncdn.com/i/teamlogos/ncaa/500/228.png,home,73,false,17,5,26,44.3,31,70,0,20,83.3,5,6,0,10,7,14,0,37.5,6,16,43,0,0,0,52,s:40~l:54~t:52,florida-state-seminoles,Florida State,Seminoles,FSU,Florida State Seminoles,Florida St,782F40,ceb888,https://a.espncdn.com/i/teamlogos/ncaa/500/52.png,83
310200238,2011,2,2011-01-20,2011-01-20T20:00:00.000000-0500,8,s:40~l:54~t:8,arkansas-razorbacks,Arkansas,Razorbacks,ARK,Arkansas Razorbacks,Arkansas,a41f35,222222,https://a.espncdn.com/i/teamlogos/ncaa/500/8.png,away,54,false,11,1,12,35.8,19,53,0,16,61.1,11,18,4,16,9,15,0,33.3,5,15,30,0,0,0,238,s:40~l:54~t:238,vanderbilt-commodores,Vanderbilt,Commodores,VAN,Vanderbilt Commodores,Vanderbilt,000000,231f20,https://a.espncdn.com/i/teamlogos/ncaa/500/238.png,65
310200238,2011,2,2011-01-20,2011-01-20T20:00:00.000000-0500,238,s:40~l:54~t:238,vanderbilt-commodores,Vanderbilt,Commodores,VAN,Vanderbilt Commodores,Vanderbilt,000000,231f20,https://a.espncdn.com/i/teamlogos/ncaa/500/238.png,home,65,true,18,5,18,44.0,22,50,0,16,66.7,12,18,16,13,5,16,0,45.0,9,20,37,0,0,0,8,s:40~l:54~t:8,arkansas-razorbacks,Arkansas,Razorbacks,ARK,Arkansas Razorbacks,Arkansas,a41f35,222222,https://a.espncdn.com/i/teamlogos/ncaa/500/8.png,54
310200356,2011,2,2011-01-20,2011-01-20T20:00:00.000000-0500,194,s:40~l:54~t:194,ohio-state-buckeyes,Ohio State,Buckeyes,OSU,Ohio State Buckeyes,Ohio State,ce1141,505056,https://a.espncdn.com/i/teamlogos/ncaa/500/194.png,away,71,true,15,8,29,36.7,22,60,0,13,74.1,20,27,12,12,9,10,0,41.2,7,17,43,0,0,0,356,s:40~l:54~t:356,illinois-fighting-illini,Illinois,Fighting Illini,ILL,Illinois Fighting Illini,Illinois,ff5f05,13294b,https://a.espncdn.com/i/teamlogos/ncaa/500/356.png,62
310200356,2011,2,2011-01-20,2011-01-20T20:00:00.000000-0500,356,s:40~l:54~t:356,illinois-fighting-illini,Illinois,Fighting Illini,ILL,Illinois Fighting Illini,Illinois,ff5f05,13294b,https://a.espncdn.com/i/teamlogos/ncaa/500/356.png,home,62,false,8,2,27,32.9,24,73,0,18,63.2,12,19,6,18,4,14,0,10.5,2,19,51,0,0,0,194,s:40~l:54~t:194,ohio-state-buckeyes,Ohio State,Buckeyes,OSU,Ohio State Buckeyes,Ohio State,ce1141,505056,https://a.espncdn.com/i/teamlogos/ncaa/500/194.png,71
310200009,2011,2,2011-01-20,2011-01-20T13:00:00.000000-0500,265,s:40~l:54~t:265,washington-state-cougars,Washington State,Cougars,WSU,Washington State Cougars,Washington St,94022a,6a747c,https://a.espncdn.com/i/teamlogos/ncaa/500/265.png,away,70,true,15,2,22,53.2,25,47,0,20,50.0,9,18,9,6,9,23,0,64.7,11,17,33,0,0,0,9,s:40~l:54~t:9,arizona-state-sun-devils,Arizona State,Sun Devils,ASU,Arizona State Sun Devils,Arizona State,942139,f1f2f3,https://a.espncdn.com/i/teamlogos/ncaa/500/9.png,65
310200009,2011,2,2011-01-20,2011-01-20T13:00:00.000000-0500,9,s:40~l:54~t:9,arizona-state-sun-devils,Arizona State,Sun Devils,ASU,Arizona State Sun Devils,Arizona State,942139,f1f2f3,https://a.espncdn.com/i/teamlogos/ncaa/500/9.png,home,65,false,17,3,22,37.9,22,58,0,19,65.2,15,23,2,15,11,21,0,31.6,6,19,37,0,0,0,265,s:40~l:54~t:265,washington-state-cougars,Washington State,Cougars,WSU,Washington State Cougars,Washington St,94022a,6a747c,https://a.espncdn.com/i/teamlogos/ncaa/500/265.png,70
310192305,2011,2,2011-01-19,2011-01-19T20:00:00.000000-0500,239,s:40~l:54~t:239,baylor-bears,Baylor,Bears,BAY,Baylor Bears,Baylor,154734,ffb81c,https://a.espncdn.com/i/teamlogos/ncaa/500/239.png,away,76,true,14,8,33,47.8,33,69,0,10,53.8,7,13,46,20,7,12,0,23.1,3,13,55,0,0,0,2305,s:40~l:54~t:2305,kansas-jayhawks,Kansas,Jayhawks,KU,Kansas Jayhawks,Kansas,0051ba,e8000d,https://a.espncdn.com/i/teamlogos/ncaa/500/2305.png,37
310192305,2011,2,2011-01-19,2011-01-19T20:00:00.000000-0500,2305,s:40~l:54~t:2305,kansas-jayhawks,Kansas,Jayhawks,KU,Kansas Jayhawks,Kansas,0051ba,e8000d,https://a.espncdn.com/i/teamlogos/ncaa/500/2305.png,home,37,false,6,6,16,28.8,15,52,0,15,66.7,4,6,0,3,5,16,0,21.4,3,14,25,0,0,0,239,s:40~l:54~t:239,baylor-bears,Baylor,Bears,BAY,Baylor Bears,Baylor,154734,ffb81c,https://a.espncdn.com/i/teamlogos/ncaa/500/239.png,76
310190245,2011,2,2011-01-19,2011-01-19T19:30:00.000000-0500,251,s:40~l:54~t:251,texas-longhorns,Texas,Longhorns,TEX,Texas Longhorns,Texas,c15d26,ffffff,https://a.espncdn.com/i/teamlogos/ncaa/500/251.png,away,65,false,12,3,24,32.8,21,64,0,20,69.6,16,23,9,12,9,18,1,29.2,7,24,42,1,0,0,245,s:40~l:54~t:245,texas-am-aggies,Texas A&M,Aggies,TA&M,Texas A&M Aggies,Texas A&M,5C0025,ffffff,https://a.espncdn.com/i/teamlogos/ncaa/500/245.png,80
310190245,2011,2,2011-01-19,2011-01-19T19:30:00.000000-0500,245,s:40~l:54~t:245,texas-am-aggies,Texas A&M,Aggies,TA&M,Texas A&M Aggies,Texas A&M,5C0025,ffffff,https://a.espncdn.com/i/teamlogos/ncaa/500/245.png,home,80,true,16,6,26,41.4,29,70,0,20,73.1,19,26,15,19,10,13,0,21.4,3,14,49,0,0,0,251,s:40~l:54~t:251,texas-longhorns,Texas,Longhorns,TEX,Texas Longhorns,Texas,c15d26,ffffff,https://a.espncdn.com/i/teamlogos/ncaa/500/251.png,65
310190201,2011,2,2011-01-19,2011-01-19T20:00:00.000000-0500,2641,s:40~l:54~t:2641,texas-tech-lady-raiders,Texas Tech,Lady Raiders,TTU,Texas Tech Lady Raiders,Texas Tech,C80025,231f20,https://a.espncdn.com/i/teamlogos/ncaa/500/2641.png,away,61,false,10,8,23,47.9,23,48,0,23,81.3,13,16,5,9,8,25,0,20.0,2,10,36,0,0,0,201,s:40~l:54~t:201,oklahoma-sooners,Oklahoma,Sooners,OU,Oklahoma Sooners,Oklahoma,9d2235,ffffff,https://a.espncdn.com/i/teamlogos/ncaa/500/201.png,71
310190201,2011,2,2011-01-19,2011-01-19T20:00:00.000000-0500,201,s:40~l:54~t:201,oklahoma-sooners,Oklahoma,Sooners,OU,Oklahoma Sooners,Oklahoma,9d2235,ffffff,https://a.espncdn.com/i/teamlogos/ncaa/500/201.png,home,71,true,10,2,12,32.2,19,59,0,15,80.0,24,30,13,17,8,15,0,31.0,9,29,34,0,0,0,2641,s:40~l:54~t:2641,texas-tech-lady-raiders,Texas Tech,Lady Raiders,TTU,Texas Tech Lady Raiders,Texas Tech,C80025,231f20,https://a.espncdn.com/i/teamlogos/ncaa/500/2641.png,61
310180087,2011,2,2011-01-18,2011-01-18T19:00:00.000000-0500,46,s:40~l:54~t:46,georgetown-hoyas,Georgetown,Hoyas,GTWN,Georgetown Hoyas,Georgetown,110E42,001c58,https://a.espncdn.com/i/teamlogos/ncaa/500/46.png,away,58,false,16,3,17,43.1,22,51,0,24,41.2,7,17,1,11,12,19,1,38.9,7,18,30,1,0,0,87,s:40~l:54~t:87,notre-dame-fighting-irish,Notre Dame,Fighting Irish,ND,Notre Dame Fighting Irish,Notre Dame,0c2340,c99700,https://a.espncdn.com/i/teamlogos/ncaa/500/87.png,80
310180087,2011,2,2011-01-18,2011-01-18T19:00:00.000000-0500,87,s:40~l:54~t:87,notre-dame-fighting-irish,Notre Dame,Fighting Irish,ND,Notre Dame Fighting Irish,Notre Dame,0c2340,c99700,https://a.espncdn.com/i/teamlogos/ncaa/500/87.png,home,80,true,17,4,22,54.2,26,48,0,20,69.0,20,29,24,12,10,18,0,57.1,8,14,36,0,0,0,46,s:40~l:54~t:46,georgetown-hoyas,Georgetown,Hoyas,GTWN,Georgetown Hoyas,Georgetown,110E42,001c58,https://a.espncdn.com/i/teamlogos/ncaa/500/46.png,58
310182599,2011,2,2011-01-18,2011-01-18T12:00:00.000000-0500,2132,s:40~l:54~t:2132,cincinnati-bearcats,Cincinnati,Bearcats,CIN,Cincinnati Bearcats,Cincinnati,000000,717073,https://a.espncdn.com/i/teamlogos/ncaa/500/2132.png,away,34,false,7,1,17,26.7,12,45,0,14,66.7,6,9,1,9,4,17,0,20.0,4,20,28,0,0,0,2599,s:40~l:54~t:2599,st-johns-red-storm,St. John's,Red Storm,SJU,St. John's Red Storm,St John's,d10000,101010,https://a.espncdn.com/i/teamlogos/ncaa/500/2599.png,63
310182599,2011,2,2011-01-18,2011-01-18T12:00:00.000000-0500,2599,s:40~l:54~t:2599,st-johns-red-storm,St. John's,Red Storm,SJU,St. John's Red Storm,St John's,d10000,101010,https://a.espncdn.com/i/teamlogos/ncaa/500/2599.png,home,63,true,13,2,22,45.3,24,53,0,8,81.3,13,16,32,10,8,10,0,33.3,2,6,37,0,0,0,2132,s:40~l:54~t:2132,cincinnati-bearcats,Cincinnati,Bearcats,CIN,Cincinnati Bearcats,Cincinnati,000000,717073,https://a.espncdn.com/i/teamlogos/ncaa/500/2132.png,34
310170153,2011,2,2011-01-17,2011-01-17T19:00:00.000000-0500,41,s:40~l:54~t:41,uconn-huskies,UConn,Huskies,CONN,UConn Huskies,UConn,0c2340,f1f2f3,https://a.espncdn.com/i/teamlogos/ncaa/500/41.png,away,83,true,23,3,32,48.5,32,66,0,11,83.3,15,18,31,9,9,16,0,28.6,4,14,48,0,0,0,153,s:40~l:54~t:153,north-carolina-tar-heels,North Carolina,Tar Heels,UNC,North Carolina Tar Heels,North Carolina,7bafd4,13294b,https://a.espncdn.com/i/teamlogos/ncaa/500/153.png,57
310170153,2011,2,2011-01-17,2011-01-17T19:00:00.000000-0500,153,s:40~l:54~t:153,north-carolina-tar-heels,North Carolina,Tar Heels,UNC,North Carolina Tar Heels,North Carolina,7bafd4,13294b,https://a.espncdn.com/i/teamlogos/ncaa/500/153.png,home,57,false,14,5,20,30.7,23,75,0,16,80.0,8,10,0,14,8,14,0,16.7,3,18,40,0,0,0,41,s:40~l:54~t:41,uconn-huskies,UConn,Huskies,CONN,UConn Huskies,UConn,0c2340,f1f2f3,https://a.espncdn.com/i/teamlogos/ncaa/500/41.png,83
310160259,2011,2,2011-01-16,2011-01-16T14:00:00.000000-0500,150,s:40~l:54~t:150,duke-blue-devils,Duke,Blue Devils,DUKE,Duke Blue Devils,Duke,013088,ffffff,https://a.espncdn.com/i/teamlogos/ncaa/500/150.png,away,57,true,17,5,25,36.5,23,63,0,11,58.3,7,12,20,13,11,19,0,18.2,4,22,45,0,0,0,259,s:40~l:54~t:259,virginia-tech-hokies,Virginia Tech,Hokies,VT,Virginia Tech Hokies,Virginia Tech,630031,cf4520,https://a.espncdn.com/i/teamlogos/ncaa/500/259.png,43
310160259,2011,2,2011-01-16,2011-01-16T14:00:00.000000-0500,259,s:40~l:54~t:259,virginia-tech-hokies,Virginia Tech,Hokies,VT,Virginia Tech Hokies,Virginia Tech,630031,cf4520,https://a.espncdn.com/i/teamlogos/ncaa/500/259.png,home,43,false,12,2,23,32.1,18,56,0,17,75.0,3,4,0,11,6,21,0,25.0,4,16,36,0,0,0,150,s:40~l:54~t:150,duke-blue-devils,Duke,Blue Devils,DUKE,Duke Blue Devils,Duke,013088,ffffff,https://a.espncdn.com/i/teamlogos/ncaa/500/150.png,57
310160265,2011,2,2011-01-16,2011-01-16T16:00:00.000000-0500,24,s:40~l:54~t:24,stanford-cardinal,Stanford,Cardinal,STAN,Stanford Cardinal,Stanford,8c1515,ffffff,https://a.espncdn.com/i/teamlogos/ncaa/500/24.png,away,94,true,22,3,33,57.4,35,61,0,17,76.2,16,21,44,11,7,12,0,40.0,8,20,49,0,0,0,265,s:40~l:54~t:265,washington-state-cougars,Washington State,Cougars,WSU,Washington State Cougars,Washington St,94022a,6a747c,https://a.espncdn.com/i/teamlogos/ncaa/500/265.png,50
310160265,2011,2,2011-01-16,2011-01-16T16:00:00.000000-0500,265,s:40~l:54~t:265,washington-state-cougars,Washington State,Cougars,WSU,Washington State Cougars,Washington St,94022a,6a747c,https://a.espncdn.com/i/teamlogos/ncaa/500/265.png,home,50,false,10,0,15,24.3,17,70,0,17,47.4,9,19,0,20,8,15,0,25.0,7,28,38,0,0,0,24,s:40~l:54~t:24,stanford-cardinal,Stanford,Cardinal,STAN,Stanford Cardinal,Stanford,8c1515,ffffff,https://a.espncdn.com/i/teamlogos/ncaa/500/24.png,94
310160113,2011,2,2011-01-16,2011-01-16T13:00:00.000000-0500,2752,s:40~l:54~t:2752,xavier-musketeers,Xavier,Musketeers,XAV,Xavier Musketeers,Xavier,002144,9ea2a2,https://a.espncdn.com/i/teamlogos/ncaa/500/2752.png,away,81,true,21,3,36,38.7,31,80,0,12,71.4,10,14,26,26,10,13,0,34.6,9,26,63,0,0,0,113,s:40~l:54~t:113,umass-minutewomen,UMass,Minutewomen,MASS,UMass Minutewomen,UMass,880007,,https://a.espncdn.com/i/teamlogos/ncaa/500/113.png,55
310160113,2011,2,2011-01-16,2011-01-16T13:00:00.000000-0500,113,s:40~l:54~t:113,umass-minutewomen,UMass,Minutewomen,MASS,UMass Minutewomen,UMass,880007,,https://a.espncdn.com/i/teamlogos/ncaa/500/113.png,home,55,false,17,6,17,31.7,20,63,0,12,58.3,7,12,0,10,7,13,0,34.8,8,23,33,0,0,0,2752,s:40~l:54~t:2752,xavier-musketeers,Xavier,Musketeers,XAV,Xavier Musketeers,Xavier,002144,9ea2a2,https://a.espncdn.com/i/teamlogos/ncaa/500/2752.png,81
310160194,2011,2,2011-01-16,2011-01-16T12:00:00.000000-0500,127,s:40~l:54~t:127,michigan-state-spartans,Michigan State,Spartans,MSU,Michigan State Spartans,Michigan St,18453B,ffffff,https://a.espncdn.com/i/teamlogos/ncaa/500/127.png,away,53,false,7,3,22,29.0,20,69,0,18,78.6,11,14,2,16,8,19,0,8.7,2,23,45,0,0,0,194,s:40~l:54~t:194,ohio-state-buckeyes,Ohio State,Buckeyes,OSU,Ohio State Buckeyes,Ohio State,ce1141,505056,https://a.espncdn.com/i/teamlogos/ncaa/500/194.png,67
310160194,2011,2,2011-01-16,2011-01-16T12:00:00.000000-0500,194,s:40~l:54~t:194,ohio-state-buckeyes,Ohio State,Buckeyes,OSU,Ohio State Buckeyes,Ohio State,ce1141,505056,https://a.espncdn.com/i/teamlogos/ncaa/500/194.png,home,67,true,13,2,25,43.1,22,51,0,15,76.0,19,25,17,5,7,17,0,40.0,4,10,37,0,0,0,127,s:40~l:54~t:127,michigan-state-spartans,Michigan State,Spartans,MSU,Michigan State Spartans,Michigan St,18453B,ffffff,https://a.espncdn.com/i/teamlogos/ncaa/500/127.png,53
310160228,2011,2,2011-01-16,2011-01-16T15:00:00.000000-0500,120,s:40~l:54~t:120,maryland-terrapins,Maryland,Terrapins,MD,Maryland Terrapins,Maryland,D5002B,ffcd00,https://a.espncdn.com/i/teamlogos/ncaa/500/120.png,away,80,true,16,7,21,45.0,27,60,0,17,60.5,23,38,21,16,13,16,0,37.5,3,8,43,0,0,0,228,s:40~l:54~t:228,clemson-tigers,Clemson,Tigers,CLEM,Clemson Tigers,Clemson,F66733,522d80,https://a.espncdn.com/i/teamlogos/ncaa/500/228.png,59
310160228,2011,2,2011-01-16,2011-01-16T15:00:00.000000-0500,228,s:40~l:54~t:228,clemson-tigers,Clemson,Tigers,CLEM,Clemson Tigers,Clemson,F66733,522d80,https://a.espncdn.com/i/teamlogos/ncaa/500/228.png,home,59,false,11,6,20,39.3,22,56,0,23,50.0,8,16,6,12,6,24,0,38.9,7,18,37,0,0,0,120,s:40~l:54~t:120,maryland-terrapins,Maryland,Terrapins,MD,Maryland Terrapins,Maryland,D5002B,ffcd00,https://a.espncdn.com/i/teamlogos/ncaa/500/120.png,80
310160222,2011,2,2011-01-16,2011-01-16T14:00:00.000000-0500,305,s:40~l:54~t:305,depaul-blue-demons,DePaul,Blue Demons,DEP,DePaul Blue Demons,DePaul,2d649c,ce1125,https://a.espncdn.com/i/teamlogos/ncaa/500/305.png,away,64,true,20,6,21,49.1,27,55,0,7,77.8,7,9,20,11,6,10,0,30.0,3,10,38,0,0,0,222,s:40~l:54~t:222,villanova-wildcats,Villanova,Wildcats,VILL,Villanova Wildcats,Villanova,00205b,13b5ea,https://a.espncdn.com/i/teamlogos/ncaa/500/222.png,45
310160222,2011,2,2011-01-16,2011-01-16T14:00:00.000000-0500,222,s:40~l:54~t:222,villanova-wildcats,Villanova,Wildcats,VILL,Villanova Wildcats,Villanova,00205b,13b5ea,https://a.espncdn.com/i/teamlogos/ncaa/500/222.png,home,45,false,15,1,14,32.0,16,50,0,11,83.3,5,6,0,5,5,12,0,33.3,8,24,25,0,0,0,305,s:40~l:54~t:305,depaul-blue-demons,DePaul,Blue Demons,DEP,DePaul Blue Demons,DePaul,2d649c,ce1125,https://a.espncdn.com/i/teamlogos/ncaa/500/305.png,64
310160251,2011,2,2011-01-16,2011-01-16T13:30:00.000000-0500,201,s:40~l:54~t:201,oklahoma-sooners,Oklahoma,Sooners,OU,Oklahoma Sooners,Oklahoma,9d2235,ffffff,https://a.espncdn.com/i/teamlogos/ncaa/500/201.png,away,71,true,7,4,31,31.2,24,77,0,28,80.0,20,25,11,7,11,12,0,14.3,3,21,45,0,0,0,251,s:40~l:54~t:251,texas-longhorns,Texas,Longhorns,TEX,Texas Longhorns,Texas,c15d26,ffffff,https://a.espncdn.com/i/teamlogos/ncaa/500/251.png,67
310160251,2011,2,2011-01-16,2011-01-16T13:30:00.000000-0500,251,s:40~l:54~t:251,texas-longhorns,Texas,Longhorns,TEX,Texas Longhorns,Texas,c15d26,ffffff,https://a.espncdn.com/i/teamlogos/ncaa/500/251.png,home,67,false,7,6,35,30.3,20,66,0,20,62.9,22,35,10,15,1,22,0,27.8,5,18,56,0,0,0,201,s:40~l:54~t:201,oklahoma-sooners,Oklahoma,Sooners,OU,Oklahoma Sooners,Oklahoma,9d2235,ffffff,https://a.espncdn.com/i/teamlogos/ncaa/500/201.png,71
310162294,2011,2,2011-01-16,2011-01-16T14:00:00.000000-0500,84,s:40~l:54~t:84,indiana-hoosiers,Indiana,Hoosiers,IU,Indiana Hoosiers,Indiana,990000,edebeb,https://a.espncdn.com/i/teamlogos/ncaa/500/84.png,away,51,false,6,2,18,25.5,14,55,0,25,62.1,18,29,0,12,16,18,0,20.8,5,24,34,0,0,0,2294,s:40~l:54~t:2294,iowa-hawkeyes,Iowa,Hawkeyes,IOWA,Iowa Hawkeyes,Iowa,000000,fcd116,https://a.espncdn.com/i/teamlogos/ncaa/500/2294.png,71
310162294,2011,2,2011-01-16,2011-01-16T14:00:00.000000-0500,2294,s:40~l:54~t:2294,iowa-hawkeyes,Iowa,Hawkeyes,IOWA,Iowa Hawkeyes,Iowa,000000,fcd116,https://a.espncdn.com/i/teamlogos/ncaa/500/2294.png,home,71,true,11,3,30,36.4,20,55,0,18,75.0,24,32,23,15,12,20,0,33.3,7,21,51,0,0,0,84,s:40~l:54~t:84,indiana-hoosiers,Indiana,Hoosiers,IU,Indiana Hoosiers,Indiana,990000,edebeb,https://a.espncdn.com/i/teamlogos/ncaa/500/84.png,51
310160096,2011,2,2011-01-16,2011-01-16T13:00:00.000000-0500,344,s:40~l:54~t:344,mississippi-state-bulldogs,Mississippi State,Bulldogs,MSST,Mississippi State Bulldogs,Mississippi St,762123,c8c8c8,https://a.espncdn.com/i/teamlogos/ncaa/500/344.png,away,60,false,8,3,17,47.9,23,48,0,19,66.7,8,12,1,3,6,22,0,40.0,6,15,26,0,0,0,96,s:40~l:54~t:96,kentucky-wildcats,Kentucky,Wildcats,UK,Kentucky Wildcats,Kentucky,005DAA,ffffff,https://a.espncdn.com/i/teamlogos/ncaa/500/96.png,72
310160096,2011,2,2011-01-16,2011-01-16T13:00:00.000000-0500,96,s:40~l:54~t:96,kentucky-wildcats,Kentucky,Wildcats,UK,Kentucky Wildcats,Kentucky,005DAA,ffffff,https://a.espncdn.com/i/teamlogos/ncaa/500/96.png,home,72,true,18,1,19,44.1,26,59,0,19,66.7,14,21,24,13,6,13,0,28.6,6,21,35,0,0,0,344,s:40~l:54~t:344,mississippi-state-bulldogs,Mississippi State,Bulldogs,MSST,Mississippi State Bulldogs,Mississippi St,762123,c8c8c8,https://a.espncdn.com/i/teamlogos/ncaa/500/344.png,60
310160333,2011,2,2011-01-16,2011-01-16T15:00:00.000000-0500,8,s:40~l:54~t:8,arkansas-razorbacks,Arkansas,Razorbacks,ARK,Arkansas Razorbacks,Arkansas,a41f35,222222,https://a.espncdn.com/i/teamlogos/ncaa/500/8.png,away,57,true,3,0,18,39.1,18,46,0,20,71.4,15,21,9,8,9,26,0,46.2,6,13,34,0,0,0,333,s:40~l:54~t:333,alabama-crimson-tide,Alabama,Crimson Tide,ALA,Alabama Crimson Tide,Alabama,9e1632,ffffff,https://a.espncdn.com/i/teamlogos/ncaa/500/333.png,53
310160333,2011,2,2011-01-16,2011-01-16T15:00:00.000000-0500,333,s:40~l:54~t:333,alabama-crimson-tide,Alabama,Crimson Tide,ALA,Alabama Crimson Tide,Alabama,9e1632,ffffff,https://a.espncdn.com/i/teamlogos/ncaa/500/333.png,home,53,false,7,1,21,40.0,18,45,0,15,69.6,16,23,0,6,13,24,0,12.5,1,8,29,0,0,0,8,s:40~l:54~t:8,arkansas-razorbacks,Arkansas,Razorbacks,ARK,Arkansas Razorbacks,Arkansas,a41f35,222222,https://a.espncdn.com/i/teamlogos/ncaa/500/8.png,57
310162390,2011,2,2011-01-16,2011-01-16T13:00:00.000000-0500,103,s:40~l:54~t:103,boston-college-eagles,Boston College,Eagles,BC,Boston College Eagles,Boston College,8c2232,dbcca6,https://a.espncdn.com/i/teamlogos/ncaa/500/103.png,away,53,false,8,3,29,40.0,20,50,0,18,68.8,11,16,7,13,7,29,0,18.2,2,11,48,0,0,0,2390,s:40~l:54~t:2390,miami-hurricanes,Miami,Hurricanes,MIA,Miami Hurricanes,Miami,004325,f0f0f0,https://a.espncdn.com/i/teamlogos/ncaa/500/2390.png,65
310162390,2011,2,2011-01-16,2011-01-16T13:00:00.000000-0500,2390,s:40~l:54~t:2390,miami-hurricanes,Miami,Hurricanes,MIA,Miami Hurricanes,Miami,004325,f0f0f0,https://a.espncdn.com/i/teamlogos/ncaa/500/2390.png,home,65,true,11,3,13,33.9,21,62,0,14,66.7,16,24,15,8,19,10,0,33.3,7,21,27,0,0,0,103,s:40~l:54~t:103,boston-college-eagles,Boston College,Eagles,BC,Boston College Eagles,Boston College,8c2232,dbcca6,https://a.espncdn.com/i/teamlogos/ncaa/500/103.png,53
310160058,2011,2,2011-01-16,2011-01-16T15:30:00.000000-0500,269,s:40~l:54~t:269,marquette-golden-eagles,Marquette,Golden Eagles,MARQ,Marquette Golden Eagles,Marquette,083963,ffffff,https://a.espncdn.com/i/teamlogos/ncaa/500/269.png,away,61,true,16,5,28,33.3,19,57,0,14,85.7,18,21,6,13,4,16,0,33.3,5,15,48,0,0,0,58,s:40~l:54~t:58,south-florida-bulls,South Florida,Bulls,USF,South Florida Bulls,South Florida,004A36,231f20,https://a.espncdn.com/i/teamlogos/ncaa/500/58.png,55
310160058,2011,2,2011-01-16,2011-01-16T15:30:00.000000-0500,58,s:40~l:54~t:58,south-florida-bulls,South Florida,Bulls,USF,South Florida Bulls,South Florida,004A36,231f20,https://a.espncdn.com/i/teamlogos/ncaa/500/58.png,home,55,false,7,10,20,34.8,24,69,0,16,55.6,5,9,12,15,5,11,0,13.3,2,15,38,0,0,0,269,s:40~l:54~t:269,marquette-golden-eagles,Marquette,Golden Eagles,MARQ,Marquette Golden Eagles,Marquette,083963,ffffff,https://a.espncdn.com/i/teamlogos/ncaa/500/269.png,61
310150239,2011,2,2011-01-15,2011-01-15T20:00:00.000000-0500,197,s:40~l:54~t:197,oklahoma-state-cowgirls,Oklahoma State,Cowgirls,OKST,Oklahoma State Cowgirls,Oklahoma St,ff6500,000000,https://a.espncdn.com/i/teamlogos/ncaa/500/197.png,away,39,false,6,2,19,25.0,16,64,0,26,33.3,4,12,0,12,12,13,0,11.5,3,26,36,0,0,0,239,s:40~l:54~t:239,baylor-bears,Baylor,Bears,BAY,Baylor Bears,Baylor,154734,ffb81c,https://a.espncdn.com/i/teamlogos/ncaa/500/239.png,70
310150239,2011,2,2011-01-15,2011-01-15T20:00:00.000000-0500,239,s:40~l:54~t:239,baylor-bears,Baylor,Bears,BAY,Baylor Bears,Baylor,154734,ffb81c,https://a.espncdn.com/i/teamlogos/ncaa/500/239.png,home,70,true,18,4,34,40.8,20,49,0,13,70.6,24,34,33,14,5,19,0,35.3,6,17,52,0,0,0,197,s:40~l:54~t:197,oklahoma-state-cowgirls,Oklahoma State,Cowgirls,OKST,Oklahoma State Cowgirls,Oklahoma St,ff6500,000000,https://a.espncdn.com/i/teamlogos/ncaa/500/197.png,39
310150041,2011,2,2011-01-15,2011-01-15T12:00:00.000000-0500,97,s:40~l:54~t:97,louisville-cardinals,Louisville,Cardinals,LOU,Louisville Cardinals,Louisville,c9001f,000000,https://a.espncdn.com/i/teamlogos/ncaa/500/97.png,away,55,false,12,2,14,31.7,20,63,0,16,66.7,8,12,2,9,12,17,0,33.3,7,21,30,0,0,0,41,s:40~l:54~t:41,uconn-huskies,UConn,Huskies,CONN,UConn Huskies,UConn,0c2340,f1f2f3,https://a.espncdn.com/i/teamlogos/ncaa/500/41.png,78
310150041,2011,2,2011-01-15,2011-01-15T12:00:00.000000-0500,41,s:40~l:54~t:41,uconn-huskies,UConn,Huskies,CONN,UConn Huskies,UConn,0c2340,f1f2f3,https://a.espncdn.com/i/teamlogos/ncaa/500/41.png,home,78,true,17,3,31,53.6,30,56,0,14,75.0,12,16,25,9,9,18,0,40.0,6,15,43,0,0,0,97,s:40~l:54~t:97,louisville-cardinals,Louisville,Cardinals,LOU,Louisville Cardinals,Louisville,c9001f,000000,https://a.espncdn.com/i/teamlogos/ncaa/500/97.png,55
310152633,2011,2,2011-01-15,2011-01-15T20:00:00.000000-0500,238,s:40~l:54~t:238,vanderbilt-commodores,Vanderbilt,Commodores,VAN,Vanderbilt Commodores,Vanderbilt,000000,231f20,https://a.espncdn.com/i/teamlogos/ncaa/500/238.png,away,56,false,13,3,22,33.3,24,72,0,15,50.0,2,4,2,9,10,9,0,28.6,6,21,39,0,0,0,2633,s:40~l:54~t:2633,tennessee-lady-volunteers,Tennessee,Lady Volunteers,TENN,Tennessee Lady Volunteers,Tennessee,ff8200,ffffff,https://a.espncdn.com/i/teamlogos/ncaa/500/2633_ncw.png,68
310152633,2011,2,2011-01-15,2011-01-15T20:00:00.000000-0500,2633,s:40~l:54~t:2633,tennessee-lady-volunteers,Tennessee,Lady Volunteers,TENN,Tennessee Lady Volunteers,Tennessee,ff8200,ffffff,https://a.espncdn.com/i/teamlogos/ncaa/500/2633_ncw.png,home,68,true,8,7,37,40.3,25,62,0,9,66.7,8,12,22,13,3,15,0,31.3,10,32,52,0,0,0,238,s:40~l:54~t:238,vanderbilt-commodores,Vanderbilt,Commodores,VAN,Vanderbilt Commodores,Vanderbilt,000000,231f20,https://a.espncdn.com/i/teamlogos/ncaa/500/238.png,56
310150277,2011,2,2011-01-15,2011-01-15T16:00:00.000000-0500,183,s:40~l:54~t:183,syracuse-orange,Syracuse,Orange,SYR,Syracuse Orange,Syracuse,ff6500,000e54,https://a.espncdn.com/i/teamlogos/ncaa/500/183.png,away,61,false,5,1,23,39.2,20,51,0,22,62.1,18,29,5,9,9,19,0,27.3,3,11,39,0,0,0,277,s:40~l:54~t:277,west-virginia-mountaineers,West Virginia,Mountaineers,WVU,West Virginia Mountaineers,West Virginia,FFC600,eaaa00,https://a.espncdn.com/i/teamlogos/ncaa/500/277.png,70
310150277,2011,2,2011-01-15,2011-01-15T16:00:00.000000-0500,277,s:40~l:54~t:277,west-virginia-mountaineers,West Virginia,Mountaineers,WVU,West Virginia Mountaineers,West Virginia,FFC600,eaaa00,https://a.espncdn.com/i/teamlogos/ncaa/500/277.png,home,70,true,13,8,20,41.1,23,56,0,20,70.8,17,24,11,7,6,17,0,43.8,7,16,36,0,0,0,183,s:40~l:54~t:183,syracuse-orange,Syracuse,Orange,SYR,Syracuse Orange,Syracuse,ff6500,000e54,https://a.espncdn.com/i/teamlogos/ncaa/500/183.png,61
310150026,2011,2,2011-01-15,2011-01-15T16:30:00.000000-0500,2483,s:40~l:54~t:2483,oregon-ducks,Oregon,Ducks,ORE,Oregon Ducks,Oregon,044520,fee123,https://a.espncdn.com/i/teamlogos/ncaa/500/2483.png,away,57,false,9,1,17,38.9,21,54,0,15,64.3,9,14,0,12,8,31,0,31.6,6,19,32,0,0,0,26,s:40~l:54~t:26,ucla-bruins,UCLA,Bruins,UCLA,UCLA Bruins,UCLA,2774ae,f2a900,https://a.espncdn.com/i/teamlogos/ncaa/500/26.png,87
310150026,2011,2,2011-01-15,2011-01-15T16:30:00.000000-0500,26,s:40~l:54~t:26,ucla-bruins,UCLA,Bruins,UCLA,UCLA Bruins,UCLA,2774ae,f2a900,https://a.espncdn.com/i/teamlogos/ncaa/500/26.png,home,87,true,21,3,23,52.7,39,74,0,16,47.1,8,17,37,15,18,15,0,20.0,1,5,43,0,0,0,2483,s:40~l:54~t:2483,oregon-ducks,Oregon,Ducks,ORE,Oregon Ducks,Oregon,044520,fee123,https://a.espncdn.com/i/teamlogos/ncaa/500/2483.png,57
310150221,2011,2,2011-01-15,2011-01-15T14:00:00.000000-0500,87,s:40~l:54~t:87,notre-dame-fighting-irish,Notre Dame,Fighting Irish,ND,Notre Dame Fighting Irish,Notre Dame,0c2340,c99700,https://a.espncdn.com/i/teamlogos/ncaa/500/87.png,away,82,true,16,3,27,46.9,30,64,0,14,81.8,18,22,40,14,13,14,0,36.4,4,11,46,0,0,0,221,s:40~l:54~t:221,pittsburgh-panthers,Pittsburgh,Panthers,PITT,Pittsburgh Panthers,Pitt,003263,231f20,https://a.espncdn.com/i/teamlogos/ncaa/500/221.png,50
310150221,2011,2,2011-01-15,2011-01-15T14:00:00.000000-0500,221,s:40~l:54~t:221,pittsburgh-panthers,Pittsburgh,Panthers,PITT,Pittsburgh Panthers,Pitt,003263,231f20,https://a.espncdn.com/i/teamlogos/ncaa/500/221.png,home,50,false,8,6,18,32.7,16,49,0,17,65.0,13,20,0,5,4,21,0,41.7,5,12,28,0,0,0,87,s:40~l:54~t:87,notre-dame-fighting-irish,Notre Dame,Fighting Irish,ND,Notre Dame Fighting Irish,Notre Dame,0c2340,c99700,https://a.espncdn.com/i/teamlogos/ncaa/500/87.png,82
310150038,2011,2,2011-01-15,2011-01-15T18:00:00.000000-0500,66,s:40~l:54~t:66,iowa-state-cyclones,Iowa State,Cyclones,ISU,Iowa State Cyclones,Iowa State,822433,fdca2f,https://a.espncdn.com/i/teamlogos/ncaa/500/66.png,away,60,false,8,3,26,31.8,21,66,0,15,66.7,10,15,4,8,5,14,0,27.6,8,29,39,0,0,0,38,s:40~l:54~t:38,colorado-buffaloes,Colorado,Buffaloes,COLO,Colorado Buffaloes,Colorado,000000,cfb87c,https://a.espncdn.com/i/teamlogos/ncaa/500/38.png,66
310150038,2011,2,2011-01-15,2011-01-15T18:00:00.000000-0500,38,s:40~l:54~t:38,colorado-buffaloes,Colorado,Buffaloes,COLO,Colorado Buffaloes,Colorado,000000,cfb87c,https://a.espncdn.com/i/teamlogos/ncaa/500/38.png,home,66,true,11,2,33,39.0,23,59,0,19,63.2,12,19,13,8,11,15,0,34.8,8,23,45,0,0,0,66,s:40~l:54~t:66,iowa-state-cyclones,Iowa State,Cyclones,ISU,Iowa State Cyclones,Iowa State,822433,fdca2f,https://a.espncdn.com/i/teamlogos/ncaa/500/66.png,60
310152507,2011,2,2011-01-15,2011-01-15T16:00:00.000000-0500,46,s:40~l:54~t:46,georgetown-hoyas,Georgetown,Hoyas,GTWN,Georgetown Hoyas,Georgetown,110E42,001c58,https://a.espncdn.com/i/teamlogos/ncaa/500/46.png,away,49,true,16,5,31,42.6,20,47,0,15,45.5,5,11,11,9,8,24,0,30.8,4,13,43,0,0,0,2507,s:40~l:54~t:2507,providence-friars,Providence,Friars,PROV,Providence Friars,Providence,000000,a3a19e,https://a.espncdn.com/i/teamlogos/ncaa/500/2507.png,45
310152507,2011,2,2011-01-15,2011-01-15T16:00:00.000000-0500,2507,s:40~l:54~t:2507,providence-friars,Providence,Friars,PROV,Providence Friars,Providence,000000,a3a19e,https://a.espncdn.com/i/teamlogos/ncaa/500/2507.png,home,45,false,11,7,15,28.6,18,63,0,16,40.0,4,10,3,15,11,16,0,20.0,5,25,37,0,0,0,46,s:40~l:54~t:46,georgetown-hoyas,Georgetown,Hoyas,GTWN,Georgetown Hoyas,Georgetown,110E42,001c58,https://a.espncdn.com/i/teamlogos/ncaa/500/46.png,49
310152739,2011,2,2011-01-15,2011-01-15T15:00:00.000000-0500,82,s:40~l:54~t:82,uic-flames,UIC,Flames,UIC,UIC Flames,UIC,001e62,d50032,https://a.espncdn.com/i/teamlogos/ncaa/500/82.png,away,51,false,9,3,21,30.4,17,56,0,18,65.0,13,20,0,13,7,14,0,25.0,4,16,39,0,0,0,2739,s:40~l:54~t:2739,green-bay-phoenix,Green Bay,Phoenix,GB,Green Bay Phoenix,Green Bay,006633,ffffff,https://a.espncdn.com/i/teamlogos/ncaa/500/2739.png,60
310152739,2011,2,2011-01-15,2011-01-15T15:00:00.000000-0500,2739,s:40~l:54~t:2739,green-bay-phoenix,Green Bay,Phoenix,GB,Green Bay Phoenix,Green Bay,006633,ffffff,https://a.espncdn.com/i/teamlogos/ncaa/500/2739.png,home,60,true,17,3,25,43.5,20,46,0,15,70.8,17,24,20,5,8,14,0,25.0,3,12,37,0,0,0,82,s:40~l:54~t:82,uic-flames,UIC,Flames,UIC,UIC Flames,UIC,001e62,d50032,https://a.espncdn.com/i/teamlogos/ncaa/500/82.png,51
310152550,2011,2,2011-01-15,2011-01-15T14:00:00.000000-0500,2599,s:40~l:54~t:2599,st-johns-red-storm,St. John's,Red Storm,SJU,St. John's Red Storm,St John's,d10000,101010,https://a.espncdn.com/i/teamlogos/ncaa/500/2599.png,away,58,true,11,3,22,42.6,23,54,0,11,66.7,10,15,14,8,8,18,0,28.6,2,7,34,0,0,0,2550,s:40~l:54~t:2550,seton-hall-pirates,Seton Hall,Pirates,HALL,Seton Hall Pirates,Seton Hall,0857B1,8a8d8f,https://a.espncdn.com/i/teamlogos/ncaa/500/2550.png,48
310152550,2011,2,2011-01-15,2011-01-15T14:00:00.000000-0500,2550,s:40~l:54~t:2550,seton-hall-pirates,Seton Hall,Pirates,HALL,Seton Hall Pirates,Seton Hall,0857B1,8a8d8f,https://a.espncdn.com/i/teamlogos/ncaa/500/2550.png,home,48,false,8,1,21,35.2,19,54,0,17,55.6,5,9,1,10,8,22,0,31.3,5,16,34,0,0,0,2599,s:40~l:54~t:2599,st-johns-red-storm,St. John's,Red Storm,SJU,St. John's Red Storm,St John's,d10000,101010,https://a.espncdn.com/i/teamlogos/ncaa/500/2599.png,58
310140052,2011,2,2011-01-14,2011-01-14T18:30:00.000000-0500,150,s:40~l:54~t:150,duke-blue-devils,Duke,Blue Devils,DUKE,Duke Blue Devils,Duke,013088,ffffff,https://a.espncdn.com/i/teamlogos/ncaa/500/150.png,away,87,true,17,3,27,52.3,34,65,0,16,68.8,11,16,17,8,6,13,0,47.1,8,17,40,0,0,0,52,s:40~l:54~t:52,florida-state-seminoles,Florida State,Seminoles,FSU,Florida State Seminoles,Florida St,782F40,ceb888,https://a.espncdn.com/i/teamlogos/ncaa/500/52.png,70
310140052,2011,2,2011-01-14,2011-01-14T18:30:00.000000-0500,52,s:40~l:54~t:52,florida-state-seminoles,Florida State,Seminoles,FSU,Florida State Seminoles,Florida St,782F40,ceb888,https://a.espncdn.com/i/teamlogos/ncaa/500/52.png,home,70,false,12,3,21,40.0,24,60,0,14,68.4,13,19,2,10,6,19,0,47.4,9,19,34,0,0,0,150,s:40~l:54~t:150,duke-blue-devils,Duke,Blue Devils,DUKE,Duke Blue Devils,Duke,013088,ffffff,https://a.espncdn.com/i/teamlogos/ncaa/500/150.png,87
310140264,2011,2,2011-01-14,2011-01-14T22:00:00.000000-0500,24,s:40~l:54~t:24,stanford-cardinal,Stanford,Cardinal,STAN,Stanford Cardinal,Stanford,8c1515,ffffff,https://a.espncdn.com/i/teamlogos/ncaa/500/24.png,away,80,true,14,4,19,45.8,27,59,0,16,77.8,21,27,29,18,8,18,0,25.0,5,20,42,0,0,0,264,s:40~l:54~t:264,washington-huskies,Washington,Huskies,WASH,Washington Huskies,Washington,33006f,e8d3a2,https://a.espncdn.com/i/teamlogos/ncaa/500/264.png,51
310140264,2011,2,2011-01-14,2011-01-14T22:00:00.000000-0500,264,s:40~l:54~t:264,washington-huskies,Washington,Huskies,WASH,Washington Huskies,Washington,33006f,e8d3a2,https://a.espncdn.com/i/teamlogos/ncaa/500/264.png,home,51,false,13,0,9,38.5,20,52,0,28,72.7,8,11,0,10,10,20,0,37.5,3,8,23,0,0,0,24,s:40~l:54~t:24,stanford-cardinal,Stanford,Cardinal,STAN,Stanford Cardinal,Stanford,8c1515,ffffff,https://a.espncdn.com/i/teamlogos/ncaa/500/24.png,80
310140153,2011,2,2011-01-14,2011-01-14T19:00:00.000000-0500,152,s:40~l:54~t:152,nc-state-wolfpack,NC State,Wolfpack,NCST,NC State Wolfpack,NC State,EF1216,231f20,https://a.espncdn.com/i/teamlogos/ncaa/500/152.png,away,76,false,14,1,20,31.9,22,69,0,30,71.0,22,31,7,16,9,15,1,33.3,10,30,40,1,0,0,153,s:40~l:54~t:153,north-carolina-tar-heels,North Carolina,Tar Heels,UNC,North Carolina Tar Heels,North Carolina,7bafd4,13294b,https://a.espncdn.com/i/teamlogos/ncaa/500/153.png,83
310140153,2011,2,2011-01-14,2011-01-14T19:00:00.000000-0500,153,s:40~l:54~t:153,north-carolina-tar-heels,North Carolina,Tar Heels,UNC,North Carolina Tar Heels,North Carolina,7bafd4,13294b,https://a.espncdn.com/i/teamlogos/ncaa/500/153.png,home,83,true,16,2,30,44.4,28,63,0,24,65.7,23,35,24,15,6,22,1,33.3,4,12,47,1,0,0,152,s:40~l:54~t:152,nc-state-wolfpack,NC State,Wolfpack,NCST,NC State Wolfpack,NC State,EF1216,231f20,https://a.espncdn.com/i/teamlogos/ncaa/500/152.png,76
310142352,2011,2,2011-01-14,2011-01-14T16:30:00.000000-0500,2217,s:40~l:54~t:2217,fairfield-stags,Fairfield,Stags,FAIR,Fairfield Stags,Fairfield,000000,ebebeb,https://a.espncdn.com/i/teamlogos/ncaa/500/2217.png,away,52,false,8,2,20,38.6,22,57,0,10,40.0,4,10,0,9,10,15,0,26.7,4,15,32,0,0,0,2352,s:40~l:54~t:2352,loyola-maryland-greyhounds,Loyola Maryland,Greyhounds,L-MD,Loyola Maryland Greyhounds,Loyola MD,76a7a0,c9cbca,https://a.espncdn.com/i/teamlogos/ncaa/500/2352.png,54
310142352,2011,2,2011-01-14,2011-01-14T16:30:00.000000-0500,2352,s:40~l:54~t:2352,loyola-maryland-greyhounds,Loyola Maryland,Greyhounds,L-MD,Loyola Maryland Greyhounds,Loyola MD,76a7a0,c9cbca,https://a.espncdn.com/i/teamlogos/ncaa/500/2352.png,home,54,true,9,4,23,46.8,22,47,0,13,87.5,7,8,2,3,11,15,0,27.3,3,11,30,0,0,0,2217,s:40~l:54~t:2217,fairfield-stags,Fairfield,Stags,FAIR,Fairfield Stags,Fairfield,000000,ebebeb,https://a.espncdn.com/i/teamlogos/ncaa/500/2217.png,52
310130057,2011,2,2011-01-13,2011-01-13T19:00:00.000000-0500,2633,s:40~l:54~t:2633,tennessee-lady-volunteers,Tennessee,Lady Volunteers,TENN,Tennessee Lady Volunteers,Tennessee,ff8200,ffffff,https://a.espncdn.com/i/teamlogos/ncaa/500/2633_ncw.png,away,83,true,13,9,38,47.8,32,67,0,9,66.7,10,15,45,16,6,17,0,42.9,9,21,57,0,0,0,57,s:40~l:54~t:57,florida-gators,Florida,Gators,FLA,Florida Gators,Florida,0021a5,fa4616,https://a.espncdn.com/i/teamlogos/ncaa/500/57.png,40
310130057,2011,2,2011-01-13,2011-01-13T19:00:00.000000-0500,57,s:40~l:54~t:57,florida-gators,Florida,Gators,FLA,Florida Gators,Florida,0021a5,fa4616,https://a.espncdn.com/i/teamlogos/ncaa/500/57.png,home,40,false,5,2,17,21.4,15,70,0,15,75.0,6,8,1,12,11,13,0,23.5,4,17,37,0,0,0,2633,s:40~l:54~t:2633,tennessee-lady-volunteers,Tennessee,Lady Volunteers,TENN,Tennessee Lady Volunteers,Tennessee,ff8200,ffffff,https://a.espncdn.com/i/teamlogos/ncaa/500/2633_ncw.png,83
310130127,2011,2,2011-01-13,2011-01-13T18:30:00.000000-0500,2294,s:40~l:54~t:2294,iowa-hawkeyes,Iowa,Hawkeyes,IOWA,Iowa Hawkeyes,Iowa,000000,fcd116,https://a.espncdn.com/i/teamlogos/ncaa/500/2294.png,away,60,false,9,2,26,40.0,20,50,0,12,75.0,12,16,5,3,4,15,0,40.0,8,20,36,0,0,0,127,s:40~l:54~t:127,michigan-state-spartans,Michigan State,Spartans,MSU,Michigan State Spartans,Michigan St,18453B,ffffff,https://a.espncdn.com/i/teamlogos/ncaa/500/127.png,63
310130127,2011,2,2011-01-13,2011-01-13T18:30:00.000000-0500,127,s:40~l:54~t:127,michigan-state-spartans,Michigan State,Spartans,MSU,Michigan State Spartans,Michigan St,18453B,ffffff,https://a.espncdn.com/i/teamlogos/ncaa/500/127.png,home,63,true,14,3,21,40.3,27,67,0,14,66.7,6,9,9,12,9,7,0,18.8,3,16,38,0,0,0,2294,s:40~l:54~t:2294,iowa-hawkeyes,Iowa,Hawkeyes,IOWA,Iowa Hawkeyes,Iowa,000000,fcd116,https://a.espncdn.com/i/teamlogos/ncaa/500/2294.png,60
310130120,2011,2,2011-01-13,2011-01-13T19:00:00.000000-0500,103,s:40~l:54~t:103,boston-college-eagles,Boston College,Eagles,BC,Boston College Eagles,Boston College,8c2232,dbcca6,https://a.espncdn.com/i/teamlogos/ncaa/500/103.png,away,78,true,19,7,31,45.6,26,57,0,22,81.8,18,22,11,10,5,22,0,44.4,8,18,45,0,0,0,120,s:40~l:54~t:120,maryland-terrapins,Maryland,Terrapins,MD,Maryland Terrapins,Maryland,D5002B,ffcd00,https://a.espncdn.com/i/teamlogos/ncaa/500/120.png,69
310130120,2011,2,2011-01-13,2011-01-13T19:00:00.000000-0500,120,s:40~l:54~t:120,maryland-terrapins,Maryland,Terrapins,MD,Maryland Terrapins,Maryland,D5002B,ffcd00,https://a.espncdn.com/i/teamlogos/ncaa/500/120.png,home,69,false,17,2,21,32.9,28,85,0,20,42.9,12,28,10,28,12,11,0,5.0,1,20,53,0,0,0,103,s:40~l:54~t:103,boston-college-eagles,Boston College,Eagles,BC,Boston College Eagles,Boston College,8c2232,dbcca6,https://a.espncdn.com/i/teamlogos/ncaa/500/103.png,78
310130096,2011,2,2011-01-13,2011-01-13T19:00:00.000000-0500,2579,s:40~l:54~t:2579,south-carolina-gamecocks,South Carolina,Gamecocks,SC,South Carolina Gamecocks,South Carolina,73000a,ffffff,https://a.espncdn.com/i/teamlogos/ncaa/500/2579.png,away,48,false,5,0,16,41.3,19,46,0,11,72.7,8,11,7,10,6,27,0,22.2,2,9,27,0,0,0,96,s:40~l:54~t:96,kentucky-wildcats,Kentucky,Wildcats,UK,Kentucky Wildcats,Kentucky,005DAA,ffffff,https://a.espncdn.com/i/teamlogos/ncaa/500/96.png,66
310130096,2011,2,2011-01-13,2011-01-13T19:00:00.000000-0500,96,s:40~l:54~t:96,kentucky-wildcats,Kentucky,Wildcats,UK,Kentucky Wildcats,Kentucky,005DAA,ffffff,https://a.espncdn.com/i/teamlogos/ncaa/500/96.png,home,66,true,13,3,15,54.5,30,55,0,14,75.0,3,4,18,6,15,14,0,33.3,3,9,24,0,0,0,2579,s:40~l:54~t:2579,south-carolina-gamecocks,South Carolina,Gamecocks,SC,South Carolina Gamecocks,South Carolina,73000a,ffffff,https://a.espncdn.com/i/teamlogos/ncaa/500/2579.png,48
310130008,2011,2,2011-01-13,2011-01-13T21:00:00.000000-0500,61,s:40~l:54~t:61,georgia-lady-bulldogs,Georgia,Lady Bulldogs,UGA,Georgia Lady Bulldogs,Georgia,CC0000,000000,https://a.espncdn.com/i/teamlogos/ncaa/500/61.png,away,59,true,12,4,26,33.3,18,54,0,13,60.7,17,28,12,17,4,13,0,33.3,6,18,47,0,0,0,8,s:40~l:54~t:8,arkansas-razorbacks,Arkansas,Razorbacks,ARK,Arkansas Razorbacks,Arkansas,a41f35,222222,https://a.espncdn.com/i/teamlogos/ncaa/500/8.png,56
310130008,2011,2,2011-01-13,2011-01-13T21:00:00.000000-0500,8,s:40~l:54~t:8,arkansas-razorbacks,Arkansas,Razorbacks,ARK,Arkansas Razorbacks,Arkansas,a41f35,222222,https://a.espncdn.com/i/teamlogos/ncaa/500/8.png,home,56,false,14,1,17,33.9,20,59,0,20,70.0,7,10,3,8,4,8,0,47.4,9,19,33,0,0,0,61,s:40~l:54~t:61,georgia-lady-bulldogs,Georgia,Lady Bulldogs,UGA,Georgia Lady Bulldogs,Georgia,CC0000,000000,https://a.espncdn.com/i/teamlogos/ncaa/500/61.png,59
310130344,2011,2,2011-01-13,2011-01-13T20:00:00.000000-0500,99,s:40~l:54~t:99,lsu-tigers,LSU,Tigers,LSU,LSU Tigers,LSU,461d7c,fdd023,https://a.espncdn.com/i/teamlogos/ncaa/500/99.png,away,72,true,16,5,20,50.9,27,53,0,15,57.1,8,14,21,12,4,16,0,50.0,10,20,36,0,0,0,344,s:40~l:54~t:344,mississippi-state-bulldogs,Mississippi State,Bulldogs,MSST,Mississippi State Bulldogs,Mississippi St,762123,c8c8c8,https://a.espncdn.com/i/teamlogos/ncaa/500/344.png,55
310130344,2011,2,2011-01-13,2011-01-13T20:00:00.000000-0500,344,s:40~l:54~t:344,mississippi-state-bulldogs,Mississippi State,Bulldogs,MSST,Mississippi State Bulldogs,Mississippi St,762123,c8c8c8,https://a.espncdn.com/i/teamlogos/ncaa/500/344.png,home,55,false,6,4,13,36.0,18,50,0,17,71.4,15,21,5,9,4,14,0,25.0,4,16,28,0,0,0,99,s:40~l:54~t:99,lsu-tigers,LSU,Tigers,LSU,LSU Tigers,LSU,461d7c,fdd023,https://a.espncdn.com/i/teamlogos/ncaa/500/99.png,72
310130278,2011,2,2011-01-13,2011-01-13T21:00:00.000000-0500,2348,s:40~l:54~t:2348,louisiana-tech-lady-techsters,Louisiana Tech,Lady Techsters,LT,Louisiana Tech Lady Techsters,Louisiana Tech,002d65,d3313a,https://a.espncdn.com/i/teamlogos/ncaa/500/2348.png,away,94,true,16,2,35,44.2,38,86,0,24,52.2,12,23,4,22,20,36,0,35.3,6,17,62,0,0,0,278,s:40~l:54~t:278,fresno-state-bulldogs,Fresno State,Bulldogs,FRES,Fresno State Bulldogs,Fresno St,c41230,231f20,https://a.espncdn.com/i/teamlogos/ncaa/500/278.png,92
310130278,2011,2,2011-01-13,2011-01-13T21:00:00.000000-0500,278,s:40~l:54~t:278,fresno-state-bulldogs,Fresno State,Bulldogs,FRES,Fresno State Bulldogs,Fresno St,c41230,231f20,https://a.espncdn.com/i/teamlogos/ncaa/500/278.png,home,92,false,15,4,31,37.5,30,80,0,24,60.0,21,35,13,15,25,29,0,34.4,11,32,51,0,0,0,2348,s:40~l:54~t:2348,louisiana-tech-lady-techsters,Louisiana Tech,Lady Techsters,LT,Louisiana Tech Lady Techsters,Louisiana Tech,002d65,d3313a,https://a.espncdn.com/i/teamlogos/ncaa/500/2348.png,94
310120251,2011,2,2011-01-12,2011-01-12T20:00:00.000000-0500,239,s:40~l:54~t:239,baylor-bears,Baylor,Bears,BAY,Baylor Bears,Baylor,154734,ffb81c,https://a.espncdn.com/i/teamlogos/ncaa/500/239.png,away,87,true,14,9,28,42.0,29,69,0,15,72.2,26,36,15,18,5,7,0,37.5,3,8,50,0,0,0,251,s:40~l:54~t:251,texas-longhorns,Texas,Longhorns,TEX,Texas Longhorns,Texas,c15d26,ffffff,https://a.espncdn.com/i/teamlogos/ncaa/500/251.png,72
310120251,2011,2,2011-01-12,2011-01-12T20:00:00.000000-0500,251,s:40~l:54~t:251,texas-longhorns,Texas,Longhorns,TEX,Texas Longhorns,Texas,c15d26,ffffff,https://a.espncdn.com/i/teamlogos/ncaa/500/251.png,home,72,false,8,7,27,38.6,27,70,0,24,72.2,13,18,11,9,3,7,0,29.4,5,17,42,0,0,0,239,s:40~l:54~t:239,baylor-bears,Baylor,Bears,BAY,Baylor Bears,Baylor,154734,ffb81c,https://a.espncdn.com/i/teamlogos/ncaa/500/239.png,87
310122599,2011,2,2011-01-12,2011-01-12T21:30:00.000000-0500,41,s:40~l:54~t:41,uconn-huskies,UConn,Huskies,CONN,UConn Huskies,UConn,0c2340,f1f2f3,https://a.espncdn.com/i/teamlogos/ncaa/500/41.png,away,84,true,25,4,26,57.1,32,56,0,17,84.6,11,13,34,10,9,17,0,52.9,9,17,41,0,0,0,2599,s:40~l:54~t:2599,st-johns-red-storm,St. John's,Red Storm,SJU,St. John's Red Storm,St John's,d10000,101010,https://a.espncdn.com/i/teamlogos/ncaa/500/2599.png,52
310122599,2011,2,2011-01-12,2011-01-12T21:30:00.000000-0500,2599,s:40~l:54~t:2599,st-johns-red-storm,St. John's,Red Storm,SJU,St. John's Red Storm,St John's,d10000,101010,https://a.espncdn.com/i/teamlogos/ncaa/500/2599.png,home,52,false,10,4,10,36.7,18,49,0,11,76.5,13,17,2,6,8,16,0,37.5,3,8,18,0,0,0,41,s:40~l:54~t:41,uconn-huskies,UConn,Huskies,CONN,UConn Huskies,UConn,0c2340,f1f2f3,https://a.espncdn.com/i/teamlogos/ncaa/500/41.png,84
310120197,2011,2,2011-01-12,2011-01-12T20:00:00.000000-0500,245,s:40~l:54~t:245,texas-am-aggies,Texas A&M,Aggies,TA&M,Texas A&M Aggies,Texas A&M,5C0025,ffffff,https://a.espncdn.com/i/teamlogos/ncaa/500/245.png,away,82,true,18,4,23,46.2,30,65,0,22,60.9,14,23,28,19,12,20,0,50.0,8,16,46,0,0,0,197,s:40~l:54~t:197,oklahoma-state-cowgirls,Oklahoma State,Cowgirls,OKST,Oklahoma State Cowgirls,Oklahoma St,ff6500,000000,https://a.espncdn.com/i/teamlogos/ncaa/500/197.png,57
310120197,2011,2,2011-01-12,2011-01-12T20:00:00.000000-0500,197,s:40~l:54~t:197,oklahoma-state-cowgirls,Oklahoma State,Cowgirls,OKST,Oklahoma State Cowgirls,Oklahoma St,ff6500,000000,https://a.espncdn.com/i/teamlogos/ncaa/500/197.png,home,57,false,4,3,16,31.0,18,58,0,23,85.7,18,21,4,13,7,24,0,23.1,3,13,32,0,0,0,245,s:40~l:54~t:245,texas-am-aggies,Texas A&M,Aggies,TA&M,Texas A&M Aggies,Texas A&M,5C0025,ffffff,https://a.espncdn.com/i/teamlogos/ncaa/500/245.png,82
310122603,2011,2,2011-01-12,2011-01-12T13:00:00.000000-0500,2752,s:40~l:54~t:2752,xavier-musketeers,Xavier,Musketeers,XAV,Xavier Musketeers,Xavier,002144,9ea2a2,https://a.espncdn.com/i/teamlogos/ncaa/500/2752.png,away,75,true,17,4,36,43.3,29,67,0,13,68.8,11,16,26,13,5,13,0,25.0,6,24,52,0,0,0,2603,s:40~l:54~t:2603,saint-josephs-hawks,Saint Joseph's,Hawks,JOES,Saint Joseph's Hawks,Saint Joseph's,C2071B,101010,https://a.espncdn.com/i/teamlogos/ncaa/500/2603.png,54
310122603,2011,2,2011-01-12,2011-01-12T13:00:00.000000-0500,2603,s:40~l:54~t:2603,saint-josephs-hawks,Saint Joseph's,Hawks,JOES,Saint Joseph's Hawks,Saint Joseph's,C2071B,101010,https://a.espncdn.com/i/teamlogos/ncaa/500/2603.png,home,54,false,9,2,28,30.2,19,63,0,12,75.0,12,16,4,4,7,10,0,33.3,4,12,36,0,0,0,2752,s:40~l:54~t:2752,xavier-musketeers,Xavier,Musketeers,XAV,Xavier Musketeers,Xavier,002144,9ea2a2,https://a.espncdn.com/i/teamlogos/ncaa/500/2752.png,75
310120087,2011,2,2011-01-12,2011-01-12T19:00:00.000000-0500,97,s:40~l:54~t:97,louisville-cardinals,Louisville,Cardinals,LOU,Louisville Cardinals,Louisville,c9001f,000000,https://a.espncdn.com/i/teamlogos/ncaa/500/97.png,away,60,false,10,2,19,34.4,21,61,0,25,60.9,14,23,4,13,12,19,1,23.5,4,17,35,1,0,0,87,s:40~l:54~t:87,notre-dame-fighting-irish,Notre Dame,Fighting Irish,ND,Notre Dame Fighting Irish,Notre Dame,0c2340,c99700,https://a.espncdn.com/i/teamlogos/ncaa/500/87.png,80
310120087,2011,2,2011-01-12,2011-01-12T19:00:00.000000-0500,87,s:40~l:54~t:87,notre-dame-fighting-irish,Notre Dame,Fighting Irish,ND,Notre Dame Fighting Irish,Notre Dame,0c2340,c99700,https://a.espncdn.com/i/teamlogos/ncaa/500/87.png,home,80,true,21,3,29,47.3,26,55,0,19,63.2,24,38,29,11,8,19,0,40.0,4,10,45,0,0,0,97,s:40~l:54~t:97,louisville-cardinals,Louisville,Cardinals,LOU,Louisville Cardinals,Louisville,c9001f,000000,https://a.espncdn.com/i/teamlogos/ncaa/500/97.png,60
310120201,2011,2,2011-01-12,2011-01-12T20:00:00.000000-0500,2306,s:40~l:54~t:2306,kansas-state-wildcats,Kansas State,Wildcats,KSU,Kansas State Wildcats,Kansas St,633194,e7d2ad,https://a.espncdn.com/i/teamlogos/ncaa/500/2306.png,away,45,false,5,3,24,34.0,18,53,0,20,63.6,7,11,7,9,9,17,0,16.7,2,12,37,0,0,0,201,s:40~l:54~t:201,oklahoma-sooners,Oklahoma,Sooners,OU,Oklahoma Sooners,Oklahoma,9d2235,ffffff,https://a.espncdn.com/i/teamlogos/ncaa/500/201.png,52
310120201,2011,2,2011-01-12,2011-01-12T20:00:00.000000-0500,201,s:40~l:54~t:201,oklahoma-sooners,Oklahoma,Sooners,OU,Oklahoma Sooners,Oklahoma,9d2235,ffffff,https://a.espncdn.com/i/teamlogos/ncaa/500/201.png,home,52,true,7,4,24,32.2,19,59,0,13,63.6,14,22,7,13,7,15,0,0.0,0,9,44,0,0,0,2306,s:40~l:54~t:2306,kansas-state-wildcats,Kansas State,Wildcats,KSU,Kansas State Wildcats,Kansas St,633194,e7d2ad,https://a.espncdn.com/i/teamlogos/ncaa/500/2306.png,45
310122739,2011,2,2011-01-12,2011-01-12T20:00:00.000000-0500,2350,s:40~l:54~t:2350,loyola-chicago-ramblers,Loyola Chicago,Ramblers,LUC,Loyola Chicago Ramblers,Loyola Chicago,9d1244,,https://a.espncdn.com/i/teamlogos/ncaa/500/2350.png,away,51,false,12,2,22,39.1,18,46,0,17,85.7,12,14,2,3,13,26,0,18.8,3,16,27,0,0,0,2739,s:40~l:54~t:2739,green-bay-phoenix,Green Bay,Phoenix,GB,Green Bay Phoenix,Green Bay,006633,ffffff,https://a.espncdn.com/i/teamlogos/ncaa/500/2739.png,72
310122739,2011,2,2011-01-12,2011-01-12T20:00:00.000000-0500,2739,s:40~l:54~t:2739,green-bay-phoenix,Green Bay,Phoenix,GB,Green Bay Phoenix,Green Bay,006633,ffffff,https://a.espncdn.com/i/teamlogos/ncaa/500/2739.png,home,72,true,19,0,24,53.8,28,52,0,14,78.6,11,14,26,3,10,22,0,26.3,5,19,29,0,0,0,2350,s:40~l:54~t:2350,loyola-chicago-ramblers,Loyola Chicago,Ramblers,LUC,Loyola Chicago Ramblers,Loyola Chicago,9d1244,,https://a.espncdn.com/i/teamlogos/ncaa/500/2350.png,51
310110269,2011,2,2011-01-11,2011-01-11T20:00:00.000000-0500,277,s:40~l:54~t:277,west-virginia-mountaineers,West Virginia,Mountaineers,WVU,West Virginia Mountaineers,West Virginia,FFC600,eaaa00,https://a.espncdn.com/i/teamlogos/ncaa/500/277.png,away,54,false,14,1,20,36.4,20,55,0,21,68.8,11,16,8,13,6,14,0,21.4,3,14,35,0,0,0,269,s:40~l:54~t:269,marquette-golden-eagles,Marquette,Golden Eagles,MARQ,Marquette Golden Eagles,Marquette,083963,ffffff,https://a.espncdn.com/i/teamlogos/ncaa/500/269.png,69
310110269,2011,2,2011-01-11,2011-01-11T20:00:00.000000-0500,269,s:40~l:54~t:269,marquette-golden-eagles,Marquette,Golden Eagles,MARQ,Marquette Golden Eagles,Marquette,083963,ffffff,https://a.espncdn.com/i/teamlogos/ncaa/500/269.png,home,69,true,17,0,19,36.5,19,52,0,15,87.1,27,31,15,12,8,11,0,30.8,4,13,37,0,0,0,277,s:40~l:54~t:277,west-virginia-mountaineers,West Virginia,Mountaineers,WVU,West Virginia Mountaineers,West Virginia,FFC600,eaaa00,https://a.espncdn.com/i/teamlogos/ncaa/500/277.png,54
310110305,2011,2,2011-01-11,2011-01-11T21:00:00.000000-0500,58,s:40~l:54~t:58,south-florida-bulls,South Florida,Bulls,USF,South Florida Bulls,South Florida,004A36,231f20,https://a.espncdn.com/i/teamlogos/ncaa/500/58.png,away,61,false,10,4,18,36.9,24,65,0,20,52.4,11,21,2,18,3,11,0,16.7,2,12,43,0,0,0,305,s:40~l:54~t:305,depaul-blue-demons,DePaul,Blue Demons,DEP,DePaul Blue Demons,DePaul,2d649c,ce1125,https://a.espncdn.com/i/teamlogos/ncaa/500/305.png,77
310110305,2011,2,2011-01-11,2011-01-11T21:00:00.000000-0500,305,s:40~l:54~t:305,depaul-blue-demons,DePaul,Blue Demons,DEP,DePaul Blue Demons,DePaul,2d649c,ce1125,https://a.espncdn.com/i/teamlogos/ncaa/500/305.png,home,77,true,17,3,21,41.3,26,63,0,20,79.2,19,24,18,19,4,11,0,30.0,6,20,45,0,0,0,58,s:40~l:54~t:58,south-florida-bulls,South Florida,Bulls,USF,South Florida Bulls,South Florida,004A36,231f20,https://a.espncdn.com/i/teamlogos/ncaa/500/58.png,61
310110066,2011,2,2011-01-11,2011-01-11T20:00:00.000000-0500,158,s:40~l:54~t:158,nebraska-cornhuskers,Nebraska,Cornhuskers,NEB,Nebraska Cornhuskers,Nebraska,F20017,f5f1e7,https://a.espncdn.com/i/teamlogos/ncaa/500/158.png,away,43,false,9,1,21,32.7,18,55,0,21,66.7,2,3,11,7,4,15,0,20.8,5,24,31,0,0,0,66,s:40~l:54~t:66,iowa-state-cyclones,Iowa State,Cyclones,ISU,Iowa State Cyclones,Iowa State,822433,fdca2f,https://a.espncdn.com/i/teamlogos/ncaa/500/66.png,64
310110066,2011,2,2011-01-11,2011-01-11T20:00:00.000000-0500,66,s:40~l:54~t:66,iowa-state-cyclones,Iowa State,Cyclones,ISU,Iowa State Cyclones,Iowa State,822433,fdca2f,https://a.espncdn.com/i/teamlogos/ncaa/500/66.png,home,64,true,17,3,27,46.3,25,54,0,10,57.1,8,14,27,9,6,11,0,40.0,6,15,40,0,0,0,158,s:40~l:54~t:158,nebraska-cornhuskers,Nebraska,Cornhuskers,NEB,Nebraska Cornhuskers,Nebraska,F20017,f5f1e7,https://a.espncdn.com/i/teamlogos/ncaa/500/158.png,43
310100152,2011,2,2011-01-10,2011-01-10T19:00:00.000000-0500,154,s:40~l:54~t:154,wake-forest-demon-deacons,Wake Forest,Demon Deacons,WAKE,Wake Forest Demon Deacons,Wake Forest,9E7E38,000000,https://a.espncdn.com/i/teamlogos/ncaa/500/154.png,away,59,false,12,3,21,37.3,19,51,0,19,70.0,14,20,1,5,7,17,0,35.0,7,20,30,0,0,0,152,s:40~l:54~t:152,nc-state-wolfpack,NC State,Wolfpack,NCST,NC State Wolfpack,NC State,EF1216,231f20,https://a.espncdn.com/i/teamlogos/ncaa/500/152.png,80
310100152,2011,2,2011-01-10,2011-01-10T19:00:00.000000-0500,152,s:40~l:54~t:152,nc-state-wolfpack,NC State,Wolfpack,NCST,NC State Wolfpack,NC State,EF1216,231f20,https://a.espncdn.com/i/teamlogos/ncaa/500/152.png,home,80,true,17,4,24,49.2,32,65,0,17,70.6,12,17,23,11,6,14,0,25.0,4,16,41,0,0,0,154,s:40~l:54~t:154,wake-forest-demon-deacons,Wake Forest,Demon Deacons,WAKE,Wake Forest Demon Deacons,Wake Forest,9E7E38,000000,https://a.espncdn.com/i/teamlogos/ncaa/500/154.png,59
310092633,2011,2,2011-01-09,2011-01-09T12:00:00.000000-0500,145,s:40~l:54~t:145,ole-miss-rebels,Ole Miss,Rebels,MISS,Ole Miss Rebels,Ole Miss,001148,00205b,https://a.espncdn.com/i/teamlogos/ncaa/500/145.png,away,46,false,4,1,14,26.6,17,64,0,16,90.0,9,10,3,13,4,10,0,21.4,3,14,31,0,0,0,2633,s:40~l:54~t:2633,tennessee-lady-volunteers,Tennessee,Lady Volunteers,TENN,Tennessee Lady Volunteers,Tennessee,ff8200,ffffff,https://a.espncdn.com/i/teamlogos/ncaa/500/2633_ncw.png,86
310092633,2011,2,2011-01-09,2011-01-09T12:00:00.000000-0500,2633,s:40~l:54~t:2633,tennessee-lady-volunteers,Tennessee,Lady Volunteers,TENN,Tennessee Lady Volunteers,Tennessee,ff8200,ffffff,https://a.espncdn.com/i/teamlogos/ncaa/500/2633_ncw.png,home,86,true,15,6,30,50.0,35,70,0,10,66.7,10,15,40,20,4,8,0,28.6,6,21,53,0,0,0,145,s:40~l:54~t:145,ole-miss-rebels,Ole Miss,Rebels,MISS,Ole Miss Rebels,Ole Miss,001148,00205b,https://a.espncdn.com/i/teamlogos/ncaa/500/145.png,46
310090103,2011,2,2011-01-09,2011-01-09T13:00:00.000000-0500,153,s:40~l:54~t:153,north-carolina-tar-heels,North Carolina,Tar Heels,UNC,North Carolina Tar Heels,North Carolina,7bafd4,13294b,https://a.espncdn.com/i/teamlogos/ncaa/500/153.png,away,84,true,17,3,18,40.0,34,85,0,12,76.9,10,13,17,21,14,20,0,33.3,6,18,45,0,0,0,103,s:40~l:54~t:103,boston-college-eagles,Boston College,Eagles,BC,Boston College Eagles,Boston College,8c2232,dbcca6,https://a.espncdn.com/i/teamlogos/ncaa/500/103.png,83
310090103,2011,2,2011-01-09,2011-01-09T13:00:00.000000-0500,103,s:40~l:54~t:103,boston-college-eagles,Boston College,Eagles,BC,Boston College Eagles,Boston College,8c2232,dbcca6,https://a.espncdn.com/i/teamlogos/ncaa/500/103.png,home,83,false,22,4,24,52.5,31,59,0,14,70.0,7,10,2,6,7,28,0,43.8,14,32,36,0,0,0,153,s:40~l:54~t:153,north-carolina-tar-heels,North Carolina,Tar Heels,UNC,North Carolina Tar Heels,North Carolina,7bafd4,13294b,https://a.espncdn.com/i/teamlogos/ncaa/500/153.png,84
310092752,2011,2,2011-01-09,2011-01-09T15:00:00.000000-0500,2168,s:40~l:54~t:2168,dayton-flyers,Dayton,Flyers,DAY,Dayton Flyers,Dayton,004B8D,ffffff,https://a.espncdn.com/i/teamlogos/ncaa/500/2168.png,away,59,false,14,2,23,42.9,24,56,0,13,33.3,2,6,5,5,7,17,0,42.9,9,21,32,0,0,0,2752,s:40~l:54~t:2752,xavier-musketeers,Xavier,Musketeers,XAV,Xavier Musketeers,Xavier,002144,9ea2a2,https://a.espncdn.com/i/teamlogos/ncaa/500/2752.png,63
310092752,2011,2,2011-01-09,2011-01-09T15:00:00.000000-0500,2752,s:40~l:54~t:2752,xavier-musketeers,Xavier,Musketeers,XAV,Xavier Musketeers,Xavier,002144,9ea2a2,https://a.espncdn.com/i/teamlogos/ncaa/500/2752.png,home,63,true,13,4,27,34.4,22,64,0,9,78.9,15,19,14,15,8,12,0,19.0,4,21,45,0,0,0,2168,s:40~l:54~t:2168,dayton-flyers,Dayton,Flyers,DAY,Dayton Flyers,Dayton,004B8D,ffffff,https://a.espncdn.com/i/teamlogos/ncaa/500/2168.png,59
310090096,2011,2,2011-01-09,2011-01-09T14:00:00.000000-0500,61,s:40~l:54~t:61,georgia-lady-bulldogs,Georgia,Lady Bulldogs,UGA,Georgia Lady Bulldogs,Georgia,CC0000,000000,https://a.espncdn.com/i/teamlogos/ncaa/500/61.png,away,61,true,10,6,18,50.0,24,48,0,21,50.0,6,12,11,8,8,27,0,58.3,7,12,30,0,0,0,96,s:40~l:54~t:96,kentucky-wildcats,Kentucky,Wildcats,UK,Kentucky Wildcats,Kentucky,005DAA,ffffff,https://a.espncdn.com/i/teamlogos/ncaa/500/96.png,59
310090096,2011,2,2011-01-09,2011-01-09T14:00:00.000000-0500,96,s:40~l:54~t:96,kentucky-wildcats,Kentucky,Wildcats,UK,Kentucky Wildcats,Kentucky,005DAA,ffffff,https://a.espncdn.com/i/teamlogos/ncaa/500/96.png,home,59,false,9,2,14,29.5,18,61,0,15,82.6,19,23,3,18,6,24,0,30.8,4,13,40,0,0,0,61,s:40~l:54~t:61,georgia-lady-bulldogs,Georgia,Lady Bulldogs,UGA,Georgia Lady Bulldogs,Georgia,CC0000,000000,https://a.espncdn.com/i/teamlogos/ncaa/500/61.png,61
310090130,2011,2,2011-01-09,2011-01-09T12:00:00.000000-0500,127,s:40~l:54~t:127,michigan-state-spartans,Michigan State,Spartans,MSU,Michigan State Spartans,Michigan St,18453B,ffffff,https://a.espncdn.com/i/teamlogos/ncaa/500/127.png,away,63,true,12,2,22,41.8,23,55,0,18,66.7,10,15,11,17,6,21,0,33.3,7,21,41,0,0,0,130,s:40~l:54~t:130,michigan-wolverines,Michigan,Wolverines,MICH,Michigan Wolverines,Michigan,00274c,ffcb05,https://a.espncdn.com/i/teamlogos/ncaa/500/130.png,56
310090130,2011,2,2011-01-09,2011-01-09T12:00:00.000000-0500,130,s:40~l:54~t:130,michigan-wolverines,Michigan,Wolverines,MICH,Michigan Wolverines,Michigan,00274c,ffcb05,https://a.espncdn.com/i/teamlogos/ncaa/500/130.png,home,56,false,7,0,14,38.8,19,49,0,14,80.0,12,15,7,6,7,17,0,28.6,6,21,24,0,0,0,127,s:40~l:54~t:127,michigan-state-spartans,Michigan State,Spartans,MSU,Michigan State Spartans,Michigan St,18453B,ffffff,https://a.espncdn.com/i/teamlogos/ncaa/500/127.png,63
310090052,2011,2,2011-01-09,2011-01-09T15:00:00.000000-0500,258,s:40~l:54~t:258,virginia-cavaliers,Virginia,Cavaliers,UVA,Virginia Cavaliers,Virginia,f84c1e,ffffff,https://a.espncdn.com/i/teamlogos/ncaa/500/258.png,away,51,false,7,3,17,32.8,20,61,0,23,60.0,6,10,1,9,10,18,0,29.4,5,17,33,0,0,0,52,s:40~l:54~t:52,florida-state-seminoles,Florida State,Seminoles,FSU,Florida State Seminoles,Florida St,782F40,ceb888,https://a.espncdn.com/i/teamlogos/ncaa/500/52.png,61
310090052,2011,2,2011-01-09,2011-01-09T15:00:00.000000-0500,52,s:40~l:54~t:52,florida-state-seminoles,Florida State,Seminoles,FSU,Florida State Seminoles,Florida St,782F40,ceb888,https://a.espncdn.com/i/teamlogos/ncaa/500/52.png,home,61,true,10,2,30,39.1,18,46,0,14,84.6,22,26,12,9,9,21,0,25.0,3,12,39,0,0,0,258,s:40~l:54~t:258,virginia-cavaliers,Virginia,Cavaliers,UVA,Virginia Cavaliers,Virginia,f84c1e,ffffff,https://a.espncdn.com/i/teamlogos/ncaa/500/258.png,51
310092306,2011,2,2011-01-09,2011-01-09T15:30:00.000000-0500,197,s:40~l:54~t:197,oklahoma-state-cowgirls,Oklahoma State,Cowgirls,OKST,Oklahoma State Cowgirls,Oklahoma St,ff6500,000000,https://a.espncdn.com/i/teamlogos/ncaa/500/197.png,away,45,false,5,4,13,28.8,17,59,0,13,60.0,6,10,2,16,3,11,0,35.7,5,14,34,0,0,0,2306,s:40~l:54~t:2306,kansas-state-wildcats,Kansas State,Wildcats,KSU,Kansas State Wildcats,Kansas St,633194,e7d2ad,https://a.espncdn.com/i/teamlogos/ncaa/500/2306.png,63
310092306,2011,2,2011-01-09,2011-01-09T15:30:00.000000-0500,2306,s:40~l:54~t:2306,kansas-state-wildcats,Kansas State,Wildcats,KSU,Kansas State Wildcats,Kansas St,633194,e7d2ad,https://a.espncdn.com/i/teamlogos/ncaa/500/2306.png,home,63,true,14,1,23,44.4,20,45,0,10,64.7,11,17,24,12,4,16,0,50.0,12,24,38,0,0,0,197,s:40~l:54~t:197,oklahoma-state-cowgirls,Oklahoma State,Cowgirls,OKST,Oklahoma State Cowgirls,Oklahoma St,ff6500,000000,https://a.espncdn.com/i/teamlogos/ncaa/500/197.png,45
310080239,2011,2,2011-01-08,2011-01-08T12:00:00.000000-0500,66,s:40~l:54~t:66,iowa-state-cyclones,Iowa State,Cyclones,ISU,Iowa State Cyclones,Iowa State,822433,fdca2f,https://a.espncdn.com/i/teamlogos/ncaa/500/66.png,away,58,false,12,3,20,39.6,21,53,0,15,81.8,9,11,0,7,1,14,0,35.0,7,20,31,0,0,0,239,s:40~l:54~t:239,baylor-bears,Baylor,Bears,BAY,Baylor Bears,Baylor,154734,ffb81c,https://a.espncdn.com/i/teamlogos/ncaa/500/239.png,70
310080239,2011,2,2011-01-08,2011-01-08T12:00:00.000000-0500,239,s:40~l:54~t:239,baylor-bears,Baylor,Bears,BAY,Baylor Bears,Baylor,154734,ffb81c,https://a.espncdn.com/i/teamlogos/ncaa/500/239.png,home,70,true,12,5,24,49.0,24,49,0,18,81.8,18,22,21,4,7,12,0,40.0,4,10,30,0,0,0,66,s:40~l:54~t:66,iowa-state-cyclones,Iowa State,Cyclones,ISU,Iowa State Cyclones,Iowa State,822433,fdca2f,https://a.espncdn.com/i/teamlogos/ncaa/500/66.png,58
310080087,2011,2,2011-01-08,2011-01-08T14:00:00.000000-0500,41,s:40~l:54~t:41,uconn-huskies,UConn,Huskies,CONN,UConn Huskies,UConn,0c2340,f1f2f3,https://a.espncdn.com/i/teamlogos/ncaa/500/41.png,away,79,true,17,4,26,42.1,24,57,0,18,96.3,26,27,4,7,8,17,0,29.4,5,17,43,0,0,0,87,s:40~l:54~t:87,notre-dame-fighting-irish,Notre Dame,Fighting Irish,ND,Notre Dame Fighting Irish,Notre Dame,0c2340,c99700,https://a.espncdn.com/i/teamlogos/ncaa/500/87.png,76
310080087,2011,2,2011-01-08,2011-01-08T14:00:00.000000-0500,87,s:40~l:54~t:87,notre-dame-fighting-irish,Notre Dame,Fighting Irish,ND,Notre Dame Fighting Irish,Notre Dame,0c2340,c99700,https://a.espncdn.com/i/teamlogos/ncaa/500/87.png,home,76,false,17,7,19,36.0,27,75,0,18,80.0,20,25,7,18,7,14,0,18.2,2,11,43,0,0,0,41,s:40~l:54~t:41,uconn-huskies,UConn,Huskies,CONN,UConn Huskies,UConn,0c2340,f1f2f3,https://a.espncdn.com/i/teamlogos/ncaa/500/41.png,79
310080277,2011,2,2011-01-08,2011-01-08T16:00:00.000000-0500,2132,s:40~l:54~t:2132,cincinnati-bearcats,Cincinnati,Bearcats,CIN,Cincinnati Bearcats,Cincinnati,000000,717073,https://a.espncdn.com/i/teamlogos/ncaa/500/2132.png,away,44,false,4,5,18,19.7,12,61,0,20,71.4,15,21,0,15,8,22,0,45.5,5,11,46,0,0,0,277,s:40~l:54~t:277,west-virginia-mountaineers,West Virginia,Mountaineers,WVU,West Virginia Mountaineers,West Virginia,FFC600,eaaa00,https://a.espncdn.com/i/teamlogos/ncaa/500/277.png,72
310080277,2011,2,2011-01-08,2011-01-08T16:00:00.000000-0500,277,s:40~l:54~t:277,west-virginia-mountaineers,West Virginia,Mountaineers,WVU,West Virginia Mountaineers,West Virginia,FFC600,eaaa00,https://a.espncdn.com/i/teamlogos/ncaa/500/277.png,home,72,true,13,17,24,45.5,25,55,0,19,77.3,17,22,28,12,11,17,0,35.7,5,14,42,0,0,0,2132,s:40~l:54~t:2132,cincinnati-bearcats,Cincinnati,Bearcats,CIN,Cincinnati Bearcats,Cincinnati,000000,717073,https://a.espncdn.com/i/teamlogos/ncaa/500/2132.png,44
310080245,2011,2,2011-01-08,2011-01-08T20:00:00.000000-0500,38,s:40~l:54~t:38,colorado-buffaloes,Colorado,Buffaloes,COLO,Colorado Buffaloes,Colorado,000000,cfb87c,https://a.espncdn.com/i/teamlogos/ncaa/500/38.png,away,57,false,10,6,23,42.9,21,49,0,23,63.6,7,11,1,9,4,27,0,40.0,8,20,34,0,0,0,245,s:40~l:54~t:245,texas-am-aggies,Texas A&M,Aggies,TA&M,Texas A&M Aggies,Texas A&M,5C0025,ffffff,https://a.espncdn.com/i/teamlogos/ncaa/500/245.png,85
310080245,2011,2,2011-01-08,2011-01-08T20:00:00.000000-0500,245,s:40~l:54~t:245,texas-am-aggies,Texas A&M,Aggies,TA&M,Texas A&M Aggies,Texas A&M,5C0025,ffffff,https://a.espncdn.com/i/teamlogos/ncaa/500/245.png,home,85,true,16,6,19,45.3,29,64,0,13,75.0,24,32,33,13,11,7,0,23.1,3,13,35,0,0,0,38,s:40~l:54~t:38,colorado-buffaloes,Colorado,Buffaloes,COLO,Colorado Buffaloes,Colorado,000000,cfb87c,https://a.espncdn.com/i/teamlogos/ncaa/500/38.png,57
310082599,2011,2,2011-01-08,2011-01-08T16:00:00.000000-0500,305,s:40~l:54~t:305,depaul-blue-demons,DePaul,Blue Demons,DEP,DePaul Blue Demons,DePaul,2d649c,ce1125,https://a.espncdn.com/i/teamlogos/ncaa/500/305.png,away,69,true,15,3,28,40.3,27,67,0,20,80.0,8,10,20,18,8,14,0,25.0,7,28,48,0,0,0,2599,s:40~l:54~t:2599,st-johns-red-storm,St. John's,Red Storm,SJU,St. John's Red Storm,St John's,d10000,101010,https://a.espncdn.com/i/teamlogos/ncaa/500/2599.png,54
310082599,2011,2,2011-01-08,2011-01-08T16:00:00.000000-0500,2599,s:40~l:54~t:2599,st-johns-red-storm,St. John's,Red Storm,SJU,St. John's Red Storm,St John's,d10000,101010,https://a.espncdn.com/i/teamlogos/ncaa/500/2599.png,home,54,false,9,1,18,39.6,21,53,0,13,45.5,10,22,8,12,9,14,0,25.0,2,8,34,0,0,0,305,s:40~l:54~t:305,depaul-blue-demons,DePaul,Blue Demons,DEP,DePaul Blue Demons,DePaul,2d649c,ce1125,https://a.espncdn.com/i/teamlogos/ncaa/500/305.png,69
310080158,2011,2,2011-01-08,2011-01-08T15:00:00.000000-0500,201,s:40~l:54~t:201,oklahoma-sooners,Oklahoma,Sooners,OU,Oklahoma Sooners,Oklahoma,9d2235,ffffff,https://a.espncdn.com/i/teamlogos/ncaa/500/201.png,away,70,true,16,2,27,43.3,26,60,0,22,70.0,7,10,25,6,12,15,0,45.8,11,24,39,0,0,0,158,s:40~l:54~t:158,nebraska-cornhuskers,Nebraska,Cornhuskers,NEB,Nebraska Cornhuskers,Nebraska,F20017,f5f1e7,https://a.espncdn.com/i/teamlogos/ncaa/500/158.png,50
310080158,2011,2,2011-01-08,2011-01-08T15:00:00.000000-0500,158,s:40~l:54~t:158,nebraska-cornhuskers,Nebraska,Cornhuskers,NEB,Nebraska Cornhuskers,Nebraska,F20017,f5f1e7,https://a.espncdn.com/i/teamlogos/ncaa/500/158.png,home,50,false,11,4,26,29.6,16,54,0,14,59.1,13,22,4,9,5,18,0,26.3,5,19,40,0,0,0,201,s:40~l:54~t:201,oklahoma-sooners,Oklahoma,Sooners,OU,Oklahoma Sooners,Oklahoma,9d2235,ffffff,https://a.espncdn.com/i/teamlogos/ncaa/500/201.png,70
310082294,2011,2,2011-01-08,2011-01-08T16:00:00.000000-0500,194,s:40~l:54~t:194,ohio-state-buckeyes,Ohio State,Buckeyes,OSU,Ohio State Buckeyes,Ohio State,ce1141,505056,https://a.espncdn.com/i/teamlogos/ncaa/500/194.png,away,76,false,10,5,25,42.9,27,63,0,22,90.0,18,20,2,13,5,12,0,18.2,4,22,38,0,0,0,2294,s:40~l:54~t:2294,iowa-hawkeyes,Iowa,Hawkeyes,IOWA,Iowa Hawkeyes,Iowa,000000,fcd116,https://a.espncdn.com/i/teamlogos/ncaa/500/2294.png,89
310082294,2011,2,2011-01-08,2011-01-08T16:00:00.000000-0500,2294,s:40~l:54~t:2294,iowa-hawkeyes,Iowa,Hawkeyes,IOWA,Iowa Hawkeyes,Iowa,000000,fcd116,https://a.espncdn.com/i/teamlogos/ncaa/500/2294.png,home,89,true,16,4,23,49.2,31,63,0,12,67.9,19,28,15,11,6,7,0,42.1,8,19,37,0,0,0,194,s:40~l:54~t:194,ohio-state-buckeyes,Ohio State,Buckeyes,OSU,Ohio State Buckeyes,Ohio State,ce1141,505056,https://a.espncdn.com/i/teamlogos/ncaa/500/194.png,76
310080142,2011,2,2011-01-08,2011-01-08T17:00:00.000000-0500,251,s:40~l:54~t:251,texas-longhorns,Texas,Longhorns,TEX,Texas Longhorns,Texas,c15d26,ffffff,https://a.espncdn.com/i/teamlogos/ncaa/500/251.png,away,80,false,12,5,28,42.3,33,78,0,22,53.3,8,15,12,17,6,16,0,40.0,6,15,50,0,0,0,142,s:40~l:54~t:142,missouri-tigers,Missouri,Tigers,MIZ,Missouri Tigers,Missouri,f1b82d,000000,https://a.espncdn.com/i/teamlogos/ncaa/500/142.png,85
310080142,2011,2,2011-01-08,2011-01-08T17:00:00.000000-0500,142,s:40~l:54~t:142,missouri-tigers,Missouri,Tigers,MIZ,Missouri Tigers,Missouri,f1b82d,000000,https://a.espncdn.com/i/teamlogos/ncaa/500/142.png,home,85,true,15,6,24,41.4,29,70,0,15,62.5,20,32,5,16,6,13,0,35.0,7,20,46,0,0,0,251,s:40~l:54~t:251,texas-longhorns,Texas,Longhorns,TEX,Texas Longhorns,Texas,c15d26,ffffff,https://a.espncdn.com/i/teamlogos/ncaa/500/251.png,80
310080325,2011,2,2011-01-08,2011-01-08T14:00:00.000000-0500,2739,s:40~l:54~t:2739,green-bay-phoenix,Green Bay,Phoenix,GB,Green Bay Phoenix,Green Bay,006633,ffffff,https://a.espncdn.com/i/teamlogos/ncaa/500/2739.png,away,63,true,15,1,21,39.3,22,56,0,19,82.4,14,17,15,9,14,19,0,22.7,5,22,35,0,0,0,325,s:40~l:54~t:325,cleveland-state-vikings,Cleveland State,Vikings,CLEV,Cleveland State Vikings,Cleveland St,006633,231f20,https://a.espncdn.com/i/teamlogos/ncaa/500/325.png,55
310080325,2011,2,2011-01-08,2011-01-08T14:00:00.000000-0500,325,s:40~l:54~t:325,cleveland-state-vikings,Cleveland State,Vikings,CLEV,Cleveland State Vikings,Cleveland St,006633,231f20,https://a.espncdn.com/i/teamlogos/ncaa/500/325.png,home,55,false,10,2,22,38.0,19,50,0,16,78.9,15,19,0,8,3,24,0,18.2,2,11,34,0,0,0,2739,s:40~l:54~t:2739,green-bay-phoenix,Green Bay,Phoenix,GB,Green Bay Phoenix,Green Bay,006633,ffffff,https://a.espncdn.com/i/teamlogos/ncaa/500/2739.png,63
310060150,2011,2,2011-01-06,2011-01-06T19:00:00.000000-0500,120,s:40~l:54~t:120,maryland-terrapins,Maryland,Terrapins,MD,Maryland Terrapins,Maryland,D5002B,ffcd00,https://a.espncdn.com/i/teamlogos/ncaa/500/120.png,away,64,false,18,4,20,37.7,23,61,0,16,66.7,14,21,10,18,9,19,0,40.0,4,10,42,0,0,0,150,s:40~l:54~t:150,duke-blue-devils,Duke,Blue Devils,DUKE,Duke Blue Devils,Duke,013088,ffffff,https://a.espncdn.com/i/teamlogos/ncaa/500/150.png,71
310060150,2011,2,2011-01-06,2011-01-06T19:00:00.000000-0500,150,s:40~l:54~t:150,duke-blue-devils,Duke,Blue Devils,DUKE,Duke Blue Devils,Duke,013088,ffffff,https://a.espncdn.com/i/teamlogos/ncaa/500/150.png,home,71,true,16,7,23,38.2,26,68,0,16,76.5,13,17,7,18,12,16,0,20.7,6,29,46,0,0,0,120,s:40~l:54~t:120,maryland-terrapins,Maryland,Terrapins,MD,Maryland Terrapins,Maryland,D5002B,ffcd00,https://a.espncdn.com/i/teamlogos/ncaa/500/120.png,64
310060024,2011,2,2011-01-06,2011-01-06T22:00:00.000000-0500,12,s:40~l:54~t:12,arizona-wildcats,Arizona,Wildcats,ARIZ,Arizona Wildcats,Arizona,0c234b,ab0520,https://a.espncdn.com/i/teamlogos/ncaa/500/12.png,away,54,false,6,1,17,34.3,23,67,0,15,30.8,4,13,0,9,5,18,0,20.0,4,20,35,0,0,0,24,s:40~l:54~t:24,stanford-cardinal,Stanford,Cardinal,STAN,Stanford Cardinal,Stanford,8c1515,ffffff,https://a.espncdn.com/i/teamlogos/ncaa/500/24.png,87
310060024,2011,2,2011-01-06,2011-01-06T22:00:00.000000-0500,24,s:40~l:54~t:24,stanford-cardinal,Stanford,Cardinal,STAN,Stanford Cardinal,Stanford,8c1515,ffffff,https://a.espncdn.com/i/teamlogos/ncaa/500/24.png,home,87,true,20,4,33,52.9,36,68,0,11,71.4,10,14,35,13,11,15,0,35.7,5,14,50,0,0,0,12,s:40~l:54~t:12,arizona-wildcats,Arizona,Wildcats,ARIZ,Arizona Wildcats,Arizona,0c234b,ab0520,https://a.espncdn.com/i/teamlogos/ncaa/500/12.png,54
310062633,2011,2,2011-01-06,2011-01-06T19:00:00.000000-0500,333,s:40~l:54~t:333,alabama-crimson-tide,Alabama,Crimson Tide,ALA,Alabama Crimson Tide,Alabama,9e1632,ffffff,https://a.espncdn.com/i/teamlogos/ncaa/500/333.png,away,45,false,6,4,18,19.5,16,82,0,29,75.0,9,12,1,20,4,17,0,19.0,4,21,49,0,0,0,2633,s:40~l:54~t:2633,tennessee-lady-volunteers,Tennessee,Lady Volunteers,TENN,Tennessee Lady Volunteers,Tennessee,ff8200,ffffff,https://a.espncdn.com/i/teamlogos/ncaa/500/2633_ncw.png,110
310062633,2011,2,2011-01-06,2011-01-06T19:00:00.000000-0500,2633,s:40~l:54~t:2633,tennessee-lady-volunteers,Tennessee,Lady Volunteers,TENN,Tennessee Lady Volunteers,Tennessee,ff8200,ffffff,https://a.espncdn.com/i/teamlogos/ncaa/500/2633_ncw.png,home,110,true,23,12,38,53.0,35,66,0,17,83.8,31,37,67,11,5,9,0,50.0,9,18,54,0,0,0,333,s:40~l:54~t:333,alabama-crimson-tide,Alabama,Crimson Tide,ALA,Alabama Crimson Tide,Alabama,9e1632,ffffff,https://a.espncdn.com/i/teamlogos/ncaa/500/333.png,45
310060059,2011,2,2011-01-06,2011-01-06T19:00:00.000000-0500,153,s:40~l:54~t:153,north-carolina-tar-heels,North Carolina,Tar Heels,UNC,North Carolina Tar Heels,North Carolina,7bafd4,13294b,https://a.espncdn.com/i/teamlogos/ncaa/500/153.png,away,70,false,15,4,15,45.3,29,64,0,17,72.7,8,11,7,10,13,16,0,26.7,4,15,29,0,0,0,59,s:40~l:54~t:59,georgia-tech-yellow-jackets,Georgia Tech,Yellow Jackets,GT,Georgia Tech Yellow Jackets,Georgia Tech,00223e,002c56,https://a.espncdn.com/i/teamlogos/ncaa/500/59.png,71
310060059,2011,2,2011-01-06,2011-01-06T19:00:00.000000-0500,59,s:40~l:54~t:59,georgia-tech-yellow-jackets,Georgia Tech,Yellow Jackets,GT,Georgia Tech Yellow Jackets,Georgia Tech,00223e,002c56,https://a.espncdn.com/i/teamlogos/ncaa/500/59.png,home,71,true,13,1,17,42.3,22,52,0,13,75.0,21,28,8,15,10,23,0,42.9,6,14,39,0,0,0,153,s:40~l:54~t:153,north-carolina-tar-heels,North Carolina,Tar Heels,UNC,North Carolina Tar Heels,North Carolina,7bafd4,13294b,https://a.espncdn.com/i/teamlogos/ncaa/500/153.png,70
310060008,2011,2,2011-01-06,2011-01-06T20:00:00.000000-0500,96,s:40~l:54~t:96,kentucky-wildcats,Kentucky,Wildcats,UK,Kentucky Wildcats,Kentucky,005DAA,ffffff,https://a.espncdn.com/i/teamlogos/ncaa/500/96.png,away,67,false,9,3,21,28.4,19,67,0,21,71.4,25,35,2,16,10,15,0,26.7,4,15,42,0,0,0,8,s:40~l:54~t:8,arkansas-razorbacks,Arkansas,Razorbacks,ARK,Arkansas Razorbacks,Arkansas,a41f35,222222,https://a.espncdn.com/i/teamlogos/ncaa/500/8.png,78
310060008,2011,2,2011-01-06,2011-01-06T20:00:00.000000-0500,8,s:40~l:54~t:8,arkansas-razorbacks,Arkansas,Razorbacks,ARK,Arkansas Razorbacks,Arkansas,a41f35,222222,https://a.espncdn.com/i/teamlogos/ncaa/500/8.png,home,78,true,11,11,30,50.9,29,57,0,21,75.0,18,24,18,7,6,19,0,25.0,2,8,41,0,0,0,96,s:40~l:54~t:96,kentucky-wildcats,Kentucky,Wildcats,UK,Kentucky Wildcats,Kentucky,005DAA,ffffff,https://a.espncdn.com/i/teamlogos/ncaa/500/96.png,67
310060127,2011,2,2011-01-06,2011-01-06T19:00:00.000000-0500,275,s:40~l:54~t:275,wisconsin-badgers,Wisconsin,Badgers,WISC,Wisconsin Badgers,Wisconsin,A00000,f7f7f7,https://a.espncdn.com/i/teamlogos/ncaa/500/275.png,away,43,false,8,1,15,32.6,15,46,0,17,55.0,11,20,10,1,9,10,0,18.2,2,11,21,0,0,0,127,s:40~l:54~t:127,michigan-state-spartans,Michigan State,Spartans,MSU,Michigan State Spartans,Michigan St,18453B,ffffff,https://a.espncdn.com/i/teamlogos/ncaa/500/127.png,62
310060127,2011,2,2011-01-06,2011-01-06T19:00:00.000000-0500,127,s:40~l:54~t:127,michigan-state-spartans,Michigan State,Spartans,MSU,Michigan State Spartans,Michigan St,18453B,ffffff,https://a.espncdn.com/i/teamlogos/ncaa/500/127.png,home,62,true,13,7,33,48.1,25,52,0,14,58.3,7,12,19,10,7,18,0,31.3,5,16,45,0,0,0,275,s:40~l:54~t:275,wisconsin-badgers,Wisconsin,Badgers,WISC,Wisconsin Badgers,Wisconsin,A00000,f7f7f7,https://a.espncdn.com/i/teamlogos/ncaa/500/275.png,43
310060259,2011,2,2011-01-06,2011-01-06T19:00:00.000000-0500,52,s:40~l:54~t:52,florida-state-seminoles,Florida State,Seminoles,FSU,Florida State Seminoles,Florida St,782F40,ceb888,https://a.espncdn.com/i/teamlogos/ncaa/500/52.png,away,79,true,20,2,25,54.4,31,57,0,16,54.5,12,22,32,12,10,17,0,50.0,5,10,43,0,0,0,259,s:40~l:54~t:259,virginia-tech-hokies,Virginia Tech,Hokies,VT,Virginia Tech Hokies,Virginia Tech,630031,cf4520,https://a.espncdn.com/i/teamlogos/ncaa/500/259.png,48
310060259,2011,2,2011-01-06,2011-01-06T19:00:00.000000-0500,259,s:40~l:54~t:259,virginia-tech-hokies,Virginia Tech,Hokies,VT,Virginia Tech Hokies,Virginia Tech,630031,cf4520,https://a.espncdn.com/i/teamlogos/ncaa/500/259.png,home,48,false,10,6,16,35.3,18,51,0,16,42.1,8,19,0,9,5,20,0,25.0,4,16,31,0,0,0,52,s:40~l:54~t:52,florida-state-seminoles,Florida State,Seminoles,FSU,Florida State Seminoles,Florida St,782F40,ceb888,https://a.espncdn.com/i/teamlogos/ncaa/500/52.png,79
310062754,2011,2,2011-01-06,2011-01-06T19:05:00.000000-0500,2739,s:40~l:54~t:2739,green-bay-phoenix,Green Bay,Phoenix,GB,Green Bay Phoenix,Green Bay,006633,ffffff,https://a.espncdn.com/i/teamlogos/ncaa/500/2739.png,away,71,true,25,1,18,47.5,29,61,0,18,75.0,6,8,24,12,15,25,0,25.0,7,28,32,0,0,0,2754,s:40~l:54~t:2754,youngstown-state-penguins,Youngstown State,Penguins,YSU,Youngstown State Penguins,Youngstown St,E51937,690717,https://a.espncdn.com/i/teamlogos/ncaa/500/2754.png,57
310062754,2011,2,2011-01-06,2011-01-06T19:05:00.000000-0500,2754,s:40~l:54~t:2754,youngstown-state-penguins,Youngstown State,Penguins,YSU,Youngstown State Penguins,Youngstown St,E51937,690717,https://a.espncdn.com/i/teamlogos/ncaa/500/2754.png,home,57,false,10,2,18,50.0,22,44,0,15,100.0,9,9,4,2,13,32,0,36.4,4,11,23,0,0,0,2739,s:40~l:54~t:2739,green-bay-phoenix,Green Bay,Phoenix,GB,Green Bay Phoenix,Green Bay,006633,ffffff,https://a.espncdn.com/i/teamlogos/ncaa/500/2739.png,71
310062483,2011,2,2011-01-06,2011-01-06T22:00:00.000000-0500,265,s:40~l:54~t:265,washington-state-cougars,Washington State,Cougars,WSU,Washington State Cougars,Washington St,94022a,6a747c,https://a.espncdn.com/i/teamlogos/ncaa/500/265.png,away,72,false,20,3,30,37.0,27,73,0,23,61.5,8,13,12,14,11,21,0,28.6,10,35,49,0,0,0,2483,s:40~l:54~t:2483,oregon-ducks,Oregon,Ducks,ORE,Oregon Ducks,Oregon,044520,fee123,https://a.espncdn.com/i/teamlogos/ncaa/500/2483.png,77
310062483,2011,2,2011-01-06,2011-01-06T22:00:00.000000-0500,2483,s:40~l:54~t:2483,oregon-ducks,Oregon,Ducks,ORE,Oregon Ducks,Oregon,044520,fee123,https://a.espncdn.com/i/teamlogos/ncaa/500/2483.png,home,77,true,15,4,29,33.8,24,71,0,14,66.7,20,30,6,18,11,20,0,34.6,9,26,49,0,0,0,265,s:40~l:54~t:265,washington-state-cougars,Washington State,Cougars,WSU,Washington State Cougars,Washington St,94022a,6a747c,https://a.espncdn.com/i/teamlogos/ncaa/500/265.png,72
310060025,2011,2,2011-01-06,2011-01-06T22:00:00.000000-0500,9,s:40~l:54~t:9,arizona-state-sun-devils,Arizona State,Sun Devils,ASU,Arizona State Sun Devils,Arizona State,942139,f1f2f3,https://a.espncdn.com/i/teamlogos/ncaa/500/9.png,away,55,false,16,2,10,37.3,22,59,0,20,76.9,10,13,0,11,3,13,0,7.7,1,13,25,0,0,0,25,s:40~l:54~t:25,california-golden-bears,California,Golden Bears,CAL,California Golden Bears,California,031522,ffc423,https://a.espncdn.com/i/teamlogos/ncaa/500/25.png,67
310060025,2011,2,2011-01-06,2011-01-06T22:00:00.000000-0500,25,s:40~l:54~t:25,california-golden-bears,California,Golden Bears,CAL,California Golden Bears,California,031522,ffc423,https://a.espncdn.com/i/teamlogos/ncaa/500/25.png,home,67,true,16,2,22,50.0,26,52,0,16,68.2,15,22,14,12,3,15,0,0.0,0,3,39,0,0,0,9,s:40~l:54~t:9,arizona-state-sun-devils,Arizona State,Sun Devils,ASU,Arizona State Sun Devils,Arizona State,942139,f1f2f3,https://a.espncdn.com/i/teamlogos/ncaa/500/9.png,55
310062440,2011,2,2011-01-06,2011-01-06T23:00:00.000000-0500,70,s:40~l:54~t:70,idaho-vandals,Idaho,Vandals,IDHO,Idaho Vandals,Idaho,000000,8c6e4a,https://a.espncdn.com/i/teamlogos/ncaa/500/70.png,away,61,true,5,4,27,33.3,19,57,0,17,71.4,20,28,9,6,11,16,0,18.8,3,16,43,0,0,0,2440,s:40~l:54~t:2440,nevada-wolf-pack,Nevada,Wolf Pack,NEV,Nevada Wolf Pack,Nevada,153E5F,8e9295,https://a.espncdn.com/i/teamlogos/ncaa/500/2440.png,56
310062440,2011,2,2011-01-06,2011-01-06T23:00:00.000000-0500,2440,s:40~l:54~t:2440,nevada-wolf-pack,Nevada,Wolf Pack,NEV,Nevada Wolf Pack,Nevada,153E5F,8e9295,https://a.espncdn.com/i/teamlogos/ncaa/500/2440.png,home,56,false,9,1,28,36.8,21,57,0,23,54.5,12,22,2,7,6,22,0,15.4,2,13,41,0,0,0,70,s:40~l:54~t:70,idaho-vandals,Idaho,Vandals,IDHO,Idaho Vandals,Idaho,000000,8c6e4a,https://a.espncdn.com/i/teamlogos/ncaa/500/70.png,61
310050041,2011,2,2011-01-05,2011-01-05T19:30:00.000000-0500,222,s:40~l:54~t:222,villanova-wildcats,Villanova,Wildcats,VILL,Villanova Wildcats,Villanova,00205b,13b5ea,https://a.espncdn.com/i/teamlogos/ncaa/500/222.png,away,35,false,11,2,11,22.0,11,50,0,17,100.0,4,4,0,2,7,12,0,23.7,9,38,16,0,0,0,41,s:40~l:54~t:41,uconn-huskies,UConn,Huskies,CONN,UConn Huskies,UConn,0c2340,f1f2f3,https://a.espncdn.com/i/teamlogos/ncaa/500/41.png,81
310050041,2011,2,2011-01-05,2011-01-05T19:30:00.000000-0500,41,s:40~l:54~t:41,uconn-huskies,UConn,Huskies,CONN,UConn Huskies,UConn,0c2340,f1f2f3,https://a.espncdn.com/i/teamlogos/ncaa/500/41.png,home,81,true,17,2,33,57.7,30,52,0,8,78.9,15,19,46,9,7,14,0,50.0,6,12,47,0,0,0,222,s:40~l:54~t:222,villanova-wildcats,Villanova,Wildcats,VILL,Villanova Wildcats,Villanova,00205b,13b5ea,https://a.espncdn.com/i/teamlogos/ncaa/500/222.png,35
310052550,2011,2,2011-01-05,2011-01-05T12:30:00.000000-0500,277,s:40~l:54~t:277,west-virginia-mountaineers,West Virginia,Mountaineers,WVU,West Virginia Mountaineers,West Virginia,FFC600,eaaa00,https://a.espncdn.com/i/teamlogos/ncaa/500/277.png,away,67,true,10,13,27,46.4,26,56,0,17,64.7,11,17,24,13,11,22,0,28.6,4,14,45,0,0,0,2550,s:40~l:54~t:2550,seton-hall-pirates,Seton Hall,Pirates,HALL,Seton Hall Pirates,Seton Hall,0857B1,8a8d8f,https://a.espncdn.com/i/teamlogos/ncaa/500/2550.png,46
310052550,2011,2,2011-01-05,2011-01-05T12:30:00.000000-0500,2550,s:40~l:54~t:2550,seton-hall-pirates,Seton Hall,Pirates,HALL,Seton Hall Pirates,Seton Hall,0857B1,8a8d8f,https://a.espncdn.com/i/teamlogos/ncaa/500/2550.png,home,46,false,10,3,12,27.8,15,54,0,18,64.7,11,17,1,11,9,21,0,62.5,5,8,28,0,0,0,277,s:40~l:54~t:277,west-virginia-mountaineers,West Virginia,Mountaineers,WVU,West Virginia Mountaineers,West Virginia,FFC600,eaaa00,https://a.espncdn.com/i/teamlogos/ncaa/500/277.png,67
310052752,2011,2,2011-01-05,2011-01-05T19:00:00.000000-0500,142,s:40~l:54~t:142,missouri-tigers,Missouri,Tigers,MIZ,Missouri Tigers,Missouri,f1b82d,000000,https://a.espncdn.com/i/teamlogos/ncaa/500/142.png,away,51,false,15,7,22,33.9,20,59,0,13,70.0,7,10,0,13,4,18,0,30.8,4,13,38,0,0,0,2752,s:40~l:54~t:2752,xavier-musketeers,Xavier,Musketeers,XAV,Xavier Musketeers,Xavier,002144,9ea2a2,https://a.espncdn.com/i/teamlogos/ncaa/500/2752.png,83
310052752,2011,2,2011-01-05,2011-01-05T19:00:00.000000-0500,2752,s:40~l:54~t:2752,xavier-musketeers,Xavier,Musketeers,XAV,Xavier Musketeers,Xavier,002144,9ea2a2,https://a.espncdn.com/i/teamlogos/ncaa/500/2752.png,home,83,true,19,5,24,43.3,29,67,0,11,68.2,15,22,34,16,10,10,0,41.7,10,24,45,0,0,0,142,s:40~l:54~t:142,missouri-tigers,Missouri,Tigers,MIZ,Missouri Tigers,Missouri,f1b82d,000000,https://a.espncdn.com/i/teamlogos/ncaa/500/142.png,51
310050269,2011,2,2011-01-05,2011-01-05T20:00:00.000000-0500,87,s:40~l:54~t:87,notre-dame-fighting-irish,Notre Dame,Fighting Irish,ND,Notre Dame Fighting Irish,Notre Dame,0c2340,c99700,https://a.espncdn.com/i/teamlogos/ncaa/500/87.png,away,73,true,13,5,23,47.4,27,57,0,22,83.3,15,18,23,11,14,18,0,33.3,4,12,39,0,0,0,269,s:40~l:54~t:269,marquette-golden-eagles,Marquette,Golden Eagles,MARQ,Marquette Golden Eagles,Marquette,083963,ffffff,https://a.espncdn.com/i/teamlogos/ncaa/500/269.png,55
310050269,2011,2,2011-01-05,2011-01-05T20:00:00.000000-0500,269,s:40~l:54~t:269,marquette-golden-eagles,Marquette,Golden Eagles,MARQ,Marquette Golden Eagles,Marquette,083963,ffffff,https://a.espncdn.com/i/teamlogos/ncaa/500/269.png,home,55,false,14,2,17,33.9,19,56,0,16,60.0,12,20,4,16,9,23,0,29.4,5,17,35,0,0,0,87,s:40~l:54~t:87,notre-dame-fighting-irish,Notre Dame,Fighting Irish,ND,Notre Dame Fighting Irish,Notre Dame,0c2340,c99700,https://a.espncdn.com/i/teamlogos/ncaa/500/87.png,73
310050305,2011,2,2011-01-05,2011-01-05T20:00:00.000000-0500,2507,s:40~l:54~t:2507,providence-friars,Providence,Friars,PROV,Providence Friars,Providence,000000,a3a19e,https://a.espncdn.com/i/teamlogos/ncaa/500/2507.png,away,38,false,8,2,20,28.8,15,52,0,10,66.7,6,9,0,9,7,24,0,15.4,2,13,31,0,0,0,305,s:40~l:54~t:305,depaul-blue-demons,DePaul,Blue Demons,DEP,DePaul Blue Demons,DePaul,2d649c,ce1125,https://a.espncdn.com/i/teamlogos/ncaa/500/305.png,71
310050305,2011,2,2011-01-05,2011-01-05T20:00:00.000000-0500,305,s:40~l:54~t:305,depaul-blue-demons,DePaul,Blue Demons,DEP,DePaul Blue Demons,DePaul,2d649c,ce1125,https://a.espncdn.com/i/teamlogos/ncaa/500/305.png,home,71,true,20,3,27,50.8,30,59,0,13,50.0,5,10,35,8,16,18,0,40.0,6,15,39,0,0,0,2507,s:40~l:54~t:2507,providence-friars,Providence,Friars,PROV,Providence Friars,Providence,000000,a3a19e,https://a.espncdn.com/i/teamlogos/ncaa/500/2507.png,38
310050194,2011,2,2011-01-05,2011-01-05T19:00:00.000000-0500,84,s:40~l:54~t:84,indiana-hoosiers,Indiana,Hoosiers,IU,Indiana Hoosiers,Indiana,990000,edebeb,https://a.espncdn.com/i/teamlogos/ncaa/500/84.png,away,65,false,6,0,19,36.5,23,63,0,20,69.6,16,23,2,15,6,16,0,15.0,3,20,36,0,0,0,194,s:40~l:54~t:194,ohio-state-buckeyes,Ohio State,Buckeyes,OSU,Ohio State Buckeyes,Ohio State,ce1141,505056,https://a.espncdn.com/i/teamlogos/ncaa/500/194.png,83
310050194,2011,2,2011-01-05,2011-01-05T19:00:00.000000-0500,194,s:40~l:54~t:194,ohio-state-buckeyes,Ohio State,Buckeyes,OSU,Ohio State Buckeyes,Ohio State,ce1141,505056,https://a.espncdn.com/i/teamlogos/ncaa/500/194.png,home,83,true,17,2,26,47.6,30,63,0,17,70.4,19,27,23,19,6,15,0,25.0,4,16,46,0,0,0,84,s:40~l:54~t:84,indiana-hoosiers,Indiana,Hoosiers,IU,Indiana Hoosiers,Indiana,990000,edebeb,https://a.espncdn.com/i/teamlogos/ncaa/500/84.png,65
310050135,2011,2,2011-01-05,2011-01-05T20:00:00.000000-0500,2294,s:40~l:54~t:2294,iowa-hawkeyes,Iowa,Hawkeyes,IOWA,Iowa Hawkeyes,Iowa,000000,fcd116,https://a.espncdn.com/i/teamlogos/ncaa/500/2294.png,away,63,true,15,6,23,37.0,20,54,0,14,85.0,17,20,8,15,5,12,0,30.0,6,20,41,0,0,0,135,s:40~l:54~t:135,minnesota-golden-gophers,Minnesota,Golden Gophers,MINN,Minnesota Golden Gophers,Minnesota,981a31,981a31,https://a.espncdn.com/i/teamlogos/ncaa/500/135.png,57
310050135,2011,2,2011-01-05,2011-01-05T20:00:00.000000-0500,135,s:40~l:54~t:135,minnesota-golden-gophers,Minnesota,Golden Gophers,MINN,Minnesota Golden Gophers,Minnesota,981a31,981a31,https://a.espncdn.com/i/teamlogos/ncaa/500/135.png,home,57,false,14,4,16,39.3,24,61,0,21,45.5,5,11,13,13,5,11,0,33.3,4,12,36,0,0,0,2294,s:40~l:54~t:2294,iowa-hawkeyes,Iowa,Hawkeyes,IOWA,Iowa Hawkeyes,Iowa,000000,fcd116,https://a.espncdn.com/i/teamlogos/ncaa/500/2294.png,63
310040150,2011,2,2011-01-04,2011-01-04T19:00:00.000000-0500,96,s:40~l:54~t:96,kentucky-wildcats,Kentucky,Wildcats,UK,Kentucky Wildcats,Kentucky,005DAA,ffffff,https://a.espncdn.com/i/teamlogos/ncaa/500/96.png,away,48,false,8,8,25,39.1,18,46,0,19,50.0,9,18,4,6,5,21,1,20.0,3,15,36,1,0,0,150,s:40~l:54~t:150,duke-blue-devils,Duke,Blue Devils,DUKE,Duke Blue Devils,Duke,013088,ffffff,https://a.espncdn.com/i/teamlogos/ncaa/500/150.png,54
310040150,2011,2,2011-01-04,2011-01-04T19:00:00.000000-0500,150,s:40~l:54~t:150,duke-blue-devils,Duke,Blue Devils,DUKE,Duke Blue Devils,Duke,013088,ffffff,https://a.espncdn.com/i/teamlogos/ncaa/500/150.png,home,54,true,7,6,22,26.5,18,68,0,18,57.7,15,26,9,23,13,16,0,21.4,3,14,52,0,0,0,96,s:40~l:54~t:96,kentucky-wildcats,Kentucky,Wildcats,UK,Kentucky Wildcats,Kentucky,005DAA,ffffff,https://a.espncdn.com/i/teamlogos/ncaa/500/96.png,48
310040066,2011,2,2011-01-04,2011-01-04T20:00:00.000000-0500,2449,s:40~l:54~t:2449,north-dakota-state-bison,North Dakota State,Bison,NDSU,North Dakota State Bison,N Dakota St,01402A,ffffff,https://a.espncdn.com/i/teamlogos/ncaa/500/2449.png,away,51,false,9,0,15,30.5,18,59,0,18,66.7,6,9,0,3,3,8,0,36.0,9,25,20,0,0,0,66,s:40~l:54~t:66,iowa-state-cyclones,Iowa State,Cyclones,ISU,Iowa State Cyclones,Iowa State,822433,fdca2f,https://a.espncdn.com/i/teamlogos/ncaa/500/66.png,80
310040066,2011,2,2011-01-04,2011-01-04T20:00:00.000000-0500,66,s:40~l:54~t:66,iowa-state-cyclones,Iowa State,Cyclones,ISU,Iowa State Cyclones,Iowa State,822433,fdca2f,https://a.espncdn.com/i/teamlogos/ncaa/500/66.png,home,80,true,18,3,34,53.6,30,56,0,9,72.2,13,18,33,11,1,16,0,35.0,7,20,52,0,0,0,2449,s:40~l:54~t:2449,north-dakota-state-bison,North Dakota State,Bison,NDSU,North Dakota State Bison,N Dakota St,01402A,ffffff,https://a.espncdn.com/i/teamlogos/ncaa/500/2449.png,51
310040097,2011,2,2011-01-04,2011-01-04T19:00:00.000000-0500,2599,s:40~l:54~t:2599,st-johns-red-storm,St. John's,Red Storm,SJU,St. John's Red Storm,St John's,d10000,101010,https://a.espncdn.com/i/teamlogos/ncaa/500/2599.png,away,73,false,15,0,21,49.1,27,55,0,19,69.6,16,23,3,9,10,23,0,27.3,3,11,32,0,0,0,97,s:40~l:54~t:97,louisville-cardinals,Louisville,Cardinals,LOU,Louisville Cardinals,Louisville,c9001f,000000,https://a.espncdn.com/i/teamlogos/ncaa/500/97.png,84
310040097,2011,2,2011-01-04,2011-01-04T19:00:00.000000-0500,97,s:40~l:54~t:97,louisville-cardinals,Louisville,Cardinals,LOU,Louisville Cardinals,Louisville,c9001f,000000,https://a.espncdn.com/i/teamlogos/ncaa/500/97.png,home,84,true,18,2,21,47.0,31,66,0,20,80.0,12,15,14,11,11,18,0,43.5,10,23,34,0,0,0,2599,s:40~l:54~t:2599,st-johns-red-storm,St. John's,Red Storm,SJU,St. John's Red Storm,St John's,d10000,101010,https://a.espncdn.com/i/teamlogos/ncaa/500/2599.png,73
310040197,2011,2,2011-01-04,2011-01-04T20:00:00.000000-0500,261,s:40~l:54~t:261,vermont-catamounts,Vermont,Catamounts,UVM,Vermont Catamounts,Vermont,154734,ffc72c,https://a.espncdn.com/i/teamlogos/ncaa/500/261.png,away,33,false,11,1,17,23.5,12,51,0,11,63.6,7,11,0,12,6,24,0,8.7,2,23,33,0,0,0,197,s:40~l:54~t:197,oklahoma-state-cowgirls,Oklahoma State,Cowgirls,OKST,Oklahoma State Cowgirls,Oklahoma St,ff6500,000000,https://a.espncdn.com/i/teamlogos/ncaa/500/197.png,79
310040197,2011,2,2011-01-04,2011-01-04T20:00:00.000000-0500,197,s:40~l:54~t:197,oklahoma-state-cowgirls,Oklahoma State,Cowgirls,OKST,Oklahoma State Cowgirls,Oklahoma St,ff6500,000000,https://a.espncdn.com/i/teamlogos/ncaa/500/197.png,home,79,true,18,5,27,47.1,33,70,0,13,66.7,10,15,46,20,13,12,0,15.0,3,20,48,0,0,0,261,s:40~l:54~t:261,vermont-catamounts,Vermont,Catamounts,UVM,Vermont Catamounts,Vermont,154734,ffc72c,https://a.espncdn.com/i/teamlogos/ncaa/500/261.png,33
310030153,2011,2,2011-01-03,2011-01-03T19:00:00.000000-0500,2428,s:40~l:54~t:2428,north-carolina-central-eagles,North Carolina Central,Eagles,NCCU,North Carolina Central Eagles,NC Central,880023,c2c3c0,https://a.espncdn.com/i/teamlogos/ncaa/500/2428.png,away,40,false,8,1,22,25.0,15,60,0,21,76.9,10,13,1,9,6,27,0,0.0,0,9,37,0,0,0,153,s:40~l:54~t:153,north-carolina-tar-heels,North Carolina,Tar Heels,UNC,North Carolina Tar Heels,North Carolina,7bafd4,13294b,https://a.espncdn.com/i/teamlogos/ncaa/500/153.png,97
310030153,2011,2,2011-01-03,2011-01-03T19:00:00.000000-0500,153,s:40~l:54~t:153,north-carolina-tar-heels,North Carolina,Tar Heels,UNC,North Carolina Tar Heels,North Carolina,7bafd4,13294b,https://a.espncdn.com/i/teamlogos/ncaa/500/153.png,home,97,true,24,13,33,45.7,37,81,0,11,65.4,17,26,59,21,8,13,0,31.6,6,19,56,0,0,0,2428,s:40~l:54~t:2428,north-carolina-central-eagles,North Carolina Central,Eagles,NCCU,North Carolina Central Eagles,NC Central,880023,c2c3c0,https://a.espncdn.com/i/teamlogos/ncaa/500/2428.png,40
310030103,2011,2,2011-01-03,2011-01-03T19:00:00.000000-0500,2168,s:40~l:54~t:2168,dayton-flyers,Dayton,Flyers,DAY,Dayton Flyers,Dayton,004B8D,ffffff,https://a.espncdn.com/i/teamlogos/ncaa/500/2168.png,away,89,true,18,5,30,47.3,26,55,0,21,81.3,26,32,19,7,5,16,0,55.0,11,20,38,0,0,0,103,s:40~l:54~t:103,boston-college-eagles,Boston College,Eagles,BC,Boston College Eagles,Boston College,8c2232,dbcca6,https://a.espncdn.com/i/teamlogos/ncaa/500/103.png,77
310030103,2011,2,2011-01-03,2011-01-03T19:00:00.000000-0500,103,s:40~l:54~t:103,boston-college-eagles,Boston College,Eagles,BC,Boston College Eagles,Boston College,8c2232,dbcca6,https://a.espncdn.com/i/teamlogos/ncaa/500/103.png,home,77,false,11,4,23,35.6,26,73,0,23,79.3,23,29,2,16,9,14,0,12.5,2,16,45,0,0,0,2168,s:40~l:54~t:2168,dayton-flyers,Dayton,Flyers,DAY,Dayton Flyers,Dayton,004B8D,ffffff,https://a.espncdn.com/i/teamlogos/ncaa/500/2168.png,89
310020099,2011,2,2011-01-02,2011-01-02T14:00:00.000000-0500,2633,s:40~l:54~t:2633,tennessee-lady-volunteers,Tennessee,Lady Volunteers,TENN,Tennessee Lady Volunteers,Tennessee,ff8200,ffffff,https://a.espncdn.com/i/teamlogos/ncaa/500/2633_ncw.png,away,73,true,8,7,25,50.0,27,54,0,23,82.6,19,23,14,11,6,16,0,0.0,0,7,42,0,0,0,99,s:40~l:54~t:99,lsu-tigers,LSU,Tigers,LSU,LSU Tigers,LSU,461d7c,fdd023,https://a.espncdn.com/i/teamlogos/ncaa/500/99.png,65
310020099,2011,2,2011-01-02,2011-01-02T14:00:00.000000-0500,99,s:40~l:54~t:99,lsu-tigers,LSU,Tigers,LSU,LSU Tigers,LSU,461d7c,fdd023,https://a.espncdn.com/i/teamlogos/ncaa/500/99.png,home,65,false,12,1,13,37.1,23,62,0,21,54.5,12,22,7,12,10,14,0,30.4,7,23,31,0,0,0,2633,s:40~l:54~t:2633,tennessee-lady-volunteers,Tennessee,Lady Volunteers,TENN,Tennessee Lady Volunteers,Tennessee,ff8200,ffffff,https://a.espncdn.com/i/teamlogos/ncaa/500/2633_ncw.png,73
310020277,2011,2,2011-01-02,2011-01-02T14:00:00.000000-0500,2115,s:40~l:54~t:2115,central-connecticut-blue-devils,Central Connecticut,Blue Devils,CCSU,Central Connecticut Blue Devils,C Connecticut,1B49A2,d1d5d8,https://a.espncdn.com/i/teamlogos/ncaa/500/2115.png,away,37,false,8,7,20,38.1,16,42,0,20,75.0,3,4,0,5,10,33,0,28.6,2,7,29,0,0,0,277,s:40~l:54~t:277,west-virginia-mountaineers,West Virginia,Mountaineers,WVU,West Virginia Mountaineers,West Virginia,FFC600,eaaa00,https://a.espncdn.com/i/teamlogos/ncaa/500/277.png,63
310020277,2011,2,2011-01-02,2011-01-02T14:00:00.000000-0500,277,s:40~l:54~t:277,west-virginia-mountaineers,West Virginia,Mountaineers,WVU,West Virginia Mountaineers,West Virginia,FFC600,eaaa00,https://a.espncdn.com/i/teamlogos/ncaa/500/277.png,home,63,true,12,6,15,35.4,23,65,0,10,61.9,13,21,30,22,21,22,0,22.2,4,18,44,0,0,0,2115,s:40~l:54~t:2115,central-connecticut-blue-devils,Central Connecticut,Blue Devils,CCSU,Central Connecticut Blue Devils,C Connecticut,1B49A2,d1d5d8,https://a.espncdn.com/i/teamlogos/ncaa/500/2115.png,37
310020265,2011,2,2011-01-02,2011-01-02T16:00:00.000000-0500,26,s:40~l:54~t:26,ucla-bruins,UCLA,Bruins,UCLA,UCLA Bruins,UCLA,2774ae,f2a900,https://a.espncdn.com/i/teamlogos/ncaa/500/26.png,away,80,true,15,1,24,56.5,26,46,0,17,77.8,28,36,25,6,18,18,3,0.0,0,2,32,3,0,0,265,s:40~l:54~t:265,washington-state-cougars,Washington State,Cougars,WSU,Washington State Cougars,Washington St,94022a,6a747c,https://a.espncdn.com/i/teamlogos/ncaa/500/265.png,55
310020265,2011,2,2011-01-02,2011-01-02T16:00:00.000000-0500,265,s:40~l:54~t:265,washington-state-cougars,Washington State,Cougars,WSU,Washington State Cougars,Washington St,94022a,6a747c,https://a.espncdn.com/i/teamlogos/ncaa/500/265.png,home,55,false,15,3,14,41.2,21,51,0,20,38.5,5,13,1,9,7,26,1,40.0,8,20,25,1,0,0,26,s:40~l:54~t:26,ucla-bruins,UCLA,Bruins,UCLA,UCLA Bruins,UCLA,2774ae,f2a900,https://a.espncdn.com/i/teamlogos/ncaa/500/26.png,80
310020127,2011,2,2011-01-02,2011-01-02T12:00:00.000000-0500,356,s:40~l:54~t:356,illinois-fighting-illini,Illinois,Fighting Illini,ILL,Illinois Fighting Illini,Illinois,ff5f05,13294b,https://a.espncdn.com/i/teamlogos/ncaa/500/356.png,away,57,false,11,3,18,42.0,21,50,0,20,80.0,12,15,0,8,9,20,0,25.0,3,12,32,0,0,0,127,s:40~l:54~t:127,michigan-state-spartans,Michigan State,Spartans,MSU,Michigan State Spartans,Michigan St,18453B,ffffff,https://a.espncdn.com/i/teamlogos/ncaa/500/127.png,70
310020127,2011,2,2011-01-02,2011-01-02T12:00:00.000000-0500,127,s:40~l:54~t:127,michigan-state-spartans,Michigan State,Spartans,MSU,Michigan State Spartans,Michigan St,18453B,ffffff,https://a.espncdn.com/i/teamlogos/ncaa/500/127.png,home,70,true,15,2,16,48.1,25,52,0,11,61.5,16,26,16,9,14,12,0,26.7,4,15,31,0,0,0,356,s:40~l:54~t:356,illinois-fighting-illini,Illinois,Fighting Illini,ILL,Illinois Fighting Illini,Illinois,ff5f05,13294b,https://a.espncdn.com/i/teamlogos/ncaa/500/356.png,57
310020194,2011,2,2011-01-02,2011-01-02T14:00:00.000000-0500,2065,s:40~l:54~t:2065,bethune-cookman-wildcats,Bethune-Cookman,Wildcats,BCU,Bethune-Cookman Wildcats,Bethune,7b1831,e9aa12,https://a.espncdn.com/i/teamlogos/ncaa/500/2065.png,away,38,false,4,1,19,23.3,14,60,0,20,70.0,7,10,4,12,7,16,0,20.0,3,15,34,0,0,0,194,s:40~l:54~t:194,ohio-state-buckeyes,Ohio State,Buckeyes,OSU,Ohio State Buckeyes,Ohio State,ce1141,505056,https://a.espncdn.com/i/teamlogos/ncaa/500/194.png,86
310020194,2011,2,2011-01-02,2011-01-02T14:00:00.000000-0500,194,s:40~l:54~t:194,ohio-state-buckeyes,Ohio State,Buckeyes,OSU,Ohio State Buckeyes,Ohio State,ce1141,505056,https://a.espncdn.com/i/teamlogos/ncaa/500/194.png,home,86,true,20,8,32,56.1,32,57,0,10,69.0,20,29,48,11,10,10,0,25.0,2,8,45,0,0,0,2065,s:40~l:54~t:2065,bethune-cookman-wildcats,Bethune-Cookman,Wildcats,BCU,Bethune-Cookman Wildcats,Bethune,7b1831,e9aa12,https://a.espncdn.com/i/teamlogos/ncaa/500/2065.png,38
310022294,2011,2,2011-01-02,2011-01-02T14:00:00.000000-0500,130,s:40~l:54~t:130,michigan-wolverines,Michigan,Wolverines,MICH,Michigan Wolverines,Michigan,00274c,ffcb05,https://a.espncdn.com/i/teamlogos/ncaa/500/130.png,away,60,true,13,1,24,39.2,20,51,0,14,84.2,16,19,12,6,7,12,0,22.2,4,18,38,0,0,0,2294,s:40~l:54~t:2294,iowa-hawkeyes,Iowa,Hawkeyes,IOWA,Iowa Hawkeyes,Iowa,000000,fcd116,https://a.espncdn.com/i/teamlogos/ncaa/500/2294.png,53
310022294,2011,2,2011-01-02,2011-01-02T14:00:00.000000-0500,2294,s:40~l:54~t:2294,iowa-hawkeyes,Iowa,Hawkeyes,IOWA,Iowa Hawkeyes,Iowa,000000,fcd116,https://a.espncdn.com/i/teamlogos/ncaa/500/2294.png,home,53,false,13,4,26,29.2,19,65,0,14,56.3,9,16,7,17,4,12,0,21.4,6,28,46,0,0,0,130,s:40~l:54~t:130,michigan-wolverines,Michigan,Wolverines,MICH,Michigan Wolverines,Michigan,00274c,ffcb05,https://a.espncdn.com/i/teamlogos/ncaa/500/130.png,60
310022628,2011,2,2011-01-02,2011-01-02T18:00:00.000000-0500,201,s:40~l:54~t:201,oklahoma-sooners,Oklahoma,Sooners,OU,Oklahoma Sooners,Oklahoma,9d2235,ffffff,https://a.espncdn.com/i/teamlogos/ncaa/500/201.png,away,69,false,16,4,23,34.3,24,70,0,24,68.4,13,19,4,17,7,13,1,26.7,8,30,44,1,0,0,2628,s:40~l:54~t:2628,tcu-horned-frogs,TCU,Horned Frogs,TCU,TCU Horned Frogs,TCU,4d1979,f1f2f3,https://a.espncdn.com/i/teamlogos/ncaa/500/2628.png,76
310022628,2011,2,2011-01-02,2011-01-02T18:00:00.000000-0500,2628,s:40~l:54~t:2628,tcu-horned-frogs,TCU,Horned Frogs,TCU,TCU Horned Frogs,TCU,4d1979,f1f2f3,https://a.espncdn.com/i/teamlogos/ncaa/500/2628.png,home,76,true,7,6,31,41.1,23,56,0,19,77.8,28,36,7,10,7,14,0,16.7,2,12,44,0,0,0,201,s:40~l:54~t:201,oklahoma-sooners,Oklahoma,Sooners,OU,Oklahoma Sooners,Oklahoma,9d2235,ffffff,https://a.espncdn.com/i/teamlogos/ncaa/500/201.png,69
310020087,2011,2,2011-01-02,2011-01-02T14:00:00.000000-0500,2546,s:40~l:54~t:2546,southeast-missouri-state-redhawks,Southeast Missouri State,Redhawks,SEMO,Southeast Missouri State Redhawks,SE Missouri St,cc0000,080808,https://a.espncdn.com/i/teamlogos/ncaa/500/2546.png,away,21,false,7,1,10,12.5,7,56,0,18,50.0,1,2,0,4,5,19,0,18.8,6,32,24,0,0,0,87,s:40~l:54~t:87,notre-dame-fighting-irish,Notre Dame,Fighting Irish,ND,Notre Dame Fighting Irish,Notre Dame,0c2340,c99700,https://a.espncdn.com/i/teamlogos/ncaa/500/87.png,97
310020087,2011,2,2011-01-02,2011-01-02T14:00:00.000000-0500,87,s:40~l:54~t:87,notre-dame-fighting-irish,Notre Dame,Fighting Irish,ND,Notre Dame Fighting Irish,Notre Dame,0c2340,c99700,https://a.espncdn.com/i/teamlogos/ncaa/500/87.png,home,97,true,27,5,39,52.1,37,71,0,8,67.9,19,28,76,23,16,12,0,28.6,4,14,66,0,0,0,2546,s:40~l:54~t:2546,southeast-missouri-state-redhawks,Southeast Missouri State,Redhawks,SEMO,Southeast Missouri State Redhawks,SE Missouri St,cc0000,080808,https://a.espncdn.com/i/teamlogos/ncaa/500/2546.png,21
310020066,2011,2,2011-01-02,2011-01-02T15:00:00.000000-0500,2130,s:40~l:54~t:2130,chicago-state-cougars,Chicago State,Cougars,CHST,Chicago State Cougars,Chicago St,006700,,https://a.espncdn.com/i/teamlogos/ncaa/500/2130.png,away,48,false,8,2,14,31.7,19,60,0,13,60.0,3,5,0,12,7,13,0,35.0,7,20,33,0,0,0,66,s:40~l:54~t:66,iowa-state-cyclones,Iowa State,Cyclones,ISU,Iowa State Cyclones,Iowa State,822433,fdca2f,https://a.espncdn.com/i/teamlogos/ncaa/500/66.png,62
310020066,2011,2,2011-01-02,2011-01-02T15:00:00.000000-0500,66,s:40~l:54~t:66,iowa-state-cyclones,Iowa State,Cyclones,ISU,Iowa State Cyclones,Iowa State,822433,fdca2f,https://a.espncdn.com/i/teamlogos/ncaa/500/66.png,home,62,true,17,6,23,43.4,23,53,0,7,75.0,9,12,19,11,4,13,0,35.0,7,20,40,0,0,0,2130,s:40~l:54~t:2130,chicago-state-cougars,Chicago State,Cougars,CHST,Chicago State Cougars,Chicago St,006700,,https://a.espncdn.com/i/teamlogos/ncaa/500/2130.png,48
310020057,2011,2,2011-01-02,2011-01-02T13:00:00.000000-0500,8,s:40~l:54~t:8,arkansas-razorbacks,Arkansas,Razorbacks,ARK,Arkansas Razorbacks,Arkansas,a41f35,222222,https://a.espncdn.com/i/teamlogos/ncaa/500/8.png,away,53,false,7,4,21,31.7,20,63,0,19,55.6,10,18,0,11,9,15,0,16.7,3,18,38,0,0,0,57,s:40~l:54~t:57,florida-gators,Florida,Gators,FLA,Florida Gators,Florida,0021a5,fa4616,https://a.espncdn.com/i/teamlogos/ncaa/500/57.png,64
310020057,2011,2,2011-01-02,2011-01-02T13:00:00.000000-0500,57,s:40~l:54~t:57,florida-gators,Florida,Gators,FLA,Florida Gators,Florida,0021a5,fa4616,https://a.espncdn.com/i/teamlogos/ncaa/500/57.png,home,64,true,11,4,33,45.5,25,55,0,17,64.7,11,17,19,8,9,19,0,27.3,3,11,45,0,0,0,8,s:40~l:54~t:8,arkansas-razorbacks,Arkansas,Razorbacks,ARK,Arkansas Razorbacks,Arkansas,a41f35,222222,https://a.espncdn.com/i/teamlogos/ncaa/500/8.png,53
310020142,2011,2,2011-01-02,2011-01-02T15:00:00.000000-0500,52,s:40~l:54~t:52,florida-state-seminoles,Florida State,Seminoles,FSU,Florida State Seminoles,Florida St,782F40,ceb888,https://a.espncdn.com/i/teamlogos/ncaa/500/52.png,away,75,true,9,3,28,50.8,32,63,0,16,75.0,6,8,32,7,5,7,0,55.6,5,9,41,0,0,0,142,s:40~l:54~t:142,missouri-tigers,Missouri,Tigers,MIZ,Missouri Tigers,Missouri,f1b82d,000000,https://a.espncdn.com/i/teamlogos/ncaa/500/142.png,43
310020142,2011,2,2011-01-02,2011-01-02T15:00:00.000000-0500,142,s:40~l:54~t:142,missouri-tigers,Missouri,Tigers,MIZ,Missouri Tigers,Missouri,f1b82d,000000,https://a.espncdn.com/i/teamlogos/ncaa/500/142.png,home,43,false,9,5,20,26.4,14,53,0,13,44.4,8,18,4,9,2,15,0,31.8,7,22,36,0,0,0,52,s:40~l:54~t:52,florida-state-seminoles,Florida State,Seminoles,FSU,Florida State Seminoles,Florida St,782F40,ceb888,https://a.espncdn.com/i/teamlogos/ncaa/500/52.png,75
310022739,2011,2,2011-01-02,2011-01-02T13:00:00.000000-0500,2750,s:40~l:54~t:2750,wright-state-raiders,Wright State,Raiders,WRST,Wright State Raiders,Wright St,cba052,cba052,https://a.espncdn.com/i/teamlogos/ncaa/500/2750.png,away,57,false,10,2,23,35.2,19,54,0,13,68.2,15,22,0,10,3,24,1,23.5,4,17,36,1,0,0,2739,s:40~l:54~t:2739,green-bay-phoenix,Green Bay,Phoenix,GB,Green Bay Phoenix,Green Bay,006633,ffffff,https://a.espncdn.com/i/teamlogos/ncaa/500/2739.png,75
310022739,2011,2,2011-01-02,2011-01-02T13:00:00.000000-0500,2739,s:40~l:54~t:2739,green-bay-phoenix,Green Bay,Phoenix,GB,Green Bay Phoenix,Green Bay,006633,ffffff,https://a.espncdn.com/i/teamlogos/ncaa/500/2739.png,home,75,true,21,4,26,46.0,29,63,0,19,68.4,13,19,29,13,13,16,1,22.2,4,18,40,1,0,0,2750,s:40~l:54~t:2750,wright-state-raiders,Wright State,Raiders,WRST,Wright State Raiders,Wright St,cba052,cba052,https://a.espncdn.com/i/teamlogos/ncaa/500/2750.png,57
303650264,2011,2,2010-12-31,2010-12-31T17:00:00.000000-0500,26,s:40~l:54~t:26,ucla-bruins,UCLA,Bruins,UCLA,UCLA Bruins,UCLA,2774ae,f2a900,https://a.espncdn.com/i/teamlogos/ncaa/500/26.png,away,60,true,12,1,9,39.6,21,53,0,18,65.2,15,23,12,13,12,14,0,42.9,3,7,29,0,0,0,264,s:40~l:54~t:264,washington-huskies,Washington,Huskies,WASH,Washington Huskies,Washington,33006f,e8d3a2,https://a.espncdn.com/i/teamlogos/ncaa/500/264.png,48
303650264,2011,2,2010-12-31,2010-12-31T17:00:00.000000-0500,264,s:40~l:54~t:264,washington-huskies,Washington,Huskies,WASH,Washington Huskies,Washington,33006f,e8d3a2,https://a.espncdn.com/i/teamlogos/ncaa/500/264.png,home,48,false,13,3,20,43.2,16,37,0,20,68.4,13,19,8,10,7,22,0,37.5,3,8,34,0,0,0,26,s:40~l:54~t:26,ucla-bruins,UCLA,Bruins,UCLA,UCLA Bruins,UCLA,2774ae,f2a900,https://a.espncdn.com/i/teamlogos/ncaa/500/26.png,60
303652739,2011,2,2010-12-31,2010-12-31T20:00:00.000000-0500,2174,s:40~l:54~t:2174,detroit-mercy-titans,Detroit Mercy,Titans,DETM,Detroit Mercy Titans,Detroit Mercy,165b9e,d31733,https://a.espncdn.com/i/teamlogos/ncaa/500/2174.png,away,62,false,12,2,19,41.9,26,62,0,20,100.0,5,5,6,10,12,14,0,29.4,5,17,32,0,0,0,2739,s:40~l:54~t:2739,green-bay-phoenix,Green Bay,Phoenix,GB,Green Bay Phoenix,Green Bay,006633,ffffff,https://a.espncdn.com/i/teamlogos/ncaa/500/2739.png,69
303652739,2011,2,2010-12-31,2010-12-31T20:00:00.000000-0500,2739,s:40~l:54~t:2739,green-bay-phoenix,Green Bay,Phoenix,GB,Green Bay Phoenix,Green Bay,006633,ffffff,https://a.espncdn.com/i/teamlogos/ncaa/500/2739.png,home,69,true,19,1,24,47.1,24,51,0,10,89.5,17,19,8,8,7,16,0,33.3,4,12,33,0,0,0,2174,s:40~l:54~t:2174,detroit-mercy-titans,Detroit Mercy,Titans,DETM,Detroit Mercy Titans,Detroit Mercy,165b9e,d31733,https://a.espncdn.com/i/teamlogos/ncaa/500/2174.png,62
303640024,2011,2,2010-12-30,2010-12-30T21:00:00.000000-0500,41,s:40~l:54~t:41,uconn-huskies,UConn,Huskies,CONN,UConn Huskies,UConn,0c2340,f1f2f3,https://a.espncdn.com/i/teamlogos/ncaa/500/41.png,away,59,false,12,1,24,32.8,20,61,0,19,62.5,10,16,0,9,6,13,0,31.0,9,29,36,0,0,0,24,s:40~l:54~t:24,stanford-cardinal,Stanford,Cardinal,STAN,Stanford Cardinal,Stanford,8c1515,ffffff,https://a.espncdn.com/i/teamlogos/ncaa/500/24.png,71
303640024,2011,2,2010-12-30,2010-12-30T21:00:00.000000-0500,24,s:40~l:54~t:24,stanford-cardinal,Stanford,Cardinal,STAN,Stanford Cardinal,Stanford,8c1515,ffffff,https://a.espncdn.com/i/teamlogos/ncaa/500/24.png,home,71,true,16,1,29,45.5,25,55,0,18,77.8,14,18,13,9,5,11,0,38.9,7,18,43,0,0,0,41,s:40~l:54~t:41,uconn-huskies,UConn,Huskies,CONN,UConn Huskies,UConn,0c2340,f1f2f3,https://a.espncdn.com/i/teamlogos/ncaa/500/41.png,59
303640239,2011,2,2010-12-30,2010-12-30T20:00:00.000000-0500,292,s:40~l:54~t:292,ut-rio-grande-valley-vaqueros,UT Rio Grande Valley,Vaqueros,RGV,UT Rio Grande Valley Vaqueros,UT Rio Grande,dc6000,e1732d,https://a.espncdn.com/i/teamlogos/ncaa/500/292.png,away,55,false,11,1,13,32.8,20,61,0,26,72.7,8,11,0,4,7,20,0,33.3,7,21,23,0,0,0,239,s:40~l:54~t:239,baylor-bears,Baylor,Bears,BAY,Baylor Bears,Baylor,154734,ffb81c,https://a.espncdn.com/i/teamlogos/ncaa/500/239.png,101
303640239,2011,2,2010-12-30,2010-12-30T20:00:00.000000-0500,239,s:40~l:54~t:239,baylor-bears,Baylor,Bears,BAY,Baylor Bears,Baylor,154734,ffb81c,https://a.espncdn.com/i/teamlogos/ncaa/500/239.png,home,101,true,22,6,33,47.1,32,68,0,10,80.0,32,40,47,18,12,13,0,31.3,5,16,56,0,0,0,292,s:40~l:54~t:292,ut-rio-grande-valley-vaqueros,UT Rio Grande Valley,Vaqueros,RGV,UT Rio Grande Valley Vaqueros,UT Rio Grande,dc6000,e1732d,https://a.espncdn.com/i/teamlogos/ncaa/500/292.png,55
303640150,2011,2,2010-12-30,2010-12-30T19:00:00.000000-0500,218,s:40~l:54~t:218,temple-owls,Temple,Owls,TEM,Temple Owls,Temple,A80532,a7a9ac,https://a.espncdn.com/i/teamlogos/ncaa/500/218.png,away,64,false,11,1,19,37.7,23,61,0,20,60.0,9,15,2,11,9,21,0,40.9,9,22,39,0,0,0,150,s:40~l:54~t:150,duke-blue-devils,Duke,Blue Devils,DUKE,Duke Blue Devils,Duke,013088,ffffff,https://a.espncdn.com/i/teamlogos/ncaa/500/150.png,71
303640150,2011,2,2010-12-30,2010-12-30T19:00:00.000000-0500,150,s:40~l:54~t:150,duke-blue-devils,Duke,Blue Devils,DUKE,Duke Blue Devils,Duke,013088,ffffff,https://a.espncdn.com/i/teamlogos/ncaa/500/150.png,home,71,true,15,11,23,45.1,23,51,0,18,63.0,17,27,15,11,14,21,0,57.1,8,14,36,0,0,0,218,s:40~l:54~t:218,temple-owls,Temple,Owls,TEM,Temple Owls,Temple,A80532,a7a9ac,https://a.espncdn.com/i/teamlogos/ncaa/500/218.png,64
303642633,2011,2,2010-12-30,2010-12-30T15:00:00.000000-0500,164,s:40~l:54~t:164,rutgers-scarlet-knights,Rutgers,Scarlet Knights,RUTG,Rutgers Scarlet Knights,Rutgers,d21034,ffffff,https://a.espncdn.com/i/teamlogos/ncaa/500/164.png,away,51,false,7,1,16,33.3,21,63,0,18,62.5,5,8,0,8,5,16,0,25.0,4,16,27,0,0,0,2633,s:40~l:54~t:2633,tennessee-lady-volunteers,Tennessee,Lady Volunteers,TENN,Tennessee Lady Volunteers,Tennessee,ff8200,ffffff,https://a.espncdn.com/i/teamlogos/ncaa/500/2633_ncw.png,87
303642633,2011,2,2010-12-30,2010-12-30T15:00:00.000000-0500,2633,s:40~l:54~t:2633,tennessee-lady-volunteers,Tennessee,Lady Volunteers,TENN,Tennessee Lady Volunteers,Tennessee,ff8200,ffffff,https://a.espncdn.com/i/teamlogos/ncaa/500/2633_ncw.png,home,87,true,14,3,31,52.5,32,61,0,14,72.0,18,25,39,12,10,13,0,31.3,5,16,46,0,0,0,164,s:40~l:54~t:164,rutgers-scarlet-knights,Rutgers,Scarlet Knights,RUTG,Rutgers Scarlet Knights,Rutgers,d21034,ffffff,https://a.espncdn.com/i/teamlogos/ncaa/500/164.png,51
303640096,2011,2,2010-12-30,2010-12-30T18:00:00.000000-0500,2630,s:40~l:54~t:2630,ut-martin-skyhawks,UT Martin,Skyhawks,UTM,UT Martin Skyhawks,UT Martin,FF6700,102a5c,https://a.espncdn.com/i/teamlogos/ncaa/500/2630.png,away,47,false,5,3,24,32.0,16,50,0,21,66.7,8,12,0,6,0,22,0,28.0,7,25,36,0,0,0,96,s:40~l:54~t:96,kentucky-wildcats,Kentucky,Wildcats,UK,Kentucky Wildcats,Kentucky,005DAA,ffffff,https://a.espncdn.com/i/teamlogos/ncaa/500/96.png,68
303640096,2011,2,2010-12-30,2010-12-30T18:00:00.000000-0500,96,s:40~l:54~t:96,kentucky-wildcats,Kentucky,Wildcats,UK,Kentucky Wildcats,Kentucky,005DAA,ffffff,https://a.espncdn.com/i/teamlogos/ncaa/500/96.png,home,68,true,10,5,27,35.9,23,64,0,15,62.5,15,24,24,14,10,12,0,36.8,7,19,44,0,0,0,2630,s:40~l:54~t:2630,ut-martin-skyhawks,UT Martin,Skyhawks,UTM,UT Martin Skyhawks,UT Martin,FF6700,102a5c,https://a.espncdn.com/i/teamlogos/ncaa/500/2630.png,47
303640130,2011,2,2010-12-30,2010-12-30T18:30:00.000000-0500,194,s:40~l:54~t:194,ohio-state-buckeyes,Ohio State,Buckeyes,OSU,Ohio State Buckeyes,Ohio State,ce1141,505056,https://a.espncdn.com/i/teamlogos/ncaa/500/194.png,away,51,false,10,3,23,27.4,17,62,0,16,68.2,15,22,0,19,7,11,2,13.3,2,15,44,2,0,0,130,s:40~l:54~t:130,michigan-wolverines,Michigan,Wolverines,MICH,Michigan Wolverines,Michigan,00274c,ffcb05,https://a.espncdn.com/i/teamlogos/ncaa/500/130.png,64
303640130,2011,2,2010-12-30,2010-12-30T18:30:00.000000-0500,130,s:40~l:54~t:130,michigan-wolverines,Michigan,Wolverines,MICH,Michigan Wolverines,Michigan,00274c,ffcb05,https://a.espncdn.com/i/teamlogos/ncaa/500/130.png,home,64,true,13,4,28,42.0,21,50,0,19,76.5,13,17,20,7,8,13,1,39.1,9,23,36,1,0,0,194,s:40~l:54~t:194,ohio-state-buckeyes,Ohio State,Buckeyes,OSU,Ohio State Buckeyes,Ohio State,ce1141,505056,https://a.espncdn.com/i/teamlogos/ncaa/500/194.png,51
303640213,2011,2,2010-12-30,2010-12-30T19:00:00.000000-0500,2294,s:40~l:54~t:2294,iowa-hawkeyes,Iowa,Hawkeyes,IOWA,Iowa Hawkeyes,Iowa,000000,fcd116,https://a.espncdn.com/i/teamlogos/ncaa/500/2294.png,away,59,false,16,2,24,36.1,22,61,0,14,62.5,5,8,7,11,8,21,0,34.5,10,29,44,0,0,0,213,s:40~l:54~t:213,penn-state-lady-lions,Penn State,Lady Lions,PSU,Penn State Lady Lions,Penn State,00265D,002e5c,https://a.espncdn.com/i/teamlogos/ncaa/500/213.png,68
303640213,2011,2,2010-12-30,2010-12-30T19:00:00.000000-0500,213,s:40~l:54~t:213,penn-state-lady-lions,Penn State,Lady Lions,PSU,Penn State Lady Lions,Penn State,00265D,002e5c,https://a.espncdn.com/i/teamlogos/ncaa/500/213.png,home,68,true,13,8,24,40.0,26,65,0,16,71.4,10,14,9,9,10,12,0,33.3,6,18,38,0,0,0,2294,s:40~l:54~t:2294,iowa-hawkeyes,Iowa,Hawkeyes,IOWA,Iowa Hawkeyes,Iowa,000000,fcd116,https://a.espncdn.com/i/teamlogos/ncaa/500/2294.png,59
303640066,2011,2,2010-12-30,2010-12-30T20:30:00.000000-0500,2504,s:40~l:54~t:2504,prairie-view-am-lady-panthers,Prairie View A&M,Lady Panthers,PV,Prairie View A&M Lady Panthers,Prairie View,4d0960,,https://a.espncdn.com/i/teamlogos/ncaa/500/2504.png,away,50,false,9,3,16,36.5,19,52,0,24,53.8,7,13,0,5,13,13,0,45.5,5,11,25,0,0,0,66,s:40~l:54~t:66,iowa-state-cyclones,Iowa State,Cyclones,ISU,Iowa State Cyclones,Iowa State,822433,fdca2f,https://a.espncdn.com/i/teamlogos/ncaa/500/66.png,58
303640066,2011,2,2010-12-30,2010-12-30T20:30:00.000000-0500,66,s:40~l:54~t:66,iowa-state-cyclones,Iowa State,Cyclones,ISU,Iowa State Cyclones,Iowa State,822433,fdca2f,https://a.espncdn.com/i/teamlogos/ncaa/500/66.png,home,58,true,11,3,26,38.6,17,44,0,17,80.8,21,26,20,9,3,22,0,23.1,3,13,41,0,0,0,2504,s:40~l:54~t:2504,prairie-view-am-lady-panthers,Prairie View A&M,Lady Panthers,PV,Prairie View A&M Lady Panthers,Prairie View,4d0960,,https://a.espncdn.com/i/teamlogos/ncaa/500/2504.png,50
303640052,2011,2,2010-12-30,2010-12-30T19:00:00.000000-0500,56,s:40~l:54~t:56,stetson-hatters,Stetson,Hatters,STET,Stetson Hatters,Stetson,0a5640,56854e,https://a.espncdn.com/i/teamlogos/ncaa/500/56.png,away,44,false,11,1,17,25.8,16,62,0,17,53.3,8,15,0,11,6,23,0,17.4,4,23,32,0,0,0,52,s:40~l:54~t:52,florida-state-seminoles,Florida State,Seminoles,FSU,Florida State Seminoles,Florida St,782F40,ceb888,https://a.espncdn.com/i/teamlogos/ncaa/500/52.png,92
303640052,2011,2,2010-12-30,2010-12-30T19:00:00.000000-0500,52,s:40~l:54~t:52,florida-state-seminoles,Florida State,Seminoles,FSU,Florida State Seminoles,Florida St,782F40,ceb888,https://a.espncdn.com/i/teamlogos/ncaa/500/52.png,home,92,true,25,2,34,57.1,36,63,0,15,65.0,13,20,50,8,12,19,0,41.2,7,17,47,0,0,0,56,s:40~l:54~t:56,stetson-hatters,Stetson,Hatters,STET,Stetson Hatters,Stetson,0a5640,56854e,https://a.espncdn.com/i/teamlogos/ncaa/500/56.png,44
303640103,2011,2,2010-12-30,2010-12-30T19:00:00.000000-0500,111,s:40~l:54~t:111,northeastern-huskies,Northeastern,Huskies,NE,Northeastern Huskies,Northeastern,CC0001,c2c3c0,https://a.espncdn.com/i/teamlogos/ncaa/500/111.png,away,67,false,6,4,25,37.7,29,77,0,15,50.0,3,6,3,12,5,16,0,22.2,6,27,45,0,0,0,103,s:40~l:54~t:103,boston-college-eagles,Boston College,Eagles,BC,Boston College Eagles,Boston College,8c2232,dbcca6,https://a.espncdn.com/i/teamlogos/ncaa/500/103.png,80
303640103,2011,2,2010-12-30,2010-12-30T19:00:00.000000-0500,103,s:40~l:54~t:103,boston-college-eagles,Boston College,Eagles,BC,Boston College Eagles,Boston College,8c2232,dbcca6,https://a.espncdn.com/i/teamlogos/ncaa/500/103.png,home,80,true,20,6,27,39.2,29,74,0,12,84.2,16,19,22,16,9,12,0,37.5,6,16,47,0,0,0,111,s:40~l:54~t:111,northeastern-huskies,Northeastern,Huskies,NE,Northeastern Huskies,Northeastern,CC0001,c2c3c0,https://a.espncdn.com/i/teamlogos/ncaa/500/111.png,67
303640059,2011,2,2010-12-30,2010-12-30T19:00:00.000000-0500,2634,s:40~l:54~t:2634,tennessee-state-lady-tigers,Tennessee State,Lady Tigers,TNST,Tennessee State Lady Tigers,Tennessee St,171796,f0f0f0,https://a.espncdn.com/i/teamlogos/ncaa/500/2634.png,away,11,false,0,2,23,6.0,3,50,0,14,50.0,5,10,0,7,5,35,0,0.0,0,13,35,0,0,0,59,s:40~l:54~t:59,georgia-tech-yellow-jackets,Georgia Tech,Yellow Jackets,GT,Georgia Tech Yellow Jackets,Georgia Tech,00223e,002c56,https://a.espncdn.com/i/teamlogos/ncaa/500/59.png,82
303640059,2011,2,2010-12-30,2010-12-30T19:00:00.000000-0500,59,s:40~l:54~t:59,georgia-tech-yellow-jackets,Georgia Tech,Yellow Jackets,GT,Georgia Tech Yellow Jackets,Georgia Tech,00223e,002c56,https://a.espncdn.com/i/teamlogos/ncaa/500/59.png,home,82,true,22,7,32,44.0,33,75,0,14,57.9,11,19,74,20,23,15,0,29.4,5,17,59,0,0,0,2634,s:40~l:54~t:2634,tennessee-state-lady-tigers,Tennessee State,Lady Tigers,TNST,Tennessee State Lady Tigers,Tennessee St,171796,f0f0f0,https://a.espncdn.com/i/teamlogos/ncaa/500/2634.png,11
303630096,2011,2,2010-12-29,2010-12-29T18:00:00.000000-0500,2393,s:40~l:54~t:2393,middle-tennessee-blue-raiders,Middle Tennessee,Blue Raiders,MTSU,Middle Tennessee Blue Raiders,MTSU,006db6,ffffff,https://a.espncdn.com/i/teamlogos/ncaa/500/2393.png,away,72,false,16,2,20,47.5,28,59,0,25,66.7,8,12,11,12,6,26,0,47.1,8,17,35,0,0,0,96,s:40~l:54~t:96,kentucky-wildcats,Kentucky,Wildcats,UK,Kentucky Wildcats,Kentucky,005DAA,ffffff,https://a.espncdn.com/i/teamlogos/ncaa/500/96.png,81
303630096,2011,2,2010-12-29,2010-12-29T18:00:00.000000-0500,96,s:40~l:54~t:96,kentucky-wildcats,Kentucky,Wildcats,UK,Kentucky Wildcats,Kentucky,005DAA,ffffff,https://a.espncdn.com/i/teamlogos/ncaa/500/96.png,home,81,true,8,3,17,44.0,22,50,0,18,83.9,26,31,13,8,12,22,0,52.4,11,21,28,0,0,0,2393,s:40~l:54~t:2393,middle-tennessee-blue-raiders,Middle Tennessee,Blue Raiders,MTSU,Middle Tennessee Blue Raiders,MTSU,006db6,ffffff,https://a.espncdn.com/i/teamlogos/ncaa/500/2393.png,72
303630201,2011,2,2010-12-29,2010-12-29T20:00:00.000000-0500,2029,s:40~l:54~t:2029,arkansas-pine-bluff-golden-lions,Arkansas-Pine Bluff,Golden Lions,UAPB,Arkansas-Pine Bluff Golden Lions,AR-Pine Bluff,e0aa0f,eaaa00,https://a.espncdn.com/i/teamlogos/ncaa/500/2029.png,away,52,false,3,1,15,25.9,15,58,0,25,71.4,20,28,3,12,9,35,1,16.7,2,12,41,1,0,0,201,s:40~l:54~t:201,oklahoma-sooners,Oklahoma,Sooners,OU,Oklahoma Sooners,Oklahoma,9d2235,ffffff,https://a.espncdn.com/i/teamlogos/ncaa/500/201.png,118
303630201,2011,2,2010-12-29,2010-12-29T20:00:00.000000-0500,201,s:40~l:54~t:201,oklahoma-sooners,Oklahoma,Sooners,OU,Oklahoma Sooners,Oklahoma,9d2235,ffffff,https://a.espncdn.com/i/teamlogos/ncaa/500/201.png,home,118,true,27,8,25,49.4,38,77,0,25,76.5,26,34,66,20,21,19,0,48.5,16,33,50,0,0,0,2029,s:40~l:54~t:2029,arkansas-pine-bluff-golden-lions,Arkansas-Pine Bluff,Golden Lions,UAPB,Arkansas-Pine Bluff Golden Lions,AR-Pine Bluff,e0aa0f,eaaa00,https://a.espncdn.com/i/teamlogos/ncaa/500/2029.png,52
303630087,2011,2,2010-12-29,2010-12-29T19:30:00.000000-0500,2250,s:40~l:54~t:2250,gonzaga-bulldogs,Gonzaga,Bulldogs,GONZ,Gonzaga Bulldogs,Gonzaga,041e42,c8102e,https://a.espncdn.com/i/teamlogos/ncaa/500/2250.png,away,61,false,13,3,17,36.6,26,71,0,17,63.6,7,11,4,12,9,18,0,11.8,2,17,36,0,0,0,87,s:40~l:54~t:87,notre-dame-fighting-irish,Notre Dame,Fighting Irish,ND,Notre Dame Fighting Irish,Notre Dame,0c2340,c99700,https://a.espncdn.com/i/teamlogos/ncaa/500/87.png,70
303630087,2011,2,2010-12-29,2010-12-29T19:30:00.000000-0500,87,s:40~l:54~t:87,notre-dame-fighting-irish,Notre Dame,Fighting Irish,ND,Notre Dame Fighting Irish,Notre Dame,0c2340,c99700,https://a.espncdn.com/i/teamlogos/ncaa/500/87.png,home,70,true,15,3,29,49.1,27,55,0,19,58.8,10,17,9,9,10,26,1,60.0,6,10,44,1,0,0,2250,s:40~l:54~t:2250,gonzaga-bulldogs,Gonzaga,Bulldogs,GONZ,Gonzaga Bulldogs,Gonzaga,041e42,c8102e,https://a.espncdn.com/i/teamlogos/ncaa/500/2250.png,61
303620279,2011,2,2010-12-28,2010-12-28T22:00:00.000000-0500,41,s:40~l:54~t:41,uconn-huskies,UConn,Huskies,CONN,UConn Huskies,UConn,0c2340,f1f2f3,https://a.espncdn.com/i/teamlogos/ncaa/500/41.png,away,85,true,20,8,27,46.9,30,64,0,16,87.0,20,23,47,16,15,16,0,33.3,5,15,50,0,0,0,279,s:40~l:54~t:279,pacific-tigers,Pacific,Tigers,PAC,Pacific Tigers,Pacific,F47820,c2c3c0,https://a.espncdn.com/i/teamlogos/ncaa/500/279.png,42
303620279,2011,2,2010-12-28,2010-12-28T22:00:00.000000-0500,279,s:40~l:54~t:279,pacific-tigers,Pacific,Tigers,PAC,Pacific Tigers,Pacific,F47820,c2c3c0,https://a.espncdn.com/i/teamlogos/ncaa/500/279.png,home,42,false,10,4,17,27.8,15,54,0,17,75.0,6,8,0,6,5,21,0,25.0,6,24,26,0,0,0,41,s:40~l:54~t:41,uconn-huskies,UConn,Huskies,CONN,UConn Huskies,UConn,0c2340,f1f2f3,https://a.espncdn.com/i/teamlogos/ncaa/500/41.png,85
303620024,2011,2,2010-12-28,2010-12-28T16:00:00.000000-0500,2752,s:40~l:54~t:2752,xavier-musketeers,Xavier,Musketeers,XAV,Xavier Musketeers,Xavier,002144,9ea2a2,https://a.espncdn.com/i/teamlogos/ncaa/500/2752.png,away,52,false,4,2,24,30.0,18,60,0,11,60.9,14,23,0,10,4,17,0,11.1,2,18,41,0,0,0,24,s:40~l:54~t:24,stanford-cardinal,Stanford,Cardinal,STAN,Stanford Cardinal,Stanford,8c1515,ffffff,https://a.espncdn.com/i/teamlogos/ncaa/500/24.png,89
303620024,2011,2,2010-12-28,2010-12-28T16:00:00.000000-0500,24,s:40~l:54~t:24,stanford-cardinal,Stanford,Cardinal,STAN,Stanford Cardinal,Stanford,8c1515,ffffff,https://a.espncdn.com/i/teamlogos/ncaa/500/24.png,home,89,true,19,5,29,49.3,34,69,0,16,81.3,13,16,37,12,13,8,0,38.1,8,21,44,0,0,0,2752,s:40~l:54~t:2752,xavier-musketeers,Xavier,Musketeers,XAV,Xavier Musketeers,Xavier,002144,9ea2a2,https://a.espncdn.com/i/teamlogos/ncaa/500/2752.png,52
303620245,2011,2,2010-12-28,2010-12-28T22:00:00.000000-0500,2182,s:40~l:54~t:2182,drexel-dragons,Drexel,Dragons,DREX,Drexel Dragons,Drexel,020260,ffd65a,https://a.espncdn.com/i/teamlogos/ncaa/500/2182.png,away,45,false,12,1,17,35.6,16,45,0,14,81.8,9,11,0,3,4,24,0,22.2,4,18,26,0,0,0,245,s:40~l:54~t:245,texas-am-aggies,Texas A&M,Aggies,TA&M,Texas A&M Aggies,Texas A&M,5C0025,ffffff,https://a.espncdn.com/i/teamlogos/ncaa/500/245.png,74
303620245,2011,2,2010-12-28,2010-12-28T22:00:00.000000-0500,245,s:40~l:54~t:245,texas-am-aggies,Texas A&M,Aggies,TA&M,Texas A&M Aggies,Texas A&M,5C0025,ffffff,https://a.espncdn.com/i/teamlogos/ncaa/500/245.png,home,74,true,21,2,23,47.7,31,65,0,14,80.0,8,10,31,12,15,13,0,30.8,4,13,38,0,0,0,2182,s:40~l:54~t:2182,drexel-dragons,Drexel,Dragons,DREX,Drexel Dragons,Drexel,020260,ffd65a,https://a.espncdn.com/i/teamlogos/ncaa/500/2182.png,45
303620153,2011,2,2010-12-28,2010-12-28T14:00:00.000000-0500,232,s:40~l:54~t:232,charleston-cougars,Charleston,Cougars,COFC,Charleston Cougars,Charleston,9c8456,e4e2dd,https://a.espncdn.com/i/teamlogos/ncaa/500/232.png,away,49,false,8,4,23,23.2,16,69,0,21,57.1,12,21,0,17,9,24,1,20.8,5,24,53,1,0,0,153,s:40~l:54~t:153,north-carolina-tar-heels,North Carolina,Tar Heels,UNC,North Carolina Tar Heels,North Carolina,7bafd4,13294b,https://a.espncdn.com/i/teamlogos/ncaa/500/153.png,75
303620153,2011,2,2010-12-28,2010-12-28T14:00:00.000000-0500,153,s:40~l:54~t:153,north-carolina-tar-heels,North Carolina,Tar Heels,UNC,North Carolina Tar Heels,North Carolina,7bafd4,13294b,https://a.espncdn.com/i/teamlogos/ncaa/500/153.png,home,75,true,17,9,29,38.5,25,65,0,17,65.6,21,32,37,17,15,15,0,36.4,4,11,48,0,0,0,232,s:40~l:54~t:232,charleston-cougars,Charleston,Cougars,COFC,Charleston Cougars,Charleston,9c8456,e4e2dd,https://a.espncdn.com/i/teamlogos/ncaa/500/232.png,49
303620194,2011,2,2010-12-28,2010-12-28T19:00:00.000000-0500,2184,s:40~l:54~t:2184,duquesne-dukes,Duquesne,Dukes,DUQ,Duquesne Dukes,Duquesne,002D62,b90b2e,https://a.espncdn.com/i/teamlogos/ncaa/500/2184.png,away,71,true,16,1,24,45.3,29,64,0,20,80.0,8,10,9,8,8,14,0,25.0,5,20,35,0,0,0,194,s:40~l:54~t:194,ohio-state-buckeyes,Ohio State,Buckeyes,OSU,Ohio State Buckeyes,Ohio State,ce1141,505056,https://a.espncdn.com/i/teamlogos/ncaa/500/194.png,67
303620194,2011,2,2010-12-28,2010-12-28T19:00:00.000000-0500,194,s:40~l:54~t:194,ohio-state-buckeyes,Ohio State,Buckeyes,OSU,Ohio State Buckeyes,Ohio State,ce1141,505056,https://a.espncdn.com/i/teamlogos/ncaa/500/194.png,home,67,false,12,3,25,41.2,21,51,0,10,74.1,20,27,8,6,8,14,0,31.3,5,16,32,0,0,0,2184,s:40~l:54~t:2184,duquesne-dukes,Duquesne,Dukes,DUQ,Duquesne Dukes,Duquesne,002D62,b90b2e,https://a.espncdn.com/i/teamlogos/ncaa/500/2184.png,71
303622599,2011,2,2010-12-28,2010-12-28T14:30:00.000000-0500,2335,s:40~l:54~t:2335,liberty-flames,Liberty,Flames,LIB,Liberty Flames,Liberty,071740,a61f21,https://a.espncdn.com/i/teamlogos/ncaa/500/2335.png,away,66,false,14,0,22,40.0,22,55,0,23,75.0,15,20,7,15,5,24,0,38.9,7,18,40,0,0,0,2599,s:40~l:54~t:2599,st-johns-red-storm,St. John's,Red Storm,SJU,St. John's Red Storm,St John's,d10000,101010,https://a.espncdn.com/i/teamlogos/ncaa/500/2599.png,81
303622599,2011,2,2010-12-28,2010-12-28T14:30:00.000000-0500,2599,s:40~l:54~t:2599,st-johns-red-storm,St. John's,Red Storm,SJU,St. John's Red Storm,St John's,d10000,101010,https://a.espncdn.com/i/teamlogos/ncaa/500/2599.png,home,81,true,19,2,16,52.9,27,51,0,15,81.5,22,27,15,6,11,17,0,50.0,5,10,25,0,0,0,2335,s:40~l:54~t:2335,liberty-flames,Liberty,Flames,LIB,Liberty Flames,Liberty,071740,a61f21,https://a.espncdn.com/i/teamlogos/ncaa/500/2335.png,66
303620120,2011,2,2010-12-28,2010-12-28T12:00:00.000000-0500,2325,s:40~l:54~t:2325,la-salle-explorers,La Salle,Explorers,LAS,La Salle Explorers,La Salle,003356,ffce00,https://a.espncdn.com/i/teamlogos/ncaa/500/2325.png,away,45,false,9,2,23,22.0,13,59,0,14,81.3,13,16,0,11,8,18,0,20.0,6,30,36,0,0,0,120,s:40~l:54~t:120,maryland-terrapins,Maryland,Terrapins,MD,Maryland Terrapins,Maryland,D5002B,ffcd00,https://a.espncdn.com/i/teamlogos/ncaa/500/120.png,83
303620120,2011,2,2010-12-28,2010-12-28T12:00:00.000000-0500,120,s:40~l:54~t:120,maryland-terrapins,Maryland,Terrapins,MD,Maryland Terrapins,Maryland,D5002B,ffcd00,https://a.espncdn.com/i/teamlogos/ncaa/500/120.png,home,83,true,24,7,31,48.6,35,72,0,17,64.3,9,14,41,16,11,17,0,23.5,4,17,51,0,0,0,2325,s:40~l:54~t:2325,la-salle-explorers,La Salle,Explorers,LAS,La Salle Explorers,La Salle,003356,ffce00,https://a.espncdn.com/i/teamlogos/ncaa/500/2325.png,45
303620248,2011,2,2010-12-28,2010-12-28T20:00:00.000000-0500,46,s:40~l:54~t:46,georgetown-hoyas,Georgetown,Hoyas,GTWN,Georgetown Hoyas,Georgetown,110E42,001c58,https://a.espncdn.com/i/teamlogos/ncaa/500/46.png,away,77,true,13,8,32,37.5,21,56,0,33,88.6,31,35,43,14,19,23,0,26.7,4,15,54,0,0,0,248,s:40~l:54~t:248,houston-cougars,Houston,Cougars,HOU,Houston Cougars,Houston,c92a39,ffffff,https://a.espncdn.com/i/teamlogos/ncaa/500/248.png,37
303620248,2011,2,2010-12-28,2010-12-28T20:00:00.000000-0500,248,s:40~l:54~t:248,houston-cougars,Houston,Cougars,HOU,Houston Cougars,Houston,c92a39,ffffff,https://a.espncdn.com/i/teamlogos/ncaa/500/248.png,home,37,false,4,2,20,18.4,9,49,0,22,40.0,16,40,0,10,9,27,0,15.0,3,20,36,0,0,0,46,s:40~l:54~t:46,georgetown-hoyas,Georgetown,Hoyas,GTWN,Georgetown Hoyas,Georgetown,110E42,001c58,https://a.espncdn.com/i/teamlogos/ncaa/500/46.png,77
303620008,2011,2,2010-12-28,2010-12-28T20:00:00.000000-0500,231,s:40~l:54~t:231,furman-paladins,Furman,Paladins,FUR,Furman Paladins,Furman,582c83,ffffff,https://a.espncdn.com/i/teamlogos/ncaa/500/231.png,away,47,false,7,2,15,29.2,19,65,0,17,58.3,7,12,0,16,2,20,0,12.5,2,16,40,0,0,0,8,s:40~l:54~t:8,arkansas-razorbacks,Arkansas,Razorbacks,ARK,Arkansas Razorbacks,Arkansas,a41f35,222222,https://a.espncdn.com/i/teamlogos/ncaa/500/8.png,88
303620008,2011,2,2010-12-28,2010-12-28T20:00:00.000000-0500,8,s:40~l:54~t:8,arkansas-razorbacks,Arkansas,Razorbacks,ARK,Arkansas Razorbacks,Arkansas,a41f35,222222,https://a.espncdn.com/i/teamlogos/ncaa/500/8.png,home,88,true,22,6,24,53.3,32,60,0,15,77.3,17,22,41,4,16,8,0,43.8,7,16,34,0,0,0,231,s:40~l:54~t:231,furman-paladins,Furman,Paladins,FUR,Furman Paladins,Furman,582c83,ffffff,https://a.espncdn.com/i/teamlogos/ncaa/500/231.png,47
303620052,2011,2,2010-12-28,2010-12-28T19:00:00.000000-0500,57,s:40~l:54~t:57,florida-gators,Florida,Gators,FLA,Florida Gators,Florida,0021a5,fa4616,https://a.espncdn.com/i/teamlogos/ncaa/500/57.png,away,72,false,15,5,23,48.4,30,62,0,15,66.7,4,6,7,12,3,18,0,53.3,8,15,39,0,0,0,52,s:40~l:54~t:52,florida-state-seminoles,Florida State,Seminoles,FSU,Florida State Seminoles,Florida St,782F40,ceb888,https://a.espncdn.com/i/teamlogos/ncaa/500/52.png,74
303620052,2011,2,2010-12-28,2010-12-28T19:00:00.000000-0500,52,s:40~l:54~t:52,florida-state-seminoles,Florida State,Seminoles,FSU,Florida State Seminoles,Florida St,782F40,ceb888,https://a.espncdn.com/i/teamlogos/ncaa/500/52.png,home,74,true,17,5,18,44.4,28,63,0,8,75.0,15,20,10,8,12,12,0,23.1,3,13,31,0,0,0,57,s:40~l:54~t:57,florida-gators,Florida,Gators,FLA,Florida Gators,Florida,0021a5,fa4616,https://a.espncdn.com/i/teamlogos/ncaa/500/57.png,72
303622739,2011,2,2010-12-28,2010-12-28T20:00:00.000000-0500,233,s:40~l:54~t:233,south-dakota-coyotes,South Dakota,Coyotes,SDAK,South Dakota Coyotes,South Dakota,CD1241,f0f0f0,https://a.espncdn.com/i/teamlogos/ncaa/500/233.png,away,53,false,10,10,25,38.9,14,36,0,20,84.0,21,25,0,2,3,30,0,28.6,4,14,33,0,0,0,2739,s:40~l:54~t:2739,green-bay-phoenix,Green Bay,Phoenix,GB,Green Bay Phoenix,Green Bay,006633,ffffff,https://a.espncdn.com/i/teamlogos/ncaa/500/2739.png,70
303622739,2011,2,2010-12-28,2010-12-28T20:00:00.000000-0500,2739,s:40~l:54~t:2739,green-bay-phoenix,Green Bay,Phoenix,GB,Green Bay Phoenix,Green Bay,006633,ffffff,https://a.espncdn.com/i/teamlogos/ncaa/500/2739.png,home,70,true,16,3,19,37.3,22,59,0,22,91.7,22,24,31,8,17,12,0,26.7,4,15,31,0,0,0,233,s:40~l:54~t:233,south-dakota-coyotes,South Dakota,Coyotes,SDAK,South Dakota Coyotes,South Dakota,CD1241,f0f0f0,https://a.espncdn.com/i/teamlogos/ncaa/500/233.png,53
303562633,2011,2,2010-12-22,2010-12-22T19:00:00.000000-0500,2193,s:40~l:54~t:2193,east-tennessee-state-bucs,East Tennessee State,Bucs,ETSU,East Tennessee State Bucs,ETSU,002d61,ffc423,https://a.espncdn.com/i/teamlogos/ncaa/500/2193.png,away,53,false,11,2,19,30.2,19,63,0,25,64.7,11,17,0,13,4,20,0,19.0,4,21,34,0,0,0,2633,s:40~l:54~t:2633,tennessee-lady-volunteers,Tennessee,Lady Volunteers,TENN,Tennessee Lady Volunteers,Tennessee,ff8200,ffffff,https://a.espncdn.com/i/teamlogos/ncaa/500/2633_ncw.png,102
303562633,2011,2,2010-12-22,2010-12-22T19:00:00.000000-0500,2633,s:40~l:54~t:2633,tennessee-lady-volunteers,Tennessee,Lady Volunteers,TENN,Tennessee Lady Volunteers,Tennessee,ff8200,ffffff,https://a.espncdn.com/i/teamlogos/ncaa/500/2633_ncw.png,home,102,true,19,5,32,52.2,36,69,0,15,63.6,21,33,49,19,7,12,0,42.9,9,21,53,0,0,0,2193,s:40~l:54~t:2193,east-tennessee-state-bucs,East Tennessee State,Bucs,ETSU,East Tennessee State Bucs,ETSU,002d61,ffc423,https://a.espncdn.com/i/teamlogos/ncaa/500/2193.png,53
303562294,2011,2,2010-12-22,2010-12-22T20:00:00.000000-0500,2460,s:40~l:54~t:2460,northern-iowa-panthers,Northern Iowa,Panthers,UNI,Northern Iowa Panthers,Northern Iowa,473282,ffffff,https://a.espncdn.com/i/teamlogos/ncaa/500/2460.png,away,64,false,14,4,24,38.2,21,55,0,18,93.8,15,16,2,7,5,12,0,38.9,7,18,35,0,0,0,2294,s:40~l:54~t:2294,iowa-hawkeyes,Iowa,Hawkeyes,IOWA,Iowa Hawkeyes,Iowa,000000,fcd116,https://a.espncdn.com/i/teamlogos/ncaa/500/2294.png,75
303562294,2011,2,2010-12-22,2010-12-22T20:00:00.000000-0500,2294,s:40~l:54~t:2294,iowa-hawkeyes,Iowa,Hawkeyes,IOWA,Iowa Hawkeyes,Iowa,000000,fcd116,https://a.espncdn.com/i/teamlogos/ncaa/500/2294.png,home,75,true,12,5,25,39.7,25,63,0,13,84.2,16,19,19,12,5,8,0,34.6,9,26,40,0,0,0,2460,s:40~l:54~t:2460,northern-iowa-panthers,Northern Iowa,Panthers,UNI,Northern Iowa Panthers,Northern Iowa,473282,ffffff,https://a.espncdn.com/i/teamlogos/ncaa/500/2460.png,64
303560130,2011,2,2010-12-22,2010-12-22T19:00:00.000000-0500,103,s:40~l:54~t:103,boston-college-eagles,Boston College,Eagles,BC,Boston College Eagles,Boston College,8c2232,dbcca6,https://a.espncdn.com/i/teamlogos/ncaa/500/103.png,away,55,false,13,2,22,42.9,24,56,0,20,25.0,1,4,10,10,2,22,0,25.0,6,24,36,0,0,0,130,s:40~l:54~t:130,michigan-wolverines,Michigan,Wolverines,MICH,Michigan Wolverines,Michigan,00274c,ffcb05,https://a.espncdn.com/i/teamlogos/ncaa/500/130.png,68
303560130,2011,2,2010-12-22,2010-12-22T19:00:00.000000-0500,130,s:40~l:54~t:130,michigan-wolverines,Michigan,Wolverines,MICH,Michigan Wolverines,Michigan,00274c,ffcb05,https://a.espncdn.com/i/teamlogos/ncaa/500/130.png,home,68,true,17,3,22,43.6,24,55,0,7,76.5,13,17,13,8,8,12,0,33.3,7,21,31,0,0,0,103,s:40~l:54~t:103,boston-college-eagles,Boston College,Eagles,BC,Boston College Eagles,Boston College,8c2232,dbcca6,https://a.espncdn.com/i/teamlogos/ncaa/500/103.png,55
303550041,2011,2,2010-12-21,2010-12-21T19:00:00.000000-0500,52,s:40~l:54~t:52,florida-state-seminoles,Florida State,Seminoles,FSU,Florida State Seminoles,Florida St,782F40,ceb888,https://a.espncdn.com/i/teamlogos/ncaa/500/52.png,away,62,false,9,2,12,41.7,25,60,0,20,72.7,8,11,2,8,7,18,0,25.0,4,16,23,0,0,0,41,s:40~l:54~t:41,uconn-huskies,UConn,Huskies,CONN,UConn Huskies,UConn,0c2340,f1f2f3,https://a.espncdn.com/i/teamlogos/ncaa/500/41.png,93
303550041,2011,2,2010-12-21,2010-12-21T19:00:00.000000-0500,41,s:40~l:54~t:41,uconn-huskies,UConn,Huskies,CONN,UConn Huskies,UConn,0c2340,f1f2f3,https://a.espncdn.com/i/teamlogos/ncaa/500/41.png,home,93,true,22,6,20,61.1,33,54,0,14,79.2,19,24,34,9,9,19,0,50.0,8,16,35,0,0,0,52,s:40~l:54~t:52,florida-state-seminoles,Florida State,Seminoles,FSU,Florida State Seminoles,Florida St,782F40,ceb888,https://a.espncdn.com/i/teamlogos/ncaa/500/52.png,62
303550183,2011,2,2010-12-21,2010-12-21T20:15:00.000000-0500,239,s:40~l:54~t:239,baylor-bears,Baylor,Bears,BAY,Baylor Bears,Baylor,154734,ffb81c,https://a.espncdn.com/i/teamlogos/ncaa/500/239.png,away,77,true,21,9,27,50.9,29,57,0,19,66.7,12,18,40,9,11,15,0,38.9,7,18,40,0,0,0,183,s:40~l:54~t:183,syracuse-orange,Syracuse,Orange,SYR,Syracuse Orange,Syracuse,ff6500,000e54,https://a.espncdn.com/i/teamlogos/ncaa/500/183.png,43
303550183,2011,2,2010-12-21,2010-12-21T20:15:00.000000-0500,183,s:40~l:54~t:183,syracuse-orange,Syracuse,Orange,SYR,Syracuse Orange,Syracuse,ff6500,000e54,https://a.espncdn.com/i/teamlogos/ncaa/500/183.png,home,43,false,8,2,19,26.5,18,68,0,19,62.5,5,8,2,18,3,24,0,11.8,2,17,46,0,0,0,239,s:40~l:54~t:239,baylor-bears,Baylor,Bears,BAY,Baylor Bears,Baylor,154734,ffb81c,https://a.espncdn.com/i/teamlogos/ncaa/500/239.png,77
303550150,2011,2,2010-12-21,2010-12-21T19:00:00.000000-0500,2752,s:40~l:54~t:2752,xavier-musketeers,Xavier,Musketeers,XAV,Xavier Musketeers,Xavier,002144,9ea2a2,https://a.espncdn.com/i/teamlogos/ncaa/500/2752.png,away,45,false,8,8,32,38.0,19,50,0,15,50.0,6,12,9,12,5,30,0,8.3,1,12,51,0,0,0,150,s:40~l:54~t:150,duke-blue-devils,Duke,Blue Devils,DUKE,Duke Blue Devils,Duke,013088,ffffff,https://a.espncdn.com/i/teamlogos/ncaa/500/150.png,46
303550150,2011,2,2010-12-21,2010-12-21T19:00:00.000000-0500,150,s:40~l:54~t:150,duke-blue-devils,Duke,Blue Devils,DUKE,Duke Blue Devils,Duke,013088,ffffff,https://a.espncdn.com/i/teamlogos/ncaa/500/150.png,home,46,true,8,5,17,26.8,19,71,0,13,50.0,6,12,7,16,21,12,0,13.3,2,15,37,0,0,0,2752,s:40~l:54~t:2752,xavier-musketeers,Xavier,Musketeers,XAV,Xavier Musketeers,Xavier,002144,9ea2a2,https://a.espncdn.com/i/teamlogos/ncaa/500/2752.png,45
303550096,2011,2,2010-12-21,2010-12-21T19:00:00.000000-0500,2029,s:40~l:54~t:2029,arkansas-pine-bluff-golden-lions,Arkansas-Pine Bluff,Golden Lions,UAPB,Arkansas-Pine Bluff Golden Lions,AR-Pine Bluff,e0aa0f,eaaa00,https://a.espncdn.com/i/teamlogos/ncaa/500/2029.png,away,35,false,6,4,14,20.0,10,50,0,19,86.7,13,15,0,9,5,41,0,22.2,2,9,32,0,0,0,96,s:40~l:54~t:96,kentucky-wildcats,Kentucky,Wildcats,UK,Kentucky Wildcats,Kentucky,005DAA,ffffff,https://a.espncdn.com/i/teamlogos/ncaa/500/96.png,107
303550096,2011,2,2010-12-21,2010-12-21T19:00:00.000000-0500,96,s:40~l:54~t:96,kentucky-wildcats,Kentucky,Wildcats,UK,Kentucky Wildcats,Kentucky,005DAA,ffffff,https://a.espncdn.com/i/teamlogos/ncaa/500/96.png,home,107,true,22,4,25,46.9,38,81,0,17,84.0,21,25,74,23,25,16,0,43.5,10,23,51,0,0,0,2029,s:40~l:54~t:2029,arkansas-pine-bluff-golden-lions,Arkansas-Pine Bluff,Golden Lions,UAPB,Arkansas-Pine Bluff Golden Lions,AR-Pine Bluff,e0aa0f,eaaa00,https://a.espncdn.com/i/teamlogos/ncaa/500/2029.png,35
303550127,2011,2,2010-12-21,2010-12-21T19:00:00.000000-0500,261,s:40~l:54~t:261,vermont-catamounts,Vermont,Catamounts,UVM,Vermont Catamounts,Vermont,154734,ffc72c,https://a.espncdn.com/i/teamlogos/ncaa/500/261.png,away,33,false,6,0,18,27.9,12,43,0,17,66.7,6,9,0,8,5,26,0,27.3,3,11,29,0,0,0,127,s:40~l:54~t:127,michigan-state-spartans,Michigan State,Spartans,MSU,Michigan State Spartans,Michigan St,18453B,ffffff,https://a.espncdn.com/i/teamlogos/ncaa/500/127.png,67
303550127,2011,2,2010-12-21,2010-12-21T19:00:00.000000-0500,127,s:40~l:54~t:127,michigan-state-spartans,Michigan State,Spartans,MSU,Michigan State Spartans,Michigan St,18453B,ffffff,https://a.espncdn.com/i/teamlogos/ncaa/500/127.png,home,67,true,14,5,22,44.8,26,58,0,16,66.7,12,18,36,15,14,12,0,15.0,3,20,40,0,0,0,261,s:40~l:54~t:261,vermont-catamounts,Vermont,Catamounts,UVM,Vermont Catamounts,Vermont,154734,ffc72c,https://a.espncdn.com/i/teamlogos/ncaa/500/261.png,33
303550009,2011,2,2010-12-21,2010-12-21T21:30:00.000000-0500,305,s:40~l:54~t:305,depaul-blue-demons,DePaul,Blue Demons,DEP,DePaul Blue Demons,DePaul,2d649c,ce1125,https://a.espncdn.com/i/teamlogos/ncaa/500/305.png,away,66,false,12,5,23,44.2,23,52,0,20,56.3,18,32,8,6,9,18,0,20.0,2,10,32,0,0,0,9,s:40~l:54~t:9,arizona-state-sun-devils,Arizona State,Sun Devils,ASU,Arizona State Sun Devils,Arizona State,942139,f1f2f3,https://a.espncdn.com/i/teamlogos/ncaa/500/9.png,79
303550009,2011,2,2010-12-21,2010-12-21T21:30:00.000000-0500,9,s:40~l:54~t:9,arizona-state-sun-devils,Arizona State,Sun Devils,ASU,Arizona State Sun Devils,Arizona State,942139,f1f2f3,https://a.espncdn.com/i/teamlogos/ncaa/500/9.png,home,79,true,15,2,28,46.0,29,63,0,25,69.6,16,23,19,15,9,20,0,26.3,5,19,46,0,0,0,305,s:40~l:54~t:305,depaul-blue-demons,DePaul,Blue Demons,DEP,DePaul Blue Demons,DePaul,2d649c,ce1125,https://a.espncdn.com/i/teamlogos/ncaa/500/305.png,66
303540239,2011,2,2010-12-20,2010-12-20T20:15:00.000000-0500,228,s:40~l:54~t:228,clemson-tigers,Clemson,Tigers,CLEM,Clemson Tigers,Clemson,F66733,522d80,https://a.espncdn.com/i/teamlogos/ncaa/500/228.png,away,40,false,10,2,17,27.1,13,48,0,18,66.7,6,9,3,5,4,25,0,29.6,8,27,29,0,0,0,239,s:40~l:54~t:239,baylor-bears,Baylor,Bears,BAY,Baylor Bears,Baylor,154734,ffb81c,https://a.espncdn.com/i/teamlogos/ncaa/500/239.png,82
303540239,2011,2,2010-12-20,2010-12-20T20:15:00.000000-0500,239,s:40~l:54~t:239,baylor-bears,Baylor,Bears,BAY,Baylor Bears,Baylor,154734,ffb81c,https://a.espncdn.com/i/teamlogos/ncaa/500/239.png,home,82,true,21,2,22,46.8,29,62,0,8,78.9,15,19,42,14,11,14,0,42.9,9,21,43,0,0,0,228,s:40~l:54~t:228,clemson-tigers,Clemson,Tigers,CLEM,Clemson Tigers,Clemson,F66733,522d80,https://a.espncdn.com/i/teamlogos/ncaa/500/228.png,40
303542181,2011,2,2010-12-20,2010-12-20T20:00:00.000000-0500,2294,s:40~l:54~t:2294,iowa-hawkeyes,Iowa,Hawkeyes,IOWA,Iowa Hawkeyes,Iowa,000000,fcd116,https://a.espncdn.com/i/teamlogos/ncaa/500/2294.png,away,75,true,11,5,29,47.3,26,55,0,12,77.3,17,22,11,9,3,16,0,35.3,6,17,42,0,0,0,2181,s:40~l:54~t:2181,drake-bulldogs,Drake,Bulldogs,DRKE,Drake Bulldogs,Drake,004477,c0c0c0,https://a.espncdn.com/i/teamlogos/ncaa/500/2181.png,71
303542181,2011,2,2010-12-20,2010-12-20T20:00:00.000000-0500,2181,s:40~l:54~t:2181,drake-bulldogs,Drake,Bulldogs,DRKE,Drake Bulldogs,Drake,004477,c0c0c0,https://a.espncdn.com/i/teamlogos/ncaa/500/2181.png,home,71,false,14,4,17,45.1,32,71,0,17,62.5,5,8,7,8,9,8,0,12.5,2,16,30,0,0,0,2294,s:40~l:54~t:2294,iowa-hawkeyes,Iowa,Hawkeyes,IOWA,Iowa Hawkeyes,Iowa,000000,fcd116,https://a.espncdn.com/i/teamlogos/ncaa/500/2294.png,75
303542674,2011,2,2010-12-20,2010-12-20T20:05:00.000000-0500,87,s:40~l:54~t:87,notre-dame-fighting-irish,Notre Dame,Fighting Irish,ND,Notre Dame Fighting Irish,Notre Dame,0c2340,c99700,https://a.espncdn.com/i/teamlogos/ncaa/500/87.png,away,94,true,23,5,22,57.1,36,63,0,7,70.8,17,24,54,18,24,16,0,38.5,5,13,44,0,0,0,2674,s:40~l:54~t:2674,valparaiso-beacons,Valparaiso,Beacons,VAL,Valparaiso Beacons,Valparaiso,794500,,https://a.espncdn.com/i/teamlogos/ncaa/500/2674.png,43
303542674,2011,2,2010-12-20,2010-12-20T20:05:00.000000-0500,2674,s:40~l:54~t:2674,valparaiso-beacons,Valparaiso,Beacons,VAL,Valparaiso Beacons,Valparaiso,794500,,https://a.espncdn.com/i/teamlogos/ncaa/500/2674.png,home,43,false,12,1,10,32.1,18,56,0,18,50.0,2,4,0,7,3,25,0,23.8,5,21,23,0,0,0,87,s:40~l:54~t:87,notre-dame-fighting-irish,Notre Dame,Fighting Irish,ND,Notre Dame Fighting Irish,Notre Dame,0c2340,c99700,https://a.espncdn.com/i/teamlogos/ncaa/500/87.png,94
303540066,2011,2,2010-12-20,2010-12-20T20:00:00.000000-0500,2463,s:40~l:54~t:2463,cal-state-northridge-matadors,Cal State Northridge,Matadors,CSUN,Cal State Northridge Matadors,CSU Northridge,b50000,,https://a.espncdn.com/i/teamlogos/ncaa/500/2463.png,away,47,false,13,3,15,29.3,17,58,0,20,63.6,7,11,0,7,7,15,0,27.3,6,22,24,0,0,0,66,s:40~l:54~t:66,iowa-state-cyclones,Iowa State,Cyclones,ISU,Iowa State Cyclones,Iowa State,822433,fdca2f,https://a.espncdn.com/i/teamlogos/ncaa/500/66.png,93
303540066,2011,2,2010-12-20,2010-12-20T20:00:00.000000-0500,66,s:40~l:54~t:66,iowa-state-cyclones,Iowa State,Cyclones,ISU,Iowa State Cyclones,Iowa State,822433,fdca2f,https://a.espncdn.com/i/teamlogos/ncaa/500/66.png,home,93,true,26,1,38,54.0,34,63,0,11,72.7,16,22,48,12,8,12,0,42.9,9,21,53,0,0,0,2463,s:40~l:54~t:2463,cal-state-northridge-matadors,Cal State Northridge,Matadors,CSUN,Cal State Northridge Matadors,CSU Northridge,b50000,,https://a.espncdn.com/i/teamlogos/ncaa/500/2463.png,47
303530041,2011,2,2010-12-19,2010-12-19T14:30:00.000000-0500,194,s:40~l:54~t:194,ohio-state-buckeyes,Ohio State,Buckeyes,OSU,Ohio State Buckeyes,Ohio State,ce1141,505056,https://a.espncdn.com/i/teamlogos/ncaa/500/194.png,away,50,false,8,3,19,26.5,18,68,0,16,64.3,9,14,6,11,8,21,0,27.8,5,18,35,0,0,0,41,s:40~l:54~t:41,uconn-huskies,UConn,Huskies,CONN,UConn Huskies,UConn,0c2340,f1f2f3,https://a.espncdn.com/i/teamlogos/ncaa/500/41.png,81
303530041,2011,2,2010-12-19,2010-12-19T14:30:00.000000-0500,41,s:40~l:54~t:41,uconn-huskies,UConn,Huskies,CONN,UConn Huskies,UConn,0c2340,f1f2f3,https://a.espncdn.com/i/teamlogos/ncaa/500/41.png,home,81,true,18,7,36,50.0,32,64,0,14,75.0,12,16,34,10,15,21,0,33.3,5,15,49,0,0,0,194,s:40~l:54~t:194,ohio-state-buckeyes,Ohio State,Buckeyes,OSU,Ohio State Buckeyes,Ohio State,ce1141,505056,https://a.espncdn.com/i/teamlogos/ncaa/500/194.png,50
303532633,2011,2,2010-12-19,2010-12-19T19:00:00.000000-0500,24,s:40~l:54~t:24,stanford-cardinal,Stanford,Cardinal,STAN,Stanford Cardinal,Stanford,8c1515,ffffff,https://a.espncdn.com/i/teamlogos/ncaa/500/24.png,away,72,false,16,3,21,41.3,26,63,0,25,75.0,12,16,6,11,7,17,0,36.4,8,22,38,0,0,0,2633,s:40~l:54~t:2633,tennessee-lady-volunteers,Tennessee,Lady Volunteers,TENN,Tennessee Lady Volunteers,Tennessee,ff8200,ffffff,https://a.espncdn.com/i/teamlogos/ncaa/500/2633_ncw.png,82
303532633,2011,2,2010-12-19,2010-12-19T19:00:00.000000-0500,2633,s:40~l:54~t:2633,tennessee-lady-volunteers,Tennessee,Lady Volunteers,TENN,Tennessee Lady Volunteers,Tennessee,ff8200,ffffff,https://a.espncdn.com/i/teamlogos/ncaa/500/2633_ncw.png,home,82,true,15,4,29,43.3,29,67,0,16,68.0,17,25,14,12,7,12,0,50.0,7,14,43,0,0,0,24,s:40~l:54~t:24,stanford-cardinal,Stanford,Cardinal,STAN,Stanford Cardinal,Stanford,8c1515,ffffff,https://a.espncdn.com/i/teamlogos/ncaa/500/24.png,72
303530164,2011,2,2010-12-19,2010-12-19T12:00:00.000000-0500,245,s:40~l:54~t:245,texas-am-aggies,Texas A&M,Aggies,TA&M,Texas A&M Aggies,Texas A&M,5C0025,ffffff,https://a.espncdn.com/i/teamlogos/ncaa/500/245.png,away,79,true,18,3,19,46.8,29,62,0,18,53.8,14,26,31,14,13,17,0,41.2,7,17,38,0,0,0,164,s:40~l:54~t:164,rutgers-scarlet-knights,Rutgers,Scarlet Knights,RUTG,Rutgers Scarlet Knights,Rutgers,d21034,ffffff,https://a.espncdn.com/i/teamlogos/ncaa/500/164.png,50
303530164,2011,2,2010-12-19,2010-12-19T12:00:00.000000-0500,164,s:40~l:54~t:164,rutgers-scarlet-knights,Rutgers,Scarlet Knights,RUTG,Rutgers Scarlet Knights,Rutgers,d21034,ffffff,https://a.espncdn.com/i/teamlogos/ncaa/500/164.png,home,50,false,7,6,19,26.5,13,49,0,24,85.7,24,28,1,17,9,26,0,0.0,0,8,37,0,0,0,245,s:40~l:54~t:245,texas-am-aggies,Texas A&M,Aggies,TA&M,Texas A&M Aggies,Texas A&M,5C0025,ffffff,https://a.espncdn.com/i/teamlogos/ncaa/500/245.png,79
303530008,2011,2,2010-12-19,2010-12-19T18:00:00.000000-0500,201,s:40~l:54~t:201,oklahoma-sooners,Oklahoma,Sooners,OU,Oklahoma Sooners,Oklahoma,9d2235,ffffff,https://a.espncdn.com/i/teamlogos/ncaa/500/201.png,away,57,false,9,4,24,39.3,22,56,0,19,69.2,9,13,8,11,3,23,0,25.0,4,16,40,0,0,0,8,s:40~l:54~t:8,arkansas-razorbacks,Arkansas,Razorbacks,ARK,Arkansas Razorbacks,Arkansas,a41f35,222222,https://a.espncdn.com/i/teamlogos/ncaa/500/8.png,67
303530008,2011,2,2010-12-19,2010-12-19T18:00:00.000000-0500,8,s:40~l:54~t:8,arkansas-razorbacks,Arkansas,Razorbacks,ARK,Arkansas Razorbacks,Arkansas,a41f35,222222,https://a.espncdn.com/i/teamlogos/ncaa/500/8.png,home,67,true,9,1,23,41.1,23,56,0,15,73.9,17,23,11,7,13,12,0,57.1,4,7,31,0,0,0,201,s:40~l:54~t:201,oklahoma-sooners,Oklahoma,Sooners,OU,Oklahoma Sooners,Oklahoma,9d2235,ffffff,https://a.espncdn.com/i/teamlogos/ncaa/500/201.png,57
303532599,2011,2,2010-12-19,2010-12-19T14:00:00.000000-0500,2540,s:40~l:54~t:2540,uc-santa-barbara-gauchos,UC Santa Barbara,Gauchos,UCSB,UC Santa Barbara Gauchos,UCSB,1D1160,fdb813,https://a.espncdn.com/i/teamlogos/ncaa/500/2540.png,away,47,false,11,4,25,32.0,16,50,0,16,61.5,8,13,4,15,3,18,0,26.9,7,26,41,0,0,0,2599,s:40~l:54~t:2599,st-johns-red-storm,St. John's,Red Storm,SJU,St. John's Red Storm,St John's,d10000,101010,https://a.espncdn.com/i/teamlogos/ncaa/500/2599.png,56
303532599,2011,2,2010-12-19,2010-12-19T14:00:00.000000-0500,2599,s:40~l:54~t:2599,st-johns-red-storm,St. John's,Red Storm,SJU,St. John's Red Storm,St John's,d10000,101010,https://a.espncdn.com/i/teamlogos/ncaa/500/2599.png,home,56,true,12,4,22,35.6,21,59,0,11,60.0,12,20,14,16,11,8,0,25.0,2,8,41,0,0,0,2540,s:40~l:54~t:2540,uc-santa-barbara-gauchos,UC Santa Barbara,Gauchos,UCSB,UC Santa Barbara Gauchos,UCSB,1D1160,fdb813,https://a.espncdn.com/i/teamlogos/ncaa/500/2540.png,47
303532169,2011,2,2010-12-19,2010-12-19T16:00:00.000000-0500,120,s:40~l:54~t:120,maryland-terrapins,Maryland,Terrapins,MD,Maryland Terrapins,Maryland,D5002B,ffcd00,https://a.espncdn.com/i/teamlogos/ncaa/500/120.png,away,79,true,19,9,22,50.9,28,55,0,16,61.8,21,34,30,18,9,13,0,40.0,2,5,44,0,0,0,2169,s:40~l:54~t:2169,delaware-state-lady-hornets,Delaware State,Lady Hornets,DSU,Delaware State Lady Hornets,Delaware St,FF3630,009cdd,https://a.espncdn.com/i/teamlogos/ncaa/500/2169.png,49
303532169,2011,2,2010-12-19,2010-12-19T16:00:00.000000-0500,2169,s:40~l:54~t:2169,delaware-state-lady-hornets,Delaware State,Lady Hornets,DSU,Delaware State Lady Hornets,Delaware St,FF3630,009cdd,https://a.espncdn.com/i/teamlogos/ncaa/500/2169.png,home,49,false,8,5,14,32.0,16,50,0,23,63.2,12,19,0,11,8,16,0,38.5,5,13,28,0,0,0,120,s:40~l:54~t:120,maryland-terrapins,Maryland,Terrapins,MD,Maryland Terrapins,Maryland,D5002B,ffcd00,https://a.espncdn.com/i/teamlogos/ncaa/500/120.png,79
303530103,2011,2,2010-12-19,2010-12-19T12:00:00.000000-0500,350,s:40~l:54~t:350,unc-wilmington-seahawks,UNC Wilmington,Seahawks,UNCW,UNC Wilmington Seahawks,UNC Wilmington,1d2f68,00665e,https://a.espncdn.com/i/teamlogos/ncaa/500/350.png,away,55,false,11,5,18,34.4,21,61,0,14,45.5,10,22,0,6,15,26,0,20.0,3,15,28,0,0,0,103,s:40~l:54~t:103,boston-college-eagles,Boston College,Eagles,BC,Boston College Eagles,Boston College,8c2232,dbcca6,https://a.espncdn.com/i/teamlogos/ncaa/500/103.png,85
303530103,2011,2,2010-12-19,2010-12-19T12:00:00.000000-0500,103,s:40~l:54~t:103,boston-college-eagles,Boston College,Eagles,BC,Boston College Eagles,Boston College,8c2232,dbcca6,https://a.espncdn.com/i/teamlogos/ncaa/500/103.png,home,85,true,21,7,29,47.1,33,70,0,20,100.0,15,15,33,14,13,28,0,30.8,4,13,50,0,0,0,350,s:40~l:54~t:350,unc-wilmington-seahawks,UNC Wilmington,Seahawks,UNCW,UNC Wilmington Seahawks,UNC Wilmington,1d2f68,00665e,https://a.espncdn.com/i/teamlogos/ncaa/500/350.png,55
303530142,2011,2,2010-12-19,2010-12-19T15:00:00.000000-0500,2885,s:40~l:54~t:2885,njit-highlanders,NJIT,Highlanders,NJIT,NJIT Highlanders,NJIT,EE3024,df3e2e,https://a.espncdn.com/i/teamlogos/ncaa/500/2885.png,away,37,false,7,2,19,23.2,13,56,0,13,80.0,4,5,3,6,4,25,0,33.3,7,21,37,0,0,0,142,s:40~l:54~t:142,missouri-tigers,Missouri,Tigers,MIZ,Missouri Tigers,Missouri,f1b82d,000000,https://a.espncdn.com/i/teamlogos/ncaa/500/142.png,72
303530142,2011,2,2010-12-19,2010-12-19T15:00:00.000000-0500,142,s:40~l:54~t:142,missouri-tigers,Missouri,Tigers,MIZ,Missouri Tigers,Missouri,f1b82d,000000,https://a.espncdn.com/i/teamlogos/ncaa/500/142.png,home,72,true,10,8,31,45.2,28,62,0,11,88.2,15,17,38,11,13,13,0,8.3,1,12,42,0,0,0,2885,s:40~l:54~t:2885,njit-highlanders,NJIT,Highlanders,NJIT,NJIT Highlanders,NJIT,EE3024,df3e2e,https://a.espncdn.com/i/teamlogos/ncaa/500/2885.png,37
303530030,2011,2,2010-12-19,2010-12-19T20:30:00.000000-0500,21,s:40~l:54~t:21,san-diego-state-aztecs,San Diego State,Aztecs,SDSU,San Diego State Aztecs,San Diego St,BF2C37,a8996e,https://a.espncdn.com/i/teamlogos/ncaa/500/21.png,away,64,false,9,1,22,41.4,24,58,0,16,78.6,11,14,0,13,4,19,0,29.4,5,17,39,0,0,0,30,s:40~l:54~t:30,usc-trojans,USC,Trojans,USC,USC Trojans,USC,9e2237,ffcc00,https://a.espncdn.com/i/teamlogos/ncaa/500/30.png,74
303530030,2011,2,2010-12-19,2010-12-19T20:30:00.000000-0500,30,s:40~l:54~t:30,usc-trojans,USC,Trojans,USC,USC Trojans,USC,9e2237,ffcc00,https://a.espncdn.com/i/teamlogos/ncaa/500/30.png,home,74,true,9,1,20,40.3,25,62,0,15,81.0,17,21,15,13,7,11,0,46.7,7,15,36,0,0,0,21,s:40~l:54~t:21,san-diego-state-aztecs,San Diego State,Aztecs,SDSU,San Diego State Aztecs,San Diego St,BF2C37,a8996e,https://a.espncdn.com/i/teamlogos/ncaa/500/21.png,64
303530158,2011,2,2010-12-19,2010-12-19T21:30:00.000000-0500,2368,s:40~l:54~t:2368,marist-red-foxes,Marist,Red Foxes,MRST,Marist Red Foxes,Marist,e53730,f0f0f0,https://a.espncdn.com/i/teamlogos/ncaa/500/2368.png,away,65,true,13,3,20,41.5,22,53,0,14,81.0,17,21,8,6,7,13,0,21.1,4,19,30,0,0,0,158,s:40~l:54~t:158,nebraska-cornhuskers,Nebraska,Cornhuskers,NEB,Nebraska Cornhuskers,Nebraska,F20017,f5f1e7,https://a.espncdn.com/i/teamlogos/ncaa/500/158.png,60
303530158,2011,2,2010-12-19,2010-12-19T21:30:00.000000-0500,158,s:40~l:54~t:158,nebraska-cornhuskers,Nebraska,Cornhuskers,NEB,Nebraska Cornhuskers,Nebraska,F20017,f5f1e7,https://a.espncdn.com/i/teamlogos/ncaa/500/158.png,home,60,false,11,1,26,40.7,22,54,0,19,60.0,9,15,7,8,8,18,0,36.8,7,19,37,0,0,0,2368,s:40~l:54~t:2368,marist-red-foxes,Marist,Red Foxes,MRST,Marist Red Foxes,Marist,e53730,f0f0f0,https://a.espncdn.com/i/teamlogos/ncaa/500/2368.png,65
303520277,2011,2,2010-12-18,2010-12-18T19:00:00.000000-0500,2598,s:40~l:54~t:2598,st-francis-pa-red-flash,St. Francis (PA),Red Flash,SFPA,St. Francis (PA) Red Flash,St Francis PA,a20012,,https://a.espncdn.com/i/teamlogos/ncaa/500/2598.png,away,55,false,13,3,20,38.3,18,47,0,20,73.7,14,19,4,5,6,18,0,31.3,5,16,28,0,0,0,277,s:40~l:54~t:277,west-virginia-mountaineers,West Virginia,Mountaineers,WVU,West Virginia Mountaineers,West Virginia,FFC600,eaaa00,https://a.espncdn.com/i/teamlogos/ncaa/500/277.png,83
303520277,2011,2,2010-12-18,2010-12-18T19:00:00.000000-0500,277,s:40~l:54~t:277,west-virginia-mountaineers,West Virginia,Mountaineers,WVU,West Virginia Mountaineers,West Virginia,FFC600,eaaa00,https://a.espncdn.com/i/teamlogos/ncaa/500/277.png,home,83,true,19,7,23,50.8,32,63,0,22,59.1,13,22,36,15,8,12,0,33.3,6,18,42,0,0,0,2598,s:40~l:54~t:2598,st-francis-pa-red-flash,St. Francis (PA),Red Flash,SFPA,St. Francis (PA) Red Flash,St Francis PA,a20012,,https://a.espncdn.com/i/teamlogos/ncaa/500/2598.png,55
303520096,2011,2,2010-12-18,2010-12-18T14:00:00.000000-0500,2010,s:40~l:54~t:2010,alabama-am-bulldogs,Alabama A&M,Bulldogs,AAMU,Alabama A&M Bulldogs,Alabama A&M,790000,ffffff,https://a.espncdn.com/i/teamlogos/ncaa/500/2010.png,away,58,false,7,3,26,35.8,19,53,0,18,77.3,17,22,0,5,7,31,0,23.1,3,13,35,0,0,0,96,s:40~l:54~t:96,kentucky-wildcats,Kentucky,Wildcats,UK,Kentucky Wildcats,Kentucky,005DAA,ffffff,https://a.espncdn.com/i/teamlogos/ncaa/500/96.png,84
303520096,2011,2,2010-12-18,2010-12-18T14:00:00.000000-0500,96,s:40~l:54~t:96,kentucky-wildcats,Kentucky,Wildcats,UK,Kentucky Wildcats,Kentucky,005DAA,ffffff,https://a.espncdn.com/i/teamlogos/ncaa/500/96.png,home,84,true,15,4,25,40.6,28,69,0,20,76.9,20,26,34,14,16,19,0,42.1,8,19,42,0,0,0,2010,s:40~l:54~t:2010,alabama-am-bulldogs,Alabama A&M,Bulldogs,AAMU,Alabama A&M Bulldogs,Alabama A&M,790000,ffffff,https://a.espncdn.com/i/teamlogos/ncaa/500/2010.png,58
303520127,2011,2,2010-12-18,2010-12-18T13:00:00.000000-0500,159,s:40~l:54~t:159,dartmouth-big-green,Dartmouth,Big Green,DART,Dartmouth Big Green,Dartmouth,005730,000000,https://a.espncdn.com/i/teamlogos/ncaa/500/159.png,away,33,false,6,2,20,22.4,11,49,0,15,90.0,9,10,0,6,5,27,0,15.4,2,13,34,0,0,0,127,s:40~l:54~t:127,michigan-state-spartans,Michigan State,Spartans,MSU,Michigan State Spartans,Michigan St,18453B,ffffff,https://a.espncdn.com/i/teamlogos/ncaa/500/127.png,88
303520127,2011,2,2010-12-18,2010-12-18T13:00:00.000000-0500,127,s:40~l:54~t:127,michigan-state-spartans,Michigan State,Spartans,MSU,Michigan State Spartans,Michigan St,18453B,ffffff,https://a.espncdn.com/i/teamlogos/ncaa/500/127.png,home,88,true,18,9,24,41.0,32,78,0,13,76.5,13,17,55,22,19,11,0,32.4,11,34,53,0,0,0,159,s:40~l:54~t:159,dartmouth-big-green,Dartmouth,Big Green,DART,Dartmouth Big Green,Dartmouth,005730,000000,https://a.espncdn.com/i/teamlogos/ncaa/500/159.png,33
303520043,2011,2,2010-12-18,2010-12-18T19:00:00.000000-0500,52,s:40~l:54~t:52,florida-state-seminoles,Florida State,Seminoles,FSU,Florida State Seminoles,Florida St,782F40,ceb888,https://a.espncdn.com/i/teamlogos/ncaa/500/52.png,away,85,false,17,2,27,44.3,31,70,0,29,69.2,18,26,4,15,6,20,1,38.5,5,13,46,1,0,0,43,s:40~l:54~t:43,yale-bulldogs,Yale,Bulldogs,YALE,Yale Bulldogs,Yale,004a81,286dc0,https://a.espncdn.com/i/teamlogos/ncaa/500/43.png,91
303520043,2011,2,2010-12-18,2010-12-18T19:00:00.000000-0500,43,s:40~l:54~t:43,yale-bulldogs,Yale,Bulldogs,YALE,Yale Bulldogs,Yale,004a81,286dc0,https://a.espncdn.com/i/teamlogos/ncaa/500/43.png,home,91,true,26,5,25,50.0,31,62,0,21,60.0,21,35,13,6,8,15,0,42.1,8,19,35,0,0,0,52,s:40~l:54~t:52,florida-state-seminoles,Florida State,Seminoles,FSU,Florida State Seminoles,Florida St,782F40,ceb888,https://a.espncdn.com/i/teamlogos/ncaa/500/52.png,85
303522599,2011,2,2010-12-18,2010-12-18T13:00:00.000000-0500,2572,s:40~l:54~t:2572,southern-miss-golden-eagles,Southern Miss,Golden Eagles,USM,Southern Miss Golden Eagles,Southern Miss,FFAA3C,ffc423,https://a.espncdn.com/i/teamlogos/ncaa/500/2572.png,away,50,false,9,2,19,29.9,20,67,0,20,53.8,7,13,2,16,9,27,0,16.7,3,18,42,0,0,0,2599,s:40~l:54~t:2599,st-johns-red-storm,St. John's,Red Storm,SJU,St. John's Red Storm,St John's,d10000,101010,https://a.espncdn.com/i/teamlogos/ncaa/500/2599.png,81
303522599,2011,2,2010-12-18,2010-12-18T13:00:00.000000-0500,2599,s:40~l:54~t:2599,st-johns-red-storm,St. John's,Red Storm,SJU,St. John's Red Storm,St John's,d10000,101010,https://a.espncdn.com/i/teamlogos/ncaa/500/2599.png,home,81,true,11,8,25,48.5,33,68,0,13,52.2,12,23,39,13,18,17,0,37.5,3,8,47,0,0,0,2572,s:40~l:54~t:2572,southern-miss-golden-eagles,Southern Miss,Golden Eagles,USM,Southern Miss Golden Eagles,Southern Miss,FFAA3C,ffc423,https://a.espncdn.com/i/teamlogos/ncaa/500/2572.png,50
303520158,2011,2,2010-12-18,2010-12-18T19:00:00.000000-0500,248,s:40~l:54~t:248,houston-cougars,Houston,Cougars,HOU,Houston Cougars,Houston,c92a39,ffffff,https://a.espncdn.com/i/teamlogos/ncaa/500/248.png,away,79,true,13,9,32,41.5,27,65,0,14,64.3,18,28,16,14,7,11,0,30.4,7,23,51,0,0,0,158,s:40~l:54~t:158,nebraska-cornhuskers,Nebraska,Cornhuskers,NEB,Nebraska Cornhuskers,Nebraska,F20017,f5f1e7,https://a.espncdn.com/i/teamlogos/ncaa/500/158.png,70
303520158,2011,2,2010-12-18,2010-12-18T19:00:00.000000-0500,158,s:40~l:54~t:158,nebraska-cornhuskers,Nebraska,Cornhuskers,NEB,Nebraska Cornhuskers,Nebraska,F20017,f5f1e7,https://a.espncdn.com/i/teamlogos/ncaa/500/158.png,home,70,false,11,2,28,32.9,26,79,0,19,66.7,8,12,1,15,2,12,0,34.5,10,29,51,0,0,0,248,s:40~l:54~t:248,houston-cougars,Houston,Cougars,HOU,Houston Cougars,Houston,c92a39,ffffff,https://a.espncdn.com/i/teamlogos/ncaa/500/248.png,79
303512752,2011,2,2010-12-17,2010-12-17T19:00:00.000000-0500,344,s:40~l:54~t:344,mississippi-state-bulldogs,Mississippi State,Bulldogs,MSST,Mississippi State Bulldogs,Mississippi St,762123,c8c8c8,https://a.espncdn.com/i/teamlogos/ncaa/500/344.png,away,36,false,9,4,21,22.0,13,59,0,17,66.7,6,9,0,9,7,13,0,19.0,4,21,36,0,0,0,2752,s:40~l:54~t:2752,xavier-musketeers,Xavier,Musketeers,XAV,Xavier Musketeers,Xavier,002144,9ea2a2,https://a.espncdn.com/i/teamlogos/ncaa/500/2752.png,61
303512752,2011,2,2010-12-17,2010-12-17T19:00:00.000000-0500,2752,s:40~l:54~t:2752,xavier-musketeers,Xavier,Musketeers,XAV,Xavier Musketeers,Xavier,002144,9ea2a2,https://a.espncdn.com/i/teamlogos/ncaa/500/2752.png,home,61,true,18,6,32,44.8,26,58,0,8,42.9,6,14,25,11,6,17,0,23.1,3,13,48,0,0,0,344,s:40~l:54~t:344,mississippi-state-bulldogs,Mississippi State,Bulldogs,MSST,Mississippi State Bulldogs,Mississippi St,762123,c8c8c8,https://a.espncdn.com/i/teamlogos/ncaa/500/344.png,36
303500305,2011,2,2010-12-16,2010-12-16T20:00:00.000000-0500,24,s:40~l:54~t:24,stanford-cardinal,Stanford,Cardinal,STAN,Stanford Cardinal,Stanford,8c1515,ffffff,https://a.espncdn.com/i/teamlogos/ncaa/500/24.png,away,71,false,12,1,18,40.6,26,64,0,18,75.0,9,12,3,16,9,18,0,47.6,10,21,35,0,0,0,305,s:40~l:54~t:305,depaul-blue-demons,DePaul,Blue Demons,DEP,DePaul Blue Demons,DePaul,2d649c,ce1125,https://a.espncdn.com/i/teamlogos/ncaa/500/305.png,91
303500305,2011,2,2010-12-16,2010-12-16T20:00:00.000000-0500,305,s:40~l:54~t:305,depaul-blue-demons,DePaul,Blue Demons,DEP,DePaul Blue Demons,DePaul,2d649c,ce1125,https://a.espncdn.com/i/teamlogos/ncaa/500/305.png,home,91,true,16,2,21,59.6,31,52,0,11,70.4,19,27,20,7,9,12,0,50.0,10,20,31,0,0,0,24,s:40~l:54~t:24,stanford-cardinal,Stanford,Cardinal,STAN,Stanford Cardinal,Stanford,8c1515,ffffff,https://a.espncdn.com/i/teamlogos/ncaa/500/24.png,71
303490052,2011,2,2010-12-15,2010-12-15T18:00:00.000000-0500,2116,s:40~l:54~t:2116,ucf-knights,UCF,Knights,UCF,UCF Knights,UCF,000000,231f20,https://a.espncdn.com/i/teamlogos/ncaa/500/2116.png,away,51,false,6,5,23,31.1,19,61,0,22,57.9,11,19,0,14,8,22,0,11.1,2,18,41,0,0,0,52,s:40~l:54~t:52,florida-state-seminoles,Florida State,Seminoles,FSU,Florida State Seminoles,Florida St,782F40,ceb888,https://a.espncdn.com/i/teamlogos/ncaa/500/52.png,69
303490052,2011,2,2010-12-15,2010-12-15T18:00:00.000000-0500,52,s:40~l:54~t:52,florida-state-seminoles,Florida State,Seminoles,FSU,Florida State Seminoles,Florida St,782F40,ceb888,https://a.espncdn.com/i/teamlogos/ncaa/500/52.png,home,69,true,14,5,28,38.3,23,60,0,15,70.0,21,30,25,14,11,18,0,25.0,2,8,49,0,0,0,2116,s:40~l:54~t:2116,ucf-knights,UCF,Knights,UCF,UCF Knights,UCF,000000,231f20,https://a.espncdn.com/i/teamlogos/ncaa/500/2116.png,51
303480239,2011,2,2010-12-14,2010-12-14T19:00:00.000000-0500,2633,s:40~l:54~t:2633,tennessee-lady-volunteers,Tennessee,Lady Volunteers,TENN,Tennessee Lady Volunteers,Tennessee,ff8200,ffffff,https://a.espncdn.com/i/teamlogos/ncaa/500/2633_ncw.png,away,54,false,5,3,27,25.0,18,72,0,23,66.7,12,18,0,15,4,17,0,26.1,6,23,53,0,0,0,239,s:40~l:54~t:239,baylor-bears,Baylor,Bears,BAY,Baylor Bears,Baylor,154734,ffb81c,https://a.espncdn.com/i/teamlogos/ncaa/500/239.png,65
303480239,2011,2,2010-12-14,2010-12-14T19:00:00.000000-0500,239,s:40~l:54~t:239,baylor-bears,Baylor,Bears,BAY,Baylor Bears,Baylor,154734,ffb81c,https://a.espncdn.com/i/teamlogos/ncaa/500/239.png,home,65,true,10,13,30,35.7,20,56,0,13,70.0,21,30,15,9,8,13,0,40.0,4,10,43,0,0,0,2633,s:40~l:54~t:2633,tennessee-lady-volunteers,Tennessee,Lady Volunteers,TENN,Tennessee Lady Volunteers,Tennessee,ff8200,ffffff,https://a.espncdn.com/i/teamlogos/ncaa/500/2633_ncw.png,54
303480194,2011,2,2010-12-14,2010-12-14T19:00:00.000000-0500,2908,s:40~l:54~t:2908,south-carolina-upstate-spartans,South Carolina Upstate,Spartans,SCUP,South Carolina Upstate Spartans,SC Upstate,008545,000000,https://a.espncdn.com/i/teamlogos/ncaa/500/2908.png,away,55,false,15,3,27,33.3,23,69,0,22,58.3,7,12,0,7,5,16,0,13.3,2,15,35,0,0,0,194,s:40~l:54~t:194,ohio-state-buckeyes,Ohio State,Buckeyes,OSU,Ohio State Buckeyes,Ohio State,ce1141,505056,https://a.espncdn.com/i/teamlogos/ncaa/500/194.png,87
303480194,2011,2,2010-12-14,2010-12-14T19:00:00.000000-0500,194,s:40~l:54~t:194,ohio-state-buckeyes,Ohio State,Buckeyes,OSU,Ohio State Buckeyes,Ohio State,ce1141,505056,https://a.espncdn.com/i/teamlogos/ncaa/500/194.png,home,87,true,21,6,39,43.8,32,73,0,8,70.0,21,30,35,15,7,12,0,11.1,2,18,58,0,0,0,2908,s:40~l:54~t:2908,south-carolina-upstate-spartans,South Carolina Upstate,Spartans,SCUP,South Carolina Upstate Spartans,SC Upstate,008545,000000,https://a.espncdn.com/i/teamlogos/ncaa/500/2908.png,55
303482483,2011,2,2010-12-14,2010-12-14T22:00:00.000000-0500,27,s:40~l:54~t:27,uc-riverside-highlanders,UC Riverside,Highlanders,UCR,UC Riverside Highlanders,UC Riverside,14234F,,https://a.espncdn.com/i/teamlogos/ncaa/500/27.png,away,74,true,18,4,32,41.9,26,62,0,22,59.1,13,22,16,11,12,23,0,33.3,9,27,45,0,0,0,2483,s:40~l:54~t:2483,oregon-ducks,Oregon,Ducks,ORE,Oregon Ducks,Oregon,044520,fee123,https://a.espncdn.com/i/teamlogos/ncaa/500/2483.png,69
303482483,2011,2,2010-12-14,2010-12-14T22:00:00.000000-0500,2483,s:40~l:54~t:2483,oregon-ducks,Oregon,Ducks,ORE,Oregon Ducks,Oregon,044520,fee123,https://a.espncdn.com/i/teamlogos/ncaa/500/2483.png,home,69,false,12,4,23,39.7,25,63,0,20,42.9,12,28,2,10,14,18,0,30.4,7,23,39,0,0,0,27,s:40~l:54~t:27,uc-riverside-highlanders,UC Riverside,Highlanders,UCR,UC Riverside Highlanders,UC Riverside,14234F,,https://a.espncdn.com/i/teamlogos/ncaa/500/27.png,74
303460024,2011,2,2010-12-12,2010-12-12T16:00:00.000000-0500,278,s:40~l:54~t:278,fresno-state-bulldogs,Fresno State,Bulldogs,FRES,Fresno State Bulldogs,Fresno St,c41230,231f20,https://a.espncdn.com/i/teamlogos/ncaa/500/278.png,away,40,false,9,0,13,24.1,14,58,0,13,72.7,8,11,4,15,6,20,0,22.2,4,18,32,0,0,0,24,s:40~l:54~t:24,stanford-cardinal,Stanford,Cardinal,STAN,Stanford Cardinal,Stanford,8c1515,ffffff,https://a.espncdn.com/i/teamlogos/ncaa/500/24.png,77
303460024,2011,2,2010-12-12,2010-12-12T16:00:00.000000-0500,24,s:40~l:54~t:24,stanford-cardinal,Stanford,Cardinal,STAN,Stanford Cardinal,Stanford,8c1515,ffffff,https://a.espncdn.com/i/teamlogos/ncaa/500/24.png,home,77,true,15,8,25,51.7,31,60,0,14,62.5,10,16,39,16,11,16,0,35.7,5,14,46,0,0,0,278,s:40~l:54~t:278,fresno-state-bulldogs,Fresno State,Bulldogs,FRES,Fresno State Bulldogs,Fresno St,c41230,231f20,https://a.espncdn.com/i/teamlogos/ncaa/500/278.png,40
303460197,2011,2,2010-12-12,2010-12-12T14:00:00.000000-0500,150,s:40~l:54~t:150,duke-blue-devils,Duke,Blue Devils,DUKE,Duke Blue Devils,Duke,013088,ffffff,https://a.espncdn.com/i/teamlogos/ncaa/500/150.png,away,73,true,16,0,29,46.2,24,52,0,17,61.3,19,31,39,18,13,25,0,46.2,6,13,51,0,0,0,197,s:40~l:54~t:197,oklahoma-state-cowgirls,Oklahoma State,Cowgirls,OKST,Oklahoma State Cowgirls,Oklahoma St,ff6500,000000,https://a.espncdn.com/i/teamlogos/ncaa/500/197.png,45
303460197,2011,2,2010-12-12,2010-12-12T14:00:00.000000-0500,197,s:40~l:54~t:197,oklahoma-state-cowgirls,Oklahoma State,Cowgirls,OKST,Oklahoma State Cowgirls,Oklahoma St,ff6500,000000,https://a.espncdn.com/i/teamlogos/ncaa/500/197.png,home,45,false,8,5,15,28.6,14,49,0,22,60.0,9,15,3,6,7,21,0,34.8,8,23,22,0,0,0,150,s:40~l:54~t:150,duke-blue-devils,Duke,Blue Devils,DUKE,Duke Blue Devils,Duke,013088,ffffff,https://a.espncdn.com/i/teamlogos/ncaa/500/150.png,73
303460251,2011,2,2010-12-12,2010-12-12T13:00:00.000000-0500,2633,s:40~l:54~t:2633,tennessee-lady-volunteers,Tennessee,Lady Volunteers,TENN,Tennessee Lady Volunteers,Tennessee,ff8200,ffffff,https://a.espncdn.com/i/teamlogos/ncaa/500/2633_ncw.png,away,92,true,16,6,22,47.0,39,83,0,15,77.8,7,9,21,15,12,12,0,36.8,7,19,43,0,0,0,251,s:40~l:54~t:251,texas-longhorns,Texas,Longhorns,TEX,Texas Longhorns,Texas,c15d26,ffffff,https://a.espncdn.com/i/teamlogos/ncaa/500/251.png,77
303460251,2011,2,2010-12-12,2010-12-12T13:00:00.000000-0500,251,s:40~l:54~t:251,texas-longhorns,Texas,Longhorns,TEX,Texas Longhorns,Texas,c15d26,ffffff,https://a.espncdn.com/i/teamlogos/ncaa/500/251.png,home,77,false,13,7,21,40.9,27,66,0,10,77.8,14,18,0,10,9,20,0,28.1,9,32,37,0,0,0,2633,s:40~l:54~t:2633,tennessee-lady-volunteers,Tennessee,Lady Volunteers,TENN,Tennessee Lady Volunteers,Tennessee,ff8200,ffffff,https://a.espncdn.com/i/teamlogos/ncaa/500/2633_ncw.png,92
303460245,2011,2,2010-12-12,2010-12-12T15:00:00.000000-0500,2628,s:40~l:54~t:2628,tcu-horned-frogs,TCU,Horned Frogs,TCU,TCU Horned Frogs,TCU,4d1979,f1f2f3,https://a.espncdn.com/i/teamlogos/ncaa/500/2628.png,away,66,false,8,1,18,41.0,16,39,0,16,89.3,25,28,3,5,2,19,1,56.3,9,16,24,1,0,0,245,s:40~l:54~t:245,texas-am-aggies,Texas A&M,Aggies,TA&M,Texas A&M Aggies,Texas A&M,5C0025,ffffff,https://a.espncdn.com/i/teamlogos/ncaa/500/245.png,91
303460245,2011,2,2010-12-12,2010-12-12T15:00:00.000000-0500,245,s:40~l:54~t:245,texas-am-aggies,Texas A&M,Aggies,TA&M,Texas A&M Aggies,Texas A&M,5C0025,ffffff,https://a.espncdn.com/i/teamlogos/ncaa/500/245.png,home,91,true,25,2,19,46.4,32,69,0,19,78.3,18,23,26,15,11,8,0,40.9,9,22,39,0,0,0,2628,s:40~l:54~t:2628,tcu-horned-frogs,TCU,Horned Frogs,TCU,TCU Horned Frogs,TCU,4d1979,f1f2f3,https://a.espncdn.com/i/teamlogos/ncaa/500/2628.png,66
303460153,2011,2,2010-12-12,2010-12-12T14:00:00.000000-0500,2439,s:40~l:54~t:2439,unlv-lady-rebels,UNLV,Lady Rebels,UNLV,UNLV Lady Rebels,UNLV,b10202,ffffff,https://a.espncdn.com/i/teamlogos/ncaa/500/2439.png,away,66,false,10,6,27,36.8,21,57,0,26,85.0,17,20,5,13,6,33,0,36.8,7,19,43,0,0,0,153,s:40~l:54~t:153,north-carolina-tar-heels,North Carolina,Tar Heels,UNC,North Carolina Tar Heels,North Carolina,7bafd4,13294b,https://a.espncdn.com/i/teamlogos/ncaa/500/153.png,78
303460153,2011,2,2010-12-12,2010-12-12T14:00:00.000000-0500,153,s:40~l:54~t:153,north-carolina-tar-heels,North Carolina,Tar Heels,UNC,North Carolina Tar Heels,North Carolina,7bafd4,13294b,https://a.espncdn.com/i/teamlogos/ncaa/500/153.png,home,78,true,13,6,18,35.4,23,65,0,21,75.6,31,41,12,12,19,14,0,6.7,1,15,34,0,0,0,2439,s:40~l:54~t:2439,unlv-lady-rebels,UNLV,Lady Rebels,UNLV,UNLV Lady Rebels,UNLV,b10202,ffffff,https://a.espncdn.com/i/teamlogos/ncaa/500/2439.png,66
303460201,2011,2,2010-12-12,2010-12-12T15:00:00.000000-0500,167,s:40~l:54~t:167,new-mexico-lobos,New Mexico,Lobos,UNM,New Mexico Lobos,New Mexico,000000,231f20,https://a.espncdn.com/i/teamlogos/ncaa/500/167.png,away,60,false,9,3,19,35.5,22,62,0,23,66.7,8,12,4,11,14,17,0,44.4,8,18,36,0,0,0,201,s:40~l:54~t:201,oklahoma-sooners,Oklahoma,Sooners,OU,Oklahoma Sooners,Oklahoma,9d2235,ffffff,https://a.espncdn.com/i/teamlogos/ncaa/500/201.png,63
303460201,2011,2,2010-12-12,2010-12-12T15:00:00.000000-0500,201,s:40~l:54~t:201,oklahoma-sooners,Oklahoma,Sooners,OU,Oklahoma Sooners,Oklahoma,9d2235,ffffff,https://a.espncdn.com/i/teamlogos/ncaa/500/201.png,home,63,true,10,2,26,37.3,22,59,0,14,63.2,12,19,7,15,5,22,0,50.0,7,14,44,0,0,0,167,s:40~l:54~t:167,new-mexico-lobos,New Mexico,Lobos,UNM,New Mexico Lobos,New Mexico,000000,231f20,https://a.espncdn.com/i/teamlogos/ncaa/500/167.png,60
303460052,2011,2,2010-12-12,2010-12-12T14:00:00.000000-0500,55,s:40~l:54~t:55,jacksonville-state-gamecocks,Jacksonville State,Gamecocks,JVST,Jacksonville State Gamecocks,J'Ville St,b50500,b5b7ba,https://a.espncdn.com/i/teamlogos/ncaa/500/55.png,away,39,false,7,4,15,25.5,14,55,0,12,55.6,5,9,2,8,8,19,0,33.3,6,18,27,0,0,0,52,s:40~l:54~t:52,florida-state-seminoles,Florida State,Seminoles,FSU,Florida State Seminoles,Florida St,782F40,ceb888,https://a.espncdn.com/i/teamlogos/ncaa/500/52.png,87
303460052,2011,2,2010-12-12,2010-12-12T14:00:00.000000-0500,52,s:40~l:54~t:52,florida-state-seminoles,Florida State,Seminoles,FSU,Florida State Seminoles,Florida St,782F40,ceb888,https://a.espncdn.com/i/teamlogos/ncaa/500/52.png,home,87,true,21,7,26,53.8,35,65,0,14,70.0,7,10,50,10,14,13,0,47.6,10,21,46,0,0,0,55,s:40~l:54~t:55,jacksonville-state-gamecocks,Jacksonville State,Gamecocks,JVST,Jacksonville State Gamecocks,J'Ville St,b50500,b5b7ba,https://a.espncdn.com/i/teamlogos/ncaa/500/55.png,39
303460066,2011,2,2010-12-12,2010-12-12T13:30:00.000000-0500,171,s:40~l:54~t:171,columbia-lions,Columbia,Lions,COLU,Columbia Lions,Columbia,174785,004b85,https://a.espncdn.com/i/teamlogos/ncaa/500/171.png,away,27,false,5,1,15,16.1,9,56,0,26,66.7,4,6,5,13,9,13,0,20.0,5,25,30,0,0,0,66,s:40~l:54~t:66,iowa-state-cyclones,Iowa State,Cyclones,ISU,Iowa State Cyclones,Iowa State,822433,fdca2f,https://a.espncdn.com/i/teamlogos/ncaa/500/66.png,73
303460066,2011,2,2010-12-12,2010-12-12T13:30:00.000000-0500,66,s:40~l:54~t:66,iowa-state-cyclones,Iowa State,Cyclones,ISU,Iowa State Cyclones,Iowa State,822433,fdca2f,https://a.espncdn.com/i/teamlogos/ncaa/500/66.png,home,73,true,20,3,29,52.1,25,48,0,7,60.0,15,25,51,16,5,14,0,34.8,8,23,46,0,0,0,171,s:40~l:54~t:171,columbia-lions,Columbia,Lions,COLU,Columbia Lions,Columbia,174785,004b85,https://a.espncdn.com/i/teamlogos/ncaa/500/171.png,27
303460103,2011,2,2010-12-12,2010-12-12T13:00:00.000000-0500,164,s:40~l:54~t:164,rutgers-scarlet-knights,Rutgers,Scarlet Knights,RUTG,Rutgers Scarlet Knights,Rutgers,d21034,ffffff,https://a.espncdn.com/i/teamlogos/ncaa/500/164.png,away,75,false,12,4,19,43.3,26,60,0,19,77.3,17,22,0,9,6,14,0,37.5,6,16,34,0,0,0,103,s:40~l:54~t:103,boston-college-eagles,Boston College,Eagles,BC,Boston College Eagles,Boston College,8c2232,dbcca6,https://a.espncdn.com/i/teamlogos/ncaa/500/103.png,84
303460103,2011,2,2010-12-12,2010-12-12T13:00:00.000000-0500,103,s:40~l:54~t:103,boston-college-eagles,Boston College,Eagles,BC,Boston College Eagles,Boston College,8c2232,dbcca6,https://a.espncdn.com/i/teamlogos/ncaa/500/103.png,home,84,true,21,6,20,49.2,29,59,0,16,81.0,17,21,28,9,4,14,0,40.9,9,22,32,0,0,0,164,s:40~l:54~t:164,rutgers-scarlet-knights,Rutgers,Scarlet Knights,RUTG,Rutgers Scarlet Knights,Rutgers,d21034,ffffff,https://a.espncdn.com/i/teamlogos/ncaa/500/164.png,75
303460213,2011,2,2010-12-12,2010-12-12T12:00:00.000000-0500,311,s:40~l:54~t:311,maine-black-bears,Maine,Black Bears,MAINE,Maine Black Bears,Maine,127dbe,,https://a.espncdn.com/i/teamlogos/ncaa/500/311.png,away,41,false,5,2,22,19.1,9,47,0,23,83.3,20,24,0,8,4,25,0,15.8,3,19,36,0,0,0,213,s:40~l:54~t:213,penn-state-lady-lions,Penn State,Lady Lions,PSU,Penn State Lady Lions,Penn State,00265D,002e5c,https://a.espncdn.com/i/teamlogos/ncaa/500/213.png,95
303460213,2011,2,2010-12-12,2010-12-12T12:00:00.000000-0500,213,s:40~l:54~t:213,penn-state-lady-lions,Penn State,Lady Lions,PSU,Penn State Lady Lions,Penn State,00265D,002e5c,https://a.espncdn.com/i/teamlogos/ncaa/500/213.png,home,95,true,19,3,29,47.1,32,68,0,17,65.6,21,32,55,16,12,11,0,52.6,10,19,49,0,0,0,311,s:40~l:54~t:311,maine-black-bears,Maine,Black Bears,MAINE,Maine Black Bears,Maine,127dbe,,https://a.espncdn.com/i/teamlogos/ncaa/500/311.png,41
303462509,2011,2,2010-12-12,2010-12-12T14:00:00.000000-0500,93,s:40~l:54~t:93,murray-state-racers,Murray State,Racers,MUR,Murray State Racers,Murray St,002148,000e00,https://a.espncdn.com/i/teamlogos/ncaa/500/93.png,away,25,false,4,1,19,12.2,6,49,0,16,83.3,10,12,0,11,7,27,0,15.0,3,20,34,0,0,0,2509,s:40~l:54~t:2509,purdue-boilermakers,Purdue,Boilermakers,PUR,Purdue Boilermakers,Purdue,000000,cfb991,https://a.espncdn.com/i/teamlogos/ncaa/500/2509.png,71
303462509,2011,2,2010-12-12,2010-12-12T14:00:00.000000-0500,2509,s:40~l:54~t:2509,purdue-boilermakers,Purdue,Boilermakers,PUR,Purdue Boilermakers,Purdue,000000,cfb991,https://a.espncdn.com/i/teamlogos/ncaa/500/2509.png,home,71,true,18,8,27,52.6,30,57,0,16,52.6,10,19,46,6,18,13,0,8.3,1,12,38,0,0,0,93,s:40~l:54~t:93,murray-state-racers,Murray State,Racers,MUR,Murray State Racers,Murray St,002148,000e00,https://a.espncdn.com/i/teamlogos/ncaa/500/93.png,25
303462305,2011,2,2010-12-12,2010-12-12T15:00:00.000000-0500,333,s:40~l:54~t:333,alabama-crimson-tide,Alabama,Crimson Tide,ALA,Alabama Crimson Tide,Alabama,9e1632,ffffff,https://a.espncdn.com/i/teamlogos/ncaa/500/333.png,away,57,false,10,1,22,26.6,17,64,0,22,80.0,20,25,2,8,10,12,0,15.8,3,19,35,0,0,0,2305,s:40~l:54~t:2305,kansas-jayhawks,Kansas,Jayhawks,KU,Kansas Jayhawks,Kansas,0051ba,e8000d,https://a.espncdn.com/i/teamlogos/ncaa/500/2305.png,79
303462305,2011,2,2010-12-12,2010-12-12T15:00:00.000000-0500,2305,s:40~l:54~t:2305,kansas-jayhawks,Kansas,Jayhawks,KU,Kansas Jayhawks,Kansas,0051ba,e8000d,https://a.espncdn.com/i/teamlogos/ncaa/500/2305.png,home,79,true,19,4,33,58.8,30,51,0,19,67.9,19,28,22,5,6,19,0,0.0,0,7,41,0,0,0,333,s:40~l:54~t:333,alabama-crimson-tide,Alabama,Crimson Tide,ALA,Alabama Crimson Tide,Alabama,9e1632,ffffff,https://a.espncdn.com/i/teamlogos/ncaa/500/333.png,57
303460269,2011,2,2010-12-12,2010-12-12T15:00:00.000000-0500,2739,s:40~l:54~t:2739,green-bay-phoenix,Green Bay,Phoenix,GB,Green Bay Phoenix,Green Bay,006633,ffffff,https://a.espncdn.com/i/teamlogos/ncaa/500/2739.png,away,60,false,15,1,23,38.6,22,57,0,21,91.7,11,12,0,11,14,25,0,35.7,5,14,36,0,0,0,269,s:40~l:54~t:269,marquette-golden-eagles,Marquette,Golden Eagles,MARQ,Marquette Golden Eagles,Marquette,083963,ffffff,https://a.espncdn.com/i/teamlogos/ncaa/500/269.png,63
303460269,2011,2,2010-12-12,2010-12-12T15:00:00.000000-0500,269,s:40~l:54~t:269,marquette-golden-eagles,Marquette,Golden Eagles,MARQ,Marquette Golden Eagles,Marquette,083963,ffffff,https://a.espncdn.com/i/teamlogos/ncaa/500/269.png,home,63,true,16,6,18,47.6,20,42,0,17,59.3,16,27,15,4,16,23,0,43.8,7,16,26,0,0,0,2739,s:40~l:54~t:2739,green-bay-phoenix,Green Bay,Phoenix,GB,Green Bay Phoenix,Green Bay,006633,ffffff,https://a.espncdn.com/i/teamlogos/ncaa/500/2739.png,60
303450277,2011,2,2010-12-11,2010-12-11T14:00:00.000000-0500,2504,s:40~l:54~t:2504,prairie-view-am-lady-panthers,Prairie View A&M,Lady Panthers,PV,Prairie View A&M Lady Panthers,Prairie View,4d0960,,https://a.espncdn.com/i/teamlogos/ncaa/500/2504.png,away,39,false,5,2,19,25.5,12,47,0,13,77.8,14,18,0,9,7,25,0,11.1,1,9,32,0,0,0,277,s:40~l:54~t:277,west-virginia-mountaineers,West Virginia,Mountaineers,WVU,West Virginia Mountaineers,West Virginia,FFC600,eaaa00,https://a.espncdn.com/i/teamlogos/ncaa/500/277.png,71
303450277,2011,2,2010-12-11,2010-12-11T14:00:00.000000-0500,277,s:40~l:54~t:277,west-virginia-mountaineers,West Virginia,Mountaineers,WVU,West Virginia Mountaineers,West Virginia,FFC600,eaaa00,https://a.espncdn.com/i/teamlogos/ncaa/500/277.png,home,71,true,17,8,25,43.5,27,62,0,17,76.5,13,17,34,15,13,14,0,19.0,4,21,41,0,0,0,2504,s:40~l:54~t:2504,prairie-view-am-lady-panthers,Prairie View A&M,Lady Panthers,PV,Prairie View A&M Lady Panthers,Prairie View,4d0960,,https://a.espncdn.com/i/teamlogos/ncaa/500/2504.png,39
303450183,2011,2,2010-12-11,2010-12-11T13:00:00.000000-0500,194,s:40~l:54~t:194,ohio-state-buckeyes,Ohio State,Buckeyes,OSU,Ohio State Buckeyes,Ohio State,ce1141,505056,https://a.espncdn.com/i/teamlogos/ncaa/500/194.png,away,66,false,18,6,21,38.7,24,62,0,14,100.0,10,10,10,8,4,14,0,26.7,8,30,33,0,0,0,183,s:40~l:54~t:183,syracuse-orange,Syracuse,Orange,SYR,Syracuse Orange,Syracuse,ff6500,000e54,https://a.espncdn.com/i/teamlogos/ncaa/500/183.png,75
303450183,2011,2,2010-12-11,2010-12-11T13:00:00.000000-0500,183,s:40~l:54~t:183,syracuse-orange,Syracuse,Orange,SYR,Syracuse Orange,Syracuse,ff6500,000e54,https://a.espncdn.com/i/teamlogos/ncaa/500/183.png,home,75,true,13,4,29,43.8,28,64,0,11,73.3,11,15,9,13,5,13,0,34.8,8,23,43,0,0,0,194,s:40~l:54~t:194,ohio-state-buckeyes,Ohio State,Buckeyes,OSU,Ohio State Buckeyes,Ohio State,ce1141,505056,https://a.espncdn.com/i/teamlogos/ncaa/500/194.png,66
303450236,2011,2,2010-12-11,2010-12-11T18:00:00.000000-0500,96,s:40~l:54~t:96,kentucky-wildcats,Kentucky,Wildcats,UK,Kentucky Wildcats,Kentucky,005DAA,ffffff,https://a.espncdn.com/i/teamlogos/ncaa/500/96.png,away,79,true,17,5,27,53.4,31,58,0,14,73.3,11,15,19,6,8,15,0,46.2,6,13,37,0,0,0,236,s:40~l:54~t:236,chattanooga-mocs,Chattanooga,Mocs,UTC,Chattanooga Mocs,Chattanooga,00386b,dca71d,https://a.espncdn.com/i/teamlogos/ncaa/500/236.png,64
303450236,2011,2,2010-12-11,2010-12-11T18:00:00.000000-0500,236,s:40~l:54~t:236,chattanooga-mocs,Chattanooga,Mocs,UTC,Chattanooga Mocs,Chattanooga,00386b,dca71d,https://a.espncdn.com/i/teamlogos/ncaa/500/236.png,home,64,false,16,0,18,42.2,27,64,0,11,42.9,3,7,2,8,5,12,0,30.4,7,23,33,0,0,0,96,s:40~l:54~t:96,kentucky-wildcats,Kentucky,Wildcats,UK,Kentucky Wildcats,Kentucky,005DAA,ffffff,https://a.espncdn.com/i/teamlogos/ncaa/500/96.png,79
303450227,2011,2,2010-12-11,2010-12-11T14:00:00.000000-0500,2599,s:40~l:54~t:2599,st-johns-red-storm,St. John's,Red Storm,SJU,St. John's Red Storm,St John's,d10000,101010,https://a.espncdn.com/i/teamlogos/ncaa/500/2599.png,away,73,true,15,2,19,47.5,28,59,0,13,68.4,13,19,27,14,13,12,0,40.0,4,10,34,0,0,0,227,s:40~l:54~t:227,rhode-island-rams,Rhode Island,Rams,URI,Rhode Island Rams,Rhode Island,091f3f,5ab3e8,https://a.espncdn.com/i/teamlogos/ncaa/500/227.png,49
303450227,2011,2,2010-12-11,2010-12-11T14:00:00.000000-0500,227,s:40~l:54~t:227,rhode-island-rams,Rhode Island,Rams,URI,Rhode Island Rams,Rhode Island,091f3f,5ab3e8,https://a.espncdn.com/i/teamlogos/ncaa/500/227.png,home,49,false,12,4,19,39.6,19,48,0,17,85.7,6,7,4,10,3,22,0,35.7,5,14,31,0,0,0,2599,s:40~l:54~t:2599,st-johns-red-storm,St. John's,Red Storm,SJU,St. John's Red Storm,St John's,d10000,101010,https://a.espncdn.com/i/teamlogos/ncaa/500/2599.png,73
303452520,2011,2,2010-12-11,2010-12-11T14:00:00.000000-0500,46,s:40~l:54~t:46,georgetown-hoyas,Georgetown,Hoyas,GTWN,Georgetown Hoyas,Georgetown,110E42,001c58,https://a.espncdn.com/i/teamlogos/ncaa/500/46.png,away,81,true,22,5,23,49.3,33,67,0,22,77.8,7,9,29,15,14,17,0,33.3,8,24,40,0,0,0,2520,s:40~l:54~t:2520,rider-broncs,Rider,Broncs,RID,Rider Broncs,Rider,a80532,ebebeb,https://a.espncdn.com/i/teamlogos/ncaa/500/2520.png,54
303452520,2011,2,2010-12-11,2010-12-11T14:00:00.000000-0500,2520,s:40~l:54~t:2520,rider-broncs,Rider,Broncs,RID,Rider Broncs,Rider,a80532,ebebeb,https://a.espncdn.com/i/teamlogos/ncaa/500/2520.png,home,54,false,10,1,15,37.2,16,43,0,14,68.2,15,22,2,6,11,25,0,46.7,7,15,26,0,0,0,46,s:40~l:54~t:46,georgetown-hoyas,Georgetown,Hoyas,GTWN,Georgetown Hoyas,Georgetown,110E42,001c58,https://a.espncdn.com/i/teamlogos/ncaa/500/46.png,81
303450158,2011,2,2010-12-11,2010-12-11T20:00:00.000000-0500,2458,s:40~l:54~t:2458,northern-colorado-bears,Northern Colorado,Bears,UNCO,Northern Colorado Bears,N Colorado,13558D,ffc533,https://a.espncdn.com/i/teamlogos/ncaa/500/2458.png,away,53,false,10,2,20,35.5,22,62,0,21,60.0,6,10,0,10,14,24,0,23.1,3,13,34,0,0,0,158,s:40~l:54~t:158,nebraska-cornhuskers,Nebraska,Cornhuskers,NEB,Nebraska Cornhuskers,Nebraska,F20017,f5f1e7,https://a.espncdn.com/i/teamlogos/ncaa/500/158.png,66
303450158,2011,2,2010-12-11,2010-12-11T20:00:00.000000-0500,158,s:40~l:54~t:158,nebraska-cornhuskers,Nebraska,Cornhuskers,NEB,Nebraska Cornhuskers,Nebraska,F20017,f5f1e7,https://a.espncdn.com/i/teamlogos/ncaa/500/158.png,home,66,true,12,6,29,43.6,24,55,0,16,63.6,14,22,19,13,8,26,0,23.5,4,17,45,0,0,0,2458,s:40~l:54~t:2458,northern-colorado-bears,Northern Colorado,Bears,UNCO,Northern Colorado Bears,N Colorado,13558D,ffc533,https://a.espncdn.com/i/teamlogos/ncaa/500/2458.png,53
303442711,2011,2,2010-12-10,2010-12-10T19:00:00.000000-0500,127,s:40~l:54~t:127,michigan-state-spartans,Michigan State,Spartans,MSU,Michigan State Spartans,Michigan St,18453B,ffffff,https://a.espncdn.com/i/teamlogos/ncaa/500/127.png,away,62,true,13,2,23,44.2,23,52,0,16,47.6,10,21,18,16,6,21,0,33.3,6,18,40,0,0,0,2711,s:40~l:54~t:2711,western-michigan-broncos,Western Michigan,Broncos,WMU,Western Michigan Broncos,W Michigan,532e1f,8b7f79,https://a.espncdn.com/i/teamlogos/ncaa/500/2711.png,50
303442711,2011,2,2010-12-10,2010-12-10T19:00:00.000000-0500,2711,s:40~l:54~t:2711,western-michigan-broncos,Western Michigan,Broncos,WMU,Western Michigan Broncos,W Michigan,532e1f,8b7f79,https://a.espncdn.com/i/teamlogos/ncaa/500/2711.png,home,50,false,4,1,15,35.4,17,48,0,21,63.6,14,22,0,10,9,14,0,20.0,2,10,30,0,0,0,127,s:40~l:54~t:127,michigan-state-spartans,Michigan State,Spartans,MSU,Michigan State Spartans,Michigan St,18453B,ffffff,https://a.espncdn.com/i/teamlogos/ncaa/500/127.png,62
303440120,2011,2,2010-12-10,2010-12-10T19:00:00.000000-0500,2378,s:40~l:54~t:2378,umbc-retrievers,UMBC,Retrievers,UMBC,UMBC Retrievers,UMBC,000000,ad860a,https://a.espncdn.com/i/teamlogos/ncaa/500/2378.png,away,45,false,14,1,15,40.5,17,42,0,9,80.0,4,5,0,4,3,17,0,29.2,7,24,20,0,0,0,120,s:40~l:54~t:120,maryland-terrapins,Maryland,Terrapins,MD,Maryland Terrapins,Maryland,D5002B,ffcd00,https://a.espncdn.com/i/teamlogos/ncaa/500/120.png,71
303440120,2011,2,2010-12-10,2010-12-10T19:00:00.000000-0500,120,s:40~l:54~t:120,maryland-terrapins,Maryland,Terrapins,MD,Maryland Terrapins,Maryland,D5002B,ffcd00,https://a.espncdn.com/i/teamlogos/ncaa/500/120.png,home,71,true,21,1,19,56.6,30,53,0,7,60.0,6,10,28,11,8,12,0,35.7,5,14,33,0,0,0,2378,s:40~l:54~t:2378,umbc-retrievers,UMBC,Retrievers,UMBC,UMBC Retrievers,UMBC,000000,ad860a,https://a.espncdn.com/i/teamlogos/ncaa/500/2378.png,45
303442649,2011,2,2010-12-10,2010-12-10T19:00:00.000000-0500,2473,s:40~l:54~t:2473,oakland-golden-grizzlies,Oakland,Golden Grizzlies,OAK,Oakland Golden Grizzlies,Oakland,04091c,bc955c,https://a.espncdn.com/i/teamlogos/ncaa/500/2473.png,away,42,false,2,1,5,42.9,3,7,0,4,100.0,2,2,2,1,2,7,0,33.3,1,3,7,0,0,0,2649,s:40~l:54~t:2649,toledo-rockets,Toledo,Rockets,TOL,Toledo Rockets,Toledo,ffffff,ffd51d,https://a.espncdn.com/i/teamlogos/ncaa/500/2649.png,81
303442649,2011,2,2010-12-10,2010-12-10T19:00:00.000000-0500,2649,s:40~l:54~t:2649,toledo-rockets,Toledo,Rockets,TOL,Toledo Rockets,Toledo,ffffff,ffd51d,https://a.espncdn.com/i/teamlogos/ncaa/500/2649.png,home,81,true,18,3,23,44.9,31,69,0,19,52.4,11,21,39,16,17,15,0,57.1,8,14,42,0,0,0,2473,s:40~l:54~t:2473,oakland-golden-grizzlies,Oakland,Golden Grizzlies,OAK,Oakland Golden Grizzlies,Oakland,04091c,bc955c,https://a.espncdn.com/i/teamlogos/ncaa/500/2473.png,42
303442739,2011,2,2010-12-10,2010-12-10T20:00:00.000000-0500,2546,s:40~l:54~t:2546,southeast-missouri-state-redhawks,Southeast Missouri State,Redhawks,SEMO,Southeast Missouri State Redhawks,SE Missouri St,cc0000,080808,https://a.espncdn.com/i/teamlogos/ncaa/500/2546.png,away,40,false,10,6,25,36.4,16,44,0,20,100.0,2,2,1,3,5,22,0,26.1,6,23,30,0,0,0,2739,s:40~l:54~t:2739,green-bay-phoenix,Green Bay,Phoenix,GB,Green Bay Phoenix,Green Bay,006633,ffffff,https://a.espncdn.com/i/teamlogos/ncaa/500/2739.png,74
303442739,2011,2,2010-12-10,2010-12-10T20:00:00.000000-0500,2739,s:40~l:54~t:2739,green-bay-phoenix,Green Bay,Phoenix,GB,Green Bay Phoenix,Green Bay,006633,ffffff,https://a.espncdn.com/i/teamlogos/ncaa/500/2739.png,home,74,true,21,5,19,41.8,23,55,0,11,77.8,21,27,34,9,17,9,0,41.2,7,17,34,0,0,0,2546,s:40~l:54~t:2546,southeast-missouri-state-redhawks,Southeast Missouri State,Redhawks,SEMO,Southeast Missouri State Redhawks,SE Missouri St,cc0000,080808,https://a.espncdn.com/i/teamlogos/ncaa/500/2546.png,40
303430041,2011,2,2010-12-09,2010-12-09T19:30:00.000000-0500,269,s:40~l:54~t:269,marquette-golden-eagles,Marquette,Golden Eagles,MARQ,Marquette Golden Eagles,Marquette,083963,ffffff,https://a.espncdn.com/i/teamlogos/ncaa/500/269.png,away,47,false,9,2,16,26.1,18,69,0,18,50.0,4,8,0,11,7,17,0,26.9,7,26,40,0,0,0,41,s:40~l:54~t:41,uconn-huskies,UConn,Huskies,CONN,UConn Huskies,UConn,0c2340,f1f2f3,https://a.espncdn.com/i/teamlogos/ncaa/500/41.png,79
303430041,2011,2,2010-12-09,2010-12-09T19:30:00.000000-0500,41,s:40~l:54~t:41,uconn-huskies,UConn,Huskies,CONN,UConn Huskies,UConn,0c2340,f1f2f3,https://a.espncdn.com/i/teamlogos/ncaa/500/41.png,home,79,true,16,11,33,54.7,29,53,0,10,66.7,14,21,36,7,11,16,0,46.7,7,15,42,0,0,0,269,s:40~l:54~t:269,marquette-golden-eagles,Marquette,Golden Eagles,MARQ,Marquette Golden Eagles,Marquette,083963,ffffff,https://a.espncdn.com/i/teamlogos/ncaa/500/269.png,47
303430150,2011,2,2010-12-09,2010-12-09T19:00:00.000000-0500,399,s:40~l:54~t:399,albany-great-danes,Albany,Great Danes,ALB,Albany Great Danes,Albany,3D2777,ffffff,https://a.espncdn.com/i/teamlogos/ncaa/500/399.png,away,48,false,10,0,12,38.3,18,47,0,15,57.1,4,7,0,6,6,24,1,38.1,8,21,25,1,0,0,150,s:40~l:54~t:150,duke-blue-devils,Duke,Blue Devils,DUKE,Duke Blue Devils,Duke,013088,ffffff,https://a.espncdn.com/i/teamlogos/ncaa/500/150.png,83
303430150,2011,2,2010-12-09,2010-12-09T19:00:00.000000-0500,150,s:40~l:54~t:150,duke-blue-devils,Duke,Blue Devils,DUKE,Duke Blue Devils,Duke,013088,ffffff,https://a.espncdn.com/i/teamlogos/ncaa/500/150.png,home,83,true,23,4,21,58.9,33,56,0,15,46.7,7,15,38,11,19,18,0,47.6,10,21,32,0,0,0,399,s:40~l:54~t:399,albany-great-danes,Albany,Great Danes,ALB,Albany Great Danes,Albany,3D2777,ffffff,https://a.espncdn.com/i/teamlogos/ncaa/500/399.png,48
303432393,2011,2,2010-12-09,2010-12-09T20:00:00.000000-0500,2752,s:40~l:54~t:2752,xavier-musketeers,Xavier,Musketeers,XAV,Xavier Musketeers,Xavier,002144,9ea2a2,https://a.espncdn.com/i/teamlogos/ncaa/500/2752.png,away,65,true,9,2,24,38.1,24,63,0,17,81.3,13,16,19,15,8,16,0,40.0,4,10,46,0,0,0,2393,s:40~l:54~t:2393,middle-tennessee-blue-raiders,Middle Tennessee,Blue Raiders,MTSU,Middle Tennessee Blue Raiders,MTSU,006db6,ffffff,https://a.espncdn.com/i/teamlogos/ncaa/500/2393.png,52
303432393,2011,2,2010-12-09,2010-12-09T20:00:00.000000-0500,2393,s:40~l:54~t:2393,middle-tennessee-blue-raiders,Middle Tennessee,Blue Raiders,MTSU,Middle Tennessee Blue Raiders,MTSU,006db6,ffffff,https://a.espncdn.com/i/teamlogos/ncaa/500/2393.png,home,52,false,13,3,18,29.3,17,58,0,15,66.7,12,18,2,13,3,16,0,20.0,6,30,39,0,0,0,2752,s:40~l:54~t:2752,xavier-musketeers,Xavier,Musketeers,XAV,Xavier Musketeers,Xavier,002144,9ea2a2,https://a.espncdn.com/i/teamlogos/ncaa/500/2752.png,65
303430222,2011,2,2010-12-09,2010-12-09T19:00:00.000000-0500,277,s:40~l:54~t:277,west-virginia-mountaineers,West Virginia,Mountaineers,WVU,West Virginia Mountaineers,West Virginia,FFC600,eaaa00,https://a.espncdn.com/i/teamlogos/ncaa/500/277.png,away,39,true,10,3,24,38.6,17,44,0,11,37.5,3,8,12,4,7,19,0,18.2,2,11,37,0,0,0,222,s:40~l:54~t:222,villanova-wildcats,Villanova,Wildcats,VILL,Villanova Wildcats,Villanova,00205b,13b5ea,https://a.espncdn.com/i/teamlogos/ncaa/500/222.png,36
303430222,2011,2,2010-12-09,2010-12-09T19:00:00.000000-0500,222,s:40~l:54~t:222,villanova-wildcats,Villanova,Wildcats,VILL,Villanova Wildcats,Villanova,00205b,13b5ea,https://a.espncdn.com/i/teamlogos/ncaa/500/222.png,home,36,false,9,4,18,26.0,13,50,0,11,75.0,3,4,3,5,6,14,0,22.6,7,31,28,0,0,0,277,s:40~l:54~t:277,west-virginia-mountaineers,West Virginia,Mountaineers,WVU,West Virginia Mountaineers,West Virginia,FFC600,eaaa00,https://a.espncdn.com/i/teamlogos/ncaa/500/277.png,39
303430245,2011,2,2010-12-09,2010-12-09T20:00:00.000000-0500,2509,s:40~l:54~t:2509,purdue-boilermakers,Purdue,Boilermakers,PUR,Purdue Boilermakers,Purdue,000000,cfb991,https://a.espncdn.com/i/teamlogos/ncaa/500/2509.png,away,55,false,11,6,16,37.0,17,46,0,21,83.3,15,18,2,8,6,26,0,42.9,6,14,27,0,0,0,245,s:40~l:54~t:245,texas-am-aggies,Texas A&M,Aggies,TA&M,Texas A&M Aggies,Texas A&M,5C0025,ffffff,https://a.espncdn.com/i/teamlogos/ncaa/500/245.png,100
303430245,2011,2,2010-12-09,2010-12-09T20:00:00.000000-0500,245,s:40~l:54~t:245,texas-am-aggies,Texas A&M,Aggies,TA&M,Texas A&M Aggies,Texas A&M,5C0025,ffffff,https://a.espncdn.com/i/teamlogos/ncaa/500/245.png,home,100,true,24,3,20,48.6,34,70,0,15,81.5,22,27,48,19,12,9,1,58.8,10,17,41,1,0,0,2509,s:40~l:54~t:2509,purdue-boilermakers,Purdue,Boilermakers,PUR,Purdue Boilermakers,Purdue,000000,cfb991,https://a.espncdn.com/i/teamlogos/ncaa/500/2509.png,55
303432294,2011,2,2010-12-09,2010-12-09T20:00:00.000000-0500,66,s:40~l:54~t:66,iowa-state-cyclones,Iowa State,Cyclones,ISU,Iowa State Cyclones,Iowa State,822433,fdca2f,https://a.espncdn.com/i/teamlogos/ncaa/500/66.png,away,40,false,3,3,20,32.6,14,43,0,15,83.3,10,12,2,6,2,16,0,22.2,2,9,27,0,0,0,2294,s:40~l:54~t:2294,iowa-hawkeyes,Iowa,Hawkeyes,IOWA,Iowa Hawkeyes,Iowa,000000,fcd116,https://a.espncdn.com/i/teamlogos/ncaa/500/2294.png,62
303432294,2011,2,2010-12-09,2010-12-09T20:00:00.000000-0500,2294,s:40~l:54~t:2294,iowa-hawkeyes,Iowa,Hawkeyes,IOWA,Iowa Hawkeyes,Iowa,000000,fcd116,https://a.espncdn.com/i/teamlogos/ncaa/500/2294.png,home,62,true,17,6,23,41.7,25,60,0,10,60.0,6,10,24,15,5,14,0,30.0,6,20,40,0,0,0,66,s:40~l:54~t:66,iowa-state-cyclones,Iowa State,Cyclones,ISU,Iowa State Cyclones,Iowa State,822433,fdca2f,https://a.espncdn.com/i/teamlogos/ncaa/500/66.png,40
303430164,2011,2,2010-12-09,2010-12-09T19:30:00.000000-0500,46,s:40~l:54~t:46,georgetown-hoyas,Georgetown,Hoyas,GTWN,Georgetown Hoyas,Georgetown,110E42,001c58,https://a.espncdn.com/i/teamlogos/ncaa/500/46.png,away,53,false,11,2,15,38.0,19,50,0,27,44.4,8,18,10,8,6,17,0,43.8,7,16,27,0,0,0,164,s:40~l:54~t:164,rutgers-scarlet-knights,Rutgers,Scarlet Knights,RUTG,Rutgers Scarlet Knights,Rutgers,d21034,ffffff,https://a.espncdn.com/i/teamlogos/ncaa/500/164.png,70
303430164,2011,2,2010-12-09,2010-12-09T19:30:00.000000-0500,164,s:40~l:54~t:164,rutgers-scarlet-knights,Rutgers,Scarlet Knights,RUTG,Rutgers Scarlet Knights,Rutgers,d21034,ffffff,https://a.espncdn.com/i/teamlogos/ncaa/500/164.png,home,70,true,11,7,21,34.7,17,49,0,18,69.8,30,43,17,21,10,16,0,35.3,6,17,45,0,0,0,46,s:40~l:54~t:46,georgetown-hoyas,Georgetown,Hoyas,GTWN,Georgetown Hoyas,Georgetown,110E42,001c58,https://a.espncdn.com/i/teamlogos/ncaa/500/46.png,53
303420153,2011,2,2010-12-08,2010-12-08T19:00:00.000000-0500,2193,s:40~l:54~t:2193,east-tennessee-state-bucs,East Tennessee State,Bucs,ETSU,East Tennessee State Bucs,ETSU,002d61,ffc423,https://a.espncdn.com/i/teamlogos/ncaa/500/2193.png,away,47,false,10,1,18,27.9,19,68,0,15,75.0,3,4,1,10,12,30,0,31.6,6,19,39,0,0,0,153,s:40~l:54~t:153,north-carolina-tar-heels,North Carolina,Tar Heels,UNC,North Carolina Tar Heels,North Carolina,7bafd4,13294b,https://a.espncdn.com/i/teamlogos/ncaa/500/153.png,87
303420153,2011,2,2010-12-08,2010-12-08T19:00:00.000000-0500,153,s:40~l:54~t:153,north-carolina-tar-heels,North Carolina,Tar Heels,UNC,North Carolina Tar Heels,North Carolina,7bafd4,13294b,https://a.espncdn.com/i/teamlogos/ncaa/500/153.png,home,87,true,20,11,33,46.1,35,76,0,7,57.9,11,19,43,18,22,21,0,33.3,6,18,53,0,0,0,2193,s:40~l:54~t:2193,east-tennessee-state-bucs,East Tennessee State,Bucs,ETSU,East Tennessee State Bucs,ETSU,002d61,ffc423,https://a.espncdn.com/i/teamlogos/ncaa/500/2193.png,47
303420201,2011,2,2010-12-08,2010-12-08T20:00:00.000000-0500,2617,s:40~l:54~t:2617,stephen-f-austin-ladyjacks,Stephen F. Austin,Ladyjacks,SFA,Stephen F. Austin Ladyjacks,SF Austin,393996,bec0c2,https://a.espncdn.com/i/teamlogos/ncaa/500/2617.png,away,57,false,8,2,22,32.1,18,56,0,22,72.2,13,18,8,9,11,21,0,29.6,8,27,37,0,0,0,201,s:40~l:54~t:201,oklahoma-sooners,Oklahoma,Sooners,OU,Oklahoma Sooners,Oklahoma,9d2235,ffffff,https://a.espncdn.com/i/teamlogos/ncaa/500/201.png,84
303420201,2011,2,2010-12-08,2010-12-08T20:00:00.000000-0500,201,s:40~l:54~t:201,oklahoma-sooners,Oklahoma,Sooners,OU,Oklahoma Sooners,Oklahoma,9d2235,ffffff,https://a.espncdn.com/i/teamlogos/ncaa/500/201.png,home,84,true,20,4,25,46.0,29,63,0,14,84.2,16,19,27,13,8,17,0,41.7,10,24,38,0,0,0,2617,s:40~l:54~t:2617,stephen-f-austin-ladyjacks,Stephen F. Austin,Ladyjacks,SFA,Stephen F. Austin Ladyjacks,SF Austin,393996,bec0c2,https://a.espncdn.com/i/teamlogos/ncaa/500/2617.png,57
303420127,2011,2,2010-12-08,2010-12-08T19:00:00.000000-0500,270,s:40~l:54~t:270,milwaukee-panthers,Milwaukee,Panthers,MILW,Milwaukee Panthers,Milwaukee,000000,ffc20e,https://a.espncdn.com/i/teamlogos/ncaa/500/270.png,away,48,false,6,3,21,36.0,18,50,0,16,87.5,7,8,0,6,12,21,0,33.3,5,15,31,0,0,0,127,s:40~l:54~t:127,michigan-state-spartans,Michigan State,Spartans,MSU,Michigan State Spartans,Michigan St,18453B,ffffff,https://a.espncdn.com/i/teamlogos/ncaa/500/127.png,55
303420127,2011,2,2010-12-08,2010-12-08T19:00:00.000000-0500,127,s:40~l:54~t:127,michigan-state-spartans,Michigan State,Spartans,MSU,Michigan State Spartans,Michigan St,18453B,ffffff,https://a.espncdn.com/i/teamlogos/ncaa/500/127.png,home,55,true,12,6,22,38.5,20,52,0,11,50.0,11,22,14,16,13,19,0,21.1,4,19,40,0,0,0,270,s:40~l:54~t:270,milwaukee-panthers,Milwaukee,Panthers,MILW,Milwaukee Panthers,Milwaukee,000000,ffc20e,https://a.espncdn.com/i/teamlogos/ncaa/500/270.png,48
303422507,2011,2,2010-12-08,2010-12-08T19:00:00.000000-0500,87,s:40~l:54~t:87,notre-dame-fighting-irish,Notre Dame,Fighting Irish,ND,Notre Dame Fighting Irish,Notre Dame,0c2340,c99700,https://a.espncdn.com/i/teamlogos/ncaa/500/87.png,away,79,true,19,6,19,50.0,30,60,0,13,65.4,17,26,36,14,16,10,0,40.0,2,5,35,0,0,0,2507,s:40~l:54~t:2507,providence-friars,Providence,Friars,PROV,Providence Friars,Providence,000000,a3a19e,https://a.espncdn.com/i/teamlogos/ncaa/500/2507.png,43
303422507,2011,2,2010-12-08,2010-12-08T19:00:00.000000-0500,2507,s:40~l:54~t:2507,providence-friars,Providence,Friars,PROV,Providence Friars,Providence,000000,a3a19e,https://a.espncdn.com/i/teamlogos/ncaa/500/2507.png,home,43,false,8,5,18,30.6,15,49,0,22,80.0,12,15,2,12,3,28,0,12.5,1,8,37,0,0,0,87,s:40~l:54~t:87,notre-dame-fighting-irish,Notre Dame,Fighting Irish,ND,Notre Dame Fighting Irish,Notre Dame,0c2340,c99700,https://a.espncdn.com/i/teamlogos/ncaa/500/87.png,79
303422599,2011,2,2010-12-08,2010-12-08T19:00:00.000000-0500,2550,s:40~l:54~t:2550,seton-hall-pirates,Seton Hall,Pirates,HALL,Seton Hall Pirates,Seton Hall,0857B1,8a8d8f,https://a.espncdn.com/i/teamlogos/ncaa/500/2550.png,away,52,false,11,2,16,35.7,20,56,0,16,58.3,7,12,1,16,4,19,0,35.7,5,14,35,0,0,0,2599,s:40~l:54~t:2599,st-johns-red-storm,St. John's,Red Storm,SJU,St. John's Red Storm,St John's,d10000,101010,https://a.espncdn.com/i/teamlogos/ncaa/500/2599.png,71
303422599,2011,2,2010-12-08,2010-12-08T19:00:00.000000-0500,2599,s:40~l:54~t:2599,st-johns-red-storm,St. John's,Red Storm,SJU,St. John's Red Storm,St John's,d10000,101010,https://a.espncdn.com/i/teamlogos/ncaa/500/2599.png,home,71,true,16,4,19,49.1,28,57,0,14,58.8,10,17,21,12,12,13,0,41.7,5,12,35,0,0,0,2550,s:40~l:54~t:2550,seton-hall-pirates,Seton Hall,Pirates,HALL,Seton Hall Pirates,Seton Hall,0857B1,8a8d8f,https://a.espncdn.com/i/teamlogos/ncaa/500/2550.png,52
303420251,2011,2,2010-12-08,2010-12-08T20:00:00.000000-0500,292,s:40~l:54~t:292,ut-rio-grande-valley-vaqueros,UT Rio Grande Valley,Vaqueros,RGV,UT Rio Grande Valley Vaqueros,UT Rio Grande,dc6000,e1732d,https://a.espncdn.com/i/teamlogos/ncaa/500/292.png,away,59,false,8,3,20,30.3,20,66,0,27,65.0,13,20,0,12,7,30,0,27.3,6,22,34,0,0,0,251,s:40~l:54~t:251,texas-longhorns,Texas,Longhorns,TEX,Texas Longhorns,Texas,c15d26,ffffff,https://a.espncdn.com/i/teamlogos/ncaa/500/251.png,112
303420251,2011,2,2010-12-08,2010-12-08T20:00:00.000000-0500,251,s:40~l:54~t:251,texas-longhorns,Texas,Longhorns,TEX,Texas Longhorns,Texas,c15d26,ffffff,https://a.espncdn.com/i/teamlogos/ncaa/500/251.png,home,112,true,23,5,33,50.0,38,76,0,16,74.3,26,35,53,16,17,20,0,47.6,10,21,56,0,0,0,292,s:40~l:54~t:292,ut-rio-grande-valley-vaqueros,UT Rio Grande Valley,Vaqueros,RGV,UT Rio Grande Valley Vaqueros,UT Rio Grande,dc6000,e1732d,https://a.espncdn.com/i/teamlogos/ncaa/500/292.png,59
303420107,2011,2,2010-12-08,2010-12-08T19:00:00.000000-0500,103,s:40~l:54~t:103,boston-college-eagles,Boston College,Eagles,BC,Boston College Eagles,Boston College,8c2232,dbcca6,https://a.espncdn.com/i/teamlogos/ncaa/500/103.png,away,98,true,25,5,21,61.3,38,62,0,13,81.8,9,11,36,9,16,19,1,56.5,13,23,36,1,0,0,107,s:40~l:54~t:107,holy-cross-crusaders,Holy Cross,Crusaders,HC,Holy Cross Crusaders,Holy Cross,0a0a0a,080808,https://a.espncdn.com/i/teamlogos/ncaa/500/107.png,64
303420107,2011,2,2010-12-08,2010-12-08T19:00:00.000000-0500,107,s:40~l:54~t:107,holy-cross-crusaders,Holy Cross,Crusaders,HC,Holy Cross Crusaders,Holy Cross,0a0a0a,080808,https://a.espncdn.com/i/teamlogos/ncaa/500/107.png,home,64,false,17,2,9,34.9,22,63,0,9,80.0,12,15,0,13,9,22,1,36.4,8,22,29,1,0,0,103,s:40~l:54~t:103,boston-college-eagles,Boston College,Eagles,BC,Boston College Eagles,Boston College,8c2232,dbcca6,https://a.espncdn.com/i/teamlogos/ncaa/500/103.png,98
303412390,2011,2,2010-12-07,2010-12-07T19:00:00.000000-0500,46,s:40~l:54~t:46,georgetown-hoyas,Georgetown,Hoyas,GTWN,Georgetown Hoyas,Georgetown,110E42,001c58,https://a.espncdn.com/i/teamlogos/ncaa/500/46.png,away,72,false,13,3,27,38.4,28,73,0,22,70.0,7,10,0,22,3,23,0,33.3,9,27,55,0,0,0,2390,s:40~l:54~t:2390,miami-hurricanes,Miami,Hurricanes,MIA,Miami Hurricanes,Miami,004325,f0f0f0,https://a.espncdn.com/i/teamlogos/ncaa/500/2390.png,81
303412390,2011,2,2010-12-07,2010-12-07T19:00:00.000000-0500,2390,s:40~l:54~t:2390,miami-hurricanes,Miami,Hurricanes,MIA,Miami Hurricanes,Miami,004325,f0f0f0,https://a.espncdn.com/i/teamlogos/ncaa/500/2390.png,home,81,true,15,7,19,40.3,25,62,0,14,75.0,21,28,9,8,15,14,0,37.0,10,27,33,0,0,0,46,s:40~l:54~t:46,georgetown-hoyas,Georgetown,Hoyas,GTWN,Georgetown Hoyas,Georgetown,110E42,001c58,https://a.espncdn.com/i/teamlogos/ncaa/500/46.png,72
303400150,2011,2,2010-12-06,2010-12-06T19:00:00.000000-0500,245,s:40~l:54~t:245,texas-am-aggies,Texas A&M,Aggies,TA&M,Texas A&M Aggies,Texas A&M,5C0025,ffffff,https://a.espncdn.com/i/teamlogos/ncaa/500/245.png,away,58,false,13,5,21,33.8,22,65,0,22,71.4,10,14,10,10,9,13,0,30.8,4,13,39,0,0,0,150,s:40~l:54~t:150,duke-blue-devils,Duke,Blue Devils,DUKE,Duke Blue Devils,Duke,013088,ffffff,https://a.espncdn.com/i/teamlogos/ncaa/500/150.png,61
303400150,2011,2,2010-12-06,2010-12-06T19:00:00.000000-0500,150,s:40~l:54~t:150,duke-blue-devils,Duke,Blue Devils,DUKE,Duke Blue Devils,Duke,013088,ffffff,https://a.espncdn.com/i/teamlogos/ncaa/500/150.png,home,61,true,7,8,27,30.9,17,55,0,15,70.0,21,30,6,14,8,18,0,35.3,6,17,48,0,0,0,245,s:40~l:54~t:245,texas-am-aggies,Texas A&M,Aggies,TA&M,Texas A&M Aggies,Texas A&M,5C0025,ffffff,https://a.espncdn.com/i/teamlogos/ncaa/500/245.png,58
303390041,2011,2,2010-12-05,2010-12-05T13:00:00.000000-0500,2529,s:40~l:54~t:2529,sacred-heart-pioneers,Sacred Heart,Pioneers,SHU,Sacred Heart Pioneers,Sacred Heart,a40012,c29472,https://a.espncdn.com/i/teamlogos/ncaa/500/2529.png,away,32,false,5,1,7,21.6,11,51,0,14,87.5,7,8,0,3,5,17,0,21.4,3,14,14,0,0,0,41,s:40~l:54~t:41,uconn-huskies,UConn,Huskies,CONN,UConn Huskies,UConn,0c2340,f1f2f3,https://a.espncdn.com/i/teamlogos/ncaa/500/41.png,86
303390041,2011,2,2010-12-05,2010-12-05T13:00:00.000000-0500,41,s:40~l:54~t:41,uconn-huskies,UConn,Huskies,CONN,UConn Huskies,UConn,0c2340,f1f2f3,https://a.espncdn.com/i/teamlogos/ncaa/500/41.png,home,86,true,24,8,32,58.9,33,56,0,9,78.9,15,19,54,14,10,16,0,35.7,5,14,50,0,0,0,2529,s:40~l:54~t:2529,sacred-heart-pioneers,Sacred Heart,Pioneers,SHU,Sacred Heart Pioneers,Sacred Heart,a40012,c29472,https://a.espncdn.com/i/teamlogos/ncaa/500/2529.png,32
303390239,2011,2,2010-12-05,2010-12-05T14:00:00.000000-0500,135,s:40~l:54~t:135,minnesota-golden-gophers,Minnesota,Golden Gophers,MINN,Minnesota Golden Gophers,Minnesota,981a31,981a31,https://a.espncdn.com/i/teamlogos/ncaa/500/135.png,away,56,false,10,2,23,31.5,17,54,0,24,64.3,18,28,0,11,4,19,0,22.2,4,18,38,0,0,0,239,s:40~l:54~t:239,baylor-bears,Baylor,Bears,BAY,Baylor Bears,Baylor,154734,ffb81c,https://a.espncdn.com/i/teamlogos/ncaa/500/239.png,103
303390239,2011,2,2010-12-05,2010-12-05T14:00:00.000000-0500,239,s:40~l:54~t:239,baylor-bears,Baylor,Bears,BAY,Baylor Bears,Baylor,154734,ffb81c,https://a.espncdn.com/i/teamlogos/ncaa/500/239.png,home,103,true,21,5,27,47.8,32,67,0,20,87.5,28,32,47,9,5,5,0,47.8,11,23,41,0,0,0,135,s:40~l:54~t:135,minnesota-golden-gophers,Minnesota,Golden Gophers,MINN,Minnesota Golden Gophers,Minnesota,981a31,981a31,https://a.espncdn.com/i/teamlogos/ncaa/500/135.png,56
303392132,2011,2,2010-12-05,2010-12-05T14:00:00.000000-0500,2752,s:40~l:54~t:2752,xavier-musketeers,Xavier,Musketeers,XAV,Xavier Musketeers,Xavier,002144,9ea2a2,https://a.espncdn.com/i/teamlogos/ncaa/500/2752.png,away,69,true,12,6,22,44.2,23,52,0,13,54.8,17,31,16,12,3,8,0,30.0,6,20,35,0,0,0,2132,s:40~l:54~t:2132,cincinnati-bearcats,Cincinnati,Bearcats,CIN,Cincinnati Bearcats,Cincinnati,000000,717073,https://a.espncdn.com/i/teamlogos/ncaa/500/2132.png,61
303392132,2011,2,2010-12-05,2010-12-05T14:00:00.000000-0500,2132,s:40~l:54~t:2132,cincinnati-bearcats,Cincinnati,Bearcats,CIN,Cincinnati Bearcats,Cincinnati,000000,717073,https://a.espncdn.com/i/teamlogos/ncaa/500/2132.png,home,61,false,11,2,23,41.5,22,53,0,20,71.4,10,14,0,7,2,14,0,29.2,7,24,34,0,0,0,2752,s:40~l:54~t:2752,xavier-musketeers,Xavier,Musketeers,XAV,Xavier Musketeers,Xavier,002144,9ea2a2,https://a.espncdn.com/i/teamlogos/ncaa/500/2752.png,69
303390194,2011,2,2010-12-05,2010-12-05T18:00:00.000000-0500,201,s:40~l:54~t:201,oklahoma-sooners,Oklahoma,Sooners,OU,Oklahoma Sooners,Oklahoma,9d2235,ffffff,https://a.espncdn.com/i/teamlogos/ncaa/500/201.png,away,84,false,13,1,24,44.6,33,74,0,24,88.9,8,9,2,13,4,19,0,43.5,10,23,41,0,0,0,194,s:40~l:54~t:194,ohio-state-buckeyes,Ohio State,Buckeyes,OSU,Ohio State Buckeyes,Ohio State,ce1141,505056,https://a.espncdn.com/i/teamlogos/ncaa/500/194.png,95
303390194,2011,2,2010-12-05,2010-12-05T18:00:00.000000-0500,194,s:40~l:54~t:194,ohio-state-buckeyes,Ohio State,Buckeyes,OSU,Ohio State Buckeyes,Ohio State,ce1141,505056,https://a.espncdn.com/i/teamlogos/ncaa/500/194.png,home,95,true,21,3,23,50.7,34,67,0,12,73.1,19,26,15,12,11,13,1,44.4,8,18,39,1,0,0,201,s:40~l:54~t:201,oklahoma-sooners,Oklahoma,Sooners,OU,Oklahoma Sooners,Oklahoma,9d2235,ffffff,https://a.espncdn.com/i/teamlogos/ncaa/500/201.png,84
303390295,2011,2,2010-12-05,2010-12-05T14:00:00.000000-0500,2633,s:40~l:54~t:2633,tennessee-lady-volunteers,Tennessee,Lady Volunteers,TENN,Tennessee Lady Volunteers,Tennessee,ff8200,ffffff,https://a.espncdn.com/i/teamlogos/ncaa/500/2633_ncw.png,away,74,true,11,3,20,44.8,26,58,0,12,72.0,18,25,30,11,13,18,0,30.8,4,13,41,0,0,0,295,s:40~l:54~t:295,old-dominion-monarchs,Old Dominion,Monarchs,ODU,Old Dominion Monarchs,Old Dominion,00507d,a1d2f1,https://a.espncdn.com/i/teamlogos/ncaa/500/295.png,44
303390295,2011,2,2010-12-05,2010-12-05T14:00:00.000000-0500,295,s:40~l:54~t:295,old-dominion-monarchs,Old Dominion,Monarchs,ODU,Old Dominion Monarchs,Old Dominion,00507d,a1d2f1,https://a.espncdn.com/i/teamlogos/ncaa/500/295.png,home,44,false,6,2,17,30.9,17,55,0,20,75.0,6,8,0,12,7,22,0,19.0,4,21,33,0,0,0,2633,s:40~l:54~t:2633,tennessee-lady-volunteers,Tennessee,Lady Volunteers,TENN,Tennessee Lady Volunteers,Tennessee,ff8200,ffffff,https://a.espncdn.com/i/teamlogos/ncaa/500/2633_ncw.png,74
303390026,2011,2,2010-12-05,2010-12-05T16:00:00.000000-0500,147,s:40~l:54~t:147,montana-state-bobcats,Montana State,Bobcats,MTST,Montana State Bobcats,Montana St,00205c,bc955c,https://a.espncdn.com/i/teamlogos/ncaa/500/147.png,away,44,false,11,2,21,30.0,15,50,0,16,81.8,9,11,0,7,11,23,0,29.4,5,17,29,0,0,0,26,s:40~l:54~t:26,ucla-bruins,UCLA,Bruins,UCLA,UCLA Bruins,UCLA,2774ae,f2a900,https://a.espncdn.com/i/teamlogos/ncaa/500/26.png,54
303390026,2011,2,2010-12-05,2010-12-05T16:00:00.000000-0500,26,s:40~l:54~t:26,ucla-bruins,UCLA,Bruins,UCLA,UCLA Bruins,UCLA,2774ae,f2a900,https://a.espncdn.com/i/teamlogos/ncaa/500/26.png,home,54,true,13,2,25,41.5,22,53,0,16,38.1,8,21,18,15,15,23,0,28.6,2,7,43,0,0,0,147,s:40~l:54~t:147,montana-state-bobcats,Montana State,Bobcats,MTST,Montana State Bobcats,Montana St,00205c,bc955c,https://a.espncdn.com/i/teamlogos/ncaa/500/147.png,44
303390097,2011,2,2010-12-05,2010-12-05T14:00:00.000000-0500,96,s:40~l:54~t:96,kentucky-wildcats,Kentucky,Wildcats,UK,Kentucky Wildcats,Kentucky,005DAA,ffffff,https://a.espncdn.com/i/teamlogos/ncaa/500/96.png,away,52,false,4,1,28,28.2,20,71,0,17,60.0,9,15,0,21,9,22,0,16.7,3,18,50,0,0,0,97,s:40~l:54~t:97,louisville-cardinals,Louisville,Cardinals,LOU,Louisville Cardinals,Louisville,c9001f,000000,https://a.espncdn.com/i/teamlogos/ncaa/500/97.png,78
303390097,2011,2,2010-12-05,2010-12-05T14:00:00.000000-0500,97,s:40~l:54~t:97,louisville-cardinals,Louisville,Cardinals,LOU,Louisville Cardinals,Louisville,c9001f,000000,https://a.espncdn.com/i/teamlogos/ncaa/500/97.png,home,78,true,19,5,29,49.1,27,55,0,15,60.0,12,20,26,6,11,21,0,57.1,12,21,39,0,0,0,96,s:40~l:54~t:96,kentucky-wildcats,Kentucky,Wildcats,UK,Kentucky Wildcats,Kentucky,005DAA,ffffff,https://a.espncdn.com/i/teamlogos/ncaa/500/96.png,52
303390066,2011,2,2010-12-05,2010-12-05T15:00:00.000000-0500,130,s:40~l:54~t:130,michigan-wolverines,Michigan,Wolverines,MICH,Michigan Wolverines,Michigan,00274c,ffcb05,https://a.espncdn.com/i/teamlogos/ncaa/500/130.png,away,47,false,9,5,26,38.0,19,50,0,18,75.0,6,8,0,4,7,10,0,16.7,3,18,31,0,0,0,66,s:40~l:54~t:66,iowa-state-cyclones,Iowa State,Cyclones,ISU,Iowa State Cyclones,Iowa State,822433,fdca2f,https://a.espncdn.com/i/teamlogos/ncaa/500/66.png,60
303390066,2011,2,2010-12-05,2010-12-05T15:00:00.000000-0500,66,s:40~l:54~t:66,iowa-state-cyclones,Iowa State,Cyclones,ISU,Iowa State Cyclones,Iowa State,822433,fdca2f,https://a.espncdn.com/i/teamlogos/ncaa/500/66.png,home,60,true,15,0,28,32.2,19,59,0,7,85.7,12,14,13,11,5,9,0,33.3,10,30,43,0,0,0,130,s:40~l:54~t:130,michigan-wolverines,Michigan,Wolverines,MICH,Michigan Wolverines,Michigan,00274c,ffcb05,https://a.espncdn.com/i/teamlogos/ncaa/500/130.png,47
303390087,2011,2,2010-12-05,2010-12-05T14:00:00.000000-0500,2509,s:40~l:54~t:2509,purdue-boilermakers,Purdue,Boilermakers,PUR,Purdue Boilermakers,Purdue,000000,cfb991,https://a.espncdn.com/i/teamlogos/ncaa/500/2509.png,away,51,false,9,1,19,36.5,19,52,0,19,66.7,12,18,0,7,5,22,0,11.1,1,9,31,0,0,0,87,s:40~l:54~t:87,notre-dame-fighting-irish,Notre Dame,Fighting Irish,ND,Notre Dame Fighting Irish,Notre Dame,0c2340,c99700,https://a.espncdn.com/i/teamlogos/ncaa/500/87.png,72
303390087,2011,2,2010-12-05,2010-12-05T14:00:00.000000-0500,87,s:40~l:54~t:87,notre-dame-fighting-irish,Notre Dame,Fighting Irish,ND,Notre Dame Fighting Irish,Notre Dame,0c2340,c99700,https://a.espncdn.com/i/teamlogos/ncaa/500/87.png,home,72,true,23,3,22,50.0,31,62,0,19,69.2,9,13,21,11,8,20,0,11.1,1,9,39,0,0,0,2509,s:40~l:54~t:2509,purdue-boilermakers,Purdue,Boilermakers,PUR,Purdue Boilermakers,Purdue,000000,cfb991,https://a.espncdn.com/i/teamlogos/ncaa/500/2509.png,51
303392294,2011,2,2010-12-05,2010-12-05T15:00:00.000000-0500,2306,s:40~l:54~t:2306,kansas-state-wildcats,Kansas State,Wildcats,KSU,Kansas State Wildcats,Kansas St,633194,e7d2ad,https://a.espncdn.com/i/teamlogos/ncaa/500/2306.png,away,62,false,15,3,22,40.0,22,55,0,18,68.8,11,16,5,9,4,13,0,36.8,7,19,32,0,0,0,2294,s:40~l:54~t:2294,iowa-hawkeyes,Iowa,Hawkeyes,IOWA,Iowa Hawkeyes,Iowa,000000,fcd116,https://a.espncdn.com/i/teamlogos/ncaa/500/2294.png,68
303392294,2011,2,2010-12-05,2010-12-05T15:00:00.000000-0500,2294,s:40~l:54~t:2294,iowa-hawkeyes,Iowa,Hawkeyes,IOWA,Iowa Hawkeyes,Iowa,000000,fcd116,https://a.espncdn.com/i/teamlogos/ncaa/500/2294.png,home,68,true,13,6,25,49.0,25,51,0,14,84.2,16,19,8,5,6,11,0,25.0,2,8,33,0,0,0,2306,s:40~l:54~t:2306,kansas-state-wildcats,Kansas State,Wildcats,KSU,Kansas State Wildcats,Kansas St,633194,e7d2ad,https://a.espncdn.com/i/teamlogos/ncaa/500/2306.png,62
303390059,2011,2,2010-12-05,2010-12-05T14:00:00.000000-0500,61,s:40~l:54~t:61,georgia-lady-bulldogs,Georgia,Lady Bulldogs,UGA,Georgia Lady Bulldogs,Georgia,CC0000,000000,https://a.espncdn.com/i/teamlogos/ncaa/500/61.png,away,53,false,11,4,22,32.8,22,67,0,14,46.7,7,15,0,22,5,15,0,18.2,2,11,50,0,0,0,59,s:40~l:54~t:59,georgia-tech-yellow-jackets,Georgia Tech,Yellow Jackets,GT,Georgia Tech Yellow Jackets,Georgia Tech,00223e,002c56,https://a.espncdn.com/i/teamlogos/ncaa/500/59.png,69
303390059,2011,2,2010-12-05,2010-12-05T14:00:00.000000-0500,59,s:40~l:54~t:59,georgia-tech-yellow-jackets,Georgia Tech,Yellow Jackets,GT,Georgia Tech Yellow Jackets,Georgia Tech,00223e,002c56,https://a.espncdn.com/i/teamlogos/ncaa/500/59.png,home,69,true,18,7,19,48.2,27,56,0,14,60.0,9,15,16,8,9,10,0,50.0,6,12,29,0,0,0,61,s:40~l:54~t:61,georgia-lady-bulldogs,Georgia,Lady Bulldogs,UGA,Georgia Lady Bulldogs,Georgia,CC0000,000000,https://a.espncdn.com/i/teamlogos/ncaa/500/61.png,53
303390084,2011,2,2010-12-05,2010-12-05T12:00:00.000000-0500,158,s:40~l:54~t:158,nebraska-cornhuskers,Nebraska,Cornhuskers,NEB,Nebraska Cornhuskers,Nebraska,F20017,f5f1e7,https://a.espncdn.com/i/teamlogos/ncaa/500/158.png,away,61,false,12,6,18,41.5,22,53,0,11,66.7,8,12,1,10,6,17,0,47.4,9,19,32,0,0,0,84,s:40~l:54~t:84,indiana-hoosiers,Indiana,Hoosiers,IU,Indiana Hoosiers,Indiana,990000,edebeb,https://a.espncdn.com/i/teamlogos/ncaa/500/84.png,67
303390084,2011,2,2010-12-05,2010-12-05T12:00:00.000000-0500,84,s:40~l:54~t:84,indiana-hoosiers,Indiana,Hoosiers,IU,Indiana Hoosiers,Indiana,990000,edebeb,https://a.espncdn.com/i/teamlogos/ncaa/500/84.png,home,67,true,14,0,22,43.5,27,62,0,12,63.6,7,11,6,14,11,14,0,28.6,6,21,40,0,0,0,158,s:40~l:54~t:158,nebraska-cornhuskers,Nebraska,Cornhuskers,NEB,Nebraska Cornhuskers,Nebraska,F20017,f5f1e7,https://a.espncdn.com/i/teamlogos/ncaa/500/158.png,61
303392390,2011,2,2010-12-05,2010-12-05T14:00:00.000000-0500,2934,s:40~l:54~t:2934,cal-state-bakersfield-roadrunners,Cal State Bakersfield,Roadrunners,CSUB,Cal State Bakersfield Roadrunners,Bakersfield,003BAB,,https://a.espncdn.com/i/teamlogos/ncaa/500/2934.png,away,61,false,13,5,19,31.3,21,67,0,20,91.7,11,12,5,14,11,25,0,30.8,8,26,43,0,0,0,2390,s:40~l:54~t:2390,miami-hurricanes,Miami,Hurricanes,MIA,Miami Hurricanes,Miami,004325,f0f0f0,https://a.espncdn.com/i/teamlogos/ncaa/500/2390.png,86
303392390,2011,2,2010-12-05,2010-12-05T14:00:00.000000-0500,2390,s:40~l:54~t:2390,miami-hurricanes,Miami,Hurricanes,MIA,Miami Hurricanes,Miami,004325,f0f0f0,https://a.espncdn.com/i/teamlogos/ncaa/500/2390.png,home,86,true,17,2,26,41.0,32,78,0,13,66.7,18,27,25,21,13,17,0,14.8,4,27,54,0,0,0,2934,s:40~l:54~t:2934,cal-state-bakersfield-roadrunners,Cal State Bakersfield,Roadrunners,CSUB,Cal State Bakersfield Roadrunners,Bakersfield,003BAB,,https://a.espncdn.com/i/teamlogos/ncaa/500/2934.png,61
303390197,2011,2,2010-12-05,2010-12-05T15:00:00.000000-0500,275,s:40~l:54~t:275,wisconsin-badgers,Wisconsin,Badgers,WISC,Wisconsin Badgers,Wisconsin,A00000,f7f7f7,https://a.espncdn.com/i/teamlogos/ncaa/500/275.png,away,42,false,9,1,33,34.0,17,50,0,20,50.0,2,4,6,9,0,24,0,27.3,6,22,46,0,0,0,197,s:40~l:54~t:197,oklahoma-state-cowgirls,Oklahoma State,Cowgirls,OKST,Oklahoma State Cowgirls,Oklahoma St,ff6500,000000,https://a.espncdn.com/i/teamlogos/ncaa/500/197.png,50
303390197,2011,2,2010-12-05,2010-12-05T15:00:00.000000-0500,197,s:40~l:54~t:197,oklahoma-state-cowgirls,Oklahoma State,Cowgirls,OKST,Oklahoma State Cowgirls,Oklahoma St,ff6500,000000,https://a.espncdn.com/i/teamlogos/ncaa/500/197.png,home,50,true,5,8,22,22.8,13,57,0,14,74.1,20,27,9,14,9,10,0,14.3,4,28,37,0,0,0,275,s:40~l:54~t:275,wisconsin-badgers,Wisconsin,Badgers,WISC,Wisconsin Badgers,Wisconsin,A00000,f7f7f7,https://a.espncdn.com/i/teamlogos/ncaa/500/275.png,42
303392172,2011,2,2010-12-05,2010-12-05T16:00:00.000000-0500,238,s:40~l:54~t:238,vanderbilt-commodores,Vanderbilt,Commodores,VAN,Vanderbilt Commodores,Vanderbilt,000000,231f20,https://a.espncdn.com/i/teamlogos/ncaa/500/238.png,away,65,false,11,3,17,45.1,23,51,0,23,60.0,12,20,5,10,5,19,0,38.9,7,18,30,0,0,0,2172,s:40~l:54~t:2172,denver-pioneers,Denver,Pioneers,DEN,Denver Pioneers,Denver,98002e,a8996e,https://a.espncdn.com/i/teamlogos/ncaa/500/2172.png,70
303392172,2011,2,2010-12-05,2010-12-05T16:00:00.000000-0500,2172,s:40~l:54~t:2172,denver-pioneers,Denver,Pioneers,DEN,Denver Pioneers,Denver,98002e,a8996e,https://a.espncdn.com/i/teamlogos/ncaa/500/2172.png,home,70,true,20,3,17,56.3,27,48,0,15,50.0,12,24,10,7,7,14,0,40.0,4,10,31,0,0,0,238,s:40~l:54~t:238,vanderbilt-commodores,Vanderbilt,Commodores,VAN,Vanderbilt Commodores,Vanderbilt,000000,231f20,https://a.espncdn.com/i/teamlogos/ncaa/500/238.png,65
303390265,2011,2,2010-12-05,2010-12-05T16:00:00.000000-0500,2440,s:40~l:54~t:2440,nevada-wolf-pack,Nevada,Wolf Pack,NEV,Nevada Wolf Pack,Nevada,153E5F,8e9295,https://a.espncdn.com/i/teamlogos/ncaa/500/2440.png,away,54,false,7,5,21,30.2,19,63,0,20,70.0,14,20,0,17,7,17,0,13.3,2,15,42,0,0,0,265,s:40~l:54~t:265,washington-state-cougars,Washington State,Cougars,WSU,Washington State Cougars,Washington St,94022a,6a747c,https://a.espncdn.com/i/teamlogos/ncaa/500/265.png,67
303390265,2011,2,2010-12-05,2010-12-05T16:00:00.000000-0500,265,s:40~l:54~t:265,washington-state-cougars,Washington State,Cougars,WSU,Washington State Cougars,Washington St,94022a,6a747c,https://a.espncdn.com/i/teamlogos/ncaa/500/265.png,home,67,true,7,7,26,44.2,23,52,0,16,68.0,17,25,14,10,10,16,0,40.0,4,10,38,0,0,0,2440,s:40~l:54~t:2440,nevada-wolf-pack,Nevada,Wolf Pack,NEV,Nevada Wolf Pack,Nevada,153E5F,8e9295,https://a.espncdn.com/i/teamlogos/ncaa/500/2440.png,54
303390006,2011,2,2010-12-05,2010-12-05T17:05:00.000000-0500,145,s:40~l:54~t:145,ole-miss-rebels,Ole Miss,Rebels,MISS,Ole Miss Rebels,Ole Miss,001148,00205b,https://a.espncdn.com/i/teamlogos/ncaa/500/145.png,away,60,false,8,4,21,40.0,22,55,0,17,66.7,14,21,2,13,6,21,0,14.3,2,14,41,0,0,0,6,s:40~l:54~t:6,south-alabama-jaguars,South Alabama,Jaguars,USA,South Alabama Jaguars,South Alabama,003E7E,,https://a.espncdn.com/i/teamlogos/ncaa/500/6.png,67
303390006,2011,2,2010-12-05,2010-12-05T17:05:00.000000-0500,6,s:40~l:54~t:6,south-alabama-jaguars,South Alabama,Jaguars,USA,South Alabama Jaguars,South Alabama,003E7E,,https://a.espncdn.com/i/teamlogos/ncaa/500/6.png,home,67,true,16,2,18,35.6,21,59,0,17,81.3,13,16,20,11,8,16,0,40.0,12,30,34,0,0,0,145,s:40~l:54~t:145,ole-miss-rebels,Ole Miss,Rebels,MISS,Ole Miss Rebels,Ole Miss,001148,00205b,https://a.espncdn.com/i/teamlogos/ncaa/500/145.png,60
303380245,2011,2,2010-12-04,2010-12-04T12:00:00.000000-0500,25,s:40~l:54~t:25,california-golden-bears,California,Golden Bears,CAL,California Golden Bears,California,031522,ffc423,https://a.espncdn.com/i/teamlogos/ncaa/500/25.png,away,58,false,12,5,16,40.4,23,57,0,17,55.6,10,18,3,15,10,25,0,33.3,2,6,40,0,0,0,245,s:40~l:54~t:245,texas-am-aggies,Texas A&M,Aggies,TA&M,Texas A&M Aggies,Texas A&M,5C0025,ffffff,https://a.espncdn.com/i/teamlogos/ncaa/500/245.png,74
303380245,2011,2,2010-12-04,2010-12-04T12:00:00.000000-0500,245,s:40~l:54~t:245,texas-am-aggies,Texas A&M,Aggies,TA&M,Texas A&M Aggies,Texas A&M,5C0025,ffffff,https://a.espncdn.com/i/teamlogos/ncaa/500/245.png,home,74,true,17,6,16,46.9,30,64,0,17,75.0,12,16,16,12,14,13,0,25.0,2,8,33,0,0,0,25,s:40~l:54~t:25,california-golden-bears,California,Golden Bears,CAL,California Golden Bears,California,031522,ffc423,https://a.espncdn.com/i/teamlogos/ncaa/500/25.png,58
303380104,2011,2,2010-12-04,2010-12-04T13:00:00.000000-0500,2599,s:40~l:54~t:2599,st-johns-red-storm,St. John's,Red Storm,SJU,St. John's Red Storm,St John's,d10000,101010,https://a.espncdn.com/i/teamlogos/ncaa/500/2599.png,away,66,true,12,3,26,42.9,27,63,0,13,50.0,12,24,28,14,17,9,0,0.0,0,5,43,0,0,0,104,s:40~l:54~t:104,boston-university-terriers,Boston University,Terriers,BU,Boston University Terriers,Boston Univ,cc0000,ffffff,https://a.espncdn.com/i/teamlogos/ncaa/500/104.png,42
303380104,2011,2,2010-12-04,2010-12-04T13:00:00.000000-0500,104,s:40~l:54~t:104,boston-university-terriers,Boston University,Terriers,BU,Boston University Terriers,Boston Univ,cc0000,ffffff,https://a.espncdn.com/i/teamlogos/ncaa/500/104.png,home,42,false,10,6,24,28.3,15,53,0,17,100.0,7,7,1,6,2,19,0,23.8,5,21,35,0,0,0,2599,s:40~l:54~t:2599,st-johns-red-storm,St. John's,Red Storm,SJU,St. John's Red Storm,St John's,d10000,101010,https://a.espncdn.com/i/teamlogos/ncaa/500/2599.png,66
303362752,2011,2,2010-12-02,2010-12-02T19:00:00.000000-0500,30,s:40~l:54~t:30,usc-trojans,USC,Trojans,USC,USC Trojans,USC,9e2237,ffcc00,https://a.espncdn.com/i/teamlogos/ncaa/500/30.png,away,66,false,15,2,25,34.9,22,63,0,16,77.8,14,18,7,13,5,12,0,38.1,8,21,42,0,0,0,2752,s:40~l:54~t:2752,xavier-musketeers,Xavier,Musketeers,XAV,Xavier Musketeers,Xavier,002144,9ea2a2,https://a.espncdn.com/i/teamlogos/ncaa/500/2752.png,69
303362752,2011,2,2010-12-02,2010-12-02T19:00:00.000000-0500,2752,s:40~l:54~t:2752,xavier-musketeers,Xavier,Musketeers,XAV,Xavier Musketeers,Xavier,002144,9ea2a2,https://a.espncdn.com/i/teamlogos/ncaa/500/2752.png,home,69,true,20,3,28,44.1,30,68,0,10,53.3,8,15,9,14,8,13,0,5.9,1,17,45,0,0,0,30,s:40~l:54~t:30,usc-trojans,USC,Trojans,USC,USC Trojans,USC,9e2237,ffcc00,https://a.espncdn.com/i/teamlogos/ncaa/500/30.png,66
303360275,2011,2,2010-12-02,2010-12-02T20:30:00.000000-0500,150,s:40~l:54~t:150,duke-blue-devils,Duke,Blue Devils,DUKE,Duke Blue Devils,Duke,013088,ffffff,https://a.espncdn.com/i/teamlogos/ncaa/500/150.png,away,59,true,6,3,24,33.3,20,60,0,17,62.5,15,24,11,16,15,14,0,25.0,4,16,45,0,0,0,275,s:40~l:54~t:275,wisconsin-badgers,Wisconsin,Badgers,WISC,Wisconsin Badgers,Wisconsin,A00000,f7f7f7,https://a.espncdn.com/i/teamlogos/ncaa/500/275.png,51
303360275,2011,2,2010-12-02,2010-12-02T20:30:00.000000-0500,275,s:40~l:54~t:275,wisconsin-badgers,Wisconsin,Badgers,WISC,Wisconsin Badgers,Wisconsin,A00000,f7f7f7,https://a.espncdn.com/i/teamlogos/ncaa/500/275.png,home,51,false,9,4,21,40.0,18,45,0,19,57.1,8,14,2,4,7,20,0,35.0,7,20,30,0,0,0,150,s:40~l:54~t:150,duke-blue-devils,Duke,Blue Devils,DUKE,Duke Blue Devils,Duke,013088,ffffff,https://a.espncdn.com/i/teamlogos/ncaa/500/150.png,59
303360194,2011,2,2010-12-02,2010-12-02T19:00:00.000000-0500,258,s:40~l:54~t:258,virginia-cavaliers,Virginia,Cavaliers,UVA,Virginia Cavaliers,Virginia,f84c1e,ffffff,https://a.espncdn.com/i/teamlogos/ncaa/500/258.png,away,46,false,10,1,25,28.3,17,60,0,21,50.0,9,18,0,7,9,14,0,25.0,3,12,35,0,0,0,194,s:40~l:54~t:194,ohio-state-buckeyes,Ohio State,Buckeyes,OSU,Ohio State Buckeyes,Ohio State,ce1141,505056,https://a.espncdn.com/i/teamlogos/ncaa/500/194.png,74
303360194,2011,2,2010-12-02,2010-12-02T19:00:00.000000-0500,194,s:40~l:54~t:194,ohio-state-buckeyes,Ohio State,Buckeyes,OSU,Ohio State Buckeyes,Ohio State,ce1141,505056,https://a.espncdn.com/i/teamlogos/ncaa/500/194.png,home,74,true,16,3,38,45.5,25,55,0,13,76.0,19,25,28,6,5,17,0,27.8,5,18,47,0,0,0,258,s:40~l:54~t:258,virginia-cavaliers,Virginia,Cavaliers,UVA,Virginia Cavaliers,Virginia,f84c1e,ffffff,https://a.espncdn.com/i/teamlogos/ncaa/500/258.png,46
303360277,2011,2,2010-12-02,2010-12-02T19:00:00.000000-0500,2210,s:40~l:54~t:2210,elon-phoenix,Elon,Phoenix,ELON,Elon Phoenix,Elon,020303,b59a57,https://a.espncdn.com/i/teamlogos/ncaa/500/2210.png,away,51,false,11,7,19,37.0,20,54,0,20,80.0,8,10,2,6,6,22,1,25.0,3,12,27,1,0,0,277,s:40~l:54~t:277,west-virginia-mountaineers,West Virginia,Mountaineers,WVU,West Virginia Mountaineers,West Virginia,FFC600,eaaa00,https://a.espncdn.com/i/teamlogos/ncaa/500/277.png,90
303360277,2011,2,2010-12-02,2010-12-02T19:00:00.000000-0500,277,s:40~l:54~t:277,west-virginia-mountaineers,West Virginia,Mountaineers,WVU,West Virginia Mountaineers,West Virginia,FFC600,eaaa00,https://a.espncdn.com/i/teamlogos/ncaa/500/277.png,home,90,true,18,6,27,45.7,32,70,0,13,69.0,20,29,40,23,15,16,0,40.0,6,15,53,0,0,0,2210,s:40~l:54~t:2210,elon-phoenix,Elon,Phoenix,ELON,Elon Phoenix,Elon,020303,b59a57,https://a.espncdn.com/i/teamlogos/ncaa/500/2210.png,51
303360153,2011,2,2010-12-02,2010-12-02T19:00:00.000000-0500,2294,s:40~l:54~t:2294,iowa-hawkeyes,Iowa,Hawkeyes,IOWA,Iowa Hawkeyes,Iowa,000000,fcd116,https://a.espncdn.com/i/teamlogos/ncaa/500/2294.png,away,67,false,16,4,26,33.8,25,74,0,14,85.7,6,7,0,13,6,16,0,29.7,11,37,42,0,0,0,153,s:40~l:54~t:153,north-carolina-tar-heels,North Carolina,Tar Heels,UNC,North Carolina Tar Heels,North Carolina,7bafd4,13294b,https://a.espncdn.com/i/teamlogos/ncaa/500/153.png,79
303360153,2011,2,2010-12-02,2010-12-02T19:00:00.000000-0500,153,s:40~l:54~t:153,north-carolina-tar-heels,North Carolina,Tar Heels,UNC,North Carolina Tar Heels,North Carolina,7bafd4,13294b,https://a.espncdn.com/i/teamlogos/ncaa/500/153.png,home,79,true,18,6,31,42.7,32,75,0,12,61.5,8,13,20,16,8,12,0,46.7,7,15,50,0,0,0,2294,s:40~l:54~t:2294,iowa-hawkeyes,Iowa,Hawkeyes,IOWA,Iowa Hawkeyes,Iowa,000000,fcd116,https://a.espncdn.com/i/teamlogos/ncaa/500/2294.png,67
303352633,2011,2,2010-12-01,2010-12-01T19:00:00.000000-0500,2320,s:40~l:54~t:2320,lamar-cardinals,Lamar,Cardinals,LAM,Lamar Cardinals,Lamar,000000,ebebeb,https://a.espncdn.com/i/teamlogos/ncaa/500/2320.png,away,55,false,10,1,20,30.6,19,62,0,13,75.0,12,16,0,11,12,29,0,23.8,5,21,40,0,0,0,2633,s:40~l:54~t:2633,tennessee-lady-volunteers,Tennessee,Lady Volunteers,TENN,Tennessee Lady Volunteers,Tennessee,ff8200,ffffff,https://a.espncdn.com/i/teamlogos/ncaa/500/2633_ncw.png,99
303352633,2011,2,2010-12-01,2010-12-01T19:00:00.000000-0500,2633,s:40~l:54~t:2633,tennessee-lady-volunteers,Tennessee,Lady Volunteers,TENN,Tennessee Lady Volunteers,Tennessee,ff8200,ffffff,https://a.espncdn.com/i/teamlogos/ncaa/500/2633_ncw.png,home,99,true,26,9,30,45.3,39,86,0,17,75.0,6,8,45,23,14,19,0,41.7,15,36,54,0,0,0,2320,s:40~l:54~t:2320,lamar-cardinals,Lamar,Cardinals,LAM,Lamar Cardinals,Lamar,000000,ebebeb,https://a.espncdn.com/i/teamlogos/ncaa/500/2320.png,55
303350201,2011,2,2010-12-01,2010-12-01T20:00:00.000000-0500,2534,s:40~l:54~t:2534,sam-houston-bearkats,Sam Houston,Bearkats,SHSU,Sam Houston Bearkats,Sam Houston,fe5000,000000,https://a.espncdn.com/i/teamlogos/ncaa/500/2534.png,away,45,false,5,6,23,25.4,18,71,0,17,45.5,5,11,4,11,10,17,1,18.2,4,22,38,1,0,0,201,s:40~l:54~t:201,oklahoma-sooners,Oklahoma,Sooners,OU,Oklahoma Sooners,Oklahoma,9d2235,ffffff,https://a.espncdn.com/i/teamlogos/ncaa/500/201.png,94
303350201,2011,2,2010-12-01,2010-12-01T20:00:00.000000-0500,201,s:40~l:54~t:201,oklahoma-sooners,Oklahoma,Sooners,OU,Oklahoma Sooners,Oklahoma,9d2235,ffffff,https://a.espncdn.com/i/teamlogos/ncaa/500/201.png,home,94,true,21,4,40,43.5,30,69,0,11,86.4,19,22,53,8,10,14,0,51.7,15,29,58,0,0,0,2534,s:40~l:54~t:2534,sam-houston-bearkats,Sam Houston,Bearkats,SHSU,Sam Houston Bearkats,Sam Houston,fe5000,000000,https://a.espncdn.com/i/teamlogos/ncaa/500/2534.png,45
303350052,2011,2,2010-12-01,2010-12-01T19:00:00.000000-0500,127,s:40~l:54~t:127,michigan-state-spartans,Michigan State,Spartans,MSU,Michigan State Spartans,Michigan St,18453B,ffffff,https://a.espncdn.com/i/teamlogos/ncaa/500/127.png,away,72,true,10,3,18,40.7,22,54,0,19,82.6,19,23,12,9,19,20,0,42.9,9,21,29,0,0,0,52,s:40~l:54~t:52,florida-state-seminoles,Florida State,Seminoles,FSU,Florida State Seminoles,Florida St,782F40,ceb888,https://a.espncdn.com/i/teamlogos/ncaa/500/52.png,64
303350052,2011,2,2010-12-01,2010-12-01T19:00:00.000000-0500,52,s:40~l:54~t:52,florida-state-seminoles,Florida State,Seminoles,FSU,Florida State Seminoles,Florida St,782F40,ceb888,https://a.espncdn.com/i/teamlogos/ncaa/500/52.png,home,64,false,7,1,21,36.5,23,63,0,18,68.2,15,22,16,17,9,24,0,23.1,3,13,45,0,0,0,127,s:40~l:54~t:127,michigan-state-spartans,Michigan State,Spartans,MSU,Michigan State Spartans,Michigan St,18453B,ffffff,https://a.espncdn.com/i/teamlogos/ncaa/500/127.png,72
303350061,2011,2,2010-12-01,2010-12-01T19:00:00.000000-0500,2572,s:40~l:54~t:2572,southern-miss-golden-eagles,Southern Miss,Golden Eagles,USM,Southern Miss Golden Eagles,Southern Miss,FFAA3C,ffc423,https://a.espncdn.com/i/teamlogos/ncaa/500/2572.png,away,53,false,9,2,24,35.1,20,57,0,15,66.7,10,15,3,11,9,21,0,27.3,3,11,40,0,0,0,61,s:40~l:54~t:61,georgia-lady-bulldogs,Georgia,Lady Bulldogs,UGA,Georgia Lady Bulldogs,Georgia,CC0000,000000,https://a.espncdn.com/i/teamlogos/ncaa/500/61.png,70
303350061,2011,2,2010-12-01,2010-12-01T19:00:00.000000-0500,61,s:40~l:54~t:61,georgia-lady-bulldogs,Georgia,Lady Bulldogs,UGA,Georgia Lady Bulldogs,Georgia,CC0000,000000,https://a.espncdn.com/i/teamlogos/ncaa/500/61.png,home,70,true,18,10,27,45.0,27,60,0,16,62.5,10,16,23,9,9,15,0,31.6,6,19,38,0,0,0,2572,s:40~l:54~t:2572,southern-miss-golden-eagles,Southern Miss,Golden Eagles,USM,Southern Miss Golden Eagles,Southern Miss,FFAA3C,ffc423,https://a.espncdn.com/i/teamlogos/ncaa/500/2572.png,53
303342752,2011,2,2010-11-30,2010-11-30T11:30:00.000000-0500,2400,s:40~l:54~t:2400,mississippi-valley-state-devilettes,Mississippi Valley State,Devilettes,MVSU,Mississippi Valley State Devilettes,Miss Valley St,005328,cf2d34,https://a.espncdn.com/i/teamlogos/ncaa/500/2400.png,away,40,false,10,1,20,26.9,14,52,0,16,56.3,9,16,0,5,7,18,0,20.0,3,15,32,0,0,0,2752,s:40~l:54~t:2752,xavier-musketeers,Xavier,Musketeers,XAV,Xavier Musketeers,Xavier,002144,9ea2a2,https://a.espncdn.com/i/teamlogos/ncaa/500/2752.png,85
303342752,2011,2,2010-11-30,2010-11-30T11:30:00.000000-0500,2752,s:40~l:54~t:2752,xavier-musketeers,Xavier,Musketeers,XAV,Xavier Musketeers,Xavier,002144,9ea2a2,https://a.espncdn.com/i/teamlogos/ncaa/500/2752.png,home,85,true,25,7,29,47.7,31,65,0,15,66.7,14,21,47,14,8,12,0,34.6,9,26,49,0,0,0,2400,s:40~l:54~t:2400,mississippi-valley-state-devilettes,Mississippi Valley State,Devilettes,MVSU,Mississippi Valley State Devilettes,Miss Valley St,005328,cf2d34,https://a.espncdn.com/i/teamlogos/ncaa/500/2400.png,40
303340256,2011,2,2010-11-30,2010-11-30T19:00:00.000000-0500,150,s:40~l:54~t:150,duke-blue-devils,Duke,Blue Devils,DUKE,Duke Blue Devils,Duke,013088,ffffff,https://a.espncdn.com/i/teamlogos/ncaa/500/150.png,away,75,true,20,3,24,46.9,30,64,0,16,62.5,10,16,17,15,3,13,0,35.7,5,14,41,0,0,0,256,s:40~l:54~t:256,james-madison-dukes,James Madison,Dukes,JMU,James Madison Dukes,James Madison,450084,cbb778,https://a.espncdn.com/i/teamlogos/ncaa/500/256.png,58
303340256,2011,2,2010-11-30,2010-11-30T19:00:00.000000-0500,256,s:40~l:54~t:256,james-madison-dukes,James Madison,Dukes,JMU,James Madison Dukes,James Madison,450084,cbb778,https://a.espncdn.com/i/teamlogos/ncaa/500/256.png,home,58,false,9,2,21,36.4,20,55,0,22,68.2,15,22,4,9,3,14,0,14.3,3,21,33,0,0,0,150,s:40~l:54~t:150,duke-blue-devils,Duke,Blue Devils,DUKE,Duke Blue Devils,Duke,013088,ffffff,https://a.espncdn.com/i/teamlogos/ncaa/500/150.png,75
303340158,2011,2,2010-11-30,2010-11-30T20:00:00.000000-0500,2439,s:40~l:54~t:2439,unlv-lady-rebels,UNLV,Lady Rebels,UNLV,UNLV Lady Rebels,UNLV,b10202,ffffff,https://a.espncdn.com/i/teamlogos/ncaa/500/2439.png,away,41,false,4,5,23,24.0,12,50,0,18,78.9,15,19,0,18,11,25,0,14.3,2,14,44,0,0,0,158,s:40~l:54~t:158,nebraska-cornhuskers,Nebraska,Cornhuskers,NEB,Nebraska Cornhuskers,Nebraska,F20017,f5f1e7,https://a.espncdn.com/i/teamlogos/ncaa/500/158.png,65
303340158,2011,2,2010-11-30,2010-11-30T20:00:00.000000-0500,158,s:40~l:54~t:158,nebraska-cornhuskers,Nebraska,Cornhuskers,NEB,Nebraska Cornhuskers,Nebraska,F20017,f5f1e7,https://a.espncdn.com/i/teamlogos/ncaa/500/158.png,home,65,true,16,1,20,41.2,21,51,0,14,66.7,14,21,27,4,12,16,0,40.9,9,22,31,0,0,0,2439,s:40~l:54~t:2439,unlv-lady-rebels,UNLV,Lady Rebels,UNLV,UNLV Lady Rebels,UNLV,b10202,ffffff,https://a.espncdn.com/i/teamlogos/ncaa/500/2439.png,41
303320041,2011,2,2010-11-28,2010-11-28T16:30:00.000000-0500,99,s:40~l:54~t:99,lsu-tigers,LSU,Tigers,LSU,LSU Tigers,LSU,461d7c,fdd023,https://a.espncdn.com/i/teamlogos/ncaa/500/99.png,away,51,false,12,6,18,35.8,19,53,0,14,62.5,5,8,4,3,4,13,0,40.0,8,20,28,0,0,0,41,s:40~l:54~t:41,uconn-huskies,UConn,Huskies,CONN,UConn Huskies,UConn,0c2340,f1f2f3,https://a.espncdn.com/i/teamlogos/ncaa/500/41.png,81
303320041,2011,2,2010-11-28,2010-11-28T16:30:00.000000-0500,41,s:40~l:54~t:41,uconn-huskies,UConn,Huskies,CONN,UConn Huskies,UConn,0c2340,f1f2f3,https://a.espncdn.com/i/teamlogos/ncaa/500/41.png,home,81,true,19,3,26,42.4,28,66,0,11,89.5,17,19,33,18,7,6,0,30.8,8,26,46,0,0,0,99,s:40~l:54~t:99,lsu-tigers,LSU,Tigers,LSU,LSU Tigers,LSU,461d7c,fdd023,https://a.espncdn.com/i/teamlogos/ncaa/500/99.png,51
303320239,2011,2,2010-11-28,2010-11-28T15:00:00.000000-0500,2545,s:40~l:54~t:2545,se-louisiana-lady-lions,SE Louisiana,Lady Lions,SELA,SE Louisiana Lady Lions,SE Louisiana,215732,ffc72c,https://a.espncdn.com/i/teamlogos/ncaa/500/2545.png,away,41,false,7,1,14,26.6,17,64,0,24,28.6,2,7,0,12,5,24,0,25.0,5,20,32,0,0,0,239,s:40~l:54~t:239,baylor-bears,Baylor,Bears,BAY,Baylor Bears,Baylor,154734,ffb81c,https://a.espncdn.com/i/teamlogos/ncaa/500/239.png,106
303320239,2011,2,2010-11-28,2010-11-28T15:00:00.000000-0500,239,s:40~l:54~t:239,baylor-bears,Baylor,Bears,BAY,Baylor Bears,Baylor,154734,ffb81c,https://a.espncdn.com/i/teamlogos/ncaa/500/239.png,home,106,true,28,11,27,55.9,38,68,0,6,85.7,24,28,66,10,8,9,0,40.0,6,15,48,0,0,0,2545,s:40~l:54~t:2545,se-louisiana-lady-lions,SE Louisiana,Lady Lions,SELA,SE Louisiana Lady Lions,SE Louisiana,215732,ffc72c,https://a.espncdn.com/i/teamlogos/ncaa/500/2545.png,41
303320024,2011,2,2010-11-28,2010-11-28T15:30:00.000000-0500,251,s:40~l:54~t:251,texas-longhorns,Texas,Longhorns,TEX,Texas Longhorns,Texas,c15d26,ffffff,https://a.espncdn.com/i/teamlogos/ncaa/500/251.png,away,78,false,13,1,14,38.7,24,62,0,15,77.8,21,27,3,15,10,17,1,52.9,9,17,32,1,0,0,24,s:40~l:54~t:24,stanford-cardinal,Stanford,Cardinal,STAN,Stanford Cardinal,Stanford,8c1515,ffffff,https://a.espncdn.com/i/teamlogos/ncaa/500/24.png,93
303320024,2011,2,2010-11-28,2010-11-28T15:30:00.000000-0500,24,s:40~l:54~t:24,stanford-cardinal,Stanford,Cardinal,STAN,Stanford Cardinal,Stanford,8c1515,ffffff,https://a.espncdn.com/i/teamlogos/ncaa/500/24.png,home,93,true,21,4,17,57.4,39,68,0,22,91.7,11,12,23,14,7,17,0,33.3,4,12,39,0,0,0,251,s:40~l:54~t:251,texas-longhorns,Texas,Longhorns,TEX,Texas Longhorns,Texas,c15d26,ffffff,https://a.espncdn.com/i/teamlogos/ncaa/500/251.png,78
303320194,2011,2,2010-11-28,2010-11-28T14:00:00.000000-0500,350,s:40~l:54~t:350,unc-wilmington-seahawks,UNC Wilmington,Seahawks,UNCW,UNC Wilmington Seahawks,UNC Wilmington,1d2f68,00665e,https://a.espncdn.com/i/teamlogos/ncaa/500/350.png,away,69,false,13,1,24,38.7,29,75,0,21,50.0,6,12,2,16,5,15,0,33.3,5,15,45,0,0,0,194,s:40~l:54~t:194,ohio-state-buckeyes,Ohio State,Buckeyes,OSU,Ohio State Buckeyes,Ohio State,ce1141,505056,https://a.espncdn.com/i/teamlogos/ncaa/500/194.png,88
303320194,2011,2,2010-11-28,2010-11-28T14:00:00.000000-0500,194,s:40~l:54~t:194,ohio-state-buckeyes,Ohio State,Buckeyes,OSU,Ohio State Buckeyes,Ohio State,ce1141,505056,https://a.espncdn.com/i/teamlogos/ncaa/500/194.png,home,88,true,25,7,31,51.6,33,64,0,11,69.2,18,26,21,8,7,10,0,30.8,4,13,43,0,0,0,350,s:40~l:54~t:350,unc-wilmington-seahawks,UNC Wilmington,Seahawks,UNCW,UNC Wilmington Seahawks,UNC Wilmington,1d2f68,00665e,https://a.espncdn.com/i/teamlogos/ncaa/500/350.png,69
303320201,2011,2,2010-11-28,2010-11-28T18:00:00.000000-0500,2504,s:40~l:54~t:2504,prairie-view-am-lady-panthers,Prairie View A&M,Lady Panthers,PV,Prairie View A&M Lady Panthers,Prairie View,4d0960,,https://a.espncdn.com/i/teamlogos/ncaa/500/2504.png,away,55,false,12,5,16,33.9,19,56,0,21,85.7,12,14,4,7,11,17,0,38.5,5,13,24,0,0,0,201,s:40~l:54~t:201,oklahoma-sooners,Oklahoma,Sooners,OU,Oklahoma Sooners,Oklahoma,9d2235,ffffff,https://a.espncdn.com/i/teamlogos/ncaa/500/201.png,78
303320201,2011,2,2010-11-28,2010-11-28T18:00:00.000000-0500,201,s:40~l:54~t:201,oklahoma-sooners,Oklahoma,Sooners,OU,Oklahoma Sooners,Oklahoma,9d2235,ffffff,https://a.espncdn.com/i/teamlogos/ncaa/500/201.png,home,78,true,12,4,25,41.4,24,58,0,13,85.2,23,27,26,13,6,18,0,43.8,7,16,47,0,0,0,2504,s:40~l:54~t:2504,prairie-view-am-lady-panthers,Prairie View A&M,Lady Panthers,PV,Prairie View A&M Lady Panthers,Prairie View,4d0960,,https://a.espncdn.com/i/teamlogos/ncaa/500/2504.png,55
303320062,2011,2,2010-11-28,2010-11-28T23:00:00.000000-0500,153,s:40~l:54~t:153,north-carolina-tar-heels,North Carolina,Tar Heels,UNC,North Carolina Tar Heels,North Carolina,7bafd4,13294b,https://a.espncdn.com/i/teamlogos/ncaa/500/153.png,away,91,true,21,3,24,42.7,32,75,0,16,87.0,20,23,34,20,14,10,0,33.3,7,21,48,0,0,0,62,s:40~l:54~t:62,hawaii-rainbow-wahine,Hawai'i,Rainbow Wahine,HAW,Hawai'i Rainbow Wahine,Hawai'i,003420,ffffff,https://a.espncdn.com/i/teamlogos/ncaa/500/62.png,57
303320062,2011,2,2010-11-28,2010-11-28T23:00:00.000000-0500,62,s:40~l:54~t:62,hawaii-rainbow-wahine,Hawai'i,Rainbow Wahine,HAW,Hawai'i Rainbow Wahine,Hawai'i,003420,ffffff,https://a.espncdn.com/i/teamlogos/ncaa/500/62.png,home,57,false,11,7,18,37.9,22,58,0,18,60.0,9,15,0,8,2,20,0,28.6,4,14,31,0,0,0,153,s:40~l:54~t:153,north-carolina-tar-heels,North Carolina,Tar Heels,UNC,North Carolina Tar Heels,North Carolina,7bafd4,13294b,https://a.espncdn.com/i/teamlogos/ncaa/500/153.png,91
303320087,2011,2,2010-11-28,2010-11-28T14:00:00.000000-0500,2086,s:40~l:54~t:2086,butler-bulldogs,Butler,Bulldogs,BUT,Butler Bulldogs,Butler,0d1361,00a3e0,https://a.espncdn.com/i/teamlogos/ncaa/500/2086.png,away,54,false,13,1,15,30.5,18,59,0,23,85.7,12,14,3,10,11,18,0,25.0,6,24,32,0,0,0,87,s:40~l:54~t:87,notre-dame-fighting-irish,Notre Dame,Fighting Irish,ND,Notre Dame Fighting Irish,Notre Dame,0c2340,c99700,https://a.espncdn.com/i/teamlogos/ncaa/500/87.png,85
303320087,2011,2,2010-11-28,2010-11-28T14:00:00.000000-0500,87,s:40~l:54~t:87,notre-dame-fighting-irish,Notre Dame,Fighting Irish,ND,Notre Dame Fighting Irish,Notre Dame,0c2340,c99700,https://a.espncdn.com/i/teamlogos/ncaa/500/87.png,home,85,true,24,6,23,50.8,30,59,0,13,75.9,22,29,31,14,8,15,0,23.1,3,13,42,0,0,0,2086,s:40~l:54~t:2086,butler-bulldogs,Butler,Bulldogs,BUT,Butler Bulldogs,Butler,0d1361,00a3e0,https://a.espncdn.com/i/teamlogos/ncaa/500/2086.png,54
303320238,2011,2,2010-11-28,2010-11-28T12:00:00.000000-0500,163,s:40~l:54~t:163,princeton-tigers,Princeton,Tigers,PRIN,Princeton Tigers,Princeton,ff9408,080808,https://a.espncdn.com/i/teamlogos/ncaa/500/163.png,away,68,false,16,4,14,44.6,25,56,0,20,90.9,10,11,1,11,8,16,0,47.1,8,17,27,0,0,0,238,s:40~l:54~t:238,vanderbilt-commodores,Vanderbilt,Commodores,VAN,Vanderbilt Commodores,Vanderbilt,000000,231f20,https://a.espncdn.com/i/teamlogos/ncaa/500/238.png,74
303320238,2011,2,2010-11-28,2010-11-28T12:00:00.000000-0500,238,s:40~l:54~t:238,vanderbilt-commodores,Vanderbilt,Commodores,VAN,Vanderbilt Commodores,Vanderbilt,000000,231f20,https://a.espncdn.com/i/teamlogos/ncaa/500/238.png,home,74,true,17,0,20,49.0,25,51,0,16,72.7,16,22,11,8,8,15,0,47.1,8,17,32,0,0,0,163,s:40~l:54~t:163,princeton-tigers,Princeton,Tigers,PRIN,Princeton Tigers,Princeton,ff9408,080808,https://a.espncdn.com/i/teamlogos/ncaa/500/163.png,68
303310041,2011,2,2010-11-27,2010-11-27T19:30:00.000000-0500,2329,s:40~l:54~t:2329,lehigh-mountain-hawks,Lehigh,Mountain Hawks,LEH,Lehigh Mountain Hawks,Lehigh,6c2b2a,b69e70,https://a.espncdn.com/i/teamlogos/ncaa/500/2329.png,away,38,false,8,0,9,31.9,15,47,0,10,75.0,3,4,0,2,2,19,0,31.3,5,16,21,0,0,0,41,s:40~l:54~t:41,uconn-huskies,UConn,Huskies,CONN,UConn Huskies,UConn,0c2340,f1f2f3,https://a.espncdn.com/i/teamlogos/ncaa/500/41.png,81
303310041,2011,2,2010-11-27,2010-11-27T19:30:00.000000-0500,41,s:40~l:54~t:41,uconn-huskies,UConn,Huskies,CONN,UConn Huskies,UConn,0c2340,f1f2f3,https://a.espncdn.com/i/teamlogos/ncaa/500/41.png,home,81,true,25,4,24,53.3,32,60,0,8,84.6,11,13,43,11,15,13,0,37.5,6,16,40,0,0,0,2329,s:40~l:54~t:2329,lehigh-mountain-hawks,Lehigh,Mountain Hawks,LEH,Lehigh Mountain Hawks,Lehigh,6c2b2a,b69e70,https://a.espncdn.com/i/teamlogos/ncaa/500/2329.png,38
303312633,2011,2,2010-11-27,2010-11-27T20:00:00.000000-0500,46,s:40~l:54~t:46,georgetown-hoyas,Georgetown,Hoyas,GTWN,Georgetown Hoyas,Georgetown,110E42,001c58,https://a.espncdn.com/i/teamlogos/ncaa/500/46.png,away,69,true,15,2,15,40.4,23,57,0,21,68.4,13,19,17,9,15,17,1,55.6,10,18,27,1,0,0,2633,s:40~l:54~t:2633,tennessee-lady-volunteers,Tennessee,Lady Volunteers,TENN,Tennessee Lady Volunteers,Tennessee,ff8200,ffffff,https://a.espncdn.com/i/teamlogos/ncaa/500/2633_ncw.png,58
303312633,2011,2,2010-11-27,2010-11-27T20:00:00.000000-0500,2633,s:40~l:54~t:2633,tennessee-lady-volunteers,Tennessee,Lady Volunteers,TENN,Tennessee Lady Volunteers,Tennessee,ff8200,ffffff,https://a.espncdn.com/i/teamlogos/ncaa/500/2633_ncw.png,home,58,false,11,3,22,40.0,22,55,0,21,50.0,11,22,0,20,7,29,0,16.7,3,18,45,0,0,0,46,s:40~l:54~t:46,georgetown-hoyas,Georgetown,Hoyas,GTWN,Georgetown Hoyas,Georgetown,110E42,001c58,https://a.espncdn.com/i/teamlogos/ncaa/500/46.png,69
303310277,2011,2,2010-11-27,2010-11-27T15:15:00.000000-0500,66,s:40~l:54~t:66,iowa-state-cyclones,Iowa State,Cyclones,ISU,Iowa State Cyclones,Iowa State,822433,fdca2f,https://a.espncdn.com/i/teamlogos/ncaa/500/66.png,away,53,false,12,2,16,45.2,19,42,0,20,65.0,13,20,2,4,5,16,0,18.2,2,11,22,0,0,0,277,s:40~l:54~t:277,west-virginia-mountaineers,West Virginia,Mountaineers,WVU,West Virginia Mountaineers,West Virginia,FFC600,eaaa00,https://a.espncdn.com/i/teamlogos/ncaa/500/277.png,64
303310277,2011,2,2010-11-27,2010-11-27T15:15:00.000000-0500,277,s:40~l:54~t:277,west-virginia-mountaineers,West Virginia,Mountaineers,WVU,West Virginia Mountaineers,West Virginia,FFC600,eaaa00,https://a.espncdn.com/i/teamlogos/ncaa/500/277.png,home,64,true,16,6,20,39.3,22,56,0,20,66.7,10,15,18,15,7,17,0,40.0,10,25,40,0,0,0,66,s:40~l:54~t:66,iowa-state-cyclones,Iowa State,Cyclones,ISU,Iowa State Cyclones,Iowa State,822433,fdca2f,https://a.espncdn.com/i/teamlogos/ncaa/500/66.png,53
303310201,2011,2,2010-11-27,2010-11-27T15:00:00.000000-0500,2241,s:40~l:54~t:2241,gardner-webb-runnin-bulldogs,Gardner-Webb,Runnin' Bulldogs,GWEB,Gardner-Webb Runnin' Bulldogs,Gardner-Webb,c12535,909090,https://a.espncdn.com/i/teamlogos/ncaa/500/2241.png,away,75,false,11,5,19,45.9,28,61,0,25,73.3,11,15,0,10,10,15,0,53.3,8,15,32,0,0,0,201,s:40~l:54~t:201,oklahoma-sooners,Oklahoma,Sooners,OU,Oklahoma Sooners,Oklahoma,9d2235,ffffff,https://a.espncdn.com/i/teamlogos/ncaa/500/201.png,84
303310201,2011,2,2010-11-27,2010-11-27T15:00:00.000000-0500,201,s:40~l:54~t:201,oklahoma-sooners,Oklahoma,Sooners,OU,Oklahoma Sooners,Oklahoma,9d2235,ffffff,https://a.espncdn.com/i/teamlogos/ncaa/500/201.png,home,84,true,12,2,21,44.1,26,59,0,17,79.4,27,34,21,13,8,15,0,25.0,5,20,41,0,0,0,2241,s:40~l:54~t:2241,gardner-webb-runnin-bulldogs,Gardner-Webb,Runnin' Bulldogs,GWEB,Gardner-Webb Runnin' Bulldogs,Gardner-Webb,c12535,909090,https://a.espncdn.com/i/teamlogos/ncaa/500/2241.png,75
303310153,2011,2,2010-11-27,2010-11-27T21:45:00.000000-0500,356,s:40~l:54~t:356,illinois-fighting-illini,Illinois,Fighting Illini,ILL,Illinois Fighting Illini,Illinois,ff5f05,13294b,https://a.espncdn.com/i/teamlogos/ncaa/500/356.png,away,58,false,15,0,22,33.8,23,68,0,17,55.6,5,9,4,12,5,23,0,53.8,7,13,40,0,0,0,153,s:40~l:54~t:153,north-carolina-tar-heels,North Carolina,Tar Heels,UNC,North Carolina Tar Heels,North Carolina,7bafd4,13294b,https://a.espncdn.com/i/teamlogos/ncaa/500/153.png,87
303310153,2011,2,2010-11-27,2010-11-27T21:45:00.000000-0500,153,s:40~l:54~t:153,north-carolina-tar-heels,North Carolina,Tar Heels,UNC,North Carolina Tar Heels,North Carolina,7bafd4,13294b,https://a.espncdn.com/i/teamlogos/ncaa/500/153.png,home,87,true,19,9,30,43.8,32,73,0,16,78.3,18,23,30,18,13,16,0,33.3,5,15,51,0,0,0,356,s:40~l:54~t:356,illinois-fighting-illini,Illinois,Fighting Illini,ILL,Illinois Fighting Illini,Illinois,ff5f05,13294b,https://a.espncdn.com/i/teamlogos/ncaa/500/356.png,58
303310087,2011,2,2010-11-27,2010-11-27T14:00:00.000000-0500,154,s:40~l:54~t:154,wake-forest-demon-deacons,Wake Forest,Demon Deacons,WAKE,Wake Forest Demon Deacons,Wake Forest,9E7E38,000000,https://a.espncdn.com/i/teamlogos/ncaa/500/154.png,away,69,false,17,2,17,37.7,23,61,0,28,79.2,19,24,2,10,10,24,0,26.7,4,15,33,0,0,0,87,s:40~l:54~t:87,notre-dame-fighting-irish,Notre Dame,Fighting Irish,ND,Notre Dame Fighting Irish,Notre Dame,0c2340,c99700,https://a.espncdn.com/i/teamlogos/ncaa/500/87.png,92
303310087,2011,2,2010-11-27,2010-11-27T14:00:00.000000-0500,87,s:40~l:54~t:87,notre-dame-fighting-irish,Notre Dame,Fighting Irish,ND,Notre Dame Fighting Irish,Notre Dame,0c2340,c99700,https://a.espncdn.com/i/teamlogos/ncaa/500/87.png,home,92,true,20,5,24,50.0,26,52,0,20,86.0,37,43,37,11,16,23,0,23.1,3,13,37,0,0,0,154,s:40~l:54~t:154,wake-forest-demon-deacons,Wake Forest,Demon Deacons,WAKE,Wake Forest Demon Deacons,Wake Forest,9E7E38,000000,https://a.espncdn.com/i/teamlogos/ncaa/500/154.png,69
303312628,2011,2,2010-11-27,2010-11-27T13:00:00.000000-0500,258,s:40~l:54~t:258,virginia-cavaliers,Virginia,Cavaliers,UVA,Virginia Cavaliers,Virginia,f84c1e,ffffff,https://a.espncdn.com/i/teamlogos/ncaa/500/258.png,away,59,true,16,6,18,40.7,22,54,0,24,90.9,10,11,8,11,5,19,0,31.3,5,16,34,0,0,0,2628,s:40~l:54~t:2628,tcu-horned-frogs,TCU,Horned Frogs,TCU,TCU Horned Frogs,TCU,4d1979,f1f2f3,https://a.espncdn.com/i/teamlogos/ncaa/500/2628.png,55
303312628,2011,2,2010-11-27,2010-11-27T13:00:00.000000-0500,2628,s:40~l:54~t:2628,tcu-horned-frogs,TCU,Horned Frogs,TCU,TCU Horned Frogs,TCU,4d1979,f1f2f3,https://a.espncdn.com/i/teamlogos/ncaa/500/2628.png,home,55,false,9,4,19,32.6,14,43,0,17,71.0,22,31,1,7,7,18,0,31.3,5,16,30,0,0,0,258,s:40~l:54~t:258,virginia-cavaliers,Virginia,Cavaliers,UVA,Virginia Cavaliers,Virginia,f84c1e,ffffff,https://a.espncdn.com/i/teamlogos/ncaa/500/258.png,59
303310167,2011,2,2010-11-27,2010-11-27T21:00:00.000000-0500,197,s:40~l:54~t:197,oklahoma-state-cowgirls,Oklahoma State,Cowgirls,OKST,Oklahoma State Cowgirls,Oklahoma St,ff6500,000000,https://a.espncdn.com/i/teamlogos/ncaa/500/197.png,away,74,true,14,4,31,36.0,27,75,0,21,85.0,17,20,9,18,4,18,0,18.8,3,16,54,0,0,0,167,s:40~l:54~t:167,new-mexico-lobos,New Mexico,Lobos,UNM,New Mexico Lobos,New Mexico,000000,231f20,https://a.espncdn.com/i/teamlogos/ncaa/500/167.png,65
303310167,2011,2,2010-11-27,2010-11-27T21:00:00.000000-0500,167,s:40~l:54~t:167,new-mexico-lobos,New Mexico,Lobos,UNM,New Mexico Lobos,New Mexico,000000,231f20,https://a.espncdn.com/i/teamlogos/ncaa/500/167.png,home,65,false,15,5,23,39.3,24,61,0,20,77.8,14,18,8,5,9,16,0,23.1,3,13,37,0,0,0,197,s:40~l:54~t:197,oklahoma-state-cowgirls,Oklahoma State,Cowgirls,OKST,Oklahoma State Cowgirls,Oklahoma St,ff6500,000000,https://a.espncdn.com/i/teamlogos/ncaa/500/197.png,74
303300041,2011,2,2010-11-26,2010-11-26T19:30:00.000000-0500,47,s:40~l:54~t:47,howard-bison,Howard,Bison,HOW,Howard Bison,Howard,003a63,e51937,https://a.espncdn.com/i/teamlogos/ncaa/500/47.png,away,25,false,7,2,9,19.6,9,46,0,13,100.0,2,2,0,8,5,18,0,21.7,5,23,21,0,0,0,41,s:40~l:54~t:41,uconn-huskies,UConn,Huskies,CONN,UConn Huskies,UConn,0c2340,f1f2f3,https://a.espncdn.com/i/teamlogos/ncaa/500/41.png,86
303300041,2011,2,2010-11-26,2010-11-26T19:30:00.000000-0500,41,s:40~l:54~t:41,uconn-huskies,UConn,Huskies,CONN,UConn Huskies,UConn,0c2340,f1f2f3,https://a.espncdn.com/i/teamlogos/ncaa/500/41.png,home,86,true,26,3,26,56.7,34,60,0,6,71.4,10,14,61,15,13,8,0,47.1,8,17,44,0,0,0,47,s:40~l:54~t:47,howard-bison,Howard,Bison,HOW,Howard Bison,Howard,003a63,e51937,https://a.espncdn.com/i/teamlogos/ncaa/500/47.png,25
303300239,2011,2,2010-11-26,2010-11-26T20:00:00.000000-0500,2335,s:40~l:54~t:2335,liberty-flames,Liberty,Flames,LIB,Liberty Flames,Liberty,071740,a61f21,https://a.espncdn.com/i/teamlogos/ncaa/500/2335.png,away,42,false,4,3,15,31.4,16,51,0,20,63.6,7,11,0,11,5,24,0,23.1,3,13,28,0,0,0,239,s:40~l:54~t:239,baylor-bears,Baylor,Bears,BAY,Baylor Bears,Baylor,154734,ffb81c,https://a.espncdn.com/i/teamlogos/ncaa/500/239.png,81
303300239,2011,2,2010-11-26,2010-11-26T20:00:00.000000-0500,239,s:40~l:54~t:239,baylor-bears,Baylor,Bears,BAY,Baylor Bears,Baylor,154734,ffb81c,https://a.espncdn.com/i/teamlogos/ncaa/500/239.png,home,81,true,18,7,24,54.4,31,57,0,12,84.2,16,19,42,11,10,16,0,25.0,3,12,38,0,0,0,2335,s:40~l:54~t:2335,liberty-flames,Liberty,Flames,LIB,Liberty Flames,Liberty,071740,a61f21,https://a.espncdn.com/i/teamlogos/ncaa/500/2335.png,42
303300024,2011,2,2010-11-26,2010-11-26T16:00:00.000000-0500,2579,s:40~l:54~t:2579,south-carolina-gamecocks,South Carolina,Gamecocks,SC,South Carolina Gamecocks,South Carolina,73000a,ffffff,https://a.espncdn.com/i/teamlogos/ncaa/500/2579.png,away,32,false,2,2,7,21.8,12,55,0,15,71.4,5,7,0,16,10,13,0,23.1,3,13,30,0,0,0,24,s:40~l:54~t:24,stanford-cardinal,Stanford,Cardinal,STAN,Stanford Cardinal,Stanford,8c1515,ffffff,https://a.espncdn.com/i/teamlogos/ncaa/500/24.png,70
303300024,2011,2,2010-11-26,2010-11-26T16:00:00.000000-0500,24,s:40~l:54~t:24,stanford-cardinal,Stanford,Cardinal,STAN,Stanford Cardinal,Stanford,8c1515,ffffff,https://a.espncdn.com/i/teamlogos/ncaa/500/24.png,home,70,true,16,6,21,53.1,26,49,0,13,71.4,10,14,38,14,3,13,0,42.1,8,19,40,0,0,0,2579,s:40~l:54~t:2579,south-carolina-gamecocks,South Carolina,Gamecocks,SC,South Carolina Gamecocks,South Carolina,73000a,ffffff,https://a.espncdn.com/i/teamlogos/ncaa/500/2579.png,32
303300059,2011,2,2010-11-26,2010-11-26T20:00:00.000000-0500,2633,s:40~l:54~t:2633,tennessee-lady-volunteers,Tennessee,Lady Volunteers,TENN,Tennessee Lady Volunteers,Tennessee,ff8200,ffffff,https://a.espncdn.com/i/teamlogos/ncaa/500/2633_ncw.png,away,66,true,12,6,20,42.3,22,52,0,12,73.9,17,23,29,14,10,14,0,29.4,5,17,36,0,0,0,59,s:40~l:54~t:59,georgia-tech-yellow-jackets,Georgia Tech,Yellow Jackets,GT,Georgia Tech Yellow Jackets,Georgia Tech,00223e,002c56,https://a.espncdn.com/i/teamlogos/ncaa/500/59.png,42
303300059,2011,2,2010-11-26,2010-11-26T20:00:00.000000-0500,59,s:40~l:54~t:59,georgia-tech-yellow-jackets,Georgia Tech,Yellow Jackets,GT,Georgia Tech Yellow Jackets,Georgia Tech,00223e,002c56,https://a.espncdn.com/i/teamlogos/ncaa/500/59.png,home,42,false,8,0,22,33.3,17,51,0,20,40.0,4,10,2,12,7,24,0,25.0,4,16,37,0,0,0,2633,s:40~l:54~t:2633,tennessee-lady-volunteers,Tennessee,Lady Volunteers,TENN,Tennessee Lady Volunteers,Tennessee,ff8200,ffffff,https://a.espncdn.com/i/teamlogos/ncaa/500/2633_ncw.png,66
303300258,2011,2,2010-11-26,2010-11-26T13:00:00.000000-0500,277,s:40~l:54~t:277,west-virginia-mountaineers,West Virginia,Mountaineers,WVU,West Virginia Mountaineers,West Virginia,FFC600,eaaa00,https://a.espncdn.com/i/teamlogos/ncaa/500/277.png,away,57,true,9,5,14,34.6,18,52,0,20,54.5,18,33,14,13,14,18,0,23.1,3,13,36,0,0,0,258,s:40~l:54~t:258,virginia-cavaliers,Virginia,Cavaliers,UVA,Virginia Cavaliers,Virginia,f84c1e,ffffff,https://a.espncdn.com/i/teamlogos/ncaa/500/258.png,43
303300258,2011,2,2010-11-26,2010-11-26T13:00:00.000000-0500,258,s:40~l:54~t:258,virginia-cavaliers,Virginia,Cavaliers,UVA,Virginia Cavaliers,Virginia,f84c1e,ffffff,https://a.espncdn.com/i/teamlogos/ncaa/500/258.png,home,43,false,7,2,20,31.0,13,42,0,27,85.0,17,20,0,7,6,29,0,0.0,0,11,35,0,0,0,277,s:40~l:54~t:277,west-virginia-mountaineers,West Virginia,Mountaineers,WVU,West Virginia Mountaineers,West Virginia,FFC600,eaaa00,https://a.espncdn.com/i/teamlogos/ncaa/500/277.png,57
303300201,2011,2,2010-11-26,2010-11-26T20:00:00.000000-0500,292,s:40~l:54~t:292,ut-rio-grande-valley-vaqueros,UT Rio Grande Valley,Vaqueros,RGV,UT Rio Grande Valley Vaqueros,UT Rio Grande,dc6000,e1732d,https://a.espncdn.com/i/teamlogos/ncaa/500/292.png,away,66,false,9,3,17,34.4,22,64,0,26,72.7,16,22,0,8,9,25,0,37.5,6,16,30,0,0,0,201,s:40~l:54~t:201,oklahoma-sooners,Oklahoma,Sooners,OU,Oklahoma Sooners,Oklahoma,9d2235,ffffff,https://a.espncdn.com/i/teamlogos/ncaa/500/201.png,116
303300201,2011,2,2010-11-26,2010-11-26T20:00:00.000000-0500,201,s:40~l:54~t:201,oklahoma-sooners,Oklahoma,Sooners,OU,Oklahoma Sooners,Oklahoma,9d2235,ffffff,https://a.espncdn.com/i/teamlogos/ncaa/500/201.png,home,116,true,26,4,37,55.8,43,77,0,21,80.0,24,30,50,17,14,18,0,27.3,6,22,55,0,0,0,292,s:40~l:54~t:292,ut-rio-grande-valley-vaqueros,UT Rio Grande Valley,Vaqueros,RGV,UT Rio Grande Valley Vaqueros,UT Rio Grande,dc6000,e1732d,https://a.espncdn.com/i/teamlogos/ncaa/500/292.png,66
303300142,2011,2,2010-11-26,2010-11-26T17:45:00.000000-0500,46,s:40~l:54~t:46,georgetown-hoyas,Georgetown,Hoyas,GTWN,Georgetown Hoyas,Georgetown,110E42,001c58,https://a.espncdn.com/i/teamlogos/ncaa/500/46.png,away,45,false,12,1,12,32.8,19,58,0,24,42.9,3,7,3,11,10,9,0,23.5,4,17,24,0,0,0,142,s:40~l:54~t:142,missouri-tigers,Missouri,Tigers,MIZ,Missouri Tigers,Missouri,f1b82d,000000,https://a.espncdn.com/i/teamlogos/ncaa/500/142.png,54
303300142,2011,2,2010-11-26,2010-11-26T17:45:00.000000-0500,142,s:40~l:54~t:142,missouri-tigers,Missouri,Tigers,MIZ,Missouri Tigers,Missouri,f1b82d,000000,https://a.espncdn.com/i/teamlogos/ncaa/500/142.png,home,54,true,9,4,27,44.4,16,36,0,16,60.7,17,28,11,9,2,21,0,31.3,5,16,40,0,0,0,46,s:40~l:54~t:46,georgetown-hoyas,Georgetown,Hoyas,GTWN,Georgetown Hoyas,Georgetown,110E42,001c58,https://a.espncdn.com/i/teamlogos/ncaa/500/46.png,45
303300153,2011,2,2010-11-26,2010-11-26T12:00:00.000000-0500,265,s:40~l:54~t:265,washington-state-cougars,Washington State,Cougars,WSU,Washington State Cougars,Washington St,94022a,6a747c,https://a.espncdn.com/i/teamlogos/ncaa/500/265.png,away,55,false,11,2,24,27.6,21,76,0,19,40.0,6,15,0,16,7,19,0,18.9,7,37,43,0,0,0,153,s:40~l:54~t:153,north-carolina-tar-heels,North Carolina,Tar Heels,UNC,North Carolina Tar Heels,North Carolina,7bafd4,13294b,https://a.espncdn.com/i/teamlogos/ncaa/500/153.png,93
303300153,2011,2,2010-11-26,2010-11-26T12:00:00.000000-0500,153,s:40~l:54~t:153,north-carolina-tar-heels,North Carolina,Tar Heels,UNC,North Carolina Tar Heels,North Carolina,7bafd4,13294b,https://a.espncdn.com/i/teamlogos/ncaa/500/153.png,home,93,true,20,3,36,48.1,39,81,0,19,63.6,14,22,39,21,10,16,0,10.0,1,10,62,0,0,0,265,s:40~l:54~t:265,washington-state-cougars,Washington State,Cougars,WSU,Washington State Cougars,Washington St,94022a,6a747c,https://a.espncdn.com/i/teamlogos/ncaa/500/265.png,55
303300087,2011,2,2010-11-26,2010-11-26T14:00:00.000000-0500,85,s:40~l:54~t:85,iupui-jaguars,IUPUI,Jaguars,IUPU,IUPUI Jaguars,IUPUI,A81F30,d59f0f,https://a.espncdn.com/i/teamlogos/ncaa/500/85.png,away,29,false,7,3,19,22.7,10,44,0,19,75.0,6,8,0,6,1,32,0,20.0,3,15,28,0,0,0,87,s:40~l:54~t:87,notre-dame-fighting-irish,Notre Dame,Fighting Irish,ND,Notre Dame Fighting Irish,Notre Dame,0c2340,c99700,https://a.espncdn.com/i/teamlogos/ncaa/500/87.png,95
303300087,2011,2,2010-11-26,2010-11-26T14:00:00.000000-0500,87,s:40~l:54~t:87,notre-dame-fighting-irish,Notre Dame,Fighting Irish,ND,Notre Dame Fighting Irish,Notre Dame,0c2340,c99700,https://a.espncdn.com/i/teamlogos/ncaa/500/87.png,home,95,true,18,9,29,50.7,35,69,0,12,75.0,21,28,68,15,23,9,0,44.4,4,9,45,0,0,0,85,s:40~l:54~t:85,iupui-jaguars,IUPUI,Jaguars,IUPU,IUPUI Jaguars,IUPUI,A81F30,d59f0f,https://a.espncdn.com/i/teamlogos/ncaa/500/85.png,29
303302628,2011,2,2010-11-26,2010-11-26T15:15:00.000000-0500,66,s:40~l:54~t:66,iowa-state-cyclones,Iowa State,Cyclones,ISU,Iowa State Cyclones,Iowa State,822433,fdca2f,https://a.espncdn.com/i/teamlogos/ncaa/500/66.png,away,64,true,19,3,30,43.1,22,51,0,16,60.0,6,10,8,5,1,17,0,56.0,14,25,40,0,0,0,2628,s:40~l:54~t:2628,tcu-horned-frogs,TCU,Horned Frogs,TCU,TCU Horned Frogs,TCU,4d1979,f1f2f3,https://a.espncdn.com/i/teamlogos/ncaa/500/2628.png,59
303302628,2011,2,2010-11-26,2010-11-26T15:15:00.000000-0500,2628,s:40~l:54~t:2628,tcu-horned-frogs,TCU,Horned Frogs,TCU,TCU Horned Frogs,TCU,4d1979,f1f2f3,https://a.espncdn.com/i/teamlogos/ncaa/500/2628.png,home,59,false,10,4,21,30.5,18,59,0,16,84.6,11,13,7,5,9,7,0,32.4,12,37,30,0,0,0,66,s:40~l:54~t:66,iowa-state-cyclones,Iowa State,Cyclones,ISU,Iowa State Cyclones,Iowa State,822433,fdca2f,https://a.espncdn.com/i/teamlogos/ncaa/500/66.png,64
303302599,2011,2,2010-11-26,2010-11-26T13:00:00.000000-0500,2447,s:40~l:54~t:2447,nicholls-colonels,Nicholls,Colonels,NICH,Nicholls Colonels,Nicholls,C41230,f0f0f0,https://a.espncdn.com/i/teamlogos/ncaa/500/2447.png,away,54,false,11,2,25,31.7,19,60,0,16,66.7,8,12,4,10,7,22,0,30.8,8,26,38,0,0,0,2599,s:40~l:54~t:2599,st-johns-red-storm,St. John's,Red Storm,SJU,St. John's Red Storm,St John's,d10000,101010,https://a.espncdn.com/i/teamlogos/ncaa/500/2599.png,79
303302599,2011,2,2010-11-26,2010-11-26T13:00:00.000000-0500,2599,s:40~l:54~t:2599,st-johns-red-storm,St. John's,Red Storm,SJU,St. John's Red Storm,St John's,d10000,101010,https://a.espncdn.com/i/teamlogos/ncaa/500/2599.png,home,79,true,11,4,26,40.8,31,76,0,10,57.1,12,21,29,24,11,14,0,45.5,5,11,56,0,0,0,2447,s:40~l:54~t:2447,nicholls-colonels,Nicholls,Colonels,NICH,Nicholls Colonels,Nicholls,C41230,f0f0f0,https://a.espncdn.com/i/teamlogos/ncaa/500/2447.png,54
303300238,2011,2,2010-11-26,2010-11-26T18:00:00.000000-0500,2514,s:40~l:54~t:2514,quinnipiac-bobcats,Quinnipiac,Bobcats,QUIN,Quinnipiac Bobcats,Quinnipiac,041B43,,https://a.espncdn.com/i/teamlogos/ncaa/500/2514.png,away,53,false,9,3,15,28.3,15,53,0,27,69.6,16,23,7,13,7,27,0,43.8,7,16,31,0,0,0,238,s:40~l:54~t:238,vanderbilt-commodores,Vanderbilt,Commodores,VAN,Vanderbilt Commodores,Vanderbilt,000000,231f20,https://a.espncdn.com/i/teamlogos/ncaa/500/238.png,111
303300238,2011,2,2010-11-26,2010-11-26T18:00:00.000000-0500,238,s:40~l:54~t:238,vanderbilt-commodores,Vanderbilt,Commodores,VAN,Vanderbilt Commodores,Vanderbilt,000000,231f20,https://a.espncdn.com/i/teamlogos/ncaa/500/238.png,home,111,true,23,4,25,51.4,37,72,0,21,71.8,28,39,60,24,12,14,0,37.5,9,24,49,0,0,0,2514,s:40~l:54~t:2514,quinnipiac-bobcats,Quinnipiac,Bobcats,QUIN,Quinnipiac Bobcats,Quinnipiac,041B43,,https://a.espncdn.com/i/teamlogos/ncaa/500/2514.png,53
303300158,2011,2,2010-11-26,2010-11-26T12:00:00.000000-0500,2437,s:40~l:54~t:2437,omaha-mavericks,Omaha,Mavericks,OMA,Omaha Mavericks,Omaha,e3193e,,https://a.espncdn.com/i/teamlogos/ncaa/500/2437.png,away,44,false,9,7,18,34.0,18,53,0,12,66.7,2,3,0,7,10,27,0,37.5,6,16,26,0,0,0,158,s:40~l:54~t:158,nebraska-cornhuskers,Nebraska,Cornhuskers,NEB,Nebraska Cornhuskers,Nebraska,F20017,f5f1e7,https://a.espncdn.com/i/teamlogos/ncaa/500/158.png,80
303300158,2011,2,2010-11-26,2010-11-26T12:00:00.000000-0500,158,s:40~l:54~t:158,nebraska-cornhuskers,Nebraska,Cornhuskers,NEB,Nebraska Cornhuskers,Nebraska,F20017,f5f1e7,https://a.espncdn.com/i/teamlogos/ncaa/500/158.png,home,80,true,20,6,25,50.0,33,66,0,10,87.5,7,8,38,10,12,19,0,38.9,7,18,43,0,0,0,2437,s:40~l:54~t:2437,omaha-mavericks,Omaha,Mavericks,OMA,Omaha Mavericks,Omaha,e3193e,,https://a.espncdn.com/i/teamlogos/ncaa/500/2437.png,44
303290277,2011,2,2010-11-25,2010-11-25T13:00:00.000000-0500,2628,s:40~l:54~t:2628,tcu-horned-frogs,TCU,Horned Frogs,TCU,TCU Horned Frogs,TCU,4d1979,f1f2f3,https://a.espncdn.com/i/teamlogos/ncaa/500/2628.png,away,49,false,5,4,21,34.0,18,53,0,20,61.1,11,18,2,7,8,19,0,18.2,2,11,29,0,0,0,277,s:40~l:54~t:277,west-virginia-mountaineers,West Virginia,Mountaineers,WVU,West Virginia Mountaineers,West Virginia,FFC600,eaaa00,https://a.espncdn.com/i/teamlogos/ncaa/500/277.png,62
303290277,2011,2,2010-11-25,2010-11-25T13:00:00.000000-0500,277,s:40~l:54~t:277,west-virginia-mountaineers,West Virginia,Mountaineers,WVU,West Virginia Mountaineers,West Virginia,FFC600,eaaa00,https://a.espncdn.com/i/teamlogos/ncaa/500/277.png,home,62,true,10,6,30,43.1,22,51,0,21,57.1,16,28,18,11,11,20,0,16.7,2,12,43,0,0,0,2628,s:40~l:54~t:2628,tcu-horned-frogs,TCU,Horned Frogs,TCU,TCU Horned Frogs,TCU,4d1979,f1f2f3,https://a.espncdn.com/i/teamlogos/ncaa/500/2628.png,49
303290046,2011,2,2010-11-25,2010-11-25T20:00:00.000000-0500,59,s:40~l:54~t:59,georgia-tech-yellow-jackets,Georgia Tech,Yellow Jackets,GT,Georgia Tech Yellow Jackets,Georgia Tech,00223e,002c56,https://a.espncdn.com/i/teamlogos/ncaa/500/59.png,away,58,false,8,1,18,37.0,20,54,0,24,66.7,12,18,5,9,6,21,0,35.3,6,17,35,0,0,0,46,s:40~l:54~t:46,georgetown-hoyas,Georgetown,Hoyas,GTWN,Georgetown Hoyas,Georgetown,110E42,001c58,https://a.espncdn.com/i/teamlogos/ncaa/500/46.png,67
303290046,2011,2,2010-11-25,2010-11-25T20:00:00.000000-0500,46,s:40~l:54~t:46,georgetown-hoyas,Georgetown,Hoyas,GTWN,Georgetown Hoyas,Georgetown,110E42,001c58,https://a.espncdn.com/i/teamlogos/ncaa/500/46.png,home,67,true,12,4,17,42.9,21,49,0,15,69.6,16,23,12,11,6,20,0,42.9,9,21,30,0,0,0,59,s:40~l:54~t:59,georgia-tech-yellow-jackets,Georgia Tech,Yellow Jackets,GT,Georgia Tech Yellow Jackets,Georgia Tech,00223e,002c56,https://a.espncdn.com/i/teamlogos/ncaa/500/59.png,58
303290066,2011,2,2010-11-25,2010-11-25T15:15:00.000000-0500,258,s:40~l:54~t:258,virginia-cavaliers,Virginia,Cavaliers,UVA,Virginia Cavaliers,Virginia,f84c1e,ffffff,https://a.espncdn.com/i/teamlogos/ncaa/500/258.png,away,48,false,6,4,17,30.0,18,60,0,29,50.0,10,20,1,11,7,16,0,10.5,2,19,32,0,0,0,66,s:40~l:54~t:66,iowa-state-cyclones,Iowa State,Cyclones,ISU,Iowa State Cyclones,Iowa State,822433,fdca2f,https://a.espncdn.com/i/teamlogos/ncaa/500/66.png,66
303290066,2011,2,2010-11-25,2010-11-25T15:15:00.000000-0500,66,s:40~l:54~t:66,iowa-state-cyclones,Iowa State,Cyclones,ISU,Iowa State Cyclones,Iowa State,822433,fdca2f,https://a.espncdn.com/i/teamlogos/ncaa/500/66.png,home,66,true,8,1,29,48.7,19,39,0,20,65.5,19,29,33,3,4,18,0,40.9,9,22,38,0,0,0,258,s:40~l:54~t:258,virginia-cavaliers,Virginia,Cavaliers,UVA,Virginia Cavaliers,Virginia,f84c1e,ffffff,https://a.espncdn.com/i/teamlogos/ncaa/500/258.png,48
303280221,2011,2,2010-11-24,2010-11-24T19:00:00.000000-0500,150,s:40~l:54~t:150,duke-blue-devils,Duke,Blue Devils,DUKE,Duke Blue Devils,Duke,013088,ffffff,https://a.espncdn.com/i/teamlogos/ncaa/500/150.png,away,93,true,19,1,17,51.4,37,72,0,17,75.0,12,16,38,19,16,11,0,41.2,7,17,40,0,0,0,221,s:40~l:54~t:221,pittsburgh-panthers,Pittsburgh,Panthers,PITT,Pittsburgh Panthers,Pitt,003263,231f20,https://a.espncdn.com/i/teamlogos/ncaa/500/221.png,55
303280221,2011,2,2010-11-24,2010-11-24T19:00:00.000000-0500,221,s:40~l:54~t:221,pittsburgh-panthers,Pittsburgh,Panthers,PITT,Pittsburgh Panthers,Pitt,003263,231f20,https://a.espncdn.com/i/teamlogos/ncaa/500/221.png,home,55,false,13,6,14,47.6,20,42,0,13,52.9,9,17,3,6,8,25,0,35.3,6,17,23,0,0,0,150,s:40~l:54~t:150,duke-blue-devils,Duke,Blue Devils,DUKE,Duke Blue Devils,Duke,013088,ffffff,https://a.espncdn.com/i/teamlogos/ncaa/500/150.png,93
303280251,2011,2,2010-11-24,2010-11-24T17:00:00.000000-0500,304,s:40~l:54~t:304,idaho-state-bengals,Idaho State,Bengals,IDST,Idaho State Bengals,Idaho St,ef8c00,e9a126,https://a.espncdn.com/i/teamlogos/ncaa/500/304.png,away,68,false,11,1,21,47.3,26,55,0,17,90.0,9,10,5,8,7,26,0,53.8,7,13,33,0,0,0,251,s:40~l:54~t:251,texas-longhorns,Texas,Longhorns,TEX,Texas Longhorns,Texas,c15d26,ffffff,https://a.espncdn.com/i/teamlogos/ncaa/500/251.png,82
303280251,2011,2,2010-11-24,2010-11-24T17:00:00.000000-0500,251,s:40~l:54~t:251,texas-longhorns,Texas,Longhorns,TEX,Texas Longhorns,Texas,c15d26,ffffff,https://a.espncdn.com/i/teamlogos/ncaa/500/251.png,home,82,true,16,3,17,40.3,31,77,0,13,84.2,16,19,20,23,16,19,0,15.4,4,26,43,0,0,0,304,s:40~l:54~t:304,idaho-state-bengals,Idaho State,Bengals,IDST,Idaho State Bengals,Idaho St,ef8c00,e9a126,https://a.espncdn.com/i/teamlogos/ncaa/500/304.png,68
303270239,2011,2,2010-11-23,2010-11-23T20:00:00.000000-0500,2640,s:40~l:54~t:2640,texas-southern-tigers,Texas Southern,Tigers,TXSO,Texas Southern Tigers,Texas Southern,6A0403,ebebeb,https://a.espncdn.com/i/teamlogos/ncaa/500/2640.png,away,43,false,6,0,13,29.0,18,62,0,22,54.5,6,11,0,14,3,22,0,8.3,1,12,30,0,0,0,239,s:40~l:54~t:239,baylor-bears,Baylor,Bears,BAY,Baylor Bears,Baylor,154734,ffb81c,https://a.espncdn.com/i/teamlogos/ncaa/500/239.png,100
303270239,2011,2,2010-11-23,2010-11-23T20:00:00.000000-0500,239,s:40~l:54~t:239,baylor-bears,Baylor,Bears,BAY,Baylor Bears,Baylor,154734,ffb81c,https://a.espncdn.com/i/teamlogos/ncaa/500/239.png,home,100,true,24,7,29,57.8,37,64,0,12,78.3,18,23,57,15,12,14,0,50.0,8,16,46,0,0,0,2640,s:40~l:54~t:2640,texas-southern-tigers,Texas Southern,Tigers,TXSO,Texas Southern Tigers,Texas Southern,6A0403,ebebeb,https://a.espncdn.com/i/teamlogos/ncaa/500/2640.png,43
303270030,2011,2,2010-11-23,2010-11-23T22:00:00.000000-0500,61,s:40~l:54~t:61,georgia-lady-bulldogs,Georgia,Lady Bulldogs,UGA,Georgia Lady Bulldogs,Georgia,CC0000,000000,https://a.espncdn.com/i/teamlogos/ncaa/500/61.png,away,63,false,10,1,26,40.0,26,65,0,17,36.4,4,11,11,14,6,18,0,30.4,7,23,43,0,0,0,30,s:40~l:54~t:30,usc-trojans,USC,Trojans,USC,USC Trojans,USC,9e2237,ffcc00,https://a.espncdn.com/i/teamlogos/ncaa/500/30.png,71
303270030,2011,2,2010-11-23,2010-11-23T22:00:00.000000-0500,30,s:40~l:54~t:30,usc-trojans,USC,Trojans,USC,USC Trojans,USC,9e2237,ffcc00,https://a.espncdn.com/i/teamlogos/ncaa/500/30.png,home,71,true,15,1,23,42.4,25,59,0,11,81.3,13,16,11,6,4,14,0,36.4,8,22,32,0,0,0,61,s:40~l:54~t:61,georgia-lady-bulldogs,Georgia,Lady Bulldogs,UGA,Georgia Lady Bulldogs,Georgia,CC0000,000000,https://a.espncdn.com/i/teamlogos/ncaa/500/61.png,63
303260194,2011,2,2010-11-22,2010-11-22T19:00:00.000000-0500,2193,s:40~l:54~t:2193,east-tennessee-state-bucs,East Tennessee State,Bucs,ETSU,East Tennessee State Bucs,ETSU,002d61,ffc423,https://a.espncdn.com/i/teamlogos/ncaa/500/2193.png,away,47,false,9,1,22,27.1,19,70,0,20,33.3,2,6,2,14,6,21,0,35.0,7,20,42,0,0,0,194,s:40~l:54~t:194,ohio-state-buckeyes,Ohio State,Buckeyes,OSU,Ohio State Buckeyes,Ohio State,ce1141,505056,https://a.espncdn.com/i/teamlogos/ncaa/500/194.png,80
303260194,2011,2,2010-11-22,2010-11-22T19:00:00.000000-0500,194,s:40~l:54~t:194,ohio-state-buckeyes,Ohio State,Buckeyes,OSU,Ohio State Buckeyes,Ohio State,ce1141,505056,https://a.espncdn.com/i/teamlogos/ncaa/500/194.png,home,80,true,21,10,33,46.3,31,67,0,8,72.7,16,22,36,12,6,16,0,11.8,2,17,50,0,0,0,2193,s:40~l:54~t:2193,east-tennessee-state-bucs,East Tennessee State,Bucs,ETSU,East Tennessee State Bucs,ETSU,002d61,ffc423,https://a.espncdn.com/i/teamlogos/ncaa/500/2193.png,47
303260201,2011,2,2010-11-22,2010-11-22T20:00:00.000000-0500,278,s:40~l:54~t:278,fresno-state-bulldogs,Fresno State,Bulldogs,FRES,Fresno State Bulldogs,Fresno St,c41230,231f20,https://a.espncdn.com/i/teamlogos/ncaa/500/278.png,away,66,false,10,1,13,30.4,17,56,0,18,80.6,25,31,0,13,12,18,0,33.3,7,21,34,0,0,0,201,s:40~l:54~t:201,oklahoma-sooners,Oklahoma,Sooners,OU,Oklahoma Sooners,Oklahoma,9d2235,ffffff,https://a.espncdn.com/i/teamlogos/ncaa/500/201.png,84
303260201,2011,2,2010-11-22,2010-11-22T20:00:00.000000-0500,201,s:40~l:54~t:201,oklahoma-sooners,Oklahoma,Sooners,OU,Oklahoma Sooners,Oklahoma,9d2235,ffffff,https://a.espncdn.com/i/teamlogos/ncaa/500/201.png,home,84,true,19,3,23,55.2,32,58,0,25,62.5,10,16,33,13,8,18,0,55.6,10,18,39,0,0,0,278,s:40~l:54~t:278,fresno-state-bulldogs,Fresno State,Bulldogs,FRES,Fresno State Bulldogs,Fresno St,c41230,231f20,https://a.espncdn.com/i/teamlogos/ncaa/500/278.png,66
303260265,2011,2,2010-11-22,2010-11-22T22:00:00.000000-0500,158,s:40~l:54~t:158,nebraska-cornhuskers,Nebraska,Cornhuskers,NEB,Nebraska Cornhuskers,Nebraska,F20017,f5f1e7,https://a.espncdn.com/i/teamlogos/ncaa/500/158.png,away,87,true,14,3,28,50.0,34,68,0,10,71.4,15,21,10,11,6,23,0,28.6,4,14,47,0,0,0,265,s:40~l:54~t:265,washington-state-cougars,Washington State,Cougars,WSU,Washington State Cougars,Washington St,94022a,6a747c,https://a.espncdn.com/i/teamlogos/ncaa/500/265.png,79
303260265,2011,2,2010-11-22,2010-11-22T22:00:00.000000-0500,265,s:40~l:54~t:265,washington-state-cougars,Washington State,Cougars,WSU,Washington State Cougars,Washington St,94022a,6a747c,https://a.espncdn.com/i/teamlogos/ncaa/500/265.png,home,79,false,23,4,22,44.3,35,79,0,18,66.7,4,6,4,11,13,17,0,33.3,5,15,35,0,0,0,158,s:40~l:54~t:158,nebraska-cornhuskers,Nebraska,Cornhuskers,NEB,Nebraska Cornhuskers,Nebraska,F20017,f5f1e7,https://a.espncdn.com/i/teamlogos/ncaa/500/158.png,87
303250059,2011,2,2010-11-21,2010-11-21T14:00:00.000000-0500,41,s:40~l:54~t:41,uconn-huskies,UConn,Huskies,CONN,UConn Huskies,UConn,0c2340,f1f2f3,https://a.espncdn.com/i/teamlogos/ncaa/500/41.png,away,71,true,23,5,18,46.3,31,67,0,17,60.0,6,10,22,16,14,19,0,13.0,3,23,38,0,0,0,59,s:40~l:54~t:59,georgia-tech-yellow-jackets,Georgia Tech,Yellow Jackets,GT,Georgia Tech Yellow Jackets,Georgia Tech,00223e,002c56,https://a.espncdn.com/i/teamlogos/ncaa/500/59.png,51
303250059,2011,2,2010-11-21,2010-11-21T14:00:00.000000-0500,59,s:40~l:54~t:59,georgia-tech-yellow-jackets,Georgia Tech,Yellow Jackets,GT,Georgia Tech Yellow Jackets,Georgia Tech,00223e,002c56,https://a.espncdn.com/i/teamlogos/ncaa/500/59.png,home,51,false,7,0,24,34.5,19,55,0,16,54.5,12,22,3,10,9,24,0,10.0,1,10,40,0,0,0,41,s:40~l:54~t:41,uconn-huskies,UConn,Huskies,CONN,UConn Huskies,UConn,0c2340,f1f2f3,https://a.espncdn.com/i/teamlogos/ncaa/500/41.png,71
303252250,2011,2,2010-11-21,2010-11-21T17:00:00.000000-0500,24,s:40~l:54~t:24,stanford-cardinal,Stanford,Cardinal,STAN,Stanford Cardinal,Stanford,8c1515,ffffff,https://a.espncdn.com/i/teamlogos/ncaa/500/24.png,away,84,true,18,4,30,42.6,29,68,0,20,75.0,21,28,12,13,4,14,0,31.3,5,16,49,0,0,0,2250,s:40~l:54~t:2250,gonzaga-bulldogs,Gonzaga,Bulldogs,GONZ,Gonzaga Bulldogs,Gonzaga,041e42,c8102e,https://a.espncdn.com/i/teamlogos/ncaa/500/2250.png,78
303252250,2011,2,2010-11-21,2010-11-21T17:00:00.000000-0500,2250,s:40~l:54~t:2250,gonzaga-bulldogs,Gonzaga,Bulldogs,GONZ,Gonzaga Bulldogs,Gonzaga,041e42,c8102e,https://a.espncdn.com/i/teamlogos/ncaa/500/2250.png,home,78,false,14,4,24,35.0,28,80,0,24,72.7,16,22,5,16,7,10,0,26.1,6,23,49,0,0,0,24,s:40~l:54~t:24,stanford-cardinal,Stanford,Cardinal,STAN,Stanford Cardinal,Stanford,8c1515,ffffff,https://a.espncdn.com/i/teamlogos/ncaa/500/24.png,84
303252633,2011,2,2010-11-21,2010-11-21T14:00:00.000000-0500,9,s:40~l:54~t:9,arizona-state-sun-devils,Arizona State,Sun Devils,ASU,Arizona State Sun Devils,Arizona State,942139,f1f2f3,https://a.espncdn.com/i/teamlogos/ncaa/500/9.png,away,64,false,12,2,23,40.0,22,55,0,28,73.9,17,23,1,7,6,17,0,27.3,3,11,36,0,0,0,2633,s:40~l:54~t:2633,tennessee-lady-volunteers,Tennessee,Lady Volunteers,TENN,Tennessee Lady Volunteers,Tennessee,ff8200,ffffff,https://a.espncdn.com/i/teamlogos/ncaa/500/2633_ncw.png,80
303252633,2011,2,2010-11-21,2010-11-21T14:00:00.000000-0500,2633,s:40~l:54~t:2633,tennessee-lady-volunteers,Tennessee,Lady Volunteers,TENN,Tennessee Lady Volunteers,Tennessee,ff8200,ffffff,https://a.espncdn.com/i/teamlogos/ncaa/500/2633_ncw.png,home,80,true,7,4,25,45.6,31,68,0,21,53.6,15,28,23,18,8,12,0,23.1,3,13,45,0,0,0,9,s:40~l:54~t:9,arizona-state-sun-devils,Arizona State,Sun Devils,ASU,Arizona State Sun Devils,Arizona State,942139,f1f2f3,https://a.espncdn.com/i/teamlogos/ncaa/500/9.png,64
303250150,2011,2,2010-11-21,2010-11-21T14:00:00.000000-0500,98,s:40~l:54~t:98,western-kentucky-lady-toppers,Western Kentucky,Lady Toppers,WKU,Western Kentucky Lady Toppers,Western KY,F32026,b3b5b8,https://a.espncdn.com/i/teamlogos/ncaa/500/98.png,away,55,false,14,3,18,38.2,21,55,0,19,42.9,6,14,2,13,4,33,0,33.3,7,21,34,0,0,0,150,s:40~l:54~t:150,duke-blue-devils,Duke,Blue Devils,DUKE,Duke Blue Devils,Duke,013088,ffffff,https://a.espncdn.com/i/teamlogos/ncaa/500/150.png,82
303250150,2011,2,2010-11-21,2010-11-21T14:00:00.000000-0500,150,s:40~l:54~t:150,duke-blue-devils,Duke,Blue Devils,DUKE,Duke Blue Devils,Duke,013088,ffffff,https://a.espncdn.com/i/teamlogos/ncaa/500/150.png,home,82,true,23,3,25,50.8,30,59,0,16,60.0,15,25,31,10,17,21,0,53.8,7,13,38,0,0,0,98,s:40~l:54~t:98,western-kentucky-lady-toppers,Western Kentucky,Lady Toppers,WKU,Western Kentucky Lady Toppers,Western KY,F32026,b3b5b8,https://a.espncdn.com/i/teamlogos/ncaa/500/98.png,55
303250096,2011,2,2010-11-21,2010-11-21T13:00:00.000000-0500,87,s:40~l:54~t:87,notre-dame-fighting-irish,Notre Dame,Fighting Irish,ND,Notre Dame Fighting Irish,Notre Dame,0c2340,c99700,https://a.espncdn.com/i/teamlogos/ncaa/500/87.png,away,76,false,11,5,25,42.1,32,76,0,27,62.5,10,16,7,20,5,17,0,13.3,2,15,51,0,0,0,96,s:40~l:54~t:96,kentucky-wildcats,Kentucky,Wildcats,UK,Kentucky Wildcats,Kentucky,005DAA,ffffff,https://a.espncdn.com/i/teamlogos/ncaa/500/96.png,81
303250096,2011,2,2010-11-21,2010-11-21T13:00:00.000000-0500,96,s:40~l:54~t:96,kentucky-wildcats,Kentucky,Wildcats,UK,Kentucky Wildcats,Kentucky,005DAA,ffffff,https://a.espncdn.com/i/teamlogos/ncaa/500/96.png,home,81,true,9,4,16,39.4,26,66,0,18,65.6,21,32,12,14,5,12,0,29.6,8,27,35,0,0,0,87,s:40~l:54~t:87,notre-dame-fighting-irish,Notre Dame,Fighting Irish,ND,Notre Dame Fighting Irish,Notre Dame,0c2340,c99700,https://a.espncdn.com/i/teamlogos/ncaa/500/87.png,76
303250153,2011,2,2010-11-21,2010-11-21T15:00:00.000000-0500,2717,s:40~l:54~t:2717,western-carolina-catamounts,Western Carolina,Catamounts,WCU,Western Carolina Catamounts,W Carolina,492F91,bf9e70,https://a.espncdn.com/i/teamlogos/ncaa/500/2717.png,away,36,false,10,0,19,26.0,13,50,0,20,33.3,3,9,0,6,4,28,0,35.0,7,20,31,0,0,0,153,s:40~l:54~t:153,north-carolina-tar-heels,North Carolina,Tar Heels,UNC,North Carolina Tar Heels,North Carolina,7bafd4,13294b,https://a.espncdn.com/i/teamlogos/ncaa/500/153.png,93
303250153,2011,2,2010-11-21,2010-11-21T15:00:00.000000-0500,153,s:40~l:54~t:153,north-carolina-tar-heels,North Carolina,Tar Heels,UNC,North Carolina Tar Heels,North Carolina,7bafd4,13294b,https://a.espncdn.com/i/teamlogos/ncaa/500/153.png,home,93,true,22,8,24,52.2,36,69,0,16,81.0,17,21,59,12,21,10,0,30.8,4,13,42,0,0,0,2717,s:40~l:54~t:2717,western-carolina-catamounts,Western Carolina,Catamounts,WCU,Western Carolina Catamounts,W Carolina,492F91,bf9e70,https://a.espncdn.com/i/teamlogos/ncaa/500/2717.png,36
303250052,2011,2,2010-11-21,2010-11-21T14:00:00.000000-0500,238,s:40~l:54~t:238,vanderbilt-commodores,Vanderbilt,Commodores,VAN,Vanderbilt Commodores,Vanderbilt,000000,231f20,https://a.espncdn.com/i/teamlogos/ncaa/500/238.png,away,66,false,14,4,11,48.1,25,52,0,16,72.7,8,11,5,8,6,21,0,53.3,8,15,24,0,0,0,52,s:40~l:54~t:52,florida-state-seminoles,Florida State,Seminoles,FSU,Florida State Seminoles,Florida St,782F40,ceb888,https://a.espncdn.com/i/teamlogos/ncaa/500/52.png,72
303250052,2011,2,2010-11-21,2010-11-21T14:00:00.000000-0500,52,s:40~l:54~t:52,florida-state-seminoles,Florida State,Seminoles,FSU,Florida State Seminoles,Florida St,782F40,ceb888,https://a.espncdn.com/i/teamlogos/ncaa/500/52.png,home,72,true,18,2,18,45.0,27,60,0,17,100.0,8,8,11,11,7,20,0,58.8,10,17,36,0,0,0,238,s:40~l:54~t:238,vanderbilt-commodores,Vanderbilt,Commodores,VAN,Vanderbilt Commodores,Vanderbilt,000000,231f20,https://a.espncdn.com/i/teamlogos/ncaa/500/238.png,66
303250251,2011,2,2010-11-21,2010-11-21T14:00:00.000000-0500,104,s:40~l:54~t:104,boston-university-terriers,Boston University,Terriers,BU,Boston University Terriers,Boston Univ,cc0000,ffffff,https://a.espncdn.com/i/teamlogos/ncaa/500/104.png,away,46,false,11,4,21,26.0,19,73,0,27,41.7,5,12,2,16,7,25,1,12.0,3,25,43,1,0,0,251,s:40~l:54~t:251,texas-longhorns,Texas,Longhorns,TEX,Texas Longhorns,Texas,c15d26,ffffff,https://a.espncdn.com/i/teamlogos/ncaa/500/251.png,92
303250251,2011,2,2010-11-21,2010-11-21T14:00:00.000000-0500,251,s:40~l:54~t:251,texas-longhorns,Texas,Longhorns,TEX,Texas Longhorns,Texas,c15d26,ffffff,https://a.espncdn.com/i/teamlogos/ncaa/500/251.png,home,92,true,13,7,40,41.4,29,70,0,14,68.9,31,45,48,18,20,15,0,25.0,3,12,59,0,0,0,104,s:40~l:54~t:104,boston-university-terriers,Boston University,Terriers,BU,Boston University Terriers,Boston Univ,cc0000,ffffff,https://a.espncdn.com/i/teamlogos/ncaa/500/104.png,46
303252294,2011,2,2010-11-21,2010-11-21T15:00:00.000000-0500,2117,s:40~l:54~t:2117,central-michigan-chippewas,Central Michigan,Chippewas,CMU,Central Michigan Chippewas,C Michigan,6a0032,ffffff,https://a.espncdn.com/i/teamlogos/ncaa/500/2117.png,away,79,false,10,2,24,32.5,25,77,0,21,80.0,20,25,0,17,7,14,0,39.1,9,23,49,0,0,0,2294,s:40~l:54~t:2294,iowa-hawkeyes,Iowa,Hawkeyes,IOWA,Iowa Hawkeyes,Iowa,000000,fcd116,https://a.espncdn.com/i/teamlogos/ncaa/500/2294.png,90
303252294,2011,2,2010-11-21,2010-11-21T15:00:00.000000-0500,2294,s:40~l:54~t:2294,iowa-hawkeyes,Iowa,Hawkeyes,IOWA,Iowa Hawkeyes,Iowa,000000,fcd116,https://a.espncdn.com/i/teamlogos/ncaa/500/2294.png,home,90,true,19,6,30,44.6,33,74,0,19,57.7,15,26,14,19,6,15,0,29.0,9,31,53,0,0,0,2117,s:40~l:54~t:2117,central-michigan-chippewas,Central Michigan,Chippewas,CMU,Central Michigan Chippewas,C Michigan,6a0032,ffffff,https://a.espncdn.com/i/teamlogos/ncaa/500/2117.png,79
303250127,2011,2,2010-11-21,2010-11-21T14:00:00.000000-0500,2174,s:40~l:54~t:2174,detroit-mercy-titans,Detroit Mercy,Titans,DETM,Detroit Mercy Titans,Detroit Mercy,165b9e,d31733,https://a.espncdn.com/i/teamlogos/ncaa/500/2174.png,away,42,false,8,3,20,28.8,17,59,0,13,62.5,5,8,2,7,6,18,0,18.8,3,16,29,0,0,0,127,s:40~l:54~t:127,michigan-state-spartans,Michigan State,Spartans,MSU,Michigan State Spartans,Michigan St,18453B,ffffff,https://a.espncdn.com/i/teamlogos/ncaa/500/127.png,82
303250127,2011,2,2010-11-21,2010-11-21T14:00:00.000000-0500,127,s:40~l:54~t:127,michigan-state-spartans,Michigan State,Spartans,MSU,Michigan State Spartans,Michigan St,18453B,ffffff,https://a.espncdn.com/i/teamlogos/ncaa/500/127.png,home,82,true,27,5,29,50.0,32,64,0,12,50.0,6,12,42,10,8,21,0,54.5,12,22,51,0,0,0,2174,s:40~l:54~t:2174,detroit-mercy-titans,Detroit Mercy,Titans,DETM,Detroit Mercy Titans,Detroit Mercy,165b9e,d31733,https://a.espncdn.com/i/teamlogos/ncaa/500/2174.png,42
303250062,2011,2,2010-11-21,2010-11-21T22:00:00.000000-0500,204,s:40~l:54~t:204,oregon-state-beavers,Oregon State,Beavers,ORST,Oregon State Beavers,Oregon St,d73f09,000000,https://a.espncdn.com/i/teamlogos/ncaa/500/204.png,away,49,false,13,3,12,32.1,17,53,0,16,56.3,9,16,4,12,12,17,0,27.3,6,22,31,0,0,0,62,s:40~l:54~t:62,hawaii-rainbow-wahine,Hawai'i,Rainbow Wahine,HAW,Hawai'i Rainbow Wahine,Hawai'i,003420,ffffff,https://a.espncdn.com/i/teamlogos/ncaa/500/62.png,54
303250062,2011,2,2010-11-21,2010-11-21T22:00:00.000000-0500,62,s:40~l:54~t:62,hawaii-rainbow-wahine,Hawai'i,Rainbow Wahine,HAW,Hawai'i Rainbow Wahine,Hawai'i,003420,ffffff,https://a.espncdn.com/i/teamlogos/ncaa/500/62.png,home,54,true,13,3,26,42.9,21,49,0,16,46.2,6,13,15,10,9,18,0,37.5,6,16,39,0,0,0,204,s:40~l:54~t:204,oregon-state-beavers,Oregon State,Beavers,ORST,Oregon State Beavers,Oregon St,d73f09,000000,https://a.espncdn.com/i/teamlogos/ncaa/500/204.png,49
303242294,2011,2,2010-11-20,2010-11-20T13:00:00.000000-0500,111,s:40~l:54~t:111,northeastern-huskies,Northeastern,Huskies,NE,Northeastern Huskies,Northeastern,CC0001,c2c3c0,https://a.espncdn.com/i/teamlogos/ncaa/500/111.png,away,59,false,11,2,18,40.0,24,60,0,20,33.3,3,9,0,7,8,16,0,30.8,8,26,27,0,0,0,2294,s:40~l:54~t:2294,iowa-hawkeyes,Iowa,Hawkeyes,IOWA,Iowa Hawkeyes,Iowa,000000,fcd116,https://a.espncdn.com/i/teamlogos/ncaa/500/2294.png,87
303242294,2011,2,2010-11-20,2010-11-20T13:00:00.000000-0500,2294,s:40~l:54~t:2294,iowa-hawkeyes,Iowa,Hawkeyes,IOWA,Iowa Hawkeyes,Iowa,000000,fcd116,https://a.espncdn.com/i/teamlogos/ncaa/500/2294.png,home,87,true,23,5,30,45.6,31,68,0,6,85.7,18,21,28,16,8,19,0,30.4,7,23,51,0,0,0,111,s:40~l:54~t:111,northeastern-huskies,Northeastern,Huskies,NE,Northeastern Huskies,Northeastern,CC0001,c2c3c0,https://a.espncdn.com/i/teamlogos/ncaa/500/111.png,59
303240145,2011,2,2010-11-20,2010-11-20T13:30:00.000000-0500,2447,s:40~l:54~t:2447,nicholls-colonels,Nicholls,Colonels,NICH,Nicholls Colonels,Nicholls,C41230,f0f0f0,https://a.espncdn.com/i/teamlogos/ncaa/500/2447.png,away,60,false,15,1,16,44.0,22,50,0,15,33.3,6,18,4,3,11,16,0,41.7,10,24,25,0,0,0,145,s:40~l:54~t:145,ole-miss-rebels,Ole Miss,Rebels,MISS,Ole Miss Rebels,Ole Miss,001148,00205b,https://a.espncdn.com/i/teamlogos/ncaa/500/145.png,64
303240145,2011,2,2010-11-20,2010-11-20T13:30:00.000000-0500,145,s:40~l:54~t:145,ole-miss-rebels,Ole Miss,Rebels,MISS,Ole Miss Rebels,Ole Miss,001148,00205b,https://a.espncdn.com/i/teamlogos/ncaa/500/145.png,home,64,true,14,3,29,36.8,25,68,0,14,72.7,8,11,11,21,7,19,0,31.6,6,19,53,0,0,0,2447,s:40~l:54~t:2447,nicholls-colonels,Nicholls,Colonels,NICH,Nicholls Colonels,Nicholls,C41230,f0f0f0,https://a.espncdn.com/i/teamlogos/ncaa/500/2447.png,60
303240158,2011,2,2010-11-20,2010-11-20T15:05:00.000000-0500,2608,s:40~l:54~t:2608,saint-marys-gaels,Saint Mary's,Gaels,SMC,Saint Mary's Gaels,Saint Mary's,d80024,003057,https://a.espncdn.com/i/teamlogos/ncaa/500/2608.png,away,63,false,10,4,27,41.7,25,60,0,18,77.8,7,9,10,6,8,17,0,31.6,6,19,37,0,0,0,158,s:40~l:54~t:158,nebraska-cornhuskers,Nebraska,Cornhuskers,NEB,Nebraska Cornhuskers,Nebraska,F20017,f5f1e7,https://a.espncdn.com/i/teamlogos/ncaa/500/158.png,64
303240158,2011,2,2010-11-20,2010-11-20T15:05:00.000000-0500,158,s:40~l:54~t:158,nebraska-cornhuskers,Nebraska,Cornhuskers,NEB,Nebraska Cornhuskers,Nebraska,F20017,f5f1e7,https://a.espncdn.com/i/teamlogos/ncaa/500/158.png,home,64,true,10,3,25,36.1,22,61,0,12,93.8,15,16,11,11,7,17,0,22.7,5,22,39,0,0,0,2608,s:40~l:54~t:2608,saint-marys-gaels,Saint Mary's,Gaels,SMC,Saint Mary's Gaels,Saint Mary's,d80024,003057,https://a.espncdn.com/i/teamlogos/ncaa/500/2608.png,63
303240204,2011,2,2010-11-20,2010-11-20T22:00:00.000000-0500,2463,s:40~l:54~t:2463,cal-state-northridge-matadors,Cal State Northridge,Matadors,CSUN,Cal State Northridge Matadors,CSU Northridge,b50000,,https://a.espncdn.com/i/teamlogos/ncaa/500/2463.png,away,32,false,9,4,24,25.9,14,54,0,18,27.3,3,11,1,14,6,16,0,8.3,1,12,40,0,0,0,204,s:40~l:54~t:204,oregon-state-beavers,Oregon State,Beavers,ORST,Oregon State Beavers,Oregon St,d73f09,000000,https://a.espncdn.com/i/teamlogos/ncaa/500/204.png,49
303240204,2011,2,2010-11-20,2010-11-20T22:00:00.000000-0500,204,s:40~l:54~t:204,oregon-state-beavers,Oregon State,Beavers,ORST,Oregon State Beavers,Oregon St,d73f09,000000,https://a.espncdn.com/i/teamlogos/ncaa/500/204.png,home,49,true,8,2,26,37.5,18,48,0,13,42.9,9,21,20,9,12,14,0,20.0,4,20,38,0,0,0,2463,s:40~l:54~t:2463,cal-state-northridge-matadors,Cal State Northridge,Matadors,CSUN,Cal State Northridge Matadors,CSU Northridge,b50000,,https://a.espncdn.com/i/teamlogos/ncaa/500/2463.png,32
303230239,2011,2,2010-11-19,2010-11-19T20:00:00.000000-0500,127,s:40~l:54~t:127,michigan-state-spartans,Michigan State,Spartans,MSU,Michigan State Spartans,Michigan St,18453B,ffffff,https://a.espncdn.com/i/teamlogos/ncaa/500/127.png,away,52,false,8,4,24,33.3,20,60,0,20,80.0,8,10,1,10,7,17,0,18.2,4,22,38,0,0,0,239,s:40~l:54~t:239,baylor-bears,Baylor,Bears,BAY,Baylor Bears,Baylor,154734,ffb81c,https://a.espncdn.com/i/teamlogos/ncaa/500/239.png,78
303230239,2011,2,2010-11-19,2010-11-19T20:00:00.000000-0500,239,s:40~l:54~t:239,baylor-bears,Baylor,Bears,BAY,Baylor Bears,Baylor,154734,ffb81c,https://a.espncdn.com/i/teamlogos/ncaa/500/239.png,home,78,true,14,5,25,45.9,28,61,0,14,66.7,16,24,30,13,8,12,0,50.0,6,12,43,0,0,0,127,s:40~l:54~t:127,michigan-state-spartans,Michigan State,Spartans,MSU,Michigan State Spartans,Michigan St,18453B,ffffff,https://a.espncdn.com/i/teamlogos/ncaa/500/127.png,52
303230254,2011,2,2010-11-19,2010-11-19T21:00:00.000000-0500,24,s:40~l:54~t:24,stanford-cardinal,Stanford,Cardinal,STAN,Stanford Cardinal,Stanford,8c1515,ffffff,https://a.espncdn.com/i/teamlogos/ncaa/500/24.png,away,62,true,16,4,24,42.3,22,52,0,11,83.3,15,18,15,7,5,10,0,30.0,3,10,38,0,0,0,254,s:40~l:54~t:254,utah-utes,Utah,Utes,UTAH,Utah Utes,Utah,890012,7e8083,https://a.espncdn.com/i/teamlogos/ncaa/500/254.png,53
303230254,2011,2,2010-11-19,2010-11-19T21:00:00.000000-0500,254,s:40~l:54~t:254,utah-utes,Utah,Utes,UTAH,Utah Utes,Utah,890012,7e8083,https://a.espncdn.com/i/teamlogos/ncaa/500/254.png,home,53,false,11,4,19,37.7,20,53,0,18,66.7,6,9,0,4,6,11,0,26.9,7,26,29,0,0,0,24,s:40~l:54~t:24,stanford-cardinal,Stanford,Cardinal,STAN,Stanford Cardinal,Stanford,8c1515,ffffff,https://a.espncdn.com/i/teamlogos/ncaa/500/24.png,62
303230277,2011,2,2010-11-19,2010-11-19T19:00:00.000000-0500,2169,s:40~l:54~t:2169,delaware-state-lady-hornets,Delaware State,Lady Hornets,DSU,Delaware State Lady Hornets,Delaware St,FF3630,009cdd,https://a.espncdn.com/i/teamlogos/ncaa/500/2169.png,away,31,false,3,2,17,18.8,9,48,0,24,76.9,10,13,0,13,7,29,0,33.3,3,9,32,0,0,0,277,s:40~l:54~t:277,west-virginia-mountaineers,West Virginia,Mountaineers,WVU,West Virginia Mountaineers,West Virginia,FFC600,eaaa00,https://a.espncdn.com/i/teamlogos/ncaa/500/277.png,66
303230277,2011,2,2010-11-19,2010-11-19T19:00:00.000000-0500,277,s:40~l:54~t:277,west-virginia-mountaineers,West Virginia,Mountaineers,WVU,West Virginia Mountaineers,West Virginia,FFC600,eaaa00,https://a.espncdn.com/i/teamlogos/ncaa/500/277.png,home,66,true,16,8,24,44.9,22,49,0,18,67.9,19,28,35,13,16,19,0,30.0,3,10,40,0,0,0,2169,s:40~l:54~t:2169,delaware-state-lady-hornets,Delaware State,Lady Hornets,DSU,Delaware State Lady Hornets,Delaware St,FF3630,009cdd,https://a.espncdn.com/i/teamlogos/ncaa/500/2169.png,31
303230201,2011,2,2010-11-19,2010-11-19T20:00:00.000000-0500,2710,s:40~l:54~t:2710,western-illinois-leathernecks,Western Illinois,Leathernecks,WIU,Western Illinois Leathernecks,W Illinois,4e1e8a,ffc90a,https://a.espncdn.com/i/teamlogos/ncaa/500/2710.png,away,43,false,5,2,23,27.5,14,51,0,17,88.2,15,17,0,7,5,23,0,0.0,0,11,34,0,0,0,201,s:40~l:54~t:201,oklahoma-sooners,Oklahoma,Sooners,OU,Oklahoma Sooners,Oklahoma,9d2235,ffffff,https://a.espncdn.com/i/teamlogos/ncaa/500/201.png,84
303230201,2011,2,2010-11-19,2010-11-19T20:00:00.000000-0500,201,s:40~l:54~t:201,oklahoma-sooners,Oklahoma,Sooners,OU,Oklahoma Sooners,Oklahoma,9d2235,ffffff,https://a.espncdn.com/i/teamlogos/ncaa/500/201.png,home,84,true,19,3,26,50.0,33,66,0,17,90.9,10,11,44,8,9,13,0,34.8,8,23,38,0,0,0,2710,s:40~l:54~t:2710,western-illinois-leathernecks,Western Illinois,Leathernecks,WIU,Western Illinois Leathernecks,W Illinois,4e1e8a,ffc90a,https://a.espncdn.com/i/teamlogos/ncaa/500/2710.png,43
303230153,2011,2,2010-11-19,2010-11-19T20:00:00.000000-0500,324,s:40~l:54~t:324,coastal-carolina-chanticleers,Coastal Carolina,Chanticleers,CCU,Coastal Carolina Chanticleers,Coast Carolina,007073,876447,https://a.espncdn.com/i/teamlogos/ncaa/500/324.png,away,37,false,6,3,23,18.2,12,66,0,22,62.5,10,16,0,12,4,27,0,20.0,3,15,40,0,0,0,153,s:40~l:54~t:153,north-carolina-tar-heels,North Carolina,Tar Heels,UNC,North Carolina Tar Heels,North Carolina,7bafd4,13294b,https://a.espncdn.com/i/teamlogos/ncaa/500/153.png,93
303230153,2011,2,2010-11-19,2010-11-19T20:00:00.000000-0500,153,s:40~l:54~t:153,north-carolina-tar-heels,North Carolina,Tar Heels,UNC,North Carolina Tar Heels,North Carolina,7bafd4,13294b,https://a.espncdn.com/i/teamlogos/ncaa/500/153.png,home,93,true,21,14,40,44.6,37,83,0,15,59.3,16,27,60,25,18,16,0,18.8,3,16,68,0,0,0,324,s:40~l:54~t:324,coastal-carolina-chanticleers,Coastal Carolina,Chanticleers,CCU,Coastal Carolina Chanticleers,Coast Carolina,007073,876447,https://a.espncdn.com/i/teamlogos/ncaa/500/324.png,37
303230061,2011,2,2010-11-19,2010-11-19T19:00:00.000000-0500,236,s:40~l:54~t:236,chattanooga-mocs,Chattanooga,Mocs,UTC,Chattanooga Mocs,Chattanooga,00386b,dca71d,https://a.espncdn.com/i/teamlogos/ncaa/500/236.png,away,69,false,17,1,13,45.5,25,55,0,13,50.0,6,12,3,5,8,13,1,50.0,13,26,22,1,0,0,61,s:40~l:54~t:61,georgia-lady-bulldogs,Georgia,Lady Bulldogs,UGA,Georgia Lady Bulldogs,Georgia,CC0000,000000,https://a.espncdn.com/i/teamlogos/ncaa/500/61.png,79
303230061,2011,2,2010-11-19,2010-11-19T19:00:00.000000-0500,61,s:40~l:54~t:61,georgia-lady-bulldogs,Georgia,Lady Bulldogs,UGA,Georgia Lady Bulldogs,Georgia,CC0000,000000,https://a.espncdn.com/i/teamlogos/ncaa/500/61.png,home,79,true,17,6,28,52.4,33,63,0,20,71.4,10,14,18,15,6,17,0,18.8,3,16,45,0,0,0,236,s:40~l:54~t:236,chattanooga-mocs,Chattanooga,Mocs,UTC,Chattanooga Mocs,Chattanooga,00386b,dca71d,https://a.espncdn.com/i/teamlogos/ncaa/500/236.png,69
303232599,2011,2,2010-11-19,2010-11-19T19:00:00.000000-0500,171,s:40~l:54~t:171,columbia-lions,Columbia,Lions,COLU,Columbia Lions,Columbia,174785,004b85,https://a.espncdn.com/i/teamlogos/ncaa/500/171.png,away,41,false,9,5,21,25.5,14,55,0,21,61.5,8,13,2,6,10,24,0,23.8,5,21,30,0,0,0,2599,s:40~l:54~t:2599,st-johns-red-storm,St. John's,Red Storm,SJU,St. John's Red Storm,St John's,d10000,101010,https://a.espncdn.com/i/teamlogos/ncaa/500/2599.png,65
303232599,2011,2,2010-11-19,2010-11-19T19:00:00.000000-0500,2599,s:40~l:54~t:2599,st-johns-red-storm,St. John's,Red Storm,SJU,St. John's Red Storm,St John's,d10000,101010,https://a.espncdn.com/i/teamlogos/ncaa/500/2599.png,home,65,true,12,6,31,34.4,21,61,0,15,61.3,19,31,26,18,15,22,0,33.3,4,12,56,0,0,0,171,s:40~l:54~t:171,columbia-lions,Columbia,Lions,COLU,Columbia Lions,Columbia,174785,004b85,https://a.espncdn.com/i/teamlogos/ncaa/500/171.png,41
303232636,2011,2,2010-11-19,2010-11-19T20:00:00.000000-0500,2628,s:40~l:54~t:2628,tcu-horned-frogs,TCU,Horned Frogs,TCU,TCU Horned Frogs,TCU,4d1979,f1f2f3,https://a.espncdn.com/i/teamlogos/ncaa/500/2628.png,away,83,true,14,1,33,49.1,28,57,0,16,77.8,21,27,27,11,9,16,0,35.3,6,17,47,0,0,0,2636,s:40~l:54~t:2636,utsa-roadrunners,UTSA,Roadrunners,UTSA,UTSA Roadrunners,UTSA,002A5C,f47321,https://a.espncdn.com/i/teamlogos/ncaa/500/2636.png,59
303232636,2011,2,2010-11-19,2010-11-19T20:00:00.000000-0500,2636,s:40~l:54~t:2636,utsa-roadrunners,UTSA,Roadrunners,UTSA,UTSA Roadrunners,UTSA,002A5C,f47321,https://a.espncdn.com/i/teamlogos/ncaa/500/2636.png,home,59,false,9,1,20,33.8,22,65,0,20,70.0,7,10,0,9,7,13,0,25.0,8,32,30,0,0,0,2628,s:40~l:54~t:2628,tcu-horned-frogs,TCU,Horned Frogs,TCU,TCU Horned Frogs,TCU,4d1979,f1f2f3,https://a.espncdn.com/i/teamlogos/ncaa/500/2628.png,83
303222633,2011,2,2010-11-18,2010-11-18T19:00:00.000000-0500,258,s:40~l:54~t:258,virginia-cavaliers,Virginia,Cavaliers,UVA,Virginia Cavaliers,Virginia,f84c1e,ffffff,https://a.espncdn.com/i/teamlogos/ncaa/500/258.png,away,73,false,14,4,18,45.5,25,55,0,28,73.9,17,23,9,11,11,22,0,50.0,6,12,34,0,0,0,2633,s:40~l:54~t:2633,tennessee-lady-volunteers,Tennessee,Lady Volunteers,TENN,Tennessee Lady Volunteers,Tennessee,ff8200,ffffff,https://a.espncdn.com/i/teamlogos/ncaa/500/2633_ncw.png,85
303222633,2011,2,2010-11-18,2010-11-18T19:00:00.000000-0500,2633,s:40~l:54~t:2633,tennessee-lady-volunteers,Tennessee,Lady Volunteers,TENN,Tennessee Lady Volunteers,Tennessee,ff8200,ffffff,https://a.espncdn.com/i/teamlogos/ncaa/500/2633_ncw.png,home,85,true,17,4,18,48.3,28,58,0,19,67.9,19,28,18,15,8,18,0,52.6,10,19,35,0,0,0,258,s:40~l:54~t:258,virginia-cavaliers,Virginia,Cavaliers,UVA,Virginia Cavaliers,Virginia,f84c1e,ffffff,https://a.espncdn.com/i/teamlogos/ncaa/500/258.png,73
303220002,2011,2,2010-11-18,2010-11-18T19:00:00.000000-0500,150,s:40~l:54~t:150,duke-blue-devils,Duke,Blue Devils,DUKE,Duke Blue Devils,Duke,013088,ffffff,https://a.espncdn.com/i/teamlogos/ncaa/500/150.png,away,75,true,10,5,18,50.0,30,60,0,19,84.6,11,13,16,12,15,17,0,22.2,4,18,31,0,0,0,2,s:40~l:54~t:2,auburn-tigers,Auburn,Tigers,AUB,Auburn Tigers,Auburn,03244d,f1f2f3,https://a.espncdn.com/i/teamlogos/ncaa/500/2.png,62
303220002,2011,2,2010-11-18,2010-11-18T19:00:00.000000-0500,2,s:40~l:54~t:2,auburn-tigers,Auburn,Tigers,AUB,Auburn Tigers,Auburn,03244d,f1f2f3,https://a.espncdn.com/i/teamlogos/ncaa/500/2.png,home,62,false,13,0,17,40.0,20,50,0,17,66.7,16,24,5,11,8,21,0,35.3,6,17,31,0,0,0,150,s:40~l:54~t:150,duke-blue-devils,Duke,Blue Devils,DUKE,Duke Blue Devils,Duke,013088,ffffff,https://a.espncdn.com/i/teamlogos/ncaa/500/150.png,75
303220052,2011,2,2010-11-18,2010-11-18T19:00:00.000000-0500,36,s:40~l:54~t:36,colorado-state-rams,Colorado State,Rams,CSU,Colorado State Rams,Colorado St,004537,ffc425,https://a.espncdn.com/i/teamlogos/ncaa/500/36.png,away,52,false,10,1,21,31.5,17,54,0,19,70.0,14,20,0,10,9,22,0,21.1,4,19,34,0,0,0,52,s:40~l:54~t:52,florida-state-seminoles,Florida State,Seminoles,FSU,Florida State Seminoles,Florida St,782F40,ceb888,https://a.espncdn.com/i/teamlogos/ncaa/500/52.png,63
303220052,2011,2,2010-11-18,2010-11-18T19:00:00.000000-0500,52,s:40~l:54~t:52,florida-state-seminoles,Florida State,Seminoles,FSU,Florida State Seminoles,Florida St,782F40,ceb888,https://a.espncdn.com/i/teamlogos/ncaa/500/52.png,home,63,true,13,1,27,35.5,22,62,0,21,58.3,14,24,32,14,6,16,0,27.8,5,18,44,0,0,0,36,s:40~l:54~t:36,colorado-state-rams,Colorado State,Rams,CSU,Colorado State Rams,Colorado St,004537,ffc425,https://a.espncdn.com/i/teamlogos/ncaa/500/36.png,52
303220238,2011,2,2010-11-18,2010-11-18T20:00:00.000000-0500,2535,s:40~l:54~t:2535,samford-bulldogs,Samford,Bulldogs,SAM,Samford Bulldogs,Samford,005485,bc0023,https://a.espncdn.com/i/teamlogos/ncaa/500/2535.png,away,60,false,13,0,13,41.7,20,48,0,16,78.6,11,14,1,7,10,22,1,40.9,9,22,22,1,0,0,238,s:40~l:54~t:238,vanderbilt-commodores,Vanderbilt,Commodores,VAN,Vanderbilt Commodores,Vanderbilt,000000,231f20,https://a.espncdn.com/i/teamlogos/ncaa/500/238.png,70
303220238,2011,2,2010-11-18,2010-11-18T20:00:00.000000-0500,238,s:40~l:54~t:238,vanderbilt-commodores,Vanderbilt,Commodores,VAN,Vanderbilt Commodores,Vanderbilt,000000,231f20,https://a.espncdn.com/i/teamlogos/ncaa/500/238.png,home,70,true,18,2,21,57.1,28,49,0,17,66.7,8,12,13,8,9,24,0,46.2,6,13,31,0,0,0,2535,s:40~l:54~t:2535,samford-bulldogs,Samford,Bulldogs,SAM,Samford Bulldogs,Samford,005485,bc0023,https://a.espncdn.com/i/teamlogos/ncaa/500/2535.png,60
303210277,2011,2,2010-11-17,2010-11-17T19:00:00.000000-0500,2184,s:40~l:54~t:2184,duquesne-dukes,Duquesne,Dukes,DUQ,Duquesne Dukes,Duquesne,002D62,b90b2e,https://a.espncdn.com/i/teamlogos/ncaa/500/2184.png,away,58,false,17,4,23,42.0,21,50,0,21,59.1,13,22,5,12,12,25,0,21.4,3,14,37,0,0,0,277,s:40~l:54~t:277,west-virginia-mountaineers,West Virginia,Mountaineers,WVU,West Virginia Mountaineers,West Virginia,FFC600,eaaa00,https://a.espncdn.com/i/teamlogos/ncaa/500/277.png,69
303210277,2011,2,2010-11-17,2010-11-17T19:00:00.000000-0500,277,s:40~l:54~t:277,west-virginia-mountaineers,West Virginia,Mountaineers,WVU,West Virginia Mountaineers,West Virginia,FFC600,eaaa00,https://a.espncdn.com/i/teamlogos/ncaa/500/277.png,home,69,true,14,8,22,47.2,25,53,0,20,53.8,14,26,20,8,18,20,0,33.3,5,15,33,0,0,0,2184,s:40~l:54~t:2184,duquesne-dukes,Duquesne,Dukes,DUQ,Duquesne Dukes,Duquesne,002D62,b90b2e,https://a.espncdn.com/i/teamlogos/ncaa/500/2184.png,58
303212628,2011,2,2010-11-17,2010-11-17T19:30:00.000000-0500,2567,s:40~l:54~t:2567,smu-mustangs,SMU,Mustangs,SMU,SMU Mustangs,SMU,E32F38,ecdcb9,https://a.espncdn.com/i/teamlogos/ncaa/500/2567.png,away,73,false,10,1,21,31.0,26,84,0,31,61.9,13,21,9,16,8,17,0,38.1,8,21,44,0,0,0,2628,s:40~l:54~t:2628,tcu-horned-frogs,TCU,Horned Frogs,TCU,TCU Horned Frogs,TCU,4d1979,f1f2f3,https://a.espncdn.com/i/teamlogos/ncaa/500/2628.png,87
303212628,2011,2,2010-11-17,2010-11-17T19:30:00.000000-0500,2628,s:40~l:54~t:2628,tcu-horned-frogs,TCU,Horned Frogs,TCU,TCU Horned Frogs,TCU,4d1979,f1f2f3,https://a.espncdn.com/i/teamlogos/ncaa/500/2628.png,home,87,true,15,5,37,40.6,26,64,0,20,65.9,29,44,14,19,11,21,0,25.0,6,24,64,0,0,0,2567,s:40~l:54~t:2567,smu-mustangs,SMU,Mustangs,SMU,SMU Mustangs,SMU,E32F38,ecdcb9,https://a.espncdn.com/i/teamlogos/ncaa/500/2567.png,73
303210158,2011,2,2010-11-17,2010-11-17T20:00:00.000000-0500,2390,s:40~l:54~t:2390,miami-hurricanes,Miami,Hurricanes,MIA,Miami Hurricanes,Miami,004325,f0f0f0,https://a.espncdn.com/i/teamlogos/ncaa/500/2390.png,away,85,false,6,2,15,41.9,31,74,0,21,66.7,18,27,2,16,17,16,0,33.3,5,15,34,0,0,0,158,s:40~l:54~t:158,nebraska-cornhuskers,Nebraska,Cornhuskers,NEB,Nebraska Cornhuskers,Nebraska,F20017,f5f1e7,https://a.espncdn.com/i/teamlogos/ncaa/500/158.png,99
303210158,2011,2,2010-11-17,2010-11-17T20:00:00.000000-0500,158,s:40~l:54~t:158,nebraska-cornhuskers,Nebraska,Cornhuskers,NEB,Nebraska Cornhuskers,Nebraska,F20017,f5f1e7,https://a.espncdn.com/i/teamlogos/ncaa/500/158.png,home,99,true,21,4,32,63.6,35,55,0,21,80.8,21,26,23,7,7,25,0,57.1,8,14,39,0,0,0,2390,s:40~l:54~t:2390,miami-hurricanes,Miami,Hurricanes,MIA,Miami Hurricanes,Miami,004325,f0f0f0,https://a.espncdn.com/i/teamlogos/ncaa/500/2390.png,85
303200041,2011,2,2010-11-16,2010-11-16T18:00:00.000000-0500,239,s:40~l:54~t:239,baylor-bears,Baylor,Bears,BAY,Baylor Bears,Baylor,154734,ffb81c,https://a.espncdn.com/i/teamlogos/ncaa/500/239.png,away,64,false,11,9,29,50.0,22,44,0,15,57.1,16,28,8,5,7,24,0,57.1,4,7,35,0,0,0,41,s:40~l:54~t:41,uconn-huskies,UConn,Huskies,CONN,UConn Huskies,UConn,0c2340,f1f2f3,https://a.espncdn.com/i/teamlogos/ncaa/500/41.png,65
303200041,2011,2,2010-11-16,2010-11-16T18:00:00.000000-0500,41,s:40~l:54~t:41,uconn-huskies,UConn,Huskies,CONN,UConn Huskies,UConn,0c2340,f1f2f3,https://a.espncdn.com/i/teamlogos/ncaa/500/41.png,home,65,true,12,1,22,32.9,23,70,0,22,93.3,14,15,15,14,14,14,0,21.7,5,23,40,0,0,0,239,s:40~l:54~t:239,baylor-bears,Baylor,Bears,BAY,Baylor Bears,Baylor,154734,ffb81c,https://a.espncdn.com/i/teamlogos/ncaa/500/239.png,64
303200245,2011,2,2010-11-16,2010-11-16T20:00:00.000000-0500,2031,s:40~l:54~t:2031,little-rock-trojans,Little Rock,Trojans,LR,Little Rock Trojans,Little Rock,AD0000,898d8f,https://a.espncdn.com/i/teamlogos/ncaa/500/2031.png,away,41,false,11,1,15,34.9,15,43,0,20,53.3,8,15,2,5,2,23,0,21.4,3,14,23,0,0,0,245,s:40~l:54~t:245,texas-am-aggies,Texas A&M,Aggies,TA&M,Texas A&M Aggies,Texas A&M,5C0025,ffffff,https://a.espncdn.com/i/teamlogos/ncaa/500/245.png,87
303200245,2011,2,2010-11-16,2010-11-16T20:00:00.000000-0500,245,s:40~l:54~t:245,texas-am-aggies,Texas A&M,Aggies,TA&M,Texas A&M Aggies,Texas A&M,5C0025,ffffff,https://a.espncdn.com/i/teamlogos/ncaa/500/245.png,home,87,true,20,4,26,50.7,34,67,0,14,75.0,18,24,49,16,10,12,0,20.0,1,5,47,0,0,0,2031,s:40~l:54~t:2031,little-rock-trojans,Little Rock,Trojans,LR,Little Rock Trojans,Little Rock,AD0000,898d8f,https://a.espncdn.com/i/teamlogos/ncaa/500/2031.png,41
303200251,2011,2,2010-11-16,2010-11-16T20:00:00.000000-0500,2466,s:40~l:54~t:2466,northwestern-state-lady-demons,Northwestern State,Lady Demons,NWST,Northwestern State Lady Demons,N'Western St,492F91,ed6118,https://a.espncdn.com/i/teamlogos/ncaa/500/2466.png,away,53,false,7,3,16,29.9,20,67,0,28,57.1,8,14,0,9,8,29,0,21.7,5,23,34,0,0,0,251,s:40~l:54~t:251,texas-longhorns,Texas,Longhorns,TEX,Texas Longhorns,Texas,c15d26,ffffff,https://a.espncdn.com/i/teamlogos/ncaa/500/251.png,112
303200251,2011,2,2010-11-16,2010-11-16T20:00:00.000000-0500,251,s:40~l:54~t:251,texas-longhorns,Texas,Longhorns,TEX,Texas Longhorns,Texas,c15d26,ffffff,https://a.espncdn.com/i/teamlogos/ncaa/500/251.png,home,112,true,21,12,36,53.7,36,67,0,18,67.4,29,43,59,18,18,21,0,50.0,11,22,57,0,0,0,2466,s:40~l:54~t:2466,northwestern-state-lady-demons,Northwestern State,Lady Demons,NWST,Northwestern State Lady Demons,N'Western St,492F91,ed6118,https://a.espncdn.com/i/teamlogos/ncaa/500/2466.png,53
303202294,2011,2,2010-11-16,2010-11-16T18:00:00.000000-0500,71,s:40~l:54~t:71,bradley-braves,Bradley,Braves,BRAD,Bradley Braves,Bradley,b70002,c0c0c0,https://a.espncdn.com/i/teamlogos/ncaa/500/71.png,away,53,false,10,3,21,33.3,19,57,0,24,64.7,11,17,3,11,4,25,0,22.2,4,18,38,0,0,0,2294,s:40~l:54~t:2294,iowa-hawkeyes,Iowa,Hawkeyes,IOWA,Iowa Hawkeyes,Iowa,000000,fcd116,https://a.espncdn.com/i/teamlogos/ncaa/500/2294.png,91
303202294,2011,2,2010-11-16,2010-11-16T18:00:00.000000-0500,2294,s:40~l:54~t:2294,iowa-hawkeyes,Iowa,Hawkeyes,IOWA,Iowa Hawkeyes,Iowa,000000,fcd116,https://a.espncdn.com/i/teamlogos/ncaa/500/2294.png,home,91,true,22,4,26,46.0,29,63,0,18,75.8,25,33,38,10,17,8,0,26.7,8,30,44,0,0,0,71,s:40~l:54~t:71,bradley-braves,Bradley,Braves,BRAD,Bradley Braves,Bradley,b70002,c0c0c0,https://a.espncdn.com/i/teamlogos/ncaa/500/71.png,53
303192633,2011,2,2010-11-15,2010-11-15T19:00:00.000000-0500,236,s:40~l:54~t:236,chattanooga-mocs,Chattanooga,Mocs,UTC,Chattanooga Mocs,Chattanooga,00386b,dca71d,https://a.espncdn.com/i/teamlogos/ncaa/500/236.png,away,43,false,7,0,22,29.4,15,51,0,17,56.3,9,16,0,8,3,21,0,20.0,4,20,31,0,0,0,2633,s:40~l:54~t:2633,tennessee-lady-volunteers,Tennessee,Lady Volunteers,TENN,Tennessee Lady Volunteers,Tennessee,ff8200,ffffff,https://a.espncdn.com/i/teamlogos/ncaa/500/2633_ncw.png,103
303192633,2011,2,2010-11-15,2010-11-15T19:00:00.000000-0500,2633,s:40~l:54~t:2633,tennessee-lady-volunteers,Tennessee,Lady Volunteers,TENN,Tennessee Lady Volunteers,Tennessee,ff8200,ffffff,https://a.espncdn.com/i/teamlogos/ncaa/500/2633_ncw.png,home,103,true,25,6,30,53.2,41,77,0,18,42.9,6,14,61,17,12,8,0,42.9,15,35,49,0,0,0,236,s:40~l:54~t:236,chattanooga-mocs,Chattanooga,Mocs,UTC,Chattanooga Mocs,Chattanooga,00386b,dca71d,https://a.espncdn.com/i/teamlogos/ncaa/500/236.png,43
303190087,2011,2,2010-11-15,2010-11-15T19:00:00.000000-0500,2413,s:40~l:54~t:2413,morehead-state-eagles,Morehead State,Eagles,MORE,Morehead State Eagles,Morehead St,094FA3,fed91a,https://a.espncdn.com/i/teamlogos/ncaa/500/2413.png,away,28,false,2,2,17,17.5,7,40,0,23,48.0,12,25,0,5,8,39,0,10.0,2,20,29,0,0,0,87,s:40~l:54~t:87,notre-dame-fighting-irish,Notre Dame,Fighting Irish,ND,Notre Dame Fighting Irish,Notre Dame,0c2340,c99700,https://a.espncdn.com/i/teamlogos/ncaa/500/87.png,91
303190087,2011,2,2010-11-15,2010-11-15T19:00:00.000000-0500,87,s:40~l:54~t:87,notre-dame-fighting-irish,Notre Dame,Fighting Irish,ND,Notre Dame Fighting Irish,Notre Dame,0c2340,c99700,https://a.espncdn.com/i/teamlogos/ncaa/500/87.png,home,91,true,24,4,32,52.4,33,63,0,20,66.7,22,33,63,11,26,20,0,50.0,3,6,47,0,0,0,2413,s:40~l:54~t:2413,morehead-state-eagles,Morehead State,Eagles,MORE,Morehead State Eagles,Morehead St,094FA3,fed91a,https://a.espncdn.com/i/teamlogos/ncaa/500/2413.png,28
303190002,2011,2,2010-11-15,2010-11-15T19:00:00.000000-0500,52,s:40~l:54~t:52,florida-state-seminoles,Florida State,Seminoles,FSU,Florida State Seminoles,Florida St,782F40,ceb888,https://a.espncdn.com/i/teamlogos/ncaa/500/52.png,away,67,true,10,2,27,41.5,22,53,0,18,81.8,18,22,10,16,6,29,0,33.3,5,15,47,0,0,0,2,s:40~l:54~t:2,auburn-tigers,Auburn,Tigers,AUB,Auburn Tigers,Auburn,03244d,f1f2f3,https://a.espncdn.com/i/teamlogos/ncaa/500/2.png,61
303190002,2011,2,2010-11-15,2010-11-15T19:00:00.000000-0500,2,s:40~l:54~t:2,auburn-tigers,Auburn,Tigers,AUB,Auburn Tigers,Auburn,03244d,f1f2f3,https://a.espncdn.com/i/teamlogos/ncaa/500/2.png,home,61,false,12,6,14,37.9,25,66,0,19,53.8,7,13,9,10,12,17,0,40.0,4,10,29,0,0,0,52,s:40~l:54~t:52,florida-state-seminoles,Florida State,Seminoles,FSU,Florida State Seminoles,Florida St,782F40,ceb888,https://a.espncdn.com/i/teamlogos/ncaa/500/52.png,67
303190066,2011,2,2010-11-15,2010-11-15T20:00:00.000000-0500,2181,s:40~l:54~t:2181,drake-bulldogs,Drake,Bulldogs,DRKE,Drake Bulldogs,Drake,004477,c0c0c0,https://a.espncdn.com/i/teamlogos/ncaa/500/2181.png,away,46,false,9,0,22,30.0,18,60,0,21,87.5,7,8,2,7,4,14,0,16.7,3,18,36,0,0,0,66,s:40~l:54~t:66,iowa-state-cyclones,Iowa State,Cyclones,ISU,Iowa State Cyclones,Iowa State,822433,fdca2f,https://a.espncdn.com/i/teamlogos/ncaa/500/66.png,64
303190066,2011,2,2010-11-15,2010-11-15T20:00:00.000000-0500,66,s:40~l:54~t:66,iowa-state-cyclones,Iowa State,Cyclones,ISU,Iowa State Cyclones,Iowa State,822433,fdca2f,https://a.espncdn.com/i/teamlogos/ncaa/500/66.png,home,64,true,16,8,28,38.6,22,57,0,13,57.9,11,19,28,13,6,14,0,42.9,9,21,45,0,0,0,2181,s:40~l:54~t:2181,drake-bulldogs,Drake,Bulldogs,DRKE,Drake Bulldogs,Drake,004477,c0c0c0,https://a.espncdn.com/i/teamlogos/ncaa/500/2181.png,46
303190127,2011,2,2010-11-15,2010-11-15T19:00:00.000000-0500,2168,s:40~l:54~t:2168,dayton-flyers,Dayton,Flyers,DAY,Dayton Flyers,Dayton,004B8D,ffffff,https://a.espncdn.com/i/teamlogos/ncaa/500/2168.png,away,62,false,10,3,21,38.3,23,60,0,20,81.3,13,16,3,7,8,21,1,23.1,3,13,34,1,0,0,127,s:40~l:54~t:127,michigan-state-spartans,Michigan State,Spartans,MSU,Michigan State Spartans,Michigan St,18453B,ffffff,https://a.espncdn.com/i/teamlogos/ncaa/500/127.png,74
303190127,2011,2,2010-11-15,2010-11-15T19:00:00.000000-0500,127,s:40~l:54~t:127,michigan-state-spartans,Michigan State,Spartans,MSU,Michigan State Spartans,Michigan St,18453B,ffffff,https://a.espncdn.com/i/teamlogos/ncaa/500/127.png,home,74,true,15,9,23,40.4,23,57,0,20,76.0,19,25,14,12,10,22,0,47.4,9,19,42,0,0,0,2168,s:40~l:54~t:2168,dayton-flyers,Dayton,Flyers,DAY,Dayton Flyers,Dayton,004B8D,ffffff,https://a.espncdn.com/i/teamlogos/ncaa/500/2168.png,62
303190084,2011,2,2010-11-15,2010-11-15T19:00:00.000000-0500,179,s:40~l:54~t:179,st-bonaventure-bonnies,St. Bonaventure,Bonnies,SBU,St. Bonaventure Bonnies,St Bonaventure,70261D,,https://a.espncdn.com/i/teamlogos/ncaa/500/179.png,away,44,false,8,1,29,32.6,15,46,0,14,76.9,10,13,7,11,5,24,0,26.7,4,15,40,0,0,0,84,s:40~l:54~t:84,indiana-hoosiers,Indiana,Hoosiers,IU,Indiana Hoosiers,Indiana,990000,edebeb,https://a.espncdn.com/i/teamlogos/ncaa/500/84.png,50
303190084,2011,2,2010-11-15,2010-11-15T19:00:00.000000-0500,84,s:40~l:54~t:84,indiana-hoosiers,Indiana,Hoosiers,IU,Indiana Hoosiers,Indiana,990000,edebeb,https://a.espncdn.com/i/teamlogos/ncaa/500/84.png,home,50,true,13,7,18,35.2,19,54,0,18,75.0,6,8,14,7,12,16,0,37.5,6,16,29,0,0,0,179,s:40~l:54~t:179,st-bonaventure-bonnies,St. Bonaventure,Bonnies,SBU,St. Bonaventure Bonnies,St Bonaventure,70261D,,https://a.espncdn.com/i/teamlogos/ncaa/500/179.png,44
303190057,2011,2,2010-11-15,2010-11-15T19:00:00.000000-0500,2429,s:40~l:54~t:2429,charlotte-49ers,Charlotte,49ers,CHAR,Charlotte 49ers,Charlotte,ffffff,cfab7a,https://a.espncdn.com/i/teamlogos/ncaa/500/2429.png,away,70,false,12,5,22,47.6,30,63,0,23,53.8,7,13,2,11,6,20,0,23.1,3,13,38,0,0,0,57,s:40~l:54~t:57,florida-gators,Florida,Gators,FLA,Florida Gators,Florida,0021a5,fa4616,https://a.espncdn.com/i/teamlogos/ncaa/500/57.png,76
303190057,2011,2,2010-11-15,2010-11-15T19:00:00.000000-0500,57,s:40~l:54~t:57,florida-gators,Florida,Gators,FLA,Florida Gators,Florida,0021a5,fa4616,https://a.espncdn.com/i/teamlogos/ncaa/500/57.png,home,76,true,16,2,21,40.9,27,66,0,15,75.0,18,24,14,14,8,14,0,25.0,4,16,39,0,0,0,2429,s:40~l:54~t:2429,charlotte-49ers,Charlotte,49ers,CHAR,Charlotte 49ers,Charlotte,ffffff,cfab7a,https://a.espncdn.com/i/teamlogos/ncaa/500/2429.png,70
303180041,2011,2,2010-11-14,2010-11-14T14:00:00.000000-0500,107,s:40~l:54~t:107,holy-cross-crusaders,Holy Cross,Crusaders,HC,Holy Cross Crusaders,Holy Cross,0a0a0a,080808,https://a.espncdn.com/i/teamlogos/ncaa/500/107.png,away,37,false,12,0,12,26.9,14,52,0,21,66.7,4,6,0,1,1,16,0,23.8,5,21,16,0,0,0,41,s:40~l:54~t:41,uconn-huskies,UConn,Huskies,CONN,UConn Huskies,UConn,0c2340,f1f2f3,https://a.espncdn.com/i/teamlogos/ncaa/500/41.png,117
303180041,2011,2,2010-11-14,2010-11-14T14:00:00.000000-0500,41,s:40~l:54~t:41,uconn-huskies,UConn,Huskies,CONN,UConn Huskies,UConn,0c2340,f1f2f3,https://a.espncdn.com/i/teamlogos/ncaa/500/41.png,home,117,true,30,6,30,65.7,44,67,0,9,83.3,20,24,80,14,12,8,0,42.9,9,21,48,0,0,0,107,s:40~l:54~t:107,holy-cross-crusaders,Holy Cross,Crusaders,HC,Holy Cross Crusaders,Holy Cross,0a0a0a,080808,https://a.espncdn.com/i/teamlogos/ncaa/500/107.png,37
303180024,2011,2,2010-11-14,2010-11-14T17:00:00.000000-0500,164,s:40~l:54~t:164,rutgers-scarlet-knights,Rutgers,Scarlet Knights,RUTG,Rutgers Scarlet Knights,Rutgers,d21034,ffffff,https://a.espncdn.com/i/teamlogos/ncaa/500/164.png,away,50,false,12,5,17,37.9,22,58,0,12,0.0,0,2,4,8,8,15,0,30.0,6,20,28,0,0,0,24,s:40~l:54~t:24,stanford-cardinal,Stanford,Cardinal,STAN,Stanford Cardinal,Stanford,8c1515,ffffff,https://a.espncdn.com/i/teamlogos/ncaa/500/24.png,63
303180024,2011,2,2010-11-14,2010-11-14T17:00:00.000000-0500,24,s:40~l:54~t:24,stanford-cardinal,Stanford,Cardinal,STAN,Stanford Cardinal,Stanford,8c1515,ffffff,https://a.espncdn.com/i/teamlogos/ncaa/500/24.png,home,63,true,16,4,26,43.3,26,60,0,5,53.8,7,13,16,16,6,16,0,21.1,4,19,45,0,0,0,164,s:40~l:54~t:164,rutgers-scarlet-knights,Rutgers,Scarlet Knights,RUTG,Rutgers Scarlet Knights,Rutgers,d21034,ffffff,https://a.espncdn.com/i/teamlogos/ncaa/500/164.png,50
303182199,2011,2,2010-11-14,2010-11-14T14:00:00.000000-0500,2199,s:40~l:54~t:2199,eastern-michigan-eagles,Eastern Michigan,Eagles,EMU,Eastern Michigan Eagles,E Michigan,00331b,f0f0f0,https://a.espncdn.com/i/teamlogos/ncaa/500/2199.png,away,62,false,12,2,18,32.3,21,65,0,20,72.2,13,18,0,11,4,13,0,31.8,7,22,34,0,0,0,194,s:40~l:54~t:194,ohio-state-buckeyes,Ohio State,Buckeyes,OSU,Ohio State Buckeyes,Ohio State,ce1141,505056,https://a.espncdn.com/i/teamlogos/ncaa/500/194.png,74
303182199,2011,2,2010-11-14,2010-11-14T14:00:00.000000-0500,194,s:40~l:54~t:194,ohio-state-buckeyes,Ohio State,Buckeyes,OSU,Ohio State Buckeyes,Ohio State,ce1141,505056,https://a.espncdn.com/i/teamlogos/ncaa/500/194.png,home,74,true,19,5,30,53.7,29,54,0,18,76.5,13,17,17,8,6,18,0,30.0,3,10,42,0,0,0,2199,s:40~l:54~t:2199,eastern-michigan-eagles,Eastern Michigan,Eagles,EMU,Eastern Michigan Eagles,E Michigan,00331b,f0f0f0,https://a.espncdn.com/i/teamlogos/ncaa/500/2199.png,62
303180061,2011,2,2010-11-14,2010-11-14T14:00:00.000000-0500,290,s:40~l:54~t:290,georgia-southern-eagles,Georgia Southern,Eagles,GASO,Georgia Southern Eagles,Georgia So,003775,f0f0f0,https://a.espncdn.com/i/teamlogos/ncaa/500/290.png,away,43,false,8,0,23,30.9,17,55,0,10,44.4,4,9,3,10,6,15,0,23.8,5,21,38,0,0,0,61,s:40~l:54~t:61,georgia-lady-bulldogs,Georgia,Lady Bulldogs,UGA,Georgia Lady Bulldogs,Georgia,CC0000,000000,https://a.espncdn.com/i/teamlogos/ncaa/500/61.png,58
303180061,2011,2,2010-11-14,2010-11-14T14:00:00.000000-0500,61,s:40~l:54~t:61,georgia-lady-bulldogs,Georgia,Lady Bulldogs,UGA,Georgia Lady Bulldogs,Georgia,CC0000,000000,https://a.espncdn.com/i/teamlogos/ncaa/500/61.png,home,58,true,16,6,27,33.3,22,66,0,11,72.7,8,11,19,17,11,11,0,20.0,6,30,49,0,0,0,290,s:40~l:54~t:290,georgia-southern-eagles,Georgia Southern,Eagles,GASO,Georgia Southern Eagles,Georgia So,003775,f0f0f0,https://a.espncdn.com/i/teamlogos/ncaa/500/290.png,43
303180238,2011,2,2010-11-14,2010-11-14T15:00:00.000000-0500,47,s:40~l:54~t:47,howard-bison,Howard,Bison,HOW,Howard Bison,Howard,003a63,e51937,https://a.espncdn.com/i/teamlogos/ncaa/500/47.png,away,55,false,11,4,18,34.9,22,63,0,24,63.6,7,11,1,12,10,15,0,23.5,4,17,33,0,0,0,238,s:40~l:54~t:238,vanderbilt-commodores,Vanderbilt,Commodores,VAN,Vanderbilt Commodores,Vanderbilt,000000,231f20,https://a.espncdn.com/i/teamlogos/ncaa/500/238.png,80
303180238,2011,2,2010-11-14,2010-11-14T15:00:00.000000-0500,238,s:40~l:54~t:238,vanderbilt-commodores,Vanderbilt,Commodores,VAN,Vanderbilt Commodores,Vanderbilt,000000,231f20,https://a.espncdn.com/i/teamlogos/ncaa/500/238.png,home,80,true,19,6,29,43.4,23,53,0,14,70.6,24,34,30,13,11,15,0,41.7,10,24,44,0,0,0,47,s:40~l:54~t:47,howard-bison,Howard,Bison,HOW,Howard Bison,Howard,003a63,e51937,https://a.espncdn.com/i/teamlogos/ncaa/500/47.png,55
303182250,2011,2,2010-11-14,2010-11-14T20:00:00.000000-0500,2720,s:40~l:54~t:2720,whitman-missionaries,Whitman,Missionaries,WHI,Whitman Missionaries,Whitman,000000,,,away,40,false,9,2,10,27.1,16,59,0,23,30.8,4,13,0,12,5,23,0,20.0,4,20,30,0,0,0,2250,s:40~l:54~t:2250,gonzaga-bulldogs,Gonzaga,Bulldogs,GONZ,Gonzaga Bulldogs,Gonzaga,041e42,c8102e,https://a.espncdn.com/i/teamlogos/ncaa/500/2250.png,114
303182250,2011,2,2010-11-14,2010-11-14T20:00:00.000000-0500,2250,s:40~l:54~t:2250,gonzaga-bulldogs,Gonzaga,Bulldogs,GONZ,Gonzaga Bulldogs,Gonzaga,041e42,c8102e,https://a.espncdn.com/i/teamlogos/ncaa/500/2250.png,home,114,true,24,7,29,59.7,46,77,0,14,60.7,17,28,75,20,15,10,0,38.5,5,13,55,0,0,0,2720,s:40~l:54~t:2720,whitman-missionaries,Whitman,Missionaries,WHI,Whitman Missionaries,Whitman,000000,,,40
303170239,2011,2,2010-11-13,2010-11-13T13:00:00.000000-0500,147,s:40~l:54~t:147,montana-state-bobcats,Montana State,Bobcats,MTST,Montana State Bobcats,Montana St,00205c,bc955c,https://a.espncdn.com/i/teamlogos/ncaa/500/147.png,away,56,false,9,2,17,28.8,19,66,0,24,92.3,12,13,4,7,3,12,0,22.2,6,27,28,0,0,0,239,s:40~l:54~t:239,baylor-bears,Baylor,Bears,BAY,Baylor Bears,Baylor,154734,ffb81c,https://a.espncdn.com/i/teamlogos/ncaa/500/239.png,93
303170239,2011,2,2010-11-13,2010-11-13T13:00:00.000000-0500,239,s:40~l:54~t:239,baylor-bears,Baylor,Bears,BAY,Baylor Bears,Baylor,154734,ffb81c,https://a.espncdn.com/i/teamlogos/ncaa/500/239.png,home,93,true,16,9,36,43.5,27,62,0,16,77.3,34,44,39,21,9,11,0,26.3,5,19,59,0,0,0,147,s:40~l:54~t:147,montana-state-bobcats,Montana State,Bobcats,MTST,Montana State Bobcats,Montana St,00205c,bc955c,https://a.espncdn.com/i/teamlogos/ncaa/500/147.png,56
303170150,2011,2,2010-11-13,2010-11-13T19:00:00.000000-0500,252,s:40~l:54~t:252,byu-cougars,BYU,Cougars,BYU,BYU Cougars,BYU,001E4C,ffffff,https://a.espncdn.com/i/teamlogos/ncaa/500/252.png,away,54,false,13,2,25,27.9,17,61,0,27,68.8,11,16,8,6,11,20,0,31.0,9,29,37,0,0,0,150,s:40~l:54~t:150,duke-blue-devils,Duke,Blue Devils,DUKE,Duke Blue Devils,Duke,013088,ffffff,https://a.espncdn.com/i/teamlogos/ncaa/500/150.png,69
303170150,2011,2,2010-11-13,2010-11-13T19:00:00.000000-0500,150,s:40~l:54~t:150,duke-blue-devils,Duke,Blue Devils,DUKE,Duke Blue Devils,Duke,013088,ffffff,https://a.espncdn.com/i/teamlogos/ncaa/500/150.png,home,69,true,10,8,34,38.6,22,57,0,16,58.3,21,36,18,15,9,22,0,36.4,4,11,52,0,0,0,252,s:40~l:54~t:252,byu-cougars,BYU,Cougars,BYU,BYU Cougars,BYU,001E4C,ffffff,https://a.espncdn.com/i/teamlogos/ncaa/500/252.png,54
303172306,2011,2,2010-11-13,2010-11-13T15:00:00.000000-0500,2599,s:40~l:54~t:2599,st-johns-red-storm,St. John's,Red Storm,SJU,St. John's Red Storm,St John's,d10000,101010,https://a.espncdn.com/i/teamlogos/ncaa/500/2599.png,away,53,false,5,0,21,27.1,19,70,0,24,83.3,15,18,3,16,9,14,0,0.0,0,7,44,0,0,0,2306,s:40~l:54~t:2306,kansas-state-wildcats,Kansas State,Wildcats,KSU,Kansas State Wildcats,Kansas St,633194,e7d2ad,https://a.espncdn.com/i/teamlogos/ncaa/500/2306.png,64
303172306,2011,2,2010-11-13,2010-11-13T15:00:00.000000-0500,2306,s:40~l:54~t:2306,kansas-state-wildcats,Kansas State,Wildcats,KSU,Kansas State Wildcats,Kansas St,633194,e7d2ad,https://a.espncdn.com/i/teamlogos/ncaa/500/2306.png,home,64,true,9,5,26,43.5,20,46,0,19,69.0,20,29,11,6,6,18,0,28.6,4,14,35,0,0,0,2599,s:40~l:54~t:2599,st-johns-red-storm,St. John's,Red Storm,SJU,St. John's Red Storm,St John's,d10000,101010,https://a.espncdn.com/i/teamlogos/ncaa/500/2599.png,53
303170066,2011,2,2010-11-13,2010-11-13T20:00:00.000000-0500,2710,s:40~l:54~t:2710,western-illinois-leathernecks,Western Illinois,Leathernecks,WIU,Western Illinois Leathernecks,W Illinois,4e1e8a,ffc90a,https://a.espncdn.com/i/teamlogos/ncaa/500/2710.png,away,32,false,7,0,12,25.5,12,47,0,22,50.0,3,6,0,6,6,11,0,26.3,5,19,22,0,0,0,66,s:40~l:54~t:66,iowa-state-cyclones,Iowa State,Cyclones,ISU,Iowa State Cyclones,Iowa State,822433,fdca2f,https://a.espncdn.com/i/teamlogos/ncaa/500/66.png,58
303170066,2011,2,2010-11-13,2010-11-13T20:00:00.000000-0500,66,s:40~l:54~t:66,iowa-state-cyclones,Iowa State,Cyclones,ISU,Iowa State Cyclones,Iowa State,822433,fdca2f,https://a.espncdn.com/i/teamlogos/ncaa/500/66.png,home,58,true,12,4,26,45.0,18,40,0,11,60.9,14,23,27,12,5,17,0,47.1,8,17,41,0,0,0,2710,s:40~l:54~t:2710,western-illinois-leathernecks,Western Illinois,Leathernecks,WIU,Western Illinois Leathernecks,W Illinois,4e1e8a,ffc90a,https://a.espncdn.com/i/teamlogos/ncaa/500/2710.png,32
303172032,2011,2,2010-11-13,2010-11-13T18:00:00.000000-0500,2294,s:40~l:54~t:2294,iowa-hawkeyes,Iowa,Hawkeyes,IOWA,Iowa Hawkeyes,Iowa,000000,fcd116,https://a.espncdn.com/i/teamlogos/ncaa/500/2294.png,away,50,true,9,2,25,29.6,16,54,0,14,86.7,13,15,6,13,3,18,0,17.9,5,28,42,0,0,0,2032,s:40~l:54~t:2032,arkansas-state-red-wolves,Arkansas State,Red Wolves,ARST,Arkansas State Red Wolves,Arkansas St,e81018,000000,https://a.espncdn.com/i/teamlogos/ncaa/500/2032.png,47
303172032,2011,2,2010-11-13,2010-11-13T18:00:00.000000-0500,2032,s:40~l:54~t:2032,arkansas-state-red-wolves,Arkansas State,Red Wolves,ARST,Arkansas State Red Wolves,Arkansas St,e81018,000000,https://a.espncdn.com/i/teamlogos/ncaa/500/2032.png,home,47,false,7,0,22,37.3,19,51,0,18,62.5,5,8,2,5,8,13,0,25.0,4,16,33,0,0,0,2294,s:40~l:54~t:2294,iowa-hawkeyes,Iowa,Hawkeyes,IOWA,Iowa Hawkeyes,Iowa,000000,fcd116,https://a.espncdn.com/i/teamlogos/ncaa/500/2294.png,50
303170127,2011,2,2010-11-13,2010-11-13T15:00:00.000000-0500,2870,s:40~l:54~t:2870,purdue-fort-wayne-mastodons,Purdue Fort Wayne,Mastodons,PFW,Purdue Fort Wayne Mastodons,Purdue FW,00378A,f0f0f0,https://a.espncdn.com/i/teamlogos/ncaa/500/2870.png,away,62,false,9,1,13,37.1,23,62,0,21,76.5,13,17,0,8,9,19,0,21.4,3,14,29,0,0,0,127,s:40~l:54~t:127,michigan-state-spartans,Michigan State,Spartans,MSU,Michigan State Spartans,Michigan St,18453B,ffffff,https://a.espncdn.com/i/teamlogos/ncaa/500/127.png,90
303170127,2011,2,2010-11-13,2010-11-13T15:00:00.000000-0500,127,s:40~l:54~t:127,michigan-state-spartans,Michigan State,Spartans,MSU,Michigan State Spartans,Michigan St,18453B,ffffff,https://a.espncdn.com/i/teamlogos/ncaa/500/127.png,home,90,true,17,7,29,54.2,32,59,0,21,72.7,16,22,35,12,8,22,0,50.0,10,20,44,0,0,0,2870,s:40~l:54~t:2870,purdue-fort-wayne-mastodons,Purdue Fort Wayne,Mastodons,PFW,Purdue Fort Wayne Mastodons,Purdue FW,00378A,f0f0f0,https://a.espncdn.com/i/teamlogos/ncaa/500/2870.png,62
303170158,2011,2,2010-11-13,2010-11-13T12:35:00.000000-0500,261,s:40~l:54~t:261,vermont-catamounts,Vermont,Catamounts,UVM,Vermont Catamounts,Vermont,154734,ffc72c,https://a.espncdn.com/i/teamlogos/ncaa/500/261.png,away,38,false,6,3,25,25.5,13,51,0,18,62.5,10,16,0,11,3,25,0,13.3,2,15,39,0,0,0,158,s:40~l:54~t:158,nebraska-cornhuskers,Nebraska,Cornhuskers,NEB,Nebraska Cornhuskers,Nebraska,F20017,f5f1e7,https://a.espncdn.com/i/teamlogos/ncaa/500/158.png,95
303170158,2011,2,2010-11-13,2010-11-13T12:35:00.000000-0500,158,s:40~l:54~t:158,nebraska-cornhuskers,Nebraska,Cornhuskers,NEB,Nebraska Cornhuskers,Nebraska,F20017,f5f1e7,https://a.espncdn.com/i/teamlogos/ncaa/500/158.png,home,95,true,24,2,24,44.9,31,69,0,14,69.6,16,23,58,12,13,9,0,51.5,17,33,43,0,0,0,261,s:40~l:54~t:261,vermont-catamounts,Vermont,Catamounts,UVM,Vermont Catamounts,Vermont,154734,ffc72c,https://a.espncdn.com/i/teamlogos/ncaa/500/261.png,38
303170152,2011,2,2010-11-13,2010-11-13T20:00:00.000000-0500,156,s:40~l:54~t:156,creighton-bluejays,Creighton,Bluejays,CREI,Creighton Bluejays,Creighton,13299e,00235d,https://a.espncdn.com/i/teamlogos/ncaa/500/156.png,away,71,false,15,1,21,40.3,27,67,0,22,100.0,9,9,2,16,5,19,0,33.3,8,24,39,0,0,0,152,s:40~l:54~t:152,nc-state-wolfpack,NC State,Wolfpack,NCST,NC State Wolfpack,NC State,EF1216,231f20,https://a.espncdn.com/i/teamlogos/ncaa/500/152.png,84
303170152,2011,2,2010-11-13,2010-11-13T20:00:00.000000-0500,152,s:40~l:54~t:152,nc-state-wolfpack,NC State,Wolfpack,NCST,NC State Wolfpack,NC State,EF1216,231f20,https://a.espncdn.com/i/teamlogos/ncaa/500/152.png,home,84,true,14,7,21,51.6,33,64,0,14,73.7,14,19,16,13,11,15,0,50.0,4,8,36,0,0,0,156,s:40~l:54~t:156,creighton-bluejays,Creighton,Bluejays,CREI,Creighton Bluejays,Creighton,13299e,00235d,https://a.espncdn.com/i/teamlogos/ncaa/500/156.png,71
303160239,2011,2,2010-11-12,2010-11-12T19:30:00.000000-0500,2229,s:40~l:54~t:2229,florida-international-panthers,Florida International,Panthers,FIU,Florida International Panthers,FIU,001538,c5960c,https://a.espncdn.com/i/teamlogos/ncaa/500/2229.png,away,36,false,6,1,12,28.6,14,49,0,17,60.0,3,5,0,10,6,25,0,21.7,5,23,25,0,0,0,239,s:40~l:54~t:239,baylor-bears,Baylor,Bears,BAY,Baylor Bears,Baylor,154734,ffb81c,https://a.espncdn.com/i/teamlogos/ncaa/500/239.png,83
303160239,2011,2,2010-11-12,2010-11-12T19:30:00.000000-0500,239,s:40~l:54~t:239,baylor-bears,Baylor,Bears,BAY,Baylor Bears,Baylor,154734,ffb81c,https://a.espncdn.com/i/teamlogos/ncaa/500/239.png,home,83,true,17,2,25,57.6,34,59,0,14,66.7,12,18,47,17,12,15,0,27.3,3,11,42,0,0,0,2229,s:40~l:54~t:2229,florida-international-panthers,Florida International,Panthers,FIU,Florida International Panthers,FIU,001538,c5960c,https://a.espncdn.com/i/teamlogos/ncaa/500/2229.png,36
303160097,2011,2,2010-11-12,2010-11-12T19:00:00.000000-0500,2633,s:40~l:54~t:2633,tennessee-lady-volunteers,Tennessee,Lady Volunteers,TENN,Tennessee Lady Volunteers,Tennessee,ff8200,ffffff,https://a.espncdn.com/i/teamlogos/ncaa/500/2633_ncw.png,away,63,true,11,3,33,40.7,24,59,0,18,68.8,11,16,13,20,13,28,0,22.2,4,18,53,0,0,0,97,s:40~l:54~t:97,louisville-cardinals,Louisville,Cardinals,LOU,Louisville Cardinals,Louisville,c9001f,000000,https://a.espncdn.com/i/teamlogos/ncaa/500/97.png,50
303160097,2011,2,2010-11-12,2010-11-12T19:00:00.000000-0500,97,s:40~l:54~t:97,louisville-cardinals,Louisville,Cardinals,LOU,Louisville Cardinals,Louisville,c9001f,000000,https://a.espncdn.com/i/teamlogos/ncaa/500/97.png,home,50,false,10,2,19,30.5,18,59,0,19,71.4,10,14,6,8,13,22,0,19.0,4,21,29,0,0,0,2633,s:40~l:54~t:2633,tennessee-lady-volunteers,Tennessee,Lady Volunteers,TENN,Tennessee Lady Volunteers,Tennessee,ff8200,ffffff,https://a.espncdn.com/i/teamlogos/ncaa/500/2633_ncw.png,63
303160096,2011,2,2010-11-12,2010-11-12T11:00:00.000000-0500,2413,s:40~l:54~t:2413,morehead-state-eagles,Morehead State,Eagles,MORE,Morehead State Eagles,Morehead St,094FA3,fed91a,https://a.espncdn.com/i/teamlogos/ncaa/500/2413.png,away,48,false,4,2,20,27.8,15,54,0,28,78.6,11,14,2,14,7,34,0,33.3,7,21,43,0,0,0,96,s:40~l:54~t:96,kentucky-wildcats,Kentucky,Wildcats,UK,Kentucky Wildcats,Kentucky,005DAA,ffffff,https://a.espncdn.com/i/teamlogos/ncaa/500/96.png,82
303160096,2011,2,2010-11-12,2010-11-12T11:00:00.000000-0500,96,s:40~l:54~t:96,kentucky-wildcats,Kentucky,Wildcats,UK,Kentucky Wildcats,Kentucky,005DAA,ffffff,https://a.espncdn.com/i/teamlogos/ncaa/500/96.png,home,82,true,11,8,19,43.9,29,66,0,16,63.3,19,30,36,15,14,15,0,33.3,5,15,39,0,0,0,2413,s:40~l:54~t:2413,morehead-state-eagles,Morehead State,Eagles,MORE,Morehead State Eagles,Morehead St,094FA3,fed91a,https://a.espncdn.com/i/teamlogos/ncaa/500/2413.png,48
303160277,2011,2,2010-11-12,2010-11-12T19:00:00.000000-0500,2352,s:40~l:54~t:2352,loyola-maryland-greyhounds,Loyola Maryland,Greyhounds,L-MD,Loyola Maryland Greyhounds,Loyola MD,76a7a0,c9cbca,https://a.espncdn.com/i/teamlogos/ncaa/500/2352.png,away,49,false,10,5,23,35.7,15,42,0,14,82.4,14,17,1,4,9,33,0,25.0,5,20,31,0,0,0,277,s:40~l:54~t:277,west-virginia-mountaineers,West Virginia,Mountaineers,WVU,West Virginia Mountaineers,West Virginia,FFC600,eaaa00,https://a.espncdn.com/i/teamlogos/ncaa/500/277.png,80
303160277,2011,2,2010-11-12,2010-11-12T19:00:00.000000-0500,277,s:40~l:54~t:277,west-virginia-mountaineers,West Virginia,Mountaineers,WVU,West Virginia Mountaineers,West Virginia,FFC600,eaaa00,https://a.espncdn.com/i/teamlogos/ncaa/500/277.png,home,80,true,20,3,23,46.4,32,69,0,19,87.5,7,8,31,11,15,18,0,36.0,9,25,36,0,0,0,2352,s:40~l:54~t:2352,loyola-maryland-greyhounds,Loyola Maryland,Greyhounds,L-MD,Loyola Maryland Greyhounds,Loyola MD,76a7a0,c9cbca,https://a.espncdn.com/i/teamlogos/ncaa/500/2352.png,49
303162368,2011,2,2010-11-12,2010-11-12T15:00:00.000000-0500,2599,s:40~l:54~t:2599,st-johns-red-storm,St. John's,Red Storm,SJU,St. John's Red Storm,St John's,d10000,101010,https://a.espncdn.com/i/teamlogos/ncaa/500/2599.png,away,64,true,6,1,31,43.6,24,55,0,16,55.0,11,20,16,15,4,18,0,50.0,5,10,51,0,0,0,2368,s:40~l:54~t:2368,marist-red-foxes,Marist,Red Foxes,MRST,Marist Red Foxes,Marist,e53730,f0f0f0,https://a.espncdn.com/i/teamlogos/ncaa/500/2368.png,50
303162368,2011,2,2010-11-12,2010-11-12T15:00:00.000000-0500,2368,s:40~l:54~t:2368,marist-red-foxes,Marist,Red Foxes,MRST,Marist Red Foxes,Marist,e53730,f0f0f0,https://a.espncdn.com/i/teamlogos/ncaa/500/2368.png,home,50,false,9,3,16,29.2,19,65,0,18,61.5,8,13,0,12,8,10,0,17.4,4,23,34,0,0,0,2599,s:40~l:54~t:2599,st-johns-red-storm,St. John's,Red Storm,SJU,St. John's Red Storm,St John's,d10000,101010,https://a.espncdn.com/i/teamlogos/ncaa/500/2599.png,64
303160021,2011,2,2010-11-12,2010-11-12T22:00:00.000000-0500,26,s:40~l:54~t:26,ucla-bruins,UCLA,Bruins,UCLA,UCLA Bruins,UCLA,2774ae,f2a900,https://a.espncdn.com/i/teamlogos/ncaa/500/26.png,away,55,true,15,1,24,37.9,22,58,0,18,44.0,11,25,7,17,9,16,0,0.0,0,3,42,0,0,0,21,s:40~l:54~t:21,san-diego-state-aztecs,San Diego State,Aztecs,SDSU,San Diego State Aztecs,San Diego St,BF2C37,a8996e,https://a.espncdn.com/i/teamlogos/ncaa/500/21.png,48
303160021,2011,2,2010-11-12,2010-11-12T22:00:00.000000-0500,21,s:40~l:54~t:21,san-diego-state-aztecs,San Diego State,Aztecs,SDSU,San Diego State Aztecs,San Diego St,BF2C37,a8996e,https://a.espncdn.com/i/teamlogos/ncaa/500/21.png,home,48,false,8,5,23,30.8,16,52,0,19,91.7,11,12,9,7,6,19,1,23.8,5,21,36,1,0,0,26,s:40~l:54~t:26,ucla-bruins,UCLA,Bruins,UCLA,UCLA Bruins,UCLA,2774ae,f2a900,https://a.espncdn.com/i/teamlogos/ncaa/500/26.png,55
303160052,2011,2,2010-11-12,2010-11-12T18:00:00.000000-0500,2011,s:40~l:54~t:2011,alabama-state-lady-hornets,Alabama State,Lady Hornets,ALST,Alabama State Lady Hornets,Alabama St,e9a900,0a0a0a,https://a.espncdn.com/i/teamlogos/ncaa/500/2011.png,away,39,false,2,1,20,20.0,12,60,0,25,60.0,12,20,0,11,5,29,0,21.4,3,14,40,0,0,0,52,s:40~l:54~t:52,florida-state-seminoles,Florida State,Seminoles,FSU,Florida State Seminoles,Florida St,782F40,ceb888,https://a.espncdn.com/i/teamlogos/ncaa/500/52.png,89
303160052,2011,2,2010-11-12,2010-11-12T18:00:00.000000-0500,52,s:40~l:54~t:52,florida-state-seminoles,Florida State,Seminoles,FSU,Florida State Seminoles,Florida St,782F40,ceb888,https://a.espncdn.com/i/teamlogos/ncaa/500/52.png,home,89,true,14,3,33,46.7,35,75,0,19,48.4,15,31,57,24,12,17,0,28.6,4,14,59,0,0,0,2011,s:40~l:54~t:2011,alabama-state-lady-hornets,Alabama State,Lady Hornets,ALST,Alabama State Lady Hornets,Alabama St,e9a900,0a0a0a,https://a.espncdn.com/i/teamlogos/ncaa/500/2011.png,39
303162294,2011,2,2010-11-12,2010-11-12T18:00:00.000000-0500,2582,s:40~l:54~t:2582,southern-jaguars,Southern,Jaguars,SOU,Southern Jaguars,Southern,004B97,ffc82d,https://a.espncdn.com/i/teamlogos/ncaa/500/2582.png,away,52,false,6,2,19,29.9,20,67,0,22,57.1,8,14,1,12,8,21,0,23.5,4,17,40,0,0,0,2294,s:40~l:54~t:2294,iowa-hawkeyes,Iowa,Hawkeyes,IOWA,Iowa Hawkeyes,Iowa,000000,fcd116,https://a.espncdn.com/i/teamlogos/ncaa/500/2294.png,76
303162294,2011,2,2010-11-12,2010-11-12T18:00:00.000000-0500,2294,s:40~l:54~t:2294,iowa-hawkeyes,Iowa,Hawkeyes,IOWA,Iowa Hawkeyes,Iowa,000000,fcd116,https://a.espncdn.com/i/teamlogos/ncaa/500/2294.png,home,76,true,16,3,33,41.7,25,60,0,14,81.8,18,22,33,11,7,21,0,28.6,8,28,47,0,0,0,2582,s:40~l:54~t:2582,southern-jaguars,Southern,Jaguars,SOU,Southern Jaguars,Southern,004B97,ffc82d,https://a.espncdn.com/i/teamlogos/ncaa/500/2582.png,52
303160030,2011,2,2010-11-12,2010-11-12T16:00:00.000000-0500,2250,s:40~l:54~t:2250,gonzaga-bulldogs,Gonzaga,Bulldogs,GONZ,Gonzaga Bulldogs,Gonzaga,041e42,c8102e,https://a.espncdn.com/i/teamlogos/ncaa/500/2250.png,away,73,false,13,5,14,37.8,28,74,0,24,75.0,12,16,11,12,17,14,0,23.8,5,21,32,0,0,0,30,s:40~l:54~t:30,usc-trojans,USC,Trojans,USC,USC Trojans,USC,9e2237,ffcc00,https://a.espncdn.com/i/teamlogos/ncaa/500/30.png,79
303160030,2011,2,2010-11-12,2010-11-12T16:00:00.000000-0500,30,s:40~l:54~t:30,usc-trojans,USC,Trojans,USC,USC Trojans,USC,9e2237,ffcc00,https://a.espncdn.com/i/teamlogos/ncaa/500/30.png,home,79,true,12,1,25,52.8,28,53,0,14,63.3,19,30,8,11,6,24,0,40.0,4,10,40,0,0,0,2250,s:40~l:54~t:2250,gonzaga-bulldogs,Gonzaga,Bulldogs,GONZ,Gonzaga Bulldogs,Gonzaga,041e42,c8102e,https://a.espncdn.com/i/teamlogos/ncaa/500/2250.png,73
