game_id,season,season_type,game_date,game_date_time,team_id,team_uid,team_slug,team_location,team_name,team_abbreviation,team_display_name,team_short_display_name,team_color,team_alternate_color,team_logo,team_home_away,team_score,team_winner,assists,blocks,defensive_rebounds,field_goal_pct,field_goals_made,field_goals_attempted,flagrant_fouls,fouls,free_throw_pct,free_throws_made,free_throws_attempted,largest_lead,offensive_rebounds,steals,team_turnovers,technical_fouls,three_point_field_goal_pct,three_point_field_goals_made,three_point_field_goals_attempted,total_rebounds,total_technical_fouls,total_turnovers,turnovers,opponent_team_id,opponent_team_uid,opponent_team_slug,opponent_team_location,opponent_team_name,opponent_team_abbreviation,opponent_team_display_name,opponent_team_short_display_name,opponent_team_color,opponent_team_alternate_color,opponent_team_logo,opponent_team_score
264000063,2006,3,2006-04-04,2006-04-04T20:30:00.000000-0400,120,s:40~l:54~t:120,maryland-terrapins,Maryland,Terrapins,MD,Maryland Terrapins,Maryland,D5002B,ffcd00,https://a.espncdn.com/i/teamlogos/ncaa/500/120.png,away,78,true,0,0,26,42.2,27,64,0,19,79.2,19,24,3,8,0,0,0,35.7,5,14,34,0,0,0,150,s:40~l:54~t:150,duke-blue-devils,Duke,Blue Devils,DUKE,Duke Blue Devils,Duke,013088,ffffff,https://a.espncdn.com/i/teamlogos/ncaa/500/150.png,75
264000063,2006,3,2006-04-04,2006-04-04T20:30:00.000000-0400,150,s:40~l:54~t:150,duke-blue-devils,Duke,Blue Devils,DUKE,Duke Blue Devils,Duke,013088,ffffff,https://a.espncdn.com/i/teamlogos/ncaa/500/150.png,home,75,false,0,0,22,37.9,25,66,0,21,78.6,22,28,13,9,0,0,0,27.3,3,11,31,0,0,0,120,s:40~l:54~t:120,maryland-terrapins,Maryland,Terrapins,MD,Maryland Terrapins,Maryland,D5002B,ffcd00,https://a.espncdn.com/i/teamlogos/ncaa/500/120.png,78
264000031,2006,3,2006-04-02,2006-04-02T19:00:00.000000-0400,120,s:40~l:54~t:120,maryland-terrapins,Maryland,Terrapins,MD,Maryland Terrapins,Maryland,D5002B,ffcd00,https://a.espncdn.com/i/teamlogos/ncaa/500/120.png,away,81,true,0,0,22,54.9,28,51,0,23,75.0,24,32,11,11,0,0,0,11.1,1,9,33,0,0,0,153,s:40~l:54~t:153,north-carolina-tar-heels,North Carolina,Tar Heels,UNC,North Carolina Tar Heels,North Carolina,7bafd4,13294b,https://a.espncdn.com/i/teamlogos/ncaa/500/153.png,70
264000031,2006,3,2006-04-02,2006-04-02T19:00:00.000000-0400,153,s:40~l:54~t:153,north-carolina-tar-heels,North Carolina,Tar Heels,UNC,North Carolina Tar Heels,North Carolina,7bafd4,13294b,https://a.espncdn.com/i/teamlogos/ncaa/500/153.png,home,70,false,0,0,11,37.3,25,67,0,22,66.7,16,24,2,16,0,0,0,16.7,4,24,27,0,0,0,120,s:40~l:54~t:120,maryland-terrapins,Maryland,Terrapins,MD,Maryland Terrapins,Maryland,D5002B,ffcd00,https://a.espncdn.com/i/teamlogos/ncaa/500/120.png,81
264000062,2006,3,2006-04-02,2006-04-02T21:30:00.000000-0400,99,s:40~l:54~t:99,lsu-tigers,LSU,Tigers,LSU,LSU Tigers,LSU,461d7c,fdd023,https://a.espncdn.com/i/teamlogos/ncaa/500/99.png,away,45,false,0,0,18,29.5,18,61,0,15,66.7,8,12,0,10,0,0,0,11.1,1,9,28,0,0,0,150,s:40~l:54~t:150,duke-blue-devils,Duke,Blue Devils,DUKE,Duke Blue Devils,Duke,013088,ffffff,https://a.espncdn.com/i/teamlogos/ncaa/500/150.png,64
264000062,2006,3,2006-04-02,2006-04-02T21:30:00.000000-0400,150,s:40~l:54~t:150,duke-blue-devils,Duke,Blue Devils,DUKE,Duke Blue Devils,Duke,013088,ffffff,https://a.espncdn.com/i/teamlogos/ncaa/500/150.png,home,64,true,0,0,29,51.0,26,51,0,10,58.8,10,17,20,8,0,0,0,50.0,2,4,37,0,0,0,99,s:40~l:54~t:99,lsu-tigers,LSU,Tigers,LSU,LSU Tigers,LSU,461d7c,fdd023,https://a.espncdn.com/i/teamlogos/ncaa/500/99.png,45
264000061,2006,3,2006-03-28,2006-03-28T19:00:00.000000-0500,2633,s:40~l:54~t:2633,tennessee-lady-volunteers,Tennessee,Lady Volunteers,TENN,Tennessee Lady Volunteers,Tennessee,ff8200,ffffff,https://a.espncdn.com/i/teamlogos/ncaa/500/2633_ncw.png,away,63,false,0,0,22,42.1,24,57,0,13,78.6,11,14,0,12,0,0,0,30.8,4,13,34,0,0,0,153,s:40~l:54~t:153,north-carolina-tar-heels,North Carolina,Tar Heels,UNC,North Carolina Tar Heels,North Carolina,7bafd4,13294b,https://a.espncdn.com/i/teamlogos/ncaa/500/153.png,75
264000061,2006,3,2006-03-28,2006-03-28T19:00:00.000000-0500,153,s:40~l:54~t:153,north-carolina-tar-heels,North Carolina,Tar Heels,UNC,North Carolina Tar Heels,North Carolina,7bafd4,13294b,https://a.espncdn.com/i/teamlogos/ncaa/500/153.png,home,75,true,0,0,21,42.6,29,68,0,16,75.0,9,12,16,11,0,0,0,40.0,8,20,32,0,0,0,2633,s:40~l:54~t:2633,tennessee-lady-volunteers,Tennessee,Lady Volunteers,TENN,Tennessee Lady Volunteers,Tennessee,ff8200,ffffff,https://a.espncdn.com/i/teamlogos/ncaa/500/2633_ncw.png,63
264000030,2006,3,2006-03-28,2006-03-28T21:00:00.000000-0500,41,s:40~l:54~t:41,uconn-huskies,UConn,Huskies,CONN,UConn Huskies,UConn,0c2340,f1f2f3,https://a.espncdn.com/i/teamlogos/ncaa/500/41.png,away,61,false,0,0,19,40.6,26,64,0,21,55.6,5,9,6,11,0,0,0,28.6,4,14,30,0,0,0,150,s:40~l:54~t:150,duke-blue-devils,Duke,Blue Devils,DUKE,Duke Blue Devils,Duke,013088,ffffff,https://a.espncdn.com/i/teamlogos/ncaa/500/150.png,63
264000030,2006,3,2006-03-28,2006-03-28T21:00:00.000000-0500,150,s:40~l:54~t:150,duke-blue-devils,Duke,Blue Devils,DUKE,Duke Blue Devils,Duke,013088,ffffff,https://a.espncdn.com/i/teamlogos/ncaa/500/150.png,home,63,true,0,0,26,28.6,20,70,0,15,71.4,20,28,6,18,0,0,0,17.6,3,17,44,0,0,0,41,s:40~l:54~t:41,uconn-huskies,UConn,Huskies,CONN,UConn Huskies,UConn,0c2340,f1f2f3,https://a.espncdn.com/i/teamlogos/ncaa/500/41.png,61
264000015,2006,3,2006-03-27,2006-03-27T19:00:00.000000-0500,254,s:40~l:54~t:254,utah-utes,Utah,Utes,UTAH,Utah Utes,Utah,890012,7e8083,https://a.espncdn.com/i/teamlogos/ncaa/500/254.png,away,65,false,0,0,23,34.9,22,63,0,16,72.2,13,18,5,7,0,0,0,42.1,8,19,30,0,0,0,120,s:40~l:54~t:120,maryland-terrapins,Maryland,Terrapins,MD,Maryland Terrapins,Maryland,D5002B,ffcd00,https://a.espncdn.com/i/teamlogos/ncaa/500/120.png,75
264000015,2006,3,2006-03-27,2006-03-27T19:00:00.000000-0500,120,s:40~l:54~t:120,maryland-terrapins,Maryland,Terrapins,MD,Maryland Terrapins,Maryland,D5002B,ffcd00,https://a.espncdn.com/i/teamlogos/ncaa/500/120.png,home,75,true,0,0,31,42.4,28,66,0,17,61.1,11,18,10,14,0,0,0,33.3,8,24,45,0,0,0,254,s:40~l:54~t:254,utah-utes,Utah,Utes,UTAH,Utah Utes,Utah,890012,7e8083,https://a.espncdn.com/i/teamlogos/ncaa/500/254.png,65
264000046,2006,3,2006-03-27,2006-03-27T21:00:00.000000-0500,24,s:40~l:54~t:24,stanford-cardinal,Stanford,Cardinal,STAN,Stanford Cardinal,Stanford,8c1515,ffffff,https://a.espncdn.com/i/teamlogos/ncaa/500/24.png,away,59,false,0,0,19,43.1,25,58,0,17,40.0,2,5,7,10,0,0,0,41.2,7,17,29,0,0,0,99,s:40~l:54~t:99,lsu-tigers,LSU,Tigers,LSU,LSU Tigers,LSU,461d7c,fdd023,https://a.espncdn.com/i/teamlogos/ncaa/500/99.png,62
264000046,2006,3,2006-03-27,2006-03-27T21:00:00.000000-0500,99,s:40~l:54~t:99,lsu-tigers,LSU,Tigers,LSU,LSU Tigers,LSU,461d7c,fdd023,https://a.espncdn.com/i/teamlogos/ncaa/500/99.png,home,62,true,0,0,17,48.2,27,56,0,10,50.0,8,16,6,10,0,0,0,0.0,0,7,27,0,0,0,24,s:40~l:54~t:24,stanford-cardinal,Stanford,Cardinal,STAN,Stanford Cardinal,Stanford,8c1515,ffffff,https://a.espncdn.com/i/teamlogos/ncaa/500/24.png,59
264000060,2006,3,2006-03-26,2006-03-26T12:00:00.000000-0500,164,s:40~l:54~t:164,rutgers-scarlet-knights,Rutgers,Scarlet Knights,RUTG,Rutgers Scarlet Knights,Rutgers,d21034,ffffff,https://a.espncdn.com/i/teamlogos/ncaa/500/164.png,away,69,false,0,0,18,40.7,24,59,0,23,88.2,15,17,9,10,0,0,0,50.0,6,12,28,0,0,0,2633,s:40~l:54~t:2633,tennessee-lady-volunteers,Tennessee,Lady Volunteers,TENN,Tennessee Lady Volunteers,Tennessee,ff8200,ffffff,https://a.espncdn.com/i/teamlogos/ncaa/500/2633_ncw.png,76
264000060,2006,3,2006-03-26,2006-03-26T12:00:00.000000-0500,2633,s:40~l:54~t:2633,tennessee-lady-volunteers,Tennessee,Lady Volunteers,TENN,Tennessee Lady Volunteers,Tennessee,ff8200,ffffff,https://a.espncdn.com/i/teamlogos/ncaa/500/2633_ncw.png,home,76,true,0,0,15,47.2,25,53,0,15,80.8,21,26,13,11,0,0,0,38.5,5,13,26,0,0,0,164,s:40~l:54~t:164,rutgers-scarlet-knights,Rutgers,Scarlet Knights,RUTG,Rutgers Scarlet Knights,Rutgers,d21034,ffffff,https://a.espncdn.com/i/teamlogos/ncaa/500/164.png,69
264000053,2006,3,2006-03-26,2006-03-26T14:30:00.000000-0500,2509,s:40~l:54~t:2509,purdue-boilermakers,Purdue,Boilermakers,PUR,Purdue Boilermakers,Purdue,000000,cfb991,https://a.espncdn.com/i/teamlogos/ncaa/500/2509.png,away,68,false,0,0,19,42.6,26,61,0,16,62.5,10,16,9,15,0,0,0,46.2,6,13,34,0,0,0,153,s:40~l:54~t:153,north-carolina-tar-heels,North Carolina,Tar Heels,UNC,North Carolina Tar Heels,North Carolina,7bafd4,13294b,https://a.espncdn.com/i/teamlogos/ncaa/500/153.png,70
264000053,2006,3,2006-03-26,2006-03-26T14:30:00.000000-0500,153,s:40~l:54~t:153,north-carolina-tar-heels,North Carolina,Tar Heels,UNC,North Carolina Tar Heels,North Carolina,7bafd4,13294b,https://a.espncdn.com/i/teamlogos/ncaa/500/153.png,home,70,true,0,0,16,46.6,27,58,0,17,71.4,15,21,7,11,0,0,0,10.0,1,10,27,0,0,0,2509,s:40~l:54~t:2509,purdue-boilermakers,Purdue,Boilermakers,PUR,Purdue Boilermakers,Purdue,000000,cfb991,https://a.espncdn.com/i/teamlogos/ncaa/500/2509.png,68
264000022,2006,3,2006-03-26,2006-03-26T19:00:00.000000-0500,127,s:40~l:54~t:127,michigan-state-spartans,Michigan State,Spartans,MSU,Michigan State Spartans,Michigan St,18453B,ffffff,https://a.espncdn.com/i/teamlogos/ncaa/500/127.png,away,61,false,0,0,17,37.1,23,62,0,14,76.9,10,13,1,13,0,0,0,22.7,5,22,30,0,0,0,150,s:40~l:54~t:150,duke-blue-devils,Duke,Blue Devils,DUKE,Duke Blue Devils,Duke,013088,ffffff,https://a.espncdn.com/i/teamlogos/ncaa/500/150.png,86
264000022,2006,3,2006-03-26,2006-03-26T19:00:00.000000-0500,150,s:40~l:54~t:150,duke-blue-devils,Duke,Blue Devils,DUKE,Duke Blue Devils,Duke,013088,ffffff,https://a.espncdn.com/i/teamlogos/ncaa/500/150.png,home,86,true,0,0,21,54.7,35,64,0,13,90.0,9,10,29,10,0,0,0,33.3,7,21,31,0,0,0,127,s:40~l:54~t:127,michigan-state-spartans,Michigan State,Spartans,MSU,Michigan State Spartans,Michigan St,18453B,ffffff,https://a.espncdn.com/i/teamlogos/ncaa/500/127.png,61
264000029,2006,3,2006-03-26,2006-03-26T21:30:00.000000-0500,61,s:40~l:54~t:61,georgia-lady-bulldogs,Georgia,Lady Bulldogs,UGA,Georgia Lady Bulldogs,Georgia,CC0000,000000,https://a.espncdn.com/i/teamlogos/ncaa/500/61.png,away,75,false,0,0,13,41.1,23,56,0,12,85.2,23,27,15,15,0,0,0,25.0,6,24,28,0,0,0,41,s:40~l:54~t:41,uconn-huskies,UConn,Huskies,CONN,UConn Huskies,UConn,0c2340,f1f2f3,https://a.espncdn.com/i/teamlogos/ncaa/500/41.png,77
264000029,2006,3,2006-03-26,2006-03-26T21:30:00.000000-0500,41,s:40~l:54~t:41,uconn-huskies,UConn,Huskies,CONN,UConn Huskies,UConn,0c2340,f1f2f3,https://a.espncdn.com/i/teamlogos/ncaa/500/41.png,home,77,true,0,0,15,48.3,28,58,0,21,81.3,13,16,7,11,0,0,0,40.0,8,20,26,0,0,0,61,s:40~l:54~t:61,georgia-lady-bulldogs,Georgia,Lady Bulldogs,UGA,Georgia Lady Bulldogs,Georgia,CC0000,000000,https://a.espncdn.com/i/teamlogos/ncaa/500/61.png,75
264000038,2006,3,2006-03-25,2006-03-25T12:00:00.000000-0500,305,s:40~l:54~t:305,depaul-blue-demons,DePaul,Blue Demons,DEP,DePaul Blue Demons,DePaul,2d649c,ce1125,https://a.espncdn.com/i/teamlogos/ncaa/500/305.png,away,56,false,0,0,23,31.9,23,72,0,21,100.0,2,2,2,11,0,0,0,28.6,8,28,34,0,0,0,99,s:40~l:54~t:99,lsu-tigers,LSU,Tigers,LSU,LSU Tigers,LSU,461d7c,fdd023,https://a.espncdn.com/i/teamlogos/ncaa/500/99.png,66
264000038,2006,3,2006-03-25,2006-03-25T12:00:00.000000-0500,99,s:40~l:54~t:99,lsu-tigers,LSU,Tigers,LSU,LSU Tigers,LSU,461d7c,fdd023,https://a.espncdn.com/i/teamlogos/ncaa/500/99.png,home,66,true,0,0,30,45.3,24,53,0,8,66.7,16,24,20,8,0,0,0,40.0,2,5,38,0,0,0,305,s:40~l:54~t:305,depaul-blue-demons,DePaul,Blue Demons,DEP,DePaul Blue Demons,DePaul,2d649c,ce1125,https://a.espncdn.com/i/teamlogos/ncaa/500/305.png,56
264000045,2006,3,2006-03-25,2006-03-25T14:30:00.000000-0500,24,s:40~l:54~t:24,stanford-cardinal,Stanford,Cardinal,STAN,Stanford Cardinal,Stanford,8c1515,ffffff,https://a.espncdn.com/i/teamlogos/ncaa/500/24.png,away,88,true,0,0,25,45.5,30,66,0,9,82.6,19,23,19,5,0,0,1,37.5,9,24,30,1,0,0,201,s:40~l:54~t:201,oklahoma-sooners,Oklahoma,Sooners,OU,Oklahoma Sooners,Oklahoma,9d2235,ffffff,https://a.espncdn.com/i/teamlogos/ncaa/500/201.png,74
264000045,2006,3,2006-03-25,2006-03-25T14:30:00.000000-0500,201,s:40~l:54~t:201,oklahoma-sooners,Oklahoma,Sooners,OU,Oklahoma Sooners,Oklahoma,9d2235,ffffff,https://a.espncdn.com/i/teamlogos/ncaa/500/201.png,home,74,false,0,0,25,43.3,29,67,0,19,68.8,11,16,0,14,0,0,0,26.3,5,19,39,0,0,0,24,s:40~l:54~t:24,stanford-cardinal,Stanford,Cardinal,STAN,Stanford Cardinal,Stanford,8c1515,ffffff,https://a.espncdn.com/i/teamlogos/ncaa/500/24.png,88
264000014,2006,3,2006-03-25,2006-03-25T21:00:00.000000-0500,239,s:40~l:54~t:239,baylor-bears,Baylor,Bears,BAY,Baylor Bears,Baylor,154734,ffb81c,https://a.espncdn.com/i/teamlogos/ncaa/500/239.png,away,63,false,0,0,17,33.8,25,74,0,16,66.7,8,12,0,14,0,0,0,29.4,5,17,31,0,0,0,120,s:40~l:54~t:120,maryland-terrapins,Maryland,Terrapins,MD,Maryland Terrapins,Maryland,D5002B,ffcd00,https://a.espncdn.com/i/teamlogos/ncaa/500/120.png,82
264000014,2006,3,2006-03-25,2006-03-25T21:00:00.000000-0500,120,s:40~l:54~t:120,maryland-terrapins,Maryland,Terrapins,MD,Maryland Terrapins,Maryland,D5002B,ffcd00,https://a.espncdn.com/i/teamlogos/ncaa/500/120.png,home,82,true,0,0,31,50.0,32,64,0,16,81.3,13,16,20,13,0,0,0,50.0,5,10,44,0,0,0,239,s:40~l:54~t:239,baylor-bears,Baylor,Bears,BAY,Baylor Bears,Baylor,154734,ffb81c,https://a.espncdn.com/i/teamlogos/ncaa/500/239.png,63
264000007,2006,3,2006-03-25,2006-03-25T23:30:00.000000-0500,103,s:40~l:54~t:103,boston-college-eagles,Boston College,Eagles,BC,Boston College Eagles,Boston College,8c2232,dbcca6,https://a.espncdn.com/i/teamlogos/ncaa/500/103.png,away,54,false,0,0,25,37.3,22,59,0,14,83.3,10,12,0,14,0,0,0,0.0,0,9,39,0,0,0,254,s:40~l:54~t:254,utah-utes,Utah,Utes,UTAH,Utah Utes,Utah,890012,7e8083,https://a.espncdn.com/i/teamlogos/ncaa/500/254.png,57
264000007,2006,3,2006-03-25,2006-03-25T23:30:00.000000-0500,254,s:40~l:54~t:254,utah-utes,Utah,Utes,UTAH,Utah Utes,Utah,890012,7e8083,https://a.espncdn.com/i/teamlogos/ncaa/500/254.png,home,57,true,0,0,20,36.2,21,58,0,14,69.2,9,13,11,10,0,0,0,37.5,6,16,30,0,0,0,103,s:40~l:54~t:103,boston-college-eagles,Boston College,Eagles,BC,Boston College Eagles,Boston College,8c2232,dbcca6,https://a.espncdn.com/i/teamlogos/ncaa/500/103.png,54
264000025,2006,3,2006-03-21,2006-03-21T19:07:00.000000-0500,42,s:40~l:54~t:42,hartford-hawks,Hartford,Hawks,HART,Hartford Hawks,Hartford,d60008,000000,https://a.espncdn.com/i/teamlogos/ncaa/500/42.png,away,54,false,0,0,17,39.3,22,56,0,10,60.0,6,10,3,7,0,0,0,28.6,4,14,24,0,0,0,61,s:40~l:54~t:61,georgia-lady-bulldogs,Georgia,Lady Bulldogs,UGA,Georgia Lady Bulldogs,Georgia,CC0000,000000,https://a.espncdn.com/i/teamlogos/ncaa/500/61.png,73
264000025,2006,3,2006-03-21,2006-03-21T19:07:00.000000-0500,61,s:40~l:54~t:61,georgia-lady-bulldogs,Georgia,Lady Bulldogs,UGA,Georgia Lady Bulldogs,Georgia,CC0000,000000,https://a.espncdn.com/i/teamlogos/ncaa/500/61.png,home,73,true,0,0,25,51.6,32,62,0,14,75.0,6,8,21,13,0,0,0,25.0,3,12,38,0,0,0,42,s:40~l:54~t:42,hartford-hawks,Hartford,Hawks,HART,Hartford Hawks,Hartford,d60008,000000,https://a.espncdn.com/i/teamlogos/ncaa/500/42.png,54
264000052,2006,3,2006-03-21,2006-03-21T19:12:00.000000-0500,26,s:40~l:54~t:26,ucla-bruins,UCLA,Bruins,UCLA,UCLA Bruins,UCLA,2774ae,f2a900,https://a.espncdn.com/i/teamlogos/ncaa/500/26.png,away,54,false,0,0,26,32.8,21,64,0,18,66.7,4,6,6,10,0,0,0,36.4,8,22,36,0,0,0,2509,s:40~l:54~t:2509,purdue-boilermakers,Purdue,Boilermakers,PUR,Purdue Boilermakers,Purdue,000000,cfb991,https://a.espncdn.com/i/teamlogos/ncaa/500/2509.png,61
264000052,2006,3,2006-03-21,2006-03-21T19:12:00.000000-0500,2509,s:40~l:54~t:2509,purdue-boilermakers,Purdue,Boilermakers,PUR,Purdue Boilermakers,Purdue,000000,cfb991,https://a.espncdn.com/i/teamlogos/ncaa/500/2509.png,home,61,true,0,0,25,33.8,22,65,0,11,73.7,14,19,7,15,0,0,0,21.4,3,14,40,0,0,0,26,s:40~l:54~t:26,ucla-bruins,UCLA,Bruins,UCLA,UCLA Bruins,UCLA,2774ae,f2a900,https://a.espncdn.com/i/teamlogos/ncaa/500/26.png,54
264000059,2006,3,2006-03-21,2006-03-21T19:17:00.000000-0500,45,s:40~l:54~t:45,george-washington-colonials,George Washington,Colonials,GW,George Washington Colonials,G Washington,002843,e8d2a1,https://a.espncdn.com/i/teamlogos/ncaa/500/45.png,away,53,false,0,0,23,35.7,20,56,0,20,76.5,13,17,0,8,0,0,0,30.0,3,10,31,0,0,0,2633,s:40~l:54~t:2633,tennessee-lady-volunteers,Tennessee,Lady Volunteers,TENN,Tennessee Lady Volunteers,Tennessee,ff8200,ffffff,https://a.espncdn.com/i/teamlogos/ncaa/500/2633_ncw.png,66
264000059,2006,3,2006-03-21,2006-03-21T19:17:00.000000-0500,2633,s:40~l:54~t:2633,tennessee-lady-volunteers,Tennessee,Lady Volunteers,TENN,Tennessee Lady Volunteers,Tennessee,ff8200,ffffff,https://a.espncdn.com/i/teamlogos/ncaa/500/2633_ncw.png,home,66,true,0,0,22,39.6,21,53,0,17,66.7,18,27,20,13,0,0,0,26.1,6,23,35,0,0,0,45,s:40~l:54~t:45,george-washington-colonials,George Washington,Colonials,GW,George Washington Colonials,G Washington,002843,e8d2a1,https://a.espncdn.com/i/teamlogos/ncaa/500/45.png,53
264000013,2006,3,2006-03-21,2006-03-21T19:22:00.000000-0500,2599,s:40~l:54~t:2599,st-johns-red-storm,St. John's,Red Storm,SJU,St. John's Red Storm,St John's,d10000,101010,https://a.espncdn.com/i/teamlogos/ncaa/500/2599.png,away,74,false,0,0,19,40.3,27,67,0,19,72.2,13,18,6,10,0,0,0,33.3,7,21,29,0,0,0,120,s:40~l:54~t:120,maryland-terrapins,Maryland,Terrapins,MD,Maryland Terrapins,Maryland,D5002B,ffcd00,https://a.espncdn.com/i/teamlogos/ncaa/500/120.png,81
264000013,2006,3,2006-03-21,2006-03-21T19:22:00.000000-0500,120,s:40~l:54~t:120,maryland-terrapins,Maryland,Terrapins,MD,Maryland Terrapins,Maryland,D5002B,ffcd00,https://a.espncdn.com/i/teamlogos/ncaa/500/120.png,home,81,true,0,0,21,45.6,26,57,0,18,78.1,25,32,7,13,0,0,0,23.5,4,17,34,0,0,0,2599,s:40~l:54~t:2599,st-johns-red-storm,St. John's,Red Storm,SJU,St. John's Red Storm,St John's,d10000,101010,https://a.espncdn.com/i/teamlogos/ncaa/500/2599.png,74
264000056,2006,3,2006-03-21,2006-03-21T21:00:00.000000-0500,2628,s:40~l:54~t:2628,tcu-horned-frogs,TCU,Horned Frogs,TCU,TCU Horned Frogs,TCU,4d1979,f1f2f3,https://a.espncdn.com/i/teamlogos/ncaa/500/2628.png,away,48,false,0,0,15,29.0,18,62,0,14,75.0,6,8,6,8,0,0,0,24.0,6,25,23,0,0,0,164,s:40~l:54~t:164,rutgers-scarlet-knights,Rutgers,Scarlet Knights,RUTG,Rutgers Scarlet Knights,Rutgers,d21034,ffffff,https://a.espncdn.com/i/teamlogos/ncaa/500/164.png,82
264000056,2006,3,2006-03-21,2006-03-21T21:00:00.000000-0500,164,s:40~l:54~t:164,rutgers-scarlet-knights,Rutgers,Scarlet Knights,RUTG,Rutgers Scarlet Knights,Rutgers,d21034,ffffff,https://a.espncdn.com/i/teamlogos/ncaa/500/164.png,home,82,true,0,0,31,57.4,31,54,0,11,73.7,14,19,35,10,0,0,0,54.5,6,11,41,0,0,0,2628,s:40~l:54~t:2628,tcu-horned-frogs,TCU,Horned Frogs,TCU,TCU Horned Frogs,TCU,4d1979,f1f2f3,https://a.espncdn.com/i/teamlogos/ncaa/500/2628.png,48
264000028,2006,3,2006-03-21,2006-03-21T21:00:00.000000-0500,259,s:40~l:54~t:259,virginia-tech-hokies,Virginia Tech,Hokies,VT,Virginia Tech Hokies,Virginia Tech,630031,cf4520,https://a.espncdn.com/i/teamlogos/ncaa/500/259.png,away,56,false,0,0,15,43.1,25,58,0,17,42.9,3,7,2,7,0,0,0,37.5,3,8,22,0,0,0,41,s:40~l:54~t:41,uconn-huskies,UConn,Huskies,CONN,UConn Huskies,UConn,0c2340,f1f2f3,https://a.espncdn.com/i/teamlogos/ncaa/500/41.png,79
264000028,2006,3,2006-03-21,2006-03-21T21:00:00.000000-0500,41,s:40~l:54~t:41,uconn-huskies,UConn,Huskies,CONN,UConn Huskies,UConn,0c2340,f1f2f3,https://a.espncdn.com/i/teamlogos/ncaa/500/41.png,home,79,true,0,0,24,48.4,31,64,0,12,58.3,7,12,27,12,0,0,0,40.0,10,25,36,0,0,0,259,s:40~l:54~t:259,virginia-tech-hokies,Virginia Tech,Hokies,VT,Virginia Tech Hokies,Virginia Tech,630031,cf4520,https://a.espncdn.com/i/teamlogos/ncaa/500/259.png,56
264000018,2006,3,2006-03-21,2006-03-21T21:00:00.000000-0500,30,s:40~l:54~t:30,usc-trojans,USC,Trojans,USC,USC Trojans,USC,9e2237,ffcc00,https://a.espncdn.com/i/teamlogos/ncaa/500/30.png,away,51,false,0,0,13,34.5,19,55,0,18,71.4,10,14,0,4,0,0,0,15.0,3,20,17,0,0,0,150,s:40~l:54~t:150,duke-blue-devils,Duke,Blue Devils,DUKE,Duke Blue Devils,Duke,013088,ffffff,https://a.espncdn.com/i/teamlogos/ncaa/500/150.png,85
264000018,2006,3,2006-03-21,2006-03-21T21:00:00.000000-0500,150,s:40~l:54~t:150,duke-blue-devils,Duke,Blue Devils,DUKE,Duke Blue Devils,Duke,013088,ffffff,https://a.espncdn.com/i/teamlogos/ncaa/500/150.png,home,85,true,0,0,29,50.8,30,59,0,17,73.9,17,23,36,15,0,0,0,38.1,8,21,44,0,0,0,30,s:40~l:54~t:30,usc-trojans,USC,Trojans,USC,USC Trojans,USC,9e2237,ffcc00,https://a.espncdn.com/i/teamlogos/ncaa/500/30.png,51
264000003,2006,3,2006-03-21,2006-03-21T21:00:00.000000-0500,103,s:40~l:54~t:103,boston-college-eagles,Boston College,Eagles,BC,Boston College Eagles,Boston College,8c2232,dbcca6,https://a.espncdn.com/i/teamlogos/ncaa/500/103.png,away,79,true,0,0,22,51.8,29,56,0,14,82.4,14,17,13,10,0,0,0,53.8,7,13,32,0,0,0,194,s:40~l:54~t:194,ohio-state-buckeyes,Ohio State,Buckeyes,OSU,Ohio State Buckeyes,Ohio State,ce1141,505056,https://a.espncdn.com/i/teamlogos/ncaa/500/194.png,69
264000003,2006,3,2006-03-21,2006-03-21T21:00:00.000000-0500,194,s:40~l:54~t:194,ohio-state-buckeyes,Ohio State,Buckeyes,OSU,Ohio State Buckeyes,Ohio State,ce1141,505056,https://a.espncdn.com/i/teamlogos/ncaa/500/194.png,home,69,false,0,0,15,45.5,30,66,0,15,55.6,5,9,2,13,0,0,0,25.0,4,16,28,0,0,0,103,s:40~l:54~t:103,boston-college-eagles,Boston College,Eagles,BC,Boston College Eagles,Boston College,8c2232,dbcca6,https://a.espncdn.com/i/teamlogos/ncaa/500/103.png,79
264000049,2006,3,2006-03-20,2006-03-20T19:00:00.000000-0500,238,s:40~l:54~t:238,vanderbilt-commodores,Vanderbilt,Commodores,VAN,Vanderbilt Commodores,Vanderbilt,000000,231f20,https://a.espncdn.com/i/teamlogos/ncaa/500/238.png,away,70,false,0,0,19,45.3,24,53,0,15,81.0,17,21,4,10,0,0,1,45.5,5,11,29,1,0,0,153,s:40~l:54~t:153,north-carolina-tar-heels,North Carolina,Tar Heels,UNC,North Carolina Tar Heels,North Carolina,7bafd4,13294b,https://a.espncdn.com/i/teamlogos/ncaa/500/153.png,89
264000049,2006,3,2006-03-20,2006-03-20T19:00:00.000000-0500,153,s:40~l:54~t:153,north-carolina-tar-heels,North Carolina,Tar Heels,UNC,North Carolina Tar Heels,North Carolina,7bafd4,13294b,https://a.espncdn.com/i/teamlogos/ncaa/500/153.png,home,89,true,0,0,16,46.3,31,67,0,16,90.0,18,20,20,14,0,0,2,50.0,9,18,30,2,0,0,238,s:40~l:54~t:238,vanderbilt-commodores,Vanderbilt,Commodores,VAN,Vanderbilt Commodores,Vanderbilt,000000,231f20,https://a.espncdn.com/i/teamlogos/ncaa/500/238.png,70
264000044,2006,3,2006-03-20,2006-03-20T19:00:00.000000-0500,252,s:40~l:54~t:252,byu-cougars,BYU,Cougars,BYU,BYU Cougars,BYU,001E4C,ffffff,https://a.espncdn.com/i/teamlogos/ncaa/500/252.png,away,70,false,0,0,16,43.8,28,64,0,17,44.4,8,18,2,13,0,0,0,27.3,6,22,29,0,0,0,201,s:40~l:54~t:201,oklahoma-sooners,Oklahoma,Sooners,OU,Oklahoma Sooners,Oklahoma,9d2235,ffffff,https://a.espncdn.com/i/teamlogos/ncaa/500/201.png,86
264000044,2006,3,2006-03-20,2006-03-20T19:00:00.000000-0500,201,s:40~l:54~t:201,oklahoma-sooners,Oklahoma,Sooners,OU,Oklahoma Sooners,Oklahoma,9d2235,ffffff,https://a.espncdn.com/i/teamlogos/ncaa/500/201.png,home,86,true,0,0,25,53.6,30,56,0,14,72.7,16,22,27,11,0,0,0,52.6,10,19,36,0,0,0,252,s:40~l:54~t:252,byu-cougars,BYU,Cougars,BYU,BYU Cougars,BYU,001E4C,ffffff,https://a.espncdn.com/i/teamlogos/ncaa/500/252.png,70
264000021,2006,3,2006-03-20,2006-03-20T19:00:00.000000-0500,96,s:40~l:54~t:96,kentucky-wildcats,Kentucky,Wildcats,UK,Kentucky Wildcats,Kentucky,005DAA,ffffff,https://a.espncdn.com/i/teamlogos/ncaa/500/96.png,away,63,false,0,0,17,41.9,26,62,0,17,100.0,4,4,9,9,0,0,0,35.0,7,20,26,0,0,0,127,s:40~l:54~t:127,michigan-state-spartans,Michigan State,Spartans,MSU,Michigan State Spartans,Michigan St,18453B,ffffff,https://a.espncdn.com/i/teamlogos/ncaa/500/127.png,67
264000021,2006,3,2006-03-20,2006-03-20T19:00:00.000000-0500,127,s:40~l:54~t:127,michigan-state-spartans,Michigan State,Spartans,MSU,Michigan State Spartans,Michigan St,18453B,ffffff,https://a.espncdn.com/i/teamlogos/ncaa/500/127.png,home,67,true,0,0,21,44.6,25,56,0,4,70.0,14,20,6,9,0,0,0,27.3,3,11,30,0,0,0,96,s:40~l:54~t:96,kentucky-wildcats,Kentucky,Wildcats,UK,Kentucky Wildcats,Kentucky,005DAA,ffffff,https://a.espncdn.com/i/teamlogos/ncaa/500/96.png,63
264000010,2006,3,2006-03-20,2006-03-20T19:00:00.000000-0500,167,s:40~l:54~t:167,new-mexico-lobos,New Mexico,Lobos,UNM,New Mexico Lobos,New Mexico,000000,231f20,https://a.espncdn.com/i/teamlogos/ncaa/500/167.png,away,67,false,0,0,18,41.5,22,53,0,16,77.3,17,22,7,6,0,0,0,60.0,6,10,24,0,0,0,239,s:40~l:54~t:239,baylor-bears,Baylor,Bears,BAY,Baylor Bears,Baylor,154734,ffb81c,https://a.espncdn.com/i/teamlogos/ncaa/500/239.png,87
264000010,2006,3,2006-03-20,2006-03-20T19:00:00.000000-0500,239,s:40~l:54~t:239,baylor-bears,Baylor,Bears,BAY,Baylor Bears,Baylor,154734,ffb81c,https://a.espncdn.com/i/teamlogos/ncaa/500/239.png,home,87,true,0,0,21,45.8,33,72,0,21,85.7,12,14,20,14,0,0,0,50.0,9,18,35,0,0,0,167,s:40~l:54~t:167,new-mexico-lobos,New Mexico,Lobos,UNM,New Mexico Lobos,New Mexico,000000,231f20,https://a.espncdn.com/i/teamlogos/ncaa/500/167.png,67
264000041,2006,3,2006-03-20,2006-03-20T21:00:00.000000-0500,52,s:40~l:54~t:52,florida-state-seminoles,Florida State,Seminoles,FSU,Florida State Seminoles,Florida St,782F40,ceb888,https://a.espncdn.com/i/teamlogos/ncaa/500/52.png,away,70,false,0,0,15,38.2,26,68,0,21,81.0,17,21,2,11,0,0,0,9.1,1,11,26,0,0,0,24,s:40~l:54~t:24,stanford-cardinal,Stanford,Cardinal,STAN,Stanford Cardinal,Stanford,8c1515,ffffff,https://a.espncdn.com/i/teamlogos/ncaa/500/24.png,88
264000041,2006,3,2006-03-20,2006-03-20T21:00:00.000000-0500,24,s:40~l:54~t:24,stanford-cardinal,Stanford,Cardinal,STAN,Stanford Cardinal,Stanford,8c1515,ffffff,https://a.espncdn.com/i/teamlogos/ncaa/500/24.png,home,88,true,0,0,28,52.9,27,51,0,16,81.8,27,33,22,7,0,0,0,36.8,7,19,35,0,0,0,52,s:40~l:54~t:52,florida-state-seminoles,Florida State,Seminoles,FSU,Florida State Seminoles,Florida St,782F40,ceb888,https://a.espncdn.com/i/teamlogos/ncaa/500/52.png,70
264000037,2006,3,2006-03-20,2006-03-20T21:00:00.000000-0500,202,s:40~l:54~t:202,tulsa-golden-hurricane,Tulsa,Golden Hurricane,TLSA,Tulsa Golden Hurricane,Tulsa,003595,d0b787,https://a.espncdn.com/i/teamlogos/ncaa/500/202.png,away,67,false,0,0,24,51.9,28,54,0,15,66.7,8,12,11,5,0,0,0,30.0,3,10,29,0,0,0,305,s:40~l:54~t:305,depaul-blue-demons,DePaul,Blue Demons,DEP,DePaul Blue Demons,DePaul,2d649c,ce1125,https://a.espncdn.com/i/teamlogos/ncaa/500/305.png,71
264000037,2006,3,2006-03-20,2006-03-20T21:00:00.000000-0500,305,s:40~l:54~t:305,depaul-blue-demons,DePaul,Blue Demons,DEP,DePaul Blue Demons,DePaul,2d649c,ce1125,https://a.espncdn.com/i/teamlogos/ncaa/500/305.png,home,71,true,0,0,22,37.1,26,70,0,17,91.7,11,12,4,14,0,0,0,30.8,8,26,36,0,0,0,202,s:40~l:54~t:202,tulsa-golden-hurricane,Tulsa,Golden Hurricane,TLSA,Tulsa Golden Hurricane,Tulsa,003595,d0b787,https://a.espncdn.com/i/teamlogos/ncaa/500/202.png,67
264000034,2006,3,2006-03-20,2006-03-20T21:00:00.000000-0500,264,s:40~l:54~t:264,washington-huskies,Washington,Huskies,WASH,Washington Huskies,Washington,33006f,e8d3a2,https://a.espncdn.com/i/teamlogos/ncaa/500/264.png,away,49,false,0,0,26,33.9,20,59,0,18,100.0,7,7,3,6,0,0,0,20.0,2,10,32,0,0,0,99,s:40~l:54~t:99,lsu-tigers,LSU,Tigers,LSU,LSU Tigers,LSU,461d7c,fdd023,https://a.espncdn.com/i/teamlogos/ncaa/500/99.png,72
264000034,2006,3,2006-03-20,2006-03-20T21:00:00.000000-0500,99,s:40~l:54~t:99,lsu-tigers,LSU,Tigers,LSU,LSU Tigers,LSU,461d7c,fdd023,https://a.espncdn.com/i/teamlogos/ncaa/500/99.png,home,72,true,0,0,22,38.8,26,67,0,10,81.0,17,21,23,14,0,0,0,42.9,3,7,36,0,0,0,264,s:40~l:54~t:264,washington-huskies,Washington,Huskies,WASH,Washington Huskies,Washington,33006f,e8d3a2,https://a.espncdn.com/i/teamlogos/ncaa/500/264.png,49
264000006,2006,3,2006-03-20,2006-03-20T21:00:00.000000-0500,254,s:40~l:54~t:254,utah-utes,Utah,Utes,UTAH,Utah Utes,Utah,890012,7e8083,https://a.espncdn.com/i/teamlogos/ncaa/500/254.png,away,86,true,0,0,25,55.4,31,56,0,12,70.8,17,24,21,6,0,0,0,53.8,7,13,31,0,0,0,9,s:40~l:54~t:9,arizona-state-sun-devils,Arizona State,Sun Devils,ASU,Arizona State Sun Devils,Arizona State,942139,f1f2f3,https://a.espncdn.com/i/teamlogos/ncaa/500/9.png,65
264000006,2006,3,2006-03-20,2006-03-20T21:00:00.000000-0500,9,s:40~l:54~t:9,arizona-state-sun-devils,Arizona State,Sun Devils,ASU,Arizona State Sun Devils,Arizona State,942139,f1f2f3,https://a.espncdn.com/i/teamlogos/ncaa/500/9.png,home,65,false,0,0,20,40.4,23,57,0,22,84.6,11,13,15,5,0,0,0,42.1,8,19,25,0,0,0,254,s:40~l:54~t:254,utah-utes,Utah,Utes,UTAH,Utah Utes,Utah,890012,7e8083,https://a.espncdn.com/i/teamlogos/ncaa/500/254.png,86
264000058,2006,3,2006-03-19,2006-03-19T12:00:00.000000-0500,349,s:40~l:54~t:349,army-black-knights,Army,Black Knights,ARMY,Army Black Knights,Army,ce9c00,231f20,https://a.espncdn.com/i/teamlogos/ncaa/500/349.png,away,54,false,0,0,12,43.4,23,53,0,20,62.5,5,8,3,7,2,0,0,21.4,3,14,19,0,0,0,2633,s:40~l:54~t:2633,tennessee-lady-volunteers,Tennessee,Lady Volunteers,TENN,Tennessee Lady Volunteers,Tennessee,ff8200,ffffff,https://a.espncdn.com/i/teamlogos/ncaa/500/2633_ncw.png,102
264000058,2006,3,2006-03-19,2006-03-19T12:00:00.000000-0500,2633,s:40~l:54~t:2633,tennessee-lady-volunteers,Tennessee,Lady Volunteers,TENN,Tennessee Lady Volunteers,Tennessee,ff8200,ffffff,https://a.espncdn.com/i/teamlogos/ncaa/500/2633_ncw.png,home,102,true,0,0,22,61.3,38,62,0,14,71.4,20,28,50,13,7,0,0,37.5,6,16,35,0,0,0,349,s:40~l:54~t:349,army-black-knights,Army,Black Knights,ARMY,Army Black Knights,Army,ce9c00,231f20,https://a.espncdn.com/i/teamlogos/ncaa/500/349.png,54
264000051,2006,3,2006-03-19,2006-03-19T12:00:00.000000-0500,2623,s:40~l:54~t:2623,missouri-state-lady-bears,Missouri State,Lady Bears,MOST,Missouri State Lady Bears,Missouri St,5F0000,e8e8e8,https://a.espncdn.com/i/teamlogos/ncaa/500/2623.png,away,52,false,0,0,14,33.3,17,51,0,17,100.0,12,12,10,6,0,0,0,26.1,6,23,20,0,0,0,2509,s:40~l:54~t:2509,purdue-boilermakers,Purdue,Boilermakers,PUR,Purdue Boilermakers,Purdue,000000,cfb991,https://a.espncdn.com/i/teamlogos/ncaa/500/2509.png,73
264000051,2006,3,2006-03-19,2006-03-19T12:00:00.000000-0500,2509,s:40~l:54~t:2509,purdue-boilermakers,Purdue,Boilermakers,PUR,Purdue Boilermakers,Purdue,000000,cfb991,https://a.espncdn.com/i/teamlogos/ncaa/500/2509.png,home,73,true,0,0,24,50.0,26,52,0,15,81.8,18,22,23,11,0,0,0,23.1,3,13,35,0,0,0,2623,s:40~l:54~t:2623,missouri-state-lady-bears,Missouri State,Lady Bears,MOST,Missouri State Lady Bears,Missouri St,5F0000,e8e8e8,https://a.espncdn.com/i/teamlogos/ncaa/500/2623.png,52
264000023,2006,3,2006-03-19,2006-03-19T12:00:00.000000-0500,42,s:40~l:54~t:42,hartford-hawks,Hartford,Hawks,HART,Hartford Hawks,Hartford,d60008,000000,https://a.espncdn.com/i/teamlogos/ncaa/500/42.png,away,64,true,0,0,24,43.5,27,62,0,10,69.2,9,13,11,10,0,0,0,20.0,1,5,34,0,0,0,218,s:40~l:54~t:218,temple-owls,Temple,Owls,TEM,Temple Owls,Temple,A80532,a7a9ac,https://a.espncdn.com/i/teamlogos/ncaa/500/218.png,58
264000023,2006,3,2006-03-19,2006-03-19T12:00:00.000000-0500,218,s:40~l:54~t:218,temple-owls,Temple,Owls,TEM,Temple Owls,Temple,A80532,a7a9ac,https://a.espncdn.com/i/teamlogos/ncaa/500/218.png,home,58,false,0,0,24,41.0,25,61,0,11,62.5,5,8,4,10,0,0,0,23.1,3,13,34,0,0,0,42,s:40~l:54~t:42,hartford-hawks,Hartford,Hawks,HART,Hartford Hawks,Hartford,d60008,000000,https://a.espncdn.com/i/teamlogos/ncaa/500/42.png,64
264000011,2006,3,2006-03-19,2006-03-19T12:00:00.000000-0500,25,s:40~l:54~t:25,california-golden-bears,California,Golden Bears,CAL,California Golden Bears,California,031522,ffc423,https://a.espncdn.com/i/teamlogos/ncaa/500/25.png,away,68,false,0,0,15,46.3,25,54,0,18,71.4,15,21,9,10,0,0,0,37.5,3,8,25,0,0,0,2599,s:40~l:54~t:2599,st-johns-red-storm,St. John's,Red Storm,SJU,St. John's Red Storm,St John's,d10000,101010,https://a.espncdn.com/i/teamlogos/ncaa/500/2599.png,78
264000011,2006,3,2006-03-19,2006-03-19T12:00:00.000000-0500,2599,s:40~l:54~t:2599,st-johns-red-storm,St. John's,Red Storm,SJU,St. John's Red Storm,St John's,d10000,101010,https://a.espncdn.com/i/teamlogos/ncaa/500/2599.png,home,78,true,0,0,18,44.8,30,67,0,19,58.3,14,24,16,21,0,0,0,26.7,4,15,39,0,0,0,25,s:40~l:54~t:25,california-golden-bears,California,Golden Bears,CAL,California Golden Bears,California,031522,ffc423,https://a.espncdn.com/i/teamlogos/ncaa/500/25.png,68
264000057,2006,3,2006-03-19,2006-03-19T14:30:00.000000-0500,295,s:40~l:54~t:295,old-dominion-monarchs,Old Dominion,Monarchs,ODU,Old Dominion Monarchs,Old Dominion,00507d,a1d2f1,https://a.espncdn.com/i/teamlogos/ncaa/500/295.png,away,72,false,0,0,15,45.0,27,60,0,22,66.7,16,24,3,9,8,0,0,22.2,4,18,24,0,0,0,45,s:40~l:54~t:45,george-washington-colonials,George Washington,Colonials,GW,George Washington Colonials,G Washington,002843,e8d2a1,https://a.espncdn.com/i/teamlogos/ncaa/500/45.png,87
264000057,2006,3,2006-03-19,2006-03-19T14:30:00.000000-0500,45,s:40~l:54~t:45,george-washington-colonials,George Washington,Colonials,GW,George Washington Colonials,G Washington,002843,e8d2a1,https://a.espncdn.com/i/teamlogos/ncaa/500/45.png,home,87,true,0,0,25,57.1,36,63,0,17,73.7,14,19,22,9,9,0,0,14.3,1,7,34,0,0,0,295,s:40~l:54~t:295,old-dominion-monarchs,Old Dominion,Monarchs,ODU,Old Dominion Monarchs,Old Dominion,00507d,a1d2f1,https://a.espncdn.com/i/teamlogos/ncaa/500/295.png,72
264000050,2006,3,2006-03-19,2006-03-19T14:30:00.000000-0500,189,s:40~l:54~t:189,bowling-green-falcons,Bowling Green,Falcons,BGSU,Bowling Green Falcons,Bowling Green,2b1000,492000,https://a.espncdn.com/i/teamlogos/ncaa/500/189.png,away,61,false,0,0,18,42.9,24,56,0,9,66.7,10,15,4,6,0,0,0,31.6,6,19,24,0,0,0,26,s:40~l:54~t:26,ucla-bruins,UCLA,Bruins,UCLA,UCLA Bruins,UCLA,2774ae,f2a900,https://a.espncdn.com/i/teamlogos/ncaa/500/26.png,74
264000050,2006,3,2006-03-19,2006-03-19T14:30:00.000000-0500,26,s:40~l:54~t:26,ucla-bruins,UCLA,Bruins,UCLA,UCLA Bruins,UCLA,2774ae,f2a900,https://a.espncdn.com/i/teamlogos/ncaa/500/26.png,home,74,true,0,0,26,49.2,30,61,0,19,66.7,4,6,20,10,0,0,0,50.0,10,20,36,0,0,0,189,s:40~l:54~t:189,bowling-green-falcons,Bowling Green,Falcons,BGSU,Bowling Green Falcons,Bowling Green,2b1000,492000,https://a.espncdn.com/i/teamlogos/ncaa/500/189.png,61
264000024,2006,3,2006-03-19,2006-03-19T14:30:00.000000-0500,2368,s:40~l:54~t:2368,marist-red-foxes,Marist,Red Foxes,MRST,Marist Red Foxes,Marist,e53730,f0f0f0,https://a.espncdn.com/i/teamlogos/ncaa/500/2368.png,away,60,false,0,0,23,35.6,21,59,0,17,63.6,7,11,1,8,0,0,0,35.5,11,31,31,0,0,0,61,s:40~l:54~t:61,georgia-lady-bulldogs,Georgia,Lady Bulldogs,UGA,Georgia Lady Bulldogs,Georgia,CC0000,000000,https://a.espncdn.com/i/teamlogos/ncaa/500/61.png,75
264000024,2006,3,2006-03-19,2006-03-19T14:30:00.000000-0500,61,s:40~l:54~t:61,georgia-lady-bulldogs,Georgia,Lady Bulldogs,UGA,Georgia Lady Bulldogs,Georgia,CC0000,000000,https://a.espncdn.com/i/teamlogos/ncaa/500/61.png,home,75,true,1,0,32,46.7,28,60,0,10,68.4,13,19,23,9,0,0,0,42.9,6,14,41,0,0,0,2368,s:40~l:54~t:2368,marist-red-foxes,Marist,Red Foxes,MRST,Marist Red Foxes,Marist,e53730,f0f0f0,https://a.espncdn.com/i/teamlogos/ncaa/500/2368.png,60
264000012,2006,3,2006-03-19,2006-03-19T14:30:00.000000-0500,2529,s:40~l:54~t:2529,sacred-heart-pioneers,Sacred Heart,Pioneers,SHU,Sacred Heart Pioneers,Sacred Heart,a40012,c29472,https://a.espncdn.com/i/teamlogos/ncaa/500/2529.png,away,54,false,0,0,17,32.3,20,62,0,14,62.5,5,8,0,7,0,0,0,39.1,9,23,24,0,0,0,120,s:40~l:54~t:120,maryland-terrapins,Maryland,Terrapins,MD,Maryland Terrapins,Maryland,D5002B,ffcd00,https://a.espncdn.com/i/teamlogos/ncaa/500/120.png,95
264000012,2006,3,2006-03-19,2006-03-19T14:30:00.000000-0500,120,s:40~l:54~t:120,maryland-terrapins,Maryland,Terrapins,MD,Maryland Terrapins,Maryland,D5002B,ffcd00,https://a.espncdn.com/i/teamlogos/ncaa/500/120.png,home,95,true,0,0,30,49.3,36,73,0,7,85.0,17,20,41,21,0,0,0,46.2,6,13,51,0,0,0,2529,s:40~l:54~t:2529,sacred-heart-pioneers,Sacred Heart,Pioneers,SHU,Sacred Heart Pioneers,Sacred Heart,a40012,c29472,https://a.espncdn.com/i/teamlogos/ncaa/500/2529.png,54
264000055,2006,3,2006-03-19,2006-03-19T19:00:00.000000-0500,159,s:40~l:54~t:159,dartmouth-big-green,Dartmouth,Big Green,DART,Dartmouth Big Green,Dartmouth,005730,000000,https://a.espncdn.com/i/teamlogos/ncaa/500/159.png,away,58,false,0,0,25,39.3,22,56,0,13,83.3,5,6,0,5,0,0,0,39.1,9,23,30,0,0,0,164,s:40~l:54~t:164,rutgers-scarlet-knights,Rutgers,Scarlet Knights,RUTG,Rutgers Scarlet Knights,Rutgers,d21034,ffffff,https://a.espncdn.com/i/teamlogos/ncaa/500/164.png,63
264000055,2006,3,2006-03-19,2006-03-19T19:00:00.000000-0500,164,s:40~l:54~t:164,rutgers-scarlet-knights,Rutgers,Scarlet Knights,RUTG,Rutgers Scarlet Knights,Rutgers,d21034,ffffff,https://a.espncdn.com/i/teamlogos/ncaa/500/164.png,home,63,true,0,0,26,42.4,25,59,0,11,76.9,10,13,16,9,0,0,0,37.5,3,8,35,0,0,0,159,s:40~l:54~t:159,dartmouth-big-green,Dartmouth,Big Green,DART,Dartmouth Big Green,Dartmouth,005730,000000,https://a.espncdn.com/i/teamlogos/ncaa/500/159.png,58
264000026,2006,3,2006-03-19,2006-03-19T19:00:00.000000-0500,142,s:40~l:54~t:142,missouri-tigers,Missouri,Tigers,MIZ,Missouri Tigers,Missouri,f1b82d,000000,https://a.espncdn.com/i/teamlogos/ncaa/500/142.png,away,51,false,0,0,18,31.6,18,57,0,17,66.7,8,12,0,11,0,0,0,43.8,7,16,29,0,0,0,259,s:40~l:54~t:259,virginia-tech-hokies,Virginia Tech,Hokies,VT,Virginia Tech Hokies,Virginia Tech,630031,cf4520,https://a.espncdn.com/i/teamlogos/ncaa/500/259.png,82
264000026,2006,3,2006-03-19,2006-03-19T19:00:00.000000-0500,259,s:40~l:54~t:259,virginia-tech-hokies,Virginia Tech,Hokies,VT,Virginia Tech Hokies,Virginia Tech,630031,cf4520,https://a.espncdn.com/i/teamlogos/ncaa/500/259.png,home,82,true,0,0,24,51.5,35,68,0,12,71.4,10,14,32,14,0,0,0,50.0,2,4,38,0,0,0,142,s:40~l:54~t:142,missouri-tigers,Missouri,Tigers,MIZ,Missouri Tigers,Missouri,f1b82d,000000,https://a.espncdn.com/i/teamlogos/ncaa/500/142.png,51
264000016,2006,3,2006-03-19,2006-03-19T19:00:00.000000-0500,2582,s:40~l:54~t:2582,southern-jaguars,Southern,Jaguars,SOU,Southern Jaguars,Southern,004B97,ffc82d,https://a.espncdn.com/i/teamlogos/ncaa/500/2582.png,away,27,false,0,0,11,19.3,11,57,0,20,50.0,4,8,0,6,0,0,0,7.1,1,14,17,0,0,0,150,s:40~l:54~t:150,duke-blue-devils,Duke,Blue Devils,DUKE,Duke Blue Devils,Duke,013088,ffffff,https://a.espncdn.com/i/teamlogos/ncaa/500/150.png,96
264000016,2006,3,2006-03-19,2006-03-19T19:00:00.000000-0500,150,s:40~l:54~t:150,duke-blue-devils,Duke,Blue Devils,DUKE,Duke Blue Devils,Duke,013088,ffffff,https://a.espncdn.com/i/teamlogos/ncaa/500/150.png,home,96,true,0,0,36,54.0,34,63,0,10,84.6,22,26,69,13,0,0,0,46.2,6,13,49,0,0,0,2582,s:40~l:54~t:2582,southern-jaguars,Southern,Jaguars,SOU,Southern Jaguars,Southern,004B97,ffc82d,https://a.espncdn.com/i/teamlogos/ncaa/500/2582.png,27
264000002,2006,3,2006-03-19,2006-03-19T19:00:00.000000-0500,87,s:40~l:54~t:87,notre-dame-fighting-irish,Notre Dame,Fighting Irish,ND,Notre Dame Fighting Irish,Notre Dame,0c2340,c99700,https://a.espncdn.com/i/teamlogos/ncaa/500/87.png,away,61,false,0,0,15,34.3,23,67,0,24,52.6,10,19,0,15,0,0,1,33.3,5,15,30,1,0,0,103,s:40~l:54~t:103,boston-college-eagles,Boston College,Eagles,BC,Boston College Eagles,Boston College,8c2232,dbcca6,https://a.espncdn.com/i/teamlogos/ncaa/500/103.png,78
264000002,2006,3,2006-03-19,2006-03-19T19:00:00.000000-0500,103,s:40~l:54~t:103,boston-college-eagles,Boston College,Eagles,BC,Boston College Eagles,Boston College,8c2232,dbcca6,https://a.espncdn.com/i/teamlogos/ncaa/500/103.png,home,78,true,0,0,28,47.9,23,48,0,18,80.6,29,36,20,9,0,0,0,37.5,3,8,37,0,0,0,87,s:40~l:54~t:87,notre-dame-fighting-irish,Notre Dame,Fighting Irish,ND,Notre Dame Fighting Irish,Notre Dame,0c2340,c99700,https://a.espncdn.com/i/teamlogos/ncaa/500/87.png,61
264000054,2006,3,2006-03-19,2006-03-19T21:30:00.000000-0500,2628,s:40~l:54~t:2628,tcu-horned-frogs,TCU,Horned Frogs,TCU,TCU Horned Frogs,TCU,4d1979,f1f2f3,https://a.espncdn.com/i/teamlogos/ncaa/500/2628.png,away,69,true,0,0,21,38.0,19,50,0,23,81.3,26,32,16,11,0,0,0,45.5,5,11,32,0,0,0,245,s:40~l:54~t:245,texas-am-aggies,Texas A&M,Aggies,TA&M,Texas A&M Aggies,Texas A&M,5C0025,ffffff,https://a.espncdn.com/i/teamlogos/ncaa/500/245.png,65
264000054,2006,3,2006-03-19,2006-03-19T21:30:00.000000-0500,245,s:40~l:54~t:245,texas-am-aggies,Texas A&M,Aggies,TA&M,Texas A&M Aggies,Texas A&M,5C0025,ffffff,https://a.espncdn.com/i/teamlogos/ncaa/500/245.png,home,65,false,0,0,16,35.6,21,59,0,23,68.2,15,22,0,11,0,0,0,33.3,8,24,27,0,0,0,2628,s:40~l:54~t:2628,tcu-horned-frogs,TCU,Horned Frogs,TCU,TCU Horned Frogs,TCU,4d1979,f1f2f3,https://a.espncdn.com/i/teamlogos/ncaa/500/2628.png,69
264000027,2006,3,2006-03-19,2006-03-19T21:30:00.000000-0500,2154,s:40~l:54~t:2154,coppin-state-eagles,Coppin State,Eagles,COPP,Coppin State Eagles,Coppin St,2e3192,ffd204,https://a.espncdn.com/i/teamlogos/ncaa/500/2154.png,away,54,false,0,0,13,35.8,19,53,0,19,81.3,13,16,4,10,0,0,0,30.0,3,10,23,0,0,0,41,s:40~l:54~t:41,uconn-huskies,UConn,Huskies,CONN,UConn Huskies,UConn,0c2340,f1f2f3,https://a.espncdn.com/i/teamlogos/ncaa/500/41.png,77
264000027,2006,3,2006-03-19,2006-03-19T21:30:00.000000-0500,41,s:40~l:54~t:41,uconn-huskies,UConn,Huskies,CONN,UConn Huskies,UConn,0c2340,f1f2f3,https://a.espncdn.com/i/teamlogos/ncaa/500/41.png,home,77,true,0,0,21,50.0,25,50,0,16,85.7,24,28,24,10,0,0,0,27.3,3,11,31,0,0,0,2154,s:40~l:54~t:2154,coppin-state-eagles,Coppin State,Eagles,COPP,Coppin State Eagles,Coppin St,2e3192,ffd204,https://a.espncdn.com/i/teamlogos/ncaa/500/2154.png,54
264000017,2006,3,2006-03-19,2006-03-19T21:30:00.000000-0500,58,s:40~l:54~t:58,south-florida-bulls,South Florida,Bulls,USF,South Florida Bulls,South Florida,004A36,231f20,https://a.espncdn.com/i/teamlogos/ncaa/500/58.png,away,65,false,0,0,33,41.7,30,72,0,19,70.8,17,24,8,7,0,0,0,35.7,5,14,40,0,0,0,30,s:40~l:54~t:30,usc-trojans,USC,Trojans,USC,USC Trojans,USC,9e2237,ffcc00,https://a.espncdn.com/i/teamlogos/ncaa/500/30.png,67
264000017,2006,3,2006-03-19,2006-03-19T21:30:00.000000-0500,30,s:40~l:54~t:30,usc-trojans,USC,Trojans,USC,USC Trojans,USC,9e2237,ffcc00,https://a.espncdn.com/i/teamlogos/ncaa/500/30.png,home,67,true,0,0,28,39.4,26,66,0,18,74.2,23,31,8,11,0,0,0,25.0,6,24,39,0,0,0,58,s:40~l:54~t:58,south-florida-bulls,South Florida,Bulls,USF,South Florida Bulls,South Florida,004A36,231f20,https://a.espncdn.com/i/teamlogos/ncaa/500/58.png,65
264000001,2006,3,2006-03-19,2006-03-19T21:30:00.000000-0500,2473,s:40~l:54~t:2473,oakland-golden-grizzlies,Oakland,Golden Grizzlies,OAK,Oakland Golden Grizzlies,Oakland,04091c,bc955c,https://a.espncdn.com/i/teamlogos/ncaa/500/2473.png,away,45,false,0,0,24,31.0,18,58,0,12,46.2,6,13,0,7,0,0,0,15.0,3,20,31,0,0,0,194,s:40~l:54~t:194,ohio-state-buckeyes,Ohio State,Buckeyes,OSU,Ohio State Buckeyes,Ohio State,ce1141,505056,https://a.espncdn.com/i/teamlogos/ncaa/500/194.png,68
264000001,2006,3,2006-03-19,2006-03-19T21:30:00.000000-0500,194,s:40~l:54~t:194,ohio-state-buckeyes,Ohio State,Buckeyes,OSU,Ohio State Buckeyes,Ohio State,ce1141,505056,https://a.espncdn.com/i/teamlogos/ncaa/500/194.png,home,68,true,0,0,30,47.8,32,67,0,13,66.7,2,3,24,8,0,0,0,16.7,2,12,38,0,0,0,2473,s:40~l:54~t:2473,oakland-golden-grizzlies,Oakland,Golden Grizzlies,OAK,Oakland Golden Grizzlies,Oakland,04091c,bc955c,https://a.espncdn.com/i/teamlogos/ncaa/500/2473.png,45
264000033,2006,3,2006-03-18,2006-03-18T12:00:00.000000-0500,264,s:40~l:54~t:264,washington-huskies,Washington,Huskies,WASH,Washington Huskies,Washington,33006f,e8d3a2,https://a.espncdn.com/i/teamlogos/ncaa/500/264.png,away,73,true,0,0,24,39.7,27,68,0,24,60.9,14,23,5,16,0,0,0,38.5,5,13,40,0,0,0,135,s:40~l:54~t:135,minnesota-golden-gophers,Minnesota,Golden Gophers,MINN,Minnesota Golden Gophers,Minnesota,981a31,981a31,https://a.espncdn.com/i/teamlogos/ncaa/500/135.png,69
264000033,2006,3,2006-03-18,2006-03-18T12:00:00.000000-0500,135,s:40~l:54~t:135,minnesota-golden-gophers,Minnesota,Golden Gophers,MINN,Minnesota Golden Gophers,Minnesota,981a31,981a31,https://a.espncdn.com/i/teamlogos/ncaa/500/135.png,home,69,false,0,0,22,37.3,19,51,0,20,76.5,26,34,9,10,0,0,0,35.7,5,14,32,0,0,0,264,s:40~l:54~t:264,washington-huskies,Washington,Huskies,WASH,Washington Huskies,Washington,33006f,e8d3a2,https://a.espncdn.com/i/teamlogos/ncaa/500/264.png,73
264000020,2006,3,2006-03-18,2006-03-18T12:00:00.000000-0500,270,s:40~l:54~t:270,milwaukee-panthers,Milwaukee,Panthers,MILW,Milwaukee Panthers,Milwaukee,000000,ffc20e,https://a.espncdn.com/i/teamlogos/ncaa/500/270.png,away,46,false,0,0,15,45.2,19,42,0,12,54.5,6,11,4,4,0,0,0,15.4,2,13,19,0,0,0,127,s:40~l:54~t:127,michigan-state-spartans,Michigan State,Spartans,MSU,Michigan State Spartans,Michigan St,18453B,ffffff,https://a.espncdn.com/i/teamlogos/ncaa/500/127.png,65
264000020,2006,3,2006-03-18,2006-03-18T12:00:00.000000-0500,127,s:40~l:54~t:127,michigan-state-spartans,Michigan State,Spartans,MSU,Michigan State Spartans,Michigan St,18453B,ffffff,https://a.espncdn.com/i/teamlogos/ncaa/500/127.png,home,65,true,0,0,19,40.7,24,59,0,12,82.4,14,17,20,17,0,0,0,20.0,3,15,36,0,0,0,270,s:40~l:54~t:270,milwaukee-panthers,Milwaukee,Panthers,MILW,Milwaukee Panthers,Milwaukee,000000,ffc20e,https://a.espncdn.com/i/teamlogos/ncaa/500/270.png,46
264000043,2006,3,2006-03-18,2006-03-18T13:00:00.000000-0500,2492,s:40~l:54~t:2492,pepperdine-waves,Pepperdine,Waves,PEPP,Pepperdine Waves,Pepperdine,003A72,dc762f,https://a.espncdn.com/i/teamlogos/ncaa/500/2492.png,away,66,false,0,0,20,31.4,22,70,0,24,76.2,16,21,2,9,0,0,0,37.5,6,16,29,0,0,0,201,s:40~l:54~t:201,oklahoma-sooners,Oklahoma,Sooners,OU,Oklahoma Sooners,Oklahoma,9d2235,ffffff,https://a.espncdn.com/i/teamlogos/ncaa/500/201.png,78
264000043,2006,3,2006-03-18,2006-03-18T13:00:00.000000-0500,201,s:40~l:54~t:201,oklahoma-sooners,Oklahoma,Sooners,OU,Oklahoma Sooners,Oklahoma,9d2235,ffffff,https://a.espncdn.com/i/teamlogos/ncaa/500/201.png,home,78,true,0,0,33,50.0,25,50,0,20,73.5,25,34,29,7,0,0,0,25.0,3,12,40,0,0,0,2492,s:40~l:54~t:2492,pepperdine-waves,Pepperdine,Waves,PEPP,Pepperdine Waves,Pepperdine,003A72,dc762f,https://a.espncdn.com/i/teamlogos/ncaa/500/2492.png,66
264000004,2006,3,2006-03-18,2006-03-18T13:00:00.000000-0500,2393,s:40~l:54~t:2393,middle-tennessee-blue-raiders,Middle Tennessee,Blue Raiders,MTSU,Middle Tennessee Blue Raiders,MTSU,006db6,ffffff,https://a.espncdn.com/i/teamlogos/ncaa/500/2393.png,away,71,false,0,0,17,46.0,29,63,0,18,37.5,3,8,15,7,0,0,0,47.6,10,21,24,0,0,0,254,s:40~l:54~t:254,utah-utes,Utah,Utes,UTAH,Utah Utes,Utah,890012,7e8083,https://a.espncdn.com/i/teamlogos/ncaa/500/254.png,76
264000004,2006,3,2006-03-18,2006-03-18T13:00:00.000000-0500,254,s:40~l:54~t:254,utah-utes,Utah,Utes,UTAH,Utah Utes,Utah,890012,7e8083,https://a.espncdn.com/i/teamlogos/ncaa/500/254.png,home,76,true,0,0,26,44.8,26,58,0,10,90.5,19,21,10,9,0,0,0,33.3,5,15,35,0,0,0,2393,s:40~l:54~t:2393,middle-tennessee-blue-raiders,Middle Tennessee,Blue Raiders,MTSU,Middle Tennessee Blue Raiders,MTSU,006db6,ffffff,https://a.espncdn.com/i/teamlogos/ncaa/500/2393.png,71
264000032,2006,3,2006-03-18,2006-03-18T14:30:00.000000-0500,2226,s:40~l:54~t:2226,florida-atlantic-owls,Florida Atlantic,Owls,FAU,Florida Atlantic Owls,FAU,004B85,bb2f4c,https://a.espncdn.com/i/teamlogos/ncaa/500/2226.png,away,48,false,0,0,21,28.3,17,60,0,17,62.5,10,16,3,9,0,0,0,33.3,4,12,30,0,0,0,99,s:40~l:54~t:99,lsu-tigers,LSU,Tigers,LSU,LSU Tigers,LSU,461d7c,fdd023,https://a.espncdn.com/i/teamlogos/ncaa/500/99.png,72
264000032,2006,3,2006-03-18,2006-03-18T14:30:00.000000-0500,99,s:40~l:54~t:99,lsu-tigers,LSU,Tigers,LSU,LSU Tigers,LSU,461d7c,fdd023,https://a.espncdn.com/i/teamlogos/ncaa/500/99.png,home,72,true,0,0,27,44.6,29,65,0,21,66.7,14,21,36,13,0,0,0,0.0,0,7,40,0,0,0,2226,s:40~l:54~t:2226,florida-atlantic-owls,Florida Atlantic,Owls,FAU,Florida Atlantic Owls,FAU,004B85,bb2f4c,https://a.espncdn.com/i/teamlogos/ncaa/500/2226.png,48
264000019,2006,3,2006-03-18,2006-03-18T14:30:00.000000-0500,236,s:40~l:54~t:236,chattanooga-mocs,Chattanooga,Mocs,UTC,Chattanooga Mocs,Chattanooga,00386b,dca71d,https://a.espncdn.com/i/teamlogos/ncaa/500/236.png,away,59,false,0,0,16,38.7,24,62,0,19,62.5,5,8,1,10,0,0,0,23.1,6,26,26,0,0,0,96,s:40~l:54~t:96,kentucky-wildcats,Kentucky,Wildcats,UK,Kentucky Wildcats,Kentucky,005DAA,ffffff,https://a.espncdn.com/i/teamlogos/ncaa/500/96.png,69
264000019,2006,3,2006-03-18,2006-03-18T14:30:00.000000-0500,96,s:40~l:54~t:96,kentucky-wildcats,Kentucky,Wildcats,UK,Kentucky Wildcats,Kentucky,005DAA,ffffff,https://a.espncdn.com/i/teamlogos/ncaa/500/96.png,home,69,true,0,0,21,47.1,24,51,0,14,71.0,22,31,12,12,0,0,0,22.2,2,9,33,0,0,0,236,s:40~l:54~t:236,chattanooga-mocs,Chattanooga,Mocs,UTC,Chattanooga Mocs,Chattanooga,00386b,dca71d,https://a.espncdn.com/i/teamlogos/ncaa/500/236.png,59
264000042,2006,3,2006-03-18,2006-03-18T15:30:00.000000-0500,2294,s:40~l:54~t:2294,iowa-hawkeyes,Iowa,Hawkeyes,IOWA,Iowa Hawkeyes,Iowa,000000,fcd116,https://a.espncdn.com/i/teamlogos/ncaa/500/2294.png,away,62,false,0,0,24,43.4,23,53,0,14,62.5,15,24,3,8,0,0,0,14.3,1,7,32,0,0,0,252,s:40~l:54~t:252,byu-cougars,BYU,Cougars,BYU,BYU Cougars,BYU,001E4C,ffffff,https://a.espncdn.com/i/teamlogos/ncaa/500/252.png,67
264000042,2006,3,2006-03-18,2006-03-18T15:30:00.000000-0500,252,s:40~l:54~t:252,byu-cougars,BYU,Cougars,BYU,BYU Cougars,BYU,001E4C,ffffff,https://a.espncdn.com/i/teamlogos/ncaa/500/252.png,home,67,true,0,0,21,41.7,25,60,0,19,53.8,7,13,16,10,0,0,0,40.0,10,25,31,0,0,0,2294,s:40~l:54~t:2294,iowa-hawkeyes,Iowa,Hawkeyes,IOWA,Iowa Hawkeyes,Iowa,000000,fcd116,https://a.espncdn.com/i/teamlogos/ncaa/500/2294.png,62
264000005,2006,3,2006-03-18,2006-03-18T15:30:00.000000-0500,2617,s:40~l:54~t:2617,stephen-f-austin-ladyjacks,Stephen F. Austin,Ladyjacks,SFA,Stephen F. Austin Ladyjacks,SF Austin,393996,bec0c2,https://a.espncdn.com/i/teamlogos/ncaa/500/2617.png,away,61,false,0,0,15,40.0,26,65,0,13,80.0,8,10,0,7,0,0,0,11.1,1,9,22,0,0,0,9,s:40~l:54~t:9,arizona-state-sun-devils,Arizona State,Sun Devils,ASU,Arizona State Sun Devils,Arizona State,942139,f1f2f3,https://a.espncdn.com/i/teamlogos/ncaa/500/9.png,80
264000005,2006,3,2006-03-18,2006-03-18T15:30:00.000000-0500,9,s:40~l:54~t:9,arizona-state-sun-devils,Arizona State,Sun Devils,ASU,Arizona State Sun Devils,Arizona State,942139,f1f2f3,https://a.espncdn.com/i/teamlogos/ncaa/500/9.png,home,80,true,0,0,28,49.3,33,67,0,14,80.0,12,15,28,18,0,0,0,25.0,2,8,46,0,0,0,2617,s:40~l:54~t:2617,stephen-f-austin-ladyjacks,Stephen F. Austin,Ladyjacks,SFA,Stephen F. Austin Ladyjacks,SF Austin,393996,bec0c2,https://a.espncdn.com/i/teamlogos/ncaa/500/2617.png,61
264000047,2006,3,2006-03-18,2006-03-18T20:00:00.000000-0500,27,s:40~l:54~t:27,uc-riverside-highlanders,UC Riverside,Highlanders,UCR,UC Riverside Highlanders,UC Riverside,14234F,,https://a.espncdn.com/i/teamlogos/ncaa/500/27.png,away,51,false,0,0,21,36.2,21,58,0,11,66.7,4,6,0,3,0,0,0,27.8,5,18,24,0,0,0,153,s:40~l:54~t:153,north-carolina-tar-heels,North Carolina,Tar Heels,UNC,North Carolina Tar Heels,North Carolina,7bafd4,13294b,https://a.espncdn.com/i/teamlogos/ncaa/500/153.png,75
264000047,2006,3,2006-03-18,2006-03-18T20:00:00.000000-0500,153,s:40~l:54~t:153,north-carolina-tar-heels,North Carolina,Tar Heels,UNC,North Carolina Tar Heels,North Carolina,7bafd4,13294b,https://a.espncdn.com/i/teamlogos/ncaa/500/153.png,home,75,true,0,0,26,47.0,31,66,0,10,87.5,7,8,36,7,0,0,0,33.3,6,18,33,0,0,0,27,s:40~l:54~t:27,uc-riverside-highlanders,UC Riverside,Highlanders,UCR,UC Riverside Highlanders,UC Riverside,14234F,,https://a.espncdn.com/i/teamlogos/ncaa/500/27.png,51
264000039,2006,3,2006-03-18,2006-03-18T20:00:00.000000-0500,2348,s:40~l:54~t:2348,louisiana-tech-lady-techsters,Louisiana Tech,Lady Techsters,LT,Louisiana Tech Lady Techsters,Louisiana Tech,002d65,d3313a,https://a.espncdn.com/i/teamlogos/ncaa/500/2348.png,away,71,false,0,0,25,39.7,27,68,0,23,70.0,14,20,6,9,0,0,0,42.9,3,7,34,0,0,0,52,s:40~l:54~t:52,florida-state-seminoles,Florida State,Seminoles,FSU,Florida State Seminoles,Florida St,782F40,ceb888,https://a.espncdn.com/i/teamlogos/ncaa/500/52.png,80
264000039,2006,3,2006-03-18,2006-03-18T20:00:00.000000-0500,52,s:40~l:54~t:52,florida-state-seminoles,Florida State,Seminoles,FSU,Florida State Seminoles,Florida St,782F40,ceb888,https://a.espncdn.com/i/teamlogos/ncaa/500/52.png,home,80,true,0,0,28,41.5,27,65,0,19,59.4,19,32,18,13,0,0,0,50.0,7,14,41,0,0,0,2348,s:40~l:54~t:2348,louisiana-tech-lady-techsters,Louisiana Tech,Lady Techsters,LT,Louisiana Tech Lady Techsters,Louisiana Tech,002d65,d3313a,https://a.espncdn.com/i/teamlogos/ncaa/500/2348.png,71
264000036,2006,3,2006-03-18,2006-03-18T20:00:00.000000-0500,2335,s:40~l:54~t:2335,liberty-flames,Liberty,Flames,LIB,Liberty Flames,Liberty,071740,a61f21,https://a.espncdn.com/i/teamlogos/ncaa/500/2335.png,away,43,false,0,0,13,29.1,16,55,0,20,66.7,8,12,0,10,0,0,0,23.1,3,13,23,0,0,0,305,s:40~l:54~t:305,depaul-blue-demons,DePaul,Blue Demons,DEP,DePaul Blue Demons,DePaul,2d649c,ce1125,https://a.espncdn.com/i/teamlogos/ncaa/500/305.png,68
264000036,2006,3,2006-03-18,2006-03-18T20:00:00.000000-0500,305,s:40~l:54~t:305,depaul-blue-demons,DePaul,Blue Demons,DEP,DePaul Blue Demons,DePaul,2d649c,ce1125,https://a.espncdn.com/i/teamlogos/ncaa/500/305.png,home,68,true,0,0,23,42.1,24,57,0,13,81.0,17,21,27,15,0,0,0,17.6,3,17,38,0,0,0,2335,s:40~l:54~t:2335,liberty-flames,Liberty,Flames,LIB,Liberty Flames,Liberty,071740,a61f21,https://a.espncdn.com/i/teamlogos/ncaa/500/2335.png,43
264000009,2006,3,2006-03-18,2006-03-18T20:00:00.000000-0500,2464,s:40~l:54~t:2464,northern-arizona-lumberjacks,Northern Arizona,Lumberjacks,NAU,Northern Arizona Lumberjacks,N Arizona,003976,1b3069,https://a.espncdn.com/i/teamlogos/ncaa/500/2464.png,away,56,false,0,0,27,27.9,17,61,0,16,76.9,20,26,2,8,0,0,0,18.2,2,11,35,0,0,0,239,s:40~l:54~t:239,baylor-bears,Baylor,Bears,BAY,Baylor Bears,Baylor,154734,ffb81c,https://a.espncdn.com/i/teamlogos/ncaa/500/239.png,74
264000009,2006,3,2006-03-18,2006-03-18T20:00:00.000000-0500,239,s:40~l:54~t:239,baylor-bears,Baylor,Bears,BAY,Baylor Bears,Baylor,154734,ffb81c,https://a.espncdn.com/i/teamlogos/ncaa/500/239.png,home,74,true,0,0,31,44.1,30,68,0,20,72.2,13,18,23,11,0,0,0,11.1,1,9,42,0,0,0,2464,s:40~l:54~t:2464,northern-arizona-lumberjacks,Northern Arizona,Lumberjacks,NAU,Northern Arizona Lumberjacks,N Arizona,003976,1b3069,https://a.espncdn.com/i/teamlogos/ncaa/500/2464.png,56
264000048,2006,3,2006-03-18,2006-03-18T22:30:00.000000-0500,97,s:40~l:54~t:97,louisville-cardinals,Louisville,Cardinals,LOU,Louisville Cardinals,Louisville,c9001f,000000,https://a.espncdn.com/i/teamlogos/ncaa/500/97.png,away,64,false,0,0,12,45.5,25,55,0,20,57.1,4,7,6,9,0,0,0,38.5,10,26,21,0,0,0,238,s:40~l:54~t:238,vanderbilt-commodores,Vanderbilt,Commodores,VAN,Vanderbilt Commodores,Vanderbilt,000000,231f20,https://a.espncdn.com/i/teamlogos/ncaa/500/238.png,76
264000048,2006,3,2006-03-18,2006-03-18T22:30:00.000000-0500,238,s:40~l:54~t:238,vanderbilt-commodores,Vanderbilt,Commodores,VAN,Vanderbilt Commodores,Vanderbilt,000000,231f20,https://a.espncdn.com/i/teamlogos/ncaa/500/238.png,home,76,true,0,0,16,55.1,27,49,0,12,93.8,15,16,12,7,0,0,0,46.7,7,15,23,0,0,0,97,s:40~l:54~t:97,louisville-cardinals,Louisville,Cardinals,LOU,Louisville Cardinals,Louisville,c9001f,000000,https://a.espncdn.com/i/teamlogos/ncaa/500/97.png,64
264000040,2006,3,2006-03-18,2006-03-18T22:30:00.000000-0500,2546,s:40~l:54~t:2546,southeast-missouri-state-redhawks,Southeast Missouri State,Redhawks,SEMO,Southeast Missouri State Redhawks,SE Missouri St,cc0000,080808,https://a.espncdn.com/i/teamlogos/ncaa/500/2546.png,away,45,false,0,0,25,20.7,12,58,0,17,72.0,18,25,0,6,0,0,0,13.6,3,22,31,0,0,0,24,s:40~l:54~t:24,stanford-cardinal,Stanford,Cardinal,STAN,Stanford Cardinal,Stanford,8c1515,ffffff,https://a.espncdn.com/i/teamlogos/ncaa/500/24.png,72
264000040,2006,3,2006-03-18,2006-03-18T22:30:00.000000-0500,24,s:40~l:54~t:24,stanford-cardinal,Stanford,Cardinal,STAN,Stanford Cardinal,Stanford,8c1515,ffffff,https://a.espncdn.com/i/teamlogos/ncaa/500/24.png,home,72,true,0,0,37,41.5,27,65,0,17,76.2,16,21,29,14,0,0,0,18.2,2,11,51,0,0,0,2546,s:40~l:54~t:2546,southeast-missouri-state-redhawks,Southeast Missouri State,Redhawks,SEMO,Southeast Missouri State Redhawks,SE Missouri St,cc0000,080808,https://a.espncdn.com/i/teamlogos/ncaa/500/2546.png,45
264000035,2006,3,2006-03-18,2006-03-18T22:30:00.000000-0500,202,s:40~l:54~t:202,tulsa-golden-hurricane,Tulsa,Golden Hurricane,TLSA,Tulsa Golden Hurricane,Tulsa,003595,d0b787,https://a.espncdn.com/i/teamlogos/ncaa/500/202.png,away,71,true,0,0,20,41.4,24,58,0,14,86.4,19,22,15,10,0,0,0,66.7,4,6,30,0,0,0,152,s:40~l:54~t:152,nc-state-wolfpack,NC State,Wolfpack,NCST,NC State Wolfpack,NC State,EF1216,231f20,https://a.espncdn.com/i/teamlogos/ncaa/500/152.png,61
264000035,2006,3,2006-03-18,2006-03-18T22:30:00.000000-0500,152,s:40~l:54~t:152,nc-state-wolfpack,NC State,Wolfpack,NCST,NC State Wolfpack,NC State,EF1216,231f20,https://a.espncdn.com/i/teamlogos/ncaa/500/152.png,home,61,false,0,0,20,39.4,26,66,0,19,66.7,6,9,4,14,0,0,0,18.8,3,16,34,0,0,0,202,s:40~l:54~t:202,tulsa-golden-hurricane,Tulsa,Golden Hurricane,TLSA,Tulsa Golden Hurricane,Tulsa,003595,d0b787,https://a.espncdn.com/i/teamlogos/ncaa/500/202.png,71
264000008,2006,3,2006-03-18,2006-03-18T22:30:00.000000-0500,167,s:40~l:54~t:167,new-mexico-lobos,New Mexico,Lobos,UNM,New Mexico Lobos,New Mexico,000000,231f20,https://a.espncdn.com/i/teamlogos/ncaa/500/167.png,away,83,true,0,0,25,48.2,27,56,0,18,82.1,23,28,31,9,0,0,0,26.1,6,23,34,0,0,0,57,s:40~l:54~t:57,florida-gators,Florida,Gators,FLA,Florida Gators,Florida,0021a5,fa4616,https://a.espncdn.com/i/teamlogos/ncaa/500/57.png,59
264000008,2006,3,2006-03-18,2006-03-18T22:30:00.000000-0500,57,s:40~l:54~t:57,florida-gators,Florida,Gators,FLA,Florida Gators,Florida,0021a5,fa4616,https://a.espncdn.com/i/teamlogos/ncaa/500/57.png,home,59,false,0,0,16,33.9,21,62,0,21,68.8,11,16,0,12,0,0,0,23.1,6,26,28,0,0,0,167,s:40~l:54~t:167,new-mexico-lobos,New Mexico,Lobos,UNM,New Mexico Lobos,New Mexico,000000,231f20,https://a.espncdn.com/i/teamlogos/ncaa/500/167.png,83
260710042,2006,2,2006-03-12,2006-03-12T14:00:00.000000-0500,104,s:40~l:54~t:104,boston-university-terriers,Boston University,Terriers,BU,Boston University Terriers,Boston Univ,cc0000,ffffff,https://a.espncdn.com/i/teamlogos/ncaa/500/104.png,away,56,false,0,0,18,33.9,21,62,0,15,84.6,11,13,0,11,0,0,0,23.1,3,13,29,0,0,0,42,s:40~l:54~t:42,hartford-hawks,Hartford,Hawks,HART,Hartford Hawks,Hartford,d60008,000000,https://a.espncdn.com/i/teamlogos/ncaa/500/42.png,75
260710042,2006,2,2006-03-12,2006-03-12T14:00:00.000000-0500,42,s:40~l:54~t:42,hartford-hawks,Hartford,Hawks,HART,Hartford Hawks,Hartford,d60008,000000,https://a.espncdn.com/i/teamlogos/ncaa/500/42.png,home,75,true,0,0,28,50.9,29,57,0,11,66.7,8,12,21,8,0,0,0,45.0,9,20,36,0,0,0,104,s:40~l:54~t:104,boston-university-terriers,Boston University,Terriers,BU,Boston University Terriers,Boston Univ,cc0000,ffffff,https://a.espncdn.com/i/teamlogos/ncaa/500/104.png,56
260710282,2006,2,2006-03-12,2006-03-12T16:05:00.000000-0500,2623,s:40~l:54~t:2623,missouri-state-lady-bears,Missouri State,Lady Bears,MOST,Missouri State Lady Bears,Missouri St,5F0000,e8e8e8,https://a.espncdn.com/i/teamlogos/ncaa/500/2623.png,away,64,true,0,0,23,40.4,19,47,0,10,80.0,24,30,11,9,0,0,0,18.2,2,11,32,0,0,0,282,s:40~l:54~t:282,indiana-state-sycamores,Indiana State,Sycamores,INST,Indiana State Sycamores,Indiana St,00669a,f0f0f0,https://a.espncdn.com/i/teamlogos/ncaa/500/282.png,55
260710282,2006,2,2006-03-12,2006-03-12T16:05:00.000000-0500,282,s:40~l:54~t:282,indiana-state-sycamores,Indiana State,Sycamores,INST,Indiana State Sycamores,Indiana St,00669a,f0f0f0,https://a.espncdn.com/i/teamlogos/ncaa/500/282.png,home,55,false,0,0,19,33.3,20,60,0,24,92.9,13,14,8,11,0,0,0,28.6,2,7,30,0,0,0,2623,s:40~l:54~t:2623,missouri-state-lady-bears,Missouri State,Lady Bears,MOST,Missouri State Lady Bears,Missouri St,5F0000,e8e8e8,https://a.espncdn.com/i/teamlogos/ncaa/500/2623.png,64
260700201,2006,2,2006-03-11,2006-03-11T19:00:00.000000-0500,239,s:40~l:54~t:239,baylor-bears,Baylor,Bears,BAY,Baylor Bears,Baylor,154734,ffb81c,https://a.espncdn.com/i/teamlogos/ncaa/500/239.png,away,61,false,0,0,12,25.3,20,79,0,18,73.9,17,23,2,18,0,0,0,17.4,4,23,30,0,0,0,201,s:40~l:54~t:201,oklahoma-sooners,Oklahoma,Sooners,OU,Oklahoma Sooners,Oklahoma,9d2235,ffffff,https://a.espncdn.com/i/teamlogos/ncaa/500/201.png,72
260700201,2006,2,2006-03-11,2006-03-11T19:00:00.000000-0500,201,s:40~l:54~t:201,oklahoma-sooners,Oklahoma,Sooners,OU,Oklahoma Sooners,Oklahoma,9d2235,ffffff,https://a.espncdn.com/i/teamlogos/ncaa/500/201.png,home,72,true,0,0,39,52.1,25,48,0,17,53.6,15,28,14,11,0,0,0,46.7,7,15,50,0,0,0,239,s:40~l:54~t:239,baylor-bears,Baylor,Bears,BAY,Baylor Bears,Baylor,154734,ffb81c,https://a.espncdn.com/i/teamlogos/ncaa/500/239.png,61
260702348,2006,2,2006-03-11,2006-03-11T15:00:00.000000-0500,166,s:40~l:54~t:166,new-mexico-state-aggies,New Mexico State,Aggies,NMSU,New Mexico State Aggies,New Mexico St,891216,000000,https://a.espncdn.com/i/teamlogos/ncaa/500/166.png,away,39,false,0,0,18,21.7,13,60,0,18,40.0,8,20,8,13,0,0,0,17.9,5,28,31,0,0,0,2348,s:40~l:54~t:2348,louisiana-tech-lady-techsters,Louisiana Tech,Lady Techsters,LT,Louisiana Tech Lady Techsters,Louisiana Tech,002d65,d3313a,https://a.espncdn.com/i/teamlogos/ncaa/500/2348.png,63
260702348,2006,2,2006-03-11,2006-03-11T15:00:00.000000-0500,2348,s:40~l:54~t:2348,louisiana-tech-lady-techsters,Louisiana Tech,Lady Techsters,LT,Louisiana Tech Lady Techsters,Louisiana Tech,002d65,d3313a,https://a.espncdn.com/i/teamlogos/ncaa/500/2348.png,home,63,true,0,0,36,34.5,20,58,0,16,67.9,19,28,24,14,0,0,1,44.4,4,9,50,1,0,0,166,s:40~l:54~t:166,new-mexico-state-aggies,New Mexico State,Aggies,NMSU,New Mexico State Aggies,New Mexico St,891216,000000,https://a.espncdn.com/i/teamlogos/ncaa/500/166.png,39
260700252,2006,2,2006-03-11,2006-03-11T18:00:00.000000-0500,254,s:40~l:54~t:254,utah-utes,Utah,Utes,UTAH,Utah Utes,Utah,890012,7e8083,https://a.espncdn.com/i/teamlogos/ncaa/500/254.png,away,84,true,0,0,22,56.6,30,53,0,9,83.3,15,18,28,6,0,0,0,45.8,11,24,28,0,0,0,252,s:40~l:54~t:252,byu-cougars,BYU,Cougars,BYU,BYU Cougars,BYU,001E4C,ffffff,https://a.espncdn.com/i/teamlogos/ncaa/500/252.png,60
260700252,2006,2,2006-03-11,2006-03-11T18:00:00.000000-0500,252,s:40~l:54~t:252,byu-cougars,BYU,Cougars,BYU,BYU Cougars,BYU,001E4C,ffffff,https://a.espncdn.com/i/teamlogos/ncaa/500/252.png,home,60,false,0,0,10,37.7,23,61,0,18,87.5,7,8,0,9,0,0,0,25.0,7,28,19,0,0,0,254,s:40~l:54~t:254,utah-utes,Utah,Utes,UTAH,Utah Utes,Utah,890012,7e8083,https://a.espncdn.com/i/teamlogos/ncaa/500/254.png,84
260700189,2006,2,2006-03-11,2006-03-11T13:00:00.000000-0500,2309,s:40~l:54~t:2309,kent-state-golden-flashes,Kent State,Golden Flashes,KENT,Kent State Golden Flashes,Kent State,002445,f0b510,https://a.espncdn.com/i/teamlogos/ncaa/500/2309.png,away,39,false,0,0,16,34.0,16,47,0,16,100.0,6,6,0,2,0,0,1,14.3,1,7,18,1,0,0,189,s:40~l:54~t:189,bowling-green-falcons,Bowling Green,Falcons,BGSU,Bowling Green Falcons,Bowling Green,2b1000,492000,https://a.espncdn.com/i/teamlogos/ncaa/500/189.png,64
260700189,2006,2,2006-03-11,2006-03-11T13:00:00.000000-0500,189,s:40~l:54~t:189,bowling-green-falcons,Bowling Green,Falcons,BGSU,Bowling Green Falcons,Bowling Green,2b1000,492000,https://a.espncdn.com/i/teamlogos/ncaa/500/189.png,home,64,true,0,0,25,44.4,20,45,0,10,78.3,18,23,25,7,0,0,0,42.9,6,14,32,0,0,0,2309,s:40~l:54~t:2309,kent-state-golden-flashes,Kent State,Golden Flashes,KENT,Kent State Golden Flashes,Kent State,002445,f0b510,https://a.espncdn.com/i/teamlogos/ncaa/500/2309.png,39
260700295,2006,2,2006-03-11,2006-03-11T12:00:00.000000-0500,256,s:40~l:54~t:256,james-madison-dukes,James Madison,Dukes,JMU,James Madison Dukes,James Madison,450084,cbb778,https://a.espncdn.com/i/teamlogos/ncaa/500/256.png,away,54,false,0,0,20,28.1,16,57,0,15,84.6,22,26,4,9,0,0,0,0.0,0,11,29,0,0,0,295,s:40~l:54~t:295,old-dominion-monarchs,Old Dominion,Monarchs,ODU,Old Dominion Monarchs,Old Dominion,00507d,a1d2f1,https://a.espncdn.com/i/teamlogos/ncaa/500/295.png,58
260700295,2006,2,2006-03-11,2006-03-11T12:00:00.000000-0500,295,s:40~l:54~t:295,old-dominion-monarchs,Old Dominion,Monarchs,ODU,Old Dominion Monarchs,Old Dominion,00507d,a1d2f1,https://a.espncdn.com/i/teamlogos/ncaa/500/295.png,home,58,true,0,0,26,41.8,23,55,0,20,62.5,10,16,8,9,0,0,0,20.0,2,10,35,0,0,0,256,s:40~l:54~t:256,james-madison-dukes,James Madison,Dukes,JMU,James Madison Dukes,James Madison,450084,cbb778,https://a.espncdn.com/i/teamlogos/ncaa/500/256.png,54
260702529,2006,2,2006-03-11,2006-03-11T14:00:00.000000-0500,2514,s:40~l:54~t:2514,quinnipiac-bobcats,Quinnipiac,Bobcats,QUIN,Quinnipiac Bobcats,Quinnipiac,041B43,,https://a.espncdn.com/i/teamlogos/ncaa/500/2514.png,away,65,false,0,0,18,34.9,22,63,0,22,77.3,17,22,7,7,0,0,0,26.1,6,23,25,0,0,0,2529,s:40~l:54~t:2529,sacred-heart-pioneers,Sacred Heart,Pioneers,SHU,Sacred Heart Pioneers,Sacred Heart,a40012,c29472,https://a.espncdn.com/i/teamlogos/ncaa/500/2529.png,69
260702529,2006,2,2006-03-11,2006-03-11T14:00:00.000000-0500,2529,s:40~l:54~t:2529,sacred-heart-pioneers,Sacred Heart,Pioneers,SHU,Sacred Heart Pioneers,Sacred Heart,a40012,c29472,https://a.espncdn.com/i/teamlogos/ncaa/500/2529.png,home,69,true,0,0,25,31.1,19,61,0,17,84.8,28,33,8,17,0,0,0,25.0,3,12,42,0,0,0,2514,s:40~l:54~t:2514,quinnipiac-bobcats,Quinnipiac,Bobcats,QUIN,Quinnipiac Bobcats,Quinnipiac,041B43,,https://a.espncdn.com/i/teamlogos/ncaa/500/2514.png,65
260702226,2006,2,2006-03-11,2006-03-11T14:00:00.000000-0500,2241,s:40~l:54~t:2241,gardner-webb-runnin-bulldogs,Gardner-Webb,Runnin' Bulldogs,GWEB,Gardner-Webb Runnin' Bulldogs,Gardner-Webb,c12535,909090,https://a.espncdn.com/i/teamlogos/ncaa/500/2241.png,away,63,false,0,0,22,31.6,18,57,0,20,68.8,22,32,3,14,0,0,0,29.4,5,17,36,0,0,0,2226,s:40~l:54~t:2226,florida-atlantic-owls,Florida Atlantic,Owls,FAU,Florida Atlantic Owls,FAU,004B85,bb2f4c,https://a.espncdn.com/i/teamlogos/ncaa/500/2226.png,74
260702226,2006,2,2006-03-11,2006-03-11T14:00:00.000000-0500,2226,s:40~l:54~t:2226,florida-atlantic-owls,Florida Atlantic,Owls,FAU,Florida Atlantic Owls,FAU,004B85,bb2f4c,https://a.espncdn.com/i/teamlogos/ncaa/500/2226.png,home,74,true,0,0,27,41.2,21,51,0,23,66.7,22,33,15,12,0,0,0,58.8,10,17,39,0,0,0,2241,s:40~l:54~t:2241,gardner-webb-runnin-bulldogs,Gardner-Webb,Runnin' Bulldogs,GWEB,Gardner-Webb Runnin' Bulldogs,Gardner-Webb,c12535,909090,https://a.espncdn.com/i/teamlogos/ncaa/500/2241.png,63
260702154,2006,2,2006-03-11,2006-03-11T15:30:00.000000-0500,2169,s:40~l:54~t:2169,delaware-state-lady-hornets,Delaware State,Lady Hornets,DSU,Delaware State Lady Hornets,Delaware St,FF3630,009cdd,https://a.espncdn.com/i/teamlogos/ncaa/500/2169.png,away,36,false,0,0,14,27.7,13,47,0,9,55.6,10,18,2,9,0,0,0,0.0,0,5,23,0,0,0,2154,s:40~l:54~t:2154,coppin-state-eagles,Coppin State,Eagles,COPP,Coppin State Eagles,Coppin St,2e3192,ffd204,https://a.espncdn.com/i/teamlogos/ncaa/500/2154.png,46
260702154,2006,2,2006-03-11,2006-03-11T15:30:00.000000-0500,2154,s:40~l:54~t:2154,coppin-state-eagles,Coppin State,Eagles,COPP,Coppin State Eagles,Coppin St,2e3192,ffd204,https://a.espncdn.com/i/teamlogos/ncaa/500/2154.png,home,46,true,0,0,20,41.7,20,48,0,18,50.0,4,8,12,7,0,0,0,28.6,2,7,27,0,0,0,2169,s:40~l:54~t:2169,delaware-state-lady-hornets,Delaware State,Lady Hornets,DSU,Delaware State Lady Hornets,Delaware St,FF3630,009cdd,https://a.espncdn.com/i/teamlogos/ncaa/500/2169.png,36
260702540,2006,2,2006-03-11,2006-03-11T16:00:00.000000-0500,27,s:40~l:54~t:27,uc-riverside-highlanders,UC Riverside,Highlanders,UCR,UC Riverside Highlanders,UC Riverside,14234F,,https://a.espncdn.com/i/teamlogos/ncaa/500/27.png,away,59,true,0,0,16,47.9,23,48,0,13,44.4,4,9,5,3,0,0,0,52.9,9,17,19,0,0,0,2540,s:40~l:54~t:2540,uc-santa-barbara-gauchos,UC Santa Barbara,Gauchos,UCSB,UC Santa Barbara Gauchos,UCSB,1D1160,fdb813,https://a.espncdn.com/i/teamlogos/ncaa/500/2540.png,58
260702540,2006,2,2006-03-11,2006-03-11T16:00:00.000000-0500,2540,s:40~l:54~t:2540,uc-santa-barbara-gauchos,UC Santa Barbara,Gauchos,UCSB,UC Santa Barbara Gauchos,UCSB,1D1160,fdb813,https://a.espncdn.com/i/teamlogos/ncaa/500/2540.png,home,58,false,0,0,24,38.9,21,54,0,16,64.3,9,14,7,8,0,0,0,31.8,7,22,32,0,0,0,27,s:40~l:54~t:27,uc-riverside-highlanders,UC Riverside,Highlanders,UCR,UC Riverside Highlanders,UC Riverside,14234F,,https://a.espncdn.com/i/teamlogos/ncaa/500/27.png,59
260702460,2006,2,2006-03-11,2006-03-11T16:35:00.000000-0500,2623,s:40~l:54~t:2623,missouri-state-lady-bears,Missouri State,Lady Bears,MOST,Missouri State Lady Bears,Missouri St,5F0000,e8e8e8,https://a.espncdn.com/i/teamlogos/ncaa/500/2623.png,away,62,true,0,0,15,43.1,22,51,0,13,84.2,16,19,8,9,0,0,0,16.7,2,12,24,0,0,0,2460,s:40~l:54~t:2460,northern-iowa-panthers,Northern Iowa,Panthers,UNI,Northern Iowa Panthers,Northern Iowa,473282,ffffff,https://a.espncdn.com/i/teamlogos/ncaa/500/2460.png,59
260702460,2006,2,2006-03-11,2006-03-11T16:35:00.000000-0500,2460,s:40~l:54~t:2460,northern-iowa-panthers,Northern Iowa,Panthers,UNI,Northern Iowa Panthers,Northern Iowa,473282,ffffff,https://a.espncdn.com/i/teamlogos/ncaa/500/2460.png,home,59,false,0,0,14,42.9,21,49,0,18,88.9,8,9,11,11,0,0,0,40.9,9,22,25,0,0,0,2623,s:40~l:54~t:2623,missouri-state-lady-bears,Missouri State,Lady Bears,MOST,Missouri State Lady Bears,Missouri St,5F0000,e8e8e8,https://a.espncdn.com/i/teamlogos/ncaa/500/2623.png,62
260702582,2006,2,2006-03-11,2006-03-11T17:30:00.000000-0500,2011,s:40~l:54~t:2011,alabama-state-lady-hornets,Alabama State,Lady Hornets,ALST,Alabama State Lady Hornets,Alabama St,e9a900,0a0a0a,https://a.espncdn.com/i/teamlogos/ncaa/500/2011.png,away,58,false,0,0,18,41.2,21,51,0,26,70.6,12,17,2,9,0,0,0,50.0,4,8,27,0,0,0,2582,s:40~l:54~t:2582,southern-jaguars,Southern,Jaguars,SOU,Southern Jaguars,Southern,004B97,ffc82d,https://a.espncdn.com/i/teamlogos/ncaa/500/2582.png,61
260702582,2006,2,2006-03-11,2006-03-11T17:30:00.000000-0500,2582,s:40~l:54~t:2582,southern-jaguars,Southern,Jaguars,SOU,Southern Jaguars,Southern,004B97,ffc82d,https://a.espncdn.com/i/teamlogos/ncaa/500/2582.png,home,61,true,0,0,15,34.7,17,49,0,16,81.8,27,33,7,11,0,0,0,0.0,0,4,26,0,0,0,2011,s:40~l:54~t:2011,alabama-state-lady-hornets,Alabama State,Lady Hornets,ALST,Alabama State Lady Hornets,Alabama St,e9a900,0a0a0a,https://a.espncdn.com/i/teamlogos/ncaa/500/2011.png,58
260690189,2006,2,2006-03-10,2006-03-10T14:30:00.000000-0500,2649,s:40~l:54~t:2649,toledo-rockets,Toledo,Rockets,TOL,Toledo Rockets,Toledo,ffffff,ffd51d,https://a.espncdn.com/i/teamlogos/ncaa/500/2649.png,away,46,false,0,0,18,28.6,18,63,0,21,54.5,6,11,0,10,0,0,0,22.2,4,18,28,0,0,0,189,s:40~l:54~t:189,bowling-green-falcons,Bowling Green,Falcons,BGSU,Bowling Green Falcons,Bowling Green,2b1000,492000,https://a.espncdn.com/i/teamlogos/ncaa/500/189.png,68
260690189,2006,2,2006-03-10,2006-03-10T14:30:00.000000-0500,189,s:40~l:54~t:189,bowling-green-falcons,Bowling Green,Falcons,BGSU,Bowling Green Falcons,Bowling Green,2b1000,492000,https://a.espncdn.com/i/teamlogos/ncaa/500/189.png,home,68,true,0,0,32,48.1,26,54,0,12,61.9,13,21,24,8,0,0,0,23.1,3,13,40,0,0,0,2649,s:40~l:54~t:2649,toledo-rockets,Toledo,Rockets,TOL,Toledo Rockets,Toledo,ffffff,ffd51d,https://a.espncdn.com/i/teamlogos/ncaa/500/2649.png,46
260692199,2006,2,2006-03-10,2006-03-10T12:00:00.000000-0500,2309,s:40~l:54~t:2309,kent-state-golden-flashes,Kent State,Golden Flashes,KENT,Kent State Golden Flashes,Kent State,002445,f0b510,https://a.espncdn.com/i/teamlogos/ncaa/500/2309.png,away,70,true,0,0,23,42.9,24,56,0,11,94.7,18,19,17,11,0,0,0,33.3,4,12,34,0,0,0,2199,s:40~l:54~t:2199,eastern-michigan-eagles,Eastern Michigan,Eagles,EMU,Eastern Michigan Eagles,E Michigan,00331b,f0f0f0,https://a.espncdn.com/i/teamlogos/ncaa/500/2199.png,56
260692199,2006,2,2006-03-10,2006-03-10T12:00:00.000000-0500,2199,s:40~l:54~t:2199,eastern-michigan-eagles,Eastern Michigan,Eagles,EMU,Eastern Michigan Eagles,E Michigan,00331b,f0f0f0,https://a.espncdn.com/i/teamlogos/ncaa/500/2199.png,home,56,false,0,0,19,41.8,23,55,0,16,80.0,4,5,18,5,0,0,0,37.5,6,16,24,0,0,0,2309,s:40~l:54~t:2309,kent-state-golden-flashes,Kent State,Golden Flashes,KENT,Kent State Golden Flashes,Kent State,002445,f0b510,https://a.espncdn.com/i/teamlogos/ncaa/500/2309.png,70
260670201,2006,2,2006-03-08,2006-03-08T13:00:00.000000-0500,66,s:40~l:54~t:66,iowa-state-cyclones,Iowa State,Cyclones,ISU,Iowa State Cyclones,Iowa State,822433,fdca2f,https://a.espncdn.com/i/teamlogos/ncaa/500/66.png,away,74,false,0,0,23,42.6,29,68,0,16,100.0,8,8,1,8,0,0,0,34.8,8,23,31,0,0,0,201,s:40~l:54~t:201,oklahoma-sooners,Oklahoma,Sooners,OU,Oklahoma Sooners,Oklahoma,9d2235,ffffff,https://a.espncdn.com/i/teamlogos/ncaa/500/201.png,78
260670201,2006,2,2006-03-08,2006-03-08T13:00:00.000000-0500,201,s:40~l:54~t:201,oklahoma-sooners,Oklahoma,Sooners,OU,Oklahoma Sooners,Oklahoma,9d2235,ffffff,https://a.espncdn.com/i/teamlogos/ncaa/500/201.png,home,78,true,0,0,26,49.2,31,63,0,10,63.6,14,22,12,10,0,0,0,27.8,5,18,36,0,0,0,66,s:40~l:54~t:66,iowa-state-cyclones,Iowa State,Cyclones,ISU,Iowa State Cyclones,Iowa State,822433,fdca2f,https://a.espncdn.com/i/teamlogos/ncaa/500/66.png,74
260670239,2006,2,2006-03-08,2006-03-08T19:00:00.000000-0500,2306,s:40~l:54~t:2306,kansas-state-wildcats,Kansas State,Wildcats,KSU,Kansas State Wildcats,Kansas St,633194,e7d2ad,https://a.espncdn.com/i/teamlogos/ncaa/500/2306.png,away,74,false,0,0,26,37.0,27,73,0,23,78.6,11,14,7,8,0,0,0,32.1,9,28,34,0,0,0,239,s:40~l:54~t:239,baylor-bears,Baylor,Bears,BAY,Baylor Bears,Baylor,154734,ffb81c,https://a.espncdn.com/i/teamlogos/ncaa/500/239.png,79
260670239,2006,2,2006-03-08,2006-03-08T19:00:00.000000-0500,239,s:40~l:54~t:239,baylor-bears,Baylor,Bears,BAY,Baylor Bears,Baylor,154734,ffb81c,https://a.espncdn.com/i/teamlogos/ncaa/500/239.png,home,79,true,0,0,28,39.2,29,74,0,15,60.7,17,28,7,17,0,0,0,36.4,4,11,45,0,0,0,2306,s:40~l:54~t:2306,kansas-state-wildcats,Kansas State,Wildcats,KSU,Kansas State Wildcats,Kansas St,633194,e7d2ad,https://a.espncdn.com/i/teamlogos/ncaa/500/2306.png,74
260670254,2006,2,2006-03-08,2006-03-08T14:00:00.000000-0500,2005,s:40~l:54~t:2005,air-force-falcons,Air Force,Falcons,AFA,Air Force Falcons,Air Force,004a7b,ffffff,https://a.espncdn.com/i/teamlogos/ncaa/500/2005.png,away,47,false,0,0,18,46.2,18,39,0,8,100.0,10,10,2,4,0,0,0,14.3,1,7,22,0,0,0,254,s:40~l:54~t:254,utah-utes,Utah,Utes,UTAH,Utah Utes,Utah,890012,7e8083,https://a.espncdn.com/i/teamlogos/ncaa/500/254.png,67
260670254,2006,2,2006-03-08,2006-03-08T14:00:00.000000-0500,254,s:40~l:54~t:254,utah-utes,Utah,Utes,UTAH,Utah Utes,Utah,890012,7e8083,https://a.espncdn.com/i/teamlogos/ncaa/500/254.png,home,67,true,0,0,14,45.8,27,59,0,14,75.0,6,8,23,11,0,0,0,36.8,7,19,25,0,0,0,2005,s:40~l:54~t:2005,air-force-falcons,Air Force,Falcons,AFA,Air Force Falcons,Air Force,004a7b,ffffff,https://a.espncdn.com/i/teamlogos/ncaa/500/2005.png,47
260670245,2006,2,2006-03-08,2006-03-08T21:30:00.000000-0500,158,s:40~l:54~t:158,nebraska-cornhuskers,Nebraska,Cornhuskers,NEB,Nebraska Cornhuskers,Nebraska,F20017,f5f1e7,https://a.espncdn.com/i/teamlogos/ncaa/500/158.png,away,64,false,0,0,15,43.9,25,57,0,19,60.0,9,15,4,6,0,0,0,31.3,5,16,21,0,0,0,245,s:40~l:54~t:245,texas-am-aggies,Texas A&M,Aggies,TA&M,Texas A&M Aggies,Texas A&M,5C0025,ffffff,https://a.espncdn.com/i/teamlogos/ncaa/500/245.png,73
260670245,2006,2,2006-03-08,2006-03-08T21:30:00.000000-0500,245,s:40~l:54~t:245,texas-am-aggies,Texas A&M,Aggies,TA&M,Texas A&M Aggies,Texas A&M,5C0025,ffffff,https://a.espncdn.com/i/teamlogos/ncaa/500/245.png,home,73,true,0,0,23,45.9,28,61,0,17,66.7,14,21,13,18,0,0,0,42.9,3,7,41,0,0,0,158,s:40~l:54~t:158,nebraska-cornhuskers,Nebraska,Cornhuskers,NEB,Nebraska Cornhuskers,Nebraska,F20017,f5f1e7,https://a.espncdn.com/i/teamlogos/ncaa/500/158.png,64
260670167,2006,2,2006-03-08,2006-03-08T16:30:00.000000-0500,2439,s:40~l:54~t:2439,unlv-lady-rebels,UNLV,Lady Rebels,UNLV,UNLV Lady Rebels,UNLV,b10202,ffffff,https://a.espncdn.com/i/teamlogos/ncaa/500/2439.png,away,57,true,0,0,20,46.9,23,49,0,11,75.0,9,12,12,10,0,0,0,28.6,2,7,30,0,0,0,167,s:40~l:54~t:167,new-mexico-lobos,New Mexico,Lobos,UNM,New Mexico Lobos,New Mexico,000000,231f20,https://a.espncdn.com/i/teamlogos/ncaa/500/167.png,45
260670167,2006,2,2006-03-08,2006-03-08T16:30:00.000000-0500,167,s:40~l:54~t:167,new-mexico-lobos,New Mexico,Lobos,UNM,New Mexico Lobos,New Mexico,000000,231f20,https://a.espncdn.com/i/teamlogos/ncaa/500/167.png,home,45,false,0,0,14,35.8,19,53,0,12,50.0,2,4,7,10,0,0,0,25.0,5,20,24,0,0,0,2439,s:40~l:54~t:2439,unlv-lady-rebels,UNLV,Lady Rebels,UNLV,UNLV Lady Rebels,UNLV,b10202,ffffff,https://a.espncdn.com/i/teamlogos/ncaa/500/2439.png,57
260670142,2006,2,2006-03-08,2006-03-08T15:30:00.000000-0500,2641,s:40~l:54~t:2641,texas-tech-lady-raiders,Texas Tech,Lady Raiders,TTU,Texas Tech Lady Raiders,Texas Tech,C80025,231f20,https://a.espncdn.com/i/teamlogos/ncaa/500/2641.png,away,75,false,0,0,15,48.3,28,58,0,20,75.0,15,20,10,10,0,0,0,44.4,4,9,25,0,0,0,142,s:40~l:54~t:142,missouri-tigers,Missouri,Tigers,MIZ,Missouri Tigers,Missouri,f1b82d,000000,https://a.espncdn.com/i/teamlogos/ncaa/500/142.png,81
260670142,2006,2,2006-03-08,2006-03-08T15:30:00.000000-0500,142,s:40~l:54~t:142,missouri-tigers,Missouri,Tigers,MIZ,Missouri Tigers,Missouri,f1b82d,000000,https://a.espncdn.com/i/teamlogos/ncaa/500/142.png,home,81,true,0,0,17,56.0,28,50,0,13,81.5,22,27,11,9,0,0,0,50.0,3,6,26,0,0,0,2641,s:40~l:54~t:2641,texas-tech-lady-raiders,Texas Tech,Lady Raiders,TTU,Texas Tech Lady Raiders,Texas Tech,C80025,231f20,https://a.espncdn.com/i/teamlogos/ncaa/500/2641.png,75
260670349,2006,2,2006-03-08,2006-03-08T19:00:00.000000-0500,107,s:40~l:54~t:107,holy-cross-crusaders,Holy Cross,Crusaders,HC,Holy Cross Crusaders,Holy Cross,0a0a0a,080808,https://a.espncdn.com/i/teamlogos/ncaa/500/107.png,away,68,false,0,0,16,47.5,28,59,0,16,83.3,5,6,11,8,0,0,0,41.2,7,17,24,0,0,0,349,s:40~l:54~t:349,army-black-knights,Army,Black Knights,ARMY,Army Black Knights,Army,ce9c00,231f20,https://a.espncdn.com/i/teamlogos/ncaa/500/349.png,69
260670349,2006,2,2006-03-08,2006-03-08T19:00:00.000000-0500,349,s:40~l:54~t:349,army-black-knights,Army,Black Knights,ARMY,Army Black Knights,Army,ce9c00,231f20,https://a.espncdn.com/i/teamlogos/ncaa/500/349.png,home,69,true,0,0,19,49.1,27,55,0,9,73.3,11,15,5,10,0,0,0,33.3,4,12,29,0,0,0,107,s:40~l:54~t:107,holy-cross-crusaders,Holy Cross,Crusaders,HC,Holy Cross Crusaders,Holy Cross,0a0a0a,080808,https://a.espncdn.com/i/teamlogos/ncaa/500/107.png,68
260672628,2006,2,2006-03-08,2006-03-08T22:30:00.000000-0500,2751,s:40~l:54~t:2751,wyoming-cowgirls,Wyoming,Cowgirls,WYO,Wyoming Cowgirls,Wyoming,533B22,ffffff,https://a.espncdn.com/i/teamlogos/ncaa/500/2751.png,away,55,false,0,0,16,27.4,17,62,0,13,81.0,17,21,0,14,0,0,0,22.2,4,18,30,0,0,0,2628,s:40~l:54~t:2628,tcu-horned-frogs,TCU,Horned Frogs,TCU,TCU Horned Frogs,TCU,4d1979,f1f2f3,https://a.espncdn.com/i/teamlogos/ncaa/500/2628.png,63
260672628,2006,2,2006-03-08,2006-03-08T22:30:00.000000-0500,2628,s:40~l:54~t:2628,tcu-horned-frogs,TCU,Horned Frogs,TCU,TCU Horned Frogs,TCU,4d1979,f1f2f3,https://a.espncdn.com/i/teamlogos/ncaa/500/2628.png,home,63,true,0,0,18,51.1,23,45,0,19,62.5,10,16,17,6,0,0,0,53.8,7,13,24,0,0,0,2751,s:40~l:54~t:2751,wyoming-cowgirls,Wyoming,Cowgirls,WYO,Wyoming Cowgirls,Wyoming,533B22,ffffff,https://a.espncdn.com/i/teamlogos/ncaa/500/2751.png,55
260662710,2006,2,2006-03-07,2006-03-07T13:30:00.000000-0500,2473,s:40~l:54~t:2473,oakland-golden-grizzlies,Oakland,Golden Grizzlies,OAK,Oakland Golden Grizzlies,Oakland,04091c,bc955c,https://a.espncdn.com/i/teamlogos/ncaa/500/2473.png,away,65,true,0,0,28,38.6,22,57,0,20,71.4,15,21,12,11,0,0,0,31.6,6,19,39,0,0,0,2710,s:40~l:54~t:2710,western-illinois-leathernecks,Western Illinois,Leathernecks,WIU,Western Illinois Leathernecks,W Illinois,4e1e8a,ffc90a,https://a.espncdn.com/i/teamlogos/ncaa/500/2710.png,56
260662710,2006,2,2006-03-07,2006-03-07T13:30:00.000000-0500,2710,s:40~l:54~t:2710,western-illinois-leathernecks,Western Illinois,Leathernecks,WIU,Western Illinois Leathernecks,W Illinois,4e1e8a,ffc90a,https://a.espncdn.com/i/teamlogos/ncaa/500/2710.png,home,56,false,0,0,20,29.6,21,71,0,17,75.0,15,20,6,16,0,0,0,11.1,2,18,36,0,0,0,2473,s:40~l:54~t:2473,oakland-golden-grizzlies,Oakland,Golden Grizzlies,OAK,Oakland Golden Grizzlies,Oakland,04091c,bc955c,https://a.espncdn.com/i/teamlogos/ncaa/500/2473.png,65
260660098,2006,2,2006-03-07,2006-03-07T16:00:00.000000-0500,2393,s:40~l:54~t:2393,middle-tennessee-blue-raiders,Middle Tennessee,Blue Raiders,MTSU,Middle Tennessee Blue Raiders,MTSU,006db6,ffffff,https://a.espncdn.com/i/teamlogos/ncaa/500/2393.png,away,84,true,0,0,20,54.5,30,55,0,19,88.9,24,27,15,9,0,0,0,20.0,2,10,29,0,0,0,98,s:40~l:54~t:98,western-kentucky-lady-toppers,Western Kentucky,Lady Toppers,WKU,Western Kentucky Lady Toppers,Western KY,F32026,b3b5b8,https://a.espncdn.com/i/teamlogos/ncaa/500/98.png,73
260660098,2006,2,2006-03-07,2006-03-07T16:00:00.000000-0500,98,s:40~l:54~t:98,western-kentucky-lady-toppers,Western Kentucky,Lady Toppers,WKU,Western Kentucky Lady Toppers,Western KY,F32026,b3b5b8,https://a.espncdn.com/i/teamlogos/ncaa/500/98.png,home,73,false,0,0,14,46.7,28,60,0,23,72.2,13,18,14,9,0,0,0,36.4,4,11,23,0,0,0,2393,s:40~l:54~t:2393,middle-tennessee-blue-raiders,Middle Tennessee,Blue Raiders,MTSU,Middle Tennessee Blue Raiders,MTSU,006db6,ffffff,https://a.espncdn.com/i/teamlogos/ncaa/500/2393.png,84
260650194,2006,2,2006-03-06,2006-03-06T19:00:00.000000-0500,2509,s:40~l:54~t:2509,purdue-boilermakers,Purdue,Boilermakers,PUR,Purdue Boilermakers,Purdue,000000,cfb991,https://a.espncdn.com/i/teamlogos/ncaa/500/2509.png,away,60,false,0,0,18,40.4,23,57,0,12,61.1,11,18,5,14,0,0,0,42.9,9,21,32,0,0,0,194,s:40~l:54~t:194,ohio-state-buckeyes,Ohio State,Buckeyes,OSU,Ohio State Buckeyes,Ohio State,ce1141,505056,https://a.espncdn.com/i/teamlogos/ncaa/500/194.png,63
260650194,2006,2,2006-03-06,2006-03-06T19:00:00.000000-0500,194,s:40~l:54~t:194,ohio-state-buckeyes,Ohio State,Buckeyes,OSU,Ohio State Buckeyes,Ohio State,ce1141,505056,https://a.espncdn.com/i/teamlogos/ncaa/500/194.png,home,63,true,0,0,23,55.4,31,56,0,17,55.6,5,9,19,13,0,0,0,61.5,8,13,36,0,0,0,2509,s:40~l:54~t:2509,purdue-boilermakers,Purdue,Boilermakers,PUR,Purdue Boilermakers,Purdue,000000,cfb991,https://a.espncdn.com/i/teamlogos/ncaa/500/2509.png,60
260650041,2006,2,2006-03-06,2006-03-06T20:00:00.000000-0500,305,s:40~l:54~t:305,depaul-blue-demons,DePaul,Blue Demons,DEP,DePaul Blue Demons,DePaul,2d649c,ce1125,https://a.espncdn.com/i/teamlogos/ncaa/500/305.png,away,57,false,0,0,21,39.7,23,58,0,22,100.0,5,5,1,10,0,0,0,28.6,6,21,31,0,0,0,41,s:40~l:54~t:41,uconn-huskies,UConn,Huskies,CONN,UConn Huskies,UConn,0c2340,f1f2f3,https://a.espncdn.com/i/teamlogos/ncaa/500/41.png,69
260650041,2006,2,2006-03-06,2006-03-06T20:00:00.000000-0500,41,s:40~l:54~t:41,uconn-huskies,UConn,Huskies,CONN,UConn Huskies,UConn,0c2340,f1f2f3,https://a.espncdn.com/i/teamlogos/ncaa/500/41.png,home,69,true,0,0,22,52.9,27,51,0,13,54.5,12,22,12,7,0,0,0,23.1,3,13,29,0,0,0,305,s:40~l:54~t:305,depaul-blue-demons,DePaul,Blue Demons,DEP,DePaul Blue Demons,DePaul,2d649c,ce1125,https://a.espncdn.com/i/teamlogos/ncaa/500/305.png,57
260650164,2006,2,2006-03-06,2006-03-06T18:00:00.000000-0500,277,s:40~l:54~t:277,west-virginia-mountaineers,West Virginia,Mountaineers,WVU,West Virginia Mountaineers,West Virginia,FFC600,eaaa00,https://a.espncdn.com/i/teamlogos/ncaa/500/277.png,away,56,true,0,0,21,39.0,16,41,0,13,61.8,21,34,16,5,0,0,0,33.3,3,9,26,0,0,0,164,s:40~l:54~t:164,rutgers-scarlet-knights,Rutgers,Scarlet Knights,RUTG,Rutgers Scarlet Knights,Rutgers,d21034,ffffff,https://a.espncdn.com/i/teamlogos/ncaa/500/164.png,40
260650164,2006,2,2006-03-06,2006-03-06T18:00:00.000000-0500,164,s:40~l:54~t:164,rutgers-scarlet-knights,Rutgers,Scarlet Knights,RUTG,Rutgers Scarlet Knights,Rutgers,d21034,ffffff,https://a.espncdn.com/i/teamlogos/ncaa/500/164.png,home,40,false,0,0,21,28.3,15,53,0,22,46.2,6,13,7,7,0,0,0,30.8,4,13,28,0,0,0,277,s:40~l:54~t:277,west-virginia-mountaineers,West Virginia,Mountaineers,WVU,West Virginia Mountaineers,West Virginia,FFC600,eaaa00,https://a.espncdn.com/i/teamlogos/ncaa/500/277.png,56
260650024,2006,2,2006-03-06,2006-03-06T22:30:00.000000-0500,26,s:40~l:54~t:26,ucla-bruins,UCLA,Bruins,UCLA,UCLA Bruins,UCLA,2774ae,f2a900,https://a.espncdn.com/i/teamlogos/ncaa/500/26.png,away,85,true,0,0,21,45.5,30,66,0,16,68.0,17,25,9,10,0,0,0,38.1,8,21,31,0,0,0,24,s:40~l:54~t:24,stanford-cardinal,Stanford,Cardinal,STAN,Stanford Cardinal,Stanford,8c1515,ffffff,https://a.espncdn.com/i/teamlogos/ncaa/500/24.png,76
260650024,2006,2,2006-03-06,2006-03-06T22:30:00.000000-0500,24,s:40~l:54~t:24,stanford-cardinal,Stanford,Cardinal,STAN,Stanford Cardinal,Stanford,8c1515,ffffff,https://a.espncdn.com/i/teamlogos/ncaa/500/24.png,home,76,false,0,0,25,49.2,29,59,0,21,64.3,9,14,13,6,0,0,0,40.9,9,22,31,0,0,0,26,s:40~l:54~t:26,ucla-bruins,UCLA,Bruins,UCLA,UCLA Bruins,UCLA,2774ae,f2a900,https://a.espncdn.com/i/teamlogos/ncaa/500/26.png,85
260650045,2006,2,2006-03-06,2006-03-06T17:00:00.000000-0500,218,s:40~l:54~t:218,temple-owls,Temple,Owls,TEM,Temple Owls,Temple,A80532,a7a9ac,https://a.espncdn.com/i/teamlogos/ncaa/500/218.png,away,59,true,0,0,21,40.0,20,50,0,16,64.3,18,28,11,11,0,0,0,14.3,1,7,32,0,0,0,45,s:40~l:54~t:45,george-washington-colonials,George Washington,Colonials,GW,George Washington Colonials,G Washington,002843,e8d2a1,https://a.espncdn.com/i/teamlogos/ncaa/500/45.png,54
260650045,2006,2,2006-03-06,2006-03-06T17:00:00.000000-0500,45,s:40~l:54~t:45,george-washington-colonials,George Washington,Colonials,GW,George Washington Colonials,G Washington,002843,e8d2a1,https://a.espncdn.com/i/teamlogos/ncaa/500/45.png,home,54,false,0,0,20,39.3,22,56,0,20,54.5,6,11,4,10,0,0,0,36.4,4,11,30,0,0,0,218,s:40~l:54~t:218,temple-owls,Temple,Owls,TEM,Temple Owls,Temple,A80532,a7a9ac,https://a.espncdn.com/i/teamlogos/ncaa/500/218.png,59
260652393,2006,2,2006-03-06,2006-03-06T12:00:00.000000-0500,2032,s:40~l:54~t:2032,arkansas-state-red-wolves,Arkansas State,Red Wolves,ARST,Arkansas State Red Wolves,Arkansas St,e81018,000000,https://a.espncdn.com/i/teamlogos/ncaa/500/2032.png,away,64,false,0,0,17,43.9,25,57,0,18,69.2,9,13,3,12,0,0,0,31.3,5,16,29,0,0,0,2393,s:40~l:54~t:2393,middle-tennessee-blue-raiders,Middle Tennessee,Blue Raiders,MTSU,Middle Tennessee Blue Raiders,MTSU,006db6,ffffff,https://a.espncdn.com/i/teamlogos/ncaa/500/2393.png,90
260652393,2006,2,2006-03-06,2006-03-06T12:00:00.000000-0500,2393,s:40~l:54~t:2393,middle-tennessee-blue-raiders,Middle Tennessee,Blue Raiders,MTSU,Middle Tennessee Blue Raiders,MTSU,006db6,ffffff,https://a.espncdn.com/i/teamlogos/ncaa/500/2393.png,home,90,true,0,0,20,57.1,32,56,0,13,75.0,15,20,26,9,0,0,0,50.0,11,22,29,0,0,0,2032,s:40~l:54~t:2032,arkansas-state-red-wolves,Arkansas State,Red Wolves,ARST,Arkansas State Red Wolves,Arkansas St,e81018,000000,https://a.espncdn.com/i/teamlogos/ncaa/500/2032.png,64
260650098,2006,2,2006-03-06,2006-03-06T14:30:00.000000-0500,2229,s:40~l:54~t:2229,florida-international-panthers,Florida International,Panthers,FIU,Florida International Panthers,FIU,001538,c5960c,https://a.espncdn.com/i/teamlogos/ncaa/500/2229.png,away,58,false,0,0,25,39.3,22,56,0,23,72.2,13,18,7,15,0,0,0,10.0,1,10,40,0,0,0,98,s:40~l:54~t:98,western-kentucky-lady-toppers,Western Kentucky,Lady Toppers,WKU,Western Kentucky Lady Toppers,Western KY,F32026,b3b5b8,https://a.espncdn.com/i/teamlogos/ncaa/500/98.png,66
260650098,2006,2,2006-03-06,2006-03-06T14:30:00.000000-0500,98,s:40~l:54~t:98,western-kentucky-lady-toppers,Western Kentucky,Lady Toppers,WKU,Western Kentucky Lady Toppers,Western KY,F32026,b3b5b8,https://a.espncdn.com/i/teamlogos/ncaa/500/98.png,home,66,true,0,0,19,38.7,24,62,0,19,62.1,18,29,10,14,0,0,0,0.0,0,5,33,0,0,0,2229,s:40~l:54~t:2229,florida-international-panthers,Florida International,Panthers,FIU,Florida International Panthers,FIU,001538,c5960c,https://a.espncdn.com/i/teamlogos/ncaa/500/2229.png,58
260650270,2006,2,2006-03-06,2006-03-06T16:00:00.000000-0500,82,s:40~l:54~t:82,uic-flames,UIC,Flames,UIC,UIC Flames,UIC,001e62,d50032,https://a.espncdn.com/i/teamlogos/ncaa/500/82.png,away,63,false,0,0,16,38.7,24,62,0,19,57.9,11,19,4,11,0,0,0,22.2,4,18,27,0,0,0,270,s:40~l:54~t:270,milwaukee-panthers,Milwaukee,Panthers,MILW,Milwaukee Panthers,Milwaukee,000000,ffc20e,https://a.espncdn.com/i/teamlogos/ncaa/500/270.png,71
260650270,2006,2,2006-03-06,2006-03-06T16:00:00.000000-0500,270,s:40~l:54~t:270,milwaukee-panthers,Milwaukee,Panthers,MILW,Milwaukee Panthers,Milwaukee,000000,ffc20e,https://a.espncdn.com/i/teamlogos/ncaa/500/270.png,home,71,true,0,0,24,47.9,23,48,0,13,76.0,19,25,15,10,0,0,0,46.2,6,13,34,0,0,0,82,s:40~l:54~t:82,uic-flames,UIC,Flames,UIC,UIC Flames,UIC,001e62,d50032,https://a.espncdn.com/i/teamlogos/ncaa/500/82.png,63
260640153,2006,2,2006-03-05,2006-03-05T13:00:00.000000-0500,120,s:40~l:54~t:120,maryland-terrapins,Maryland,Terrapins,MD,Maryland Terrapins,Maryland,D5002B,ffcd00,https://a.espncdn.com/i/teamlogos/ncaa/500/120.png,away,80,false,0,0,21,46.3,31,67,0,22,80.0,16,20,4,8,0,0,0,22.2,4,18,29,0,0,0,153,s:40~l:54~t:153,north-carolina-tar-heels,North Carolina,Tar Heels,UNC,North Carolina Tar Heels,North Carolina,7bafd4,13294b,https://a.espncdn.com/i/teamlogos/ncaa/500/153.png,91
260640153,2006,2,2006-03-05,2006-03-05T13:00:00.000000-0500,153,s:40~l:54~t:153,north-carolina-tar-heels,North Carolina,Tar Heels,UNC,North Carolina Tar Heels,North Carolina,7bafd4,13294b,https://a.espncdn.com/i/teamlogos/ncaa/500/153.png,home,91,true,0,0,24,48.6,34,70,0,21,75.0,21,28,13,16,0,0,0,13.3,2,15,40,0,0,0,120,s:40~l:54~t:120,maryland-terrapins,Maryland,Terrapins,MD,Maryland Terrapins,Maryland,D5002B,ffcd00,https://a.espncdn.com/i/teamlogos/ncaa/500/120.png,80
260640099,2006,2,2006-03-05,2006-03-05T18:00:00.000000-0500,2633,s:40~l:54~t:2633,tennessee-lady-volunteers,Tennessee,Lady Volunteers,TENN,Tennessee Lady Volunteers,Tennessee,ff8200,ffffff,https://a.espncdn.com/i/teamlogos/ncaa/500/2633_ncw.png,away,63,true,0,0,22,34.9,22,63,0,14,90.0,9,10,6,14,0,0,0,52.6,10,19,36,0,0,0,99,s:40~l:54~t:99,lsu-tigers,LSU,Tigers,LSU,LSU Tigers,LSU,461d7c,fdd023,https://a.espncdn.com/i/teamlogos/ncaa/500/99.png,62
260640099,2006,2,2006-03-05,2006-03-05T18:00:00.000000-0500,99,s:40~l:54~t:99,lsu-tigers,LSU,Tigers,LSU,LSU Tigers,LSU,461d7c,fdd023,https://a.espncdn.com/i/teamlogos/ncaa/500/99.png,home,62,false,0,0,20,44.4,24,54,0,11,62.5,10,16,7,9,0,0,0,44.4,4,9,29,0,0,0,2633,s:40~l:54~t:2633,tennessee-lady-volunteers,Tennessee,Lady Volunteers,TENN,Tennessee Lady Volunteers,Tennessee,ff8200,ffffff,https://a.espncdn.com/i/teamlogos/ncaa/500/2633_ncw.png,63
260640194,2006,2,2006-03-05,2006-03-05T13:00:00.000000-0500,127,s:40~l:54~t:127,michigan-state-spartans,Michigan State,Spartans,MSU,Michigan State Spartans,Michigan St,18453B,ffffff,https://a.espncdn.com/i/teamlogos/ncaa/500/127.png,away,64,false,0,0,21,34.3,23,67,0,20,83.3,10,12,3,11,0,0,0,34.8,8,23,32,0,0,0,194,s:40~l:54~t:194,ohio-state-buckeyes,Ohio State,Buckeyes,OSU,Ohio State Buckeyes,Ohio State,ce1141,505056,https://a.espncdn.com/i/teamlogos/ncaa/500/194.png,68
260640194,2006,2,2006-03-05,2006-03-05T13:00:00.000000-0500,194,s:40~l:54~t:194,ohio-state-buckeyes,Ohio State,Buckeyes,OSU,Ohio State Buckeyes,Ohio State,ce1141,505056,https://a.espncdn.com/i/teamlogos/ncaa/500/194.png,home,68,true,0,0,20,44.4,24,54,0,14,73.7,14,19,7,6,0,0,0,31.6,6,19,26,0,0,0,127,s:40~l:54~t:127,michigan-state-spartans,Michigan State,Spartans,MSU,Michigan State Spartans,Michigan St,18453B,ffffff,https://a.espncdn.com/i/teamlogos/ncaa/500/127.png,64
260640041,2006,2,2006-03-05,2006-03-05T18:00:00.000000-0500,87,s:40~l:54~t:87,notre-dame-fighting-irish,Notre Dame,Fighting Irish,ND,Notre Dame Fighting Irish,Notre Dame,0c2340,c99700,https://a.espncdn.com/i/teamlogos/ncaa/500/87.png,away,60,false,0,0,11,41.4,24,58,0,15,58.3,7,12,4,9,0,0,0,50.0,5,10,20,0,0,0,41,s:40~l:54~t:41,uconn-huskies,UConn,Huskies,CONN,UConn Huskies,UConn,0c2340,f1f2f3,https://a.espncdn.com/i/teamlogos/ncaa/500/41.png,71
260640041,2006,2,2006-03-05,2006-03-05T18:00:00.000000-0500,41,s:40~l:54~t:41,uconn-huskies,UConn,Huskies,CONN,UConn Huskies,UConn,0c2340,f1f2f3,https://a.espncdn.com/i/teamlogos/ncaa/500/41.png,home,71,true,0,0,20,58.0,29,50,0,14,60.0,9,15,21,9,0,0,0,33.3,4,12,29,0,0,0,87,s:40~l:54~t:87,notre-dame-fighting-irish,Notre Dame,Fighting Irish,ND,Notre Dame Fighting Irish,Notre Dame,0c2340,c99700,https://a.espncdn.com/i/teamlogos/ncaa/500/87.png,60
260640009,2006,2,2006-03-05,2006-03-05T18:00:00.000000-0500,26,s:40~l:54~t:26,ucla-bruins,UCLA,Bruins,UCLA,UCLA Bruins,UCLA,2774ae,f2a900,https://a.espncdn.com/i/teamlogos/ncaa/500/26.png,away,60,true,0,0,16,40.4,23,57,0,17,60.0,9,15,7,9,0,0,0,45.5,5,11,25,0,0,0,9,s:40~l:54~t:9,arizona-state-sun-devils,Arizona State,Sun Devils,ASU,Arizona State Sun Devils,Arizona State,942139,f1f2f3,https://a.espncdn.com/i/teamlogos/ncaa/500/9.png,59
260640009,2006,2,2006-03-05,2006-03-05T18:00:00.000000-0500,9,s:40~l:54~t:9,arizona-state-sun-devils,Arizona State,Sun Devils,ASU,Arizona State Sun Devils,Arizona State,942139,f1f2f3,https://a.espncdn.com/i/teamlogos/ncaa/500/9.png,home,59,false,0,0,20,46.0,23,50,0,13,90.9,10,11,9,3,0,0,0,37.5,3,8,23,0,0,0,26,s:40~l:54~t:26,ucla-bruins,UCLA,Bruins,UCLA,UCLA Bruins,UCLA,2774ae,f2a900,https://a.espncdn.com/i/teamlogos/ncaa/500/26.png,60
260640024,2006,2,2006-03-05,2006-03-05T20:30:00.000000-0500,30,s:40~l:54~t:30,usc-trojans,USC,Trojans,USC,USC Trojans,USC,9e2237,ffcc00,https://a.espncdn.com/i/teamlogos/ncaa/500/30.png,away,44,false,1,0,24,26.5,18,68,0,17,83.3,5,6,4,15,0,0,0,10.7,3,28,39,0,0,0,24,s:40~l:54~t:24,stanford-cardinal,Stanford,Cardinal,STAN,Stanford Cardinal,Stanford,8c1515,ffffff,https://a.espncdn.com/i/teamlogos/ncaa/500/24.png,73
260640024,2006,2,2006-03-05,2006-03-05T20:30:00.000000-0500,24,s:40~l:54~t:24,stanford-cardinal,Stanford,Cardinal,STAN,Stanford Cardinal,Stanford,8c1515,ffffff,https://a.espncdn.com/i/teamlogos/ncaa/500/24.png,home,73,true,0,0,31,39.7,29,73,0,9,42.9,6,14,35,19,0,0,0,39.1,9,23,50,0,0,0,30,s:40~l:54~t:30,usc-trojans,USC,Trojans,USC,USC Trojans,USC,9e2237,ffcc00,https://a.espncdn.com/i/teamlogos/ncaa/500/30.png,44
260642509,2006,2,2006-03-05,2006-03-05T15:30:00.000000-0500,84,s:40~l:54~t:84,indiana-hoosiers,Indiana,Hoosiers,IU,Indiana Hoosiers,Indiana,990000,edebeb,https://a.espncdn.com/i/teamlogos/ncaa/500/84.png,away,41,false,0,0,17,26.9,14,52,0,28,61.1,11,18,2,10,0,0,0,16.7,2,12,27,0,0,0,2509,s:40~l:54~t:2509,purdue-boilermakers,Purdue,Boilermakers,PUR,Purdue Boilermakers,Purdue,000000,cfb991,https://a.espncdn.com/i/teamlogos/ncaa/500/2509.png,67
260642509,2006,2,2006-03-05,2006-03-05T15:30:00.000000-0500,2509,s:40~l:54~t:2509,purdue-boilermakers,Purdue,Boilermakers,PUR,Purdue Boilermakers,Purdue,000000,cfb991,https://a.espncdn.com/i/teamlogos/ncaa/500/2509.png,home,67,true,0,0,23,37.3,19,51,0,16,72.7,24,33,31,13,0,0,0,35.7,5,14,36,0,0,0,84,s:40~l:54~t:84,indiana-hoosiers,Indiana,Hoosiers,IU,Indiana Hoosiers,Indiana,990000,edebeb,https://a.espncdn.com/i/teamlogos/ncaa/500/84.png,41
260640305,2006,2,2006-03-05,2006-03-05T20:00:00.000000-0500,221,s:40~l:54~t:221,pittsburgh-panthers,Pittsburgh,Panthers,PITT,Pittsburgh Panthers,Pitt,003263,231f20,https://a.espncdn.com/i/teamlogos/ncaa/500/221.png,away,46,false,0,0,13,27.9,12,43,0,11,75.0,21,28,2,7,0,0,0,16.7,1,6,20,0,0,0,305,s:40~l:54~t:305,depaul-blue-demons,DePaul,Blue Demons,DEP,DePaul Blue Demons,DePaul,2d649c,ce1125,https://a.espncdn.com/i/teamlogos/ncaa/500/305.png,69
260640305,2006,2,2006-03-05,2006-03-05T20:00:00.000000-0500,305,s:40~l:54~t:305,depaul-blue-demons,DePaul,Blue Demons,DEP,DePaul Blue Demons,DePaul,2d649c,ce1125,https://a.espncdn.com/i/teamlogos/ncaa/500/305.png,home,69,true,0,0,20,51.0,26,51,0,19,69.2,9,13,31,7,0,0,0,43.5,10,23,27,0,0,0,221,s:40~l:54~t:221,pittsburgh-panthers,Pittsburgh,Panthers,PITT,Pittsburgh Panthers,Pitt,003263,231f20,https://a.espncdn.com/i/teamlogos/ncaa/500/221.png,46
260642368,2006,2,2006-03-05,2006-03-05T12:00:00.000000-0500,2352,s:40~l:54~t:2352,loyola-maryland-greyhounds,Loyola Maryland,Greyhounds,L-MD,Loyola Maryland Greyhounds,Loyola MD,76a7a0,c9cbca,https://a.espncdn.com/i/teamlogos/ncaa/500/2352.png,away,57,false,0,0,22,35.7,20,56,0,24,76.5,13,17,3,6,0,0,0,40.0,4,10,28,0,0,0,2368,s:40~l:54~t:2368,marist-red-foxes,Marist,Red Foxes,MRST,Marist Red Foxes,Marist,e53730,f0f0f0,https://a.espncdn.com/i/teamlogos/ncaa/500/2368.png,68
260642368,2006,2,2006-03-05,2006-03-05T12:00:00.000000-0500,2368,s:40~l:54~t:2368,marist-red-foxes,Marist,Red Foxes,MRST,Marist Red Foxes,Marist,e53730,f0f0f0,https://a.espncdn.com/i/teamlogos/ncaa/500/2368.png,home,68,true,0,0,29,34.5,19,55,0,16,77.4,24,31,25,9,0,0,0,61.5,8,13,38,0,0,0,2352,s:40~l:54~t:2352,loyola-maryland-greyhounds,Loyola Maryland,Greyhounds,L-MD,Loyola Maryland Greyhounds,Loyola MD,76a7a0,c9cbca,https://a.espncdn.com/i/teamlogos/ncaa/500/2352.png,57
260642541,2006,2,2006-03-05,2006-03-05T16:00:00.000000-0500,2492,s:40~l:54~t:2492,pepperdine-waves,Pepperdine,Waves,PEPP,Pepperdine Waves,Pepperdine,003A72,dc762f,https://a.espncdn.com/i/teamlogos/ncaa/500/2492.png,away,71,true,0,0,20,38.5,25,65,0,14,84.2,16,19,10,16,0,0,0,31.3,5,16,36,0,0,0,2541,s:40~l:54~t:2541,santa-clara-broncos,Santa Clara,Broncos,SCU,Santa Clara Broncos,Santa Clara,690b0b,101010,https://a.espncdn.com/i/teamlogos/ncaa/500/2541.png,67
260642541,2006,2,2006-03-05,2006-03-05T16:00:00.000000-0500,2541,s:40~l:54~t:2541,santa-clara-broncos,Santa Clara,Broncos,SCU,Santa Clara Broncos,Santa Clara,690b0b,101010,https://a.espncdn.com/i/teamlogos/ncaa/500/2541.png,home,67,false,0,0,20,43.9,25,57,0,13,82.4,14,17,5,3,0,0,0,21.4,3,14,23,0,0,0,2492,s:40~l:54~t:2492,pepperdine-waves,Pepperdine,Waves,PEPP,Pepperdine Waves,Pepperdine,003A72,dc762f,https://a.espncdn.com/i/teamlogos/ncaa/500/2492.png,71
260640202,2006,2,2006-03-05,2006-03-05T16:00:00.000000-0500,242,s:40~l:54~t:242,rice-owls,Rice,Owls,RICE,Rice Owls,Rice,d1d5d8,003d7d,https://a.espncdn.com/i/teamlogos/ncaa/500/242.png,away,52,false,0,0,21,37.3,19,51,0,17,71.4,10,14,2,9,0,0,0,28.6,4,14,30,0,0,0,202,s:40~l:54~t:202,tulsa-golden-hurricane,Tulsa,Golden Hurricane,TLSA,Tulsa Golden Hurricane,Tulsa,003595,d0b787,https://a.espncdn.com/i/teamlogos/ncaa/500/202.png,55
260640202,2006,2,2006-03-05,2006-03-05T16:00:00.000000-0500,202,s:40~l:54~t:202,tulsa-golden-hurricane,Tulsa,Golden Hurricane,TLSA,Tulsa Golden Hurricane,Tulsa,003595,d0b787,https://a.espncdn.com/i/teamlogos/ncaa/500/202.png,home,55,true,0,0,18,29.5,18,61,0,15,69.6,16,23,8,15,2,0,0,30.0,3,10,33,0,0,0,242,s:40~l:54~t:242,rice-owls,Rice,Owls,RICE,Rice Owls,Rice,d1d5d8,003d7d,https://a.espncdn.com/i/teamlogos/ncaa/500/242.png,52
260640236,2006,2,2006-03-05,2006-03-05T18:00:00.000000-0500,2430,s:40~l:54~t:2430,unc-greensboro-spartans,UNC Greensboro,Spartans,UNCG,UNC Greensboro Spartans,UNC Greensboro,003559,ffd90a,https://a.espncdn.com/i/teamlogos/ncaa/500/2430.png,away,79,false,0,0,17,43.5,30,69,0,24,80.0,12,15,0,11,0,0,0,30.4,7,23,28,0,0,0,236,s:40~l:54~t:236,chattanooga-mocs,Chattanooga,Mocs,UTC,Chattanooga Mocs,Chattanooga,00386b,dca71d,https://a.espncdn.com/i/teamlogos/ncaa/500/236.png,91
260640236,2006,2,2006-03-05,2006-03-05T18:00:00.000000-0500,236,s:40~l:54~t:236,chattanooga-mocs,Chattanooga,Mocs,UTC,Chattanooga Mocs,Chattanooga,00386b,dca71d,https://a.espncdn.com/i/teamlogos/ncaa/500/236.png,home,91,true,0,0,22,52.8,28,53,0,13,76.7,23,30,21,6,0,0,0,48.0,12,25,28,0,0,0,2430,s:40~l:54~t:2430,unc-greensboro-spartans,UNC Greensboro,Spartans,UNCG,UNC Greensboro Spartans,UNC Greensboro,003559,ffd90a,https://a.espncdn.com/i/teamlogos/ncaa/500/2430.png,79
260632635,2006,2,2006-03-04,2006-03-04T12:00:00.000000-0500,2546,s:40~l:54~t:2546,southeast-missouri-state-redhawks,Southeast Missouri State,Redhawks,SEMO,Southeast Missouri State Redhawks,SE Missouri St,cc0000,080808,https://a.espncdn.com/i/teamlogos/ncaa/500/2546.png,away,71,true,0,0,25,45.0,27,60,0,10,52.9,9,17,23,19,0,0,1,36.4,8,22,44,1,0,0,2635,s:40~l:54~t:2635,tennessee-tech-golden-eagles,Tennessee Tech,Golden Eagles,TNTC,Tennessee Tech Golden Eagles,Tennessee Tech,5A4099,ffde00,https://a.espncdn.com/i/teamlogos/ncaa/500/2635.png,50
260632635,2006,2,2006-03-04,2006-03-04T12:00:00.000000-0500,2635,s:40~l:54~t:2635,tennessee-tech-golden-eagles,Tennessee Tech,Golden Eagles,TNTC,Tennessee Tech Golden Eagles,Tennessee Tech,5A4099,ffde00,https://a.espncdn.com/i/teamlogos/ncaa/500/2635.png,home,50,false,0,0,16,39.2,20,51,0,17,50.0,6,12,6,7,0,0,0,28.6,4,14,23,0,0,0,2546,s:40~l:54~t:2546,southeast-missouri-state-redhawks,Southeast Missouri State,Redhawks,SEMO,Southeast Missouri State Redhawks,SE Missouri St,cc0000,080808,https://a.espncdn.com/i/teamlogos/ncaa/500/2546.png,71
260620153,2006,2,2006-03-03,2006-03-03T11:00:00.000000-0500,258,s:40~l:54~t:258,virginia-cavaliers,Virginia,Cavaliers,UVA,Virginia Cavaliers,Virginia,f84c1e,ffffff,https://a.espncdn.com/i/teamlogos/ncaa/500/258.png,away,56,false,0,0,19,29.0,20,69,0,19,86.7,13,15,0,12,0,0,0,20.0,3,15,31,0,0,0,153,s:40~l:54~t:153,north-carolina-tar-heels,North Carolina,Tar Heels,UNC,North Carolina Tar Heels,North Carolina,7bafd4,13294b,https://a.espncdn.com/i/teamlogos/ncaa/500/153.png,82
260620153,2006,2,2006-03-03,2006-03-03T11:00:00.000000-0500,153,s:40~l:54~t:153,north-carolina-tar-heels,North Carolina,Tar Heels,UNC,North Carolina Tar Heels,North Carolina,7bafd4,13294b,https://a.espncdn.com/i/teamlogos/ncaa/500/153.png,home,82,true,0,0,29,40.9,27,66,0,13,76.7,23,30,26,19,0,0,0,23.8,5,21,48,0,0,0,258,s:40~l:54~t:258,virginia-cavaliers,Virginia,Cavaliers,UVA,Virginia Cavaliers,Virginia,f84c1e,ffffff,https://a.espncdn.com/i/teamlogos/ncaa/500/258.png,56
260620099,2006,2,2006-03-03,2006-03-03T13:00:00.000000-0500,145,s:40~l:54~t:145,ole-miss-rebels,Ole Miss,Rebels,MISS,Ole Miss Rebels,Ole Miss,001148,00205b,https://a.espncdn.com/i/teamlogos/ncaa/500/145.png,away,73,false,0,0,15,35.8,29,81,0,15,66.7,6,9,0,8,0,0,0,36.0,9,25,23,0,0,0,99,s:40~l:54~t:99,lsu-tigers,LSU,Tigers,LSU,LSU Tigers,LSU,461d7c,fdd023,https://a.espncdn.com/i/teamlogos/ncaa/500/99.png,91
260620099,2006,2,2006-03-03,2006-03-03T13:00:00.000000-0500,99,s:40~l:54~t:99,lsu-tigers,LSU,Tigers,LSU,LSU Tigers,LSU,461d7c,fdd023,https://a.espncdn.com/i/teamlogos/ncaa/500/99.png,home,91,true,0,0,32,54.5,36,66,0,8,70.0,14,20,25,13,0,0,0,50.0,5,10,45,0,0,0,145,s:40~l:54~t:145,ole-miss-rebels,Ole Miss,Rebels,MISS,Ole Miss Rebels,Ole Miss,001148,00205b,https://a.espncdn.com/i/teamlogos/ncaa/500/145.png,73
260620120,2006,2,2006-03-03,2006-03-03T21:30:00.000000-0500,59,s:40~l:54~t:59,georgia-tech-yellow-jackets,Georgia Tech,Yellow Jackets,GT,Georgia Tech Yellow Jackets,Georgia Tech,00223e,002c56,https://a.espncdn.com/i/teamlogos/ncaa/500/59.png,away,66,false,0,0,22,41.0,25,61,0,23,72.2,13,18,4,9,0,0,0,27.3,3,11,31,0,0,0,120,s:40~l:54~t:120,maryland-terrapins,Maryland,Terrapins,MD,Maryland Terrapins,Maryland,D5002B,ffcd00,https://a.espncdn.com/i/teamlogos/ncaa/500/120.png,71
260620120,2006,2,2006-03-03,2006-03-03T21:30:00.000000-0500,120,s:40~l:54~t:120,maryland-terrapins,Maryland,Terrapins,MD,Maryland Terrapins,Maryland,D5002B,ffcd00,https://a.espncdn.com/i/teamlogos/ncaa/500/120.png,home,71,true,0,0,22,44.4,24,54,0,15,65.4,17,26,8,12,0,0,0,46.2,6,13,34,0,0,0,59,s:40~l:54~t:59,georgia-tech-yellow-jackets,Georgia Tech,Yellow Jackets,GT,Georgia Tech Yellow Jackets,Georgia Tech,00223e,002c56,https://a.espncdn.com/i/teamlogos/ncaa/500/59.png,66
260620194,2006,2,2006-03-03,2006-03-03T12:00:00.000000-0500,213,s:40~l:54~t:213,penn-state-lady-lions,Penn State,Lady Lions,PSU,Penn State Lady Lions,Penn State,00265D,002e5c,https://a.espncdn.com/i/teamlogos/ncaa/500/213.png,away,46,false,0,0,16,44.1,15,34,0,16,93.3,14,15,0,3,0,0,0,25.0,2,8,19,0,0,0,194,s:40~l:54~t:194,ohio-state-buckeyes,Ohio State,Buckeyes,OSU,Ohio State Buckeyes,Ohio State,ce1141,505056,https://a.espncdn.com/i/teamlogos/ncaa/500/194.png,64
260620194,2006,2,2006-03-03,2006-03-03T12:00:00.000000-0500,194,s:40~l:54~t:194,ohio-state-buckeyes,Ohio State,Buckeyes,OSU,Ohio State Buckeyes,Ohio State,ce1141,505056,https://a.espncdn.com/i/teamlogos/ncaa/500/194.png,home,64,true,0,0,14,42.9,24,56,0,15,70.6,12,17,26,12,0,0,0,40.0,4,10,26,0,0,0,213,s:40~l:54~t:213,penn-state-lady-lions,Penn State,Lady Lions,PSU,Penn State Lady Lions,Penn State,00265D,002e5c,https://a.espncdn.com/i/teamlogos/ncaa/500/213.png,46
260622633,2006,2,2006-03-03,2006-03-03T15:30:00.000000-0500,2,s:40~l:54~t:2,auburn-tigers,Auburn,Tigers,AUB,Auburn Tigers,Auburn,03244d,f1f2f3,https://a.espncdn.com/i/teamlogos/ncaa/500/2.png,away,45,false,0,0,11,30.8,16,52,0,14,52.2,12,23,0,10,0,0,0,8.3,1,12,21,0,0,0,2633,s:40~l:54~t:2633,tennessee-lady-volunteers,Tennessee,Lady Volunteers,TENN,Tennessee Lady Volunteers,Tennessee,ff8200,ffffff,https://a.espncdn.com/i/teamlogos/ncaa/500/2633_ncw.png,77
260622633,2006,2,2006-03-03,2006-03-03T15:30:00.000000-0500,2633,s:40~l:54~t:2633,tennessee-lady-volunteers,Tennessee,Lady Volunteers,TENN,Tennessee Lady Volunteers,Tennessee,ff8200,ffffff,https://a.espncdn.com/i/teamlogos/ncaa/500/2633_ncw.png,home,77,true,0,0,28,58.0,29,50,0,20,80.0,12,15,35,11,0,0,0,53.8,7,13,39,0,0,0,2,s:40~l:54~t:2,auburn-tigers,Auburn,Tigers,AUB,Auburn Tigers,Auburn,03244d,f1f2f3,https://a.espncdn.com/i/teamlogos/ncaa/500/2.png,45
260620061,2006,2,2006-03-03,2006-03-03T21:50:00.000000-0500,238,s:40~l:54~t:238,vanderbilt-commodores,Vanderbilt,Commodores,VAN,Vanderbilt Commodores,Vanderbilt,000000,231f20,https://a.espncdn.com/i/teamlogos/ncaa/500/238.png,away,47,false,0,0,20,33.3,17,51,0,12,68.8,11,16,0,10,0,0,0,10.5,2,19,30,0,0,0,61,s:40~l:54~t:61,georgia-lady-bulldogs,Georgia,Lady Bulldogs,UGA,Georgia Lady Bulldogs,Georgia,CC0000,000000,https://a.espncdn.com/i/teamlogos/ncaa/500/61.png,69
260620061,2006,2,2006-03-03,2006-03-03T21:50:00.000000-0500,61,s:40~l:54~t:61,georgia-lady-bulldogs,Georgia,Lady Bulldogs,UGA,Georgia Lady Bulldogs,Georgia,CC0000,000000,https://a.espncdn.com/i/teamlogos/ncaa/500/61.png,home,69,true,0,0,19,44.3,27,61,0,15,85.7,6,7,28,12,0,0,0,40.9,9,22,31,0,0,0,238,s:40~l:54~t:238,vanderbilt-commodores,Vanderbilt,Commodores,VAN,Vanderbilt Commodores,Vanderbilt,000000,231f20,https://a.espncdn.com/i/teamlogos/ncaa/500/238.png,47
260622509,2006,2,2006-03-03,2006-03-03T18:00:00.000000-0500,356,s:40~l:54~t:356,illinois-fighting-illini,Illinois,Fighting Illini,ILL,Illinois Fighting Illini,Illinois,ff5f05,13294b,https://a.espncdn.com/i/teamlogos/ncaa/500/356.png,away,57,false,0,0,18,42.3,22,52,0,13,81.8,9,11,8,12,0,0,0,30.8,4,13,30,0,0,0,2509,s:40~l:54~t:2509,purdue-boilermakers,Purdue,Boilermakers,PUR,Purdue Boilermakers,Purdue,000000,cfb991,https://a.espncdn.com/i/teamlogos/ncaa/500/2509.png,68
260622509,2006,2,2006-03-03,2006-03-03T18:00:00.000000-0500,2509,s:40~l:54~t:2509,purdue-boilermakers,Purdue,Boilermakers,PUR,Purdue Boilermakers,Purdue,000000,cfb991,https://a.espncdn.com/i/teamlogos/ncaa/500/2509.png,home,68,true,0,0,12,49.1,26,53,0,13,70.6,12,17,13,5,0,0,0,44.4,4,9,17,0,0,0,356,s:40~l:54~t:356,illinois-fighting-illini,Illinois,Fighting Illini,ILL,Illinois Fighting Illini,Illinois,ff5f05,13294b,https://a.espncdn.com/i/teamlogos/ncaa/500/356.png,57
260620127,2006,2,2006-03-03,2006-03-03T14:30:00.000000-0500,2294,s:40~l:54~t:2294,iowa-hawkeyes,Iowa,Hawkeyes,IOWA,Iowa Hawkeyes,Iowa,000000,fcd116,https://a.espncdn.com/i/teamlogos/ncaa/500/2294.png,away,58,false,0,0,14,40.0,18,45,0,12,81.0,17,21,0,5,0,0,0,23.8,5,21,19,0,0,0,127,s:40~l:54~t:127,michigan-state-spartans,Michigan State,Spartans,MSU,Michigan State Spartans,Michigan St,18453B,ffffff,https://a.espncdn.com/i/teamlogos/ncaa/500/127.png,79
260620127,2006,2,2006-03-03,2006-03-03T14:30:00.000000-0500,127,s:40~l:54~t:127,michigan-state-spartans,Michigan State,Spartans,MSU,Michigan State Spartans,Michigan St,18453B,ffffff,https://a.espncdn.com/i/teamlogos/ncaa/500/127.png,home,79,true,0,0,15,54.7,35,64,0,18,66.7,4,6,30,8,0,0,0,62.5,5,8,23,0,0,0,2294,s:40~l:54~t:2294,iowa-hawkeyes,Iowa,Hawkeyes,IOWA,Iowa Hawkeyes,Iowa,000000,fcd116,https://a.espncdn.com/i/teamlogos/ncaa/500/2294.png,58
260620135,2006,2,2006-03-03,2006-03-03T20:30:00.000000-0500,84,s:40~l:54~t:84,indiana-hoosiers,Indiana,Hoosiers,IU,Indiana Hoosiers,Indiana,990000,edebeb,https://a.espncdn.com/i/teamlogos/ncaa/500/84.png,away,61,true,0,0,17,45.7,21,46,0,12,65.2,15,23,18,7,0,0,0,50.0,4,8,24,0,0,0,135,s:40~l:54~t:135,minnesota-golden-gophers,Minnesota,Golden Gophers,MINN,Minnesota Golden Gophers,Minnesota,981a31,981a31,https://a.espncdn.com/i/teamlogos/ncaa/500/135.png,46
260620135,2006,2,2006-03-03,2006-03-03T20:30:00.000000-0500,135,s:40~l:54~t:135,minnesota-golden-gophers,Minnesota,Golden Gophers,MINN,Minnesota Golden Gophers,Minnesota,981a31,981a31,https://a.espncdn.com/i/teamlogos/ncaa/500/135.png,home,46,false,0,0,19,34.6,18,52,0,21,77.8,7,9,0,13,0,0,0,29.4,5,17,32,0,0,0,84,s:40~l:54~t:84,indiana-hoosiers,Indiana,Hoosiers,IU,Indiana Hoosiers,Indiana,990000,edebeb,https://a.espncdn.com/i/teamlogos/ncaa/500/84.png,61
260610238,2006,2,2006-03-02,2006-03-02T21:50:00.000000-0500,333,s:40~l:54~t:333,alabama-crimson-tide,Alabama,Crimson Tide,ALA,Alabama Crimson Tide,Alabama,9e1632,ffffff,https://a.espncdn.com/i/teamlogos/ncaa/500/333.png,away,62,false,0,0,16,49.1,27,55,0,13,33.3,4,12,7,14,0,0,0,28.6,4,14,30,0,0,0,238,s:40~l:54~t:238,vanderbilt-commodores,Vanderbilt,Commodores,VAN,Vanderbilt Commodores,Vanderbilt,000000,231f20,https://a.espncdn.com/i/teamlogos/ncaa/500/238.png,84
260610238,2006,2,2006-03-02,2006-03-02T21:50:00.000000-0500,238,s:40~l:54~t:238,vanderbilt-commodores,Vanderbilt,Commodores,VAN,Vanderbilt Commodores,Vanderbilt,000000,231f20,https://a.espncdn.com/i/teamlogos/ncaa/500/238.png,home,84,true,0,0,15,54.7,35,64,0,19,83.3,5,6,30,6,0,0,0,64.3,9,14,21,0,0,0,333,s:40~l:54~t:333,alabama-crimson-tide,Alabama,Crimson Tide,ALA,Alabama Crimson Tide,Alabama,9e1632,ffffff,https://a.espncdn.com/i/teamlogos/ncaa/500/333.png,62
260580164,2006,2,2006-02-27,2006-02-27T19:30:00.000000-0500,41,s:40~l:54~t:41,uconn-huskies,UConn,Huskies,CONN,UConn Huskies,UConn,0c2340,f1f2f3,https://a.espncdn.com/i/teamlogos/ncaa/500/41.png,away,42,false,0,0,20,41.5,17,41,0,21,37.5,3,8,18,4,0,0,0,27.8,5,18,24,0,0,0,164,s:40~l:54~t:164,rutgers-scarlet-knights,Rutgers,Scarlet Knights,RUTG,Rutgers Scarlet Knights,Rutgers,d21034,ffffff,https://a.espncdn.com/i/teamlogos/ncaa/500/164.png,48
260580164,2006,2,2006-02-27,2006-02-27T19:30:00.000000-0500,164,s:40~l:54~t:164,rutgers-scarlet-knights,Rutgers,Scarlet Knights,RUTG,Rutgers Scarlet Knights,Rutgers,d21034,ffffff,https://a.espncdn.com/i/teamlogos/ncaa/500/164.png,home,48,true,0,0,10,26.8,15,56,0,13,80.0,16,20,6,14,0,0,0,16.7,2,12,24,0,0,0,41,s:40~l:54~t:41,uconn-huskies,UConn,Huskies,CONN,UConn Huskies,UConn,0c2340,f1f2f3,https://a.espncdn.com/i/teamlogos/ncaa/500/41.png,42
260570099,2006,2,2006-02-26,2006-02-26T15:00:00.000000-0500,344,s:40~l:54~t:344,mississippi-state-bulldogs,Mississippi State,Bulldogs,MSST,Mississippi State Bulldogs,Mississippi St,762123,c8c8c8,https://a.espncdn.com/i/teamlogos/ncaa/500/344.png,away,48,false,0,0,24,31.7,19,60,0,15,80.0,4,5,4,15,0,0,0,46.2,6,13,39,0,0,0,99,s:40~l:54~t:99,lsu-tigers,LSU,Tigers,LSU,LSU Tigers,LSU,461d7c,fdd023,https://a.espncdn.com/i/teamlogos/ncaa/500/99.png,62
260570099,2006,2,2006-02-26,2006-02-26T15:00:00.000000-0500,99,s:40~l:54~t:99,lsu-tigers,LSU,Tigers,LSU,LSU Tigers,LSU,461d7c,fdd023,https://a.espncdn.com/i/teamlogos/ncaa/500/99.png,home,62,true,0,0,26,44.8,26,58,0,14,47.4,9,19,21,10,0,0,0,33.3,1,3,36,0,0,0,344,s:40~l:54~t:344,mississippi-state-bulldogs,Mississippi State,Bulldogs,MSST,Mississippi State Bulldogs,Mississippi St,762123,c8c8c8,https://a.espncdn.com/i/teamlogos/ncaa/500/344.png,48
260570213,2006,2,2006-02-26,2006-02-26T14:00:00.000000-0500,194,s:40~l:54~t:194,ohio-state-buckeyes,Ohio State,Buckeyes,OSU,Ohio State Buckeyes,Ohio State,ce1141,505056,https://a.espncdn.com/i/teamlogos/ncaa/500/194.png,away,61,true,0,0,16,41.5,22,53,0,14,66.7,10,15,2,7,0,0,0,35.0,7,20,23,0,0,0,213,s:40~l:54~t:213,penn-state-lady-lions,Penn State,Lady Lions,PSU,Penn State Lady Lions,Penn State,00265D,002e5c,https://a.espncdn.com/i/teamlogos/ncaa/500/213.png,59
260570213,2006,2,2006-02-26,2006-02-26T14:00:00.000000-0500,213,s:40~l:54~t:213,penn-state-lady-lions,Penn State,Lady Lions,PSU,Penn State Lady Lions,Penn State,00265D,002e5c,https://a.espncdn.com/i/teamlogos/ncaa/500/213.png,home,59,false,0,0,20,43.8,21,48,0,15,84.6,11,13,17,5,0,0,0,54.5,6,11,25,0,0,0,194,s:40~l:54~t:194,ohio-state-buckeyes,Ohio State,Buckeyes,OSU,Ohio State Buckeyes,Ohio State,ce1141,505056,https://a.espncdn.com/i/teamlogos/ncaa/500/194.png,61
260570201,2006,2,2006-02-26,2006-02-26T14:00:00.000000-0500,158,s:40~l:54~t:158,nebraska-cornhuskers,Nebraska,Cornhuskers,NEB,Nebraska Cornhuskers,Nebraska,F20017,f5f1e7,https://a.espncdn.com/i/teamlogos/ncaa/500/158.png,away,45,false,0,0,22,27.9,17,61,0,13,76.9,10,13,6,8,0,0,0,8.3,1,12,30,0,0,0,201,s:40~l:54~t:201,oklahoma-sooners,Oklahoma,Sooners,OU,Oklahoma Sooners,Oklahoma,9d2235,ffffff,https://a.espncdn.com/i/teamlogos/ncaa/500/201.png,73
260570201,2006,2,2006-02-26,2006-02-26T14:00:00.000000-0500,201,s:40~l:54~t:201,oklahoma-sooners,Oklahoma,Sooners,OU,Oklahoma Sooners,Oklahoma,9d2235,ffffff,https://a.espncdn.com/i/teamlogos/ncaa/500/201.png,home,73,true,0,0,31,44.6,29,65,0,15,42.9,6,14,31,16,0,0,0,52.9,9,17,47,0,0,0,158,s:40~l:54~t:158,nebraska-cornhuskers,Nebraska,Cornhuskers,NEB,Nebraska Cornhuskers,Nebraska,F20017,f5f1e7,https://a.espncdn.com/i/teamlogos/ncaa/500/158.png,45
260570052,2006,2,2006-02-26,2006-02-26T13:00:00.000000-0500,103,s:40~l:54~t:103,boston-college-eagles,Boston College,Eagles,BC,Boston College Eagles,Boston College,8c2232,dbcca6,https://a.espncdn.com/i/teamlogos/ncaa/500/103.png,away,60,false,0,0,25,40.4,23,57,0,24,73.3,11,15,3,6,0,0,0,25.0,3,12,31,0,0,0,52,s:40~l:54~t:52,florida-state-seminoles,Florida State,Seminoles,FSU,Florida State Seminoles,Florida St,782F40,ceb888,https://a.espncdn.com/i/teamlogos/ncaa/500/52.png,71
260570052,2006,2,2006-02-26,2006-02-26T13:00:00.000000-0500,52,s:40~l:54~t:52,florida-state-seminoles,Florida State,Seminoles,FSU,Florida State Seminoles,Florida St,782F40,ceb888,https://a.espncdn.com/i/teamlogos/ncaa/500/52.png,home,71,true,0,0,25,37.1,23,62,0,16,78.6,22,28,15,9,0,0,0,21.4,3,14,34,0,0,0,103,s:40~l:54~t:103,boston-college-eagles,Boston College,Eagles,BC,Boston College Eagles,Boston College,8c2232,dbcca6,https://a.espncdn.com/i/teamlogos/ncaa/500/103.png,60
260560153,2006,2,2006-02-25,2006-02-25T14:00:00.000000-0500,150,s:40~l:54~t:150,duke-blue-devils,Duke,Blue Devils,DUKE,Duke Blue Devils,Duke,013088,ffffff,https://a.espncdn.com/i/teamlogos/ncaa/500/150.png,away,65,false,0,0,20,33.8,24,71,0,20,70.0,14,20,0,14,0,0,0,13.6,3,22,34,0,0,0,153,s:40~l:54~t:153,north-carolina-tar-heels,North Carolina,Tar Heels,UNC,North Carolina Tar Heels,North Carolina,7bafd4,13294b,https://a.espncdn.com/i/teamlogos/ncaa/500/153.png,77
260560153,2006,2,2006-02-25,2006-02-25T14:00:00.000000-0500,153,s:40~l:54~t:153,north-carolina-tar-heels,North Carolina,Tar Heels,UNC,North Carolina Tar Heels,North Carolina,7bafd4,13294b,https://a.espncdn.com/i/teamlogos/ncaa/500/153.png,home,77,true,0,0,24,39.7,29,73,0,18,73.9,17,23,17,17,0,0,0,18.2,2,11,41,0,0,0,150,s:40~l:54~t:150,duke-blue-devils,Duke,Blue Devils,DUKE,Duke Blue Devils,Duke,013088,ffffff,https://a.espncdn.com/i/teamlogos/ncaa/500/150.png,65
260560041,2006,2,2006-02-25,2006-02-25T19:00:00.000000-0500,269,s:40~l:54~t:269,marquette-golden-eagles,Marquette,Golden Eagles,MARQ,Marquette Golden Eagles,Marquette,083963,ffffff,https://a.espncdn.com/i/teamlogos/ncaa/500/269.png,away,59,false,0,0,17,39.7,23,58,0,19,60.0,6,10,4,4,0,0,0,33.3,7,21,21,0,0,0,41,s:40~l:54~t:41,uconn-huskies,UConn,Huskies,CONN,UConn Huskies,UConn,0c2340,f1f2f3,https://a.espncdn.com/i/teamlogos/ncaa/500/41.png,74
260560041,2006,2,2006-02-25,2006-02-25T19:00:00.000000-0500,41,s:40~l:54~t:41,uconn-huskies,UConn,Huskies,CONN,UConn Huskies,UConn,0c2340,f1f2f3,https://a.espncdn.com/i/teamlogos/ncaa/500/41.png,home,74,true,0,0,25,47.3,26,55,0,8,66.7,16,24,19,10,0,0,0,40.0,6,15,35,0,0,0,269,s:40~l:54~t:269,marquette-golden-eagles,Marquette,Golden Eagles,MARQ,Marquette Golden Eagles,Marquette,083963,ffffff,https://a.espncdn.com/i/teamlogos/ncaa/500/269.png,59
260550103,2006,2,2006-02-24,2006-02-24T19:00:00.000000-0500,152,s:40~l:54~t:152,nc-state-wolfpack,NC State,Wolfpack,NCST,NC State Wolfpack,NC State,EF1216,231f20,https://a.espncdn.com/i/teamlogos/ncaa/500/152.png,away,82,true,0,0,21,56.4,31,55,0,17,68.2,15,22,13,8,0,0,0,71.4,5,7,29,0,0,0,103,s:40~l:54~t:103,boston-college-eagles,Boston College,Eagles,BC,Boston College Eagles,Boston College,8c2232,dbcca6,https://a.espncdn.com/i/teamlogos/ncaa/500/103.png,71
260550103,2006,2,2006-02-24,2006-02-24T19:00:00.000000-0500,103,s:40~l:54~t:103,boston-college-eagles,Boston College,Eagles,BC,Boston College Eagles,Boston College,8c2232,dbcca6,https://a.espncdn.com/i/teamlogos/ncaa/500/103.png,home,71,false,0,0,16,49.1,26,53,0,20,85.0,17,20,5,5,0,0,0,33.3,2,6,21,0,0,0,152,s:40~l:54~t:152,nc-state-wolfpack,NC State,Wolfpack,NCST,NC State Wolfpack,NC State,EF1216,231f20,https://a.espncdn.com/i/teamlogos/ncaa/500/152.png,82
260542633,2006,2,2006-02-23,2006-02-23T19:00:00.000000-0500,2,s:40~l:54~t:2,auburn-tigers,Auburn,Tigers,AUB,Auburn Tigers,Auburn,03244d,f1f2f3,https://a.espncdn.com/i/teamlogos/ncaa/500/2.png,away,56,false,0,0,17,42.6,20,47,0,15,82.4,14,17,6,2,0,0,0,22.2,2,9,19,0,0,0,2633,s:40~l:54~t:2633,tennessee-lady-volunteers,Tennessee,Lady Volunteers,TENN,Tennessee Lady Volunteers,Tennessee,ff8200,ffffff,https://a.espncdn.com/i/teamlogos/ncaa/500/2633_ncw.png,81
260542633,2006,2,2006-02-23,2006-02-23T19:00:00.000000-0500,2633,s:40~l:54~t:2633,tennessee-lady-volunteers,Tennessee,Lady Volunteers,TENN,Tennessee Lady Volunteers,Tennessee,ff8200,ffffff,https://a.espncdn.com/i/teamlogos/ncaa/500/2633_ncw.png,home,81,true,0,0,23,46.9,30,64,0,15,78.9,15,19,29,13,0,0,0,35.3,6,17,36,0,0,0,2,s:40~l:54~t:2,auburn-tigers,Auburn,Tigers,AUB,Auburn Tigers,Auburn,03244d,f1f2f3,https://a.espncdn.com/i/teamlogos/ncaa/500/2.png,56
260540194,2006,2,2006-02-23,2006-02-23T20:00:00.000000-0500,2509,s:40~l:54~t:2509,purdue-boilermakers,Purdue,Boilermakers,PUR,Purdue Boilermakers,Purdue,000000,cfb991,https://a.espncdn.com/i/teamlogos/ncaa/500/2509.png,away,58,false,0,0,19,44.9,22,49,0,22,66.7,6,9,2,5,0,0,0,47.1,8,17,24,0,0,0,194,s:40~l:54~t:194,ohio-state-buckeyes,Ohio State,Buckeyes,OSU,Ohio State Buckeyes,Ohio State,ce1141,505056,https://a.espncdn.com/i/teamlogos/ncaa/500/194.png,67
260540194,2006,2,2006-02-23,2006-02-23T20:00:00.000000-0500,194,s:40~l:54~t:194,ohio-state-buckeyes,Ohio State,Buckeyes,OSU,Ohio State Buckeyes,Ohio State,ce1141,505056,https://a.espncdn.com/i/teamlogos/ncaa/500/194.png,home,67,true,1,0,19,45.8,22,48,0,11,70.4,19,27,11,7,0,0,0,36.4,4,11,26,0,0,0,2509,s:40~l:54~t:2509,purdue-boilermakers,Purdue,Boilermakers,PUR,Purdue Boilermakers,Purdue,000000,cfb991,https://a.espncdn.com/i/teamlogos/ncaa/500/2509.png,58
260540130,2006,2,2006-02-23,2006-02-23T19:00:00.000000-0500,127,s:40~l:54~t:127,michigan-state-spartans,Michigan State,Spartans,MSU,Michigan State Spartans,Michigan St,18453B,ffffff,https://a.espncdn.com/i/teamlogos/ncaa/500/127.png,away,68,true,0,0,20,47.5,28,59,0,18,88.9,8,9,27,13,0,0,0,23.5,4,17,33,0,0,0,130,s:40~l:54~t:130,michigan-wolverines,Michigan,Wolverines,MICH,Michigan Wolverines,Michigan,00274c,ffcb05,https://a.espncdn.com/i/teamlogos/ncaa/500/130.png,42
260540130,2006,2,2006-02-23,2006-02-23T19:00:00.000000-0500,130,s:40~l:54~t:130,michigan-wolverines,Michigan,Wolverines,MICH,Michigan Wolverines,Michigan,00274c,ffcb05,https://a.espncdn.com/i/teamlogos/ncaa/500/130.png,home,42,false,0,0,12,31.0,13,42,0,13,76.9,10,13,0,7,0,0,0,30.0,6,20,19,0,0,0,127,s:40~l:54~t:127,michigan-state-spartans,Michigan State,Spartans,MSU,Michigan State Spartans,Michigan St,18453B,ffffff,https://a.espncdn.com/i/teamlogos/ncaa/500/127.png,68
260510153,2006,2,2006-02-20,2006-02-20T19:00:00.000000-0500,103,s:40~l:54~t:103,boston-college-eagles,Boston College,Eagles,BC,Boston College Eagles,Boston College,8c2232,dbcca6,https://a.espncdn.com/i/teamlogos/ncaa/500/103.png,away,62,false,0,0,21,50.0,23,46,0,13,72.7,8,11,7,4,0,0,0,42.1,8,19,25,0,0,0,153,s:40~l:54~t:153,north-carolina-tar-heels,North Carolina,Tar Heels,UNC,North Carolina Tar Heels,North Carolina,7bafd4,13294b,https://a.espncdn.com/i/teamlogos/ncaa/500/153.png,69
260510153,2006,2,2006-02-20,2006-02-20T19:00:00.000000-0500,153,s:40~l:54~t:153,north-carolina-tar-heels,North Carolina,Tar Heels,UNC,North Carolina Tar Heels,North Carolina,7bafd4,13294b,https://a.espncdn.com/i/teamlogos/ncaa/500/153.png,home,69,true,0,0,19,43.1,25,58,0,18,72.2,13,18,13,9,0,0,0,31.6,6,19,28,0,0,0,103,s:40~l:54~t:103,boston-college-eagles,Boston College,Eagles,BC,Boston College Eagles,Boston College,8c2232,dbcca6,https://a.espncdn.com/i/teamlogos/ncaa/500/103.png,62
260510194,2006,2,2006-02-20,2006-02-20T19:30:00.000000-0500,127,s:40~l:54~t:127,michigan-state-spartans,Michigan State,Spartans,MSU,Michigan State Spartans,Michigan St,18453B,ffffff,https://a.espncdn.com/i/teamlogos/ncaa/500/127.png,away,38,false,0,0,15,28.1,16,57,0,17,62.5,5,8,2,10,0,0,0,7.7,1,13,25,0,0,0,194,s:40~l:54~t:194,ohio-state-buckeyes,Ohio State,Buckeyes,OSU,Ohio State Buckeyes,Ohio State,ce1141,505056,https://a.espncdn.com/i/teamlogos/ncaa/500/194.png,69
260510194,2006,2,2006-02-20,2006-02-20T19:30:00.000000-0500,194,s:40~l:54~t:194,ohio-state-buckeyes,Ohio State,Buckeyes,OSU,Ohio State Buckeyes,Ohio State,ce1141,505056,https://a.espncdn.com/i/teamlogos/ncaa/500/194.png,home,69,true,0,0,22,53.8,28,52,0,8,61.5,8,13,34,9,0,0,0,31.3,5,16,31,0,0,0,127,s:40~l:54~t:127,michigan-state-spartans,Michigan State,Spartans,MSU,Michigan State Spartans,Michigan St,18453B,ffffff,https://a.espncdn.com/i/teamlogos/ncaa/500/127.png,38
260500333,2006,2,2006-02-19,2006-02-19T13:00:00.000000-0500,2633,s:40~l:54~t:2633,tennessee-lady-volunteers,Tennessee,Lady Volunteers,TENN,Tennessee Lady Volunteers,Tennessee,ff8200,ffffff,https://a.espncdn.com/i/teamlogos/ncaa/500/2633_ncw.png,away,82,true,0,0,19,46.8,29,62,0,19,60.0,15,25,22,16,0,0,0,42.9,9,21,35,0,0,0,333,s:40~l:54~t:333,alabama-crimson-tide,Alabama,Crimson Tide,ALA,Alabama Crimson Tide,Alabama,9e1632,ffffff,https://a.espncdn.com/i/teamlogos/ncaa/500/333.png,65
260500333,2006,2,2006-02-19,2006-02-19T13:00:00.000000-0500,333,s:40~l:54~t:333,alabama-crimson-tide,Alabama,Crimson Tide,ALA,Alabama Crimson Tide,Alabama,9e1632,ffffff,https://a.espncdn.com/i/teamlogos/ncaa/500/333.png,home,65,false,0,0,16,40.8,20,49,0,20,72.0,18,25,5,8,0,0,0,33.3,7,21,24,0,0,0,2633,s:40~l:54~t:2633,tennessee-lady-volunteers,Tennessee,Lady Volunteers,TENN,Tennessee Lady Volunteers,Tennessee,ff8200,ffffff,https://a.espncdn.com/i/teamlogos/ncaa/500/2633_ncw.png,82
260500087,2006,2,2006-02-19,2006-02-19T19:00:00.000000-0500,41,s:40~l:54~t:41,uconn-huskies,UConn,Huskies,CONN,UConn Huskies,UConn,0c2340,f1f2f3,https://a.espncdn.com/i/teamlogos/ncaa/500/41.png,away,79,true,0,0,23,46.4,26,56,0,17,73.9,17,23,18,10,0,0,0,52.6,10,19,33,0,0,0,87,s:40~l:54~t:87,notre-dame-fighting-irish,Notre Dame,Fighting Irish,ND,Notre Dame Fighting Irish,Notre Dame,0c2340,c99700,https://a.espncdn.com/i/teamlogos/ncaa/500/87.png,64
260500087,2006,2,2006-02-19,2006-02-19T19:00:00.000000-0500,87,s:40~l:54~t:87,notre-dame-fighting-irish,Notre Dame,Fighting Irish,ND,Notre Dame Fighting Irish,Notre Dame,0c2340,c99700,https://a.espncdn.com/i/teamlogos/ncaa/500/87.png,home,64,false,0,0,18,45.1,23,51,0,18,60.9,14,23,3,7,0,0,0,57.1,4,7,25,0,0,0,41,s:40~l:54~t:41,uconn-huskies,UConn,Huskies,CONN,UConn Huskies,UConn,0c2340,f1f2f3,https://a.espncdn.com/i/teamlogos/ncaa/500/41.png,79
260502509,2006,2,2006-02-19,2006-02-19T13:00:00.000000-0500,84,s:40~l:54~t:84,indiana-hoosiers,Indiana,Hoosiers,IU,Indiana Hoosiers,Indiana,990000,edebeb,https://a.espncdn.com/i/teamlogos/ncaa/500/84.png,away,63,true,0,0,18,42.9,24,56,0,11,62.5,5,8,7,4,0,0,0,71.4,10,14,22,0,0,0,2509,s:40~l:54~t:2509,purdue-boilermakers,Purdue,Boilermakers,PUR,Purdue Boilermakers,Purdue,000000,cfb991,https://a.espncdn.com/i/teamlogos/ncaa/500/2509.png,61
260502509,2006,2,2006-02-19,2006-02-19T13:00:00.000000-0500,2509,s:40~l:54~t:2509,purdue-boilermakers,Purdue,Boilermakers,PUR,Purdue Boilermakers,Purdue,000000,cfb991,https://a.espncdn.com/i/teamlogos/ncaa/500/2509.png,home,61,false,0,0,20,44.2,23,52,0,14,100.0,11,11,8,2,0,0,0,21.1,4,19,22,0,0,0,84,s:40~l:54~t:84,indiana-hoosiers,Indiana,Hoosiers,IU,Indiana Hoosiers,Indiana,990000,edebeb,https://a.espncdn.com/i/teamlogos/ncaa/500/84.png,63
260500239,2006,2,2006-02-19,2006-02-19T15:00:00.000000-0500,2641,s:40~l:54~t:2641,texas-tech-lady-raiders,Texas Tech,Lady Raiders,TTU,Texas Tech Lady Raiders,Texas Tech,C80025,231f20,https://a.espncdn.com/i/teamlogos/ncaa/500/2641.png,away,60,false,0,0,15,54.5,24,44,0,18,69.2,9,13,2,6,0,0,0,50.0,3,6,21,0,0,0,239,s:40~l:54~t:239,baylor-bears,Baylor,Bears,BAY,Baylor Bears,Baylor,154734,ffb81c,https://a.espncdn.com/i/teamlogos/ncaa/500/239.png,73
260500239,2006,2,2006-02-19,2006-02-19T15:00:00.000000-0500,239,s:40~l:54~t:239,baylor-bears,Baylor,Bears,BAY,Baylor Bears,Baylor,154734,ffb81c,https://a.espncdn.com/i/teamlogos/ncaa/500/239.png,home,73,true,0,0,15,43.1,25,58,0,13,100.0,20,20,13,15,0,0,0,25.0,3,12,30,0,0,0,2641,s:40~l:54~t:2641,texas-tech-lady-raiders,Texas Tech,Lady Raiders,TTU,Texas Tech Lady Raiders,Texas Tech,C80025,231f20,https://a.espncdn.com/i/teamlogos/ncaa/500/2641.png,60
260480259,2006,2,2006-02-17,2006-02-17T18:30:00.000000-0500,153,s:40~l:54~t:153,north-carolina-tar-heels,North Carolina,Tar Heels,UNC,North Carolina Tar Heels,North Carolina,7bafd4,13294b,https://a.espncdn.com/i/teamlogos/ncaa/500/153.png,away,84,true,0,0,15,54.1,33,61,0,23,61.9,13,21,23,11,0,0,0,41.2,7,17,26,0,0,0,259,s:40~l:54~t:259,virginia-tech-hokies,Virginia Tech,Hokies,VT,Virginia Tech Hokies,Virginia Tech,630031,cf4520,https://a.espncdn.com/i/teamlogos/ncaa/500/259.png,75
260480259,2006,2,2006-02-17,2006-02-17T18:30:00.000000-0500,259,s:40~l:54~t:259,virginia-tech-hokies,Virginia Tech,Hokies,VT,Virginia Tech Hokies,Virginia Tech,630031,cf4520,https://a.espncdn.com/i/teamlogos/ncaa/500/259.png,home,75,false,0,0,17,41.7,25,60,0,15,78.1,25,32,1,9,0,0,0,0.0,0,6,26,0,0,0,153,s:40~l:54~t:153,north-carolina-tar-heels,North Carolina,Tar Heels,UNC,North Carolina Tar Heels,North Carolina,7bafd4,13294b,https://a.espncdn.com/i/teamlogos/ncaa/500/153.png,84
260480218,2006,2,2006-02-17,2006-02-17T20:00:00.000000-0500,2603,s:40~l:54~t:2603,saint-josephs-hawks,Saint Joseph's,Hawks,JOES,Saint Joseph's Hawks,Saint Joseph's,C2071B,101010,https://a.espncdn.com/i/teamlogos/ncaa/500/2603.png,away,53,false,0,0,17,34.5,19,55,0,16,80.0,12,15,5,14,0,0,0,42.9,3,7,31,0,0,0,218,s:40~l:54~t:218,temple-owls,Temple,Owls,TEM,Temple Owls,Temple,A80532,a7a9ac,https://a.espncdn.com/i/teamlogos/ncaa/500/218.png,59
260480218,2006,2,2006-02-17,2006-02-17T20:00:00.000000-0500,218,s:40~l:54~t:218,temple-owls,Temple,Owls,TEM,Temple Owls,Temple,A80532,a7a9ac,https://a.espncdn.com/i/teamlogos/ncaa/500/218.png,home,59,true,0,0,20,39.6,21,53,0,15,69.6,16,23,12,15,0,0,0,16.7,1,6,35,0,0,0,2603,s:40~l:54~t:2603,saint-josephs-hawks,Saint Joseph's,Hawks,JOES,Saint Joseph's Hawks,Saint Joseph's,C2071B,101010,https://a.espncdn.com/i/teamlogos/ncaa/500/2603.png,53
260470061,2006,2,2006-02-16,2006-02-16T20:00:00.000000-0500,2633,s:40~l:54~t:2633,tennessee-lady-volunteers,Tennessee,Lady Volunteers,TENN,Tennessee Lady Volunteers,Tennessee,ff8200,ffffff,https://a.espncdn.com/i/teamlogos/ncaa/500/2633_ncw.png,away,58,true,0,0,25,46.8,22,47,0,13,71.4,10,14,3,11,0,0,0,36.4,4,11,36,0,0,0,61,s:40~l:54~t:61,georgia-lady-bulldogs,Georgia,Lady Bulldogs,UGA,Georgia Lady Bulldogs,Georgia,CC0000,000000,https://a.espncdn.com/i/teamlogos/ncaa/500/61.png,55
260470061,2006,2,2006-02-16,2006-02-16T20:00:00.000000-0500,61,s:40~l:54~t:61,georgia-lady-bulldogs,Georgia,Lady Bulldogs,UGA,Georgia Lady Bulldogs,Georgia,CC0000,000000,https://a.espncdn.com/i/teamlogos/ncaa/500/61.png,home,55,false,0,0,13,33.3,20,60,0,15,83.3,10,12,14,11,0,0,0,27.8,5,18,24,0,0,0,2633,s:40~l:54~t:2633,tennessee-lady-volunteers,Tennessee,Lady Volunteers,TENN,Tennessee Lady Volunteers,Tennessee,ff8200,ffffff,https://a.espncdn.com/i/teamlogos/ncaa/500/2633_ncw.png,58
260470135,2006,2,2006-02-16,2006-02-16T20:00:00.000000-0500,194,s:40~l:54~t:194,ohio-state-buckeyes,Ohio State,Buckeyes,OSU,Ohio State Buckeyes,Ohio State,ce1141,505056,https://a.espncdn.com/i/teamlogos/ncaa/500/194.png,away,76,true,0,0,20,59.3,32,54,0,9,60.0,3,5,24,4,0,0,1,60.0,9,15,24,1,0,0,135,s:40~l:54~t:135,minnesota-golden-gophers,Minnesota,Golden Gophers,MINN,Minnesota Golden Gophers,Minnesota,981a31,981a31,https://a.espncdn.com/i/teamlogos/ncaa/500/135.png,55
260470135,2006,2,2006-02-16,2006-02-16T20:00:00.000000-0500,135,s:40~l:54~t:135,minnesota-golden-gophers,Minnesota,Golden Gophers,MINN,Minnesota Golden Gophers,Minnesota,981a31,981a31,https://a.espncdn.com/i/teamlogos/ncaa/500/135.png,home,55,false,1,0,15,39.7,25,63,0,9,71.4,5,7,0,11,0,0,0,11.8,2,17,26,0,0,0,194,s:40~l:54~t:194,ohio-state-buckeyes,Ohio State,Buckeyes,OSU,Ohio State Buckeyes,Ohio State,ce1141,505056,https://a.espncdn.com/i/teamlogos/ncaa/500/194.png,76
260470127,2006,2,2006-02-16,2006-02-16T19:05:00.000000-0500,2294,s:40~l:54~t:2294,iowa-hawkeyes,Iowa,Hawkeyes,IOWA,Iowa Hawkeyes,Iowa,000000,fcd116,https://a.espncdn.com/i/teamlogos/ncaa/500/2294.png,away,71,false,0,0,17,41.3,26,63,0,14,64.3,9,14,2,9,0,0,0,37.0,10,27,26,0,0,0,127,s:40~l:54~t:127,michigan-state-spartans,Michigan State,Spartans,MSU,Michigan State Spartans,Michigan St,18453B,ffffff,https://a.espncdn.com/i/teamlogos/ncaa/500/127.png,73
260470127,2006,2,2006-02-16,2006-02-16T19:05:00.000000-0500,127,s:40~l:54~t:127,michigan-state-spartans,Michigan State,Spartans,MSU,Michigan State Spartans,Michigan St,18453B,ffffff,https://a.espncdn.com/i/teamlogos/ncaa/500/127.png,home,73,true,0,0,26,45.3,29,64,0,13,86.7,13,15,11,17,0,0,0,20.0,2,10,43,0,0,0,2294,s:40~l:54~t:2294,iowa-hawkeyes,Iowa,Hawkeyes,IOWA,Iowa Hawkeyes,Iowa,000000,fcd116,https://a.espncdn.com/i/teamlogos/ncaa/500/2294.png,71
260440150,2006,2,2006-02-13,2006-02-13T19:00:00.000000-0500,120,s:40~l:54~t:120,maryland-terrapins,Maryland,Terrapins,MD,Maryland Terrapins,Maryland,D5002B,ffcd00,https://a.espncdn.com/i/teamlogos/ncaa/500/120.png,away,80,false,0,0,16,46.9,30,64,0,23,81.3,13,16,10,10,0,0,0,41.2,7,17,26,0,0,0,150,s:40~l:54~t:150,duke-blue-devils,Duke,Blue Devils,DUKE,Duke Blue Devils,Duke,013088,ffffff,https://a.espncdn.com/i/teamlogos/ncaa/500/150.png,90
260440150,2006,2,2006-02-13,2006-02-13T19:00:00.000000-0500,150,s:40~l:54~t:150,duke-blue-devils,Duke,Blue Devils,DUKE,Duke Blue Devils,Duke,013088,ffffff,https://a.espncdn.com/i/teamlogos/ncaa/500/150.png,home,90,true,0,0,22,46.5,33,71,0,13,75.0,21,28,13,14,0,0,0,18.8,3,16,36,0,0,0,120,s:40~l:54~t:120,maryland-terrapins,Maryland,Terrapins,MD,Maryland Terrapins,Maryland,D5002B,ffcd00,https://a.espncdn.com/i/teamlogos/ncaa/500/120.png,80
260430258,2006,2,2006-02-12,2006-02-12T17:15:00.000000-0500,153,s:40~l:54~t:153,north-carolina-tar-heels,North Carolina,Tar Heels,UNC,North Carolina Tar Heels,North Carolina,7bafd4,13294b,https://a.espncdn.com/i/teamlogos/ncaa/500/153.png,away,72,true,0,0,21,48.8,21,43,0,15,74.3,26,35,17,5,0,0,0,26.7,4,15,26,0,0,0,258,s:40~l:54~t:258,virginia-cavaliers,Virginia,Cavaliers,UVA,Virginia Cavaliers,Virginia,f84c1e,ffffff,https://a.espncdn.com/i/teamlogos/ncaa/500/258.png,60
260430258,2006,2,2006-02-12,2006-02-12T17:15:00.000000-0500,258,s:40~l:54~t:258,virginia-cavaliers,Virginia,Cavaliers,UVA,Virginia Cavaliers,Virginia,f84c1e,ffffff,https://a.espncdn.com/i/teamlogos/ncaa/500/258.png,home,60,false,0,0,19,31.4,22,70,0,25,82.4,14,17,0,16,0,0,0,15.4,2,13,35,0,0,0,153,s:40~l:54~t:153,north-carolina-tar-heels,North Carolina,Tar Heels,UNC,North Carolina Tar Heels,North Carolina,7bafd4,13294b,https://a.espncdn.com/i/teamlogos/ncaa/500/153.png,72
260430251,2006,2,2006-02-12,2006-02-12T15:00:00.000000-0500,41,s:40~l:54~t:41,uconn-huskies,UConn,Huskies,CONN,UConn Huskies,UConn,0c2340,f1f2f3,https://a.espncdn.com/i/teamlogos/ncaa/500/41.png,away,71,true,0,0,24,44.6,25,56,0,16,77.8,14,18,19,5,0,0,0,43.8,7,16,29,0,0,0,251,s:40~l:54~t:251,texas-longhorns,Texas,Longhorns,TEX,Texas Longhorns,Texas,c15d26,ffffff,https://a.espncdn.com/i/teamlogos/ncaa/500/251.png,58
260430251,2006,2,2006-02-12,2006-02-12T15:00:00.000000-0500,251,s:40~l:54~t:251,texas-longhorns,Texas,Longhorns,TEX,Texas Longhorns,Texas,c15d26,ffffff,https://a.espncdn.com/i/teamlogos/ncaa/500/251.png,home,58,false,0,0,19,34.9,22,63,0,17,55.6,10,18,0,12,0,0,0,44.4,4,9,31,0,0,0,41,s:40~l:54~t:41,uconn-huskies,UConn,Huskies,CONN,UConn Huskies,UConn,0c2340,f1f2f3,https://a.espncdn.com/i/teamlogos/ncaa/500/41.png,71
260432633,2006,2,2006-02-12,2006-02-12T17:00:00.000000-0500,238,s:40~l:54~t:238,vanderbilt-commodores,Vanderbilt,Commodores,VAN,Vanderbilt Commodores,Vanderbilt,000000,231f20,https://a.espncdn.com/i/teamlogos/ncaa/500/238.png,away,67,false,1,0,14,56.6,30,53,0,22,42.9,3,7,14,4,1,0,0,26.7,4,15,18,0,0,0,2633,s:40~l:54~t:2633,tennessee-lady-volunteers,Tennessee,Lady Volunteers,TENN,Tennessee Lady Volunteers,Tennessee,ff8200,ffffff,https://a.espncdn.com/i/teamlogos/ncaa/500/2633_ncw.png,70
260432633,2006,2,2006-02-12,2006-02-12T17:00:00.000000-0500,2633,s:40~l:54~t:2633,tennessee-lady-volunteers,Tennessee,Lady Volunteers,TENN,Tennessee Lady Volunteers,Tennessee,ff8200,ffffff,https://a.espncdn.com/i/teamlogos/ncaa/500/2633_ncw.png,home,70,true,0,0,13,46.0,23,50,0,13,74.2,23,31,4,11,3,0,0,16.7,1,6,24,0,0,0,238,s:40~l:54~t:238,vanderbilt-commodores,Vanderbilt,Commodores,VAN,Vanderbilt Commodores,Vanderbilt,000000,231f20,https://a.espncdn.com/i/teamlogos/ncaa/500/238.png,67
260430201,2006,2,2006-02-12,2006-02-12T15:30:00.000000-0500,239,s:40~l:54~t:239,baylor-bears,Baylor,Bears,BAY,Baylor Bears,Baylor,154734,ffb81c,https://a.espncdn.com/i/teamlogos/ncaa/500/239.png,away,77,false,0,0,24,41.1,30,73,0,24,80.0,16,20,9,14,0,0,0,6.3,1,16,38,0,0,0,201,s:40~l:54~t:201,oklahoma-sooners,Oklahoma,Sooners,OU,Oklahoma Sooners,Oklahoma,9d2235,ffffff,https://a.espncdn.com/i/teamlogos/ncaa/500/201.png,81
260430201,2006,2,2006-02-12,2006-02-12T15:30:00.000000-0500,201,s:40~l:54~t:201,oklahoma-sooners,Oklahoma,Sooners,OU,Oklahoma Sooners,Oklahoma,9d2235,ffffff,https://a.espncdn.com/i/teamlogos/ncaa/500/201.png,home,81,true,0,0,24,44.8,30,67,0,18,54.8,17,31,7,18,0,0,0,22.2,4,18,42,0,0,0,239,s:40~l:54~t:239,baylor-bears,Baylor,Bears,BAY,Baylor Bears,Baylor,154734,ffb81c,https://a.espncdn.com/i/teamlogos/ncaa/500/239.png,77
260432509,2006,2,2006-02-12,2006-02-12T15:00:00.000000-0500,135,s:40~l:54~t:135,minnesota-golden-gophers,Minnesota,Golden Gophers,MINN,Minnesota Golden Gophers,Minnesota,981a31,981a31,https://a.espncdn.com/i/teamlogos/ncaa/500/135.png,away,31,false,1,0,19,23.5,12,51,0,17,50.0,3,6,4,10,0,0,0,22.2,4,18,29,0,0,0,2509,s:40~l:54~t:2509,purdue-boilermakers,Purdue,Boilermakers,PUR,Purdue Boilermakers,Purdue,000000,cfb991,https://a.espncdn.com/i/teamlogos/ncaa/500/2509.png,63
260432509,2006,2,2006-02-12,2006-02-12T15:00:00.000000-0500,2509,s:40~l:54~t:2509,purdue-boilermakers,Purdue,Boilermakers,PUR,Purdue Boilermakers,Purdue,000000,cfb991,https://a.espncdn.com/i/teamlogos/ncaa/500/2509.png,home,63,true,0,0,27,44.6,25,56,0,13,78.6,11,14,32,9,0,0,0,20.0,2,10,36,0,0,0,135,s:40~l:54~t:135,minnesota-golden-gophers,Minnesota,Golden Gophers,MINN,Minnesota Golden Gophers,Minnesota,981a31,981a31,https://a.espncdn.com/i/teamlogos/ncaa/500/135.png,31
260430305,2006,2,2006-02-12,2006-02-12T17:40:00.000000-0500,87,s:40~l:54~t:87,notre-dame-fighting-irish,Notre Dame,Fighting Irish,ND,Notre Dame Fighting Irish,Notre Dame,0c2340,c99700,https://a.espncdn.com/i/teamlogos/ncaa/500/87.png,away,50,false,0,0,16,27.4,17,62,0,18,75.0,12,16,3,12,0,0,1,25.0,4,16,28,1,0,0,305,s:40~l:54~t:305,depaul-blue-demons,DePaul,Blue Demons,DEP,DePaul Blue Demons,DePaul,2d649c,ce1125,https://a.espncdn.com/i/teamlogos/ncaa/500/305.png,79
260430305,2006,2,2006-02-12,2006-02-12T17:40:00.000000-0500,305,s:40~l:54~t:305,depaul-blue-demons,DePaul,Blue Demons,DEP,DePaul Blue Demons,DePaul,2d649c,ce1125,https://a.espncdn.com/i/teamlogos/ncaa/500/305.png,home,79,true,1,0,32,50.9,29,57,0,17,62.5,15,24,31,13,0,0,0,40.0,6,15,45,0,0,0,87,s:40~l:54~t:87,notre-dame-fighting-irish,Notre Dame,Fighting Irish,ND,Notre Dame Fighting Irish,Notre Dame,0c2340,c99700,https://a.espncdn.com/i/teamlogos/ncaa/500/87.png,50
260430167,2006,2,2006-02-12,2006-02-12T17:00:00.000000-0500,2628,s:40~l:54~t:2628,tcu-horned-frogs,TCU,Horned Frogs,TCU,TCU Horned Frogs,TCU,4d1979,f1f2f3,https://a.espncdn.com/i/teamlogos/ncaa/500/2628.png,away,63,false,0,0,18,30.6,19,62,0,24,73.3,22,30,1,16,0,0,0,23.1,3,13,34,0,0,0,167,s:40~l:54~t:167,new-mexico-lobos,New Mexico,Lobos,UNM,New Mexico Lobos,New Mexico,000000,231f20,https://a.espncdn.com/i/teamlogos/ncaa/500/167.png,87
260430167,2006,2,2006-02-12,2006-02-12T17:00:00.000000-0500,167,s:40~l:54~t:167,new-mexico-lobos,New Mexico,Lobos,UNM,New Mexico Lobos,New Mexico,000000,231f20,https://a.espncdn.com/i/teamlogos/ncaa/500/167.png,home,87,true,0,0,23,46.2,24,52,0,23,93.3,28,30,32,8,0,0,0,47.8,11,23,31,0,0,0,2628,s:40~l:54~t:2628,tcu-horned-frogs,TCU,Horned Frogs,TCU,TCU Horned Frogs,TCU,4d1979,f1f2f3,https://a.espncdn.com/i/teamlogos/ncaa/500/2628.png,63
260410150,2006,2,2006-02-10,2006-02-10T19:00:00.000000-0500,258,s:40~l:54~t:258,virginia-cavaliers,Virginia,Cavaliers,UVA,Virginia Cavaliers,Virginia,f84c1e,ffffff,https://a.espncdn.com/i/teamlogos/ncaa/500/258.png,away,65,false,0,0,16,36.1,22,61,0,15,65.2,15,23,0,6,0,0,0,50.0,6,12,22,0,0,0,150,s:40~l:54~t:150,duke-blue-devils,Duke,Blue Devils,DUKE,Duke Blue Devils,Duke,013088,ffffff,https://a.espncdn.com/i/teamlogos/ncaa/500/150.png,88
260410150,2006,2,2006-02-10,2006-02-10T19:00:00.000000-0500,150,s:40~l:54~t:150,duke-blue-devils,Duke,Blue Devils,DUKE,Duke Blue Devils,Duke,013088,ffffff,https://a.espncdn.com/i/teamlogos/ncaa/500/150.png,home,88,true,0,0,30,59.6,34,57,0,20,75.0,15,20,23,9,0,0,0,55.6,5,9,39,0,0,0,258,s:40~l:54~t:258,virginia-cavaliers,Virginia,Cavaliers,UVA,Virginia Cavaliers,Virginia,f84c1e,ffffff,https://a.espncdn.com/i/teamlogos/ncaa/500/258.png,65
260410130,2006,2,2006-02-10,2006-02-10T19:00:00.000000-0500,194,s:40~l:54~t:194,ohio-state-buckeyes,Ohio State,Buckeyes,OSU,Ohio State Buckeyes,Ohio State,ce1141,505056,https://a.espncdn.com/i/teamlogos/ncaa/500/194.png,away,74,true,0,0,20,47.0,31,66,0,9,53.8,7,13,19,12,0,0,0,45.5,5,11,32,0,0,0,130,s:40~l:54~t:130,michigan-wolverines,Michigan,Wolverines,MICH,Michigan Wolverines,Michigan,00274c,ffcb05,https://a.espncdn.com/i/teamlogos/ncaa/500/130.png,55
260410130,2006,2,2006-02-10,2006-02-10T19:00:00.000000-0500,130,s:40~l:54~t:130,michigan-wolverines,Michigan,Wolverines,MICH,Michigan Wolverines,Michigan,00274c,ffcb05,https://a.espncdn.com/i/teamlogos/ncaa/500/130.png,home,55,false,0,0,21,41.8,23,55,0,14,50.0,2,4,4,6,0,0,0,38.9,7,18,27,0,0,0,194,s:40~l:54~t:194,ohio-state-buckeyes,Ohio State,Buckeyes,OSU,Ohio State Buckeyes,Ohio State,ce1141,505056,https://a.espncdn.com/i/teamlogos/ncaa/500/194.png,74
260410277,2006,2,2006-02-10,2006-02-10T19:00:00.000000-0500,164,s:40~l:54~t:164,rutgers-scarlet-knights,Rutgers,Scarlet Knights,RUTG,Rutgers Scarlet Knights,Rutgers,d21034,ffffff,https://a.espncdn.com/i/teamlogos/ncaa/500/164.png,away,54,true,0,0,26,35.3,18,51,0,15,50.0,12,24,16,9,0,0,0,40.0,6,15,35,0,0,0,277,s:40~l:54~t:277,west-virginia-mountaineers,West Virginia,Mountaineers,WVU,West Virginia Mountaineers,West Virginia,FFC600,eaaa00,https://a.espncdn.com/i/teamlogos/ncaa/500/277.png,41
260410277,2006,2,2006-02-10,2006-02-10T19:00:00.000000-0500,277,s:40~l:54~t:277,west-virginia-mountaineers,West Virginia,Mountaineers,WVU,West Virginia Mountaineers,West Virginia,FFC600,eaaa00,https://a.espncdn.com/i/teamlogos/ncaa/500/277.png,home,41,false,0,0,20,31.4,16,51,0,18,42.9,6,14,2,7,0,0,0,21.4,3,14,27,0,0,0,164,s:40~l:54~t:164,rutgers-scarlet-knights,Rutgers,Scarlet Knights,RUTG,Rutgers Scarlet Knights,Rutgers,d21034,ffffff,https://a.espncdn.com/i/teamlogos/ncaa/500/164.png,54
260402633,2006,2,2006-02-09,2006-02-09T19:00:00.000000-0500,99,s:40~l:54~t:99,lsu-tigers,LSU,Tigers,LSU,LSU Tigers,LSU,461d7c,fdd023,https://a.espncdn.com/i/teamlogos/ncaa/500/99.png,away,72,true,0,0,22,49.1,27,55,0,15,68.2,15,22,13,10,0,0,0,75.0,3,4,32,0,0,0,2633,s:40~l:54~t:2633,tennessee-lady-volunteers,Tennessee,Lady Volunteers,TENN,Tennessee Lady Volunteers,Tennessee,ff8200,ffffff,https://a.espncdn.com/i/teamlogos/ncaa/500/2633_ncw.png,69
260402633,2006,2,2006-02-09,2006-02-09T19:00:00.000000-0500,2633,s:40~l:54~t:2633,tennessee-lady-volunteers,Tennessee,Lady Volunteers,TENN,Tennessee Lady Volunteers,Tennessee,ff8200,ffffff,https://a.espncdn.com/i/teamlogos/ncaa/500/2633_ncw.png,home,69,false,0,0,20,44.4,28,63,0,17,57.1,8,14,5,11,0,0,1,29.4,5,17,31,1,0,0,99,s:40~l:54~t:99,lsu-tigers,LSU,Tigers,LSU,LSU Tigers,LSU,461d7c,fdd023,https://a.espncdn.com/i/teamlogos/ncaa/500/99.png,72
260400127,2006,2,2006-02-09,2006-02-09T20:00:00.000000-0500,135,s:40~l:54~t:135,minnesota-golden-gophers,Minnesota,Golden Gophers,MINN,Minnesota Golden Gophers,Minnesota,981a31,981a31,https://a.espncdn.com/i/teamlogos/ncaa/500/135.png,away,61,false,0,0,15,39.6,21,53,0,21,66.7,10,15,0,8,0,0,0,40.9,9,22,23,0,0,0,127,s:40~l:54~t:127,michigan-state-spartans,Michigan State,Spartans,MSU,Michigan State Spartans,Michigan St,18453B,ffffff,https://a.espncdn.com/i/teamlogos/ncaa/500/127.png,84
260400127,2006,2,2006-02-09,2006-02-09T20:00:00.000000-0500,127,s:40~l:54~t:127,michigan-state-spartans,Michigan State,Spartans,MSU,Michigan State Spartans,Michigan St,18453B,ffffff,https://a.espncdn.com/i/teamlogos/ncaa/500/127.png,home,84,true,0,0,22,49.2,30,61,0,13,68.2,15,22,33,18,0,0,0,56.3,9,16,40,0,0,0,135,s:40~l:54~t:135,minnesota-golden-gophers,Minnesota,Golden Gophers,MINN,Minnesota Golden Gophers,Minnesota,981a31,981a31,https://a.espncdn.com/i/teamlogos/ncaa/500/135.png,61
260380041,2006,2,2006-02-07,2006-02-07T20:00:00.000000-0500,164,s:40~l:54~t:164,rutgers-scarlet-knights,Rutgers,Scarlet Knights,RUTG,Rutgers Scarlet Knights,Rutgers,d21034,ffffff,https://a.espncdn.com/i/teamlogos/ncaa/500/164.png,away,60,true,0,0,21,36.7,22,60,0,17,92.9,13,14,14,13,0,0,0,25.0,3,12,34,0,0,0,41,s:40~l:54~t:41,uconn-huskies,UConn,Huskies,CONN,UConn Huskies,UConn,0c2340,f1f2f3,https://a.espncdn.com/i/teamlogos/ncaa/500/41.png,56
260380041,2006,2,2006-02-07,2006-02-07T20:00:00.000000-0500,41,s:40~l:54~t:41,uconn-huskies,UConn,Huskies,CONN,UConn Huskies,UConn,0c2340,f1f2f3,https://a.espncdn.com/i/teamlogos/ncaa/500/41.png,home,56,false,0,0,20,33.9,19,56,0,14,81.3,13,16,5,9,0,0,0,29.4,5,17,29,0,0,0,164,s:40~l:54~t:164,rutgers-scarlet-knights,Rutgers,Scarlet Knights,RUTG,Rutgers Scarlet Knights,Rutgers,d21034,ffffff,https://a.espncdn.com/i/teamlogos/ncaa/500/164.png,60
260370259,2006,2,2006-02-06,2006-02-06T19:00:00.000000-0500,150,s:40~l:54~t:150,duke-blue-devils,Duke,Blue Devils,DUKE,Duke Blue Devils,Duke,013088,ffffff,https://a.espncdn.com/i/teamlogos/ncaa/500/150.png,away,73,true,0,0,20,45.5,25,55,0,21,68.0,17,25,20,10,0,0,0,46.2,6,13,30,0,0,0,259,s:40~l:54~t:259,virginia-tech-hokies,Virginia Tech,Hokies,VT,Virginia Tech Hokies,Virginia Tech,630031,cf4520,https://a.espncdn.com/i/teamlogos/ncaa/500/259.png,62
260370259,2006,2,2006-02-06,2006-02-06T19:00:00.000000-0500,259,s:40~l:54~t:259,virginia-tech-hokies,Virginia Tech,Hokies,VT,Virginia Tech Hokies,Virginia Tech,630031,cf4520,https://a.espncdn.com/i/teamlogos/ncaa/500/259.png,home,62,false,0,0,16,38.8,19,49,0,22,64.5,20,31,3,13,0,0,0,50.0,4,8,29,0,0,0,150,s:40~l:54~t:150,duke-blue-devils,Duke,Blue Devils,DUKE,Duke Blue Devils,Duke,013088,ffffff,https://a.espncdn.com/i/teamlogos/ncaa/500/150.png,73
260362633,2006,2,2006-02-05,2006-02-05T15:00:00.000000-0500,8,s:40~l:54~t:8,arkansas-razorbacks,Arkansas,Razorbacks,ARK,Arkansas Razorbacks,Arkansas,a41f35,222222,https://a.espncdn.com/i/teamlogos/ncaa/500/8.png,away,37,false,0,0,15,26.9,14,52,0,23,75.0,3,4,0,4,0,0,0,27.3,6,22,19,0,0,0,2633,s:40~l:54~t:2633,tennessee-lady-volunteers,Tennessee,Lady Volunteers,TENN,Tennessee Lady Volunteers,Tennessee,ff8200,ffffff,https://a.espncdn.com/i/teamlogos/ncaa/500/2633_ncw.png,77
260362633,2006,2,2006-02-05,2006-02-05T15:00:00.000000-0500,2633,s:40~l:54~t:2633,tennessee-lady-volunteers,Tennessee,Lady Volunteers,TENN,Tennessee Lady Volunteers,Tennessee,ff8200,ffffff,https://a.espncdn.com/i/teamlogos/ncaa/500/2633_ncw.png,home,77,true,0,0,26,49.1,28,57,0,12,77.3,17,22,40,12,0,0,0,33.3,4,12,38,0,0,0,8,s:40~l:54~t:8,arkansas-razorbacks,Arkansas,Razorbacks,ARK,Arkansas Razorbacks,Arkansas,a41f35,222222,https://a.espncdn.com/i/teamlogos/ncaa/500/8.png,37
260360213,2006,2,2006-02-05,2006-02-05T14:00:00.000000-0500,2509,s:40~l:54~t:2509,purdue-boilermakers,Purdue,Boilermakers,PUR,Purdue Boilermakers,Purdue,000000,cfb991,https://a.espncdn.com/i/teamlogos/ncaa/500/2509.png,away,72,true,0,0,15,46.8,22,47,0,16,83.3,25,30,20,6,0,0,0,42.9,3,7,21,0,0,0,213,s:40~l:54~t:213,penn-state-lady-lions,Penn State,Lady Lions,PSU,Penn State Lady Lions,Penn State,00265D,002e5c,https://a.espncdn.com/i/teamlogos/ncaa/500/213.png,61
260360213,2006,2,2006-02-05,2006-02-05T14:00:00.000000-0500,213,s:40~l:54~t:213,penn-state-lady-lions,Penn State,Lady Lions,PSU,Penn State Lady Lions,Penn State,00265D,002e5c,https://a.espncdn.com/i/teamlogos/ncaa/500/213.png,home,61,false,0,0,16,47.1,24,51,0,21,64.7,11,17,6,10,0,0,0,25.0,2,8,26,0,0,0,2509,s:40~l:54~t:2509,purdue-boilermakers,Purdue,Boilermakers,PUR,Purdue Boilermakers,Purdue,000000,cfb991,https://a.espncdn.com/i/teamlogos/ncaa/500/2509.png,72
260310097,2006,2,2006-01-31,2006-01-31T19:30:00.000000-0500,41,s:40~l:54~t:41,uconn-huskies,UConn,Huskies,CONN,UConn Huskies,UConn,0c2340,f1f2f3,https://a.espncdn.com/i/teamlogos/ncaa/500/41.png,away,75,true,0,0,15,47.4,27,57,0,16,73.7,14,19,17,12,0,0,0,35.0,7,20,27,0,0,0,97,s:40~l:54~t:97,louisville-cardinals,Louisville,Cardinals,LOU,Louisville Cardinals,Louisville,c9001f,000000,https://a.espncdn.com/i/teamlogos/ncaa/500/97.png,68
260310097,2006,2,2006-01-31,2006-01-31T19:30:00.000000-0500,97,s:40~l:54~t:97,louisville-cardinals,Louisville,Cardinals,LOU,Louisville Cardinals,Louisville,c9001f,000000,https://a.espncdn.com/i/teamlogos/ncaa/500/97.png,home,68,false,0,0,19,45.1,23,51,0,15,86.7,13,15,8,6,0,0,0,40.9,9,22,25,0,0,0,41,s:40~l:54~t:41,uconn-huskies,UConn,Huskies,CONN,UConn Huskies,UConn,0c2340,f1f2f3,https://a.espncdn.com/i/teamlogos/ncaa/500/41.png,75
260300099,2006,2,2006-01-30,2006-01-30T19:00:00.000000-0500,239,s:40~l:54~t:239,baylor-bears,Baylor,Bears,BAY,Baylor Bears,Baylor,154734,ffb81c,https://a.espncdn.com/i/teamlogos/ncaa/500/239.png,away,57,false,0,0,21,35.8,24,67,0,20,77.8,7,9,0,4,0,0,0,20.0,2,10,25,0,0,0,99,s:40~l:54~t:99,lsu-tigers,LSU,Tigers,LSU,LSU Tigers,LSU,461d7c,fdd023,https://a.espncdn.com/i/teamlogos/ncaa/500/99.png,88
260300099,2006,2,2006-01-30,2006-01-30T19:00:00.000000-0500,99,s:40~l:54~t:99,lsu-tigers,LSU,Tigers,LSU,LSU Tigers,LSU,461d7c,fdd023,https://a.espncdn.com/i/teamlogos/ncaa/500/99.png,home,88,true,0,0,36,51.5,34,66,0,12,66.7,16,24,33,11,0,0,0,66.7,4,6,47,0,0,0,239,s:40~l:54~t:239,baylor-bears,Baylor,Bears,BAY,Baylor Bears,Baylor,154734,ffb81c,https://a.espncdn.com/i/teamlogos/ncaa/500/239.png,57
260300152,2006,2,2006-01-30,2006-01-30T19:00:00.000000-0500,103,s:40~l:54~t:103,boston-college-eagles,Boston College,Eagles,BC,Boston College Eagles,Boston College,8c2232,dbcca6,https://a.espncdn.com/i/teamlogos/ncaa/500/103.png,away,75,true,0,0,22,52.1,25,48,0,18,78.6,22,28,14,7,0,0,0,50.0,3,6,29,0,0,0,152,s:40~l:54~t:152,nc-state-wolfpack,NC State,Wolfpack,NCST,NC State Wolfpack,NC State,EF1216,231f20,https://a.espncdn.com/i/teamlogos/ncaa/500/152.png,66
260300152,2006,2,2006-01-30,2006-01-30T19:00:00.000000-0500,152,s:40~l:54~t:152,nc-state-wolfpack,NC State,Wolfpack,NCST,NC State Wolfpack,NC State,EF1216,231f20,https://a.espncdn.com/i/teamlogos/ncaa/500/152.png,home,66,false,0,0,16,36.4,24,66,0,22,61.9,13,21,5,10,0,0,0,23.8,5,21,26,0,0,0,103,s:40~l:54~t:103,boston-college-eagles,Boston College,Eagles,BC,Boston College Eagles,Boston College,8c2232,dbcca6,https://a.espncdn.com/i/teamlogos/ncaa/500/103.png,75
260292633,2006,2,2006-01-29,2006-01-29T15:00:00.000000-0500,333,s:40~l:54~t:333,alabama-crimson-tide,Alabama,Crimson Tide,ALA,Alabama Crimson Tide,Alabama,9e1632,ffffff,https://a.espncdn.com/i/teamlogos/ncaa/500/333.png,away,54,false,0,0,18,44.2,19,43,0,15,65.0,13,20,0,5,0,0,0,37.5,3,8,23,0,0,0,2633,s:40~l:54~t:2633,tennessee-lady-volunteers,Tennessee,Lady Volunteers,TENN,Tennessee Lady Volunteers,Tennessee,ff8200,ffffff,https://a.espncdn.com/i/teamlogos/ncaa/500/2633_ncw.png,89
260292633,2006,2,2006-01-29,2006-01-29T15:00:00.000000-0500,2633,s:40~l:54~t:2633,tennessee-lady-volunteers,Tennessee,Lady Volunteers,TENN,Tennessee Lady Volunteers,Tennessee,ff8200,ffffff,https://a.espncdn.com/i/teamlogos/ncaa/500/2633_ncw.png,home,89,true,0,0,21,58.3,35,60,0,19,58.8,10,17,38,7,0,0,0,60.0,9,15,28,0,0,0,333,s:40~l:54~t:333,alabama-crimson-tide,Alabama,Crimson Tide,ALA,Alabama Crimson Tide,Alabama,9e1632,ffffff,https://a.espncdn.com/i/teamlogos/ncaa/500/333.png,54
260290150,2006,2,2006-01-29,2006-01-29T19:00:00.000000-0500,153,s:40~l:54~t:153,north-carolina-tar-heels,North Carolina,Tar Heels,UNC,North Carolina Tar Heels,North Carolina,7bafd4,13294b,https://a.espncdn.com/i/teamlogos/ncaa/500/153.png,away,74,true,0,0,17,48.4,30,62,0,17,68.8,11,16,6,11,0,0,0,23.1,3,13,28,0,0,0,150,s:40~l:54~t:150,duke-blue-devils,Duke,Blue Devils,DUKE,Duke Blue Devils,Duke,013088,ffffff,https://a.espncdn.com/i/teamlogos/ncaa/500/150.png,70
260290150,2006,2,2006-01-29,2006-01-29T19:00:00.000000-0500,150,s:40~l:54~t:150,duke-blue-devils,Duke,Blue Devils,DUKE,Duke Blue Devils,Duke,013088,ffffff,https://a.espncdn.com/i/teamlogos/ncaa/500/150.png,home,70,false,0,0,17,41.2,28,68,0,11,47.8,11,23,16,17,0,0,0,20.0,3,15,34,0,0,0,153,s:40~l:54~t:153,north-carolina-tar-heels,North Carolina,Tar Heels,UNC,North Carolina Tar Heels,North Carolina,7bafd4,13294b,https://a.espncdn.com/i/teamlogos/ncaa/500/153.png,74
260290030,2006,2,2006-01-29,2006-01-29T15:00:00.000000-0500,24,s:40~l:54~t:24,stanford-cardinal,Stanford,Cardinal,STAN,Stanford Cardinal,Stanford,8c1515,ffffff,https://a.espncdn.com/i/teamlogos/ncaa/500/24.png,away,78,true,0,0,25,51.9,27,52,0,15,85.0,17,20,11,9,0,0,0,43.8,7,16,34,0,0,0,30,s:40~l:54~t:30,usc-trojans,USC,Trojans,USC,USC Trojans,USC,9e2237,ffcc00,https://a.espncdn.com/i/teamlogos/ncaa/500/30.png,69
260290030,2006,2,2006-01-29,2006-01-29T15:00:00.000000-0500,30,s:40~l:54~t:30,usc-trojans,USC,Trojans,USC,USC Trojans,USC,9e2237,ffcc00,https://a.espncdn.com/i/teamlogos/ncaa/500/30.png,home,69,false,0,0,16,40.3,27,67,0,18,78.6,11,14,9,16,0,0,0,27.3,6,22,32,0,0,0,24,s:40~l:54~t:24,stanford-cardinal,Stanford,Cardinal,STAN,Stanford Cardinal,Stanford,8c1515,ffffff,https://a.espncdn.com/i/teamlogos/ncaa/500/24.png,78
260280305,2006,2,2006-01-28,2006-01-28T20:00:00.000000-0500,41,s:40~l:54~t:41,uconn-huskies,UConn,Huskies,CONN,UConn Huskies,UConn,0c2340,f1f2f3,https://a.espncdn.com/i/teamlogos/ncaa/500/41.png,away,84,true,0,0,21,52.5,31,59,0,15,85.0,17,20,14,10,0,0,0,41.7,5,12,31,0,0,0,305,s:40~l:54~t:305,depaul-blue-demons,DePaul,Blue Demons,DEP,DePaul Blue Demons,DePaul,2d649c,ce1125,https://a.espncdn.com/i/teamlogos/ncaa/500/305.png,75
260280305,2006,2,2006-01-28,2006-01-28T20:00:00.000000-0500,305,s:40~l:54~t:305,depaul-blue-demons,DePaul,Blue Demons,DEP,DePaul Blue Demons,DePaul,2d649c,ce1125,https://a.espncdn.com/i/teamlogos/ncaa/500/305.png,home,75,false,0,0,18,48.4,30,62,0,19,60.0,9,15,6,6,0,0,0,34.8,8,23,24,0,0,0,41,s:40~l:54~t:41,uconn-huskies,UConn,Huskies,CONN,UConn Huskies,UConn,0c2340,f1f2f3,https://a.espncdn.com/i/teamlogos/ncaa/500/41.png,84
260280239,2006,2,2006-01-28,2006-01-28T16:00:00.000000-0500,2305,s:40~l:54~t:2305,kansas-jayhawks,Kansas,Jayhawks,KU,Kansas Jayhawks,Kansas,0051ba,e8000d,https://a.espncdn.com/i/teamlogos/ncaa/500/2305.png,away,40,false,0,0,15,35.4,17,48,0,14,54.5,6,11,2,8,0,0,0,37.5,3,8,23,0,0,0,239,s:40~l:54~t:239,baylor-bears,Baylor,Bears,BAY,Baylor Bears,Baylor,154734,ffb81c,https://a.espncdn.com/i/teamlogos/ncaa/500/239.png,90
260280239,2006,2,2006-01-28,2006-01-28T16:00:00.000000-0500,239,s:40~l:54~t:239,baylor-bears,Baylor,Bears,BAY,Baylor Bears,Baylor,154734,ffb81c,https://a.espncdn.com/i/teamlogos/ncaa/500/239.png,home,90,true,0,0,24,50.0,33,66,0,14,84.2,16,19,50,20,0,0,0,53.3,8,15,44,0,0,0,2305,s:40~l:54~t:2305,kansas-jayhawks,Kansas,Jayhawks,KU,Kansas Jayhawks,Kansas,0051ba,e8000d,https://a.espncdn.com/i/teamlogos/ncaa/500/2305.png,40
260270154,2006,2,2006-01-27,2006-01-27T19:00:00.000000-0500,153,s:40~l:54~t:153,north-carolina-tar-heels,North Carolina,Tar Heels,UNC,North Carolina Tar Heels,North Carolina,7bafd4,13294b,https://a.espncdn.com/i/teamlogos/ncaa/500/153.png,away,91,true,0,0,27,49.2,32,65,0,18,72.7,16,22,37,12,0,0,0,52.4,11,21,39,0,0,0,154,s:40~l:54~t:154,wake-forest-demon-deacons,Wake Forest,Demon Deacons,WAKE,Wake Forest Demon Deacons,Wake Forest,9E7E38,000000,https://a.espncdn.com/i/teamlogos/ncaa/500/154.png,57
260270154,2006,2,2006-01-27,2006-01-27T19:00:00.000000-0500,154,s:40~l:54~t:154,wake-forest-demon-deacons,Wake Forest,Demon Deacons,WAKE,Wake Forest Demon Deacons,Wake Forest,9E7E38,000000,https://a.espncdn.com/i/teamlogos/ncaa/500/154.png,home,57,false,0,0,18,34.7,17,49,0,17,70.8,17,24,0,2,0,0,0,31.6,6,19,20,0,0,0,153,s:40~l:54~t:153,north-carolina-tar-heels,North Carolina,Tar Heels,UNC,North Carolina Tar Heels,North Carolina,7bafd4,13294b,https://a.espncdn.com/i/teamlogos/ncaa/500/153.png,91
260270026,2006,2,2006-01-27,2006-01-27T22:00:00.000000-0500,24,s:40~l:54~t:24,stanford-cardinal,Stanford,Cardinal,STAN,Stanford Cardinal,Stanford,8c1515,ffffff,https://a.espncdn.com/i/teamlogos/ncaa/500/24.png,away,80,false,0,0,27,42.0,29,69,0,22,80.0,16,20,0,11,0,0,0,31.6,6,19,38,0,0,0,26,s:40~l:54~t:26,ucla-bruins,UCLA,Bruins,UCLA,UCLA Bruins,UCLA,2774ae,f2a900,https://a.espncdn.com/i/teamlogos/ncaa/500/26.png,90
260270026,2006,2,2006-01-27,2006-01-27T22:00:00.000000-0500,26,s:40~l:54~t:26,ucla-bruins,UCLA,Bruins,UCLA,UCLA Bruins,UCLA,2774ae,f2a900,https://a.espncdn.com/i/teamlogos/ncaa/500/26.png,home,90,true,0,0,24,47.1,32,68,0,19,65.6,21,32,15,10,0,0,0,29.4,5,17,34,0,0,0,24,s:40~l:54~t:24,stanford-cardinal,Stanford,Cardinal,STAN,Stanford Cardinal,Stanford,8c1515,ffffff,https://a.espncdn.com/i/teamlogos/ncaa/500/24.png,80
260260096,2006,2,2006-01-26,2006-01-26T19:00:00.000000-0500,2633,s:40~l:54~t:2633,tennessee-lady-volunteers,Tennessee,Lady Volunteers,TENN,Tennessee Lady Volunteers,Tennessee,ff8200,ffffff,https://a.espncdn.com/i/teamlogos/ncaa/500/2633_ncw.png,away,63,false,0,0,14,39.3,22,56,0,21,72.7,16,22,5,13,0,0,0,18.8,3,16,27,0,0,0,96,s:40~l:54~t:96,kentucky-wildcats,Kentucky,Wildcats,UK,Kentucky Wildcats,Kentucky,005DAA,ffffff,https://a.espncdn.com/i/teamlogos/ncaa/500/96.png,66
260260096,2006,2,2006-01-26,2006-01-26T19:00:00.000000-0500,96,s:40~l:54~t:96,kentucky-wildcats,Kentucky,Wildcats,UK,Kentucky Wildcats,Kentucky,005DAA,ffffff,https://a.espncdn.com/i/teamlogos/ncaa/500/96.png,home,66,true,0,0,14,44.7,21,47,0,19,75.0,21,28,7,5,0,0,0,27.3,3,11,19,0,0,0,2633,s:40~l:54~t:2633,tennessee-lady-volunteers,Tennessee,Lady Volunteers,TENN,Tennessee Lady Volunteers,Tennessee,ff8200,ffffff,https://a.espncdn.com/i/teamlogos/ncaa/500/2633_ncw.png,63
260262509,2006,2,2006-01-26,2006-01-26T20:00:00.000000-0500,127,s:40~l:54~t:127,michigan-state-spartans,Michigan State,Spartans,MSU,Michigan State Spartans,Michigan St,18453B,ffffff,https://a.espncdn.com/i/teamlogos/ncaa/500/127.png,away,53,false,0,0,15,36.7,22,60,0,11,66.7,4,6,5,11,0,0,0,45.5,5,11,26,0,0,0,2509,s:40~l:54~t:2509,purdue-boilermakers,Purdue,Boilermakers,PUR,Purdue Boilermakers,Purdue,000000,cfb991,https://a.espncdn.com/i/teamlogos/ncaa/500/2509.png,73
260262509,2006,2,2006-01-26,2006-01-26T20:00:00.000000-0500,2509,s:40~l:54~t:2509,purdue-boilermakers,Purdue,Boilermakers,PUR,Purdue Boilermakers,Purdue,000000,cfb991,https://a.espncdn.com/i/teamlogos/ncaa/500/2509.png,home,73,true,0,0,19,46.7,28,60,0,11,87.5,7,8,27,11,0,0,0,50.0,10,20,30,0,0,0,127,s:40~l:54~t:127,michigan-state-spartans,Michigan State,Spartans,MSU,Michigan State Spartans,Michigan St,18453B,ffffff,https://a.espncdn.com/i/teamlogos/ncaa/500/127.png,53
260260103,2006,2,2006-01-26,2006-01-26T19:00:00.000000-0500,258,s:40~l:54~t:258,virginia-cavaliers,Virginia,Cavaliers,UVA,Virginia Cavaliers,Virginia,f84c1e,ffffff,https://a.espncdn.com/i/teamlogos/ncaa/500/258.png,away,43,false,0,0,13,35.1,20,57,0,21,28.6,2,7,3,6,0,0,0,6.7,1,15,19,0,0,0,103,s:40~l:54~t:103,boston-college-eagles,Boston College,Eagles,BC,Boston College Eagles,Boston College,8c2232,dbcca6,https://a.espncdn.com/i/teamlogos/ncaa/500/103.png,57
260260103,2006,2,2006-01-26,2006-01-26T19:00:00.000000-0500,103,s:40~l:54~t:103,boston-college-eagles,Boston College,Eagles,BC,Boston College Eagles,Boston College,8c2232,dbcca6,https://a.espncdn.com/i/teamlogos/ncaa/500/103.png,home,57,true,0,0,26,42.9,18,42,0,13,78.3,18,23,21,9,0,0,0,50.0,3,6,35,0,0,0,258,s:40~l:54~t:258,virginia-cavaliers,Virginia,Cavaliers,UVA,Virginia Cavaliers,Virginia,f84c1e,ffffff,https://a.espncdn.com/i/teamlogos/ncaa/500/258.png,43
260250305,2006,2,2006-01-25,2006-01-25T18:00:00.000000-0500,97,s:40~l:54~t:97,louisville-cardinals,Louisville,Cardinals,LOU,Louisville Cardinals,Louisville,c9001f,000000,https://a.espncdn.com/i/teamlogos/ncaa/500/97.png,away,44,false,0,0,27,27.9,19,68,0,12,57.1,4,7,1,16,0,0,0,9.5,2,21,43,0,0,0,305,s:40~l:54~t:305,depaul-blue-demons,DePaul,Blue Demons,DEP,DePaul Blue Demons,DePaul,2d649c,ce1125,https://a.espncdn.com/i/teamlogos/ncaa/500/305.png,48
260250305,2006,2,2006-01-25,2006-01-25T18:00:00.000000-0500,305,s:40~l:54~t:305,depaul-blue-demons,DePaul,Blue Demons,DEP,DePaul Blue Demons,DePaul,2d649c,ce1125,https://a.espncdn.com/i/teamlogos/ncaa/500/305.png,home,48,true,0,0,27,28.8,19,66,0,17,62.5,5,8,15,13,0,0,0,25.0,7,28,40,0,0,0,97,s:40~l:54~t:97,louisville-cardinals,Louisville,Cardinals,LOU,Louisville Cardinals,Louisville,c9001f,000000,https://a.espncdn.com/i/teamlogos/ncaa/500/97.png,44
260250201,2006,2,2006-01-25,2006-01-25T20:00:00.000000-0500,251,s:40~l:54~t:251,texas-longhorns,Texas,Longhorns,TEX,Texas Longhorns,Texas,c15d26,ffffff,https://a.espncdn.com/i/teamlogos/ncaa/500/251.png,away,57,false,0,0,18,39.4,26,66,0,24,33.3,2,6,4,8,0,0,0,23.1,3,13,26,0,0,0,201,s:40~l:54~t:201,oklahoma-sooners,Oklahoma,Sooners,OU,Oklahoma Sooners,Oklahoma,9d2235,ffffff,https://a.espncdn.com/i/teamlogos/ncaa/500/201.png,75
260250201,2006,2,2006-01-25,2006-01-25T20:00:00.000000-0500,201,s:40~l:54~t:201,oklahoma-sooners,Oklahoma,Sooners,OU,Oklahoma Sooners,Oklahoma,9d2235,ffffff,https://a.espncdn.com/i/teamlogos/ncaa/500/201.png,home,75,true,0,0,28,50.0,28,56,0,13,69.6,16,23,18,9,0,0,0,23.1,3,13,37,0,0,0,251,s:40~l:54~t:251,texas-longhorns,Texas,Longhorns,TEX,Texas Longhorns,Texas,c15d26,ffffff,https://a.espncdn.com/i/teamlogos/ncaa/500/251.png,57
260240041,2006,2,2006-01-24,2006-01-24T19:00:00.000000-0500,58,s:40~l:54~t:58,south-florida-bulls,South Florida,Bulls,USF,South Florida Bulls,South Florida,004A36,231f20,https://a.espncdn.com/i/teamlogos/ncaa/500/58.png,away,47,false,0,0,11,33.3,20,60,0,13,55.6,5,9,2,8,0,0,0,15.4,2,13,19,0,0,0,41,s:40~l:54~t:41,uconn-huskies,UConn,Huskies,CONN,UConn Huskies,UConn,0c2340,f1f2f3,https://a.espncdn.com/i/teamlogos/ncaa/500/41.png,77
260240041,2006,2,2006-01-24,2006-01-24T19:00:00.000000-0500,41,s:40~l:54~t:41,uconn-huskies,UConn,Huskies,CONN,UConn Huskies,UConn,0c2340,f1f2f3,https://a.espncdn.com/i/teamlogos/ncaa/500/41.png,home,77,true,0,0,27,55.6,30,54,0,12,78.6,11,14,33,6,0,0,0,40.0,6,15,33,0,0,0,58,s:40~l:54~t:58,south-florida-bulls,South Florida,Bulls,USF,South Florida Bulls,South Florida,004A36,231f20,https://a.espncdn.com/i/teamlogos/ncaa/500/58.png,47
260240164,2006,2,2006-01-24,2006-01-24T19:30:00.000000-0500,87,s:40~l:54~t:87,notre-dame-fighting-irish,Notre Dame,Fighting Irish,ND,Notre Dame Fighting Irish,Notre Dame,0c2340,c99700,https://a.espncdn.com/i/teamlogos/ncaa/500/87.png,away,43,false,0,0,20,38.5,20,52,0,19,69.2,18,26,1,15,0,0,1,33.3,4,12,35,1,0,0,164,s:40~l:54~t:164,rutgers-scarlet-knights,Rutgers,Scarlet Knights,RUTG,Rutgers Scarlet Knights,Rutgers,d21034,ffffff,https://a.espncdn.com/i/teamlogos/ncaa/500/164.png,69
260240164,2006,2,2006-01-24,2006-01-24T19:30:00.000000-0500,164,s:40~l:54~t:164,rutgers-scarlet-knights,Rutgers,Scarlet Knights,RUTG,Rutgers Scarlet Knights,Rutgers,d21034,ffffff,https://a.espncdn.com/i/teamlogos/ncaa/500/164.png,home,69,true,0,0,19,42.0,29,69,0,22,78.6,22,28,32,11,0,0,0,42.9,9,21,30,0,0,0,87,s:40~l:54~t:87,notre-dame-fighting-irish,Notre Dame,Fighting Irish,ND,Notre Dame Fighting Irish,Notre Dame,0c2340,c99700,https://a.espncdn.com/i/teamlogos/ncaa/500/87.png,43
260230259,2006,2,2006-01-23,2006-01-23T19:00:00.000000-0500,120,s:40~l:54~t:120,maryland-terrapins,Maryland,Terrapins,MD,Maryland Terrapins,Maryland,D5002B,ffcd00,https://a.espncdn.com/i/teamlogos/ncaa/500/120.png,away,68,true,0,0,23,40.4,21,52,0,21,78.6,22,28,9,8,0,0,0,28.6,4,14,31,0,0,0,259,s:40~l:54~t:259,virginia-tech-hokies,Virginia Tech,Hokies,VT,Virginia Tech Hokies,Virginia Tech,630031,cf4520,https://a.espncdn.com/i/teamlogos/ncaa/500/259.png,62
260230259,2006,2,2006-01-23,2006-01-23T19:00:00.000000-0500,259,s:40~l:54~t:259,virginia-tech-hokies,Virginia Tech,Hokies,VT,Virginia Tech Hokies,Virginia Tech,630031,cf4520,https://a.espncdn.com/i/teamlogos/ncaa/500/259.png,home,62,false,0,0,16,39.6,21,53,0,20,61.5,16,26,9,10,0,0,0,50.0,4,8,26,0,0,0,120,s:40~l:54~t:120,maryland-terrapins,Maryland,Terrapins,MD,Maryland Terrapins,Maryland,D5002B,ffcd00,https://a.espncdn.com/i/teamlogos/ncaa/500/120.png,68
260220127,2006,2,2006-01-22,2006-01-22T13:00:00.000000-0500,194,s:40~l:54~t:194,ohio-state-buckeyes,Ohio State,Buckeyes,OSU,Ohio State Buckeyes,Ohio State,ce1141,505056,https://a.espncdn.com/i/teamlogos/ncaa/500/194.png,away,67,true,0,0,16,53.8,28,52,0,14,60.0,3,5,10,6,0,0,0,47.1,8,17,22,0,0,0,127,s:40~l:54~t:127,michigan-state-spartans,Michigan State,Spartans,MSU,Michigan State Spartans,Michigan St,18453B,ffffff,https://a.espncdn.com/i/teamlogos/ncaa/500/127.png,65
260220127,2006,2,2006-01-22,2006-01-22T13:00:00.000000-0500,127,s:40~l:54~t:127,michigan-state-spartans,Michigan State,Spartans,MSU,Michigan State Spartans,Michigan St,18453B,ffffff,https://a.espncdn.com/i/teamlogos/ncaa/500/127.png,home,65,false,0,0,16,42.6,26,61,0,12,77.8,7,9,13,11,0,0,0,60.0,6,10,27,0,0,0,194,s:40~l:54~t:194,ohio-state-buckeyes,Ohio State,Buckeyes,OSU,Ohio State Buckeyes,Ohio State,ce1141,505056,https://a.espncdn.com/i/teamlogos/ncaa/500/194.png,67
260222752,2006,2,2006-01-22,2006-01-22T14:00:00.000000-0500,218,s:40~l:54~t:218,temple-owls,Temple,Owls,TEM,Temple Owls,Temple,A80532,a7a9ac,https://a.espncdn.com/i/teamlogos/ncaa/500/218.png,away,67,true,0,0,18,51.9,28,54,0,15,76.9,10,13,6,7,0,0,0,50.0,1,2,25,0,0,0,2752,s:40~l:54~t:2752,xavier-musketeers,Xavier,Musketeers,XAV,Xavier Musketeers,Xavier,002144,9ea2a2,https://a.espncdn.com/i/teamlogos/ncaa/500/2752.png,62
260222752,2006,2,2006-01-22,2006-01-22T14:00:00.000000-0500,2752,s:40~l:54~t:2752,xavier-musketeers,Xavier,Musketeers,XAV,Xavier Musketeers,Xavier,002144,9ea2a2,https://a.espncdn.com/i/teamlogos/ncaa/500/2752.png,home,62,false,0,0,17,40.0,20,50,0,10,81.0,17,21,9,10,0,0,0,38.5,5,13,27,0,0,0,218,s:40~l:54~t:218,temple-owls,Temple,Owls,TEM,Temple Owls,Temple,A80532,a7a9ac,https://a.espncdn.com/i/teamlogos/ncaa/500/218.png,67
260200258,2006,2,2006-01-20,2006-01-20T19:00:00.000000-0500,120,s:40~l:54~t:120,maryland-terrapins,Maryland,Terrapins,MD,Maryland Terrapins,Maryland,D5002B,ffcd00,https://a.espncdn.com/i/teamlogos/ncaa/500/120.png,away,84,true,0,0,29,53.7,29,54,0,15,77.3,17,22,10,6,0,0,0,50.0,9,18,35,0,0,0,258,s:40~l:54~t:258,virginia-cavaliers,Virginia,Cavaliers,UVA,Virginia Cavaliers,Virginia,f84c1e,ffffff,https://a.espncdn.com/i/teamlogos/ncaa/500/258.png,74
260200258,2006,2,2006-01-20,2006-01-20T19:00:00.000000-0500,258,s:40~l:54~t:258,virginia-cavaliers,Virginia,Cavaliers,UVA,Virginia Cavaliers,Virginia,f84c1e,ffffff,https://a.espncdn.com/i/teamlogos/ncaa/500/258.png,home,74,false,0,0,16,45.5,30,66,0,19,58.8,10,17,9,6,0,0,0,36.4,4,11,22,0,0,0,120,s:40~l:54~t:120,maryland-terrapins,Maryland,Terrapins,MD,Maryland Terrapins,Maryland,D5002B,ffcd00,https://a.espncdn.com/i/teamlogos/ncaa/500/120.png,84
260190238,2006,2,2006-01-19,2006-01-19T20:00:00.000000-0500,2633,s:40~l:54~t:2633,tennessee-lady-volunteers,Tennessee,Lady Volunteers,TENN,Tennessee Lady Volunteers,Tennessee,ff8200,ffffff,https://a.espncdn.com/i/teamlogos/ncaa/500/2633_ncw.png,away,80,true,0,0,15,57.4,31,54,0,15,73.3,11,15,16,8,0,0,0,46.7,7,15,23,0,0,0,238,s:40~l:54~t:238,vanderbilt-commodores,Vanderbilt,Commodores,VAN,Vanderbilt Commodores,Vanderbilt,000000,231f20,https://a.espncdn.com/i/teamlogos/ncaa/500/238.png,68
260190238,2006,2,2006-01-19,2006-01-19T20:00:00.000000-0500,238,s:40~l:54~t:238,vanderbilt-commodores,Vanderbilt,Commodores,VAN,Vanderbilt Commodores,Vanderbilt,000000,231f20,https://a.espncdn.com/i/teamlogos/ncaa/500/238.png,home,68,false,0,0,14,47.5,28,59,0,13,100.0,4,4,14,6,0,0,0,47.8,11,23,20,0,0,0,2633,s:40~l:54~t:2633,tennessee-lady-volunteers,Tennessee,Lady Volunteers,TENN,Tennessee Lady Volunteers,Tennessee,ff8200,ffffff,https://a.espncdn.com/i/teamlogos/ncaa/500/2633_ncw.png,80
260190164,2006,2,2006-01-19,2006-01-19T19:00:00.000000-0500,218,s:40~l:54~t:218,temple-owls,Temple,Owls,TEM,Temple Owls,Temple,A80532,a7a9ac,https://a.espncdn.com/i/teamlogos/ncaa/500/218.png,away,48,true,0,0,15,46.8,22,47,0,12,75.0,3,4,7,7,0,0,0,50.0,1,2,22,0,0,0,164,s:40~l:54~t:164,rutgers-scarlet-knights,Rutgers,Scarlet Knights,RUTG,Rutgers Scarlet Knights,Rutgers,d21034,ffffff,https://a.espncdn.com/i/teamlogos/ncaa/500/164.png,47
260190164,2006,2,2006-01-19,2006-01-19T19:00:00.000000-0500,164,s:40~l:54~t:164,rutgers-scarlet-knights,Rutgers,Scarlet Knights,RUTG,Rutgers Scarlet Knights,Rutgers,d21034,ffffff,https://a.espncdn.com/i/teamlogos/ncaa/500/164.png,home,47,false,0,0,12,42.2,19,45,0,10,66.7,6,9,9,3,0,0,0,37.5,3,8,15,0,0,0,218,s:40~l:54~t:218,temple-owls,Temple,Owls,TEM,Temple Owls,Temple,A80532,a7a9ac,https://a.espncdn.com/i/teamlogos/ncaa/500/218.png,48
260190061,2006,2,2006-01-19,2006-01-19T19:00:00.000000-0500,344,s:40~l:54~t:344,mississippi-state-bulldogs,Mississippi State,Bulldogs,MSST,Mississippi State Bulldogs,Mississippi St,762123,c8c8c8,https://a.espncdn.com/i/teamlogos/ncaa/500/344.png,away,42,false,0,0,16,29.1,16,55,0,18,52.9,9,17,0,15,0,0,0,21.1,4,19,31,0,0,0,61,s:40~l:54~t:61,georgia-lady-bulldogs,Georgia,Lady Bulldogs,UGA,Georgia Lady Bulldogs,Georgia,CC0000,000000,https://a.espncdn.com/i/teamlogos/ncaa/500/61.png,81
260190061,2006,2,2006-01-19,2006-01-19T19:00:00.000000-0500,61,s:40~l:54~t:61,georgia-lady-bulldogs,Georgia,Lady Bulldogs,UGA,Georgia Lady Bulldogs,Georgia,CC0000,000000,https://a.espncdn.com/i/teamlogos/ncaa/500/61.png,home,81,true,0,0,23,46.8,29,62,0,18,89.5,17,19,43,10,0,0,0,40.0,6,15,33,0,0,0,344,s:40~l:54~t:344,mississippi-state-bulldogs,Mississippi State,Bulldogs,MSST,Mississippi State Bulldogs,Mississippi St,762123,c8c8c8,https://a.espncdn.com/i/teamlogos/ncaa/500/344.png,42
260190130,2006,2,2006-01-19,2006-01-19T19:00:00.000000-0500,135,s:40~l:54~t:135,minnesota-golden-gophers,Minnesota,Golden Gophers,MINN,Minnesota Golden Gophers,Minnesota,981a31,981a31,https://a.espncdn.com/i/teamlogos/ncaa/500/135.png,away,85,true,18,0,16,52.3,34,65,0,8,60.0,9,15,32,12,13,0,0,44.4,8,18,28,0,0,0,130,s:40~l:54~t:130,michigan-wolverines,Michigan,Wolverines,MICH,Michigan Wolverines,Michigan,00274c,ffcb05,https://a.espncdn.com/i/teamlogos/ncaa/500/130.png,57
260190130,2006,2,2006-01-19,2006-01-19T19:00:00.000000-0500,130,s:40~l:54~t:130,michigan-wolverines,Michigan,Wolverines,MICH,Michigan Wolverines,Michigan,00274c,ffcb05,https://a.espncdn.com/i/teamlogos/ncaa/500/130.png,home,57,false,11,0,20,48.9,22,45,0,11,80.0,8,10,2,5,3,0,0,35.7,5,14,25,0,0,0,135,s:40~l:54~t:135,minnesota-golden-gophers,Minnesota,Golden Gophers,MINN,Minnesota Golden Gophers,Minnesota,981a31,981a31,https://a.espncdn.com/i/teamlogos/ncaa/500/135.png,85
260170087,2006,2,2006-01-17,2006-01-17T19:30:00.000000-0500,305,s:40~l:54~t:305,depaul-blue-demons,DePaul,Blue Demons,DEP,DePaul Blue Demons,DePaul,2d649c,ce1125,https://a.espncdn.com/i/teamlogos/ncaa/500/305.png,away,75,false,0,0,24,45.9,28,61,0,22,75.0,6,8,12,8,0,0,0,44.8,13,29,32,0,0,0,87,s:40~l:54~t:87,notre-dame-fighting-irish,Notre Dame,Fighting Irish,ND,Notre Dame Fighting Irish,Notre Dame,0c2340,c99700,https://a.espncdn.com/i/teamlogos/ncaa/500/87.png,78
260170087,2006,2,2006-01-17,2006-01-17T19:30:00.000000-0500,87,s:40~l:54~t:87,notre-dame-fighting-irish,Notre Dame,Fighting Irish,ND,Notre Dame Fighting Irish,Notre Dame,0c2340,c99700,https://a.espncdn.com/i/teamlogos/ncaa/500/87.png,home,78,true,0,0,21,45.9,28,61,0,12,70.8,17,24,8,12,0,0,0,45.5,5,11,33,0,0,0,305,s:40~l:54~t:305,depaul-blue-demons,DePaul,Blue Demons,DEP,DePaul Blue Demons,DePaul,2d649c,ce1125,https://a.espncdn.com/i/teamlogos/ncaa/500/305.png,75
260160041,2006,2,2006-01-16,2006-01-16T19:00:00.000000-0500,99,s:40~l:54~t:99,lsu-tigers,LSU,Tigers,LSU,LSU Tigers,LSU,461d7c,fdd023,https://a.espncdn.com/i/teamlogos/ncaa/500/99.png,away,48,false,0,0,23,40.8,20,49,0,14,55.6,5,9,5,6,0,0,0,30.0,3,10,29,0,0,0,41,s:40~l:54~t:41,uconn-huskies,UConn,Huskies,CONN,UConn Huskies,UConn,0c2340,f1f2f3,https://a.espncdn.com/i/teamlogos/ncaa/500/41.png,51
260160041,2006,2,2006-01-16,2006-01-16T19:00:00.000000-0500,41,s:40~l:54~t:41,uconn-huskies,UConn,Huskies,CONN,UConn Huskies,UConn,0c2340,f1f2f3,https://a.espncdn.com/i/teamlogos/ncaa/500/41.png,home,51,true,0,0,23,36.2,21,58,0,12,66.7,6,9,16,10,0,0,0,31.6,6,19,33,0,0,0,99,s:40~l:54~t:99,lsu-tigers,LSU,Tigers,LSU,LSU Tigers,LSU,461d7c,fdd023,https://a.espncdn.com/i/teamlogos/ncaa/500/99.png,48
260160120,2006,2,2006-01-16,2006-01-16T16:30:00.000000-0500,52,s:40~l:54~t:52,florida-state-seminoles,Florida State,Seminoles,FSU,Florida State Seminoles,Florida St,782F40,ceb888,https://a.espncdn.com/i/teamlogos/ncaa/500/52.png,away,57,false,0,0,12,39.0,23,59,0,13,58.8,10,17,3,6,0,0,0,9.1,1,11,18,0,0,0,120,s:40~l:54~t:120,maryland-terrapins,Maryland,Terrapins,MD,Maryland Terrapins,Maryland,D5002B,ffcd00,https://a.espncdn.com/i/teamlogos/ncaa/500/120.png,75
260160120,2006,2,2006-01-16,2006-01-16T16:30:00.000000-0500,120,s:40~l:54~t:120,maryland-terrapins,Maryland,Terrapins,MD,Maryland Terrapins,Maryland,D5002B,ffcd00,https://a.espncdn.com/i/teamlogos/ncaa/500/120.png,home,75,true,0,0,30,52.8,28,53,0,15,59.1,13,22,21,9,0,0,0,50.0,6,12,39,0,0,0,52,s:40~l:54~t:52,florida-state-seminoles,Florida State,Seminoles,FSU,Florida State Seminoles,Florida St,782F40,ceb888,https://a.espncdn.com/i/teamlogos/ncaa/500/52.png,57
260160259,2006,2,2006-01-16,2006-01-16T19:00:00.000000-0500,258,s:40~l:54~t:258,virginia-cavaliers,Virginia,Cavaliers,UVA,Virginia Cavaliers,Virginia,f84c1e,ffffff,https://a.espncdn.com/i/teamlogos/ncaa/500/258.png,away,78,true,0,0,16,51.6,32,62,0,18,64.3,9,14,28,9,0,0,0,55.6,5,9,25,0,0,0,259,s:40~l:54~t:259,virginia-tech-hokies,Virginia Tech,Hokies,VT,Virginia Tech Hokies,Virginia Tech,630031,cf4520,https://a.espncdn.com/i/teamlogos/ncaa/500/259.png,59
260160259,2006,2,2006-01-16,2006-01-16T19:00:00.000000-0500,259,s:40~l:54~t:259,virginia-tech-hokies,Virginia Tech,Hokies,VT,Virginia Tech Hokies,Virginia Tech,630031,cf4520,https://a.espncdn.com/i/teamlogos/ncaa/500/259.png,home,59,false,0,0,21,41.1,23,56,0,15,80.0,12,15,0,10,0,0,0,9.1,1,11,31,0,0,0,258,s:40~l:54~t:258,virginia-cavaliers,Virginia,Cavaliers,UVA,Virginia Cavaliers,Virginia,f84c1e,ffffff,https://a.espncdn.com/i/teamlogos/ncaa/500/258.png,78
260150344,2006,2,2006-01-15,2006-01-15T15:00:00.000000-0500,2633,s:40~l:54~t:2633,tennessee-lady-volunteers,Tennessee,Lady Volunteers,TENN,Tennessee Lady Volunteers,Tennessee,ff8200,ffffff,https://a.espncdn.com/i/teamlogos/ncaa/500/2633_ncw.png,away,79,true,0,0,22,50.0,31,62,0,21,76.5,13,17,27,11,0,0,0,25.0,4,16,33,0,0,0,344,s:40~l:54~t:344,mississippi-state-bulldogs,Mississippi State,Bulldogs,MSST,Mississippi State Bulldogs,Mississippi St,762123,c8c8c8,https://a.espncdn.com/i/teamlogos/ncaa/500/344.png,56
260150344,2006,2,2006-01-15,2006-01-15T15:00:00.000000-0500,344,s:40~l:54~t:344,mississippi-state-bulldogs,Mississippi State,Bulldogs,MSST,Mississippi State Bulldogs,Mississippi St,762123,c8c8c8,https://a.espncdn.com/i/teamlogos/ncaa/500/344.png,home,56,false,0,0,16,37.7,20,53,0,14,60.0,9,15,0,9,0,0,0,38.9,7,18,25,0,0,0,2633,s:40~l:54~t:2633,tennessee-lady-volunteers,Tennessee,Lady Volunteers,TENN,Tennessee Lady Volunteers,Tennessee,ff8200,ffffff,https://a.espncdn.com/i/teamlogos/ncaa/500/2633_ncw.png,79
260152641,2006,2,2006-01-15,2006-01-15T15:00:00.000000-0500,239,s:40~l:54~t:239,baylor-bears,Baylor,Bears,BAY,Baylor Bears,Baylor,154734,ffb81c,https://a.espncdn.com/i/teamlogos/ncaa/500/239.png,away,62,false,0,0,22,44.8,26,58,0,27,61.5,8,13,7,5,0,0,0,22.2,2,9,27,0,0,0,2641,s:40~l:54~t:2641,texas-tech-lady-raiders,Texas Tech,Lady Raiders,TTU,Texas Tech Lady Raiders,Texas Tech,C80025,231f20,https://a.espncdn.com/i/teamlogos/ncaa/500/2641.png,64
260152641,2006,2,2006-01-15,2006-01-15T15:00:00.000000-0500,2641,s:40~l:54~t:2641,texas-tech-lady-raiders,Texas Tech,Lady Raiders,TTU,Texas Tech Lady Raiders,Texas Tech,C80025,231f20,https://a.espncdn.com/i/teamlogos/ncaa/500/2641.png,home,64,true,0,0,28,35.7,20,56,0,12,60.6,20,33,5,13,0,0,0,36.4,4,11,41,0,0,0,239,s:40~l:54~t:239,baylor-bears,Baylor,Bears,BAY,Baylor Bears,Baylor,154734,ffb81c,https://a.espncdn.com/i/teamlogos/ncaa/500/239.png,62
260150135,2006,2,2006-01-15,2006-01-15T14:00:00.000000-0500,127,s:40~l:54~t:127,michigan-state-spartans,Michigan State,Spartans,MSU,Michigan State Spartans,Michigan St,18453B,ffffff,https://a.espncdn.com/i/teamlogos/ncaa/500/127.png,away,58,false,0,0,23,42.9,24,56,0,14,53.8,7,13,6,8,0,0,0,42.9,3,7,31,0,0,0,135,s:40~l:54~t:135,minnesota-golden-gophers,Minnesota,Golden Gophers,MINN,Minnesota Golden Gophers,Minnesota,981a31,981a31,https://a.espncdn.com/i/teamlogos/ncaa/500/135.png,71
260150135,2006,2,2006-01-15,2006-01-15T14:00:00.000000-0500,135,s:40~l:54~t:135,minnesota-golden-gophers,Minnesota,Golden Gophers,MINN,Minnesota Golden Gophers,Minnesota,981a31,981a31,https://a.espncdn.com/i/teamlogos/ncaa/500/135.png,home,71,true,0,0,23,42.4,28,66,0,18,53.8,7,13,15,16,0,0,0,47.1,8,17,39,0,0,0,127,s:40~l:54~t:127,michigan-state-spartans,Michigan State,Spartans,MSU,Michigan State Spartans,Michigan St,18453B,ffffff,https://a.espncdn.com/i/teamlogos/ncaa/500/127.png,58
260150061,2006,2,2006-01-15,2006-01-15T15:00:00.000000-0500,2390,s:40~l:54~t:2390,miami-hurricanes,Miami,Hurricanes,MIA,Miami Hurricanes,Miami,004325,f0f0f0,https://a.espncdn.com/i/teamlogos/ncaa/500/2390.png,away,59,false,0,0,22,35.0,21,60,0,22,63.6,14,22,1,9,0,0,0,20.0,3,15,31,0,0,0,61,s:40~l:54~t:61,georgia-lady-bulldogs,Georgia,Lady Bulldogs,UGA,Georgia Lady Bulldogs,Georgia,CC0000,000000,https://a.espncdn.com/i/teamlogos/ncaa/500/61.png,74
260150061,2006,2,2006-01-15,2006-01-15T15:00:00.000000-0500,61,s:40~l:54~t:61,georgia-lady-bulldogs,Georgia,Lady Bulldogs,UGA,Georgia Lady Bulldogs,Georgia,CC0000,000000,https://a.espncdn.com/i/teamlogos/ncaa/500/61.png,home,74,true,0,0,27,48.2,27,56,0,22,72.2,13,18,24,10,0,0,0,35.0,7,20,37,0,0,0,2390,s:40~l:54~t:2390,miami-hurricanes,Miami,Hurricanes,MIA,Miami Hurricanes,Miami,004325,f0f0f0,https://a.espncdn.com/i/teamlogos/ncaa/500/2390.png,59
260140041,2006,2,2006-01-14,2006-01-14T19:00:00.000000-0500,2599,s:40~l:54~t:2599,st-johns-red-storm,St. John's,Red Storm,SJU,St. John's Red Storm,St John's,d10000,101010,https://a.espncdn.com/i/teamlogos/ncaa/500/2599.png,away,53,false,0,0,20,40.0,20,50,0,16,91.7,11,12,6,7,0,0,0,20.0,2,10,27,0,0,0,41,s:40~l:54~t:41,uconn-huskies,UConn,Huskies,CONN,UConn Huskies,UConn,0c2340,f1f2f3,https://a.espncdn.com/i/teamlogos/ncaa/500/41.png,70
260140041,2006,2,2006-01-14,2006-01-14T19:00:00.000000-0500,41,s:40~l:54~t:41,uconn-huskies,UConn,Huskies,CONN,UConn Huskies,UConn,0c2340,f1f2f3,https://a.espncdn.com/i/teamlogos/ncaa/500/41.png,home,70,true,0,0,18,43.1,28,65,0,14,64.3,9,14,17,16,0,0,0,26.3,5,19,34,0,0,0,2599,s:40~l:54~t:2599,st-johns-red-storm,St. John's,Red Storm,SJU,St. John's Red Storm,St John's,d10000,101010,https://a.espncdn.com/i/teamlogos/ncaa/500/2599.png,53
260140024,2006,2,2006-01-14,2006-01-14T17:00:00.000000-0500,25,s:40~l:54~t:25,california-golden-bears,California,Golden Bears,CAL,California Golden Bears,California,031522,ffc423,https://a.espncdn.com/i/teamlogos/ncaa/500/25.png,away,75,false,0,0,18,53.4,31,58,0,17,80.0,8,10,8,9,0,0,0,55.6,5,9,27,0,0,0,24,s:40~l:54~t:24,stanford-cardinal,Stanford,Cardinal,STAN,Stanford Cardinal,Stanford,8c1515,ffffff,https://a.espncdn.com/i/teamlogos/ncaa/500/24.png,87
260140024,2006,2,2006-01-14,2006-01-14T17:00:00.000000-0500,24,s:40~l:54~t:24,stanford-cardinal,Stanford,Cardinal,STAN,Stanford Cardinal,Stanford,8c1515,ffffff,https://a.espncdn.com/i/teamlogos/ncaa/500/24.png,home,87,true,0,0,13,47.8,32,67,0,9,50.0,9,18,18,11,0,0,0,43.8,14,32,24,0,0,0,25,s:40~l:54~t:25,california-golden-bears,California,Golden Bears,CAL,California Golden Bears,California,031522,ffc423,https://a.espncdn.com/i/teamlogos/ncaa/500/25.png,75
260122633,2006,2,2006-01-12,2006-01-12T19:00:00.000000-0500,61,s:40~l:54~t:61,georgia-lady-bulldogs,Georgia,Lady Bulldogs,UGA,Georgia Lady Bulldogs,Georgia,CC0000,000000,https://a.espncdn.com/i/teamlogos/ncaa/500/61.png,away,85,false,0,0,18,44.6,29,65,0,19,77.3,17,22,8,10,0,0,0,38.5,10,26,28,0,0,0,2633,s:40~l:54~t:2633,tennessee-lady-volunteers,Tennessee,Lady Volunteers,TENN,Tennessee Lady Volunteers,Tennessee,ff8200,ffffff,https://a.espncdn.com/i/teamlogos/ncaa/500/2633_ncw.png,94
260122633,2006,2,2006-01-12,2006-01-12T19:00:00.000000-0500,2633,s:40~l:54~t:2633,tennessee-lady-volunteers,Tennessee,Lady Volunteers,TENN,Tennessee Lady Volunteers,Tennessee,ff8200,ffffff,https://a.espncdn.com/i/teamlogos/ncaa/500/2633_ncw.png,home,94,true,0,0,23,56.5,35,62,0,15,95.0,19,20,13,9,0,0,0,45.5,5,11,32,0,0,0,61,s:40~l:54~t:61,georgia-lady-bulldogs,Georgia,Lady Bulldogs,UGA,Georgia Lady Bulldogs,Georgia,CC0000,000000,https://a.espncdn.com/i/teamlogos/ncaa/500/61.png,85
260120041,2006,2,2006-01-12,2006-01-12T19:00:00.000000-0500,2132,s:40~l:54~t:2132,cincinnati-bearcats,Cincinnati,Bearcats,CIN,Cincinnati Bearcats,Cincinnati,000000,717073,https://a.espncdn.com/i/teamlogos/ncaa/500/2132.png,away,71,false,0,0,16,42.9,27,63,0,17,57.1,12,21,3,9,0,0,0,66.7,8,12,25,0,0,0,41,s:40~l:54~t:41,uconn-huskies,UConn,Huskies,CONN,UConn Huskies,UConn,0c2340,f1f2f3,https://a.espncdn.com/i/teamlogos/ncaa/500/41.png,92
260120041,2006,2,2006-01-12,2006-01-12T19:00:00.000000-0500,41,s:40~l:54~t:41,uconn-huskies,UConn,Huskies,CONN,UConn Huskies,UConn,0c2340,f1f2f3,https://a.espncdn.com/i/teamlogos/ncaa/500/41.png,home,92,true,0,0,22,60.0,36,60,0,18,70.6,12,17,28,7,0,0,0,36.4,8,22,29,0,0,0,2132,s:40~l:54~t:2132,cincinnati-bearcats,Cincinnati,Bearcats,CIN,Cincinnati Bearcats,Cincinnati,000000,717073,https://a.espncdn.com/i/teamlogos/ncaa/500/2132.png,71
260120135,2006,2,2006-01-12,2006-01-12T20:00:00.000000-0500,2509,s:40~l:54~t:2509,purdue-boilermakers,Purdue,Boilermakers,PUR,Purdue Boilermakers,Purdue,000000,cfb991,https://a.espncdn.com/i/teamlogos/ncaa/500/2509.png,away,60,true,0,0,24,34.4,22,64,0,19,83.3,15,18,4,9,0,0,0,12.5,1,8,33,0,0,0,135,s:40~l:54~t:135,minnesota-golden-gophers,Minnesota,Golden Gophers,MINN,Minnesota Golden Gophers,Minnesota,981a31,981a31,https://a.espncdn.com/i/teamlogos/ncaa/500/135.png,56
260120135,2006,2,2006-01-12,2006-01-12T20:00:00.000000-0500,135,s:40~l:54~t:135,minnesota-golden-gophers,Minnesota,Golden Gophers,MINN,Minnesota Golden Gophers,Minnesota,981a31,981a31,https://a.espncdn.com/i/teamlogos/ncaa/500/135.png,home,56,false,0,0,22,37.3,22,59,0,21,72.7,8,11,7,13,0,0,0,42.1,8,19,35,0,0,0,2509,s:40~l:54~t:2509,purdue-boilermakers,Purdue,Boilermakers,PUR,Purdue Boilermakers,Purdue,000000,cfb991,https://a.espncdn.com/i/teamlogos/ncaa/500/2509.png,60
260102550,2006,2,2006-01-10,2006-01-10T19:00:00.000000-0500,41,s:40~l:54~t:41,uconn-huskies,UConn,Huskies,CONN,UConn Huskies,UConn,0c2340,f1f2f3,https://a.espncdn.com/i/teamlogos/ncaa/500/41.png,away,93,true,0,0,25,62.5,35,56,0,16,62.5,10,16,40,5,0,0,0,65.0,13,20,30,0,0,0,2550,s:40~l:54~t:2550,seton-hall-pirates,Seton Hall,Pirates,HALL,Seton Hall Pirates,Seton Hall,0857B1,8a8d8f,https://a.espncdn.com/i/teamlogos/ncaa/500/2550.png,53
260102550,2006,2,2006-01-10,2006-01-10T19:00:00.000000-0500,2550,s:40~l:54~t:2550,seton-hall-pirates,Seton Hall,Pirates,HALL,Seton Hall Pirates,Seton Hall,0857B1,8a8d8f,https://a.espncdn.com/i/teamlogos/ncaa/500/2550.png,home,53,false,0,0,17,34.8,23,66,0,17,33.3,4,12,0,12,0,0,0,15.8,3,19,29,0,0,0,41,s:40~l:54~t:41,uconn-huskies,UConn,Huskies,CONN,UConn Huskies,UConn,0c2340,f1f2f3,https://a.espncdn.com/i/teamlogos/ncaa/500/41.png,93
260092390,2006,2,2006-01-09,2006-01-09T19:00:00.000000-0500,153,s:40~l:54~t:153,north-carolina-tar-heels,North Carolina,Tar Heels,UNC,North Carolina Tar Heels,North Carolina,7bafd4,13294b,https://a.espncdn.com/i/teamlogos/ncaa/500/153.png,away,90,true,0,0,26,50.0,32,64,0,13,65.0,13,20,36,13,0,0,0,40.6,13,32,39,0,0,0,2390,s:40~l:54~t:2390,miami-hurricanes,Miami,Hurricanes,MIA,Miami Hurricanes,Miami,004325,f0f0f0,https://a.espncdn.com/i/teamlogos/ncaa/500/2390.png,57
260092390,2006,2,2006-01-09,2006-01-09T19:00:00.000000-0500,2390,s:40~l:54~t:2390,miami-hurricanes,Miami,Hurricanes,MIA,Miami Hurricanes,Miami,004325,f0f0f0,https://a.espncdn.com/i/teamlogos/ncaa/500/2390.png,home,57,false,0,0,18,36.2,21,58,0,20,63.6,7,11,0,8,0,0,0,28.6,8,28,26,0,0,0,153,s:40~l:54~t:153,north-carolina-tar-heels,North Carolina,Tar Heels,UNC,North Carolina Tar Heels,North Carolina,7bafd4,13294b,https://a.espncdn.com/i/teamlogos/ncaa/500/153.png,90
260090194,2006,2,2006-01-09,2006-01-09T19:00:00.000000-0500,201,s:40~l:54~t:201,oklahoma-sooners,Oklahoma,Sooners,OU,Oklahoma Sooners,Oklahoma,9d2235,ffffff,https://a.espncdn.com/i/teamlogos/ncaa/500/201.png,away,71,false,0,0,17,52.5,32,61,0,15,50.0,5,10,10,11,0,0,0,16.7,2,12,28,0,0,0,194,s:40~l:54~t:194,ohio-state-buckeyes,Ohio State,Buckeyes,OSU,Ohio State Buckeyes,Ohio State,ce1141,505056,https://a.espncdn.com/i/teamlogos/ncaa/500/194.png,75
260090194,2006,2,2006-01-09,2006-01-09T19:00:00.000000-0500,194,s:40~l:54~t:194,ohio-state-buckeyes,Ohio State,Buckeyes,OSU,Ohio State Buckeyes,Ohio State,ce1141,505056,https://a.espncdn.com/i/teamlogos/ncaa/500/194.png,home,75,true,0,0,16,50.0,28,56,0,9,87.5,14,16,4,7,0,0,0,45.5,5,11,23,0,0,0,201,s:40~l:54~t:201,oklahoma-sooners,Oklahoma,Sooners,OU,Oklahoma Sooners,Oklahoma,9d2235,ffffff,https://a.espncdn.com/i/teamlogos/ncaa/500/201.png,71
260080120,2006,2,2006-01-08,2006-01-08T13:00:00.000000-0500,150,s:40~l:54~t:150,duke-blue-devils,Duke,Blue Devils,DUKE,Duke Blue Devils,Duke,013088,ffffff,https://a.espncdn.com/i/teamlogos/ncaa/500/150.png,away,86,true,0,0,19,56.9,33,58,0,20,87.5,14,16,20,4,0,0,0,46.2,6,13,23,0,0,0,120,s:40~l:54~t:120,maryland-terrapins,Maryland,Terrapins,MD,Maryland Terrapins,Maryland,D5002B,ffcd00,https://a.espncdn.com/i/teamlogos/ncaa/500/120.png,68
260080120,2006,2,2006-01-08,2006-01-08T13:00:00.000000-0500,120,s:40~l:54~t:120,maryland-terrapins,Maryland,Terrapins,MD,Maryland Terrapins,Maryland,D5002B,ffcd00,https://a.espncdn.com/i/teamlogos/ncaa/500/120.png,home,68,false,0,0,15,49.0,24,49,0,14,63.2,12,19,2,5,0,0,0,61.5,8,13,20,0,0,0,150,s:40~l:54~t:150,duke-blue-devils,Duke,Blue Devils,DUKE,Duke Blue Devils,Duke,013088,ffffff,https://a.espncdn.com/i/teamlogos/ncaa/500/150.png,86
260080061,2006,2,2006-01-08,2006-01-08T14:30:00.000000-0500,57,s:40~l:54~t:57,florida-gators,Florida,Gators,FLA,Florida Gators,Florida,0021a5,fa4616,https://a.espncdn.com/i/teamlogos/ncaa/500/57.png,away,70,false,0,0,16,40.0,28,70,0,17,53.3,8,15,2,14,0,0,0,31.6,6,19,30,0,0,0,61,s:40~l:54~t:61,georgia-lady-bulldogs,Georgia,Lady Bulldogs,UGA,Georgia Lady Bulldogs,Georgia,CC0000,000000,https://a.espncdn.com/i/teamlogos/ncaa/500/61.png,89
260080061,2006,2,2006-01-08,2006-01-08T14:30:00.000000-0500,61,s:40~l:54~t:61,georgia-lady-bulldogs,Georgia,Lady Bulldogs,UGA,Georgia Lady Bulldogs,Georgia,CC0000,000000,https://a.espncdn.com/i/teamlogos/ncaa/500/61.png,home,89,true,0,0,27,48.6,34,70,0,14,66.7,10,15,29,13,0,0,0,47.8,11,23,40,0,0,0,57,s:40~l:54~t:57,florida-gators,Florida,Gators,FLA,Florida Gators,Florida,0021a5,fa4616,https://a.espncdn.com/i/teamlogos/ncaa/500/57.png,70
260082325,2006,2,2006-01-08,2006-01-08T14:00:00.000000-0500,218,s:40~l:54~t:218,temple-owls,Temple,Owls,TEM,Temple Owls,Temple,A80532,a7a9ac,https://a.espncdn.com/i/teamlogos/ncaa/500/218.png,away,66,true,0,0,19,41.3,26,63,0,19,66.7,12,18,3,13,0,0,0,22.2,2,9,32,0,0,0,2325,s:40~l:54~t:2325,la-salle-explorers,La Salle,Explorers,LAS,La Salle Explorers,La Salle,003356,ffce00,https://a.espncdn.com/i/teamlogos/ncaa/500/2325.png,64
260082325,2006,2,2006-01-08,2006-01-08T14:00:00.000000-0500,2325,s:40~l:54~t:2325,la-salle-explorers,La Salle,Explorers,LAS,La Salle Explorers,La Salle,003356,ffce00,https://a.espncdn.com/i/teamlogos/ncaa/500/2325.png,home,64,false,0,0,23,42.9,24,56,0,13,77.8,14,18,7,9,0,0,0,33.3,2,6,32,0,0,0,218,s:40~l:54~t:218,temple-owls,Temple,Owls,TEM,Temple Owls,Temple,A80532,a7a9ac,https://a.espncdn.com/i/teamlogos/ncaa/500/218.png,66
260080145,2006,2,2006-01-08,2006-01-08T15:00:00.000000-0500,344,s:40~l:54~t:344,mississippi-state-bulldogs,Mississippi State,Bulldogs,MSST,Mississippi State Bulldogs,Mississippi St,762123,c8c8c8,https://a.espncdn.com/i/teamlogos/ncaa/500/344.png,away,70,true,0,0,23,43.9,25,57,0,15,69.6,16,23,17,6,0,0,0,25.0,4,16,29,0,0,0,145,s:40~l:54~t:145,ole-miss-rebels,Ole Miss,Rebels,MISS,Ole Miss Rebels,Ole Miss,001148,00205b,https://a.espncdn.com/i/teamlogos/ncaa/500/145.png,59
260080145,2006,2,2006-01-08,2006-01-08T15:00:00.000000-0500,145,s:40~l:54~t:145,ole-miss-rebels,Ole Miss,Rebels,MISS,Ole Miss Rebels,Ole Miss,001148,00205b,https://a.espncdn.com/i/teamlogos/ncaa/500/145.png,home,59,false,0,0,18,30.2,19,63,0,28,83.3,20,24,9,16,0,0,0,13.3,2,15,34,0,0,0,344,s:40~l:54~t:344,mississippi-state-bulldogs,Mississippi State,Bulldogs,MSST,Mississippi State Bulldogs,Mississippi St,762123,c8c8c8,https://a.espncdn.com/i/teamlogos/ncaa/500/344.png,70
260072633,2006,2,2006-01-07,2006-01-07T14:00:00.000000-0500,41,s:40~l:54~t:41,uconn-huskies,UConn,Huskies,CONN,UConn Huskies,UConn,0c2340,f1f2f3,https://a.espncdn.com/i/teamlogos/ncaa/500/41.png,away,80,false,0,0,19,51.9,28,54,0,30,68.0,17,25,5,8,0,0,0,35.0,7,20,27,0,0,0,2633,s:40~l:54~t:2633,tennessee-lady-volunteers,Tennessee,Lady Volunteers,TENN,Tennessee Lady Volunteers,Tennessee,ff8200,ffffff,https://a.espncdn.com/i/teamlogos/ncaa/500/2633_ncw.png,89
260072633,2006,2,2006-01-07,2006-01-07T14:00:00.000000-0500,2633,s:40~l:54~t:2633,tennessee-lady-volunteers,Tennessee,Lady Volunteers,TENN,Tennessee Lady Volunteers,Tennessee,ff8200,ffffff,https://a.espncdn.com/i/teamlogos/ncaa/500/2633_ncw.png,home,89,true,0,0,13,39.1,25,64,0,22,78.0,32,41,9,15,0,0,0,46.7,7,15,28,0,0,0,41,s:40~l:54~t:41,uconn-huskies,UConn,Huskies,CONN,UConn Huskies,UConn,0c2340,f1f2f3,https://a.espncdn.com/i/teamlogos/ncaa/500/41.png,80
260060099,2006,2,2006-01-07,2006-01-07T12:00:00.000000-0500,135,s:40~l:54~t:135,minnesota-golden-gophers,Minnesota,Golden Gophers,MINN,Minnesota Golden Gophers,Minnesota,981a31,981a31,https://a.espncdn.com/i/teamlogos/ncaa/500/135.png,away,45,false,0,0,26,37.7,20,53,0,25,25.0,3,12,7,6,0,0,0,22.2,2,9,32,0,0,0,99,s:40~l:54~t:99,lsu-tigers,LSU,Tigers,LSU,LSU Tigers,LSU,461d7c,fdd023,https://a.espncdn.com/i/teamlogos/ncaa/500/99.png,66
260060099,2006,2,2006-01-07,2006-01-07T12:00:00.000000-0500,99,s:40~l:54~t:99,lsu-tigers,LSU,Tigers,LSU,LSU Tigers,LSU,461d7c,fdd023,https://a.espncdn.com/i/teamlogos/ncaa/500/99.png,home,66,true,0,0,28,35.0,21,60,0,11,71.0,22,31,21,14,0,0,0,22.2,2,9,42,0,0,0,135,s:40~l:54~t:135,minnesota-golden-gophers,Minnesota,Golden Gophers,MINN,Minnesota Golden Gophers,Minnesota,981a31,981a31,https://a.espncdn.com/i/teamlogos/ncaa/500/135.png,45
260070239,2006,2,2006-01-07,2006-01-07T16:00:00.000000-0500,251,s:40~l:54~t:251,texas-longhorns,Texas,Longhorns,TEX,Texas Longhorns,Texas,c15d26,ffffff,https://a.espncdn.com/i/teamlogos/ncaa/500/251.png,away,48,false,0,0,24,32.7,18,55,0,22,71.4,10,14,1,8,0,0,0,22.2,2,9,32,0,0,0,239,s:40~l:54~t:239,baylor-bears,Baylor,Bears,BAY,Baylor Bears,Baylor,154734,ffb81c,https://a.espncdn.com/i/teamlogos/ncaa/500/239.png,61
260070239,2006,2,2006-01-07,2006-01-07T16:00:00.000000-0500,239,s:40~l:54~t:239,baylor-bears,Baylor,Bears,BAY,Baylor Bears,Baylor,154734,ffb81c,https://a.espncdn.com/i/teamlogos/ncaa/500/239.png,home,61,true,0,0,25,32.8,21,64,0,15,66.7,14,21,19,20,0,0,0,35.7,5,14,45,0,0,0,251,s:40~l:54~t:251,texas-longhorns,Texas,Longhorns,TEX,Texas Longhorns,Texas,c15d26,ffffff,https://a.espncdn.com/i/teamlogos/ncaa/500/251.png,48
260070254,2006,2,2006-01-07,2006-01-07T16:00:00.000000-0500,252,s:40~l:54~t:252,byu-cougars,BYU,Cougars,BYU,BYU Cougars,BYU,001E4C,ffffff,https://a.espncdn.com/i/teamlogos/ncaa/500/252.png,away,61,true,0,0,22,50.0,26,52,0,17,71.4,5,7,9,10,0,0,0,50.0,9,18,32,0,0,0,254,s:40~l:54~t:254,utah-utes,Utah,Utes,UTAH,Utah Utes,Utah,890012,7e8083,https://a.espncdn.com/i/teamlogos/ncaa/500/254.png,60
260070254,2006,2,2006-01-07,2006-01-07T16:00:00.000000-0500,254,s:40~l:54~t:254,utah-utes,Utah,Utes,UTAH,Utah Utes,Utah,890012,7e8083,https://a.espncdn.com/i/teamlogos/ncaa/500/254.png,home,60,false,0,0,16,38.5,20,52,0,14,62.5,10,16,5,11,0,0,0,37.0,10,27,27,0,0,0,252,s:40~l:54~t:252,byu-cougars,BYU,Cougars,BYU,BYU Cougars,BYU,001E4C,ffffff,https://a.espncdn.com/i/teamlogos/ncaa/500/252.png,61
260060153,2006,2,2006-01-06,2006-01-06T19:00:00.000000-0500,228,s:40~l:54~t:228,clemson-tigers,Clemson,Tigers,CLEM,Clemson Tigers,Clemson,F66733,522d80,https://a.espncdn.com/i/teamlogos/ncaa/500/228.png,away,61,false,0,0,16,41.1,23,56,0,17,56.3,9,16,2,6,0,0,0,33.3,6,18,22,0,0,0,153,s:40~l:54~t:153,north-carolina-tar-heels,North Carolina,Tar Heels,UNC,North Carolina Tar Heels,North Carolina,7bafd4,13294b,https://a.espncdn.com/i/teamlogos/ncaa/500/153.png,102
260060153,2006,2,2006-01-06,2006-01-06T19:00:00.000000-0500,153,s:40~l:54~t:153,north-carolina-tar-heels,North Carolina,Tar Heels,UNC,North Carolina Tar Heels,North Carolina,7bafd4,13294b,https://a.espncdn.com/i/teamlogos/ncaa/500/153.png,home,102,true,1,0,27,54.9,39,71,0,14,80.0,16,20,43,14,0,0,0,50.0,11,22,41,0,0,0,228,s:40~l:54~t:228,clemson-tigers,Clemson,Tigers,CLEM,Clemson Tigers,Clemson,F66733,522d80,https://a.espncdn.com/i/teamlogos/ncaa/500/228.png,61
260050167,2006,2,2006-01-05,2006-01-05T21:00:00.000000-0500,254,s:40~l:54~t:254,utah-utes,Utah,Utes,UTAH,Utah Utes,Utah,890012,7e8083,https://a.espncdn.com/i/teamlogos/ncaa/500/254.png,away,42,false,0,0,14,26.7,16,60,0,13,75.0,6,8,0,11,0,0,0,14.8,4,27,25,0,0,0,167,s:40~l:54~t:167,new-mexico-lobos,New Mexico,Lobos,UNM,New Mexico Lobos,New Mexico,000000,231f20,https://a.espncdn.com/i/teamlogos/ncaa/500/167.png,59
260050167,2006,2,2006-01-05,2006-01-05T21:00:00.000000-0500,167,s:40~l:54~t:167,new-mexico-lobos,New Mexico,Lobos,UNM,New Mexico Lobos,New Mexico,000000,231f20,https://a.espncdn.com/i/teamlogos/ncaa/500/167.png,home,59,true,0,0,25,46.3,25,54,0,13,80.0,8,10,26,9,0,0,0,28.6,4,14,34,0,0,0,254,s:40~l:54~t:254,utah-utes,Utah,Utes,UTAH,Utah Utes,Utah,890012,7e8083,https://a.espncdn.com/i/teamlogos/ncaa/500/254.png,42
260042579,2006,2,2006-01-04,2006-01-04T19:00:00.000000-0500,2633,s:40~l:54~t:2633,tennessee-lady-volunteers,Tennessee,Lady Volunteers,TENN,Tennessee Lady Volunteers,Tennessee,ff8200,ffffff,https://a.espncdn.com/i/teamlogos/ncaa/500/2633_ncw.png,away,66,true,0,0,20,48.1,25,52,0,15,64.7,11,17,18,12,0,0,0,35.7,5,14,32,0,0,0,2579,s:40~l:54~t:2579,south-carolina-gamecocks,South Carolina,Gamecocks,SC,South Carolina Gamecocks,South Carolina,73000a,ffffff,https://a.espncdn.com/i/teamlogos/ncaa/500/2579.png,51
260042579,2006,2,2006-01-04,2006-01-04T19:00:00.000000-0500,2579,s:40~l:54~t:2579,south-carolina-gamecocks,South Carolina,Gamecocks,SC,South Carolina Gamecocks,South Carolina,73000a,ffffff,https://a.espncdn.com/i/teamlogos/ncaa/500/2579.png,home,51,false,0,0,17,37.3,19,51,0,19,71.4,10,14,8,10,0,0,0,25.0,4,16,27,0,0,0,2633,s:40~l:54~t:2633,tennessee-lady-volunteers,Tennessee,Lady Volunteers,TENN,Tennessee Lady Volunteers,Tennessee,ff8200,ffffff,https://a.espncdn.com/i/teamlogos/ncaa/500/2633_ncw.png,66
260040002,2006,2,2006-01-04,2006-01-04T21:00:00.000000-0500,99,s:40~l:54~t:99,lsu-tigers,LSU,Tigers,LSU,LSU Tigers,LSU,461d7c,fdd023,https://a.espncdn.com/i/teamlogos/ncaa/500/99.png,away,65,true,0,0,25,51.9,28,54,0,8,60.0,6,10,29,5,0,0,0,25.0,3,12,30,0,0,0,2,s:40~l:54~t:2,auburn-tigers,Auburn,Tigers,AUB,Auburn Tigers,Auburn,03244d,f1f2f3,https://a.espncdn.com/i/teamlogos/ncaa/500/2.png,38
260040002,2006,2,2006-01-04,2006-01-04T21:00:00.000000-0500,2,s:40~l:54~t:2,auburn-tigers,Auburn,Tigers,AUB,Auburn Tigers,Auburn,03244d,f1f2f3,https://a.espncdn.com/i/teamlogos/ncaa/500/2.png,home,38,false,0,0,19,34.8,16,46,0,9,85.7,6,7,0,2,0,0,0,18.2,2,11,21,0,0,0,99,s:40~l:54~t:99,lsu-tigers,LSU,Tigers,LSU,LSU Tigers,LSU,461d7c,fdd023,https://a.espncdn.com/i/teamlogos/ncaa/500/99.png,65
260030305,2006,2,2006-01-03,2006-01-03T21:00:00.000000-0500,221,s:40~l:54~t:221,pittsburgh-panthers,Pittsburgh,Panthers,PITT,Pittsburgh Panthers,Pitt,003263,231f20,https://a.espncdn.com/i/teamlogos/ncaa/500/221.png,away,75,false,0,0,19,45.3,29,64,0,14,54.2,13,24,7,7,0,0,0,42.9,6,14,26,0,0,0,305,s:40~l:54~t:305,depaul-blue-demons,DePaul,Blue Demons,DEP,DePaul Blue Demons,DePaul,2d649c,ce1125,https://a.espncdn.com/i/teamlogos/ncaa/500/305.png,81
260030305,2006,2,2006-01-03,2006-01-03T21:00:00.000000-0500,305,s:40~l:54~t:305,depaul-blue-demons,DePaul,Blue Demons,DEP,DePaul Blue Demons,DePaul,2d649c,ce1125,https://a.espncdn.com/i/teamlogos/ncaa/500/305.png,home,81,true,0,0,24,49.3,33,67,0,19,73.3,11,15,8,14,0,0,0,23.5,4,17,38,0,0,0,221,s:40~l:54~t:221,pittsburgh-panthers,Pittsburgh,Panthers,PITT,Pittsburgh Panthers,Pitt,003263,231f20,https://a.espncdn.com/i/teamlogos/ncaa/500/221.png,75
260032305,2006,2,2006-01-03,2006-01-03T19:00:00.000000-0500,251,s:40~l:54~t:251,texas-longhorns,Texas,Longhorns,TEX,Texas Longhorns,Texas,c15d26,ffffff,https://a.espncdn.com/i/teamlogos/ncaa/500/251.png,away,61,false,0,0,22,46.2,24,52,0,24,66.7,12,18,2,12,0,0,0,16.7,1,6,34,0,0,0,2305,s:40~l:54~t:2305,kansas-jayhawks,Kansas,Jayhawks,KU,Kansas Jayhawks,Kansas,0051ba,e8000d,https://a.espncdn.com/i/teamlogos/ncaa/500/2305.png,70
260032305,2006,2,2006-01-03,2006-01-03T19:00:00.000000-0500,2305,s:40~l:54~t:2305,kansas-jayhawks,Kansas,Jayhawks,KU,Kansas Jayhawks,Kansas,0051ba,e8000d,https://a.espncdn.com/i/teamlogos/ncaa/500/2305.png,home,70,true,0,0,14,45.5,25,55,0,15,70.0,14,20,16,10,0,0,0,40.0,8,20,24,0,0,0,251,s:40~l:54~t:251,texas-longhorns,Texas,Longhorns,TEX,Texas Longhorns,Texas,c15d26,ffffff,https://a.espncdn.com/i/teamlogos/ncaa/500/251.png,61
260012509,2006,2,2006-01-01,2006-01-01T13:00:00.000000-0500,194,s:40~l:54~t:194,ohio-state-buckeyes,Ohio State,Buckeyes,OSU,Ohio State Buckeyes,Ohio State,ce1141,505056,https://a.espncdn.com/i/teamlogos/ncaa/500/194.png,away,59,false,0,0,19,49.0,24,49,0,14,50.0,3,6,9,4,0,0,0,53.3,8,15,23,0,0,0,2509,s:40~l:54~t:2509,purdue-boilermakers,Purdue,Boilermakers,PUR,Purdue Boilermakers,Purdue,000000,cfb991,https://a.espncdn.com/i/teamlogos/ncaa/500/2509.png,61
260012509,2006,2,2006-01-01,2006-01-01T13:00:00.000000-0500,2509,s:40~l:54~t:2509,purdue-boilermakers,Purdue,Boilermakers,PUR,Purdue Boilermakers,Purdue,000000,cfb991,https://a.espncdn.com/i/teamlogos/ncaa/500/2509.png,home,61,true,0,0,19,39.7,23,58,0,11,81.8,9,11,8,11,0,0,0,40.0,6,15,30,0,0,0,194,s:40~l:54~t:194,ohio-state-buckeyes,Ohio State,Buckeyes,OSU,Ohio State Buckeyes,Ohio State,ce1141,505056,https://a.espncdn.com/i/teamlogos/ncaa/500/194.png,59
260010127,2006,2,2006-01-01,2006-01-01T14:00:00.000000-0500,130,s:40~l:54~t:130,michigan-wolverines,Michigan,Wolverines,MICH,Michigan Wolverines,Michigan,00274c,ffcb05,https://a.espncdn.com/i/teamlogos/ncaa/500/130.png,away,44,false,0,0,20,31.5,17,54,0,15,83.3,5,6,1,3,0,0,0,29.4,5,17,23,0,0,0,127,s:40~l:54~t:127,michigan-state-spartans,Michigan State,Spartans,MSU,Michigan State Spartans,Michigan St,18453B,ffffff,https://a.espncdn.com/i/teamlogos/ncaa/500/127.png,77
260010127,2006,2,2006-01-01,2006-01-01T14:00:00.000000-0500,127,s:40~l:54~t:127,michigan-state-spartans,Michigan State,Spartans,MSU,Michigan State Spartans,Michigan St,18453B,ffffff,https://a.espncdn.com/i/teamlogos/ncaa/500/127.png,home,77,true,0,0,25,40.5,30,74,0,13,80.0,12,15,35,17,0,0,0,27.8,5,18,42,0,0,0,130,s:40~l:54~t:130,michigan-wolverines,Michigan,Wolverines,MICH,Michigan Wolverines,Michigan,00274c,ffcb05,https://a.espncdn.com/i/teamlogos/ncaa/500/130.png,44
260010024,2006,2,2006-01-01,2006-01-01T16:00:00.000000-0500,26,s:40~l:54~t:26,ucla-bruins,UCLA,Bruins,UCLA,UCLA Bruins,UCLA,2774ae,f2a900,https://a.espncdn.com/i/teamlogos/ncaa/500/26.png,away,68,false,0,0,22,40.8,29,71,0,16,58.3,7,12,3,15,0,0,0,21.4,3,14,37,0,0,0,24,s:40~l:54~t:24,stanford-cardinal,Stanford,Cardinal,STAN,Stanford Cardinal,Stanford,8c1515,ffffff,https://a.espncdn.com/i/teamlogos/ncaa/500/24.png,91
260010024,2006,2,2006-01-01,2006-01-01T16:00:00.000000-0500,24,s:40~l:54~t:24,stanford-cardinal,Stanford,Cardinal,STAN,Stanford Cardinal,Stanford,8c1515,ffffff,https://a.espncdn.com/i/teamlogos/ncaa/500/24.png,home,91,true,0,0,25,48.6,35,72,0,13,92.9,13,14,27,10,0,0,0,36.4,8,22,35,0,0,0,26,s:40~l:54~t:26,ucla-bruins,UCLA,Bruins,UCLA,UCLA Bruins,UCLA,2774ae,f2a900,https://a.espncdn.com/i/teamlogos/ncaa/500/26.png,68
253650087,2006,2,2005-12-31,2005-12-31T14:00:00.000000-0500,2633,s:40~l:54~t:2633,tennessee-lady-volunteers,Tennessee,Lady Volunteers,TENN,Tennessee Lady Volunteers,Tennessee,ff8200,ffffff,https://a.espncdn.com/i/teamlogos/ncaa/500/2633_ncw.png,away,62,true,0,0,24,34.5,19,55,0,20,65.4,17,26,22,14,0,0,0,41.2,7,17,38,0,0,0,87,s:40~l:54~t:87,notre-dame-fighting-irish,Notre Dame,Fighting Irish,ND,Notre Dame Fighting Irish,Notre Dame,0c2340,c99700,https://a.espncdn.com/i/teamlogos/ncaa/500/87.png,51
253650087,2006,2,2005-12-31,2005-12-31T14:00:00.000000-0500,87,s:40~l:54~t:87,notre-dame-fighting-irish,Notre Dame,Fighting Irish,ND,Notre Dame Fighting Irish,Notre Dame,0c2340,c99700,https://a.espncdn.com/i/teamlogos/ncaa/500/87.png,home,51,false,0,0,18,32.0,16,50,0,20,60.0,15,25,0,9,0,0,0,43.8,7,16,27,0,0,0,2633,s:40~l:54~t:2633,tennessee-lady-volunteers,Tennessee,Lady Volunteers,TENN,Tennessee Lady Volunteers,Tennessee,ff8200,ffffff,https://a.espncdn.com/i/teamlogos/ncaa/500/2633_ncw.png,62
253650041,2006,2,2005-12-31,2005-12-31T12:00:00.000000-0500,349,s:40~l:54~t:349,army-black-knights,Army,Black Knights,ARMY,Army Black Knights,Army,ce9c00,231f20,https://a.espncdn.com/i/teamlogos/ncaa/500/349.png,away,46,false,0,0,16,36.7,18,49,0,13,75.0,6,8,2,8,0,0,0,30.8,4,13,24,0,0,0,41,s:40~l:54~t:41,uconn-huskies,UConn,Huskies,CONN,UConn Huskies,UConn,0c2340,f1f2f3,https://a.espncdn.com/i/teamlogos/ncaa/500/41.png,85
253650041,2006,2,2005-12-31,2005-12-31T12:00:00.000000-0500,41,s:40~l:54~t:41,uconn-huskies,UConn,Huskies,CONN,UConn Huskies,UConn,0c2340,f1f2f3,https://a.espncdn.com/i/teamlogos/ncaa/500/41.png,home,85,true,0,0,20,56.9,33,58,0,9,87.5,7,8,39,6,0,0,0,54.5,12,22,26,0,0,0,349,s:40~l:54~t:349,army-black-knights,Army,Black Knights,ARMY,Army Black Knights,Army,ce9c00,231f20,https://a.espncdn.com/i/teamlogos/ncaa/500/349.png,46
253640099,2006,2,2005-12-30,2005-12-30T15:00:00.000000-0500,58,s:40~l:54~t:58,south-florida-bulls,South Florida,Bulls,USF,South Florida Bulls,South Florida,004A36,231f20,https://a.espncdn.com/i/teamlogos/ncaa/500/58.png,away,44,false,0,0,14,28.1,16,57,0,20,72.7,8,11,0,10,0,0,0,25.0,4,16,24,0,0,0,99,s:40~l:54~t:99,lsu-tigers,LSU,Tigers,LSU,LSU Tigers,LSU,461d7c,fdd023,https://a.espncdn.com/i/teamlogos/ncaa/500/99.png,87
253640099,2006,2,2005-12-30,2005-12-30T15:00:00.000000-0500,99,s:40~l:54~t:99,lsu-tigers,LSU,Tigers,LSU,LSU Tigers,LSU,461d7c,fdd023,https://a.espncdn.com/i/teamlogos/ncaa/500/99.png,home,87,true,0,0,28,54.5,30,55,0,11,78.1,25,32,49,12,0,0,0,33.3,2,6,40,0,0,0,58,s:40~l:54~t:58,south-florida-bulls,South Florida,Bulls,USF,South Florida Bulls,South Florida,004A36,231f20,https://a.espncdn.com/i/teamlogos/ncaa/500/58.png,44
253630041,2006,2,2005-12-29,2005-12-29T19:00:00.000000-0500,399,s:40~l:54~t:399,albany-great-danes,Albany,Great Danes,ALB,Albany Great Danes,Albany,3D2777,ffffff,https://a.espncdn.com/i/teamlogos/ncaa/500/399.png,away,44,false,0,0,17,27.6,16,58,0,20,77.8,7,9,0,14,0,0,0,26.3,5,19,31,0,0,0,41,s:40~l:54~t:41,uconn-huskies,UConn,Huskies,CONN,UConn Huskies,UConn,0c2340,f1f2f3,https://a.espncdn.com/i/teamlogos/ncaa/500/41.png,78
253630041,2006,2,2005-12-29,2005-12-29T19:00:00.000000-0500,41,s:40~l:54~t:41,uconn-huskies,UConn,Huskies,CONN,UConn Huskies,UConn,0c2340,f1f2f3,https://a.espncdn.com/i/teamlogos/ncaa/500/41.png,home,78,true,0,0,20,49.1,28,57,0,11,55.2,16,29,40,10,0,0,0,33.3,6,18,30,0,0,0,399,s:40~l:54~t:399,albany-great-danes,Albany,Great Danes,ALB,Albany Great Danes,Albany,3D2777,ffffff,https://a.espncdn.com/i/teamlogos/ncaa/500/399.png,44
253630009,2006,2,2005-12-29,2005-12-29T20:00:00.000000-0500,264,s:40~l:54~t:264,washington-huskies,Washington,Huskies,WASH,Washington Huskies,Washington,33006f,e8d3a2,https://a.espncdn.com/i/teamlogos/ncaa/500/264.png,away,51,false,0,0,25,40.4,23,57,0,18,30.8,4,13,3,10,0,0,0,12.5,1,8,35,0,0,0,9,s:40~l:54~t:9,arizona-state-sun-devils,Arizona State,Sun Devils,ASU,Arizona State Sun Devils,Arizona State,942139,f1f2f3,https://a.espncdn.com/i/teamlogos/ncaa/500/9.png,64
253630009,2006,2,2005-12-29,2005-12-29T20:00:00.000000-0500,9,s:40~l:54~t:9,arizona-state-sun-devils,Arizona State,Sun Devils,ASU,Arizona State Sun Devils,Arizona State,942139,f1f2f3,https://a.espncdn.com/i/teamlogos/ncaa/500/9.png,home,64,true,0,0,22,41.7,25,60,0,15,66.7,14,21,13,9,0,0,0,0.0,0,5,31,0,0,0,264,s:40~l:54~t:264,washington-huskies,Washington,Huskies,WASH,Washington Huskies,Washington,33006f,e8d3a2,https://a.espncdn.com/i/teamlogos/ncaa/500/264.png,51
253560041,2006,2,2005-12-22,2005-12-22T19:00:00.000000-0500,2275,s:40~l:54~t:2275,hofstra-pride,Hofstra,Pride,HOF,Hofstra Pride,Hofstra,00337c,f6c934,https://a.espncdn.com/i/teamlogos/ncaa/500/2275.png,away,49,false,0,0,22,28.6,14,49,0,18,60.0,15,25,0,8,0,0,0,33.3,6,18,30,0,0,0,41,s:40~l:54~t:41,uconn-huskies,UConn,Huskies,CONN,UConn Huskies,UConn,0c2340,f1f2f3,https://a.espncdn.com/i/teamlogos/ncaa/500/41.png,86
253560041,2006,2,2005-12-22,2005-12-22T19:00:00.000000-0500,41,s:40~l:54~t:41,uconn-huskies,UConn,Huskies,CONN,UConn Huskies,UConn,0c2340,f1f2f3,https://a.espncdn.com/i/teamlogos/ncaa/500/41.png,home,86,true,0,0,29,45.7,32,70,0,21,66.7,14,21,41,11,0,0,0,34.8,8,23,40,0,0,0,2275,s:40~l:54~t:2275,hofstra-pride,Hofstra,Pride,HOF,Hofstra Pride,Hofstra,00337c,f6c934,https://a.espncdn.com/i/teamlogos/ncaa/500/2275.png,49
253550201,2006,2,2005-12-21,2005-12-21T21:00:00.000000-0500,127,s:40~l:54~t:127,michigan-state-spartans,Michigan State,Spartans,MSU,Michigan State Spartans,Michigan St,18453B,ffffff,https://a.espncdn.com/i/teamlogos/ncaa/500/127.png,away,80,true,0,0,33,45.7,32,70,0,21,75.0,9,12,22,8,0,0,0,38.9,7,18,41,0,0,0,201,s:40~l:54~t:201,oklahoma-sooners,Oklahoma,Sooners,OU,Oklahoma Sooners,Oklahoma,9d2235,ffffff,https://a.espncdn.com/i/teamlogos/ncaa/500/201.png,60
253550201,2006,2,2005-12-21,2005-12-21T21:00:00.000000-0500,201,s:40~l:54~t:201,oklahoma-sooners,Oklahoma,Sooners,OU,Oklahoma Sooners,Oklahoma,9d2235,ffffff,https://a.espncdn.com/i/teamlogos/ncaa/500/201.png,home,60,false,0,0,24,27.4,20,73,0,15,68.0,17,25,0,20,0,0,0,15.0,3,20,44,0,0,0,127,s:40~l:54~t:127,michigan-state-spartans,Michigan State,Spartans,MSU,Michigan State Spartans,Michigan St,18453B,ffffff,https://a.espncdn.com/i/teamlogos/ncaa/500/127.png,80
253540099,2006,2,2005-12-20,2005-12-20T20:00:00.000000-0500,2655,s:40~l:54~t:2655,tulane-green-wave,Tulane,Green Wave,TULN,Tulane Green Wave,Tulane,005837,3baf29,https://a.espncdn.com/i/teamlogos/ncaa/500/2655.png,away,60,false,0,0,18,41.8,23,55,0,22,72.2,13,18,2,9,0,0,0,23.5,4,17,27,0,0,0,99,s:40~l:54~t:99,lsu-tigers,LSU,Tigers,LSU,LSU Tigers,LSU,461d7c,fdd023,https://a.espncdn.com/i/teamlogos/ncaa/500/99.png,89
253540099,2006,2,2005-12-20,2005-12-20T20:00:00.000000-0500,99,s:40~l:54~t:99,lsu-tigers,LSU,Tigers,LSU,LSU Tigers,LSU,461d7c,fdd023,https://a.espncdn.com/i/teamlogos/ncaa/500/99.png,home,89,true,0,0,19,47.1,33,70,0,15,75.0,21,28,36,20,0,0,0,25.0,2,8,39,0,0,0,2655,s:40~l:54~t:2655,tulane-green-wave,Tulane,Green Wave,TULN,Tulane Green Wave,Tulane,005837,3baf29,https://a.espncdn.com/i/teamlogos/ncaa/500/2655.png,60
253540026,2006,2,2005-12-20,2005-12-20T22:00:00.000000-0500,2483,s:40~l:54~t:2483,oregon-ducks,Oregon,Ducks,ORE,Oregon Ducks,Oregon,044520,fee123,https://a.espncdn.com/i/teamlogos/ncaa/500/2483.png,away,63,false,0,0,26,41.4,24,58,0,20,90.9,10,11,1,11,0,0,0,20.8,5,24,37,0,0,0,26,s:40~l:54~t:26,ucla-bruins,UCLA,Bruins,UCLA,UCLA Bruins,UCLA,2774ae,f2a900,https://a.espncdn.com/i/teamlogos/ncaa/500/26.png,82
253540026,2006,2,2005-12-20,2005-12-20T22:00:00.000000-0500,26,s:40~l:54~t:26,ucla-bruins,UCLA,Bruins,UCLA,UCLA Bruins,UCLA,2774ae,f2a900,https://a.espncdn.com/i/teamlogos/ncaa/500/26.png,home,82,true,0,0,24,52.3,34,65,0,15,52.4,11,21,23,10,0,0,0,42.9,3,7,34,0,0,0,2483,s:40~l:54~t:2483,oregon-ducks,Oregon,Ducks,ORE,Oregon Ducks,Oregon,044520,fee123,https://a.espncdn.com/i/teamlogos/ncaa/500/2483.png,63
253492633,2006,2,2005-12-15,2005-12-15T19:00:00.000000-0500,2348,s:40~l:54~t:2348,louisiana-tech-lady-techsters,Louisiana Tech,Lady Techsters,LT,Louisiana Tech Lady Techsters,Louisiana Tech,002d65,d3313a,https://a.espncdn.com/i/teamlogos/ncaa/500/2348.png,away,59,false,0,0,22,40.0,20,50,0,24,66.7,14,21,5,8,0,0,0,33.3,5,15,30,0,0,0,2633,s:40~l:54~t:2633,tennessee-lady-volunteers,Tennessee,Lady Volunteers,TENN,Tennessee Lady Volunteers,Tennessee,ff8200,ffffff,https://a.espncdn.com/i/teamlogos/ncaa/500/2633_ncw.png,83
253492633,2006,2,2005-12-15,2005-12-15T19:00:00.000000-0500,2633,s:40~l:54~t:2633,tennessee-lady-volunteers,Tennessee,Lady Volunteers,TENN,Tennessee Lady Volunteers,Tennessee,ff8200,ffffff,https://a.espncdn.com/i/teamlogos/ncaa/500/2633_ncw.png,home,83,true,0,0,18,45.8,27,59,0,22,61.1,22,36,26,16,0,0,0,38.9,7,18,34,0,0,0,2348,s:40~l:54~t:2348,louisiana-tech-lady-techsters,Louisiana Tech,Lady Techsters,LT,Louisiana Tech Lady Techsters,Louisiana Tech,002d65,d3313a,https://a.espncdn.com/i/teamlogos/ncaa/500/2348.png,59
253490194,2006,2,2005-12-15,2005-12-15T19:30:00.000000-0500,99,s:40~l:54~t:99,lsu-tigers,LSU,Tigers,LSU,LSU Tigers,LSU,461d7c,fdd023,https://a.espncdn.com/i/teamlogos/ncaa/500/99.png,away,64,true,0,0,24,52.7,29,55,0,11,50.0,4,8,25,9,0,0,0,22.2,2,9,33,0,0,0,194,s:40~l:54~t:194,ohio-state-buckeyes,Ohio State,Buckeyes,OSU,Ohio State Buckeyes,Ohio State,ce1141,505056,https://a.espncdn.com/i/teamlogos/ncaa/500/194.png,48
253490194,2006,2,2005-12-15,2005-12-15T19:30:00.000000-0500,194,s:40~l:54~t:194,ohio-state-buckeyes,Ohio State,Buckeyes,OSU,Ohio State Buckeyes,Ohio State,ce1141,505056,https://a.espncdn.com/i/teamlogos/ncaa/500/194.png,home,48,false,0,0,14,34.5,19,55,0,11,50.0,5,10,2,5,0,0,0,33.3,5,15,19,0,0,0,99,s:40~l:54~t:99,lsu-tigers,LSU,Tigers,LSU,LSU Tigers,LSU,461d7c,fdd023,https://a.espncdn.com/i/teamlogos/ncaa/500/99.png,64
253450030,2006,2,2005-12-11,2005-12-11T17:30:00.000000-0500,194,s:40~l:54~t:194,ohio-state-buckeyes,Ohio State,Buckeyes,OSU,Ohio State Buckeyes,Ohio State,ce1141,505056,https://a.espncdn.com/i/teamlogos/ncaa/500/194.png,away,68,true,0,0,28,43.3,26,60,0,10,75.0,12,16,11,11,0,0,0,50.0,4,8,39,0,0,0,30,s:40~l:54~t:30,usc-trojans,USC,Trojans,USC,USC Trojans,USC,9e2237,ffcc00,https://a.espncdn.com/i/teamlogos/ncaa/500/30.png,57
253450030,2006,2,2005-12-11,2005-12-11T17:30:00.000000-0500,30,s:40~l:54~t:30,usc-trojans,USC,Trojans,USC,USC Trojans,USC,9e2237,ffcc00,https://a.espncdn.com/i/teamlogos/ncaa/500/30.png,home,57,false,0,0,20,35.5,22,62,0,16,57.1,4,7,2,10,0,0,0,39.1,9,23,30,0,0,0,194,s:40~l:54~t:194,ohio-state-buckeyes,Ohio State,Buckeyes,OSU,Ohio State Buckeyes,Ohio State,ce1141,505056,https://a.espncdn.com/i/teamlogos/ncaa/500/194.png,68
253442623,2006,2,2005-12-10,2005-12-10T14:35:00.000000-0500,201,s:40~l:54~t:201,oklahoma-sooners,Oklahoma,Sooners,OU,Oklahoma Sooners,Oklahoma,9d2235,ffffff,https://a.espncdn.com/i/teamlogos/ncaa/500/201.png,away,68,true,0,0,31,54.8,23,42,0,15,56.7,17,30,16,11,0,0,0,47.1,8,17,42,0,0,0,2623,s:40~l:54~t:2623,missouri-state-lady-bears,Missouri State,Lady Bears,MOST,Missouri State Lady Bears,Missouri St,5F0000,e8e8e8,https://a.espncdn.com/i/teamlogos/ncaa/500/2623.png,57
253442623,2006,2,2005-12-10,2005-12-10T14:35:00.000000-0500,2623,s:40~l:54~t:2623,missouri-state-lady-bears,Missouri State,Lady Bears,MOST,Missouri State Lady Bears,Missouri St,5F0000,e8e8e8,https://a.espncdn.com/i/teamlogos/ncaa/500/2623.png,home,57,false,0,0,15,33.3,20,60,0,22,75.0,9,12,2,6,0,0,0,40.0,8,20,21,0,0,0,201,s:40~l:54~t:201,oklahoma-sooners,Oklahoma,Sooners,OU,Oklahoma Sooners,Oklahoma,9d2235,ffffff,https://a.espncdn.com/i/teamlogos/ncaa/500/201.png,68
253420222,2006,2,2005-12-08,2005-12-08T20:00:00.000000-0500,41,s:40~l:54~t:41,uconn-huskies,UConn,Huskies,CONN,UConn Huskies,UConn,0c2340,f1f2f3,https://a.espncdn.com/i/teamlogos/ncaa/500/41.png,away,72,true,0,0,21,54.5,30,55,0,16,84.6,11,13,19,12,0,0,0,36.4,4,11,33,0,0,0,222,s:40~l:54~t:222,villanova-wildcats,Villanova,Wildcats,VILL,Villanova Wildcats,Villanova,00205b,13b5ea,https://a.espncdn.com/i/teamlogos/ncaa/500/222.png,56
253420222,2006,2,2005-12-08,2005-12-08T20:00:00.000000-0500,222,s:40~l:54~t:222,villanova-wildcats,Villanova,Wildcats,VILL,Villanova Wildcats,Villanova,00205b,13b5ea,https://a.espncdn.com/i/teamlogos/ncaa/500/222.png,home,56,false,0,0,11,37.5,21,56,0,16,81.8,9,11,6,9,0,0,0,26.3,5,19,20,0,0,0,41,s:40~l:54~t:41,uconn-huskies,UConn,Huskies,CONN,UConn Huskies,UConn,0c2340,f1f2f3,https://a.espncdn.com/i/teamlogos/ncaa/500/41.png,72
253390041,2006,2,2005-12-05,2005-12-05T19:30:00.000000-0500,153,s:40~l:54~t:153,north-carolina-tar-heels,North Carolina,Tar Heels,UNC,North Carolina Tar Heels,North Carolina,7bafd4,13294b,https://a.espncdn.com/i/teamlogos/ncaa/500/153.png,away,77,true,0,0,23,48.1,26,54,0,16,85.0,17,20,33,9,0,0,0,44.4,8,18,32,0,0,0,41,s:40~l:54~t:41,uconn-huskies,UConn,Huskies,CONN,UConn Huskies,UConn,0c2340,f1f2f3,https://a.espncdn.com/i/teamlogos/ncaa/500/41.png,54
253390041,2006,2,2005-12-05,2005-12-05T19:30:00.000000-0500,41,s:40~l:54~t:41,uconn-huskies,UConn,Huskies,CONN,UConn Huskies,UConn,0c2340,f1f2f3,https://a.espncdn.com/i/teamlogos/ncaa/500/41.png,home,54,false,0,0,17,40.7,22,54,0,15,29.4,5,17,1,9,0,0,0,31.3,5,16,26,0,0,0,153,s:40~l:54~t:153,north-carolina-tar-heels,North Carolina,Tar Heels,UNC,North Carolina Tar Heels,North Carolina,7bafd4,13294b,https://a.espncdn.com/i/teamlogos/ncaa/500/153.png,77
253380024,2006,2,2005-12-04,2005-12-04T15:30:00.000000-0500,2633,s:40~l:54~t:2633,tennessee-lady-volunteers,Tennessee,Lady Volunteers,TENN,Tennessee Lady Volunteers,Tennessee,ff8200,ffffff,https://a.espncdn.com/i/teamlogos/ncaa/500/2633_ncw.png,away,74,true,0,0,20,41.3,26,63,0,18,79.2,19,24,10,12,0,0,0,27.3,3,11,32,0,0,0,24,s:40~l:54~t:24,stanford-cardinal,Stanford,Cardinal,STAN,Stanford Cardinal,Stanford,8c1515,ffffff,https://a.espncdn.com/i/teamlogos/ncaa/500/24.png,67
253380024,2006,2,2005-12-04,2005-12-04T15:30:00.000000-0500,24,s:40~l:54~t:24,stanford-cardinal,Stanford,Cardinal,STAN,Stanford Cardinal,Stanford,8c1515,ffffff,https://a.espncdn.com/i/teamlogos/ncaa/500/24.png,home,67,false,0,0,21,48.1,26,54,0,21,64.7,11,17,2,6,0,0,0,25.0,4,16,27,0,0,0,2633,s:40~l:54~t:2633,tennessee-lady-volunteers,Tennessee,Lady Volunteers,TENN,Tennessee Lady Volunteers,Tennessee,ff8200,ffffff,https://a.espncdn.com/i/teamlogos/ncaa/500/2633_ncw.png,74
253380127,2006,2,2005-12-04,2005-12-04T14:00:00.000000-0500,2492,s:40~l:54~t:2492,pepperdine-waves,Pepperdine,Waves,PEPP,Pepperdine Waves,Pepperdine,003A72,dc762f,https://a.espncdn.com/i/teamlogos/ncaa/500/2492.png,away,64,false,0,0,20,38.0,19,50,0,20,81.5,22,27,2,8,0,0,0,31.6,6,19,28,0,0,0,127,s:40~l:54~t:127,michigan-state-spartans,Michigan State,Spartans,MSU,Michigan State Spartans,Michigan St,18453B,ffffff,https://a.espncdn.com/i/teamlogos/ncaa/500/127.png,82
253380127,2006,2,2005-12-04,2005-12-04T14:00:00.000000-0500,127,s:40~l:54~t:127,michigan-state-spartans,Michigan State,Spartans,MSU,Michigan State Spartans,Michigan St,18453B,ffffff,https://a.espncdn.com/i/teamlogos/ncaa/500/127.png,home,82,true,0,0,21,51.5,34,66,0,23,61.5,8,13,25,12,0,0,0,35.3,6,17,33,0,0,0,2492,s:40~l:54~t:2492,pepperdine-waves,Pepperdine,Waves,PEPP,Pepperdine Waves,Pepperdine,003A72,dc762f,https://a.espncdn.com/i/teamlogos/ncaa/500/2492.png,64
253380061,2006,2,2005-12-04,2005-12-04T14:00:00.000000-0500,59,s:40~l:54~t:59,georgia-tech-yellow-jackets,Georgia Tech,Yellow Jackets,GT,Georgia Tech Yellow Jackets,Georgia Tech,00223e,002c56,https://a.espncdn.com/i/teamlogos/ncaa/500/59.png,away,66,false,0,0,22,37.1,23,62,0,19,80.0,12,15,3,9,0,0,0,40.0,8,20,31,0,0,0,61,s:40~l:54~t:61,georgia-lady-bulldogs,Georgia,Lady Bulldogs,UGA,Georgia Lady Bulldogs,Georgia,CC0000,000000,https://a.espncdn.com/i/teamlogos/ncaa/500/61.png,72
253380061,2006,2,2005-12-04,2005-12-04T14:00:00.000000-0500,61,s:40~l:54~t:61,georgia-lady-bulldogs,Georgia,Lady Bulldogs,UGA,Georgia Lady Bulldogs,Georgia,CC0000,000000,https://a.espncdn.com/i/teamlogos/ncaa/500/61.png,home,72,true,0,0,23,47.2,25,53,0,13,81.8,18,22,10,6,0,0,0,36.4,4,11,29,0,0,0,59,s:40~l:54~t:59,georgia-tech-yellow-jackets,Georgia Tech,Yellow Jackets,GT,Georgia Tech Yellow Jackets,Georgia Tech,00223e,002c56,https://a.espncdn.com/i/teamlogos/ncaa/500/59.png,66
253352633,2006,2,2005-12-01,2005-12-01T19:00:00.000000-0500,251,s:40~l:54~t:251,texas-longhorns,Texas,Longhorns,TEX,Texas Longhorns,Texas,c15d26,ffffff,https://a.espncdn.com/i/teamlogos/ncaa/500/251.png,away,61,false,0,0,15,45.6,26,57,0,15,58.3,7,12,0,4,0,0,0,33.3,2,6,19,0,0,0,2633,s:40~l:54~t:2633,tennessee-lady-volunteers,Tennessee,Lady Volunteers,TENN,Tennessee Lady Volunteers,Tennessee,ff8200,ffffff,https://a.espncdn.com/i/teamlogos/ncaa/500/2633_ncw.png,102
253352633,2006,2,2005-12-01,2005-12-01T19:00:00.000000-0500,2633,s:40~l:54~t:2633,tennessee-lady-volunteers,Tennessee,Lady Volunteers,TENN,Tennessee Lady Volunteers,Tennessee,ff8200,ffffff,https://a.espncdn.com/i/teamlogos/ncaa/500/2633_ncw.png,home,102,true,0,0,27,54.9,39,71,0,15,81.3,13,16,41,11,0,0,0,78.6,11,14,38,0,0,0,251,s:40~l:54~t:251,texas-longhorns,Texas,Longhorns,TEX,Texas Longhorns,Texas,c15d26,ffffff,https://a.espncdn.com/i/teamlogos/ncaa/500/251.png,61
253350041,2006,2,2005-12-01,2005-12-01T19:00:00.000000-0500,42,s:40~l:54~t:42,hartford-hawks,Hartford,Hawks,HART,Hartford Hawks,Hartford,d60008,000000,https://a.espncdn.com/i/teamlogos/ncaa/500/42.png,away,47,false,0,0,20,29.5,18,61,0,16,42.1,8,19,0,13,0,0,0,16.7,3,18,33,0,0,0,41,s:40~l:54~t:41,uconn-huskies,UConn,Huskies,CONN,UConn Huskies,UConn,0c2340,f1f2f3,https://a.espncdn.com/i/teamlogos/ncaa/500/41.png,72
253350041,2006,2,2005-12-01,2005-12-01T19:00:00.000000-0500,41,s:40~l:54~t:41,uconn-huskies,UConn,Huskies,CONN,UConn Huskies,UConn,0c2340,f1f2f3,https://a.espncdn.com/i/teamlogos/ncaa/500/41.png,home,72,true,0,0,29,41.8,28,67,0,17,80.0,12,15,25,14,0,0,0,25.0,4,16,43,0,0,0,42,s:40~l:54~t:42,hartford-hawks,Hartford,Hawks,HART,Hartford Hawks,Hartford,d60008,000000,https://a.espncdn.com/i/teamlogos/ncaa/500/42.png,47
253352641,2006,2,2005-12-01,2005-12-01T20:00:00.000000-0500,16,s:40~l:54~t:16,sacramento-state-hornets,Sacramento State,Hornets,SAC,Sacramento State Hornets,Sacramento St,00573C,cdb97d,https://a.espncdn.com/i/teamlogos/ncaa/500/16.png,away,53,false,0,0,19,38.2,21,55,0,21,54.5,6,11,7,8,0,0,0,31.3,5,16,27,0,0,0,2641,s:40~l:54~t:2641,texas-tech-lady-raiders,Texas Tech,Lady Raiders,TTU,Texas Tech Lady Raiders,Texas Tech,C80025,231f20,https://a.espncdn.com/i/teamlogos/ncaa/500/2641.png,63
253352641,2006,2,2005-12-01,2005-12-01T20:00:00.000000-0500,2641,s:40~l:54~t:2641,texas-tech-lady-raiders,Texas Tech,Lady Raiders,TTU,Texas Tech Lady Raiders,Texas Tech,C80025,231f20,https://a.espncdn.com/i/teamlogos/ncaa/500/2641.png,home,63,true,0,0,28,47.1,24,51,0,10,80.0,16,20,12,6,0,0,0,8.3,1,12,34,0,0,0,16,s:40~l:54~t:16,sacramento-state-hornets,Sacramento State,Hornets,SAC,Sacramento State Hornets,Sacramento St,00573C,cdb97d,https://a.espncdn.com/i/teamlogos/ncaa/500/16.png,53
253310325,2006,2,2005-11-27,2005-11-27T17:30:00.000000-0500,41,s:40~l:54~t:41,uconn-huskies,UConn,Huskies,CONN,UConn Huskies,UConn,0c2340,f1f2f3,https://a.espncdn.com/i/teamlogos/ncaa/500/41.png,away,85,true,0,0,22,49.1,28,57,0,18,87.5,21,24,34,15,0,0,0,40.0,8,20,37,0,0,0,325,s:40~l:54~t:325,cleveland-state-vikings,Cleveland State,Vikings,CLEV,Cleveland State Vikings,Cleveland St,006633,231f20,https://a.espncdn.com/i/teamlogos/ncaa/500/325.png,51
253310325,2006,2,2005-11-27,2005-11-27T17:30:00.000000-0500,325,s:40~l:54~t:325,cleveland-state-vikings,Cleveland State,Vikings,CLEV,Cleveland State Vikings,Cleveland St,006633,231f20,https://a.espncdn.com/i/teamlogos/ncaa/500/325.png,home,51,false,0,0,10,36.5,19,52,0,19,60.0,6,10,2,8,0,0,0,31.8,7,22,18,0,0,0,41,s:40~l:54~t:41,uconn-huskies,UConn,Huskies,CONN,UConn Huskies,UConn,0c2340,f1f2f3,https://a.espncdn.com/i/teamlogos/ncaa/500/41.png,85
253310087,2006,2,2005-11-27,2005-11-27T14:00:00.000000-0500,30,s:40~l:54~t:30,usc-trojans,USC,Trojans,USC,USC Trojans,USC,9e2237,ffcc00,https://a.espncdn.com/i/teamlogos/ncaa/500/30.png,away,62,false,1,0,18,33.8,23,68,0,19,66.7,10,15,8,13,0,0,0,25.0,6,24,31,0,0,0,87,s:40~l:54~t:87,notre-dame-fighting-irish,Notre Dame,Fighting Irish,ND,Notre Dame Fighting Irish,Notre Dame,0c2340,c99700,https://a.espncdn.com/i/teamlogos/ncaa/500/87.png,73
253310087,2006,2,2005-11-27,2005-11-27T14:00:00.000000-0500,87,s:40~l:54~t:87,notre-dame-fighting-irish,Notre Dame,Fighting Irish,ND,Notre Dame Fighting Irish,Notre Dame,0c2340,c99700,https://a.espncdn.com/i/teamlogos/ncaa/500/87.png,home,73,true,0,0,24,50.0,27,54,0,10,60.7,17,28,11,8,0,0,0,41.7,5,12,32,0,0,0,30,s:40~l:54~t:30,usc-trojans,USC,Trojans,USC,USC Trojans,USC,9e2237,ffcc00,https://a.espncdn.com/i/teamlogos/ncaa/500/30.png,62
253282633,2006,2,2005-11-24,2005-11-24T20:30:00.000000-0500,127,s:40~l:54~t:127,michigan-state-spartans,Michigan State,Spartans,MSU,Michigan State Spartans,Michigan St,18453B,ffffff,https://a.espncdn.com/i/teamlogos/ncaa/500/127.png,away,55,false,0,0,24,31.8,21,66,0,17,40.0,4,10,0,12,0,0,0,40.9,9,22,36,0,0,0,2633,s:40~l:54~t:2633,tennessee-lady-volunteers,Tennessee,Lady Volunteers,TENN,Tennessee Lady Volunteers,Tennessee,ff8200,ffffff,https://a.espncdn.com/i/teamlogos/ncaa/500/2633_ncw.png,83
253282633,2006,2,2005-11-24,2005-11-24T20:30:00.000000-0500,2633,s:40~l:54~t:2633,tennessee-lady-volunteers,Tennessee,Lady Volunteers,TENN,Tennessee Lady Volunteers,Tennessee,ff8200,ffffff,https://a.espncdn.com/i/teamlogos/ncaa/500/2633_ncw.png,home,83,true,0,0,29,45.3,29,64,0,15,78.9,15,19,28,8,0,0,0,43.5,10,23,37,0,0,0,127,s:40~l:54~t:127,michigan-state-spartans,Michigan State,Spartans,MSU,Michigan State Spartans,Michigan St,18453B,ffffff,https://a.espncdn.com/i/teamlogos/ncaa/500/127.png,55
253280120,2006,2,2005-11-24,2005-11-24T18:00:00.000000-0500,2250,s:40~l:54~t:2250,gonzaga-bulldogs,Gonzaga,Bulldogs,GONZ,Gonzaga Bulldogs,Gonzaga,041e42,c8102e,https://a.espncdn.com/i/teamlogos/ncaa/500/2250.png,away,50,false,0,0,16,35.5,22,62,0,24,50.0,4,8,0,11,0,0,0,45.5,5,11,27,0,0,0,120,s:40~l:54~t:120,maryland-terrapins,Maryland,Terrapins,MD,Maryland Terrapins,Maryland,D5002B,ffcd00,https://a.espncdn.com/i/teamlogos/ncaa/500/120.png,88
253280120,2006,2,2005-11-24,2005-11-24T18:00:00.000000-0500,120,s:40~l:54~t:120,maryland-terrapins,Maryland,Terrapins,MD,Maryland Terrapins,Maryland,D5002B,ffcd00,https://a.espncdn.com/i/teamlogos/ncaa/500/120.png,home,88,true,0,0,29,46.5,33,71,0,14,59.3,16,27,40,21,0,0,0,35.3,6,17,50,0,0,0,2250,s:40~l:54~t:2250,gonzaga-bulldogs,Gonzaga,Bulldogs,GONZ,Gonzaga Bulldogs,Gonzaga,041e42,c8102e,https://a.espncdn.com/i/teamlogos/ncaa/500/2250.png,50
253250251,2006,2,2005-11-21,2005-11-21T20:00:00.000000-0500,2534,s:40~l:54~t:2534,sam-houston-bearkats,Sam Houston,Bearkats,SHSU,Sam Houston Bearkats,Sam Houston,fe5000,000000,https://a.espncdn.com/i/teamlogos/ncaa/500/2534.png,away,33,false,0,0,15,22.6,12,53,0,26,60.0,3,5,0,5,0,0,0,28.6,6,21,20,0,0,0,251,s:40~l:54~t:251,texas-longhorns,Texas,Longhorns,TEX,Texas Longhorns,Texas,c15d26,ffffff,https://a.espncdn.com/i/teamlogos/ncaa/500/251.png,83
253250251,2006,2,2005-11-21,2005-11-21T20:00:00.000000-0500,251,s:40~l:54~t:251,texas-longhorns,Texas,Longhorns,TEX,Texas Longhorns,Texas,c15d26,ffffff,https://a.espncdn.com/i/teamlogos/ncaa/500/251.png,home,83,true,0,0,31,40.3,29,72,0,14,70.6,24,34,53,26,0,0,1,7.7,1,13,57,1,0,0,2534,s:40~l:54~t:2534,sam-houston-bearkats,Sam Houston,Bearkats,SHSU,Sam Houston Bearkats,Sam Houston,fe5000,000000,https://a.espncdn.com/i/teamlogos/ncaa/500/2534.png,33
253240041,2006,2,2005-11-20,2005-11-20T14:00:00.000000-0500,201,s:40~l:54~t:201,oklahoma-sooners,Oklahoma,Sooners,OU,Oklahoma Sooners,Oklahoma,9d2235,ffffff,https://a.espncdn.com/i/teamlogos/ncaa/500/201.png,away,62,false,0,0,14,38.7,24,62,0,18,54.5,12,22,3,14,0,0,0,8.7,2,23,28,0,0,0,41,s:40~l:54~t:41,uconn-huskies,UConn,Huskies,CONN,UConn Huskies,UConn,0c2340,f1f2f3,https://a.espncdn.com/i/teamlogos/ncaa/500/41.png,82
253240041,2006,2,2005-11-20,2005-11-20T14:00:00.000000-0500,41,s:40~l:54~t:41,uconn-huskies,UConn,Huskies,CONN,UConn Huskies,UConn,0c2340,f1f2f3,https://a.espncdn.com/i/teamlogos/ncaa/500/41.png,home,82,true,0,0,23,58.6,34,58,0,22,71.4,10,14,28,8,0,0,0,53.8,7,13,31,0,0,0,201,s:40~l:54~t:201,oklahoma-sooners,Oklahoma,Sooners,OU,Oklahoma Sooners,Oklahoma,9d2235,ffffff,https://a.espncdn.com/i/teamlogos/ncaa/500/201.png,62
253220239,2006,2,2005-11-18,2005-11-18T20:00:00.000000-0500,26,s:40~l:54~t:26,ucla-bruins,UCLA,Bruins,UCLA,UCLA Bruins,UCLA,2774ae,f2a900,https://a.espncdn.com/i/teamlogos/ncaa/500/26.png,away,85,false,0,0,23,44.4,32,72,0,27,80.0,12,15,2,6,0,0,0,45.0,9,20,29,0,0,0,239,s:40~l:54~t:239,baylor-bears,Baylor,Bears,BAY,Baylor Bears,Baylor,154734,ffb81c,https://a.espncdn.com/i/teamlogos/ncaa/500/239.png,93
253220239,2006,2,2005-11-18,2005-11-18T20:00:00.000000-0500,239,s:40~l:54~t:239,baylor-bears,Baylor,Bears,BAY,Baylor Bears,Baylor,154734,ffb81c,https://a.espncdn.com/i/teamlogos/ncaa/500/239.png,home,93,true,0,0,26,48.5,32,66,0,18,62.9,22,35,14,9,0,0,0,35.0,7,20,35,0,0,0,26,s:40~l:54~t:26,ucla-bruins,UCLA,Bruins,UCLA,UCLA Bruins,UCLA,2774ae,f2a900,https://a.espncdn.com/i/teamlogos/ncaa/500/26.png,85
253210041,2006,2,2005-11-17,2005-11-17T19:30:00.000000-0500,103,s:40~l:54~t:103,boston-college-eagles,Boston College,Eagles,BC,Boston College Eagles,Boston College,8c2232,dbcca6,https://a.espncdn.com/i/teamlogos/ncaa/500/103.png,away,46,false,0,0,19,34.0,18,53,0,19,87.5,7,8,6,10,0,0,0,18.8,3,16,29,0,0,0,41,s:40~l:54~t:41,uconn-huskies,UConn,Huskies,CONN,UConn Huskies,UConn,0c2340,f1f2f3,https://a.espncdn.com/i/teamlogos/ncaa/500/41.png,60
253210041,2006,2,2005-11-17,2005-11-17T19:30:00.000000-0500,41,s:40~l:54~t:41,uconn-huskies,UConn,Huskies,CONN,UConn Huskies,UConn,0c2340,f1f2f3,https://a.espncdn.com/i/teamlogos/ncaa/500/41.png,home,60,true,0,0,19,46.9,23,49,0,13,68.4,13,19,16,6,0,0,0,20.0,1,5,25,0,0,0,103,s:40~l:54~t:103,boston-college-eagles,Boston College,Eagles,BC,Boston College Eagles,Boston College,8c2232,dbcca6,https://a.espncdn.com/i/teamlogos/ncaa/500/103.png,46
253180041,2006,2,2005-11-14,2005-11-14T19:30:00.000000-0500,282,s:40~l:54~t:282,indiana-state-sycamores,Indiana State,Sycamores,INST,Indiana State Sycamores,Indiana St,00669a,f0f0f0,https://a.espncdn.com/i/teamlogos/ncaa/500/282.png,away,43,false,0,0,16,28.3,15,53,0,20,68.8,11,16,0,7,0,0,0,17.4,4,23,23,0,0,0,41,s:40~l:54~t:41,uconn-huskies,UConn,Huskies,CONN,UConn Huskies,UConn,0c2340,f1f2f3,https://a.espncdn.com/i/teamlogos/ncaa/500/41.png,86
253180041,2006,2,2005-11-14,2005-11-14T19:30:00.000000-0500,41,s:40~l:54~t:41,uconn-huskies,UConn,Huskies,CONN,UConn Huskies,UConn,0c2340,f1f2f3,https://a.espncdn.com/i/teamlogos/ncaa/500/41.png,home,86,true,1,0,25,52.4,33,63,0,16,73.7,14,19,45,18,0,0,0,45.0,9,20,43,0,0,0,282,s:40~l:54~t:282,indiana-state-sycamores,Indiana State,Sycamores,INST,Indiana State Sycamores,Indiana St,00669a,f0f0f0,https://a.espncdn.com/i/teamlogos/ncaa/500/282.png,43
253172641,2006,2,2005-11-13,2005-11-13T15:30:00.000000-0500,99,s:40~l:54~t:99,lsu-tigers,LSU,Tigers,LSU,LSU Tigers,LSU,461d7c,fdd023,https://a.espncdn.com/i/teamlogos/ncaa/500/99.png,away,76,true,0,0,28,42.6,26,61,0,14,61.3,19,31,10,12,0,0,0,38.5,5,13,40,0,0,0,2641,s:40~l:54~t:2641,texas-tech-lady-raiders,Texas Tech,Lady Raiders,TTU,Texas Tech Lady Raiders,Texas Tech,C80025,231f20,https://a.espncdn.com/i/teamlogos/ncaa/500/2641.png,68
253172641,2006,2,2005-11-13,2005-11-13T15:30:00.000000-0500,2641,s:40~l:54~t:2641,texas-tech-lady-raiders,Texas Tech,Lady Raiders,TTU,Texas Tech Lady Raiders,Texas Tech,C80025,231f20,https://a.espncdn.com/i/teamlogos/ncaa/500/2641.png,home,68,false,0,0,21,41.2,28,68,0,21,80.0,8,10,8,6,0,0,0,21.1,4,19,27,0,0,0,99,s:40~l:54~t:99,lsu-tigers,LSU,Tigers,LSU,LSU Tigers,LSU,461d7c,fdd023,https://a.espncdn.com/i/teamlogos/ncaa/500/99.png,76
253170239,2006,2,2005-11-13,2005-11-13T13:00:00.000000-0500,61,s:40~l:54~t:61,georgia-lady-bulldogs,Georgia,Lady Bulldogs,UGA,Georgia Lady Bulldogs,Georgia,CC0000,000000,https://a.espncdn.com/i/teamlogos/ncaa/500/61.png,away,72,false,0,0,15,50.0,18,36,0,10,75.0,9,12,18,7,0,0,0,42.9,6,14,22,0,0,0,239,s:40~l:54~t:239,baylor-bears,Baylor,Bears,BAY,Baylor Bears,Baylor,154734,ffb81c,https://a.espncdn.com/i/teamlogos/ncaa/500/239.png,84
253170239,2006,2,2005-11-13,2005-11-13T13:00:00.000000-0500,239,s:40~l:54~t:239,baylor-bears,Baylor,Bears,BAY,Baylor Bears,Baylor,154734,ffb81c,https://a.espncdn.com/i/teamlogos/ncaa/500/239.png,home,84,true,0,0,9,41.2,14,34,0,9,53.8,7,13,12,7,0,0,0,22.2,2,9,16,0,0,0,61,s:40~l:54~t:61,georgia-lady-bulldogs,Georgia,Lady Bulldogs,UGA,Georgia Lady Bulldogs,Georgia,CC0000,000000,https://a.espncdn.com/i/teamlogos/ncaa/500/61.png,72
