game_id,season,season_type,game_date,game_date_time,team_id,team_uid,team_slug,team_location,team_name,team_abbreviation,team_display_name,team_short_display_name,team_color,team_alternate_color,team_logo,team_home_away,team_score,team_winner,assists,blocks,defensive_rebounds,field_goal_pct,field_goals_made,field_goals_attempted,flagrant_fouls,fouls,free_throw_pct,free_throws_made,free_throws_attempted,largest_lead,offensive_rebounds,steals,team_turnovers,technical_fouls,three_point_field_goal_pct,three_point_field_goals_made,three_point_field_goals_attempted,total_rebounds,total_technical_fouls,total_turnovers,turnovers,opponent_team_id,opponent_team_uid,opponent_team_slug,opponent_team_location,opponent_team_name,opponent_team_abbreviation,opponent_team_display_name,opponent_team_short_display_name,opponent_team_color,opponent_team_alternate_color,opponent_team_logo,opponent_team_score
254000063,2005,3,2005-04-05,2005-04-05T20:30:00.000000-0400,239,s:40~l:54~t:239,baylor-bears,Baylor,Bears,BAY,Baylor Bears,Baylor,154734,ffb81c,https://a.espncdn.com/i/teamlogos/ncaa/500/239.png,away,84,true,0,0,24,52.6,30,57,0,12,69.2,18,26,23,10,0,0,0,50.0,6,12,34,0,0,0,127,s:40~l:54~t:127,michigan-state-spartans,Michigan State,Spartans,MSU,Michigan State Spartans,Michigan St,18453B,ffffff,https://a.espncdn.com/i/teamlogos/ncaa/500/127.png,62
254000063,2005,3,2005-04-05,2005-04-05T20:30:00.000000-0400,127,s:40~l:54~t:127,michigan-state-spartans,Michigan State,Spartans,MSU,Michigan State Spartans,Michigan St,18453B,ffffff,https://a.espncdn.com/i/teamlogos/ncaa/500/127.png,home,62,false,0,0,16,40.0,22,55,0,19,73.7,14,19,2,4,0,0,0,22.2,4,18,20,0,0,0,239,s:40~l:54~t:239,baylor-bears,Baylor,Bears,BAY,Baylor Bears,Baylor,154734,ffb81c,https://a.espncdn.com/i/teamlogos/ncaa/500/239.png,84
254000031,2005,3,2005-04-03,2005-04-03T19:00:00.000000-0400,239,s:40~l:54~t:239,baylor-bears,Baylor,Bears,BAY,Baylor Bears,Baylor,154734,ffb81c,https://a.espncdn.com/i/teamlogos/ncaa/500/239.png,away,68,true,0,0,24,42.9,24,56,0,11,85.7,18,21,11,7,0,0,0,22.2,2,9,31,0,0,0,99,s:40~l:54~t:99,lsu-tigers,LSU,Tigers,LSU,LSU Tigers,LSU,461d7c,fdd023,https://a.espncdn.com/i/teamlogos/ncaa/500/99.png,57
254000031,2005,3,2005-04-03,2005-04-03T19:00:00.000000-0400,99,s:40~l:54~t:99,lsu-tigers,LSU,Tigers,LSU,LSU Tigers,LSU,461d7c,fdd023,https://a.espncdn.com/i/teamlogos/ncaa/500/99.png,home,57,false,0,0,24,39.7,23,58,0,19,61.5,8,13,15,7,0,0,0,27.3,3,11,31,0,0,0,239,s:40~l:54~t:239,baylor-bears,Baylor,Bears,BAY,Baylor Bears,Baylor,154734,ffb81c,https://a.espncdn.com/i/teamlogos/ncaa/500/239.png,68
254000062,2005,3,2005-04-03,2005-04-03T21:30:00.000000-0400,127,s:40~l:54~t:127,michigan-state-spartans,Michigan State,Spartans,MSU,Michigan State Spartans,Michigan St,18453B,ffffff,https://a.espncdn.com/i/teamlogos/ncaa/500/127.png,away,68,true,0,0,23,42.6,26,61,0,10,81.8,9,11,8,8,0,0,0,41.2,7,17,31,0,0,0,2633,s:40~l:54~t:2633,tennessee-lady-volunteers,Tennessee,Lady Volunteers,TENN,Tennessee Lady Volunteers,Tennessee,ff8200,ffffff,https://a.espncdn.com/i/teamlogos/ncaa/500/2633_ncw.png,64
254000062,2005,3,2005-04-03,2005-04-03T21:30:00.000000-0400,2633,s:40~l:54~t:2633,tennessee-lady-volunteers,Tennessee,Lady Volunteers,TENN,Tennessee Lady Volunteers,Tennessee,ff8200,ffffff,https://a.espncdn.com/i/teamlogos/ncaa/500/2633_ncw.png,home,64,false,0,0,23,41.2,28,68,0,16,38.5,5,13,16,18,0,0,0,33.3,3,9,41,0,0,0,127,s:40~l:54~t:127,michigan-state-spartans,Michigan State,Spartans,MSU,Michigan State Spartans,Michigan St,18453B,ffffff,https://a.espncdn.com/i/teamlogos/ncaa/500/127.png,68
254000046,2005,3,2005-03-29,2005-03-29T19:00:00.000000-0500,24,s:40~l:54~t:24,stanford-cardinal,Stanford,Cardinal,STAN,Stanford Cardinal,Stanford,8c1515,ffffff,https://a.espncdn.com/i/teamlogos/ncaa/500/24.png,away,69,false,0,0,25,46.6,27,58,0,15,87.5,7,8,3,3,0,0,0,33.3,8,24,28,0,0,0,127,s:40~l:54~t:127,michigan-state-spartans,Michigan State,Spartans,MSU,Michigan State Spartans,Michigan St,18453B,ffffff,https://a.espncdn.com/i/teamlogos/ncaa/500/127.png,76
254000046,2005,3,2005-03-29,2005-03-29T19:00:00.000000-0500,127,s:40~l:54~t:127,michigan-state-spartans,Michigan State,Spartans,MSU,Michigan State Spartans,Michigan St,18453B,ffffff,https://a.espncdn.com/i/teamlogos/ncaa/500/127.png,home,76,true,0,0,25,39.7,27,68,0,14,77.8,14,18,13,12,0,0,0,57.1,8,14,37,0,0,0,24,s:40~l:54~t:24,stanford-cardinal,Stanford,Cardinal,STAN,Stanford Cardinal,Stanford,8c1515,ffffff,https://a.espncdn.com/i/teamlogos/ncaa/500/24.png,69
254000030,2005,3,2005-03-29,2005-03-29T21:00:00.000000-0500,164,s:40~l:54~t:164,rutgers-scarlet-knights,Rutgers,Scarlet Knights,RUTG,Rutgers Scarlet Knights,Rutgers,d21034,ffffff,https://a.espncdn.com/i/teamlogos/ncaa/500/164.png,away,49,false,0,0,16,38.0,19,50,0,27,61.5,8,13,4,8,0,0,0,30.0,6,20,24,0,0,0,2633,s:40~l:54~t:2633,tennessee-lady-volunteers,Tennessee,Lady Volunteers,TENN,Tennessee Lady Volunteers,Tennessee,ff8200,ffffff,https://a.espncdn.com/i/teamlogos/ncaa/500/2633_ncw.png,59
254000030,2005,3,2005-03-29,2005-03-29T21:00:00.000000-0500,2633,s:40~l:54~t:2633,tennessee-lady-volunteers,Tennessee,Lady Volunteers,TENN,Tennessee Lady Volunteers,Tennessee,ff8200,ffffff,https://a.espncdn.com/i/teamlogos/ncaa/500/2633_ncw.png,home,59,true,0,0,24,31.0,13,42,0,14,82.9,29,35,10,11,0,0,0,44.4,4,9,35,0,0,0,164,s:40~l:54~t:164,rutgers-scarlet-knights,Rutgers,Scarlet Knights,RUTG,Rutgers Scarlet Knights,Rutgers,d21034,ffffff,https://a.espncdn.com/i/teamlogos/ncaa/500/164.png,49
254000015,2005,3,2005-03-28,2005-03-28T19:00:00.000000-0500,239,s:40~l:54~t:239,baylor-bears,Baylor,Bears,BAY,Baylor Bears,Baylor,154734,ffb81c,https://a.espncdn.com/i/teamlogos/ncaa/500/239.png,away,72,true,0,0,29,44.2,23,52,0,17,64.5,20,31,19,11,0,0,0,37.5,6,16,40,0,0,0,153,s:40~l:54~t:153,north-carolina-tar-heels,North Carolina,Tar Heels,UNC,North Carolina Tar Heels,North Carolina,7bafd4,13294b,https://a.espncdn.com/i/teamlogos/ncaa/500/153.png,63
254000015,2005,3,2005-03-28,2005-03-28T19:00:00.000000-0500,153,s:40~l:54~t:153,north-carolina-tar-heels,North Carolina,Tar Heels,UNC,North Carolina Tar Heels,North Carolina,7bafd4,13294b,https://a.espncdn.com/i/teamlogos/ncaa/500/153.png,home,63,false,0,0,26,32.9,23,70,0,25,66.7,12,18,2,12,0,0,0,23.8,5,21,38,0,0,0,239,s:40~l:54~t:239,baylor-bears,Baylor,Bears,BAY,Baylor Bears,Baylor,154734,ffb81c,https://a.espncdn.com/i/teamlogos/ncaa/500/239.png,72
254000061,2005,3,2005-03-28,2005-03-28T21:00:00.000000-0500,150,s:40~l:54~t:150,duke-blue-devils,Duke,Blue Devils,DUKE,Duke Blue Devils,Duke,013088,ffffff,https://a.espncdn.com/i/teamlogos/ncaa/500/150.png,away,49,false,0,0,19,35.8,19,53,0,20,81.8,9,11,12,3,0,0,0,15.4,2,13,22,0,0,0,99,s:40~l:54~t:99,lsu-tigers,LSU,Tigers,LSU,LSU Tigers,LSU,461d7c,fdd023,https://a.espncdn.com/i/teamlogos/ncaa/500/99.png,59
254000061,2005,3,2005-03-28,2005-03-28T21:00:00.000000-0500,99,s:40~l:54~t:99,lsu-tigers,LSU,Tigers,LSU,LSU Tigers,LSU,461d7c,fdd023,https://a.espncdn.com/i/teamlogos/ncaa/500/99.png,home,59,true,0,0,21,43.4,23,53,0,15,60.0,12,20,10,10,0,0,0,20.0,1,5,31,0,0,0,150,s:40~l:54~t:150,duke-blue-devils,Duke,Blue Devils,DUKE,Duke Blue Devils,Duke,013088,ffffff,https://a.espncdn.com/i/teamlogos/ncaa/500/150.png,49
254000022,2005,3,2005-03-27,2005-03-27T12:00:00.000000-0500,2641,s:40~l:54~t:2641,texas-tech-lady-raiders,Texas Tech,Lady Raiders,TTU,Texas Tech Lady Raiders,Texas Tech,C80025,231f20,https://a.espncdn.com/i/teamlogos/ncaa/500/2641.png,away,59,false,0,0,15,33.3,20,60,0,19,69.6,16,23,0,12,0,0,0,23.1,3,13,27,0,0,0,2633,s:40~l:54~t:2633,tennessee-lady-volunteers,Tennessee,Lady Volunteers,TENN,Tennessee Lady Volunteers,Tennessee,ff8200,ffffff,https://a.espncdn.com/i/teamlogos/ncaa/500/2633_ncw.png,75
254000022,2005,3,2005-03-27,2005-03-27T12:00:00.000000-0500,2633,s:40~l:54~t:2633,tennessee-lady-volunteers,Tennessee,Lady Volunteers,TENN,Tennessee Lady Volunteers,Tennessee,ff8200,ffffff,https://a.espncdn.com/i/teamlogos/ncaa/500/2633_ncw.png,home,75,true,0,0,30,44.1,26,59,0,20,84.6,22,26,20,11,0,0,0,10.0,1,10,41,0,0,0,2641,s:40~l:54~t:2641,texas-tech-lady-raiders,Texas Tech,Lady Raiders,TTU,Texas Tech Lady Raiders,Texas Tech,C80025,231f20,https://a.espncdn.com/i/teamlogos/ncaa/500/2641.png,59
254000029,2005,3,2005-03-27,2005-03-27T14:30:00.000000-0500,164,s:40~l:54~t:164,rutgers-scarlet-knights,Rutgers,Scarlet Knights,RUTG,Rutgers Scarlet Knights,Rutgers,d21034,ffffff,https://a.espncdn.com/i/teamlogos/ncaa/500/164.png,away,64,true,0,0,14,41.4,24,58,0,17,76.5,13,17,10,15,0,0,0,30.0,3,10,29,0,0,0,194,s:40~l:54~t:194,ohio-state-buckeyes,Ohio State,Buckeyes,OSU,Ohio State Buckeyes,Ohio State,ce1141,505056,https://a.espncdn.com/i/teamlogos/ncaa/500/194.png,58
254000029,2005,3,2005-03-27,2005-03-27T14:30:00.000000-0500,194,s:40~l:54~t:194,ohio-state-buckeyes,Ohio State,Buckeyes,OSU,Ohio State Buckeyes,Ohio State,ce1141,505056,https://a.espncdn.com/i/teamlogos/ncaa/500/194.png,home,58,false,0,0,19,40.4,19,47,0,18,76.2,16,21,8,10,0,0,0,23.5,4,17,29,0,0,0,164,s:40~l:54~t:164,rutgers-scarlet-knights,Rutgers,Scarlet Knights,RUTG,Rutgers Scarlet Knights,Rutgers,d21034,ffffff,https://a.espncdn.com/i/teamlogos/ncaa/500/164.png,64
254000038,2005,3,2005-03-27,2005-03-27T19:30:00.000000-0500,238,s:40~l:54~t:238,vanderbilt-commodores,Vanderbilt,Commodores,VAN,Vanderbilt Commodores,Vanderbilt,000000,231f20,https://a.espncdn.com/i/teamlogos/ncaa/500/238.png,away,64,false,0,0,16,46.3,25,54,0,15,77.8,7,9,10,4,0,0,0,36.8,7,19,20,0,0,0,127,s:40~l:54~t:127,michigan-state-spartans,Michigan State,Spartans,MSU,Michigan State Spartans,Michigan St,18453B,ffffff,https://a.espncdn.com/i/teamlogos/ncaa/500/127.png,76
254000038,2005,3,2005-03-27,2005-03-27T19:30:00.000000-0500,127,s:40~l:54~t:127,michigan-state-spartans,Michigan State,Spartans,MSU,Michigan State Spartans,Michigan St,18453B,ffffff,https://a.espncdn.com/i/teamlogos/ncaa/500/127.png,home,76,true,0,0,22,53.6,30,56,0,8,69.2,9,13,13,13,0,0,0,41.2,7,17,35,0,0,0,238,s:40~l:54~t:238,vanderbilt-commodores,Vanderbilt,Commodores,VAN,Vanderbilt Commodores,Vanderbilt,000000,231f20,https://a.espncdn.com/i/teamlogos/ncaa/500/238.png,64
254000045,2005,3,2005-03-27,2005-03-27T22:00:00.000000-0500,41,s:40~l:54~t:41,uconn-huskies,UConn,Huskies,CONN,UConn Huskies,UConn,0c2340,f1f2f3,https://a.espncdn.com/i/teamlogos/ncaa/500/41.png,away,59,false,0,0,25,34.3,23,67,0,19,81.8,9,11,6,11,0,0,0,22.2,6,27,36,0,0,0,24,s:40~l:54~t:24,stanford-cardinal,Stanford,Cardinal,STAN,Stanford Cardinal,Stanford,8c1515,ffffff,https://a.espncdn.com/i/teamlogos/ncaa/500/24.png,76
254000045,2005,3,2005-03-27,2005-03-27T22:00:00.000000-0500,24,s:40~l:54~t:24,stanford-cardinal,Stanford,Cardinal,STAN,Stanford Cardinal,Stanford,8c1515,ffffff,https://a.espncdn.com/i/teamlogos/ncaa/500/24.png,home,76,true,0,0,28,46.4,26,56,0,12,81.0,17,21,17,6,0,0,0,43.8,7,16,34,0,0,0,41,s:40~l:54~t:41,uconn-huskies,UConn,Huskies,CONN,UConn Huskies,UConn,0c2340,f1f2f3,https://a.espncdn.com/i/teamlogos/ncaa/500/41.png,59
254000053,2005,3,2005-03-26,2005-03-26T12:00:00.000000-0500,2335,s:40~l:54~t:2335,liberty-flames,Liberty,Flames,LIB,Liberty Flames,Liberty,071740,a61f21,https://a.espncdn.com/i/teamlogos/ncaa/500/2335.png,away,48,false,0,0,18,33.3,18,54,0,14,61.5,8,13,0,11,0,0,0,33.3,4,12,29,0,0,0,99,s:40~l:54~t:99,lsu-tigers,LSU,Tigers,LSU,LSU Tigers,LSU,461d7c,fdd023,https://a.espncdn.com/i/teamlogos/ncaa/500/99.png,90
254000053,2005,3,2005-03-26,2005-03-26T12:00:00.000000-0500,99,s:40~l:54~t:99,lsu-tigers,LSU,Tigers,LSU,LSU Tigers,LSU,461d7c,fdd023,https://a.espncdn.com/i/teamlogos/ncaa/500/99.png,home,90,true,0,0,24,56.9,37,65,0,15,76.9,10,13,44,6,0,0,0,42.9,6,14,30,0,0,0,2335,s:40~l:54~t:2335,liberty-flames,Liberty,Flames,LIB,Liberty Flames,Liberty,071740,a61f21,https://a.espncdn.com/i/teamlogos/ncaa/500/2335.png,48
254000060,2005,3,2005-03-26,2005-03-26T14:30:00.000000-0500,61,s:40~l:54~t:61,georgia-lady-bulldogs,Georgia,Lady Bulldogs,UGA,Georgia Lady Bulldogs,Georgia,CC0000,000000,https://a.espncdn.com/i/teamlogos/ncaa/500/61.png,away,57,false,0,0,23,37.0,20,54,0,20,66.7,10,15,4,6,0,0,0,36.8,7,19,29,0,0,0,150,s:40~l:54~t:150,duke-blue-devils,Duke,Blue Devils,DUKE,Duke Blue Devils,Duke,013088,ffffff,https://a.espncdn.com/i/teamlogos/ncaa/500/150.png,63
254000060,2005,3,2005-03-26,2005-03-26T14:30:00.000000-0500,150,s:40~l:54~t:150,duke-blue-devils,Duke,Blue Devils,DUKE,Duke Blue Devils,Duke,013088,ffffff,https://a.espncdn.com/i/teamlogos/ncaa/500/150.png,home,63,true,0,0,28,37.9,22,58,0,20,85.0,17,20,6,13,0,0,0,33.3,2,6,41,0,0,0,61,s:40~l:54~t:61,georgia-lady-bulldogs,Georgia,Lady Bulldogs,UGA,Georgia Lady Bulldogs,Georgia,CC0000,000000,https://a.espncdn.com/i/teamlogos/ncaa/500/61.png,57
254000014,2005,3,2005-03-26,2005-03-26T21:00:00.000000-0500,135,s:40~l:54~t:135,minnesota-golden-gophers,Minnesota,Golden Gophers,MINN,Minnesota Golden Gophers,Minnesota,981a31,981a31,https://a.espncdn.com/i/teamlogos/ncaa/500/135.png,away,57,false,0,0,24,44.9,22,49,0,17,72.7,8,11,1,8,0,0,1,41.7,5,12,32,1,0,0,239,s:40~l:54~t:239,baylor-bears,Baylor,Bears,BAY,Baylor Bears,Baylor,154734,ffb81c,https://a.espncdn.com/i/teamlogos/ncaa/500/239.png,64
254000014,2005,3,2005-03-26,2005-03-26T21:00:00.000000-0500,239,s:40~l:54~t:239,baylor-bears,Baylor,Bears,BAY,Baylor Bears,Baylor,154734,ffb81c,https://a.espncdn.com/i/teamlogos/ncaa/500/239.png,home,64,true,0,0,16,45.8,27,59,0,13,47.1,8,17,10,11,0,0,1,15.4,2,13,27,1,0,0,135,s:40~l:54~t:135,minnesota-golden-gophers,Minnesota,Golden Gophers,MINN,Minnesota Golden Gophers,Minnesota,981a31,981a31,https://a.espncdn.com/i/teamlogos/ncaa/500/135.png,57
254000007,2005,3,2005-03-26,2005-03-26T23:30:00.000000-0500,9,s:40~l:54~t:9,arizona-state-sun-devils,Arizona State,Sun Devils,ASU,Arizona State Sun Devils,Arizona State,942139,f1f2f3,https://a.espncdn.com/i/teamlogos/ncaa/500/9.png,away,72,false,0,0,20,39.1,25,64,0,25,88.9,16,18,10,9,0,0,0,35.3,6,17,29,0,0,0,153,s:40~l:54~t:153,north-carolina-tar-heels,North Carolina,Tar Heels,UNC,North Carolina Tar Heels,North Carolina,7bafd4,13294b,https://a.espncdn.com/i/teamlogos/ncaa/500/153.png,79
254000007,2005,3,2005-03-26,2005-03-26T23:30:00.000000-0500,153,s:40~l:54~t:153,north-carolina-tar-heels,North Carolina,Tar Heels,UNC,North Carolina Tar Heels,North Carolina,7bafd4,13294b,https://a.espncdn.com/i/teamlogos/ncaa/500/153.png,home,79,true,0,0,24,43.5,27,62,0,17,69.7,23,33,9,16,0,0,0,20.0,2,10,40,0,0,0,9,s:40~l:54~t:9,arizona-state-sun-devils,Arizona State,Sun Devils,ASU,Arizona State Sun Devils,Arizona State,942139,f1f2f3,https://a.espncdn.com/i/teamlogos/ncaa/500/9.png,72
254000052,2005,3,2005-03-22,2005-03-22T19:00:00.000000-0500,2335,s:40~l:54~t:2335,liberty-flames,Liberty,Flames,LIB,Liberty Flames,Liberty,071740,a61f21,https://a.espncdn.com/i/teamlogos/ncaa/500/2335.png,away,88,true,0,0,24,56.1,32,57,0,13,100.0,21,21,12,9,0,0,0,27.3,3,11,33,0,0,0,305,s:40~l:54~t:305,depaul-blue-demons,DePaul,Blue Demons,DEP,DePaul Blue Demons,DePaul,2d649c,ce1125,https://a.espncdn.com/i/teamlogos/ncaa/500/305.png,79
254000052,2005,3,2005-03-22,2005-03-22T19:00:00.000000-0500,305,s:40~l:54~t:305,depaul-blue-demons,DePaul,Blue Demons,DEP,DePaul Blue Demons,DePaul,2d649c,ce1125,https://a.espncdn.com/i/teamlogos/ncaa/500/305.png,home,79,false,0,0,8,34.6,28,81,0,20,72.2,13,18,6,25,0,0,0,35.7,10,28,33,0,0,0,2335,s:40~l:54~t:2335,liberty-flames,Liberty,Flames,LIB,Liberty Flames,Liberty,071740,a61f21,https://a.espncdn.com/i/teamlogos/ncaa/500/2335.png,88
254000049,2005,3,2005-03-22,2005-03-22T19:00:00.000000-0500,12,s:40~l:54~t:12,arizona-wildcats,Arizona,Wildcats,ARIZ,Arizona Wildcats,Arizona,0c234b,ab0520,https://a.espncdn.com/i/teamlogos/ncaa/500/12.png,away,43,false,0,0,21,25.8,16,62,0,11,66.7,10,15,0,14,0,0,0,10.0,1,10,35,0,0,0,99,s:40~l:54~t:99,lsu-tigers,LSU,Tigers,LSU,LSU Tigers,LSU,461d7c,fdd023,https://a.espncdn.com/i/teamlogos/ncaa/500/99.png,76
254000049,2005,3,2005-03-22,2005-03-22T19:00:00.000000-0500,99,s:40~l:54~t:99,lsu-tigers,LSU,Tigers,LSU,LSU Tigers,LSU,461d7c,fdd023,https://a.espncdn.com/i/teamlogos/ncaa/500/99.png,home,76,true,0,0,27,44.1,30,68,0,12,81.8,9,11,40,16,0,0,0,43.8,7,16,43,0,0,0,12,s:40~l:54~t:12,arizona-wildcats,Arizona,Wildcats,ARIZ,Arizona Wildcats,Arizona,0c234b,ab0520,https://a.espncdn.com/i/teamlogos/ncaa/500/12.png,43
254000041,2005,3,2005-03-22,2005-03-22T19:00:00.000000-0500,52,s:40~l:54~t:52,florida-state-seminoles,Florida State,Seminoles,FSU,Florida State Seminoles,Florida St,782F40,ceb888,https://a.espncdn.com/i/teamlogos/ncaa/500/52.png,away,52,false,0,0,21,36.0,18,50,0,17,72.2,13,18,4,6,0,0,0,23.1,3,13,27,0,0,0,41,s:40~l:54~t:41,uconn-huskies,UConn,Huskies,CONN,UConn Huskies,UConn,0c2340,f1f2f3,https://a.espncdn.com/i/teamlogos/ncaa/500/41.png,70
254000041,2005,3,2005-03-22,2005-03-22T19:00:00.000000-0500,41,s:40~l:54~t:41,uconn-huskies,UConn,Huskies,CONN,UConn Huskies,UConn,0c2340,f1f2f3,https://a.espncdn.com/i/teamlogos/ncaa/500/41.png,home,70,true,0,0,22,42.1,24,57,0,13,85.0,17,20,25,11,0,0,0,31.3,5,16,33,0,0,0,52,s:40~l:54~t:52,florida-state-seminoles,Florida State,Seminoles,FSU,Florida State Seminoles,Florida St,782F40,ceb888,https://a.espncdn.com/i/teamlogos/ncaa/500/52.png,52
254000003,2005,3,2005-03-22,2005-03-22T19:00:00.000000-0500,45,s:40~l:54~t:45,george-washington-colonials,George Washington,Colonials,GW,George Washington Colonials,G Washington,002843,e8d2a1,https://a.espncdn.com/i/teamlogos/ncaa/500/45.png,away,47,false,0,0,17,25.4,15,59,0,22,53.3,16,30,4,15,0,0,1,12.5,1,8,32,1,0,0,153,s:40~l:54~t:153,north-carolina-tar-heels,North Carolina,Tar Heels,UNC,North Carolina Tar Heels,North Carolina,7bafd4,13294b,https://a.espncdn.com/i/teamlogos/ncaa/500/153.png,71
254000003,2005,3,2005-03-22,2005-03-22T19:00:00.000000-0500,153,s:40~l:54~t:153,north-carolina-tar-heels,North Carolina,Tar Heels,UNC,North Carolina Tar Heels,North Carolina,7bafd4,13294b,https://a.espncdn.com/i/teamlogos/ncaa/500/153.png,home,71,true,0,0,28,46.3,25,54,0,23,59.3,16,27,30,9,0,0,2,38.5,5,13,37,2,0,0,45,s:40~l:54~t:45,george-washington-colonials,George Washington,Colonials,GW,George Washington Colonials,G Washington,002843,e8d2a1,https://a.espncdn.com/i/teamlogos/ncaa/500/45.png,47
254000059,2005,3,2005-03-22,2005-03-22T21:30:00.000000-0500,103,s:40~l:54~t:103,boston-college-eagles,Boston College,Eagles,BC,Boston College Eagles,Boston College,8c2232,dbcca6,https://a.espncdn.com/i/teamlogos/ncaa/500/103.png,away,65,false,0,0,21,50.9,28,55,0,16,28.6,2,7,1,7,0,0,0,58.3,7,12,28,0,0,0,150,s:40~l:54~t:150,duke-blue-devils,Duke,Blue Devils,DUKE,Duke Blue Devils,Duke,013088,ffffff,https://a.espncdn.com/i/teamlogos/ncaa/500/150.png,70
254000059,2005,3,2005-03-22,2005-03-22T21:30:00.000000-0500,150,s:40~l:54~t:150,duke-blue-devils,Duke,Blue Devils,DUKE,Duke Blue Devils,Duke,013088,ffffff,https://a.espncdn.com/i/teamlogos/ncaa/500/150.png,home,70,true,0,0,20,41.7,25,60,0,12,77.3,17,22,10,14,0,0,0,42.9,3,7,34,0,0,0,103,s:40~l:54~t:103,boston-college-eagles,Boston College,Eagles,BC,Boston College Eagles,Boston College,8c2232,dbcca6,https://a.espncdn.com/i/teamlogos/ncaa/500/103.png,65
254000028,2005,3,2005-03-22,2005-03-22T21:30:00.000000-0500,120,s:40~l:54~t:120,maryland-terrapins,Maryland,Terrapins,MD,Maryland Terrapins,Maryland,D5002B,ffcd00,https://a.espncdn.com/i/teamlogos/ncaa/500/120.png,away,65,false,0,0,16,42.9,27,63,0,15,50.0,5,10,6,15,0,0,0,40.0,6,15,31,0,0,0,194,s:40~l:54~t:194,ohio-state-buckeyes,Ohio State,Buckeyes,OSU,Ohio State Buckeyes,Ohio State,ce1141,505056,https://a.espncdn.com/i/teamlogos/ncaa/500/194.png,75
254000028,2005,3,2005-03-22,2005-03-22T21:30:00.000000-0500,194,s:40~l:54~t:194,ohio-state-buckeyes,Ohio State,Buckeyes,OSU,Ohio State Buckeyes,Ohio State,ce1141,505056,https://a.espncdn.com/i/teamlogos/ncaa/500/194.png,home,75,true,0,0,21,52.6,30,57,0,10,52.9,9,17,12,9,0,0,0,54.5,6,11,30,0,0,0,120,s:40~l:54~t:120,maryland-terrapins,Maryland,Terrapins,MD,Maryland Terrapins,Maryland,D5002B,ffcd00,https://a.espncdn.com/i/teamlogos/ncaa/500/120.png,65
254000025,2005,3,2005-03-22,2005-03-22T21:30:00.000000-0500,218,s:40~l:54~t:218,temple-owls,Temple,Owls,TEM,Temple Owls,Temple,A80532,a7a9ac,https://a.espncdn.com/i/teamlogos/ncaa/500/218.png,away,54,false,0,0,15,38.8,19,49,0,23,80.0,12,15,1,5,0,0,0,30.8,4,13,20,0,0,0,164,s:40~l:54~t:164,rutgers-scarlet-knights,Rutgers,Scarlet Knights,RUTG,Rutgers Scarlet Knights,Rutgers,d21034,ffffff,https://a.espncdn.com/i/teamlogos/ncaa/500/164.png,61
254000025,2005,3,2005-03-22,2005-03-22T21:30:00.000000-0500,164,s:40~l:54~t:164,rutgers-scarlet-knights,Rutgers,Scarlet Knights,RUTG,Rutgers Scarlet Knights,Rutgers,d21034,ffffff,https://a.espncdn.com/i/teamlogos/ncaa/500/164.png,home,61,true,0,0,24,48.7,19,39,0,17,74.1,20,27,17,8,0,0,0,75.0,3,4,32,0,0,0,218,s:40~l:54~t:218,temple-owls,Temple,Owls,TEM,Temple Owls,Temple,A80532,a7a9ac,https://a.espncdn.com/i/teamlogos/ncaa/500/218.png,54
254000018,2005,3,2005-03-22,2005-03-22T21:30:00.000000-0500,2509,s:40~l:54~t:2509,purdue-boilermakers,Purdue,Boilermakers,PUR,Purdue Boilermakers,Purdue,000000,cfb991,https://a.espncdn.com/i/teamlogos/ncaa/500/2509.png,away,54,false,0,0,23,34.0,18,53,0,18,88.9,16,18,0,10,0,0,0,15.4,2,13,33,0,0,0,2633,s:40~l:54~t:2633,tennessee-lady-volunteers,Tennessee,Lady Volunteers,TENN,Tennessee Lady Volunteers,Tennessee,ff8200,ffffff,https://a.espncdn.com/i/teamlogos/ncaa/500/2633_ncw.png,75
254000018,2005,3,2005-03-22,2005-03-22T21:30:00.000000-0500,2633,s:40~l:54~t:2633,tennessee-lady-volunteers,Tennessee,Lady Volunteers,TENN,Tennessee Lady Volunteers,Tennessee,ff8200,ffffff,https://a.espncdn.com/i/teamlogos/ncaa/500/2633_ncw.png,home,75,true,0,0,19,42.7,32,75,0,17,60.0,12,20,23,22,0,0,0,38.9,7,18,41,0,0,0,2509,s:40~l:54~t:2509,purdue-boilermakers,Purdue,Boilermakers,PUR,Purdue Boilermakers,Purdue,000000,cfb991,https://a.espncdn.com/i/teamlogos/ncaa/500/2509.png,54
254000056,2005,3,2005-03-21,2005-03-21T19:00:00.000000-0500,61,s:40~l:54~t:61,georgia-lady-bulldogs,Georgia,Lady Bulldogs,UGA,Georgia Lady Bulldogs,Georgia,CC0000,000000,https://a.espncdn.com/i/teamlogos/ncaa/500/61.png,away,70,true,0,0,27,48.2,27,56,0,16,75.0,12,16,12,12,0,0,0,33.3,4,12,39,0,0,0,251,s:40~l:54~t:251,texas-longhorns,Texas,Longhorns,TEX,Texas Longhorns,Texas,c15d26,ffffff,https://a.espncdn.com/i/teamlogos/ncaa/500/251.png,68
254000056,2005,3,2005-03-21,2005-03-21T19:00:00.000000-0500,251,s:40~l:54~t:251,texas-longhorns,Texas,Longhorns,TEX,Texas Longhorns,Texas,c15d26,ffffff,https://a.espncdn.com/i/teamlogos/ncaa/500/251.png,home,68,false,0,0,16,37.9,25,66,0,12,58.3,14,24,0,13,0,0,0,33.3,4,12,29,0,0,0,61,s:40~l:54~t:61,georgia-lady-bulldogs,Georgia,Lady Bulldogs,UGA,Georgia Lady Bulldogs,Georgia,CC0000,000000,https://a.espncdn.com/i/teamlogos/ncaa/500/61.png,70
254000034,2005,3,2005-03-21,2005-03-21T19:00:00.000000-0500,30,s:40~l:54~t:30,usc-trojans,USC,Trojans,USC,USC Trojans,USC,9e2237,ffcc00,https://a.espncdn.com/i/teamlogos/ncaa/500/30.png,away,59,false,0,0,18,37.3,25,67,0,14,80.0,4,5,3,16,0,0,0,25.0,5,20,34,0,0,0,127,s:40~l:54~t:127,michigan-state-spartans,Michigan State,Spartans,MSU,Michigan State Spartans,Michigan St,18453B,ffffff,https://a.espncdn.com/i/teamlogos/ncaa/500/127.png,61
254000034,2005,3,2005-03-21,2005-03-21T19:00:00.000000-0500,127,s:40~l:54~t:127,michigan-state-spartans,Michigan State,Spartans,MSU,Michigan State Spartans,Michigan St,18453B,ffffff,https://a.espncdn.com/i/teamlogos/ncaa/500/127.png,home,61,true,0,0,21,48.9,23,47,0,10,76.9,10,13,8,4,0,0,0,33.3,5,15,25,0,0,0,30,s:40~l:54~t:30,usc-trojans,USC,Trojans,USC,USC Trojans,USC,9e2237,ffcc00,https://a.espncdn.com/i/teamlogos/ncaa/500/30.png,59
254000013,2005,3,2005-03-21,2005-03-21T21:00:00.000000-0500,2483,s:40~l:54~t:2483,oregon-ducks,Oregon,Ducks,ORE,Oregon Ducks,Oregon,044520,fee123,https://a.espncdn.com/i/teamlogos/ncaa/500/2483.png,away,46,false,0,0,18,33.3,15,45,0,18,56.5,13,23,3,8,0,0,0,20.0,3,15,26,0,0,0,239,s:40~l:54~t:239,baylor-bears,Baylor,Bears,BAY,Baylor Bears,Baylor,154734,ffb81c,https://a.espncdn.com/i/teamlogos/ncaa/500/239.png,69
254000013,2005,3,2005-03-21,2005-03-21T21:00:00.000000-0500,239,s:40~l:54~t:239,baylor-bears,Baylor,Bears,BAY,Baylor Bears,Baylor,154734,ffb81c,https://a.espncdn.com/i/teamlogos/ncaa/500/239.png,home,69,true,0,0,19,45.9,28,61,0,17,68.8,11,16,23,17,0,0,0,25.0,2,8,36,0,0,0,2483,s:40~l:54~t:2483,oregon-ducks,Oregon,Ducks,ORE,Oregon Ducks,Oregon,044520,fee123,https://a.espncdn.com/i/teamlogos/ncaa/500/2483.png,46
254000006,2005,3,2005-03-21,2005-03-21T21:00:00.000000-0500,9,s:40~l:54~t:9,arizona-state-sun-devils,Arizona State,Sun Devils,ASU,Arizona State Sun Devils,Arizona State,942139,f1f2f3,https://a.espncdn.com/i/teamlogos/ncaa/500/9.png,away,70,true,0,0,19,44.1,26,59,0,19,76.5,13,17,9,16,0,0,0,35.7,5,14,35,0,0,0,87,s:40~l:54~t:87,notre-dame-fighting-irish,Notre Dame,Fighting Irish,ND,Notre Dame Fighting Irish,Notre Dame,0c2340,c99700,https://a.espncdn.com/i/teamlogos/ncaa/500/87.png,61
254000006,2005,3,2005-03-21,2005-03-21T21:00:00.000000-0500,87,s:40~l:54~t:87,notre-dame-fighting-irish,Notre Dame,Fighting Irish,ND,Notre Dame Fighting Irish,Notre Dame,0c2340,c99700,https://a.espncdn.com/i/teamlogos/ncaa/500/87.png,home,61,false,0,0,18,40.0,20,50,0,16,81.8,18,22,13,8,0,0,0,42.9,3,7,26,0,0,0,9,s:40~l:54~t:9,arizona-state-sun-devils,Arizona State,Sun Devils,ASU,Arizona State Sun Devils,Arizona State,942139,f1f2f3,https://a.espncdn.com/i/teamlogos/ncaa/500/9.png,70
254000021,2005,3,2005-03-21,2005-03-21T21:30:00.000000-0500,2393,s:40~l:54~t:2393,middle-tennessee-blue-raiders,Middle Tennessee,Blue Raiders,MTSU,Middle Tennessee Blue Raiders,MTSU,006db6,ffffff,https://a.espncdn.com/i/teamlogos/ncaa/500/2393.png,away,69,false,0,0,12,41.9,26,62,0,16,76.9,10,13,0,11,0,0,0,41.2,7,17,23,0,0,0,2641,s:40~l:54~t:2641,texas-tech-lady-raiders,Texas Tech,Lady Raiders,TTU,Texas Tech Lady Raiders,Texas Tech,C80025,231f20,https://a.espncdn.com/i/teamlogos/ncaa/500/2641.png,80
254000021,2005,3,2005-03-21,2005-03-21T21:30:00.000000-0500,2641,s:40~l:54~t:2641,texas-tech-lady-raiders,Texas Tech,Lady Raiders,TTU,Texas Tech Lady Raiders,Texas Tech,C80025,231f20,https://a.espncdn.com/i/teamlogos/ncaa/500/2641.png,home,80,true,0,0,19,59.6,31,52,0,11,60.0,12,20,21,13,0,0,0,46.2,6,13,32,0,0,0,2393,s:40~l:54~t:2393,middle-tennessee-blue-raiders,Middle Tennessee,Blue Raiders,MTSU,Middle Tennessee Blue Raiders,MTSU,006db6,ffffff,https://a.espncdn.com/i/teamlogos/ncaa/500/2393.png,69
254000010,2005,3,2005-03-21,2005-03-21T21:30:00.000000-0500,258,s:40~l:54~t:258,virginia-cavaliers,Virginia,Cavaliers,UVA,Virginia Cavaliers,Virginia,f84c1e,ffffff,https://a.espncdn.com/i/teamlogos/ncaa/500/258.png,away,58,false,0,0,17,40.7,22,54,0,19,53.3,8,15,7,5,0,0,0,42.9,6,14,22,0,0,0,135,s:40~l:54~t:135,minnesota-golden-gophers,Minnesota,Golden Gophers,MINN,Minnesota Golden Gophers,Minnesota,981a31,981a31,https://a.espncdn.com/i/teamlogos/ncaa/500/135.png,73
254000010,2005,3,2005-03-21,2005-03-21T21:30:00.000000-0500,135,s:40~l:54~t:135,minnesota-golden-gophers,Minnesota,Golden Gophers,MINN,Minnesota Golden Gophers,Minnesota,981a31,981a31,https://a.espncdn.com/i/teamlogos/ncaa/500/135.png,home,73,true,0,0,26,44.2,23,52,0,15,80.0,20,25,21,10,0,0,0,41.2,7,17,36,0,0,0,258,s:40~l:54~t:258,virginia-cavaliers,Virginia,Cavaliers,UVA,Virginia Cavaliers,Virginia,f84c1e,ffffff,https://a.espncdn.com/i/teamlogos/ncaa/500/258.png,58
254000044,2005,3,2005-03-21,2005-03-21T23:30:00.000000-0500,254,s:40~l:54~t:254,utah-utes,Utah,Utes,UTAH,Utah Utes,Utah,890012,7e8083,https://a.espncdn.com/i/teamlogos/ncaa/500/254.png,away,62,false,0,0,15,44.8,26,58,0,17,54.5,6,11,0,5,0,0,0,21.1,4,19,20,0,0,0,24,s:40~l:54~t:24,stanford-cardinal,Stanford,Cardinal,STAN,Stanford Cardinal,Stanford,8c1515,ffffff,https://a.espncdn.com/i/teamlogos/ncaa/500/24.png,88
254000044,2005,3,2005-03-21,2005-03-21T23:30:00.000000-0500,24,s:40~l:54~t:24,stanford-cardinal,Stanford,Cardinal,STAN,Stanford Cardinal,Stanford,8c1515,ffffff,https://a.espncdn.com/i/teamlogos/ncaa/500/24.png,home,88,true,0,0,23,60.0,33,55,0,13,78.9,15,19,27,7,0,0,0,50.0,7,14,30,0,0,0,254,s:40~l:54~t:254,utah-utes,Utah,Utes,UTAH,Utah Utes,Utah,890012,7e8083,https://a.espncdn.com/i/teamlogos/ncaa/500/254.png,62
254000037,2005,3,2005-03-21,2005-03-21T23:30:00.000000-0500,238,s:40~l:54~t:238,vanderbilt-commodores,Vanderbilt,Commodores,VAN,Vanderbilt Commodores,Vanderbilt,000000,231f20,https://a.espncdn.com/i/teamlogos/ncaa/500/238.png,away,63,true,0,0,16,44.6,25,56,0,14,53.8,7,13,16,8,0,0,0,46.2,6,13,24,0,0,0,2306,s:40~l:54~t:2306,kansas-state-wildcats,Kansas State,Wildcats,KSU,Kansas State Wildcats,Kansas St,633194,e7d2ad,https://a.espncdn.com/i/teamlogos/ncaa/500/2306.png,60
254000037,2005,3,2005-03-21,2005-03-21T23:30:00.000000-0500,2306,s:40~l:54~t:2306,kansas-state-wildcats,Kansas State,Wildcats,KSU,Kansas State Wildcats,Kansas St,633194,e7d2ad,https://a.espncdn.com/i/teamlogos/ncaa/500/2306.png,home,60,false,0,0,24,47.2,25,53,0,17,75.0,6,8,8,9,0,0,0,23.5,4,17,33,0,0,0,238,s:40~l:54~t:238,vanderbilt-commodores,Vanderbilt,Commodores,VAN,Vanderbilt Commodores,Vanderbilt,000000,231f20,https://a.espncdn.com/i/teamlogos/ncaa/500/238.png,63
254000058,2005,3,2005-03-20,2005-03-20T12:00:00.000000-0500,2099,s:40~l:54~t:2099,canisius-golden-griffins,Canisius,Golden Griffins,CAN,Canisius Golden Griffins,Canisius,004a81,dda50f,https://a.espncdn.com/i/teamlogos/ncaa/500/2099.png,away,48,false,0,0,15,26.2,16,61,0,18,61.1,11,18,0,9,0,0,0,20.8,5,24,24,0,0,0,150,s:40~l:54~t:150,duke-blue-devils,Duke,Blue Devils,DUKE,Duke Blue Devils,Duke,013088,ffffff,https://a.espncdn.com/i/teamlogos/ncaa/500/150.png,80
254000058,2005,3,2005-03-20,2005-03-20T12:00:00.000000-0500,150,s:40~l:54~t:150,duke-blue-devils,Duke,Blue Devils,DUKE,Duke Blue Devils,Duke,013088,ffffff,https://a.espncdn.com/i/teamlogos/ncaa/500/150.png,home,80,true,0,0,33,54.8,34,62,0,15,61.1,11,18,34,14,0,0,0,16.7,1,6,47,0,0,0,2099,s:40~l:54~t:2099,canisius-golden-griffins,Canisius,Golden Griffins,CAN,Canisius Golden Griffins,Canisius,004a81,dda50f,https://a.espncdn.com/i/teamlogos/ncaa/500/2099.png,48
254000048,2005,3,2005-03-20,2005-03-20T12:00:00.000000-0500,12,s:40~l:54~t:12,arizona-wildcats,Arizona,Wildcats,ARIZ,Arizona Wildcats,Arizona,0c234b,ab0520,https://a.espncdn.com/i/teamlogos/ncaa/500/12.png,away,72,true,0,0,16,39.3,24,61,0,15,71.4,15,21,8,10,0,0,0,50.0,9,18,26,0,0,0,201,s:40~l:54~t:201,oklahoma-sooners,Oklahoma,Sooners,OU,Oklahoma Sooners,Oklahoma,9d2235,ffffff,https://a.espncdn.com/i/teamlogos/ncaa/500/201.png,69
254000048,2005,3,2005-03-20,2005-03-20T12:00:00.000000-0500,201,s:40~l:54~t:201,oklahoma-sooners,Oklahoma,Sooners,OU,Oklahoma Sooners,Oklahoma,9d2235,ffffff,https://a.espncdn.com/i/teamlogos/ncaa/500/201.png,home,69,false,0,0,20,43.4,23,53,0,17,88.2,15,17,7,8,0,0,0,38.1,8,21,28,0,0,0,12,s:40~l:54~t:12,arizona-wildcats,Arizona,Wildcats,ARIZ,Arizona Wildcats,Arizona,0c234b,ab0520,https://a.espncdn.com/i/teamlogos/ncaa/500/12.png,72
254000027,2005,3,2005-03-20,2005-03-20T12:00:00.000000-0500,107,s:40~l:54~t:107,holy-cross-crusaders,Holy Cross,Crusaders,HC,Holy Cross Crusaders,Holy Cross,0a0a0a,080808,https://a.espncdn.com/i/teamlogos/ncaa/500/107.png,away,45,false,0,0,20,29.6,16,54,0,16,56.3,9,16,2,7,0,0,0,28.6,4,14,27,0,0,0,194,s:40~l:54~t:194,ohio-state-buckeyes,Ohio State,Buckeyes,OSU,Ohio State Buckeyes,Ohio State,ce1141,505056,https://a.espncdn.com/i/teamlogos/ncaa/500/194.png,86
254000027,2005,3,2005-03-20,2005-03-20T12:00:00.000000-0500,194,s:40~l:54~t:194,ohio-state-buckeyes,Ohio State,Buckeyes,OSU,Ohio State Buckeyes,Ohio State,ce1141,505056,https://a.espncdn.com/i/teamlogos/ncaa/500/194.png,home,86,true,0,0,31,54.0,34,63,0,14,68.4,13,19,42,10,0,0,0,35.7,5,14,41,0,0,0,107,s:40~l:54~t:107,holy-cross-crusaders,Holy Cross,Crusaders,HC,Holy Cross Crusaders,Holy Cross,0a0a0a,080808,https://a.espncdn.com/i/teamlogos/ncaa/500/107.png,45
254000023,2005,3,2005-03-20,2005-03-20T12:00:00.000000-0500,2348,s:40~l:54~t:2348,louisiana-tech-lady-techsters,Louisiana Tech,Lady Techsters,LT,Louisiana Tech Lady Techsters,Louisiana Tech,002d65,d3313a,https://a.espncdn.com/i/teamlogos/ncaa/500/2348.png,away,61,false,0,0,16,41.0,25,61,0,16,66.7,8,12,13,13,0,0,0,30.0,3,10,29,0,0,0,218,s:40~l:54~t:218,temple-owls,Temple,Owls,TEM,Temple Owls,Temple,A80532,a7a9ac,https://a.espncdn.com/i/teamlogos/ncaa/500/218.png,66
254000023,2005,3,2005-03-20,2005-03-20T12:00:00.000000-0500,218,s:40~l:54~t:218,temple-owls,Temple,Owls,TEM,Temple Owls,Temple,A80532,a7a9ac,https://a.espncdn.com/i/teamlogos/ncaa/500/218.png,home,66,true,0,0,20,42.9,21,49,0,10,74.1,20,27,6,8,0,0,0,57.1,4,7,28,0,0,0,2348,s:40~l:54~t:2348,louisiana-tech-lady-techsters,Louisiana Tech,Lady Techsters,LT,Louisiana Tech Lady Techsters,Louisiana Tech,002d65,d3313a,https://a.espncdn.com/i/teamlogos/ncaa/500/2348.png,61
254000047,2005,3,2005-03-20,2005-03-20T14:30:00.000000-0500,56,s:40~l:54~t:56,stetson-hatters,Stetson,Hatters,STET,Stetson Hatters,Stetson,0a5640,56854e,https://a.espncdn.com/i/teamlogos/ncaa/500/56.png,away,36,false,0,0,20,29.2,14,48,0,18,60.0,6,10,2,3,0,0,0,14.3,2,14,23,0,0,0,99,s:40~l:54~t:99,lsu-tigers,LSU,Tigers,LSU,LSU Tigers,LSU,461d7c,fdd023,https://a.espncdn.com/i/teamlogos/ncaa/500/99.png,70
254000047,2005,3,2005-03-20,2005-03-20T14:30:00.000000-0500,99,s:40~l:54~t:99,lsu-tigers,LSU,Tigers,LSU,LSU Tigers,LSU,461d7c,fdd023,https://a.espncdn.com/i/teamlogos/ncaa/500/99.png,home,70,true,0,0,25,40.0,24,60,0,11,76.9,20,26,37,14,0,0,0,22.2,2,9,39,0,0,0,56,s:40~l:54~t:56,stetson-hatters,Stetson,Hatters,STET,Stetson Hatters,Stetson,0a5640,56854e,https://a.espncdn.com/i/teamlogos/ncaa/500/56.png,36
254000026,2005,3,2005-03-20,2005-03-20T14:30:00.000000-0500,2739,s:40~l:54~t:2739,green-bay-phoenix,Green Bay,Phoenix,GB,Green Bay Phoenix,Green Bay,006633,ffffff,https://a.espncdn.com/i/teamlogos/ncaa/500/2739.png,away,55,false,0,0,25,35.5,22,62,0,21,58.8,10,17,3,8,0,0,0,9.1,1,11,33,0,0,0,120,s:40~l:54~t:120,maryland-terrapins,Maryland,Terrapins,MD,Maryland Terrapins,Maryland,D5002B,ffcd00,https://a.espncdn.com/i/teamlogos/ncaa/500/120.png,65
254000026,2005,3,2005-03-20,2005-03-20T14:30:00.000000-0500,120,s:40~l:54~t:120,maryland-terrapins,Maryland,Terrapins,MD,Maryland Terrapins,Maryland,D5002B,ffcd00,https://a.espncdn.com/i/teamlogos/ncaa/500/120.png,home,65,true,0,0,32,38.3,23,60,0,18,60.7,17,28,11,10,0,0,0,22.2,2,9,42,0,0,0,2739,s:40~l:54~t:2739,green-bay-phoenix,Green Bay,Phoenix,GB,Green Bay Phoenix,Green Bay,006633,ffffff,https://a.espncdn.com/i/teamlogos/ncaa/500/2739.png,55
254000024,2005,3,2005-03-20,2005-03-20T14:30:00.000000-0500,42,s:40~l:54~t:42,hartford-hawks,Hartford,Hawks,HART,Hartford Hawks,Hartford,d60008,000000,https://a.espncdn.com/i/teamlogos/ncaa/500/42.png,away,37,false,0,0,13,25.0,10,40,0,12,73.9,17,23,1,4,0,0,0,0.0,0,9,17,0,0,0,164,s:40~l:54~t:164,rutgers-scarlet-knights,Rutgers,Scarlet Knights,RUTG,Rutgers Scarlet Knights,Rutgers,d21034,ffffff,https://a.espncdn.com/i/teamlogos/ncaa/500/164.png,62
254000024,2005,3,2005-03-20,2005-03-20T14:30:00.000000-0500,164,s:40~l:54~t:164,rutgers-scarlet-knights,Rutgers,Scarlet Knights,RUTG,Rutgers Scarlet Knights,Rutgers,d21034,ffffff,https://a.espncdn.com/i/teamlogos/ncaa/500/164.png,home,62,true,0,0,25,52.0,26,50,0,17,69.2,9,13,25,5,0,0,0,12.5,1,8,30,0,0,0,42,s:40~l:54~t:42,hartford-hawks,Hartford,Hawks,HART,Hartford Hawks,Hartford,d60008,000000,https://a.espncdn.com/i/teamlogos/ncaa/500/42.png,37
254000050,2005,3,2005-03-20,2005-03-20T19:00:00.000000-0500,259,s:40~l:54~t:259,virginia-tech-hokies,Virginia Tech,Hokies,VT,Virginia Tech Hokies,Virginia Tech,630031,cf4520,https://a.espncdn.com/i/teamlogos/ncaa/500/259.png,away,78,false,0,0,14,44.4,28,63,0,19,77.8,21,27,5,10,0,0,0,16.7,1,6,24,0,0,0,305,s:40~l:54~t:305,depaul-blue-demons,DePaul,Blue Demons,DEP,DePaul Blue Demons,DePaul,2d649c,ce1125,https://a.espncdn.com/i/teamlogos/ncaa/500/305.png,79
254000050,2005,3,2005-03-20,2005-03-20T19:00:00.000000-0500,305,s:40~l:54~t:305,depaul-blue-demons,DePaul,Blue Demons,DEP,DePaul Blue Demons,DePaul,2d649c,ce1125,https://a.espncdn.com/i/teamlogos/ncaa/500/305.png,home,79,true,0,0,24,50.8,30,59,0,17,70.0,14,20,20,13,0,0,0,29.4,5,17,37,0,0,0,259,s:40~l:54~t:259,virginia-tech-hokies,Virginia Tech,Hokies,VT,Virginia Tech Hokies,Virginia Tech,630031,cf4520,https://a.espncdn.com/i/teamlogos/ncaa/500/259.png,78
254000040,2005,3,2005-03-20,2005-03-20T19:00:00.000000-0500,159,s:40~l:54~t:159,dartmouth-big-green,Dartmouth,Big Green,DART,Dartmouth Big Green,Dartmouth,005730,000000,https://a.espncdn.com/i/teamlogos/ncaa/500/159.png,away,47,false,0,0,19,30.8,16,52,0,9,83.3,10,12,0,6,0,0,0,41.7,5,12,25,0,0,0,41,s:40~l:54~t:41,uconn-huskies,UConn,Huskies,CONN,UConn Huskies,UConn,0c2340,f1f2f3,https://a.espncdn.com/i/teamlogos/ncaa/500/41.png,95
254000040,2005,3,2005-03-20,2005-03-20T19:00:00.000000-0500,41,s:40~l:54~t:41,uconn-huskies,UConn,Huskies,CONN,UConn Huskies,UConn,0c2340,f1f2f3,https://a.espncdn.com/i/teamlogos/ncaa/500/41.png,home,95,true,0,0,29,59.7,40,67,0,12,57.1,4,7,49,9,0,0,0,47.8,11,23,38,0,0,0,159,s:40~l:54~t:159,dartmouth-big-green,Dartmouth,Big Green,DART,Dartmouth Big Green,Dartmouth,005730,000000,https://a.espncdn.com/i/teamlogos/ncaa/500/159.png,47
254000017,2005,3,2005-03-20,2005-03-20T19:00:00.000000-0500,2509,s:40~l:54~t:2509,purdue-boilermakers,Purdue,Boilermakers,PUR,Purdue Boilermakers,Purdue,000000,cfb991,https://a.espncdn.com/i/teamlogos/ncaa/500/2509.png,away,68,true,0,0,26,43.6,24,55,0,8,71.4,15,21,14,10,0,0,0,33.3,5,15,36,0,0,0,167,s:40~l:54~t:167,new-mexico-lobos,New Mexico,Lobos,UNM,New Mexico Lobos,New Mexico,000000,231f20,https://a.espncdn.com/i/teamlogos/ncaa/500/167.png,56
254000017,2005,3,2005-03-20,2005-03-20T19:00:00.000000-0500,167,s:40~l:54~t:167,new-mexico-lobos,New Mexico,Lobos,UNM,New Mexico Lobos,New Mexico,000000,231f20,https://a.espncdn.com/i/teamlogos/ncaa/500/167.png,home,56,false,0,0,20,36.4,24,66,0,16,100.0,2,2,3,10,0,0,0,30.0,6,20,30,0,0,0,2509,s:40~l:54~t:2509,purdue-boilermakers,Purdue,Boilermakers,PUR,Purdue Boilermakers,Purdue,000000,cfb991,https://a.espncdn.com/i/teamlogos/ncaa/500/2509.png,68
254000001,2005,3,2005-03-20,2005-03-20T19:00:00.000000-0500,2154,s:40~l:54~t:2154,coppin-state-eagles,Coppin State,Eagles,COPP,Coppin State Eagles,Coppin St,2e3192,ffd204,https://a.espncdn.com/i/teamlogos/ncaa/500/2154.png,away,62,false,0,0,8,40.4,23,57,0,16,65.0,13,20,0,8,0,0,0,30.0,3,10,16,0,0,0,153,s:40~l:54~t:153,north-carolina-tar-heels,North Carolina,Tar Heels,UNC,North Carolina Tar Heels,North Carolina,7bafd4,13294b,https://a.espncdn.com/i/teamlogos/ncaa/500/153.png,97
254000001,2005,3,2005-03-20,2005-03-20T19:00:00.000000-0500,153,s:40~l:54~t:153,north-carolina-tar-heels,North Carolina,Tar Heels,UNC,North Carolina Tar Heels,North Carolina,7bafd4,13294b,https://a.espncdn.com/i/teamlogos/ncaa/500/153.png,home,97,true,0,0,21,63.3,38,60,0,14,56.3,9,16,43,12,0,0,1,54.5,12,22,33,1,0,0,2154,s:40~l:54~t:2154,coppin-state-eagles,Coppin State,Eagles,COPP,Coppin State Eagles,Coppin St,2e3192,ffd204,https://a.espncdn.com/i/teamlogos/ncaa/500/2154.png,62
254000051,2005,3,2005-03-20,2005-03-20T21:30:00.000000-0500,2335,s:40~l:54~t:2335,liberty-flames,Liberty,Flames,LIB,Liberty Flames,Liberty,071740,a61f21,https://a.espncdn.com/i/teamlogos/ncaa/500/2335.png,away,78,true,0,0,22,48.1,25,52,0,15,66.7,24,36,14,14,0,0,0,44.4,4,9,36,0,0,0,213,s:40~l:54~t:213,penn-state-lady-lions,Penn State,Lady Lions,PSU,Penn State Lady Lions,Penn State,00265D,002e5c,https://a.espncdn.com/i/teamlogos/ncaa/500/213.png,70
254000051,2005,3,2005-03-20,2005-03-20T21:30:00.000000-0500,213,s:40~l:54~t:213,penn-state-lady-lions,Penn State,Lady Lions,PSU,Penn State Lady Lions,Penn State,00265D,002e5c,https://a.espncdn.com/i/teamlogos/ncaa/500/213.png,home,70,false,0,0,16,38.7,24,62,0,25,81.0,17,21,7,12,0,0,0,29.4,5,17,28,0,0,0,2335,s:40~l:54~t:2335,liberty-flames,Liberty,Flames,LIB,Liberty Flames,Liberty,071740,a61f21,https://a.espncdn.com/i/teamlogos/ncaa/500/2335.png,78
254000039,2005,3,2005-03-20,2005-03-20T21:30:00.000000-0500,257,s:40~l:54~t:257,richmond-spiders,Richmond,Spiders,RICH,Richmond Spiders,Richmond,9e0712,b90b2e,https://a.espncdn.com/i/teamlogos/ncaa/500/257.png,away,54,false,0,0,12,41.9,18,43,0,11,78.6,11,14,1,5,0,0,0,43.8,7,16,17,0,0,0,52,s:40~l:54~t:52,florida-state-seminoles,Florida State,Seminoles,FSU,Florida State Seminoles,Florida St,782F40,ceb888,https://a.espncdn.com/i/teamlogos/ncaa/500/52.png,87
254000039,2005,3,2005-03-20,2005-03-20T21:30:00.000000-0500,52,s:40~l:54~t:52,florida-state-seminoles,Florida State,Seminoles,FSU,Florida State Seminoles,Florida St,782F40,ceb888,https://a.espncdn.com/i/teamlogos/ncaa/500/52.png,home,87,true,0,0,19,56.3,36,64,0,13,75.0,6,8,37,13,0,0,0,64.3,9,14,32,0,0,0,257,s:40~l:54~t:257,richmond-spiders,Richmond,Spiders,RICH,Richmond Spiders,Richmond,9e0712,b90b2e,https://a.espncdn.com/i/teamlogos/ncaa/500/257.png,54
254000016,2005,3,2005-03-20,2005-03-20T21:30:00.000000-0500,2717,s:40~l:54~t:2717,western-carolina-catamounts,Western Carolina,Catamounts,WCU,Western Carolina Catamounts,W Carolina,492F91,bf9e70,https://a.espncdn.com/i/teamlogos/ncaa/500/2717.png,away,43,false,0,0,15,30.4,17,56,0,19,60.0,9,15,2,13,0,0,0,20.0,3,15,28,0,0,0,2633,s:40~l:54~t:2633,tennessee-lady-volunteers,Tennessee,Lady Volunteers,TENN,Tennessee Lady Volunteers,Tennessee,ff8200,ffffff,https://a.espncdn.com/i/teamlogos/ncaa/500/2633_ncw.png,94
254000016,2005,3,2005-03-20,2005-03-20T21:30:00.000000-0500,2633,s:40~l:54~t:2633,tennessee-lady-volunteers,Tennessee,Lady Volunteers,TENN,Tennessee Lady Volunteers,Tennessee,ff8200,ffffff,https://a.espncdn.com/i/teamlogos/ncaa/500/2633_ncw.png,home,94,true,0,0,26,50.7,35,69,0,13,59.1,13,22,52,18,0,0,0,55.0,11,20,44,0,0,0,2717,s:40~l:54~t:2717,western-carolina-catamounts,Western Carolina,Catamounts,WCU,Western Carolina Catamounts,W Carolina,492F91,bf9e70,https://a.espncdn.com/i/teamlogos/ncaa/500/2717.png,43
254000002,2005,3,2005-03-20,2005-03-20T21:30:00.000000-0500,45,s:40~l:54~t:45,george-washington-colonials,George Washington,Colonials,GW,George Washington Colonials,G Washington,002843,e8d2a1,https://a.espncdn.com/i/teamlogos/ncaa/500/45.png,away,60,true,0,0,16,39.7,23,58,0,12,64.7,11,17,4,7,0,0,0,20.0,3,15,23,0,0,0,145,s:40~l:54~t:145,ole-miss-rebels,Ole Miss,Rebels,MISS,Ole Miss Rebels,Ole Miss,001148,00205b,https://a.espncdn.com/i/teamlogos/ncaa/500/145.png,57
254000002,2005,3,2005-03-20,2005-03-20T21:30:00.000000-0500,145,s:40~l:54~t:145,ole-miss-rebels,Ole Miss,Rebels,MISS,Ole Miss Rebels,Ole Miss,001148,00205b,https://a.espncdn.com/i/teamlogos/ncaa/500/145.png,home,57,false,0,0,19,45.3,24,53,0,19,66.7,4,6,14,11,0,0,0,26.3,5,19,30,0,0,0,45,s:40~l:54~t:45,george-washington-colonials,George Washington,Colonials,GW,George Washington Colonials,G Washington,002843,e8d2a1,https://a.espncdn.com/i/teamlogos/ncaa/500/45.png,60
254000055,2005,3,2005-03-19,2005-03-19T12:00:00.000000-0500,198,s:40~l:54~t:198,oral-roberts-golden-eagles,Oral Roberts,Golden Eagles,ORU,Oral Roberts Golden Eagles,Oral Roberts,002462,dac792,https://a.espncdn.com/i/teamlogos/ncaa/500/198.png,away,47,false,0,0,15,43.2,19,44,0,15,66.7,6,9,0,10,0,0,0,42.9,3,7,25,0,0,0,251,s:40~l:54~t:251,texas-longhorns,Texas,Longhorns,TEX,Texas Longhorns,Texas,c15d26,ffffff,https://a.espncdn.com/i/teamlogos/ncaa/500/251.png,64
254000055,2005,3,2005-03-19,2005-03-19T12:00:00.000000-0500,251,s:40~l:54~t:251,texas-longhorns,Texas,Longhorns,TEX,Texas Longhorns,Texas,c15d26,ffffff,https://a.espncdn.com/i/teamlogos/ncaa/500/251.png,home,64,true,0,0,14,50.0,23,46,0,12,82.4,14,17,19,8,0,0,0,41.2,7,17,22,0,0,0,198,s:40~l:54~t:198,oral-roberts-golden-eagles,Oral Roberts,Golden Eagles,ORU,Oral Roberts Golden Eagles,Oral Roberts,002462,dac792,https://a.espncdn.com/i/teamlogos/ncaa/500/198.png,47
254000033,2005,3,2005-03-19,2005-03-19T12:00:00.000000-0500,97,s:40~l:54~t:97,louisville-cardinals,Louisville,Cardinals,LOU,Louisville Cardinals,Louisville,c9001f,000000,https://a.espncdn.com/i/teamlogos/ncaa/500/97.png,away,49,false,0,0,24,35.8,19,53,0,11,60.0,3,5,4,4,0,0,0,40.0,8,20,28,0,0,0,30,s:40~l:54~t:30,usc-trojans,USC,Trojans,USC,USC Trojans,USC,9e2237,ffcc00,https://a.espncdn.com/i/teamlogos/ncaa/500/30.png,65
254000033,2005,3,2005-03-19,2005-03-19T12:00:00.000000-0500,30,s:40~l:54~t:30,usc-trojans,USC,Trojans,USC,USC Trojans,USC,9e2237,ffcc00,https://a.espncdn.com/i/teamlogos/ncaa/500/30.png,home,65,true,0,0,22,40.3,27,67,0,11,100.0,8,8,22,13,0,0,0,16.7,3,18,35,0,0,0,97,s:40~l:54~t:97,louisville-cardinals,Louisville,Cardinals,LOU,Louisville Cardinals,Louisville,c9001f,000000,https://a.espncdn.com/i/teamlogos/ncaa/500/97.png,49
254000012,2005,3,2005-03-19,2005-03-19T14:00:00.000000-0500,2287,s:40~l:54~t:2287,illinois-state-redbirds,Illinois State,Redbirds,ILST,Illinois State Redbirds,Illinois St,CE1126,ffe716,https://a.espncdn.com/i/teamlogos/ncaa/500/2287.png,away,70,false,0,0,17,39.7,23,58,0,20,90.0,18,20,0,7,0,0,0,25.0,6,24,24,0,0,0,239,s:40~l:54~t:239,baylor-bears,Baylor,Bears,BAY,Baylor Bears,Baylor,154734,ffb81c,https://a.espncdn.com/i/teamlogos/ncaa/500/239.png,91
254000012,2005,3,2005-03-19,2005-03-19T14:00:00.000000-0500,239,s:40~l:54~t:239,baylor-bears,Baylor,Bears,BAY,Baylor Bears,Baylor,154734,ffb81c,https://a.espncdn.com/i/teamlogos/ncaa/500/239.png,home,91,true,0,0,18,55.4,31,56,0,16,71.4,20,28,33,14,0,0,0,47.4,9,19,32,0,0,0,2287,s:40~l:54~t:2287,illinois-state-redbirds,Illinois State,Redbirds,ILST,Illinois State Redbirds,Illinois St,CE1126,ffe716,https://a.espncdn.com/i/teamlogos/ncaa/500/2287.png,70
254000004,2005,3,2005-03-19,2005-03-19T14:00:00.000000-0500,2198,s:40~l:54~t:2198,eastern-kentucky-colonels,Eastern Kentucky,Colonels,EKU,Eastern Kentucky Colonels,E Kentucky,660819,f0f0f0,https://a.espncdn.com/i/teamlogos/ncaa/500/2198.png,away,65,false,0,0,17,44.9,22,49,0,19,85.0,17,20,0,6,0,0,0,87.5,7,8,23,0,0,0,9,s:40~l:54~t:9,arizona-state-sun-devils,Arizona State,Sun Devils,ASU,Arizona State Sun Devils,Arizona State,942139,f1f2f3,https://a.espncdn.com/i/teamlogos/ncaa/500/9.png,87
254000004,2005,3,2005-03-19,2005-03-19T14:00:00.000000-0500,9,s:40~l:54~t:9,arizona-state-sun-devils,Arizona State,Sun Devils,ASU,Arizona State Sun Devils,Arizona State,942139,f1f2f3,https://a.espncdn.com/i/teamlogos/ncaa/500/9.png,home,87,true,0,0,21,60.3,35,58,0,21,61.9,13,21,22,5,0,0,0,57.1,4,7,26,0,0,0,2198,s:40~l:54~t:2198,eastern-kentucky-colonels,Eastern Kentucky,Colonels,EKU,Eastern Kentucky Colonels,E Kentucky,660819,f0f0f0,https://a.espncdn.com/i/teamlogos/ncaa/500/2198.png,65
254000054,2005,3,2005-03-19,2005-03-19T14:30:00.000000-0500,242,s:40~l:54~t:242,rice-owls,Rice,Owls,RICE,Rice Owls,Rice,d1d5d8,003d7d,https://a.espncdn.com/i/teamlogos/ncaa/500/242.png,away,49,false,0,0,20,36.4,20,55,0,15,42.9,6,14,7,12,0,0,0,30.0,3,10,32,0,0,0,61,s:40~l:54~t:61,georgia-lady-bulldogs,Georgia,Lady Bulldogs,UGA,Georgia Lady Bulldogs,Georgia,CC0000,000000,https://a.espncdn.com/i/teamlogos/ncaa/500/61.png,75
254000054,2005,3,2005-03-19,2005-03-19T14:30:00.000000-0500,61,s:40~l:54~t:61,georgia-lady-bulldogs,Georgia,Lady Bulldogs,UGA,Georgia Lady Bulldogs,Georgia,CC0000,000000,https://a.espncdn.com/i/teamlogos/ncaa/500/61.png,home,75,true,0,0,25,40.3,25,62,0,15,81.8,18,22,31,12,0,0,0,35.0,7,20,37,0,0,0,242,s:40~l:54~t:242,rice-owls,Rice,Owls,RICE,Rice Owls,Rice,d1d5d8,003d7d,https://a.espncdn.com/i/teamlogos/ncaa/500/242.png,49
254000032,2005,3,2005-03-19,2005-03-19T14:30:00.000000-0500,2016,s:40~l:54~t:2016,alcorn-state-lady-braves,Alcorn State,Lady Braves,ALCN,Alcorn State Lady Braves,Alcorn St,4b0058,46166a,https://a.espncdn.com/i/teamlogos/ncaa/500/2016.png,away,41,false,0,0,16,26.2,16,61,0,8,53.3,8,15,0,9,0,0,0,33.3,4,12,25,0,0,0,127,s:40~l:54~t:127,michigan-state-spartans,Michigan State,Spartans,MSU,Michigan State Spartans,Michigan St,18453B,ffffff,https://a.espncdn.com/i/teamlogos/ncaa/500/127.png,73
254000032,2005,3,2005-03-19,2005-03-19T14:30:00.000000-0500,127,s:40~l:54~t:127,michigan-state-spartans,Michigan State,Spartans,MSU,Michigan State Spartans,Michigan St,18453B,ffffff,https://a.espncdn.com/i/teamlogos/ncaa/500/127.png,home,73,true,0,0,36,50.8,33,65,0,13,57.1,4,7,36,13,0,0,0,35.3,6,17,49,0,0,0,2016,s:40~l:54~t:2016,alcorn-state-lady-braves,Alcorn State,Lady Braves,ALCN,Alcorn State Lady Braves,Alcorn St,4b0058,46166a,https://a.espncdn.com/i/teamlogos/ncaa/500/2016.png,41
254000011,2005,3,2005-03-19,2005-03-19T16:30:00.000000-0500,2483,s:40~l:54~t:2483,oregon-ducks,Oregon,Ducks,ORE,Oregon Ducks,Oregon,044520,fee123,https://a.espncdn.com/i/teamlogos/ncaa/500/2483.png,away,58,true,0,0,27,39.6,19,48,0,17,71.4,15,21,5,6,0,0,0,33.3,5,15,33,0,0,0,2628,s:40~l:54~t:2628,tcu-horned-frogs,TCU,Horned Frogs,TCU,TCU Horned Frogs,TCU,4d1979,f1f2f3,https://a.espncdn.com/i/teamlogos/ncaa/500/2628.png,55
254000011,2005,3,2005-03-19,2005-03-19T16:30:00.000000-0500,2628,s:40~l:54~t:2628,tcu-horned-frogs,TCU,Horned Frogs,TCU,TCU Horned Frogs,TCU,4d1979,f1f2f3,https://a.espncdn.com/i/teamlogos/ncaa/500/2628.png,home,55,false,0,0,22,29.1,16,55,0,21,82.6,19,23,8,6,0,0,0,26.7,4,15,28,0,0,0,2483,s:40~l:54~t:2483,oregon-ducks,Oregon,Ducks,ORE,Oregon Ducks,Oregon,044520,fee123,https://a.espncdn.com/i/teamlogos/ncaa/500/2483.png,58
254000005,2005,3,2005-03-19,2005-03-19T16:30:00.000000-0500,2540,s:40~l:54~t:2540,uc-santa-barbara-gauchos,UC Santa Barbara,Gauchos,UCSB,UC Santa Barbara Gauchos,UCSB,1D1160,fdb813,https://a.espncdn.com/i/teamlogos/ncaa/500/2540.png,away,51,false,0,0,20,31.5,17,54,0,17,87.5,14,16,4,10,0,0,1,17.6,3,17,30,1,0,0,87,s:40~l:54~t:87,notre-dame-fighting-irish,Notre Dame,Fighting Irish,ND,Notre Dame Fighting Irish,Notre Dame,0c2340,c99700,https://a.espncdn.com/i/teamlogos/ncaa/500/87.png,61
254000005,2005,3,2005-03-19,2005-03-19T16:30:00.000000-0500,87,s:40~l:54~t:87,notre-dame-fighting-irish,Notre Dame,Fighting Irish,ND,Notre Dame Fighting Irish,Notre Dame,0c2340,c99700,https://a.espncdn.com/i/teamlogos/ncaa/500/87.png,home,61,true,0,0,21,42.3,22,52,0,16,62.5,15,24,13,12,0,0,0,28.6,2,7,33,0,0,0,2540,s:40~l:54~t:2540,uc-santa-barbara-gauchos,UC Santa Barbara,Gauchos,UCSB,UC Santa Barbara Gauchos,UCSB,1D1160,fdb813,https://a.espncdn.com/i/teamlogos/ncaa/500/2540.png,51
254000019,2005,3,2005-03-19,2005-03-19T19:00:00.000000-0500,2393,s:40~l:54~t:2393,middle-tennessee-blue-raiders,Middle Tennessee,Blue Raiders,MTSU,Middle Tennessee Blue Raiders,MTSU,006db6,ffffff,https://a.espncdn.com/i/teamlogos/ncaa/500/2393.png,away,60,true,0,0,12,49.0,25,51,0,16,72.7,8,11,7,8,0,0,0,25.0,2,8,20,0,0,0,152,s:40~l:54~t:152,nc-state-wolfpack,NC State,Wolfpack,NCST,NC State Wolfpack,NC State,EF1216,231f20,https://a.espncdn.com/i/teamlogos/ncaa/500/152.png,58
254000019,2005,3,2005-03-19,2005-03-19T19:00:00.000000-0500,152,s:40~l:54~t:152,nc-state-wolfpack,NC State,Wolfpack,NCST,NC State Wolfpack,NC State,EF1216,231f20,https://a.espncdn.com/i/teamlogos/ncaa/500/152.png,home,58,false,0,0,15,51.2,21,41,0,15,72.2,13,18,10,7,0,0,0,37.5,3,8,22,0,0,0,2393,s:40~l:54~t:2393,middle-tennessee-blue-raiders,Middle Tennessee,Blue Raiders,MTSU,Middle Tennessee Blue Raiders,MTSU,006db6,ffffff,https://a.espncdn.com/i/teamlogos/ncaa/500/2393.png,60
254000008,2005,3,2005-03-19,2005-03-19T19:00:00.000000-0500,295,s:40~l:54~t:295,old-dominion-monarchs,Old Dominion,Monarchs,ODU,Old Dominion Monarchs,Old Dominion,00507d,a1d2f1,https://a.espncdn.com/i/teamlogos/ncaa/500/295.png,away,57,false,0,0,16,34.7,25,72,0,21,50.0,7,14,11,18,0,0,0,0.0,0,3,34,0,0,0,258,s:40~l:54~t:258,virginia-cavaliers,Virginia,Cavaliers,UVA,Virginia Cavaliers,Virginia,f84c1e,ffffff,https://a.espncdn.com/i/teamlogos/ncaa/500/258.png,79
254000008,2005,3,2005-03-19,2005-03-19T19:00:00.000000-0500,258,s:40~l:54~t:258,virginia-cavaliers,Virginia,Cavaliers,UVA,Virginia Cavaliers,Virginia,f84c1e,ffffff,https://a.espncdn.com/i/teamlogos/ncaa/500/258.png,home,79,true,0,0,27,52.9,27,51,0,16,82.6,19,23,22,9,0,0,0,42.9,6,14,36,0,0,0,295,s:40~l:54~t:295,old-dominion-monarchs,Old Dominion,Monarchs,ODU,Old Dominion Monarchs,Old Dominion,00507d,a1d2f1,https://a.espncdn.com/i/teamlogos/ncaa/500/295.png,57
254000042,2005,3,2005-03-19,2005-03-19T20:00:00.000000-0500,254,s:40~l:54~t:254,utah-utes,Utah,Utes,UTAH,Utah Utes,Utah,890012,7e8083,https://a.espncdn.com/i/teamlogos/ncaa/500/254.png,away,73,true,0,0,19,47.4,27,57,0,9,61.9,13,21,14,7,0,0,0,33.3,8,24,26,0,0,0,66,s:40~l:54~t:66,iowa-state-cyclones,Iowa State,Cyclones,ISU,Iowa State Cyclones,Iowa State,822433,fdca2f,https://a.espncdn.com/i/teamlogos/ncaa/500/66.png,61
254000042,2005,3,2005-03-19,2005-03-19T20:00:00.000000-0500,66,s:40~l:54~t:66,iowa-state-cyclones,Iowa State,Cyclones,ISU,Iowa State Cyclones,Iowa State,822433,fdca2f,https://a.espncdn.com/i/teamlogos/ncaa/500/66.png,home,61,false,0,0,27,46.3,25,54,0,17,75.0,3,4,15,5,0,0,0,40.0,8,20,32,0,0,0,254,s:40~l:54~t:254,utah-utes,Utah,Utes,UTAH,Utah Utes,Utah,890012,7e8083,https://a.espncdn.com/i/teamlogos/ncaa/500/254.png,73
254000036,2005,3,2005-03-19,2005-03-19T20:00:00.000000-0500,189,s:40~l:54~t:189,bowling-green-falcons,Bowling Green,Falcons,BGSU,Bowling Green Falcons,Bowling Green,2b1000,492000,https://a.espncdn.com/i/teamlogos/ncaa/500/189.png,away,60,false,0,0,23,31.0,22,71,0,14,55.0,11,20,3,12,0,0,0,25.0,5,20,35,0,0,0,2306,s:40~l:54~t:2306,kansas-state-wildcats,Kansas State,Wildcats,KSU,Kansas State Wildcats,Kansas St,633194,e7d2ad,https://a.espncdn.com/i/teamlogos/ncaa/500/2306.png,70
254000036,2005,3,2005-03-19,2005-03-19T20:00:00.000000-0500,2306,s:40~l:54~t:2306,kansas-state-wildcats,Kansas State,Wildcats,KSU,Kansas State Wildcats,Kansas St,633194,e7d2ad,https://a.espncdn.com/i/teamlogos/ncaa/500/2306.png,home,70,true,0,0,35,38.7,24,62,0,18,88.9,16,18,13,11,0,0,0,36.4,8,22,46,0,0,0,189,s:40~l:54~t:189,bowling-green-falcons,Bowling Green,Falcons,BGSU,Bowling Green Falcons,Bowling Green,2b1000,492000,https://a.espncdn.com/i/teamlogos/ncaa/500/189.png,60
254000020,2005,3,2005-03-19,2005-03-19T21:30:00.000000-0500,250,s:40~l:54~t:250,ut-arlington-mavericks,UT Arlington,Mavericks,UTA,UT Arlington Mavericks,UT Arlington,004b7c,f58024,https://a.espncdn.com/i/teamlogos/ncaa/500/250.png,away,49,false,0,0,14,35.0,21,60,0,15,77.8,7,9,2,12,0,0,0,14.3,2,14,26,0,0,0,2641,s:40~l:54~t:2641,texas-tech-lady-raiders,Texas Tech,Lady Raiders,TTU,Texas Tech Lady Raiders,Texas Tech,C80025,231f20,https://a.espncdn.com/i/teamlogos/ncaa/500/2641.png,69
254000020,2005,3,2005-03-19,2005-03-19T21:30:00.000000-0500,2641,s:40~l:54~t:2641,texas-tech-lady-raiders,Texas Tech,Lady Raiders,TTU,Texas Tech Lady Raiders,Texas Tech,C80025,231f20,https://a.espncdn.com/i/teamlogos/ncaa/500/2641.png,home,69,true,0,0,21,53.8,28,52,0,12,60.0,12,20,21,11,0,0,0,25.0,1,4,32,0,0,0,250,s:40~l:54~t:250,ut-arlington-mavericks,UT Arlington,Mavericks,UTA,UT Arlington Mavericks,UT Arlington,004b7c,f58024,https://a.espncdn.com/i/teamlogos/ncaa/500/250.png,49
254000009,2005,3,2005-03-19,2005-03-19T21:30:00.000000-0500,2598,s:40~l:54~t:2598,st-francis-pa-red-flash,St. Francis (PA),Red Flash,SFPA,St. Francis (PA) Red Flash,St Francis PA,a20012,,https://a.espncdn.com/i/teamlogos/ncaa/500/2598.png,away,33,false,0,0,17,25.6,11,43,0,11,69.2,9,13,0,4,0,0,0,20.0,2,10,21,0,0,0,135,s:40~l:54~t:135,minnesota-golden-gophers,Minnesota,Golden Gophers,MINN,Minnesota Golden Gophers,Minnesota,981a31,981a31,https://a.espncdn.com/i/teamlogos/ncaa/500/135.png,64
254000009,2005,3,2005-03-19,2005-03-19T21:30:00.000000-0500,135,s:40~l:54~t:135,minnesota-golden-gophers,Minnesota,Golden Gophers,MINN,Minnesota Golden Gophers,Minnesota,981a31,981a31,https://a.espncdn.com/i/teamlogos/ncaa/500/135.png,home,64,true,0,0,27,50.0,26,52,0,13,63.6,7,11,31,9,0,0,0,35.7,5,14,36,0,0,0,2598,s:40~l:54~t:2598,st-francis-pa-red-flash,St. Francis (PA),Red Flash,SFPA,St. Francis (PA) Red Flash,St Francis PA,a20012,,https://a.espncdn.com/i/teamlogos/ncaa/500/2598.png,33
254000043,2005,3,2005-03-19,2005-03-19T22:30:00.000000-0500,2541,s:40~l:54~t:2541,santa-clara-broncos,Santa Clara,Broncos,SCU,Santa Clara Broncos,Santa Clara,690b0b,101010,https://a.espncdn.com/i/teamlogos/ncaa/500/2541.png,away,57,false,0,0,13,31.1,19,61,0,26,58.8,10,17,2,7,0,0,0,45.0,9,20,20,0,0,0,24,s:40~l:54~t:24,stanford-cardinal,Stanford,Cardinal,STAN,Stanford Cardinal,Stanford,8c1515,ffffff,https://a.espncdn.com/i/teamlogos/ncaa/500/24.png,94
254000043,2005,3,2005-03-19,2005-03-19T22:30:00.000000-0500,24,s:40~l:54~t:24,stanford-cardinal,Stanford,Cardinal,STAN,Stanford Cardinal,Stanford,8c1515,ffffff,https://a.espncdn.com/i/teamlogos/ncaa/500/24.png,home,94,true,0,0,30,50.9,27,53,0,16,94.3,33,35,38,7,0,0,0,35.0,7,20,37,0,0,0,2541,s:40~l:54~t:2541,santa-clara-broncos,Santa Clara,Broncos,SCU,Santa Clara Broncos,Santa Clara,690b0b,101010,https://a.espncdn.com/i/teamlogos/ncaa/500/2541.png,57
254000035,2005,3,2005-03-19,2005-03-19T22:30:00.000000-0500,149,s:40~l:54~t:149,montana-lady-griz,Montana,Lady Griz,MONT,Montana Lady Griz,Montana,751D4A,666666,https://a.espncdn.com/i/teamlogos/ncaa/500/149.png,away,44,false,0,0,17,41.3,19,46,0,9,80.0,4,5,3,4,0,0,0,30.8,4,13,21,0,0,0,238,s:40~l:54~t:238,vanderbilt-commodores,Vanderbilt,Commodores,VAN,Vanderbilt Commodores,Vanderbilt,000000,231f20,https://a.espncdn.com/i/teamlogos/ncaa/500/238.png,67
254000035,2005,3,2005-03-19,2005-03-19T22:30:00.000000-0500,238,s:40~l:54~t:238,vanderbilt-commodores,Vanderbilt,Commodores,VAN,Vanderbilt Commodores,Vanderbilt,000000,231f20,https://a.espncdn.com/i/teamlogos/ncaa/500/238.png,home,67,true,0,0,20,44.1,26,59,0,9,83.3,10,12,25,5,0,0,0,41.7,5,12,25,0,0,0,149,s:40~l:54~t:149,montana-lady-griz,Montana,Lady Griz,MONT,Montana Lady Griz,Montana,751D4A,666666,https://a.espncdn.com/i/teamlogos/ncaa/500/149.png,44
250710239,2005,2,2005-03-12,2005-03-12T19:00:00.000000-0500,2306,s:40~l:54~t:2306,kansas-state-wildcats,Kansas State,Wildcats,KSU,Kansas State Wildcats,Kansas St,633194,e7d2ad,https://a.espncdn.com/i/teamlogos/ncaa/500/2306.png,away,55,false,0,0,23,38.0,19,50,0,18,68.8,11,16,0,7,0,0,0,30.0,6,20,30,0,0,0,239,s:40~l:54~t:239,baylor-bears,Baylor,Bears,BAY,Baylor Bears,Baylor,154734,ffb81c,https://a.espncdn.com/i/teamlogos/ncaa/500/239.png,68
250710239,2005,2,2005-03-12,2005-03-12T19:00:00.000000-0500,239,s:40~l:54~t:239,baylor-bears,Baylor,Bears,BAY,Baylor Bears,Baylor,154734,ffb81c,https://a.espncdn.com/i/teamlogos/ncaa/500/239.png,home,68,true,0,0,24,45.5,25,55,0,14,60.0,12,20,17,9,0,0,0,46.2,6,13,33,0,0,0,2306,s:40~l:54~t:2306,kansas-state-wildcats,Kansas State,Wildcats,KSU,Kansas State Wildcats,Kansas St,633194,e7d2ad,https://a.espncdn.com/i/teamlogos/ncaa/500/2306.png,55
250690239,2005,2,2005-03-10,2005-03-10T19:00:00.000000-0500,2641,s:40~l:54~t:2641,texas-tech-lady-raiders,Texas Tech,Lady Raiders,TTU,Texas Tech Lady Raiders,Texas Tech,C80025,231f20,https://a.espncdn.com/i/teamlogos/ncaa/500/2641.png,away,57,false,0,0,20,42.1,24,57,0,14,80.0,8,10,8,10,0,0,0,14.3,1,7,30,0,0,0,239,s:40~l:54~t:239,baylor-bears,Baylor,Bears,BAY,Baylor Bears,Baylor,154734,ffb81c,https://a.espncdn.com/i/teamlogos/ncaa/500/239.png,58
250690239,2005,2,2005-03-10,2005-03-10T19:00:00.000000-0500,239,s:40~l:54~t:239,baylor-bears,Baylor,Bears,BAY,Baylor Bears,Baylor,154734,ffb81c,https://a.espncdn.com/i/teamlogos/ncaa/500/239.png,home,58,true,0,0,20,38.3,23,60,0,13,70.6,12,17,4,10,0,0,0,0.0,0,3,30,0,0,0,2641,s:40~l:54~t:2641,texas-tech-lady-raiders,Texas Tech,Lady Raiders,TTU,Texas Tech Lady Raiders,Texas Tech,C80025,231f20,https://a.espncdn.com/i/teamlogos/ncaa/500/2641.png,57
250690251,2005,2,2005-03-10,2005-03-10T21:30:00.000000-0500,2306,s:40~l:54~t:2306,kansas-state-wildcats,Kansas State,Wildcats,KSU,Kansas State Wildcats,Kansas St,633194,e7d2ad,https://a.espncdn.com/i/teamlogos/ncaa/500/2306.png,away,72,true,0,0,25,50.0,28,56,0,13,81.8,9,11,4,6,0,0,0,46.7,7,15,31,0,0,0,251,s:40~l:54~t:251,texas-longhorns,Texas,Longhorns,TEX,Texas Longhorns,Texas,c15d26,ffffff,https://a.espncdn.com/i/teamlogos/ncaa/500/251.png,69
250690251,2005,2,2005-03-10,2005-03-10T21:30:00.000000-0500,251,s:40~l:54~t:251,texas-longhorns,Texas,Longhorns,TEX,Texas Longhorns,Texas,c15d26,ffffff,https://a.espncdn.com/i/teamlogos/ncaa/500/251.png,home,69,false,0,0,20,35.4,23,65,0,11,85.0,17,20,17,15,0,0,0,54.5,6,11,35,0,0,0,2306,s:40~l:54~t:2306,kansas-state-wildcats,Kansas State,Wildcats,KSU,Kansas State Wildcats,Kansas St,633194,e7d2ad,https://a.espncdn.com/i/teamlogos/ncaa/500/2306.png,72
250670164,2005,2,2005-03-08,2005-03-08T19:00:00.000000-0500,41,s:40~l:54~t:41,uconn-huskies,UConn,Huskies,CONN,UConn Huskies,UConn,0c2340,f1f2f3,https://a.espncdn.com/i/teamlogos/ncaa/500/41.png,away,67,true,0,0,28,44.9,22,49,0,16,70.0,21,30,21,13,0,0,0,33.3,4,12,41,0,0,0,164,s:40~l:54~t:164,rutgers-scarlet-knights,Rutgers,Scarlet Knights,RUTG,Rutgers Scarlet Knights,Rutgers,d21034,ffffff,https://a.espncdn.com/i/teamlogos/ncaa/500/164.png,51
250670164,2005,2,2005-03-08,2005-03-08T19:00:00.000000-0500,164,s:40~l:54~t:164,rutgers-scarlet-knights,Rutgers,Scarlet Knights,RUTG,Rutgers Scarlet Knights,Rutgers,d21034,ffffff,https://a.espncdn.com/i/teamlogos/ncaa/500/164.png,home,51,false,0,0,13,32.1,18,56,0,21,65.0,13,20,0,10,0,0,1,25.0,2,8,23,1,0,0,41,s:40~l:54~t:41,uconn-huskies,UConn,Huskies,CONN,UConn Huskies,UConn,0c2340,f1f2f3,https://a.espncdn.com/i/teamlogos/ncaa/500/41.png,67
250660024,2005,2,2005-03-07,2005-03-07T22:30:00.000000-0500,9,s:40~l:54~t:9,arizona-state-sun-devils,Arizona State,Sun Devils,ASU,Arizona State Sun Devils,Arizona State,942139,f1f2f3,https://a.espncdn.com/i/teamlogos/ncaa/500/9.png,away,42,false,0,0,15,32.8,20,61,0,16,50.0,1,2,2,17,0,0,0,25.0,4,16,32,0,0,0,24,s:40~l:54~t:24,stanford-cardinal,Stanford,Cardinal,STAN,Stanford Cardinal,Stanford,8c1515,ffffff,https://a.espncdn.com/i/teamlogos/ncaa/500/24.png,56
250660024,2005,2,2005-03-07,2005-03-07T22:30:00.000000-0500,24,s:40~l:54~t:24,stanford-cardinal,Stanford,Cardinal,STAN,Stanford Cardinal,Stanford,8c1515,ffffff,https://a.espncdn.com/i/teamlogos/ncaa/500/24.png,home,56,true,0,0,18,42.6,20,47,0,12,80.0,12,15,14,8,0,0,0,28.6,4,14,26,0,0,0,9,s:40~l:54~t:9,arizona-state-sun-devils,Arizona State,Sun Devils,ASU,Arizona State Sun Devils,Arizona State,942139,f1f2f3,https://a.espncdn.com/i/teamlogos/ncaa/500/9.png,42
250660153,2005,2,2005-03-07,2005-03-07T19:30:00.000000-0500,150,s:40~l:54~t:150,duke-blue-devils,Duke,Blue Devils,DUKE,Duke Blue Devils,Duke,013088,ffffff,https://a.espncdn.com/i/teamlogos/ncaa/500/150.png,away,67,false,0,0,21,32.4,22,68,0,23,70.8,17,24,8,14,0,0,0,31.6,6,19,35,0,0,0,153,s:40~l:54~t:153,north-carolina-tar-heels,North Carolina,Tar Heels,UNC,North Carolina Tar Heels,North Carolina,7bafd4,13294b,https://a.espncdn.com/i/teamlogos/ncaa/500/153.png,88
250660153,2005,2,2005-03-07,2005-03-07T19:30:00.000000-0500,153,s:40~l:54~t:153,north-carolina-tar-heels,North Carolina,Tar Heels,UNC,North Carolina Tar Heels,North Carolina,7bafd4,13294b,https://a.espncdn.com/i/teamlogos/ncaa/500/153.png,home,88,true,0,0,30,42.9,27,63,0,20,75.0,24,32,25,16,0,0,0,50.0,10,20,46,0,0,0,150,s:40~l:54~t:150,duke-blue-devils,Duke,Blue Devils,DUKE,Duke Blue Devils,Duke,013088,ffffff,https://a.espncdn.com/i/teamlogos/ncaa/500/150.png,67
250660127,2005,2,2005-03-07,2005-03-07T19:00:00.000000-0500,135,s:40~l:54~t:135,minnesota-golden-gophers,Minnesota,Golden Gophers,MINN,Minnesota Golden Gophers,Minnesota,981a31,981a31,https://a.espncdn.com/i/teamlogos/ncaa/500/135.png,away,49,false,0,0,25,26.3,15,57,0,17,86.7,13,15,5,11,0,0,0,42.9,6,14,36,0,0,0,127,s:40~l:54~t:127,michigan-state-spartans,Michigan State,Spartans,MSU,Michigan State Spartans,Michigan St,18453B,ffffff,https://a.espncdn.com/i/teamlogos/ncaa/500/127.png,55
250660127,2005,2,2005-03-07,2005-03-07T19:00:00.000000-0500,127,s:40~l:54~t:127,michigan-state-spartans,Michigan State,Spartans,MSU,Michigan State Spartans,Michigan St,18453B,ffffff,https://a.espncdn.com/i/teamlogos/ncaa/500/127.png,home,55,true,0,0,22,40.4,21,52,0,16,64.7,11,17,10,5,0,0,0,22.2,2,9,27,0,0,0,135,s:40~l:54~t:135,minnesota-golden-gophers,Minnesota,Golden Gophers,MINN,Minnesota Golden Gophers,Minnesota,981a31,981a31,https://a.espncdn.com/i/teamlogos/ncaa/500/135.png,49
250660164,2005,2,2005-03-07,2005-03-07T18:00:00.000000-0500,222,s:40~l:54~t:222,villanova-wildcats,Villanova,Wildcats,VILL,Villanova Wildcats,Villanova,00205b,13b5ea,https://a.espncdn.com/i/teamlogos/ncaa/500/222.png,away,59,false,0,0,14,60.5,23,38,0,15,75.0,3,4,11,0,0,0,0,76.9,10,13,14,0,0,0,164,s:40~l:54~t:164,rutgers-scarlet-knights,Rutgers,Scarlet Knights,RUTG,Rutgers Scarlet Knights,Rutgers,d21034,ffffff,https://a.espncdn.com/i/teamlogos/ncaa/500/164.png,64
250660164,2005,2,2005-03-07,2005-03-07T18:00:00.000000-0500,164,s:40~l:54~t:164,rutgers-scarlet-knights,Rutgers,Scarlet Knights,RUTG,Rutgers Scarlet Knights,Rutgers,d21034,ffffff,https://a.espncdn.com/i/teamlogos/ncaa/500/164.png,home,64,true,0,0,14,45.7,21,46,0,9,95.2,20,21,8,6,0,0,0,40.0,2,5,20,0,0,0,222,s:40~l:54~t:222,villanova-wildcats,Villanova,Wildcats,VILL,Villanova Wildcats,Villanova,00205b,13b5ea,https://a.espncdn.com/i/teamlogos/ncaa/500/222.png,59
250660087,2005,2,2005-03-07,2005-03-07T20:00:00.000000-0500,41,s:40~l:54~t:41,uconn-huskies,UConn,Huskies,CONN,UConn Huskies,UConn,0c2340,f1f2f3,https://a.espncdn.com/i/teamlogos/ncaa/500/41.png,away,67,true,0,0,23,42.4,25,59,0,18,66.7,12,18,25,16,0,0,0,35.7,5,14,39,0,0,0,87,s:40~l:54~t:87,notre-dame-fighting-irish,Notre Dame,Fighting Irish,ND,Notre Dame Fighting Irish,Notre Dame,0c2340,c99700,https://a.espncdn.com/i/teamlogos/ncaa/500/87.png,54
250660087,2005,2,2005-03-07,2005-03-07T20:00:00.000000-0500,87,s:40~l:54~t:87,notre-dame-fighting-irish,Notre Dame,Fighting Irish,ND,Notre Dame Fighting Irish,Notre Dame,0c2340,c99700,https://a.espncdn.com/i/teamlogos/ncaa/500/87.png,home,54,false,0,0,15,32.1,18,56,0,21,66.7,12,18,3,8,0,0,0,54.5,6,11,23,0,0,0,41,s:40~l:54~t:41,uconn-huskies,UConn,Huskies,CONN,UConn Huskies,UConn,0c2340,f1f2f3,https://a.espncdn.com/i/teamlogos/ncaa/500/41.png,67
250650099,2005,2,2005-03-06,2005-03-06T19:00:00.000000-0500,2633,s:40~l:54~t:2633,tennessee-lady-volunteers,Tennessee,Lady Volunteers,TENN,Tennessee Lady Volunteers,Tennessee,ff8200,ffffff,https://a.espncdn.com/i/teamlogos/ncaa/500/2633_ncw.png,away,67,true,0,0,14,44.4,28,63,0,16,77.8,7,9,4,9,0,0,0,26.7,4,15,23,0,0,0,99,s:40~l:54~t:99,lsu-tigers,LSU,Tigers,LSU,LSU Tigers,LSU,461d7c,fdd023,https://a.espncdn.com/i/teamlogos/ncaa/500/99.png,65
250650099,2005,2,2005-03-06,2005-03-06T19:00:00.000000-0500,99,s:40~l:54~t:99,lsu-tigers,LSU,Tigers,LSU,LSU Tigers,LSU,461d7c,fdd023,https://a.espncdn.com/i/teamlogos/ncaa/500/99.png,home,65,false,0,0,17,49.0,24,49,0,13,80.0,16,20,6,9,0,0,0,20.0,1,5,26,0,0,0,2633,s:40~l:54~t:2633,tennessee-lady-volunteers,Tennessee,Lady Volunteers,TENN,Tennessee Lady Volunteers,Tennessee,ff8200,ffffff,https://a.espncdn.com/i/teamlogos/ncaa/500/2633_ncw.png,67
250650024,2005,2,2005-03-06,2005-03-06T18:00:00.000000-0500,30,s:40~l:54~t:30,usc-trojans,USC,Trojans,USC,USC Trojans,USC,9e2237,ffcc00,https://a.espncdn.com/i/teamlogos/ncaa/500/30.png,away,69,false,0,0,21,45.2,28,62,0,17,83.3,5,6,8,11,0,0,0,44.4,8,18,32,0,0,0,24,s:40~l:54~t:24,stanford-cardinal,Stanford,Cardinal,STAN,Stanford Cardinal,Stanford,8c1515,ffffff,https://a.espncdn.com/i/teamlogos/ncaa/500/24.png,73
250650024,2005,2,2005-03-06,2005-03-06T18:00:00.000000-0500,24,s:40~l:54~t:24,stanford-cardinal,Stanford,Cardinal,STAN,Stanford Cardinal,Stanford,8c1515,ffffff,https://a.espncdn.com/i/teamlogos/ncaa/500/24.png,home,73,true,0,0,19,40.3,27,67,0,10,73.3,11,15,9,16,0,0,0,38.1,8,21,35,0,0,0,30,s:40~l:54~t:30,usc-trojans,USC,Trojans,USC,USC Trojans,USC,9e2237,ffcc00,https://a.espncdn.com/i/teamlogos/ncaa/500/30.png,69
250650194,2005,2,2005-03-06,2005-03-06T15:30:00.000000-0500,135,s:40~l:54~t:135,minnesota-golden-gophers,Minnesota,Golden Gophers,MINN,Minnesota Golden Gophers,Minnesota,981a31,981a31,https://a.espncdn.com/i/teamlogos/ncaa/500/135.png,away,66,true,0,0,20,54.0,27,50,0,16,58.8,10,17,5,9,0,0,0,40.0,2,5,29,0,0,0,194,s:40~l:54~t:194,ohio-state-buckeyes,Ohio State,Buckeyes,OSU,Ohio State Buckeyes,Ohio State,ce1141,505056,https://a.espncdn.com/i/teamlogos/ncaa/500/194.png,63
250650194,2005,2,2005-03-06,2005-03-06T15:30:00.000000-0500,194,s:40~l:54~t:194,ohio-state-buckeyes,Ohio State,Buckeyes,OSU,Ohio State Buckeyes,Ohio State,ce1141,505056,https://a.espncdn.com/i/teamlogos/ncaa/500/194.png,home,63,false,0,0,18,42.6,26,61,0,16,70.0,7,10,10,8,0,0,0,25.0,4,16,26,0,0,0,135,s:40~l:54~t:135,minnesota-golden-gophers,Minnesota,Golden Gophers,MINN,Minnesota Golden Gophers,Minnesota,981a31,981a31,https://a.espncdn.com/i/teamlogos/ncaa/500/135.png,66
250650153,2005,2,2005-03-06,2005-03-06T13:00:00.000000-0500,258,s:40~l:54~t:258,virginia-cavaliers,Virginia,Cavaliers,UVA,Virginia Cavaliers,Virginia,f84c1e,ffffff,https://a.espncdn.com/i/teamlogos/ncaa/500/258.png,away,72,false,0,0,25,50.0,23,46,0,23,91.7,22,24,17,5,0,0,0,44.4,4,9,30,0,0,0,153,s:40~l:54~t:153,north-carolina-tar-heels,North Carolina,Tar Heels,UNC,North Carolina Tar Heels,North Carolina,7bafd4,13294b,https://a.espncdn.com/i/teamlogos/ncaa/500/153.png,78
250650153,2005,2,2005-03-06,2005-03-06T13:00:00.000000-0500,153,s:40~l:54~t:153,north-carolina-tar-heels,North Carolina,Tar Heels,UNC,North Carolina Tar Heels,North Carolina,7bafd4,13294b,https://a.espncdn.com/i/teamlogos/ncaa/500/153.png,home,78,true,0,0,12,36.8,25,68,0,20,75.9,22,29,6,9,0,0,0,35.3,6,17,21,0,0,0,258,s:40~l:54~t:258,virginia-cavaliers,Virginia,Cavaliers,UVA,Virginia Cavaliers,Virginia,f84c1e,ffffff,https://a.espncdn.com/i/teamlogos/ncaa/500/258.png,72
250650150,2005,2,2005-03-06,2005-03-06T15:00:00.000000-0500,120,s:40~l:54~t:120,maryland-terrapins,Maryland,Terrapins,MD,Maryland Terrapins,Maryland,D5002B,ffcd00,https://a.espncdn.com/i/teamlogos/ncaa/500/120.png,away,44,false,0,0,12,26.3,15,57,0,20,80.0,12,15,0,7,0,0,0,18.2,2,11,19,0,0,0,150,s:40~l:54~t:150,duke-blue-devils,Duke,Blue Devils,DUKE,Duke Blue Devils,Duke,013088,ffffff,https://a.espncdn.com/i/teamlogos/ncaa/500/150.png,74
250650150,2005,2,2005-03-06,2005-03-06T15:00:00.000000-0500,150,s:40~l:54~t:150,duke-blue-devils,Duke,Blue Devils,DUKE,Duke Blue Devils,Duke,013088,ffffff,https://a.espncdn.com/i/teamlogos/ncaa/500/150.png,home,74,true,0,0,27,46.2,24,52,0,15,88.9,24,27,32,10,0,0,0,20.0,2,10,37,0,0,0,120,s:40~l:54~t:120,maryland-terrapins,Maryland,Terrapins,MD,Maryland Terrapins,Maryland,D5002B,ffcd00,https://a.espncdn.com/i/teamlogos/ncaa/500/120.png,44
250650127,2005,2,2005-03-06,2005-03-06T18:00:00.000000-0500,213,s:40~l:54~t:213,penn-state-lady-lions,Penn State,Lady Lions,PSU,Penn State Lady Lions,Penn State,00265D,002e5c,https://a.espncdn.com/i/teamlogos/ncaa/500/213.png,away,76,false,0,0,15,55.4,31,56,0,25,66.7,6,9,5,8,0,0,0,42.3,11,26,23,0,0,0,127,s:40~l:54~t:127,michigan-state-spartans,Michigan State,Spartans,MSU,Michigan State Spartans,Michigan St,18453B,ffffff,https://a.espncdn.com/i/teamlogos/ncaa/500/127.png,83
250650127,2005,2,2005-03-06,2005-03-06T18:00:00.000000-0500,127,s:40~l:54~t:127,michigan-state-spartans,Michigan State,Spartans,MSU,Michigan State Spartans,Michigan St,18453B,ffffff,https://a.espncdn.com/i/teamlogos/ncaa/500/127.png,home,83,true,0,0,17,57.1,28,49,0,12,84.0,21,25,9,7,0,0,0,54.5,6,11,24,0,0,0,213,s:40~l:54~t:213,penn-state-lady-lions,Penn State,Lady Lions,PSU,Penn State Lady Lions,Penn State,00265D,002e5c,https://a.espncdn.com/i/teamlogos/ncaa/500/213.png,76
250640099,2005,2,2005-03-05,2005-03-05T19:00:00.000000-0500,61,s:40~l:54~t:61,georgia-lady-bulldogs,Georgia,Lady Bulldogs,UGA,Georgia Lady Bulldogs,Georgia,CC0000,000000,https://a.espncdn.com/i/teamlogos/ncaa/500/61.png,away,65,false,0,0,22,44.8,26,58,0,17,75.0,9,12,5,7,0,0,0,22.2,4,18,29,0,0,0,99,s:40~l:54~t:99,lsu-tigers,LSU,Tigers,LSU,LSU Tigers,LSU,461d7c,fdd023,https://a.espncdn.com/i/teamlogos/ncaa/500/99.png,79
250640099,2005,2,2005-03-05,2005-03-05T19:00:00.000000-0500,99,s:40~l:54~t:99,lsu-tigers,LSU,Tigers,LSU,LSU Tigers,LSU,461d7c,fdd023,https://a.espncdn.com/i/teamlogos/ncaa/500/99.png,home,79,true,0,0,21,49.2,32,65,0,11,78.9,15,19,14,10,0,0,0,0.0,0,2,31,0,0,0,61,s:40~l:54~t:61,georgia-lady-bulldogs,Georgia,Lady Bulldogs,UGA,Georgia Lady Bulldogs,Georgia,CC0000,000000,https://a.espncdn.com/i/teamlogos/ncaa/500/61.png,65
250642633,2005,2,2005-03-05,2005-03-05T21:15:00.000000-0500,238,s:40~l:54~t:238,vanderbilt-commodores,Vanderbilt,Commodores,VAN,Vanderbilt Commodores,Vanderbilt,000000,231f20,https://a.espncdn.com/i/teamlogos/ncaa/500/238.png,away,73,false,0,0,16,57.7,30,52,0,10,33.3,2,6,7,4,0,0,0,52.4,11,21,20,0,0,0,2633,s:40~l:54~t:2633,tennessee-lady-volunteers,Tennessee,Lady Volunteers,TENN,Tennessee Lady Volunteers,Tennessee,ff8200,ffffff,https://a.espncdn.com/i/teamlogos/ncaa/500/2633_ncw.png,76
250642633,2005,2,2005-03-05,2005-03-05T21:15:00.000000-0500,2633,s:40~l:54~t:2633,tennessee-lady-volunteers,Tennessee,Lady Volunteers,TENN,Tennessee Lady Volunteers,Tennessee,ff8200,ffffff,https://a.espncdn.com/i/teamlogos/ncaa/500/2633_ncw.png,home,76,true,0,0,15,50.0,30,60,0,10,81.8,9,11,11,9,0,0,0,53.8,7,13,24,0,0,0,238,s:40~l:54~t:238,vanderbilt-commodores,Vanderbilt,Commodores,VAN,Vanderbilt Commodores,Vanderbilt,000000,231f20,https://a.espncdn.com/i/teamlogos/ncaa/500/238.png,73
250600277,2005,2,2005-03-01,2005-03-01T19:00:00.000000-0500,41,s:40~l:54~t:41,uconn-huskies,UConn,Huskies,CONN,UConn Huskies,UConn,0c2340,f1f2f3,https://a.espncdn.com/i/teamlogos/ncaa/500/41.png,away,71,true,0,0,25,49.1,26,53,0,18,72.2,13,18,31,10,0,0,0,40.0,6,15,35,0,0,0,277,s:40~l:54~t:277,west-virginia-mountaineers,West Virginia,Mountaineers,WVU,West Virginia Mountaineers,West Virginia,FFC600,eaaa00,https://a.espncdn.com/i/teamlogos/ncaa/500/277.png,41
250600277,2005,2,2005-03-01,2005-03-01T19:00:00.000000-0500,277,s:40~l:54~t:277,west-virginia-mountaineers,West Virginia,Mountaineers,WVU,West Virginia Mountaineers,West Virginia,FFC600,eaaa00,https://a.espncdn.com/i/teamlogos/ncaa/500/277.png,home,41,false,0,0,14,26.0,13,50,0,16,66.7,10,15,5,10,0,0,0,25.0,5,20,24,0,0,0,41,s:40~l:54~t:41,uconn-huskies,UConn,Huskies,CONN,UConn Huskies,UConn,0c2340,f1f2f3,https://a.espncdn.com/i/teamlogos/ncaa/500/41.png,71
250580099,2005,2,2005-02-27,2005-02-27T14:00:00.000000-0500,57,s:40~l:54~t:57,florida-gators,Florida,Gators,FLA,Florida Gators,Florida,0021a5,fa4616,https://a.espncdn.com/i/teamlogos/ncaa/500/57.png,away,52,false,0,0,15,34.0,17,50,0,18,78.9,15,19,2,12,0,0,0,35.7,5,14,27,0,0,0,99,s:40~l:54~t:99,lsu-tigers,LSU,Tigers,LSU,LSU Tigers,LSU,461d7c,fdd023,https://a.espncdn.com/i/teamlogos/ncaa/500/99.png,76
250580099,2005,2,2005-02-27,2005-02-27T14:00:00.000000-0500,99,s:40~l:54~t:99,lsu-tigers,LSU,Tigers,LSU,LSU Tigers,LSU,461d7c,fdd023,https://a.espncdn.com/i/teamlogos/ncaa/500/99.png,home,76,true,0,0,16,55.8,29,52,0,18,59.1,13,22,24,10,0,0,0,54.5,6,11,26,0,0,0,57,s:40~l:54~t:57,florida-gators,Florida,Gators,FLA,Florida Gators,Florida,0021a5,fa4616,https://a.espncdn.com/i/teamlogos/ncaa/500/57.png,52
250580150,2005,2,2005-02-27,2005-02-27T20:00:00.000000-0500,153,s:40~l:54~t:153,north-carolina-tar-heels,North Carolina,Tar Heels,UNC,North Carolina Tar Heels,North Carolina,7bafd4,13294b,https://a.espncdn.com/i/teamlogos/ncaa/500/153.png,away,77,true,0,0,17,41.1,23,56,0,17,87.1,27,31,10,13,0,0,0,22.2,4,18,30,0,0,0,150,s:40~l:54~t:150,duke-blue-devils,Duke,Blue Devils,DUKE,Duke Blue Devils,Duke,013088,ffffff,https://a.espncdn.com/i/teamlogos/ncaa/500/150.png,68
250580150,2005,2,2005-02-27,2005-02-27T20:00:00.000000-0500,150,s:40~l:54~t:150,duke-blue-devils,Duke,Blue Devils,DUKE,Duke Blue Devils,Duke,013088,ffffff,https://a.espncdn.com/i/teamlogos/ncaa/500/150.png,home,68,false,0,0,15,45.8,27,59,0,25,50.0,6,12,5,9,0,0,0,40.0,8,20,24,0,0,0,153,s:40~l:54~t:153,north-carolina-tar-heels,North Carolina,Tar Heels,UNC,North Carolina Tar Heels,North Carolina,7bafd4,13294b,https://a.espncdn.com/i/teamlogos/ncaa/500/153.png,77
250580061,2005,2,2005-02-27,2005-02-27T15:00:00.000000-0500,238,s:40~l:54~t:238,vanderbilt-commodores,Vanderbilt,Commodores,VAN,Vanderbilt Commodores,Vanderbilt,000000,231f20,https://a.espncdn.com/i/teamlogos/ncaa/500/238.png,away,66,true,0,0,29,40.4,21,52,0,12,75.0,18,24,10,5,0,0,1,50.0,6,12,34,1,0,0,61,s:40~l:54~t:61,georgia-lady-bulldogs,Georgia,Lady Bulldogs,UGA,Georgia Lady Bulldogs,Georgia,CC0000,000000,https://a.espncdn.com/i/teamlogos/ncaa/500/61.png,59
250580061,2005,2,2005-02-27,2005-02-27T15:00:00.000000-0500,61,s:40~l:54~t:61,georgia-lady-bulldogs,Georgia,Lady Bulldogs,UGA,Georgia Lady Bulldogs,Georgia,CC0000,000000,https://a.espncdn.com/i/teamlogos/ncaa/500/61.png,home,59,false,0,0,22,36.7,22,60,0,16,69.2,9,13,9,10,0,0,0,25.0,6,24,32,0,0,0,238,s:40~l:54~t:238,vanderbilt-commodores,Vanderbilt,Commodores,VAN,Vanderbilt Commodores,Vanderbilt,000000,231f20,https://a.espncdn.com/i/teamlogos/ncaa/500/238.png,66
250570103,2005,2,2005-02-26,2005-02-26T19:00:00.000000-0500,41,s:40~l:54~t:41,uconn-huskies,UConn,Huskies,CONN,UConn Huskies,UConn,0c2340,f1f2f3,https://a.espncdn.com/i/teamlogos/ncaa/500/41.png,away,48,false,0,0,17,37.3,19,51,0,19,63.6,7,11,3,9,0,0,0,21.4,3,14,26,0,0,0,103,s:40~l:54~t:103,boston-college-eagles,Boston College,Eagles,BC,Boston College Eagles,Boston College,8c2232,dbcca6,https://a.espncdn.com/i/teamlogos/ncaa/500/103.png,51
250570103,2005,2,2005-02-26,2005-02-26T19:00:00.000000-0500,103,s:40~l:54~t:103,boston-college-eagles,Boston College,Eagles,BC,Boston College Eagles,Boston College,8c2232,dbcca6,https://a.espncdn.com/i/teamlogos/ncaa/500/103.png,home,51,true,0,0,15,36.2,17,47,0,13,65.2,15,23,7,8,0,0,0,66.7,2,3,23,0,0,0,41,s:40~l:54~t:41,uconn-huskies,UConn,Huskies,CONN,UConn Huskies,UConn,0c2340,f1f2f3,https://a.espncdn.com/i/teamlogos/ncaa/500/41.png,48
250550008,2005,2,2005-02-24,2005-02-24T20:00:00.000000-0500,99,s:40~l:54~t:99,lsu-tigers,LSU,Tigers,LSU,LSU Tigers,LSU,461d7c,fdd023,https://a.espncdn.com/i/teamlogos/ncaa/500/99.png,away,90,true,0,0,27,53.3,32,60,0,16,92.0,23,25,28,13,0,0,0,42.9,3,7,40,0,0,0,8,s:40~l:54~t:8,arkansas-razorbacks,Arkansas,Razorbacks,ARK,Arkansas Razorbacks,Arkansas,a41f35,222222,https://a.espncdn.com/i/teamlogos/ncaa/500/8.png,64
250550008,2005,2,2005-02-24,2005-02-24T20:00:00.000000-0500,8,s:40~l:54~t:8,arkansas-razorbacks,Arkansas,Razorbacks,ARK,Arkansas Razorbacks,Arkansas,a41f35,222222,https://a.espncdn.com/i/teamlogos/ncaa/500/8.png,home,64,false,0,0,10,30.6,19,62,0,23,84.2,16,19,1,9,0,0,0,47.6,10,21,19,0,0,0,99,s:40~l:54~t:99,lsu-tigers,LSU,Tigers,LSU,LSU Tigers,LSU,461d7c,fdd023,https://a.espncdn.com/i/teamlogos/ncaa/500/99.png,90
250530041,2005,2,2005-02-22,2005-02-22T19:30:00.000000-0500,221,s:40~l:54~t:221,pittsburgh-panthers,Pittsburgh,Panthers,PITT,Pittsburgh Panthers,Pitt,003263,231f20,https://a.espncdn.com/i/teamlogos/ncaa/500/221.png,away,49,false,0,0,16,30.0,18,60,0,18,69.2,9,13,1,11,0,0,0,22.2,4,18,27,0,0,0,41,s:40~l:54~t:41,uconn-huskies,UConn,Huskies,CONN,UConn Huskies,UConn,0c2340,f1f2f3,https://a.espncdn.com/i/teamlogos/ncaa/500/41.png,97
250530041,2005,2,2005-02-22,2005-02-22T19:30:00.000000-0500,41,s:40~l:54~t:41,uconn-huskies,UConn,Huskies,CONN,UConn Huskies,UConn,0c2340,f1f2f3,https://a.espncdn.com/i/teamlogos/ncaa/500/41.png,home,97,true,0,0,27,47.3,35,74,0,12,79.2,19,24,48,17,0,0,0,36.4,8,22,44,0,0,0,221,s:40~l:54~t:221,pittsburgh-panthers,Pittsburgh,Panthers,PITT,Pittsburgh Panthers,Pitt,003263,231f20,https://a.espncdn.com/i/teamlogos/ncaa/500/221.png,49
250510127,2005,2,2005-02-20,2005-02-20T14:00:00.000000-0500,194,s:40~l:54~t:194,ohio-state-buckeyes,Ohio State,Buckeyes,OSU,Ohio State Buckeyes,Ohio State,ce1141,505056,https://a.espncdn.com/i/teamlogos/ncaa/500/194.png,away,64,false,0,0,24,50.0,26,52,0,10,87.5,7,8,4,5,0,0,0,50.0,5,10,29,0,0,0,127,s:40~l:54~t:127,michigan-state-spartans,Michigan State,Spartans,MSU,Michigan State Spartans,Michigan St,18453B,ffffff,https://a.espncdn.com/i/teamlogos/ncaa/500/127.png,66
250510127,2005,2,2005-02-20,2005-02-20T14:00:00.000000-0500,127,s:40~l:54~t:127,michigan-state-spartans,Michigan State,Spartans,MSU,Michigan State Spartans,Michigan St,18453B,ffffff,https://a.espncdn.com/i/teamlogos/ncaa/500/127.png,home,66,true,0,0,18,39.4,26,66,0,7,91.7,11,12,12,8,0,0,0,30.0,3,10,26,0,0,0,194,s:40~l:54~t:194,ohio-state-buckeyes,Ohio State,Buckeyes,OSU,Ohio State Buckeyes,Ohio State,ce1141,505056,https://a.espncdn.com/i/teamlogos/ncaa/500/194.png,64
250510059,2005,2,2005-02-20,2005-02-20T13:00:00.000000-0500,150,s:40~l:54~t:150,duke-blue-devils,Duke,Blue Devils,DUKE,Duke Blue Devils,Duke,013088,ffffff,https://a.espncdn.com/i/teamlogos/ncaa/500/150.png,away,73,true,0,0,18,51.1,24,47,0,19,65.4,17,26,23,10,0,0,0,66.7,8,12,28,0,0,0,59,s:40~l:54~t:59,georgia-tech-yellow-jackets,Georgia Tech,Yellow Jackets,GT,Georgia Tech Yellow Jackets,Georgia Tech,00223e,002c56,https://a.espncdn.com/i/teamlogos/ncaa/500/59.png,55
250510059,2005,2,2005-02-20,2005-02-20T13:00:00.000000-0500,59,s:40~l:54~t:59,georgia-tech-yellow-jackets,Georgia Tech,Yellow Jackets,GT,Georgia Tech Yellow Jackets,Georgia Tech,00223e,002c56,https://a.espncdn.com/i/teamlogos/ncaa/500/59.png,home,55,false,0,0,15,27.6,16,58,0,20,74.1,20,27,2,18,0,0,0,20.0,3,15,33,0,0,0,150,s:40~l:54~t:150,duke-blue-devils,Duke,Blue Devils,DUKE,Duke Blue Devils,Duke,013088,ffffff,https://a.espncdn.com/i/teamlogos/ncaa/500/150.png,73
250510026,2005,2,2005-02-20,2005-02-20T14:00:00.000000-0500,24,s:40~l:54~t:24,stanford-cardinal,Stanford,Cardinal,STAN,Stanford Cardinal,Stanford,8c1515,ffffff,https://a.espncdn.com/i/teamlogos/ncaa/500/24.png,away,81,true,0,0,26,43.3,26,60,0,16,80.0,20,25,15,10,0,0,0,42.9,9,21,36,0,0,0,26,s:40~l:54~t:26,ucla-bruins,UCLA,Bruins,UCLA,UCLA Bruins,UCLA,2774ae,f2a900,https://a.espncdn.com/i/teamlogos/ncaa/500/26.png,68
250510026,2005,2,2005-02-20,2005-02-20T14:00:00.000000-0500,26,s:40~l:54~t:26,ucla-bruins,UCLA,Bruins,UCLA,UCLA Bruins,UCLA,2774ae,f2a900,https://a.espncdn.com/i/teamlogos/ncaa/500/26.png,home,68,false,0,0,22,34.8,23,66,0,24,71.4,20,28,8,11,0,0,0,12.5,2,16,33,0,0,0,24,s:40~l:54~t:24,stanford-cardinal,Stanford,Cardinal,STAN,Stanford Cardinal,Stanford,8c1515,ffffff,https://a.espncdn.com/i/teamlogos/ncaa/500/24.png,81
250510153,2005,2,2005-02-20,2005-02-20T16:00:00.000000-0500,152,s:40~l:54~t:152,nc-state-wolfpack,NC State,Wolfpack,NCST,NC State Wolfpack,NC State,EF1216,231f20,https://a.espncdn.com/i/teamlogos/ncaa/500/152.png,away,72,false,0,0,28,39.7,31,78,0,20,28.6,2,7,7,17,0,0,0,32.0,8,25,45,0,0,0,153,s:40~l:54~t:153,north-carolina-tar-heels,North Carolina,Tar Heels,UNC,North Carolina Tar Heels,North Carolina,7bafd4,13294b,https://a.espncdn.com/i/teamlogos/ncaa/500/153.png,75
250510153,2005,2,2005-02-20,2005-02-20T16:00:00.000000-0500,153,s:40~l:54~t:153,north-carolina-tar-heels,North Carolina,Tar Heels,UNC,North Carolina Tar Heels,North Carolina,7bafd4,13294b,https://a.espncdn.com/i/teamlogos/ncaa/500/153.png,home,75,true,0,0,26,36.8,28,76,0,16,71.4,15,21,4,18,0,0,0,30.8,4,13,44,0,0,0,152,s:40~l:54~t:152,nc-state-wolfpack,NC State,Wolfpack,NCST,NC State Wolfpack,NC State,EF1216,231f20,https://a.espncdn.com/i/teamlogos/ncaa/500/152.png,72
250500041,2005,2,2005-02-19,2005-02-19T14:00:00.000000-0500,183,s:40~l:54~t:183,syracuse-orange,Syracuse,Orange,SYR,Syracuse Orange,Syracuse,ff6500,000e54,https://a.espncdn.com/i/teamlogos/ncaa/500/183.png,away,49,false,0,0,18,31.7,20,63,0,8,50.0,1,2,0,5,0,0,0,38.1,8,21,23,0,0,0,41,s:40~l:54~t:41,uconn-huskies,UConn,Huskies,CONN,UConn Huskies,UConn,0c2340,f1f2f3,https://a.espncdn.com/i/teamlogos/ncaa/500/41.png,85
250500041,2005,2,2005-02-19,2005-02-19T14:00:00.000000-0500,41,s:40~l:54~t:41,uconn-huskies,UConn,Huskies,CONN,UConn Huskies,UConn,0c2340,f1f2f3,https://a.espncdn.com/i/teamlogos/ncaa/500/41.png,home,85,true,0,0,35,48.0,36,75,0,4,100.0,5,5,38,13,0,0,0,47.1,8,17,48,0,0,0,183,s:40~l:54~t:183,syracuse-orange,Syracuse,Orange,SYR,Syracuse Orange,Syracuse,ff6500,000e54,https://a.espncdn.com/i/teamlogos/ncaa/500/183.png,49
250480099,2005,2,2005-02-17,2005-02-17T20:00:00.000000-0500,96,s:40~l:54~t:96,kentucky-wildcats,Kentucky,Wildcats,UK,Kentucky Wildcats,Kentucky,005DAA,ffffff,https://a.espncdn.com/i/teamlogos/ncaa/500/96.png,away,58,false,0,0,15,42.9,21,49,0,15,73.7,14,19,2,8,0,0,0,28.6,2,7,23,0,0,0,99,s:40~l:54~t:99,lsu-tigers,LSU,Tigers,LSU,LSU Tigers,LSU,461d7c,fdd023,https://a.espncdn.com/i/teamlogos/ncaa/500/99.png,81
250480099,2005,2,2005-02-17,2005-02-17T20:00:00.000000-0500,99,s:40~l:54~t:99,lsu-tigers,LSU,Tigers,LSU,LSU Tigers,LSU,461d7c,fdd023,https://a.espncdn.com/i/teamlogos/ncaa/500/99.png,home,81,true,0,0,16,50.0,33,66,0,15,68.8,11,16,29,16,0,0,0,40.0,4,10,32,0,0,0,96,s:40~l:54~t:96,kentucky-wildcats,Kentucky,Wildcats,UK,Kentucky Wildcats,Kentucky,005DAA,ffffff,https://a.espncdn.com/i/teamlogos/ncaa/500/96.png,58
250480194,2005,2,2005-02-17,2005-02-17T20:00:00.000000-0500,135,s:40~l:54~t:135,minnesota-golden-gophers,Minnesota,Golden Gophers,MINN,Minnesota Golden Gophers,Minnesota,981a31,981a31,https://a.espncdn.com/i/teamlogos/ncaa/500/135.png,away,53,false,0,0,21,33.9,19,56,0,16,80.0,12,15,6,7,0,0,1,23.1,3,13,28,1,0,0,194,s:40~l:54~t:194,ohio-state-buckeyes,Ohio State,Buckeyes,OSU,Ohio State Buckeyes,Ohio State,ce1141,505056,https://a.espncdn.com/i/teamlogos/ncaa/500/194.png,65
250480194,2005,2,2005-02-17,2005-02-17T20:00:00.000000-0500,194,s:40~l:54~t:194,ohio-state-buckeyes,Ohio State,Buckeyes,OSU,Ohio State Buckeyes,Ohio State,ce1141,505056,https://a.espncdn.com/i/teamlogos/ncaa/500/194.png,home,65,true,0,0,24,51.0,25,49,0,9,66.7,12,18,13,4,0,0,1,25.0,3,12,28,1,0,0,135,s:40~l:54~t:135,minnesota-golden-gophers,Minnesota,Golden Gophers,MINN,Minnesota Golden Gophers,Minnesota,981a31,981a31,https://a.espncdn.com/i/teamlogos/ncaa/500/135.png,53
250482633,2005,2,2005-02-17,2005-02-17T19:00:00.000000-0500,2579,s:40~l:54~t:2579,south-carolina-gamecocks,South Carolina,Gamecocks,SC,South Carolina Gamecocks,South Carolina,73000a,ffffff,https://a.espncdn.com/i/teamlogos/ncaa/500/2579.png,away,44,false,0,0,18,39.1,18,46,0,16,66.7,6,9,1,6,0,0,0,25.0,2,8,24,0,0,0,2633,s:40~l:54~t:2633,tennessee-lady-volunteers,Tennessee,Lady Volunteers,TENN,Tennessee Lady Volunteers,Tennessee,ff8200,ffffff,https://a.espncdn.com/i/teamlogos/ncaa/500/2633_ncw.png,74
250482633,2005,2,2005-02-17,2005-02-17T19:00:00.000000-0500,2633,s:40~l:54~t:2633,tennessee-lady-volunteers,Tennessee,Lady Volunteers,TENN,Tennessee Lady Volunteers,Tennessee,ff8200,ffffff,https://a.espncdn.com/i/teamlogos/ncaa/500/2633_ncw.png,home,74,true,0,0,17,45.5,30,66,0,16,64.3,9,14,32,14,0,0,0,55.6,5,9,31,0,0,0,2579,s:40~l:54~t:2579,south-carolina-gamecocks,South Carolina,Gamecocks,SC,South Carolina Gamecocks,South Carolina,73000a,ffffff,https://a.espncdn.com/i/teamlogos/ncaa/500/2579.png,44
250460103,2005,2,2005-02-15,2005-02-15T19:00:00.000000-0500,87,s:40~l:54~t:87,notre-dame-fighting-irish,Notre Dame,Fighting Irish,ND,Notre Dame Fighting Irish,Notre Dame,0c2340,c99700,https://a.espncdn.com/i/teamlogos/ncaa/500/87.png,away,54,true,0,0,18,35.2,19,54,0,12,80.0,16,20,7,10,0,0,0,0.0,0,5,28,0,0,0,103,s:40~l:54~t:103,boston-college-eagles,Boston College,Eagles,BC,Boston College Eagles,Boston College,8c2232,dbcca6,https://a.espncdn.com/i/teamlogos/ncaa/500/103.png,47
250460103,2005,2,2005-02-15,2005-02-15T19:00:00.000000-0500,103,s:40~l:54~t:103,boston-college-eagles,Boston College,Eagles,BC,Boston College Eagles,Boston College,8c2232,dbcca6,https://a.espncdn.com/i/teamlogos/ncaa/500/103.png,home,47,false,0,0,22,38.8,19,49,0,17,66.7,4,6,15,6,0,0,0,31.3,5,16,28,0,0,0,87,s:40~l:54~t:87,notre-dame-fighting-irish,Notre Dame,Fighting Irish,ND,Notre Dame Fighting Irish,Notre Dame,0c2340,c99700,https://a.espncdn.com/i/teamlogos/ncaa/500/87.png,54
250440120,2005,2,2005-02-13,2005-02-13T15:00:00.000000-0500,150,s:40~l:54~t:150,duke-blue-devils,Duke,Blue Devils,DUKE,Duke Blue Devils,Duke,013088,ffffff,https://a.espncdn.com/i/teamlogos/ncaa/500/150.png,away,60,true,0,0,33,36.4,20,55,0,8,78.9,15,19,11,9,0,0,0,31.3,5,16,42,0,0,0,120,s:40~l:54~t:120,maryland-terrapins,Maryland,Terrapins,MD,Maryland Terrapins,Maryland,D5002B,ffcd00,https://a.espncdn.com/i/teamlogos/ncaa/500/120.png,49
250440120,2005,2,2005-02-13,2005-02-13T15:00:00.000000-0500,120,s:40~l:54~t:120,maryland-terrapins,Maryland,Terrapins,MD,Maryland Terrapins,Maryland,D5002B,ffcd00,https://a.espncdn.com/i/teamlogos/ncaa/500/120.png,home,49,false,0,0,21,34.8,23,66,0,15,16.7,1,6,5,10,0,0,0,16.7,2,12,31,0,0,0,150,s:40~l:54~t:150,duke-blue-devils,Duke,Blue Devils,DUKE,Duke Blue Devils,Duke,013088,ffffff,https://a.espncdn.com/i/teamlogos/ncaa/500/150.png,60
250442633,2005,2,2005-02-13,2005-02-13T15:00:00.000000-0500,238,s:40~l:54~t:238,vanderbilt-commodores,Vanderbilt,Commodores,VAN,Vanderbilt Commodores,Vanderbilt,000000,231f20,https://a.espncdn.com/i/teamlogos/ncaa/500/238.png,away,63,false,0,0,16,45.5,25,55,0,20,80.0,8,10,3,5,0,0,0,25.0,5,20,21,0,0,0,2633,s:40~l:54~t:2633,tennessee-lady-volunteers,Tennessee,Lady Volunteers,TENN,Tennessee Lady Volunteers,Tennessee,ff8200,ffffff,https://a.espncdn.com/i/teamlogos/ncaa/500/2633_ncw.png,72
250442633,2005,2,2005-02-13,2005-02-13T15:00:00.000000-0500,2633,s:40~l:54~t:2633,tennessee-lady-volunteers,Tennessee,Lady Volunteers,TENN,Tennessee Lady Volunteers,Tennessee,ff8200,ffffff,https://a.espncdn.com/i/teamlogos/ncaa/500/2633_ncw.png,home,72,true,0,0,21,49.1,27,55,0,16,65.2,15,23,16,13,0,0,0,30.0,3,10,34,0,0,0,238,s:40~l:54~t:238,vanderbilt-commodores,Vanderbilt,Commodores,VAN,Vanderbilt Commodores,Vanderbilt,000000,231f20,https://a.espncdn.com/i/teamlogos/ncaa/500/238.png,63
250440164,2005,2,2005-02-13,2005-02-13T17:00:00.000000-0500,41,s:40~l:54~t:41,uconn-huskies,UConn,Huskies,CONN,UConn Huskies,UConn,0c2340,f1f2f3,https://a.espncdn.com/i/teamlogos/ncaa/500/41.png,away,62,false,0,0,16,44.0,22,50,0,22,73.3,11,15,0,9,0,0,0,38.9,7,18,25,0,0,0,164,s:40~l:54~t:164,rutgers-scarlet-knights,Rutgers,Scarlet Knights,RUTG,Rutgers Scarlet Knights,Rutgers,d21034,ffffff,https://a.espncdn.com/i/teamlogos/ncaa/500/164.png,76
250440164,2005,2,2005-02-13,2005-02-13T17:00:00.000000-0500,164,s:40~l:54~t:164,rutgers-scarlet-knights,Rutgers,Scarlet Knights,RUTG,Rutgers Scarlet Knights,Rutgers,d21034,ffffff,https://a.espncdn.com/i/teamlogos/ncaa/500/164.png,home,76,true,0,0,16,50.0,26,52,0,18,82.1,23,28,17,5,0,0,0,36.4,4,11,21,0,0,0,41,s:40~l:54~t:41,uconn-huskies,UConn,Huskies,CONN,UConn Huskies,UConn,0c2340,f1f2f3,https://a.espncdn.com/i/teamlogos/ncaa/500/41.png,62
250440135,2005,2,2005-02-13,2005-02-13T17:00:00.000000-0500,2509,s:40~l:54~t:2509,purdue-boilermakers,Purdue,Boilermakers,PUR,Purdue Boilermakers,Purdue,000000,cfb991,https://a.espncdn.com/i/teamlogos/ncaa/500/2509.png,away,49,false,0,0,14,34.9,15,43,0,18,93.8,15,16,0,3,0,0,0,25.0,2,8,17,0,0,0,135,s:40~l:54~t:135,minnesota-golden-gophers,Minnesota,Golden Gophers,MINN,Minnesota Golden Gophers,Minnesota,981a31,981a31,https://a.espncdn.com/i/teamlogos/ncaa/500/135.png,71
250440135,2005,2,2005-02-13,2005-02-13T17:00:00.000000-0500,135,s:40~l:54~t:135,minnesota-golden-gophers,Minnesota,Golden Gophers,MINN,Minnesota Golden Gophers,Minnesota,981a31,981a31,https://a.espncdn.com/i/teamlogos/ncaa/500/135.png,home,71,true,0,0,17,48.0,24,50,0,15,85.0,17,20,24,3,0,0,0,60.0,6,10,20,0,0,0,2509,s:40~l:54~t:2509,purdue-boilermakers,Purdue,Boilermakers,PUR,Purdue Boilermakers,Purdue,000000,cfb991,https://a.espncdn.com/i/teamlogos/ncaa/500/2509.png,49
250440251,2005,2,2005-02-13,2005-02-13T17:00:00.000000-0500,2641,s:40~l:54~t:2641,texas-tech-lady-raiders,Texas Tech,Lady Raiders,TTU,Texas Tech Lady Raiders,Texas Tech,C80025,231f20,https://a.espncdn.com/i/teamlogos/ncaa/500/2641.png,away,43,false,0,0,20,28.3,17,60,0,22,62.5,10,16,2,14,0,0,0,0.0,0,13,34,0,0,0,251,s:40~l:54~t:251,texas-longhorns,Texas,Longhorns,TEX,Texas Longhorns,Texas,c15d26,ffffff,https://a.espncdn.com/i/teamlogos/ncaa/500/251.png,64
250440251,2005,2,2005-02-13,2005-02-13T17:00:00.000000-0500,251,s:40~l:54~t:251,texas-longhorns,Texas,Longhorns,TEX,Texas Longhorns,Texas,c15d26,ffffff,https://a.espncdn.com/i/teamlogos/ncaa/500/251.png,home,64,true,0,0,25,35.4,23,65,0,17,77.3,17,22,24,16,0,0,0,9.1,1,11,41,0,0,0,2641,s:40~l:54~t:2641,texas-tech-lady-raiders,Texas Tech,Lady Raiders,TTU,Texas Tech Lady Raiders,Texas Tech,C80025,231f20,https://a.espncdn.com/i/teamlogos/ncaa/500/2641.png,43
250440305,2005,2,2005-02-13,2005-02-13T15:00:00.000000-0500,2628,s:40~l:54~t:2628,tcu-horned-frogs,TCU,Horned Frogs,TCU,TCU Horned Frogs,TCU,4d1979,f1f2f3,https://a.espncdn.com/i/teamlogos/ncaa/500/2628.png,away,81,false,0,0,21,51.4,37,72,0,19,26.7,4,15,2,13,0,0,0,23.1,3,13,34,0,0,0,305,s:40~l:54~t:305,depaul-blue-demons,DePaul,Blue Demons,DEP,DePaul Blue Demons,DePaul,2d649c,ce1125,https://a.espncdn.com/i/teamlogos/ncaa/500/305.png,84
250440305,2005,2,2005-02-13,2005-02-13T15:00:00.000000-0500,305,s:40~l:54~t:305,depaul-blue-demons,DePaul,Blue Demons,DEP,DePaul Blue Demons,DePaul,2d649c,ce1125,https://a.espncdn.com/i/teamlogos/ncaa/500/305.png,home,84,true,0,0,24,41.7,30,72,0,16,65.2,15,23,18,16,0,0,0,42.9,9,21,40,0,0,0,2628,s:40~l:54~t:2628,tcu-horned-frogs,TCU,Horned Frogs,TCU,TCU Horned Frogs,TCU,4d1979,f1f2f3,https://a.espncdn.com/i/teamlogos/ncaa/500/2628.png,81
250440201,2005,2,2005-02-13,2005-02-13T15:00:00.000000-0500,2306,s:40~l:54~t:2306,kansas-state-wildcats,Kansas State,Wildcats,KSU,Kansas State Wildcats,Kansas St,633194,e7d2ad,https://a.espncdn.com/i/teamlogos/ncaa/500/2306.png,away,61,false,0,0,19,47.1,24,51,0,19,83.3,10,12,9,7,0,0,0,35.3,6,17,26,0,0,0,201,s:40~l:54~t:201,oklahoma-sooners,Oklahoma,Sooners,OU,Oklahoma Sooners,Oklahoma,9d2235,ffffff,https://a.espncdn.com/i/teamlogos/ncaa/500/201.png,77
250440201,2005,2,2005-02-13,2005-02-13T15:00:00.000000-0500,201,s:40~l:54~t:201,oklahoma-sooners,Oklahoma,Sooners,OU,Oklahoma Sooners,Oklahoma,9d2235,ffffff,https://a.espncdn.com/i/teamlogos/ncaa/500/201.png,home,77,true,0,0,15,49.1,27,55,0,12,66.7,14,21,24,6,0,0,0,56.3,9,16,21,0,0,0,2306,s:40~l:54~t:2306,kansas-state-wildcats,Kansas State,Wildcats,KSU,Kansas State Wildcats,Kansas St,633194,e7d2ad,https://a.espncdn.com/i/teamlogos/ncaa/500/2306.png,61
250410099,2005,2,2005-02-10,2005-02-10T19:00:00.000000-0500,2633,s:40~l:54~t:2633,tennessee-lady-volunteers,Tennessee,Lady Volunteers,TENN,Tennessee Lady Volunteers,Tennessee,ff8200,ffffff,https://a.espncdn.com/i/teamlogos/ncaa/500/2633_ncw.png,away,58,false,0,0,21,32.4,23,71,0,18,70.0,7,10,4,13,0,0,0,35.0,7,20,34,0,0,0,99,s:40~l:54~t:99,lsu-tigers,LSU,Tigers,LSU,LSU Tigers,LSU,461d7c,fdd023,https://a.espncdn.com/i/teamlogos/ncaa/500/99.png,68
250410099,2005,2,2005-02-10,2005-02-10T19:00:00.000000-0500,99,s:40~l:54~t:99,lsu-tigers,LSU,Tigers,LSU,LSU Tigers,LSU,461d7c,fdd023,https://a.espncdn.com/i/teamlogos/ncaa/500/99.png,home,68,true,0,0,28,52.9,27,51,0,8,65.0,13,20,14,6,0,0,0,37.5,3,8,34,0,0,0,2633,s:40~l:54~t:2633,tennessee-lady-volunteers,Tennessee,Lady Volunteers,TENN,Tennessee Lady Volunteers,Tennessee,ff8200,ffffff,https://a.espncdn.com/i/teamlogos/ncaa/500/2633_ncw.png,58
250400041,2005,2,2005-02-09,2005-02-09T19:30:00.000000-0500,103,s:40~l:54~t:103,boston-college-eagles,Boston College,Eagles,BC,Boston College Eagles,Boston College,8c2232,dbcca6,https://a.espncdn.com/i/teamlogos/ncaa/500/103.png,away,55,false,0,0,29,32.2,19,59,0,15,78.6,11,14,1,9,0,0,0,28.6,6,21,38,0,0,0,41,s:40~l:54~t:41,uconn-huskies,UConn,Huskies,CONN,UConn Huskies,UConn,0c2340,f1f2f3,https://a.espncdn.com/i/teamlogos/ncaa/500/41.png,80
250400041,2005,2,2005-02-09,2005-02-09T19:30:00.000000-0500,41,s:40~l:54~t:41,uconn-huskies,UConn,Huskies,CONN,UConn Huskies,UConn,0c2340,f1f2f3,https://a.espncdn.com/i/teamlogos/ncaa/500/41.png,home,80,true,0,0,24,42.9,30,70,0,13,65.0,13,20,27,15,0,0,0,41.2,7,17,39,0,0,0,103,s:40~l:54~t:103,boston-college-eagles,Boston College,Eagles,BC,Boston College Eagles,Boston College,8c2232,dbcca6,https://a.espncdn.com/i/teamlogos/ncaa/500/103.png,55
250370150,2005,2,2005-02-06,2005-02-06T16:00:00.000000-0500,52,s:40~l:54~t:52,florida-state-seminoles,Florida State,Seminoles,FSU,Florida State Seminoles,Florida St,782F40,ceb888,https://a.espncdn.com/i/teamlogos/ncaa/500/52.png,away,64,false,0,0,11,50.0,25,50,0,13,90.0,9,10,7,6,0,0,0,29.4,5,17,17,0,0,0,150,s:40~l:54~t:150,duke-blue-devils,Duke,Blue Devils,DUKE,Duke Blue Devils,Duke,013088,ffffff,https://a.espncdn.com/i/teamlogos/ncaa/500/150.png,75
250370150,2005,2,2005-02-06,2005-02-06T16:00:00.000000-0500,150,s:40~l:54~t:150,duke-blue-devils,Duke,Blue Devils,DUKE,Duke Blue Devils,Duke,013088,ffffff,https://a.espncdn.com/i/teamlogos/ncaa/500/150.png,home,75,true,0,0,16,52.7,29,55,0,12,72.2,13,18,19,9,0,0,0,40.0,4,10,25,0,0,0,52,s:40~l:54~t:52,florida-state-seminoles,Florida State,Seminoles,FSU,Florida State Seminoles,Florida St,782F40,ceb888,https://a.espncdn.com/i/teamlogos/ncaa/500/52.png,64
250362507,2005,2,2005-02-05,2005-02-05T19:30:00.000000-0500,41,s:40~l:54~t:41,uconn-huskies,UConn,Huskies,CONN,UConn Huskies,UConn,0c2340,f1f2f3,https://a.espncdn.com/i/teamlogos/ncaa/500/41.png,away,71,true,0,0,23,46.2,24,52,0,11,77.3,17,22,47,9,0,0,0,33.3,6,18,32,0,0,0,2507,s:40~l:54~t:2507,providence-friars,Providence,Friars,PROV,Providence Friars,Providence,000000,a3a19e,https://a.espncdn.com/i/teamlogos/ncaa/500/2507.png,24
250362507,2005,2,2005-02-05,2005-02-05T19:30:00.000000-0500,2507,s:40~l:54~t:2507,providence-friars,Providence,Friars,PROV,Providence Friars,Providence,000000,a3a19e,https://a.espncdn.com/i/teamlogos/ncaa/500/2507.png,home,24,false,0,0,14,17.6,9,51,0,16,75.0,3,4,0,11,0,0,0,20.0,3,15,25,0,0,0,41,s:40~l:54~t:41,uconn-huskies,UConn,Huskies,CONN,UConn Huskies,UConn,0c2340,f1f2f3,https://a.espncdn.com/i/teamlogos/ncaa/500/41.png,71
250340041,2005,2,2005-02-03,2005-02-03T19:00:00.000000-0500,164,s:40~l:54~t:164,rutgers-scarlet-knights,Rutgers,Scarlet Knights,RUTG,Rutgers Scarlet Knights,Rutgers,d21034,ffffff,https://a.espncdn.com/i/teamlogos/ncaa/500/164.png,away,44,false,0,0,21,29.3,17,58,0,22,75.0,9,12,0,9,0,0,0,7.1,1,14,30,0,0,0,41,s:40~l:54~t:41,uconn-huskies,UConn,Huskies,CONN,UConn Huskies,UConn,0c2340,f1f2f3,https://a.espncdn.com/i/teamlogos/ncaa/500/41.png,57
250340041,2005,2,2005-02-03,2005-02-03T19:00:00.000000-0500,41,s:40~l:54~t:41,uconn-huskies,UConn,Huskies,CONN,UConn Huskies,UConn,0c2340,f1f2f3,https://a.espncdn.com/i/teamlogos/ncaa/500/41.png,home,57,true,0,0,27,32.1,17,53,0,11,71.4,20,28,18,14,0,0,0,30.0,3,10,41,0,0,0,164,s:40~l:54~t:164,rutgers-scarlet-knights,Rutgers,Scarlet Knights,RUTG,Rutgers Scarlet Knights,Rutgers,d21034,ffffff,https://a.espncdn.com/i/teamlogos/ncaa/500/164.png,44
250312633,2005,2,2005-01-31,2005-01-31T19:00:00.000000-0500,61,s:40~l:54~t:61,georgia-lady-bulldogs,Georgia,Lady Bulldogs,UGA,Georgia Lady Bulldogs,Georgia,CC0000,000000,https://a.espncdn.com/i/teamlogos/ncaa/500/61.png,away,70,false,0,0,22,37.9,22,58,0,28,72.4,21,29,7,11,0,0,0,33.3,5,15,33,0,0,0,2633,s:40~l:54~t:2633,tennessee-lady-volunteers,Tennessee,Lady Volunteers,TENN,Tennessee Lady Volunteers,Tennessee,ff8200,ffffff,https://a.espncdn.com/i/teamlogos/ncaa/500/2633_ncw.png,77
250312633,2005,2,2005-01-31,2005-01-31T19:00:00.000000-0500,2633,s:40~l:54~t:2633,tennessee-lady-volunteers,Tennessee,Lady Volunteers,TENN,Tennessee Lady Volunteers,Tennessee,ff8200,ffffff,https://a.espncdn.com/i/teamlogos/ncaa/500/2633_ncw.png,home,77,true,0,0,25,44.8,26,58,0,23,64.7,22,34,13,16,0,0,0,25.0,3,12,41,0,0,0,61,s:40~l:54~t:61,georgia-lady-bulldogs,Georgia,Lady Bulldogs,UGA,Georgia Lady Bulldogs,Georgia,CC0000,000000,https://a.espncdn.com/i/teamlogos/ncaa/500/61.png,70
250300099,2005,2,2005-01-30,2005-01-30T15:00:00.000000-0500,2,s:40~l:54~t:2,auburn-tigers,Auburn,Tigers,AUB,Auburn Tigers,Auburn,03244d,f1f2f3,https://a.espncdn.com/i/teamlogos/ncaa/500/2.png,away,52,false,0,0,28,33.9,19,56,0,21,71.4,10,14,6,6,0,0,0,40.0,4,10,34,0,0,0,99,s:40~l:54~t:99,lsu-tigers,LSU,Tigers,LSU,LSU Tigers,LSU,461d7c,fdd023,https://a.espncdn.com/i/teamlogos/ncaa/500/99.png,57
250300099,2005,2,2005-01-30,2005-01-30T15:00:00.000000-0500,99,s:40~l:54~t:99,lsu-tigers,LSU,Tigers,LSU,LSU Tigers,LSU,461d7c,fdd023,https://a.espncdn.com/i/teamlogos/ncaa/500/99.png,home,57,true,0,0,24,33.3,20,60,0,14,65.2,15,23,11,13,0,0,0,33.3,2,6,37,0,0,0,2,s:40~l:54~t:2,auburn-tigers,Auburn,Tigers,AUB,Auburn Tigers,Auburn,03244d,f1f2f3,https://a.espncdn.com/i/teamlogos/ncaa/500/2.png,52
250300041,2005,2,2005-01-30,2005-01-30T19:00:00.000000-0500,87,s:40~l:54~t:87,notre-dame-fighting-irish,Notre Dame,Fighting Irish,ND,Notre Dame Fighting Irish,Notre Dame,0c2340,c99700,https://a.espncdn.com/i/teamlogos/ncaa/500/87.png,away,65,true,0,0,20,43.4,23,53,0,18,76.2,16,21,10,8,0,0,0,50.0,3,6,28,0,0,0,41,s:40~l:54~t:41,uconn-huskies,UConn,Huskies,CONN,UConn Huskies,UConn,0c2340,f1f2f3,https://a.espncdn.com/i/teamlogos/ncaa/500/41.png,59
250300041,2005,2,2005-01-30,2005-01-30T19:00:00.000000-0500,41,s:40~l:54~t:41,uconn-huskies,UConn,Huskies,CONN,UConn Huskies,UConn,0c2340,f1f2f3,https://a.espncdn.com/i/teamlogos/ncaa/500/41.png,home,59,false,0,0,18,35.2,19,54,0,18,70.6,12,17,3,11,0,0,0,45.0,9,20,29,0,0,0,87,s:40~l:54~t:87,notre-dame-fighting-irish,Notre Dame,Fighting Irish,ND,Notre Dame Fighting Irish,Notre Dame,0c2340,c99700,https://a.espncdn.com/i/teamlogos/ncaa/500/87.png,65
250300213,2005,2,2005-01-30,2005-01-30T13:00:00.000000-0500,135,s:40~l:54~t:135,minnesota-golden-gophers,Minnesota,Golden Gophers,MINN,Minnesota Golden Gophers,Minnesota,981a31,981a31,https://a.espncdn.com/i/teamlogos/ncaa/500/135.png,away,68,false,0,0,10,52.4,22,42,0,16,88.5,23,26,1,4,0,0,0,16.7,1,6,14,0,0,0,213,s:40~l:54~t:213,penn-state-lady-lions,Penn State,Lady Lions,PSU,Penn State Lady Lions,Penn State,00265D,002e5c,https://a.espncdn.com/i/teamlogos/ncaa/500/213.png,81
250300213,2005,2,2005-01-30,2005-01-30T13:00:00.000000-0500,213,s:40~l:54~t:213,penn-state-lady-lions,Penn State,Lady Lions,PSU,Penn State Lady Lions,Penn State,00265D,002e5c,https://a.espncdn.com/i/teamlogos/ncaa/500/213.png,home,81,true,0,0,9,57.5,23,40,0,20,94.1,32,34,15,3,0,0,0,33.3,3,9,12,0,0,0,135,s:40~l:54~t:135,minnesota-golden-gophers,Minnesota,Golden Gophers,MINN,Minnesota Golden Gophers,Minnesota,981a31,981a31,https://a.espncdn.com/i/teamlogos/ncaa/500/135.png,68
250260221,2005,2,2005-01-26,2005-01-26T19:00:00.000000-0500,41,s:40~l:54~t:41,uconn-huskies,UConn,Huskies,CONN,UConn Huskies,UConn,0c2340,f1f2f3,https://a.espncdn.com/i/teamlogos/ncaa/500/41.png,away,89,true,0,0,21,74.5,38,51,0,11,73.3,11,15,40,2,0,0,0,50.0,5,10,23,0,0,0,221,s:40~l:54~t:221,pittsburgh-panthers,Pittsburgh,Panthers,PITT,Pittsburgh Panthers,Pitt,003263,231f20,https://a.espncdn.com/i/teamlogos/ncaa/500/221.png,53
250260221,2005,2,2005-01-26,2005-01-26T19:00:00.000000-0500,221,s:40~l:54~t:221,pittsburgh-panthers,Pittsburgh,Panthers,PITT,Pittsburgh Panthers,Pitt,003263,231f20,https://a.espncdn.com/i/teamlogos/ncaa/500/221.png,home,53,false,0,0,9,40.8,20,49,0,16,72.7,8,11,2,4,0,0,0,45.5,5,11,13,0,0,0,41,s:40~l:54~t:41,uconn-huskies,UConn,Huskies,CONN,UConn Huskies,UConn,0c2340,f1f2f3,https://a.espncdn.com/i/teamlogos/ncaa/500/41.png,89
250240153,2005,2,2005-01-24,2005-01-24T19:30:00.000000-0500,150,s:40~l:54~t:150,duke-blue-devils,Duke,Blue Devils,DUKE,Duke Blue Devils,Duke,013088,ffffff,https://a.espncdn.com/i/teamlogos/ncaa/500/150.png,away,51,false,0,0,25,23.7,14,59,0,16,66.7,18,27,2,12,0,0,0,21.7,5,23,37,0,0,0,153,s:40~l:54~t:153,north-carolina-tar-heels,North Carolina,Tar Heels,UNC,North Carolina Tar Heels,North Carolina,7bafd4,13294b,https://a.espncdn.com/i/teamlogos/ncaa/500/153.png,56
250240153,2005,2,2005-01-24,2005-01-24T19:30:00.000000-0500,153,s:40~l:54~t:153,north-carolina-tar-heels,North Carolina,Tar Heels,UNC,North Carolina Tar Heels,North Carolina,7bafd4,13294b,https://a.espncdn.com/i/teamlogos/ncaa/500/153.png,home,56,true,0,0,27,29.0,20,69,0,20,70.6,12,17,15,15,0,0,1,17.4,4,23,42,1,0,0,150,s:40~l:54~t:150,duke-blue-devils,Duke,Blue Devils,DUKE,Duke Blue Devils,Duke,013088,ffffff,https://a.espncdn.com/i/teamlogos/ncaa/500/150.png,51
250230087,2005,2,2005-01-23,2005-01-23T14:00:00.000000-0500,164,s:40~l:54~t:164,rutgers-scarlet-knights,Rutgers,Scarlet Knights,RUTG,Rutgers Scarlet Knights,Rutgers,d21034,ffffff,https://a.espncdn.com/i/teamlogos/ncaa/500/164.png,away,47,false,0,0,9,34.5,20,58,0,17,66.7,4,6,13,12,0,0,0,15.0,3,20,21,0,0,0,87,s:40~l:54~t:87,notre-dame-fighting-irish,Notre Dame,Fighting Irish,ND,Notre Dame Fighting Irish,Notre Dame,0c2340,c99700,https://a.espncdn.com/i/teamlogos/ncaa/500/87.png,63
250230087,2005,2,2005-01-23,2005-01-23T14:00:00.000000-0500,87,s:40~l:54~t:87,notre-dame-fighting-irish,Notre Dame,Fighting Irish,ND,Notre Dame Fighting Irish,Notre Dame,0c2340,c99700,https://a.espncdn.com/i/teamlogos/ncaa/500/87.png,home,63,true,0,0,17,61.8,21,34,0,7,86.4,19,22,18,1,0,0,0,40.0,2,5,18,0,0,0,164,s:40~l:54~t:164,rutgers-scarlet-knights,Rutgers,Scarlet Knights,RUTG,Rutgers Scarlet Knights,Rutgers,d21034,ffffff,https://a.espncdn.com/i/teamlogos/ncaa/500/164.png,47
250160087,2005,2,2005-01-16,2005-01-16T17:00:00.000000-0500,2509,s:40~l:54~t:2509,purdue-boilermakers,Purdue,Boilermakers,PUR,Purdue Boilermakers,Purdue,000000,cfb991,https://a.espncdn.com/i/teamlogos/ncaa/500/2509.png,away,69,false,0,0,14,48.1,26,54,0,13,92.3,12,13,4,7,0,0,0,40.0,6,15,21,0,0,0,87,s:40~l:54~t:87,notre-dame-fighting-irish,Notre Dame,Fighting Irish,ND,Notre Dame Fighting Irish,Notre Dame,0c2340,c99700,https://a.espncdn.com/i/teamlogos/ncaa/500/87.png,86
250160087,2005,2,2005-01-16,2005-01-16T17:00:00.000000-0500,87,s:40~l:54~t:87,notre-dame-fighting-irish,Notre Dame,Fighting Irish,ND,Notre Dame Fighting Irish,Notre Dame,0c2340,c99700,https://a.espncdn.com/i/teamlogos/ncaa/500/87.png,home,86,true,0,0,14,60.0,30,50,0,12,82.6,19,23,21,6,0,0,0,77.8,7,9,20,0,0,0,2509,s:40~l:54~t:2509,purdue-boilermakers,Purdue,Boilermakers,PUR,Purdue Boilermakers,Purdue,000000,cfb991,https://a.espncdn.com/i/teamlogos/ncaa/500/2509.png,69
