season,game_id,team_id,team_slug,team_abbreviation,team_display_name,home_away,athlete_id,athlete_uid,athlete_guid,athlete_display_name,athlete_short_name,athlete_first_name,athlete_last_name,athlete_jersey,athlete_position,athlete_headshot,starter,did_not_play,active,ejected,reason
2006,253172641,99,lsu-tigers,LSU,LSU Tigers,,4834,s:40~l:54~a:4834,08e807cc398fe0f761ad0d448bfeb280,Sylvia Fowles,S. Fowles,,,,NA,,true,false,true,false,
2006,253172641,99,lsu-tigers,LSU,LSU Tigers,,2634,s:40~l:54~a:2634,79e7ef7d0f468b02068291a28bc7956f,Florence Williams,F. Williams,,,,NA,,true,false,true,false,
2006,253172641,99,lsu-tigers,LSU,LSU Tigers,,4887,s:40~l:54~a:4887,9d783fc8785e0f2e35028b5deed9f570,RaShonta LeBlanc,R. LeBlanc,,,,NA,,true,false,true,false,
2006,253172641,99,lsu-tigers,LSU,LSU Tigers,,3715,s:40~l:54~a:3715,e6a46d07dfc2f2055ba24fc51716a427,Scholanda Hoston,S. Hoston,,,,NA,,true,false,true,false,
2006,253172641,99,lsu-tigers,LSU,LSU Tigers,,2635,s:40~l:54~a:2635,3a7f24f2f739ca385df1c548e6def432,Seimone Augustus,S. Augustus,,,,NA,,true,false,true,false,
2006,253172641,2641,texas-tech-lady-raiders,TTU,Texas Tech Lady Raiders,,5096,s:40~l:54~a:5096,06ceea941d0b5d21dea1d3167e16f4b0,Lavonda Henderson,L. Henderson,,,,G,,true,false,true,false,
2006,253172641,2641,texas-tech-lady-raiders,TTU,Texas Tech Lady Raiders,,4875,s:40~l:54~a:4875,e1957c9949af4e1cadf3ded26ce63b4a,Erin Myrick,E. Myrick,,,,NA,,true,false,true,false,
2006,253172641,2641,texas-tech-lady-raiders,TTU,Texas Tech Lady Raiders,,3719,s:40~l:54~a:3719,f8dd92e57ebcc0e0207386d17a75132d,Alseha Robertson,A. Robertson,,,,NA,,true,false,true,false,
2006,253172641,2641,texas-tech-lady-raiders,TTU,Texas Tech Lady Raiders,,2422,s:40~l:54~a:2422,b4777c247d0cc3d16bdb2a9ca25cf293,LaToya Davis,L. Davis,,,,NA,,true,false,true,false,
2006,253172641,2641,texas-tech-lady-raiders,TTU,Texas Tech Lady Raiders,,2423,s:40~l:54~a:2423,191197c0edc09c465435d9cee3f95a86,Erin Grant,E. Grant,,,,NA,,true,false,true,false,
2006,253170239,61,georgia-lady-bulldogs,UGA,Georgia Lady Bulldogs,,5087,s:40~l:54~a:5087,ba5bf9e08de419ae09a040a7e40e58d5,Humphrey Tasha,H. Tasha,,,,NA,,true,false,true,false,
2006,253170239,61,georgia-lady-bulldogs,UGA,Georgia Lady Bulldogs,,5086,s:40~l:54~a:5086,3cd1fac4f61a6b49c181fd6d7e05f58f,Darrah Megan,D. Megan,,,,NA,,true,false,true,false,
2006,253170239,61,georgia-lady-bulldogs,UGA,Georgia Lady Bulldogs,,5090,s:40~l:54~a:5090,c90d4b3df7d1d74fcf1af7fc4f8c8a36,Chambers Cori,C. Cori,,,,NA,,true,false,true,false,
2006,253170239,61,georgia-lady-bulldogs,UGA,Georgia Lady Bulldogs,,5089,s:40~l:54~a:5089,96f72ea9acb2208d6494cbf484cc4232,Kendrick Alexis,K. Alexis,,,,NA,,true,false,true,false,
2006,253170239,61,georgia-lady-bulldogs,UGA,Georgia Lady Bulldogs,,5088,s:40~l:54~a:5088,a17cbcefdb413b1be583e2e07c0e7d7a,Baker Sherill,B. Sherill,,,,NA,,true,false,true,false,
2006,253170239,239,baylor-bears,BAY,Baylor Bears,,2719,s:40~l:54~a:2719,3b884ae643bf9fada3be8f086d54aa3a,Abiola Wabara,A. Wabara,,,,NA,,true,false,true,false,
2006,253170239,239,baylor-bears,BAY,Baylor Bears,,2428,s:40~l:54~a:2428,37e483b75e76f4f460a127bc11ae232b,Sophia Young-Malcolm,S. Young-Malcolm,,,,NA,,true,false,true,false,
2006,253170239,239,baylor-bears,BAY,Baylor Bears,,4939,s:40~l:54~a:4939,16030f6d9a1d9aabbcbb9a3b229a20dc,Angela Tisdale,A. Tisdale,,,,NA,,true,false,true,false,
2006,253170239,239,baylor-bears,BAY,Baylor Bears,,4938,s:40~l:54~a:4938,351a79f47665d39c3201ee89999c7650,Latoya Wyatt,L. Wyatt,,,,NA,,true,false,true,false,
2006,253170239,239,baylor-bears,BAY,Baylor Bears,,2427,s:40~l:54~a:2427,bc7cd45fbe1b62db1d0361bb0671ef56,Chameka Scott,C. Scott,,,,NA,,true,false,true,false,
2006,253180041,282,indiana-state-sycamores,INST,Indiana State Sycamores,,5100,s:40~l:54~a:5100,0ef842ebd3e6a4b1e340a4aa7aded948,Rachel Maenpaa,R. Maenpaa,,,,NA,,true,false,true,false,
2006,253180041,282,indiana-state-sycamores,INST,Indiana State Sycamores,,2082,s:40~l:54~a:2082,11e4f441ca24e7dc9488d7f0c5290cea,Kristen Weddle,K. Weddle,,,,NA,,true,false,true,false,
2006,253180041,282,indiana-state-sycamores,INST,Indiana State Sycamores,,5103,s:40~l:54~a:5103,2c5ef4267531fd9dde87f3d651fc2fdd,Lisa Verhoff,L. Verhoff,,,,NA,,true,false,true,false,
2006,253180041,282,indiana-state-sycamores,INST,Indiana State Sycamores,,5102,s:40~l:54~a:5102,1b93d844d9cb2f040d72ff072a1ffdaf,Melanie Boeglin,M. Boeglin,,,,NA,,true,false,true,false,
2006,253180041,282,indiana-state-sycamores,INST,Indiana State Sycamores,,5101,s:40~l:54~a:5101,35a711b7b4bccf706cf6baa407fd0712,Stephanie Lisch,S. Lisch,,,,NA,,true,false,true,false,
2006,253180041,41,uconn-huskies,CONN,UConn Huskies,,5084,s:40~l:54~a:5084,06621029190813664ce07bec58b0bc50,Brittany Hunter,B. Hunter,,,,NA,,true,false,true,false,
2006,253180041,41,uconn-huskies,CONN,UConn Huskies,,2637,s:40~l:54~a:2637,131163c0c1e979b8607484d92145c5e3,Ann Strother,A. Strother,,,,NA,,true,false,true,false,
2006,253180041,41,uconn-huskies,CONN,UConn Huskies,,2535,s:40~l:54~a:2535,1fbe551ef9e11d425d8920dc61125e6b,Willnett Crockett,W. Crockett,,,,NA,,true,false,true,false,
2006,253180041,41,uconn-huskies,CONN,UConn Huskies,,5104,s:40~l:54~a:5104,f122be3557ced75550d02221af209121,Renee Montgomery,R. Montgomery,,,,NA,,true,false,true,false,
2006,253180041,41,uconn-huskies,CONN,UConn Huskies,,4827,s:40~l:54~a:4827,a60aeada6ce540be068e6ad92b3b9bc0,Mel Thomas,M. Thomas,,,,NA,,true,false,true,false,
2006,253210041,103,boston-college-eagles,BC,Boston College Eagles,,3761,s:40~l:54~a:3761,5d645fde10bd56f1e4864c6ccdee3da2,Kathrin Ress,K. Ress,,,,NA,,true,false,true,false,
2006,253210041,103,boston-college-eagles,BC,Boston College Eagles,,2490,s:40~l:54~a:2490,e58a3cc8f750dc4f18406890db088d35,Brooke Queenan,B. Queenan,,,,NA,,true,false,true,false,
2006,253210041,103,boston-college-eagles,BC,Boston College Eagles,,2489,s:40~l:54~a:2489,949331de18702b48610ccdffc79e9a5f,Aja Parham,A. Parham,,,,NA,,true,false,true,false,
2006,253210041,103,boston-college-eagles,BC,Boston College Eagles,,3763,s:40~l:54~a:3763,5486238895817dd7a5b4a01cf401ff4c,Sarah Marshall,S. Marshall,,,,NA,,true,false,true,false,
2006,253210041,103,boston-college-eagles,BC,Boston College Eagles,,3762,s:40~l:54~a:3762,c0bb33b56a8cd4876a301477331b33ae,Kindyll Dorsey,K. Dorsey,,,,NA,,true,false,true,false,
2006,253210041,41,uconn-huskies,CONN,UConn Huskies,,5084,s:40~l:54~a:5084,06621029190813664ce07bec58b0bc50,Brittany Hunter,B. Hunter,,,,NA,,true,false,true,false,
2006,253210041,41,uconn-huskies,CONN,UConn Huskies,,2535,s:40~l:54~a:2535,1fbe551ef9e11d425d8920dc61125e6b,Willnett Crockett,W. Crockett,,,,NA,,true,false,true,false,
2006,253210041,41,uconn-huskies,CONN,UConn Huskies,,5104,s:40~l:54~a:5104,f122be3557ced75550d02221af209121,Renee Montgomery,R. Montgomery,,,,NA,,true,false,true,false,
2006,253210041,41,uconn-huskies,CONN,UConn Huskies,,4827,s:40~l:54~a:4827,a60aeada6ce540be068e6ad92b3b9bc0,Mel Thomas,M. Thomas,,,,NA,,true,false,true,false,
2006,253210041,41,uconn-huskies,CONN,UConn Huskies,,2637,s:40~l:54~a:2637,131163c0c1e979b8607484d92145c5e3,Ann Strother,A. Strother,,,,NA,,true,false,true,false,
2006,253220239,26,ucla-bruins,UCLA,UCLA Bruins,,4897,s:40~l:54~a:4897,c65140ba6355155cec3a4cec4e6c77ca,Lindsey Pluimer,L. Pluimer,,,,NA,,true,false,true,false,
2006,253220239,26,ucla-bruins,UCLA,UCLA Bruins,,4102,s:40~l:54~a:4102,154c9df1816931e0ff3f374b2899226f,Amanda Livingston,A. Livingston,,,,NA,,true,false,true,false,
2006,253220239,26,ucla-bruins,UCLA,UCLA Bruins,,4101,s:40~l:54~a:4101,804453a093f87549d0587066637ee0b9,Noelle Quinn,N. Quinn,,,,NA,,true,false,true,false,
2006,253220239,26,ucla-bruins,UCLA,UCLA Bruins,,3159,s:40~l:54~a:3159,5a598c9488f78d0fcbff943e39b6fd8f,Nikki Blue,N. Blue,,,,NA,,true,false,true,false,
2006,253220239,26,ucla-bruins,UCLA,UCLA Bruins,,2397,s:40~l:54~a:2397,a538e48727307294d4007760fb665f1b,Lisa Willis,L. Willis,,,,NA,,true,false,true,false,
2006,253220239,239,baylor-bears,BAY,Baylor Bears,,2719,s:40~l:54~a:2719,3b884ae643bf9fada3be8f086d54aa3a,Abiola Wabara,A. Wabara,,,,NA,,true,false,true,false,
2006,253220239,239,baylor-bears,BAY,Baylor Bears,,2428,s:40~l:54~a:2428,37e483b75e76f4f460a127bc11ae232b,Sophia Young-Malcolm,S. Young-Malcolm,,,,NA,,true,false,true,false,
2006,253220239,239,baylor-bears,BAY,Baylor Bears,,4939,s:40~l:54~a:4939,16030f6d9a1d9aabbcbb9a3b229a20dc,Angela Tisdale,A. Tisdale,,,,NA,,true,false,true,false,
2006,253220239,239,baylor-bears,BAY,Baylor Bears,,4938,s:40~l:54~a:4938,351a79f47665d39c3201ee89999c7650,Latoya Wyatt,L. Wyatt,,,,NA,,true,false,true,false,
2006,253220239,239,baylor-bears,BAY,Baylor Bears,,2427,s:40~l:54~a:2427,bc7cd45fbe1b62db1d0361bb0671ef56,Chameka Scott,C. Scott,,,,NA,,true,false,true,false,
2006,253240041,201,oklahoma-sooners,OU,Oklahoma Sooners,,5118,s:40~l:54~a:5118,1834413d80b409a6fe840327a8e7993b,Courtney Paris,C. Paris,,,3  ,C,,true,false,true,false,
2006,253240041,201,oklahoma-sooners,OU,Oklahoma Sooners,,3814,s:40~l:54~a:3814,f156683781715a0d8cd075188ce2a1d8,Leah Rush,L. Rush,,,,NA,,true,false,true,false,
2006,253240041,201,oklahoma-sooners,OU,Oklahoma Sooners,,3816,s:40~l:54~a:3816,7211db13851817d2dc714706e30b0134,Brittney Brown,B. Brown,,,,NA,,true,false,true,false,
2006,253240041,201,oklahoma-sooners,OU,Oklahoma Sooners,,2443,s:40~l:54~a:2443,bd525a866958ae254c6b7a1c4e560b74,Chelsi Welch,C. Welch,,,,NA,,true,false,true,false,
2006,253240041,201,oklahoma-sooners,OU,Oklahoma Sooners,,2440,s:40~l:54~a:2440,e3bf68ab5f09df85beb125602605ce51,Erin Higgins,E. Higgins,,,,NA,,true,false,true,false,
2006,253240041,41,uconn-huskies,CONN,UConn Huskies,,4824,s:40~l:54~a:4824,e2c459bbd0318cae4e7d1128e5f2b79b,Charde Houston,C. Houston,,,,NA,,true,false,true,false,
2006,253240041,41,uconn-huskies,CONN,UConn Huskies,,2637,s:40~l:54~a:2637,131163c0c1e979b8607484d92145c5e3,Ann Strother,A. Strother,,,,NA,,true,false,true,false,
2006,253240041,41,uconn-huskies,CONN,UConn Huskies,,2409,s:40~l:54~a:2409,3166c5ecd189f3f8d53632fe2f90913a,Barbara Turner,B. Turner,,,,NA,,true,false,true,false,
2006,253240041,41,uconn-huskies,CONN,UConn Huskies,,5104,s:40~l:54~a:5104,f122be3557ced75550d02221af209121,Renee Montgomery,R. Montgomery,,,,NA,,true,false,true,false,
2006,253240041,41,uconn-huskies,CONN,UConn Huskies,,4827,s:40~l:54~a:4827,a60aeada6ce540be068e6ad92b3b9bc0,Mel Thomas,M. Thomas,,,,NA,,true,false,true,false,
2006,253250251,2534,sam-houston-bearkats,SHSU,Sam Houston Bearkats,,5121,s:40~l:54~a:5121,17ce4d438d61d0c52a54e521c5417c7e,Adah Wells,A. Wells,,,,NA,,true,false,true,false,
2006,253250251,2534,sam-houston-bearkats,SHSU,Sam Houston Bearkats,,5120,s:40~l:54~a:5120,5b47713a1894f73e5ad06696163944bf,Jamie Davison,J. Davison,,,,NA,,true,false,true,false,
2006,253250251,2534,sam-houston-bearkats,SHSU,Sam Houston Bearkats,,4493,s:40~l:54~a:4493,196392b66b685328005704220c63a5d5,Jamie Barr,J. Barr,,,,NA,,true,false,true,false,
2006,253250251,2534,sam-houston-bearkats,SHSU,Sam Houston Bearkats,,5123,s:40~l:54~a:5123,a7fa56af2b085bbab504372af0653e07,Kendall Homesley,K. Homesley,,,,NA,,true,false,true,false,
2006,253250251,2534,sam-houston-bearkats,SHSU,Sam Houston Bearkats,,5122,s:40~l:54~a:5122,6eca9c0314973cfd0e195be1833395c7,Angel Brown,A. Brown,,,,NA,,true,false,true,false,
2006,253250251,251,texas-longhorns,TEX,Texas Longhorns,,5124,s:40~l:54~a:5124,7d330585c814b13fb2fb4fe7b0b6bb4d,Erika Arriaran,E. Arriaran,,,,G,,true,false,true,false,
2006,253250251,251,texas-longhorns,TEX,Texas Longhorns,,4876,s:40~l:54~a:4876,470c3a5a59c117618461969a48b0e826,Daria Mieloszynska,D. Mieloszynska,,,,NA,,true,false,true,false,
2006,253250251,251,texas-longhorns,TEX,Texas Longhorns,,3710,s:40~l:54~a:3710,cb5034bf70047521ef37260babc15b8f,Tiffany Jackson-Jones,T. Jackson-Jones,,,,NA,,true,false,true,false,
2006,253250251,251,texas-longhorns,TEX,Texas Longhorns,,3709,s:40~l:54~a:3709,28f577462c0cab5f93cb3a5458a0b9ea,Katrina Robinson,K. Robinson,,,,NA,,true,false,true,false,
2006,253250251,251,texas-longhorns,TEX,Texas Longhorns,,2383,s:40~l:54~a:2383,bda5223d8cb5aef66ae70ad068bb0d67,Nina Norman,N. Norman,,,,NA,,true,false,true,false,
2006,253282633,127,michigan-state-spartans,MSU,Michigan State Spartans,,4936,s:40~l:54~a:4936,78f86adbbb33004c07827c307370c208,Laura Hall,L. Hall,,,,NA,,true,false,true,false,
2006,253282633,127,michigan-state-spartans,MSU,Michigan State Spartans,,5144,s:40~l:54~a:5144,af464b1928b55fdfff893b34c7539610,Tiffanie Shives,T. Shives,,,,NA,,true,false,true,false,
2006,253282633,127,michigan-state-spartans,MSU,Michigan State Spartans,,4087,s:40~l:54~a:4087,24ae83fb999e83d62397aa50ef8f35d4,Rene Haynes,R. Haynes,,,,NA,,true,false,true,false,
2006,253282633,127,michigan-state-spartans,MSU,Michigan State Spartans,,4086,s:40~l:54~a:4086,13b8bb5a81dd1e8cbd8cebcef9ff82ee,Victoria Lucas-Perry,V. Lucas-Perry,,,,NA,,true,false,true,false,
2006,253282633,127,michigan-state-spartans,MSU,Michigan State Spartans,,3295,s:40~l:54~a:3295,10067a6e48be3f41d86fac21fdc8d093,Lindsay Bowen,L. Bowen,,,,NA,,true,false,true,false,
2006,253282633,2633,tennessee-lady-volunteers,TENN,Tennessee Lady Volunteers,,2632,s:40~l:54~a:2632,d54dd215e222e4239903f408b6257423,Tyesha Fluker,T. Fluker,,,,NA,,true,false,true,false,
2006,253282633,2633,tennessee-lady-volunteers,TENN,Tennessee Lady Volunteers,,5145,s:40~l:54~a:5145,61b484e2521ea0b301d4e85c791af05c,Candace Parker,C. Parker,,,,NA,,true,false,true,false,
2006,253282633,2633,tennessee-lady-volunteers,TENN,Tennessee Lady Volunteers,,5146,s:40~l:54~a:5146,e966f4c07ca1df063525fc3e431111ca,Sa'De Wileygatewood,S. Wileygatewood,,,,NA,,true,false,true,false,
2006,253282633,2633,tennessee-lady-volunteers,TENN,Tennessee Lady Volunteers,,4840,s:40~l:54~a:4840,13ff2da95b8fccf88eff7098fb77f4e5,Alexis Hornbuckle,A. Hornbuckle,,,,NA,,true,false,true,false,
2006,253282633,2633,tennessee-lady-volunteers,TENN,Tennessee Lady Volunteers,,2633,s:40~l:54~a:2633,c2ee79eb6ce4e1f61b40f49f0404c074,Shanna Zolman,S. Zolman,,,,NA,,true,false,true,false,
2006,253280120,2250,gonzaga-bulldogs,GONZ,Gonzaga Bulldogs,,4223,s:40~l:54~a:4223,8a5fab3cd1c67c4246c2b17c73f64969,Stephanie Hawk,S. Hawk,,,,NA,,true,false,true,false,
2006,253280120,2250,gonzaga-bulldogs,GONZ,Gonzaga Bulldogs,,4218,s:40~l:54~a:4218,9e0d6bf15d8a6b8364bf520d723045e2,Anne Bailey,A. Bailey,,,,NA,,true,false,true,false,
2006,253280120,2250,gonzaga-bulldogs,GONZ,Gonzaga Bulldogs,,4217,s:40~l:54~a:4217,34b9f32c9d6879c76f50cafd76541824,Ashley Anderson,A. Anderson,,,,NA,,true,false,true,false,
2006,253280120,2250,gonzaga-bulldogs,GONZ,Gonzaga Bulldogs,,5134,s:40~l:54~a:5134,1e7911f936bebbfc035d5ca3be4327be,Sasha Polishchuk,S. Polishchuk,,,,NA,,true,false,true,false,
2006,253280120,2250,gonzaga-bulldogs,GONZ,Gonzaga Bulldogs,,4222,s:40~l:54~a:4222,1c9f2497cca540f67ef24581b536727f,Katy Ridenour,K. Ridenour,,,,NA,,true,false,true,false,
2006,253280120,120,maryland-terrapins,MD,Maryland Terrapins,,5135,s:40~l:54~a:5135,06f5a686cc19277ee9714ac54c2ded8f,Kristi Toliver,K. Toliver,,,20 ,G,,true,false,true,false,
2006,253280120,120,maryland-terrapins,MD,Maryland Terrapins,,4857,s:40~l:54~a:4857,54d95e907134bc5181e7e4e75360d98c,Crystal Langhorne,C. Langhorne,,,,NA,,true,false,true,false,
2006,253280120,120,maryland-terrapins,MD,Maryland Terrapins,,4856,s:40~l:54~a:4856,beb9a7b51168d2efe54cefd1a050d1ec,Jade Perry,J. Perry,,,,NA,,true,false,true,false,
2006,253280120,120,maryland-terrapins,MD,Maryland Terrapins,,4864,s:40~l:54~a:4864,ea47d9ad50f1b328cf52ebc77eefb447,Ashleigh Newman,A. Newman,,,,NA,,true,false,true,false,
2006,253280120,120,maryland-terrapins,MD,Maryland Terrapins,,4314,s:40~l:54~a:4314,89b9ded0b2f2d65e468ebae6d5bf556f,Shay Doron,S. Doron,,,,NA,,true,false,true,false,
2006,253310325,41,uconn-huskies,CONN,UConn Huskies,,4824,s:40~l:54~a:4824,e2c459bbd0318cae4e7d1128e5f2b79b,Charde Houston,C. Houston,,,,NA,,true,false,true,false,
2006,253310325,41,uconn-huskies,CONN,UConn Huskies,,2409,s:40~l:54~a:2409,3166c5ecd189f3f8d53632fe2f90913a,Barbara Turner,B. Turner,,,,NA,,true,false,true,false,
2006,253310325,41,uconn-huskies,CONN,UConn Huskies,,5104,s:40~l:54~a:5104,f122be3557ced75550d02221af209121,Renee Montgomery,R. Montgomery,,,,NA,,true,false,true,false,
2006,253310325,41,uconn-huskies,CONN,UConn Huskies,,4827,s:40~l:54~a:4827,a60aeada6ce540be068e6ad92b3b9bc0,Mel Thomas,M. Thomas,,,,NA,,true,false,true,false,
2006,253310325,41,uconn-huskies,CONN,UConn Huskies,,2637,s:40~l:54~a:2637,131163c0c1e979b8607484d92145c5e3,Ann Strother,A. Strother,,,,NA,,true,false,true,false,
2006,253310325,325,cleveland-state-vikings,CLEV,Cleveland State Vikings,,5157,s:40~l:54~a:5157,49f53d3e6f65d781e6cb2beb5dfb9835,Robyn Hoying,R. Hoying,,,,NA,,true,false,true,false,
2006,253310325,325,cleveland-state-vikings,CLEV,Cleveland State Vikings,,5159,s:40~l:54~a:5159,96f2ca0ad74e20e0164950001ba07578,Brittany Korth,B. Korth,,,,NA,,true,false,true,false,
2006,253310325,325,cleveland-state-vikings,CLEV,Cleveland State Vikings,,5158,s:40~l:54~a:5158,fb06d6726b4b03a6dc6cc7a146c0f03f,Betsy Bowser,B. Bowser,,,,NA,,true,false,true,false,
2006,253310325,325,cleveland-state-vikings,CLEV,Cleveland State Vikings,,3547,s:40~l:54~a:3547,9f16535054471fbcfe228a054f0bcfae,Omega Harrington,O. Harrington,,,,NA,,true,false,true,false,
2006,253310325,325,cleveland-state-vikings,CLEV,Cleveland State Vikings,,2922,s:40~l:54~a:2922,bbfef2da4aeea6baa5f6008ccdfa1d54,Erin Martin,E. Martin,,,,NA,,true,false,true,false,
2006,253310087,30,usc-trojans,USC,USC Trojans,,3834,s:40~l:54~a:3834,63d8109c9c9f588ec3a2d6d39ecbbb60,Chloe Kerr,C. Kerr,,,,NA,,true,false,true,false,
2006,253310087,30,usc-trojans,USC,USC Trojans,,3835,s:40~l:54~a:3835,a7623f8f8cb70164c73498ebc99e316a,Jamie Funn,J. Funn,,,,NA,,true,false,true,false,
2006,253310087,30,usc-trojans,USC,USC Trojans,,3840,s:40~l:54~a:3840,e255a00976ee071893675ce2a2b4560c,Jamie Hagiya,J. Hagiya,,,,NA,,true,false,true,false,
2006,253310087,30,usc-trojans,USC,USC Trojans,,3839,s:40~l:54~a:3839,f927d05a239f44f691d243cf5b1aa93e,Eshaya Murphy,E. Murphy,,,,NA,,true,false,true,false,
2006,253310087,30,usc-trojans,USC,USC Trojans,,2701,s:40~l:54~a:2701,073b4deccbc9fe15c99ccbf2467c7fae,Meghan Gnekow,M. Gnekow,,,,NA,,true,false,true,false,
2006,253310087,87,notre-dame-fighting-irish,ND,Notre Dame Fighting Irish,,5153,s:40~l:54~a:5153,a33c8bdab69c5b0891935be07ffd81a1,Lindsay Schrader,L. Schrader,,,24 ,G,,true,false,true,false,
2006,253310087,87,notre-dame-fighting-irish,ND,Notre Dame Fighting Irish,,4837,s:40~l:54~a:4837,21be6e6264f6551974000b5fcb5270eb,Melissa D'Amico,M. D'Amico,,,,NA,,true,false,true,false,
2006,253310087,87,notre-dame-fighting-irish,ND,Notre Dame Fighting Irish,,3784,s:40~l:54~a:3784,9c4232f3d4bbb62d1c9982dc3acf989f,Crystal Erwin,C. Erwin,,,,NA,,true,false,true,false,
2006,253310087,87,notre-dame-fighting-irish,ND,Notre Dame Fighting Irish,,3783,s:40~l:54~a:3783,bb74cc9ce5a60d8e7cfcaa19604e2422,Breona Gray,B. Gray,,,,NA,,true,false,true,false,
2006,253310087,87,notre-dame-fighting-irish,ND,Notre Dame Fighting Irish,,2437,s:40~l:54~a:2437,409fab7b1c67274f3ff8f070f97034e8,Megan Duffy,M. Duffy,,,,NA,,true,false,true,false,
2006,253352633,251,texas-longhorns,TEX,Texas Longhorns,,5124,s:40~l:54~a:5124,7d330585c814b13fb2fb4fe7b0b6bb4d,Erika Arriaran,E. Arriaran,,,,G,,true,false,true,false,
2006,253352633,251,texas-longhorns,TEX,Texas Longhorns,,4876,s:40~l:54~a:4876,470c3a5a59c117618461969a48b0e826,Daria Mieloszynska,D. Mieloszynska,,,,NA,,true,false,true,false,
2006,253352633,251,texas-longhorns,TEX,Texas Longhorns,,3710,s:40~l:54~a:3710,cb5034bf70047521ef37260babc15b8f,Tiffany Jackson-Jones,T. Jackson-Jones,,,,NA,,true,false,true,false,
2006,253352633,251,texas-longhorns,TEX,Texas Longhorns,,3709,s:40~l:54~a:3709,28f577462c0cab5f93cb3a5458a0b9ea,Katrina Robinson,K. Robinson,,,,NA,,true,false,true,false,
2006,253352633,251,texas-longhorns,TEX,Texas Longhorns,,2383,s:40~l:54~a:2383,bda5223d8cb5aef66ae70ad068bb0d67,Nina Norman,N. Norman,,,,NA,,true,false,true,false,
2006,253352633,2633,tennessee-lady-volunteers,TENN,Tennessee Lady Volunteers,,5145,s:40~l:54~a:5145,61b484e2521ea0b301d4e85c791af05c,Candace Parker,C. Parker,,,,NA,,true,false,true,false,
2006,253352633,2633,tennessee-lady-volunteers,TENN,Tennessee Lady Volunteers,,4839,s:40~l:54~a:4839,eb2e5d775349b53cc2cd1cff1d06fe67,Nicky Anosike,N. Anosike,,,,NA,,true,false,true,false,
2006,253352633,2633,tennessee-lady-volunteers,TENN,Tennessee Lady Volunteers,,5146,s:40~l:54~a:5146,e966f4c07ca1df063525fc3e431111ca,Sa'De Wileygatewood,S. Wileygatewood,,,,NA,,true,false,true,false,
2006,253352633,2633,tennessee-lady-volunteers,TENN,Tennessee Lady Volunteers,,4840,s:40~l:54~a:4840,13ff2da95b8fccf88eff7098fb77f4e5,Alexis Hornbuckle,A. Hornbuckle,,,,NA,,true,false,true,false,
2006,253352633,2633,tennessee-lady-volunteers,TENN,Tennessee Lady Volunteers,,2633,s:40~l:54~a:2633,c2ee79eb6ce4e1f61b40f49f0404c074,Shanna Zolman,S. Zolman,,,,NA,,true,false,true,false,
2006,253350041,42,hartford-hawks,HART,Hartford Hawks,,5166,s:40~l:54~a:5166,070e53954ccb9fabc7b387541dabd66b,Erica Beverly,E. Beverly,,,32 ,F,,true,false,true,false,
2006,253350041,42,hartford-hawks,HART,Hartford Hawks,,5029,s:40~l:54~a:5029,cf6a6b6fb0bec442a826c10294bd4993,Danielle Hood,D. Hood,,,,NA,,true,false,true,false,
2006,253350041,42,hartford-hawks,HART,Hartford Hawks,,5028,s:40~l:54~a:5028,04aa0d08be9570e8c4bbcf5dfa48e550,Ikea Witt,I. Witt,,,,NA,,true,false,true,false,
2006,253350041,42,hartford-hawks,HART,Hartford Hawks,,5027,s:40~l:54~a:5027,57a1f526dc2d5103fdfd3697ad4be5a2,Erika Messam,E. Messam,,,,NA,,true,false,true,false,
2006,253350041,42,hartford-hawks,HART,Hartford Hawks,,5026,s:40~l:54~a:5026,99f6ce317b144db7b6efa3acd86f8d06,Danielle Wexler,D. Wexler,,,,NA,,true,false,true,false,
2006,253350041,41,uconn-huskies,CONN,UConn Huskies,,2637,s:40~l:54~a:2637,131163c0c1e979b8607484d92145c5e3,Ann Strother,A. Strother,,,,NA,,true,false,true,false,
2006,253350041,41,uconn-huskies,CONN,UConn Huskies,,2535,s:40~l:54~a:2535,1fbe551ef9e11d425d8920dc61125e6b,Willnett Crockett,W. Crockett,,,,NA,,true,false,true,false,
2006,253350041,41,uconn-huskies,CONN,UConn Huskies,,2409,s:40~l:54~a:2409,3166c5ecd189f3f8d53632fe2f90913a,Barbara Turner,B. Turner,,,,NA,,true,false,true,false,
2006,253350041,41,uconn-huskies,CONN,UConn Huskies,,5104,s:40~l:54~a:5104,f122be3557ced75550d02221af209121,Renee Montgomery,R. Montgomery,,,,NA,,true,false,true,false,
2006,253350041,41,uconn-huskies,CONN,UConn Huskies,,4827,s:40~l:54~a:4827,a60aeada6ce540be068e6ad92b3b9bc0,Mel Thomas,M. Thomas,,,,NA,,true,false,true,false,
2006,253352641,16,sacramento-state-hornets,SAC,Sacramento State Hornets,,5168,s:40~l:54~a:5168,93be4821b4fce41ee2ef7db167f0aec6,Ashley Cadotte,A. Cadotte,,,,NA,,true,false,true,false,
2006,253352641,16,sacramento-state-hornets,SAC,Sacramento State Hornets,,4364,s:40~l:54~a:4364,62d68a9022543fc5a453f7fb92566f55,Katelyn Ciampi,K. Ciampi,,,,NA,,true,false,true,false,
2006,253352641,16,sacramento-state-hornets,SAC,Sacramento State Hornets,,5169,s:40~l:54~a:5169,1a510b22dfc24590aa4e579a27f40344,Cindy Alldrin,C. Alldrin,,,,NA,,true,false,true,false,
2006,253352641,16,sacramento-state-hornets,SAC,Sacramento State Hornets,,4367,s:40~l:54~a:4367,a5fd872a36b516ff7ad575b99901da27,Stephanie Cherry,S. Cherry,,,,NA,,true,false,true,false,
2006,253352641,16,sacramento-state-hornets,SAC,Sacramento State Hornets,,3588,s:40~l:54~a:3588,08982e22e2c17f8e4058f47060d1fd4a,Kim Sheehy,K. Sheehy,,,,NA,,true,false,true,false,
2006,253352641,2641,texas-tech-lady-raiders,TTU,Texas Tech Lady Raiders,,5096,s:40~l:54~a:5096,06ceea941d0b5d21dea1d3167e16f4b0,Lavonda Henderson,L. Henderson,,,,G,,true,false,true,false,
2006,253352641,2641,texas-tech-lady-raiders,TTU,Texas Tech Lady Raiders,,5170,s:40~l:54~a:5170,da0ab492d83d31624c89c92dc4105cd9,Megan Morris,M. Morris,,,,NA,,true,false,true,false,
2006,253352641,2641,texas-tech-lady-raiders,TTU,Texas Tech Lady Raiders,,2422,s:40~l:54~a:2422,b4777c247d0cc3d16bdb2a9ca25cf293,LaToya Davis,L. Davis,,,,NA,,true,false,true,false,
2006,253352641,2641,texas-tech-lady-raiders,TTU,Texas Tech Lady Raiders,,4873,s:40~l:54~a:4873,a39ab37935f7e0b85212f19d694e9e14,Judith Smith,J. Smith,,,,NA,,true,false,true,false,
2006,253352641,2641,texas-tech-lady-raiders,TTU,Texas Tech Lady Raiders,,2423,s:40~l:54~a:2423,191197c0edc09c465435d9cee3f95a86,Erin Grant,E. Grant,,,,NA,,true,false,true,false,
2006,253380251,150,duke-blue-devils,DUKE,Duke Blue Devils,,5181,s:40~l:54~a:5181,58bd9286799971e5e165af770e828648,Daria Mieloszynska,D. Mieloszynska,,,,NA,,true,true,true,false,
2006,253380251,150,duke-blue-devils,DUKE,Duke Blue Devils,,5180,s:40~l:54~a:5180,1c200880eeedb6e098f98bed6a1f4a5c,Tiffany Jackson,T. Jackson,,,,NA,,true,true,true,false,
2006,253380251,150,duke-blue-devils,DUKE,Duke Blue Devils,,5184,s:40~l:54~a:5184,4d456061eeb738149da30d8827341757,Nina Norman,N. Norman,,,,NA,,true,true,true,false,
2006,253380251,150,duke-blue-devils,DUKE,Duke Blue Devils,,5183,s:40~l:54~a:5183,3ff3c976e0b7bef99834a5c8b737abbe,Erika Arriaran,E. Arriaran,,,,NA,,true,true,true,false,
2006,253380251,150,duke-blue-devils,DUKE,Duke Blue Devils,,5182,s:40~l:54~a:5182,7e89e4f766d6bf245ac97abe9cd2d6a9,Earnesia Williams,E. Williams,,,,NA,,true,true,true,false,
2006,253380251,251,texas-longhorns,TEX,Texas Longhorns,,5187,s:40~l:54~a:5187,b107b33138f52fa49ac0ee2584931bf7,Alison Bales,A. Bales,,,,NA,,true,true,true,false,
2006,253380251,251,texas-longhorns,TEX,Texas Longhorns,,5186,s:40~l:54~a:5186,ae697b5360c4e39445252db49765ca81,Chante Black,C. Black,,,,NA,,true,true,true,false,
2006,253380251,251,texas-longhorns,TEX,Texas Longhorns,,2475,s:40~l:54~a:2475,34971f2dbdb57e31e6939fa80c4422c8,Mistie McCray Bass,M. Bass,,,,NA,,true,true,true,false,
2006,253380251,251,texas-longhorns,TEX,Texas Longhorns,,5188,s:40~l:54~a:5188,cac44ce72ed322217f29fca8427c6ac3,Jessica Foley,J. Foley,,,,NA,,true,true,true,false,
2006,253380251,251,texas-longhorns,TEX,Texas Longhorns,,438,s:40~l:54~a:438,c7e26c3620f06c9196f3fe534452d4f6,Monique Currie,M. Currie,,,,NA,,true,true,true,false,
2006,253380024,2633,tennessee-lady-volunteers,TENN,Tennessee Lady Volunteers,,4839,s:40~l:54~a:4839,eb2e5d775349b53cc2cd1cff1d06fe67,Nicky Anosike,N. Anosike,,,,NA,,true,false,true,false,
2006,253380024,2633,tennessee-lady-volunteers,TENN,Tennessee Lady Volunteers,,5145,s:40~l:54~a:5145,61b484e2521ea0b301d4e85c791af05c,Candace Parker,C. Parker,,,,NA,,true,false,true,false,
2006,253380024,2633,tennessee-lady-volunteers,TENN,Tennessee Lady Volunteers,,5146,s:40~l:54~a:5146,e966f4c07ca1df063525fc3e431111ca,Sa'De Wileygatewood,S. Wileygatewood,,,,NA,,true,false,true,false,
2006,253380024,2633,tennessee-lady-volunteers,TENN,Tennessee Lady Volunteers,,4840,s:40~l:54~a:4840,13ff2da95b8fccf88eff7098fb77f4e5,Alexis Hornbuckle,A. Hornbuckle,,,,NA,,true,false,true,false,
2006,253380024,2633,tennessee-lady-volunteers,TENN,Tennessee Lady Volunteers,,2633,s:40~l:54~a:2633,c2ee79eb6ce4e1f61b40f49f0404c074,Shanna Zolman,S. Zolman,,,,NA,,true,false,true,false,
2006,253380024,24,stanford-cardinal,STAN,Stanford Cardinal,,3914,s:40~l:54~a:3914,99d7b78d61842789d6a85541e6296cf7,Brooke Smith,B. Smith,,,,NA,,true,false,true,false,
2006,253380024,24,stanford-cardinal,STAN,Stanford Cardinal,,3918,s:40~l:54~a:3918,cb1ca59b90fd08a9a05323857faeee28,Kristen Newlin,K. Newlin,,,,NA,,true,false,true,false,
2006,253380024,24,stanford-cardinal,STAN,Stanford Cardinal,,4896,s:40~l:54~a:4896,6807e88b6640acf90ebceceba90d5ff5,Candice Wiggins,C. Wiggins,,,,NA,,true,false,true,false,
2006,253380024,24,stanford-cardinal,STAN,Stanford Cardinal,,2642,s:40~l:54~a:2642,d24a81ada8949ae6408c9c0e3e1e7332,Krista Rappahahn,K. Rappahahn,,,,NA,,true,false,true,false,
2006,253380024,24,stanford-cardinal,STAN,Stanford Cardinal,,2639,s:40~l:54~a:2639,42be1fa7e0648252b79431b4a86290ef,Clare Bodensteiner,C. Bodensteiner,,,,NA,,true,false,true,false,
2006,253380061,59,georgia-tech-yellow-jackets,GT,Georgia Tech Yellow Jackets,,2521,s:40~l:54~a:2521,225a530fd61eb5ca84b9fa943ea9b6af,Kasha Terry,K. Terry,,,,NA,,true,false,true,false,
2006,253380061,59,georgia-tech-yellow-jackets,GT,Georgia Tech Yellow Jackets,,4895,s:40~l:54~a:4895,a43f4896f2ed699a0d6d088874658724,Daphne Mitchell,D. Mitchell,,,,NA,,true,false,true,false,
2006,253380061,59,georgia-tech-yellow-jackets,GT,Georgia Tech Yellow Jackets,,4893,s:40~l:54~a:4893,99bcc6497fce7a1f3554ab1d2aa4e9ee,Chioma Nnamaka,C. Nnamaka,,,,NA,,true,false,true,false,
2006,253380061,59,georgia-tech-yellow-jackets,GT,Georgia Tech Yellow Jackets,,4894,s:40~l:54~a:4894,6f441a4e1a9f5a40a0b75ae3fa7c184e,Jill Ingram,J. Ingram,,,,NA,,true,false,true,false,
2006,253380061,59,georgia-tech-yellow-jackets,GT,Georgia Tech Yellow Jackets,,3786,s:40~l:54~a:3786,7a89bf1dcec63d882c1ceb575fddcbec,Stephanie Higgs,S. Higgs,,,,NA,,true,false,true,false,
2006,253380061,61,georgia-lady-bulldogs,UGA,Georgia Lady Bulldogs,,5087,s:40~l:54~a:5087,ba5bf9e08de419ae09a040a7e40e58d5,Humphrey Tasha,H. Tasha,,,,NA,,true,false,true,false,
2006,253380061,61,georgia-lady-bulldogs,UGA,Georgia Lady Bulldogs,,5090,s:40~l:54~a:5090,c90d4b3df7d1d74fcf1af7fc4f8c8a36,Chambers Cori,C. Cori,,,,NA,,true,false,true,false,
2006,253380061,61,georgia-lady-bulldogs,UGA,Georgia Lady Bulldogs,,5086,s:40~l:54~a:5086,3cd1fac4f61a6b49c181fd6d7e05f58f,Darrah Megan,D. Megan,,,,NA,,true,false,true,false,
2006,253380061,61,georgia-lady-bulldogs,UGA,Georgia Lady Bulldogs,,5089,s:40~l:54~a:5089,96f72ea9acb2208d6494cbf484cc4232,Kendrick Alexis,K. Alexis,,,,NA,,true,false,true,false,
2006,253380061,61,georgia-lady-bulldogs,UGA,Georgia Lady Bulldogs,,5088,s:40~l:54~a:5088,a17cbcefdb413b1be583e2e07c0e7d7a,Baker Sherill,B. Sherill,,,,NA,,true,false,true,false,
2006,253390041,153,north-carolina-tar-heels,UNC,North Carolina Tar Heels,,4820,s:40~l:54~a:4820,0de0ab274d44bdd6a591d5ef9dfbcb07,Erlana Larkins,E. Larkins,,,,NA,,true,false,true,false,
2006,253390041,153,north-carolina-tar-heels,UNC,North Carolina Tar Heels,,3754,s:40~l:54~a:3754,8ba41f63ad491766dd837fe6ccb34b98,Camille Little,C. Little,,,,NA,,true,false,true,false,
2006,253390041,153,north-carolina-tar-heels,UNC,North Carolina Tar Heels,,3755,s:40~l:54~a:3755,dfe2d840ee1f027b9d928e7dcd35a0cd,Ivory Latta,I. Latta,,,,NA,,true,false,true,false,
2006,253390041,153,north-carolina-tar-heels,UNC,North Carolina Tar Heels,,2648,s:40~l:54~a:2648,9078e72bb6a32f576c7dc680854bb426,Jessica Sell,J. Sell,,,,NA,,true,false,true,false,
2006,253390041,153,north-carolina-tar-heels,UNC,North Carolina Tar Heels,,2647,s:40~l:54~a:2647,78fba069babc60e597c4b87df0c6edee,La'Tangela Atkinson,L. Atkinson,,,,NA,,true,false,true,false,
2006,253390041,41,uconn-huskies,CONN,UConn Huskies,,4824,s:40~l:54~a:4824,e2c459bbd0318cae4e7d1128e5f2b79b,Charde Houston,C. Houston,,,,NA,,true,false,true,false,
2006,253390041,41,uconn-huskies,CONN,UConn Huskies,,2409,s:40~l:54~a:2409,3166c5ecd189f3f8d53632fe2f90913a,Barbara Turner,B. Turner,,,,NA,,true,false,true,false,
2006,253390041,41,uconn-huskies,CONN,UConn Huskies,,4850,s:40~l:54~a:4850,cacd92c76a0acc946abaa5c0c7a88e63,Ketia Swanier,K. Swanier,,,,NA,,true,false,true,false,
2006,253390041,41,uconn-huskies,CONN,UConn Huskies,,4827,s:40~l:54~a:4827,a60aeada6ce540be068e6ad92b3b9bc0,Mel Thomas,M. Thomas,,,,NA,,true,false,true,false,
2006,253390041,41,uconn-huskies,CONN,UConn Huskies,,2637,s:40~l:54~a:2637,131163c0c1e979b8607484d92145c5e3,Ann Strother,A. Strother,,,,NA,,true,false,true,false,
2006,253420222,41,uconn-huskies,CONN,UConn Huskies,,5105,s:40~l:54~a:5105,f64f09b3ec911bdab2fe294c5a9e34be,Kalana Greene,K. Greene,,,,G,,true,false,true,false,
2006,253420222,41,uconn-huskies,CONN,UConn Huskies,,2637,s:40~l:54~a:2637,131163c0c1e979b8607484d92145c5e3,Ann Strother,A. Strother,,,,NA,,true,false,true,false,
2006,253420222,41,uconn-huskies,CONN,UConn Huskies,,2409,s:40~l:54~a:2409,3166c5ecd189f3f8d53632fe2f90913a,Barbara Turner,B. Turner,,,,NA,,true,false,true,false,
2006,253420222,41,uconn-huskies,CONN,UConn Huskies,,5104,s:40~l:54~a:5104,f122be3557ced75550d02221af209121,Renee Montgomery,R. Montgomery,,,,NA,,true,false,true,false,
2006,253420222,41,uconn-huskies,CONN,UConn Huskies,,4827,s:40~l:54~a:4827,a60aeada6ce540be068e6ad92b3b9bc0,Mel Thomas,M. Thomas,,,,NA,,true,false,true,false,
2006,253420222,222,villanova-wildcats,VILL,Villanova Wildcats,,5218,s:40~l:54~a:5218,6a3757c83772579ecbfdd72d5c35240d,Liad Suezkarni,L. Suezkarni,,,,NA,,true,false,true,false,
2006,253420222,222,villanova-wildcats,VILL,Villanova Wildcats,,5217,s:40~l:54~a:5217,8fa87889085bd40e0b928764d873f8a6,Kate Mager,K. Mager,,,,NA,,true,false,true,false,
2006,253420222,222,villanova-wildcats,VILL,Villanova Wildcats,,2677,s:40~l:54~a:2677,3a7f5fe3b9b73798acdda91db9d5b729,Jackie Adamshick,J. Adamshick,,,,NA,,true,false,true,false,
2006,253420222,222,villanova-wildcats,VILL,Villanova Wildcats,,2686,s:40~l:54~a:2686,cda38bc04e0d933f6ec91cb950bbdc9f,Jenna Viani,J. Viani,,,,NA,,true,false,true,false,
2006,253420222,222,villanova-wildcats,VILL,Villanova Wildcats,,2680,s:40~l:54~a:2680,b38263884aad8bfd17971602f655c265,Betsy McManus,B. McManus,,,,NA,,true,false,true,false,
2006,253442623,201,oklahoma-sooners,OU,Oklahoma Sooners,,5119,s:40~l:54~a:5119,f9d20ded5d4159ba45cebf73f083068c,Ashley Paris,A. Paris,,,5  ,F,,true,false,true,false,
2006,253442623,201,oklahoma-sooners,OU,Oklahoma Sooners,,5118,s:40~l:54~a:5118,1834413d80b409a6fe840327a8e7993b,Courtney Paris,C. Paris,,,3  ,C,,true,false,true,false,
2006,253442623,201,oklahoma-sooners,OU,Oklahoma Sooners,,2440,s:40~l:54~a:2440,e3bf68ab5f09df85beb125602605ce51,Erin Higgins,E. Higgins,,,,NA,,true,false,true,false,
2006,253442623,201,oklahoma-sooners,OU,Oklahoma Sooners,,3815,s:40~l:54~a:3815,d6bab7c9f6be981a4a14e428ec7adbcb,Kendra Moore,K. Moore,,,,NA,,true,false,true,false,
2006,253442623,201,oklahoma-sooners,OU,Oklahoma Sooners,,3814,s:40~l:54~a:3814,f156683781715a0d8cd075188ce2a1d8,Leah Rush,L. Rush,,,,NA,,true,false,true,false,
2006,253442623,2623,missouri-state-lady-bears,MOST,Missouri State Lady Bears,,3334,s:40~l:54~a:3334,bd91620c10176f4a80f729cb607feecf,Hannah Kirk,H. Kirk,,,,NA,,true,false,true,false,
2006,253442623,2623,missouri-state-lady-bears,MOST,Missouri State Lady Bears,,3336,s:40~l:54~a:3336,8e85379591d51ace0f26fef0e676d86a,Kari Koch,K. Koch,,,,NA,,true,false,true,false,
2006,253442623,2623,missouri-state-lady-bears,MOST,Missouri State Lady Bears,,3335,s:40~l:54~a:3335,cefa335e110b3aebd1cc269410164c58,Sarah Klaassen,S. Klaassen,,,,NA,,true,false,true,false,
2006,253442623,2623,missouri-state-lady-bears,MOST,Missouri State Lady Bears,,5222,s:40~l:54~a:5222,b888db7ba717324379050a7dc269eff5,Kayli Combs,K. Combs,,,,NA,,true,false,true,false,
2006,253442623,2623,missouri-state-lady-bears,MOST,Missouri State Lady Bears,,5221,s:40~l:54~a:5221,b31c4305a1f07465fccce6ef7e12f956,Tahnee Balerio,T. Balerio,,,,NA,,true,false,true,false,
2006,253450030,194,ohio-state-buckeyes,OSU,Ohio State Buckeyes,,3831,s:40~l:54~a:3831,d7d474a42d3ed0200925eaf98d64417d,Jessica Davenport,J. Davenport,,,,NA,,true,false,true,false,
2006,253450030,194,ohio-state-buckeyes,OSU,Ohio State Buckeyes,,273,s:40~l:54~a:273,45121a17d956c514acaaaccb55a64980,Debbie Merrill,D. Merrill,,,,NA,,true,false,true,false,
2006,253450030,194,ohio-state-buckeyes,OSU,Ohio State Buckeyes,,4901,s:40~l:54~a:4901,a34dc975a399d5f36c8b8607a7ace096,Marscilla Packer,M. Packer,,,,NA,,true,false,true,false,
2006,253450030,194,ohio-state-buckeyes,OSU,Ohio State Buckeyes,,3833,s:40~l:54~a:3833,dc2ef3677a22bd7cc11af6c11b005875,Brandie Hoskins,B. Hoskins,,,,NA,,true,false,true,false,
2006,253450030,194,ohio-state-buckeyes,OSU,Ohio State Buckeyes,,2704,s:40~l:54~a:2704,9dd47bd6562aa8f11118ab85dc0d8bd2,Kim Wilburn,K. Wilburn,,,,NA,,true,false,true,false,
2006,253450030,30,usc-trojans,USC,USC Trojans,,4933,s:40~l:54~a:4933,e1b4b32b7ea3d731c938113704c1175c,Camille LeNoir,C. LeNoir,,,,G,,true,false,true,false,
2006,253450030,30,usc-trojans,USC,USC Trojans,,3839,s:40~l:54~a:3839,f927d05a239f44f691d243cf5b1aa93e,Eshaya Murphy,E. Murphy,,,,NA,,true,false,true,false,
2006,253450030,30,usc-trojans,USC,USC Trojans,,3834,s:40~l:54~a:3834,63d8109c9c9f588ec3a2d6d39ecbbb60,Chloe Kerr,C. Kerr,,,,NA,,true,false,true,false,
2006,253450030,30,usc-trojans,USC,USC Trojans,,5154,s:40~l:54~a:5154,dd55bfbdb91b8b7f56a91ba8adf58733,Smone Jelks,S. Jelks,,,,NA,,true,false,true,false,
2006,253450030,30,usc-trojans,USC,USC Trojans,,3840,s:40~l:54~a:3840,e255a00976ee071893675ce2a2b4560c,Jamie Hagiya,J. Hagiya,,,,NA,,true,false,true,false,
2006,253492633,2348,louisiana-tech-lady-techsters,LT,Louisiana Tech Lady Techsters,,5016,s:40~l:54~a:5016,db797c7b708136c1b0c3c509824ac5f7,Ty Moore,T. Moore,,,,NA,,true,false,true,false,
2006,253492633,2348,louisiana-tech-lady-techsters,LT,Louisiana Tech Lady Techsters,,2413,s:40~l:54~a:2413,41b578c6d4dcc1a33939f9608c7303be,Tamika Kursh,T. Kursh,,,,NA,,true,false,true,false,
2006,253492633,2348,louisiana-tech-lady-techsters,LT,Louisiana Tech Lady Techsters,,5228,s:40~l:54~a:5228,61a0bc1b1a2510cd991a594b863c595e,Tasha Williams,T. Williams,,,,NA,,true,false,true,false,
2006,253492633,2348,louisiana-tech-lady-techsters,LT,Louisiana Tech Lady Techsters,,5227,s:40~l:54~a:5227,b188ac00a56a2e72c44e65744ece2e2d,Aarica Rayboyd,A. Rayboyd,,,,NA,,true,false,true,false,
2006,253492633,2348,louisiana-tech-lady-techsters,LT,Louisiana Tech Lady Techsters,,3728,s:40~l:54~a:3728,6cc80d5c860ceb3e6bfeb1aa5c5c8a13,Shan Moore,S. Moore,,,,NA,,true,false,true,false,
2006,253492633,2633,tennessee-lady-volunteers,TENN,Tennessee Lady Volunteers,,4839,s:40~l:54~a:4839,eb2e5d775349b53cc2cd1cff1d06fe67,Nicky Anosike,N. Anosike,,,,NA,,true,false,true,false,
2006,253492633,2633,tennessee-lady-volunteers,TENN,Tennessee Lady Volunteers,,5145,s:40~l:54~a:5145,61b484e2521ea0b301d4e85c791af05c,Candace Parker,C. Parker,,,,NA,,true,false,true,false,
2006,253492633,2633,tennessee-lady-volunteers,TENN,Tennessee Lady Volunteers,,5146,s:40~l:54~a:5146,e966f4c07ca1df063525fc3e431111ca,Sa'De Wileygatewood,S. Wileygatewood,,,,NA,,true,false,true,false,
2006,253492633,2633,tennessee-lady-volunteers,TENN,Tennessee Lady Volunteers,,4840,s:40~l:54~a:4840,13ff2da95b8fccf88eff7098fb77f4e5,Alexis Hornbuckle,A. Hornbuckle,,,,NA,,true,false,true,false,
2006,253492633,2633,tennessee-lady-volunteers,TENN,Tennessee Lady Volunteers,,2633,s:40~l:54~a:2633,c2ee79eb6ce4e1f61b40f49f0404c074,Shanna Zolman,S. Zolman,,,,NA,,true,false,true,false,
2006,253490194,99,lsu-tigers,LSU,LSU Tigers,,4834,s:40~l:54~a:4834,08e807cc398fe0f761ad0d448bfeb280,Sylvia Fowles,S. Fowles,,,,NA,,true,false,true,false,
2006,253490194,99,lsu-tigers,LSU,LSU Tigers,,2634,s:40~l:54~a:2634,79e7ef7d0f468b02068291a28bc7956f,Florence Williams,F. Williams,,,,NA,,true,false,true,false,
2006,253490194,99,lsu-tigers,LSU,LSU Tigers,,4887,s:40~l:54~a:4887,9d783fc8785e0f2e35028b5deed9f570,RaShonta LeBlanc,R. LeBlanc,,,,NA,,true,false,true,false,
2006,253490194,99,lsu-tigers,LSU,LSU Tigers,,3715,s:40~l:54~a:3715,e6a46d07dfc2f2055ba24fc51716a427,Scholanda Hoston,S. Hoston,,,,NA,,true,false,true,false,
2006,253490194,99,lsu-tigers,LSU,LSU Tigers,,2635,s:40~l:54~a:2635,3a7f24f2f739ca385df1c548e6def432,Seimone Augustus,S. Augustus,,,,NA,,true,false,true,false,
2006,253490194,194,ohio-state-buckeyes,OSU,Ohio State Buckeyes,,3831,s:40~l:54~a:3831,d7d474a42d3ed0200925eaf98d64417d,Jessica Davenport,J. Davenport,,,,NA,,true,false,true,false,
2006,253490194,194,ohio-state-buckeyes,OSU,Ohio State Buckeyes,,273,s:40~l:54~a:273,45121a17d956c514acaaaccb55a64980,Debbie Merrill,D. Merrill,,,,NA,,true,false,true,false,
2006,253490194,194,ohio-state-buckeyes,OSU,Ohio State Buckeyes,,4901,s:40~l:54~a:4901,a34dc975a399d5f36c8b8607a7ace096,Marscilla Packer,M. Packer,,,,NA,,true,false,true,false,
2006,253490194,194,ohio-state-buckeyes,OSU,Ohio State Buckeyes,,3833,s:40~l:54~a:3833,dc2ef3677a22bd7cc11af6c11b005875,Brandie Hoskins,B. Hoskins,,,,NA,,true,false,true,false,
2006,253490194,194,ohio-state-buckeyes,OSU,Ohio State Buckeyes,,2704,s:40~l:54~a:2704,9dd47bd6562aa8f11118ab85dc0d8bd2,Kim Wilburn,K. Wilburn,,,,NA,,true,false,true,false,
2006,253540099,2655,tulane-green-wave,TULN,Tulane Green Wave,,5232,s:40~l:54~a:5232,fa67c1054294fe726e36f1350d5a8c19,Kendra Barnes,K. Barnes,,,0  ,F,,true,false,true,false,
2006,253540099,2655,tulane-green-wave,TULN,Tulane Green Wave,,5233,s:40~l:54~a:5233,7ad601223ee8b1ba5e3f0cc5828e5c51,Ashley Langford,A. Langford,,,2  ,G,,true,false,true,false,
2006,253540099,2655,tulane-green-wave,TULN,Tulane Green Wave,,5231,s:40~l:54~a:5231,45ec9ac746d7ce2f6ab59a1b448d4f70,Jennifer Sands,J. Sands,,,,NA,,true,false,true,false,
2006,253540099,2655,tulane-green-wave,TULN,Tulane Green Wave,,5234,s:40~l:54~a:5234,46e56b1e4136abf805cdcb88167be531,Nikki Luckhurst,N. Luckhurst,,,,NA,,true,false,true,false,
2006,253540099,2655,tulane-green-wave,TULN,Tulane Green Wave,,3796,s:40~l:54~a:3796,a5b8ff85f63b0b6739f1d2f29057e786,Jamie Montagnino,J. Montagnino,,,,NA,,true,false,true,false,
2006,253540099,99,lsu-tigers,LSU,LSU Tigers,,4834,s:40~l:54~a:4834,08e807cc398fe0f761ad0d448bfeb280,Sylvia Fowles,S. Fowles,,,,NA,,true,false,true,false,
2006,253540099,99,lsu-tigers,LSU,LSU Tigers,,2634,s:40~l:54~a:2634,79e7ef7d0f468b02068291a28bc7956f,Florence Williams,F. Williams,,,,NA,,true,false,true,false,
2006,253540099,99,lsu-tigers,LSU,LSU Tigers,,4887,s:40~l:54~a:4887,9d783fc8785e0f2e35028b5deed9f570,RaShonta LeBlanc,R. LeBlanc,,,,NA,,true,false,true,false,
2006,253540099,99,lsu-tigers,LSU,LSU Tigers,,3715,s:40~l:54~a:3715,e6a46d07dfc2f2055ba24fc51716a427,Scholanda Hoston,S. Hoston,,,,NA,,true,false,true,false,
2006,253540099,99,lsu-tigers,LSU,LSU Tigers,,2635,s:40~l:54~a:2635,3a7f24f2f739ca385df1c548e6def432,Seimone Augustus,S. Augustus,,,,NA,,true,false,true,false,
2006,253540026,2483,oregon-ducks,ORE,Oregon Ducks,,4929,s:40~l:54~a:4929,dea5eb29fe7d7f025f7cae663df0c2c2,Gabrielle Richards,G. Richards,,,,NA,,true,false,true,false,
2006,253540026,2483,oregon-ducks,ORE,Oregon Ducks,,3911,s:40~l:54~a:3911,1f381854501e64c004f87946d46ae159,Eleanor Haring,E. Haring,,,,NA,,true,false,true,false,
2006,253540026,2483,oregon-ducks,ORE,Oregon Ducks,,1530,s:40~l:54~a:1530,2887fb229d4cf71516262bef22b6d38b,Kedzie Gunderson,K. Gunderson,,,,NA,,true,false,true,false,
2006,253540026,2483,oregon-ducks,ORE,Oregon Ducks,,4354,s:40~l:54~a:4354,6c10d962b8b3799fc82549df310998c8,Kaela Chapdelaine,K. Chapdelaine,,,,NA,,true,false,true,false,
2006,253540026,2483,oregon-ducks,ORE,Oregon Ducks,,749,s:40~l:54~a:749,58166f83196cb6b673a67aa51b8c17ca,Chelsea Wagner,C. Wagner,,,,NA,,true,false,true,false,
2006,253540026,26,ucla-bruins,UCLA,UCLA Bruins,,4897,s:40~l:54~a:4897,c65140ba6355155cec3a4cec4e6c77ca,Lindsey Pluimer,L. Pluimer,,,,NA,,true,false,true,false,
2006,253540026,26,ucla-bruins,UCLA,UCLA Bruins,,4102,s:40~l:54~a:4102,154c9df1816931e0ff3f374b2899226f,Amanda Livingston,A. Livingston,,,,NA,,true,false,true,false,
2006,253540026,26,ucla-bruins,UCLA,UCLA Bruins,,4101,s:40~l:54~a:4101,804453a093f87549d0587066637ee0b9,Noelle Quinn,N. Quinn,,,,NA,,true,false,true,false,
2006,253540026,26,ucla-bruins,UCLA,UCLA Bruins,,3159,s:40~l:54~a:3159,5a598c9488f78d0fcbff943e39b6fd8f,Nikki Blue,N. Blue,,,,NA,,true,false,true,false,
2006,253540026,26,ucla-bruins,UCLA,UCLA Bruins,,2397,s:40~l:54~a:2397,a538e48727307294d4007760fb665f1b,Lisa Willis,L. Willis,,,,NA,,true,false,true,false,
2006,253550201,127,michigan-state-spartans,MSU,Michigan State Spartans,,4089,s:40~l:54~a:4089,017db85cce1b3edf4a528fb981b8af1b,Myisha Bannister,M. Bannister,,,,NA,,true,false,true,false,
2006,253550201,127,michigan-state-spartans,MSU,Michigan State Spartans,,3299,s:40~l:54~a:3299,a159c264237959ed9847622dd9d84765,Liz Shimek,L. Shimek,,,,NA,,true,false,true,false,
2006,253550201,127,michigan-state-spartans,MSU,Michigan State Spartans,,4087,s:40~l:54~a:4087,24ae83fb999e83d62397aa50ef8f35d4,Rene Haynes,R. Haynes,,,,NA,,true,false,true,false,
2006,253550201,127,michigan-state-spartans,MSU,Michigan State Spartans,,4086,s:40~l:54~a:4086,13b8bb5a81dd1e8cbd8cebcef9ff82ee,Victoria Lucas-Perry,V. Lucas-Perry,,,,NA,,true,false,true,false,
2006,253550201,127,michigan-state-spartans,MSU,Michigan State Spartans,,3295,s:40~l:54~a:3295,10067a6e48be3f41d86fac21fdc8d093,Lindsay Bowen,L. Bowen,,,,NA,,true,false,true,false,
2006,253550201,201,oklahoma-sooners,OU,Oklahoma Sooners,,5119,s:40~l:54~a:5119,f9d20ded5d4159ba45cebf73f083068c,Ashley Paris,A. Paris,,,5  ,F,,true,false,true,false,
2006,253550201,201,oklahoma-sooners,OU,Oklahoma Sooners,,5118,s:40~l:54~a:5118,1834413d80b409a6fe840327a8e7993b,Courtney Paris,C. Paris,,,3  ,C,,true,false,true,false,
2006,253550201,201,oklahoma-sooners,OU,Oklahoma Sooners,,3814,s:40~l:54~a:3814,f156683781715a0d8cd075188ce2a1d8,Leah Rush,L. Rush,,,,NA,,true,false,true,false,
2006,253550201,201,oklahoma-sooners,OU,Oklahoma Sooners,,3815,s:40~l:54~a:3815,d6bab7c9f6be981a4a14e428ec7adbcb,Kendra Moore,K. Moore,,,,NA,,true,false,true,false,
2006,253550201,201,oklahoma-sooners,OU,Oklahoma Sooners,,2440,s:40~l:54~a:2440,e3bf68ab5f09df85beb125602605ce51,Erin Higgins,E. Higgins,,,,NA,,true,false,true,false,
2006,253560041,2275,hofstra-pride,HOF,Hofstra Pride,,4000,s:40~l:54~a:4000,b9fdff2dde3d725b7a358e986640d475,Vanessa Gidden,V. Gidden,,,,NA,,true,false,true,false,
2006,253560041,2275,hofstra-pride,HOF,Hofstra Pride,,3998,s:40~l:54~a:3998,d837232b27ada02231da767858747549,Amaka Agugua-Hamilton,A. Agugua-Hamilton,,,,NA,,true,false,true,false,
2006,253560041,2275,hofstra-pride,HOF,Hofstra Pride,,3994,s:40~l:54~a:3994,44326c26a4f18a0eccd2f5b66e21ef5f,Lizanne Murphy,L. Murphy,,,,NA,,true,false,true,false,
2006,253560041,2275,hofstra-pride,HOF,Hofstra Pride,,3991,s:40~l:54~a:3991,f388eb0646ff6f5be85c7f5531a9e4f5,Cigi McCollin,C. McCollin,,,,NA,,true,false,true,false,
2006,253560041,2275,hofstra-pride,HOF,Hofstra Pride,,4001,s:40~l:54~a:4001,66e4a78e5b15dd6d7de72a139cc8b385,Rume Pela,R. Pela,,,,NA,,true,true,true,false,
2006,253560041,41,uconn-huskies,CONN,UConn Huskies,,5105,s:40~l:54~a:5105,f64f09b3ec911bdab2fe294c5a9e34be,Kalana Greene,K. Greene,,,,G,,true,false,true,false,
2006,253560041,41,uconn-huskies,CONN,UConn Huskies,,2637,s:40~l:54~a:2637,131163c0c1e979b8607484d92145c5e3,Ann Strother,A. Strother,,,,NA,,true,false,true,false,
2006,253560041,41,uconn-huskies,CONN,UConn Huskies,,2409,s:40~l:54~a:2409,3166c5ecd189f3f8d53632fe2f90913a,Barbara Turner,B. Turner,,,,NA,,true,false,true,false,
2006,253560041,41,uconn-huskies,CONN,UConn Huskies,,4827,s:40~l:54~a:4827,a60aeada6ce540be068e6ad92b3b9bc0,Mel Thomas,M. Thomas,,,,NA,,true,false,true,false,
2006,253560041,41,uconn-huskies,CONN,UConn Huskies,,2410,s:40~l:54~a:2410,56efb2414f093ff317ca52a41a8e8b7f,Nicole Wolff,N. Wolff,,,,NA,,true,false,true,false,
2006,253630041,399,albany-great-danes,ALB,Albany Great Danes,,5251,s:40~l:54~a:5251,72e7a6c4fd843fc9dea8cef031895426,Kirsten Peterson,K. Peterson,,,,NA,,true,false,true,false,
2006,253630041,399,albany-great-danes,ALB,Albany Great Danes,,5250,s:40~l:54~a:5250,c438f757e14821020aa4817311a23c86,Joy Sterling,J. Sterling,,,,NA,,true,false,true,false,
2006,253630041,399,albany-great-danes,ALB,Albany Great Danes,,5254,s:40~l:54~a:5254,a9318c1a36b926ff462dab357314fa40,Tanya James,T. James,,,,NA,,true,false,true,false,
2006,253630041,399,albany-great-danes,ALB,Albany Great Danes,,5253,s:40~l:54~a:5253,e688bd84288e65b729ebda7926f4ccd0,Sherri Mikus,S. Mikus,,,,NA,,true,false,true,false,
2006,253630041,399,albany-great-danes,ALB,Albany Great Danes,,5252,s:40~l:54~a:5252,c24b1351c46621f5bdeee6d60b47a508,Jen Schumacher,J. Schumacher,,,,NA,,true,false,true,false,
2006,253630041,41,uconn-huskies,CONN,UConn Huskies,,2409,s:40~l:54~a:2409,3166c5ecd189f3f8d53632fe2f90913a,Barbara Turner,B. Turner,,,,NA,,true,false,true,false,
2006,253630041,41,uconn-huskies,CONN,UConn Huskies,,5104,s:40~l:54~a:5104,f122be3557ced75550d02221af209121,Renee Montgomery,R. Montgomery,,,,NA,,true,false,true,false,
2006,253630041,41,uconn-huskies,CONN,UConn Huskies,,4827,s:40~l:54~a:4827,a60aeada6ce540be068e6ad92b3b9bc0,Mel Thomas,M. Thomas,,,,NA,,true,false,true,false,
2006,253630041,41,uconn-huskies,CONN,UConn Huskies,,2637,s:40~l:54~a:2637,131163c0c1e979b8607484d92145c5e3,Ann Strother,A. Strother,,,,NA,,true,false,true,false,
2006,253630041,41,uconn-huskies,CONN,UConn Huskies,,2410,s:40~l:54~a:2410,56efb2414f093ff317ca52a41a8e8b7f,Nicole Wolff,N. Wolff,,,,NA,,true,false,true,false,
2006,253630009,264,washington-huskies,WASH,Washington Huskies,,5261,s:40~l:54~a:5261,e1352db27ef794f5eec696fc67afd79b,Andrea Plouffe,A. Plouffe,,,,NA,,true,false,true,false,
2006,253630009,264,washington-huskies,WASH,Washington Huskies,,3852,s:40~l:54~a:3852,7f84cae8ee6e05f0d2342d69f50489f3,Breanne Watson,B. Watson,,,,NA,,true,false,true,false,
2006,253630009,264,washington-huskies,WASH,Washington Huskies,,5262,s:40~l:54~a:5262,f5be9091e8b7015426e410653964bde2,Emily Florence,E. Florence,,,,NA,,true,false,true,false,
2006,253630009,264,washington-huskies,WASH,Washington Huskies,,3855,s:40~l:54~a:3855,94b05cc91ac8d748e165634bba2bcee1,Dominique Banks,D. Banks,,,,NA,,true,false,true,false,
2006,253630009,264,washington-huskies,WASH,Washington Huskies,,3854,s:40~l:54~a:3854,acd260277e5bd015aa761b74482cb934,Cameo Hicks,C. Hicks,,,,NA,,true,false,true,false,
2006,253630009,9,arizona-state-sun-devils,ASU,Arizona State Sun Devils,,3842,s:40~l:54~a:3842,fd57da4745de397b8fd78369d112b315,Aubree Johnson,A. Johnson,,,,NA,,true,false,true,false,
2006,253630009,9,arizona-state-sun-devils,ASU,Arizona State Sun Devils,,3841,s:40~l:54~a:3841,c3266714953998f2a38f0dfdfbcf07d8,Emily Westerberg,E. Westerberg,,,,NA,,true,false,true,false,
2006,253630009,9,arizona-state-sun-devils,ASU,Arizona State Sun Devils,,2402,s:40~l:54~a:2402,f656434affdd605660450dfba8b872fe,Kristen Kovesdy,K. Kovesdy,,,,NA,,true,false,true,false,
2006,253630009,9,arizona-state-sun-devils,ASU,Arizona State Sun Devils,,4928,s:40~l:54~a:4928,0ea3fe8a56329a6c681b922bd5764e4d,Reagan Pariseau,R. Pariseau,,,,NA,,true,false,true,false,
2006,253630009,9,arizona-state-sun-devils,ASU,Arizona State Sun Devils,,2403,s:40~l:54~a:2403,00eaa0aaf0a2719f4f499339a793b32c,Jill Noe,J. Noe,,,,NA,,true,false,true,false,
2006,253640099,58,south-florida-bulls,USF,South Florida Bulls,,5267,s:40~l:54~a:5267,28bc635e350e55736910152115bb26a9,Shantia Grace,S. Grace,,,3  ,G,,true,false,true,false,
2006,253640099,58,south-florida-bulls,USF,South Florida Bulls,,4630,s:40~l:54~a:4630,e66db0e3ad569b7f7493cb8570f82824,Nalini Miller,N. Miller,,,,NA,,true,false,true,false,
2006,253640099,58,south-florida-bulls,USF,South Florida Bulls,,4631,s:40~l:54~a:4631,3569068a6fbf88da123ce8d27c371bf3,Jessica Dickson,J. Dickson,,,,NA,,true,false,true,false,
2006,253640099,58,south-florida-bulls,USF,South Florida Bulls,,3408,s:40~l:54~a:3408,b2df8e03bd7f1f9fc71c31363d188cd0,Ezria Parsons,E. Parsons,,,,NA,,true,false,true,false,
2006,253640099,58,south-florida-bulls,USF,South Florida Bulls,,4633,s:40~l:54~a:4633,6d539b60d77ca3ac773b373312091588,Rachael Sheats,R. Sheats,,,,NA,,true,false,true,false,
2006,253640099,99,lsu-tigers,LSU,LSU Tigers,,4834,s:40~l:54~a:4834,08e807cc398fe0f761ad0d448bfeb280,Sylvia Fowles,S. Fowles,,,,NA,,true,false,true,false,
2006,253640099,99,lsu-tigers,LSU,LSU Tigers,,2634,s:40~l:54~a:2634,79e7ef7d0f468b02068291a28bc7956f,Florence Williams,F. Williams,,,,NA,,true,false,true,false,
2006,253640099,99,lsu-tigers,LSU,LSU Tigers,,4887,s:40~l:54~a:4887,9d783fc8785e0f2e35028b5deed9f570,RaShonta LeBlanc,R. LeBlanc,,,,NA,,true,false,true,false,
2006,253640099,99,lsu-tigers,LSU,LSU Tigers,,3715,s:40~l:54~a:3715,e6a46d07dfc2f2055ba24fc51716a427,Scholanda Hoston,S. Hoston,,,,NA,,true,false,true,false,
2006,253640099,99,lsu-tigers,LSU,LSU Tigers,,2635,s:40~l:54~a:2635,3a7f24f2f739ca385df1c548e6def432,Seimone Augustus,S. Augustus,,,,NA,,true,false,true,false,
2006,253650041,349,army-black-knights,ARMY,Army Black Knights,,5269,s:40~l:54~a:5269,511116d320673e5d080a2449e952404b,Stefanie Stone,S. Stone,,,,NA,,true,false,true,false,
2006,253650041,349,army-black-knights,ARMY,Army Black Knights,,3041,s:40~l:54~a:3041,a4794d047160ba967bec527c348bc453,Megan Vrabel,M. Vrabel,,,,NA,,true,false,true,false,
2006,253650041,349,army-black-knights,ARMY,Army Black Knights,,5272,s:40~l:54~a:5272,ab2ea0e174308701cb5da68f9e8a31d4,Margaree King,M. King,,,,NA,,true,false,true,false,
2006,253650041,349,army-black-knights,ARMY,Army Black Knights,,5271,s:40~l:54~a:5271,fb64e6e7d80638e942d7d1ab851d40d6,Cara Enright,C. Enright,,,,NA,,true,false,true,false,
2006,253650041,349,army-black-knights,ARMY,Army Black Knights,,5270,s:40~l:54~a:5270,90a7018389d75a8429ca42a43c5c46e5,Erin Begonia,E. Begonia,,,,NA,,true,false,true,false,
2006,253650041,41,uconn-huskies,CONN,UConn Huskies,,2637,s:40~l:54~a:2637,131163c0c1e979b8607484d92145c5e3,Ann Strother,A. Strother,,,,NA,,true,false,true,false,
2006,253650041,41,uconn-huskies,CONN,UConn Huskies,,2409,s:40~l:54~a:2409,3166c5ecd189f3f8d53632fe2f90913a,Barbara Turner,B. Turner,,,,NA,,true,false,true,false,
2006,253650041,41,uconn-huskies,CONN,UConn Huskies,,5104,s:40~l:54~a:5104,f122be3557ced75550d02221af209121,Renee Montgomery,R. Montgomery,,,,NA,,true,false,true,false,
2006,253650041,41,uconn-huskies,CONN,UConn Huskies,,4827,s:40~l:54~a:4827,a60aeada6ce540be068e6ad92b3b9bc0,Mel Thomas,M. Thomas,,,,NA,,true,false,true,false,
2006,253650041,41,uconn-huskies,CONN,UConn Huskies,,2410,s:40~l:54~a:2410,56efb2414f093ff317ca52a41a8e8b7f,Nicole Wolff,N. Wolff,,,,NA,,true,false,true,false,
2006,260012509,194,ohio-state-buckeyes,OSU,Ohio State Buckeyes,,3831,s:40~l:54~a:3831,d7d474a42d3ed0200925eaf98d64417d,Jessica Davenport,J. Davenport,,,,NA,,true,false,true,false,
2006,260012509,194,ohio-state-buckeyes,OSU,Ohio State Buckeyes,,3832,s:40~l:54~a:3832,ddbb08b1091600e90876b180379492c0,Stephanie Blanton,S. Blanton,,,,NA,,true,false,true,false,
2006,260012509,194,ohio-state-buckeyes,OSU,Ohio State Buckeyes,,273,s:40~l:54~a:273,45121a17d956c514acaaaccb55a64980,Debbie Merrill,D. Merrill,,,,NA,,true,false,true,false,
2006,260012509,194,ohio-state-buckeyes,OSU,Ohio State Buckeyes,,3833,s:40~l:54~a:3833,dc2ef3677a22bd7cc11af6c11b005875,Brandie Hoskins,B. Hoskins,,,,NA,,true,false,true,false,
2006,260012509,194,ohio-state-buckeyes,OSU,Ohio State Buckeyes,,2704,s:40~l:54~a:2704,9dd47bd6562aa8f11118ab85dc0d8bd2,Kim Wilburn,K. Wilburn,,,,NA,,true,false,true,false,
2006,260012509,2509,purdue-boilermakers,PUR,Purdue Boilermakers,,5278,s:40~l:54~a:5278,3b2bb529fa0fac3cc8909a682a95a6de,Lindsay Wisdomhylton,L. Wisdomhylton,,,,NA,,true,false,true,false,
2006,260012509,2509,purdue-boilermakers,PUR,Purdue Boilermakers,,3724,s:40~l:54~a:3724,9c4848c80a777e86150539b6968d2fc2,Erin Lawless,E. Lawless,,,,NA,,true,false,true,false,
2006,260012509,2509,purdue-boilermakers,PUR,Purdue Boilermakers,,3723,s:40~l:54~a:3723,c1387572be7fcdd5af8a477df5abaf94,Aya Traore,A. Traore,,,,NA,,true,false,true,false,
2006,260012509,2509,purdue-boilermakers,PUR,Purdue Boilermakers,,3726,s:40~l:54~a:3726,e393049a5d36b85d573c18f7f6e414e7,Katie Gearlds,K. Gearlds,,,,NA,,true,false,true,false,
2006,260012509,2509,purdue-boilermakers,PUR,Purdue Boilermakers,,2468,s:40~l:54~a:2468,00a69fb6888c8a2589587f79913d53c0,Sharika Webb,S. Webb,,,,NA,,true,false,true,false,
2006,260010127,130,michigan-wolverines,MICH,Michigan Wolverines,,5284,s:40~l:54~a:5284,49c4a4c1e481c3fb73a18af46aff6299,Stephany Skrba,S. Skrba,,,,F,,true,false,true,false,
2006,260010127,130,michigan-wolverines,MICH,Michigan Wolverines,,5283,s:40~l:54~a:5283,57212fd99fa6fc9c7072507f661d96c1,Carly Benson,C. Benson,,,,F,,true,false,true,false,
2006,260010127,130,michigan-wolverines,MICH,Michigan Wolverines,,5286,s:40~l:54~a:5286,376147f6a4bd9223eb48126ef61110ab,Jessica Minnfield,J. Minnfield,,,,G,,true,false,true,false,
2006,260010127,130,michigan-wolverines,MICH,Michigan Wolverines,,5282,s:40~l:54~a:5282,3383dc78f33a93912e2089fb7987d7cb,Janelle Cooper,J. Cooper,,,,NA,,true,false,true,false,
2006,260010127,130,michigan-wolverines,MICH,Michigan Wolverines,,5285,s:40~l:54~a:5285,4d472c23c906f8ef122c68f93ad735f9,Krista Clement,K. Clement,,,,NA,,true,false,true,false,
2006,260010127,127,michigan-state-spartans,MSU,Michigan State Spartans,,4936,s:40~l:54~a:4936,78f86adbbb33004c07827c307370c208,Laura Hall,L. Hall,,,,NA,,true,false,true,false,
2006,260010127,127,michigan-state-spartans,MSU,Michigan State Spartans,,3299,s:40~l:54~a:3299,a159c264237959ed9847622dd9d84765,Liz Shimek,L. Shimek,,,,NA,,true,false,true,false,
2006,260010127,127,michigan-state-spartans,MSU,Michigan State Spartans,,4087,s:40~l:54~a:4087,24ae83fb999e83d62397aa50ef8f35d4,Rene Haynes,R. Haynes,,,,NA,,true,false,true,false,
2006,260010127,127,michigan-state-spartans,MSU,Michigan State Spartans,,4086,s:40~l:54~a:4086,13b8bb5a81dd1e8cbd8cebcef9ff82ee,Victoria Lucas-Perry,V. Lucas-Perry,,,,NA,,true,false,true,false,
2006,260010127,127,michigan-state-spartans,MSU,Michigan State Spartans,,3295,s:40~l:54~a:3295,10067a6e48be3f41d86fac21fdc8d093,Lindsay Bowen,L. Bowen,,,,NA,,true,false,true,false,
2006,260010024,26,ucla-bruins,UCLA,UCLA Bruins,,4897,s:40~l:54~a:4897,c65140ba6355155cec3a4cec4e6c77ca,Lindsey Pluimer,L. Pluimer,,,,NA,,true,false,true,false,
2006,260010024,26,ucla-bruins,UCLA,UCLA Bruins,,4102,s:40~l:54~a:4102,154c9df1816931e0ff3f374b2899226f,Amanda Livingston,A. Livingston,,,,NA,,true,false,true,false,
2006,260010024,26,ucla-bruins,UCLA,UCLA Bruins,,4101,s:40~l:54~a:4101,804453a093f87549d0587066637ee0b9,Noelle Quinn,N. Quinn,,,,NA,,true,false,true,false,
2006,260010024,26,ucla-bruins,UCLA,UCLA Bruins,,3159,s:40~l:54~a:3159,5a598c9488f78d0fcbff943e39b6fd8f,Nikki Blue,N. Blue,,,,NA,,true,false,true,false,
2006,260010024,26,ucla-bruins,UCLA,UCLA Bruins,,2397,s:40~l:54~a:2397,a538e48727307294d4007760fb665f1b,Lisa Willis,L. Willis,,,,NA,,true,false,true,false,
2006,260010024,24,stanford-cardinal,STAN,Stanford Cardinal,,5210,s:40~l:54~a:5210,4c1c8676b98031c3e63872df9258069e,Jillian Harmon,J. Harmon,,,33 ,F,,true,false,true,false,
2006,260010024,24,stanford-cardinal,STAN,Stanford Cardinal,,3914,s:40~l:54~a:3914,99d7b78d61842789d6a85541e6296cf7,Brooke Smith,B. Smith,,,,NA,,true,false,true,false,
2006,260010024,24,stanford-cardinal,STAN,Stanford Cardinal,,5212,s:40~l:54~a:5212,802c2a8507fdb10dc13e4cd5ac78191c,Rosalyn Goldonwude,R. Goldonwude,,,,NA,,true,false,true,false,
2006,260010024,24,stanford-cardinal,STAN,Stanford Cardinal,,4896,s:40~l:54~a:4896,6807e88b6640acf90ebceceba90d5ff5,Candice Wiggins,C. Wiggins,,,,NA,,true,false,true,false,
2006,260010024,24,stanford-cardinal,STAN,Stanford Cardinal,,2642,s:40~l:54~a:2642,d24a81ada8949ae6408c9c0e3e1e7332,Krista Rappahahn,K. Rappahahn,,,,NA,,true,false,true,false,
2006,260030305,221,pittsburgh-panthers,PITT,Pittsburgh Panthers,,5299,s:40~l:54~a:5299,d4e7cea3f24850eead105dfee02e5fda,Xenia Stewart,X. Stewart,,,,G,,true,false,true,false,
2006,260030305,221,pittsburgh-panthers,PITT,Pittsburgh Panthers,,4908,s:40~l:54~a:4908,0f193b96e872ff7d8fc38f13aa0ee7a9,Shavonte Zellous,S. Zellous,,,1  ,G,,true,false,true,false,
2006,260030305,221,pittsburgh-panthers,PITT,Pittsburgh Panthers,,4825,s:40~l:54~a:4825,1334c4c177b71f043d54ada56e62b115,Marcedes Walker,M. Walker,,,,NA,,true,false,true,false,
2006,260030305,221,pittsburgh-panthers,PITT,Pittsburgh Panthers,,4485,s:40~l:54~a:4485,040105b9ca120b2640dd3845ea338400,Danielle Taylor,D. Taylor,,,,NA,,true,false,true,false,
2006,260030305,221,pittsburgh-panthers,PITT,Pittsburgh Panthers,,5298,s:40~l:54~a:5298,a8db384159d024644791bcb7bd489745,Mallorie Winn,M. Winn,,,,NA,,true,false,true,false,
2006,260030305,305,depaul-blue-demons,DEP,DePaul Blue Demons,,4862,s:40~l:54~a:4862,ada6d59c2d30a68c6882307040e5b23e,Erin Carney,E. Carney,,,,NA,,true,false,true,false,
2006,260030305,305,depaul-blue-demons,DEP,DePaul Blue Demons,,415,s:40~l:54~a:415,aaaa2dcd83fe04b0e0e40cd0d502a6d6,Khara Smith,K. Smith,,,,NA,,true,false,true,false,
2006,260030305,305,depaul-blue-demons,DEP,DePaul Blue Demons,,4859,s:40~l:54~a:4859,8ccf9f61389ad1b5e837d73da998e9cb,Allie Quigley,A. Quigley,,,,NA,,true,false,true,false,
2006,260030305,305,depaul-blue-demons,DEP,DePaul Blue Demons,,4561,s:40~l:54~a:4561,6ebbbc3f36e376a65adaf5b2cd19682f,Jenna Rubino,J. Rubino,,,,NA,,true,false,true,false,
2006,260030305,305,depaul-blue-demons,DEP,DePaul Blue Demons,,417,s:40~l:54~a:417,00eb53aabfa29c5bce28e5d2eb8d5cd6,Claudette Towers,C. Towers,,,,NA,,true,false,true,false,
2006,260032305,251,texas-longhorns,TEX,Texas Longhorns,,5124,s:40~l:54~a:5124,7d330585c814b13fb2fb4fe7b0b6bb4d,Erika Arriaran,E. Arriaran,,,,G,,true,false,true,false,
2006,260032305,251,texas-longhorns,TEX,Texas Longhorns,,4876,s:40~l:54~a:4876,470c3a5a59c117618461969a48b0e826,Daria Mieloszynska,D. Mieloszynska,,,,NA,,true,false,true,false,
2006,260032305,251,texas-longhorns,TEX,Texas Longhorns,,3710,s:40~l:54~a:3710,cb5034bf70047521ef37260babc15b8f,Tiffany Jackson-Jones,T. Jackson-Jones,,,,NA,,true,false,true,false,
2006,260032305,251,texas-longhorns,TEX,Texas Longhorns,,5127,s:40~l:54~a:5127,f6244fb0d165c7317e128a1af45c84da,Erneisha Bailey,E. Bailey,,,,NA,,true,false,true,false,
2006,260032305,251,texas-longhorns,TEX,Texas Longhorns,,2383,s:40~l:54~a:2383,bda5223d8cb5aef66ae70ad068bb0d67,Nina Norman,N. Norman,,,,NA,,true,false,true,false,
2006,260032305,2305,kansas-jayhawks,KU,Kansas Jayhawks,,5294,s:40~l:54~a:5294,9481617936d26d14e3effb79ff972cac,Ivana Catic,I. Catic,,,,G,,true,false,true,false,
2006,260032305,2305,kansas-jayhawks,KU,Kansas Jayhawks,,5293,s:40~l:54~a:5293,4a1723a2ef05b41868f9b0b3719224e8,Taylor McIntosh,T. McIntosh,,,,NA,,true,false,true,false,
2006,260032305,2305,kansas-jayhawks,KU,Kansas Jayhawks,,2455,s:40~l:54~a:2455,d5fd45f83354d7316036b5142a31a6a2,Crystal Kemp,C. Kemp,,,,NA,,true,false,true,false,
2006,260032305,2305,kansas-jayhawks,KU,Kansas Jayhawks,,4245,s:40~l:54~a:4245,406c53c912d45884503691f9d77eb269,Kaylee Brown,K. Brown,,,,NA,,true,false,true,false,
2006,260032305,2305,kansas-jayhawks,KU,Kansas Jayhawks,,2452,s:40~l:54~a:2452,feddedff7fd6c97b03b8c7846d701686,Erica Hallman,E. Hallman,,,,NA,,true,false,true,false,
2006,260042579,2633,tennessee-lady-volunteers,TENN,Tennessee Lady Volunteers,,4839,s:40~l:54~a:4839,eb2e5d775349b53cc2cd1cff1d06fe67,Nicky Anosike,N. Anosike,,,,NA,,true,false,true,false,
2006,260042579,2633,tennessee-lady-volunteers,TENN,Tennessee Lady Volunteers,,5145,s:40~l:54~a:5145,61b484e2521ea0b301d4e85c791af05c,Candace Parker,C. Parker,,,,NA,,true,false,true,false,
2006,260042579,2633,tennessee-lady-volunteers,TENN,Tennessee Lady Volunteers,,3707,s:40~l:54~a:3707,70c6703f052213c777a20dd7ff64b712,Sidney Spencer,S. Spencer,,,,NA,,true,false,true,false,
2006,260042579,2633,tennessee-lady-volunteers,TENN,Tennessee Lady Volunteers,,4840,s:40~l:54~a:4840,13ff2da95b8fccf88eff7098fb77f4e5,Alexis Hornbuckle,A. Hornbuckle,,,,NA,,true,false,true,false,
2006,260042579,2633,tennessee-lady-volunteers,TENN,Tennessee Lady Volunteers,,2633,s:40~l:54~a:2633,c2ee79eb6ce4e1f61b40f49f0404c074,Shanna Zolman,S. Zolman,,,,NA,,true,false,true,false,
2006,260042579,2579,south-carolina-gamecocks,SC,South Carolina Gamecocks,,4881,s:40~l:54~a:4881,cd7774f6faa274dee603590c5a5ca7e8,Ilona Burgrova,I. Burgrova,,,,NA,,true,false,true,false,
2006,260042579,2579,south-carolina-gamecocks,SC,South Carolina Gamecocks,,3770,s:40~l:54~a:3770,e484432a8356a8ee6a5ca3a42b8bb73b,Iva Sliskovic,I. Sliskovic,,,,NA,,true,false,true,false,
2006,260042579,2579,south-carolina-gamecocks,SC,South Carolina Gamecocks,,3769,s:40~l:54~a:3769,9bc8b2fac805e90a61e8533aa11c6248,Lauren Simms,L. Simms,,,,NA,,true,false,true,false,
2006,260042579,2579,south-carolina-gamecocks,SC,South Carolina Gamecocks,,3766,s:40~l:54~a:3766,fa57faa5a6b0edc710c4c636da0cfe84,Shanell Harris,S. Harris,,,,NA,,true,false,true,false,
2006,260042579,2579,south-carolina-gamecocks,SC,South Carolina Gamecocks,,3765,s:40~l:54~a:3765,dbe8b7f5e7a7a4f539adb8c9acab0325,Lea Fabbri,L. Fabbri,,,,NA,,true,false,true,false,
2006,260040002,99,lsu-tigers,LSU,LSU Tigers,,4834,s:40~l:54~a:4834,08e807cc398fe0f761ad0d448bfeb280,Sylvia Fowles,S. Fowles,,,,NA,,true,false,true,false,
2006,260040002,99,lsu-tigers,LSU,LSU Tigers,,5097,s:40~l:54~a:5097,50323e53b18c89f62e93b2404ae49315,Ashley Thomas,A. Thomas,,,,NA,,true,false,true,false,
2006,260040002,99,lsu-tigers,LSU,LSU Tigers,,4855,s:40~l:54~a:4855,830d3381141bb83c5adaee8b2b5d561a,Erica White,E. White,,,,NA,,true,false,true,false,
2006,260040002,99,lsu-tigers,LSU,LSU Tigers,,3715,s:40~l:54~a:3715,e6a46d07dfc2f2055ba24fc51716a427,Scholanda Hoston,S. Hoston,,,,NA,,true,false,true,false,
2006,260040002,99,lsu-tigers,LSU,LSU Tigers,,2635,s:40~l:54~a:2635,3a7f24f2f739ca385df1c548e6def432,Seimone Augustus,S. Augustus,,,,NA,,true,false,true,false,
2006,260040002,2,auburn-tigers,AUB,Auburn Tigers,,5306,s:40~l:54~a:5306,74bfe6090fcbe955df3ee206e06a3a6a,DeWanna Bonner,D. Bonner,,,24 ,G,,true,false,true,false,
2006,260040002,2,auburn-tigers,AUB,Auburn Tigers,,5307,s:40~l:54~a:5307,c0f9da7d3022f41c7c8d84a3bd23a0a4,Whitney Boddie,W. Boddie,,,44 ,G,,true,false,true,false,
2006,260040002,2,auburn-tigers,AUB,Auburn Tigers,,4835,s:40~l:54~a:4835,9fdaaa1d7b68f89e3bdbb70ea4dd035c,Aileen Rossouw,A. Rossouw,,,,NA,,true,false,true,false,
2006,260040002,2,auburn-tigers,AUB,Auburn Tigers,,3584,s:40~l:54~a:3584,bed941fb72291e76d14fb860873df867,Marita Payne,M. Payne,,,,NA,,true,false,true,false,
2006,260040002,2,auburn-tigers,AUB,Auburn Tigers,,2426,s:40~l:54~a:2426,9dc92d79d8620726af15e6dc05598821,Nitasha Brown,N. Brown,,,,NA,,true,false,true,false,
2006,260050167,254,utah-utes,UTAH,Utah Utes,,4869,s:40~l:54~a:4869,e34f0450d7274a1862c1596b6227292f,Jessica Perry,J. Perry,,,,NA,,true,false,true,false,
2006,260050167,254,utah-utes,UTAH,Utah Utes,,5310,s:40~l:54~a:5310,759626406fedc73b7386df95f5e94bdc,Camie Oakey,C. Oakey,,,,NA,,true,false,true,false,
2006,260050167,254,utah-utes,UTAH,Utah Utes,,2458,s:40~l:54~a:2458,69e935b7072e05159ddbf9187b4513a5,Kim Smith,K. Smith,,,,NA,,true,false,true,false,
2006,260050167,254,utah-utes,UTAH,Utah Utes,,5311,s:40~l:54~a:5311,bfa8f4595911b8f860b670bdfe0bca39,Julie Larsen,J. Larsen,,,,NA,,true,false,true,false,
2006,260050167,254,utah-utes,UTAH,Utah Utes,,2153,s:40~l:54~a:2153,3ce48c2eccb31c0c264095249b561920,Shona Thorburn,S. Thorburn,,,,NA,,true,false,true,false,
2006,260050167,167,new-mexico-lobos,UNM,New Mexico Lobos,,2399,s:40~l:54~a:2399,3a222d9d73f3eddf4c1a85ce36eab26a,Jana Francis,J. Francis,,,,NA,,true,false,true,false,
2006,260050167,167,new-mexico-lobos,UNM,New Mexico Lobos,,4868,s:40~l:54~a:4868,34cbaed7f8d137f8bf47dd477edcd24b,Dionne Marsh,D. Marsh,,,,NA,,true,false,true,false,
2006,260050167,167,new-mexico-lobos,UNM,New Mexico Lobos,,5049,s:40~l:54~a:5049,0bd4a6c11dafad159e40e7f149a62fe7,Brandi Kimble,B. Kimble,,,,NA,,true,false,true,false,
2006,260050167,167,new-mexico-lobos,UNM,New Mexico Lobos,,3789,s:40~l:54~a:3789,de98591ed6aa9ebd243d832c63df88fc,Katie Montgomery,K. Montgomery,,,,NA,,true,false,true,false,
2006,260050167,167,new-mexico-lobos,UNM,New Mexico Lobos,,2398,s:40~l:54~a:2398,7efb0fb43ebe1cd69a3f3dadbff873ce,Abbie Letz,A. Letz,,,,NA,,true,false,true,false,
2006,260060153,228,clemson-tigers,CLEM,Clemson Tigers,,5317,s:40~l:54~a:5317,94c495d2eff343ea1f7aadcdbe9fe123,Tasha Taylor,T. Taylor,,,,G,,true,false,true,false,
2006,260060153,228,clemson-tigers,CLEM,Clemson Tigers,,5316,s:40~l:54~a:5316,9e8807e507456db3389ef2fcb3e9d2c1,Amanda Frist,A. Frist,,,,NA,,true,false,true,false,
2006,260060153,228,clemson-tigers,CLEM,Clemson Tigers,,4227,s:40~l:54~a:4227,bdc5c8c376032d3b0fd2709d76448d9e,Maxienne White,M. White,,,,NA,,true,false,true,false,
2006,260060153,228,clemson-tigers,CLEM,Clemson Tigers,,5318,s:40~l:54~a:5318,a4ec3164a7f2885b7864b83f60669665,Tasha Phillips,T. Phillips,,,,NA,,true,false,true,false,
2006,260060153,228,clemson-tigers,CLEM,Clemson Tigers,,2432,s:40~l:54~a:2432,ef5b96c1e46e328df288b29b384a078a,Julie Talley,J. Talley,,,,NA,,true,false,true,false,
2006,260060153,153,north-carolina-tar-heels,UNC,North Carolina Tar Heels,,4820,s:40~l:54~a:4820,0de0ab274d44bdd6a591d5ef9dfbcb07,Erlana Larkins,E. Larkins,,,,NA,,true,false,true,false,
2006,260060153,153,north-carolina-tar-heels,UNC,North Carolina Tar Heels,,3754,s:40~l:54~a:3754,8ba41f63ad491766dd837fe6ccb34b98,Camille Little,C. Little,,,,NA,,true,false,true,false,
2006,260060153,153,north-carolina-tar-heels,UNC,North Carolina Tar Heels,,3755,s:40~l:54~a:3755,dfe2d840ee1f027b9d928e7dcd35a0cd,Ivory Latta,I. Latta,,,,NA,,true,false,true,false,
2006,260060153,153,north-carolina-tar-heels,UNC,North Carolina Tar Heels,,2648,s:40~l:54~a:2648,9078e72bb6a32f576c7dc680854bb426,Jessica Sell,J. Sell,,,,NA,,true,false,true,false,
2006,260060153,153,north-carolina-tar-heels,UNC,North Carolina Tar Heels,,2647,s:40~l:54~a:2647,78fba069babc60e597c4b87df0c6edee,La'Tangela Atkinson,L. Atkinson,,,,NA,,true,false,true,false,
2006,260072633,41,uconn-huskies,CONN,UConn Huskies,,2637,s:40~l:54~a:2637,131163c0c1e979b8607484d92145c5e3,Ann Strother,A. Strother,,,,NA,,true,false,true,false,
2006,260072633,41,uconn-huskies,CONN,UConn Huskies,,2409,s:40~l:54~a:2409,3166c5ecd189f3f8d53632fe2f90913a,Barbara Turner,B. Turner,,,,NA,,true,false,true,false,
2006,260072633,41,uconn-huskies,CONN,UConn Huskies,,5104,s:40~l:54~a:5104,f122be3557ced75550d02221af209121,Renee Montgomery,R. Montgomery,,,,NA,,true,false,true,false,
2006,260072633,41,uconn-huskies,CONN,UConn Huskies,,4827,s:40~l:54~a:4827,a60aeada6ce540be068e6ad92b3b9bc0,Mel Thomas,M. Thomas,,,,NA,,true,false,true,false,
2006,260072633,41,uconn-huskies,CONN,UConn Huskies,,2410,s:40~l:54~a:2410,56efb2414f093ff317ca52a41a8e8b7f,Nicole Wolff,N. Wolff,,,,NA,,true,false,true,false,
2006,260072633,2633,tennessee-lady-volunteers,TENN,Tennessee Lady Volunteers,,4839,s:40~l:54~a:4839,eb2e5d775349b53cc2cd1cff1d06fe67,Nicky Anosike,N. Anosike,,,,NA,,true,false,true,false,
2006,260072633,2633,tennessee-lady-volunteers,TENN,Tennessee Lady Volunteers,,5145,s:40~l:54~a:5145,61b484e2521ea0b301d4e85c791af05c,Candace Parker,C. Parker,,,,NA,,true,false,true,false,
2006,260072633,2633,tennessee-lady-volunteers,TENN,Tennessee Lady Volunteers,,3707,s:40~l:54~a:3707,70c6703f052213c777a20dd7ff64b712,Sidney Spencer,S. Spencer,,,,NA,,true,false,true,false,
2006,260072633,2633,tennessee-lady-volunteers,TENN,Tennessee Lady Volunteers,,4840,s:40~l:54~a:4840,13ff2da95b8fccf88eff7098fb77f4e5,Alexis Hornbuckle,A. Hornbuckle,,,,NA,,true,false,true,false,
2006,260072633,2633,tennessee-lady-volunteers,TENN,Tennessee Lady Volunteers,,2633,s:40~l:54~a:2633,c2ee79eb6ce4e1f61b40f49f0404c074,Shanna Zolman,S. Zolman,,,,NA,,true,false,true,false,
2006,260060099,135,minnesota-golden-gophers,MINN,Minnesota Golden Gophers,,3750,s:40~l:54~a:3750,6d0bf6b9573d0da44dd26c9d7f30af75,Liz Podominick,L. Podominick,,,,NA,,true,false,true,false,
2006,260060099,135,minnesota-golden-gophers,MINN,Minnesota Golden Gophers,,3751,s:40~l:54~a:3751,144aeb5e430d8e894d9b9e008fe31657,Jaime Broback,J. Broback,,,,NA,,true,false,true,false,
2006,260060099,135,minnesota-golden-gophers,MINN,Minnesota Golden Gophers,,2656,s:40~l:54~a:2656,c554c85841bc8ee7aa542ce388bf3f9c,Shannon Bolden,S. Bolden,,,,NA,,true,false,true,false,
2006,260060099,135,minnesota-golden-gophers,MINN,Minnesota Golden Gophers,,2655,s:40~l:54~a:2655,0aa092835f3627b3cdc40a286d4d46e8,Shannon Schonrock,S. Schonrock,,,,NA,,true,false,true,false,
2006,260060099,135,minnesota-golden-gophers,MINN,Minnesota Golden Gophers,,888,s:40~l:54~a:888,c179eec54d49961939fafcfcbe03cfcf,April Calhoun,A. Calhoun,,,,NA,,true,false,true,false,
2006,260060099,99,lsu-tigers,LSU,LSU Tigers,,4834,s:40~l:54~a:4834,08e807cc398fe0f761ad0d448bfeb280,Sylvia Fowles,S. Fowles,,,,NA,,true,false,true,false,
2006,260060099,99,lsu-tigers,LSU,LSU Tigers,,5097,s:40~l:54~a:5097,50323e53b18c89f62e93b2404ae49315,Ashley Thomas,A. Thomas,,,,NA,,true,false,true,false,
2006,260060099,99,lsu-tigers,LSU,LSU Tigers,,4887,s:40~l:54~a:4887,9d783fc8785e0f2e35028b5deed9f570,RaShonta LeBlanc,R. LeBlanc,,,,NA,,true,false,true,false,
2006,260060099,99,lsu-tigers,LSU,LSU Tigers,,3715,s:40~l:54~a:3715,e6a46d07dfc2f2055ba24fc51716a427,Scholanda Hoston,S. Hoston,,,,NA,,true,false,true,false,
2006,260060099,99,lsu-tigers,LSU,LSU Tigers,,2635,s:40~l:54~a:2635,3a7f24f2f739ca385df1c548e6def432,Seimone Augustus,S. Augustus,,,,NA,,true,false,true,false,
2006,260070127,164,rutgers-scarlet-knights,RUTG,Rutgers Scarlet Knights,,5323,s:40~l:54~a:5323,d1b5f35f0e16721c1be262fc2dcc6a98,Kia Vaughn,K. Vaughn,,,15 ,C,,true,true,true,false,
2006,260070127,164,rutgers-scarlet-knights,RUTG,Rutgers Scarlet Knights,,1697,s:40~l:54~a:1697,93667f99ba0590379d607e62ed0dfa59,Mariota Theodoris,M. Theodoris,,,,NA,,true,true,true,false,
2006,260070127,164,rutgers-scarlet-knights,RUTG,Rutgers Scarlet Knights,,4814,s:40~l:54~a:4814,d01e22db859a44a2b9b9460b8d49077b,Essence Carson,E. Carson,,,,NA,,true,true,true,false,
2006,260070127,164,rutgers-scarlet-knights,RUTG,Rutgers Scarlet Knights,,2853,s:40~l:54~a:2853,7143f7f97cf4024646d96c76757f2b39,Courtney Locke,C. Locke,,,,NA,,true,true,true,false,
2006,260070127,164,rutgers-scarlet-knights,RUTG,Rutgers Scarlet Knights,,1695,s:40~l:54~a:1695,dab9f7ecbe8bcdb0d1f4c6e334e84a0a,Cappie Pondexter,C. Pondexter,,,,NA,,true,true,true,false,
2006,260070127,127,michigan-state-spartans,MSU,Michigan State Spartans,,4936,s:40~l:54~a:4936,78f86adbbb33004c07827c307370c208,Laura Hall,L. Hall,,,,NA,,true,true,true,false,
2006,260070127,127,michigan-state-spartans,MSU,Michigan State Spartans,,3299,s:40~l:54~a:3299,a159c264237959ed9847622dd9d84765,Liz Shimek,L. Shimek,,,,NA,,true,true,true,false,
2006,260070127,127,michigan-state-spartans,MSU,Michigan State Spartans,,4087,s:40~l:54~a:4087,24ae83fb999e83d62397aa50ef8f35d4,Rene Haynes,R. Haynes,,,,NA,,true,true,true,false,
2006,260070127,127,michigan-state-spartans,MSU,Michigan State Spartans,,4086,s:40~l:54~a:4086,13b8bb5a81dd1e8cbd8cebcef9ff82ee,Victoria Lucas-Perry,V. Lucas-Perry,,,,NA,,true,true,true,false,
2006,260070127,127,michigan-state-spartans,MSU,Michigan State Spartans,,3295,s:40~l:54~a:3295,10067a6e48be3f41d86fac21fdc8d093,Lindsay Bowen,L. Bowen,,,,NA,,true,true,true,false,
2006,260070254,252,byu-cougars,BYU,BYU Cougars,,5326,s:40~l:54~a:5326,ddb5300a7269b123a39a0b0c0929b20d,Danielle Kubik,D. Kubik,,,,NA,,true,false,true,false,
2006,260070254,252,byu-cougars,BYU,BYU Cougars,,4215,s:40~l:54~a:4215,9b23c606558283949588a291fdfc89c9,Melinda Johnson,M. Johnson,,,,NA,,true,false,true,false,
2006,260070254,252,byu-cougars,BYU,BYU Cougars,,2724,s:40~l:54~a:2724,693adabbe299b2596b0fb8752e1ce793,Ambrosia Anderson,A. Anderson,,,,NA,,true,false,true,false,
2006,260070254,252,byu-cougars,BYU,BYU Cougars,,5328,s:40~l:54~a:5328,2f5c59d72f9b9d6148895678c0b1e8c6,Jennie Keele,J. Keele,,,,NA,,true,false,true,false,
2006,260070254,252,byu-cougars,BYU,BYU Cougars,,5327,s:40~l:54~a:5327,7263c9bb2848ab86afe8bb3711a17104,Mallary Gillespie,M. Gillespie,,,,NA,,true,false,true,false,
2006,260070254,254,utah-utes,UTAH,Utah Utes,,4869,s:40~l:54~a:4869,e34f0450d7274a1862c1596b6227292f,Jessica Perry,J. Perry,,,,NA,,true,false,true,false,
2006,260070254,254,utah-utes,UTAH,Utah Utes,,2458,s:40~l:54~a:2458,69e935b7072e05159ddbf9187b4513a5,Kim Smith,K. Smith,,,,NA,,true,false,true,false,
2006,260070254,254,utah-utes,UTAH,Utah Utes,,5311,s:40~l:54~a:5311,bfa8f4595911b8f860b670bdfe0bca39,Julie Larsen,J. Larsen,,,,NA,,true,false,true,false,
2006,260070254,254,utah-utes,UTAH,Utah Utes,,3819,s:40~l:54~a:3819,ed56525ae73821a8b77f76063dc99d6b,Shauna Brouillard,S. Brouillard,,,,NA,,true,false,true,false,
2006,260070254,254,utah-utes,UTAH,Utah Utes,,3818,s:40~l:54~a:3818,708a743d5fdff8d7dec3ebfaabff0a8f,Heidi Carlsen,H. Carlsen,,,,NA,,true,false,true,false,
2006,260080120,150,duke-blue-devils,DUKE,Duke Blue Devils,,3713,s:40~l:54~a:3713,b76d2b4b4670ae3d28b747c9af9e2a69,Alison Bales,A. Bales,,,,NA,,true,false,true,false,
2006,260080120,150,duke-blue-devils,DUKE,Duke Blue Devils,,2475,s:40~l:54~a:2475,34971f2dbdb57e31e6939fa80c4422c8,Mistie McCray Bass,M. Bass,,,,NA,,true,false,true,false,
2006,260080120,150,duke-blue-devils,DUKE,Duke Blue Devils,,438,s:40~l:54~a:438,c7e26c3620f06c9196f3fe534452d4f6,Monique Currie,M. Currie,,,,NA,,true,false,true,false,
2006,260080120,150,duke-blue-devils,DUKE,Duke Blue Devils,,5335,s:40~l:54~a:5335,98aae20b9c0d5074a8a3cd6a164e6d42,Abby Waner,A. Waner,,,,NA,,true,false,true,false,
2006,260080120,150,duke-blue-devils,DUKE,Duke Blue Devils,,2476,s:40~l:54~a:2476,d989779bd41ba5bafcd1cfa2a21021e0,Lindsey Harding,L. Harding,,,,NA,,true,false,true,false,
2006,260080120,120,maryland-terrapins,MD,Maryland Terrapins,,5138,s:40~l:54~a:5138,274318080866dcb8699a09d666d03f10,Marissa Coleman,M. Coleman,,,25 ,G,,true,false,true,false,
2006,260080120,120,maryland-terrapins,MD,Maryland Terrapins,,4857,s:40~l:54~a:4857,54d95e907134bc5181e7e4e75360d98c,Crystal Langhorne,C. Langhorne,,,,NA,,true,false,true,false,
2006,260080120,120,maryland-terrapins,MD,Maryland Terrapins,,4856,s:40~l:54~a:4856,beb9a7b51168d2efe54cefd1a050d1ec,Jade Perry,J. Perry,,,,NA,,true,false,true,false,
2006,260080120,120,maryland-terrapins,MD,Maryland Terrapins,,4864,s:40~l:54~a:4864,ea47d9ad50f1b328cf52ebc77eefb447,Ashleigh Newman,A. Newman,,,,NA,,true,false,true,false,
2006,260080120,120,maryland-terrapins,MD,Maryland Terrapins,,4314,s:40~l:54~a:4314,89b9ded0b2f2d65e468ebae6d5bf556f,Shay Doron,S. Doron,,,,NA,,true,false,true,false,
2006,260080061,57,florida-gators,FLA,Florida Gators,,5346,s:40~l:54~a:5346,5561eb5e350c276fba35dd1a2282b009,Sha Brooks,S. Brooks,,,,G,,true,false,true,false,
2006,260080061,57,florida-gators,FLA,Florida Gators,,2386,s:40~l:54~a:2386,256e94f43885914a14912396d2188a24,Dalila Eshe,D. Eshe,,,,NA,,true,false,true,false,
2006,260080061,57,florida-gators,FLA,Florida Gators,,2385,s:40~l:54~a:2385,f4d9a57bd58c3e26c78bb120aadc8c00,Brittany Davis,B. Davis,,,,NA,,true,false,true,false,
2006,260080061,57,florida-gators,FLA,Florida Gators,,2389,s:40~l:54~a:2389,71498a990671924edcff6bfcb833370c,Danielle Santos Atkinson,D. Santos Atkinson,,,,NA,,true,false,true,false,
2006,260080061,57,florida-gators,FLA,Florida Gators,,2387,s:40~l:54~a:2387,082aa6c6fd3f796e9893512623d2ae5f,Sarah Lowe,S. Lowe,,,,NA,,true,false,true,false,
2006,260080061,61,georgia-lady-bulldogs,UGA,Georgia Lady Bulldogs,,5087,s:40~l:54~a:5087,ba5bf9e08de419ae09a040a7e40e58d5,Humphrey Tasha,H. Tasha,,,,NA,,true,false,true,false,
2006,260080061,61,georgia-lady-bulldogs,UGA,Georgia Lady Bulldogs,,5086,s:40~l:54~a:5086,3cd1fac4f61a6b49c181fd6d7e05f58f,Darrah Megan,D. Megan,,,,NA,,true,false,true,false,
2006,260080061,61,georgia-lady-bulldogs,UGA,Georgia Lady Bulldogs,,5090,s:40~l:54~a:5090,c90d4b3df7d1d74fcf1af7fc4f8c8a36,Chambers Cori,C. Cori,,,,NA,,true,false,true,false,
2006,260080061,61,georgia-lady-bulldogs,UGA,Georgia Lady Bulldogs,,5089,s:40~l:54~a:5089,96f72ea9acb2208d6494cbf484cc4232,Kendrick Alexis,K. Alexis,,,,NA,,true,false,true,false,
2006,260080061,61,georgia-lady-bulldogs,UGA,Georgia Lady Bulldogs,,5088,s:40~l:54~a:5088,a17cbcefdb413b1be583e2e07c0e7d7a,Baker Sherill,B. Sherill,,,,NA,,true,false,true,false,
2006,260082325,218,temple-owls,TEM,Temple Owls,,5079,s:40~l:54~a:5079,712e67deb9c2ebc3f69dcdec57fbcb44,Lady Comfort,L. Comfort,,,,NA,,true,false,true,false,
2006,260082325,218,temple-owls,TEM,Temple Owls,,4328,s:40~l:54~a:4328,c97612cd822e8c74d637c547abc661ab,Kamesha Hairston,K. Hairston,,,,NA,,true,false,true,false,
2006,260082325,218,temple-owls,TEM,Temple Owls,,3023,s:40~l:54~a:3023,99914daf240a2fbaff01ea59c0902860,Candice Dupree,C. Dupree,,,,NA,,true,false,true,false,
2006,260082325,218,temple-owls,TEM,Temple Owls,,3024,s:40~l:54~a:3024,414a6615f36e862ecbd46f88e27c051a,Khadija Bowens,K. Bowens,,,,NA,,true,false,true,false,
2006,260082325,218,temple-owls,TEM,Temple Owls,,3022,s:40~l:54~a:3022,6f925f4e47e612eca4ca9000c46ad7cf,Jennifer Owens,J. Owens,,,,NA,,true,false,true,false,
2006,260082325,2325,la-salle-explorers,LAS,La Salle Explorers,,5338,s:40~l:54~a:5338,22c4303f31851f3c4b79eccc65ab87cf,Crista Ricketts,C. Ricketts,,,,NA,,true,false,true,false,
2006,260082325,2325,la-salle-explorers,LAS,La Salle Explorers,,5337,s:40~l:54~a:5337,03844a700600944a113edf6b6b0e1e89,Carlene Hightower,C. Hightower,,,,NA,,true,false,true,false,
2006,260082325,2325,la-salle-explorers,LAS,La Salle Explorers,,5341,s:40~l:54~a:5341,2bd0e5584b207e4a58f8d204126c85f5,Shaune Mclaughlin,S. Mclaughlin,,,,NA,,true,false,true,false,
2006,260082325,2325,la-salle-explorers,LAS,La Salle Explorers,,5340,s:40~l:54~a:5340,671c6c4ea8459e6acd2dfeb737b38861,Davineia Payne,D. Payne,,,,NA,,true,false,true,false,
2006,260082325,2325,la-salle-explorers,LAS,La Salle Explorers,,5339,s:40~l:54~a:5339,7910e3017ec943fff221d5d8c7982df8,Jenna Graber,J. Graber,,,,NA,,true,false,true,false,
2006,260080145,344,mississippi-state-bulldogs,MSST,Mississippi State Bulldogs,,5350,s:40~l:54~a:5350,cc3f99c7b9fd94c7498b1a39d31c39db,Robin Porter,R. Porter,,,24 ,F,,true,false,true,false,
2006,260080145,344,mississippi-state-bulldogs,MSST,Mississippi State Bulldogs,,5349,s:40~l:54~a:5349,d8e0dac93309c8aabca8c58a42672621,Marneshia Richard,M. Richard,,,25 ,G,,true,false,true,false,
2006,260080145,344,mississippi-state-bulldogs,MSST,Mississippi State Bulldogs,,2742,s:40~l:54~a:2742,2337476a5d7fd437540f43c8c7f7808c,Mamie McKinney,M. McKinney,,,,NA,,true,false,true,false,
2006,260080145,344,mississippi-state-bulldogs,MSST,Mississippi State Bulldogs,,2739,s:40~l:54~a:2739,e3bbb99efd45895b3359e0d5882aaed4,Blessing Chekwa,B. Chekwa,,,,NA,,true,false,true,false,
2006,260080145,344,mississippi-state-bulldogs,MSST,Mississippi State Bulldogs,,5348,s:40~l:54~a:5348,055f412e042e0240cc90e402e43ed774,Heather Hollis,H. Hollis,,,,NA,,true,false,true,false,
2006,260080145,145,ole-miss-rebels,MISS,Ole Miss Rebels,,5351,s:40~l:54~a:5351,3a4e006a76101ac9377d4edcf70342c0,Danetra Forrest,D. Forrest,,,,NA,,true,false,true,false,
2006,260080145,145,ole-miss-rebels,MISS,Ole Miss Rebels,,5059,s:40~l:54~a:5059,f05616f7d52b91276ac1b735a2120bda,Jada Mincy,J. Mincy,,,,NA,,true,false,true,false,
2006,260080145,145,ole-miss-rebels,MISS,Ole Miss Rebels,,3906,s:40~l:54~a:3906,d5e968b13597755b99e8ba9e80328343,Ashley Awkward,A. Awkward,,,,NA,,true,false,true,false,
2006,260080145,145,ole-miss-rebels,MISS,Ole Miss Rebels,,3905,s:40~l:54~a:3905,141926eca0379580396c234584ac70c2,Armintie Herrington,A. Herrington,,,,NA,,true,false,true,false,
2006,260080145,145,ole-miss-rebels,MISS,Ole Miss Rebels,,3611,s:40~l:54~a:3611,9cee0dd9a86632005b6bc09dd327c18d,Ashley Johnson,A. Johnson,,,,NA,,true,false,true,false,
2006,260092390,153,north-carolina-tar-heels,UNC,North Carolina Tar Heels,,4820,s:40~l:54~a:4820,0de0ab274d44bdd6a591d5ef9dfbcb07,Erlana Larkins,E. Larkins,,,,NA,,true,false,true,false,
2006,260092390,153,north-carolina-tar-heels,UNC,North Carolina Tar Heels,,3754,s:40~l:54~a:3754,8ba41f63ad491766dd837fe6ccb34b98,Camille Little,C. Little,,,,NA,,true,false,true,false,
2006,260092390,153,north-carolina-tar-heels,UNC,North Carolina Tar Heels,,3755,s:40~l:54~a:3755,dfe2d840ee1f027b9d928e7dcd35a0cd,Ivory Latta,I. Latta,,,,NA,,true,false,true,false,
2006,260092390,153,north-carolina-tar-heels,UNC,North Carolina Tar Heels,,2648,s:40~l:54~a:2648,9078e72bb6a32f576c7dc680854bb426,Jessica Sell,J. Sell,,,,NA,,true,false,true,false,
2006,260092390,153,north-carolina-tar-heels,UNC,North Carolina Tar Heels,,2647,s:40~l:54~a:2647,78fba069babc60e597c4b87df0c6edee,La'Tangela Atkinson,L. Atkinson,,,,NA,,true,false,true,false,
2006,260092390,2390,miami-hurricanes,MIA,Miami Hurricanes,,5360,s:40~l:54~a:5360,59e5e4019e83d0f9dc81e487fdfe8263,Brittany Denson,B. Denson,,,,NA,,true,false,true,false,
2006,260092390,2390,miami-hurricanes,MIA,Miami Hurricanes,,3594,s:40~l:54~a:3594,ef8f7ce32ff4bc93bda951ad2831d632,Tamara James,T. James,,,,NA,,true,false,true,false,
2006,260092390,2390,miami-hurricanes,MIA,Miami Hurricanes,,5361,s:40~l:54~a:5361,11a94059f236b3ce0f6f5c213c015905,Renee Taylor,R. Taylor,,,,NA,,true,false,true,false,
2006,260092390,2390,miami-hurricanes,MIA,Miami Hurricanes,,3593,s:40~l:54~a:3593,e751b544b3345e9a0a2c4542dd18258d,Katie Hayek,K. Hayek,,,,NA,,true,false,true,false,
2006,260092390,2390,miami-hurricanes,MIA,Miami Hurricanes,,1140,s:40~l:54~a:1140,02594adec9924f6ef095ec3bd715bbe0,Melissa Knight,M. Knight,,,,NA,,true,false,true,false,
2006,260090194,201,oklahoma-sooners,OU,Oklahoma Sooners,,5119,s:40~l:54~a:5119,f9d20ded5d4159ba45cebf73f083068c,Ashley Paris,A. Paris,,,5  ,F,,true,false,true,false,
2006,260090194,201,oklahoma-sooners,OU,Oklahoma Sooners,,3814,s:40~l:54~a:3814,f156683781715a0d8cd075188ce2a1d8,Leah Rush,L. Rush,,,,NA,,true,false,true,false,
2006,260090194,201,oklahoma-sooners,OU,Oklahoma Sooners,,3816,s:40~l:54~a:3816,7211db13851817d2dc714706e30b0134,Brittney Brown,B. Brown,,,,NA,,true,false,true,false,
2006,260090194,201,oklahoma-sooners,OU,Oklahoma Sooners,,2443,s:40~l:54~a:2443,bd525a866958ae254c6b7a1c4e560b74,Chelsi Welch,C. Welch,,,,NA,,true,false,true,false,
2006,260090194,201,oklahoma-sooners,OU,Oklahoma Sooners,,2440,s:40~l:54~a:2440,e3bf68ab5f09df85beb125602605ce51,Erin Higgins,E. Higgins,,,,NA,,true,false,true,false,
2006,260090194,194,ohio-state-buckeyes,OSU,Ohio State Buckeyes,,3831,s:40~l:54~a:3831,d7d474a42d3ed0200925eaf98d64417d,Jessica Davenport,J. Davenport,,,,NA,,true,false,true,false,
2006,260090194,194,ohio-state-buckeyes,OSU,Ohio State Buckeyes,,273,s:40~l:54~a:273,45121a17d956c514acaaaccb55a64980,Debbie Merrill,D. Merrill,,,,NA,,true,false,true,false,
2006,260090194,194,ohio-state-buckeyes,OSU,Ohio State Buckeyes,,4901,s:40~l:54~a:4901,a34dc975a399d5f36c8b8607a7ace096,Marscilla Packer,M. Packer,,,,NA,,true,false,true,false,
2006,260090194,194,ohio-state-buckeyes,OSU,Ohio State Buckeyes,,3833,s:40~l:54~a:3833,dc2ef3677a22bd7cc11af6c11b005875,Brandie Hoskins,B. Hoskins,,,,NA,,true,false,true,false,
2006,260090194,194,ohio-state-buckeyes,OSU,Ohio State Buckeyes,,1493,s:40~l:54~a:1493,4046c1dfdbd76f3b66c26e5d9340885a,Ashley Allen,A. Allen,,,,NA,,true,false,true,false,
2006,260102550,41,uconn-huskies,CONN,UConn Huskies,,2637,s:40~l:54~a:2637,131163c0c1e979b8607484d92145c5e3,Ann Strother,A. Strother,,,,NA,,true,false,true,false,
2006,260102550,41,uconn-huskies,CONN,UConn Huskies,,2409,s:40~l:54~a:2409,3166c5ecd189f3f8d53632fe2f90913a,Barbara Turner,B. Turner,,,,NA,,true,false,true,false,
2006,260102550,41,uconn-huskies,CONN,UConn Huskies,,5104,s:40~l:54~a:5104,f122be3557ced75550d02221af209121,Renee Montgomery,R. Montgomery,,,,NA,,true,false,true,false,
2006,260102550,41,uconn-huskies,CONN,UConn Huskies,,4827,s:40~l:54~a:4827,a60aeada6ce540be068e6ad92b3b9bc0,Mel Thomas,M. Thomas,,,,NA,,true,false,true,false,
2006,260102550,41,uconn-huskies,CONN,UConn Huskies,,2410,s:40~l:54~a:2410,56efb2414f093ff317ca52a41a8e8b7f,Nicole Wolff,N. Wolff,,,,NA,,true,false,true,false,
2006,260102550,2550,seton-hall-pirates,HALL,Seton Hall Pirates,,5365,s:40~l:54~a:5365,b72b8dd48ea41ca43dbddb61422ab151,Shantel Brown,S. Brown,,,3  ,G,,true,false,true,false,
2006,260102550,2550,seton-hall-pirates,HALL,Seton Hall Pirates,,5364,s:40~l:54~a:5364,da5fab96cbb2dcd5fa585b730f1428bb,Jadis Rhodin,J. Rhodin,,,24 ,G,,true,false,true,false,
2006,260102550,2550,seton-hall-pirates,HALL,Seton Hall Pirates,,4760,s:40~l:54~a:4760,764215c1acedf26a2d7fce3bf431989d,Amber Harris,A. Harris,,,,NA,,true,false,true,false,
2006,260102550,2550,seton-hall-pirates,HALL,Seton Hall Pirates,,4759,s:40~l:54~a:4759,cfa881c5f455485ea3f3b9dce160aba3,Monique Blake,M. Blake,,,,NA,,true,false,true,false,
2006,260102550,2550,seton-hall-pirates,HALL,Seton Hall Pirates,,4761,s:40~l:54~a:4761,71dd842030ca983cce011e5aed952be2,Heta Korpivaara,H. Korpivaara,,,,NA,,true,false,true,false,
2006,260122633,61,georgia-lady-bulldogs,UGA,Georgia Lady Bulldogs,,5087,s:40~l:54~a:5087,ba5bf9e08de419ae09a040a7e40e58d5,Humphrey Tasha,H. Tasha,,,,NA,,true,false,true,false,
2006,260122633,61,georgia-lady-bulldogs,UGA,Georgia Lady Bulldogs,,5086,s:40~l:54~a:5086,3cd1fac4f61a6b49c181fd6d7e05f58f,Darrah Megan,D. Megan,,,,NA,,true,false,true,false,
2006,260122633,61,georgia-lady-bulldogs,UGA,Georgia Lady Bulldogs,,5090,s:40~l:54~a:5090,c90d4b3df7d1d74fcf1af7fc4f8c8a36,Chambers Cori,C. Cori,,,,NA,,true,false,true,false,
2006,260122633,61,georgia-lady-bulldogs,UGA,Georgia Lady Bulldogs,,5089,s:40~l:54~a:5089,96f72ea9acb2208d6494cbf484cc4232,Kendrick Alexis,K. Alexis,,,,NA,,true,false,true,false,
2006,260122633,61,georgia-lady-bulldogs,UGA,Georgia Lady Bulldogs,,5088,s:40~l:54~a:5088,a17cbcefdb413b1be583e2e07c0e7d7a,Baker Sherill,B. Sherill,,,,NA,,true,false,true,false,
2006,260122633,2633,tennessee-lady-volunteers,TENN,Tennessee Lady Volunteers,,4839,s:40~l:54~a:4839,eb2e5d775349b53cc2cd1cff1d06fe67,Nicky Anosike,N. Anosike,,,,NA,,true,false,true,false,
2006,260122633,2633,tennessee-lady-volunteers,TENN,Tennessee Lady Volunteers,,5145,s:40~l:54~a:5145,61b484e2521ea0b301d4e85c791af05c,Candace Parker,C. Parker,,,,NA,,true,false,true,false,
2006,260122633,2633,tennessee-lady-volunteers,TENN,Tennessee Lady Volunteers,,3707,s:40~l:54~a:3707,70c6703f052213c777a20dd7ff64b712,Sidney Spencer,S. Spencer,,,,NA,,true,false,true,false,
2006,260122633,2633,tennessee-lady-volunteers,TENN,Tennessee Lady Volunteers,,4840,s:40~l:54~a:4840,13ff2da95b8fccf88eff7098fb77f4e5,Alexis Hornbuckle,A. Hornbuckle,,,,NA,,true,false,true,false,
2006,260122633,2633,tennessee-lady-volunteers,TENN,Tennessee Lady Volunteers,,2633,s:40~l:54~a:2633,c2ee79eb6ce4e1f61b40f49f0404c074,Shanna Zolman,S. Zolman,,,,NA,,true,false,true,false,
2006,260120041,2132,cincinnati-bearcats,CIN,Cincinnati Bearcats,,5369,s:40~l:54~a:5369,1cb0ce60adf09e33e2891c543406bdb8,Michelle Jones,M. Jones,,,,F,,true,false,true,false,
2006,260120041,2132,cincinnati-bearcats,CIN,Cincinnati Bearcats,,5370,s:40~l:54~a:5370,7834b8ef5dfd5ec7be6c62e3362e6ca2,Shelly Bellman,S. Bellman,,,,G,,true,false,true,false,
2006,260120041,2132,cincinnati-bearcats,CIN,Cincinnati Bearcats,,2675,s:40~l:54~a:2675,c103a58737c935d5460e32aff8e62866,Anne Stephens,A. Stephens,,,,NA,,true,false,true,false,
2006,260120041,2132,cincinnati-bearcats,CIN,Cincinnati Bearcats,,4032,s:40~l:54~a:4032,91e7f44009e35e2d1deec6b4f0192ee2,Treasure Humphries,T. Humphries,,,,NA,,true,false,true,false,
2006,260120041,2132,cincinnati-bearcats,CIN,Cincinnati Bearcats,,2671,s:40~l:54~a:2671,5e81c3264e75c5dd3fc34420b42ccec3,Michah Harvey,M. Harvey,,,,NA,,true,false,true,false,
2006,260120041,41,uconn-huskies,CONN,UConn Huskies,,2637,s:40~l:54~a:2637,131163c0c1e979b8607484d92145c5e3,Ann Strother,A. Strother,,,,NA,,true,false,true,false,
2006,260120041,41,uconn-huskies,CONN,UConn Huskies,,2409,s:40~l:54~a:2409,3166c5ecd189f3f8d53632fe2f90913a,Barbara Turner,B. Turner,,,,NA,,true,false,true,false,
2006,260120041,41,uconn-huskies,CONN,UConn Huskies,,5104,s:40~l:54~a:5104,f122be3557ced75550d02221af209121,Renee Montgomery,R. Montgomery,,,,NA,,true,false,true,false,
2006,260120041,41,uconn-huskies,CONN,UConn Huskies,,4827,s:40~l:54~a:4827,a60aeada6ce540be068e6ad92b3b9bc0,Mel Thomas,M. Thomas,,,,NA,,true,false,true,false,
2006,260120041,41,uconn-huskies,CONN,UConn Huskies,,2410,s:40~l:54~a:2410,56efb2414f093ff317ca52a41a8e8b7f,Nicole Wolff,N. Wolff,,,,NA,,true,false,true,false,
2006,260120135,2509,purdue-boilermakers,PUR,Purdue Boilermakers,,3723,s:40~l:54~a:3723,c1387572be7fcdd5af8a477df5abaf94,Aya Traore,A. Traore,,,,NA,,true,false,true,false,
2006,260120135,2509,purdue-boilermakers,PUR,Purdue Boilermakers,,5278,s:40~l:54~a:5278,3b2bb529fa0fac3cc8909a682a95a6de,Lindsay Wisdomhylton,L. Wisdomhylton,,,,NA,,true,false,true,false,
2006,260120135,2509,purdue-boilermakers,PUR,Purdue Boilermakers,,3724,s:40~l:54~a:3724,9c4848c80a777e86150539b6968d2fc2,Erin Lawless,E. Lawless,,,,NA,,true,false,true,false,
2006,260120135,2509,purdue-boilermakers,PUR,Purdue Boilermakers,,3726,s:40~l:54~a:3726,e393049a5d36b85d573c18f7f6e414e7,Katie Gearlds,K. Gearlds,,,,NA,,true,false,true,false,
2006,260120135,2509,purdue-boilermakers,PUR,Purdue Boilermakers,,2468,s:40~l:54~a:2468,00a69fb6888c8a2589587f79913d53c0,Sharika Webb,S. Webb,,,,NA,,true,false,true,false,
2006,260120135,135,minnesota-golden-gophers,MINN,Minnesota Golden Gophers,,3750,s:40~l:54~a:3750,6d0bf6b9573d0da44dd26c9d7f30af75,Liz Podominick,L. Podominick,,,,NA,,true,false,true,false,
2006,260120135,135,minnesota-golden-gophers,MINN,Minnesota Golden Gophers,,3751,s:40~l:54~a:3751,144aeb5e430d8e894d9b9e008fe31657,Jaime Broback,J. Broback,,,,NA,,true,false,true,false,
2006,260120135,135,minnesota-golden-gophers,MINN,Minnesota Golden Gophers,,2656,s:40~l:54~a:2656,c554c85841bc8ee7aa542ce388bf3f9c,Shannon Bolden,S. Bolden,,,,NA,,true,false,true,false,
2006,260120135,135,minnesota-golden-gophers,MINN,Minnesota Golden Gophers,,2655,s:40~l:54~a:2655,0aa092835f3627b3cdc40a286d4d46e8,Shannon Schonrock,S. Schonrock,,,,NA,,true,false,true,false,
2006,260120135,135,minnesota-golden-gophers,MINN,Minnesota Golden Gophers,,888,s:40~l:54~a:888,c179eec54d49961939fafcfcbe03cfcf,April Calhoun,A. Calhoun,,,,NA,,true,false,true,false,
2006,260140041,2599,st-johns-red-storm,SJU,St. John's Red Storm,,4550,s:40~l:54~a:4550,5d0a0b14a7248f83d886b08a3a354708,Angie Clark,A. Clark,,,,NA,,true,false,true,false,
2006,260140041,2599,st-johns-red-storm,SJU,St. John's Red Storm,,4060,s:40~l:54~a:4060,e6330a1900e5448ce9584a22c2db25d5,Danielle Chambers,D. Chambers,,,,NA,,true,false,true,false,
2006,260140041,2599,st-johns-red-storm,SJU,St. John's Red Storm,,5384,s:40~l:54~a:5384,0dab7d42ef24819654ef2a75c4ae56cd,Tara Walker,T. Walker,,,,NA,,true,false,true,false,
2006,260140041,2599,st-johns-red-storm,SJU,St. John's Red Storm,,5383,s:40~l:54~a:5383,5d2d1e83f0e86cb77b8d25c483d364f2,Kia Wright,K. Wright,,,,NA,,true,false,true,false,
2006,260140041,2599,st-johns-red-storm,SJU,St. John's Red Storm,,5382,s:40~l:54~a:5382,34991c909645cfdab2b1e7586b817053,Greeba Barlow,G. Barlow,,,,NA,,true,false,true,false,
2006,260140041,41,uconn-huskies,CONN,UConn Huskies,,2637,s:40~l:54~a:2637,131163c0c1e979b8607484d92145c5e3,Ann Strother,A. Strother,,,,NA,,true,false,true,false,
2006,260140041,41,uconn-huskies,CONN,UConn Huskies,,2409,s:40~l:54~a:2409,3166c5ecd189f3f8d53632fe2f90913a,Barbara Turner,B. Turner,,,,NA,,true,false,true,false,
2006,260140041,41,uconn-huskies,CONN,UConn Huskies,,5104,s:40~l:54~a:5104,f122be3557ced75550d02221af209121,Renee Montgomery,R. Montgomery,,,,NA,,true,false,true,false,
2006,260140041,41,uconn-huskies,CONN,UConn Huskies,,4827,s:40~l:54~a:4827,a60aeada6ce540be068e6ad92b3b9bc0,Mel Thomas,M. Thomas,,,,NA,,true,false,true,false,
2006,260140041,41,uconn-huskies,CONN,UConn Huskies,,2410,s:40~l:54~a:2410,56efb2414f093ff317ca52a41a8e8b7f,Nicole Wolff,N. Wolff,,,,NA,,true,false,true,false,
2006,260140024,25,california-golden-bears,CAL,California Golden Bears,,5377,s:40~l:54~a:5377,265ed4118809c1c1dd300573e740770b,Ashley Walker,A. Walker,,,44 ,F,,true,false,true,false,
2006,260140024,25,california-golden-bears,CAL,California Golden Bears,,5376,s:40~l:54~a:5376,9c60af2ea4ff518d83d192ad1eab3233,Krista Foster,K. Foster,,,,NA,,true,false,true,false,
2006,260140024,25,california-golden-bears,CAL,California Golden Bears,,2430,s:40~l:54~a:2430,a2b373a1db363d279b9d5a973d9ab4b3,Renee Wright,R. Wright,,,,NA,,true,false,true,false,
2006,260140024,25,california-golden-bears,CAL,California Golden Bears,,5379,s:40~l:54~a:5379,b3b0686150ea4f2e5ec6845b0a0282fe,Jene Morris,J. Morris,,,,NA,,true,false,true,false,
2006,260140024,25,california-golden-bears,CAL,California Golden Bears,,5378,s:40~l:54~a:5378,18bdbc7ce1cab4468d87d47ebf734706,Jessica Lawson,J. Lawson,,,,NA,,true,true,true,false,
2006,260140024,24,stanford-cardinal,STAN,Stanford Cardinal,,5210,s:40~l:54~a:5210,4c1c8676b98031c3e63872df9258069e,Jillian Harmon,J. Harmon,,,33 ,F,,true,false,true,false,
2006,260140024,24,stanford-cardinal,STAN,Stanford Cardinal,,3914,s:40~l:54~a:3914,99d7b78d61842789d6a85541e6296cf7,Brooke Smith,B. Smith,,,,NA,,true,false,true,false,
2006,260140024,24,stanford-cardinal,STAN,Stanford Cardinal,,3918,s:40~l:54~a:3918,cb1ca59b90fd08a9a05323857faeee28,Kristen Newlin,K. Newlin,,,,NA,,true,false,true,false,
2006,260140024,24,stanford-cardinal,STAN,Stanford Cardinal,,5212,s:40~l:54~a:5212,802c2a8507fdb10dc13e4cd5ac78191c,Rosalyn Goldonwude,R. Goldonwude,,,,NA,,true,false,true,false,
2006,260140024,24,stanford-cardinal,STAN,Stanford Cardinal,,4896,s:40~l:54~a:4896,6807e88b6640acf90ebceceba90d5ff5,Candice Wiggins,C. Wiggins,,,,NA,,true,false,true,false,
2006,260150344,2633,tennessee-lady-volunteers,TENN,Tennessee Lady Volunteers,,4839,s:40~l:54~a:4839,eb2e5d775349b53cc2cd1cff1d06fe67,Nicky Anosike,N. Anosike,,,,NA,,true,false,true,false,
2006,260150344,2633,tennessee-lady-volunteers,TENN,Tennessee Lady Volunteers,,5145,s:40~l:54~a:5145,61b484e2521ea0b301d4e85c791af05c,Candace Parker,C. Parker,,,,NA,,true,false,true,false,
2006,260150344,2633,tennessee-lady-volunteers,TENN,Tennessee Lady Volunteers,,3707,s:40~l:54~a:3707,70c6703f052213c777a20dd7ff64b712,Sidney Spencer,S. Spencer,,,,NA,,true,false,true,false,
2006,260150344,2633,tennessee-lady-volunteers,TENN,Tennessee Lady Volunteers,,4840,s:40~l:54~a:4840,13ff2da95b8fccf88eff7098fb77f4e5,Alexis Hornbuckle,A. Hornbuckle,,,,NA,,true,false,true,false,
2006,260150344,2633,tennessee-lady-volunteers,TENN,Tennessee Lady Volunteers,,2633,s:40~l:54~a:2633,c2ee79eb6ce4e1f61b40f49f0404c074,Shanna Zolman,S. Zolman,,,,NA,,true,false,true,false,
2006,260150344,344,mississippi-state-bulldogs,MSST,Mississippi State Bulldogs,,5350,s:40~l:54~a:5350,cc3f99c7b9fd94c7498b1a39d31c39db,Robin Porter,R. Porter,,,24 ,F,,true,false,true,false,
2006,260150344,344,mississippi-state-bulldogs,MSST,Mississippi State Bulldogs,,5349,s:40~l:54~a:5349,d8e0dac93309c8aabca8c58a42672621,Marneshia Richard,M. Richard,,,25 ,G,,true,false,true,false,
2006,260150344,344,mississippi-state-bulldogs,MSST,Mississippi State Bulldogs,,2742,s:40~l:54~a:2742,2337476a5d7fd437540f43c8c7f7808c,Mamie McKinney,M. McKinney,,,,NA,,true,false,true,false,
2006,260150344,344,mississippi-state-bulldogs,MSST,Mississippi State Bulldogs,,2739,s:40~l:54~a:2739,e3bbb99efd45895b3359e0d5882aaed4,Blessing Chekwa,B. Chekwa,,,,NA,,true,false,true,false,
2006,260150344,344,mississippi-state-bulldogs,MSST,Mississippi State Bulldogs,,5348,s:40~l:54~a:5348,055f412e042e0240cc90e402e43ed774,Heather Hollis,H. Hollis,,,,NA,,true,false,true,false,
2006,260150152,153,north-carolina-tar-heels,UNC,North Carolina Tar Heels,,4820,s:40~l:54~a:4820,0de0ab274d44bdd6a591d5ef9dfbcb07,Erlana Larkins,E. Larkins,,,,NA,,true,true,true,false,
2006,260150152,153,north-carolina-tar-heels,UNC,North Carolina Tar Heels,,3754,s:40~l:54~a:3754,8ba41f63ad491766dd837fe6ccb34b98,Camille Little,C. Little,,,,NA,,true,true,true,false,
2006,260150152,153,north-carolina-tar-heels,UNC,North Carolina Tar Heels,,3755,s:40~l:54~a:3755,dfe2d840ee1f027b9d928e7dcd35a0cd,Ivory Latta,I. Latta,,,,NA,,true,true,true,false,
2006,260150152,153,north-carolina-tar-heels,UNC,North Carolina Tar Heels,,2648,s:40~l:54~a:2648,9078e72bb6a32f576c7dc680854bb426,Jessica Sell,J. Sell,,,,NA,,true,true,true,false,
2006,260150152,153,north-carolina-tar-heels,UNC,North Carolina Tar Heels,,2647,s:40~l:54~a:2647,78fba069babc60e597c4b87df0c6edee,La'Tangela Atkinson,L. Atkinson,,,,NA,,true,true,true,false,
2006,260150152,152,nc-state-wolfpack,NCST,NC State Wolfpack,,4905,s:40~l:54~a:4905,6299100de8a1a9ccc750085c62e2bf99,Tiffany Stansbury,T. Stansbury,,,,NA,,true,true,true,false,
2006,260150152,152,nc-state-wolfpack,NCST,NC State Wolfpack,,4906,s:40~l:54~a:4906,ca614d7abc3e3e24233d7459ee34d084,Khadijah Whittington,K. Whittington,,,,NA,,true,true,true,false,
2006,260150152,152,nc-state-wolfpack,NCST,NC State Wolfpack,,4023,s:40~l:54~a:4023,2b71963df1810bdc9113f48a48628dd0,Ashley Key,A. Key,,,,NA,,true,true,true,false,
2006,260150152,152,nc-state-wolfpack,NCST,NC State Wolfpack,,2819,s:40~l:54~a:2819,53a73c49fe6115db1185fbebdb4d8f61,Monica Pope,M. Pope,,,,NA,,true,true,true,false,
2006,260150152,152,nc-state-wolfpack,NCST,NC State Wolfpack,,2818,s:40~l:54~a:2818,c0e8fdcd15f451c37f9707fb00cc823f,Billie McDowell,B. McDowell,,,,NA,,true,true,true,false,
2006,260150135,127,michigan-state-spartans,MSU,Michigan State Spartans,,4936,s:40~l:54~a:4936,78f86adbbb33004c07827c307370c208,Laura Hall,L. Hall,,,,NA,,true,false,true,false,
2006,260150135,127,michigan-state-spartans,MSU,Michigan State Spartans,,4086,s:40~l:54~a:4086,13b8bb5a81dd1e8cbd8cebcef9ff82ee,Victoria Lucas-Perry,V. Lucas-Perry,,,,NA,,true,false,true,false,
2006,260150135,127,michigan-state-spartans,MSU,Michigan State Spartans,,3299,s:40~l:54~a:3299,a159c264237959ed9847622dd9d84765,Liz Shimek,L. Shimek,,,,NA,,true,false,true,false,
2006,260150135,127,michigan-state-spartans,MSU,Michigan State Spartans,,4965,s:40~l:54~a:4965,f36fe306e3ac1f875226d54c07876e01,Maggie Dwyer,M. Dwyer,,,,NA,,true,false,true,false,
2006,260150135,127,michigan-state-spartans,MSU,Michigan State Spartans,,3295,s:40~l:54~a:3295,10067a6e48be3f41d86fac21fdc8d093,Lindsay Bowen,L. Bowen,,,,NA,,true,false,true,false,
2006,260150135,135,minnesota-golden-gophers,MINN,Minnesota Golden Gophers,,3750,s:40~l:54~a:3750,6d0bf6b9573d0da44dd26c9d7f30af75,Liz Podominick,L. Podominick,,,,NA,,true,false,true,false,
2006,260150135,135,minnesota-golden-gophers,MINN,Minnesota Golden Gophers,,3751,s:40~l:54~a:3751,144aeb5e430d8e894d9b9e008fe31657,Jaime Broback,J. Broback,,,,NA,,true,false,true,false,
2006,260150135,135,minnesota-golden-gophers,MINN,Minnesota Golden Gophers,,2656,s:40~l:54~a:2656,c554c85841bc8ee7aa542ce388bf3f9c,Shannon Bolden,S. Bolden,,,,NA,,true,false,true,false,
2006,260150135,135,minnesota-golden-gophers,MINN,Minnesota Golden Gophers,,2655,s:40~l:54~a:2655,0aa092835f3627b3cdc40a286d4d46e8,Shannon Schonrock,S. Schonrock,,,,NA,,true,false,true,false,
2006,260150135,135,minnesota-golden-gophers,MINN,Minnesota Golden Gophers,,888,s:40~l:54~a:888,c179eec54d49961939fafcfcbe03cfcf,April Calhoun,A. Calhoun,,,,NA,,true,false,true,false,
2006,260150061,2390,miami-hurricanes,MIA,Miami Hurricanes,,5360,s:40~l:54~a:5360,59e5e4019e83d0f9dc81e487fdfe8263,Brittany Denson,B. Denson,,,,NA,,true,false,true,false,
2006,260150061,2390,miami-hurricanes,MIA,Miami Hurricanes,,3594,s:40~l:54~a:3594,ef8f7ce32ff4bc93bda951ad2831d632,Tamara James,T. James,,,,NA,,true,false,true,false,
2006,260150061,2390,miami-hurricanes,MIA,Miami Hurricanes,,5361,s:40~l:54~a:5361,11a94059f236b3ce0f6f5c213c015905,Renee Taylor,R. Taylor,,,,NA,,true,false,true,false,
2006,260150061,2390,miami-hurricanes,MIA,Miami Hurricanes,,3593,s:40~l:54~a:3593,e751b544b3345e9a0a2c4542dd18258d,Katie Hayek,K. Hayek,,,,NA,,true,false,true,false,
2006,260150061,2390,miami-hurricanes,MIA,Miami Hurricanes,,1140,s:40~l:54~a:1140,02594adec9924f6ef095ec3bd715bbe0,Melissa Knight,M. Knight,,,,NA,,true,false,true,false,
2006,260150061,61,georgia-lady-bulldogs,UGA,Georgia Lady Bulldogs,,5087,s:40~l:54~a:5087,ba5bf9e08de419ae09a040a7e40e58d5,Humphrey Tasha,H. Tasha,,,,NA,,true,false,true,false,
2006,260150061,61,georgia-lady-bulldogs,UGA,Georgia Lady Bulldogs,,5086,s:40~l:54~a:5086,3cd1fac4f61a6b49c181fd6d7e05f58f,Darrah Megan,D. Megan,,,,NA,,true,false,true,false,
2006,260150061,61,georgia-lady-bulldogs,UGA,Georgia Lady Bulldogs,,5090,s:40~l:54~a:5090,c90d4b3df7d1d74fcf1af7fc4f8c8a36,Chambers Cori,C. Cori,,,,NA,,true,false,true,false,
2006,260150061,61,georgia-lady-bulldogs,UGA,Georgia Lady Bulldogs,,5089,s:40~l:54~a:5089,96f72ea9acb2208d6494cbf484cc4232,Kendrick Alexis,K. Alexis,,,,NA,,true,false,true,false,
2006,260150061,61,georgia-lady-bulldogs,UGA,Georgia Lady Bulldogs,,5088,s:40~l:54~a:5088,a17cbcefdb413b1be583e2e07c0e7d7a,Baker Sherill,B. Sherill,,,,NA,,true,false,true,false,
2006,260160041,99,lsu-tigers,LSU,LSU Tigers,,4834,s:40~l:54~a:4834,08e807cc398fe0f761ad0d448bfeb280,Sylvia Fowles,S. Fowles,,,,NA,,true,false,true,false,
2006,260160041,99,lsu-tigers,LSU,LSU Tigers,,5097,s:40~l:54~a:5097,50323e53b18c89f62e93b2404ae49315,Ashley Thomas,A. Thomas,,,,NA,,true,false,true,false,
2006,260160041,99,lsu-tigers,LSU,LSU Tigers,,4887,s:40~l:54~a:4887,9d783fc8785e0f2e35028b5deed9f570,RaShonta LeBlanc,R. LeBlanc,,,,NA,,true,false,true,false,
2006,260160041,99,lsu-tigers,LSU,LSU Tigers,,3715,s:40~l:54~a:3715,e6a46d07dfc2f2055ba24fc51716a427,Scholanda Hoston,S. Hoston,,,,NA,,true,false,true,false,
2006,260160041,99,lsu-tigers,LSU,LSU Tigers,,2635,s:40~l:54~a:2635,3a7f24f2f739ca385df1c548e6def432,Seimone Augustus,S. Augustus,,,,NA,,true,false,true,false,
2006,260160041,41,uconn-huskies,CONN,UConn Huskies,,2637,s:40~l:54~a:2637,131163c0c1e979b8607484d92145c5e3,Ann Strother,A. Strother,,,,NA,,true,false,true,false,
2006,260160041,41,uconn-huskies,CONN,UConn Huskies,,2409,s:40~l:54~a:2409,3166c5ecd189f3f8d53632fe2f90913a,Barbara Turner,B. Turner,,,,NA,,true,false,true,false,
2006,260160041,41,uconn-huskies,CONN,UConn Huskies,,5104,s:40~l:54~a:5104,f122be3557ced75550d02221af209121,Renee Montgomery,R. Montgomery,,,,NA,,true,false,true,false,
2006,260160041,41,uconn-huskies,CONN,UConn Huskies,,4827,s:40~l:54~a:4827,a60aeada6ce540be068e6ad92b3b9bc0,Mel Thomas,M. Thomas,,,,NA,,true,false,true,false,
2006,260160041,41,uconn-huskies,CONN,UConn Huskies,,2410,s:40~l:54~a:2410,56efb2414f093ff317ca52a41a8e8b7f,Nicole Wolff,N. Wolff,,,,NA,,true,true,true,false,
2006,260160120,52,florida-state-seminoles,FSU,Florida State Seminoles,,5389,s:40~l:54~a:5389,24537ea2fa9a54a4476dcee2c8e7f085,Britany Miller,B. Miller,,,,NA,,true,false,true,false,
2006,260160120,52,florida-state-seminoles,FSU,Florida State Seminoles,,4096,s:40~l:54~a:4096,2471a03b3f0c483848e8094fef4661c7,Alicia Gladden,A. Gladden,,,,NA,,true,false,true,false,
2006,260160120,52,florida-state-seminoles,FSU,Florida State Seminoles,,2537,s:40~l:54~a:2537,fd12cc34017e9ed79063e1c8bfac8340,Ganiyat Adeduntan,G. Adeduntan,,,,NA,,true,false,true,false,
2006,260160120,52,florida-state-seminoles,FSU,Florida State Seminoles,,2416,s:40~l:54~a:2416,9536f5a616f150c157f7cd7c1358dbfd,Holly Johnson,H. Johnson,,,,NA,,true,false,true,false,
2006,260160120,52,florida-state-seminoles,FSU,Florida State Seminoles,,572,s:40~l:54~a:572,d3cbd3e1a36a8aa2b8870e989dc4827b,LaQuinta Neely,L. Neely,,,,NA,,true,false,true,false,
2006,260160120,120,maryland-terrapins,MD,Maryland Terrapins,,5138,s:40~l:54~a:5138,274318080866dcb8699a09d666d03f10,Marissa Coleman,M. Coleman,,,25 ,G,,true,false,true,false,
2006,260160120,120,maryland-terrapins,MD,Maryland Terrapins,,4856,s:40~l:54~a:4856,beb9a7b51168d2efe54cefd1a050d1ec,Jade Perry,J. Perry,,,,NA,,true,false,true,false,
2006,260160120,120,maryland-terrapins,MD,Maryland Terrapins,,4857,s:40~l:54~a:4857,54d95e907134bc5181e7e4e75360d98c,Crystal Langhorne,C. Langhorne,,,,NA,,true,false,true,false,
2006,260160120,120,maryland-terrapins,MD,Maryland Terrapins,,4864,s:40~l:54~a:4864,ea47d9ad50f1b328cf52ebc77eefb447,Ashleigh Newman,A. Newman,,,,NA,,true,false,true,false,
2006,260160120,120,maryland-terrapins,MD,Maryland Terrapins,,4314,s:40~l:54~a:4314,89b9ded0b2f2d65e468ebae6d5bf556f,Shay Doron,S. Doron,,,,NA,,true,false,true,false,
2006,260160259,258,virginia-cavaliers,UVA,Virginia Cavaliers,,3845,s:40~l:54~a:3845,9442a773e6873751f0917623bc308b49,Siedah Williams,S. Williams,,,,NA,,true,false,true,false,
2006,260160259,258,virginia-cavaliers,UVA,Virginia Cavaliers,,5393,s:40~l:54~a:5393,0c385d47b2d2b59b887054aa9a2b7155,Abby Robertson,A. Robertson,,,,NA,,true,false,true,false,
2006,260160259,258,virginia-cavaliers,UVA,Virginia Cavaliers,,2504,s:40~l:54~a:2504,28a72ae02b454104f6c896f361b53911,Tiffany Sardin,T. Sardin,,,,NA,,true,false,true,false,
2006,260160259,258,virginia-cavaliers,UVA,Virginia Cavaliers,,4924,s:40~l:54~a:4924,42354c655b04c1a74bfec03de67c4cfa,Sharnee Zoll,S. Zoll,,,,NA,,true,false,true,false,
2006,260160259,258,virginia-cavaliers,UVA,Virginia Cavaliers,,3846,s:40~l:54~a:3846,16264e0e7bd4f3fbeeb9cedfc0ba3e0f,Brenna McGuire,B. McGuire,,,,NA,,true,false,true,false,
2006,260160259,259,virginia-tech-hokies,VT,Virginia Tech Hokies,,2774,s:40~l:54~a:2774,b18e0524ba9d2cc0e09781198450afbe,Megan Finnerty,M. Finnerty,,,,NA,,true,false,true,false,
2006,260160259,259,virginia-tech-hokies,VT,Virginia Tech Hokies,,2776,s:40~l:54~a:2776,51736d60e466f3c50fc6ae3284797c07,Kerri Gardin,K. Gardin,,,,NA,,true,false,true,false,
2006,260160259,259,virginia-tech-hokies,VT,Virginia Tech Hokies,,3989,s:40~l:54~a:3989,622aa645f0b978929aecdbc82447f4d3,Kirby Copeland,K. Copeland,,,,NA,,true,false,true,false,
2006,260160259,259,virginia-tech-hokies,VT,Virginia Tech Hokies,,2778,s:40~l:54~a:2778,9c6d7e00073c2dd7472d136b3b7be826,Carrie Mason,C. Mason,,,,NA,,true,false,true,false,
2006,260160259,259,virginia-tech-hokies,VT,Virginia Tech Hokies,,2773,s:40~l:54~a:2773,79a9e88ee77ba2976a0dc6d91b86d9d7,Dawn Chriss,D. Chriss,,,,NA,,true,false,true,false,
2006,260170087,305,depaul-blue-demons,DEP,DePaul Blue Demons,,4862,s:40~l:54~a:4862,ada6d59c2d30a68c6882307040e5b23e,Erin Carney,E. Carney,,,,NA,,true,false,true,false,
2006,260170087,305,depaul-blue-demons,DEP,DePaul Blue Demons,,415,s:40~l:54~a:415,aaaa2dcd83fe04b0e0e40cd0d502a6d6,Khara Smith,K. Smith,,,,NA,,true,false,true,false,
2006,260170087,305,depaul-blue-demons,DEP,DePaul Blue Demons,,4859,s:40~l:54~a:4859,8ccf9f61389ad1b5e837d73da998e9cb,Allie Quigley,A. Quigley,,,,NA,,true,false,true,false,
2006,260170087,305,depaul-blue-demons,DEP,DePaul Blue Demons,,4561,s:40~l:54~a:4561,6ebbbc3f36e376a65adaf5b2cd19682f,Jenna Rubino,J. Rubino,,,,NA,,true,false,true,false,
2006,260170087,305,depaul-blue-demons,DEP,DePaul Blue Demons,,417,s:40~l:54~a:417,00eb53aabfa29c5bce28e5d2eb8d5cd6,Claudette Towers,C. Towers,,,,NA,,true,false,true,false,
2006,260170087,87,notre-dame-fighting-irish,ND,Notre Dame Fighting Irish,,4837,s:40~l:54~a:4837,21be6e6264f6551974000b5fcb5270eb,Melissa D'Amico,M. D'Amico,,,,NA,,true,false,true,false,
2006,260170087,87,notre-dame-fighting-irish,ND,Notre Dame Fighting Irish,,3784,s:40~l:54~a:3784,9c4232f3d4bbb62d1c9982dc3acf989f,Crystal Erwin,C. Erwin,,,,NA,,true,false,true,false,
2006,260170087,87,notre-dame-fighting-irish,ND,Notre Dame Fighting Irish,,4812,s:40~l:54~a:4812,25b3529d817a2950947a78a48dbde1bf,Tulyah Gaines,T. Gaines,,,,NA,,true,false,true,false,
2006,260170087,87,notre-dame-fighting-irish,ND,Notre Dame Fighting Irish,,4810,s:40~l:54~a:4810,e8813df64b79e541b0bd18539c2c73c7,Charel Allen,C. Allen,,,,NA,,true,false,true,false,
2006,260170087,87,notre-dame-fighting-irish,ND,Notre Dame Fighting Irish,,2437,s:40~l:54~a:2437,409fab7b1c67274f3ff8f070f97034e8,Megan Duffy,M. Duffy,,,,NA,,true,false,true,false,
2006,260190238,2633,tennessee-lady-volunteers,TENN,Tennessee Lady Volunteers,,4839,s:40~l:54~a:4839,eb2e5d775349b53cc2cd1cff1d06fe67,Nicky Anosike,N. Anosike,,,,NA,,true,false,true,false,
2006,260190238,2633,tennessee-lady-volunteers,TENN,Tennessee Lady Volunteers,,5145,s:40~l:54~a:5145,61b484e2521ea0b301d4e85c791af05c,Candace Parker,C. Parker,,,,NA,,true,false,true,false,
2006,260190238,2633,tennessee-lady-volunteers,TENN,Tennessee Lady Volunteers,,3707,s:40~l:54~a:3707,70c6703f052213c777a20dd7ff64b712,Sidney Spencer,S. Spencer,,,,NA,,true,false,true,false,
2006,260190238,2633,tennessee-lady-volunteers,TENN,Tennessee Lady Volunteers,,4840,s:40~l:54~a:4840,13ff2da95b8fccf88eff7098fb77f4e5,Alexis Hornbuckle,A. Hornbuckle,,,,NA,,true,false,true,false,
2006,260190238,2633,tennessee-lady-volunteers,TENN,Tennessee Lady Volunteers,,2633,s:40~l:54~a:2633,c2ee79eb6ce4e1f61b40f49f0404c074,Shanna Zolman,S. Zolman,,,,NA,,true,false,true,false,
2006,260190238,238,vanderbilt-commodores,VAN,Vanderbilt Commodores,,3706,s:40~l:54~a:3706,29c7bee9a93c170121793499f8bed969,Liz Sherwood,L. Sherwood,,,,NA,,true,false,true,false,
2006,260190238,238,vanderbilt-commodores,VAN,Vanderbilt Commodores,,3776,s:40~l:54~a:3776,20a3cf56ca4c4a4e1704b19976f87669,Carla Thomas,C. Thomas,,,,NA,,true,false,true,false,
2006,260190238,238,vanderbilt-commodores,VAN,Vanderbilt Commodores,,5404,s:40~l:54~a:5404,c29c47bba078b8d79e049d159fac23e2,Holly Rogers,H. Rogers,,,,NA,,true,false,true,false,
2006,260190238,238,vanderbilt-commodores,VAN,Vanderbilt Commodores,,3778,s:40~l:54~a:3778,e3312e11d01fddfa4043843053d5f4a3,Dee Davis,D. Davis,,,,NA,,true,false,true,false,
2006,260190238,238,vanderbilt-commodores,VAN,Vanderbilt Commodores,,3775,s:40~l:54~a:3775,30c7799ec3ad7a48f2adc5317b6eca98,Caroline Williams,C. Williams,,,,NA,,true,false,true,false,
2006,260190164,218,temple-owls,TEM,Temple Owls,,3023,s:40~l:54~a:3023,99914daf240a2fbaff01ea59c0902860,Candice Dupree,C. Dupree,,,,NA,,true,false,true,false,
2006,260190164,218,temple-owls,TEM,Temple Owls,,5079,s:40~l:54~a:5079,712e67deb9c2ebc3f69dcdec57fbcb44,Lady Comfort,L. Comfort,,,,NA,,true,false,true,false,
2006,260190164,218,temple-owls,TEM,Temple Owls,,4328,s:40~l:54~a:4328,c97612cd822e8c74d637c547abc661ab,Kamesha Hairston,K. Hairston,,,,NA,,true,false,true,false,
2006,260190164,218,temple-owls,TEM,Temple Owls,,3024,s:40~l:54~a:3024,414a6615f36e862ecbd46f88e27c051a,Khadija Bowens,K. Bowens,,,,NA,,true,false,true,false,
2006,260190164,218,temple-owls,TEM,Temple Owls,,3022,s:40~l:54~a:3022,6f925f4e47e612eca4ca9000c46ad7cf,Jennifer Owens,J. Owens,,,,NA,,true,false,true,false,
2006,260190164,164,rutgers-scarlet-knights,RUTG,Rutgers Scarlet Knights,,2400,s:40~l:54~a:2400,df7bd1b14c0efa91d7c658215d14c831,Michelle Campbell,M. Campbell,,,,NA,,true,false,true,false,
2006,260190164,164,rutgers-scarlet-knights,RUTG,Rutgers Scarlet Knights,,5402,s:40~l:54~a:5402,ab86861cf5e50089c08c780e6655a19a,Sammeika Thrash,S. Thrash,,,,NA,,true,false,true,false,
2006,260190164,164,rutgers-scarlet-knights,RUTG,Rutgers Scarlet Knights,,4844,s:40~l:54~a:4844,c6037cdeab7355ac6f4d1a59e4c0bfdf,Charese Reed,C. Reed,,,,NA,,true,false,true,false,
2006,260190164,164,rutgers-scarlet-knights,RUTG,Rutgers Scarlet Knights,,4814,s:40~l:54~a:4814,d01e22db859a44a2b9b9460b8d49077b,Essence Carson,E. Carson,,,,NA,,true,false,true,false,
2006,260190164,164,rutgers-scarlet-knights,RUTG,Rutgers Scarlet Knights,,1695,s:40~l:54~a:1695,dab9f7ecbe8bcdb0d1f4c6e334e84a0a,Cappie Pondexter,C. Pondexter,,,,NA,,true,false,true,false,
2006,260190061,344,mississippi-state-bulldogs,MSST,Mississippi State Bulldogs,,5350,s:40~l:54~a:5350,cc3f99c7b9fd94c7498b1a39d31c39db,Robin Porter,R. Porter,,,24 ,F,,true,false,true,false,
2006,260190061,344,mississippi-state-bulldogs,MSST,Mississippi State Bulldogs,,5349,s:40~l:54~a:5349,d8e0dac93309c8aabca8c58a42672621,Marneshia Richard,M. Richard,,,25 ,G,,true,false,true,false,
2006,260190061,344,mississippi-state-bulldogs,MSST,Mississippi State Bulldogs,,2742,s:40~l:54~a:2742,2337476a5d7fd437540f43c8c7f7808c,Mamie McKinney,M. McKinney,,,,NA,,true,false,true,false,
2006,260190061,344,mississippi-state-bulldogs,MSST,Mississippi State Bulldogs,,2739,s:40~l:54~a:2739,e3bbb99efd45895b3359e0d5882aaed4,Blessing Chekwa,B. Chekwa,,,,NA,,true,false,true,false,
2006,260190061,344,mississippi-state-bulldogs,MSST,Mississippi State Bulldogs,,5348,s:40~l:54~a:5348,055f412e042e0240cc90e402e43ed774,Heather Hollis,H. Hollis,,,,NA,,true,false,true,false,
2006,260190061,61,georgia-lady-bulldogs,UGA,Georgia Lady Bulldogs,,5086,s:40~l:54~a:5086,3cd1fac4f61a6b49c181fd6d7e05f58f,Darrah Megan,D. Megan,,,,NA,,true,false,true,false,
2006,260190061,61,georgia-lady-bulldogs,UGA,Georgia Lady Bulldogs,,5087,s:40~l:54~a:5087,ba5bf9e08de419ae09a040a7e40e58d5,Humphrey Tasha,H. Tasha,,,,NA,,true,false,true,false,
2006,260190061,61,georgia-lady-bulldogs,UGA,Georgia Lady Bulldogs,,5090,s:40~l:54~a:5090,c90d4b3df7d1d74fcf1af7fc4f8c8a36,Chambers Cori,C. Cori,,,,NA,,true,false,true,false,
2006,260190061,61,georgia-lady-bulldogs,UGA,Georgia Lady Bulldogs,,5089,s:40~l:54~a:5089,96f72ea9acb2208d6494cbf484cc4232,Kendrick Alexis,K. Alexis,,,,NA,,true,false,true,false,
2006,260190061,61,georgia-lady-bulldogs,UGA,Georgia Lady Bulldogs,,5088,s:40~l:54~a:5088,a17cbcefdb413b1be583e2e07c0e7d7a,Baker Sherill,B. Sherill,,,,NA,,true,false,true,false,
2006,260190130,135,minnesota-golden-gophers,MINN,Minnesota Golden Gophers,,3750,s:40~l:54~a:3750,6d0bf6b9573d0da44dd26c9d7f30af75,Liz Podominick,L. Podominick,,,,NA,,true,false,true,false,
2006,260190130,135,minnesota-golden-gophers,MINN,Minnesota Golden Gophers,,3751,s:40~l:54~a:3751,144aeb5e430d8e894d9b9e008fe31657,Jaime Broback,J. Broback,,,,NA,,true,false,true,false,
2006,260190130,135,minnesota-golden-gophers,MINN,Minnesota Golden Gophers,,2656,s:40~l:54~a:2656,c554c85841bc8ee7aa542ce388bf3f9c,Shannon Bolden,S. Bolden,,,,NA,,true,false,true,false,
2006,260190130,135,minnesota-golden-gophers,MINN,Minnesota Golden Gophers,,2655,s:40~l:54~a:2655,0aa092835f3627b3cdc40a286d4d46e8,Shannon Schonrock,S. Schonrock,,,,NA,,true,false,true,false,
2006,260190130,135,minnesota-golden-gophers,MINN,Minnesota Golden Gophers,,888,s:40~l:54~a:888,c179eec54d49961939fafcfcbe03cfcf,April Calhoun,A. Calhoun,,,,NA,,true,false,true,false,
2006,260190130,130,michigan-wolverines,MICH,Michigan Wolverines,,5283,s:40~l:54~a:5283,57212fd99fa6fc9c7072507f661d96c1,Carly Benson,C. Benson,,,,F,,true,false,true,false,
2006,260190130,130,michigan-wolverines,MICH,Michigan Wolverines,,5288,s:40~l:54~a:5288,9567d73936726241d1c2e50425e9569a,Ashley Jones,A. Jones,,,,F,,true,false,true,false,
2006,260190130,130,michigan-wolverines,MICH,Michigan Wolverines,,5286,s:40~l:54~a:5286,376147f6a4bd9223eb48126ef61110ab,Jessica Minnfield,J. Minnfield,,,,G,,true,false,true,false,
2006,260190130,130,michigan-wolverines,MICH,Michigan Wolverines,,5289,s:40~l:54~a:5289,fafea95a915f80d733a65d8cc67478f2,Katie Dierdorf,K. Dierdorf,,,,NA,,true,false,true,false,
2006,260190130,130,michigan-wolverines,MICH,Michigan Wolverines,,5282,s:40~l:54~a:5282,3383dc78f33a93912e2089fb7987d7cb,Janelle Cooper,J. Cooper,,,,NA,,true,false,true,false,
2006,260200258,120,maryland-terrapins,MD,Maryland Terrapins,,5138,s:40~l:54~a:5138,274318080866dcb8699a09d666d03f10,Marissa Coleman,M. Coleman,,,25 ,G,,true,false,true,false,
2006,260200258,120,maryland-terrapins,MD,Maryland Terrapins,,4857,s:40~l:54~a:4857,54d95e907134bc5181e7e4e75360d98c,Crystal Langhorne,C. Langhorne,,,,NA,,true,false,true,false,
2006,260200258,120,maryland-terrapins,MD,Maryland Terrapins,,4856,s:40~l:54~a:4856,beb9a7b51168d2efe54cefd1a050d1ec,Jade Perry,J. Perry,,,,NA,,true,false,true,false,
2006,260200258,120,maryland-terrapins,MD,Maryland Terrapins,,4864,s:40~l:54~a:4864,ea47d9ad50f1b328cf52ebc77eefb447,Ashleigh Newman,A. Newman,,,,NA,,true,false,true,false,
2006,260200258,120,maryland-terrapins,MD,Maryland Terrapins,,4314,s:40~l:54~a:4314,89b9ded0b2f2d65e468ebae6d5bf556f,Shay Doron,S. Doron,,,,NA,,true,false,true,false,
2006,260200258,258,virginia-cavaliers,UVA,Virginia Cavaliers,,5393,s:40~l:54~a:5393,0c385d47b2d2b59b887054aa9a2b7155,Abby Robertson,A. Robertson,,,,NA,,true,false,true,false,
2006,260200258,258,virginia-cavaliers,UVA,Virginia Cavaliers,,2504,s:40~l:54~a:2504,28a72ae02b454104f6c896f361b53911,Tiffany Sardin,T. Sardin,,,,NA,,true,false,true,false,
2006,260200258,258,virginia-cavaliers,UVA,Virginia Cavaliers,,4924,s:40~l:54~a:4924,42354c655b04c1a74bfec03de67c4cfa,Sharnee Zoll,S. Zoll,,,,NA,,true,false,true,false,
2006,260200258,258,virginia-cavaliers,UVA,Virginia Cavaliers,,3846,s:40~l:54~a:3846,16264e0e7bd4f3fbeeb9cedfc0ba3e0f,Brenna McGuire,B. McGuire,,,,NA,,true,false,true,false,
2006,260200258,258,virginia-cavaliers,UVA,Virginia Cavaliers,,3845,s:40~l:54~a:3845,9442a773e6873751f0917623bc308b49,Siedah Williams,S. Williams,,,,NA,,true,false,true,false,
2006,260220127,194,ohio-state-buckeyes,OSU,Ohio State Buckeyes,,3831,s:40~l:54~a:3831,d7d474a42d3ed0200925eaf98d64417d,Jessica Davenport,J. Davenport,,,,NA,,true,false,true,false,
2006,260220127,194,ohio-state-buckeyes,OSU,Ohio State Buckeyes,,1493,s:40~l:54~a:1493,4046c1dfdbd76f3b66c26e5d9340885a,Ashley Allen,A. Allen,,,,NA,,true,false,true,false,
2006,260220127,194,ohio-state-buckeyes,OSU,Ohio State Buckeyes,,273,s:40~l:54~a:273,45121a17d956c514acaaaccb55a64980,Debbie Merrill,D. Merrill,,,,NA,,true,false,true,false,
2006,260220127,194,ohio-state-buckeyes,OSU,Ohio State Buckeyes,,4901,s:40~l:54~a:4901,a34dc975a399d5f36c8b8607a7ace096,Marscilla Packer,M. Packer,,,,NA,,true,false,true,false,
2006,260220127,194,ohio-state-buckeyes,OSU,Ohio State Buckeyes,,3833,s:40~l:54~a:3833,dc2ef3677a22bd7cc11af6c11b005875,Brandie Hoskins,B. Hoskins,,,,NA,,true,false,true,false,
2006,260220127,127,michigan-state-spartans,MSU,Michigan State Spartans,,5147,s:40~l:54~a:5147,6e58bf3bf450a7819ca55c6589545dde,Aisha Jefferson,A. Jefferson,,,22 ,F,,true,false,true,false,
2006,260220127,127,michigan-state-spartans,MSU,Michigan State Spartans,,3299,s:40~l:54~a:3299,a159c264237959ed9847622dd9d84765,Liz Shimek,L. Shimek,,,,NA,,true,false,true,false,
2006,260220127,127,michigan-state-spartans,MSU,Michigan State Spartans,,4965,s:40~l:54~a:4965,f36fe306e3ac1f875226d54c07876e01,Maggie Dwyer,M. Dwyer,,,,NA,,true,false,true,false,
2006,260220127,127,michigan-state-spartans,MSU,Michigan State Spartans,,4087,s:40~l:54~a:4087,24ae83fb999e83d62397aa50ef8f35d4,Rene Haynes,R. Haynes,,,,NA,,true,false,true,false,
2006,260220127,127,michigan-state-spartans,MSU,Michigan State Spartans,,3295,s:40~l:54~a:3295,10067a6e48be3f41d86fac21fdc8d093,Lindsay Bowen,L. Bowen,,,,NA,,true,false,true,false,
2006,260222752,218,temple-owls,TEM,Temple Owls,,3023,s:40~l:54~a:3023,99914daf240a2fbaff01ea59c0902860,Candice Dupree,C. Dupree,,,,NA,,true,false,true,false,
2006,260222752,218,temple-owls,TEM,Temple Owls,,5079,s:40~l:54~a:5079,712e67deb9c2ebc3f69dcdec57fbcb44,Lady Comfort,L. Comfort,,,,NA,,true,false,true,false,
2006,260222752,218,temple-owls,TEM,Temple Owls,,4328,s:40~l:54~a:4328,c97612cd822e8c74d637c547abc661ab,Kamesha Hairston,K. Hairston,,,,NA,,true,false,true,false,
2006,260222752,218,temple-owls,TEM,Temple Owls,,5343,s:40~l:54~a:5343,fe74df77d4cf5577a125c1b25c9867b9,Fatima Maddox,F. Maddox,,,,NA,,true,false,true,false,
2006,260222752,218,temple-owls,TEM,Temple Owls,,3024,s:40~l:54~a:3024,414a6615f36e862ecbd46f88e27c051a,Khadija Bowens,K. Bowens,,,,NA,,true,false,true,false,
2006,260222752,2752,xavier-musketeers,XAV,Xavier Musketeers,,3519,s:40~l:54~a:3519,054119dc5f9216c0b6ffb0022462e713,Kristy Wallner,K. Wallner,,,,NA,,true,false,true,false,
2006,260222752,2752,xavier-musketeers,XAV,Xavier Musketeers,,2365,s:40~l:54~a:2365,0afbf06713c7dacdae4df19fedf75fd5,Tara Boothe,T. Boothe,,,,NA,,true,false,true,false,
2006,260222752,2752,xavier-musketeers,XAV,Xavier Musketeers,,5411,s:40~l:54~a:5411,a7db73b250e9285c97d2f33fe9d14521,Michele Miller,M. Miller,,,,NA,,true,false,true,false,
2006,260222752,2752,xavier-musketeers,XAV,Xavier Musketeers,,5410,s:40~l:54~a:5410,1af35ee6eab344d8f99c762836ae65dd,Miranda Green,M. Green,,,,NA,,true,false,true,false,
2006,260222752,2752,xavier-musketeers,XAV,Xavier Musketeers,,5409,s:40~l:54~a:5409,d476adf45aa9826ac1a9781921e747c2,Suntana Granderson,S. Granderson,,,,NA,,true,false,true,false,
2006,260230150,2633,tennessee-lady-volunteers,TENN,Tennessee Lady Volunteers,,4839,s:40~l:54~a:4839,eb2e5d775349b53cc2cd1cff1d06fe67,Nicky Anosike,N. Anosike,,,,NA,,true,true,true,false,
2006,260230150,2633,tennessee-lady-volunteers,TENN,Tennessee Lady Volunteers,,5145,s:40~l:54~a:5145,61b484e2521ea0b301d4e85c791af05c,Candace Parker,C. Parker,,,,NA,,true,true,true,false,
2006,260230150,2633,tennessee-lady-volunteers,TENN,Tennessee Lady Volunteers,,3707,s:40~l:54~a:3707,70c6703f052213c777a20dd7ff64b712,Sidney Spencer,S. Spencer,,,,NA,,true,true,true,false,
2006,260230150,2633,tennessee-lady-volunteers,TENN,Tennessee Lady Volunteers,,4840,s:40~l:54~a:4840,13ff2da95b8fccf88eff7098fb77f4e5,Alexis Hornbuckle,A. Hornbuckle,,,,NA,,true,true,true,false,
2006,260230150,2633,tennessee-lady-volunteers,TENN,Tennessee Lady Volunteers,,2633,s:40~l:54~a:2633,c2ee79eb6ce4e1f61b40f49f0404c074,Shanna Zolman,S. Zolman,,,,NA,,true,true,true,false,
2006,260230150,150,duke-blue-devils,DUKE,Duke Blue Devils,,3713,s:40~l:54~a:3713,b76d2b4b4670ae3d28b747c9af9e2a69,Alison Bales,A. Bales,,,,NA,,true,true,true,false,
2006,260230150,150,duke-blue-devils,DUKE,Duke Blue Devils,,2475,s:40~l:54~a:2475,34971f2dbdb57e31e6939fa80c4422c8,Mistie McCray Bass,M. Bass,,,,NA,,true,true,true,false,
2006,260230150,150,duke-blue-devils,DUKE,Duke Blue Devils,,438,s:40~l:54~a:438,c7e26c3620f06c9196f3fe534452d4f6,Monique Currie,M. Currie,,,,NA,,true,true,true,false,
2006,260230150,150,duke-blue-devils,DUKE,Duke Blue Devils,,4819,s:40~l:54~a:4819,d0c9e7e583ec078c3c2f19b1a3393528,Wanisha Smith,W. Smith,,,,NA,,true,true,true,false,
2006,260230150,150,duke-blue-devils,DUKE,Duke Blue Devils,,2476,s:40~l:54~a:2476,d989779bd41ba5bafcd1cfa2a21021e0,Lindsey Harding,L. Harding,,,,NA,,true,true,true,false,
2006,260230259,120,maryland-terrapins,MD,Maryland Terrapins,,5138,s:40~l:54~a:5138,274318080866dcb8699a09d666d03f10,Marissa Coleman,M. Coleman,,,25 ,G,,true,false,true,false,
2006,260230259,120,maryland-terrapins,MD,Maryland Terrapins,,4856,s:40~l:54~a:4856,beb9a7b51168d2efe54cefd1a050d1ec,Jade Perry,J. Perry,,,,NA,,true,false,true,false,
2006,260230259,120,maryland-terrapins,MD,Maryland Terrapins,,4857,s:40~l:54~a:4857,54d95e907134bc5181e7e4e75360d98c,Crystal Langhorne,C. Langhorne,,,,NA,,true,false,true,false,
2006,260230259,120,maryland-terrapins,MD,Maryland Terrapins,,4864,s:40~l:54~a:4864,ea47d9ad50f1b328cf52ebc77eefb447,Ashleigh Newman,A. Newman,,,,NA,,true,false,true,false,
2006,260230259,120,maryland-terrapins,MD,Maryland Terrapins,,4314,s:40~l:54~a:4314,89b9ded0b2f2d65e468ebae6d5bf556f,Shay Doron,S. Doron,,,,NA,,true,false,true,false,
2006,260230259,259,virginia-tech-hokies,VT,Virginia Tech Hokies,,3988,s:40~l:54~a:3988,3327bbbd4fd9249cde7b99c40f4cabfc,Nare Diawara,N. Diawara,,,,NA,,true,false,true,false,
2006,260230259,259,virginia-tech-hokies,VT,Virginia Tech Hokies,,2774,s:40~l:54~a:2774,b18e0524ba9d2cc0e09781198450afbe,Megan Finnerty,M. Finnerty,,,,NA,,true,false,true,false,
2006,260230259,259,virginia-tech-hokies,VT,Virginia Tech Hokies,,3989,s:40~l:54~a:3989,622aa645f0b978929aecdbc82447f4d3,Kirby Copeland,K. Copeland,,,,NA,,true,false,true,false,
2006,260230259,259,virginia-tech-hokies,VT,Virginia Tech Hokies,,2778,s:40~l:54~a:2778,9c6d7e00073c2dd7472d136b3b7be826,Carrie Mason,C. Mason,,,,NA,,true,false,true,false,
2006,260230259,259,virginia-tech-hokies,VT,Virginia Tech Hokies,,2773,s:40~l:54~a:2773,79a9e88ee77ba2976a0dc6d91b86d9d7,Dawn Chriss,D. Chriss,,,,NA,,true,false,true,false,
2006,260240041,58,south-florida-bulls,USF,South Florida Bulls,,5267,s:40~l:54~a:5267,28bc635e350e55736910152115bb26a9,Shantia Grace,S. Grace,,,3  ,G,,true,false,true,false,
2006,260240041,58,south-florida-bulls,USF,South Florida Bulls,,4630,s:40~l:54~a:4630,e66db0e3ad569b7f7493cb8570f82824,Nalini Miller,N. Miller,,,,NA,,true,false,true,false,
2006,260240041,58,south-florida-bulls,USF,South Florida Bulls,,4631,s:40~l:54~a:4631,3569068a6fbf88da123ce8d27c371bf3,Jessica Dickson,J. Dickson,,,,NA,,true,false,true,false,
2006,260240041,58,south-florida-bulls,USF,South Florida Bulls,,3408,s:40~l:54~a:3408,b2df8e03bd7f1f9fc71c31363d188cd0,Ezria Parsons,E. Parsons,,,,NA,,true,false,true,false,
2006,260240041,58,south-florida-bulls,USF,South Florida Bulls,,4633,s:40~l:54~a:4633,6d539b60d77ca3ac773b373312091588,Rachael Sheats,R. Sheats,,,,NA,,true,false,true,false,
2006,260240041,41,uconn-huskies,CONN,UConn Huskies,,2637,s:40~l:54~a:2637,131163c0c1e979b8607484d92145c5e3,Ann Strother,A. Strother,,,,NA,,true,false,true,false,
2006,260240041,41,uconn-huskies,CONN,UConn Huskies,,2409,s:40~l:54~a:2409,3166c5ecd189f3f8d53632fe2f90913a,Barbara Turner,B. Turner,,,,NA,,true,false,true,false,
2006,260240041,41,uconn-huskies,CONN,UConn Huskies,,5104,s:40~l:54~a:5104,f122be3557ced75550d02221af209121,Renee Montgomery,R. Montgomery,,,,NA,,true,false,true,false,
2006,260240041,41,uconn-huskies,CONN,UConn Huskies,,4827,s:40~l:54~a:4827,a60aeada6ce540be068e6ad92b3b9bc0,Mel Thomas,M. Thomas,,,,NA,,true,false,true,false,
2006,260240041,41,uconn-huskies,CONN,UConn Huskies,,2410,s:40~l:54~a:2410,56efb2414f093ff317ca52a41a8e8b7f,Nicole Wolff,N. Wolff,,,,NA,,true,false,true,false,
2006,260240164,87,notre-dame-fighting-irish,ND,Notre Dame Fighting Irish,,4812,s:40~l:54~a:4812,25b3529d817a2950947a78a48dbde1bf,Tulyah Gaines,T. Gaines,,,,NA,,true,false,true,false,
2006,260240164,87,notre-dame-fighting-irish,ND,Notre Dame Fighting Irish,,2437,s:40~l:54~a:2437,409fab7b1c67274f3ff8f070f97034e8,Megan Duffy,M. Duffy,,,,NA,,true,false,true,false,
2006,260240164,87,notre-dame-fighting-irish,ND,Notre Dame Fighting Irish,,3784,s:40~l:54~a:3784,9c4232f3d4bbb62d1c9982dc3acf989f,Crystal Erwin,C. Erwin,,,,NA,,true,false,true,false,
2006,260240164,87,notre-dame-fighting-irish,ND,Notre Dame Fighting Irish,,3783,s:40~l:54~a:3783,bb74cc9ce5a60d8e7cfcaa19604e2422,Breona Gray,B. Gray,,,,NA,,true,false,true,false,
2006,260240164,87,notre-dame-fighting-irish,ND,Notre Dame Fighting Irish,,2438,s:40~l:54~a:2438,f0060511d7f5adcba68bd0078ba21086,Courtney LaVere,C. LaVere,,,,NA,,true,false,true,false,
2006,260240164,164,rutgers-scarlet-knights,RUTG,Rutgers Scarlet Knights,,4816,s:40~l:54~a:4816,e32515ecd622f27d9b0367d9b3f2a809,Matee Ajavon,M. Ajavon,,,,NA,,true,false,true,false,
2006,260240164,164,rutgers-scarlet-knights,RUTG,Rutgers Scarlet Knights,,4814,s:40~l:54~a:4814,d01e22db859a44a2b9b9460b8d49077b,Essence Carson,E. Carson,,,,NA,,true,false,true,false,
2006,260240164,164,rutgers-scarlet-knights,RUTG,Rutgers Scarlet Knights,,1697,s:40~l:54~a:1697,93667f99ba0590379d607e62ed0dfa59,Mariota Theodoris,M. Theodoris,,,,NA,,true,false,true,false,
2006,260240164,164,rutgers-scarlet-knights,RUTG,Rutgers Scarlet Knights,,1695,s:40~l:54~a:1695,dab9f7ecbe8bcdb0d1f4c6e334e84a0a,Cappie Pondexter,C. Pondexter,,,,NA,,true,false,true,false,
2006,260240164,164,rutgers-scarlet-knights,RUTG,Rutgers Scarlet Knights,,2851,s:40~l:54~a:2851,93093d6f71e136750443ff933b6df7c9,Aquisha Cahoe,A. Cahoe,,,,NA,,true,true,true,false,
2006,260250305,97,louisville-cardinals,LOU,Louisville Cardinals,,4716,s:40~l:54~a:4716,3432e3bf571e55cc8a80ae3d4b4b1672,Jazz Covington,J. Covington,,,,NA,,true,false,true,false,
2006,260250305,97,louisville-cardinals,LOU,Louisville Cardinals,,4055,s:40~l:54~a:4055,ea61f328b204194e8360d9428a7bad3a,Missy Taylor,M. Taylor,,,,NA,,true,false,true,false,
2006,260250305,97,louisville-cardinals,LOU,Louisville Cardinals,,4718,s:40~l:54~a:4718,0228f92be4f706130444e65cc9549efd,Katie Olson,K. Olson,,,,NA,,true,false,true,false,
2006,260250305,97,louisville-cardinals,LOU,Louisville Cardinals,,3545,s:40~l:54~a:3545,c930269ac2e8d80db614c637e3dbae43,Jessica Huggins,J. Huggins,,,,NA,,true,false,true,false,
2006,260250305,97,louisville-cardinals,LOU,Louisville Cardinals,,2393,s:40~l:54~a:2393,972de6f13722a49c909b2976f752bd0f,Connie Neal,C. Neal,,,,NA,,true,false,true,false,
2006,260250305,305,depaul-blue-demons,DEP,DePaul Blue Demons,,4862,s:40~l:54~a:4862,ada6d59c2d30a68c6882307040e5b23e,Erin Carney,E. Carney,,,,NA,,true,false,true,false,
2006,260250305,305,depaul-blue-demons,DEP,DePaul Blue Demons,,415,s:40~l:54~a:415,aaaa2dcd83fe04b0e0e40cd0d502a6d6,Khara Smith,K. Smith,,,,NA,,true,false,true,false,
2006,260250305,305,depaul-blue-demons,DEP,DePaul Blue Demons,,4859,s:40~l:54~a:4859,8ccf9f61389ad1b5e837d73da998e9cb,Allie Quigley,A. Quigley,,,,NA,,true,false,true,false,
2006,260250305,305,depaul-blue-demons,DEP,DePaul Blue Demons,,4561,s:40~l:54~a:4561,6ebbbc3f36e376a65adaf5b2cd19682f,Jenna Rubino,J. Rubino,,,,NA,,true,false,true,false,
2006,260250305,305,depaul-blue-demons,DEP,DePaul Blue Demons,,417,s:40~l:54~a:417,00eb53aabfa29c5bce28e5d2eb8d5cd6,Claudette Towers,C. Towers,,,,NA,,true,false,true,false,
2006,260250201,251,texas-longhorns,TEX,Texas Longhorns,,5124,s:40~l:54~a:5124,7d330585c814b13fb2fb4fe7b0b6bb4d,Erika Arriaran,E. Arriaran,,,,G,,true,false,true,false,
2006,260250201,251,texas-longhorns,TEX,Texas Longhorns,,5131,s:40~l:54~a:5131,6bb14faf66272d12fea472d3eab93d1e,Aubry Cook,A. Cook,,,,P,,true,false,true,false,
2006,260250201,251,texas-longhorns,TEX,Texas Longhorns,,4876,s:40~l:54~a:4876,470c3a5a59c117618461969a48b0e826,Daria Mieloszynska,D. Mieloszynska,,,,NA,,true,false,true,false,
2006,260250201,251,texas-longhorns,TEX,Texas Longhorns,,3710,s:40~l:54~a:3710,cb5034bf70047521ef37260babc15b8f,Tiffany Jackson-Jones,T. Jackson-Jones,,,,NA,,true,false,true,false,
2006,260250201,251,texas-longhorns,TEX,Texas Longhorns,,2383,s:40~l:54~a:2383,bda5223d8cb5aef66ae70ad068bb0d67,Nina Norman,N. Norman,,,,NA,,true,false,true,false,
2006,260250201,201,oklahoma-sooners,OU,Oklahoma Sooners,,5118,s:40~l:54~a:5118,1834413d80b409a6fe840327a8e7993b,Courtney Paris,C. Paris,,,3  ,C,,true,false,true,false,
2006,260250201,201,oklahoma-sooners,OU,Oklahoma Sooners,,3814,s:40~l:54~a:3814,f156683781715a0d8cd075188ce2a1d8,Leah Rush,L. Rush,,,,NA,,true,false,true,false,
2006,260250201,201,oklahoma-sooners,OU,Oklahoma Sooners,,3816,s:40~l:54~a:3816,7211db13851817d2dc714706e30b0134,Brittney Brown,B. Brown,,,,NA,,true,false,true,false,
2006,260250201,201,oklahoma-sooners,OU,Oklahoma Sooners,,2443,s:40~l:54~a:2443,bd525a866958ae254c6b7a1c4e560b74,Chelsi Welch,C. Welch,,,,NA,,true,false,true,false,
2006,260250201,201,oklahoma-sooners,OU,Oklahoma Sooners,,2440,s:40~l:54~a:2440,e3bf68ab5f09df85beb125602605ce51,Erin Higgins,E. Higgins,,,,NA,,true,false,true,false,
2006,260260096,2633,tennessee-lady-volunteers,TENN,Tennessee Lady Volunteers,,4839,s:40~l:54~a:4839,eb2e5d775349b53cc2cd1cff1d06fe67,Nicky Anosike,N. Anosike,,,,NA,,true,false,true,false,
2006,260260096,2633,tennessee-lady-volunteers,TENN,Tennessee Lady Volunteers,,5145,s:40~l:54~a:5145,61b484e2521ea0b301d4e85c791af05c,Candace Parker,C. Parker,,,,NA,,true,false,true,false,
2006,260260096,2633,tennessee-lady-volunteers,TENN,Tennessee Lady Volunteers,,3707,s:40~l:54~a:3707,70c6703f052213c777a20dd7ff64b712,Sidney Spencer,S. Spencer,,,,NA,,true,false,true,false,
2006,260260096,2633,tennessee-lady-volunteers,TENN,Tennessee Lady Volunteers,,4840,s:40~l:54~a:4840,13ff2da95b8fccf88eff7098fb77f4e5,Alexis Hornbuckle,A. Hornbuckle,,,,NA,,true,false,true,false,
2006,260260096,2633,tennessee-lady-volunteers,TENN,Tennessee Lady Volunteers,,2633,s:40~l:54~a:2633,c2ee79eb6ce4e1f61b40f49f0404c074,Shanna Zolman,S. Zolman,,,,NA,,true,false,true,false,
2006,260260096,96,kentucky-wildcats,UK,Kentucky Wildcats,,5422,s:40~l:54~a:5422,9dad35207ed5439af9b4b39930c6a567,Eleia Roddy,E. Roddy,,,1  ,F,,true,false,true,false,
2006,260260096,96,kentucky-wildcats,UK,Kentucky Wildcats,,5423,s:40~l:54~a:5423,998c0aaf1a8b37dd1ab7b7848374bb71,Carly Ormerod,C. Ormerod,,,0  ,G,,true,false,true,false,
2006,260260096,96,kentucky-wildcats,UK,Kentucky Wildcats,,4882,s:40~l:54~a:4882,6fa9101c9aa30d4ecdd9ed885501cb7e,Chante Bowman,C. Bowman,,,,NA,,true,false,true,false,
2006,260260096,96,kentucky-wildcats,UK,Kentucky Wildcats,,2482,s:40~l:54~a:2482,414be5a82189b5700a42ef9453e3df1f,Jennifer Humphrey,J. Humphrey,,,,NA,,true,false,true,false,
2006,260260096,96,kentucky-wildcats,UK,Kentucky Wildcats,,3052,s:40~l:54~a:3052,9aeff872b9985fa59214cd14cba5bd1f,Nastassia Alcius,N. Alcius,,,,NA,,true,false,true,false,
2006,260262509,127,michigan-state-spartans,MSU,Michigan State Spartans,,5147,s:40~l:54~a:5147,6e58bf3bf450a7819ca55c6589545dde,Aisha Jefferson,A. Jefferson,,,22 ,F,,true,false,true,false,
2006,260262509,127,michigan-state-spartans,MSU,Michigan State Spartans,,4087,s:40~l:54~a:4087,24ae83fb999e83d62397aa50ef8f35d4,Rene Haynes,R. Haynes,,,,NA,,true,false,true,false,
2006,260262509,127,michigan-state-spartans,MSU,Michigan State Spartans,,3299,s:40~l:54~a:3299,a159c264237959ed9847622dd9d84765,Liz Shimek,L. Shimek,,,,NA,,true,false,true,false,
2006,260262509,127,michigan-state-spartans,MSU,Michigan State Spartans,,4965,s:40~l:54~a:4965,f36fe306e3ac1f875226d54c07876e01,Maggie Dwyer,M. Dwyer,,,,NA,,true,false,true,false,
2006,260262509,127,michigan-state-spartans,MSU,Michigan State Spartans,,3295,s:40~l:54~a:3295,10067a6e48be3f41d86fac21fdc8d093,Lindsay Bowen,L. Bowen,,,,NA,,true,false,true,false,
2006,260262509,2509,purdue-boilermakers,PUR,Purdue Boilermakers,,5278,s:40~l:54~a:5278,3b2bb529fa0fac3cc8909a682a95a6de,Lindsay Wisdomhylton,L. Wisdomhylton,,,,NA,,true,false,true,false,
2006,260262509,2509,purdue-boilermakers,PUR,Purdue Boilermakers,,3723,s:40~l:54~a:3723,c1387572be7fcdd5af8a477df5abaf94,Aya Traore,A. Traore,,,,NA,,true,false,true,false,
2006,260262509,2509,purdue-boilermakers,PUR,Purdue Boilermakers,,2468,s:40~l:54~a:2468,00a69fb6888c8a2589587f79913d53c0,Sharika Webb,S. Webb,,,,NA,,true,false,true,false,
2006,260262509,2509,purdue-boilermakers,PUR,Purdue Boilermakers,,3726,s:40~l:54~a:3726,e393049a5d36b85d573c18f7f6e414e7,Katie Gearlds,K. Gearlds,,,,NA,,true,false,true,false,
2006,260262509,2509,purdue-boilermakers,PUR,Purdue Boilermakers,,3724,s:40~l:54~a:3724,9c4848c80a777e86150539b6968d2fc2,Erin Lawless,E. Lawless,,,,NA,,true,false,true,false,
2006,260260103,258,virginia-cavaliers,UVA,Virginia Cavaliers,,3845,s:40~l:54~a:3845,9442a773e6873751f0917623bc308b49,Siedah Williams,S. Williams,,,,NA,,true,false,true,false,
2006,260260103,258,virginia-cavaliers,UVA,Virginia Cavaliers,,5393,s:40~l:54~a:5393,0c385d47b2d2b59b887054aa9a2b7155,Abby Robertson,A. Robertson,,,,NA,,true,false,true,false,
2006,260260103,258,virginia-cavaliers,UVA,Virginia Cavaliers,,2504,s:40~l:54~a:2504,28a72ae02b454104f6c896f361b53911,Tiffany Sardin,T. Sardin,,,,NA,,true,false,true,false,
2006,260260103,258,virginia-cavaliers,UVA,Virginia Cavaliers,,4924,s:40~l:54~a:4924,42354c655b04c1a74bfec03de67c4cfa,Sharnee Zoll,S. Zoll,,,,NA,,true,false,true,false,
2006,260260103,258,virginia-cavaliers,UVA,Virginia Cavaliers,,3846,s:40~l:54~a:3846,16264e0e7bd4f3fbeeb9cedfc0ba3e0f,Brenna McGuire,B. McGuire,,,,NA,,true,false,true,false,
2006,260260103,103,boston-college-eagles,BC,Boston College Eagles,,3761,s:40~l:54~a:3761,5d645fde10bd56f1e4864c6ccdee3da2,Kathrin Ress,K. Ress,,,,NA,,true,false,true,false,
2006,260260103,103,boston-college-eagles,BC,Boston College Eagles,,2490,s:40~l:54~a:2490,e58a3cc8f750dc4f18406890db088d35,Brooke Queenan,B. Queenan,,,,NA,,true,false,true,false,
2006,260260103,103,boston-college-eagles,BC,Boston College Eagles,,2489,s:40~l:54~a:2489,949331de18702b48610ccdffc79e9a5f,Aja Parham,A. Parham,,,,NA,,true,false,true,false,
2006,260260103,103,boston-college-eagles,BC,Boston College Eagles,,3763,s:40~l:54~a:3763,5486238895817dd7a5b4a01cf401ff4c,Sarah Marshall,S. Marshall,,,,NA,,true,false,true,false,
2006,260260103,103,boston-college-eagles,BC,Boston College Eagles,,3762,s:40~l:54~a:3762,c0bb33b56a8cd4876a301477331b33ae,Kindyll Dorsey,K. Dorsey,,,,NA,,true,false,true,false,
2006,260270026,24,stanford-cardinal,STAN,Stanford Cardinal,,3914,s:40~l:54~a:3914,99d7b78d61842789d6a85541e6296cf7,Brooke Smith,B. Smith,,,,NA,,true,false,true,false,
2006,260270026,24,stanford-cardinal,STAN,Stanford Cardinal,,3918,s:40~l:54~a:3918,cb1ca59b90fd08a9a05323857faeee28,Kristen Newlin,K. Newlin,,,,NA,,true,false,true,false,
2006,260270026,24,stanford-cardinal,STAN,Stanford Cardinal,,5212,s:40~l:54~a:5212,802c2a8507fdb10dc13e4cd5ac78191c,Rosalyn Goldonwude,R. Goldonwude,,,,NA,,true,false,true,false,
2006,260270026,24,stanford-cardinal,STAN,Stanford Cardinal,,4896,s:40~l:54~a:4896,6807e88b6640acf90ebceceba90d5ff5,Candice Wiggins,C. Wiggins,,,,NA,,true,false,true,false,
2006,260270026,24,stanford-cardinal,STAN,Stanford Cardinal,,2642,s:40~l:54~a:2642,d24a81ada8949ae6408c9c0e3e1e7332,Krista Rappahahn,K. Rappahahn,,,,NA,,true,false,true,false,
2006,260270026,26,ucla-bruins,UCLA,UCLA Bruins,,4897,s:40~l:54~a:4897,c65140ba6355155cec3a4cec4e6c77ca,Lindsey Pluimer,L. Pluimer,,,,NA,,true,false,true,false,
2006,260270026,26,ucla-bruins,UCLA,UCLA Bruins,,4102,s:40~l:54~a:4102,154c9df1816931e0ff3f374b2899226f,Amanda Livingston,A. Livingston,,,,NA,,true,false,true,false,
2006,260270026,26,ucla-bruins,UCLA,UCLA Bruins,,4101,s:40~l:54~a:4101,804453a093f87549d0587066637ee0b9,Noelle Quinn,N. Quinn,,,,NA,,true,false,true,false,
2006,260270026,26,ucla-bruins,UCLA,UCLA Bruins,,3159,s:40~l:54~a:3159,5a598c9488f78d0fcbff943e39b6fd8f,Nikki Blue,N. Blue,,,,NA,,true,false,true,false,
2006,260270026,26,ucla-bruins,UCLA,UCLA Bruins,,2397,s:40~l:54~a:2397,a538e48727307294d4007760fb665f1b,Lisa Willis,L. Willis,,,,NA,,true,false,true,false,
2006,260280305,41,uconn-huskies,CONN,UConn Huskies,,2637,s:40~l:54~a:2637,131163c0c1e979b8607484d92145c5e3,Ann Strother,A. Strother,,,,NA,,true,false,true,false,
2006,260280305,41,uconn-huskies,CONN,UConn Huskies,,2409,s:40~l:54~a:2409,3166c5ecd189f3f8d53632fe2f90913a,Barbara Turner,B. Turner,,,,NA,,true,false,true,false,
2006,260280305,41,uconn-huskies,CONN,UConn Huskies,,5104,s:40~l:54~a:5104,f122be3557ced75550d02221af209121,Renee Montgomery,R. Montgomery,,,,NA,,true,false,true,false,
2006,260280305,41,uconn-huskies,CONN,UConn Huskies,,4827,s:40~l:54~a:4827,a60aeada6ce540be068e6ad92b3b9bc0,Mel Thomas,M. Thomas,,,,NA,,true,false,true,false,
2006,260280305,41,uconn-huskies,CONN,UConn Huskies,,2410,s:40~l:54~a:2410,56efb2414f093ff317ca52a41a8e8b7f,Nicole Wolff,N. Wolff,,,,NA,,true,false,true,false,
2006,260280305,305,depaul-blue-demons,DEP,DePaul Blue Demons,,1159,s:40~l:54~a:1159,11498603523243219adf6a937b77900c,Rachael Carney,R. Carney,,,,NA,,true,false,true,false,
2006,260280305,305,depaul-blue-demons,DEP,DePaul Blue Demons,,415,s:40~l:54~a:415,aaaa2dcd83fe04b0e0e40cd0d502a6d6,Khara Smith,K. Smith,,,,NA,,true,false,true,false,
2006,260280305,305,depaul-blue-demons,DEP,DePaul Blue Demons,,4859,s:40~l:54~a:4859,8ccf9f61389ad1b5e837d73da998e9cb,Allie Quigley,A. Quigley,,,,NA,,true,false,true,false,
2006,260280305,305,depaul-blue-demons,DEP,DePaul Blue Demons,,4561,s:40~l:54~a:4561,6ebbbc3f36e376a65adaf5b2cd19682f,Jenna Rubino,J. Rubino,,,,NA,,true,false,true,false,
2006,260280305,305,depaul-blue-demons,DEP,DePaul Blue Demons,,417,s:40~l:54~a:417,00eb53aabfa29c5bce28e5d2eb8d5cd6,Claudette Towers,C. Towers,,,,NA,,true,false,true,false,
2006,260292633,333,alabama-crimson-tide,ALA,Alabama Crimson Tide,,3373,s:40~l:54~a:3373,32f69d7694b2a8b2ce76d195eec910cd,Dee Merriweather,D. Merriweather,,,,NA,,true,false,true,false,
2006,260292633,333,alabama-crimson-tide,ALA,Alabama Crimson Tide,,5435,s:40~l:54~a:5435,6124decdae552df4a00b7a158f9b3468,Harriet Barnes,H. Barnes,,,,NA,,true,false,true,false,
2006,260292633,333,alabama-crimson-tide,ALA,Alabama Crimson Tide,,3861,s:40~l:54~a:3861,4e05eb7e4d31ce85a25a8a4f6a17aa2b,Navonda Moore,N. Moore,,,,NA,,true,false,true,false,
2006,260292633,333,alabama-crimson-tide,ALA,Alabama Crimson Tide,,3863,s:40~l:54~a:3863,f1484a194b42f21d23d34dff1c1d0856,Marverly Nettles,M. Nettles,,,,NA,,true,false,true,false,
2006,260292633,333,alabama-crimson-tide,ALA,Alabama Crimson Tide,,3370,s:40~l:54~a:3370,4a73eff30ecaca6041ee7d76e3ed5df6,Leah Drury,L. Drury,,,,NA,,true,false,true,false,
2006,260292633,2633,tennessee-lady-volunteers,TENN,Tennessee Lady Volunteers,,2632,s:40~l:54~a:2632,d54dd215e222e4239903f408b6257423,Tyesha Fluker,T. Fluker,,,,NA,,true,false,true,false,
2006,260292633,2633,tennessee-lady-volunteers,TENN,Tennessee Lady Volunteers,,5145,s:40~l:54~a:5145,61b484e2521ea0b301d4e85c791af05c,Candace Parker,C. Parker,,,,NA,,true,false,true,false,
2006,260292633,2633,tennessee-lady-volunteers,TENN,Tennessee Lady Volunteers,,4839,s:40~l:54~a:4839,eb2e5d775349b53cc2cd1cff1d06fe67,Nicky Anosike,N. Anosike,,,,NA,,true,false,true,false,
2006,260292633,2633,tennessee-lady-volunteers,TENN,Tennessee Lady Volunteers,,4840,s:40~l:54~a:4840,13ff2da95b8fccf88eff7098fb77f4e5,Alexis Hornbuckle,A. Hornbuckle,,,,NA,,true,false,true,false,
2006,260292633,2633,tennessee-lady-volunteers,TENN,Tennessee Lady Volunteers,,2633,s:40~l:54~a:2633,c2ee79eb6ce4e1f61b40f49f0404c074,Shanna Zolman,S. Zolman,,,,NA,,true,false,true,false,
2006,260290150,153,north-carolina-tar-heels,UNC,North Carolina Tar Heels,,4820,s:40~l:54~a:4820,0de0ab274d44bdd6a591d5ef9dfbcb07,Erlana Larkins,E. Larkins,,,,NA,,true,false,true,false,
2006,260290150,153,north-carolina-tar-heels,UNC,North Carolina Tar Heels,,2647,s:40~l:54~a:2647,78fba069babc60e597c4b87df0c6edee,La'Tangela Atkinson,L. Atkinson,,,,NA,,true,false,true,false,
2006,260290150,153,north-carolina-tar-heels,UNC,North Carolina Tar Heels,,3755,s:40~l:54~a:3755,dfe2d840ee1f027b9d928e7dcd35a0cd,Ivory Latta,I. Latta,,,,NA,,true,false,true,false,
2006,260290150,153,north-carolina-tar-heels,UNC,North Carolina Tar Heels,,3754,s:40~l:54~a:3754,8ba41f63ad491766dd837fe6ccb34b98,Camille Little,C. Little,,,,NA,,true,false,true,false,
2006,260290150,153,north-carolina-tar-heels,UNC,North Carolina Tar Heels,,2648,s:40~l:54~a:2648,9078e72bb6a32f576c7dc680854bb426,Jessica Sell,J. Sell,,,,NA,,true,false,true,false,
2006,260290150,150,duke-blue-devils,DUKE,Duke Blue Devils,,2475,s:40~l:54~a:2475,34971f2dbdb57e31e6939fa80c4422c8,Mistie McCray Bass,M. Bass,,,,NA,,true,false,true,false,
2006,260290150,150,duke-blue-devils,DUKE,Duke Blue Devils,,438,s:40~l:54~a:438,c7e26c3620f06c9196f3fe534452d4f6,Monique Currie,M. Currie,,,,NA,,true,false,true,false,
2006,260290150,150,duke-blue-devils,DUKE,Duke Blue Devils,,4821,s:40~l:54~a:4821,353496a972ebb4d22674a0151af7c911,Chante Black,C. Black,,,,NA,,true,false,true,false,
2006,260290150,150,duke-blue-devils,DUKE,Duke Blue Devils,,4819,s:40~l:54~a:4819,d0c9e7e583ec078c3c2f19b1a3393528,Wanisha Smith,W. Smith,,,,NA,,true,false,true,false,
2006,260290150,150,duke-blue-devils,DUKE,Duke Blue Devils,,2476,s:40~l:54~a:2476,d989779bd41ba5bafcd1cfa2a21021e0,Lindsey Harding,L. Harding,,,,NA,,true,false,true,false,
2006,260290030,24,stanford-cardinal,STAN,Stanford Cardinal,,3914,s:40~l:54~a:3914,99d7b78d61842789d6a85541e6296cf7,Brooke Smith,B. Smith,,,,NA,,true,false,true,false,
2006,260290030,24,stanford-cardinal,STAN,Stanford Cardinal,,3918,s:40~l:54~a:3918,cb1ca59b90fd08a9a05323857faeee28,Kristen Newlin,K. Newlin,,,,NA,,true,false,true,false,
2006,260290030,24,stanford-cardinal,STAN,Stanford Cardinal,,5212,s:40~l:54~a:5212,802c2a8507fdb10dc13e4cd5ac78191c,Rosalyn Goldonwude,R. Goldonwude,,,,NA,,true,false,true,false,
2006,260290030,24,stanford-cardinal,STAN,Stanford Cardinal,,4896,s:40~l:54~a:4896,6807e88b6640acf90ebceceba90d5ff5,Candice Wiggins,C. Wiggins,,,,NA,,true,false,true,false,
2006,260290030,24,stanford-cardinal,STAN,Stanford Cardinal,,2642,s:40~l:54~a:2642,d24a81ada8949ae6408c9c0e3e1e7332,Krista Rappahahn,K. Rappahahn,,,,NA,,true,false,true,false,
2006,260290030,30,usc-trojans,USC,USC Trojans,,4933,s:40~l:54~a:4933,e1b4b32b7ea3d731c938113704c1175c,Camille LeNoir,C. LeNoir,,,,G,,true,false,true,false,
2006,260290030,30,usc-trojans,USC,USC Trojans,,3834,s:40~l:54~a:3834,63d8109c9c9f588ec3a2d6d39ecbbb60,Chloe Kerr,C. Kerr,,,,NA,,true,false,true,false,
2006,260290030,30,usc-trojans,USC,USC Trojans,,3837,s:40~l:54~a:3837,e8c60710327b8a86e706b5fb5204af85,Allison Jaskowiak,A. Jaskowiak,,,,NA,,true,false,true,false,
2006,260290030,30,usc-trojans,USC,USC Trojans,,3839,s:40~l:54~a:3839,f927d05a239f44f691d243cf5b1aa93e,Eshaya Murphy,E. Murphy,,,,NA,,true,false,true,false,
2006,260290030,30,usc-trojans,USC,USC Trojans,,2701,s:40~l:54~a:2701,073b4deccbc9fe15c99ccbf2467c7fae,Meghan Gnekow,M. Gnekow,,,,NA,,true,false,true,false,
2006,260300152,103,boston-college-eagles,BC,Boston College Eagles,,3761,s:40~l:54~a:3761,5d645fde10bd56f1e4864c6ccdee3da2,Kathrin Ress,K. Ress,,,,NA,,true,false,true,false,
2006,260300152,103,boston-college-eagles,BC,Boston College Eagles,,3763,s:40~l:54~a:3763,5486238895817dd7a5b4a01cf401ff4c,Sarah Marshall,S. Marshall,,,,NA,,true,false,true,false,
2006,260300152,103,boston-college-eagles,BC,Boston College Eagles,,3762,s:40~l:54~a:3762,c0bb33b56a8cd4876a301477331b33ae,Kindyll Dorsey,K. Dorsey,,,,NA,,true,false,true,false,
2006,260300152,103,boston-college-eagles,BC,Boston College Eagles,,2490,s:40~l:54~a:2490,e58a3cc8f750dc4f18406890db088d35,Brooke Queenan,B. Queenan,,,,NA,,true,false,true,false,
2006,260300152,103,boston-college-eagles,BC,Boston College Eagles,,2489,s:40~l:54~a:2489,949331de18702b48610ccdffc79e9a5f,Aja Parham,A. Parham,,,,NA,,true,false,true,false,
2006,260300152,152,nc-state-wolfpack,NCST,NC State Wolfpack,,2818,s:40~l:54~a:2818,c0e8fdcd15f451c37f9707fb00cc823f,Billie McDowell,B. McDowell,,,,NA,,true,false,true,false,
2006,260300152,152,nc-state-wolfpack,NCST,NC State Wolfpack,,4906,s:40~l:54~a:4906,ca614d7abc3e3e24233d7459ee34d084,Khadijah Whittington,K. Whittington,,,,NA,,true,false,true,false,
2006,260300152,152,nc-state-wolfpack,NCST,NC State Wolfpack,,2819,s:40~l:54~a:2819,53a73c49fe6115db1185fbebdb4d8f61,Monica Pope,M. Pope,,,,NA,,true,false,true,false,
2006,260300152,152,nc-state-wolfpack,NCST,NC State Wolfpack,,4905,s:40~l:54~a:4905,6299100de8a1a9ccc750085c62e2bf99,Tiffany Stansbury,T. Stansbury,,,,NA,,true,false,true,false,
2006,260300152,152,nc-state-wolfpack,NCST,NC State Wolfpack,,4023,s:40~l:54~a:4023,2b71963df1810bdc9113f48a48628dd0,Ashley Key,A. Key,,,,NA,,true,false,true,false,
2006,260310097,41,uconn-huskies,CONN,UConn Huskies,,2637,s:40~l:54~a:2637,131163c0c1e979b8607484d92145c5e3,Ann Strother,A. Strother,,,,NA,,true,false,true,false,
2006,260310097,41,uconn-huskies,CONN,UConn Huskies,,2409,s:40~l:54~a:2409,3166c5ecd189f3f8d53632fe2f90913a,Barbara Turner,B. Turner,,,,NA,,true,false,true,false,
2006,260310097,41,uconn-huskies,CONN,UConn Huskies,,5104,s:40~l:54~a:5104,f122be3557ced75550d02221af209121,Renee Montgomery,R. Montgomery,,,,NA,,true,false,true,false,
2006,260310097,41,uconn-huskies,CONN,UConn Huskies,,4827,s:40~l:54~a:4827,a60aeada6ce540be068e6ad92b3b9bc0,Mel Thomas,M. Thomas,,,,NA,,true,false,true,false,
2006,260310097,41,uconn-huskies,CONN,UConn Huskies,,2410,s:40~l:54~a:2410,56efb2414f093ff317ca52a41a8e8b7f,Nicole Wolff,N. Wolff,,,,NA,,true,false,true,false,
2006,260310097,97,louisville-cardinals,LOU,Louisville Cardinals,,4716,s:40~l:54~a:4716,3432e3bf571e55cc8a80ae3d4b4b1672,Jazz Covington,J. Covington,,,,NA,,true,false,true,false,
2006,260310097,97,louisville-cardinals,LOU,Louisville Cardinals,,4055,s:40~l:54~a:4055,ea61f328b204194e8360d9428a7bad3a,Missy Taylor,M. Taylor,,,,NA,,true,false,true,false,
2006,260310097,97,louisville-cardinals,LOU,Louisville Cardinals,,4718,s:40~l:54~a:4718,0228f92be4f706130444e65cc9549efd,Katie Olson,K. Olson,,,,NA,,true,false,true,false,
2006,260310097,97,louisville-cardinals,LOU,Louisville Cardinals,,3545,s:40~l:54~a:3545,c930269ac2e8d80db614c637e3dbae43,Jessica Huggins,J. Huggins,,,,NA,,true,false,true,false,
2006,260310097,97,louisville-cardinals,LOU,Louisville Cardinals,,2393,s:40~l:54~a:2393,972de6f13722a49c909b2976f752bd0f,Connie Neal,C. Neal,,,,NA,,true,false,true,false,
2006,260330252,167,new-mexico-lobos,UNM,New Mexico Lobos,,2399,s:40~l:54~a:2399,3a222d9d73f3eddf4c1a85ce36eab26a,Jana Francis,J. Francis,,,,NA,,true,true,true,false,
2006,260330252,167,new-mexico-lobos,UNM,New Mexico Lobos,,4868,s:40~l:54~a:4868,34cbaed7f8d137f8bf47dd477edcd24b,Dionne Marsh,D. Marsh,,,,NA,,true,true,true,false,
2006,260330252,167,new-mexico-lobos,UNM,New Mexico Lobos,,5049,s:40~l:54~a:5049,0bd4a6c11dafad159e40e7f149a62fe7,Brandi Kimble,B. Kimble,,,,NA,,true,true,true,false,
2006,260330252,167,new-mexico-lobos,UNM,New Mexico Lobos,,3789,s:40~l:54~a:3789,de98591ed6aa9ebd243d832c63df88fc,Katie Montgomery,K. Montgomery,,,,NA,,true,true,true,false,
2006,260330252,167,new-mexico-lobos,UNM,New Mexico Lobos,,2398,s:40~l:54~a:2398,7efb0fb43ebe1cd69a3f3dadbff873ce,Abbie Letz,A. Letz,,,,NA,,true,true,true,false,
2006,260330252,252,byu-cougars,BYU,BYU Cougars,,5326,s:40~l:54~a:5326,ddb5300a7269b123a39a0b0c0929b20d,Danielle Kubik,D. Kubik,,,,NA,,true,true,true,false,
2006,260330252,252,byu-cougars,BYU,BYU Cougars,,4215,s:40~l:54~a:4215,9b23c606558283949588a291fdfc89c9,Melinda Johnson,M. Johnson,,,,NA,,true,true,true,false,
2006,260330252,252,byu-cougars,BYU,BYU Cougars,,2724,s:40~l:54~a:2724,693adabbe299b2596b0fb8752e1ce793,Ambrosia Anderson,A. Anderson,,,,NA,,true,true,true,false,
2006,260330252,252,byu-cougars,BYU,BYU Cougars,,5328,s:40~l:54~a:5328,2f5c59d72f9b9d6148895678c0b1e8c6,Jennie Keele,J. Keele,,,,NA,,true,true,true,false,
2006,260330252,252,byu-cougars,BYU,BYU Cougars,,5327,s:40~l:54~a:5327,7263c9bb2848ab86afe8bb3711a17104,Mallary Gillespie,M. Gillespie,,,,NA,,true,true,true,false,
2006,260362633,8,arkansas-razorbacks,ARK,Arkansas Razorbacks,,2651,s:40~l:54~a:2651,28b398439766b8979b331a81c8bdc4e0,Kristin Moore,K. Moore,,,,NA,,true,false,true,false,
2006,260362633,8,arkansas-razorbacks,ARK,Arkansas Razorbacks,,2406,s:40~l:54~a:2406,5984904a59def644372b542294b9ace4,Melissa Hobbs,M. Hobbs,,,,NA,,true,false,true,false,
2006,260362633,8,arkansas-razorbacks,ARK,Arkansas Razorbacks,,5444,s:40~l:54~a:5444,b87bdd3d6e93d35a8c81669b9aa081af,Leslie Howard,L. Howard,,,,NA,,true,false,true,false,
2006,260362633,8,arkansas-razorbacks,ARK,Arkansas Razorbacks,,4909,s:40~l:54~a:4909,02f2844958c23d3d57b65a514d03c579,Brittney Vaughn,B. Vaughn,,,,NA,,true,false,true,false,
2006,260362633,8,arkansas-razorbacks,ARK,Arkansas Razorbacks,,2654,s:40~l:54~a:2654,eb68f0d0e08fc5b64c9a9fe47aaa5862,Rochelle Vaughn,R. Vaughn,,,,NA,,true,false,true,false,
2006,260362633,2633,tennessee-lady-volunteers,TENN,Tennessee Lady Volunteers,,2632,s:40~l:54~a:2632,d54dd215e222e4239903f408b6257423,Tyesha Fluker,T. Fluker,,,,NA,,true,false,true,false,
2006,260362633,2633,tennessee-lady-volunteers,TENN,Tennessee Lady Volunteers,,5145,s:40~l:54~a:5145,61b484e2521ea0b301d4e85c791af05c,Candace Parker,C. Parker,,,,NA,,true,false,true,false,
2006,260362633,2633,tennessee-lady-volunteers,TENN,Tennessee Lady Volunteers,,3707,s:40~l:54~a:3707,70c6703f052213c777a20dd7ff64b712,Sidney Spencer,S. Spencer,,,,NA,,true,false,true,false,
2006,260362633,2633,tennessee-lady-volunteers,TENN,Tennessee Lady Volunteers,,4840,s:40~l:54~a:4840,13ff2da95b8fccf88eff7098fb77f4e5,Alexis Hornbuckle,A. Hornbuckle,,,,NA,,true,false,true,false,
2006,260362633,2633,tennessee-lady-volunteers,TENN,Tennessee Lady Volunteers,,2633,s:40~l:54~a:2633,c2ee79eb6ce4e1f61b40f49f0404c074,Shanna Zolman,S. Zolman,,,,NA,,true,false,true,false,
2006,260360213,2509,purdue-boilermakers,PUR,Purdue Boilermakers,,5278,s:40~l:54~a:5278,3b2bb529fa0fac3cc8909a682a95a6de,Lindsay Wisdomhylton,L. Wisdomhylton,,,,NA,,true,false,true,false,
2006,260360213,2509,purdue-boilermakers,PUR,Purdue Boilermakers,,3724,s:40~l:54~a:3724,9c4848c80a777e86150539b6968d2fc2,Erin Lawless,E. Lawless,,,,NA,,true,false,true,false,
2006,260360213,2509,purdue-boilermakers,PUR,Purdue Boilermakers,,3723,s:40~l:54~a:3723,c1387572be7fcdd5af8a477df5abaf94,Aya Traore,A. Traore,,,,NA,,true,false,true,false,
2006,260360213,2509,purdue-boilermakers,PUR,Purdue Boilermakers,,3726,s:40~l:54~a:3726,e393049a5d36b85d573c18f7f6e414e7,Katie Gearlds,K. Gearlds,,,,NA,,true,false,true,false,
2006,260360213,2509,purdue-boilermakers,PUR,Purdue Boilermakers,,2468,s:40~l:54~a:2468,00a69fb6888c8a2589587f79913d53c0,Sharika Webb,S. Webb,,,,NA,,true,false,true,false,
2006,260360213,213,penn-state-lady-lions,PSU,Penn State Lady Lions,,5441,s:40~l:54~a:5441,83124cc301a2db7b5bbffb5f1b17b603,Brianne O'Rourke,B. O'Rourke,,,,G,,true,false,true,false,
2006,260360213,213,penn-state-lady-lions,PSU,Penn State Lady Lions,,5440,s:40~l:54~a:5440,48390b81fca2a1d32a906312765d9b63,Charity Renfro,C. Renfro,,,,NA,,true,false,true,false,
2006,260360213,213,penn-state-lady-lions,PSU,Penn State Lady Lions,,3748,s:40~l:54~a:3748,047ad9d47adad2ddb828a059d22e61cc,Amanda Brown,A. Brown,,,,NA,,true,false,true,false,
2006,260360213,213,penn-state-lady-lions,PSU,Penn State Lady Lions,,4830,s:40~l:54~a:4830,b7988f215a735da6d2b0b866629a0a53,Adrienne Squire,A. Squire,,,,NA,,true,false,true,false,
2006,260360213,213,penn-state-lady-lions,PSU,Penn State Lady Lions,,4025,s:40~l:54~a:4025,db740dfe70f9a9219461f71ecd5c1f33,Kamela Gissendanner,K. Gissendanner,,,,NA,,true,false,true,false,
2006,260370259,150,duke-blue-devils,DUKE,Duke Blue Devils,,4821,s:40~l:54~a:4821,353496a972ebb4d22674a0151af7c911,Chante Black,C. Black,,,,NA,,true,false,true,false,
2006,260370259,150,duke-blue-devils,DUKE,Duke Blue Devils,,2475,s:40~l:54~a:2475,34971f2dbdb57e31e6939fa80c4422c8,Mistie McCray Bass,M. Bass,,,,NA,,true,false,true,false,
2006,260370259,150,duke-blue-devils,DUKE,Duke Blue Devils,,438,s:40~l:54~a:438,c7e26c3620f06c9196f3fe534452d4f6,Monique Currie,M. Currie,,,,NA,,true,false,true,false,
2006,260370259,150,duke-blue-devils,DUKE,Duke Blue Devils,,4819,s:40~l:54~a:4819,d0c9e7e583ec078c3c2f19b1a3393528,Wanisha Smith,W. Smith,,,,NA,,true,false,true,false,
2006,260370259,150,duke-blue-devils,DUKE,Duke Blue Devils,,2476,s:40~l:54~a:2476,d989779bd41ba5bafcd1cfa2a21021e0,Lindsey Harding,L. Harding,,,,NA,,true,false,true,false,
2006,260370259,259,virginia-tech-hokies,VT,Virginia Tech Hokies,,5399,s:40~l:54~a:5399,267154707c52ef07edf86526740859f0,Amber Hall,A. Hall,,,31 ,C,,true,false,true,false,
2006,260370259,259,virginia-tech-hokies,VT,Virginia Tech Hokies,,5396,s:40~l:54~a:5396,66bbc9c7e77d74b19e213c93adcaef4f,Laura Haskins,L. Haskins,,,22 ,G,,true,false,true,false,
2006,260370259,259,virginia-tech-hokies,VT,Virginia Tech Hokies,,2774,s:40~l:54~a:2774,b18e0524ba9d2cc0e09781198450afbe,Megan Finnerty,M. Finnerty,,,,NA,,true,false,true,false,
2006,260370259,259,virginia-tech-hokies,VT,Virginia Tech Hokies,,2778,s:40~l:54~a:2778,9c6d7e00073c2dd7472d136b3b7be826,Carrie Mason,C. Mason,,,,NA,,true,false,true,false,
2006,260370259,259,virginia-tech-hokies,VT,Virginia Tech Hokies,,2773,s:40~l:54~a:2773,79a9e88ee77ba2976a0dc6d91b86d9d7,Dawn Chriss,D. Chriss,,,,NA,,true,false,true,false,
2006,260380041,164,rutgers-scarlet-knights,RUTG,Rutgers Scarlet Knights,,2400,s:40~l:54~a:2400,df7bd1b14c0efa91d7c658215d14c831,Michelle Campbell,M. Campbell,,,,NA,,true,false,true,false,
2006,260380041,164,rutgers-scarlet-knights,RUTG,Rutgers Scarlet Knights,,1697,s:40~l:54~a:1697,93667f99ba0590379d607e62ed0dfa59,Mariota Theodoris,M. Theodoris,,,,NA,,true,false,true,false,
2006,260380041,164,rutgers-scarlet-knights,RUTG,Rutgers Scarlet Knights,,4816,s:40~l:54~a:4816,e32515ecd622f27d9b0367d9b3f2a809,Matee Ajavon,M. Ajavon,,,,NA,,true,false,true,false,
2006,260380041,164,rutgers-scarlet-knights,RUTG,Rutgers Scarlet Knights,,4814,s:40~l:54~a:4814,d01e22db859a44a2b9b9460b8d49077b,Essence Carson,E. Carson,,,,NA,,true,false,true,false,
2006,260380041,164,rutgers-scarlet-knights,RUTG,Rutgers Scarlet Knights,,1695,s:40~l:54~a:1695,dab9f7ecbe8bcdb0d1f4c6e334e84a0a,Cappie Pondexter,C. Pondexter,,,,NA,,true,false,true,false,
2006,260380041,41,uconn-huskies,CONN,UConn Huskies,,2637,s:40~l:54~a:2637,131163c0c1e979b8607484d92145c5e3,Ann Strother,A. Strother,,,,NA,,true,false,true,false,
2006,260380041,41,uconn-huskies,CONN,UConn Huskies,,2409,s:40~l:54~a:2409,3166c5ecd189f3f8d53632fe2f90913a,Barbara Turner,B. Turner,,,,NA,,true,false,true,false,
2006,260380041,41,uconn-huskies,CONN,UConn Huskies,,4850,s:40~l:54~a:4850,cacd92c76a0acc946abaa5c0c7a88e63,Ketia Swanier,K. Swanier,,,,NA,,true,false,true,false,
2006,260380041,41,uconn-huskies,CONN,UConn Huskies,,4827,s:40~l:54~a:4827,a60aeada6ce540be068e6ad92b3b9bc0,Mel Thomas,M. Thomas,,,,NA,,true,false,true,false,
2006,260380041,41,uconn-huskies,CONN,UConn Huskies,,2410,s:40~l:54~a:2410,56efb2414f093ff317ca52a41a8e8b7f,Nicole Wolff,N. Wolff,,,,NA,,true,true,true,false,
2006,260402633,99,lsu-tigers,LSU,LSU Tigers,,4834,s:40~l:54~a:4834,08e807cc398fe0f761ad0d448bfeb280,Sylvia Fowles,S. Fowles,,,,NA,,true,false,true,false,
2006,260402633,99,lsu-tigers,LSU,LSU Tigers,,5097,s:40~l:54~a:5097,50323e53b18c89f62e93b2404ae49315,Ashley Thomas,A. Thomas,,,,NA,,true,false,true,false,
2006,260402633,99,lsu-tigers,LSU,LSU Tigers,,4855,s:40~l:54~a:4855,830d3381141bb83c5adaee8b2b5d561a,Erica White,E. White,,,,NA,,true,false,true,false,
2006,260402633,99,lsu-tigers,LSU,LSU Tigers,,3715,s:40~l:54~a:3715,e6a46d07dfc2f2055ba24fc51716a427,Scholanda Hoston,S. Hoston,,,,NA,,true,false,true,false,
2006,260402633,99,lsu-tigers,LSU,LSU Tigers,,2635,s:40~l:54~a:2635,3a7f24f2f739ca385df1c548e6def432,Seimone Augustus,S. Augustus,,,,NA,,true,false,true,false,
2006,260402633,2633,tennessee-lady-volunteers,TENN,Tennessee Lady Volunteers,,4839,s:40~l:54~a:4839,eb2e5d775349b53cc2cd1cff1d06fe67,Nicky Anosike,N. Anosike,,,,NA,,true,false,true,false,
2006,260402633,2633,tennessee-lady-volunteers,TENN,Tennessee Lady Volunteers,,5145,s:40~l:54~a:5145,61b484e2521ea0b301d4e85c791af05c,Candace Parker,C. Parker,,,,NA,,true,false,true,false,
2006,260402633,2633,tennessee-lady-volunteers,TENN,Tennessee Lady Volunteers,,3707,s:40~l:54~a:3707,70c6703f052213c777a20dd7ff64b712,Sidney Spencer,S. Spencer,,,,NA,,true,false,true,false,
2006,260402633,2633,tennessee-lady-volunteers,TENN,Tennessee Lady Volunteers,,4840,s:40~l:54~a:4840,13ff2da95b8fccf88eff7098fb77f4e5,Alexis Hornbuckle,A. Hornbuckle,,,,NA,,true,false,true,false,
2006,260402633,2633,tennessee-lady-volunteers,TENN,Tennessee Lady Volunteers,,2633,s:40~l:54~a:2633,c2ee79eb6ce4e1f61b40f49f0404c074,Shanna Zolman,S. Zolman,,,,NA,,true,false,true,false,
2006,260400127,135,minnesota-golden-gophers,MINN,Minnesota Golden Gophers,,3750,s:40~l:54~a:3750,6d0bf6b9573d0da44dd26c9d7f30af75,Liz Podominick,L. Podominick,,,,NA,,true,false,true,false,
2006,260400127,135,minnesota-golden-gophers,MINN,Minnesota Golden Gophers,,3751,s:40~l:54~a:3751,144aeb5e430d8e894d9b9e008fe31657,Jaime Broback,J. Broback,,,,NA,,true,false,true,false,
2006,260400127,135,minnesota-golden-gophers,MINN,Minnesota Golden Gophers,,2656,s:40~l:54~a:2656,c554c85841bc8ee7aa542ce388bf3f9c,Shannon Bolden,S. Bolden,,,,NA,,true,false,true,false,
2006,260400127,135,minnesota-golden-gophers,MINN,Minnesota Golden Gophers,,2655,s:40~l:54~a:2655,0aa092835f3627b3cdc40a286d4d46e8,Shannon Schonrock,S. Schonrock,,,,NA,,true,false,true,false,
2006,260400127,135,minnesota-golden-gophers,MINN,Minnesota Golden Gophers,,888,s:40~l:54~a:888,c179eec54d49961939fafcfcbe03cfcf,April Calhoun,A. Calhoun,,,,NA,,true,false,true,false,
2006,260400127,127,michigan-state-spartans,MSU,Michigan State Spartans,,5147,s:40~l:54~a:5147,6e58bf3bf450a7819ca55c6589545dde,Aisha Jefferson,A. Jefferson,,,22 ,F,,true,false,true,false,
2006,260400127,127,michigan-state-spartans,MSU,Michigan State Spartans,,3299,s:40~l:54~a:3299,a159c264237959ed9847622dd9d84765,Liz Shimek,L. Shimek,,,,NA,,true,false,true,false,
2006,260400127,127,michigan-state-spartans,MSU,Michigan State Spartans,,3295,s:40~l:54~a:3295,10067a6e48be3f41d86fac21fdc8d093,Lindsay Bowen,L. Bowen,,,,NA,,true,false,true,false,
2006,260400127,127,michigan-state-spartans,MSU,Michigan State Spartans,,4087,s:40~l:54~a:4087,24ae83fb999e83d62397aa50ef8f35d4,Rene Haynes,R. Haynes,,,,NA,,true,false,true,false,
2006,260400127,127,michigan-state-spartans,MSU,Michigan State Spartans,,4086,s:40~l:54~a:4086,13b8bb5a81dd1e8cbd8cebcef9ff82ee,Victoria Lucas-Perry,V. Lucas-Perry,,,,NA,,true,false,true,false,
2006,260410150,258,virginia-cavaliers,UVA,Virginia Cavaliers,,3845,s:40~l:54~a:3845,9442a773e6873751f0917623bc308b49,Siedah Williams,S. Williams,,,,NA,,true,false,true,false,
2006,260410150,258,virginia-cavaliers,UVA,Virginia Cavaliers,,2504,s:40~l:54~a:2504,28a72ae02b454104f6c896f361b53911,Tiffany Sardin,T. Sardin,,,,NA,,true,false,true,false,
2006,260410150,258,virginia-cavaliers,UVA,Virginia Cavaliers,,4926,s:40~l:54~a:4926,f28fecdce45270d437c47b8a71340bf4,Takisha Granberry,T. Granberry,,,,NA,,true,false,true,false,
2006,260410150,258,virginia-cavaliers,UVA,Virginia Cavaliers,,4924,s:40~l:54~a:4924,42354c655b04c1a74bfec03de67c4cfa,Sharnee Zoll,S. Zoll,,,,NA,,true,false,true,false,
2006,260410150,258,virginia-cavaliers,UVA,Virginia Cavaliers,,3846,s:40~l:54~a:3846,16264e0e7bd4f3fbeeb9cedfc0ba3e0f,Brenna McGuire,B. McGuire,,,,NA,,true,false,true,false,
2006,260410150,150,duke-blue-devils,DUKE,Duke Blue Devils,,4821,s:40~l:54~a:4821,353496a972ebb4d22674a0151af7c911,Chante Black,C. Black,,,,NA,,true,false,true,false,
2006,260410150,150,duke-blue-devils,DUKE,Duke Blue Devils,,2475,s:40~l:54~a:2475,34971f2dbdb57e31e6939fa80c4422c8,Mistie McCray Bass,M. Bass,,,,NA,,true,false,true,false,
2006,260410150,150,duke-blue-devils,DUKE,Duke Blue Devils,,4819,s:40~l:54~a:4819,d0c9e7e583ec078c3c2f19b1a3393528,Wanisha Smith,W. Smith,,,,NA,,true,false,true,false,
2006,260410150,150,duke-blue-devils,DUKE,Duke Blue Devils,,2476,s:40~l:54~a:2476,d989779bd41ba5bafcd1cfa2a21021e0,Lindsey Harding,L. Harding,,,,NA,,true,false,true,false,
2006,260410150,150,duke-blue-devils,DUKE,Duke Blue Devils,,438,s:40~l:54~a:438,c7e26c3620f06c9196f3fe534452d4f6,Monique Currie,M. Currie,,,,NA,,true,false,true,false,
2006,260410130,194,ohio-state-buckeyes,OSU,Ohio State Buckeyes,,3831,s:40~l:54~a:3831,d7d474a42d3ed0200925eaf98d64417d,Jessica Davenport,J. Davenport,,,,NA,,true,false,true,false,
2006,260410130,194,ohio-state-buckeyes,OSU,Ohio State Buckeyes,,1493,s:40~l:54~a:1493,4046c1dfdbd76f3b66c26e5d9340885a,Ashley Allen,A. Allen,,,,NA,,true,false,true,false,
2006,260410130,194,ohio-state-buckeyes,OSU,Ohio State Buckeyes,,273,s:40~l:54~a:273,45121a17d956c514acaaaccb55a64980,Debbie Merrill,D. Merrill,,,,NA,,true,false,true,false,
2006,260410130,194,ohio-state-buckeyes,OSU,Ohio State Buckeyes,,4901,s:40~l:54~a:4901,a34dc975a399d5f36c8b8607a7ace096,Marscilla Packer,M. Packer,,,,NA,,true,false,true,false,
2006,260410130,194,ohio-state-buckeyes,OSU,Ohio State Buckeyes,,3833,s:40~l:54~a:3833,dc2ef3677a22bd7cc11af6c11b005875,Brandie Hoskins,B. Hoskins,,,,NA,,true,false,true,false,
2006,260410130,130,michigan-wolverines,MICH,Michigan Wolverines,,5284,s:40~l:54~a:5284,49c4a4c1e481c3fb73a18af46aff6299,Stephany Skrba,S. Skrba,,,,F,,true,false,true,false,
2006,260410130,130,michigan-wolverines,MICH,Michigan Wolverines,,5290,s:40~l:54~a:5290,4582154fe4f987198d7f97b1f07cc1c6,Melinda Queen,M. Queen,,,,F,,true,false,true,false,
2006,260410130,130,michigan-wolverines,MICH,Michigan Wolverines,,5283,s:40~l:54~a:5283,57212fd99fa6fc9c7072507f661d96c1,Carly Benson,C. Benson,,,,F,,true,false,true,false,
2006,260410130,130,michigan-wolverines,MICH,Michigan Wolverines,,5286,s:40~l:54~a:5286,376147f6a4bd9223eb48126ef61110ab,Jessica Minnfield,J. Minnfield,,,,G,,true,false,true,false,
2006,260410130,130,michigan-wolverines,MICH,Michigan Wolverines,,5282,s:40~l:54~a:5282,3383dc78f33a93912e2089fb7987d7cb,Janelle Cooper,J. Cooper,,,,NA,,true,false,true,false,
2006,260410277,164,rutgers-scarlet-knights,RUTG,Rutgers Scarlet Knights,,2400,s:40~l:54~a:2400,df7bd1b14c0efa91d7c658215d14c831,Michelle Campbell,M. Campbell,,,,NA,,true,false,true,false,
2006,260410277,164,rutgers-scarlet-knights,RUTG,Rutgers Scarlet Knights,,1697,s:40~l:54~a:1697,93667f99ba0590379d607e62ed0dfa59,Mariota Theodoris,M. Theodoris,,,,NA,,true,false,true,false,
2006,260410277,164,rutgers-scarlet-knights,RUTG,Rutgers Scarlet Knights,,4816,s:40~l:54~a:4816,e32515ecd622f27d9b0367d9b3f2a809,Matee Ajavon,M. Ajavon,,,,NA,,true,false,true,false,
2006,260410277,164,rutgers-scarlet-knights,RUTG,Rutgers Scarlet Knights,,4814,s:40~l:54~a:4814,d01e22db859a44a2b9b9460b8d49077b,Essence Carson,E. Carson,,,,NA,,true,false,true,false,
2006,260410277,164,rutgers-scarlet-knights,RUTG,Rutgers Scarlet Knights,,1695,s:40~l:54~a:1695,dab9f7ecbe8bcdb0d1f4c6e334e84a0a,Cappie Pondexter,C. Pondexter,,,,NA,,true,false,true,false,
2006,260410277,277,west-virginia-mountaineers,WVU,West Virginia Mountaineers,,5450,s:40~l:54~a:5450,909c3f7532980f1a122274f24790317c,Ashley Powell,A. Powell,,,23 ,G,,true,false,true,false,
2006,260410277,277,west-virginia-mountaineers,WVU,West Virginia Mountaineers,,4920,s:40~l:54~a:4920,b61b02b4002d0547123939eb99e7b848,Olayinka Sanni,O. Sanni,,,,NA,,true,false,true,false,
2006,260410277,277,west-virginia-mountaineers,WVU,West Virginia Mountaineers,,5449,s:40~l:54~a:5449,977dac8161fe4944a06d5d61c1b42582,Britney Daviswhite,B. Daviswhite,,,,NA,,true,false,true,false,
2006,260410277,277,west-virginia-mountaineers,WVU,West Virginia Mountaineers,,4922,s:40~l:54~a:4922,5057451454c4f9242b0b3ca450cea506,LaQuita Owens,L. Owens,,,,NA,,true,false,true,false,
2006,260410277,277,west-virginia-mountaineers,WVU,West Virginia Mountaineers,,4919,s:40~l:54~a:4919,7fcba349198897c17783b2c62d549a61,Chakhia Cole,C. Cole,,,,NA,,true,false,true,false,
2006,260430258,153,north-carolina-tar-heels,UNC,North Carolina Tar Heels,,4820,s:40~l:54~a:4820,0de0ab274d44bdd6a591d5ef9dfbcb07,Erlana Larkins,E. Larkins,,,,NA,,true,false,true,false,
2006,260430258,153,north-carolina-tar-heels,UNC,North Carolina Tar Heels,,3754,s:40~l:54~a:3754,8ba41f63ad491766dd837fe6ccb34b98,Camille Little,C. Little,,,,NA,,true,false,true,false,
2006,260430258,153,north-carolina-tar-heels,UNC,North Carolina Tar Heels,,3755,s:40~l:54~a:3755,dfe2d840ee1f027b9d928e7dcd35a0cd,Ivory Latta,I. Latta,,,,NA,,true,false,true,false,
2006,260430258,153,north-carolina-tar-heels,UNC,North Carolina Tar Heels,,2648,s:40~l:54~a:2648,9078e72bb6a32f576c7dc680854bb426,Jessica Sell,J. Sell,,,,NA,,true,false,true,false,
2006,260430258,153,north-carolina-tar-heels,UNC,North Carolina Tar Heels,,2647,s:40~l:54~a:2647,78fba069babc60e597c4b87df0c6edee,La'Tangela Atkinson,L. Atkinson,,,,NA,,true,false,true,false,
2006,260430258,258,virginia-cavaliers,UVA,Virginia Cavaliers,,3845,s:40~l:54~a:3845,9442a773e6873751f0917623bc308b49,Siedah Williams,S. Williams,,,,NA,,true,false,true,false,
2006,260430258,258,virginia-cavaliers,UVA,Virginia Cavaliers,,2504,s:40~l:54~a:2504,28a72ae02b454104f6c896f361b53911,Tiffany Sardin,T. Sardin,,,,NA,,true,false,true,false,
2006,260430258,258,virginia-cavaliers,UVA,Virginia Cavaliers,,4926,s:40~l:54~a:4926,f28fecdce45270d437c47b8a71340bf4,Takisha Granberry,T. Granberry,,,,NA,,true,false,true,false,
2006,260430258,258,virginia-cavaliers,UVA,Virginia Cavaliers,,4924,s:40~l:54~a:4924,42354c655b04c1a74bfec03de67c4cfa,Sharnee Zoll,S. Zoll,,,,NA,,true,false,true,false,
2006,260430258,258,virginia-cavaliers,UVA,Virginia Cavaliers,,3846,s:40~l:54~a:3846,16264e0e7bd4f3fbeeb9cedfc0ba3e0f,Brenna McGuire,B. McGuire,,,,NA,,true,false,true,false,
2006,260430099,61,georgia-lady-bulldogs,UGA,Georgia Lady Bulldogs,,5087,s:40~l:54~a:5087,ba5bf9e08de419ae09a040a7e40e58d5,Humphrey Tasha,H. Tasha,,,,NA,,true,true,true,false,
2006,260430099,61,georgia-lady-bulldogs,UGA,Georgia Lady Bulldogs,,5086,s:40~l:54~a:5086,3cd1fac4f61a6b49c181fd6d7e05f58f,Darrah Megan,D. Megan,,,,NA,,true,true,true,false,
2006,260430099,61,georgia-lady-bulldogs,UGA,Georgia Lady Bulldogs,,5090,s:40~l:54~a:5090,c90d4b3df7d1d74fcf1af7fc4f8c8a36,Chambers Cori,C. Cori,,,,NA,,true,true,true,false,
2006,260430099,61,georgia-lady-bulldogs,UGA,Georgia Lady Bulldogs,,5089,s:40~l:54~a:5089,96f72ea9acb2208d6494cbf484cc4232,Kendrick Alexis,K. Alexis,,,,NA,,true,true,true,false,
2006,260430099,61,georgia-lady-bulldogs,UGA,Georgia Lady Bulldogs,,5088,s:40~l:54~a:5088,a17cbcefdb413b1be583e2e07c0e7d7a,Baker Sherill,B. Sherill,,,,NA,,true,true,true,false,
2006,260430099,99,lsu-tigers,LSU,LSU Tigers,,4834,s:40~l:54~a:4834,08e807cc398fe0f761ad0d448bfeb280,Sylvia Fowles,S. Fowles,,,,NA,,true,true,true,false,
2006,260430099,99,lsu-tigers,LSU,LSU Tigers,,5097,s:40~l:54~a:5097,50323e53b18c89f62e93b2404ae49315,Ashley Thomas,A. Thomas,,,,NA,,true,true,true,false,
2006,260430099,99,lsu-tigers,LSU,LSU Tigers,,2635,s:40~l:54~a:2635,3a7f24f2f739ca385df1c548e6def432,Seimone Augustus,S. Augustus,,,,NA,,true,true,true,false,
2006,260430099,99,lsu-tigers,LSU,LSU Tigers,,4855,s:40~l:54~a:4855,830d3381141bb83c5adaee8b2b5d561a,Erica White,E. White,,,,NA,,true,true,true,false,
2006,260430099,99,lsu-tigers,LSU,LSU Tigers,,3715,s:40~l:54~a:3715,e6a46d07dfc2f2055ba24fc51716a427,Scholanda Hoston,S. Hoston,,,,NA,,true,true,true,false,
2006,260430251,41,uconn-huskies,CONN,UConn Huskies,,2637,s:40~l:54~a:2637,131163c0c1e979b8607484d92145c5e3,Ann Strother,A. Strother,,,,NA,,true,false,true,false,
2006,260430251,41,uconn-huskies,CONN,UConn Huskies,,2535,s:40~l:54~a:2535,1fbe551ef9e11d425d8920dc61125e6b,Willnett Crockett,W. Crockett,,,,NA,,true,false,true,false,
2006,260430251,41,uconn-huskies,CONN,UConn Huskies,,2409,s:40~l:54~a:2409,3166c5ecd189f3f8d53632fe2f90913a,Barbara Turner,B. Turner,,,,NA,,true,false,true,false,
2006,260430251,41,uconn-huskies,CONN,UConn Huskies,,5104,s:40~l:54~a:5104,f122be3557ced75550d02221af209121,Renee Montgomery,R. Montgomery,,,,NA,,true,false,true,false,
2006,260430251,41,uconn-huskies,CONN,UConn Huskies,,4827,s:40~l:54~a:4827,a60aeada6ce540be068e6ad92b3b9bc0,Mel Thomas,M. Thomas,,,,NA,,true,false,true,false,
2006,260430251,251,texas-longhorns,TEX,Texas Longhorns,,5124,s:40~l:54~a:5124,7d330585c814b13fb2fb4fe7b0b6bb4d,Erika Arriaran,E. Arriaran,,,,G,,true,false,true,false,
2006,260430251,251,texas-longhorns,TEX,Texas Longhorns,,5131,s:40~l:54~a:5131,6bb14faf66272d12fea472d3eab93d1e,Aubry Cook,A. Cook,,,,P,,true,false,true,false,
2006,260430251,251,texas-longhorns,TEX,Texas Longhorns,,4876,s:40~l:54~a:4876,470c3a5a59c117618461969a48b0e826,Daria Mieloszynska,D. Mieloszynska,,,,NA,,true,false,true,false,
2006,260430251,251,texas-longhorns,TEX,Texas Longhorns,,2383,s:40~l:54~a:2383,bda5223d8cb5aef66ae70ad068bb0d67,Nina Norman,N. Norman,,,,NA,,true,false,true,false,
2006,260430251,251,texas-longhorns,TEX,Texas Longhorns,,2038,s:40~l:54~a:2038,4402a418b4d9a2e57efb89587fcc498e,Coco Reed,C. Reed,,,,NA,,true,false,true,false,
2006,260432633,238,vanderbilt-commodores,VAN,Vanderbilt Commodores,,2644,s:40~l:54~a:2644,462cd6b09f78163dab33a7073d9b009a,Nicole Jules,N. Jules,,,,NA,,true,false,true,false,
2006,260432633,238,vanderbilt-commodores,VAN,Vanderbilt Commodores,,3776,s:40~l:54~a:3776,20a3cf56ca4c4a4e1704b19976f87669,Carla Thomas,C. Thomas,,,,NA,,true,false,true,false,
2006,260432633,238,vanderbilt-commodores,VAN,Vanderbilt Commodores,,3778,s:40~l:54~a:3778,e3312e11d01fddfa4043843053d5f4a3,Dee Davis,D. Davis,,,,NA,,true,false,true,false,
2006,260432633,238,vanderbilt-commodores,VAN,Vanderbilt Commodores,,3777,s:40~l:54~a:3777,27f364985db4ee0f34454bcc1dcb28fc,Cherish Stringfield,C. Stringfield,,,,NA,,true,false,true,false,
2006,260432633,238,vanderbilt-commodores,VAN,Vanderbilt Commodores,,3775,s:40~l:54~a:3775,30c7799ec3ad7a48f2adc5317b6eca98,Caroline Williams,C. Williams,,,,NA,,true,false,true,false,
2006,260432633,2633,tennessee-lady-volunteers,TENN,Tennessee Lady Volunteers,,4839,s:40~l:54~a:4839,eb2e5d775349b53cc2cd1cff1d06fe67,Nicky Anosike,N. Anosike,,,,NA,,true,false,true,false,
2006,260432633,2633,tennessee-lady-volunteers,TENN,Tennessee Lady Volunteers,,5145,s:40~l:54~a:5145,61b484e2521ea0b301d4e85c791af05c,Candace Parker,C. Parker,,,,NA,,true,false,true,false,
2006,260432633,2633,tennessee-lady-volunteers,TENN,Tennessee Lady Volunteers,,3707,s:40~l:54~a:3707,70c6703f052213c777a20dd7ff64b712,Sidney Spencer,S. Spencer,,,,NA,,true,false,true,false,
2006,260432633,2633,tennessee-lady-volunteers,TENN,Tennessee Lady Volunteers,,3708,s:40~l:54~a:3708,c1f961a37def6cb06c954056dcc09903,Dominique Redding,D. Redding,,,,NA,,true,false,true,false,
2006,260432633,2633,tennessee-lady-volunteers,TENN,Tennessee Lady Volunteers,,2633,s:40~l:54~a:2633,c2ee79eb6ce4e1f61b40f49f0404c074,Shanna Zolman,S. Zolman,,,,NA,,true,false,true,false,
2006,260432509,135,minnesota-golden-gophers,MINN,Minnesota Golden Gophers,,3750,s:40~l:54~a:3750,6d0bf6b9573d0da44dd26c9d7f30af75,Liz Podominick,L. Podominick,,,,NA,,true,false,true,false,
2006,260432509,135,minnesota-golden-gophers,MINN,Minnesota Golden Gophers,,3751,s:40~l:54~a:3751,144aeb5e430d8e894d9b9e008fe31657,Jaime Broback,J. Broback,,,,NA,,true,false,true,false,
2006,260432509,135,minnesota-golden-gophers,MINN,Minnesota Golden Gophers,,2656,s:40~l:54~a:2656,c554c85841bc8ee7aa542ce388bf3f9c,Shannon Bolden,S. Bolden,,,,NA,,true,false,true,false,
2006,260432509,135,minnesota-golden-gophers,MINN,Minnesota Golden Gophers,,2655,s:40~l:54~a:2655,0aa092835f3627b3cdc40a286d4d46e8,Shannon Schonrock,S. Schonrock,,,,NA,,true,false,true,false,
2006,260432509,135,minnesota-golden-gophers,MINN,Minnesota Golden Gophers,,888,s:40~l:54~a:888,c179eec54d49961939fafcfcbe03cfcf,April Calhoun,A. Calhoun,,,,NA,,true,false,true,false,
2006,260432509,2509,purdue-boilermakers,PUR,Purdue Boilermakers,,5278,s:40~l:54~a:5278,3b2bb529fa0fac3cc8909a682a95a6de,Lindsay Wisdomhylton,L. Wisdomhylton,,,,NA,,true,false,true,false,
2006,260432509,2509,purdue-boilermakers,PUR,Purdue Boilermakers,,3724,s:40~l:54~a:3724,9c4848c80a777e86150539b6968d2fc2,Erin Lawless,E. Lawless,,,,NA,,true,false,true,false,
2006,260432509,2509,purdue-boilermakers,PUR,Purdue Boilermakers,,3723,s:40~l:54~a:3723,c1387572be7fcdd5af8a477df5abaf94,Aya Traore,A. Traore,,,,NA,,true,false,true,false,
2006,260432509,2509,purdue-boilermakers,PUR,Purdue Boilermakers,,3726,s:40~l:54~a:3726,e393049a5d36b85d573c18f7f6e414e7,Katie Gearlds,K. Gearlds,,,,NA,,true,false,true,false,
2006,260432509,2509,purdue-boilermakers,PUR,Purdue Boilermakers,,2468,s:40~l:54~a:2468,00a69fb6888c8a2589587f79913d53c0,Sharika Webb,S. Webb,,,,NA,,true,false,true,false,
2006,260430305,87,notre-dame-fighting-irish,ND,Notre Dame Fighting Irish,,5153,s:40~l:54~a:5153,a33c8bdab69c5b0891935be07ffd81a1,Lindsay Schrader,L. Schrader,,,24 ,G,,true,false,true,false,
2006,260430305,87,notre-dame-fighting-irish,ND,Notre Dame Fighting Irish,,2438,s:40~l:54~a:2438,f0060511d7f5adcba68bd0078ba21086,Courtney LaVere,C. LaVere,,,,NA,,true,false,true,false,
2006,260430305,87,notre-dame-fighting-irish,ND,Notre Dame Fighting Irish,,4812,s:40~l:54~a:4812,25b3529d817a2950947a78a48dbde1bf,Tulyah Gaines,T. Gaines,,,,NA,,true,false,true,false,
2006,260430305,87,notre-dame-fighting-irish,ND,Notre Dame Fighting Irish,,3783,s:40~l:54~a:3783,bb74cc9ce5a60d8e7cfcaa19604e2422,Breona Gray,B. Gray,,,,NA,,true,false,true,false,
2006,260430305,87,notre-dame-fighting-irish,ND,Notre Dame Fighting Irish,,2437,s:40~l:54~a:2437,409fab7b1c67274f3ff8f070f97034e8,Megan Duffy,M. Duffy,,,,NA,,true,false,true,false,
2006,260430305,305,depaul-blue-demons,DEP,DePaul Blue Demons,,5417,s:40~l:54~a:5417,c474308dd1706439aec76bbb97bf1676,Erin Cattell,E. Cattell,,,5  ,F,,true,false,true,false,
2006,260430305,305,depaul-blue-demons,DEP,DePaul Blue Demons,,415,s:40~l:54~a:415,aaaa2dcd83fe04b0e0e40cd0d502a6d6,Khara Smith,K. Smith,,,,NA,,true,false,true,false,
2006,260430305,305,depaul-blue-demons,DEP,DePaul Blue Demons,,4859,s:40~l:54~a:4859,8ccf9f61389ad1b5e837d73da998e9cb,Allie Quigley,A. Quigley,,,,NA,,true,false,true,false,
2006,260430305,305,depaul-blue-demons,DEP,DePaul Blue Demons,,4561,s:40~l:54~a:4561,6ebbbc3f36e376a65adaf5b2cd19682f,Jenna Rubino,J. Rubino,,,,NA,,true,false,true,false,
2006,260430305,305,depaul-blue-demons,DEP,DePaul Blue Demons,,417,s:40~l:54~a:417,00eb53aabfa29c5bce28e5d2eb8d5cd6,Claudette Towers,C. Towers,,,,NA,,true,false,true,false,
2006,260430167,2628,tcu-horned-frogs,TCU,TCU Horned Frogs,,4865,s:40~l:54~a:4865,286f9adabd15d2a9b8ab78f0c25a0267,Lorie Butler-Rayford,L. Butler-Rayford,,,,NA,,true,false,true,false,
2006,260430167,2628,tcu-horned-frogs,TCU,TCU Horned Frogs,,3848,s:40~l:54~a:3848,84927a13b77caea31b03f744e72506d2,Jenna Lohse,J. Lohse,,,,NA,,true,false,true,false,
2006,260430167,2628,tcu-horned-frogs,TCU,TCU Horned Frogs,,2664,s:40~l:54~a:2664,2a427d86dcbbc4aebf160847acd4e55d,Ashley Davis,A. Davis,,,,NA,,true,false,true,false,
2006,260430167,2628,tcu-horned-frogs,TCU,TCU Horned Frogs,,4861,s:40~l:54~a:4861,e060b229b9382010166c2bb29a1bdfb8,Moneka Knight,M. Knight,,,,NA,,true,false,true,false,
2006,260430167,2628,tcu-horned-frogs,TCU,TCU Horned Frogs,,3849,s:40~l:54~a:3849,ebee6c4183fe36629996cdc83688cce8,Adrianne Ross,A. Ross,,,,NA,,true,false,true,false,
2006,260430167,167,new-mexico-lobos,UNM,New Mexico Lobos,,2399,s:40~l:54~a:2399,3a222d9d73f3eddf4c1a85ce36eab26a,Jana Francis,J. Francis,,,,NA,,true,false,true,false,
2006,260430167,167,new-mexico-lobos,UNM,New Mexico Lobos,,4868,s:40~l:54~a:4868,34cbaed7f8d137f8bf47dd477edcd24b,Dionne Marsh,D. Marsh,,,,NA,,true,false,true,false,
2006,260430167,167,new-mexico-lobos,UNM,New Mexico Lobos,,5049,s:40~l:54~a:5049,0bd4a6c11dafad159e40e7f149a62fe7,Brandi Kimble,B. Kimble,,,,NA,,true,false,true,false,
2006,260430167,167,new-mexico-lobos,UNM,New Mexico Lobos,,3789,s:40~l:54~a:3789,de98591ed6aa9ebd243d832c63df88fc,Katie Montgomery,K. Montgomery,,,,NA,,true,false,true,false,
2006,260430167,167,new-mexico-lobos,UNM,New Mexico Lobos,,2398,s:40~l:54~a:2398,7efb0fb43ebe1cd69a3f3dadbff873ce,Abbie Letz,A. Letz,,,,NA,,true,false,true,false,
2006,260440150,120,maryland-terrapins,MD,Maryland Terrapins,,5138,s:40~l:54~a:5138,274318080866dcb8699a09d666d03f10,Marissa Coleman,M. Coleman,,,25 ,G,,true,false,true,false,
2006,260440150,120,maryland-terrapins,MD,Maryland Terrapins,,5135,s:40~l:54~a:5135,06f5a686cc19277ee9714ac54c2ded8f,Kristi Toliver,K. Toliver,,,20 ,G,,true,false,true,false,
2006,260440150,120,maryland-terrapins,MD,Maryland Terrapins,,5139,s:40~l:54~a:5139,d42e6def5bf96553d0f6348a4d4925ed,Laura Harper,L. Harper,,,,NA,,true,false,true,false,
2006,260440150,120,maryland-terrapins,MD,Maryland Terrapins,,4857,s:40~l:54~a:4857,54d95e907134bc5181e7e4e75360d98c,Crystal Langhorne,C. Langhorne,,,,NA,,true,false,true,false,
2006,260440150,120,maryland-terrapins,MD,Maryland Terrapins,,4314,s:40~l:54~a:4314,89b9ded0b2f2d65e468ebae6d5bf556f,Shay Doron,S. Doron,,,,NA,,true,false,true,false,
2006,260440150,150,duke-blue-devils,DUKE,Duke Blue Devils,,2475,s:40~l:54~a:2475,34971f2dbdb57e31e6939fa80c4422c8,Mistie McCray Bass,M. Bass,,,,NA,,true,false,true,false,
2006,260440150,150,duke-blue-devils,DUKE,Duke Blue Devils,,438,s:40~l:54~a:438,c7e26c3620f06c9196f3fe534452d4f6,Monique Currie,M. Currie,,,,NA,,true,false,true,false,
2006,260440150,150,duke-blue-devils,DUKE,Duke Blue Devils,,4821,s:40~l:54~a:4821,353496a972ebb4d22674a0151af7c911,Chante Black,C. Black,,,,NA,,true,false,true,false,
2006,260440150,150,duke-blue-devils,DUKE,Duke Blue Devils,,4819,s:40~l:54~a:4819,d0c9e7e583ec078c3c2f19b1a3393528,Wanisha Smith,W. Smith,,,,NA,,true,false,true,false,
2006,260440150,150,duke-blue-devils,DUKE,Duke Blue Devils,,2476,s:40~l:54~a:2476,d989779bd41ba5bafcd1cfa2a21021e0,Lindsey Harding,L. Harding,,,,NA,,true,false,true,false,
2006,260460251,201,oklahoma-sooners,OU,Oklahoma Sooners,,5118,s:40~l:54~a:5118,1834413d80b409a6fe840327a8e7993b,Courtney Paris,C. Paris,,,3  ,C,,true,true,true,false,
2006,260460251,201,oklahoma-sooners,OU,Oklahoma Sooners,,3814,s:40~l:54~a:3814,f156683781715a0d8cd075188ce2a1d8,Leah Rush,L. Rush,,,,NA,,true,true,true,false,
2006,260460251,201,oklahoma-sooners,OU,Oklahoma Sooners,,2443,s:40~l:54~a:2443,bd525a866958ae254c6b7a1c4e560b74,Chelsi Welch,C. Welch,,,,NA,,true,true,true,false,
2006,260460251,201,oklahoma-sooners,OU,Oklahoma Sooners,,3816,s:40~l:54~a:3816,7211db13851817d2dc714706e30b0134,Brittney Brown,B. Brown,,,,NA,,true,true,true,false,
2006,260460251,201,oklahoma-sooners,OU,Oklahoma Sooners,,2440,s:40~l:54~a:2440,e3bf68ab5f09df85beb125602605ce51,Erin Higgins,E. Higgins,,,,NA,,true,true,true,false,
2006,260460251,251,texas-longhorns,TEX,Texas Longhorns,,5130,s:40~l:54~a:5130,f7511574456ed3ec957cedbb0c446032,Ashley Lindsey,A. Lindsey,,,,F,,true,true,true,false,
2006,260460251,251,texas-longhorns,TEX,Texas Longhorns,,5124,s:40~l:54~a:5124,7d330585c814b13fb2fb4fe7b0b6bb4d,Erika Arriaran,E. Arriaran,,,,G,,true,true,true,false,
2006,260460251,251,texas-longhorns,TEX,Texas Longhorns,,2383,s:40~l:54~a:2383,bda5223d8cb5aef66ae70ad068bb0d67,Nina Norman,N. Norman,,,,NA,,true,true,true,false,
2006,260460251,251,texas-longhorns,TEX,Texas Longhorns,,4876,s:40~l:54~a:4876,470c3a5a59c117618461969a48b0e826,Daria Mieloszynska,D. Mieloszynska,,,,NA,,true,true,true,false,
2006,260460251,251,texas-longhorns,TEX,Texas Longhorns,,3709,s:40~l:54~a:3709,28f577462c0cab5f93cb3a5458a0b9ea,Katrina Robinson,K. Robinson,,,,NA,,true,true,true,false,
2006,260470061,2633,tennessee-lady-volunteers,TENN,Tennessee Lady Volunteers,,4839,s:40~l:54~a:4839,eb2e5d775349b53cc2cd1cff1d06fe67,Nicky Anosike,N. Anosike,,,,NA,,true,false,true,false,
2006,260470061,2633,tennessee-lady-volunteers,TENN,Tennessee Lady Volunteers,,5145,s:40~l:54~a:5145,61b484e2521ea0b301d4e85c791af05c,Candace Parker,C. Parker,,,,NA,,true,false,true,false,
2006,260470061,2633,tennessee-lady-volunteers,TENN,Tennessee Lady Volunteers,,3708,s:40~l:54~a:3708,c1f961a37def6cb06c954056dcc09903,Dominique Redding,D. Redding,,,,NA,,true,false,true,false,
2006,260470061,2633,tennessee-lady-volunteers,TENN,Tennessee Lady Volunteers,,3707,s:40~l:54~a:3707,70c6703f052213c777a20dd7ff64b712,Sidney Spencer,S. Spencer,,,,NA,,true,false,true,false,
2006,260470061,2633,tennessee-lady-volunteers,TENN,Tennessee Lady Volunteers,,2633,s:40~l:54~a:2633,c2ee79eb6ce4e1f61b40f49f0404c074,Shanna Zolman,S. Zolman,,,,NA,,true,false,true,false,
2006,260470061,61,georgia-lady-bulldogs,UGA,Georgia Lady Bulldogs,,5087,s:40~l:54~a:5087,ba5bf9e08de419ae09a040a7e40e58d5,Humphrey Tasha,H. Tasha,,,,NA,,true,false,true,false,
2006,260470061,61,georgia-lady-bulldogs,UGA,Georgia Lady Bulldogs,,5086,s:40~l:54~a:5086,3cd1fac4f61a6b49c181fd6d7e05f58f,Darrah Megan,D. Megan,,,,NA,,true,false,true,false,
2006,260470061,61,georgia-lady-bulldogs,UGA,Georgia Lady Bulldogs,,5090,s:40~l:54~a:5090,c90d4b3df7d1d74fcf1af7fc4f8c8a36,Chambers Cori,C. Cori,,,,NA,,true,false,true,false,
2006,260470061,61,georgia-lady-bulldogs,UGA,Georgia Lady Bulldogs,,5089,s:40~l:54~a:5089,96f72ea9acb2208d6494cbf484cc4232,Kendrick Alexis,K. Alexis,,,,NA,,true,false,true,false,
2006,260470061,61,georgia-lady-bulldogs,UGA,Georgia Lady Bulldogs,,5088,s:40~l:54~a:5088,a17cbcefdb413b1be583e2e07c0e7d7a,Baker Sherill,B. Sherill,,,,NA,,true,false,true,false,
2006,260470135,194,ohio-state-buckeyes,OSU,Ohio State Buckeyes,,3831,s:40~l:54~a:3831,d7d474a42d3ed0200925eaf98d64417d,Jessica Davenport,J. Davenport,,,,NA,,true,false,true,false,
2006,260470135,194,ohio-state-buckeyes,OSU,Ohio State Buckeyes,,3833,s:40~l:54~a:3833,dc2ef3677a22bd7cc11af6c11b005875,Brandie Hoskins,B. Hoskins,,,,NA,,true,false,true,false,
2006,260470135,194,ohio-state-buckeyes,OSU,Ohio State Buckeyes,,273,s:40~l:54~a:273,45121a17d956c514acaaaccb55a64980,Debbie Merrill,D. Merrill,,,,NA,,true,false,true,false,
2006,260470135,194,ohio-state-buckeyes,OSU,Ohio State Buckeyes,,4901,s:40~l:54~a:4901,a34dc975a399d5f36c8b8607a7ace096,Marscilla Packer,M. Packer,,,,NA,,true,false,true,false,
2006,260470135,194,ohio-state-buckeyes,OSU,Ohio State Buckeyes,,1493,s:40~l:54~a:1493,4046c1dfdbd76f3b66c26e5d9340885a,Ashley Allen,A. Allen,,,,NA,,true,false,true,false,
2006,260470135,135,minnesota-golden-gophers,MINN,Minnesota Golden Gophers,,4877,s:40~l:54~a:4877,d5e77cdd11ccefa29f4fa58b0b8d0891,Natasha Williams,N. Williams,,,,NA,,true,false,true,false,
2006,260470135,135,minnesota-golden-gophers,MINN,Minnesota Golden Gophers,,3751,s:40~l:54~a:3751,144aeb5e430d8e894d9b9e008fe31657,Jaime Broback,J. Broback,,,,NA,,true,false,true,false,
2006,260470135,135,minnesota-golden-gophers,MINN,Minnesota Golden Gophers,,2656,s:40~l:54~a:2656,c554c85841bc8ee7aa542ce388bf3f9c,Shannon Bolden,S. Bolden,,,,NA,,true,false,true,false,
2006,260470135,135,minnesota-golden-gophers,MINN,Minnesota Golden Gophers,,2655,s:40~l:54~a:2655,0aa092835f3627b3cdc40a286d4d46e8,Shannon Schonrock,S. Schonrock,,,,NA,,true,false,true,false,
2006,260470135,135,minnesota-golden-gophers,MINN,Minnesota Golden Gophers,,888,s:40~l:54~a:888,c179eec54d49961939fafcfcbe03cfcf,April Calhoun,A. Calhoun,,,,NA,,true,false,true,false,
2006,260470127,2294,iowa-hawkeyes,IOWA,Iowa Hawkeyes,,5465,s:40~l:54~a:5465,f3f813504bb84ebf0259f28532187184,Megan Skouby,M. Skouby,,,,C,,true,false,true,false,
2006,260470127,2294,iowa-hawkeyes,IOWA,Iowa Hawkeyes,,5466,s:40~l:54~a:5466,3f4453d8e2b0a6cd9375bdc0c4be1da6,Kristi Smith,K. Smith,,,,G,,true,false,true,false,
2006,260470127,2294,iowa-hawkeyes,IOWA,Iowa Hawkeyes,,5464,s:40~l:54~a:5464,4528c65a3525a46858b802067085a4a2,Krista Vandeventer,K. Vandeventer,,,,NA,,true,false,true,false,
2006,260470127,2294,iowa-hawkeyes,IOWA,Iowa Hawkeyes,,3114,s:40~l:54~a:3114,4f9f2bb130b658d431f7dc5fffd2179f,Tiffany Reedy,T. Reedy,,,,NA,,true,false,true,false,
2006,260470127,2294,iowa-hawkeyes,IOWA,Iowa Hawkeyes,,3116,s:40~l:54~a:3116,54b3e3efff2a1276cb0818114ea0433a,Crystal Smith,C. Smith,,,,NA,,true,false,true,false,
2006,260470127,127,michigan-state-spartans,MSU,Michigan State Spartans,,5147,s:40~l:54~a:5147,6e58bf3bf450a7819ca55c6589545dde,Aisha Jefferson,A. Jefferson,,,22 ,F,,true,false,true,false,
2006,260470127,127,michigan-state-spartans,MSU,Michigan State Spartans,,3299,s:40~l:54~a:3299,a159c264237959ed9847622dd9d84765,Liz Shimek,L. Shimek,,,,NA,,true,false,true,false,
2006,260470127,127,michigan-state-spartans,MSU,Michigan State Spartans,,4087,s:40~l:54~a:4087,24ae83fb999e83d62397aa50ef8f35d4,Rene Haynes,R. Haynes,,,,NA,,true,false,true,false,
2006,260470127,127,michigan-state-spartans,MSU,Michigan State Spartans,,4086,s:40~l:54~a:4086,13b8bb5a81dd1e8cbd8cebcef9ff82ee,Victoria Lucas-Perry,V. Lucas-Perry,,,,NA,,true,false,true,false,
2006,260470127,127,michigan-state-spartans,MSU,Michigan State Spartans,,3295,s:40~l:54~a:3295,10067a6e48be3f41d86fac21fdc8d093,Lindsay Bowen,L. Bowen,,,,NA,,true,false,true,false,
2006,260480259,153,north-carolina-tar-heels,UNC,North Carolina Tar Heels,,4820,s:40~l:54~a:4820,0de0ab274d44bdd6a591d5ef9dfbcb07,Erlana Larkins,E. Larkins,,,,NA,,true,false,true,false,
2006,260480259,153,north-carolina-tar-heels,UNC,North Carolina Tar Heels,,3754,s:40~l:54~a:3754,8ba41f63ad491766dd837fe6ccb34b98,Camille Little,C. Little,,,,NA,,true,false,true,false,
2006,260480259,153,north-carolina-tar-heels,UNC,North Carolina Tar Heels,,3755,s:40~l:54~a:3755,dfe2d840ee1f027b9d928e7dcd35a0cd,Ivory Latta,I. Latta,,,,NA,,true,false,true,false,
2006,260480259,153,north-carolina-tar-heels,UNC,North Carolina Tar Heels,,2648,s:40~l:54~a:2648,9078e72bb6a32f576c7dc680854bb426,Jessica Sell,J. Sell,,,,NA,,true,false,true,false,
2006,260480259,153,north-carolina-tar-heels,UNC,North Carolina Tar Heels,,2647,s:40~l:54~a:2647,78fba069babc60e597c4b87df0c6edee,La'Tangela Atkinson,L. Atkinson,,,,NA,,true,false,true,false,
2006,260480259,259,virginia-tech-hokies,VT,Virginia Tech Hokies,,2774,s:40~l:54~a:2774,b18e0524ba9d2cc0e09781198450afbe,Megan Finnerty,M. Finnerty,,,,NA,,true,false,true,false,
2006,260480259,259,virginia-tech-hokies,VT,Virginia Tech Hokies,,2776,s:40~l:54~a:2776,51736d60e466f3c50fc6ae3284797c07,Kerri Gardin,K. Gardin,,,,NA,,true,false,true,false,
2006,260480259,259,virginia-tech-hokies,VT,Virginia Tech Hokies,,3989,s:40~l:54~a:3989,622aa645f0b978929aecdbc82447f4d3,Kirby Copeland,K. Copeland,,,,NA,,true,false,true,false,
2006,260480259,259,virginia-tech-hokies,VT,Virginia Tech Hokies,,2778,s:40~l:54~a:2778,9c6d7e00073c2dd7472d136b3b7be826,Carrie Mason,C. Mason,,,,NA,,true,false,true,false,
2006,260480259,259,virginia-tech-hokies,VT,Virginia Tech Hokies,,2773,s:40~l:54~a:2773,79a9e88ee77ba2976a0dc6d91b86d9d7,Dawn Chriss,D. Chriss,,,,NA,,true,false,true,false,
2006,260480218,2603,saint-josephs-hawks,JOES,Saint Joseph's Hawks,,5472,s:40~l:54~a:5472,33a91a89408ac14be13a55ec0d9cd8c9,Hillary Klimowicz,H. Klimowicz,,,,NA,,true,false,true,false,
2006,260480218,2603,saint-josephs-hawks,JOES,Saint Joseph's Hawks,,5471,s:40~l:54~a:5471,92a99cef837b08c98ad34c99f7df2197,Faith Schutte,F. Schutte,,,,NA,,true,false,true,false,
2006,260480218,2603,saint-josephs-hawks,JOES,Saint Joseph's Hawks,,3208,s:40~l:54~a:3208,6659ae610ae05a6d4463c0c30f4f597e,Maura McBryan,M. McBryan,,,,NA,,true,false,true,false,
2006,260480218,2603,saint-josephs-hawks,JOES,Saint Joseph's Hawks,,5473,s:40~l:54~a:5473,7bcfd3ef686a6c68c9b3cb7856d42af9,Timisha Gomez,T. Gomez,,,,NA,,true,false,true,false,
2006,260480218,2603,saint-josephs-hawks,JOES,Saint Joseph's Hawks,,3859,s:40~l:54~a:3859,995503e4b8fc99dbd2b6f7619639b930,Whitney Ffrench,W. Ffrench,,,,NA,,true,false,true,false,
2006,260480218,218,temple-owls,TEM,Temple Owls,,5079,s:40~l:54~a:5079,712e67deb9c2ebc3f69dcdec57fbcb44,Lady Comfort,L. Comfort,,,,NA,,true,false,true,false,
2006,260480218,218,temple-owls,TEM,Temple Owls,,4328,s:40~l:54~a:4328,c97612cd822e8c74d637c547abc661ab,Kamesha Hairston,K. Hairston,,,,NA,,true,false,true,false,
2006,260480218,218,temple-owls,TEM,Temple Owls,,3023,s:40~l:54~a:3023,99914daf240a2fbaff01ea59c0902860,Candice Dupree,C. Dupree,,,,NA,,true,false,true,false,
2006,260480218,218,temple-owls,TEM,Temple Owls,,5343,s:40~l:54~a:5343,fe74df77d4cf5577a125c1b25c9867b9,Fatima Maddox,F. Maddox,,,,NA,,true,false,true,false,
2006,260480218,218,temple-owls,TEM,Temple Owls,,3024,s:40~l:54~a:3024,414a6615f36e862ecbd46f88e27c051a,Khadija Bowens,K. Bowens,,,,NA,,true,false,true,false,
2006,260500333,2633,tennessee-lady-volunteers,TENN,Tennessee Lady Volunteers,,4839,s:40~l:54~a:4839,eb2e5d775349b53cc2cd1cff1d06fe67,Nicky Anosike,N. Anosike,,,,NA,,true,false,true,false,
2006,260500333,2633,tennessee-lady-volunteers,TENN,Tennessee Lady Volunteers,,5145,s:40~l:54~a:5145,61b484e2521ea0b301d4e85c791af05c,Candace Parker,C. Parker,,,,NA,,true,false,true,false,
2006,260500333,2633,tennessee-lady-volunteers,TENN,Tennessee Lady Volunteers,,3707,s:40~l:54~a:3707,70c6703f052213c777a20dd7ff64b712,Sidney Spencer,S. Spencer,,,,NA,,true,false,true,false,
2006,260500333,2633,tennessee-lady-volunteers,TENN,Tennessee Lady Volunteers,,3708,s:40~l:54~a:3708,c1f961a37def6cb06c954056dcc09903,Dominique Redding,D. Redding,,,,NA,,true,false,true,false,
2006,260500333,2633,tennessee-lady-volunteers,TENN,Tennessee Lady Volunteers,,2633,s:40~l:54~a:2633,c2ee79eb6ce4e1f61b40f49f0404c074,Shanna Zolman,S. Zolman,,,,NA,,true,false,true,false,
2006,260500333,333,alabama-crimson-tide,ALA,Alabama Crimson Tide,,5435,s:40~l:54~a:5435,6124decdae552df4a00b7a158f9b3468,Harriet Barnes,H. Barnes,,,,NA,,true,false,true,false,
2006,260500333,333,alabama-crimson-tide,ALA,Alabama Crimson Tide,,3373,s:40~l:54~a:3373,32f69d7694b2a8b2ce76d195eec910cd,Dee Merriweather,D. Merriweather,,,,NA,,true,false,true,false,
2006,260500333,333,alabama-crimson-tide,ALA,Alabama Crimson Tide,,3861,s:40~l:54~a:3861,4e05eb7e4d31ce85a25a8a4f6a17aa2b,Navonda Moore,N. Moore,,,,NA,,true,false,true,false,
2006,260500333,333,alabama-crimson-tide,ALA,Alabama Crimson Tide,,3371,s:40~l:54~a:3371,28e47db91bf114e3bfaf1b9f1ef4ae76,Kate Mastin,K. Mastin,,,,NA,,true,false,true,false,
2006,260500333,333,alabama-crimson-tide,ALA,Alabama Crimson Tide,,3370,s:40~l:54~a:3370,4a73eff30ecaca6041ee7d76e3ed5df6,Leah Drury,L. Drury,,,,NA,,true,false,true,false,
2006,260500087,41,uconn-huskies,CONN,UConn Huskies,,2637,s:40~l:54~a:2637,131163c0c1e979b8607484d92145c5e3,Ann Strother,A. Strother,,,,NA,,true,false,true,false,
2006,260500087,41,uconn-huskies,CONN,UConn Huskies,,2535,s:40~l:54~a:2535,1fbe551ef9e11d425d8920dc61125e6b,Willnett Crockett,W. Crockett,,,,NA,,true,false,true,false,
2006,260500087,41,uconn-huskies,CONN,UConn Huskies,,5104,s:40~l:54~a:5104,f122be3557ced75550d02221af209121,Renee Montgomery,R. Montgomery,,,,NA,,true,false,true,false,
2006,260500087,41,uconn-huskies,CONN,UConn Huskies,,4827,s:40~l:54~a:4827,a60aeada6ce540be068e6ad92b3b9bc0,Mel Thomas,M. Thomas,,,,NA,,true,false,true,false,
2006,260500087,41,uconn-huskies,CONN,UConn Huskies,,2409,s:40~l:54~a:2409,3166c5ecd189f3f8d53632fe2f90913a,Barbara Turner,B. Turner,,,,NA,,true,false,true,false,
2006,260500087,87,notre-dame-fighting-irish,ND,Notre Dame Fighting Irish,,5153,s:40~l:54~a:5153,a33c8bdab69c5b0891935be07ffd81a1,Lindsay Schrader,L. Schrader,,,24 ,G,,true,false,true,false,
2006,260500087,87,notre-dame-fighting-irish,ND,Notre Dame Fighting Irish,,2438,s:40~l:54~a:2438,f0060511d7f5adcba68bd0078ba21086,Courtney LaVere,C. LaVere,,,,NA,,true,false,true,false,
2006,260500087,87,notre-dame-fighting-irish,ND,Notre Dame Fighting Irish,,4812,s:40~l:54~a:4812,25b3529d817a2950947a78a48dbde1bf,Tulyah Gaines,T. Gaines,,,,NA,,true,false,true,false,
2006,260500087,87,notre-dame-fighting-irish,ND,Notre Dame Fighting Irish,,3783,s:40~l:54~a:3783,bb74cc9ce5a60d8e7cfcaa19604e2422,Breona Gray,B. Gray,,,,NA,,true,false,true,false,
2006,260500087,87,notre-dame-fighting-irish,ND,Notre Dame Fighting Irish,,2437,s:40~l:54~a:2437,409fab7b1c67274f3ff8f070f97034e8,Megan Duffy,M. Duffy,,,,NA,,true,false,true,false,
2006,260502509,84,indiana-hoosiers,IU,Indiana Hoosiers,,5476,s:40~l:54~a:5476,a8de980bdbb9abba509218962351435e,Whitney Thomas,W. Thomas,,,11 ,F,,true,false,true,false,
2006,260502509,84,indiana-hoosiers,IU,Indiana Hoosiers,,3259,s:40~l:54~a:3259,32c58fff1b67b9e6b070fcc3cb69e01b,Angela Hawkins,A. Hawkins,,,,NA,,true,false,true,false,
2006,260502509,84,indiana-hoosiers,IU,Indiana Hoosiers,,853,s:40~l:54~a:853,e24522e14ee60cdf9882668eef4cedab,Jenny DeMuth,J. DeMuth,,,,NA,,true,false,true,false,
2006,260502509,84,indiana-hoosiers,IU,Indiana Hoosiers,,5477,s:40~l:54~a:5477,4d52c5f01f3b1cce995411f799120671,Nikki Smith,N. Smith,,,,NA,,true,false,true,false,
2006,260502509,84,indiana-hoosiers,IU,Indiana Hoosiers,,3256,s:40~l:54~a:3256,7a061265224dd24cb7d373bec736081c,Cyndi Valentin,C. Valentin,,,,NA,,true,false,true,false,
2006,260502509,2509,purdue-boilermakers,PUR,Purdue Boilermakers,,5278,s:40~l:54~a:5278,3b2bb529fa0fac3cc8909a682a95a6de,Lindsay Wisdomhylton,L. Wisdomhylton,,,,NA,,true,false,true,false,
2006,260502509,2509,purdue-boilermakers,PUR,Purdue Boilermakers,,3724,s:40~l:54~a:3724,9c4848c80a777e86150539b6968d2fc2,Erin Lawless,E. Lawless,,,,NA,,true,false,true,false,
2006,260502509,2509,purdue-boilermakers,PUR,Purdue Boilermakers,,3723,s:40~l:54~a:3723,c1387572be7fcdd5af8a477df5abaf94,Aya Traore,A. Traore,,,,NA,,true,false,true,false,
2006,260502509,2509,purdue-boilermakers,PUR,Purdue Boilermakers,,3726,s:40~l:54~a:3726,e393049a5d36b85d573c18f7f6e414e7,Katie Gearlds,K. Gearlds,,,,NA,,true,false,true,false,
2006,260502509,2509,purdue-boilermakers,PUR,Purdue Boilermakers,,2468,s:40~l:54~a:2468,00a69fb6888c8a2589587f79913d53c0,Sharika Webb,S. Webb,,,,NA,,true,false,true,false,
2006,260510153,103,boston-college-eagles,BC,Boston College Eagles,,2489,s:40~l:54~a:2489,949331de18702b48610ccdffc79e9a5f,Aja Parham,A. Parham,,,,NA,,true,false,true,false,
2006,260510153,103,boston-college-eagles,BC,Boston College Eagles,,3761,s:40~l:54~a:3761,5d645fde10bd56f1e4864c6ccdee3da2,Kathrin Ress,K. Ress,,,,NA,,true,false,true,false,
2006,260510153,103,boston-college-eagles,BC,Boston College Eagles,,2490,s:40~l:54~a:2490,e58a3cc8f750dc4f18406890db088d35,Brooke Queenan,B. Queenan,,,,NA,,true,false,true,false,
2006,260510153,103,boston-college-eagles,BC,Boston College Eagles,,3763,s:40~l:54~a:3763,5486238895817dd7a5b4a01cf401ff4c,Sarah Marshall,S. Marshall,,,,NA,,true,false,true,false,
2006,260510153,103,boston-college-eagles,BC,Boston College Eagles,,3762,s:40~l:54~a:3762,c0bb33b56a8cd4876a301477331b33ae,Kindyll Dorsey,K. Dorsey,,,,NA,,true,false,true,false,
2006,260510153,153,north-carolina-tar-heels,UNC,North Carolina Tar Heels,,4820,s:40~l:54~a:4820,0de0ab274d44bdd6a591d5ef9dfbcb07,Erlana Larkins,E. Larkins,,,,NA,,true,false,true,false,
2006,260510153,153,north-carolina-tar-heels,UNC,North Carolina Tar Heels,,3754,s:40~l:54~a:3754,8ba41f63ad491766dd837fe6ccb34b98,Camille Little,C. Little,,,,NA,,true,false,true,false,
2006,260510153,153,north-carolina-tar-heels,UNC,North Carolina Tar Heels,,3755,s:40~l:54~a:3755,dfe2d840ee1f027b9d928e7dcd35a0cd,Ivory Latta,I. Latta,,,,NA,,true,false,true,false,
2006,260510153,153,north-carolina-tar-heels,UNC,North Carolina Tar Heels,,2648,s:40~l:54~a:2648,9078e72bb6a32f576c7dc680854bb426,Jessica Sell,J. Sell,,,,NA,,true,false,true,false,
2006,260510153,153,north-carolina-tar-heels,UNC,North Carolina Tar Heels,,2647,s:40~l:54~a:2647,78fba069babc60e597c4b87df0c6edee,La'Tangela Atkinson,L. Atkinson,,,,NA,,true,false,true,false,
2006,260510194,127,michigan-state-spartans,MSU,Michigan State Spartans,,5147,s:40~l:54~a:5147,6e58bf3bf450a7819ca55c6589545dde,Aisha Jefferson,A. Jefferson,,,22 ,F,,true,false,true,false,
2006,260510194,127,michigan-state-spartans,MSU,Michigan State Spartans,,3299,s:40~l:54~a:3299,a159c264237959ed9847622dd9d84765,Liz Shimek,L. Shimek,,,,NA,,true,false,true,false,
2006,260510194,127,michigan-state-spartans,MSU,Michigan State Spartans,,4087,s:40~l:54~a:4087,24ae83fb999e83d62397aa50ef8f35d4,Rene Haynes,R. Haynes,,,,NA,,true,false,true,false,
2006,260510194,127,michigan-state-spartans,MSU,Michigan State Spartans,,4086,s:40~l:54~a:4086,13b8bb5a81dd1e8cbd8cebcef9ff82ee,Victoria Lucas-Perry,V. Lucas-Perry,,,,NA,,true,false,true,false,
2006,260510194,127,michigan-state-spartans,MSU,Michigan State Spartans,,3295,s:40~l:54~a:3295,10067a6e48be3f41d86fac21fdc8d093,Lindsay Bowen,L. Bowen,,,,NA,,true,false,true,false,
2006,260510194,194,ohio-state-buckeyes,OSU,Ohio State Buckeyes,,3831,s:40~l:54~a:3831,d7d474a42d3ed0200925eaf98d64417d,Jessica Davenport,J. Davenport,,,,NA,,true,false,true,false,
2006,260510194,194,ohio-state-buckeyes,OSU,Ohio State Buckeyes,,273,s:40~l:54~a:273,45121a17d956c514acaaaccb55a64980,Debbie Merrill,D. Merrill,,,,NA,,true,false,true,false,
2006,260510194,194,ohio-state-buckeyes,OSU,Ohio State Buckeyes,,4901,s:40~l:54~a:4901,a34dc975a399d5f36c8b8607a7ace096,Marscilla Packer,M. Packer,,,,NA,,true,false,true,false,
2006,260510194,194,ohio-state-buckeyes,OSU,Ohio State Buckeyes,,3833,s:40~l:54~a:3833,dc2ef3677a22bd7cc11af6c11b005875,Brandie Hoskins,B. Hoskins,,,,NA,,true,false,true,false,
2006,260510194,194,ohio-state-buckeyes,OSU,Ohio State Buckeyes,,1493,s:40~l:54~a:1493,4046c1dfdbd76f3b66c26e5d9340885a,Ashley Allen,A. Allen,,,,NA,,true,false,true,false,
2006,260542633,2,auburn-tigers,AUB,Auburn Tigers,,5309,s:40~l:54~a:5309,d0ce82e6ee1cd471d85ce20f188f943c,Keke Carrier,K. Carrier,,,33 ,C,,true,false,true,false,
2006,260542633,2,auburn-tigers,AUB,Auburn Tigers,,5306,s:40~l:54~a:5306,74bfe6090fcbe955df3ee206e06a3a6a,DeWanna Bonner,D. Bonner,,,24 ,G,,true,false,true,false,
2006,260542633,2,auburn-tigers,AUB,Auburn Tigers,,3584,s:40~l:54~a:3584,bed941fb72291e76d14fb860873df867,Marita Payne,M. Payne,,,,NA,,true,false,true,false,
2006,260542633,2,auburn-tigers,AUB,Auburn Tigers,,5479,s:40~l:54~a:5479,af9917d4fd9c37bbcb0a4342367d7d3b,Chantelle Blakely,C. Blakely,,,,NA,,true,false,true,false,
2006,260542633,2,auburn-tigers,AUB,Auburn Tigers,,2426,s:40~l:54~a:2426,9dc92d79d8620726af15e6dc05598821,Nitasha Brown,N. Brown,,,,NA,,true,false,true,false,
2006,260542633,2633,tennessee-lady-volunteers,TENN,Tennessee Lady Volunteers,,2632,s:40~l:54~a:2632,d54dd215e222e4239903f408b6257423,Tyesha Fluker,T. Fluker,,,,NA,,true,false,true,false,
2006,260542633,2633,tennessee-lady-volunteers,TENN,Tennessee Lady Volunteers,,5145,s:40~l:54~a:5145,61b484e2521ea0b301d4e85c791af05c,Candace Parker,C. Parker,,,,NA,,true,false,true,false,
2006,260542633,2633,tennessee-lady-volunteers,TENN,Tennessee Lady Volunteers,,4839,s:40~l:54~a:4839,eb2e5d775349b53cc2cd1cff1d06fe67,Nicky Anosike,N. Anosike,,,,NA,,true,false,true,false,
2006,260542633,2633,tennessee-lady-volunteers,TENN,Tennessee Lady Volunteers,,3707,s:40~l:54~a:3707,70c6703f052213c777a20dd7ff64b712,Sidney Spencer,S. Spencer,,,,NA,,true,false,true,false,
2006,260542633,2633,tennessee-lady-volunteers,TENN,Tennessee Lady Volunteers,,2633,s:40~l:54~a:2633,c2ee79eb6ce4e1f61b40f49f0404c074,Shanna Zolman,S. Zolman,,,,NA,,true,false,true,false,
2006,260540194,2509,purdue-boilermakers,PUR,Purdue Boilermakers,,5278,s:40~l:54~a:5278,3b2bb529fa0fac3cc8909a682a95a6de,Lindsay Wisdomhylton,L. Wisdomhylton,,,,NA,,true,false,true,false,
2006,260540194,2509,purdue-boilermakers,PUR,Purdue Boilermakers,,3724,s:40~l:54~a:3724,9c4848c80a777e86150539b6968d2fc2,Erin Lawless,E. Lawless,,,,NA,,true,false,true,false,
2006,260540194,2509,purdue-boilermakers,PUR,Purdue Boilermakers,,3723,s:40~l:54~a:3723,c1387572be7fcdd5af8a477df5abaf94,Aya Traore,A. Traore,,,,NA,,true,false,true,false,
2006,260540194,2509,purdue-boilermakers,PUR,Purdue Boilermakers,,3726,s:40~l:54~a:3726,e393049a5d36b85d573c18f7f6e414e7,Katie Gearlds,K. Gearlds,,,,NA,,true,false,true,false,
2006,260540194,2509,purdue-boilermakers,PUR,Purdue Boilermakers,,2468,s:40~l:54~a:2468,00a69fb6888c8a2589587f79913d53c0,Sharika Webb,S. Webb,,,,NA,,true,false,true,false,
2006,260540194,194,ohio-state-buckeyes,OSU,Ohio State Buckeyes,,3831,s:40~l:54~a:3831,d7d474a42d3ed0200925eaf98d64417d,Jessica Davenport,J. Davenport,,,,NA,,true,false,true,false,
2006,260540194,194,ohio-state-buckeyes,OSU,Ohio State Buckeyes,,273,s:40~l:54~a:273,45121a17d956c514acaaaccb55a64980,Debbie Merrill,D. Merrill,,,,NA,,true,false,true,false,
2006,260540194,194,ohio-state-buckeyes,OSU,Ohio State Buckeyes,,4901,s:40~l:54~a:4901,a34dc975a399d5f36c8b8607a7ace096,Marscilla Packer,M. Packer,,,,NA,,true,false,true,false,
2006,260540194,194,ohio-state-buckeyes,OSU,Ohio State Buckeyes,,3833,s:40~l:54~a:3833,dc2ef3677a22bd7cc11af6c11b005875,Brandie Hoskins,B. Hoskins,,,,NA,,true,false,true,false,
2006,260540194,194,ohio-state-buckeyes,OSU,Ohio State Buckeyes,,1493,s:40~l:54~a:1493,4046c1dfdbd76f3b66c26e5d9340885a,Ashley Allen,A. Allen,,,,NA,,true,false,true,false,
2006,260540130,127,michigan-state-spartans,MSU,Michigan State Spartans,,5147,s:40~l:54~a:5147,6e58bf3bf450a7819ca55c6589545dde,Aisha Jefferson,A. Jefferson,,,22 ,F,,true,false,true,false,
2006,260540130,127,michigan-state-spartans,MSU,Michigan State Spartans,,4086,s:40~l:54~a:4086,13b8bb5a81dd1e8cbd8cebcef9ff82ee,Victoria Lucas-Perry,V. Lucas-Perry,,,,NA,,true,false,true,false,
2006,260540130,127,michigan-state-spartans,MSU,Michigan State Spartans,,3299,s:40~l:54~a:3299,a159c264237959ed9847622dd9d84765,Liz Shimek,L. Shimek,,,,NA,,true,false,true,false,
2006,260540130,127,michigan-state-spartans,MSU,Michigan State Spartans,,3295,s:40~l:54~a:3295,10067a6e48be3f41d86fac21fdc8d093,Lindsay Bowen,L. Bowen,,,,NA,,true,false,true,false,
2006,260540130,127,michigan-state-spartans,MSU,Michigan State Spartans,,4087,s:40~l:54~a:4087,24ae83fb999e83d62397aa50ef8f35d4,Rene Haynes,R. Haynes,,,,NA,,true,false,true,false,
2006,260540130,130,michigan-wolverines,MICH,Michigan Wolverines,,5284,s:40~l:54~a:5284,49c4a4c1e481c3fb73a18af46aff6299,Stephany Skrba,S. Skrba,,,,F,,true,false,true,false,
2006,260540130,130,michigan-wolverines,MICH,Michigan Wolverines,,5290,s:40~l:54~a:5290,4582154fe4f987198d7f97b1f07cc1c6,Melinda Queen,M. Queen,,,,F,,true,false,true,false,
2006,260540130,130,michigan-wolverines,MICH,Michigan Wolverines,,5283,s:40~l:54~a:5283,57212fd99fa6fc9c7072507f661d96c1,Carly Benson,C. Benson,,,,F,,true,false,true,false,
2006,260540130,130,michigan-wolverines,MICH,Michigan Wolverines,,5286,s:40~l:54~a:5286,376147f6a4bd9223eb48126ef61110ab,Jessica Minnfield,J. Minnfield,,,,G,,true,false,true,false,
2006,260540130,130,michigan-wolverines,MICH,Michigan Wolverines,,5282,s:40~l:54~a:5282,3383dc78f33a93912e2089fb7987d7cb,Janelle Cooper,J. Cooper,,,,NA,,true,false,true,false,
2006,260550103,152,nc-state-wolfpack,NCST,NC State Wolfpack,,4906,s:40~l:54~a:4906,ca614d7abc3e3e24233d7459ee34d084,Khadijah Whittington,K. Whittington,,,,NA,,true,false,true,false,
2006,260550103,152,nc-state-wolfpack,NCST,NC State Wolfpack,,4026,s:40~l:54~a:4026,cb65559cecd3ac55a2675e983a86006b,Marquetta Dickens,M. Dickens,,,,NA,,true,false,true,false,
2006,260550103,152,nc-state-wolfpack,NCST,NC State Wolfpack,,4022,s:40~l:54~a:4022,3b91b56323505031c73efde7ba80a2d3,Sasha Reaves,S. Reaves,,,,NA,,true,false,true,false,
2006,260550103,152,nc-state-wolfpack,NCST,NC State Wolfpack,,4023,s:40~l:54~a:4023,2b71963df1810bdc9113f48a48628dd0,Ashley Key,A. Key,,,,NA,,true,false,true,false,
2006,260550103,152,nc-state-wolfpack,NCST,NC State Wolfpack,,2818,s:40~l:54~a:2818,c0e8fdcd15f451c37f9707fb00cc823f,Billie McDowell,B. McDowell,,,,NA,,true,false,true,false,
2006,260550103,103,boston-college-eagles,BC,Boston College Eagles,,2490,s:40~l:54~a:2490,e58a3cc8f750dc4f18406890db088d35,Brooke Queenan,B. Queenan,,,,NA,,true,false,true,false,
2006,260550103,103,boston-college-eagles,BC,Boston College Eagles,,2489,s:40~l:54~a:2489,949331de18702b48610ccdffc79e9a5f,Aja Parham,A. Parham,,,,NA,,true,false,true,false,
2006,260550103,103,boston-college-eagles,BC,Boston College Eagles,,2488,s:40~l:54~a:2488,f6c7787cbf97a74212b3d8ce366df57e,Lisa Macchia,L. Macchia,,,,NA,,true,false,true,false,
2006,260550103,103,boston-college-eagles,BC,Boston College Eagles,,3763,s:40~l:54~a:3763,5486238895817dd7a5b4a01cf401ff4c,Sarah Marshall,S. Marshall,,,,NA,,true,false,true,false,
2006,260550103,103,boston-college-eagles,BC,Boston College Eagles,,2669,s:40~l:54~a:2669,2782cfb3cb34f84326faaaefcb0338d9,Christine Smith,C. Smith,,,,NA,,true,true,true,false,
2006,260560153,150,duke-blue-devils,DUKE,Duke Blue Devils,,4821,s:40~l:54~a:4821,353496a972ebb4d22674a0151af7c911,Chante Black,C. Black,,,,NA,,true,false,true,false,
2006,260560153,150,duke-blue-devils,DUKE,Duke Blue Devils,,2475,s:40~l:54~a:2475,34971f2dbdb57e31e6939fa80c4422c8,Mistie McCray Bass,M. Bass,,,,NA,,true,false,true,false,
2006,260560153,150,duke-blue-devils,DUKE,Duke Blue Devils,,438,s:40~l:54~a:438,c7e26c3620f06c9196f3fe534452d4f6,Monique Currie,M. Currie,,,,NA,,true,false,true,false,
2006,260560153,150,duke-blue-devils,DUKE,Duke Blue Devils,,4819,s:40~l:54~a:4819,d0c9e7e583ec078c3c2f19b1a3393528,Wanisha Smith,W. Smith,,,,NA,,true,false,true,false,
2006,260560153,150,duke-blue-devils,DUKE,Duke Blue Devils,,2476,s:40~l:54~a:2476,d989779bd41ba5bafcd1cfa2a21021e0,Lindsey Harding,L. Harding,,,,NA,,true,false,true,false,
2006,260560153,153,north-carolina-tar-heels,UNC,North Carolina Tar Heels,,4820,s:40~l:54~a:4820,0de0ab274d44bdd6a591d5ef9dfbcb07,Erlana Larkins,E. Larkins,,,,NA,,true,false,true,false,
2006,260560153,153,north-carolina-tar-heels,UNC,North Carolina Tar Heels,,3754,s:40~l:54~a:3754,8ba41f63ad491766dd837fe6ccb34b98,Camille Little,C. Little,,,,NA,,true,false,true,false,
2006,260560153,153,north-carolina-tar-heels,UNC,North Carolina Tar Heels,,3755,s:40~l:54~a:3755,dfe2d840ee1f027b9d928e7dcd35a0cd,Ivory Latta,I. Latta,,,,NA,,true,false,true,false,
2006,260560153,153,north-carolina-tar-heels,UNC,North Carolina Tar Heels,,2647,s:40~l:54~a:2647,78fba069babc60e597c4b87df0c6edee,La'Tangela Atkinson,L. Atkinson,,,,NA,,true,false,true,false,
2006,260560153,153,north-carolina-tar-heels,UNC,North Carolina Tar Heels,,2648,s:40~l:54~a:2648,9078e72bb6a32f576c7dc680854bb426,Jessica Sell,J. Sell,,,,NA,,true,true,true,false,
2006,260560041,269,marquette-golden-eagles,MARQ,Marquette Golden Eagles,,5483,s:40~l:54~a:5483,16d60d38e2afd64285bb903dd4c81619,Krystal Ellis,K. Ellis,,,20 ,G,,true,false,true,false,
2006,260560041,269,marquette-golden-eagles,MARQ,Marquette Golden Eagles,,5482,s:40~l:54~a:5482,daf4055de150099f46e1e87b73b62c3c,Erin Monfre,E. Monfre,,,5  ,G,,true,false,true,false,
2006,260560041,269,marquette-golden-eagles,MARQ,Marquette Golden Eagles,,5481,s:40~l:54~a:5481,f50902a8d4ead782f5e01c7befe7966f,Svetlana Kovalenko,S. Kovalenko,,,,NA,,true,false,true,false,
2006,260560041,269,marquette-golden-eagles,MARQ,Marquette Golden Eagles,,4798,s:40~l:54~a:4798,b4fdc17ceb3a97018fe500cfa705d46e,Jasmine McCullough,J. McCullough,,,,NA,,true,false,true,false,
2006,260560041,269,marquette-golden-eagles,MARQ,Marquette Golden Eagles,,4796,s:40~l:54~a:4796,26a2071b92683f485826f7a7e1464bbd,Christina Quaye,C. Quaye,,,,NA,,true,false,true,false,
2006,260560041,41,uconn-huskies,CONN,UConn Huskies,,2637,s:40~l:54~a:2637,131163c0c1e979b8607484d92145c5e3,Ann Strother,A. Strother,,,,NA,,true,false,true,false,
2006,260560041,41,uconn-huskies,CONN,UConn Huskies,,2535,s:40~l:54~a:2535,1fbe551ef9e11d425d8920dc61125e6b,Willnett Crockett,W. Crockett,,,,NA,,true,false,true,false,
2006,260560041,41,uconn-huskies,CONN,UConn Huskies,,2409,s:40~l:54~a:2409,3166c5ecd189f3f8d53632fe2f90913a,Barbara Turner,B. Turner,,,,NA,,true,false,true,false,
2006,260560041,41,uconn-huskies,CONN,UConn Huskies,,5104,s:40~l:54~a:5104,f122be3557ced75550d02221af209121,Renee Montgomery,R. Montgomery,,,,NA,,true,false,true,false,
2006,260560041,41,uconn-huskies,CONN,UConn Huskies,,2410,s:40~l:54~a:2410,56efb2414f093ff317ca52a41a8e8b7f,Nicole Wolff,N. Wolff,,,,NA,,true,false,true,false,
2006,260570099,344,mississippi-state-bulldogs,MSST,Mississippi State Bulldogs,,5353,s:40~l:54~a:5353,b26da9e9651194cf7fdaf403322c2f01,Lauren Roberts,L. Roberts,,,,F,,true,false,true,false,
2006,260570099,344,mississippi-state-bulldogs,MSST,Mississippi State Bulldogs,,5350,s:40~l:54~a:5350,cc3f99c7b9fd94c7498b1a39d31c39db,Robin Porter,R. Porter,,,24 ,F,,true,false,true,false,
2006,260570099,344,mississippi-state-bulldogs,MSST,Mississippi State Bulldogs,,2742,s:40~l:54~a:2742,2337476a5d7fd437540f43c8c7f7808c,Mamie McKinney,M. McKinney,,,,NA,,true,false,true,false,
2006,260570099,344,mississippi-state-bulldogs,MSST,Mississippi State Bulldogs,,5357,s:40~l:54~a:5357,c6795a6e458da48ba508311bcc7ce35c,Miayorka Johnson,M. Johnson,,,,NA,,true,false,true,false,
2006,260570099,344,mississippi-state-bulldogs,MSST,Mississippi State Bulldogs,,2743,s:40~l:54~a:2743,9dfde370f7b5d68596b706ba58d3a0a2,Doceide Warren,D. Warren,,,,NA,,true,false,true,false,
2006,260570099,99,lsu-tigers,LSU,LSU Tigers,,4834,s:40~l:54~a:4834,08e807cc398fe0f761ad0d448bfeb280,Sylvia Fowles,S. Fowles,,,,NA,,true,false,true,false,
2006,260570099,99,lsu-tigers,LSU,LSU Tigers,,2634,s:40~l:54~a:2634,79e7ef7d0f468b02068291a28bc7956f,Florence Williams,F. Williams,,,,NA,,true,false,true,false,
2006,260570099,99,lsu-tigers,LSU,LSU Tigers,,4855,s:40~l:54~a:4855,830d3381141bb83c5adaee8b2b5d561a,Erica White,E. White,,,,NA,,true,false,true,false,
2006,260570099,99,lsu-tigers,LSU,LSU Tigers,,3715,s:40~l:54~a:3715,e6a46d07dfc2f2055ba24fc51716a427,Scholanda Hoston,S. Hoston,,,,NA,,true,false,true,false,
2006,260570099,99,lsu-tigers,LSU,LSU Tigers,,2635,s:40~l:54~a:2635,3a7f24f2f739ca385df1c548e6def432,Seimone Augustus,S. Augustus,,,,NA,,true,false,true,false,
2006,260570213,194,ohio-state-buckeyes,OSU,Ohio State Buckeyes,,3831,s:40~l:54~a:3831,d7d474a42d3ed0200925eaf98d64417d,Jessica Davenport,J. Davenport,,,,NA,,true,false,true,false,
2006,260570213,194,ohio-state-buckeyes,OSU,Ohio State Buckeyes,,273,s:40~l:54~a:273,45121a17d956c514acaaaccb55a64980,Debbie Merrill,D. Merrill,,,,NA,,true,false,true,false,
2006,260570213,194,ohio-state-buckeyes,OSU,Ohio State Buckeyes,,4901,s:40~l:54~a:4901,a34dc975a399d5f36c8b8607a7ace096,Marscilla Packer,M. Packer,,,,NA,,true,false,true,false,
2006,260570213,194,ohio-state-buckeyes,OSU,Ohio State Buckeyes,,3833,s:40~l:54~a:3833,dc2ef3677a22bd7cc11af6c11b005875,Brandie Hoskins,B. Hoskins,,,,NA,,true,false,true,false,
2006,260570213,194,ohio-state-buckeyes,OSU,Ohio State Buckeyes,,1493,s:40~l:54~a:1493,4046c1dfdbd76f3b66c26e5d9340885a,Ashley Allen,A. Allen,,,,NA,,true,false,true,false,
2006,260570213,213,penn-state-lady-lions,PSU,Penn State Lady Lions,,5441,s:40~l:54~a:5441,83124cc301a2db7b5bbffb5f1b17b603,Brianne O'Rourke,B. O'Rourke,,,,G,,true,false,true,false,
2006,260570213,213,penn-state-lady-lions,PSU,Penn State Lady Lions,,3748,s:40~l:54~a:3748,047ad9d47adad2ddb828a059d22e61cc,Amanda Brown,A. Brown,,,,NA,,true,false,true,false,
2006,260570213,213,penn-state-lady-lions,PSU,Penn State Lady Lions,,5440,s:40~l:54~a:5440,48390b81fca2a1d32a906312765d9b63,Charity Renfro,C. Renfro,,,,NA,,true,false,true,false,
2006,260570213,213,penn-state-lady-lions,PSU,Penn State Lady Lions,,4830,s:40~l:54~a:4830,b7988f215a735da6d2b0b866629a0a53,Adrienne Squire,A. Squire,,,,NA,,true,false,true,false,
2006,260570213,213,penn-state-lady-lions,PSU,Penn State Lady Lions,,4025,s:40~l:54~a:4025,db740dfe70f9a9219461f71ecd5c1f33,Kamela Gissendanner,K. Gissendanner,,,,NA,,true,false,true,false,
2006,260570201,158,nebraska-cornhuskers,NEB,Nebraska Cornhuskers,,5485,s:40~l:54~a:5485,34247a80f296c7cfade320d05200d3d9,Kelsey Griffin,K. Griffin,,,23 ,F,,true,false,true,false,
2006,260570201,158,nebraska-cornhuskers,NEB,Nebraska Cornhuskers,,4444,s:40~l:54~a:4444,ea463666c3a08ec77624ad3578a790ec,Jessica Gerhart,J. Gerhart,,,,NA,,true,false,true,false,
2006,260570201,158,nebraska-cornhuskers,NEB,Nebraska Cornhuskers,,4443,s:40~l:54~a:4443,9241e6000a88dab178fa129042d26fb8,Chelsea Aubry,C. Aubry,,,,NA,,true,false,true,false,
2006,260570201,158,nebraska-cornhuskers,NEB,Nebraska Cornhuskers,,4445,s:40~l:54~a:4445,bfd98966673b1d441fd841b4d1021323,Kiera Hardy,K. Hardy,,,,NA,,true,false,true,false,
2006,260570201,158,nebraska-cornhuskers,NEB,Nebraska Cornhuskers,,8,s:40~l:54~a:8,25c7477837f1a3eb7ef6ac8a69496554,Latoya Howell,L. Howell,,,,NA,,true,false,true,false,
2006,260570201,201,oklahoma-sooners,OU,Oklahoma Sooners,,5118,s:40~l:54~a:5118,1834413d80b409a6fe840327a8e7993b,Courtney Paris,C. Paris,,,3  ,C,,true,false,true,false,
2006,260570201,201,oklahoma-sooners,OU,Oklahoma Sooners,,3814,s:40~l:54~a:3814,f156683781715a0d8cd075188ce2a1d8,Leah Rush,L. Rush,,,,NA,,true,false,true,false,
2006,260570201,201,oklahoma-sooners,OU,Oklahoma Sooners,,2441,s:40~l:54~a:2441,63605282146ccd85ab9cd2d246407a79,Beky Preston,B. Preston,,,,NA,,true,false,true,false,
2006,260570201,201,oklahoma-sooners,OU,Oklahoma Sooners,,3816,s:40~l:54~a:3816,7211db13851817d2dc714706e30b0134,Brittney Brown,B. Brown,,,,NA,,true,false,true,false,
2006,260570201,201,oklahoma-sooners,OU,Oklahoma Sooners,,2439,s:40~l:54~a:2439,6e87b835aabda7395e6d6b8a377a3f1e,Laura Andrews,L. Andrews,,,,NA,,true,false,true,false,
2006,260570052,103,boston-college-eagles,BC,Boston College Eagles,,3761,s:40~l:54~a:3761,5d645fde10bd56f1e4864c6ccdee3da2,Kathrin Ress,K. Ress,,,,NA,,true,false,true,false,
2006,260570052,103,boston-college-eagles,BC,Boston College Eagles,,2490,s:40~l:54~a:2490,e58a3cc8f750dc4f18406890db088d35,Brooke Queenan,B. Queenan,,,,NA,,true,false,true,false,
2006,260570052,103,boston-college-eagles,BC,Boston College Eagles,,2488,s:40~l:54~a:2488,f6c7787cbf97a74212b3d8ce366df57e,Lisa Macchia,L. Macchia,,,,NA,,true,false,true,false,
2006,260570052,103,boston-college-eagles,BC,Boston College Eagles,,3762,s:40~l:54~a:3762,c0bb33b56a8cd4876a301477331b33ae,Kindyll Dorsey,K. Dorsey,,,,NA,,true,false,true,false,
2006,260570052,103,boston-college-eagles,BC,Boston College Eagles,,2489,s:40~l:54~a:2489,949331de18702b48610ccdffc79e9a5f,Aja Parham,A. Parham,,,,NA,,true,false,true,false,
2006,260570052,52,florida-state-seminoles,FSU,Florida State Seminoles,,5389,s:40~l:54~a:5389,24537ea2fa9a54a4476dcee2c8e7f085,Britany Miller,B. Miller,,,,NA,,true,false,true,false,
2006,260570052,52,florida-state-seminoles,FSU,Florida State Seminoles,,4096,s:40~l:54~a:4096,2471a03b3f0c483848e8094fef4661c7,Alicia Gladden,A. Gladden,,,,NA,,true,false,true,false,
2006,260570052,52,florida-state-seminoles,FSU,Florida State Seminoles,,2537,s:40~l:54~a:2537,fd12cc34017e9ed79063e1c8bfac8340,Ganiyat Adeduntan,G. Adeduntan,,,,NA,,true,false,true,false,
2006,260570052,52,florida-state-seminoles,FSU,Florida State Seminoles,,2416,s:40~l:54~a:2416,9536f5a616f150c157f7cd7c1358dbfd,Holly Johnson,H. Johnson,,,,NA,,true,false,true,false,
2006,260570052,52,florida-state-seminoles,FSU,Florida State Seminoles,,572,s:40~l:54~a:572,d3cbd3e1a36a8aa2b8870e989dc4827b,LaQuinta Neely,L. Neely,,,,NA,,true,false,true,false,
2006,260580164,41,uconn-huskies,CONN,UConn Huskies,,2637,s:40~l:54~a:2637,131163c0c1e979b8607484d92145c5e3,Ann Strother,A. Strother,,,,NA,,true,false,true,false,
2006,260580164,41,uconn-huskies,CONN,UConn Huskies,,2535,s:40~l:54~a:2535,1fbe551ef9e11d425d8920dc61125e6b,Willnett Crockett,W. Crockett,,,,NA,,true,false,true,false,
2006,260580164,41,uconn-huskies,CONN,UConn Huskies,,2409,s:40~l:54~a:2409,3166c5ecd189f3f8d53632fe2f90913a,Barbara Turner,B. Turner,,,,NA,,true,false,true,false,
2006,260580164,41,uconn-huskies,CONN,UConn Huskies,,5104,s:40~l:54~a:5104,f122be3557ced75550d02221af209121,Renee Montgomery,R. Montgomery,,,,NA,,true,false,true,false,
2006,260580164,41,uconn-huskies,CONN,UConn Huskies,,2410,s:40~l:54~a:2410,56efb2414f093ff317ca52a41a8e8b7f,Nicole Wolff,N. Wolff,,,,NA,,true,false,true,false,
2006,260580164,164,rutgers-scarlet-knights,RUTG,Rutgers Scarlet Knights,,2400,s:40~l:54~a:2400,df7bd1b14c0efa91d7c658215d14c831,Michelle Campbell,M. Campbell,,,,NA,,true,false,true,false,
2006,260580164,164,rutgers-scarlet-knights,RUTG,Rutgers Scarlet Knights,,1697,s:40~l:54~a:1697,93667f99ba0590379d607e62ed0dfa59,Mariota Theodoris,M. Theodoris,,,,NA,,true,false,true,false,
2006,260580164,164,rutgers-scarlet-knights,RUTG,Rutgers Scarlet Knights,,4814,s:40~l:54~a:4814,d01e22db859a44a2b9b9460b8d49077b,Essence Carson,E. Carson,,,,NA,,true,false,true,false,
2006,260580164,164,rutgers-scarlet-knights,RUTG,Rutgers Scarlet Knights,,1695,s:40~l:54~a:1695,dab9f7ecbe8bcdb0d1f4c6e334e84a0a,Cappie Pondexter,C. Pondexter,,,,NA,,true,false,true,false,
2006,260580164,164,rutgers-scarlet-knights,RUTG,Rutgers Scarlet Knights,,2853,s:40~l:54~a:2853,7143f7f97cf4024646d96c76757f2b39,Courtney Locke,C. Locke,,,,NA,,true,true,true,false,
2006,260610238,333,alabama-crimson-tide,ALA,Alabama Crimson Tide,,3373,s:40~l:54~a:3373,32f69d7694b2a8b2ce76d195eec910cd,Dee Merriweather,D. Merriweather,,,,NA,,true,false,true,false,
2006,260610238,333,alabama-crimson-tide,ALA,Alabama Crimson Tide,,5435,s:40~l:54~a:5435,6124decdae552df4a00b7a158f9b3468,Harriet Barnes,H. Barnes,,,,NA,,true,false,true,false,
2006,260610238,333,alabama-crimson-tide,ALA,Alabama Crimson Tide,,3861,s:40~l:54~a:3861,4e05eb7e4d31ce85a25a8a4f6a17aa2b,Navonda Moore,N. Moore,,,,NA,,true,false,true,false,
2006,260610238,333,alabama-crimson-tide,ALA,Alabama Crimson Tide,,3371,s:40~l:54~a:3371,28e47db91bf114e3bfaf1b9f1ef4ae76,Kate Mastin,K. Mastin,,,,NA,,true,false,true,false,
2006,260610238,333,alabama-crimson-tide,ALA,Alabama Crimson Tide,,3370,s:40~l:54~a:3370,4a73eff30ecaca6041ee7d76e3ed5df6,Leah Drury,L. Drury,,,,NA,,true,false,true,false,
2006,260610238,238,vanderbilt-commodores,VAN,Vanderbilt Commodores,,3776,s:40~l:54~a:3776,20a3cf56ca4c4a4e1704b19976f87669,Carla Thomas,C. Thomas,,,,NA,,true,false,true,false,
2006,260610238,238,vanderbilt-commodores,VAN,Vanderbilt Commodores,,2644,s:40~l:54~a:2644,462cd6b09f78163dab33a7073d9b009a,Nicole Jules,N. Jules,,,,NA,,true,false,true,false,
2006,260610238,238,vanderbilt-commodores,VAN,Vanderbilt Commodores,,3778,s:40~l:54~a:3778,e3312e11d01fddfa4043843053d5f4a3,Dee Davis,D. Davis,,,,NA,,true,false,true,false,
2006,260610238,238,vanderbilt-commodores,VAN,Vanderbilt Commodores,,3777,s:40~l:54~a:3777,27f364985db4ee0f34454bcc1dcb28fc,Cherish Stringfield,C. Stringfield,,,,NA,,true,false,true,false,
2006,260610238,238,vanderbilt-commodores,VAN,Vanderbilt Commodores,,3775,s:40~l:54~a:3775,30c7799ec3ad7a48f2adc5317b6eca98,Caroline Williams,C. Williams,,,,NA,,true,false,true,false,
2006,260620153,258,virginia-cavaliers,UVA,Virginia Cavaliers,,3845,s:40~l:54~a:3845,9442a773e6873751f0917623bc308b49,Siedah Williams,S. Williams,,,,NA,,true,false,true,false,
2006,260620153,258,virginia-cavaliers,UVA,Virginia Cavaliers,,4926,s:40~l:54~a:4926,f28fecdce45270d437c47b8a71340bf4,Takisha Granberry,T. Granberry,,,,NA,,true,false,true,false,
2006,260620153,258,virginia-cavaliers,UVA,Virginia Cavaliers,,2504,s:40~l:54~a:2504,28a72ae02b454104f6c896f361b53911,Tiffany Sardin,T. Sardin,,,,NA,,true,false,true,false,
2006,260620153,258,virginia-cavaliers,UVA,Virginia Cavaliers,,4924,s:40~l:54~a:4924,42354c655b04c1a74bfec03de67c4cfa,Sharnee Zoll,S. Zoll,,,,NA,,true,false,true,false,
2006,260620153,258,virginia-cavaliers,UVA,Virginia Cavaliers,,3846,s:40~l:54~a:3846,16264e0e7bd4f3fbeeb9cedfc0ba3e0f,Brenna McGuire,B. McGuire,,,,NA,,true,false,true,false,
2006,260620153,153,north-carolina-tar-heels,UNC,North Carolina Tar Heels,,4820,s:40~l:54~a:4820,0de0ab274d44bdd6a591d5ef9dfbcb07,Erlana Larkins,E. Larkins,,,,NA,,true,false,true,false,
2006,260620153,153,north-carolina-tar-heels,UNC,North Carolina Tar Heels,,3754,s:40~l:54~a:3754,8ba41f63ad491766dd837fe6ccb34b98,Camille Little,C. Little,,,,NA,,true,false,true,false,
2006,260620153,153,north-carolina-tar-heels,UNC,North Carolina Tar Heels,,2647,s:40~l:54~a:2647,78fba069babc60e597c4b87df0c6edee,La'Tangela Atkinson,L. Atkinson,,,,NA,,true,false,true,false,
2006,260620153,153,north-carolina-tar-heels,UNC,North Carolina Tar Heels,,3755,s:40~l:54~a:3755,dfe2d840ee1f027b9d928e7dcd35a0cd,Ivory Latta,I. Latta,,,,NA,,true,false,true,false,
2006,260620153,153,north-carolina-tar-heels,UNC,North Carolina Tar Heels,,2648,s:40~l:54~a:2648,9078e72bb6a32f576c7dc680854bb426,Jessica Sell,J. Sell,,,,NA,,true,false,true,false,
2006,260620099,145,ole-miss-rebels,MISS,Ole Miss Rebels,,5358,s:40~l:54~a:5358,0ea08696bb86d69a6c8612781ac801f4,Shawn Goff,S. Goff,,,35 ,C,,true,false,true,false,
2006,260620099,145,ole-miss-rebels,MISS,Ole Miss Rebels,,5059,s:40~l:54~a:5059,f05616f7d52b91276ac1b735a2120bda,Jada Mincy,J. Mincy,,,,NA,,true,false,true,false,
2006,260620099,145,ole-miss-rebels,MISS,Ole Miss Rebels,,3906,s:40~l:54~a:3906,d5e968b13597755b99e8ba9e80328343,Ashley Awkward,A. Awkward,,,,NA,,true,false,true,false,
2006,260620099,145,ole-miss-rebels,MISS,Ole Miss Rebels,,3905,s:40~l:54~a:3905,141926eca0379580396c234584ac70c2,Armintie Herrington,A. Herrington,,,,NA,,true,false,true,false,
2006,260620099,145,ole-miss-rebels,MISS,Ole Miss Rebels,,3611,s:40~l:54~a:3611,9cee0dd9a86632005b6bc09dd327c18d,Ashley Johnson,A. Johnson,,,,NA,,true,false,true,false,
2006,260620099,99,lsu-tigers,LSU,LSU Tigers,,4834,s:40~l:54~a:4834,08e807cc398fe0f761ad0d448bfeb280,Sylvia Fowles,S. Fowles,,,,NA,,true,false,true,false,
2006,260620099,99,lsu-tigers,LSU,LSU Tigers,,5097,s:40~l:54~a:5097,50323e53b18c89f62e93b2404ae49315,Ashley Thomas,A. Thomas,,,,NA,,true,false,true,false,
2006,260620099,99,lsu-tigers,LSU,LSU Tigers,,4855,s:40~l:54~a:4855,830d3381141bb83c5adaee8b2b5d561a,Erica White,E. White,,,,NA,,true,false,true,false,
2006,260620099,99,lsu-tigers,LSU,LSU Tigers,,3715,s:40~l:54~a:3715,e6a46d07dfc2f2055ba24fc51716a427,Scholanda Hoston,S. Hoston,,,,NA,,true,false,true,false,
2006,260620099,99,lsu-tigers,LSU,LSU Tigers,,2635,s:40~l:54~a:2635,3a7f24f2f739ca385df1c548e6def432,Seimone Augustus,S. Augustus,,,,NA,,true,false,true,false,
2006,260620120,59,georgia-tech-yellow-jackets,GT,Georgia Tech Yellow Jackets,,4892,s:40~l:54~a:4892,ae3a94d8cb0b87c3051456202aab076a,Janie Mitchell,J. Mitchell,,,,NA,,true,false,true,false,
2006,260620120,59,georgia-tech-yellow-jackets,GT,Georgia Tech Yellow Jackets,,2521,s:40~l:54~a:2521,225a530fd61eb5ca84b9fa943ea9b6af,Kasha Terry,K. Terry,,,,NA,,true,false,true,false,
2006,260620120,59,georgia-tech-yellow-jackets,GT,Georgia Tech Yellow Jackets,,4894,s:40~l:54~a:4894,6f441a4e1a9f5a40a0b75ae3fa7c184e,Jill Ingram,J. Ingram,,,,NA,,true,false,true,false,
2006,260620120,59,georgia-tech-yellow-jackets,GT,Georgia Tech Yellow Jackets,,4893,s:40~l:54~a:4893,99bcc6497fce7a1f3554ab1d2aa4e9ee,Chioma Nnamaka,C. Nnamaka,,,,NA,,true,false,true,false,
2006,260620120,59,georgia-tech-yellow-jackets,GT,Georgia Tech Yellow Jackets,,3786,s:40~l:54~a:3786,7a89bf1dcec63d882c1ceb575fddcbec,Stephanie Higgs,S. Higgs,,,,NA,,true,false,true,false,
2006,260620120,120,maryland-terrapins,MD,Maryland Terrapins,,5138,s:40~l:54~a:5138,274318080866dcb8699a09d666d03f10,Marissa Coleman,M. Coleman,,,25 ,G,,true,false,true,false,
2006,260620120,120,maryland-terrapins,MD,Maryland Terrapins,,5135,s:40~l:54~a:5135,06f5a686cc19277ee9714ac54c2ded8f,Kristi Toliver,K. Toliver,,,20 ,G,,true,false,true,false,
2006,260620120,120,maryland-terrapins,MD,Maryland Terrapins,,4857,s:40~l:54~a:4857,54d95e907134bc5181e7e4e75360d98c,Crystal Langhorne,C. Langhorne,,,,NA,,true,false,true,false,
2006,260620120,120,maryland-terrapins,MD,Maryland Terrapins,,5139,s:40~l:54~a:5139,d42e6def5bf96553d0f6348a4d4925ed,Laura Harper,L. Harper,,,,NA,,true,false,true,false,
2006,260620120,120,maryland-terrapins,MD,Maryland Terrapins,,4864,s:40~l:54~a:4864,ea47d9ad50f1b328cf52ebc77eefb447,Ashleigh Newman,A. Newman,,,,NA,,true,false,true,false,
2006,260620194,213,penn-state-lady-lions,PSU,Penn State Lady Lions,,5441,s:40~l:54~a:5441,83124cc301a2db7b5bbffb5f1b17b603,Brianne O'Rourke,B. O'Rourke,,,,G,,true,false,true,false,
2006,260620194,213,penn-state-lady-lions,PSU,Penn State Lady Lions,,3748,s:40~l:54~a:3748,047ad9d47adad2ddb828a059d22e61cc,Amanda Brown,A. Brown,,,,NA,,true,false,true,false,
2006,260620194,213,penn-state-lady-lions,PSU,Penn State Lady Lions,,5440,s:40~l:54~a:5440,48390b81fca2a1d32a906312765d9b63,Charity Renfro,C. Renfro,,,,NA,,true,false,true,false,
2006,260620194,213,penn-state-lady-lions,PSU,Penn State Lady Lions,,4830,s:40~l:54~a:4830,b7988f215a735da6d2b0b866629a0a53,Adrienne Squire,A. Squire,,,,NA,,true,false,true,false,
2006,260620194,213,penn-state-lady-lions,PSU,Penn State Lady Lions,,4025,s:40~l:54~a:4025,db740dfe70f9a9219461f71ecd5c1f33,Kamela Gissendanner,K. Gissendanner,,,,NA,,true,false,true,false,
2006,260620194,194,ohio-state-buckeyes,OSU,Ohio State Buckeyes,,4901,s:40~l:54~a:4901,a34dc975a399d5f36c8b8607a7ace096,Marscilla Packer,M. Packer,,,,NA,,true,false,true,false,
2006,260620194,194,ohio-state-buckeyes,OSU,Ohio State Buckeyes,,3833,s:40~l:54~a:3833,dc2ef3677a22bd7cc11af6c11b005875,Brandie Hoskins,B. Hoskins,,,,NA,,true,false,true,false,
2006,260620194,194,ohio-state-buckeyes,OSU,Ohio State Buckeyes,,1493,s:40~l:54~a:1493,4046c1dfdbd76f3b66c26e5d9340885a,Ashley Allen,A. Allen,,,,NA,,true,false,true,false,
2006,260620194,194,ohio-state-buckeyes,OSU,Ohio State Buckeyes,,3831,s:40~l:54~a:3831,d7d474a42d3ed0200925eaf98d64417d,Jessica Davenport,J. Davenport,,,,NA,,true,false,true,false,
2006,260620194,194,ohio-state-buckeyes,OSU,Ohio State Buckeyes,,273,s:40~l:54~a:273,45121a17d956c514acaaaccb55a64980,Debbie Merrill,D. Merrill,,,,NA,,true,false,true,false,
2006,260622633,2,auburn-tigers,AUB,Auburn Tigers,,5309,s:40~l:54~a:5309,d0ce82e6ee1cd471d85ce20f188f943c,Keke Carrier,K. Carrier,,,33 ,C,,true,false,true,false,
2006,260622633,2,auburn-tigers,AUB,Auburn Tigers,,5307,s:40~l:54~a:5307,c0f9da7d3022f41c7c8d84a3bd23a0a4,Whitney Boddie,W. Boddie,,,44 ,G,,true,false,true,false,
2006,260622633,2,auburn-tigers,AUB,Auburn Tigers,,5306,s:40~l:54~a:5306,74bfe6090fcbe955df3ee206e06a3a6a,DeWanna Bonner,D. Bonner,,,24 ,G,,true,false,true,false,
2006,260622633,2,auburn-tigers,AUB,Auburn Tigers,,3584,s:40~l:54~a:3584,bed941fb72291e76d14fb860873df867,Marita Payne,M. Payne,,,,NA,,true,false,true,false,
2006,260622633,2,auburn-tigers,AUB,Auburn Tigers,,2426,s:40~l:54~a:2426,9dc92d79d8620726af15e6dc05598821,Nitasha Brown,N. Brown,,,,NA,,true,false,true,false,
2006,260622633,2633,tennessee-lady-volunteers,TENN,Tennessee Lady Volunteers,,2632,s:40~l:54~a:2632,d54dd215e222e4239903f408b6257423,Tyesha Fluker,T. Fluker,,,,NA,,true,false,true,false,
2006,260622633,2633,tennessee-lady-volunteers,TENN,Tennessee Lady Volunteers,,5145,s:40~l:54~a:5145,61b484e2521ea0b301d4e85c791af05c,Candace Parker,C. Parker,,,,NA,,true,false,true,false,
2006,260622633,2633,tennessee-lady-volunteers,TENN,Tennessee Lady Volunteers,,4839,s:40~l:54~a:4839,eb2e5d775349b53cc2cd1cff1d06fe67,Nicky Anosike,N. Anosike,,,,NA,,true,false,true,false,
2006,260622633,2633,tennessee-lady-volunteers,TENN,Tennessee Lady Volunteers,,3707,s:40~l:54~a:3707,70c6703f052213c777a20dd7ff64b712,Sidney Spencer,S. Spencer,,,,NA,,true,false,true,false,
2006,260622633,2633,tennessee-lady-volunteers,TENN,Tennessee Lady Volunteers,,2633,s:40~l:54~a:2633,c2ee79eb6ce4e1f61b40f49f0404c074,Shanna Zolman,S. Zolman,,,,NA,,true,false,true,false,
2006,260620061,238,vanderbilt-commodores,VAN,Vanderbilt Commodores,,3776,s:40~l:54~a:3776,20a3cf56ca4c4a4e1704b19976f87669,Carla Thomas,C. Thomas,,,,NA,,true,false,true,false,
2006,260620061,238,vanderbilt-commodores,VAN,Vanderbilt Commodores,,3775,s:40~l:54~a:3775,30c7799ec3ad7a48f2adc5317b6eca98,Caroline Williams,C. Williams,,,,NA,,true,false,true,false,
2006,260620061,238,vanderbilt-commodores,VAN,Vanderbilt Commodores,,2644,s:40~l:54~a:2644,462cd6b09f78163dab33a7073d9b009a,Nicole Jules,N. Jules,,,,NA,,true,false,true,false,
2006,260620061,238,vanderbilt-commodores,VAN,Vanderbilt Commodores,,3778,s:40~l:54~a:3778,e3312e11d01fddfa4043843053d5f4a3,Dee Davis,D. Davis,,,,NA,,true,false,true,false,
2006,260620061,238,vanderbilt-commodores,VAN,Vanderbilt Commodores,,3777,s:40~l:54~a:3777,27f364985db4ee0f34454bcc1dcb28fc,Cherish Stringfield,C. Stringfield,,,,NA,,true,false,true,false,
2006,260620061,61,georgia-lady-bulldogs,UGA,Georgia Lady Bulldogs,,5087,s:40~l:54~a:5087,ba5bf9e08de419ae09a040a7e40e58d5,Humphrey Tasha,H. Tasha,,,,NA,,true,false,true,false,
2006,260620061,61,georgia-lady-bulldogs,UGA,Georgia Lady Bulldogs,,5086,s:40~l:54~a:5086,3cd1fac4f61a6b49c181fd6d7e05f58f,Darrah Megan,D. Megan,,,,NA,,true,false,true,false,
2006,260620061,61,georgia-lady-bulldogs,UGA,Georgia Lady Bulldogs,,5090,s:40~l:54~a:5090,c90d4b3df7d1d74fcf1af7fc4f8c8a36,Chambers Cori,C. Cori,,,,NA,,true,false,true,false,
2006,260620061,61,georgia-lady-bulldogs,UGA,Georgia Lady Bulldogs,,5089,s:40~l:54~a:5089,96f72ea9acb2208d6494cbf484cc4232,Kendrick Alexis,K. Alexis,,,,NA,,true,false,true,false,
2006,260620061,61,georgia-lady-bulldogs,UGA,Georgia Lady Bulldogs,,5088,s:40~l:54~a:5088,a17cbcefdb413b1be583e2e07c0e7d7a,Baker Sherill,B. Sherill,,,,NA,,true,false,true,false,
2006,260622509,356,illinois-fighting-illini,ILL,Illinois Fighting Illini,,5499,s:40~l:54~a:5499,58fd34ed987cdebf518eb72b373e0d57,Lori Bjork,L. Bjork,,,,G,,true,false,true,false,
2006,260622509,356,illinois-fighting-illini,ILL,Illinois Fighting Illini,,5498,s:40~l:54~a:5498,c923530dc23ff5f923fa2aedad8b9250,Wigley Erin,W. Erin,,,,NA,,true,false,true,false,
2006,260622509,356,illinois-fighting-illini,ILL,Illinois Fighting Illini,,3590,s:40~l:54~a:3590,85ac6a89540ae0a7155d819ee5db2578,Janelle Hughes,J. Hughes,,,,NA,,true,false,true,false,
2006,260622509,356,illinois-fighting-illini,ILL,Illinois Fighting Illini,,3368,s:40~l:54~a:3368,4abc905c76c7eeba52bbd3b82b0f31cd,Maggie Acuna,M. Acuna,,,,NA,,true,false,true,false,
2006,260622509,356,illinois-fighting-illini,ILL,Illinois Fighting Illini,,5500,s:40~l:54~a:5500,b8440228c9924e187dcb83484f71b14c,Hughes Janelle,H. Janelle,,,,NA,,true,true,true,false,
2006,260622509,356,illinois-fighting-illini,ILL,Illinois Fighting Illini,,5497,s:40~l:54~a:5497,08169553adf7e58f5b0d8e40dfd3b574,Tabon Audrey,T. Audrey,,,,NA,,false,false,false,false,
2006,260622509,2509,purdue-boilermakers,PUR,Purdue Boilermakers,,3726,s:40~l:54~a:3726,e393049a5d36b85d573c18f7f6e414e7,Katie Gearlds,K. Gearlds,,,,NA,,true,false,true,false,
2006,260622509,2509,purdue-boilermakers,PUR,Purdue Boilermakers,,2468,s:40~l:54~a:2468,00a69fb6888c8a2589587f79913d53c0,Sharika Webb,S. Webb,,,,NA,,true,false,true,false,
2006,260622509,2509,purdue-boilermakers,PUR,Purdue Boilermakers,,5278,s:40~l:54~a:5278,3b2bb529fa0fac3cc8909a682a95a6de,Lindsay Wisdomhylton,L. Wisdomhylton,,,,NA,,true,false,true,false,
2006,260622509,2509,purdue-boilermakers,PUR,Purdue Boilermakers,,3724,s:40~l:54~a:3724,9c4848c80a777e86150539b6968d2fc2,Erin Lawless,E. Lawless,,,,NA,,true,false,true,false,
2006,260622509,2509,purdue-boilermakers,PUR,Purdue Boilermakers,,3723,s:40~l:54~a:3723,c1387572be7fcdd5af8a477df5abaf94,Aya Traore,A. Traore,,,,NA,,true,false,true,false,
2006,260620127,2294,iowa-hawkeyes,IOWA,Iowa Hawkeyes,,5465,s:40~l:54~a:5465,f3f813504bb84ebf0259f28532187184,Megan Skouby,M. Skouby,,,,C,,true,false,true,false,
2006,260620127,2294,iowa-hawkeyes,IOWA,Iowa Hawkeyes,,5466,s:40~l:54~a:5466,3f4453d8e2b0a6cd9375bdc0c4be1da6,Kristi Smith,K. Smith,,,,G,,true,false,true,false,
2006,260620127,2294,iowa-hawkeyes,IOWA,Iowa Hawkeyes,,5464,s:40~l:54~a:5464,4528c65a3525a46858b802067085a4a2,Krista Vandeventer,K. Vandeventer,,,,NA,,true,false,true,false,
2006,260620127,2294,iowa-hawkeyes,IOWA,Iowa Hawkeyes,,3114,s:40~l:54~a:3114,4f9f2bb130b658d431f7dc5fffd2179f,Tiffany Reedy,T. Reedy,,,,NA,,true,false,true,false,
2006,260620127,2294,iowa-hawkeyes,IOWA,Iowa Hawkeyes,,3116,s:40~l:54~a:3116,54b3e3efff2a1276cb0818114ea0433a,Crystal Smith,C. Smith,,,,NA,,true,false,true,false,
2006,260620127,127,michigan-state-spartans,MSU,Michigan State Spartans,,5147,s:40~l:54~a:5147,6e58bf3bf450a7819ca55c6589545dde,Aisha Jefferson,A. Jefferson,,,22 ,F,,true,false,true,false,
2006,260620127,127,michigan-state-spartans,MSU,Michigan State Spartans,,3299,s:40~l:54~a:3299,a159c264237959ed9847622dd9d84765,Liz Shimek,L. Shimek,,,,NA,,true,false,true,false,
2006,260620127,127,michigan-state-spartans,MSU,Michigan State Spartans,,4087,s:40~l:54~a:4087,24ae83fb999e83d62397aa50ef8f35d4,Rene Haynes,R. Haynes,,,,NA,,true,false,true,false,
2006,260620127,127,michigan-state-spartans,MSU,Michigan State Spartans,,4086,s:40~l:54~a:4086,13b8bb5a81dd1e8cbd8cebcef9ff82ee,Victoria Lucas-Perry,V. Lucas-Perry,,,,NA,,true,false,true,false,
2006,260620127,127,michigan-state-spartans,MSU,Michigan State Spartans,,3295,s:40~l:54~a:3295,10067a6e48be3f41d86fac21fdc8d093,Lindsay Bowen,L. Bowen,,,,NA,,true,false,true,false,
2006,260620135,84,indiana-hoosiers,IU,Indiana Hoosiers,,5476,s:40~l:54~a:5476,a8de980bdbb9abba509218962351435e,Whitney Thomas,W. Thomas,,,11 ,F,,true,false,true,false,
2006,260620135,84,indiana-hoosiers,IU,Indiana Hoosiers,,4669,s:40~l:54~a:4669,ca94c06b490354a4fcf3c2488996c2b8,Carrie Smith,C. Smith,,,,NA,,true,false,true,false,
2006,260620135,84,indiana-hoosiers,IU,Indiana Hoosiers,,3256,s:40~l:54~a:3256,7a061265224dd24cb7d373bec736081c,Cyndi Valentin,C. Valentin,,,,NA,,true,false,true,false,
2006,260620135,84,indiana-hoosiers,IU,Indiana Hoosiers,,3259,s:40~l:54~a:3259,32c58fff1b67b9e6b070fcc3cb69e01b,Angela Hawkins,A. Hawkins,,,,NA,,true,false,true,false,
2006,260620135,84,indiana-hoosiers,IU,Indiana Hoosiers,,853,s:40~l:54~a:853,e24522e14ee60cdf9882668eef4cedab,Jenny DeMuth,J. DeMuth,,,,NA,,true,false,true,false,
2006,260620135,135,minnesota-golden-gophers,MINN,Minnesota Golden Gophers,,4877,s:40~l:54~a:4877,d5e77cdd11ccefa29f4fa58b0b8d0891,Natasha Williams,N. Williams,,,,NA,,true,false,true,false,
2006,260620135,135,minnesota-golden-gophers,MINN,Minnesota Golden Gophers,,3752,s:40~l:54~a:3752,3a644d72dd1461794d44740842678365,Kelly Roysland,K. Roysland,,,,NA,,true,false,true,false,
2006,260620135,135,minnesota-golden-gophers,MINN,Minnesota Golden Gophers,,2655,s:40~l:54~a:2655,0aa092835f3627b3cdc40a286d4d46e8,Shannon Schonrock,S. Schonrock,,,,NA,,true,false,true,false,
2006,260620135,135,minnesota-golden-gophers,MINN,Minnesota Golden Gophers,,3751,s:40~l:54~a:3751,144aeb5e430d8e894d9b9e008fe31657,Jaime Broback,J. Broback,,,,NA,,true,false,true,false,
2006,260620135,135,minnesota-golden-gophers,MINN,Minnesota Golden Gophers,,2656,s:40~l:54~a:2656,c554c85841bc8ee7aa542ce388bf3f9c,Shannon Bolden,S. Bolden,,,,NA,,true,false,true,false,
2006,260632635,2546,southeast-missouri-state-redhawks,SEMO,Southeast Missouri State Redhawks,,5521,s:40~l:54~a:5521,3c0fcf2d7001ea4c327a2a3fb95619e0,Tarina Nixon,T. Nixon,,,12 ,G,,true,false,true,false,
2006,260632635,2546,southeast-missouri-state-redhawks,SEMO,Southeast Missouri State Redhawks,,5519,s:40~l:54~a:5519,c57819794c91eebeea3e27617ad0b0ef,Tatiana Conceicao,T. Conceicao,,,,NA,,true,false,true,false,
2006,260632635,2546,southeast-missouri-state-redhawks,SEMO,Southeast Missouri State Redhawks,,5518,s:40~l:54~a:5518,a081dde8df95bf156f2109e0a3a9cbb7,Natalie Purcell,N. Purcell,,,,NA,,true,false,true,false,
2006,260632635,2546,southeast-missouri-state-redhawks,SEMO,Southeast Missouri State Redhawks,,5517,s:40~l:54~a:5517,b46f035fe14bde21471ab84c3d4da149,Simone Jackson,S. Jackson,,,,NA,,true,false,true,false,
2006,260632635,2546,southeast-missouri-state-redhawks,SEMO,Southeast Missouri State Redhawks,,5520,s:40~l:54~a:5520,3374374a615ccb8eb3161d8837f2ad08,Wanika Owsley,W. Owsley,,,,NA,,true,false,true,false,
2006,260632635,2635,tennessee-tech-golden-eagles,TNTC,Tennessee Tech Golden Eagles,,5525,s:40~l:54~a:5525,6b0f2baaba6cff0d115dcca79a725dc9,Meagan Lyons,M. Lyons,,,,G,,true,false,true,false,
2006,260632635,2635,tennessee-tech-golden-eagles,TNTC,Tennessee Tech Golden Eagles,,3240,s:40~l:54~a:3240,a817eef5a976e3f3d10ca37b082ebcc9,Emily Christian,E. Christian,,,,NA,,true,false,true,false,
2006,260632635,2635,tennessee-tech-golden-eagles,TNTC,Tennessee Tech Golden Eagles,,5524,s:40~l:54~a:5524,25deb8d69fe7a3aef5b9ddecd3584527,Kendall Cavin,K. Cavin,,,,NA,,true,false,true,false,
2006,260632635,2635,tennessee-tech-golden-eagles,TNTC,Tennessee Tech Golden Eagles,,5523,s:40~l:54~a:5523,67aa2975bd1ea278b546fbe1e3d59cfa,Jana Reece,J. Reece,,,,NA,,true,false,true,false,
2006,260632635,2635,tennessee-tech-golden-eagles,TNTC,Tennessee Tech Golden Eagles,,5522,s:40~l:54~a:5522,11b426d07b28835fe6675e4277a37848,Deanna Apple,D. Apple,,,,NA,,true,false,true,false,
2006,260632737,2272,high-point-panthers,HPU,High Point Panthers,,5508,s:40~l:54~a:5508,bd15a31549c7ba20648cad7f89710c1c,Moses Sonko,M. Sonko,,,,NA,,true,true,true,false,
2006,260632737,2272,high-point-panthers,HPU,High Point Panthers,,5507,s:40~l:54~a:5507,0c79e712157d19cd1c7c1d7351097a28,Joseph Harris,J. Harris,,,,NA,,true,true,true,false,
2006,260632737,2272,high-point-panthers,HPU,High Point Panthers,,5511,s:40~l:54~a:5511,b37c2174f3621650abf36aa50d74196b,Pele Paelay,P. Paelay,,,,NA,,true,true,true,false,
2006,260632737,2272,high-point-panthers,HPU,High Point Panthers,,5510,s:40~l:54~a:5510,41aa9c25acba4e312d166678ebccb1c6,Jack Leasure,J. Leasure,,,,NA,,true,true,true,false,
2006,260632737,2272,high-point-panthers,HPU,High Point Panthers,,5509,s:40~l:54~a:5509,350df2d2b29444a36648cf358bd9de2a,Colin Stevens,C. Stevens,,,,NA,,true,true,true,false,
2006,260632737,2737,winthrop-eagles,WIN,Winthrop Eagles,,5514,s:40~l:54~a:5514,95c7757f2be153352d3d98d186fcf642,Craig Bradshaw,C. Bradshaw,,,,NA,,true,true,true,false,
2006,260632737,2737,winthrop-eagles,WIN,Winthrop Eagles,,5513,s:40~l:54~a:5513,28238222119adeb47acbf82c50d5cf20,Phillip Williams,P. Williams,,,,NA,,true,true,true,false,
2006,260632737,2737,winthrop-eagles,WIN,Winthrop Eagles,,5512,s:40~l:54~a:5512,b65ce67a19735b50a7c5f77279f1774a,James Shuler,J. Shuler,,,,NA,,true,true,true,false,
2006,260632737,2737,winthrop-eagles,WIN,Winthrop Eagles,,5516,s:40~l:54~a:5516,38fc39552e1488f43535497b6ab40b0d,Torrell Martin,T. Martin,,,,NA,,true,true,true,false,
2006,260632737,2737,winthrop-eagles,WIN,Winthrop Eagles,,5515,s:40~l:54~a:5515,d7c5e0bee445d815be3e6114dd054737,Chris Gaynor,C. Gaynor,,,,NA,,true,true,true,false,
2006,260640153,120,maryland-terrapins,MD,Maryland Terrapins,,5138,s:40~l:54~a:5138,274318080866dcb8699a09d666d03f10,Marissa Coleman,M. Coleman,,,25 ,G,,true,false,true,false,
2006,260640153,120,maryland-terrapins,MD,Maryland Terrapins,,5135,s:40~l:54~a:5135,06f5a686cc19277ee9714ac54c2ded8f,Kristi Toliver,K. Toliver,,,20 ,G,,true,false,true,false,
2006,260640153,120,maryland-terrapins,MD,Maryland Terrapins,,4857,s:40~l:54~a:4857,54d95e907134bc5181e7e4e75360d98c,Crystal Langhorne,C. Langhorne,,,,NA,,true,false,true,false,
2006,260640153,120,maryland-terrapins,MD,Maryland Terrapins,,4864,s:40~l:54~a:4864,ea47d9ad50f1b328cf52ebc77eefb447,Ashleigh Newman,A. Newman,,,,NA,,true,false,true,false,
2006,260640153,120,maryland-terrapins,MD,Maryland Terrapins,,5139,s:40~l:54~a:5139,d42e6def5bf96553d0f6348a4d4925ed,Laura Harper,L. Harper,,,,NA,,true,false,true,false,
2006,260640153,153,north-carolina-tar-heels,UNC,North Carolina Tar Heels,,4820,s:40~l:54~a:4820,0de0ab274d44bdd6a591d5ef9dfbcb07,Erlana Larkins,E. Larkins,,,,NA,,true,false,true,false,
2006,260640153,153,north-carolina-tar-heels,UNC,North Carolina Tar Heels,,3754,s:40~l:54~a:3754,8ba41f63ad491766dd837fe6ccb34b98,Camille Little,C. Little,,,,NA,,true,false,true,false,
2006,260640153,153,north-carolina-tar-heels,UNC,North Carolina Tar Heels,,2647,s:40~l:54~a:2647,78fba069babc60e597c4b87df0c6edee,La'Tangela Atkinson,L. Atkinson,,,,NA,,true,false,true,false,
2006,260640153,153,north-carolina-tar-heels,UNC,North Carolina Tar Heels,,3755,s:40~l:54~a:3755,dfe2d840ee1f027b9d928e7dcd35a0cd,Ivory Latta,I. Latta,,,,NA,,true,false,true,false,
2006,260640153,153,north-carolina-tar-heels,UNC,North Carolina Tar Heels,,2648,s:40~l:54~a:2648,9078e72bb6a32f576c7dc680854bb426,Jessica Sell,J. Sell,,,,NA,,true,false,true,false,
2006,260640099,2633,tennessee-lady-volunteers,TENN,Tennessee Lady Volunteers,,2632,s:40~l:54~a:2632,d54dd215e222e4239903f408b6257423,Tyesha Fluker,T. Fluker,,,,NA,,true,false,true,false,
2006,260640099,2633,tennessee-lady-volunteers,TENN,Tennessee Lady Volunteers,,5145,s:40~l:54~a:5145,61b484e2521ea0b301d4e85c791af05c,Candace Parker,C. Parker,,,,NA,,true,false,true,false,
2006,260640099,2633,tennessee-lady-volunteers,TENN,Tennessee Lady Volunteers,,4839,s:40~l:54~a:4839,eb2e5d775349b53cc2cd1cff1d06fe67,Nicky Anosike,N. Anosike,,,,NA,,true,false,true,false,
2006,260640099,2633,tennessee-lady-volunteers,TENN,Tennessee Lady Volunteers,,3707,s:40~l:54~a:3707,70c6703f052213c777a20dd7ff64b712,Sidney Spencer,S. Spencer,,,,NA,,true,false,true,false,
2006,260640099,2633,tennessee-lady-volunteers,TENN,Tennessee Lady Volunteers,,2633,s:40~l:54~a:2633,c2ee79eb6ce4e1f61b40f49f0404c074,Shanna Zolman,S. Zolman,,,,NA,,true,false,true,false,
2006,260640099,99,lsu-tigers,LSU,LSU Tigers,,4834,s:40~l:54~a:4834,08e807cc398fe0f761ad0d448bfeb280,Sylvia Fowles,S. Fowles,,,,NA,,true,false,true,false,
2006,260640099,99,lsu-tigers,LSU,LSU Tigers,,5097,s:40~l:54~a:5097,50323e53b18c89f62e93b2404ae49315,Ashley Thomas,A. Thomas,,,,NA,,true,false,true,false,
2006,260640099,99,lsu-tigers,LSU,LSU Tigers,,4855,s:40~l:54~a:4855,830d3381141bb83c5adaee8b2b5d561a,Erica White,E. White,,,,NA,,true,false,true,false,
2006,260640099,99,lsu-tigers,LSU,LSU Tigers,,3715,s:40~l:54~a:3715,e6a46d07dfc2f2055ba24fc51716a427,Scholanda Hoston,S. Hoston,,,,NA,,true,false,true,false,
2006,260640099,99,lsu-tigers,LSU,LSU Tigers,,2635,s:40~l:54~a:2635,3a7f24f2f739ca385df1c548e6def432,Seimone Augustus,S. Augustus,,,,NA,,true,false,true,false,
2006,260640194,127,michigan-state-spartans,MSU,Michigan State Spartans,,5147,s:40~l:54~a:5147,6e58bf3bf450a7819ca55c6589545dde,Aisha Jefferson,A. Jefferson,,,22 ,F,,true,false,true,false,
2006,260640194,127,michigan-state-spartans,MSU,Michigan State Spartans,,3299,s:40~l:54~a:3299,a159c264237959ed9847622dd9d84765,Liz Shimek,L. Shimek,,,,NA,,true,false,true,false,
2006,260640194,127,michigan-state-spartans,MSU,Michigan State Spartans,,4087,s:40~l:54~a:4087,24ae83fb999e83d62397aa50ef8f35d4,Rene Haynes,R. Haynes,,,,NA,,true,false,true,false,
2006,260640194,127,michigan-state-spartans,MSU,Michigan State Spartans,,4086,s:40~l:54~a:4086,13b8bb5a81dd1e8cbd8cebcef9ff82ee,Victoria Lucas-Perry,V. Lucas-Perry,,,,NA,,true,false,true,false,
2006,260640194,127,michigan-state-spartans,MSU,Michigan State Spartans,,3295,s:40~l:54~a:3295,10067a6e48be3f41d86fac21fdc8d093,Lindsay Bowen,L. Bowen,,,,NA,,true,false,true,false,
2006,260640194,194,ohio-state-buckeyes,OSU,Ohio State Buckeyes,,3831,s:40~l:54~a:3831,d7d474a42d3ed0200925eaf98d64417d,Jessica Davenport,J. Davenport,,,,NA,,true,false,true,false,
2006,260640194,194,ohio-state-buckeyes,OSU,Ohio State Buckeyes,,273,s:40~l:54~a:273,45121a17d956c514acaaaccb55a64980,Debbie Merrill,D. Merrill,,,,NA,,true,false,true,false,
2006,260640194,194,ohio-state-buckeyes,OSU,Ohio State Buckeyes,,4901,s:40~l:54~a:4901,a34dc975a399d5f36c8b8607a7ace096,Marscilla Packer,M. Packer,,,,NA,,true,false,true,false,
2006,260640194,194,ohio-state-buckeyes,OSU,Ohio State Buckeyes,,3833,s:40~l:54~a:3833,dc2ef3677a22bd7cc11af6c11b005875,Brandie Hoskins,B. Hoskins,,,,NA,,true,false,true,false,
2006,260640194,194,ohio-state-buckeyes,OSU,Ohio State Buckeyes,,1493,s:40~l:54~a:1493,4046c1dfdbd76f3b66c26e5d9340885a,Ashley Allen,A. Allen,,,,NA,,true,false,true,false,
2006,260640164,222,villanova-wildcats,VILL,Villanova Wildcats,,4934,s:40~l:54~a:4934,ccb3981273e50b199dc56213cf187b7a,Siobhan O'Connor,S. O'Connor,,,,G,,true,true,true,false,
2006,260640164,222,villanova-wildcats,VILL,Villanova Wildcats,,5217,s:40~l:54~a:5217,8fa87889085bd40e0b928764d873f8a6,Kate Mager,K. Mager,,,,NA,,true,true,true,false,
2006,260640164,222,villanova-wildcats,VILL,Villanova Wildcats,,2677,s:40~l:54~a:2677,3a7f5fe3b9b73798acdda91db9d5b729,Jackie Adamshick,J. Adamshick,,,,NA,,true,true,true,false,
2006,260640164,222,villanova-wildcats,VILL,Villanova Wildcats,,2686,s:40~l:54~a:2686,cda38bc04e0d933f6ec91cb950bbdc9f,Jenna Viani,J. Viani,,,,NA,,true,true,true,false,
2006,260640164,222,villanova-wildcats,VILL,Villanova Wildcats,,2680,s:40~l:54~a:2680,b38263884aad8bfd17971602f655c265,Betsy McManus,B. McManus,,,,NA,,true,true,true,false,
2006,260640164,164,rutgers-scarlet-knights,RUTG,Rutgers Scarlet Knights,,2400,s:40~l:54~a:2400,df7bd1b14c0efa91d7c658215d14c831,Michelle Campbell,M. Campbell,,,,NA,,true,true,true,false,
2006,260640164,164,rutgers-scarlet-knights,RUTG,Rutgers Scarlet Knights,,4816,s:40~l:54~a:4816,e32515ecd622f27d9b0367d9b3f2a809,Matee Ajavon,M. Ajavon,,,,NA,,true,true,true,false,
2006,260640164,164,rutgers-scarlet-knights,RUTG,Rutgers Scarlet Knights,,4814,s:40~l:54~a:4814,d01e22db859a44a2b9b9460b8d49077b,Essence Carson,E. Carson,,,,NA,,true,true,true,false,
2006,260640164,164,rutgers-scarlet-knights,RUTG,Rutgers Scarlet Knights,,2853,s:40~l:54~a:2853,7143f7f97cf4024646d96c76757f2b39,Courtney Locke,C. Locke,,,,NA,,true,true,true,false,
2006,260640164,164,rutgers-scarlet-knights,RUTG,Rutgers Scarlet Knights,,1695,s:40~l:54~a:1695,dab9f7ecbe8bcdb0d1f4c6e334e84a0a,Cappie Pondexter,C. Pondexter,,,,NA,,true,true,true,false,
2006,260640041,87,notre-dame-fighting-irish,ND,Notre Dame Fighting Irish,,5153,s:40~l:54~a:5153,a33c8bdab69c5b0891935be07ffd81a1,Lindsay Schrader,L. Schrader,,,24 ,G,,true,false,true,false,
2006,260640041,87,notre-dame-fighting-irish,ND,Notre Dame Fighting Irish,,2438,s:40~l:54~a:2438,f0060511d7f5adcba68bd0078ba21086,Courtney LaVere,C. LaVere,,,,NA,,true,false,true,false,
2006,260640041,87,notre-dame-fighting-irish,ND,Notre Dame Fighting Irish,,4812,s:40~l:54~a:4812,25b3529d817a2950947a78a48dbde1bf,Tulyah Gaines,T. Gaines,,,,NA,,true,false,true,false,
2006,260640041,87,notre-dame-fighting-irish,ND,Notre Dame Fighting Irish,,3783,s:40~l:54~a:3783,bb74cc9ce5a60d8e7cfcaa19604e2422,Breona Gray,B. Gray,,,,NA,,true,false,true,false,
2006,260640041,87,notre-dame-fighting-irish,ND,Notre Dame Fighting Irish,,2437,s:40~l:54~a:2437,409fab7b1c67274f3ff8f070f97034e8,Megan Duffy,M. Duffy,,,,NA,,true,false,true,false,
2006,260640041,41,uconn-huskies,CONN,UConn Huskies,,2637,s:40~l:54~a:2637,131163c0c1e979b8607484d92145c5e3,Ann Strother,A. Strother,,,,NA,,true,false,true,false,
2006,260640041,41,uconn-huskies,CONN,UConn Huskies,,2535,s:40~l:54~a:2535,1fbe551ef9e11d425d8920dc61125e6b,Willnett Crockett,W. Crockett,,,,NA,,true,false,true,false,
2006,260640041,41,uconn-huskies,CONN,UConn Huskies,,2409,s:40~l:54~a:2409,3166c5ecd189f3f8d53632fe2f90913a,Barbara Turner,B. Turner,,,,NA,,true,false,true,false,
2006,260640041,41,uconn-huskies,CONN,UConn Huskies,,5104,s:40~l:54~a:5104,f122be3557ced75550d02221af209121,Renee Montgomery,R. Montgomery,,,,NA,,true,false,true,false,
2006,260640041,41,uconn-huskies,CONN,UConn Huskies,,4827,s:40~l:54~a:4827,a60aeada6ce540be068e6ad92b3b9bc0,Mel Thomas,M. Thomas,,,,NA,,true,false,true,false,
2006,260640009,26,ucla-bruins,UCLA,UCLA Bruins,,4897,s:40~l:54~a:4897,c65140ba6355155cec3a4cec4e6c77ca,Lindsey Pluimer,L. Pluimer,,,,NA,,true,false,true,false,
2006,260640009,26,ucla-bruins,UCLA,UCLA Bruins,,4102,s:40~l:54~a:4102,154c9df1816931e0ff3f374b2899226f,Amanda Livingston,A. Livingston,,,,NA,,true,false,true,false,
2006,260640009,26,ucla-bruins,UCLA,UCLA Bruins,,4101,s:40~l:54~a:4101,804453a093f87549d0587066637ee0b9,Noelle Quinn,N. Quinn,,,,NA,,true,false,true,false,
2006,260640009,26,ucla-bruins,UCLA,UCLA Bruins,,3159,s:40~l:54~a:3159,5a598c9488f78d0fcbff943e39b6fd8f,Nikki Blue,N. Blue,,,,NA,,true,false,true,false,
2006,260640009,26,ucla-bruins,UCLA,UCLA Bruins,,2397,s:40~l:54~a:2397,a538e48727307294d4007760fb665f1b,Lisa Willis,L. Willis,,,,NA,,true,false,true,false,
2006,260640009,9,arizona-state-sun-devils,ASU,Arizona State Sun Devils,,3842,s:40~l:54~a:3842,fd57da4745de397b8fd78369d112b315,Aubree Johnson,A. Johnson,,,,NA,,true,false,true,false,
2006,260640009,9,arizona-state-sun-devils,ASU,Arizona State Sun Devils,,3841,s:40~l:54~a:3841,c3266714953998f2a38f0dfdfbcf07d8,Emily Westerberg,E. Westerberg,,,,NA,,true,false,true,false,
2006,260640009,9,arizona-state-sun-devils,ASU,Arizona State Sun Devils,,2402,s:40~l:54~a:2402,f656434affdd605660450dfba8b872fe,Kristen Kovesdy,K. Kovesdy,,,,NA,,true,false,true,false,
2006,260640009,9,arizona-state-sun-devils,ASU,Arizona State Sun Devils,,4928,s:40~l:54~a:4928,0ea3fe8a56329a6c681b922bd5764e4d,Reagan Pariseau,R. Pariseau,,,,NA,,true,false,true,false,
2006,260640009,9,arizona-state-sun-devils,ASU,Arizona State Sun Devils,,2403,s:40~l:54~a:2403,00eaa0aaf0a2719f4f499339a793b32c,Jill Noe,J. Noe,,,,NA,,true,false,true,false,
2006,260640024,30,usc-trojans,USC,USC Trojans,,4933,s:40~l:54~a:4933,e1b4b32b7ea3d731c938113704c1175c,Camille LeNoir,C. LeNoir,,,,G,,true,false,true,false,
2006,260640024,30,usc-trojans,USC,USC Trojans,,3834,s:40~l:54~a:3834,63d8109c9c9f588ec3a2d6d39ecbbb60,Chloe Kerr,C. Kerr,,,,NA,,true,false,true,false,
2006,260640024,30,usc-trojans,USC,USC Trojans,,3837,s:40~l:54~a:3837,e8c60710327b8a86e706b5fb5204af85,Allison Jaskowiak,A. Jaskowiak,,,,NA,,true,false,true,false,
2006,260640024,30,usc-trojans,USC,USC Trojans,,3839,s:40~l:54~a:3839,f927d05a239f44f691d243cf5b1aa93e,Eshaya Murphy,E. Murphy,,,,NA,,true,false,true,false,
2006,260640024,30,usc-trojans,USC,USC Trojans,,2701,s:40~l:54~a:2701,073b4deccbc9fe15c99ccbf2467c7fae,Meghan Gnekow,M. Gnekow,,,,NA,,true,false,true,false,
2006,260640024,24,stanford-cardinal,STAN,Stanford Cardinal,,5210,s:40~l:54~a:5210,4c1c8676b98031c3e63872df9258069e,Jillian Harmon,J. Harmon,,,33 ,F,,true,false,true,false,
2006,260640024,24,stanford-cardinal,STAN,Stanford Cardinal,,3914,s:40~l:54~a:3914,99d7b78d61842789d6a85541e6296cf7,Brooke Smith,B. Smith,,,,NA,,true,false,true,false,
2006,260640024,24,stanford-cardinal,STAN,Stanford Cardinal,,5212,s:40~l:54~a:5212,802c2a8507fdb10dc13e4cd5ac78191c,Rosalyn Goldonwude,R. Goldonwude,,,,NA,,true,false,true,false,
2006,260640024,24,stanford-cardinal,STAN,Stanford Cardinal,,4896,s:40~l:54~a:4896,6807e88b6640acf90ebceceba90d5ff5,Candice Wiggins,C. Wiggins,,,,NA,,true,false,true,false,
2006,260640024,24,stanford-cardinal,STAN,Stanford Cardinal,,2642,s:40~l:54~a:2642,d24a81ada8949ae6408c9c0e3e1e7332,Krista Rappahahn,K. Rappahahn,,,,NA,,true,false,true,false,
2006,260640305,221,pittsburgh-panthers,PITT,Pittsburgh Panthers,,5299,s:40~l:54~a:5299,d4e7cea3f24850eead105dfee02e5fda,Xenia Stewart,X. Stewart,,,,G,,true,false,true,false,
2006,260640305,221,pittsburgh-panthers,PITT,Pittsburgh Panthers,,4908,s:40~l:54~a:4908,0f193b96e872ff7d8fc38f13aa0ee7a9,Shavonte Zellous,S. Zellous,,,1  ,G,,true,false,true,false,
2006,260640305,221,pittsburgh-panthers,PITT,Pittsburgh Panthers,,4825,s:40~l:54~a:4825,1334c4c177b71f043d54ada56e62b115,Marcedes Walker,M. Walker,,,,NA,,true,false,true,false,
2006,260640305,221,pittsburgh-panthers,PITT,Pittsburgh Panthers,,3254,s:40~l:54~a:3254,84a594b4ea411dae7b5efe91930f520a,Cheron Taylor,C. Taylor,,,,NA,,true,false,true,false,
2006,260640305,221,pittsburgh-panthers,PITT,Pittsburgh Panthers,,5298,s:40~l:54~a:5298,a8db384159d024644791bcb7bd489745,Mallorie Winn,M. Winn,,,,NA,,true,false,true,false,
2006,260640305,305,depaul-blue-demons,DEP,DePaul Blue Demons,,5417,s:40~l:54~a:5417,c474308dd1706439aec76bbb97bf1676,Erin Cattell,E. Cattell,,,5  ,F,,true,false,true,false,
2006,260640305,305,depaul-blue-demons,DEP,DePaul Blue Demons,,415,s:40~l:54~a:415,aaaa2dcd83fe04b0e0e40cd0d502a6d6,Khara Smith,K. Smith,,,,NA,,true,false,true,false,
2006,260640305,305,depaul-blue-demons,DEP,DePaul Blue Demons,,4859,s:40~l:54~a:4859,8ccf9f61389ad1b5e837d73da998e9cb,Allie Quigley,A. Quigley,,,,NA,,true,false,true,false,
2006,260640305,305,depaul-blue-demons,DEP,DePaul Blue Demons,,4561,s:40~l:54~a:4561,6ebbbc3f36e376a65adaf5b2cd19682f,Jenna Rubino,J. Rubino,,,,NA,,true,false,true,false,
2006,260640305,305,depaul-blue-demons,DEP,DePaul Blue Demons,,417,s:40~l:54~a:417,00eb53aabfa29c5bce28e5d2eb8d5cd6,Claudette Towers,C. Towers,,,,NA,,true,false,true,false,
2006,260642368,2352,loyola-maryland-greyhounds,L-MD,Loyola Maryland Greyhounds,,5536,s:40~l:54~a:5536,d54f6f6e11c9de392afa3e130b4035f2,Jackie Valderas,J. Valderas,,,,NA,,true,false,true,false,
2006,260642368,2352,loyola-maryland-greyhounds,L-MD,Loyola Maryland Greyhounds,,5535,s:40~l:54~a:5535,56bbd0d65c5c5353d64906039cb6c317,Lauren Troupe,L. Troupe,,,,NA,,true,false,true,false,
2006,260642368,2352,loyola-maryland-greyhounds,L-MD,Loyola Maryland Greyhounds,,5539,s:40~l:54~a:5539,9daf41d30a57cd551e6a505798c9e24b,Krystle Harrington,K. Harrington,,,,NA,,true,false,true,false,
2006,260642368,2352,loyola-maryland-greyhounds,L-MD,Loyola Maryland Greyhounds,,5538,s:40~l:54~a:5538,669b7686b864be65b3d1a0ada6a397ab,Jill Glessner,J. Glessner,,,,NA,,true,false,true,false,
2006,260642368,2352,loyola-maryland-greyhounds,L-MD,Loyola Maryland Greyhounds,,5537,s:40~l:54~a:5537,a218cc4d9e61001acb750495cda4c747,Brittany Dunn,B. Dunn,,,,NA,,true,false,true,false,
2006,260642368,2368,marist-red-foxes,MRST,Marist Red Foxes,,5542,s:40~l:54~a:5542,11598ad89f86e03a6093b997248fd8f4,Julianne Viani,J. Viani,,,3  ,G,,true,false,true,false,
2006,260642368,2368,marist-red-foxes,MRST,Marist Red Foxes,,1066,s:40~l:54~a:1066,6800706983d0a329603561fc7fb1a285,Diesa Seidel,D. Seidel,,,,NA,,true,false,true,false,
2006,260642368,2368,marist-red-foxes,MRST,Marist Red Foxes,,5541,s:40~l:54~a:5541,8668e666ca860332969053608753c5d7,Meg Dahlman,M. Dahlman,,,,NA,,true,false,true,false,
2006,260642368,2368,marist-red-foxes,MRST,Marist Red Foxes,,5540,s:40~l:54~a:5540,e0d56a575f398f3431d621399a82c81c,Fifi Camara,F. Camara,,,,NA,,true,false,true,false,
2006,260642368,2368,marist-red-foxes,MRST,Marist Red Foxes,,1058,s:40~l:54~a:1058,8a33268d76a39bfdcfdb256c08bb4ca5,Alisa Kresge,A. Kresge,,,,NA,,true,false,true,false,
2006,260642541,2492,pepperdine-waves,PEPP,Pepperdine Waves,,5196,s:40~l:54~a:5196,8bc363162ce471cb3aa4ee3e756d89d0,Jessica Ross,J. Ross,,,,G,,true,false,true,false,
2006,260642541,2492,pepperdine-waves,PEPP,Pepperdine Waves,,3972,s:40~l:54~a:3972,e7e9877ae2178b4d5bc73a01b5dd4ec3,Jasmine Clarendon,J. Clarendon,,,,NA,,true,false,true,false,
2006,260642541,2492,pepperdine-waves,PEPP,Pepperdine Waves,,2494,s:40~l:54~a:2494,21890573367fa6f4a24debb95fe45e64,Kelsey Ball,K. Ball,,,,NA,,true,false,true,false,
2006,260642541,2492,pepperdine-waves,PEPP,Pepperdine Waves,,5206,s:40~l:54~a:5206,3e41d1c8475ac8ee8cea102c4d943fa1,Shannon Johnson,S. Johnson,,,,NA,,true,false,true,false,
2006,260642541,2492,pepperdine-waves,PEPP,Pepperdine Waves,,5198,s:40~l:54~a:5198,7974c35e23fc79decf04c16068906c2b,Daphanie Kennedy,D. Kennedy,,,,NA,,true,false,true,false,
2006,260642541,2541,santa-clara-broncos,SCU,Santa Clara Broncos,,4190,s:40~l:54~a:4190,046f6779d260f9359cb858b1fc1e7fa4,Kasey Monteith,K. Monteith,,,,NA,,true,false,true,false,
2006,260642541,2541,santa-clara-broncos,SCU,Santa Clara Broncos,,4995,s:40~l:54~a:4995,56470fe5b0828e70faf6cc08726a925a,Tracey Walker,T. Walker,,,,NA,,true,false,true,false,
2006,260642541,2541,santa-clara-broncos,SCU,Santa Clara Broncos,,4189,s:40~l:54~a:4189,7010324f5e383532cb6b88fad15b7a41,Anna Martin,A. Martin,,,,NA,,true,false,true,false,
2006,260642541,2541,santa-clara-broncos,SCU,Santa Clara Broncos,,4185,s:40~l:54~a:4185,dbdcabdb5e7cf25de2dd4862a6e75eb5,Michelle Cozad,M. Cozad,,,,NA,,true,false,true,false,
2006,260642541,2541,santa-clara-broncos,SCU,Santa Clara Broncos,,1768,s:40~l:54~a:1768,1c43634f87d5ba9d7d194dc4f2b188f6,Kayla Huss,K. Huss,,,,NA,,true,false,true,false,
2006,260640202,242,rice-owls,RICE,Rice Owls,,5552,s:40~l:54~a:5552,7b815ecae15982030da4a36f2ee70440,Valeriya Berezhynska,V. Berezhynska,,,,NA,,true,false,true,false,
2006,260640202,242,rice-owls,RICE,Rice Owls,,4182,s:40~l:54~a:4182,11eec51d391e24628f46eb8def663323,Samantha Stovall,S. Stovall,,,,NA,,true,false,true,false,
2006,260640202,242,rice-owls,RICE,Rice Owls,,2733,s:40~l:54~a:2733,fbd66b9976de6de86b17ed8b87a21f68,Lauren Neaves,L. Neaves,,,,NA,,true,false,true,false,
2006,260640202,242,rice-owls,RICE,Rice Owls,,5553,s:40~l:54~a:5553,473f9ee7ead14e5c77054ae95a6a7b86,Kadie Riverin,K. Riverin,,,,NA,,true,false,true,false,
2006,260640202,242,rice-owls,RICE,Rice Owls,,2736,s:40~l:54~a:2736,3d45a5d02a6dded140a791b680c4559b,Amber Cunningham,A. Cunningham,,,,NA,,true,false,true,false,
2006,260640202,202,tulsa-golden-hurricane,TLSA,Tulsa Golden Hurricane,,2542,s:40~l:54~a:2542,297b5298123608b7c4852af24fbca160,Megan Moody,M. Moody,,,,NA,,true,false,true,false,
2006,260640202,202,tulsa-golden-hurricane,TLSA,Tulsa Golden Hurricane,,2451,s:40~l:54~a:2451,50a531fd7b5a192d3e4676955286b207,Jillian Robbins,J. Robbins,,,,NA,,true,false,true,false,
2006,260640202,202,tulsa-golden-hurricane,TLSA,Tulsa Golden Hurricane,,2121,s:40~l:54~a:2121,1cc939d4239e167e4881667305f455ee,Emily Jaskowiak,E. Jaskowiak,,,,NA,,true,false,true,false,
2006,260640202,202,tulsa-golden-hurricane,TLSA,Tulsa Golden Hurricane,,4480,s:40~l:54~a:4480,df7b1cf4d0efeebb1a6ec4d093b7647a,Tandem Mays,T. Mays,,,,NA,,true,false,true,false,
2006,260640202,202,tulsa-golden-hurricane,TLSA,Tulsa Golden Hurricane,,2450,s:40~l:54~a:2450,71a8ab3f7bf6f941aaa7b8eb81ab5ee2,Kara Pongonis,K. Pongonis,,,,NA,,true,false,true,false,
2006,260640236,2430,unc-greensboro-spartans,UNCG,UNC Greensboro Spartans,,5562,s:40~l:54~a:5562,acdecc89940967a4ab56a97624e7e382,Kristen Boone,K. Boone,,,,G,,true,false,true,false,
2006,260640236,2430,unc-greensboro-spartans,UNCG,UNC Greensboro Spartans,,5561,s:40~l:54~a:5561,960ed85284fb86480a6aa57572bf53a6,Meghan Chamberlain,M. Chamberlain,,,,NA,,true,false,true,false,
2006,260640236,2430,unc-greensboro-spartans,UNCG,UNC Greensboro Spartans,,3952,s:40~l:54~a:3952,5acd44b00d14393a5d5a512a3cd2eac7,KaLeah Latham,K. Latham,,,,NA,,true,false,true,false,
2006,260640236,2430,unc-greensboro-spartans,UNCG,UNC Greensboro Spartans,,3951,s:40~l:54~a:3951,e225091dd721cea876cc30f619d96a10,Irene Otamiri,I. Otamiri,,,,NA,,true,false,true,false,
2006,260640236,2430,unc-greensboro-spartans,UNCG,UNC Greensboro Spartans,,3955,s:40~l:54~a:3955,ec34cb4b13867c55bd157c37ae0184f9,Jasmine Byrd,J. Byrd,,,,NA,,true,false,true,false,
2006,260640236,236,chattanooga-mocs,UTC,Chattanooga Mocs,,5560,s:40~l:54~a:5560,0c62bd1afa7d487b590295d44cd9cc85,Laura Hall,L. Hall,,,,NA,,true,false,true,false,
2006,260640236,236,chattanooga-mocs,UTC,Chattanooga Mocs,,5559,s:40~l:54~a:5559,489649575bc407d79d950515413660db,Alex Anderson,A. Anderson,,,,NA,,true,false,true,false,
2006,260640236,236,chattanooga-mocs,UTC,Chattanooga Mocs,,2812,s:40~l:54~a:2812,1143764c4fff7bac148a5c9796d25bd2,Tiffani Roberson,T. Roberson,,,,NA,,true,false,true,false,
2006,260640236,236,chattanooga-mocs,UTC,Chattanooga Mocs,,2392,s:40~l:54~a:2392,4ff6b589d0baa563802b885489f31da8,Nicole Mattison,N. Mattison,,,,NA,,true,false,true,false,
2006,260640236,236,chattanooga-mocs,UTC,Chattanooga Mocs,,2390,s:40~l:54~a:2390,79d4b62188dfb26a55dd7689d0e48880,Katasha Brown,K. Brown,,,,NA,,true,false,true,false,
2006,260650194,2509,purdue-boilermakers,PUR,Purdue Boilermakers,,5278,s:40~l:54~a:5278,3b2bb529fa0fac3cc8909a682a95a6de,Lindsay Wisdomhylton,L. Wisdomhylton,,,,NA,,true,false,true,false,
2006,260650194,2509,purdue-boilermakers,PUR,Purdue Boilermakers,,3724,s:40~l:54~a:3724,9c4848c80a777e86150539b6968d2fc2,Erin Lawless,E. Lawless,,,,NA,,true,false,true,false,
2006,260650194,2509,purdue-boilermakers,PUR,Purdue Boilermakers,,3723,s:40~l:54~a:3723,c1387572be7fcdd5af8a477df5abaf94,Aya Traore,A. Traore,,,,NA,,true,false,true,false,
2006,260650194,2509,purdue-boilermakers,PUR,Purdue Boilermakers,,3726,s:40~l:54~a:3726,e393049a5d36b85d573c18f7f6e414e7,Katie Gearlds,K. Gearlds,,,,NA,,true,false,true,false,
2006,260650194,2509,purdue-boilermakers,PUR,Purdue Boilermakers,,2468,s:40~l:54~a:2468,00a69fb6888c8a2589587f79913d53c0,Sharika Webb,S. Webb,,,,NA,,true,false,true,false,
2006,260650194,194,ohio-state-buckeyes,OSU,Ohio State Buckeyes,,3831,s:40~l:54~a:3831,d7d474a42d3ed0200925eaf98d64417d,Jessica Davenport,J. Davenport,,,,NA,,true,false,true,false,
2006,260650194,194,ohio-state-buckeyes,OSU,Ohio State Buckeyes,,273,s:40~l:54~a:273,45121a17d956c514acaaaccb55a64980,Debbie Merrill,D. Merrill,,,,NA,,true,false,true,false,
2006,260650194,194,ohio-state-buckeyes,OSU,Ohio State Buckeyes,,4901,s:40~l:54~a:4901,a34dc975a399d5f36c8b8607a7ace096,Marscilla Packer,M. Packer,,,,NA,,true,false,true,false,
2006,260650194,194,ohio-state-buckeyes,OSU,Ohio State Buckeyes,,3833,s:40~l:54~a:3833,dc2ef3677a22bd7cc11af6c11b005875,Brandie Hoskins,B. Hoskins,,,,NA,,true,false,true,false,
2006,260650194,194,ohio-state-buckeyes,OSU,Ohio State Buckeyes,,1493,s:40~l:54~a:1493,4046c1dfdbd76f3b66c26e5d9340885a,Ashley Allen,A. Allen,,,,NA,,true,false,true,false,
2006,260650041,305,depaul-blue-demons,DEP,DePaul Blue Demons,,5417,s:40~l:54~a:5417,c474308dd1706439aec76bbb97bf1676,Erin Cattell,E. Cattell,,,5  ,F,,true,false,true,false,
2006,260650041,305,depaul-blue-demons,DEP,DePaul Blue Demons,,415,s:40~l:54~a:415,aaaa2dcd83fe04b0e0e40cd0d502a6d6,Khara Smith,K. Smith,,,,NA,,true,false,true,false,
2006,260650041,305,depaul-blue-demons,DEP,DePaul Blue Demons,,4859,s:40~l:54~a:4859,8ccf9f61389ad1b5e837d73da998e9cb,Allie Quigley,A. Quigley,,,,NA,,true,false,true,false,
2006,260650041,305,depaul-blue-demons,DEP,DePaul Blue Demons,,4561,s:40~l:54~a:4561,6ebbbc3f36e376a65adaf5b2cd19682f,Jenna Rubino,J. Rubino,,,,NA,,true,false,true,false,
2006,260650041,305,depaul-blue-demons,DEP,DePaul Blue Demons,,417,s:40~l:54~a:417,00eb53aabfa29c5bce28e5d2eb8d5cd6,Claudette Towers,C. Towers,,,,NA,,true,false,true,false,
2006,260650041,41,uconn-huskies,CONN,UConn Huskies,,2535,s:40~l:54~a:2535,1fbe551ef9e11d425d8920dc61125e6b,Willnett Crockett,W. Crockett,,,,NA,,true,false,true,false,
2006,260650041,41,uconn-huskies,CONN,UConn Huskies,,2409,s:40~l:54~a:2409,3166c5ecd189f3f8d53632fe2f90913a,Barbara Turner,B. Turner,,,,NA,,true,false,true,false,
2006,260650041,41,uconn-huskies,CONN,UConn Huskies,,5104,s:40~l:54~a:5104,f122be3557ced75550d02221af209121,Renee Montgomery,R. Montgomery,,,,NA,,true,false,true,false,
2006,260650041,41,uconn-huskies,CONN,UConn Huskies,,4827,s:40~l:54~a:4827,a60aeada6ce540be068e6ad92b3b9bc0,Mel Thomas,M. Thomas,,,,NA,,true,false,true,false,
2006,260650041,41,uconn-huskies,CONN,UConn Huskies,,2637,s:40~l:54~a:2637,131163c0c1e979b8607484d92145c5e3,Ann Strother,A. Strother,,,,NA,,true,false,true,false,
2006,260650164,277,west-virginia-mountaineers,WVU,West Virginia Mountaineers,,5450,s:40~l:54~a:5450,909c3f7532980f1a122274f24790317c,Ashley Powell,A. Powell,,,23 ,G,,true,false,true,false,
2006,260650164,277,west-virginia-mountaineers,WVU,West Virginia Mountaineers,,4920,s:40~l:54~a:4920,b61b02b4002d0547123939eb99e7b848,Olayinka Sanni,O. Sanni,,,,NA,,true,false,true,false,
2006,260650164,277,west-virginia-mountaineers,WVU,West Virginia Mountaineers,,5449,s:40~l:54~a:5449,977dac8161fe4944a06d5d61c1b42582,Britney Daviswhite,B. Daviswhite,,,,NA,,true,false,true,false,
2006,260650164,277,west-virginia-mountaineers,WVU,West Virginia Mountaineers,,4922,s:40~l:54~a:4922,5057451454c4f9242b0b3ca450cea506,LaQuita Owens,L. Owens,,,,NA,,true,false,true,false,
2006,260650164,277,west-virginia-mountaineers,WVU,West Virginia Mountaineers,,4919,s:40~l:54~a:4919,7fcba349198897c17783b2c62d549a61,Chakhia Cole,C. Cole,,,,NA,,true,false,true,false,
2006,260650164,164,rutgers-scarlet-knights,RUTG,Rutgers Scarlet Knights,,5323,s:40~l:54~a:5323,d1b5f35f0e16721c1be262fc2dcc6a98,Kia Vaughn,K. Vaughn,,,15 ,C,,true,false,true,false,
2006,260650164,164,rutgers-scarlet-knights,RUTG,Rutgers Scarlet Knights,,2400,s:40~l:54~a:2400,df7bd1b14c0efa91d7c658215d14c831,Michelle Campbell,M. Campbell,,,,NA,,true,false,true,false,
2006,260650164,164,rutgers-scarlet-knights,RUTG,Rutgers Scarlet Knights,,4816,s:40~l:54~a:4816,e32515ecd622f27d9b0367d9b3f2a809,Matee Ajavon,M. Ajavon,,,,NA,,true,false,true,false,
2006,260650164,164,rutgers-scarlet-knights,RUTG,Rutgers Scarlet Knights,,4814,s:40~l:54~a:4814,d01e22db859a44a2b9b9460b8d49077b,Essence Carson,E. Carson,,,,NA,,true,false,true,false,
2006,260650164,164,rutgers-scarlet-knights,RUTG,Rutgers Scarlet Knights,,1695,s:40~l:54~a:1695,dab9f7ecbe8bcdb0d1f4c6e334e84a0a,Cappie Pondexter,C. Pondexter,,,,NA,,true,false,true,false,
2006,260650024,26,ucla-bruins,UCLA,UCLA Bruins,,4897,s:40~l:54~a:4897,c65140ba6355155cec3a4cec4e6c77ca,Lindsey Pluimer,L. Pluimer,,,,NA,,true,false,true,false,
2006,260650024,26,ucla-bruins,UCLA,UCLA Bruins,,4102,s:40~l:54~a:4102,154c9df1816931e0ff3f374b2899226f,Amanda Livingston,A. Livingston,,,,NA,,true,false,true,false,
2006,260650024,26,ucla-bruins,UCLA,UCLA Bruins,,4101,s:40~l:54~a:4101,804453a093f87549d0587066637ee0b9,Noelle Quinn,N. Quinn,,,,NA,,true,false,true,false,
2006,260650024,26,ucla-bruins,UCLA,UCLA Bruins,,3159,s:40~l:54~a:3159,5a598c9488f78d0fcbff943e39b6fd8f,Nikki Blue,N. Blue,,,,NA,,true,false,true,false,
2006,260650024,26,ucla-bruins,UCLA,UCLA Bruins,,2397,s:40~l:54~a:2397,a538e48727307294d4007760fb665f1b,Lisa Willis,L. Willis,,,,NA,,true,false,true,false,
2006,260650024,24,stanford-cardinal,STAN,Stanford Cardinal,,5210,s:40~l:54~a:5210,4c1c8676b98031c3e63872df9258069e,Jillian Harmon,J. Harmon,,,33 ,F,,true,false,true,false,
2006,260650024,24,stanford-cardinal,STAN,Stanford Cardinal,,3914,s:40~l:54~a:3914,99d7b78d61842789d6a85541e6296cf7,Brooke Smith,B. Smith,,,,NA,,true,false,true,false,
2006,260650024,24,stanford-cardinal,STAN,Stanford Cardinal,,5212,s:40~l:54~a:5212,802c2a8507fdb10dc13e4cd5ac78191c,Rosalyn Goldonwude,R. Goldonwude,,,,NA,,true,false,true,false,
2006,260650024,24,stanford-cardinal,STAN,Stanford Cardinal,,4896,s:40~l:54~a:4896,6807e88b6640acf90ebceceba90d5ff5,Candice Wiggins,C. Wiggins,,,,NA,,true,false,true,false,
2006,260650024,24,stanford-cardinal,STAN,Stanford Cardinal,,2642,s:40~l:54~a:2642,d24a81ada8949ae6408c9c0e3e1e7332,Krista Rappahahn,K. Rappahahn,,,,NA,,true,false,true,false,
2006,260650045,218,temple-owls,TEM,Temple Owls,,5079,s:40~l:54~a:5079,712e67deb9c2ebc3f69dcdec57fbcb44,Lady Comfort,L. Comfort,,,,NA,,true,false,true,false,
2006,260650045,218,temple-owls,TEM,Temple Owls,,4328,s:40~l:54~a:4328,c97612cd822e8c74d637c547abc661ab,Kamesha Hairston,K. Hairston,,,,NA,,true,false,true,false,
2006,260650045,218,temple-owls,TEM,Temple Owls,,3023,s:40~l:54~a:3023,99914daf240a2fbaff01ea59c0902860,Candice Dupree,C. Dupree,,,,NA,,true,false,true,false,
2006,260650045,218,temple-owls,TEM,Temple Owls,,3024,s:40~l:54~a:3024,414a6615f36e862ecbd46f88e27c051a,Khadija Bowens,K. Bowens,,,,NA,,true,false,true,false,
2006,260650045,218,temple-owls,TEM,Temple Owls,,3022,s:40~l:54~a:3022,6f925f4e47e612eca4ca9000c46ad7cf,Jennifer Owens,J. Owens,,,,NA,,true,false,true,false,
2006,260650045,45,george-washington-colonials,GW,George Washington Colonials,,5601,s:40~l:54~a:5601,54cb8d865eb07a69b472510a33f1e17b,Jessica Adair,J. Adair,,,1  ,C,,true,false,true,false,
2006,260650045,45,george-washington-colonials,GW,George Washington Colonials,,3828,s:40~l:54~a:3828,ee3684010f2038396e6f42e7bca23bba,Whitney Allen,W. Allen,,,,NA,,true,false,true,false,
2006,260650045,45,george-washington-colonials,GW,George Washington Colonials,,3165,s:40~l:54~a:3165,48342864315e146dc5ec2219f4694169,Jessica Simmonds,J. Simmonds,,,,NA,,true,false,true,false,
2006,260650045,45,george-washington-colonials,GW,George Washington Colonials,,5052,s:40~l:54~a:5052,d0631ddc36f4e1db6ec8ae473a7b7d89,Kimberly Beck,K. Beck,,,,NA,,true,false,true,false,
2006,260650045,45,george-washington-colonials,GW,George Washington Colonials,,3826,s:40~l:54~a:3826,1f277a3929bf4a9e561e53dd95f470a1,Kenan Cole,K. Cole,,,,NA,,true,false,true,false,
2006,260652393,2032,arkansas-state-red-wolves,ARST,Arkansas State Red Wolves,,5569,s:40~l:54~a:5569,5c65bfb5ff776d7cd80d7afc093e71ab,Adrianne Davie,A. Davie,,,,NA,,true,false,true,false,
2006,260652393,2032,arkansas-state-red-wolves,ARST,Arkansas State Red Wolves,,5571,s:40~l:54~a:5571,7fe04826e8ed64727d79bd41c8df62b7,Rudy Sims,R. Sims,,,,NA,,true,false,true,false,
2006,260652393,2032,arkansas-state-red-wolves,ARST,Arkansas State Red Wolves,,5570,s:40~l:54~a:5570,c29cb050da30b8fffbf81e6c9789b022,Ronnie Maglaughlin,R. Maglaughlin,,,,NA,,true,false,true,false,
2006,260652393,2032,arkansas-state-red-wolves,ARST,Arkansas State Red Wolves,,2502,s:40~l:54~a:2502,02bead0c11a00376e1d145b1cbd26f35,Katie Caraway,K. Caraway,,,,NA,,true,false,true,false,
2006,260652393,2032,arkansas-state-red-wolves,ARST,Arkansas State Red Wolves,,60,s:40~l:54~a:60,de298decd5beb6cc72dd41132f66e1bb,Amber Abraham,A. Abraham,,,,NA,,true,false,true,false,
2006,260652393,2393,middle-tennessee-blue-raiders,MTSU,Middle Tennessee Blue Raiders,,4449,s:40~l:54~a:4449,d34871bc65bb6121610428331db5cb8c,Krystle Horton,K. Horton,,,,NA,,true,false,true,false,
2006,260652393,2393,middle-tennessee-blue-raiders,MTSU,Middle Tennessee Blue Raiders,,3030,s:40~l:54~a:3030,8e53819d4ba800cef09bfeafc258e550,Tia Stovall,T. Stovall,,,,NA,,true,false,true,false,
2006,260652393,2393,middle-tennessee-blue-raiders,MTSU,Middle Tennessee Blue Raiders,,5573,s:40~l:54~a:5573,0113395fc290e0ca46b51f3064993f4e,LaCondra Mason,L. Mason,,,,NA,,true,false,true,false,
2006,260652393,2393,middle-tennessee-blue-raiders,MTSU,Middle Tennessee Blue Raiders,,5572,s:40~l:54~a:5572,2d405439112f3fb33ad9f5a109a6d520,Johnna Abney,J. Abney,,,,NA,,true,false,true,false,
2006,260652393,2393,middle-tennessee-blue-raiders,MTSU,Middle Tennessee Blue Raiders,,4452,s:40~l:54~a:4452,bf41e212690c07353d62c868c4f0f8af,Chrissy Givens,C. Givens,,,,NA,,true,false,true,false,
2006,260650098,2229,florida-international-panthers,FIU,Florida International Panthers,,5578,s:40~l:54~a:5578,2f8288aab5154aa730af667aa5aa32b0,Marquita Adley,M. Adley,,,,F,,true,false,true,false,
2006,260650098,2229,florida-international-panthers,FIU,Florida International Panthers,,5579,s:40~l:54~a:5579,8aa52e15acfc6448a4487b0c522004a7,Lasma Jekabsone,L. Jekabsone,,,,NA,,true,false,true,false,
2006,260650098,2229,florida-international-panthers,FIU,Florida International Panthers,,5581,s:40~l:54~a:5581,4152dc0c45c28199e076c47f15bff607,Eva Makela,E. Makela,,,,NA,,true,false,true,false,
2006,260650098,2229,florida-international-panthers,FIU,Florida International Panthers,,5580,s:40~l:54~a:5580,858eb654db378e0f31af1b79d26e8c9c,LaQuetta Ferguson,L. Ferguson,,,,NA,,true,false,true,false,
2006,260650098,2229,florida-international-panthers,FIU,Florida International Panthers,,2717,s:40~l:54~a:2717,e7b7633b3c543011b9013a1fc419112f,Faeza Bouderra,F. Bouderra,,,,NA,,true,false,true,false,
2006,260650098,98,western-kentucky-lady-toppers,WKU,Western Kentucky Lady Toppers,,5583,s:40~l:54~a:5583,dbc52aa43e2d3c0420c793b491a34b60,Dominique Duck,D. Duck,,,23 ,F,,true,false,true,false,
2006,260650098,98,western-kentucky-lady-toppers,WKU,Western Kentucky Lady Toppers,,5582,s:40~l:54~a:5582,ac8664e25f3719020900901d11a6fbbf,Crystal Kelly,C. Kelly,,,,NA,,true,false,true,false,
2006,260650098,98,western-kentucky-lady-toppers,WKU,Western Kentucky Lady Toppers,,3909,s:40~l:54~a:3909,8b54825a90002983cc4b05fd466fda82,Charlotte Marshall,C. Marshall,,,,NA,,true,false,true,false,
2006,260650098,98,western-kentucky-lady-toppers,WKU,Western Kentucky Lady Toppers,,4144,s:40~l:54~a:4144,39bbb91d5b3a0befcbac8e0ef0d8c9b0,Tifany Zaragoza,T. Zaragoza,,,,NA,,true,false,true,false,
2006,260650098,98,western-kentucky-lady-toppers,WKU,Western Kentucky Lady Toppers,,2802,s:40~l:54~a:2802,d568bf32493a918613b33b69863f0be6,Tiffany Porter-Talbert,T. Porter-Talbert,,,,NA,,true,false,true,false,
2006,260650270,82,uic-flames,UIC,UIC Flames,,5588,s:40~l:54~a:5588,d7978fde328678579c391294909857a0,Nicole Rinaldi,N. Rinaldi,,,,NA,,true,false,true,false,
2006,260650270,82,uic-flames,UIC,UIC Flames,,5591,s:40~l:54~a:5591,7e12d2cdac57717eab219b2a41f2c9b4,Kelly True,K. True,,,,NA,,true,false,true,false,
2006,260650270,82,uic-flames,UIC,UIC Flames,,5590,s:40~l:54~a:5590,016ebb344056fc9935fa581e54b07742,Krystal Hugelier,K. Hugelier,,,,NA,,true,false,true,false,
2006,260650270,82,uic-flames,UIC,UIC Flames,,5589,s:40~l:54~a:5589,5e984076fac67ba5d7c0c739adb3eda5,LaShonda Grant,L. Grant,,,,NA,,true,false,true,false,
2006,260650270,82,uic-flames,UIC,UIC Flames,,3448,s:40~l:54~a:3448,9060b612f051b91065fe266553ca245e,Chrissy Dizon,C. Dizon,,,,NA,,true,false,true,false,
2006,260650270,270,milwaukee-panthers,MILW,Milwaukee Panthers,,5592,s:40~l:54~a:5592,f61c8694664ac9bd452a55a7ddcc252a,Kim Wypiszynski,K. Wypiszynski,,,,F-C,,true,false,true,false,
2006,260650270,270,milwaukee-panthers,MILW,Milwaukee Panthers,,5593,s:40~l:54~a:5593,ee033e07e040b8064c6aa313329a2db5,Traci Edwards,T. Edwards,,,,C,,true,false,true,false,
2006,260650270,270,milwaukee-panthers,MILW,Milwaukee Panthers,,2530,s:40~l:54~a:2530,e6c6810b260f308ef2cfef06f2ab6425,Nichole Drummond,N. Drummond,,,,NA,,true,false,true,false,
2006,260650270,270,milwaukee-panthers,MILW,Milwaukee Panthers,,4208,s:40~l:54~a:4208,4ea7169408f739b436c6ce5c9e3535c2,Merideth Onson,M. Onson,,,,NA,,true,false,true,false,
2006,260650270,270,milwaukee-panthers,MILW,Milwaukee Panthers,,2525,s:40~l:54~a:2525,93b7ee8aa9107758ff904442241c4276,Molly O'Brien,M. O'Brien,,,,NA,,true,false,true,false,
2006,260660041,277,west-virginia-mountaineers,WVU,West Virginia Mountaineers,,5450,s:40~l:54~a:5450,909c3f7532980f1a122274f24790317c,Ashley Powell,A. Powell,,,23 ,G,,true,true,true,false,
2006,260660041,277,west-virginia-mountaineers,WVU,West Virginia Mountaineers,,4920,s:40~l:54~a:4920,b61b02b4002d0547123939eb99e7b848,Olayinka Sanni,O. Sanni,,,,NA,,true,true,true,false,
2006,260660041,277,west-virginia-mountaineers,WVU,West Virginia Mountaineers,,5449,s:40~l:54~a:5449,977dac8161fe4944a06d5d61c1b42582,Britney Daviswhite,B. Daviswhite,,,,NA,,true,true,true,false,
2006,260660041,277,west-virginia-mountaineers,WVU,West Virginia Mountaineers,,4922,s:40~l:54~a:4922,5057451454c4f9242b0b3ca450cea506,LaQuita Owens,L. Owens,,,,NA,,true,true,true,false,
2006,260660041,277,west-virginia-mountaineers,WVU,West Virginia Mountaineers,,4919,s:40~l:54~a:4919,7fcba349198897c17783b2c62d549a61,Chakhia Cole,C. Cole,,,,NA,,true,true,true,false,
2006,260660041,41,uconn-huskies,CONN,UConn Huskies,,2637,s:40~l:54~a:2637,131163c0c1e979b8607484d92145c5e3,Ann Strother,A. Strother,,,,NA,,true,true,true,false,
2006,260660041,41,uconn-huskies,CONN,UConn Huskies,,2535,s:40~l:54~a:2535,1fbe551ef9e11d425d8920dc61125e6b,Willnett Crockett,W. Crockett,,,,NA,,true,true,true,false,
2006,260660041,41,uconn-huskies,CONN,UConn Huskies,,5104,s:40~l:54~a:5104,f122be3557ced75550d02221af209121,Renee Montgomery,R. Montgomery,,,,NA,,true,true,true,false,
2006,260660041,41,uconn-huskies,CONN,UConn Huskies,,4827,s:40~l:54~a:4827,a60aeada6ce540be068e6ad92b3b9bc0,Mel Thomas,M. Thomas,,,,NA,,true,true,true,false,
2006,260660041,41,uconn-huskies,CONN,UConn Huskies,,2409,s:40~l:54~a:2409,3166c5ecd189f3f8d53632fe2f90913a,Barbara Turner,B. Turner,,,,NA,,true,true,true,false,
2006,260662710,2473,oakland-golden-grizzlies,OAK,Oakland Golden Grizzlies,,5609,s:40~l:54~a:5609,a76a892e263acf2e5caaf968465dc41f,April Kidd,A. Kidd,,,23 ,G,,true,false,true,false,
2006,260662710,2473,oakland-golden-grizzlies,OAK,Oakland Golden Grizzlies,,5608,s:40~l:54~a:5608,cbad1c4c959c26a88d4ef7c0061890df,Bonnie Baker,B. Baker,,,,NA,,true,false,true,false,
2006,260662710,2473,oakland-golden-grizzlies,OAK,Oakland Golden Grizzlies,,5607,s:40~l:54~a:5607,f582cd235cc49ae34820220088419f78,Nicole Piggott,N. Piggott,,,,NA,,true,false,true,false,
2006,260662710,2473,oakland-golden-grizzlies,OAK,Oakland Golden Grizzlies,,3191,s:40~l:54~a:3191,b6e43c51638b9e497847b140253fe154,Jayme Wilson,J. Wilson,,,,NA,,true,false,true,false,
2006,260662710,2473,oakland-golden-grizzlies,OAK,Oakland Golden Grizzlies,,3190,s:40~l:54~a:3190,a050b51db8eb50f5205374aae1b57e45,Anne Hafeli,A. Hafeli,,,,NA,,true,false,true,false,
2006,260662710,2710,western-illinois-leathernecks,WIU,Western Illinois Leathernecks,,5613,s:40~l:54~a:5613,ae3eb44fca79389a459e16a0287b27f1,Amanda Walker,A. Walker,,,,G,,true,false,true,false,
2006,260662710,2710,western-illinois-leathernecks,WIU,Western Illinois Leathernecks,,3530,s:40~l:54~a:3530,853e3350d9d48e8805ac122d9e8a7949,Zane Teilane,Z. Teilane,,,,NA,,true,false,true,false,
2006,260662710,2710,western-illinois-leathernecks,WIU,Western Illinois Leathernecks,,5611,s:40~l:54~a:5611,45d235c85661ca0524aee119d56322f1,Laura Reeves,L. Reeves,,,,NA,,true,false,true,false,
2006,260662710,2710,western-illinois-leathernecks,WIU,Western Illinois Leathernecks,,5610,s:40~l:54~a:5610,0fe74286d60715d58e0281adc534b5d6,Samantha Greer,S. Greer,,,,NA,,true,false,true,false,
2006,260662710,2710,western-illinois-leathernecks,WIU,Western Illinois Leathernecks,,5612,s:40~l:54~a:5612,92e8f776cfc7d9d26c0f3dbb904026fa,DeDe Murphy,D. Murphy,,,,NA,,true,false,true,false,
2006,260660098,2393,middle-tennessee-blue-raiders,MTSU,Middle Tennessee Blue Raiders,,4449,s:40~l:54~a:4449,d34871bc65bb6121610428331db5cb8c,Krystle Horton,K. Horton,,,,NA,,true,false,true,false,
2006,260660098,2393,middle-tennessee-blue-raiders,MTSU,Middle Tennessee Blue Raiders,,3030,s:40~l:54~a:3030,8e53819d4ba800cef09bfeafc258e550,Tia Stovall,T. Stovall,,,,NA,,true,false,true,false,
2006,260660098,2393,middle-tennessee-blue-raiders,MTSU,Middle Tennessee Blue Raiders,,5573,s:40~l:54~a:5573,0113395fc290e0ca46b51f3064993f4e,LaCondra Mason,L. Mason,,,,NA,,true,false,true,false,
2006,260660098,2393,middle-tennessee-blue-raiders,MTSU,Middle Tennessee Blue Raiders,,5572,s:40~l:54~a:5572,2d405439112f3fb33ad9f5a109a6d520,Johnna Abney,J. Abney,,,,NA,,true,false,true,false,
2006,260660098,2393,middle-tennessee-blue-raiders,MTSU,Middle Tennessee Blue Raiders,,4452,s:40~l:54~a:4452,bf41e212690c07353d62c868c4f0f8af,Chrissy Givens,C. Givens,,,,NA,,true,false,true,false,
2006,260660098,98,western-kentucky-lady-toppers,WKU,Western Kentucky Lady Toppers,,5583,s:40~l:54~a:5583,dbc52aa43e2d3c0420c793b491a34b60,Dominique Duck,D. Duck,,,23 ,F,,true,false,true,false,
2006,260660098,98,western-kentucky-lady-toppers,WKU,Western Kentucky Lady Toppers,,5582,s:40~l:54~a:5582,ac8664e25f3719020900901d11a6fbbf,Crystal Kelly,C. Kelly,,,,NA,,true,false,true,false,
2006,260660098,98,western-kentucky-lady-toppers,WKU,Western Kentucky Lady Toppers,,3909,s:40~l:54~a:3909,8b54825a90002983cc4b05fd466fda82,Charlotte Marshall,C. Marshall,,,,NA,,true,false,true,false,
2006,260660098,98,western-kentucky-lady-toppers,WKU,Western Kentucky Lady Toppers,,4144,s:40~l:54~a:4144,39bbb91d5b3a0befcbac8e0ef0d8c9b0,Tifany Zaragoza,T. Zaragoza,,,,NA,,true,false,true,false,
2006,260660098,98,western-kentucky-lady-toppers,WKU,Western Kentucky Lady Toppers,,2802,s:40~l:54~a:2802,d568bf32493a918613b33b69863f0be6,Tiffany Porter-Talbert,T. Porter-Talbert,,,,NA,,true,false,true,false,
2006,260670201,66,iowa-state-cyclones,ISU,Iowa State Cyclones,,5621,s:40~l:54~a:5621,f7f8127a2a6e815a3bdbef5d34fa0572,Nicky Wieben,N. Wieben,,,5  ,F,,true,false,true,false,
2006,260670201,66,iowa-state-cyclones,ISU,Iowa State Cyclones,,5622,s:40~l:54~a:5622,539eba570f893d750d7f040a9e4ab2e3,Heather Ezell,H. Ezell,,,15 ,G,,true,false,true,false,
2006,260670201,66,iowa-state-cyclones,ISU,Iowa State Cyclones,,896,s:40~l:54~a:896,b6d8da32392d3d72d713c8b2cd7ae289,Brittany Wilkins,B. Wilkins,,,,NA,,true,false,true,false,
2006,260670201,66,iowa-state-cyclones,ISU,Iowa State Cyclones,,4247,s:40~l:54~a:4247,0e4856879b907298db037d37c0269cc4,Megan Ronhovde,M. Ronhovde,,,,NA,,true,false,true,false,
2006,260670201,66,iowa-state-cyclones,ISU,Iowa State Cyclones,,4243,s:40~l:54~a:4243,da3cd5e2f6512786563d18a0ef148f97,Lyndsey Medders,L. Medders,,,,NA,,true,false,true,false,
2006,260670201,201,oklahoma-sooners,OU,Oklahoma Sooners,,5118,s:40~l:54~a:5118,1834413d80b409a6fe840327a8e7993b,Courtney Paris,C. Paris,,,3  ,C,,true,false,true,false,
2006,260670201,201,oklahoma-sooners,OU,Oklahoma Sooners,,3814,s:40~l:54~a:3814,f156683781715a0d8cd075188ce2a1d8,Leah Rush,L. Rush,,,,NA,,true,false,true,false,
2006,260670201,201,oklahoma-sooners,OU,Oklahoma Sooners,,3816,s:40~l:54~a:3816,7211db13851817d2dc714706e30b0134,Brittney Brown,B. Brown,,,,NA,,true,false,true,false,
2006,260670201,201,oklahoma-sooners,OU,Oklahoma Sooners,,2443,s:40~l:54~a:2443,bd525a866958ae254c6b7a1c4e560b74,Chelsi Welch,C. Welch,,,,NA,,true,false,true,false,
2006,260670201,201,oklahoma-sooners,OU,Oklahoma Sooners,,2440,s:40~l:54~a:2440,e3bf68ab5f09df85beb125602605ce51,Erin Higgins,E. Higgins,,,,NA,,true,false,true,false,
2006,260670254,2005,air-force-falcons,AFA,Air Force Falcons,,5626,s:40~l:54~a:5626,e8b086365aaeab3240f250bc94628312,Ellen Jaeschke,E. Jaeschke,,,,NA,,true,false,true,false,
2006,260670254,2005,air-force-falcons,AFA,Air Force Falcons,,5625,s:40~l:54~a:5625,11a85931ad81eb3953608d3c299a3f8f,Alecia Steele,A. Steele,,,,NA,,true,false,true,false,
2006,260670254,2005,air-force-falcons,AFA,Air Force Falcons,,5629,s:40~l:54~a:5629,9d857c00f32dc98675340ed28ff13953,Pamela Findlay,P. Findlay,,,,NA,,true,false,true,false,
2006,260670254,2005,air-force-falcons,AFA,Air Force Falcons,,5628,s:40~l:54~a:5628,8b006ad8b1fce0bd9b1a10b995282725,Lauren Henderson,L. Henderson,,,,NA,,true,false,true,false,
2006,260670254,2005,air-force-falcons,AFA,Air Force Falcons,,5627,s:40~l:54~a:5627,9001c611b89c89164c1c3da84c4bebbe,Letricia Castillo,L. Castillo,,,,NA,,true,false,true,false,
2006,260670254,254,utah-utes,UTAH,Utah Utes,,4869,s:40~l:54~a:4869,e34f0450d7274a1862c1596b6227292f,Jessica Perry,J. Perry,,,,NA,,true,false,true,false,
2006,260670254,254,utah-utes,UTAH,Utah Utes,,2458,s:40~l:54~a:2458,69e935b7072e05159ddbf9187b4513a5,Kim Smith,K. Smith,,,,NA,,true,false,true,false,
2006,260670254,254,utah-utes,UTAH,Utah Utes,,5311,s:40~l:54~a:5311,bfa8f4595911b8f860b670bdfe0bca39,Julie Larsen,J. Larsen,,,,NA,,true,false,true,false,
2006,260670254,254,utah-utes,UTAH,Utah Utes,,3818,s:40~l:54~a:3818,708a743d5fdff8d7dec3ebfaabff0a8f,Heidi Carlsen,H. Carlsen,,,,NA,,true,false,true,false,
2006,260670254,254,utah-utes,UTAH,Utah Utes,,2153,s:40~l:54~a:2153,3ce48c2eccb31c0c264095249b561920,Shona Thorburn,S. Thorburn,,,,NA,,true,false,true,false,
2006,260670245,158,nebraska-cornhuskers,NEB,Nebraska Cornhuskers,,5485,s:40~l:54~a:5485,34247a80f296c7cfade320d05200d3d9,Kelsey Griffin,K. Griffin,,,23 ,F,,true,false,true,false,
2006,260670245,158,nebraska-cornhuskers,NEB,Nebraska Cornhuskers,,4444,s:40~l:54~a:4444,ea463666c3a08ec77624ad3578a790ec,Jessica Gerhart,J. Gerhart,,,,NA,,true,false,true,false,
2006,260670245,158,nebraska-cornhuskers,NEB,Nebraska Cornhuskers,,4443,s:40~l:54~a:4443,9241e6000a88dab178fa129042d26fb8,Chelsea Aubry,C. Aubry,,,,NA,,true,false,true,false,
2006,260670245,158,nebraska-cornhuskers,NEB,Nebraska Cornhuskers,,4445,s:40~l:54~a:4445,bfd98966673b1d441fd841b4d1021323,Kiera Hardy,K. Hardy,,,,NA,,true,false,true,false,
2006,260670245,158,nebraska-cornhuskers,NEB,Nebraska Cornhuskers,,8,s:40~l:54~a:8,25c7477837f1a3eb7ef6ac8a69496554,Latoya Howell,L. Howell,,,,NA,,true,false,true,false,
2006,260670245,245,texas-am-aggies,TA&M,Texas A&M Aggies,,5654,s:40~l:54~a:5654,280cbf59c6a5efd76f0b6f30da3858f8,Takia Starks,T. Starks,,,3  ,G,,true,false,true,false,
2006,260670245,245,texas-am-aggies,TA&M,Texas A&M Aggies,,5652,s:40~l:54~a:5652,6fcae2f154fd7e31b84d3c7ccb29fb54,Latoya Micheaux,L. Micheaux,,,,NA,,true,false,true,false,
2006,260670245,245,texas-am-aggies,TA&M,Texas A&M Aggies,,5651,s:40~l:54~a:5651,10aa4bab95f2fe905e551d1c2ae5db6d,Patrice Reado,P. Reado,,,,NA,,true,false,true,false,
2006,260670245,245,texas-am-aggies,TA&M,Texas A&M Aggies,,5655,s:40~l:54~a:5655,d1eecc20a5e7bcd885de4fa9e1643ef1,Morenike Atunrase,M. Atunrase,,,,NA,,true,false,true,false,
2006,260670245,245,texas-am-aggies,TA&M,Texas A&M Aggies,,5653,s:40~l:54~a:5653,b9e926bee2383fbfea353ad266081df4,A'Quonesia Franklin,A. Franklin,,,,NA,,true,false,true,false,
2006,260670142,2641,texas-tech-lady-raiders,TTU,Texas Tech Lady Raiders,,5099,s:40~l:54~a:5099,7a6c5bb1e7b2d658fa6514b61088d80f,Patrice Edwards,P. Edwards,,,,NA,,true,false,true,false,
2006,260670142,2641,texas-tech-lady-raiders,TTU,Texas Tech Lady Raiders,,3719,s:40~l:54~a:3719,f8dd92e57ebcc0e0207386d17a75132d,Alseha Robertson,A. Robertson,,,,NA,,true,false,true,false,
2006,260670142,2641,texas-tech-lady-raiders,TTU,Texas Tech Lady Raiders,,2422,s:40~l:54~a:2422,b4777c247d0cc3d16bdb2a9ca25cf293,LaToya Davis,L. Davis,,,,NA,,true,false,true,false,
2006,260670142,2641,texas-tech-lady-raiders,TTU,Texas Tech Lady Raiders,,3722,s:40~l:54~a:3722,4c5e542b9b89175ccb73ff5c756c366a,Brooke Baughman,B. Baughman,,,,NA,,true,false,true,false,
2006,260670142,2641,texas-tech-lady-raiders,TTU,Texas Tech Lady Raiders,,2423,s:40~l:54~a:2423,191197c0edc09c465435d9cee3f95a86,Erin Grant,E. Grant,,,,NA,,true,false,true,false,
2006,260670142,142,missouri-tigers,MIZ,Missouri Tigers,,5634,s:40~l:54~a:5634,63022d8e4494536c8167d305649104e5,Tiffany Brooks,T. Brooks,,,,NA,,true,false,true,false,
2006,260670142,142,missouri-tigers,MIZ,Missouri Tigers,,4700,s:40~l:54~a:4700,86e24983febd7b9fcbabcfa14881e100,Carlynn Savant,C. Savant,,,,NA,,true,false,true,false,
2006,260670142,142,missouri-tigers,MIZ,Missouri Tigers,,4699,s:40~l:54~a:4699,bc8b2edde3e17004ab7940fa2a3a4c65,EeTisha Riddle,E. Riddle,,,,NA,,true,false,true,false,
2006,260670142,142,missouri-tigers,MIZ,Missouri Tigers,,4698,s:40~l:54~a:4698,c58438d3a1e07f3a22b36ca57be29675,Christelle N'Garsanet,C. N'Garsanet,,,,NA,,true,false,true,false,
2006,260670142,142,missouri-tigers,MIZ,Missouri Tigers,,2394,s:40~l:54~a:2394,915efa6ba76caadb600c624c6a610559,LaToya Bond,L. Bond,,,,NA,,true,false,true,false,
2006,260670349,107,holy-cross-crusaders,HC,Holy Cross Crusaders,,4139,s:40~l:54~a:4139,795e8f43ac8d7d7bb028b1ccd9b9c7e2,Kaitlin Foley,K. Foley,,,,NA,,true,false,true,false,
2006,260670349,107,holy-cross-crusaders,HC,Holy Cross Crusaders,,5017,s:40~l:54~a:5017,588169735a98760a0308171f833d50b2,Ashley McLaughlin,A. McLaughlin,,,,NA,,true,false,true,false,
2006,260670349,107,holy-cross-crusaders,HC,Holy Cross Crusaders,,4140,s:40~l:54~a:4140,e9b8bc23814e9965dca0264fd62a213f,Brittany Keil,B. Keil,,,,NA,,true,false,true,false,
2006,260670349,107,holy-cross-crusaders,HC,Holy Cross Crusaders,,5003,s:40~l:54~a:5003,ccee25ad51307f26a8f6a96f61963925,Laura Aloisi,L. Aloisi,,,,NA,,true,false,true,false,
2006,260670349,107,holy-cross-crusaders,HC,Holy Cross Crusaders,,762,s:40~l:54~a:762,375d22fc4b0101285b0267d4433761eb,Jessica Conte,J. Conte,,,,NA,,true,false,true,false,
2006,260670349,349,army-black-knights,ARMY,Army Black Knights,,5274,s:40~l:54~a:5274,b2340fbbb96d842370478c0d3225fc90,Alex McGuire,A. McGuire,,,,G,,true,false,true,false,
2006,260670349,349,army-black-knights,ARMY,Army Black Knights,,5269,s:40~l:54~a:5269,511116d320673e5d080a2449e952404b,Stefanie Stone,S. Stone,,,,NA,,true,false,true,false,
2006,260670349,349,army-black-knights,ARMY,Army Black Knights,,3041,s:40~l:54~a:3041,a4794d047160ba967bec527c348bc453,Megan Vrabel,M. Vrabel,,,,NA,,true,false,true,false,
2006,260670349,349,army-black-knights,ARMY,Army Black Knights,,5275,s:40~l:54~a:5275,8c49e6083cc867fe1b409517fcf26099,Jen Hansen,J. Hansen,,,,NA,,true,false,true,false,
2006,260670349,349,army-black-knights,ARMY,Army Black Knights,,5271,s:40~l:54~a:5271,fb64e6e7d80638e942d7d1ab851d40d6,Cara Enright,C. Enright,,,,NA,,true,false,true,false,
2006,260672628,2751,wyoming-cowgirls,WYO,Wyoming Cowgirls,,5658,s:40~l:54~a:5658,d770b304b6976ddc1a40e61f15b7d530,Hanna Zavecz,H. Zavecz,,,5  ,F,,true,false,true,false,
2006,260672628,2751,wyoming-cowgirls,WYO,Wyoming Cowgirls,,5660,s:40~l:54~a:5660,3a982f965c38e8b2527f2eb2f3df652e,Megan Mcguffey,M. Mcguffey,,,24 ,G,,true,false,true,false,
2006,260672628,2751,wyoming-cowgirls,WYO,Wyoming Cowgirls,,4385,s:40~l:54~a:4385,f95b514c601fd7bbc3472607e8b665df,Michelle Taylor,M. Taylor,,,,NA,,true,false,true,false,
2006,260672628,2751,wyoming-cowgirls,WYO,Wyoming Cowgirls,,5661,s:40~l:54~a:5661,5f4e17a4fb7f32b0e66a96535e5f241f,Erin Hicks,E. Hicks,,,,NA,,true,false,true,false,
2006,260672628,2751,wyoming-cowgirls,WYO,Wyoming Cowgirls,,5659,s:40~l:54~a:5659,3aa6f005a3050452a0506bc47f1d7a1a,Jodi Bolerjack,J. Bolerjack,,,,NA,,true,false,true,false,
2006,260672628,2628,tcu-horned-frogs,TCU,TCU Horned Frogs,,4867,s:40~l:54~a:4867,ffb1cc354f528ab7e45285aa7ac99bb3,Vanessa Clementino,V. Clementino,,,,NA,,true,false,true,false,
2006,260672628,2628,tcu-horned-frogs,TCU,TCU Horned Frogs,,4861,s:40~l:54~a:4861,e060b229b9382010166c2bb29a1bdfb8,Moneka Knight,M. Knight,,,,NA,,true,false,true,false,
2006,260672628,2628,tcu-horned-frogs,TCU,TCU Horned Frogs,,3850,s:40~l:54~a:3850,4af6d2ed8ae7dc99d67b6ba5ce7e6cac,Natasha Lacy,N. Lacy,,,,NA,,true,false,true,false,
2006,260672628,2628,tcu-horned-frogs,TCU,TCU Horned Frogs,,5657,s:40~l:54~a:5657,72e4bb9c608c43f0836fae1435a7e217,Whitney Regian,W. Regian,,,,NA,,true,true,true,false,
2006,260672628,2628,tcu-horned-frogs,TCU,TCU Horned Frogs,,5463,s:40~l:54~a:5463,af2a5c1f893e6353ad2bf7e1bc31401e,Brittany Purdom,B. Purdom,,,,NA,,true,true,true,false,
2006,260690189,2649,toledo-rockets,TOL,Toledo Rockets,,5669,s:40~l:54~a:5669,137cd8a5fe99dccc932d712ac3065531,Savannah Werner,S. Werner,,,,NA,,true,false,true,false,
2006,260690189,2649,toledo-rockets,TOL,Toledo Rockets,,5668,s:40~l:54~a:5668,bce5765cb500d6066d4696f97d044eef,Amanda Davis,A. Davis,,,,NA,,true,false,true,false,
2006,260690189,2649,toledo-rockets,TOL,Toledo Rockets,,5672,s:40~l:54~a:5672,725a4aa13caf72effaa587837b3cc7e3,Olivia Terry,O. Terry,,,,NA,,true,false,true,false,
2006,260690189,2649,toledo-rockets,TOL,Toledo Rockets,,5671,s:40~l:54~a:5671,0835b18e8db3a132258f85e957fb22fa,Crystal Young,C. Young,,,,NA,,true,false,true,false,
2006,260690189,2649,toledo-rockets,TOL,Toledo Rockets,,5670,s:40~l:54~a:5670,90ec8fccb03b38f13c74505d071ade2e,Danielle Bishop,D. Bishop,,,,NA,,true,false,true,false,
2006,260690189,189,bowling-green-falcons,BGSU,Bowling Green Falcons,,4984,s:40~l:54~a:4984,38adc790ac7de7fd1880d537bc8ce752,Ali Mann,A. Mann,,,,NA,,true,false,true,false,
2006,260690189,189,bowling-green-falcons,BGSU,Bowling Green Falcons,,4983,s:40~l:54~a:4983,6289c6b67c525dde4e070773b7d5964b,Carin Horne,C. Horne,,,,NA,,true,false,true,false,
2006,260690189,189,bowling-green-falcons,BGSU,Bowling Green Falcons,,4982,s:40~l:54~a:4982,1ecc43de2b275181b73ff86fe2213e68,Liz Honegger,L. Honegger,,,,NA,,true,false,true,false,
2006,260690189,189,bowling-green-falcons,BGSU,Bowling Green Falcons,,5667,s:40~l:54~a:5667,90b5a5dfee28e46b196ad3c98f9b5439,Megan Thorburn,M. Thorburn,,,,NA,,true,false,true,false,
2006,260690189,189,bowling-green-falcons,BGSU,Bowling Green Falcons,,4985,s:40~l:54~a:4985,64101cc8b33878308c202c12d8d17fb6,Kate Achter,K. Achter,,,,NA,,true,false,true,false,
2006,260692199,2309,kent-state-golden-flashes,KENT,Kent State Golden Flashes,,4562,s:40~l:54~a:4562,e57c9abc0e7dab10810d78635d490a20,Mallorie Griffith,M. Griffith,,,,NA,,true,false,true,false,
2006,260692199,2309,kent-state-golden-flashes,KENT,Kent State Golden Flashes,,2692,s:40~l:54~a:2692,528580121149c670f5cf0e15629675e7,Lindsay Shearer,L. Shearer,,,,NA,,true,false,true,false,
2006,260692199,2309,kent-state-golden-flashes,KENT,Kent State Golden Flashes,,5664,s:40~l:54~a:5664,b6d481b51aeefad56e47af34b613137d,Sarah Burgess,S. Burgess,,,,NA,,true,false,true,false,
2006,260692199,2309,kent-state-golden-flashes,KENT,Kent State Golden Flashes,,4566,s:40~l:54~a:4566,a935041a7913c0105be0b7e99298780e,Kerrie James,K. James,,,,NA,,true,false,true,false,
2006,260692199,2309,kent-state-golden-flashes,KENT,Kent State Golden Flashes,,2691,s:40~l:54~a:2691,80b8e27d26377155f2e51ef1b6d7c471,Malika Willoughby,M. Willoughby,,,,NA,,true,false,true,false,
2006,260692199,2199,eastern-michigan-eagles,EMU,Eastern Michigan Eagles,,504,s:40~l:54~a:504,55e64850711f3cbddd5b094a3d915d41,Kendra Yeo,K. Yeo,,,,NA,,true,false,true,false,
2006,260692199,2199,eastern-michigan-eagles,EMU,Eastern Michigan Eagles,,502,s:40~l:54~a:502,86ce3adf9e73fa0f342fa7bb90324f2e,Stephanie Smiley,S. Smiley,,,,NA,,true,false,true,false,
2006,260692199,2199,eastern-michigan-eagles,EMU,Eastern Michigan Eagles,,5663,s:40~l:54~a:5663,2350fc176e44513bdffcb797448833a3,Kendra Gallert,K. Gallert,,,,NA,,true,false,true,false,
2006,260692199,2199,eastern-michigan-eagles,EMU,Eastern Michigan Eagles,,3297,s:40~l:54~a:3297,4ee0666d6e301b937b85574b23dec2f5,Patrice McKinney,P. McKinney,,,,NA,,true,false,true,false,
2006,260692199,2199,eastern-michigan-eagles,EMU,Eastern Michigan Eagles,,493,s:40~l:54~a:493,6561f584f55c5d5e2d65f9960560bf22,Regina Coleman,R. Coleman,,,,NA,,true,false,true,false,
2006,260700252,254,utah-utes,UTAH,Utah Utes,,4869,s:40~l:54~a:4869,e34f0450d7274a1862c1596b6227292f,Jessica Perry,J. Perry,,,,NA,,true,false,true,false,
2006,260700252,254,utah-utes,UTAH,Utah Utes,,2458,s:40~l:54~a:2458,69e935b7072e05159ddbf9187b4513a5,Kim Smith,K. Smith,,,,NA,,true,false,true,false,
2006,260700252,254,utah-utes,UTAH,Utah Utes,,5311,s:40~l:54~a:5311,bfa8f4595911b8f860b670bdfe0bca39,Julie Larsen,J. Larsen,,,,NA,,true,false,true,false,
2006,260700252,254,utah-utes,UTAH,Utah Utes,,3818,s:40~l:54~a:3818,708a743d5fdff8d7dec3ebfaabff0a8f,Heidi Carlsen,H. Carlsen,,,,NA,,true,false,true,false,
2006,260700252,254,utah-utes,UTAH,Utah Utes,,2153,s:40~l:54~a:2153,3ce48c2eccb31c0c264095249b561920,Shona Thorburn,S. Thorburn,,,,NA,,true,false,true,false,
2006,260700252,252,byu-cougars,BYU,BYU Cougars,,5326,s:40~l:54~a:5326,ddb5300a7269b123a39a0b0c0929b20d,Danielle Kubik,D. Kubik,,,,NA,,true,false,true,false,
2006,260700252,252,byu-cougars,BYU,BYU Cougars,,4215,s:40~l:54~a:4215,9b23c606558283949588a291fdfc89c9,Melinda Johnson,M. Johnson,,,,NA,,true,false,true,false,
2006,260700252,252,byu-cougars,BYU,BYU Cougars,,2724,s:40~l:54~a:2724,693adabbe299b2596b0fb8752e1ce793,Ambrosia Anderson,A. Anderson,,,,NA,,true,false,true,false,
2006,260700252,252,byu-cougars,BYU,BYU Cougars,,5328,s:40~l:54~a:5328,2f5c59d72f9b9d6148895678c0b1e8c6,Jennie Keele,J. Keele,,,,NA,,true,false,true,false,
2006,260700252,252,byu-cougars,BYU,BYU Cougars,,5327,s:40~l:54~a:5327,7263c9bb2848ab86afe8bb3711a17104,Mallary Gillespie,M. Gillespie,,,,NA,,true,false,true,false,
2006,260700189,2309,kent-state-golden-flashes,KENT,Kent State Golden Flashes,,5666,s:40~l:54~a:5666,4162baf7e8907f49b21eb16f4e8ea1d1,Rachel Bennett,R. Bennett,,,,G,,true,false,true,false,
2006,260700189,2309,kent-state-golden-flashes,KENT,Kent State Golden Flashes,,4562,s:40~l:54~a:4562,e57c9abc0e7dab10810d78635d490a20,Mallorie Griffith,M. Griffith,,,,NA,,true,false,true,false,
2006,260700189,2309,kent-state-golden-flashes,KENT,Kent State Golden Flashes,,2692,s:40~l:54~a:2692,528580121149c670f5cf0e15629675e7,Lindsay Shearer,L. Shearer,,,,NA,,true,false,true,false,
2006,260700189,2309,kent-state-golden-flashes,KENT,Kent State Golden Flashes,,4566,s:40~l:54~a:4566,a935041a7913c0105be0b7e99298780e,Kerrie James,K. James,,,,NA,,true,false,true,false,
2006,260700189,2309,kent-state-golden-flashes,KENT,Kent State Golden Flashes,,2691,s:40~l:54~a:2691,80b8e27d26377155f2e51ef1b6d7c471,Malika Willoughby,M. Willoughby,,,,NA,,true,false,true,false,
2006,260700189,189,bowling-green-falcons,BGSU,Bowling Green Falcons,,4982,s:40~l:54~a:4982,1ecc43de2b275181b73ff86fe2213e68,Liz Honegger,L. Honegger,,,,NA,,true,false,true,false,
2006,260700189,189,bowling-green-falcons,BGSU,Bowling Green Falcons,,4984,s:40~l:54~a:4984,38adc790ac7de7fd1880d537bc8ce752,Ali Mann,A. Mann,,,,NA,,true,false,true,false,
2006,260700189,189,bowling-green-falcons,BGSU,Bowling Green Falcons,,4983,s:40~l:54~a:4983,6289c6b67c525dde4e070773b7d5964b,Carin Horne,C. Horne,,,,NA,,true,false,true,false,
2006,260700189,189,bowling-green-falcons,BGSU,Bowling Green Falcons,,5667,s:40~l:54~a:5667,90b5a5dfee28e46b196ad3c98f9b5439,Megan Thorburn,M. Thorburn,,,,NA,,true,false,true,false,
2006,260700189,189,bowling-green-falcons,BGSU,Bowling Green Falcons,,4985,s:40~l:54~a:4985,64101cc8b33878308c202c12d8d17fb6,Kate Achter,K. Achter,,,,NA,,true,false,true,false,
2006,260702529,2514,quinnipiac-bobcats,QUIN,Quinnipiac Bobcats,,5689,s:40~l:54~a:5689,b89b3a52341fdd9e07cd8c0ea4ebb0bf,Brianna Rooney,B. Rooney,,,,G,,true,false,true,false,
2006,260702529,2514,quinnipiac-bobcats,QUIN,Quinnipiac Bobcats,,5688,s:40~l:54~a:5688,a4f07815cff159e3d3a0e9a04b85ff8d,Erin Kerner,E. Kerner,,,,G,,true,false,true,false,
2006,260702529,2514,quinnipiac-bobcats,QUIN,Quinnipiac Bobcats,,5687,s:40~l:54~a:5687,4ff6af35e442185b6d00ca2c20124e10,Kathleen Pennewell,K. Pennewell,,,,NA,,true,false,true,false,
2006,260702529,2514,quinnipiac-bobcats,QUIN,Quinnipiac Bobcats,,5686,s:40~l:54~a:5686,79189e2669ae75adbda03178c596210c,Charmaine Steele,C. Steele,,,,NA,,true,false,true,false,
2006,260702529,2514,quinnipiac-bobcats,QUIN,Quinnipiac Bobcats,,5685,s:40~l:54~a:5685,da4a55caacb5629645b691e8c74b8be5,Monique Lee,M. Lee,,,,NA,,true,false,true,false,
2006,260702529,2529,sacred-heart-pioneers,SHU,Sacred Heart Pioneers,,4540,s:40~l:54~a:4540,f07716b5267f5e9f237ff2fc7ad9de8c,Jasmine Walker,J. Walker,,,,NA,,true,false,true,false,
2006,260702529,2529,sacred-heart-pioneers,SHU,Sacred Heart Pioneers,,4538,s:40~l:54~a:4538,11bce949e00cee4a963a72e0281d4ab0,Mary Rush,M. Rush,,,,NA,,true,false,true,false,
2006,260702529,2529,sacred-heart-pioneers,SHU,Sacred Heart Pioneers,,5690,s:40~l:54~a:5690,96e2d7cd063298bce62724c6895bd3ab,Nicolle Rubino,N. Rubino,,,,NA,,true,false,true,false,
2006,260702529,2529,sacred-heart-pioneers,SHU,Sacred Heart Pioneers,,4535,s:40~l:54~a:4535,2f5a5e0b8ff094742062dded54c5177e,Amanda Pape,A. Pape,,,,NA,,true,false,true,false,
2006,260702529,2529,sacred-heart-pioneers,SHU,Sacred Heart Pioneers,,4529,s:40~l:54~a:4529,c47819d11f028f4e98e1d9010b7d475a,Kerri Burke,K. Burke,,,,NA,,true,false,true,false,
2006,260702226,2241,gardner-webb-runnin-bulldogs,GWEB,Gardner-Webb Runnin' Bulldogs,,5696,s:40~l:54~a:5696,a2c9948aa615c9250b5976cca2226cd6,Brittany Harmon,B. Harmon,,,,NA,,true,false,true,false,
2006,260702226,2241,gardner-webb-runnin-bulldogs,GWEB,Gardner-Webb Runnin' Bulldogs,,5695,s:40~l:54~a:5695,c0da7e8b77b9e85c2631ad948a7a1760,Shameka Smith,S. Smith,,,,NA,,true,false,true,false,
2006,260702226,2241,gardner-webb-runnin-bulldogs,GWEB,Gardner-Webb Runnin' Bulldogs,,5699,s:40~l:54~a:5699,ec25a73a37b36ca3699bf9b671f03e62,Brooke Wilkinson,B. Wilkinson,,,,NA,,true,false,true,false,
2006,260702226,2241,gardner-webb-runnin-bulldogs,GWEB,Gardner-Webb Runnin' Bulldogs,,5698,s:40~l:54~a:5698,1408501aeaa74c13693ead9b60b077a5,Candyse Kelly,C. Kelly,,,,NA,,true,false,true,false,
2006,260702226,2241,gardner-webb-runnin-bulldogs,GWEB,Gardner-Webb Runnin' Bulldogs,,5697,s:40~l:54~a:5697,de0af0814d46081e9db2bf8902786db7,Sequenta Blackman,S. Blackman,,,,NA,,true,false,true,false,
2006,260702226,2226,florida-atlantic-owls,FAU,Florida Atlantic Owls,,5692,s:40~l:54~a:5692,36e2446204d887b6c01b550109738aeb,Amanda Bulin,A. Bulin,,,,NA,,true,false,true,false,
2006,260702226,2226,florida-atlantic-owls,FAU,Florida Atlantic Owls,,5691,s:40~l:54~a:5691,6a4502eed94fb567d543949ecf270d10,Brittney Crenshaw,B. Crenshaw,,,,NA,,true,false,true,false,
2006,260702226,2226,florida-atlantic-owls,FAU,Florida Atlantic Owls,,5694,s:40~l:54~a:5694,d3327b627e4a292bd93bf77c3fb12d34,Shuteamia Brayboy,S. Brayboy,,,,NA,,true,false,true,false,
2006,260702226,2226,florida-atlantic-owls,FAU,Florida Atlantic Owls,,5693,s:40~l:54~a:5693,ce4bb07674d358199573d1496157e879,Missy Glaser,M. Glaser,,,,NA,,true,false,true,false,
2006,260702226,2226,florida-atlantic-owls,FAU,Florida Atlantic Owls,,2872,s:40~l:54~a:2872,8da38393218ed75a9115085c41e81d66,Shontavia Williams,S. Williams,,,,NA,,true,false,true,false,
2006,260702154,2169,delaware-state-lady-hornets,DSU,Delaware State Lady Hornets,,5737,s:40~l:54~a:5737,7e9e1194dcb8a098d62a6449ac256810,Jameka Smith,J. Smith,,,21 ,G,,true,false,true,false,
2006,260702154,2169,delaware-state-lady-hornets,DSU,Delaware State Lady Hornets,,5735,s:40~l:54~a:5735,0d691a1cfa57cae3cefc037f9a7b975f,Najmah Fauntleroy,N. Fauntleroy,,,,NA,,true,false,true,false,
2006,260702154,2169,delaware-state-lady-hornets,DSU,Delaware State Lady Hornets,,5734,s:40~l:54~a:5734,75629215224522de6babd5319a4d32b4,Katreem Palmer,K. Palmer,,,,NA,,true,false,true,false,
2006,260702154,2169,delaware-state-lady-hornets,DSU,Delaware State Lady Hornets,,5738,s:40~l:54~a:5738,5364f900187f0ae18f156a3e13705e16,Ashlee Burbage,A. Burbage,,,,NA,,true,false,true,false,
2006,260702154,2169,delaware-state-lady-hornets,DSU,Delaware State Lady Hornets,,5736,s:40~l:54~a:5736,7d195671b3928b55cb276b15b1aa853d,Raquel Collier,R. Collier,,,,NA,,true,false,true,false,
2006,260702154,2154,coppin-state-eagles,COPP,Coppin State Eagles,,5733,s:40~l:54~a:5733,872380b87a063dfa54d147be4d8b61a3,Tanezia Harden,T. Harden,,,0  ,C,,true,false,true,false,
2006,260702154,2154,coppin-state-eagles,COPP,Coppin State Eagles,,5037,s:40~l:54~a:5037,4ce9505b3708f4579778dadb96389a04,Sherrie Tucker,S. Tucker,,,,NA,,true,false,true,false,
2006,260702154,2154,coppin-state-eagles,COPP,Coppin State Eagles,,5035,s:40~l:54~a:5035,0db1c9a3242929826e08733a8f602315,Talia Sutton,T. Sutton,,,,NA,,true,false,true,false,
2006,260702154,2154,coppin-state-eagles,COPP,Coppin State Eagles,,5048,s:40~l:54~a:5048,85e2fad9c005fc46ee44fb5e83624895,Rashida Suber,R. Suber,,,,NA,,true,false,true,false,
2006,260702154,2154,coppin-state-eagles,COPP,Coppin State Eagles,,3990,s:40~l:54~a:3990,dc94984b9503cb83a4551cd49331f262,Shalamar Oakley,S. Oakley,,,,NA,,true,false,true,false,
2006,260702460,2623,missouri-state-lady-bears,MOST,Missouri State Lady Bears,,5225,s:40~l:54~a:5225,9db9beab884c69d4c04a5813df22ef7c,Tiff Terwelp,T. Terwelp,,,,NA,,true,false,true,false,
2006,260702460,2623,missouri-state-lady-bears,MOST,Missouri State Lady Bears,,3335,s:40~l:54~a:3335,cefa335e110b3aebd1cc269410164c58,Sarah Klaassen,S. Klaassen,,,,NA,,true,false,true,false,
2006,260702460,2623,missouri-state-lady-bears,MOST,Missouri State Lady Bears,,3334,s:40~l:54~a:3334,bd91620c10176f4a80f729cb607feecf,Hannah Kirk,H. Kirk,,,,NA,,true,false,true,false,
2006,260702460,2623,missouri-state-lady-bears,MOST,Missouri State Lady Bears,,5222,s:40~l:54~a:5222,b888db7ba717324379050a7dc269eff5,Kayli Combs,K. Combs,,,,NA,,true,false,true,false,
2006,260702460,2623,missouri-state-lady-bears,MOST,Missouri State Lady Bears,,3336,s:40~l:54~a:3336,8e85379591d51ace0f26fef0e676d86a,Kari Koch,K. Koch,,,,NA,,true,false,true,false,
2006,260702460,2460,northern-iowa-panthers,UNI,Northern Iowa Panthers,,2527,s:40~l:54~a:2527,1914833136b051fe33f6b9569f26ed5c,Cassie Hager,C. Hager,,,,NA,,true,false,true,false,
2006,260702460,2460,northern-iowa-panthers,UNI,Northern Iowa Panthers,,5766,s:40~l:54~a:5766,f18eb5cd742db63740159afdb91eb099,Traci Ollendieck,T. Ollendieck,,,,NA,,true,false,true,false,
2006,260702460,2460,northern-iowa-panthers,UNI,Northern Iowa Panthers,,2540,s:40~l:54~a:2540,7054174f8d648f64c716b6062f377521,Tara King,T. King,,,,NA,,true,false,true,false,
2006,260702460,2460,northern-iowa-panthers,UNI,Northern Iowa Panthers,,5767,s:40~l:54~a:5767,f0421572343412519f9071642d90f942,Jessie Biggs,J. Biggs,,,,NA,,true,false,true,false,
2006,260702460,2460,northern-iowa-panthers,UNI,Northern Iowa Panthers,,2418,s:40~l:54~a:2418,d120aa2ec7d8333a9fa6344754fce60f,Sarah Larsen,S. Larsen,,,,NA,,true,false,true,false,
2006,260702582,2011,alabama-state-lady-hornets,ALST,Alabama State Lady Hornets,,5772,s:40~l:54~a:5772,231c2cb03ac95620697b10c7acef4b25,Shantae Robinson,S. Robinson,,,,C,,true,false,true,false,
2006,260702582,2011,alabama-state-lady-hornets,ALST,Alabama State Lady Hornets,,5771,s:40~l:54~a:5771,0831b941056f76d0f74eee8b675a07f5,L'Teisha Holloway,L. Holloway,,,,G,,true,false,true,false,
2006,260702582,2011,alabama-state-lady-hornets,ALST,Alabama State Lady Hornets,,3704,s:40~l:54~a:3704,b9c49904fc8006ca51a29a131de7ab44,Nedra Thomas,N. Thomas,,,,NA,,true,false,true,false,
2006,260702582,2011,alabama-state-lady-hornets,ALST,Alabama State Lady Hornets,,5770,s:40~l:54~a:5770,4fba92842b14c2328d2212f2f1ecf611,Latille Ross,L. Ross,,,,NA,,true,false,true,false,
2006,260702582,2011,alabama-state-lady-hornets,ALST,Alabama State Lady Hornets,,3175,s:40~l:54~a:3175,29af266ffb7e5f1d2a440470d2b29b87,Frantina Coleman,F. Coleman,,,,NA,,true,false,true,false,
2006,260702582,2582,southern-jaguars,SOU,Southern Jaguars,,4069,s:40~l:54~a:4069,6399a607cf09a2cbbc2611604b47ed9d,Fredreika Lewis,F. Lewis,,,,NA,,true,false,true,false,
2006,260702582,2582,southern-jaguars,SOU,Southern Jaguars,,3725,s:40~l:54~a:3725,c652ea974d93e693bf5384693f1a765e,Indi Johnson,I. Johnson,,,,NA,,true,false,true,false,
2006,260702582,2582,southern-jaguars,SOU,Southern Jaguars,,5773,s:40~l:54~a:5773,c5966066140f5e837bf70c8cd4815f49,Tiffany Jones,T. Jones,,,,NA,,true,false,true,false,
2006,260702582,2582,southern-jaguars,SOU,Southern Jaguars,,4073,s:40~l:54~a:4073,2ccec3c55ea732c586e61206ed63062f,Ciara Shiggs,C. Shiggs,,,,NA,,true,false,true,false,
2006,260702582,2582,southern-jaguars,SOU,Southern Jaguars,,4070,s:40~l:54~a:4070,57a3ccbf1bf1924d343ef3922f846caa,Rolanda Monroe,R. Monroe,,,,NA,,true,false,true,false,
2006,260710042,104,boston-university-terriers,BU,Boston University Terriers,,5785,s:40~l:54~a:5785,e54e097cad8f685a6bb0be9a3a4ccc34,Jesyka Burks-Wiley,J. Burks-Wiley,,,,F,,true,false,true,false,
2006,260710042,104,boston-university-terriers,BU,Boston University Terriers,,5786,s:40~l:54~a:5786,84617fc414b637be76815ee9f4f12da4,Christine Kinneary,C. Kinneary,,,,G,,true,false,true,false,
2006,260710042,104,boston-university-terriers,BU,Boston University Terriers,,5784,s:40~l:54~a:5784,3a46f74143e638f8470ac79a84d27d08,Kasey Devine,K. Devine,,,,NA,,true,false,true,false,
2006,260710042,104,boston-university-terriers,BU,Boston University Terriers,,5787,s:40~l:54~a:5787,b11b23f834d9b400673a931632ff4460,Cheri Raffo,C. Raffo,,,,NA,,true,false,true,false,
2006,260710042,104,boston-university-terriers,BU,Boston University Terriers,,2805,s:40~l:54~a:2805,f6aa9cd5eef60617880ab7487bd3166c,Rachael Vanderwal,R. Vanderwal,,,,NA,,true,false,true,false,
2006,260710042,42,hartford-hawks,HART,Hartford Hawks,,5166,s:40~l:54~a:5166,070e53954ccb9fabc7b387541dabd66b,Erica Beverly,E. Beverly,,,32 ,F,,true,false,true,false,
2006,260710042,42,hartford-hawks,HART,Hartford Hawks,,5029,s:40~l:54~a:5029,cf6a6b6fb0bec442a826c10294bd4993,Danielle Hood,D. Hood,,,,NA,,true,false,true,false,
2006,260710042,42,hartford-hawks,HART,Hartford Hawks,,5028,s:40~l:54~a:5028,04aa0d08be9570e8c4bbcf5dfa48e550,Ikea Witt,I. Witt,,,,NA,,true,false,true,false,
2006,260710042,42,hartford-hawks,HART,Hartford Hawks,,5027,s:40~l:54~a:5027,57a1f526dc2d5103fdfd3697ad4be5a2,Erika Messam,E. Messam,,,,NA,,true,false,true,false,
2006,260710042,42,hartford-hawks,HART,Hartford Hawks,,5026,s:40~l:54~a:5026,99f6ce317b144db7b6efa3acd86f8d06,Danielle Wexler,D. Wexler,,,,NA,,true,false,true,false,
2006,260710282,2623,missouri-state-lady-bears,MOST,Missouri State Lady Bears,,5225,s:40~l:54~a:5225,9db9beab884c69d4c04a5813df22ef7c,Tiff Terwelp,T. Terwelp,,,,NA,,true,false,true,false,
2006,260710282,2623,missouri-state-lady-bears,MOST,Missouri State Lady Bears,,3335,s:40~l:54~a:3335,cefa335e110b3aebd1cc269410164c58,Sarah Klaassen,S. Klaassen,,,,NA,,true,false,true,false,
2006,260710282,2623,missouri-state-lady-bears,MOST,Missouri State Lady Bears,,3334,s:40~l:54~a:3334,bd91620c10176f4a80f729cb607feecf,Hannah Kirk,H. Kirk,,,,NA,,true,false,true,false,
2006,260710282,2623,missouri-state-lady-bears,MOST,Missouri State Lady Bears,,5222,s:40~l:54~a:5222,b888db7ba717324379050a7dc269eff5,Kayli Combs,K. Combs,,,,NA,,true,false,true,false,
2006,260710282,2623,missouri-state-lady-bears,MOST,Missouri State Lady Bears,,3336,s:40~l:54~a:3336,8e85379591d51ace0f26fef0e676d86a,Kari Koch,K. Koch,,,,NA,,true,false,true,false,
2006,260710282,282,indiana-state-sycamores,INST,Indiana State Sycamores,,5100,s:40~l:54~a:5100,0ef842ebd3e6a4b1e340a4aa7aded948,Rachel Maenpaa,R. Maenpaa,,,,NA,,true,false,true,false,
2006,260710282,282,indiana-state-sycamores,INST,Indiana State Sycamores,,5101,s:40~l:54~a:5101,35a711b7b4bccf706cf6baa407fd0712,Stephanie Lisch,S. Lisch,,,,NA,,true,false,true,false,
2006,260710282,282,indiana-state-sycamores,INST,Indiana State Sycamores,,2082,s:40~l:54~a:2082,11e4f441ca24e7dc9488d7f0c5290cea,Kristen Weddle,K. Weddle,,,,NA,,true,false,true,false,
2006,260710282,282,indiana-state-sycamores,INST,Indiana State Sycamores,,5103,s:40~l:54~a:5103,2c5ef4267531fd9dde87f3d651fc2fdd,Lisa Verhoff,L. Verhoff,,,,NA,,true,false,true,false,
2006,260710282,282,indiana-state-sycamores,INST,Indiana State Sycamores,,5102,s:40~l:54~a:5102,1b93d844d9cb2f040d72ff072a1ffdaf,Melanie Boeglin,M. Boeglin,,,,NA,,true,false,true,false,
2006,264000020,270,milwaukee-panthers,MILW,Milwaukee Panthers,,5592,s:40~l:54~a:5592,f61c8694664ac9bd452a55a7ddcc252a,Kim Wypiszynski,K. Wypiszynski,,,,F-C,,true,false,true,false,
2006,264000020,270,milwaukee-panthers,MILW,Milwaukee Panthers,,5593,s:40~l:54~a:5593,ee033e07e040b8064c6aa313329a2db5,Traci Edwards,T. Edwards,,,,C,,true,false,true,false,
2006,264000020,270,milwaukee-panthers,MILW,Milwaukee Panthers,,2530,s:40~l:54~a:2530,e6c6810b260f308ef2cfef06f2ab6425,Nichole Drummond,N. Drummond,,,,NA,,true,false,true,false,
2006,264000020,270,milwaukee-panthers,MILW,Milwaukee Panthers,,4208,s:40~l:54~a:4208,4ea7169408f739b436c6ce5c9e3535c2,Merideth Onson,M. Onson,,,,NA,,true,false,true,false,
2006,264000020,270,milwaukee-panthers,MILW,Milwaukee Panthers,,2525,s:40~l:54~a:2525,93b7ee8aa9107758ff904442241c4276,Molly O'Brien,M. O'Brien,,,,NA,,true,false,true,false,
2006,264000020,127,michigan-state-spartans,MSU,Michigan State Spartans,,5147,s:40~l:54~a:5147,6e58bf3bf450a7819ca55c6589545dde,Aisha Jefferson,A. Jefferson,,,22 ,F,,true,false,true,false,
2006,264000020,127,michigan-state-spartans,MSU,Michigan State Spartans,,3299,s:40~l:54~a:3299,a159c264237959ed9847622dd9d84765,Liz Shimek,L. Shimek,,,,NA,,true,false,true,false,
2006,264000020,127,michigan-state-spartans,MSU,Michigan State Spartans,,4087,s:40~l:54~a:4087,24ae83fb999e83d62397aa50ef8f35d4,Rene Haynes,R. Haynes,,,,NA,,true,false,true,false,
2006,264000020,127,michigan-state-spartans,MSU,Michigan State Spartans,,4086,s:40~l:54~a:4086,13b8bb5a81dd1e8cbd8cebcef9ff82ee,Victoria Lucas-Perry,V. Lucas-Perry,,,,NA,,true,false,true,false,
2006,264000020,127,michigan-state-spartans,MSU,Michigan State Spartans,,3295,s:40~l:54~a:3295,10067a6e48be3f41d86fac21fdc8d093,Lindsay Bowen,L. Bowen,,,,NA,,true,false,true,false,
2006,264000043,2492,pepperdine-waves,PEPP,Pepperdine Waves,,5196,s:40~l:54~a:5196,8bc363162ce471cb3aa4ee3e756d89d0,Jessica Ross,J. Ross,,,,G,,true,false,true,false,
2006,264000043,2492,pepperdine-waves,PEPP,Pepperdine Waves,,3971,s:40~l:54~a:3971,5b65c1646d918f93aa5effbfa7d61852,Teiosha George,T. George,,,,NA,,true,false,true,false,
2006,264000043,2492,pepperdine-waves,PEPP,Pepperdine Waves,,2494,s:40~l:54~a:2494,21890573367fa6f4a24debb95fe45e64,Kelsey Ball,K. Ball,,,,NA,,true,false,true,false,
2006,264000043,2492,pepperdine-waves,PEPP,Pepperdine Waves,,5206,s:40~l:54~a:5206,3e41d1c8475ac8ee8cea102c4d943fa1,Shannon Johnson,S. Johnson,,,,NA,,true,false,true,false,
2006,264000043,2492,pepperdine-waves,PEPP,Pepperdine Waves,,5198,s:40~l:54~a:5198,7974c35e23fc79decf04c16068906c2b,Daphanie Kennedy,D. Kennedy,,,,NA,,true,false,true,false,
2006,264000043,201,oklahoma-sooners,OU,Oklahoma Sooners,,5118,s:40~l:54~a:5118,1834413d80b409a6fe840327a8e7993b,Courtney Paris,C. Paris,,,3  ,C,,true,false,true,false,
2006,264000043,201,oklahoma-sooners,OU,Oklahoma Sooners,,3814,s:40~l:54~a:3814,f156683781715a0d8cd075188ce2a1d8,Leah Rush,L. Rush,,,,NA,,true,false,true,false,
2006,264000043,201,oklahoma-sooners,OU,Oklahoma Sooners,,3816,s:40~l:54~a:3816,7211db13851817d2dc714706e30b0134,Brittney Brown,B. Brown,,,,NA,,true,false,true,false,
2006,264000043,201,oklahoma-sooners,OU,Oklahoma Sooners,,2443,s:40~l:54~a:2443,bd525a866958ae254c6b7a1c4e560b74,Chelsi Welch,C. Welch,,,,NA,,true,false,true,false,
2006,264000043,201,oklahoma-sooners,OU,Oklahoma Sooners,,2440,s:40~l:54~a:2440,e3bf68ab5f09df85beb125602605ce51,Erin Higgins,E. Higgins,,,,NA,,true,false,true,false,
2006,264000004,2393,middle-tennessee-blue-raiders,MTSU,Middle Tennessee Blue Raiders,,4449,s:40~l:54~a:4449,d34871bc65bb6121610428331db5cb8c,Krystle Horton,K. Horton,,,,NA,,true,false,true,false,
2006,264000004,2393,middle-tennessee-blue-raiders,MTSU,Middle Tennessee Blue Raiders,,3030,s:40~l:54~a:3030,8e53819d4ba800cef09bfeafc258e550,Tia Stovall,T. Stovall,,,,NA,,true,false,true,false,
2006,264000004,2393,middle-tennessee-blue-raiders,MTSU,Middle Tennessee Blue Raiders,,5573,s:40~l:54~a:5573,0113395fc290e0ca46b51f3064993f4e,LaCondra Mason,L. Mason,,,,NA,,true,false,true,false,
2006,264000004,2393,middle-tennessee-blue-raiders,MTSU,Middle Tennessee Blue Raiders,,5572,s:40~l:54~a:5572,2d405439112f3fb33ad9f5a109a6d520,Johnna Abney,J. Abney,,,,NA,,true,false,true,false,
2006,264000004,2393,middle-tennessee-blue-raiders,MTSU,Middle Tennessee Blue Raiders,,4452,s:40~l:54~a:4452,bf41e212690c07353d62c868c4f0f8af,Chrissy Givens,C. Givens,,,,NA,,true,false,true,false,
2006,264000004,254,utah-utes,UTAH,Utah Utes,,4869,s:40~l:54~a:4869,e34f0450d7274a1862c1596b6227292f,Jessica Perry,J. Perry,,,,NA,,true,false,true,false,
2006,264000004,254,utah-utes,UTAH,Utah Utes,,2458,s:40~l:54~a:2458,69e935b7072e05159ddbf9187b4513a5,Kim Smith,K. Smith,,,,NA,,true,false,true,false,
2006,264000004,254,utah-utes,UTAH,Utah Utes,,5311,s:40~l:54~a:5311,bfa8f4595911b8f860b670bdfe0bca39,Julie Larsen,J. Larsen,,,,NA,,true,false,true,false,
2006,264000004,254,utah-utes,UTAH,Utah Utes,,3818,s:40~l:54~a:3818,708a743d5fdff8d7dec3ebfaabff0a8f,Heidi Carlsen,H. Carlsen,,,,NA,,true,false,true,false,
2006,264000004,254,utah-utes,UTAH,Utah Utes,,2153,s:40~l:54~a:2153,3ce48c2eccb31c0c264095249b561920,Shona Thorburn,S. Thorburn,,,,NA,,true,false,true,false,
2006,264000032,2226,florida-atlantic-owls,FAU,Florida Atlantic Owls,,5692,s:40~l:54~a:5692,36e2446204d887b6c01b550109738aeb,Amanda Bulin,A. Bulin,,,,NA,,true,false,true,false,
2006,264000032,2226,florida-atlantic-owls,FAU,Florida Atlantic Owls,,5691,s:40~l:54~a:5691,6a4502eed94fb567d543949ecf270d10,Brittney Crenshaw,B. Crenshaw,,,,NA,,true,false,true,false,
2006,264000032,2226,florida-atlantic-owls,FAU,Florida Atlantic Owls,,5694,s:40~l:54~a:5694,d3327b627e4a292bd93bf77c3fb12d34,Shuteamia Brayboy,S. Brayboy,,,,NA,,true,false,true,false,
2006,264000032,2226,florida-atlantic-owls,FAU,Florida Atlantic Owls,,5693,s:40~l:54~a:5693,ce4bb07674d358199573d1496157e879,Missy Glaser,M. Glaser,,,,NA,,true,false,true,false,
2006,264000032,2226,florida-atlantic-owls,FAU,Florida Atlantic Owls,,2872,s:40~l:54~a:2872,8da38393218ed75a9115085c41e81d66,Shontavia Williams,S. Williams,,,,NA,,true,false,true,false,
2006,264000032,99,lsu-tigers,LSU,LSU Tigers,,4834,s:40~l:54~a:4834,08e807cc398fe0f761ad0d448bfeb280,Sylvia Fowles,S. Fowles,,,,NA,,true,false,true,false,
2006,264000032,99,lsu-tigers,LSU,LSU Tigers,,5097,s:40~l:54~a:5097,50323e53b18c89f62e93b2404ae49315,Ashley Thomas,A. Thomas,,,,NA,,true,false,true,false,
2006,264000032,99,lsu-tigers,LSU,LSU Tigers,,4855,s:40~l:54~a:4855,830d3381141bb83c5adaee8b2b5d561a,Erica White,E. White,,,,NA,,true,false,true,false,
2006,264000032,99,lsu-tigers,LSU,LSU Tigers,,3715,s:40~l:54~a:3715,e6a46d07dfc2f2055ba24fc51716a427,Scholanda Hoston,S. Hoston,,,,NA,,true,false,true,false,
2006,264000032,99,lsu-tigers,LSU,LSU Tigers,,2635,s:40~l:54~a:2635,3a7f24f2f739ca385df1c548e6def432,Seimone Augustus,S. Augustus,,,,NA,,true,false,true,false,
2006,264000019,236,chattanooga-mocs,UTC,Chattanooga Mocs,,5559,s:40~l:54~a:5559,489649575bc407d79d950515413660db,Alex Anderson,A. Anderson,,,,NA,,true,false,true,false,
2006,264000019,236,chattanooga-mocs,UTC,Chattanooga Mocs,,2812,s:40~l:54~a:2812,1143764c4fff7bac148a5c9796d25bd2,Tiffani Roberson,T. Roberson,,,,NA,,true,false,true,false,
2006,264000019,236,chattanooga-mocs,UTC,Chattanooga Mocs,,5560,s:40~l:54~a:5560,0c62bd1afa7d487b590295d44cd9cc85,Laura Hall,L. Hall,,,,NA,,true,false,true,false,
2006,264000019,236,chattanooga-mocs,UTC,Chattanooga Mocs,,2392,s:40~l:54~a:2392,4ff6b589d0baa563802b885489f31da8,Nicole Mattison,N. Mattison,,,,NA,,true,false,true,false,
2006,264000019,236,chattanooga-mocs,UTC,Chattanooga Mocs,,2390,s:40~l:54~a:2390,79d4b62188dfb26a55dd7689d0e48880,Katasha Brown,K. Brown,,,,NA,,true,false,true,false,
2006,264000019,96,kentucky-wildcats,UK,Kentucky Wildcats,,5423,s:40~l:54~a:5423,998c0aaf1a8b37dd1ab7b7848374bb71,Carly Ormerod,C. Ormerod,,,0  ,G,,true,false,true,false,
2006,264000019,96,kentucky-wildcats,UK,Kentucky Wildcats,,4884,s:40~l:54~a:4884,41f4b5d4425e50198a2a061b6c41c077,Sarah Elliott,S. Elliott,,,,NA,,true,false,true,false,
2006,264000019,96,kentucky-wildcats,UK,Kentucky Wildcats,,4882,s:40~l:54~a:4882,6fa9101c9aa30d4ecdd9ed885501cb7e,Chante Bowman,C. Bowman,,,,NA,,true,false,true,false,
2006,264000019,96,kentucky-wildcats,UK,Kentucky Wildcats,,2482,s:40~l:54~a:2482,414be5a82189b5700a42ef9453e3df1f,Jennifer Humphrey,J. Humphrey,,,,NA,,true,false,true,false,
2006,264000019,96,kentucky-wildcats,UK,Kentucky Wildcats,,4883,s:40~l:54~a:4883,d604d498da68ebc20155700bfa5ee1c6,Samantha Mahoney,S. Mahoney,,,,NA,,true,false,true,false,
2006,264000042,2294,iowa-hawkeyes,IOWA,Iowa Hawkeyes,,5465,s:40~l:54~a:5465,f3f813504bb84ebf0259f28532187184,Megan Skouby,M. Skouby,,,,C,,true,false,true,false,
2006,264000042,2294,iowa-hawkeyes,IOWA,Iowa Hawkeyes,,5466,s:40~l:54~a:5466,3f4453d8e2b0a6cd9375bdc0c4be1da6,Kristi Smith,K. Smith,,,,G,,true,false,true,false,
2006,264000042,2294,iowa-hawkeyes,IOWA,Iowa Hawkeyes,,5464,s:40~l:54~a:5464,4528c65a3525a46858b802067085a4a2,Krista Vandeventer,K. Vandeventer,,,,NA,,true,false,true,false,
2006,264000042,2294,iowa-hawkeyes,IOWA,Iowa Hawkeyes,,3114,s:40~l:54~a:3114,4f9f2bb130b658d431f7dc5fffd2179f,Tiffany Reedy,T. Reedy,,,,NA,,true,false,true,false,
2006,264000042,2294,iowa-hawkeyes,IOWA,Iowa Hawkeyes,,3116,s:40~l:54~a:3116,54b3e3efff2a1276cb0818114ea0433a,Crystal Smith,C. Smith,,,,NA,,true,false,true,false,
2006,264000042,252,byu-cougars,BYU,BYU Cougars,,5326,s:40~l:54~a:5326,ddb5300a7269b123a39a0b0c0929b20d,Danielle Kubik,D. Kubik,,,,NA,,true,false,true,false,
2006,264000042,252,byu-cougars,BYU,BYU Cougars,,2724,s:40~l:54~a:2724,693adabbe299b2596b0fb8752e1ce793,Ambrosia Anderson,A. Anderson,,,,NA,,true,false,true,false,
2006,264000042,252,byu-cougars,BYU,BYU Cougars,,5328,s:40~l:54~a:5328,2f5c59d72f9b9d6148895678c0b1e8c6,Jennie Keele,J. Keele,,,,NA,,true,false,true,false,
2006,264000042,252,byu-cougars,BYU,BYU Cougars,,5327,s:40~l:54~a:5327,7263c9bb2848ab86afe8bb3711a17104,Mallary Gillespie,M. Gillespie,,,,NA,,true,false,true,false,
2006,264000042,252,byu-cougars,BYU,BYU Cougars,,4215,s:40~l:54~a:4215,9b23c606558283949588a291fdfc89c9,Melinda Johnson,M. Johnson,,,,NA,,true,false,true,false,
2006,264000005,2617,stephen-f-austin-ladyjacks,SFA,Stephen F. Austin Ladyjacks,,2808,s:40~l:54~a:2808,40c3547f2b770915e3d582c690b82d20,Kendria Smith,K. Smith,,,,NA,,true,false,true,false,
2006,264000005,2617,stephen-f-austin-ladyjacks,SFA,Stephen F. Austin Ladyjacks,,2807,s:40~l:54~a:2807,64373b1e2e42557235fab4167da3fee8,LaToya Mills,L. Mills,,,,NA,,true,false,true,false,
2006,264000005,2617,stephen-f-austin-ladyjacks,SFA,Stephen F. Austin Ladyjacks,,3966,s:40~l:54~a:3966,b9fff1f3acdf2b5e59982e7f49957ec9,Nikki Carr,N. Carr,,,,NA,,true,false,true,false,
2006,264000005,2617,stephen-f-austin-ladyjacks,SFA,Stephen F. Austin Ladyjacks,,2809,s:40~l:54~a:2809,aedb4c9ef1196ec88fbac6a62308b8ce,Britany Vinson,B. Vinson,,,,NA,,true,false,true,false,
2006,264000005,2617,stephen-f-austin-ladyjacks,SFA,Stephen F. Austin Ladyjacks,,2806,s:40~l:54~a:2806,438f191453869dc8d6973e894b4e4306,Kirby Killingsworth,K. Killingsworth,,,,NA,,true,false,true,false,
2006,264000005,9,arizona-state-sun-devils,ASU,Arizona State Sun Devils,,3842,s:40~l:54~a:3842,fd57da4745de397b8fd78369d112b315,Aubree Johnson,A. Johnson,,,,NA,,true,false,true,false,
2006,264000005,9,arizona-state-sun-devils,ASU,Arizona State Sun Devils,,3841,s:40~l:54~a:3841,c3266714953998f2a38f0dfdfbcf07d8,Emily Westerberg,E. Westerberg,,,,NA,,true,false,true,false,
2006,264000005,9,arizona-state-sun-devils,ASU,Arizona State Sun Devils,,2402,s:40~l:54~a:2402,f656434affdd605660450dfba8b872fe,Kristen Kovesdy,K. Kovesdy,,,,NA,,true,false,true,false,
2006,264000005,9,arizona-state-sun-devils,ASU,Arizona State Sun Devils,,4928,s:40~l:54~a:4928,0ea3fe8a56329a6c681b922bd5764e4d,Reagan Pariseau,R. Pariseau,,,,NA,,true,false,true,false,
2006,264000005,9,arizona-state-sun-devils,ASU,Arizona State Sun Devils,,2403,s:40~l:54~a:2403,00eaa0aaf0a2719f4f499339a793b32c,Jill Noe,J. Noe,,,,NA,,true,false,true,false,
2006,264000047,27,uc-riverside-highlanders,UCR,UC Riverside Highlanders,,5760,s:40~l:54~a:5760,bd71b1b88d96325891d9d08bf9edbf9d,Roney Friend,R. Friend,,,11 ,F,,true,false,true,false,
2006,264000047,27,uc-riverside-highlanders,UCR,UC Riverside Highlanders,,5758,s:40~l:54~a:5758,53b600065d62176c9a09d1f42eb1cd85,Anber Cox,A. Cox,,,,F,,true,false,true,false,
2006,264000047,27,uc-riverside-highlanders,UCR,UC Riverside Highlanders,,5757,s:40~l:54~a:5757,c1cc1acd3c04ed1d340a2de15db5b3c5,Kemie Nkele,K. Nkele,,,33 ,C,,true,false,true,false,
2006,264000047,27,uc-riverside-highlanders,UCR,UC Riverside Highlanders,,5756,s:40~l:54~a:5756,b073327c9c716b9d517d745e88387e98,Seyram Gbewonyo,S. Gbewonyo,,,2  ,G,,true,false,true,false,
2006,264000047,27,uc-riverside-highlanders,UCR,UC Riverside Highlanders,,3974,s:40~l:54~a:3974,30b38d6b923b47efd598d41a053b89b6,Vanessa Campillo,V. Campillo,,,,NA,,true,false,true,false,
2006,264000047,153,north-carolina-tar-heels,UNC,North Carolina Tar Heels,,4820,s:40~l:54~a:4820,0de0ab274d44bdd6a591d5ef9dfbcb07,Erlana Larkins,E. Larkins,,,,NA,,true,false,true,false,
2006,264000047,153,north-carolina-tar-heels,UNC,North Carolina Tar Heels,,3754,s:40~l:54~a:3754,8ba41f63ad491766dd837fe6ccb34b98,Camille Little,C. Little,,,,NA,,true,false,true,false,
2006,264000047,153,north-carolina-tar-heels,UNC,North Carolina Tar Heels,,2647,s:40~l:54~a:2647,78fba069babc60e597c4b87df0c6edee,La'Tangela Atkinson,L. Atkinson,,,,NA,,true,false,true,false,
2006,264000047,153,north-carolina-tar-heels,UNC,North Carolina Tar Heels,,3755,s:40~l:54~a:3755,dfe2d840ee1f027b9d928e7dcd35a0cd,Ivory Latta,I. Latta,,,,NA,,true,false,true,false,
2006,264000047,153,north-carolina-tar-heels,UNC,North Carolina Tar Heels,,2648,s:40~l:54~a:2648,9078e72bb6a32f576c7dc680854bb426,Jessica Sell,J. Sell,,,,NA,,true,false,true,false,
2006,264000039,2348,louisiana-tech-lady-techsters,LT,Louisiana Tech Lady Techsters,,5016,s:40~l:54~a:5016,db797c7b708136c1b0c3c509824ac5f7,Ty Moore,T. Moore,,,,NA,,true,false,true,false,
2006,264000039,2348,louisiana-tech-lady-techsters,LT,Louisiana Tech Lady Techsters,,2413,s:40~l:54~a:2413,41b578c6d4dcc1a33939f9608c7303be,Tamika Kursh,T. Kursh,,,,NA,,true,false,true,false,
2006,264000039,2348,louisiana-tech-lady-techsters,LT,Louisiana Tech Lady Techsters,,5228,s:40~l:54~a:5228,61a0bc1b1a2510cd991a594b863c595e,Tasha Williams,T. Williams,,,,NA,,true,false,true,false,
2006,264000039,2348,louisiana-tech-lady-techsters,LT,Louisiana Tech Lady Techsters,,5227,s:40~l:54~a:5227,b188ac00a56a2e72c44e65744ece2e2d,Aarica Rayboyd,A. Rayboyd,,,,NA,,true,false,true,false,
2006,264000039,2348,louisiana-tech-lady-techsters,LT,Louisiana Tech Lady Techsters,,3728,s:40~l:54~a:3728,6cc80d5c860ceb3e6bfeb1aa5c5c8a13,Shan Moore,S. Moore,,,,NA,,true,false,true,false,
2006,264000039,52,florida-state-seminoles,FSU,Florida State Seminoles,,5389,s:40~l:54~a:5389,24537ea2fa9a54a4476dcee2c8e7f085,Britany Miller,B. Miller,,,,NA,,true,false,true,false,
2006,264000039,52,florida-state-seminoles,FSU,Florida State Seminoles,,4096,s:40~l:54~a:4096,2471a03b3f0c483848e8094fef4661c7,Alicia Gladden,A. Gladden,,,,NA,,true,false,true,false,
2006,264000039,52,florida-state-seminoles,FSU,Florida State Seminoles,,2537,s:40~l:54~a:2537,fd12cc34017e9ed79063e1c8bfac8340,Ganiyat Adeduntan,G. Adeduntan,,,,NA,,true,false,true,false,
2006,264000039,52,florida-state-seminoles,FSU,Florida State Seminoles,,2416,s:40~l:54~a:2416,9536f5a616f150c157f7cd7c1358dbfd,Holly Johnson,H. Johnson,,,,NA,,true,false,true,false,
2006,264000039,52,florida-state-seminoles,FSU,Florida State Seminoles,,572,s:40~l:54~a:572,d3cbd3e1a36a8aa2b8870e989dc4827b,LaQuinta Neely,L. Neely,,,,NA,,true,false,true,false,
2006,264000036,2335,liberty-flames,LIB,Liberty Flames,,5799,s:40~l:54~a:5799,85535e562c0420139250ad04619fe58b,Moriah Frazee,M. Frazee,,,,F,,true,false,true,false,
2006,264000036,2335,liberty-flames,LIB,Liberty Flames,,5077,s:40~l:54~a:5077,85834a2d6b7fac7eee2345588d22f320,Karoli Piotrkiewicz,K. Piotrkiewicz,,,,NA,,true,false,true,false,
2006,264000036,2335,liberty-flames,LIB,Liberty Flames,,5078,s:40~l:54~a:5078,c84d28911a4b8ad82f7eec91cb367698,Roli-Ann Nikagbatse,R. Nikagbatse,,,,NA,,true,false,true,false,
2006,264000036,2335,liberty-flames,LIB,Liberty Flames,,5072,s:40~l:54~a:5072,b01137887a3e459bd813b91de2ca77c2,Courtney Watkins,C. Watkins,,,,NA,,true,false,true,false,
2006,264000036,2335,liberty-flames,LIB,Liberty Flames,,5053,s:40~l:54~a:5053,0dc0892a5a402c2ec815427e274f1f08,Allyson Fasnacht,A. Fasnacht,,,,NA,,true,false,true,false,
2006,264000036,305,depaul-blue-demons,DEP,DePaul Blue Demons,,5417,s:40~l:54~a:5417,c474308dd1706439aec76bbb97bf1676,Erin Cattell,E. Cattell,,,5  ,F,,true,false,true,false,
2006,264000036,305,depaul-blue-demons,DEP,DePaul Blue Demons,,415,s:40~l:54~a:415,aaaa2dcd83fe04b0e0e40cd0d502a6d6,Khara Smith,K. Smith,,,,NA,,true,false,true,false,
2006,264000036,305,depaul-blue-demons,DEP,DePaul Blue Demons,,4859,s:40~l:54~a:4859,8ccf9f61389ad1b5e837d73da998e9cb,Allie Quigley,A. Quigley,,,,NA,,true,false,true,false,
2006,264000036,305,depaul-blue-demons,DEP,DePaul Blue Demons,,4561,s:40~l:54~a:4561,6ebbbc3f36e376a65adaf5b2cd19682f,Jenna Rubino,J. Rubino,,,,NA,,true,false,true,false,
2006,264000036,305,depaul-blue-demons,DEP,DePaul Blue Demons,,417,s:40~l:54~a:417,00eb53aabfa29c5bce28e5d2eb8d5cd6,Claudette Towers,C. Towers,,,,NA,,true,false,true,false,
2006,264000048,97,louisville-cardinals,LOU,Louisville Cardinals,,4716,s:40~l:54~a:4716,3432e3bf571e55cc8a80ae3d4b4b1672,Jazz Covington,J. Covington,,,,NA,,true,false,true,false,
2006,264000048,97,louisville-cardinals,LOU,Louisville Cardinals,,4055,s:40~l:54~a:4055,ea61f328b204194e8360d9428a7bad3a,Missy Taylor,M. Taylor,,,,NA,,true,false,true,false,
2006,264000048,97,louisville-cardinals,LOU,Louisville Cardinals,,4718,s:40~l:54~a:4718,0228f92be4f706130444e65cc9549efd,Katie Olson,K. Olson,,,,NA,,true,false,true,false,
2006,264000048,97,louisville-cardinals,LOU,Louisville Cardinals,,3545,s:40~l:54~a:3545,c930269ac2e8d80db614c637e3dbae43,Jessica Huggins,J. Huggins,,,,NA,,true,false,true,false,
2006,264000048,97,louisville-cardinals,LOU,Louisville Cardinals,,2393,s:40~l:54~a:2393,972de6f13722a49c909b2976f752bd0f,Connie Neal,C. Neal,,,,NA,,true,false,true,false,
2006,264000048,238,vanderbilt-commodores,VAN,Vanderbilt Commodores,,3776,s:40~l:54~a:3776,20a3cf56ca4c4a4e1704b19976f87669,Carla Thomas,C. Thomas,,,,NA,,true,false,true,false,
2006,264000048,238,vanderbilt-commodores,VAN,Vanderbilt Commodores,,2644,s:40~l:54~a:2644,462cd6b09f78163dab33a7073d9b009a,Nicole Jules,N. Jules,,,,NA,,true,false,true,false,
2006,264000048,238,vanderbilt-commodores,VAN,Vanderbilt Commodores,,3778,s:40~l:54~a:3778,e3312e11d01fddfa4043843053d5f4a3,Dee Davis,D. Davis,,,,NA,,true,false,true,false,
2006,264000048,238,vanderbilt-commodores,VAN,Vanderbilt Commodores,,3777,s:40~l:54~a:3777,27f364985db4ee0f34454bcc1dcb28fc,Cherish Stringfield,C. Stringfield,,,,NA,,true,false,true,false,
2006,264000048,238,vanderbilt-commodores,VAN,Vanderbilt Commodores,,3775,s:40~l:54~a:3775,30c7799ec3ad7a48f2adc5317b6eca98,Caroline Williams,C. Williams,,,,NA,,true,false,true,false,
2006,264000040,2546,southeast-missouri-state-redhawks,SEMO,Southeast Missouri State Redhawks,,5521,s:40~l:54~a:5521,3c0fcf2d7001ea4c327a2a3fb95619e0,Tarina Nixon,T. Nixon,,,12 ,G,,true,false,true,false,
2006,264000040,2546,southeast-missouri-state-redhawks,SEMO,Southeast Missouri State Redhawks,,5519,s:40~l:54~a:5519,c57819794c91eebeea3e27617ad0b0ef,Tatiana Conceicao,T. Conceicao,,,,NA,,true,false,true,false,
2006,264000040,2546,southeast-missouri-state-redhawks,SEMO,Southeast Missouri State Redhawks,,5518,s:40~l:54~a:5518,a081dde8df95bf156f2109e0a3a9cbb7,Natalie Purcell,N. Purcell,,,,NA,,true,false,true,false,
2006,264000040,2546,southeast-missouri-state-redhawks,SEMO,Southeast Missouri State Redhawks,,5517,s:40~l:54~a:5517,b46f035fe14bde21471ab84c3d4da149,Simone Jackson,S. Jackson,,,,NA,,true,false,true,false,
2006,264000040,2546,southeast-missouri-state-redhawks,SEMO,Southeast Missouri State Redhawks,,5520,s:40~l:54~a:5520,3374374a615ccb8eb3161d8837f2ad08,Wanika Owsley,W. Owsley,,,,NA,,true,false,true,false,
2006,264000040,24,stanford-cardinal,STAN,Stanford Cardinal,,5210,s:40~l:54~a:5210,4c1c8676b98031c3e63872df9258069e,Jillian Harmon,J. Harmon,,,33 ,F,,true,false,true,false,
2006,264000040,24,stanford-cardinal,STAN,Stanford Cardinal,,5212,s:40~l:54~a:5212,802c2a8507fdb10dc13e4cd5ac78191c,Rosalyn Goldonwude,R. Goldonwude,,,,NA,,true,false,true,false,
2006,264000040,24,stanford-cardinal,STAN,Stanford Cardinal,,3918,s:40~l:54~a:3918,cb1ca59b90fd08a9a05323857faeee28,Kristen Newlin,K. Newlin,,,,NA,,true,false,true,false,
2006,264000040,24,stanford-cardinal,STAN,Stanford Cardinal,,4896,s:40~l:54~a:4896,6807e88b6640acf90ebceceba90d5ff5,Candice Wiggins,C. Wiggins,,,,NA,,true,false,true,false,
2006,264000040,24,stanford-cardinal,STAN,Stanford Cardinal,,3914,s:40~l:54~a:3914,99d7b78d61842789d6a85541e6296cf7,Brooke Smith,B. Smith,,,,NA,,true,false,true,false,
2006,264000035,202,tulsa-golden-hurricane,TLSA,Tulsa Golden Hurricane,,2542,s:40~l:54~a:2542,297b5298123608b7c4852af24fbca160,Megan Moody,M. Moody,,,,NA,,true,false,true,false,
2006,264000035,202,tulsa-golden-hurricane,TLSA,Tulsa Golden Hurricane,,2451,s:40~l:54~a:2451,50a531fd7b5a192d3e4676955286b207,Jillian Robbins,J. Robbins,,,,NA,,true,false,true,false,
2006,264000035,202,tulsa-golden-hurricane,TLSA,Tulsa Golden Hurricane,,2121,s:40~l:54~a:2121,1cc939d4239e167e4881667305f455ee,Emily Jaskowiak,E. Jaskowiak,,,,NA,,true,false,true,false,
2006,264000035,202,tulsa-golden-hurricane,TLSA,Tulsa Golden Hurricane,,4480,s:40~l:54~a:4480,df7b1cf4d0efeebb1a6ec4d093b7647a,Tandem Mays,T. Mays,,,,NA,,true,false,true,false,
2006,264000035,202,tulsa-golden-hurricane,TLSA,Tulsa Golden Hurricane,,2450,s:40~l:54~a:2450,71a8ab3f7bf6f941aaa7b8eb81ab5ee2,Kara Pongonis,K. Pongonis,,,,NA,,true,false,true,false,
2006,264000035,152,nc-state-wolfpack,NCST,NC State Wolfpack,,4022,s:40~l:54~a:4022,3b91b56323505031c73efde7ba80a2d3,Sasha Reaves,S. Reaves,,,,NA,,true,false,true,false,
2006,264000035,152,nc-state-wolfpack,NCST,NC State Wolfpack,,4906,s:40~l:54~a:4906,ca614d7abc3e3e24233d7459ee34d084,Khadijah Whittington,K. Whittington,,,,NA,,true,false,true,false,
2006,264000035,152,nc-state-wolfpack,NCST,NC State Wolfpack,,4026,s:40~l:54~a:4026,cb65559cecd3ac55a2675e983a86006b,Marquetta Dickens,M. Dickens,,,,NA,,true,false,true,false,
2006,264000035,152,nc-state-wolfpack,NCST,NC State Wolfpack,,4023,s:40~l:54~a:4023,2b71963df1810bdc9113f48a48628dd0,Ashley Key,A. Key,,,,NA,,true,false,true,false,
2006,264000035,152,nc-state-wolfpack,NCST,NC State Wolfpack,,2818,s:40~l:54~a:2818,c0e8fdcd15f451c37f9707fb00cc823f,Billie McDowell,B. McDowell,,,,NA,,true,false,true,false,
2006,264000008,167,new-mexico-lobos,UNM,New Mexico Lobos,,2399,s:40~l:54~a:2399,3a222d9d73f3eddf4c1a85ce36eab26a,Jana Francis,J. Francis,,,,NA,,true,false,true,false,
2006,264000008,167,new-mexico-lobos,UNM,New Mexico Lobos,,4868,s:40~l:54~a:4868,34cbaed7f8d137f8bf47dd477edcd24b,Dionne Marsh,D. Marsh,,,,NA,,true,false,true,false,
2006,264000008,167,new-mexico-lobos,UNM,New Mexico Lobos,,5049,s:40~l:54~a:5049,0bd4a6c11dafad159e40e7f149a62fe7,Brandi Kimble,B. Kimble,,,,NA,,true,false,true,false,
2006,264000008,167,new-mexico-lobos,UNM,New Mexico Lobos,,3789,s:40~l:54~a:3789,de98591ed6aa9ebd243d832c63df88fc,Katie Montgomery,K. Montgomery,,,,NA,,true,false,true,false,
2006,264000008,167,new-mexico-lobos,UNM,New Mexico Lobos,,2398,s:40~l:54~a:2398,7efb0fb43ebe1cd69a3f3dadbff873ce,Abbie Letz,A. Letz,,,,NA,,true,false,true,false,
2006,264000008,57,florida-gators,FLA,Florida Gators,,5346,s:40~l:54~a:5346,5561eb5e350c276fba35dd1a2282b009,Sha Brooks,S. Brooks,,,,G,,true,false,true,false,
2006,264000008,57,florida-gators,FLA,Florida Gators,,2386,s:40~l:54~a:2386,256e94f43885914a14912396d2188a24,Dalila Eshe,D. Eshe,,,,NA,,true,false,true,false,
2006,264000008,57,florida-gators,FLA,Florida Gators,,2385,s:40~l:54~a:2385,f4d9a57bd58c3e26c78bb120aadc8c00,Brittany Davis,B. Davis,,,,NA,,true,false,true,false,
2006,264000008,57,florida-gators,FLA,Florida Gators,,2389,s:40~l:54~a:2389,71498a990671924edcff6bfcb833370c,Danielle Santos Atkinson,D. Santos Atkinson,,,,NA,,true,false,true,false,
2006,264000008,57,florida-gators,FLA,Florida Gators,,2387,s:40~l:54~a:2387,082aa6c6fd3f796e9893512623d2ae5f,Sarah Lowe,S. Lowe,,,,NA,,true,false,true,false,
2006,264000058,349,army-black-knights,ARMY,Army Black Knights,,5274,s:40~l:54~a:5274,b2340fbbb96d842370478c0d3225fc90,Alex McGuire,A. McGuire,,,,G,,true,false,true,false,
2006,264000058,349,army-black-knights,ARMY,Army Black Knights,,5269,s:40~l:54~a:5269,511116d320673e5d080a2449e952404b,Stefanie Stone,S. Stone,,,,NA,,true,false,true,false,
2006,264000058,349,army-black-knights,ARMY,Army Black Knights,,3041,s:40~l:54~a:3041,a4794d047160ba967bec527c348bc453,Megan Vrabel,M. Vrabel,,,,NA,,true,false,true,false,
2006,264000058,349,army-black-knights,ARMY,Army Black Knights,,5275,s:40~l:54~a:5275,8c49e6083cc867fe1b409517fcf26099,Jen Hansen,J. Hansen,,,,NA,,true,false,true,false,
2006,264000058,349,army-black-knights,ARMY,Army Black Knights,,5271,s:40~l:54~a:5271,fb64e6e7d80638e942d7d1ab851d40d6,Cara Enright,C. Enright,,,,NA,,true,false,true,false,
2006,264000058,2633,tennessee-lady-volunteers,TENN,Tennessee Lady Volunteers,,5148,s:40~l:54~a:5148,25cda7d1e8f33255ac4760fff1d7e6b2,Alex Fuller,A. Fuller,,,44 ,C,,true,false,true,false,
2006,264000058,2633,tennessee-lady-volunteers,TENN,Tennessee Lady Volunteers,,2632,s:40~l:54~a:2632,d54dd215e222e4239903f408b6257423,Tyesha Fluker,T. Fluker,,,,NA,,true,false,true,false,
2006,264000058,2633,tennessee-lady-volunteers,TENN,Tennessee Lady Volunteers,,5145,s:40~l:54~a:5145,61b484e2521ea0b301d4e85c791af05c,Candace Parker,C. Parker,,,,NA,,true,false,true,false,
2006,264000058,2633,tennessee-lady-volunteers,TENN,Tennessee Lady Volunteers,,3707,s:40~l:54~a:3707,70c6703f052213c777a20dd7ff64b712,Sidney Spencer,S. Spencer,,,,NA,,true,false,true,false,
2006,264000058,2633,tennessee-lady-volunteers,TENN,Tennessee Lady Volunteers,,2633,s:40~l:54~a:2633,c2ee79eb6ce4e1f61b40f49f0404c074,Shanna Zolman,S. Zolman,,,,NA,,true,false,true,false,
2006,264000051,2623,missouri-state-lady-bears,MOST,Missouri State Lady Bears,,5225,s:40~l:54~a:5225,9db9beab884c69d4c04a5813df22ef7c,Tiff Terwelp,T. Terwelp,,,,NA,,true,false,true,false,
2006,264000051,2623,missouri-state-lady-bears,MOST,Missouri State Lady Bears,,3335,s:40~l:54~a:3335,cefa335e110b3aebd1cc269410164c58,Sarah Klaassen,S. Klaassen,,,,NA,,true,false,true,false,
2006,264000051,2623,missouri-state-lady-bears,MOST,Missouri State Lady Bears,,3334,s:40~l:54~a:3334,bd91620c10176f4a80f729cb607feecf,Hannah Kirk,H. Kirk,,,,NA,,true,false,true,false,
2006,264000051,2623,missouri-state-lady-bears,MOST,Missouri State Lady Bears,,5222,s:40~l:54~a:5222,b888db7ba717324379050a7dc269eff5,Kayli Combs,K. Combs,,,,NA,,true,false,true,false,
2006,264000051,2623,missouri-state-lady-bears,MOST,Missouri State Lady Bears,,3336,s:40~l:54~a:3336,8e85379591d51ace0f26fef0e676d86a,Kari Koch,K. Koch,,,,NA,,true,false,true,false,
2006,264000051,2509,purdue-boilermakers,PUR,Purdue Boilermakers,,3724,s:40~l:54~a:3724,9c4848c80a777e86150539b6968d2fc2,Erin Lawless,E. Lawless,,,,NA,,true,false,true,false,
2006,264000051,2509,purdue-boilermakers,PUR,Purdue Boilermakers,,5278,s:40~l:54~a:5278,3b2bb529fa0fac3cc8909a682a95a6de,Lindsay Wisdomhylton,L. Wisdomhylton,,,,NA,,true,false,true,false,
2006,264000051,2509,purdue-boilermakers,PUR,Purdue Boilermakers,,3723,s:40~l:54~a:3723,c1387572be7fcdd5af8a477df5abaf94,Aya Traore,A. Traore,,,,NA,,true,false,true,false,
2006,264000051,2509,purdue-boilermakers,PUR,Purdue Boilermakers,,3726,s:40~l:54~a:3726,e393049a5d36b85d573c18f7f6e414e7,Katie Gearlds,K. Gearlds,,,,NA,,true,false,true,false,
2006,264000051,2509,purdue-boilermakers,PUR,Purdue Boilermakers,,2468,s:40~l:54~a:2468,00a69fb6888c8a2589587f79913d53c0,Sharika Webb,S. Webb,,,,NA,,true,false,true,false,
2006,264000023,42,hartford-hawks,HART,Hartford Hawks,,5166,s:40~l:54~a:5166,070e53954ccb9fabc7b387541dabd66b,Erica Beverly,E. Beverly,,,32 ,F,,true,false,true,false,
2006,264000023,42,hartford-hawks,HART,Hartford Hawks,,5029,s:40~l:54~a:5029,cf6a6b6fb0bec442a826c10294bd4993,Danielle Hood,D. Hood,,,,NA,,true,false,true,false,
2006,264000023,42,hartford-hawks,HART,Hartford Hawks,,5028,s:40~l:54~a:5028,04aa0d08be9570e8c4bbcf5dfa48e550,Ikea Witt,I. Witt,,,,NA,,true,false,true,false,
2006,264000023,42,hartford-hawks,HART,Hartford Hawks,,5027,s:40~l:54~a:5027,57a1f526dc2d5103fdfd3697ad4be5a2,Erika Messam,E. Messam,,,,NA,,true,false,true,false,
2006,264000023,42,hartford-hawks,HART,Hartford Hawks,,5026,s:40~l:54~a:5026,99f6ce317b144db7b6efa3acd86f8d06,Danielle Wexler,D. Wexler,,,,NA,,true,false,true,false,
2006,264000023,218,temple-owls,TEM,Temple Owls,,3023,s:40~l:54~a:3023,99914daf240a2fbaff01ea59c0902860,Candice Dupree,C. Dupree,,,,NA,,true,false,true,false,
2006,264000023,218,temple-owls,TEM,Temple Owls,,5079,s:40~l:54~a:5079,712e67deb9c2ebc3f69dcdec57fbcb44,Lady Comfort,L. Comfort,,,,NA,,true,false,true,false,
2006,264000023,218,temple-owls,TEM,Temple Owls,,4328,s:40~l:54~a:4328,c97612cd822e8c74d637c547abc661ab,Kamesha Hairston,K. Hairston,,,,NA,,true,false,true,false,
2006,264000023,218,temple-owls,TEM,Temple Owls,,3024,s:40~l:54~a:3024,414a6615f36e862ecbd46f88e27c051a,Khadija Bowens,K. Bowens,,,,NA,,true,false,true,false,
2006,264000023,218,temple-owls,TEM,Temple Owls,,3022,s:40~l:54~a:3022,6f925f4e47e612eca4ca9000c46ad7cf,Jennifer Owens,J. Owens,,,,NA,,true,false,true,false,
2006,264000011,25,california-golden-bears,CAL,California Golden Bears,,5820,s:40~l:54~a:5820,177967dd3e4bb94b51bf5bfb16f2efd1,Devanei Hampton,D. Hampton,,,20 ,F,,true,false,true,false,
2006,264000011,25,california-golden-bears,CAL,California Golden Bears,,5377,s:40~l:54~a:5377,265ed4118809c1c1dd300573e740770b,Ashley Walker,A. Walker,,,44 ,F,,true,false,true,false,
2006,264000011,25,california-golden-bears,CAL,California Golden Bears,,5380,s:40~l:54~a:5380,f7ba002bd656e5d7a79f76666ecf6b2e,Alexis Gray-Lawson,A. Gray-Lawson,,,21 ,G,,true,false,true,false,
2006,264000011,25,california-golden-bears,CAL,California Golden Bears,,5376,s:40~l:54~a:5376,9c60af2ea4ff518d83d192ad1eab3233,Krista Foster,K. Foster,,,,NA,,true,false,true,false,
2006,264000011,25,california-golden-bears,CAL,California Golden Bears,,2430,s:40~l:54~a:2430,a2b373a1db363d279b9d5a973d9ab4b3,Renee Wright,R. Wright,,,,NA,,true,false,true,false,
2006,264000011,2599,st-johns-red-storm,SJU,St. John's Red Storm,,4550,s:40~l:54~a:4550,5d0a0b14a7248f83d886b08a3a354708,Angie Clark,A. Clark,,,,NA,,true,false,true,false,
2006,264000011,2599,st-johns-red-storm,SJU,St. John's Red Storm,,4060,s:40~l:54~a:4060,e6330a1900e5448ce9584a22c2db25d5,Danielle Chambers,D. Chambers,,,,NA,,true,false,true,false,
2006,264000011,2599,st-johns-red-storm,SJU,St. John's Red Storm,,5384,s:40~l:54~a:5384,0dab7d42ef24819654ef2a75c4ae56cd,Tara Walker,T. Walker,,,,NA,,true,false,true,false,
2006,264000011,2599,st-johns-red-storm,SJU,St. John's Red Storm,,5383,s:40~l:54~a:5383,5d2d1e83f0e86cb77b8d25c483d364f2,Kia Wright,K. Wright,,,,NA,,true,false,true,false,
2006,264000011,2599,st-johns-red-storm,SJU,St. John's Red Storm,,5382,s:40~l:54~a:5382,34991c909645cfdab2b1e7586b817053,Greeba Barlow,G. Barlow,,,,NA,,true,false,true,false,
2006,264000057,295,old-dominion-monarchs,ODU,Old Dominion Monarchs,,3806,s:40~l:54~a:3806,e55241c827d0b571c9fc15d0f9df4eaf,Sherida Triggs,S. Triggs,,,,NA,,true,false,true,false,
2006,264000057,295,old-dominion-monarchs,ODU,Old Dominion Monarchs,,3807,s:40~l:54~a:3807,a1c318bdd2479d2c1bdf0988b3b5213c,Tish Lyons,T. Lyons,,,,NA,,true,false,true,false,
2006,264000057,295,old-dominion-monarchs,ODU,Old Dominion Monarchs,,2663,s:40~l:54~a:2663,6630f4b1fc70d95933a535b9dbaac40b,Shantel Wilson,S. Wilson,,,,NA,,true,false,true,false,
2006,264000057,295,old-dominion-monarchs,ODU,Old Dominion Monarchs,,4980,s:40~l:54~a:4980,b16fdfa758d714c38c6d58a3c9f3409c,TJ Jordan,T. Jordan,,,,NA,,true,false,true,false,
2006,264000057,295,old-dominion-monarchs,ODU,Old Dominion Monarchs,,2660,s:40~l:54~a:2660,73549734cad9ca0037ad51f8fc2eeaab,Lawona Davis,L. Davis,,,,NA,,true,false,true,false,
2006,264000057,45,george-washington-colonials,GW,George Washington Colonials,,5602,s:40~l:54~a:5602,54c49e8431d87f9c26ae3f578eed09b0,Jazmine Adair,J. Adair,,,21 ,F,,true,false,true,false,
2006,264000057,45,george-washington-colonials,GW,George Washington Colonials,,3828,s:40~l:54~a:3828,ee3684010f2038396e6f42e7bca23bba,Whitney Allen,W. Allen,,,,NA,,true,false,true,false,
2006,264000057,45,george-washington-colonials,GW,George Washington Colonials,,3165,s:40~l:54~a:3165,48342864315e146dc5ec2219f4694169,Jessica Simmonds,J. Simmonds,,,,NA,,true,false,true,false,
2006,264000057,45,george-washington-colonials,GW,George Washington Colonials,,5052,s:40~l:54~a:5052,d0631ddc36f4e1db6ec8ae473a7b7d89,Kimberly Beck,K. Beck,,,,NA,,true,false,true,false,
2006,264000057,45,george-washington-colonials,GW,George Washington Colonials,,3826,s:40~l:54~a:3826,1f277a3929bf4a9e561e53dd95f470a1,Kenan Cole,K. Cole,,,,NA,,true,false,true,false,
2006,264000050,189,bowling-green-falcons,BGSU,Bowling Green Falcons,,4982,s:40~l:54~a:4982,1ecc43de2b275181b73ff86fe2213e68,Liz Honegger,L. Honegger,,,,NA,,true,false,true,false,
2006,264000050,189,bowling-green-falcons,BGSU,Bowling Green Falcons,,4984,s:40~l:54~a:4984,38adc790ac7de7fd1880d537bc8ce752,Ali Mann,A. Mann,,,,NA,,true,false,true,false,
2006,264000050,189,bowling-green-falcons,BGSU,Bowling Green Falcons,,4983,s:40~l:54~a:4983,6289c6b67c525dde4e070773b7d5964b,Carin Horne,C. Horne,,,,NA,,true,false,true,false,
2006,264000050,189,bowling-green-falcons,BGSU,Bowling Green Falcons,,5667,s:40~l:54~a:5667,90b5a5dfee28e46b196ad3c98f9b5439,Megan Thorburn,M. Thorburn,,,,NA,,true,false,true,false,
2006,264000050,189,bowling-green-falcons,BGSU,Bowling Green Falcons,,4985,s:40~l:54~a:4985,64101cc8b33878308c202c12d8d17fb6,Kate Achter,K. Achter,,,,NA,,true,false,true,false,
2006,264000050,26,ucla-bruins,UCLA,UCLA Bruins,,3159,s:40~l:54~a:3159,5a598c9488f78d0fcbff943e39b6fd8f,Nikki Blue,N. Blue,,,,NA,,true,false,true,false,
2006,264000050,26,ucla-bruins,UCLA,UCLA Bruins,,4897,s:40~l:54~a:4897,c65140ba6355155cec3a4cec4e6c77ca,Lindsey Pluimer,L. Pluimer,,,,NA,,true,false,true,false,
2006,264000050,26,ucla-bruins,UCLA,UCLA Bruins,,4102,s:40~l:54~a:4102,154c9df1816931e0ff3f374b2899226f,Amanda Livingston,A. Livingston,,,,NA,,true,false,true,false,
2006,264000050,26,ucla-bruins,UCLA,UCLA Bruins,,4101,s:40~l:54~a:4101,804453a093f87549d0587066637ee0b9,Noelle Quinn,N. Quinn,,,,NA,,true,false,true,false,
2006,264000050,26,ucla-bruins,UCLA,UCLA Bruins,,2397,s:40~l:54~a:2397,a538e48727307294d4007760fb665f1b,Lisa Willis,L. Willis,,,,NA,,true,false,true,false,
2006,264000024,2368,marist-red-foxes,MRST,Marist Red Foxes,,5542,s:40~l:54~a:5542,11598ad89f86e03a6093b997248fd8f4,Julianne Viani,J. Viani,,,3  ,G,,true,false,true,false,
2006,264000024,2368,marist-red-foxes,MRST,Marist Red Foxes,,5541,s:40~l:54~a:5541,8668e666ca860332969053608753c5d7,Meg Dahlman,M. Dahlman,,,,NA,,true,false,true,false,
2006,264000024,2368,marist-red-foxes,MRST,Marist Red Foxes,,5540,s:40~l:54~a:5540,e0d56a575f398f3431d621399a82c81c,Fifi Camara,F. Camara,,,,NA,,true,false,true,false,
2006,264000024,2368,marist-red-foxes,MRST,Marist Red Foxes,,5824,s:40~l:54~a:5824,a37dd260f14a2a478409d47a49b9a4ea,Kristen Vilardi,K. Vilardi,,,,NA,,true,false,true,false,
2006,264000024,2368,marist-red-foxes,MRST,Marist Red Foxes,,1058,s:40~l:54~a:1058,8a33268d76a39bfdcfdb256c08bb4ca5,Alisa Kresge,A. Kresge,,,,NA,,true,false,true,false,
2006,264000024,61,georgia-lady-bulldogs,UGA,Georgia Lady Bulldogs,,5087,s:40~l:54~a:5087,ba5bf9e08de419ae09a040a7e40e58d5,Humphrey Tasha,H. Tasha,,,,NA,,true,false,true,false,
2006,264000024,61,georgia-lady-bulldogs,UGA,Georgia Lady Bulldogs,,5086,s:40~l:54~a:5086,3cd1fac4f61a6b49c181fd6d7e05f58f,Darrah Megan,D. Megan,,,,NA,,true,false,true,false,
2006,264000024,61,georgia-lady-bulldogs,UGA,Georgia Lady Bulldogs,,5090,s:40~l:54~a:5090,c90d4b3df7d1d74fcf1af7fc4f8c8a36,Chambers Cori,C. Cori,,,,NA,,true,false,true,false,
2006,264000024,61,georgia-lady-bulldogs,UGA,Georgia Lady Bulldogs,,5089,s:40~l:54~a:5089,96f72ea9acb2208d6494cbf484cc4232,Kendrick Alexis,K. Alexis,,,,NA,,true,false,true,false,
2006,264000024,61,georgia-lady-bulldogs,UGA,Georgia Lady Bulldogs,,5088,s:40~l:54~a:5088,a17cbcefdb413b1be583e2e07c0e7d7a,Baker Sherill,B. Sherill,,,,NA,,true,false,true,false,
2006,264000012,2529,sacred-heart-pioneers,SHU,Sacred Heart Pioneers,,4540,s:40~l:54~a:4540,f07716b5267f5e9f237ff2fc7ad9de8c,Jasmine Walker,J. Walker,,,,NA,,true,false,true,false,
2006,264000012,2529,sacred-heart-pioneers,SHU,Sacred Heart Pioneers,,4538,s:40~l:54~a:4538,11bce949e00cee4a963a72e0281d4ab0,Mary Rush,M. Rush,,,,NA,,true,false,true,false,
2006,264000012,2529,sacred-heart-pioneers,SHU,Sacred Heart Pioneers,,5690,s:40~l:54~a:5690,96e2d7cd063298bce62724c6895bd3ab,Nicolle Rubino,N. Rubino,,,,NA,,true,false,true,false,
2006,264000012,2529,sacred-heart-pioneers,SHU,Sacred Heart Pioneers,,4535,s:40~l:54~a:4535,2f5a5e0b8ff094742062dded54c5177e,Amanda Pape,A. Pape,,,,NA,,true,false,true,false,
2006,264000012,2529,sacred-heart-pioneers,SHU,Sacred Heart Pioneers,,4529,s:40~l:54~a:4529,c47819d11f028f4e98e1d9010b7d475a,Kerri Burke,K. Burke,,,,NA,,true,false,true,false,
2006,264000012,120,maryland-terrapins,MD,Maryland Terrapins,,5138,s:40~l:54~a:5138,274318080866dcb8699a09d666d03f10,Marissa Coleman,M. Coleman,,,25 ,G,,true,false,true,false,
2006,264000012,120,maryland-terrapins,MD,Maryland Terrapins,,5135,s:40~l:54~a:5135,06f5a686cc19277ee9714ac54c2ded8f,Kristi Toliver,K. Toliver,,,20 ,G,,true,false,true,false,
2006,264000012,120,maryland-terrapins,MD,Maryland Terrapins,,5139,s:40~l:54~a:5139,d42e6def5bf96553d0f6348a4d4925ed,Laura Harper,L. Harper,,,,NA,,true,false,true,false,
2006,264000012,120,maryland-terrapins,MD,Maryland Terrapins,,4857,s:40~l:54~a:4857,54d95e907134bc5181e7e4e75360d98c,Crystal Langhorne,C. Langhorne,,,,NA,,true,false,true,false,
2006,264000012,120,maryland-terrapins,MD,Maryland Terrapins,,4314,s:40~l:54~a:4314,89b9ded0b2f2d65e468ebae6d5bf556f,Shay Doron,S. Doron,,,,NA,,true,false,true,false,
2006,264000055,159,dartmouth-big-green,DART,Dartmouth Big Green,,5046,s:40~l:54~a:5046,50bec84723d9437cbf94785a4bf67adb,Sydney Scott,S. Scott,,,,NA,,true,false,true,false,
2006,264000055,159,dartmouth-big-green,DART,Dartmouth Big Green,,5041,s:40~l:54~a:5041,04a746a39a22f0a74eb868785b5d9f5b,Krista Perry,K. Perry,,,,NA,,true,false,true,false,
2006,264000055,159,dartmouth-big-green,DART,Dartmouth Big Green,,5828,s:40~l:54~a:5828,49fc3521d491f9a056d4ed1eb705b64d,Fatima Kamara,F. Kamara,,,,NA,,true,false,true,false,
2006,264000055,159,dartmouth-big-green,DART,Dartmouth Big Green,,5044,s:40~l:54~a:5044,4b0fdfc6758592016861cf823caa8d48,Angie Soriaga,A. Soriaga,,,,NA,,true,false,true,false,
2006,264000055,159,dartmouth-big-green,DART,Dartmouth Big Green,,5043,s:40~l:54~a:5043,5fdb54a4a6ca1308d38bcd5becad5713,Jeannie Cullen,J. Cullen,,,,NA,,true,false,true,false,
2006,264000055,164,rutgers-scarlet-knights,RUTG,Rutgers Scarlet Knights,,5323,s:40~l:54~a:5323,d1b5f35f0e16721c1be262fc2dcc6a98,Kia Vaughn,K. Vaughn,,,15 ,C,,true,false,true,false,
2006,264000055,164,rutgers-scarlet-knights,RUTG,Rutgers Scarlet Knights,,2400,s:40~l:54~a:2400,df7bd1b14c0efa91d7c658215d14c831,Michelle Campbell,M. Campbell,,,,NA,,true,false,true,false,
2006,264000055,164,rutgers-scarlet-knights,RUTG,Rutgers Scarlet Knights,,4816,s:40~l:54~a:4816,e32515ecd622f27d9b0367d9b3f2a809,Matee Ajavon,M. Ajavon,,,,NA,,true,false,true,false,
2006,264000055,164,rutgers-scarlet-knights,RUTG,Rutgers Scarlet Knights,,4814,s:40~l:54~a:4814,d01e22db859a44a2b9b9460b8d49077b,Essence Carson,E. Carson,,,,NA,,true,false,true,false,
2006,264000055,164,rutgers-scarlet-knights,RUTG,Rutgers Scarlet Knights,,1695,s:40~l:54~a:1695,dab9f7ecbe8bcdb0d1f4c6e334e84a0a,Cappie Pondexter,C. Pondexter,,,,NA,,true,false,true,false,
2006,264000026,142,missouri-tigers,MIZ,Missouri Tigers,,4698,s:40~l:54~a:4698,c58438d3a1e07f3a22b36ca57be29675,Christelle N'Garsanet,C. N'Garsanet,,,,NA,,true,false,true,false,
2006,264000026,142,missouri-tigers,MIZ,Missouri Tigers,,4700,s:40~l:54~a:4700,86e24983febd7b9fcbabcfa14881e100,Carlynn Savant,C. Savant,,,,NA,,true,false,true,false,
2006,264000026,142,missouri-tigers,MIZ,Missouri Tigers,,4699,s:40~l:54~a:4699,bc8b2edde3e17004ab7940fa2a3a4c65,EeTisha Riddle,E. Riddle,,,,NA,,true,false,true,false,
2006,264000026,142,missouri-tigers,MIZ,Missouri Tigers,,5634,s:40~l:54~a:5634,63022d8e4494536c8167d305649104e5,Tiffany Brooks,T. Brooks,,,,NA,,true,false,true,false,
2006,264000026,142,missouri-tigers,MIZ,Missouri Tigers,,2394,s:40~l:54~a:2394,915efa6ba76caadb600c624c6a610559,LaToya Bond,L. Bond,,,,NA,,true,false,true,false,
2006,264000026,259,virginia-tech-hokies,VT,Virginia Tech Hokies,,2774,s:40~l:54~a:2774,b18e0524ba9d2cc0e09781198450afbe,Megan Finnerty,M. Finnerty,,,,NA,,true,false,true,false,
2006,264000026,259,virginia-tech-hokies,VT,Virginia Tech Hokies,,2776,s:40~l:54~a:2776,51736d60e466f3c50fc6ae3284797c07,Kerri Gardin,K. Gardin,,,,NA,,true,false,true,false,
2006,264000026,259,virginia-tech-hokies,VT,Virginia Tech Hokies,,3989,s:40~l:54~a:3989,622aa645f0b978929aecdbc82447f4d3,Kirby Copeland,K. Copeland,,,,NA,,true,false,true,false,
2006,264000026,259,virginia-tech-hokies,VT,Virginia Tech Hokies,,2778,s:40~l:54~a:2778,9c6d7e00073c2dd7472d136b3b7be826,Carrie Mason,C. Mason,,,,NA,,true,false,true,false,
2006,264000026,259,virginia-tech-hokies,VT,Virginia Tech Hokies,,2773,s:40~l:54~a:2773,79a9e88ee77ba2976a0dc6d91b86d9d7,Dawn Chriss,D. Chriss,,,,NA,,true,false,true,false,
2006,264000016,2582,southern-jaguars,SOU,Southern Jaguars,,4069,s:40~l:54~a:4069,6399a607cf09a2cbbc2611604b47ed9d,Fredreika Lewis,F. Lewis,,,,NA,,true,false,true,false,
2006,264000016,2582,southern-jaguars,SOU,Southern Jaguars,,5779,s:40~l:54~a:5779,e1cca5bc537d516ee7bf5dbd8d288d28,Krystal Huggins,K. Huggins,,,,NA,,true,false,true,false,
2006,264000016,2582,southern-jaguars,SOU,Southern Jaguars,,3725,s:40~l:54~a:3725,c652ea974d93e693bf5384693f1a765e,Indi Johnson,I. Johnson,,,,NA,,true,false,true,false,
2006,264000016,2582,southern-jaguars,SOU,Southern Jaguars,,4073,s:40~l:54~a:4073,2ccec3c55ea732c586e61206ed63062f,Ciara Shiggs,C. Shiggs,,,,NA,,true,false,true,false,
2006,264000016,2582,southern-jaguars,SOU,Southern Jaguars,,4070,s:40~l:54~a:4070,57a3ccbf1bf1924d343ef3922f846caa,Rolanda Monroe,R. Monroe,,,,NA,,true,false,true,false,
2006,264000016,150,duke-blue-devils,DUKE,Duke Blue Devils,,3713,s:40~l:54~a:3713,b76d2b4b4670ae3d28b747c9af9e2a69,Alison Bales,A. Bales,,,,NA,,true,false,true,false,
2006,264000016,150,duke-blue-devils,DUKE,Duke Blue Devils,,2475,s:40~l:54~a:2475,34971f2dbdb57e31e6939fa80c4422c8,Mistie McCray Bass,M. Bass,,,,NA,,true,false,true,false,
2006,264000016,150,duke-blue-devils,DUKE,Duke Blue Devils,,438,s:40~l:54~a:438,c7e26c3620f06c9196f3fe534452d4f6,Monique Currie,M. Currie,,,,NA,,true,false,true,false,
2006,264000016,150,duke-blue-devils,DUKE,Duke Blue Devils,,4819,s:40~l:54~a:4819,d0c9e7e583ec078c3c2f19b1a3393528,Wanisha Smith,W. Smith,,,,NA,,true,false,true,false,
2006,264000016,150,duke-blue-devils,DUKE,Duke Blue Devils,,2476,s:40~l:54~a:2476,d989779bd41ba5bafcd1cfa2a21021e0,Lindsey Harding,L. Harding,,,,NA,,true,false,true,false,
2006,264000002,87,notre-dame-fighting-irish,ND,Notre Dame Fighting Irish,,5153,s:40~l:54~a:5153,a33c8bdab69c5b0891935be07ffd81a1,Lindsay Schrader,L. Schrader,,,24 ,G,,true,false,true,false,
2006,264000002,87,notre-dame-fighting-irish,ND,Notre Dame Fighting Irish,,2438,s:40~l:54~a:2438,f0060511d7f5adcba68bd0078ba21086,Courtney LaVere,C. LaVere,,,,NA,,true,false,true,false,
2006,264000002,87,notre-dame-fighting-irish,ND,Notre Dame Fighting Irish,,4812,s:40~l:54~a:4812,25b3529d817a2950947a78a48dbde1bf,Tulyah Gaines,T. Gaines,,,,NA,,true,false,true,false,
2006,264000002,87,notre-dame-fighting-irish,ND,Notre Dame Fighting Irish,,3783,s:40~l:54~a:3783,bb74cc9ce5a60d8e7cfcaa19604e2422,Breona Gray,B. Gray,,,,NA,,true,false,true,false,
2006,264000002,87,notre-dame-fighting-irish,ND,Notre Dame Fighting Irish,,2437,s:40~l:54~a:2437,409fab7b1c67274f3ff8f070f97034e8,Megan Duffy,M. Duffy,,,,NA,,true,false,true,false,
2006,264000002,103,boston-college-eagles,BC,Boston College Eagles,,3761,s:40~l:54~a:3761,5d645fde10bd56f1e4864c6ccdee3da2,Kathrin Ress,K. Ress,,,,NA,,true,false,true,false,
2006,264000002,103,boston-college-eagles,BC,Boston College Eagles,,2490,s:40~l:54~a:2490,e58a3cc8f750dc4f18406890db088d35,Brooke Queenan,B. Queenan,,,,NA,,true,false,true,false,
2006,264000002,103,boston-college-eagles,BC,Boston College Eagles,,2489,s:40~l:54~a:2489,949331de18702b48610ccdffc79e9a5f,Aja Parham,A. Parham,,,,NA,,true,false,true,false,
2006,264000002,103,boston-college-eagles,BC,Boston College Eagles,,3763,s:40~l:54~a:3763,5486238895817dd7a5b4a01cf401ff4c,Sarah Marshall,S. Marshall,,,,NA,,true,false,true,false,
2006,264000002,103,boston-college-eagles,BC,Boston College Eagles,,3762,s:40~l:54~a:3762,c0bb33b56a8cd4876a301477331b33ae,Kindyll Dorsey,K. Dorsey,,,,NA,,true,false,true,false,
2006,264000054,2628,tcu-horned-frogs,TCU,TCU Horned Frogs,,3848,s:40~l:54~a:3848,84927a13b77caea31b03f744e72506d2,Jenna Lohse,J. Lohse,,,,NA,,true,false,true,false,
2006,264000054,2628,tcu-horned-frogs,TCU,TCU Horned Frogs,,4867,s:40~l:54~a:4867,ffb1cc354f528ab7e45285aa7ac99bb3,Vanessa Clementino,V. Clementino,,,,NA,,true,false,true,false,
2006,264000054,2628,tcu-horned-frogs,TCU,TCU Horned Frogs,,4865,s:40~l:54~a:4865,286f9adabd15d2a9b8ab78f0c25a0267,Lorie Butler-Rayford,L. Butler-Rayford,,,,NA,,true,false,true,false,
2006,264000054,2628,tcu-horned-frogs,TCU,TCU Horned Frogs,,3849,s:40~l:54~a:3849,ebee6c4183fe36629996cdc83688cce8,Adrianne Ross,A. Ross,,,,NA,,true,false,true,false,
2006,264000054,2628,tcu-horned-frogs,TCU,TCU Horned Frogs,,2664,s:40~l:54~a:2664,2a427d86dcbbc4aebf160847acd4e55d,Ashley Davis,A. Davis,,,,NA,,true,false,true,false,
2006,264000054,245,texas-am-aggies,TA&M,Texas A&M Aggies,,5654,s:40~l:54~a:5654,280cbf59c6a5efd76f0b6f30da3858f8,Takia Starks,T. Starks,,,3  ,G,,true,false,true,false,
2006,264000054,245,texas-am-aggies,TA&M,Texas A&M Aggies,,5655,s:40~l:54~a:5655,d1eecc20a5e7bcd885de4fa9e1643ef1,Morenike Atunrase,M. Atunrase,,,,NA,,true,false,true,false,
2006,264000054,245,texas-am-aggies,TA&M,Texas A&M Aggies,,5652,s:40~l:54~a:5652,6fcae2f154fd7e31b84d3c7ccb29fb54,Latoya Micheaux,L. Micheaux,,,,NA,,true,false,true,false,
2006,264000054,245,texas-am-aggies,TA&M,Texas A&M Aggies,,5651,s:40~l:54~a:5651,10aa4bab95f2fe905e551d1c2ae5db6d,Patrice Reado,P. Reado,,,,NA,,true,false,true,false,
2006,264000054,245,texas-am-aggies,TA&M,Texas A&M Aggies,,5653,s:40~l:54~a:5653,b9e926bee2383fbfea353ad266081df4,A'Quonesia Franklin,A. Franklin,,,,NA,,true,false,true,false,
2006,264000027,2154,coppin-state-eagles,COPP,Coppin State Eagles,,5733,s:40~l:54~a:5733,872380b87a063dfa54d147be4d8b61a3,Tanezia Harden,T. Harden,,,0  ,C,,true,false,true,false,
2006,264000027,2154,coppin-state-eagles,COPP,Coppin State Eagles,,5037,s:40~l:54~a:5037,4ce9505b3708f4579778dadb96389a04,Sherrie Tucker,S. Tucker,,,,NA,,true,false,true,false,
2006,264000027,2154,coppin-state-eagles,COPP,Coppin State Eagles,,5035,s:40~l:54~a:5035,0db1c9a3242929826e08733a8f602315,Talia Sutton,T. Sutton,,,,NA,,true,false,true,false,
2006,264000027,2154,coppin-state-eagles,COPP,Coppin State Eagles,,5048,s:40~l:54~a:5048,85e2fad9c005fc46ee44fb5e83624895,Rashida Suber,R. Suber,,,,NA,,true,false,true,false,
2006,264000027,2154,coppin-state-eagles,COPP,Coppin State Eagles,,3990,s:40~l:54~a:3990,dc94984b9503cb83a4551cd49331f262,Shalamar Oakley,S. Oakley,,,,NA,,true,false,true,false,
2006,264000027,41,uconn-huskies,CONN,UConn Huskies,,2535,s:40~l:54~a:2535,1fbe551ef9e11d425d8920dc61125e6b,Willnett Crockett,W. Crockett,,,,NA,,true,false,true,false,
2006,264000027,41,uconn-huskies,CONN,UConn Huskies,,2637,s:40~l:54~a:2637,131163c0c1e979b8607484d92145c5e3,Ann Strother,A. Strother,,,,NA,,true,false,true,false,
2006,264000027,41,uconn-huskies,CONN,UConn Huskies,,5104,s:40~l:54~a:5104,f122be3557ced75550d02221af209121,Renee Montgomery,R. Montgomery,,,,NA,,true,false,true,false,
2006,264000027,41,uconn-huskies,CONN,UConn Huskies,,4827,s:40~l:54~a:4827,a60aeada6ce540be068e6ad92b3b9bc0,Mel Thomas,M. Thomas,,,,NA,,true,false,true,false,
2006,264000027,41,uconn-huskies,CONN,UConn Huskies,,2409,s:40~l:54~a:2409,3166c5ecd189f3f8d53632fe2f90913a,Barbara Turner,B. Turner,,,,NA,,true,false,true,false,
2006,264000017,58,south-florida-bulls,USF,South Florida Bulls,,5267,s:40~l:54~a:5267,28bc635e350e55736910152115bb26a9,Shantia Grace,S. Grace,,,3  ,G,,true,false,true,false,
2006,264000017,58,south-florida-bulls,USF,South Florida Bulls,,3415,s:40~l:54~a:3415,731d1dba41472ebd6ea49e667689488c,Sharon Cambridge,S. Cambridge,,,,NA,,true,false,true,false,
2006,264000017,58,south-florida-bulls,USF,South Florida Bulls,,4631,s:40~l:54~a:4631,3569068a6fbf88da123ce8d27c371bf3,Jessica Dickson,J. Dickson,,,,NA,,true,false,true,false,
2006,264000017,58,south-florida-bulls,USF,South Florida Bulls,,3408,s:40~l:54~a:3408,b2df8e03bd7f1f9fc71c31363d188cd0,Ezria Parsons,E. Parsons,,,,NA,,true,false,true,false,
2006,264000017,58,south-florida-bulls,USF,South Florida Bulls,,4633,s:40~l:54~a:4633,6d539b60d77ca3ac773b373312091588,Rachael Sheats,R. Sheats,,,,NA,,true,false,true,false,
2006,264000017,30,usc-trojans,USC,USC Trojans,,4933,s:40~l:54~a:4933,e1b4b32b7ea3d731c938113704c1175c,Camille LeNoir,C. LeNoir,,,,G,,true,false,true,false,
2006,264000017,30,usc-trojans,USC,USC Trojans,,3834,s:40~l:54~a:3834,63d8109c9c9f588ec3a2d6d39ecbbb60,Chloe Kerr,C. Kerr,,,,NA,,true,false,true,false,
2006,264000017,30,usc-trojans,USC,USC Trojans,,3837,s:40~l:54~a:3837,e8c60710327b8a86e706b5fb5204af85,Allison Jaskowiak,A. Jaskowiak,,,,NA,,true,false,true,false,
2006,264000017,30,usc-trojans,USC,USC Trojans,,3839,s:40~l:54~a:3839,f927d05a239f44f691d243cf5b1aa93e,Eshaya Murphy,E. Murphy,,,,NA,,true,false,true,false,
2006,264000017,30,usc-trojans,USC,USC Trojans,,2701,s:40~l:54~a:2701,073b4deccbc9fe15c99ccbf2467c7fae,Meghan Gnekow,M. Gnekow,,,,NA,,true,false,true,false,
2006,264000001,2473,oakland-golden-grizzlies,OAK,Oakland Golden Grizzlies,,5609,s:40~l:54~a:5609,a76a892e263acf2e5caaf968465dc41f,April Kidd,A. Kidd,,,23 ,G,,true,false,true,false,
2006,264000001,2473,oakland-golden-grizzlies,OAK,Oakland Golden Grizzlies,,5608,s:40~l:54~a:5608,cbad1c4c959c26a88d4ef7c0061890df,Bonnie Baker,B. Baker,,,,NA,,true,false,true,false,
2006,264000001,2473,oakland-golden-grizzlies,OAK,Oakland Golden Grizzlies,,5607,s:40~l:54~a:5607,f582cd235cc49ae34820220088419f78,Nicole Piggott,N. Piggott,,,,NA,,true,false,true,false,
2006,264000001,2473,oakland-golden-grizzlies,OAK,Oakland Golden Grizzlies,,3191,s:40~l:54~a:3191,b6e43c51638b9e497847b140253fe154,Jayme Wilson,J. Wilson,,,,NA,,true,false,true,false,
2006,264000001,2473,oakland-golden-grizzlies,OAK,Oakland Golden Grizzlies,,3190,s:40~l:54~a:3190,a050b51db8eb50f5205374aae1b57e45,Anne Hafeli,A. Hafeli,,,,NA,,true,false,true,false,
2006,264000001,194,ohio-state-buckeyes,OSU,Ohio State Buckeyes,,3831,s:40~l:54~a:3831,d7d474a42d3ed0200925eaf98d64417d,Jessica Davenport,J. Davenport,,,,NA,,true,false,true,false,
2006,264000001,194,ohio-state-buckeyes,OSU,Ohio State Buckeyes,,273,s:40~l:54~a:273,45121a17d956c514acaaaccb55a64980,Debbie Merrill,D. Merrill,,,,NA,,true,false,true,false,
2006,264000001,194,ohio-state-buckeyes,OSU,Ohio State Buckeyes,,4901,s:40~l:54~a:4901,a34dc975a399d5f36c8b8607a7ace096,Marscilla Packer,M. Packer,,,,NA,,true,false,true,false,
2006,264000001,194,ohio-state-buckeyes,OSU,Ohio State Buckeyes,,3833,s:40~l:54~a:3833,dc2ef3677a22bd7cc11af6c11b005875,Brandie Hoskins,B. Hoskins,,,,NA,,true,false,true,false,
2006,264000001,194,ohio-state-buckeyes,OSU,Ohio State Buckeyes,,1493,s:40~l:54~a:1493,4046c1dfdbd76f3b66c26e5d9340885a,Ashley Allen,A. Allen,,,,NA,,true,false,true,false,
2006,264000049,238,vanderbilt-commodores,VAN,Vanderbilt Commodores,,3776,s:40~l:54~a:3776,20a3cf56ca4c4a4e1704b19976f87669,Carla Thomas,C. Thomas,,,,NA,,true,false,true,false,
2006,264000049,238,vanderbilt-commodores,VAN,Vanderbilt Commodores,,2644,s:40~l:54~a:2644,462cd6b09f78163dab33a7073d9b009a,Nicole Jules,N. Jules,,,,NA,,true,false,true,false,
2006,264000049,238,vanderbilt-commodores,VAN,Vanderbilt Commodores,,3778,s:40~l:54~a:3778,e3312e11d01fddfa4043843053d5f4a3,Dee Davis,D. Davis,,,,NA,,true,false,true,false,
2006,264000049,238,vanderbilt-commodores,VAN,Vanderbilt Commodores,,3777,s:40~l:54~a:3777,27f364985db4ee0f34454bcc1dcb28fc,Cherish Stringfield,C. Stringfield,,,,NA,,true,false,true,false,
2006,264000049,238,vanderbilt-commodores,VAN,Vanderbilt Commodores,,3775,s:40~l:54~a:3775,30c7799ec3ad7a48f2adc5317b6eca98,Caroline Williams,C. Williams,,,,NA,,true,false,true,false,
2006,264000049,153,north-carolina-tar-heels,UNC,North Carolina Tar Heels,,4820,s:40~l:54~a:4820,0de0ab274d44bdd6a591d5ef9dfbcb07,Erlana Larkins,E. Larkins,,,,NA,,true,false,true,false,
2006,264000049,153,north-carolina-tar-heels,UNC,North Carolina Tar Heels,,3754,s:40~l:54~a:3754,8ba41f63ad491766dd837fe6ccb34b98,Camille Little,C. Little,,,,NA,,true,false,true,false,
2006,264000049,153,north-carolina-tar-heels,UNC,North Carolina Tar Heels,,3755,s:40~l:54~a:3755,dfe2d840ee1f027b9d928e7dcd35a0cd,Ivory Latta,I. Latta,,,,NA,,true,false,true,false,
2006,264000049,153,north-carolina-tar-heels,UNC,North Carolina Tar Heels,,2648,s:40~l:54~a:2648,9078e72bb6a32f576c7dc680854bb426,Jessica Sell,J. Sell,,,,NA,,true,false,true,false,
2006,264000049,153,north-carolina-tar-heels,UNC,North Carolina Tar Heels,,2647,s:40~l:54~a:2647,78fba069babc60e597c4b87df0c6edee,La'Tangela Atkinson,L. Atkinson,,,,NA,,true,false,true,false,
2006,264000044,252,byu-cougars,BYU,BYU Cougars,,5326,s:40~l:54~a:5326,ddb5300a7269b123a39a0b0c0929b20d,Danielle Kubik,D. Kubik,,,,NA,,true,false,true,false,
2006,264000044,252,byu-cougars,BYU,BYU Cougars,,2724,s:40~l:54~a:2724,693adabbe299b2596b0fb8752e1ce793,Ambrosia Anderson,A. Anderson,,,,NA,,true,false,true,false,
2006,264000044,252,byu-cougars,BYU,BYU Cougars,,5328,s:40~l:54~a:5328,2f5c59d72f9b9d6148895678c0b1e8c6,Jennie Keele,J. Keele,,,,NA,,true,false,true,false,
2006,264000044,252,byu-cougars,BYU,BYU Cougars,,5327,s:40~l:54~a:5327,7263c9bb2848ab86afe8bb3711a17104,Mallary Gillespie,M. Gillespie,,,,NA,,true,false,true,false,
2006,264000044,252,byu-cougars,BYU,BYU Cougars,,4215,s:40~l:54~a:4215,9b23c606558283949588a291fdfc89c9,Melinda Johnson,M. Johnson,,,,NA,,true,false,true,false,
2006,264000044,201,oklahoma-sooners,OU,Oklahoma Sooners,,5118,s:40~l:54~a:5118,1834413d80b409a6fe840327a8e7993b,Courtney Paris,C. Paris,,,3  ,C,,true,false,true,false,
2006,264000044,201,oklahoma-sooners,OU,Oklahoma Sooners,,3814,s:40~l:54~a:3814,f156683781715a0d8cd075188ce2a1d8,Leah Rush,L. Rush,,,,NA,,true,false,true,false,
2006,264000044,201,oklahoma-sooners,OU,Oklahoma Sooners,,3816,s:40~l:54~a:3816,7211db13851817d2dc714706e30b0134,Brittney Brown,B. Brown,,,,NA,,true,false,true,false,
2006,264000044,201,oklahoma-sooners,OU,Oklahoma Sooners,,2443,s:40~l:54~a:2443,bd525a866958ae254c6b7a1c4e560b74,Chelsi Welch,C. Welch,,,,NA,,true,false,true,false,
2006,264000044,201,oklahoma-sooners,OU,Oklahoma Sooners,,2440,s:40~l:54~a:2440,e3bf68ab5f09df85beb125602605ce51,Erin Higgins,E. Higgins,,,,NA,,true,false,true,false,
2006,264000021,96,kentucky-wildcats,UK,Kentucky Wildcats,,5423,s:40~l:54~a:5423,998c0aaf1a8b37dd1ab7b7848374bb71,Carly Ormerod,C. Ormerod,,,0  ,G,,true,false,true,false,
2006,264000021,96,kentucky-wildcats,UK,Kentucky Wildcats,,4884,s:40~l:54~a:4884,41f4b5d4425e50198a2a061b6c41c077,Sarah Elliott,S. Elliott,,,,NA,,true,false,true,false,
2006,264000021,96,kentucky-wildcats,UK,Kentucky Wildcats,,2482,s:40~l:54~a:2482,414be5a82189b5700a42ef9453e3df1f,Jennifer Humphrey,J. Humphrey,,,,NA,,true,false,true,false,
2006,264000021,96,kentucky-wildcats,UK,Kentucky Wildcats,,4883,s:40~l:54~a:4883,d604d498da68ebc20155700bfa5ee1c6,Samantha Mahoney,S. Mahoney,,,,NA,,true,false,true,false,
2006,264000021,96,kentucky-wildcats,UK,Kentucky Wildcats,,4882,s:40~l:54~a:4882,6fa9101c9aa30d4ecdd9ed885501cb7e,Chante Bowman,C. Bowman,,,,NA,,true,false,true,false,
2006,264000021,127,michigan-state-spartans,MSU,Michigan State Spartans,,5147,s:40~l:54~a:5147,6e58bf3bf450a7819ca55c6589545dde,Aisha Jefferson,A. Jefferson,,,22 ,F,,true,false,true,false,
2006,264000021,127,michigan-state-spartans,MSU,Michigan State Spartans,,3299,s:40~l:54~a:3299,a159c264237959ed9847622dd9d84765,Liz Shimek,L. Shimek,,,,NA,,true,false,true,false,
2006,264000021,127,michigan-state-spartans,MSU,Michigan State Spartans,,4087,s:40~l:54~a:4087,24ae83fb999e83d62397aa50ef8f35d4,Rene Haynes,R. Haynes,,,,NA,,true,false,true,false,
2006,264000021,127,michigan-state-spartans,MSU,Michigan State Spartans,,4086,s:40~l:54~a:4086,13b8bb5a81dd1e8cbd8cebcef9ff82ee,Victoria Lucas-Perry,V. Lucas-Perry,,,,NA,,true,false,true,false,
2006,264000021,127,michigan-state-spartans,MSU,Michigan State Spartans,,3295,s:40~l:54~a:3295,10067a6e48be3f41d86fac21fdc8d093,Lindsay Bowen,L. Bowen,,,,NA,,true,false,true,false,
2006,264000010,167,new-mexico-lobos,UNM,New Mexico Lobos,,2399,s:40~l:54~a:2399,3a222d9d73f3eddf4c1a85ce36eab26a,Jana Francis,J. Francis,,,,NA,,true,false,true,false,
2006,264000010,167,new-mexico-lobos,UNM,New Mexico Lobos,,4868,s:40~l:54~a:4868,34cbaed7f8d137f8bf47dd477edcd24b,Dionne Marsh,D. Marsh,,,,NA,,true,false,true,false,
2006,264000010,167,new-mexico-lobos,UNM,New Mexico Lobos,,3792,s:40~l:54~a:3792,9ebcf77de33f32bd594691e9513248fa,Julie Briody,J. Briody,,,,NA,,true,false,true,false,
2006,264000010,167,new-mexico-lobos,UNM,New Mexico Lobos,,3789,s:40~l:54~a:3789,de98591ed6aa9ebd243d832c63df88fc,Katie Montgomery,K. Montgomery,,,,NA,,true,false,true,false,
2006,264000010,167,new-mexico-lobos,UNM,New Mexico Lobos,,2398,s:40~l:54~a:2398,7efb0fb43ebe1cd69a3f3dadbff873ce,Abbie Letz,A. Letz,,,,NA,,true,false,true,false,
2006,264000010,239,baylor-bears,BAY,Baylor Bears,,5095,s:40~l:54~a:5095,cedaf5c3cf5589bc5ea07fe92548afbe,Jessica Morrow,J. Morrow,,,3  ,G,,true,false,true,false,
2006,264000010,239,baylor-bears,BAY,Baylor Bears,,2719,s:40~l:54~a:2719,3b884ae643bf9fada3be8f086d54aa3a,Abiola Wabara,A. Wabara,,,,NA,,true,false,true,false,
2006,264000010,239,baylor-bears,BAY,Baylor Bears,,2428,s:40~l:54~a:2428,37e483b75e76f4f460a127bc11ae232b,Sophia Young-Malcolm,S. Young-Malcolm,,,,NA,,true,false,true,false,
2006,264000010,239,baylor-bears,BAY,Baylor Bears,,4939,s:40~l:54~a:4939,16030f6d9a1d9aabbcbb9a3b229a20dc,Angela Tisdale,A. Tisdale,,,,NA,,true,false,true,false,
2006,264000010,239,baylor-bears,BAY,Baylor Bears,,2427,s:40~l:54~a:2427,bc7cd45fbe1b62db1d0361bb0671ef56,Chameka Scott,C. Scott,,,,NA,,true,false,true,false,
2006,264000041,52,florida-state-seminoles,FSU,Florida State Seminoles,,5389,s:40~l:54~a:5389,24537ea2fa9a54a4476dcee2c8e7f085,Britany Miller,B. Miller,,,,NA,,true,false,true,false,
2006,264000041,52,florida-state-seminoles,FSU,Florida State Seminoles,,4096,s:40~l:54~a:4096,2471a03b3f0c483848e8094fef4661c7,Alicia Gladden,A. Gladden,,,,NA,,true,false,true,false,
2006,264000041,52,florida-state-seminoles,FSU,Florida State Seminoles,,2537,s:40~l:54~a:2537,fd12cc34017e9ed79063e1c8bfac8340,Ganiyat Adeduntan,G. Adeduntan,,,,NA,,true,false,true,false,
2006,264000041,52,florida-state-seminoles,FSU,Florida State Seminoles,,2416,s:40~l:54~a:2416,9536f5a616f150c157f7cd7c1358dbfd,Holly Johnson,H. Johnson,,,,NA,,true,false,true,false,
2006,264000041,52,florida-state-seminoles,FSU,Florida State Seminoles,,572,s:40~l:54~a:572,d3cbd3e1a36a8aa2b8870e989dc4827b,LaQuinta Neely,L. Neely,,,,NA,,true,false,true,false,
2006,264000041,24,stanford-cardinal,STAN,Stanford Cardinal,,5210,s:40~l:54~a:5210,4c1c8676b98031c3e63872df9258069e,Jillian Harmon,J. Harmon,,,33 ,F,,true,false,true,false,
2006,264000041,24,stanford-cardinal,STAN,Stanford Cardinal,,3914,s:40~l:54~a:3914,99d7b78d61842789d6a85541e6296cf7,Brooke Smith,B. Smith,,,,NA,,true,false,true,false,
2006,264000041,24,stanford-cardinal,STAN,Stanford Cardinal,,5212,s:40~l:54~a:5212,802c2a8507fdb10dc13e4cd5ac78191c,Rosalyn Goldonwude,R. Goldonwude,,,,NA,,true,false,true,false,
2006,264000041,24,stanford-cardinal,STAN,Stanford Cardinal,,4896,s:40~l:54~a:4896,6807e88b6640acf90ebceceba90d5ff5,Candice Wiggins,C. Wiggins,,,,NA,,true,false,true,false,
2006,264000041,24,stanford-cardinal,STAN,Stanford Cardinal,,2642,s:40~l:54~a:2642,d24a81ada8949ae6408c9c0e3e1e7332,Krista Rappahahn,K. Rappahahn,,,,NA,,true,false,true,false,
2006,264000037,202,tulsa-golden-hurricane,TLSA,Tulsa Golden Hurricane,,2542,s:40~l:54~a:2542,297b5298123608b7c4852af24fbca160,Megan Moody,M. Moody,,,,NA,,true,false,true,false,
2006,264000037,202,tulsa-golden-hurricane,TLSA,Tulsa Golden Hurricane,,2451,s:40~l:54~a:2451,50a531fd7b5a192d3e4676955286b207,Jillian Robbins,J. Robbins,,,,NA,,true,false,true,false,
2006,264000037,202,tulsa-golden-hurricane,TLSA,Tulsa Golden Hurricane,,2121,s:40~l:54~a:2121,1cc939d4239e167e4881667305f455ee,Emily Jaskowiak,E. Jaskowiak,,,,NA,,true,false,true,false,
2006,264000037,202,tulsa-golden-hurricane,TLSA,Tulsa Golden Hurricane,,4480,s:40~l:54~a:4480,df7b1cf4d0efeebb1a6ec4d093b7647a,Tandem Mays,T. Mays,,,,NA,,true,false,true,false,
2006,264000037,202,tulsa-golden-hurricane,TLSA,Tulsa Golden Hurricane,,2450,s:40~l:54~a:2450,71a8ab3f7bf6f941aaa7b8eb81ab5ee2,Kara Pongonis,K. Pongonis,,,,NA,,true,false,true,false,
2006,264000037,305,depaul-blue-demons,DEP,DePaul Blue Demons,,4863,s:40~l:54~a:4863,1b54d15180397d9a55f007815342e3e6,Caprice Smith,C. Smith,,,,NA,,true,false,true,false,
2006,264000037,305,depaul-blue-demons,DEP,DePaul Blue Demons,,415,s:40~l:54~a:415,aaaa2dcd83fe04b0e0e40cd0d502a6d6,Khara Smith,K. Smith,,,,NA,,true,false,true,false,
2006,264000037,305,depaul-blue-demons,DEP,DePaul Blue Demons,,4859,s:40~l:54~a:4859,8ccf9f61389ad1b5e837d73da998e9cb,Allie Quigley,A. Quigley,,,,NA,,true,false,true,false,
2006,264000037,305,depaul-blue-demons,DEP,DePaul Blue Demons,,4561,s:40~l:54~a:4561,6ebbbc3f36e376a65adaf5b2cd19682f,Jenna Rubino,J. Rubino,,,,NA,,true,false,true,false,
2006,264000037,305,depaul-blue-demons,DEP,DePaul Blue Demons,,417,s:40~l:54~a:417,00eb53aabfa29c5bce28e5d2eb8d5cd6,Claudette Towers,C. Towers,,,,NA,,true,false,true,false,
2006,264000034,264,washington-huskies,WASH,Washington Huskies,,5261,s:40~l:54~a:5261,e1352db27ef794f5eec696fc67afd79b,Andrea Plouffe,A. Plouffe,,,,NA,,true,false,true,false,
2006,264000034,264,washington-huskies,WASH,Washington Huskies,,3852,s:40~l:54~a:3852,7f84cae8ee6e05f0d2342d69f50489f3,Breanne Watson,B. Watson,,,,NA,,true,false,true,false,
2006,264000034,264,washington-huskies,WASH,Washington Huskies,,5262,s:40~l:54~a:5262,f5be9091e8b7015426e410653964bde2,Emily Florence,E. Florence,,,,NA,,true,false,true,false,
2006,264000034,264,washington-huskies,WASH,Washington Huskies,,3855,s:40~l:54~a:3855,94b05cc91ac8d748e165634bba2bcee1,Dominique Banks,D. Banks,,,,NA,,true,false,true,false,
2006,264000034,264,washington-huskies,WASH,Washington Huskies,,3854,s:40~l:54~a:3854,acd260277e5bd015aa761b74482cb934,Cameo Hicks,C. Hicks,,,,NA,,true,false,true,false,
2006,264000034,99,lsu-tigers,LSU,LSU Tigers,,4834,s:40~l:54~a:4834,08e807cc398fe0f761ad0d448bfeb280,Sylvia Fowles,S. Fowles,,,,NA,,true,false,true,false,
2006,264000034,99,lsu-tigers,LSU,LSU Tigers,,5097,s:40~l:54~a:5097,50323e53b18c89f62e93b2404ae49315,Ashley Thomas,A. Thomas,,,,NA,,true,false,true,false,
2006,264000034,99,lsu-tigers,LSU,LSU Tigers,,2635,s:40~l:54~a:2635,3a7f24f2f739ca385df1c548e6def432,Seimone Augustus,S. Augustus,,,,NA,,true,false,true,false,
2006,264000034,99,lsu-tigers,LSU,LSU Tigers,,4855,s:40~l:54~a:4855,830d3381141bb83c5adaee8b2b5d561a,Erica White,E. White,,,,NA,,true,false,true,false,
2006,264000034,99,lsu-tigers,LSU,LSU Tigers,,3715,s:40~l:54~a:3715,e6a46d07dfc2f2055ba24fc51716a427,Scholanda Hoston,S. Hoston,,,,NA,,true,false,true,false,
2006,264000006,254,utah-utes,UTAH,Utah Utes,,4869,s:40~l:54~a:4869,e34f0450d7274a1862c1596b6227292f,Jessica Perry,J. Perry,,,,NA,,true,false,true,false,
2006,264000006,254,utah-utes,UTAH,Utah Utes,,2458,s:40~l:54~a:2458,69e935b7072e05159ddbf9187b4513a5,Kim Smith,K. Smith,,,,NA,,true,false,true,false,
2006,264000006,254,utah-utes,UTAH,Utah Utes,,5311,s:40~l:54~a:5311,bfa8f4595911b8f860b670bdfe0bca39,Julie Larsen,J. Larsen,,,,NA,,true,false,true,false,
2006,264000006,254,utah-utes,UTAH,Utah Utes,,3818,s:40~l:54~a:3818,708a743d5fdff8d7dec3ebfaabff0a8f,Heidi Carlsen,H. Carlsen,,,,NA,,true,false,true,false,
2006,264000006,254,utah-utes,UTAH,Utah Utes,,2153,s:40~l:54~a:2153,3ce48c2eccb31c0c264095249b561920,Shona Thorburn,S. Thorburn,,,,NA,,true,false,true,false,
2006,264000006,9,arizona-state-sun-devils,ASU,Arizona State Sun Devils,,3842,s:40~l:54~a:3842,fd57da4745de397b8fd78369d112b315,Aubree Johnson,A. Johnson,,,,NA,,true,false,true,false,
2006,264000006,9,arizona-state-sun-devils,ASU,Arizona State Sun Devils,,3841,s:40~l:54~a:3841,c3266714953998f2a38f0dfdfbcf07d8,Emily Westerberg,E. Westerberg,,,,NA,,true,false,true,false,
2006,264000006,9,arizona-state-sun-devils,ASU,Arizona State Sun Devils,,2402,s:40~l:54~a:2402,f656434affdd605660450dfba8b872fe,Kristen Kovesdy,K. Kovesdy,,,,NA,,true,false,true,false,
2006,264000006,9,arizona-state-sun-devils,ASU,Arizona State Sun Devils,,4928,s:40~l:54~a:4928,0ea3fe8a56329a6c681b922bd5764e4d,Reagan Pariseau,R. Pariseau,,,,NA,,true,false,true,false,
2006,264000006,9,arizona-state-sun-devils,ASU,Arizona State Sun Devils,,2403,s:40~l:54~a:2403,00eaa0aaf0a2719f4f499339a793b32c,Jill Noe,J. Noe,,,,NA,,true,false,true,false,
2006,264000025,42,hartford-hawks,HART,Hartford Hawks,,5166,s:40~l:54~a:5166,070e53954ccb9fabc7b387541dabd66b,Erica Beverly,E. Beverly,,,32 ,F,,true,false,true,false,
2006,264000025,42,hartford-hawks,HART,Hartford Hawks,,5029,s:40~l:54~a:5029,cf6a6b6fb0bec442a826c10294bd4993,Danielle Hood,D. Hood,,,,NA,,true,false,true,false,
2006,264000025,42,hartford-hawks,HART,Hartford Hawks,,5028,s:40~l:54~a:5028,04aa0d08be9570e8c4bbcf5dfa48e550,Ikea Witt,I. Witt,,,,NA,,true,false,true,false,
2006,264000025,42,hartford-hawks,HART,Hartford Hawks,,5027,s:40~l:54~a:5027,57a1f526dc2d5103fdfd3697ad4be5a2,Erika Messam,E. Messam,,,,NA,,true,false,true,false,
2006,264000025,42,hartford-hawks,HART,Hartford Hawks,,5026,s:40~l:54~a:5026,99f6ce317b144db7b6efa3acd86f8d06,Danielle Wexler,D. Wexler,,,,NA,,true,false,true,false,
2006,264000025,61,georgia-lady-bulldogs,UGA,Georgia Lady Bulldogs,,5087,s:40~l:54~a:5087,ba5bf9e08de419ae09a040a7e40e58d5,Humphrey Tasha,H. Tasha,,,,NA,,true,false,true,false,
2006,264000025,61,georgia-lady-bulldogs,UGA,Georgia Lady Bulldogs,,5090,s:40~l:54~a:5090,c90d4b3df7d1d74fcf1af7fc4f8c8a36,Chambers Cori,C. Cori,,,,NA,,true,false,true,false,
2006,264000025,61,georgia-lady-bulldogs,UGA,Georgia Lady Bulldogs,,5086,s:40~l:54~a:5086,3cd1fac4f61a6b49c181fd6d7e05f58f,Darrah Megan,D. Megan,,,,NA,,true,false,true,false,
2006,264000025,61,georgia-lady-bulldogs,UGA,Georgia Lady Bulldogs,,5089,s:40~l:54~a:5089,96f72ea9acb2208d6494cbf484cc4232,Kendrick Alexis,K. Alexis,,,,NA,,true,false,true,false,
2006,264000025,61,georgia-lady-bulldogs,UGA,Georgia Lady Bulldogs,,5088,s:40~l:54~a:5088,a17cbcefdb413b1be583e2e07c0e7d7a,Baker Sherill,B. Sherill,,,,NA,,true,false,true,false,
2006,264000052,26,ucla-bruins,UCLA,UCLA Bruins,,4897,s:40~l:54~a:4897,c65140ba6355155cec3a4cec4e6c77ca,Lindsey Pluimer,L. Pluimer,,,,NA,,true,false,true,false,
2006,264000052,26,ucla-bruins,UCLA,UCLA Bruins,,4102,s:40~l:54~a:4102,154c9df1816931e0ff3f374b2899226f,Amanda Livingston,A. Livingston,,,,NA,,true,false,true,false,
2006,264000052,26,ucla-bruins,UCLA,UCLA Bruins,,4101,s:40~l:54~a:4101,804453a093f87549d0587066637ee0b9,Noelle Quinn,N. Quinn,,,,NA,,true,false,true,false,
2006,264000052,26,ucla-bruins,UCLA,UCLA Bruins,,3159,s:40~l:54~a:3159,5a598c9488f78d0fcbff943e39b6fd8f,Nikki Blue,N. Blue,,,,NA,,true,false,true,false,
2006,264000052,26,ucla-bruins,UCLA,UCLA Bruins,,2397,s:40~l:54~a:2397,a538e48727307294d4007760fb665f1b,Lisa Willis,L. Willis,,,,NA,,true,false,true,false,
2006,264000052,2509,purdue-boilermakers,PUR,Purdue Boilermakers,,5278,s:40~l:54~a:5278,3b2bb529fa0fac3cc8909a682a95a6de,Lindsay Wisdomhylton,L. Wisdomhylton,,,,NA,,true,false,true,false,
2006,264000052,2509,purdue-boilermakers,PUR,Purdue Boilermakers,,3724,s:40~l:54~a:3724,9c4848c80a777e86150539b6968d2fc2,Erin Lawless,E. Lawless,,,,NA,,true,false,true,false,
2006,264000052,2509,purdue-boilermakers,PUR,Purdue Boilermakers,,3723,s:40~l:54~a:3723,c1387572be7fcdd5af8a477df5abaf94,Aya Traore,A. Traore,,,,NA,,true,false,true,false,
2006,264000052,2509,purdue-boilermakers,PUR,Purdue Boilermakers,,3726,s:40~l:54~a:3726,e393049a5d36b85d573c18f7f6e414e7,Katie Gearlds,K. Gearlds,,,,NA,,true,false,true,false,
2006,264000052,2509,purdue-boilermakers,PUR,Purdue Boilermakers,,2468,s:40~l:54~a:2468,00a69fb6888c8a2589587f79913d53c0,Sharika Webb,S. Webb,,,,NA,,true,false,true,false,
2006,264000059,45,george-washington-colonials,GW,George Washington Colonials,,5602,s:40~l:54~a:5602,54c49e8431d87f9c26ae3f578eed09b0,Jazmine Adair,J. Adair,,,21 ,F,,true,false,true,false,
2006,264000059,45,george-washington-colonials,GW,George Washington Colonials,,3828,s:40~l:54~a:3828,ee3684010f2038396e6f42e7bca23bba,Whitney Allen,W. Allen,,,,NA,,true,false,true,false,
2006,264000059,45,george-washington-colonials,GW,George Washington Colonials,,3165,s:40~l:54~a:3165,48342864315e146dc5ec2219f4694169,Jessica Simmonds,J. Simmonds,,,,NA,,true,false,true,false,
2006,264000059,45,george-washington-colonials,GW,George Washington Colonials,,5052,s:40~l:54~a:5052,d0631ddc36f4e1db6ec8ae473a7b7d89,Kimberly Beck,K. Beck,,,,NA,,true,false,true,false,
2006,264000059,45,george-washington-colonials,GW,George Washington Colonials,,3826,s:40~l:54~a:3826,1f277a3929bf4a9e561e53dd95f470a1,Kenan Cole,K. Cole,,,,NA,,true,false,true,false,
2006,264000059,2633,tennessee-lady-volunteers,TENN,Tennessee Lady Volunteers,,2632,s:40~l:54~a:2632,d54dd215e222e4239903f408b6257423,Tyesha Fluker,T. Fluker,,,,NA,,true,false,true,false,
2006,264000059,2633,tennessee-lady-volunteers,TENN,Tennessee Lady Volunteers,,5145,s:40~l:54~a:5145,61b484e2521ea0b301d4e85c791af05c,Candace Parker,C. Parker,,,,NA,,true,false,true,false,
2006,264000059,2633,tennessee-lady-volunteers,TENN,Tennessee Lady Volunteers,,4839,s:40~l:54~a:4839,eb2e5d775349b53cc2cd1cff1d06fe67,Nicky Anosike,N. Anosike,,,,NA,,true,false,true,false,
2006,264000059,2633,tennessee-lady-volunteers,TENN,Tennessee Lady Volunteers,,3707,s:40~l:54~a:3707,70c6703f052213c777a20dd7ff64b712,Sidney Spencer,S. Spencer,,,,NA,,true,false,true,false,
2006,264000059,2633,tennessee-lady-volunteers,TENN,Tennessee Lady Volunteers,,2633,s:40~l:54~a:2633,c2ee79eb6ce4e1f61b40f49f0404c074,Shanna Zolman,S. Zolman,,,,NA,,true,false,true,false,
2006,264000013,2599,st-johns-red-storm,SJU,St. John's Red Storm,,4550,s:40~l:54~a:4550,5d0a0b14a7248f83d886b08a3a354708,Angie Clark,A. Clark,,,,NA,,true,false,true,false,
2006,264000013,2599,st-johns-red-storm,SJU,St. John's Red Storm,,4060,s:40~l:54~a:4060,e6330a1900e5448ce9584a22c2db25d5,Danielle Chambers,D. Chambers,,,,NA,,true,false,true,false,
2006,264000013,2599,st-johns-red-storm,SJU,St. John's Red Storm,,5384,s:40~l:54~a:5384,0dab7d42ef24819654ef2a75c4ae56cd,Tara Walker,T. Walker,,,,NA,,true,false,true,false,
2006,264000013,2599,st-johns-red-storm,SJU,St. John's Red Storm,,5383,s:40~l:54~a:5383,5d2d1e83f0e86cb77b8d25c483d364f2,Kia Wright,K. Wright,,,,NA,,true,false,true,false,
2006,264000013,2599,st-johns-red-storm,SJU,St. John's Red Storm,,5382,s:40~l:54~a:5382,34991c909645cfdab2b1e7586b817053,Greeba Barlow,G. Barlow,,,,NA,,true,false,true,false,
2006,264000013,120,maryland-terrapins,MD,Maryland Terrapins,,5138,s:40~l:54~a:5138,274318080866dcb8699a09d666d03f10,Marissa Coleman,M. Coleman,,,25 ,G,,true,false,true,false,
2006,264000013,120,maryland-terrapins,MD,Maryland Terrapins,,5135,s:40~l:54~a:5135,06f5a686cc19277ee9714ac54c2ded8f,Kristi Toliver,K. Toliver,,,20 ,G,,true,false,true,false,
2006,264000013,120,maryland-terrapins,MD,Maryland Terrapins,,5139,s:40~l:54~a:5139,d42e6def5bf96553d0f6348a4d4925ed,Laura Harper,L. Harper,,,,NA,,true,false,true,false,
2006,264000013,120,maryland-terrapins,MD,Maryland Terrapins,,4857,s:40~l:54~a:4857,54d95e907134bc5181e7e4e75360d98c,Crystal Langhorne,C. Langhorne,,,,NA,,true,false,true,false,
2006,264000013,120,maryland-terrapins,MD,Maryland Terrapins,,4314,s:40~l:54~a:4314,89b9ded0b2f2d65e468ebae6d5bf556f,Shay Doron,S. Doron,,,,NA,,true,false,true,false,
2006,264000056,2628,tcu-horned-frogs,TCU,TCU Horned Frogs,,4867,s:40~l:54~a:4867,ffb1cc354f528ab7e45285aa7ac99bb3,Vanessa Clementino,V. Clementino,,,,NA,,true,false,true,false,
2006,264000056,2628,tcu-horned-frogs,TCU,TCU Horned Frogs,,4865,s:40~l:54~a:4865,286f9adabd15d2a9b8ab78f0c25a0267,Lorie Butler-Rayford,L. Butler-Rayford,,,,NA,,true,false,true,false,
2006,264000056,2628,tcu-horned-frogs,TCU,TCU Horned Frogs,,3848,s:40~l:54~a:3848,84927a13b77caea31b03f744e72506d2,Jenna Lohse,J. Lohse,,,,NA,,true,false,true,false,
2006,264000056,2628,tcu-horned-frogs,TCU,TCU Horned Frogs,,3849,s:40~l:54~a:3849,ebee6c4183fe36629996cdc83688cce8,Adrianne Ross,A. Ross,,,,NA,,true,false,true,false,
2006,264000056,2628,tcu-horned-frogs,TCU,TCU Horned Frogs,,2664,s:40~l:54~a:2664,2a427d86dcbbc4aebf160847acd4e55d,Ashley Davis,A. Davis,,,,NA,,true,false,true,false,
2006,264000056,164,rutgers-scarlet-knights,RUTG,Rutgers Scarlet Knights,,5323,s:40~l:54~a:5323,d1b5f35f0e16721c1be262fc2dcc6a98,Kia Vaughn,K. Vaughn,,,15 ,C,,true,false,true,false,
2006,264000056,164,rutgers-scarlet-knights,RUTG,Rutgers Scarlet Knights,,4814,s:40~l:54~a:4814,d01e22db859a44a2b9b9460b8d49077b,Essence Carson,E. Carson,,,,NA,,true,false,true,false,
2006,264000056,164,rutgers-scarlet-knights,RUTG,Rutgers Scarlet Knights,,2400,s:40~l:54~a:2400,df7bd1b14c0efa91d7c658215d14c831,Michelle Campbell,M. Campbell,,,,NA,,true,false,true,false,
2006,264000056,164,rutgers-scarlet-knights,RUTG,Rutgers Scarlet Knights,,4816,s:40~l:54~a:4816,e32515ecd622f27d9b0367d9b3f2a809,Matee Ajavon,M. Ajavon,,,,NA,,true,false,true,false,
2006,264000056,164,rutgers-scarlet-knights,RUTG,Rutgers Scarlet Knights,,1695,s:40~l:54~a:1695,dab9f7ecbe8bcdb0d1f4c6e334e84a0a,Cappie Pondexter,C. Pondexter,,,,NA,,true,false,true,false,
2006,264000028,259,virginia-tech-hokies,VT,Virginia Tech Hokies,,2776,s:40~l:54~a:2776,51736d60e466f3c50fc6ae3284797c07,Kerri Gardin,K. Gardin,,,,NA,,true,false,true,false,
2006,264000028,259,virginia-tech-hokies,VT,Virginia Tech Hokies,,2774,s:40~l:54~a:2774,b18e0524ba9d2cc0e09781198450afbe,Megan Finnerty,M. Finnerty,,,,NA,,true,false,true,false,
2006,264000028,259,virginia-tech-hokies,VT,Virginia Tech Hokies,,3989,s:40~l:54~a:3989,622aa645f0b978929aecdbc82447f4d3,Kirby Copeland,K. Copeland,,,,NA,,true,false,true,false,
2006,264000028,259,virginia-tech-hokies,VT,Virginia Tech Hokies,,2778,s:40~l:54~a:2778,9c6d7e00073c2dd7472d136b3b7be826,Carrie Mason,C. Mason,,,,NA,,true,false,true,false,
2006,264000028,259,virginia-tech-hokies,VT,Virginia Tech Hokies,,2773,s:40~l:54~a:2773,79a9e88ee77ba2976a0dc6d91b86d9d7,Dawn Chriss,D. Chriss,,,,NA,,true,false,true,false,
2006,264000028,41,uconn-huskies,CONN,UConn Huskies,,2637,s:40~l:54~a:2637,131163c0c1e979b8607484d92145c5e3,Ann Strother,A. Strother,,,,NA,,true,false,true,false,
2006,264000028,41,uconn-huskies,CONN,UConn Huskies,,2535,s:40~l:54~a:2535,1fbe551ef9e11d425d8920dc61125e6b,Willnett Crockett,W. Crockett,,,,NA,,true,false,true,false,
2006,264000028,41,uconn-huskies,CONN,UConn Huskies,,5104,s:40~l:54~a:5104,f122be3557ced75550d02221af209121,Renee Montgomery,R. Montgomery,,,,NA,,true,false,true,false,
2006,264000028,41,uconn-huskies,CONN,UConn Huskies,,4827,s:40~l:54~a:4827,a60aeada6ce540be068e6ad92b3b9bc0,Mel Thomas,M. Thomas,,,,NA,,true,false,true,false,
2006,264000028,41,uconn-huskies,CONN,UConn Huskies,,2409,s:40~l:54~a:2409,3166c5ecd189f3f8d53632fe2f90913a,Barbara Turner,B. Turner,,,,NA,,true,false,true,false,
2006,264000018,30,usc-trojans,USC,USC Trojans,,4933,s:40~l:54~a:4933,e1b4b32b7ea3d731c938113704c1175c,Camille LeNoir,C. LeNoir,,,,G,,true,false,true,false,
2006,264000018,30,usc-trojans,USC,USC Trojans,,3834,s:40~l:54~a:3834,63d8109c9c9f588ec3a2d6d39ecbbb60,Chloe Kerr,C. Kerr,,,,NA,,true,false,true,false,
2006,264000018,30,usc-trojans,USC,USC Trojans,,3839,s:40~l:54~a:3839,f927d05a239f44f691d243cf5b1aa93e,Eshaya Murphy,E. Murphy,,,,NA,,true,false,true,false,
2006,264000018,30,usc-trojans,USC,USC Trojans,,3837,s:40~l:54~a:3837,e8c60710327b8a86e706b5fb5204af85,Allison Jaskowiak,A. Jaskowiak,,,,NA,,true,false,true,false,
2006,264000018,30,usc-trojans,USC,USC Trojans,,2701,s:40~l:54~a:2701,073b4deccbc9fe15c99ccbf2467c7fae,Meghan Gnekow,M. Gnekow,,,,NA,,true,false,true,false,
2006,264000018,150,duke-blue-devils,DUKE,Duke Blue Devils,,3713,s:40~l:54~a:3713,b76d2b4b4670ae3d28b747c9af9e2a69,Alison Bales,A. Bales,,,,NA,,true,false,true,false,
2006,264000018,150,duke-blue-devils,DUKE,Duke Blue Devils,,2475,s:40~l:54~a:2475,34971f2dbdb57e31e6939fa80c4422c8,Mistie McCray Bass,M. Bass,,,,NA,,true,false,true,false,
2006,264000018,150,duke-blue-devils,DUKE,Duke Blue Devils,,438,s:40~l:54~a:438,c7e26c3620f06c9196f3fe534452d4f6,Monique Currie,M. Currie,,,,NA,,true,false,true,false,
2006,264000018,150,duke-blue-devils,DUKE,Duke Blue Devils,,4819,s:40~l:54~a:4819,d0c9e7e583ec078c3c2f19b1a3393528,Wanisha Smith,W. Smith,,,,NA,,true,false,true,false,
2006,264000018,150,duke-blue-devils,DUKE,Duke Blue Devils,,2476,s:40~l:54~a:2476,d989779bd41ba5bafcd1cfa2a21021e0,Lindsey Harding,L. Harding,,,,NA,,true,false,true,false,
2006,264000003,103,boston-college-eagles,BC,Boston College Eagles,,3761,s:40~l:54~a:3761,5d645fde10bd56f1e4864c6ccdee3da2,Kathrin Ress,K. Ress,,,,NA,,true,false,true,false,
2006,264000003,103,boston-college-eagles,BC,Boston College Eagles,,2490,s:40~l:54~a:2490,e58a3cc8f750dc4f18406890db088d35,Brooke Queenan,B. Queenan,,,,NA,,true,false,true,false,
2006,264000003,103,boston-college-eagles,BC,Boston College Eagles,,2489,s:40~l:54~a:2489,949331de18702b48610ccdffc79e9a5f,Aja Parham,A. Parham,,,,NA,,true,false,true,false,
2006,264000003,103,boston-college-eagles,BC,Boston College Eagles,,3763,s:40~l:54~a:3763,5486238895817dd7a5b4a01cf401ff4c,Sarah Marshall,S. Marshall,,,,NA,,true,false,true,false,
2006,264000003,103,boston-college-eagles,BC,Boston College Eagles,,3762,s:40~l:54~a:3762,c0bb33b56a8cd4876a301477331b33ae,Kindyll Dorsey,K. Dorsey,,,,NA,,true,false,true,false,
2006,264000003,194,ohio-state-buckeyes,OSU,Ohio State Buckeyes,,3831,s:40~l:54~a:3831,d7d474a42d3ed0200925eaf98d64417d,Jessica Davenport,J. Davenport,,,,NA,,true,false,true,false,
2006,264000003,194,ohio-state-buckeyes,OSU,Ohio State Buckeyes,,273,s:40~l:54~a:273,45121a17d956c514acaaaccb55a64980,Debbie Merrill,D. Merrill,,,,NA,,true,false,true,false,
2006,264000003,194,ohio-state-buckeyes,OSU,Ohio State Buckeyes,,4901,s:40~l:54~a:4901,a34dc975a399d5f36c8b8607a7ace096,Marscilla Packer,M. Packer,,,,NA,,true,false,true,false,
2006,264000003,194,ohio-state-buckeyes,OSU,Ohio State Buckeyes,,3833,s:40~l:54~a:3833,dc2ef3677a22bd7cc11af6c11b005875,Brandie Hoskins,B. Hoskins,,,,NA,,true,false,true,false,
2006,264000003,194,ohio-state-buckeyes,OSU,Ohio State Buckeyes,,1493,s:40~l:54~a:1493,4046c1dfdbd76f3b66c26e5d9340885a,Ashley Allen,A. Allen,,,,NA,,true,false,true,false,
2006,264000038,305,depaul-blue-demons,DEP,DePaul Blue Demons,,4863,s:40~l:54~a:4863,1b54d15180397d9a55f007815342e3e6,Caprice Smith,C. Smith,,,,NA,,true,false,true,false,
2006,264000038,305,depaul-blue-demons,DEP,DePaul Blue Demons,,415,s:40~l:54~a:415,aaaa2dcd83fe04b0e0e40cd0d502a6d6,Khara Smith,K. Smith,,,,NA,,true,false,true,false,
2006,264000038,305,depaul-blue-demons,DEP,DePaul Blue Demons,,4859,s:40~l:54~a:4859,8ccf9f61389ad1b5e837d73da998e9cb,Allie Quigley,A. Quigley,,,,NA,,true,false,true,false,
2006,264000038,305,depaul-blue-demons,DEP,DePaul Blue Demons,,4561,s:40~l:54~a:4561,6ebbbc3f36e376a65adaf5b2cd19682f,Jenna Rubino,J. Rubino,,,,NA,,true,false,true,false,
2006,264000038,305,depaul-blue-demons,DEP,DePaul Blue Demons,,417,s:40~l:54~a:417,00eb53aabfa29c5bce28e5d2eb8d5cd6,Claudette Towers,C. Towers,,,,NA,,true,false,true,false,
2006,264000038,99,lsu-tigers,LSU,LSU Tigers,,5097,s:40~l:54~a:5097,50323e53b18c89f62e93b2404ae49315,Ashley Thomas,A. Thomas,,,,NA,,true,false,true,false,
2006,264000038,99,lsu-tigers,LSU,LSU Tigers,,4834,s:40~l:54~a:4834,08e807cc398fe0f761ad0d448bfeb280,Sylvia Fowles,S. Fowles,,,,NA,,true,false,true,false,
2006,264000038,99,lsu-tigers,LSU,LSU Tigers,,4855,s:40~l:54~a:4855,830d3381141bb83c5adaee8b2b5d561a,Erica White,E. White,,,,NA,,true,false,true,false,
2006,264000038,99,lsu-tigers,LSU,LSU Tigers,,3715,s:40~l:54~a:3715,e6a46d07dfc2f2055ba24fc51716a427,Scholanda Hoston,S. Hoston,,,,NA,,true,false,true,false,
2006,264000038,99,lsu-tigers,LSU,LSU Tigers,,2635,s:40~l:54~a:2635,3a7f24f2f739ca385df1c548e6def432,Seimone Augustus,S. Augustus,,,,NA,,true,false,true,false,
2006,264000045,24,stanford-cardinal,STAN,Stanford Cardinal,,5210,s:40~l:54~a:5210,4c1c8676b98031c3e63872df9258069e,Jillian Harmon,J. Harmon,,,33 ,F,,true,false,true,false,
2006,264000045,24,stanford-cardinal,STAN,Stanford Cardinal,,3914,s:40~l:54~a:3914,99d7b78d61842789d6a85541e6296cf7,Brooke Smith,B. Smith,,,,NA,,true,false,true,false,
2006,264000045,24,stanford-cardinal,STAN,Stanford Cardinal,,5212,s:40~l:54~a:5212,802c2a8507fdb10dc13e4cd5ac78191c,Rosalyn Goldonwude,R. Goldonwude,,,,NA,,true,false,true,false,
2006,264000045,24,stanford-cardinal,STAN,Stanford Cardinal,,4896,s:40~l:54~a:4896,6807e88b6640acf90ebceceba90d5ff5,Candice Wiggins,C. Wiggins,,,,NA,,true,false,true,false,
2006,264000045,24,stanford-cardinal,STAN,Stanford Cardinal,,2642,s:40~l:54~a:2642,d24a81ada8949ae6408c9c0e3e1e7332,Krista Rappahahn,K. Rappahahn,,,,NA,,true,false,true,false,
2006,264000045,201,oklahoma-sooners,OU,Oklahoma Sooners,,5118,s:40~l:54~a:5118,1834413d80b409a6fe840327a8e7993b,Courtney Paris,C. Paris,,,3  ,C,,true,false,true,false,
2006,264000045,201,oklahoma-sooners,OU,Oklahoma Sooners,,3814,s:40~l:54~a:3814,f156683781715a0d8cd075188ce2a1d8,Leah Rush,L. Rush,,,,NA,,true,false,true,false,
2006,264000045,201,oklahoma-sooners,OU,Oklahoma Sooners,,3816,s:40~l:54~a:3816,7211db13851817d2dc714706e30b0134,Brittney Brown,B. Brown,,,,NA,,true,false,true,false,
2006,264000045,201,oklahoma-sooners,OU,Oklahoma Sooners,,2443,s:40~l:54~a:2443,bd525a866958ae254c6b7a1c4e560b74,Chelsi Welch,C. Welch,,,,NA,,true,false,true,false,
2006,264000045,201,oklahoma-sooners,OU,Oklahoma Sooners,,2440,s:40~l:54~a:2440,e3bf68ab5f09df85beb125602605ce51,Erin Higgins,E. Higgins,,,,NA,,true,false,true,false,
2006,264000014,239,baylor-bears,BAY,Baylor Bears,,5095,s:40~l:54~a:5095,cedaf5c3cf5589bc5ea07fe92548afbe,Jessica Morrow,J. Morrow,,,3  ,G,,true,false,true,false,
2006,264000014,239,baylor-bears,BAY,Baylor Bears,,2719,s:40~l:54~a:2719,3b884ae643bf9fada3be8f086d54aa3a,Abiola Wabara,A. Wabara,,,,NA,,true,false,true,false,
2006,264000014,239,baylor-bears,BAY,Baylor Bears,,2428,s:40~l:54~a:2428,37e483b75e76f4f460a127bc11ae232b,Sophia Young-Malcolm,S. Young-Malcolm,,,,NA,,true,false,true,false,
2006,264000014,239,baylor-bears,BAY,Baylor Bears,,4939,s:40~l:54~a:4939,16030f6d9a1d9aabbcbb9a3b229a20dc,Angela Tisdale,A. Tisdale,,,,NA,,true,false,true,false,
2006,264000014,239,baylor-bears,BAY,Baylor Bears,,2427,s:40~l:54~a:2427,bc7cd45fbe1b62db1d0361bb0671ef56,Chameka Scott,C. Scott,,,,NA,,true,false,true,false,
2006,264000014,120,maryland-terrapins,MD,Maryland Terrapins,,5138,s:40~l:54~a:5138,274318080866dcb8699a09d666d03f10,Marissa Coleman,M. Coleman,,,25 ,G,,true,false,true,false,
2006,264000014,120,maryland-terrapins,MD,Maryland Terrapins,,5135,s:40~l:54~a:5135,06f5a686cc19277ee9714ac54c2ded8f,Kristi Toliver,K. Toliver,,,20 ,G,,true,false,true,false,
2006,264000014,120,maryland-terrapins,MD,Maryland Terrapins,,4857,s:40~l:54~a:4857,54d95e907134bc5181e7e4e75360d98c,Crystal Langhorne,C. Langhorne,,,,NA,,true,false,true,false,
2006,264000014,120,maryland-terrapins,MD,Maryland Terrapins,,5139,s:40~l:54~a:5139,d42e6def5bf96553d0f6348a4d4925ed,Laura Harper,L. Harper,,,,NA,,true,false,true,false,
2006,264000014,120,maryland-terrapins,MD,Maryland Terrapins,,4314,s:40~l:54~a:4314,89b9ded0b2f2d65e468ebae6d5bf556f,Shay Doron,S. Doron,,,,NA,,true,false,true,false,
2006,264000007,103,boston-college-eagles,BC,Boston College Eagles,,3761,s:40~l:54~a:3761,5d645fde10bd56f1e4864c6ccdee3da2,Kathrin Ress,K. Ress,,,,NA,,true,false,true,false,
2006,264000007,103,boston-college-eagles,BC,Boston College Eagles,,2490,s:40~l:54~a:2490,e58a3cc8f750dc4f18406890db088d35,Brooke Queenan,B. Queenan,,,,NA,,true,false,true,false,
2006,264000007,103,boston-college-eagles,BC,Boston College Eagles,,3763,s:40~l:54~a:3763,5486238895817dd7a5b4a01cf401ff4c,Sarah Marshall,S. Marshall,,,,NA,,true,false,true,false,
2006,264000007,103,boston-college-eagles,BC,Boston College Eagles,,3762,s:40~l:54~a:3762,c0bb33b56a8cd4876a301477331b33ae,Kindyll Dorsey,K. Dorsey,,,,NA,,true,false,true,false,
2006,264000007,103,boston-college-eagles,BC,Boston College Eagles,,2489,s:40~l:54~a:2489,949331de18702b48610ccdffc79e9a5f,Aja Parham,A. Parham,,,,NA,,true,false,true,false,
2006,264000007,254,utah-utes,UTAH,Utah Utes,,4869,s:40~l:54~a:4869,e34f0450d7274a1862c1596b6227292f,Jessica Perry,J. Perry,,,,NA,,true,false,true,false,
2006,264000007,254,utah-utes,UTAH,Utah Utes,,2458,s:40~l:54~a:2458,69e935b7072e05159ddbf9187b4513a5,Kim Smith,K. Smith,,,,NA,,true,false,true,false,
2006,264000007,254,utah-utes,UTAH,Utah Utes,,5311,s:40~l:54~a:5311,bfa8f4595911b8f860b670bdfe0bca39,Julie Larsen,J. Larsen,,,,NA,,true,false,true,false,
2006,264000007,254,utah-utes,UTAH,Utah Utes,,3818,s:40~l:54~a:3818,708a743d5fdff8d7dec3ebfaabff0a8f,Heidi Carlsen,H. Carlsen,,,,NA,,true,false,true,false,
2006,264000007,254,utah-utes,UTAH,Utah Utes,,2153,s:40~l:54~a:2153,3ce48c2eccb31c0c264095249b561920,Shona Thorburn,S. Thorburn,,,,NA,,true,false,true,false,
2006,264000060,164,rutgers-scarlet-knights,RUTG,Rutgers Scarlet Knights,,5323,s:40~l:54~a:5323,d1b5f35f0e16721c1be262fc2dcc6a98,Kia Vaughn,K. Vaughn,,,15 ,C,,true,false,true,false,
2006,264000060,164,rutgers-scarlet-knights,RUTG,Rutgers Scarlet Knights,,2400,s:40~l:54~a:2400,df7bd1b14c0efa91d7c658215d14c831,Michelle Campbell,M. Campbell,,,,NA,,true,false,true,false,
2006,264000060,164,rutgers-scarlet-knights,RUTG,Rutgers Scarlet Knights,,4816,s:40~l:54~a:4816,e32515ecd622f27d9b0367d9b3f2a809,Matee Ajavon,M. Ajavon,,,,NA,,true,false,true,false,
2006,264000060,164,rutgers-scarlet-knights,RUTG,Rutgers Scarlet Knights,,4814,s:40~l:54~a:4814,d01e22db859a44a2b9b9460b8d49077b,Essence Carson,E. Carson,,,,NA,,true,false,true,false,
2006,264000060,164,rutgers-scarlet-knights,RUTG,Rutgers Scarlet Knights,,1695,s:40~l:54~a:1695,dab9f7ecbe8bcdb0d1f4c6e334e84a0a,Cappie Pondexter,C. Pondexter,,,,NA,,true,false,true,false,
2006,264000060,2633,tennessee-lady-volunteers,TENN,Tennessee Lady Volunteers,,2632,s:40~l:54~a:2632,d54dd215e222e4239903f408b6257423,Tyesha Fluker,T. Fluker,,,,NA,,true,false,true,false,
2006,264000060,2633,tennessee-lady-volunteers,TENN,Tennessee Lady Volunteers,,5145,s:40~l:54~a:5145,61b484e2521ea0b301d4e85c791af05c,Candace Parker,C. Parker,,,,NA,,true,false,true,false,
2006,264000060,2633,tennessee-lady-volunteers,TENN,Tennessee Lady Volunteers,,4839,s:40~l:54~a:4839,eb2e5d775349b53cc2cd1cff1d06fe67,Nicky Anosike,N. Anosike,,,,NA,,true,false,true,false,
2006,264000060,2633,tennessee-lady-volunteers,TENN,Tennessee Lady Volunteers,,3707,s:40~l:54~a:3707,70c6703f052213c777a20dd7ff64b712,Sidney Spencer,S. Spencer,,,,NA,,true,false,true,false,
2006,264000060,2633,tennessee-lady-volunteers,TENN,Tennessee Lady Volunteers,,2633,s:40~l:54~a:2633,c2ee79eb6ce4e1f61b40f49f0404c074,Shanna Zolman,S. Zolman,,,,NA,,true,false,true,false,
2006,264000053,2509,purdue-boilermakers,PUR,Purdue Boilermakers,,5278,s:40~l:54~a:5278,3b2bb529fa0fac3cc8909a682a95a6de,Lindsay Wisdomhylton,L. Wisdomhylton,,,,NA,,true,false,true,false,
2006,264000053,2509,purdue-boilermakers,PUR,Purdue Boilermakers,,3724,s:40~l:54~a:3724,9c4848c80a777e86150539b6968d2fc2,Erin Lawless,E. Lawless,,,,NA,,true,false,true,false,
2006,264000053,2509,purdue-boilermakers,PUR,Purdue Boilermakers,,3723,s:40~l:54~a:3723,c1387572be7fcdd5af8a477df5abaf94,Aya Traore,A. Traore,,,,NA,,true,false,true,false,
2006,264000053,2509,purdue-boilermakers,PUR,Purdue Boilermakers,,3726,s:40~l:54~a:3726,e393049a5d36b85d573c18f7f6e414e7,Katie Gearlds,K. Gearlds,,,,NA,,true,false,true,false,
2006,264000053,2509,purdue-boilermakers,PUR,Purdue Boilermakers,,2468,s:40~l:54~a:2468,00a69fb6888c8a2589587f79913d53c0,Sharika Webb,S. Webb,,,,NA,,true,false,true,false,
2006,264000053,153,north-carolina-tar-heels,UNC,North Carolina Tar Heels,,4820,s:40~l:54~a:4820,0de0ab274d44bdd6a591d5ef9dfbcb07,Erlana Larkins,E. Larkins,,,,NA,,true,false,true,false,
2006,264000053,153,north-carolina-tar-heels,UNC,North Carolina Tar Heels,,3754,s:40~l:54~a:3754,8ba41f63ad491766dd837fe6ccb34b98,Camille Little,C. Little,,,,NA,,true,false,true,false,
2006,264000053,153,north-carolina-tar-heels,UNC,North Carolina Tar Heels,,2647,s:40~l:54~a:2647,78fba069babc60e597c4b87df0c6edee,La'Tangela Atkinson,L. Atkinson,,,,NA,,true,false,true,false,
2006,264000053,153,north-carolina-tar-heels,UNC,North Carolina Tar Heels,,3755,s:40~l:54~a:3755,dfe2d840ee1f027b9d928e7dcd35a0cd,Ivory Latta,I. Latta,,,,NA,,true,false,true,false,
2006,264000053,153,north-carolina-tar-heels,UNC,North Carolina Tar Heels,,2648,s:40~l:54~a:2648,9078e72bb6a32f576c7dc680854bb426,Jessica Sell,J. Sell,,,,NA,,true,false,true,false,
2006,264000022,127,michigan-state-spartans,MSU,Michigan State Spartans,,5147,s:40~l:54~a:5147,6e58bf3bf450a7819ca55c6589545dde,Aisha Jefferson,A. Jefferson,,,22 ,F,,true,false,true,false,
2006,264000022,127,michigan-state-spartans,MSU,Michigan State Spartans,,3299,s:40~l:54~a:3299,a159c264237959ed9847622dd9d84765,Liz Shimek,L. Shimek,,,,NA,,true,false,true,false,
2006,264000022,127,michigan-state-spartans,MSU,Michigan State Spartans,,4087,s:40~l:54~a:4087,24ae83fb999e83d62397aa50ef8f35d4,Rene Haynes,R. Haynes,,,,NA,,true,false,true,false,
2006,264000022,127,michigan-state-spartans,MSU,Michigan State Spartans,,4086,s:40~l:54~a:4086,13b8bb5a81dd1e8cbd8cebcef9ff82ee,Victoria Lucas-Perry,V. Lucas-Perry,,,,NA,,true,false,true,false,
2006,264000022,127,michigan-state-spartans,MSU,Michigan State Spartans,,3295,s:40~l:54~a:3295,10067a6e48be3f41d86fac21fdc8d093,Lindsay Bowen,L. Bowen,,,,NA,,true,false,true,false,
2006,264000022,150,duke-blue-devils,DUKE,Duke Blue Devils,,3713,s:40~l:54~a:3713,b76d2b4b4670ae3d28b747c9af9e2a69,Alison Bales,A. Bales,,,,NA,,true,false,true,false,
2006,264000022,150,duke-blue-devils,DUKE,Duke Blue Devils,,2475,s:40~l:54~a:2475,34971f2dbdb57e31e6939fa80c4422c8,Mistie McCray Bass,M. Bass,,,,NA,,true,false,true,false,
2006,264000022,150,duke-blue-devils,DUKE,Duke Blue Devils,,438,s:40~l:54~a:438,c7e26c3620f06c9196f3fe534452d4f6,Monique Currie,M. Currie,,,,NA,,true,false,true,false,
2006,264000022,150,duke-blue-devils,DUKE,Duke Blue Devils,,4819,s:40~l:54~a:4819,d0c9e7e583ec078c3c2f19b1a3393528,Wanisha Smith,W. Smith,,,,NA,,true,false,true,false,
2006,264000022,150,duke-blue-devils,DUKE,Duke Blue Devils,,2476,s:40~l:54~a:2476,d989779bd41ba5bafcd1cfa2a21021e0,Lindsey Harding,L. Harding,,,,NA,,true,false,true,false,
2006,264000029,61,georgia-lady-bulldogs,UGA,Georgia Lady Bulldogs,,5087,s:40~l:54~a:5087,ba5bf9e08de419ae09a040a7e40e58d5,Humphrey Tasha,H. Tasha,,,,NA,,true,false,true,false,
2006,264000029,61,georgia-lady-bulldogs,UGA,Georgia Lady Bulldogs,,5086,s:40~l:54~a:5086,3cd1fac4f61a6b49c181fd6d7e05f58f,Darrah Megan,D. Megan,,,,NA,,true,false,true,false,
2006,264000029,61,georgia-lady-bulldogs,UGA,Georgia Lady Bulldogs,,5090,s:40~l:54~a:5090,c90d4b3df7d1d74fcf1af7fc4f8c8a36,Chambers Cori,C. Cori,,,,NA,,true,false,true,false,
2006,264000029,61,georgia-lady-bulldogs,UGA,Georgia Lady Bulldogs,,5089,s:40~l:54~a:5089,96f72ea9acb2208d6494cbf484cc4232,Kendrick Alexis,K. Alexis,,,,NA,,true,false,true,false,
2006,264000029,61,georgia-lady-bulldogs,UGA,Georgia Lady Bulldogs,,5088,s:40~l:54~a:5088,a17cbcefdb413b1be583e2e07c0e7d7a,Baker Sherill,B. Sherill,,,,NA,,true,false,true,false,
2006,264000029,41,uconn-huskies,CONN,UConn Huskies,,2535,s:40~l:54~a:2535,1fbe551ef9e11d425d8920dc61125e6b,Willnett Crockett,W. Crockett,,,,NA,,true,false,true,false,
2006,264000029,41,uconn-huskies,CONN,UConn Huskies,,2637,s:40~l:54~a:2637,131163c0c1e979b8607484d92145c5e3,Ann Strother,A. Strother,,,,NA,,true,false,true,false,
2006,264000029,41,uconn-huskies,CONN,UConn Huskies,,5104,s:40~l:54~a:5104,f122be3557ced75550d02221af209121,Renee Montgomery,R. Montgomery,,,,NA,,true,false,true,false,
2006,264000029,41,uconn-huskies,CONN,UConn Huskies,,4827,s:40~l:54~a:4827,a60aeada6ce540be068e6ad92b3b9bc0,Mel Thomas,M. Thomas,,,,NA,,true,false,true,false,
2006,264000029,41,uconn-huskies,CONN,UConn Huskies,,2409,s:40~l:54~a:2409,3166c5ecd189f3f8d53632fe2f90913a,Barbara Turner,B. Turner,,,,NA,,true,false,true,false,
2006,264000015,254,utah-utes,UTAH,Utah Utes,,4869,s:40~l:54~a:4869,e34f0450d7274a1862c1596b6227292f,Jessica Perry,J. Perry,,,,NA,,true,false,true,false,
2006,264000015,254,utah-utes,UTAH,Utah Utes,,2458,s:40~l:54~a:2458,69e935b7072e05159ddbf9187b4513a5,Kim Smith,K. Smith,,,,NA,,true,false,true,false,
2006,264000015,254,utah-utes,UTAH,Utah Utes,,5311,s:40~l:54~a:5311,bfa8f4595911b8f860b670bdfe0bca39,Julie Larsen,J. Larsen,,,,NA,,true,false,true,false,
2006,264000015,254,utah-utes,UTAH,Utah Utes,,3818,s:40~l:54~a:3818,708a743d5fdff8d7dec3ebfaabff0a8f,Heidi Carlsen,H. Carlsen,,,,NA,,true,false,true,false,
2006,264000015,254,utah-utes,UTAH,Utah Utes,,2153,s:40~l:54~a:2153,3ce48c2eccb31c0c264095249b561920,Shona Thorburn,S. Thorburn,,,,NA,,true,false,true,false,
2006,264000015,120,maryland-terrapins,MD,Maryland Terrapins,,5138,s:40~l:54~a:5138,274318080866dcb8699a09d666d03f10,Marissa Coleman,M. Coleman,,,25 ,G,,true,false,true,false,
2006,264000015,120,maryland-terrapins,MD,Maryland Terrapins,,5135,s:40~l:54~a:5135,06f5a686cc19277ee9714ac54c2ded8f,Kristi Toliver,K. Toliver,,,20 ,G,,true,false,true,false,
2006,264000015,120,maryland-terrapins,MD,Maryland Terrapins,,4857,s:40~l:54~a:4857,54d95e907134bc5181e7e4e75360d98c,Crystal Langhorne,C. Langhorne,,,,NA,,true,false,true,false,
2006,264000015,120,maryland-terrapins,MD,Maryland Terrapins,,5139,s:40~l:54~a:5139,d42e6def5bf96553d0f6348a4d4925ed,Laura Harper,L. Harper,,,,NA,,true,false,true,false,
2006,264000015,120,maryland-terrapins,MD,Maryland Terrapins,,4314,s:40~l:54~a:4314,89b9ded0b2f2d65e468ebae6d5bf556f,Shay Doron,S. Doron,,,,NA,,true,false,true,false,
2006,264000046,24,stanford-cardinal,STAN,Stanford Cardinal,,3914,s:40~l:54~a:3914,99d7b78d61842789d6a85541e6296cf7,Brooke Smith,B. Smith,,,,NA,,true,false,true,false,
2006,264000046,24,stanford-cardinal,STAN,Stanford Cardinal,,3918,s:40~l:54~a:3918,cb1ca59b90fd08a9a05323857faeee28,Kristen Newlin,K. Newlin,,,,NA,,true,false,true,false,
2006,264000046,24,stanford-cardinal,STAN,Stanford Cardinal,,5212,s:40~l:54~a:5212,802c2a8507fdb10dc13e4cd5ac78191c,Rosalyn Goldonwude,R. Goldonwude,,,,NA,,true,false,true,false,
2006,264000046,24,stanford-cardinal,STAN,Stanford Cardinal,,4896,s:40~l:54~a:4896,6807e88b6640acf90ebceceba90d5ff5,Candice Wiggins,C. Wiggins,,,,NA,,true,false,true,false,
2006,264000046,24,stanford-cardinal,STAN,Stanford Cardinal,,2642,s:40~l:54~a:2642,d24a81ada8949ae6408c9c0e3e1e7332,Krista Rappahahn,K. Rappahahn,,,,NA,,true,false,true,false,
2006,264000046,99,lsu-tigers,LSU,LSU Tigers,,4834,s:40~l:54~a:4834,08e807cc398fe0f761ad0d448bfeb280,Sylvia Fowles,S. Fowles,,,,NA,,true,false,true,false,
2006,264000046,99,lsu-tigers,LSU,LSU Tigers,,5097,s:40~l:54~a:5097,50323e53b18c89f62e93b2404ae49315,Ashley Thomas,A. Thomas,,,,NA,,true,false,true,false,
2006,264000046,99,lsu-tigers,LSU,LSU Tigers,,4855,s:40~l:54~a:4855,830d3381141bb83c5adaee8b2b5d561a,Erica White,E. White,,,,NA,,true,false,true,false,
2006,264000046,99,lsu-tigers,LSU,LSU Tigers,,3715,s:40~l:54~a:3715,e6a46d07dfc2f2055ba24fc51716a427,Scholanda Hoston,S. Hoston,,,,NA,,true,false,true,false,
2006,264000046,99,lsu-tigers,LSU,LSU Tigers,,2635,s:40~l:54~a:2635,3a7f24f2f739ca385df1c548e6def432,Seimone Augustus,S. Augustus,,,,NA,,true,false,true,false,
2006,264000061,2633,tennessee-lady-volunteers,TENN,Tennessee Lady Volunteers,,2632,s:40~l:54~a:2632,d54dd215e222e4239903f408b6257423,Tyesha Fluker,T. Fluker,,,,NA,,true,false,true,false,
2006,264000061,2633,tennessee-lady-volunteers,TENN,Tennessee Lady Volunteers,,5145,s:40~l:54~a:5145,61b484e2521ea0b301d4e85c791af05c,Candace Parker,C. Parker,,,,NA,,true,false,true,false,
2006,264000061,2633,tennessee-lady-volunteers,TENN,Tennessee Lady Volunteers,,4839,s:40~l:54~a:4839,eb2e5d775349b53cc2cd1cff1d06fe67,Nicky Anosike,N. Anosike,,,,NA,,true,false,true,false,
2006,264000061,2633,tennessee-lady-volunteers,TENN,Tennessee Lady Volunteers,,3707,s:40~l:54~a:3707,70c6703f052213c777a20dd7ff64b712,Sidney Spencer,S. Spencer,,,,NA,,true,false,true,false,
2006,264000061,2633,tennessee-lady-volunteers,TENN,Tennessee Lady Volunteers,,2633,s:40~l:54~a:2633,c2ee79eb6ce4e1f61b40f49f0404c074,Shanna Zolman,S. Zolman,,,,NA,,true,false,true,false,
2006,264000061,153,north-carolina-tar-heels,UNC,North Carolina Tar Heels,,4820,s:40~l:54~a:4820,0de0ab274d44bdd6a591d5ef9dfbcb07,Erlana Larkins,E. Larkins,,,,NA,,true,false,true,false,
2006,264000061,153,north-carolina-tar-heels,UNC,North Carolina Tar Heels,,3754,s:40~l:54~a:3754,8ba41f63ad491766dd837fe6ccb34b98,Camille Little,C. Little,,,,NA,,true,false,true,false,
2006,264000061,153,north-carolina-tar-heels,UNC,North Carolina Tar Heels,,2647,s:40~l:54~a:2647,78fba069babc60e597c4b87df0c6edee,La'Tangela Atkinson,L. Atkinson,,,,NA,,true,false,true,false,
2006,264000061,153,north-carolina-tar-heels,UNC,North Carolina Tar Heels,,3755,s:40~l:54~a:3755,dfe2d840ee1f027b9d928e7dcd35a0cd,Ivory Latta,I. Latta,,,,NA,,true,false,true,false,
2006,264000061,153,north-carolina-tar-heels,UNC,North Carolina Tar Heels,,2648,s:40~l:54~a:2648,9078e72bb6a32f576c7dc680854bb426,Jessica Sell,J. Sell,,,,NA,,true,false,true,false,
2006,264000030,41,uconn-huskies,CONN,UConn Huskies,,2637,s:40~l:54~a:2637,131163c0c1e979b8607484d92145c5e3,Ann Strother,A. Strother,,,,NA,,true,false,true,false,
2006,264000030,41,uconn-huskies,CONN,UConn Huskies,,2535,s:40~l:54~a:2535,1fbe551ef9e11d425d8920dc61125e6b,Willnett Crockett,W. Crockett,,,,NA,,true,false,true,false,
2006,264000030,41,uconn-huskies,CONN,UConn Huskies,,2409,s:40~l:54~a:2409,3166c5ecd189f3f8d53632fe2f90913a,Barbara Turner,B. Turner,,,,NA,,true,false,true,false,
2006,264000030,41,uconn-huskies,CONN,UConn Huskies,,5104,s:40~l:54~a:5104,f122be3557ced75550d02221af209121,Renee Montgomery,R. Montgomery,,,,NA,,true,false,true,false,
2006,264000030,41,uconn-huskies,CONN,UConn Huskies,,4827,s:40~l:54~a:4827,a60aeada6ce540be068e6ad92b3b9bc0,Mel Thomas,M. Thomas,,,,NA,,true,false,true,false,
2006,264000030,150,duke-blue-devils,DUKE,Duke Blue Devils,,3713,s:40~l:54~a:3713,b76d2b4b4670ae3d28b747c9af9e2a69,Alison Bales,A. Bales,,,,NA,,true,false,true,false,
2006,264000030,150,duke-blue-devils,DUKE,Duke Blue Devils,,2475,s:40~l:54~a:2475,34971f2dbdb57e31e6939fa80c4422c8,Mistie McCray Bass,M. Bass,,,,NA,,true,false,true,false,
2006,264000030,150,duke-blue-devils,DUKE,Duke Blue Devils,,4819,s:40~l:54~a:4819,d0c9e7e583ec078c3c2f19b1a3393528,Wanisha Smith,W. Smith,,,,NA,,true,false,true,false,
2006,264000030,150,duke-blue-devils,DUKE,Duke Blue Devils,,2476,s:40~l:54~a:2476,d989779bd41ba5bafcd1cfa2a21021e0,Lindsey Harding,L. Harding,,,,NA,,true,false,true,false,
2006,264000030,150,duke-blue-devils,DUKE,Duke Blue Devils,,438,s:40~l:54~a:438,c7e26c3620f06c9196f3fe534452d4f6,Monique Currie,M. Currie,,,,NA,,true,false,true,false,
2006,264000031,120,maryland-terrapins,MD,Maryland Terrapins,,5138,s:40~l:54~a:5138,274318080866dcb8699a09d666d03f10,Marissa Coleman,M. Coleman,,,25 ,G,,true,false,true,false,
2006,264000031,120,maryland-terrapins,MD,Maryland Terrapins,,5135,s:40~l:54~a:5135,06f5a686cc19277ee9714ac54c2ded8f,Kristi Toliver,K. Toliver,,,20 ,G,,true,false,true,false,
2006,264000031,120,maryland-terrapins,MD,Maryland Terrapins,,5139,s:40~l:54~a:5139,d42e6def5bf96553d0f6348a4d4925ed,Laura Harper,L. Harper,,,,NA,,true,false,true,false,
2006,264000031,120,maryland-terrapins,MD,Maryland Terrapins,,4857,s:40~l:54~a:4857,54d95e907134bc5181e7e4e75360d98c,Crystal Langhorne,C. Langhorne,,,,NA,,true,false,true,false,
2006,264000031,120,maryland-terrapins,MD,Maryland Terrapins,,4314,s:40~l:54~a:4314,89b9ded0b2f2d65e468ebae6d5bf556f,Shay Doron,S. Doron,,,,NA,,true,false,true,false,
2006,264000031,153,north-carolina-tar-heels,UNC,North Carolina Tar Heels,,4820,s:40~l:54~a:4820,0de0ab274d44bdd6a591d5ef9dfbcb07,Erlana Larkins,E. Larkins,,,,NA,,true,false,true,false,
2006,264000031,153,north-carolina-tar-heels,UNC,North Carolina Tar Heels,,3754,s:40~l:54~a:3754,8ba41f63ad491766dd837fe6ccb34b98,Camille Little,C. Little,,,,NA,,true,false,true,false,
2006,264000031,153,north-carolina-tar-heels,UNC,North Carolina Tar Heels,,3755,s:40~l:54~a:3755,dfe2d840ee1f027b9d928e7dcd35a0cd,Ivory Latta,I. Latta,,,,NA,,true,false,true,false,
2006,264000031,153,north-carolina-tar-heels,UNC,North Carolina Tar Heels,,2648,s:40~l:54~a:2648,9078e72bb6a32f576c7dc680854bb426,Jessica Sell,J. Sell,,,,NA,,true,false,true,false,
2006,264000031,153,north-carolina-tar-heels,UNC,North Carolina Tar Heels,,2647,s:40~l:54~a:2647,78fba069babc60e597c4b87df0c6edee,La'Tangela Atkinson,L. Atkinson,,,,NA,,true,false,true,false,
2006,264000062,99,lsu-tigers,LSU,LSU Tigers,,5097,s:40~l:54~a:5097,50323e53b18c89f62e93b2404ae49315,Ashley Thomas,A. Thomas,,,,NA,,true,false,true,false,
2006,264000062,99,lsu-tigers,LSU,LSU Tigers,,4834,s:40~l:54~a:4834,08e807cc398fe0f761ad0d448bfeb280,Sylvia Fowles,S. Fowles,,,,NA,,true,false,true,false,
2006,264000062,99,lsu-tigers,LSU,LSU Tigers,,4855,s:40~l:54~a:4855,830d3381141bb83c5adaee8b2b5d561a,Erica White,E. White,,,,NA,,true,false,true,false,
2006,264000062,99,lsu-tigers,LSU,LSU Tigers,,3715,s:40~l:54~a:3715,e6a46d07dfc2f2055ba24fc51716a427,Scholanda Hoston,S. Hoston,,,,NA,,true,false,true,false,
2006,264000062,99,lsu-tigers,LSU,LSU Tigers,,2635,s:40~l:54~a:2635,3a7f24f2f739ca385df1c548e6def432,Seimone Augustus,S. Augustus,,,,NA,,true,false,true,false,
2006,264000062,150,duke-blue-devils,DUKE,Duke Blue Devils,,3713,s:40~l:54~a:3713,b76d2b4b4670ae3d28b747c9af9e2a69,Alison Bales,A. Bales,,,,NA,,true,false,true,false,
2006,264000062,150,duke-blue-devils,DUKE,Duke Blue Devils,,2475,s:40~l:54~a:2475,34971f2dbdb57e31e6939fa80c4422c8,Mistie McCray Bass,M. Bass,,,,NA,,true,false,true,false,
2006,264000062,150,duke-blue-devils,DUKE,Duke Blue Devils,,4819,s:40~l:54~a:4819,d0c9e7e583ec078c3c2f19b1a3393528,Wanisha Smith,W. Smith,,,,NA,,true,false,true,false,
2006,264000062,150,duke-blue-devils,DUKE,Duke Blue Devils,,2476,s:40~l:54~a:2476,d989779bd41ba5bafcd1cfa2a21021e0,Lindsey Harding,L. Harding,,,,NA,,true,false,true,false,
2006,264000062,150,duke-blue-devils,DUKE,Duke Blue Devils,,438,s:40~l:54~a:438,c7e26c3620f06c9196f3fe534452d4f6,Monique Currie,M. Currie,,,,NA,,true,false,true,false,
2006,264000063,120,maryland-terrapins,MD,Maryland Terrapins,,5138,s:40~l:54~a:5138,274318080866dcb8699a09d666d03f10,Marissa Coleman,M. Coleman,,,25 ,G,,true,false,true,false,
2006,264000063,120,maryland-terrapins,MD,Maryland Terrapins,,5135,s:40~l:54~a:5135,06f5a686cc19277ee9714ac54c2ded8f,Kristi Toliver,K. Toliver,,,20 ,G,,true,false,true,false,
2006,264000063,120,maryland-terrapins,MD,Maryland Terrapins,,5139,s:40~l:54~a:5139,d42e6def5bf96553d0f6348a4d4925ed,Laura Harper,L. Harper,,,,NA,,true,false,true,false,
2006,264000063,120,maryland-terrapins,MD,Maryland Terrapins,,4857,s:40~l:54~a:4857,54d95e907134bc5181e7e4e75360d98c,Crystal Langhorne,C. Langhorne,,,,NA,,true,false,true,false,
2006,264000063,120,maryland-terrapins,MD,Maryland Terrapins,,4314,s:40~l:54~a:4314,89b9ded0b2f2d65e468ebae6d5bf556f,Shay Doron,S. Doron,,,,NA,,true,false,true,false,
2006,264000063,150,duke-blue-devils,DUKE,Duke Blue Devils,,3713,s:40~l:54~a:3713,b76d2b4b4670ae3d28b747c9af9e2a69,Alison Bales,A. Bales,,,,NA,,true,false,true,false,
2006,264000063,150,duke-blue-devils,DUKE,Duke Blue Devils,,2475,s:40~l:54~a:2475,34971f2dbdb57e31e6939fa80c4422c8,Mistie McCray Bass,M. Bass,,,,NA,,true,false,true,false,
2006,264000063,150,duke-blue-devils,DUKE,Duke Blue Devils,,4819,s:40~l:54~a:4819,d0c9e7e583ec078c3c2f19b1a3393528,Wanisha Smith,W. Smith,,,,NA,,true,false,true,false,
2006,264000063,150,duke-blue-devils,DUKE,Duke Blue Devils,,2476,s:40~l:54~a:2476,d989779bd41ba5bafcd1cfa2a21021e0,Lindsey Harding,L. Harding,,,,NA,,true,false,true,false,
2006,264000063,150,duke-blue-devils,DUKE,Duke Blue Devils,,438,s:40~l:54~a:438,c7e26c3620f06c9196f3fe534452d4f6,Monique Currie,M. Currie,,,,NA,,true,false,true,false,
