season,game_id,team_id,team_slug,team_abbreviation,team_display_name,home_away,athlete_id,athlete_uid,athlete_guid,athlete_display_name,athlete_short_name,athlete_first_name,athlete_last_name,athlete_jersey,athlete_position,athlete_headshot,starter,did_not_play,active,ejected,reason
2005,250160087,2509,purdue-boilermakers,PUR,Purdue Boilermakers,,4807,s:40~l:54~a:4807,041fa3dc3f5ac0a6db55d4847c02f66d,Lindsay Wisdom-Hylton,L. Wisdom-Hylton,,,,F,,true,false,true,false,
2005,250160087,2509,purdue-boilermakers,PUR,Purdue Boilermakers,,1620,s:40~l:54~a:1620,eac153cdef506c3c82cf9dc00a44afc5,Emily Heikes,E. Heikes,,,,NA,,true,false,true,false,
2005,250160087,2509,purdue-boilermakers,PUR,Purdue Boilermakers,,3724,s:40~l:54~a:3724,9c4848c80a777e86150539b6968d2fc2,Erin Lawless,E. Lawless,,,,NA,,true,false,true,false,
2005,250160087,2509,purdue-boilermakers,PUR,Purdue Boilermakers,,4808,s:40~l:54~a:4808,85bdbf60ecb660d221e8a09b895dba57,Brina Pollack,B. Pollack,,,,NA,,true,false,true,false,
2005,250160087,2509,purdue-boilermakers,PUR,Purdue Boilermakers,,3726,s:40~l:54~a:3726,e393049a5d36b85d573c18f7f6e414e7,Katie Gearlds,K. Gearlds,,,,NA,,true,false,true,false,
2005,250160087,87,notre-dame-fighting-irish,ND,Notre Dame Fighting Irish,,1467,s:40~l:54~a:1467,ce958eede8b5bb7ea88cdd6af764b501,Teresa Borton,T. Borton,,,,NA,,true,false,true,false,
2005,250160087,87,notre-dame-fighting-irish,ND,Notre Dame Fighting Irish,,3784,s:40~l:54~a:3784,9c4232f3d4bbb62d1c9982dc3acf989f,Crystal Erwin,C. Erwin,,,,NA,,true,false,true,false,
2005,250160087,87,notre-dame-fighting-irish,ND,Notre Dame Fighting Irish,,1466,s:40~l:54~a:1466,aa6e5c8fd5176ab9be73b4069b6f2a24,Jacqueline Batteast,J. Batteast,,,,NA,,true,false,true,false,
2005,250160087,87,notre-dame-fighting-irish,ND,Notre Dame Fighting Irish,,3783,s:40~l:54~a:3783,bb74cc9ce5a60d8e7cfcaa19604e2422,Breona Gray,B. Gray,,,,NA,,true,false,true,false,
2005,250160087,87,notre-dame-fighting-irish,ND,Notre Dame Fighting Irish,,2437,s:40~l:54~a:2437,409fab7b1c67274f3ff8f070f97034e8,Megan Duffy,M. Duffy,,,,NA,,true,false,true,false,
2005,250230087,164,rutgers-scarlet-knights,RUTG,Rutgers Scarlet Knights,,2400,s:40~l:54~a:2400,df7bd1b14c0efa91d7c658215d14c831,Michelle Campbell,M. Campbell,,,,NA,,true,false,true,false,
2005,250230087,164,rutgers-scarlet-knights,RUTG,Rutgers Scarlet Knights,,4814,s:40~l:54~a:4814,d01e22db859a44a2b9b9460b8d49077b,Essence Carson,E. Carson,,,,NA,,true,false,true,false,
2005,250230087,164,rutgers-scarlet-knights,RUTG,Rutgers Scarlet Knights,,2853,s:40~l:54~a:2853,7143f7f97cf4024646d96c76757f2b39,Courtney Locke,C. Locke,,,,NA,,true,false,true,false,
2005,250230087,164,rutgers-scarlet-knights,RUTG,Rutgers Scarlet Knights,,1694,s:40~l:54~a:1694,f0af047dc9015b7b46c2bc02ed0f38c1,Chelsea Newton,C. Newton,,,,NA,,true,false,true,false,
2005,250230087,164,rutgers-scarlet-knights,RUTG,Rutgers Scarlet Knights,,1692,s:40~l:54~a:1692,b7edc7ce1bae2c0b0fab08c9dd06a3fd,Nikki Jett,N. Jett,,,,NA,,true,false,true,false,
2005,250230087,87,notre-dame-fighting-irish,ND,Notre Dame Fighting Irish,,1467,s:40~l:54~a:1467,ce958eede8b5bb7ea88cdd6af764b501,Teresa Borton,T. Borton,,,,NA,,true,false,true,false,
2005,250230087,87,notre-dame-fighting-irish,ND,Notre Dame Fighting Irish,,3784,s:40~l:54~a:3784,9c4232f3d4bbb62d1c9982dc3acf989f,Crystal Erwin,C. Erwin,,,,NA,,true,false,true,false,
2005,250230087,87,notre-dame-fighting-irish,ND,Notre Dame Fighting Irish,,1466,s:40~l:54~a:1466,aa6e5c8fd5176ab9be73b4069b6f2a24,Jacqueline Batteast,J. Batteast,,,,NA,,true,false,true,false,
2005,250230087,87,notre-dame-fighting-irish,ND,Notre Dame Fighting Irish,,3783,s:40~l:54~a:3783,bb74cc9ce5a60d8e7cfcaa19604e2422,Breona Gray,B. Gray,,,,NA,,true,false,true,false,
2005,250230087,87,notre-dame-fighting-irish,ND,Notre Dame Fighting Irish,,2437,s:40~l:54~a:2437,409fab7b1c67274f3ff8f070f97034e8,Megan Duffy,M. Duffy,,,,NA,,true,false,true,false,
2005,250240153,150,duke-blue-devils,DUKE,Duke Blue Devils,,3713,s:40~l:54~a:3713,b76d2b4b4670ae3d28b747c9af9e2a69,Alison Bales,A. Bales,,,,NA,,true,false,true,false,
2005,250240153,150,duke-blue-devils,DUKE,Duke Blue Devils,,2475,s:40~l:54~a:2475,34971f2dbdb57e31e6939fa80c4422c8,Mistie McCray Bass,M. Bass,,,,NA,,true,false,true,false,
2005,250240153,150,duke-blue-devils,DUKE,Duke Blue Devils,,438,s:40~l:54~a:438,c7e26c3620f06c9196f3fe534452d4f6,Monique Currie,M. Currie,,,,NA,,true,false,true,false,
2005,250240153,150,duke-blue-devils,DUKE,Duke Blue Devils,,4819,s:40~l:54~a:4819,d0c9e7e583ec078c3c2f19b1a3393528,Wanisha Smith,W. Smith,,,,NA,,true,false,true,false,
2005,250240153,150,duke-blue-devils,DUKE,Duke Blue Devils,,2631,s:40~l:54~a:2631,5c69d509caacd6a21f5ccd5dd87ec5ad,Jessica Foley,J. Foley,,,,NA,,true,false,true,false,
2005,250240153,153,north-carolina-tar-heels,UNC,North Carolina Tar Heels,,4820,s:40~l:54~a:4820,0de0ab274d44bdd6a591d5ef9dfbcb07,Erlana Larkins,E. Larkins,,,,NA,,true,false,true,false,
2005,250240153,153,north-carolina-tar-heels,UNC,North Carolina Tar Heels,,3754,s:40~l:54~a:3754,8ba41f63ad491766dd837fe6ccb34b98,Camille Little,C. Little,,,,NA,,true,false,true,false,
2005,250240153,153,north-carolina-tar-heels,UNC,North Carolina Tar Heels,,3755,s:40~l:54~a:3755,dfe2d840ee1f027b9d928e7dcd35a0cd,Ivory Latta,I. Latta,,,,NA,,true,false,true,false,
2005,250240153,153,north-carolina-tar-heels,UNC,North Carolina Tar Heels,,2647,s:40~l:54~a:2647,78fba069babc60e597c4b87df0c6edee,La'Tangela Atkinson,L. Atkinson,,,,NA,,true,false,true,false,
2005,250240153,153,north-carolina-tar-heels,UNC,North Carolina Tar Heels,,1400,s:40~l:54~a:1400,015dcfc5fcf5d293e6ed12d913dccfb1,Leah Metcalf,L. Metcalf,,,,NA,,true,false,true,false,
2005,250300099,2,auburn-tigers,AUB,Auburn Tigers,,3584,s:40~l:54~a:3584,bed941fb72291e76d14fb860873df867,Marita Payne,M. Payne,,,,NA,,true,false,true,false,
2005,250300099,2,auburn-tigers,AUB,Auburn Tigers,,4833,s:40~l:54~a:4833,24ab4396daa81c5f345cced0d0af01e8,Alexis Ogubie,A. Ogubie,,,,NA,,true,false,true,false,
2005,250300099,2,auburn-tigers,AUB,Auburn Tigers,,3647,s:40~l:54~a:3647,79faa9ed0528e23e3a7a3898dcfb2f36,Louise Emeagi,L. Emeagi,,,,NA,,true,false,true,false,
2005,250300099,2,auburn-tigers,AUB,Auburn Tigers,,79,s:40~l:54~a:79,20e3f76f14d507dc4f0dbee28de25219,Nicole Louden,N. Louden,,,,NA,,true,false,true,false,
2005,250300099,2,auburn-tigers,AUB,Auburn Tigers,,77,s:40~l:54~a:77,2a286a4485ce06f47130c6ade2c98bde,Natasha Brackett,N. Brackett,,,,NA,,true,false,true,false,
2005,250300099,99,lsu-tigers,LSU,LSU Tigers,,1043,s:40~l:54~a:1043,431b3570ffc5722cb1fb6828863687e9,Tillie Willis,T. Willis,,,,NA,,true,false,true,false,
2005,250300099,99,lsu-tigers,LSU,LSU Tigers,,1042,s:40~l:54~a:1042,7975c2d74746b291db1778dab57902cf,Wendlyn Jones,W. Jones,,,,NA,,true,false,true,false,
2005,250300099,99,lsu-tigers,LSU,LSU Tigers,,3715,s:40~l:54~a:3715,e6a46d07dfc2f2055ba24fc51716a427,Scholanda Hoston,S. Hoston,,,,NA,,true,false,true,false,
2005,250300099,99,lsu-tigers,LSU,LSU Tigers,,2635,s:40~l:54~a:2635,3a7f24f2f739ca385df1c548e6def432,Seimone Augustus,S. Augustus,,,,NA,,true,false,true,false,
2005,250300099,99,lsu-tigers,LSU,LSU Tigers,,1041,s:40~l:54~a:1041,b5915a3ecaf9a7f982f75114aefe4cd6,Temeka Johnson,T. Johnson,,,,NA,,true,false,true,false,
2005,250300041,87,notre-dame-fighting-irish,ND,Notre Dame Fighting Irish,,1467,s:40~l:54~a:1467,ce958eede8b5bb7ea88cdd6af764b501,Teresa Borton,T. Borton,,,,NA,,true,false,true,false,
2005,250300041,87,notre-dame-fighting-irish,ND,Notre Dame Fighting Irish,,3784,s:40~l:54~a:3784,9c4232f3d4bbb62d1c9982dc3acf989f,Crystal Erwin,C. Erwin,,,,NA,,true,false,true,false,
2005,250300041,87,notre-dame-fighting-irish,ND,Notre Dame Fighting Irish,,1466,s:40~l:54~a:1466,aa6e5c8fd5176ab9be73b4069b6f2a24,Jacqueline Batteast,J. Batteast,,,,NA,,true,false,true,false,
2005,250300041,87,notre-dame-fighting-irish,ND,Notre Dame Fighting Irish,,3783,s:40~l:54~a:3783,bb74cc9ce5a60d8e7cfcaa19604e2422,Breona Gray,B. Gray,,,,NA,,true,false,true,false,
2005,250300041,87,notre-dame-fighting-irish,ND,Notre Dame Fighting Irish,,2437,s:40~l:54~a:2437,409fab7b1c67274f3ff8f070f97034e8,Megan Duffy,M. Duffy,,,,NA,,true,false,true,false,
2005,250300041,41,uconn-huskies,CONN,UConn Huskies,,316,s:40~l:54~a:316,f03637f1aa75018b058ff84817277c21,Jessica Moore,J. Moore,,,,NA,,true,false,true,false,
2005,250300041,41,uconn-huskies,CONN,UConn Huskies,,4824,s:40~l:54~a:4824,e2c459bbd0318cae4e7d1128e5f2b79b,Charde Houston,C. Houston,,,,NA,,true,false,true,false,
2005,250300041,41,uconn-huskies,CONN,UConn Huskies,,2637,s:40~l:54~a:2637,131163c0c1e979b8607484d92145c5e3,Ann Strother,A. Strother,,,,NA,,true,false,true,false,
2005,250300041,41,uconn-huskies,CONN,UConn Huskies,,2410,s:40~l:54~a:2410,56efb2414f093ff317ca52a41a8e8b7f,Nicole Wolff,N. Wolff,,,,NA,,true,false,true,false,
2005,250300041,41,uconn-huskies,CONN,UConn Huskies,,314,s:40~l:54~a:314,14a62235e7a14074f9623b9a23ae4cff,Morgan Valley,M. Valley,,,,NA,,true,true,true,false,
2005,250300213,135,minnesota-golden-gophers,MINN,Minnesota Golden Gophers,,1181,s:40~l:54~a:1181,9ce668b48cba7733bf93d927b1a2a1ff,Janel McCarville,J. McCarville,,,,NA,,true,false,true,false,
2005,250300213,135,minnesota-golden-gophers,MINN,Minnesota Golden Gophers,,3751,s:40~l:54~a:3751,144aeb5e430d8e894d9b9e008fe31657,Jaime Broback,J. Broback,,,,NA,,true,false,true,false,
2005,250300213,135,minnesota-golden-gophers,MINN,Minnesota Golden Gophers,,2656,s:40~l:54~a:2656,c554c85841bc8ee7aa542ce388bf3f9c,Shannon Bolden,S. Bolden,,,,NA,,true,false,true,false,
2005,250300213,135,minnesota-golden-gophers,MINN,Minnesota Golden Gophers,,2655,s:40~l:54~a:2655,0aa092835f3627b3cdc40a286d4d46e8,Shannon Schonrock,S. Schonrock,,,,NA,,true,false,true,false,
2005,250300213,135,minnesota-golden-gophers,MINN,Minnesota Golden Gophers,,888,s:40~l:54~a:888,c179eec54d49961939fafcfcbe03cfcf,April Calhoun,A. Calhoun,,,,NA,,true,false,true,false,
2005,250300213,213,penn-state-lady-lions,PSU,Penn State Lady Lions,,1554,s:40~l:54~a:1554,3d8dd595cda8830a03442b0ce14d4f30,Ashli Schwab,A. Schwab,,,,NA,,true,false,true,false,
2005,250300213,213,penn-state-lady-lions,PSU,Penn State Lady Lions,,3748,s:40~l:54~a:3748,047ad9d47adad2ddb828a059d22e61cc,Amanda Brown,A. Brown,,,,NA,,true,false,true,false,
2005,250300213,213,penn-state-lady-lions,PSU,Penn State Lady Lions,,3746,s:40~l:54~a:3746,fd2915e7fba0c5c9dff7f356b1d569b2,Jennifer Harris,J. Harris,,,,NA,,true,false,true,false,
2005,250300213,213,penn-state-lady-lions,PSU,Penn State Lady Lions,,1556,s:40~l:54~a:1556,91b352f8dd0db1fb5f898fabf769c145,Tanisha Wright,T. Wright,,,,NA,,true,false,true,false,
2005,250300213,213,penn-state-lady-lions,PSU,Penn State Lady Lions,,1555,s:40~l:54~a:1555,9ea429d67def486608bdab3ac58f05f1,Jess Strom,J. Strom,,,,NA,,true,false,true,false,
2005,250312633,61,georgia-lady-bulldogs,UGA,Georgia Lady Bulldogs,,4838,s:40~l:54~a:4838,c9ab97ae3e9dbd3aa411f43020376140,Tasha Humphrey,T. Humphrey,,,,NA,,true,false,true,false,
2005,250312633,61,georgia-lady-bulldogs,UGA,Georgia Lady Bulldogs,,3743,s:40~l:54~a:3743,6b9fd439f3f0cec605ea86ccc90eb0a9,Rebecca Rowsey,R. Rowsey,,,,NA,,true,false,true,false,
2005,250312633,61,georgia-lady-bulldogs,UGA,Georgia Lady Bulldogs,,3744,s:40~l:54~a:3744,27c198769b7a91cf53fd36dec32b3fe7,Cori Chambers,C. Chambers,,,,NA,,true,false,true,false,
2005,250312633,61,georgia-lady-bulldogs,UGA,Georgia Lady Bulldogs,,2493,s:40~l:54~a:2493,821c4e6aded93845586704f566b326fa,Alexis Kendrick,A. Kendrick,,,,NA,,true,false,true,false,
2005,250312633,61,georgia-lady-bulldogs,UGA,Georgia Lady Bulldogs,,2411,s:40~l:54~a:2411,86fd2ca45accf7e8e83da098981e3bd9,Sherill Baker,S. Baker,,,,NA,,true,false,true,false,
2005,250312633,2633,tennessee-lady-volunteers,TENN,Tennessee Lady Volunteers,,4839,s:40~l:54~a:4839,eb2e5d775349b53cc2cd1cff1d06fe67,Nicky Anosike,N. Anosike,,,,NA,,true,false,true,false,
2005,250312633,2633,tennessee-lady-volunteers,TENN,Tennessee Lady Volunteers,,2632,s:40~l:54~a:2632,d54dd215e222e4239903f408b6257423,Tyesha Fluker,T. Fluker,,,,NA,,true,false,true,false,
2005,250312633,2633,tennessee-lady-volunteers,TENN,Tennessee Lady Volunteers,,2005,s:40~l:54~a:2005,1cc5b37fb31379fcf23c4ddce5088574,Shyra Ely,S. Ely,,,,NA,,true,false,true,false,
2005,250312633,2633,tennessee-lady-volunteers,TENN,Tennessee Lady Volunteers,,4840,s:40~l:54~a:4840,13ff2da95b8fccf88eff7098fb77f4e5,Alexis Hornbuckle,A. Hornbuckle,,,,NA,,true,false,true,false,
2005,250312633,2633,tennessee-lady-volunteers,TENN,Tennessee Lady Volunteers,,2001,s:40~l:54~a:2001,5105a1e2df9e79bdbb266421b50abc11,Brittany Jackson,B. Jackson,,,,NA,,true,false,true,false,
2005,250340041,164,rutgers-scarlet-knights,RUTG,Rutgers Scarlet Knights,,2400,s:40~l:54~a:2400,df7bd1b14c0efa91d7c658215d14c831,Michelle Campbell,M. Campbell,,,,NA,,true,false,true,false,
2005,250340041,164,rutgers-scarlet-knights,RUTG,Rutgers Scarlet Knights,,4814,s:40~l:54~a:4814,d01e22db859a44a2b9b9460b8d49077b,Essence Carson,E. Carson,,,,NA,,true,false,true,false,
2005,250340041,164,rutgers-scarlet-knights,RUTG,Rutgers Scarlet Knights,,2853,s:40~l:54~a:2853,7143f7f97cf4024646d96c76757f2b39,Courtney Locke,C. Locke,,,,NA,,true,false,true,false,
2005,250340041,164,rutgers-scarlet-knights,RUTG,Rutgers Scarlet Knights,,1695,s:40~l:54~a:1695,dab9f7ecbe8bcdb0d1f4c6e334e84a0a,Cappie Pondexter,C. Pondexter,,,,NA,,true,false,true,false,
2005,250340041,164,rutgers-scarlet-knights,RUTG,Rutgers Scarlet Knights,,1692,s:40~l:54~a:1692,b7edc7ce1bae2c0b0fab08c9dd06a3fd,Nikki Jett,N. Jett,,,,NA,,true,false,true,false,
2005,250340041,41,uconn-huskies,CONN,UConn Huskies,,4824,s:40~l:54~a:4824,e2c459bbd0318cae4e7d1128e5f2b79b,Charde Houston,C. Houston,,,,NA,,true,false,true,false,
2005,250340041,41,uconn-huskies,CONN,UConn Huskies,,2409,s:40~l:54~a:2409,3166c5ecd189f3f8d53632fe2f90913a,Barbara Turner,B. Turner,,,,NA,,true,false,true,false,
2005,250340041,41,uconn-huskies,CONN,UConn Huskies,,316,s:40~l:54~a:316,f03637f1aa75018b058ff84817277c21,Jessica Moore,J. Moore,,,,NA,,true,false,true,false,
2005,250340041,41,uconn-huskies,CONN,UConn Huskies,,2637,s:40~l:54~a:2637,131163c0c1e979b8607484d92145c5e3,Ann Strother,A. Strother,,,,NA,,true,false,true,false,
2005,250340041,41,uconn-huskies,CONN,UConn Huskies,,311,s:40~l:54~a:311,6aeeb2f0fab7e503978f4b0052b4cbf7,Ashley Valley,A. Valley,,,,NA,,true,false,true,false,
2005,250362507,41,uconn-huskies,CONN,UConn Huskies,,316,s:40~l:54~a:316,f03637f1aa75018b058ff84817277c21,Jessica Moore,J. Moore,,,,NA,,true,false,true,false,
2005,250362507,41,uconn-huskies,CONN,UConn Huskies,,4824,s:40~l:54~a:4824,e2c459bbd0318cae4e7d1128e5f2b79b,Charde Houston,C. Houston,,,,NA,,true,false,true,false,
2005,250362507,41,uconn-huskies,CONN,UConn Huskies,,2637,s:40~l:54~a:2637,131163c0c1e979b8607484d92145c5e3,Ann Strother,A. Strother,,,,NA,,true,false,true,false,
2005,250362507,41,uconn-huskies,CONN,UConn Huskies,,2410,s:40~l:54~a:2410,56efb2414f093ff317ca52a41a8e8b7f,Nicole Wolff,N. Wolff,,,,NA,,true,false,true,false,
2005,250362507,41,uconn-huskies,CONN,UConn Huskies,,311,s:40~l:54~a:311,6aeeb2f0fab7e503978f4b0052b4cbf7,Ashley Valley,A. Valley,,,,NA,,true,false,true,false,
2005,250362507,2507,providence-friars,PROV,Providence Friars,,4845,s:40~l:54~a:4845,afeb6bbb20649375fe69398a37abfa32,Danielle Howard,D. Howard,,,,NA,,true,false,true,false,
2005,250362507,2507,providence-friars,PROV,Providence Friars,,4634,s:40~l:54~a:4634,db92869a518a4eb70bc610e7fe2f23d9,Shauna Snyder,S. Snyder,,,,NA,,true,false,true,false,
2005,250362507,2507,providence-friars,PROV,Providence Friars,,4847,s:40~l:54~a:4847,4d4f0f21d6b20fe16169f7b003a7c4b3,Ciara Shield,C. Shield,,,,NA,,true,false,true,false,
2005,250362507,2507,providence-friars,PROV,Providence Friars,,4846,s:40~l:54~a:4846,f6952f347eef5cc22af74ccfd5553694,Allie Gard,A. Gard,,,,NA,,true,false,true,false,
2005,250362507,2507,providence-friars,PROV,Providence Friars,,4635,s:40~l:54~a:4635,95971a495ce734ba4fe1906b3609f5d0,Jill Furstenburg,J. Furstenburg,,,,NA,,true,false,true,false,
2005,250370150,52,florida-state-seminoles,FSU,Florida State Seminoles,,4096,s:40~l:54~a:4096,2471a03b3f0c483848e8094fef4661c7,Alicia Gladden,A. Gladden,,,,NA,,true,false,true,false,
2005,250370150,52,florida-state-seminoles,FSU,Florida State Seminoles,,2537,s:40~l:54~a:2537,fd12cc34017e9ed79063e1c8bfac8340,Ganiyat Adeduntan,G. Adeduntan,,,,NA,,true,false,true,false,
2005,250370150,52,florida-state-seminoles,FSU,Florida State Seminoles,,2416,s:40~l:54~a:2416,9536f5a616f150c157f7cd7c1358dbfd,Holly Johnson,H. Johnson,,,,NA,,true,false,true,false,
2005,250370150,52,florida-state-seminoles,FSU,Florida State Seminoles,,4037,s:40~l:54~a:4037,389ca9eaa959c652486d65d8e388d100,Roneeka Hodges,R. Hodges,,,,NA,,true,false,true,false,
2005,250370150,52,florida-state-seminoles,FSU,Florida State Seminoles,,569,s:40~l:54~a:569,043cf134086520dfeabdfc65b705cd79,Linnea Liljestrand,L. Liljestrand,,,,NA,,true,false,true,false,
2005,250370150,150,duke-blue-devils,DUKE,Duke Blue Devils,,3713,s:40~l:54~a:3713,b76d2b4b4670ae3d28b747c9af9e2a69,Alison Bales,A. Bales,,,,NA,,true,false,true,false,
2005,250370150,150,duke-blue-devils,DUKE,Duke Blue Devils,,2475,s:40~l:54~a:2475,34971f2dbdb57e31e6939fa80c4422c8,Mistie McCray Bass,M. Bass,,,,NA,,true,false,true,false,
2005,250370150,150,duke-blue-devils,DUKE,Duke Blue Devils,,438,s:40~l:54~a:438,c7e26c3620f06c9196f3fe534452d4f6,Monique Currie,M. Currie,,,,NA,,true,false,true,false,
2005,250370150,150,duke-blue-devils,DUKE,Duke Blue Devils,,4819,s:40~l:54~a:4819,d0c9e7e583ec078c3c2f19b1a3393528,Wanisha Smith,W. Smith,,,,NA,,true,false,true,false,
2005,250370150,150,duke-blue-devils,DUKE,Duke Blue Devils,,2631,s:40~l:54~a:2631,5c69d509caacd6a21f5ccd5dd87ec5ad,Jessica Foley,J. Foley,,,,NA,,true,false,true,false,
2005,250400041,103,boston-college-eagles,BC,Boston College Eagles,,3761,s:40~l:54~a:3761,5d645fde10bd56f1e4864c6ccdee3da2,Kathrin Ress,K. Ress,,,,NA,,true,false,true,false,
2005,250400041,103,boston-college-eagles,BC,Boston College Eagles,,2490,s:40~l:54~a:2490,e58a3cc8f750dc4f18406890db088d35,Brooke Queenan,B. Queenan,,,,NA,,true,false,true,false,
2005,250400041,103,boston-college-eagles,BC,Boston College Eagles,,3763,s:40~l:54~a:3763,5486238895817dd7a5b4a01cf401ff4c,Sarah Marshall,S. Marshall,,,,NA,,true,false,true,false,
2005,250400041,103,boston-college-eagles,BC,Boston College Eagles,,2489,s:40~l:54~a:2489,949331de18702b48610ccdffc79e9a5f,Aja Parham,A. Parham,,,,NA,,true,false,true,false,
2005,250400041,103,boston-college-eagles,BC,Boston College Eagles,,133,s:40~l:54~a:133,5205316781f5a92c7a3154b708eb1e6e,Clare Droesch,C. Droesch,,,,NA,,true,false,true,false,
2005,250400041,41,uconn-huskies,CONN,UConn Huskies,,316,s:40~l:54~a:316,f03637f1aa75018b058ff84817277c21,Jessica Moore,J. Moore,,,,NA,,true,false,true,false,
2005,250400041,41,uconn-huskies,CONN,UConn Huskies,,4824,s:40~l:54~a:4824,e2c459bbd0318cae4e7d1128e5f2b79b,Charde Houston,C. Houston,,,,NA,,true,false,true,false,
2005,250400041,41,uconn-huskies,CONN,UConn Huskies,,2637,s:40~l:54~a:2637,131163c0c1e979b8607484d92145c5e3,Ann Strother,A. Strother,,,,NA,,true,false,true,false,
2005,250400041,41,uconn-huskies,CONN,UConn Huskies,,2410,s:40~l:54~a:2410,56efb2414f093ff317ca52a41a8e8b7f,Nicole Wolff,N. Wolff,,,,NA,,true,false,true,false,
2005,250400041,41,uconn-huskies,CONN,UConn Huskies,,311,s:40~l:54~a:311,6aeeb2f0fab7e503978f4b0052b4cbf7,Ashley Valley,A. Valley,,,,NA,,true,false,true,false,
2005,250410099,2633,tennessee-lady-volunteers,TENN,Tennessee Lady Volunteers,,4839,s:40~l:54~a:4839,eb2e5d775349b53cc2cd1cff1d06fe67,Nicky Anosike,N. Anosike,,,,NA,,true,false,true,false,
2005,250410099,2633,tennessee-lady-volunteers,TENN,Tennessee Lady Volunteers,,2632,s:40~l:54~a:2632,d54dd215e222e4239903f408b6257423,Tyesha Fluker,T. Fluker,,,,NA,,true,false,true,false,
2005,250410099,2633,tennessee-lady-volunteers,TENN,Tennessee Lady Volunteers,,2005,s:40~l:54~a:2005,1cc5b37fb31379fcf23c4ddce5088574,Shyra Ely,S. Ely,,,,NA,,true,false,true,false,
2005,250410099,2633,tennessee-lady-volunteers,TENN,Tennessee Lady Volunteers,,2006,s:40~l:54~a:2006,9688c8c5fe087c9c2c3a61ad6af5122c,Loree Moore,L. Moore,,,,NA,,true,false,true,false,
2005,250410099,2633,tennessee-lady-volunteers,TENN,Tennessee Lady Volunteers,,2001,s:40~l:54~a:2001,5105a1e2df9e79bdbb266421b50abc11,Brittany Jackson,B. Jackson,,,,NA,,true,false,true,false,
2005,250410099,99,lsu-tigers,LSU,LSU Tigers,,1043,s:40~l:54~a:1043,431b3570ffc5722cb1fb6828863687e9,Tillie Willis,T. Willis,,,,NA,,true,false,true,false,
2005,250410099,99,lsu-tigers,LSU,LSU Tigers,,2635,s:40~l:54~a:2635,3a7f24f2f739ca385df1c548e6def432,Seimone Augustus,S. Augustus,,,,NA,,true,false,true,false,
2005,250410099,99,lsu-tigers,LSU,LSU Tigers,,1042,s:40~l:54~a:1042,7975c2d74746b291db1778dab57902cf,Wendlyn Jones,W. Jones,,,,NA,,true,false,true,false,
2005,250410099,99,lsu-tigers,LSU,LSU Tigers,,3715,s:40~l:54~a:3715,e6a46d07dfc2f2055ba24fc51716a427,Scholanda Hoston,S. Hoston,,,,NA,,true,false,true,false,
2005,250410099,99,lsu-tigers,LSU,LSU Tigers,,1041,s:40~l:54~a:1041,b5915a3ecaf9a7f982f75114aefe4cd6,Temeka Johnson,T. Johnson,,,,NA,,true,false,true,false,
2005,250440120,150,duke-blue-devils,DUKE,Duke Blue Devils,,3713,s:40~l:54~a:3713,b76d2b4b4670ae3d28b747c9af9e2a69,Alison Bales,A. Bales,,,,NA,,true,false,true,false,
2005,250440120,150,duke-blue-devils,DUKE,Duke Blue Devils,,2475,s:40~l:54~a:2475,34971f2dbdb57e31e6939fa80c4422c8,Mistie McCray Bass,M. Bass,,,,NA,,true,false,true,false,
2005,250440120,150,duke-blue-devils,DUKE,Duke Blue Devils,,438,s:40~l:54~a:438,c7e26c3620f06c9196f3fe534452d4f6,Monique Currie,M. Currie,,,,NA,,true,false,true,false,
2005,250440120,150,duke-blue-devils,DUKE,Duke Blue Devils,,4819,s:40~l:54~a:4819,d0c9e7e583ec078c3c2f19b1a3393528,Wanisha Smith,W. Smith,,,,NA,,true,false,true,false,
2005,250440120,150,duke-blue-devils,DUKE,Duke Blue Devils,,2631,s:40~l:54~a:2631,5c69d509caacd6a21f5ccd5dd87ec5ad,Jessica Foley,J. Foley,,,,NA,,true,false,true,false,
2005,250440120,120,maryland-terrapins,MD,Maryland Terrapins,,4857,s:40~l:54~a:4857,54d95e907134bc5181e7e4e75360d98c,Crystal Langhorne,C. Langhorne,,,,NA,,true,false,true,false,
2005,250440120,120,maryland-terrapins,MD,Maryland Terrapins,,4856,s:40~l:54~a:4856,beb9a7b51168d2efe54cefd1a050d1ec,Jade Perry,J. Perry,,,,NA,,true,false,true,false,
2005,250440120,120,maryland-terrapins,MD,Maryland Terrapins,,4315,s:40~l:54~a:4315,c673fd63ff70ce4b762472ac0ef61a19,Kalika France,K. France,,,,NA,,true,false,true,false,
2005,250440120,120,maryland-terrapins,MD,Maryland Terrapins,,4314,s:40~l:54~a:4314,89b9ded0b2f2d65e468ebae6d5bf556f,Shay Doron,S. Doron,,,,NA,,true,false,true,false,
2005,250440120,120,maryland-terrapins,MD,Maryland Terrapins,,1084,s:40~l:54~a:1084,d6d3354c820b115d5a23639db6e55844,Anesia Smith,A. Smith,,,,NA,,true,false,true,false,
2005,250442633,238,vanderbilt-commodores,VAN,Vanderbilt Commodores,,3776,s:40~l:54~a:3776,20a3cf56ca4c4a4e1704b19976f87669,Carla Thomas,C. Thomas,,,,NA,,true,false,true,false,
2005,250442633,238,vanderbilt-commodores,VAN,Vanderbilt Commodores,,2172,s:40~l:54~a:2172,c1574a089b1da6559d8631765421b3b7,Ashley Earley,A. Earley,,,,NA,,true,false,true,false,
2005,250442633,238,vanderbilt-commodores,VAN,Vanderbilt Commodores,,3778,s:40~l:54~a:3778,e3312e11d01fddfa4043843053d5f4a3,Dee Davis,D. Davis,,,,NA,,true,false,true,false,
2005,250442633,238,vanderbilt-commodores,VAN,Vanderbilt Commodores,,3775,s:40~l:54~a:3775,30c7799ec3ad7a48f2adc5317b6eca98,Caroline Williams,C. Williams,,,,NA,,true,false,true,false,
2005,250442633,238,vanderbilt-commodores,VAN,Vanderbilt Commodores,,2177,s:40~l:54~a:2177,d174132d9aef7c125588d9d1209bc223,Abi Ramsey,A. Ramsey,,,,NA,,true,false,true,false,
2005,250442633,2633,tennessee-lady-volunteers,TENN,Tennessee Lady Volunteers,,4842,s:40~l:54~a:4842,d34e0270794329161fcfe2bbbe33e8da,Sa'de Wiley-Gatewood,S. Wiley-Gatewood,,,,NA,,true,false,true,false,
2005,250442633,2633,tennessee-lady-volunteers,TENN,Tennessee Lady Volunteers,,4839,s:40~l:54~a:4839,eb2e5d775349b53cc2cd1cff1d06fe67,Nicky Anosike,N. Anosike,,,,NA,,true,false,true,false,
2005,250442633,2633,tennessee-lady-volunteers,TENN,Tennessee Lady Volunteers,,4840,s:40~l:54~a:4840,13ff2da95b8fccf88eff7098fb77f4e5,Alexis Hornbuckle,A. Hornbuckle,,,,NA,,true,false,true,false,
2005,250442633,2633,tennessee-lady-volunteers,TENN,Tennessee Lady Volunteers,,2633,s:40~l:54~a:2633,c2ee79eb6ce4e1f61b40f49f0404c074,Shanna Zolman,S. Zolman,,,,NA,,true,false,true,false,
2005,250442633,2633,tennessee-lady-volunteers,TENN,Tennessee Lady Volunteers,,2006,s:40~l:54~a:2006,9688c8c5fe087c9c2c3a61ad6af5122c,Loree Moore,L. Moore,,,,NA,,true,false,true,false,
2005,250440164,41,uconn-huskies,CONN,UConn Huskies,,316,s:40~l:54~a:316,f03637f1aa75018b058ff84817277c21,Jessica Moore,J. Moore,,,,NA,,true,false,true,false,
2005,250440164,41,uconn-huskies,CONN,UConn Huskies,,2637,s:40~l:54~a:2637,131163c0c1e979b8607484d92145c5e3,Ann Strother,A. Strother,,,,NA,,true,false,true,false,
2005,250440164,41,uconn-huskies,CONN,UConn Huskies,,2409,s:40~l:54~a:2409,3166c5ecd189f3f8d53632fe2f90913a,Barbara Turner,B. Turner,,,,NA,,true,false,true,false,
2005,250440164,41,uconn-huskies,CONN,UConn Huskies,,312,s:40~l:54~a:312,145dc17f4b337598a04951abb22759d8,Ashley Battle,A. Battle,,,,NA,,true,false,true,false,
2005,250440164,41,uconn-huskies,CONN,UConn Huskies,,311,s:40~l:54~a:311,6aeeb2f0fab7e503978f4b0052b4cbf7,Ashley Valley,A. Valley,,,,NA,,true,false,true,false,
2005,250440164,164,rutgers-scarlet-knights,RUTG,Rutgers Scarlet Knights,,2400,s:40~l:54~a:2400,df7bd1b14c0efa91d7c658215d14c831,Michelle Campbell,M. Campbell,,,,NA,,true,false,true,false,
2005,250440164,164,rutgers-scarlet-knights,RUTG,Rutgers Scarlet Knights,,1696,s:40~l:54~a:1696,5781196c96a5284f46752d7d6b5f8d95,Rebecca Richman,R. Richman,,,,NA,,true,false,true,false,
2005,250440164,164,rutgers-scarlet-knights,RUTG,Rutgers Scarlet Knights,,4816,s:40~l:54~a:4816,e32515ecd622f27d9b0367d9b3f2a809,Matee Ajavon,M. Ajavon,,,,NA,,true,false,true,false,
2005,250440164,164,rutgers-scarlet-knights,RUTG,Rutgers Scarlet Knights,,1694,s:40~l:54~a:1694,f0af047dc9015b7b46c2bc02ed0f38c1,Chelsea Newton,C. Newton,,,,NA,,true,false,true,false,
2005,250440164,164,rutgers-scarlet-knights,RUTG,Rutgers Scarlet Knights,,1692,s:40~l:54~a:1692,b7edc7ce1bae2c0b0fab08c9dd06a3fd,Nikki Jett,N. Jett,,,,NA,,true,false,true,false,
2005,250440135,2509,purdue-boilermakers,PUR,Purdue Boilermakers,,4807,s:40~l:54~a:4807,041fa3dc3f5ac0a6db55d4847c02f66d,Lindsay Wisdom-Hylton,L. Wisdom-Hylton,,,,F,,true,false,true,false,
2005,250440135,2509,purdue-boilermakers,PUR,Purdue Boilermakers,,1620,s:40~l:54~a:1620,eac153cdef506c3c82cf9dc00a44afc5,Emily Heikes,E. Heikes,,,,NA,,true,false,true,false,
2005,250440135,2509,purdue-boilermakers,PUR,Purdue Boilermakers,,3724,s:40~l:54~a:3724,9c4848c80a777e86150539b6968d2fc2,Erin Lawless,E. Lawless,,,,NA,,true,false,true,false,
2005,250440135,2509,purdue-boilermakers,PUR,Purdue Boilermakers,,4808,s:40~l:54~a:4808,85bdbf60ecb660d221e8a09b895dba57,Brina Pollack,B. Pollack,,,,NA,,true,false,true,false,
2005,250440135,2509,purdue-boilermakers,PUR,Purdue Boilermakers,,3726,s:40~l:54~a:3726,e393049a5d36b85d573c18f7f6e414e7,Katie Gearlds,K. Gearlds,,,,NA,,true,false,true,false,
2005,250440135,135,minnesota-golden-gophers,MINN,Minnesota Golden Gophers,,1181,s:40~l:54~a:1181,9ce668b48cba7733bf93d927b1a2a1ff,Janel McCarville,J. McCarville,,,,NA,,true,false,true,false,
2005,250440135,135,minnesota-golden-gophers,MINN,Minnesota Golden Gophers,,3751,s:40~l:54~a:3751,144aeb5e430d8e894d9b9e008fe31657,Jaime Broback,J. Broback,,,,NA,,true,false,true,false,
2005,250440135,135,minnesota-golden-gophers,MINN,Minnesota Golden Gophers,,2656,s:40~l:54~a:2656,c554c85841bc8ee7aa542ce388bf3f9c,Shannon Bolden,S. Bolden,,,,NA,,true,false,true,false,
2005,250440135,135,minnesota-golden-gophers,MINN,Minnesota Golden Gophers,,2655,s:40~l:54~a:2655,0aa092835f3627b3cdc40a286d4d46e8,Shannon Schonrock,S. Schonrock,,,,NA,,true,false,true,false,
2005,250440135,135,minnesota-golden-gophers,MINN,Minnesota Golden Gophers,,888,s:40~l:54~a:888,c179eec54d49961939fafcfcbe03cfcf,April Calhoun,A. Calhoun,,,,NA,,true,false,true,false,
2005,250440251,2641,texas-tech-lady-raiders,TTU,Texas Tech Lady Raiders,,2067,s:40~l:54~a:2067,094d13584b9f0144db3e56a7b57f7ba0,Cisti Greenwalt,C. Greenwalt,,,,NA,,true,false,true,false,
2005,250440251,2641,texas-tech-lady-raiders,TTU,Texas Tech Lady Raiders,,2528,s:40~l:54~a:2528,2a380013af706321f621623c7b8e498a,Chesley Dabbs,C. Dabbs,,,,NA,,true,false,true,false,
2005,250440251,2641,texas-tech-lady-raiders,TTU,Texas Tech Lady Raiders,,2422,s:40~l:54~a:2422,b4777c247d0cc3d16bdb2a9ca25cf293,LaToya Davis,L. Davis,,,,NA,,true,false,true,false,
2005,250440251,2641,texas-tech-lady-raiders,TTU,Texas Tech Lady Raiders,,3719,s:40~l:54~a:3719,f8dd92e57ebcc0e0207386d17a75132d,Alseha Robertson,A. Robertson,,,,NA,,true,false,true,false,
2005,250440251,2641,texas-tech-lady-raiders,TTU,Texas Tech Lady Raiders,,2423,s:40~l:54~a:2423,191197c0edc09c465435d9cee3f95a86,Erin Grant,E. Grant,,,,NA,,true,false,true,false,
2005,250440251,251,texas-longhorns,TEX,Texas Longhorns,,2039,s:40~l:54~a:2039,5c7304c83473c18dc8f6a1672e542256,Heather Schreiber,H. Schreiber,,,,NA,,true,false,true,false,
2005,250440251,251,texas-longhorns,TEX,Texas Longhorns,,2037,s:40~l:54~a:2037,b1a0e70f5538a2f4c3141859c6db60de,Annissa Hastings,A. Hastings,,,,NA,,true,false,true,false,
2005,250440251,251,texas-longhorns,TEX,Texas Longhorns,,2036,s:40~l:54~a:2036,a26220ec37db349438c15e71cff18255,Kala Bowers,K. Bowers,,,,NA,,true,false,true,false,
2005,250440251,251,texas-longhorns,TEX,Texas Longhorns,,2646,s:40~l:54~a:2646,12a0029affd696522c7d96ced3b1c0cc,Jamie Carey,J. Carey,,,,NA,,true,false,true,false,
2005,250440251,251,texas-longhorns,TEX,Texas Longhorns,,2383,s:40~l:54~a:2383,bda5223d8cb5aef66ae70ad068bb0d67,Nina Norman,N. Norman,,,,NA,,true,false,true,false,
2005,250440305,2628,tcu-horned-frogs,TCU,TCU Horned Frogs,,2664,s:40~l:54~a:2664,2a427d86dcbbc4aebf160847acd4e55d,Ashley Davis,A. Davis,,,,NA,,true,false,true,false,
2005,250440305,2628,tcu-horned-frogs,TCU,TCU Horned Frogs,,1982,s:40~l:54~a:1982,ada14c38b25f6a58ea44356f80732393,Niki Newton,N. Newton,,,,NA,,true,false,true,false,
2005,250440305,2628,tcu-horned-frogs,TCU,TCU Horned Frogs,,4861,s:40~l:54~a:4861,e060b229b9382010166c2bb29a1bdfb8,Moneka Knight,M. Knight,,,,NA,,true,false,true,false,
2005,250440305,2628,tcu-horned-frogs,TCU,TCU Horned Frogs,,3850,s:40~l:54~a:3850,4af6d2ed8ae7dc99d67b6ba5ce7e6cac,Natasha Lacy,N. Lacy,,,,NA,,true,false,true,false,
2005,250440305,2628,tcu-horned-frogs,TCU,TCU Horned Frogs,,4860,s:40~l:54~a:4860,0a4bf9903bdf444afb12a8a58a3b2a18,Stephanie Thiel,S. Thiel,,,,NA,,true,true,true,false,
2005,250440305,2628,tcu-horned-frogs,TCU,TCU Horned Frogs,,1981,s:40~l:54~a:1981,cec0b14fd8d12a3f1a29d6f81ff69e5d,Sandora Irvin,S. Irvin,,,,NA,,false,false,false,false,
2005,250440305,305,depaul-blue-demons,DEP,DePaul Blue Demons,,415,s:40~l:54~a:415,aaaa2dcd83fe04b0e0e40cd0d502a6d6,Khara Smith,K. Smith,,,,NA,,true,false,true,false,
2005,250440305,305,depaul-blue-demons,DEP,DePaul Blue Demons,,4859,s:40~l:54~a:4859,8ccf9f61389ad1b5e837d73da998e9cb,Allie Quigley,A. Quigley,,,,NA,,true,false,true,false,
2005,250440305,305,depaul-blue-demons,DEP,DePaul Blue Demons,,4561,s:40~l:54~a:4561,6ebbbc3f36e376a65adaf5b2cd19682f,Jenna Rubino,J. Rubino,,,,NA,,true,false,true,false,
2005,250440305,305,depaul-blue-demons,DEP,DePaul Blue Demons,,410,s:40~l:54~a:410,f4a6cfa939fd622ba796d86d80411933,Jenni Dant,J. Dant,,,,NA,,true,false,true,false,
2005,250440305,305,depaul-blue-demons,DEP,DePaul Blue Demons,,1159,s:40~l:54~a:1159,11498603523243219adf6a937b77900c,Rachael Carney,R. Carney,,,,NA,,true,true,true,false,
2005,250440201,2306,kansas-state-wildcats,KSU,Kansas State Wildcats,,4858,s:40~l:54~a:4858,e293b6999ef239b3b516692a50a8c838,Shana Wheeler,S. Wheeler,,,,NA,,true,false,true,false,
2005,250440201,2306,kansas-state-wildcats,KSU,Kansas State Wildcats,,922,s:40~l:54~a:922,10a89279f67e2aa49054a0bc6da0c7ad,Kendra Wecker,K. Wecker,,,,NA,,true,false,true,false,
2005,250440201,2306,kansas-state-wildcats,KSU,Kansas State Wildcats,,919,s:40~l:54~a:919,cfcdc87292fab6f6e594bd028dc4e42e,Megan Mahoney,M. Mahoney,,,,NA,,true,false,true,false,
2005,250440201,2306,kansas-state-wildcats,KSU,Kansas State Wildcats,,3741,s:40~l:54~a:3741,46e0797aaec24c8866221975dbd2e51a,Claire Coggins,C. Coggins,,,,NA,,true,false,true,false,
2005,250440201,2306,kansas-state-wildcats,KSU,Kansas State Wildcats,,917,s:40~l:54~a:917,2aa62ba3b79fbdefa011cd05f12b3fa5,Laurie Koehn,L. Koehn,,,,NA,,true,false,true,false,
2005,250440201,201,oklahoma-sooners,OU,Oklahoma Sooners,,3814,s:40~l:54~a:3814,f156683781715a0d8cd075188ce2a1d8,Leah Rush,L. Rush,,,,NA,,true,false,true,false,
2005,250440201,201,oklahoma-sooners,OU,Oklahoma Sooners,,2440,s:40~l:54~a:2440,e3bf68ab5f09df85beb125602605ce51,Erin Higgins,E. Higgins,,,,NA,,true,false,true,false,
2005,250440201,201,oklahoma-sooners,OU,Oklahoma Sooners,,2439,s:40~l:54~a:2439,6e87b835aabda7395e6d6b8a377a3f1e,Laura Andrews,L. Andrews,,,,NA,,true,false,true,false,
2005,250440201,201,oklahoma-sooners,OU,Oklahoma Sooners,,1502,s:40~l:54~a:1502,c7ae6460ac883d3c5097243490e1f22c,Lauren Shoush,L. Shoush,,,,NA,,true,false,true,false,
2005,250440201,201,oklahoma-sooners,OU,Oklahoma Sooners,,1501,s:40~l:54~a:1501,0638f94790dcbde686a8b385b55bc9d2,Dionnah Jackson-Durrett,D. Jackson-Durrett,,,,NA,,true,false,true,false,
2005,250440254,167,new-mexico-lobos,UNM,New Mexico Lobos,,4868,s:40~l:54~a:4868,34cbaed7f8d137f8bf47dd477edcd24b,Dionne Marsh,D. Marsh,,,,NA,,true,false,true,false,
2005,250440254,167,new-mexico-lobos,UNM,New Mexico Lobos,,1339,s:40~l:54~a:1339,dc1f32d28d47c882764d3e46eeb8d406,Lindsey Arndt,L. Arndt,,,,NA,,true,false,true,false,
2005,250440254,167,new-mexico-lobos,UNM,New Mexico Lobos,,3789,s:40~l:54~a:3789,de98591ed6aa9ebd243d832c63df88fc,Katie Montgomery,K. Montgomery,,,,NA,,true,false,true,false,
2005,250440254,167,new-mexico-lobos,UNM,New Mexico Lobos,,2398,s:40~l:54~a:2398,7efb0fb43ebe1cd69a3f3dadbff873ce,Abbie Letz,A. Letz,,,,NA,,true,false,true,false,
2005,250440254,167,new-mexico-lobos,UNM,New Mexico Lobos,,1342,s:40~l:54~a:1342,18a7e1ea1da02af9ffca59a339587dd5,Mandi Moore,M. Moore,,,,NA,,true,false,true,false,
2005,250440254,254,utah-utes,UTAH,Utah Utes,,4870,s:40~l:54~a:4870,d132564a5ca43d7681cbcb99c7a9c1e2,Deanne Hanchett,D. Hanchett,,,,NA,,true,false,true,false,
2005,250440254,254,utah-utes,UTAH,Utah Utes,,4869,s:40~l:54~a:4869,e34f0450d7274a1862c1596b6227292f,Jessica Perry,J. Perry,,,,NA,,true,false,true,false,
2005,250440254,254,utah-utes,UTAH,Utah Utes,,2458,s:40~l:54~a:2458,69e935b7072e05159ddbf9187b4513a5,Kim Smith,K. Smith,,,,NA,,true,false,true,false,
2005,250440254,254,utah-utes,UTAH,Utah Utes,,2153,s:40~l:54~a:2153,3ce48c2eccb31c0c264095249b561920,Shona Thorburn,S. Thorburn,,,,NA,,true,false,true,false,
2005,250440254,254,utah-utes,UTAH,Utah Utes,,2151,s:40~l:54~a:2151,dbab9e310b1018eb4e542c0affd9e0d0,Lana Sitterud,L. Sitterud,,,,NA,,true,false,true,false,
2005,250460103,87,notre-dame-fighting-irish,ND,Notre Dame Fighting Irish,,1467,s:40~l:54~a:1467,ce958eede8b5bb7ea88cdd6af764b501,Teresa Borton,T. Borton,,,,NA,,true,false,true,false,
2005,250460103,87,notre-dame-fighting-irish,ND,Notre Dame Fighting Irish,,3784,s:40~l:54~a:3784,9c4232f3d4bbb62d1c9982dc3acf989f,Crystal Erwin,C. Erwin,,,,NA,,true,false,true,false,
2005,250460103,87,notre-dame-fighting-irish,ND,Notre Dame Fighting Irish,,1466,s:40~l:54~a:1466,aa6e5c8fd5176ab9be73b4069b6f2a24,Jacqueline Batteast,J. Batteast,,,,NA,,true,false,true,false,
2005,250460103,87,notre-dame-fighting-irish,ND,Notre Dame Fighting Irish,,3783,s:40~l:54~a:3783,bb74cc9ce5a60d8e7cfcaa19604e2422,Breona Gray,B. Gray,,,,NA,,true,false,true,false,
2005,250460103,87,notre-dame-fighting-irish,ND,Notre Dame Fighting Irish,,2437,s:40~l:54~a:2437,409fab7b1c67274f3ff8f070f97034e8,Megan Duffy,M. Duffy,,,,NA,,true,false,true,false,
2005,250460103,103,boston-college-eagles,BC,Boston College Eagles,,3761,s:40~l:54~a:3761,5d645fde10bd56f1e4864c6ccdee3da2,Kathrin Ress,K. Ress,,,,NA,,true,false,true,false,
2005,250460103,103,boston-college-eagles,BC,Boston College Eagles,,2490,s:40~l:54~a:2490,e58a3cc8f750dc4f18406890db088d35,Brooke Queenan,B. Queenan,,,,NA,,true,false,true,false,
2005,250460103,103,boston-college-eagles,BC,Boston College Eagles,,3763,s:40~l:54~a:3763,5486238895817dd7a5b4a01cf401ff4c,Sarah Marshall,S. Marshall,,,,NA,,true,false,true,false,
2005,250460103,103,boston-college-eagles,BC,Boston College Eagles,,2489,s:40~l:54~a:2489,949331de18702b48610ccdffc79e9a5f,Aja Parham,A. Parham,,,,NA,,true,false,true,false,
2005,250460103,103,boston-college-eagles,BC,Boston College Eagles,,133,s:40~l:54~a:133,5205316781f5a92c7a3154b708eb1e6e,Clare Droesch,C. Droesch,,,,NA,,true,false,true,false,
2005,250470046,41,uconn-huskies,CONN,UConn Huskies,,316,s:40~l:54~a:316,f03637f1aa75018b058ff84817277c21,Jessica Moore,J. Moore,,,,NA,,true,true,true,false,
2005,250470046,41,uconn-huskies,CONN,UConn Huskies,,4824,s:40~l:54~a:4824,e2c459bbd0318cae4e7d1128e5f2b79b,Charde Houston,C. Houston,,,,NA,,true,true,true,false,
2005,250470046,41,uconn-huskies,CONN,UConn Huskies,,312,s:40~l:54~a:312,145dc17f4b337598a04951abb22759d8,Ashley Battle,A. Battle,,,,NA,,true,true,true,false,
2005,250470046,41,uconn-huskies,CONN,UConn Huskies,,2637,s:40~l:54~a:2637,131163c0c1e979b8607484d92145c5e3,Ann Strother,A. Strother,,,,NA,,true,true,true,false,
2005,250470046,41,uconn-huskies,CONN,UConn Huskies,,311,s:40~l:54~a:311,6aeeb2f0fab7e503978f4b0052b4cbf7,Ashley Valley,A. Valley,,,,NA,,true,true,true,false,
2005,250470046,46,georgetown-hoyas,GTWN,Georgetown Hoyas,,4879,s:40~l:54~a:4879,0930e4b5df25be4dc6e94724e61a136d,Kieraah Marlow,K. Marlow,,,,NA,,true,true,true,false,
2005,250470046,46,georgetown-hoyas,GTWN,Georgetown Hoyas,,673,s:40~l:54~a:673,c5ddcdf24e6eb48f75adf195e33362a4,Varda Tamoulianis,V. Tamoulianis,,,,NA,,true,true,true,false,
2005,250470046,46,georgetown-hoyas,GTWN,Georgetown Hoyas,,4880,s:40~l:54~a:4880,719e327ffa6862e5209c7817dd2c1955,Kristin Heidloff,K. Heidloff,,,,NA,,true,true,true,false,
2005,250470046,46,georgetown-hoyas,GTWN,Georgetown Hoyas,,4726,s:40~l:54~a:4726,2e135de945219e6c06ef0b9f4a482010,Kate Carlin,K. Carlin,,,,NA,,true,true,true,false,
2005,250470046,46,georgetown-hoyas,GTWN,Georgetown Hoyas,,2202,s:40~l:54~a:2202,01789456d3f78f309ba43d49609e02ab,Bethany Lesueur,B. Lesueur,,,,NA,,true,true,true,false,
2005,250480099,96,kentucky-wildcats,UK,Kentucky Wildcats,,2482,s:40~l:54~a:2482,414be5a82189b5700a42ef9453e3df1f,Jennifer Humphrey,J. Humphrey,,,,NA,,true,false,true,false,
2005,250480099,96,kentucky-wildcats,UK,Kentucky Wildcats,,935,s:40~l:54~a:935,1214b81846ba8cda24375c0436c8ab7b,Sara Potts,S. Potts,,,,NA,,true,false,true,false,
2005,250480099,96,kentucky-wildcats,UK,Kentucky Wildcats,,4883,s:40~l:54~a:4883,d604d498da68ebc20155700bfa5ee1c6,Samantha Mahoney,S. Mahoney,,,,NA,,true,false,true,false,
2005,250480099,96,kentucky-wildcats,UK,Kentucky Wildcats,,4882,s:40~l:54~a:4882,6fa9101c9aa30d4ecdd9ed885501cb7e,Chante Bowman,C. Bowman,,,,NA,,true,false,true,false,
2005,250480099,96,kentucky-wildcats,UK,Kentucky Wildcats,,3864,s:40~l:54~a:3864,988ade6c91fcc669a2dc719b66089d11,Angela Phillips,A. Phillips,,,,NA,,true,false,true,false,
2005,250480099,99,lsu-tigers,LSU,LSU Tigers,,1043,s:40~l:54~a:1043,431b3570ffc5722cb1fb6828863687e9,Tillie Willis,T. Willis,,,,NA,,true,false,true,false,
2005,250480099,99,lsu-tigers,LSU,LSU Tigers,,1042,s:40~l:54~a:1042,7975c2d74746b291db1778dab57902cf,Wendlyn Jones,W. Jones,,,,NA,,true,false,true,false,
2005,250480099,99,lsu-tigers,LSU,LSU Tigers,,3715,s:40~l:54~a:3715,e6a46d07dfc2f2055ba24fc51716a427,Scholanda Hoston,S. Hoston,,,,NA,,true,false,true,false,
2005,250480099,99,lsu-tigers,LSU,LSU Tigers,,2635,s:40~l:54~a:2635,3a7f24f2f739ca385df1c548e6def432,Seimone Augustus,S. Augustus,,,,NA,,true,false,true,false,
2005,250480099,99,lsu-tigers,LSU,LSU Tigers,,1041,s:40~l:54~a:1041,b5915a3ecaf9a7f982f75114aefe4cd6,Temeka Johnson,T. Johnson,,,,NA,,true,false,true,false,
2005,250480194,135,minnesota-golden-gophers,MINN,Minnesota Golden Gophers,,1181,s:40~l:54~a:1181,9ce668b48cba7733bf93d927b1a2a1ff,Janel McCarville,J. McCarville,,,,NA,,true,false,true,false,
2005,250480194,135,minnesota-golden-gophers,MINN,Minnesota Golden Gophers,,3751,s:40~l:54~a:3751,144aeb5e430d8e894d9b9e008fe31657,Jaime Broback,J. Broback,,,,NA,,true,false,true,false,
2005,250480194,135,minnesota-golden-gophers,MINN,Minnesota Golden Gophers,,2656,s:40~l:54~a:2656,c554c85841bc8ee7aa542ce388bf3f9c,Shannon Bolden,S. Bolden,,,,NA,,true,false,true,false,
2005,250480194,135,minnesota-golden-gophers,MINN,Minnesota Golden Gophers,,2655,s:40~l:54~a:2655,0aa092835f3627b3cdc40a286d4d46e8,Shannon Schonrock,S. Schonrock,,,,NA,,true,false,true,false,
2005,250480194,135,minnesota-golden-gophers,MINN,Minnesota Golden Gophers,,888,s:40~l:54~a:888,c179eec54d49961939fafcfcbe03cfcf,April Calhoun,A. Calhoun,,,,NA,,true,false,true,false,
2005,250480194,194,ohio-state-buckeyes,OSU,Ohio State Buckeyes,,3831,s:40~l:54~a:3831,d7d474a42d3ed0200925eaf98d64417d,Jessica Davenport,J. Davenport,,,,NA,,true,false,true,false,
2005,250480194,194,ohio-state-buckeyes,OSU,Ohio State Buckeyes,,3832,s:40~l:54~a:3832,ddbb08b1091600e90876b180379492c0,Stephanie Blanton,S. Blanton,,,,NA,,true,false,true,false,
2005,250480194,194,ohio-state-buckeyes,OSU,Ohio State Buckeyes,,3833,s:40~l:54~a:3833,dc2ef3677a22bd7cc11af6c11b005875,Brandie Hoskins,B. Hoskins,,,,NA,,true,false,true,false,
2005,250480194,194,ohio-state-buckeyes,OSU,Ohio State Buckeyes,,1497,s:40~l:54~a:1497,351389757b84021dba06e9d25eba346a,Caity Matter,C. Matter,,,,NA,,true,false,true,false,
2005,250480194,194,ohio-state-buckeyes,OSU,Ohio State Buckeyes,,1493,s:40~l:54~a:1493,4046c1dfdbd76f3b66c26e5d9340885a,Ashley Allen,A. Allen,,,,NA,,true,false,true,false,
2005,250482633,2579,south-carolina-gamecocks,SC,South Carolina Gamecocks,,4881,s:40~l:54~a:4881,cd7774f6faa274dee603590c5a5ca7e8,Ilona Burgrova,I. Burgrova,,,,NA,,true,false,true,false,
2005,250482633,2579,south-carolina-gamecocks,SC,South Carolina Gamecocks,,3770,s:40~l:54~a:3770,e484432a8356a8ee6a5ca3a42b8bb73b,Iva Sliskovic,I. Sliskovic,,,,NA,,true,false,true,false,
2005,250482633,2579,south-carolina-gamecocks,SC,South Carolina Gamecocks,,3769,s:40~l:54~a:3769,9bc8b2fac805e90a61e8533aa11c6248,Lauren Simms,L. Simms,,,,NA,,true,false,true,false,
2005,250482633,2579,south-carolina-gamecocks,SC,South Carolina Gamecocks,,3765,s:40~l:54~a:3765,dbe8b7f5e7a7a4f539adb8c9acab0325,Lea Fabbri,L. Fabbri,,,,NA,,true,false,true,false,
2005,250482633,2579,south-carolina-gamecocks,SC,South Carolina Gamecocks,,3764,s:40~l:54~a:3764,4d166b664c10ab4699f971c86a0e996a,Stacy Booker,S. Booker,,,,NA,,true,false,true,false,
2005,250482633,2633,tennessee-lady-volunteers,TENN,Tennessee Lady Volunteers,,4839,s:40~l:54~a:4839,eb2e5d775349b53cc2cd1cff1d06fe67,Nicky Anosike,N. Anosike,,,,NA,,true,false,true,false,
2005,250482633,2633,tennessee-lady-volunteers,TENN,Tennessee Lady Volunteers,,2632,s:40~l:54~a:2632,d54dd215e222e4239903f408b6257423,Tyesha Fluker,T. Fluker,,,,NA,,true,false,true,false,
2005,250482633,2633,tennessee-lady-volunteers,TENN,Tennessee Lady Volunteers,,4840,s:40~l:54~a:4840,13ff2da95b8fccf88eff7098fb77f4e5,Alexis Hornbuckle,A. Hornbuckle,,,,NA,,true,false,true,false,
2005,250482633,2633,tennessee-lady-volunteers,TENN,Tennessee Lady Volunteers,,2633,s:40~l:54~a:2633,c2ee79eb6ce4e1f61b40f49f0404c074,Shanna Zolman,S. Zolman,,,,NA,,true,false,true,false,
2005,250482633,2633,tennessee-lady-volunteers,TENN,Tennessee Lady Volunteers,,2006,s:40~l:54~a:2006,9688c8c5fe087c9c2c3a61ad6af5122c,Loree Moore,L. Moore,,,,NA,,true,false,true,false,
2005,250500041,183,syracuse-orange,SYR,Syracuse Orange,,4888,s:40~l:54~a:4888,46004a1c189ff33c04dd64df70c8dc22,Vaida Sipaviciute,V. Sipaviciute,,,,NA,,true,false,true,false,
2005,250500041,183,syracuse-orange,SYR,Syracuse Orange,,1973,s:40~l:54~a:1973,5ac424e527f50088aafd17bfd4cddba9,Chineze Nwagbo,C. Nwagbo,,,,NA,,true,false,true,false,
2005,250500041,183,syracuse-orange,SYR,Syracuse Orange,,4890,s:40~l:54~a:4890,b363a5ea89bbef7105f34aced74a0afb,Jessica Richter,J. Richter,,,,NA,,true,false,true,false,
2005,250500041,183,syracuse-orange,SYR,Syracuse Orange,,4889,s:40~l:54~a:4889,0903ae7ff5e2d7505ba26ab08c26ff64,Mary Joe Riley,M. Riley,,,,NA,,true,false,true,false,
2005,250500041,183,syracuse-orange,SYR,Syracuse Orange,,1969,s:40~l:54~a:1969,d5db2f1c4b89d2d543bc61680b49bd33,Rochelle Coleman,R. Coleman,,,,NA,,true,false,true,false,
2005,250500041,41,uconn-huskies,CONN,UConn Huskies,,316,s:40~l:54~a:316,f03637f1aa75018b058ff84817277c21,Jessica Moore,J. Moore,,,,NA,,true,false,true,false,
2005,250500041,41,uconn-huskies,CONN,UConn Huskies,,4824,s:40~l:54~a:4824,e2c459bbd0318cae4e7d1128e5f2b79b,Charde Houston,C. Houston,,,,NA,,true,false,true,false,
2005,250500041,41,uconn-huskies,CONN,UConn Huskies,,2637,s:40~l:54~a:2637,131163c0c1e979b8607484d92145c5e3,Ann Strother,A. Strother,,,,NA,,true,false,true,false,
2005,250500041,41,uconn-huskies,CONN,UConn Huskies,,312,s:40~l:54~a:312,145dc17f4b337598a04951abb22759d8,Ashley Battle,A. Battle,,,,NA,,true,false,true,false,
2005,250500041,41,uconn-huskies,CONN,UConn Huskies,,311,s:40~l:54~a:311,6aeeb2f0fab7e503978f4b0052b4cbf7,Ashley Valley,A. Valley,,,,NA,,true,false,true,false,
2005,250510127,194,ohio-state-buckeyes,OSU,Ohio State Buckeyes,,3831,s:40~l:54~a:3831,d7d474a42d3ed0200925eaf98d64417d,Jessica Davenport,J. Davenport,,,,NA,,true,false,true,false,
2005,250510127,194,ohio-state-buckeyes,OSU,Ohio State Buckeyes,,2007,s:40~l:54~a:2007,f15ed24db25b7b39cceb30429c2cb63b,Michelle Munoz,M. Munoz,,,,NA,,true,false,true,false,
2005,250510127,194,ohio-state-buckeyes,OSU,Ohio State Buckeyes,,3833,s:40~l:54~a:3833,dc2ef3677a22bd7cc11af6c11b005875,Brandie Hoskins,B. Hoskins,,,,NA,,true,false,true,false,
2005,250510127,194,ohio-state-buckeyes,OSU,Ohio State Buckeyes,,1497,s:40~l:54~a:1497,351389757b84021dba06e9d25eba346a,Caity Matter,C. Matter,,,,NA,,true,false,true,false,
2005,250510127,194,ohio-state-buckeyes,OSU,Ohio State Buckeyes,,1493,s:40~l:54~a:1493,4046c1dfdbd76f3b66c26e5d9340885a,Ashley Allen,A. Allen,,,,NA,,true,false,true,false,
2005,250510127,127,michigan-state-spartans,MSU,Michigan State Spartans,,1171,s:40~l:54~a:1171,39ba64725808edf7671547c2acde32e8,Kelli Roehrig,K. Roehrig,,,,NA,,true,false,true,false,
2005,250510127,127,michigan-state-spartans,MSU,Michigan State Spartans,,3299,s:40~l:54~a:3299,a159c264237959ed9847622dd9d84765,Liz Shimek,L. Shimek,,,,NA,,true,false,true,false,
2005,250510127,127,michigan-state-spartans,MSU,Michigan State Spartans,,4086,s:40~l:54~a:4086,13b8bb5a81dd1e8cbd8cebcef9ff82ee,Victoria Lucas-Perry,V. Lucas-Perry,,,,NA,,true,false,true,false,
2005,250510127,127,michigan-state-spartans,MSU,Michigan State Spartans,,3295,s:40~l:54~a:3295,10067a6e48be3f41d86fac21fdc8d093,Lindsay Bowen,L. Bowen,,,,NA,,true,false,true,false,
2005,250510127,127,michigan-state-spartans,MSU,Michigan State Spartans,,1167,s:40~l:54~a:1167,6093adec7d0ea61542174c49e29b83e2,Kristin Haynie,K. Haynie,,,,NA,,true,false,true,false,
2005,250510059,150,duke-blue-devils,DUKE,Duke Blue Devils,,2475,s:40~l:54~a:2475,34971f2dbdb57e31e6939fa80c4422c8,Mistie McCray Bass,M. Bass,,,,NA,,true,false,true,false,
2005,250510059,150,duke-blue-devils,DUKE,Duke Blue Devils,,3713,s:40~l:54~a:3713,b76d2b4b4670ae3d28b747c9af9e2a69,Alison Bales,A. Bales,,,,NA,,true,false,true,false,
2005,250510059,150,duke-blue-devils,DUKE,Duke Blue Devils,,4819,s:40~l:54~a:4819,d0c9e7e583ec078c3c2f19b1a3393528,Wanisha Smith,W. Smith,,,,NA,,true,false,true,false,
2005,250510059,150,duke-blue-devils,DUKE,Duke Blue Devils,,2631,s:40~l:54~a:2631,5c69d509caacd6a21f5ccd5dd87ec5ad,Jessica Foley,J. Foley,,,,NA,,true,false,true,false,
2005,250510059,150,duke-blue-devils,DUKE,Duke Blue Devils,,438,s:40~l:54~a:438,c7e26c3620f06c9196f3fe534452d4f6,Monique Currie,M. Currie,,,,NA,,true,false,true,false,
2005,250510059,59,georgia-tech-yellow-jackets,GT,Georgia Tech Yellow Jackets,,4892,s:40~l:54~a:4892,ae3a94d8cb0b87c3051456202aab076a,Janie Mitchell,J. Mitchell,,,,NA,,true,false,true,false,
2005,250510059,59,georgia-tech-yellow-jackets,GT,Georgia Tech Yellow Jackets,,2522,s:40~l:54~a:2522,75b8982acba72bdf3228b5927166d050,Jessica Williams,J. Williams,,,,NA,,true,false,true,false,
2005,250510059,59,georgia-tech-yellow-jackets,GT,Georgia Tech Yellow Jackets,,4894,s:40~l:54~a:4894,6f441a4e1a9f5a40a0b75ae3fa7c184e,Jill Ingram,J. Ingram,,,,NA,,true,false,true,false,
2005,250510059,59,georgia-tech-yellow-jackets,GT,Georgia Tech Yellow Jackets,,4893,s:40~l:54~a:4893,99bcc6497fce7a1f3554ab1d2aa4e9ee,Chioma Nnamaka,C. Nnamaka,,,,NA,,true,false,true,false,
2005,250510059,59,georgia-tech-yellow-jackets,GT,Georgia Tech Yellow Jackets,,3786,s:40~l:54~a:3786,7a89bf1dcec63d882c1ceb575fddcbec,Stephanie Higgs,S. Higgs,,,,NA,,true,false,true,false,
2005,250510026,24,stanford-cardinal,STAN,Stanford Cardinal,,3914,s:40~l:54~a:3914,99d7b78d61842789d6a85541e6296cf7,Brooke Smith,B. Smith,,,,NA,,true,false,true,false,
2005,250510026,24,stanford-cardinal,STAN,Stanford Cardinal,,1936,s:40~l:54~a:1936,9ea81c594ceaaf3d61263ae6312ce054,T'Nae Thiel,T. Thiel,,,,NA,,true,false,true,false,
2005,250510026,24,stanford-cardinal,STAN,Stanford Cardinal,,4896,s:40~l:54~a:4896,6807e88b6640acf90ebceceba90d5ff5,Candice Wiggins,C. Wiggins,,,,NA,,true,false,true,false,
2005,250510026,24,stanford-cardinal,STAN,Stanford Cardinal,,1935,s:40~l:54~a:1935,ded510dec5fbb6ba7951fefa651e0c54,Kelley Suminski,K. Suminski,,,,NA,,true,false,true,false,
2005,250510026,24,stanford-cardinal,STAN,Stanford Cardinal,,1932,s:40~l:54~a:1932,8a6026068650bfc91726b8896e33ec39,Susan Borchardt,S. Borchardt,,,,NA,,true,false,true,false,
2005,250510026,26,ucla-bruins,UCLA,UCLA Bruins,,4897,s:40~l:54~a:4897,c65140ba6355155cec3a4cec4e6c77ca,Lindsey Pluimer,L. Pluimer,,,,NA,,true,false,true,false,
2005,250510026,26,ucla-bruins,UCLA,UCLA Bruins,,4102,s:40~l:54~a:4102,154c9df1816931e0ff3f374b2899226f,Amanda Livingston,A. Livingston,,,,NA,,true,false,true,false,
2005,250510026,26,ucla-bruins,UCLA,UCLA Bruins,,4898,s:40~l:54~a:4898,14814d40d26d830404b25e6599182530,Lauren Pedersen,L. Pedersen,,,,NA,,true,false,true,false,
2005,250510026,26,ucla-bruins,UCLA,UCLA Bruins,,3159,s:40~l:54~a:3159,5a598c9488f78d0fcbff943e39b6fd8f,Nikki Blue,N. Blue,,,,NA,,true,false,true,false,
2005,250510026,26,ucla-bruins,UCLA,UCLA Bruins,,2397,s:40~l:54~a:2397,a538e48727307294d4007760fb665f1b,Lisa Willis,L. Willis,,,,NA,,true,false,true,false,
2005,250510153,152,nc-state-wolfpack,NCST,NC State Wolfpack,,4905,s:40~l:54~a:4905,6299100de8a1a9ccc750085c62e2bf99,Tiffany Stansbury,T. Stansbury,,,,NA,,true,false,true,false,
2005,250510153,152,nc-state-wolfpack,NCST,NC State Wolfpack,,4026,s:40~l:54~a:4026,cb65559cecd3ac55a2675e983a86006b,Marquetta Dickens,M. Dickens,,,,NA,,true,false,true,false,
2005,250510153,152,nc-state-wolfpack,NCST,NC State Wolfpack,,4023,s:40~l:54~a:4023,2b71963df1810bdc9113f48a48628dd0,Ashley Key,A. Key,,,,NA,,true,false,true,false,
2005,250510153,152,nc-state-wolfpack,NCST,NC State Wolfpack,,2818,s:40~l:54~a:2818,c0e8fdcd15f451c37f9707fb00cc823f,Billie McDowell,B. McDowell,,,,NA,,true,false,true,false,
2005,250510153,152,nc-state-wolfpack,NCST,NC State Wolfpack,,1387,s:40~l:54~a:1387,06da8913c4169baea8e03bc4f0f8b8fa,Kendra Bell,K. Bell,,,,NA,,true,false,true,false,
2005,250510153,153,north-carolina-tar-heels,UNC,North Carolina Tar Heels,,4820,s:40~l:54~a:4820,0de0ab274d44bdd6a591d5ef9dfbcb07,Erlana Larkins,E. Larkins,,,,NA,,true,false,true,false,
2005,250510153,153,north-carolina-tar-heels,UNC,North Carolina Tar Heels,,3754,s:40~l:54~a:3754,8ba41f63ad491766dd837fe6ccb34b98,Camille Little,C. Little,,,,NA,,true,false,true,false,
2005,250510153,153,north-carolina-tar-heels,UNC,North Carolina Tar Heels,,3755,s:40~l:54~a:3755,dfe2d840ee1f027b9d928e7dcd35a0cd,Ivory Latta,I. Latta,,,,NA,,true,false,true,false,
2005,250510153,153,north-carolina-tar-heels,UNC,North Carolina Tar Heels,,2647,s:40~l:54~a:2647,78fba069babc60e597c4b87df0c6edee,La'Tangela Atkinson,L. Atkinson,,,,NA,,true,false,true,false,
2005,250510153,153,north-carolina-tar-heels,UNC,North Carolina Tar Heels,,1397,s:40~l:54~a:1397,226e8cb7c3fd13418710ef15a214eaf2,Nikita Bell,N. Bell,,,,NA,,true,false,true,false,
2005,250530041,221,pittsburgh-panthers,PITT,Pittsburgh Panthers,,4907,s:40~l:54~a:4907,1d90da3eec921f3edb48072765aeda09,Vika Sholokhova,V. Sholokhova,,,,NA,,true,false,true,false,
2005,250530041,221,pittsburgh-panthers,PITT,Pittsburgh Panthers,,4825,s:40~l:54~a:4825,1334c4c177b71f043d54ada56e62b115,Marcedes Walker,M. Walker,,,,NA,,true,false,true,false,
2005,250530041,221,pittsburgh-panthers,PITT,Pittsburgh Panthers,,4483,s:40~l:54~a:4483,896d1cc3818242ac222073780111e11a,Jennifer Brown,J. Brown,,,,NA,,true,false,true,false,
2005,250530041,221,pittsburgh-panthers,PITT,Pittsburgh Panthers,,4908,s:40~l:54~a:4908,0f193b96e872ff7d8fc38f13aa0ee7a9,Shavonte Zellous,S. Zellous,,,1  ,G,,true,true,true,false,
2005,250530041,221,pittsburgh-panthers,PITT,Pittsburgh Panthers,,3252,s:40~l:54~a:3252,b29cbb8ad3429b462d19152e18f7a62d,Bridget Larkin,B. Larkin,,,,NA,,true,true,true,false,
2005,250530041,41,uconn-huskies,CONN,UConn Huskies,,316,s:40~l:54~a:316,f03637f1aa75018b058ff84817277c21,Jessica Moore,J. Moore,,,,NA,,true,false,true,false,
2005,250530041,41,uconn-huskies,CONN,UConn Huskies,,2637,s:40~l:54~a:2637,131163c0c1e979b8607484d92145c5e3,Ann Strother,A. Strother,,,,NA,,true,false,true,false,
2005,250530041,41,uconn-huskies,CONN,UConn Huskies,,312,s:40~l:54~a:312,145dc17f4b337598a04951abb22759d8,Ashley Battle,A. Battle,,,,NA,,true,false,true,false,
2005,250530041,41,uconn-huskies,CONN,UConn Huskies,,315,s:40~l:54~a:315,e3c220e5f3ccb1a2c2a39d34eacccb16,Stacey Marron,S. Marron,,,,NA,,true,false,true,false,
2005,250530041,41,uconn-huskies,CONN,UConn Huskies,,311,s:40~l:54~a:311,6aeeb2f0fab7e503978f4b0052b4cbf7,Ashley Valley,A. Valley,,,,NA,,true,false,true,false,
2005,250570103,41,uconn-huskies,CONN,UConn Huskies,,316,s:40~l:54~a:316,f03637f1aa75018b058ff84817277c21,Jessica Moore,J. Moore,,,,NA,,true,false,true,false,
2005,250570103,41,uconn-huskies,CONN,UConn Huskies,,4824,s:40~l:54~a:4824,e2c459bbd0318cae4e7d1128e5f2b79b,Charde Houston,C. Houston,,,,NA,,true,false,true,false,
2005,250570103,41,uconn-huskies,CONN,UConn Huskies,,2637,s:40~l:54~a:2637,131163c0c1e979b8607484d92145c5e3,Ann Strother,A. Strother,,,,NA,,true,false,true,false,
2005,250570103,41,uconn-huskies,CONN,UConn Huskies,,2410,s:40~l:54~a:2410,56efb2414f093ff317ca52a41a8e8b7f,Nicole Wolff,N. Wolff,,,,NA,,true,false,true,false,
2005,250570103,41,uconn-huskies,CONN,UConn Huskies,,311,s:40~l:54~a:311,6aeeb2f0fab7e503978f4b0052b4cbf7,Ashley Valley,A. Valley,,,,NA,,true,false,true,false,
2005,250570103,103,boston-college-eagles,BC,Boston College Eagles,,3761,s:40~l:54~a:3761,5d645fde10bd56f1e4864c6ccdee3da2,Kathrin Ress,K. Ress,,,,NA,,true,false,true,false,
2005,250570103,103,boston-college-eagles,BC,Boston College Eagles,,2490,s:40~l:54~a:2490,e58a3cc8f750dc4f18406890db088d35,Brooke Queenan,B. Queenan,,,,NA,,true,false,true,false,
2005,250570103,103,boston-college-eagles,BC,Boston College Eagles,,3763,s:40~l:54~a:3763,5486238895817dd7a5b4a01cf401ff4c,Sarah Marshall,S. Marshall,,,,NA,,true,false,true,false,
2005,250570103,103,boston-college-eagles,BC,Boston College Eagles,,2489,s:40~l:54~a:2489,949331de18702b48610ccdffc79e9a5f,Aja Parham,A. Parham,,,,NA,,true,false,true,false,
2005,250570103,103,boston-college-eagles,BC,Boston College Eagles,,133,s:40~l:54~a:133,5205316781f5a92c7a3154b708eb1e6e,Clare Droesch,C. Droesch,,,,NA,,true,false,true,false,
2005,250580099,57,florida-gators,FLA,Florida Gators,,3868,s:40~l:54~a:3868,86d52acaaf36fafaf6304ea4eea8c4ed,Natashia Morehead,N. Morehead,,,,NA,,true,false,true,false,
2005,250580099,57,florida-gators,FLA,Florida Gators,,2386,s:40~l:54~a:2386,256e94f43885914a14912396d2188a24,Dalila Eshe,D. Eshe,,,,NA,,true,false,true,false,
2005,250580099,57,florida-gators,FLA,Florida Gators,,2385,s:40~l:54~a:2385,f4d9a57bd58c3e26c78bb120aadc8c00,Brittany Davis,B. Davis,,,,NA,,true,false,true,false,
2005,250580099,57,florida-gators,FLA,Florida Gators,,543,s:40~l:54~a:543,85f9a297ce1156c7b853d8b03bd568db,Tamia Williams,T. Williams,,,,NA,,true,false,true,false,
2005,250580099,57,florida-gators,FLA,Florida Gators,,538,s:40~l:54~a:538,95be55b46b5ad53d2be13f5e2241e2f6,Tishona Gregory,T. Gregory,,,,NA,,true,false,true,false,
2005,250580099,99,lsu-tigers,LSU,LSU Tigers,,1043,s:40~l:54~a:1043,431b3570ffc5722cb1fb6828863687e9,Tillie Willis,T. Willis,,,,NA,,true,false,true,false,
2005,250580099,99,lsu-tigers,LSU,LSU Tigers,,1042,s:40~l:54~a:1042,7975c2d74746b291db1778dab57902cf,Wendlyn Jones,W. Jones,,,,NA,,true,false,true,false,
2005,250580099,99,lsu-tigers,LSU,LSU Tigers,,3715,s:40~l:54~a:3715,e6a46d07dfc2f2055ba24fc51716a427,Scholanda Hoston,S. Hoston,,,,NA,,true,false,true,false,
2005,250580099,99,lsu-tigers,LSU,LSU Tigers,,2635,s:40~l:54~a:2635,3a7f24f2f739ca385df1c548e6def432,Seimone Augustus,S. Augustus,,,,NA,,true,false,true,false,
2005,250580099,99,lsu-tigers,LSU,LSU Tigers,,1041,s:40~l:54~a:1041,b5915a3ecaf9a7f982f75114aefe4cd6,Temeka Johnson,T. Johnson,,,,NA,,true,false,true,false,
2005,250580150,153,north-carolina-tar-heels,UNC,North Carolina Tar Heels,,4820,s:40~l:54~a:4820,0de0ab274d44bdd6a591d5ef9dfbcb07,Erlana Larkins,E. Larkins,,,,NA,,true,false,true,false,
2005,250580150,153,north-carolina-tar-heels,UNC,North Carolina Tar Heels,,1397,s:40~l:54~a:1397,226e8cb7c3fd13418710ef15a214eaf2,Nikita Bell,N. Bell,,,,NA,,true,false,true,false,
2005,250580150,153,north-carolina-tar-heels,UNC,North Carolina Tar Heels,,3755,s:40~l:54~a:3755,dfe2d840ee1f027b9d928e7dcd35a0cd,Ivory Latta,I. Latta,,,,NA,,true,false,true,false,
2005,250580150,153,north-carolina-tar-heels,UNC,North Carolina Tar Heels,,3754,s:40~l:54~a:3754,8ba41f63ad491766dd837fe6ccb34b98,Camille Little,C. Little,,,,NA,,true,false,true,false,
2005,250580150,153,north-carolina-tar-heels,UNC,North Carolina Tar Heels,,2647,s:40~l:54~a:2647,78fba069babc60e597c4b87df0c6edee,La'Tangela Atkinson,L. Atkinson,,,,NA,,true,false,true,false,
2005,250580150,150,duke-blue-devils,DUKE,Duke Blue Devils,,3713,s:40~l:54~a:3713,b76d2b4b4670ae3d28b747c9af9e2a69,Alison Bales,A. Bales,,,,NA,,true,false,true,false,
2005,250580150,150,duke-blue-devils,DUKE,Duke Blue Devils,,2475,s:40~l:54~a:2475,34971f2dbdb57e31e6939fa80c4422c8,Mistie McCray Bass,M. Bass,,,,NA,,true,false,true,false,
2005,250580150,150,duke-blue-devils,DUKE,Duke Blue Devils,,438,s:40~l:54~a:438,c7e26c3620f06c9196f3fe534452d4f6,Monique Currie,M. Currie,,,,NA,,true,false,true,false,
2005,250580150,150,duke-blue-devils,DUKE,Duke Blue Devils,,4819,s:40~l:54~a:4819,d0c9e7e583ec078c3c2f19b1a3393528,Wanisha Smith,W. Smith,,,,NA,,true,false,true,false,
2005,250580150,150,duke-blue-devils,DUKE,Duke Blue Devils,,2631,s:40~l:54~a:2631,5c69d509caacd6a21f5ccd5dd87ec5ad,Jessica Foley,J. Foley,,,,NA,,true,false,true,false,
2005,250580061,238,vanderbilt-commodores,VAN,Vanderbilt Commodores,,3776,s:40~l:54~a:3776,20a3cf56ca4c4a4e1704b19976f87669,Carla Thomas,C. Thomas,,,,NA,,true,false,true,false,
2005,250580061,238,vanderbilt-commodores,VAN,Vanderbilt Commodores,,2172,s:40~l:54~a:2172,c1574a089b1da6559d8631765421b3b7,Ashley Earley,A. Earley,,,,NA,,true,false,true,false,
2005,250580061,238,vanderbilt-commodores,VAN,Vanderbilt Commodores,,3778,s:40~l:54~a:3778,e3312e11d01fddfa4043843053d5f4a3,Dee Davis,D. Davis,,,,NA,,true,false,true,false,
2005,250580061,238,vanderbilt-commodores,VAN,Vanderbilt Commodores,,3775,s:40~l:54~a:3775,30c7799ec3ad7a48f2adc5317b6eca98,Caroline Williams,C. Williams,,,,NA,,true,false,true,false,
2005,250580061,238,vanderbilt-commodores,VAN,Vanderbilt Commodores,,2177,s:40~l:54~a:2177,d174132d9aef7c125588d9d1209bc223,Abi Ramsey,A. Ramsey,,,,NA,,true,false,true,false,
2005,250580061,61,georgia-lady-bulldogs,UGA,Georgia Lady Bulldogs,,4838,s:40~l:54~a:4838,c9ab97ae3e9dbd3aa411f43020376140,Tasha Humphrey,T. Humphrey,,,,NA,,true,false,true,false,
2005,250580061,61,georgia-lady-bulldogs,UGA,Georgia Lady Bulldogs,,3743,s:40~l:54~a:3743,6b9fd439f3f0cec605ea86ccc90eb0a9,Rebecca Rowsey,R. Rowsey,,,,NA,,true,false,true,false,
2005,250580061,61,georgia-lady-bulldogs,UGA,Georgia Lady Bulldogs,,3744,s:40~l:54~a:3744,27c198769b7a91cf53fd36dec32b3fe7,Cori Chambers,C. Chambers,,,,NA,,true,false,true,false,
2005,250580061,61,georgia-lady-bulldogs,UGA,Georgia Lady Bulldogs,,2493,s:40~l:54~a:2493,821c4e6aded93845586704f566b326fa,Alexis Kendrick,A. Kendrick,,,,NA,,true,false,true,false,
2005,250580061,61,georgia-lady-bulldogs,UGA,Georgia Lady Bulldogs,,2411,s:40~l:54~a:2411,86fd2ca45accf7e8e83da098981e3bd9,Sherill Baker,S. Baker,,,,NA,,true,false,true,false,
2005,250582628,248,houston-cougars,HOU,Houston Cougars,,766,s:40~l:54~a:766,3080fbc41f02012e731b60c5bea7c84f,Kiemona Harris,K. Harris,,,,NA,,true,false,true,false,
2005,250582628,248,houston-cougars,HOU,Houston Cougars,,4306,s:40~l:54~a:4306,84b14de30bb1c080681669c997dd556f,Cynecia Robinson,C. Robinson,,,,NA,,true,false,true,false,
2005,250582628,248,houston-cougars,HOU,Houston Cougars,,4304,s:40~l:54~a:4304,debaefead90b13c53f23efe93ab3c690,Sancho Lyttle,S. Lyttle,,,,NA,,true,false,true,false,
2005,250582628,248,houston-cougars,HOU,Houston Cougars,,4303,s:40~l:54~a:4303,eef558cf18e42fea67a5fb0a6bf95710,Joann Overstreet,J. Overstreet,,,,NA,,true,false,true,false,
2005,250582628,248,houston-cougars,HOU,Houston Cougars,,771,s:40~l:54~a:771,56b733d5b237abedf33a723365866b1f,Crystal Simpson,C. Simpson,,,,NA,,true,false,true,false,
2005,250582628,2628,tcu-horned-frogs,TCU,TCU Horned Frogs,,4865,s:40~l:54~a:4865,286f9adabd15d2a9b8ab78f0c25a0267,Lorie Butler-Rayford,L. Butler-Rayford,,,,NA,,true,false,true,false,
2005,250582628,2628,tcu-horned-frogs,TCU,TCU Horned Frogs,,2664,s:40~l:54~a:2664,2a427d86dcbbc4aebf160847acd4e55d,Ashley Davis,A. Davis,,,,NA,,true,false,true,false,
2005,250582628,2628,tcu-horned-frogs,TCU,TCU Horned Frogs,,1982,s:40~l:54~a:1982,ada14c38b25f6a58ea44356f80732393,Niki Newton,N. Newton,,,,NA,,true,false,true,false,
2005,250582628,2628,tcu-horned-frogs,TCU,TCU Horned Frogs,,1981,s:40~l:54~a:1981,cec0b14fd8d12a3f1a29d6f81ff69e5d,Sandora Irvin,S. Irvin,,,,NA,,true,false,true,false,
2005,250582628,2628,tcu-horned-frogs,TCU,TCU Horned Frogs,,3850,s:40~l:54~a:3850,4af6d2ed8ae7dc99d67b6ba5ce7e6cac,Natasha Lacy,N. Lacy,,,,NA,,true,false,true,false,
2005,250580259,2390,miami-hurricanes,MIA,Miami Hurricanes,,4911,s:40~l:54~a:4911,1d94fb9943c6261f7aa838d8b19a22dc,Albrey Grimsley,A. Grimsley,,,,G,,true,false,true,false,
2005,250580259,2390,miami-hurricanes,MIA,Miami Hurricanes,,4702,s:40~l:54~a:4702,e43dc7b5ef6128aaa65cdb5f5fdba15b,Imani Dhahabu,I. Dhahabu,,,,NA,,true,false,true,false,
2005,250580259,2390,miami-hurricanes,MIA,Miami Hurricanes,,1142,s:40~l:54~a:1142,c36e45b41b04af99c44121240aa00f98,Fallon Phanord,F. Phanord,,,,NA,,true,false,true,false,
2005,250580259,2390,miami-hurricanes,MIA,Miami Hurricanes,,3594,s:40~l:54~a:3594,ef8f7ce32ff4bc93bda951ad2831d632,Tamara James,T. James,,,,NA,,true,false,true,false,
2005,250580259,2390,miami-hurricanes,MIA,Miami Hurricanes,,1141,s:40~l:54~a:1141,46d3f6ce4c65c28c5dc5c9e831ab14cb,Yalonda McCormick,Y. McCormick,,,,NA,,true,false,true,false,
2005,250580259,259,virginia-tech-hokies,VT,Virginia Tech Hokies,,2208,s:40~l:54~a:2208,c385090b22f9075693c25450afa7d643,Erin Gibson,E. Gibson,,,,NA,,true,false,true,false,
2005,250580259,259,virginia-tech-hokies,VT,Virginia Tech Hokies,,3987,s:40~l:54~a:3987,b6f5ee755ad8242e9a1fd42a85e9dcf4,Brittney Anderson,B. Anderson,,,,NA,,true,false,true,false,
2005,250580259,259,virginia-tech-hokies,VT,Virginia Tech Hokies,,2773,s:40~l:54~a:2773,79a9e88ee77ba2976a0dc6d91b86d9d7,Dawn Chriss,D. Chriss,,,,NA,,true,false,true,false,
2005,250580259,259,virginia-tech-hokies,VT,Virginia Tech Hokies,,2778,s:40~l:54~a:2778,9c6d7e00073c2dd7472d136b3b7be826,Carrie Mason,C. Mason,,,,NA,,true,false,true,false,
2005,250580259,259,virginia-tech-hokies,VT,Virginia Tech Hokies,,2776,s:40~l:54~a:2776,51736d60e466f3c50fc6ae3284797c07,Kerri Gardin,K. Gardin,,,,NA,,true,false,true,false,
2005,250600277,41,uconn-huskies,CONN,UConn Huskies,,316,s:40~l:54~a:316,f03637f1aa75018b058ff84817277c21,Jessica Moore,J. Moore,,,,NA,,true,false,true,false,
2005,250600277,41,uconn-huskies,CONN,UConn Huskies,,2409,s:40~l:54~a:2409,3166c5ecd189f3f8d53632fe2f90913a,Barbara Turner,B. Turner,,,,NA,,true,false,true,false,
2005,250600277,41,uconn-huskies,CONN,UConn Huskies,,2637,s:40~l:54~a:2637,131163c0c1e979b8607484d92145c5e3,Ann Strother,A. Strother,,,,NA,,true,false,true,false,
2005,250600277,41,uconn-huskies,CONN,UConn Huskies,,2410,s:40~l:54~a:2410,56efb2414f093ff317ca52a41a8e8b7f,Nicole Wolff,N. Wolff,,,,NA,,true,false,true,false,
2005,250600277,41,uconn-huskies,CONN,UConn Huskies,,311,s:40~l:54~a:311,6aeeb2f0fab7e503978f4b0052b4cbf7,Ashley Valley,A. Valley,,,,NA,,true,false,true,false,
2005,250600277,277,west-virginia-mountaineers,WVU,West Virginia Mountaineers,,3568,s:40~l:54~a:3568,88081032aaf65b8ce3e44ca1d1fe8440,Ramika McGee,R. McGee,,,,NA,,true,false,true,false,
2005,250600277,277,west-virginia-mountaineers,WVU,West Virginia Mountaineers,,4919,s:40~l:54~a:4919,7fcba349198897c17783b2c62d549a61,Chakhia Cole,C. Cole,,,,NA,,true,false,true,false,
2005,250600277,277,west-virginia-mountaineers,WVU,West Virginia Mountaineers,,4690,s:40~l:54~a:4690,6efaf63bdbe60b214ca1056f03628a77,Meg Bulger,M. Bulger,,,,NA,,true,false,true,false,
2005,250600277,277,west-virginia-mountaineers,WVU,West Virginia Mountaineers,,2259,s:40~l:54~a:2259,780787d10a22a8fd99a282127940bad9,Sherell Sowho,S. Sowho,,,,NA,,true,false,true,false,
2005,250600277,277,west-virginia-mountaineers,WVU,West Virginia Mountaineers,,2258,s:40~l:54~a:2258,0853ff1781d2e9c844efd64c36131ae3,Yolanda Paige,Y. Paige,,,,NA,,true,false,true,false,
2005,250640099,61,georgia-lady-bulldogs,UGA,Georgia Lady Bulldogs,,4838,s:40~l:54~a:4838,c9ab97ae3e9dbd3aa411f43020376140,Tasha Humphrey,T. Humphrey,,,,NA,,true,false,true,false,
2005,250640099,61,georgia-lady-bulldogs,UGA,Georgia Lady Bulldogs,,3743,s:40~l:54~a:3743,6b9fd439f3f0cec605ea86ccc90eb0a9,Rebecca Rowsey,R. Rowsey,,,,NA,,true,false,true,false,
2005,250640099,61,georgia-lady-bulldogs,UGA,Georgia Lady Bulldogs,,3744,s:40~l:54~a:3744,27c198769b7a91cf53fd36dec32b3fe7,Cori Chambers,C. Chambers,,,,NA,,true,false,true,false,
2005,250640099,61,georgia-lady-bulldogs,UGA,Georgia Lady Bulldogs,,2493,s:40~l:54~a:2493,821c4e6aded93845586704f566b326fa,Alexis Kendrick,A. Kendrick,,,,NA,,true,false,true,false,
2005,250640099,61,georgia-lady-bulldogs,UGA,Georgia Lady Bulldogs,,2411,s:40~l:54~a:2411,86fd2ca45accf7e8e83da098981e3bd9,Sherill Baker,S. Baker,,,,NA,,true,false,true,false,
2005,250640099,99,lsu-tigers,LSU,LSU Tigers,,1043,s:40~l:54~a:1043,431b3570ffc5722cb1fb6828863687e9,Tillie Willis,T. Willis,,,,NA,,true,false,true,false,
2005,250640099,99,lsu-tigers,LSU,LSU Tigers,,2635,s:40~l:54~a:2635,3a7f24f2f739ca385df1c548e6def432,Seimone Augustus,S. Augustus,,,,NA,,true,false,true,false,
2005,250640099,99,lsu-tigers,LSU,LSU Tigers,,1042,s:40~l:54~a:1042,7975c2d74746b291db1778dab57902cf,Wendlyn Jones,W. Jones,,,,NA,,true,false,true,false,
2005,250640099,99,lsu-tigers,LSU,LSU Tigers,,3715,s:40~l:54~a:3715,e6a46d07dfc2f2055ba24fc51716a427,Scholanda Hoston,S. Hoston,,,,NA,,true,false,true,false,
2005,250640099,99,lsu-tigers,LSU,LSU Tigers,,1041,s:40~l:54~a:1041,b5915a3ecaf9a7f982f75114aefe4cd6,Temeka Johnson,T. Johnson,,,,NA,,true,false,true,false,
2005,250642633,238,vanderbilt-commodores,VAN,Vanderbilt Commodores,,3776,s:40~l:54~a:3776,20a3cf56ca4c4a4e1704b19976f87669,Carla Thomas,C. Thomas,,,,NA,,true,false,true,false,
2005,250642633,238,vanderbilt-commodores,VAN,Vanderbilt Commodores,,2172,s:40~l:54~a:2172,c1574a089b1da6559d8631765421b3b7,Ashley Earley,A. Earley,,,,NA,,true,false,true,false,
2005,250642633,238,vanderbilt-commodores,VAN,Vanderbilt Commodores,,3778,s:40~l:54~a:3778,e3312e11d01fddfa4043843053d5f4a3,Dee Davis,D. Davis,,,,NA,,true,false,true,false,
2005,250642633,238,vanderbilt-commodores,VAN,Vanderbilt Commodores,,3775,s:40~l:54~a:3775,30c7799ec3ad7a48f2adc5317b6eca98,Caroline Williams,C. Williams,,,,NA,,true,false,true,false,
2005,250642633,238,vanderbilt-commodores,VAN,Vanderbilt Commodores,,2177,s:40~l:54~a:2177,d174132d9aef7c125588d9d1209bc223,Abi Ramsey,A. Ramsey,,,,NA,,true,false,true,false,
2005,250642633,2633,tennessee-lady-volunteers,TENN,Tennessee Lady Volunteers,,4839,s:40~l:54~a:4839,eb2e5d775349b53cc2cd1cff1d06fe67,Nicky Anosike,N. Anosike,,,,NA,,true,false,true,false,
2005,250642633,2633,tennessee-lady-volunteers,TENN,Tennessee Lady Volunteers,,2005,s:40~l:54~a:2005,1cc5b37fb31379fcf23c4ddce5088574,Shyra Ely,S. Ely,,,,NA,,true,false,true,false,
2005,250642633,2633,tennessee-lady-volunteers,TENN,Tennessee Lady Volunteers,,4840,s:40~l:54~a:4840,13ff2da95b8fccf88eff7098fb77f4e5,Alexis Hornbuckle,A. Hornbuckle,,,,NA,,true,false,true,false,
2005,250642633,2633,tennessee-lady-volunteers,TENN,Tennessee Lady Volunteers,,3707,s:40~l:54~a:3707,70c6703f052213c777a20dd7ff64b712,Sidney Spencer,S. Spencer,,,,NA,,true,false,true,false,
2005,250642633,2633,tennessee-lady-volunteers,TENN,Tennessee Lady Volunteers,,2006,s:40~l:54~a:2006,9688c8c5fe087c9c2c3a61ad6af5122c,Loree Moore,L. Moore,,,,NA,,true,false,true,false,
2005,250650099,2633,tennessee-lady-volunteers,TENN,Tennessee Lady Volunteers,,4839,s:40~l:54~a:4839,eb2e5d775349b53cc2cd1cff1d06fe67,Nicky Anosike,N. Anosike,,,,NA,,true,false,true,false,
2005,250650099,2633,tennessee-lady-volunteers,TENN,Tennessee Lady Volunteers,,2005,s:40~l:54~a:2005,1cc5b37fb31379fcf23c4ddce5088574,Shyra Ely,S. Ely,,,,NA,,true,false,true,false,
2005,250650099,2633,tennessee-lady-volunteers,TENN,Tennessee Lady Volunteers,,4840,s:40~l:54~a:4840,13ff2da95b8fccf88eff7098fb77f4e5,Alexis Hornbuckle,A. Hornbuckle,,,,NA,,true,false,true,false,
2005,250650099,2633,tennessee-lady-volunteers,TENN,Tennessee Lady Volunteers,,2633,s:40~l:54~a:2633,c2ee79eb6ce4e1f61b40f49f0404c074,Shanna Zolman,S. Zolman,,,,NA,,true,false,true,false,
2005,250650099,2633,tennessee-lady-volunteers,TENN,Tennessee Lady Volunteers,,2006,s:40~l:54~a:2006,9688c8c5fe087c9c2c3a61ad6af5122c,Loree Moore,L. Moore,,,,NA,,true,false,true,false,
2005,250650099,99,lsu-tigers,LSU,LSU Tigers,,2635,s:40~l:54~a:2635,3a7f24f2f739ca385df1c548e6def432,Seimone Augustus,S. Augustus,,,,NA,,true,false,true,false,
2005,250650099,99,lsu-tigers,LSU,LSU Tigers,,1043,s:40~l:54~a:1043,431b3570ffc5722cb1fb6828863687e9,Tillie Willis,T. Willis,,,,NA,,true,false,true,false,
2005,250650099,99,lsu-tigers,LSU,LSU Tigers,,1042,s:40~l:54~a:1042,7975c2d74746b291db1778dab57902cf,Wendlyn Jones,W. Jones,,,,NA,,true,false,true,false,
2005,250650099,99,lsu-tigers,LSU,LSU Tigers,,3715,s:40~l:54~a:3715,e6a46d07dfc2f2055ba24fc51716a427,Scholanda Hoston,S. Hoston,,,,NA,,true,false,true,false,
2005,250650099,99,lsu-tigers,LSU,LSU Tigers,,1041,s:40~l:54~a:1041,b5915a3ecaf9a7f982f75114aefe4cd6,Temeka Johnson,T. Johnson,,,,NA,,true,false,true,false,
2005,250650024,30,usc-trojans,USC,USC Trojans,,4933,s:40~l:54~a:4933,e1b4b32b7ea3d731c938113704c1175c,Camille LeNoir,C. LeNoir,,,,G,,true,false,true,false,
2005,250650024,30,usc-trojans,USC,USC Trojans,,4932,s:40~l:54~a:4932,6231a3c8e247b6d35dd66d0889151314,Brynn Cameron,B. Cameron,,,,G,,true,false,true,false,
2005,250650024,30,usc-trojans,USC,USC Trojans,,2146,s:40~l:54~a:2146,12bb8a8a0bd547dc5167f16a4a0812dc,Kim Gipson,K. Gipson,,,,NA,,true,false,true,false,
2005,250650024,30,usc-trojans,USC,USC Trojans,,2701,s:40~l:54~a:2701,073b4deccbc9fe15c99ccbf2467c7fae,Meghan Gnekow,M. Gnekow,,,,NA,,true,false,true,false,
2005,250650024,30,usc-trojans,USC,USC Trojans,,2148,s:40~l:54~a:2148,7c89824052438a20b7e2a681d4f4f8e1,Rachel Woodward,R. Woodward,,,,NA,,true,false,true,false,
2005,250650024,24,stanford-cardinal,STAN,Stanford Cardinal,,3918,s:40~l:54~a:3918,cb1ca59b90fd08a9a05323857faeee28,Kristen Newlin,K. Newlin,,,,NA,,true,false,true,false,
2005,250650024,24,stanford-cardinal,STAN,Stanford Cardinal,,3914,s:40~l:54~a:3914,99d7b78d61842789d6a85541e6296cf7,Brooke Smith,B. Smith,,,,NA,,true,false,true,false,
2005,250650024,24,stanford-cardinal,STAN,Stanford Cardinal,,4896,s:40~l:54~a:4896,6807e88b6640acf90ebceceba90d5ff5,Candice Wiggins,C. Wiggins,,,,NA,,true,false,true,false,
2005,250650024,24,stanford-cardinal,STAN,Stanford Cardinal,,1935,s:40~l:54~a:1935,ded510dec5fbb6ba7951fefa651e0c54,Kelley Suminski,K. Suminski,,,,NA,,true,false,true,false,
2005,250650024,24,stanford-cardinal,STAN,Stanford Cardinal,,1932,s:40~l:54~a:1932,8a6026068650bfc91726b8896e33ec39,Susan Borchardt,S. Borchardt,,,,NA,,true,false,true,false,
2005,250650194,135,minnesota-golden-gophers,MINN,Minnesota Golden Gophers,,1181,s:40~l:54~a:1181,9ce668b48cba7733bf93d927b1a2a1ff,Janel McCarville,J. McCarville,,,,NA,,true,false,true,false,
2005,250650194,135,minnesota-golden-gophers,MINN,Minnesota Golden Gophers,,3751,s:40~l:54~a:3751,144aeb5e430d8e894d9b9e008fe31657,Jaime Broback,J. Broback,,,,NA,,true,false,true,false,
2005,250650194,135,minnesota-golden-gophers,MINN,Minnesota Golden Gophers,,2656,s:40~l:54~a:2656,c554c85841bc8ee7aa542ce388bf3f9c,Shannon Bolden,S. Bolden,,,,NA,,true,false,true,false,
2005,250650194,135,minnesota-golden-gophers,MINN,Minnesota Golden Gophers,,2655,s:40~l:54~a:2655,0aa092835f3627b3cdc40a286d4d46e8,Shannon Schonrock,S. Schonrock,,,,NA,,true,false,true,false,
2005,250650194,135,minnesota-golden-gophers,MINN,Minnesota Golden Gophers,,888,s:40~l:54~a:888,c179eec54d49961939fafcfcbe03cfcf,April Calhoun,A. Calhoun,,,,NA,,true,false,true,false,
2005,250650194,194,ohio-state-buckeyes,OSU,Ohio State Buckeyes,,3831,s:40~l:54~a:3831,d7d474a42d3ed0200925eaf98d64417d,Jessica Davenport,J. Davenport,,,,NA,,true,false,true,false,
2005,250650194,194,ohio-state-buckeyes,OSU,Ohio State Buckeyes,,3833,s:40~l:54~a:3833,dc2ef3677a22bd7cc11af6c11b005875,Brandie Hoskins,B. Hoskins,,,,NA,,true,false,true,false,
2005,250650194,194,ohio-state-buckeyes,OSU,Ohio State Buckeyes,,2007,s:40~l:54~a:2007,f15ed24db25b7b39cceb30429c2cb63b,Michelle Munoz,M. Munoz,,,,NA,,true,false,true,false,
2005,250650194,194,ohio-state-buckeyes,OSU,Ohio State Buckeyes,,1497,s:40~l:54~a:1497,351389757b84021dba06e9d25eba346a,Caity Matter,C. Matter,,,,NA,,true,false,true,false,
2005,250650194,194,ohio-state-buckeyes,OSU,Ohio State Buckeyes,,1493,s:40~l:54~a:1493,4046c1dfdbd76f3b66c26e5d9340885a,Ashley Allen,A. Allen,,,,NA,,true,false,true,false,
2005,250650153,258,virginia-cavaliers,UVA,Virginia Cavaliers,,2504,s:40~l:54~a:2504,28a72ae02b454104f6c896f361b53911,Tiffany Sardin,T. Sardin,,,,NA,,true,false,true,false,
2005,250650153,258,virginia-cavaliers,UVA,Virginia Cavaliers,,2207,s:40~l:54~a:2207,c5b71571fbafcb63ce55cedbd263d422,Brandi Teamer,B. Teamer,,,,NA,,true,false,true,false,
2005,250650153,258,virginia-cavaliers,UVA,Virginia Cavaliers,,2203,s:40~l:54~a:2203,92da3a7897a0e05218bc6907fd57f9a2,Jocelyn Logan-Friend,J. Logan-Friend,,,,NA,,true,false,true,false,
2005,250650153,258,virginia-cavaliers,UVA,Virginia Cavaliers,,4924,s:40~l:54~a:4924,42354c655b04c1a74bfec03de67c4cfa,Sharnee Zoll,S. Zoll,,,,NA,,true,false,true,false,
2005,250650153,258,virginia-cavaliers,UVA,Virginia Cavaliers,,3846,s:40~l:54~a:3846,16264e0e7bd4f3fbeeb9cedfc0ba3e0f,Brenna McGuire,B. McGuire,,,,NA,,true,false,true,false,
2005,250650153,153,north-carolina-tar-heels,UNC,North Carolina Tar Heels,,4820,s:40~l:54~a:4820,0de0ab274d44bdd6a591d5ef9dfbcb07,Erlana Larkins,E. Larkins,,,,NA,,true,false,true,false,
2005,250650153,153,north-carolina-tar-heels,UNC,North Carolina Tar Heels,,3754,s:40~l:54~a:3754,8ba41f63ad491766dd837fe6ccb34b98,Camille Little,C. Little,,,,NA,,true,false,true,false,
2005,250650153,153,north-carolina-tar-heels,UNC,North Carolina Tar Heels,,1397,s:40~l:54~a:1397,226e8cb7c3fd13418710ef15a214eaf2,Nikita Bell,N. Bell,,,,NA,,true,false,true,false,
2005,250650153,153,north-carolina-tar-heels,UNC,North Carolina Tar Heels,,3755,s:40~l:54~a:3755,dfe2d840ee1f027b9d928e7dcd35a0cd,Ivory Latta,I. Latta,,,,NA,,true,false,true,false,
2005,250650153,153,north-carolina-tar-heels,UNC,North Carolina Tar Heels,,2647,s:40~l:54~a:2647,78fba069babc60e597c4b87df0c6edee,La'Tangela Atkinson,L. Atkinson,,,,NA,,true,false,true,false,
2005,250650150,120,maryland-terrapins,MD,Maryland Terrapins,,4857,s:40~l:54~a:4857,54d95e907134bc5181e7e4e75360d98c,Crystal Langhorne,C. Langhorne,,,,NA,,true,false,true,false,
2005,250650150,120,maryland-terrapins,MD,Maryland Terrapins,,4856,s:40~l:54~a:4856,beb9a7b51168d2efe54cefd1a050d1ec,Jade Perry,J. Perry,,,,NA,,true,false,true,false,
2005,250650150,120,maryland-terrapins,MD,Maryland Terrapins,,4315,s:40~l:54~a:4315,c673fd63ff70ce4b762472ac0ef61a19,Kalika France,K. France,,,,NA,,true,false,true,false,
2005,250650150,120,maryland-terrapins,MD,Maryland Terrapins,,4314,s:40~l:54~a:4314,89b9ded0b2f2d65e468ebae6d5bf556f,Shay Doron,S. Doron,,,,NA,,true,false,true,false,
2005,250650150,120,maryland-terrapins,MD,Maryland Terrapins,,1084,s:40~l:54~a:1084,d6d3354c820b115d5a23639db6e55844,Anesia Smith,A. Smith,,,,NA,,true,false,true,false,
2005,250650150,150,duke-blue-devils,DUKE,Duke Blue Devils,,3713,s:40~l:54~a:3713,b76d2b4b4670ae3d28b747c9af9e2a69,Alison Bales,A. Bales,,,,NA,,true,false,true,false,
2005,250650150,150,duke-blue-devils,DUKE,Duke Blue Devils,,2475,s:40~l:54~a:2475,34971f2dbdb57e31e6939fa80c4422c8,Mistie McCray Bass,M. Bass,,,,NA,,true,false,true,false,
2005,250650150,150,duke-blue-devils,DUKE,Duke Blue Devils,,438,s:40~l:54~a:438,c7e26c3620f06c9196f3fe534452d4f6,Monique Currie,M. Currie,,,,NA,,true,false,true,false,
2005,250650150,150,duke-blue-devils,DUKE,Duke Blue Devils,,4819,s:40~l:54~a:4819,d0c9e7e583ec078c3c2f19b1a3393528,Wanisha Smith,W. Smith,,,,NA,,true,false,true,false,
2005,250650150,150,duke-blue-devils,DUKE,Duke Blue Devils,,2631,s:40~l:54~a:2631,5c69d509caacd6a21f5ccd5dd87ec5ad,Jessica Foley,J. Foley,,,,NA,,true,false,true,false,
2005,250650127,213,penn-state-lady-lions,PSU,Penn State Lady Lions,,3748,s:40~l:54~a:3748,047ad9d47adad2ddb828a059d22e61cc,Amanda Brown,A. Brown,,,,NA,,true,false,true,false,
2005,250650127,213,penn-state-lady-lions,PSU,Penn State Lady Lions,,1554,s:40~l:54~a:1554,3d8dd595cda8830a03442b0ce14d4f30,Ashli Schwab,A. Schwab,,,,NA,,true,false,true,false,
2005,250650127,213,penn-state-lady-lions,PSU,Penn State Lady Lions,,1556,s:40~l:54~a:1556,91b352f8dd0db1fb5f898fabf769c145,Tanisha Wright,T. Wright,,,,NA,,true,false,true,false,
2005,250650127,213,penn-state-lady-lions,PSU,Penn State Lady Lions,,1555,s:40~l:54~a:1555,9ea429d67def486608bdab3ac58f05f1,Jess Strom,J. Strom,,,,NA,,true,false,true,false,
2005,250650127,213,penn-state-lady-lions,PSU,Penn State Lady Lions,,1550,s:40~l:54~a:1550,bf4bfca1c20af46b69b533e7ea234bc8,Jennifer Brenden,J. Brenden,,,,NA,,true,false,true,false,
2005,250650127,127,michigan-state-spartans,MSU,Michigan State Spartans,,1171,s:40~l:54~a:1171,39ba64725808edf7671547c2acde32e8,Kelli Roehrig,K. Roehrig,,,,NA,,true,false,true,false,
2005,250650127,127,michigan-state-spartans,MSU,Michigan State Spartans,,3299,s:40~l:54~a:3299,a159c264237959ed9847622dd9d84765,Liz Shimek,L. Shimek,,,,NA,,true,false,true,false,
2005,250650127,127,michigan-state-spartans,MSU,Michigan State Spartans,,4086,s:40~l:54~a:4086,13b8bb5a81dd1e8cbd8cebcef9ff82ee,Victoria Lucas-Perry,V. Lucas-Perry,,,,NA,,true,false,true,false,
2005,250650127,127,michigan-state-spartans,MSU,Michigan State Spartans,,3295,s:40~l:54~a:3295,10067a6e48be3f41d86fac21fdc8d093,Lindsay Bowen,L. Bowen,,,,NA,,true,false,true,false,
2005,250650127,127,michigan-state-spartans,MSU,Michigan State Spartans,,1167,s:40~l:54~a:1167,6093adec7d0ea61542174c49e29b83e2,Kristin Haynie,K. Haynie,,,,NA,,true,false,true,false,
2005,250652483,9,arizona-state-sun-devils,ASU,Arizona State Sun Devils,,3842,s:40~l:54~a:3842,fd57da4745de397b8fd78369d112b315,Aubree Johnson,A. Johnson,,,,NA,,true,false,true,false,
2005,250652483,9,arizona-state-sun-devils,ASU,Arizona State Sun Devils,,3841,s:40~l:54~a:3841,c3266714953998f2a38f0dfdfbcf07d8,Emily Westerberg,E. Westerberg,,,,NA,,true,false,true,false,
2005,250652483,9,arizona-state-sun-devils,ASU,Arizona State Sun Devils,,2402,s:40~l:54~a:2402,f656434affdd605660450dfba8b872fe,Kristen Kovesdy,K. Kovesdy,,,,NA,,true,false,true,false,
2005,250652483,9,arizona-state-sun-devils,ASU,Arizona State Sun Devils,,43,s:40~l:54~a:43,f88dbffd96d8c0b99996aa3f900a13e0,Kylan Loney,K. Loney,,,,NA,,true,false,true,false,
2005,250652483,9,arizona-state-sun-devils,ASU,Arizona State Sun Devils,,42,s:40~l:54~a:42,e78d91c6e2c5db36454f7cb163f33388,Carrie Buckner,C. Buckner,,,,NA,,true,false,true,false,
2005,250652483,2483,oregon-ducks,ORE,Oregon Ducks,,1527,s:40~l:54~a:1527,c5ccb7c8cc443b00bf5e5bf570f4811b,Andrea Bills,A. Bills,,,,NA,,true,false,true,false,
2005,250652483,2483,oregon-ducks,ORE,Oregon Ducks,,4927,s:40~l:54~a:4927,46c21e9d7a5e941320e0b1b48d7aec26,Kristen Forristall,K. Forristall,,,,NA,,true,false,true,false,
2005,250652483,2483,oregon-ducks,ORE,Oregon Ducks,,1531,s:40~l:54~a:1531,c055aa40fb7263571965dbf1ab085cc8,Cathrine Kraayeveld,C. Kraayeveld,,,,NA,,true,false,true,false,
2005,250652483,2483,oregon-ducks,ORE,Oregon Ducks,,1916,s:40~l:54~a:1916,1bf8c0f4d6ed05eed1ec948b00cad8bb,Corrie Mizusawa,C. Mizusawa,,,,NA,,true,false,true,false,
2005,250652483,2483,oregon-ducks,ORE,Oregon Ducks,,1528,s:40~l:54~a:1528,47554a3b7f5167b1af8cf3ad73c0e8cd,Brandi Davis,B. Davis,,,,NA,,true,false,true,false,
2005,250660024,9,arizona-state-sun-devils,ASU,Arizona State Sun Devils,,3842,s:40~l:54~a:3842,fd57da4745de397b8fd78369d112b315,Aubree Johnson,A. Johnson,,,,NA,,true,false,true,false,
2005,250660024,9,arizona-state-sun-devils,ASU,Arizona State Sun Devils,,3841,s:40~l:54~a:3841,c3266714953998f2a38f0dfdfbcf07d8,Emily Westerberg,E. Westerberg,,,,NA,,true,false,true,false,
2005,250660024,9,arizona-state-sun-devils,ASU,Arizona State Sun Devils,,2402,s:40~l:54~a:2402,f656434affdd605660450dfba8b872fe,Kristen Kovesdy,K. Kovesdy,,,,NA,,true,false,true,false,
2005,250660024,9,arizona-state-sun-devils,ASU,Arizona State Sun Devils,,43,s:40~l:54~a:43,f88dbffd96d8c0b99996aa3f900a13e0,Kylan Loney,K. Loney,,,,NA,,true,false,true,false,
2005,250660024,9,arizona-state-sun-devils,ASU,Arizona State Sun Devils,,42,s:40~l:54~a:42,e78d91c6e2c5db36454f7cb163f33388,Carrie Buckner,C. Buckner,,,,NA,,true,false,true,false,
2005,250660024,24,stanford-cardinal,STAN,Stanford Cardinal,,3918,s:40~l:54~a:3918,cb1ca59b90fd08a9a05323857faeee28,Kristen Newlin,K. Newlin,,,,NA,,true,false,true,false,
2005,250660024,24,stanford-cardinal,STAN,Stanford Cardinal,,3914,s:40~l:54~a:3914,99d7b78d61842789d6a85541e6296cf7,Brooke Smith,B. Smith,,,,NA,,true,false,true,false,
2005,250660024,24,stanford-cardinal,STAN,Stanford Cardinal,,1932,s:40~l:54~a:1932,8a6026068650bfc91726b8896e33ec39,Susan Borchardt,S. Borchardt,,,,NA,,true,false,true,false,
2005,250660024,24,stanford-cardinal,STAN,Stanford Cardinal,,4896,s:40~l:54~a:4896,6807e88b6640acf90ebceceba90d5ff5,Candice Wiggins,C. Wiggins,,,,NA,,true,false,true,false,
2005,250660024,24,stanford-cardinal,STAN,Stanford Cardinal,,1935,s:40~l:54~a:1935,ded510dec5fbb6ba7951fefa651e0c54,Kelley Suminski,K. Suminski,,,,NA,,true,false,true,false,
2005,250660153,150,duke-blue-devils,DUKE,Duke Blue Devils,,3713,s:40~l:54~a:3713,b76d2b4b4670ae3d28b747c9af9e2a69,Alison Bales,A. Bales,,,,NA,,true,false,true,false,
2005,250660153,150,duke-blue-devils,DUKE,Duke Blue Devils,,2475,s:40~l:54~a:2475,34971f2dbdb57e31e6939fa80c4422c8,Mistie McCray Bass,M. Bass,,,,NA,,true,false,true,false,
2005,250660153,150,duke-blue-devils,DUKE,Duke Blue Devils,,438,s:40~l:54~a:438,c7e26c3620f06c9196f3fe534452d4f6,Monique Currie,M. Currie,,,,NA,,true,false,true,false,
2005,250660153,150,duke-blue-devils,DUKE,Duke Blue Devils,,4819,s:40~l:54~a:4819,d0c9e7e583ec078c3c2f19b1a3393528,Wanisha Smith,W. Smith,,,,NA,,true,false,true,false,
2005,250660153,150,duke-blue-devils,DUKE,Duke Blue Devils,,2631,s:40~l:54~a:2631,5c69d509caacd6a21f5ccd5dd87ec5ad,Jessica Foley,J. Foley,,,,NA,,true,false,true,false,
2005,250660153,153,north-carolina-tar-heels,UNC,North Carolina Tar Heels,,2647,s:40~l:54~a:2647,78fba069babc60e597c4b87df0c6edee,La'Tangela Atkinson,L. Atkinson,,,,NA,,true,false,true,false,
2005,250660153,153,north-carolina-tar-heels,UNC,North Carolina Tar Heels,,4820,s:40~l:54~a:4820,0de0ab274d44bdd6a591d5ef9dfbcb07,Erlana Larkins,E. Larkins,,,,NA,,true,false,true,false,
2005,250660153,153,north-carolina-tar-heels,UNC,North Carolina Tar Heels,,1397,s:40~l:54~a:1397,226e8cb7c3fd13418710ef15a214eaf2,Nikita Bell,N. Bell,,,,NA,,true,false,true,false,
2005,250660153,153,north-carolina-tar-heels,UNC,North Carolina Tar Heels,,3755,s:40~l:54~a:3755,dfe2d840ee1f027b9d928e7dcd35a0cd,Ivory Latta,I. Latta,,,,NA,,true,false,true,false,
2005,250660153,153,north-carolina-tar-heels,UNC,North Carolina Tar Heels,,3754,s:40~l:54~a:3754,8ba41f63ad491766dd837fe6ccb34b98,Camille Little,C. Little,,,,NA,,true,false,true,false,
2005,250660127,135,minnesota-golden-gophers,MINN,Minnesota Golden Gophers,,1181,s:40~l:54~a:1181,9ce668b48cba7733bf93d927b1a2a1ff,Janel McCarville,J. McCarville,,,,NA,,true,false,true,false,
2005,250660127,135,minnesota-golden-gophers,MINN,Minnesota Golden Gophers,,3751,s:40~l:54~a:3751,144aeb5e430d8e894d9b9e008fe31657,Jaime Broback,J. Broback,,,,NA,,true,false,true,false,
2005,250660127,135,minnesota-golden-gophers,MINN,Minnesota Golden Gophers,,2656,s:40~l:54~a:2656,c554c85841bc8ee7aa542ce388bf3f9c,Shannon Bolden,S. Bolden,,,,NA,,true,false,true,false,
2005,250660127,135,minnesota-golden-gophers,MINN,Minnesota Golden Gophers,,2655,s:40~l:54~a:2655,0aa092835f3627b3cdc40a286d4d46e8,Shannon Schonrock,S. Schonrock,,,,NA,,true,false,true,false,
2005,250660127,135,minnesota-golden-gophers,MINN,Minnesota Golden Gophers,,888,s:40~l:54~a:888,c179eec54d49961939fafcfcbe03cfcf,April Calhoun,A. Calhoun,,,,NA,,true,false,true,false,
2005,250660127,127,michigan-state-spartans,MSU,Michigan State Spartans,,1171,s:40~l:54~a:1171,39ba64725808edf7671547c2acde32e8,Kelli Roehrig,K. Roehrig,,,,NA,,true,false,true,false,
2005,250660127,127,michigan-state-spartans,MSU,Michigan State Spartans,,3299,s:40~l:54~a:3299,a159c264237959ed9847622dd9d84765,Liz Shimek,L. Shimek,,,,NA,,true,false,true,false,
2005,250660127,127,michigan-state-spartans,MSU,Michigan State Spartans,,4086,s:40~l:54~a:4086,13b8bb5a81dd1e8cbd8cebcef9ff82ee,Victoria Lucas-Perry,V. Lucas-Perry,,,,NA,,true,false,true,false,
2005,250660127,127,michigan-state-spartans,MSU,Michigan State Spartans,,3295,s:40~l:54~a:3295,10067a6e48be3f41d86fac21fdc8d093,Lindsay Bowen,L. Bowen,,,,NA,,true,false,true,false,
2005,250660127,127,michigan-state-spartans,MSU,Michigan State Spartans,,1167,s:40~l:54~a:1167,6093adec7d0ea61542174c49e29b83e2,Kristin Haynie,K. Haynie,,,,NA,,true,false,true,false,
2005,250660164,222,villanova-wildcats,VILL,Villanova Wildcats,,2198,s:40~l:54~a:2198,2ea9af7d36c34be46c63a786e6c360b0,Jana Rediger,J. Rediger,,,,NA,,true,false,true,false,
2005,250660164,222,villanova-wildcats,VILL,Villanova Wildcats,,2678,s:40~l:54~a:2678,63db558026119e64619a4801eec58a1e,Kate Dessart-Mager,K. Dessart-Mager,,,,NA,,true,false,true,false,
2005,250660164,222,villanova-wildcats,VILL,Villanova Wildcats,,2677,s:40~l:54~a:2677,3a7f5fe3b9b73798acdda91db9d5b729,Jackie Adamshick,J. Adamshick,,,,NA,,true,false,true,false,
2005,250660164,222,villanova-wildcats,VILL,Villanova Wildcats,,2680,s:40~l:54~a:2680,b38263884aad8bfd17971602f655c265,Betsy McManus,B. McManus,,,,NA,,true,false,true,false,
2005,250660164,222,villanova-wildcats,VILL,Villanova Wildcats,,2194,s:40~l:54~a:2194,1685ad971a3f13b9528dfb8890f4e89e,Jennifer Hilgenberg,J. Hilgenberg,,,,NA,,true,false,true,false,
2005,250660164,164,rutgers-scarlet-knights,RUTG,Rutgers Scarlet Knights,,2400,s:40~l:54~a:2400,df7bd1b14c0efa91d7c658215d14c831,Michelle Campbell,M. Campbell,,,,NA,,true,false,true,false,
2005,250660164,164,rutgers-scarlet-knights,RUTG,Rutgers Scarlet Knights,,1694,s:40~l:54~a:1694,f0af047dc9015b7b46c2bc02ed0f38c1,Chelsea Newton,C. Newton,,,,NA,,true,false,true,false,
2005,250660164,164,rutgers-scarlet-knights,RUTG,Rutgers Scarlet Knights,,4816,s:40~l:54~a:4816,e32515ecd622f27d9b0367d9b3f2a809,Matee Ajavon,M. Ajavon,,,,NA,,true,false,true,false,
2005,250660164,164,rutgers-scarlet-knights,RUTG,Rutgers Scarlet Knights,,4814,s:40~l:54~a:4814,d01e22db859a44a2b9b9460b8d49077b,Essence Carson,E. Carson,,,,NA,,true,false,true,false,
2005,250660164,164,rutgers-scarlet-knights,RUTG,Rutgers Scarlet Knights,,1692,s:40~l:54~a:1692,b7edc7ce1bae2c0b0fab08c9dd06a3fd,Nikki Jett,N. Jett,,,,NA,,true,false,true,false,
2005,250660087,41,uconn-huskies,CONN,UConn Huskies,,316,s:40~l:54~a:316,f03637f1aa75018b058ff84817277c21,Jessica Moore,J. Moore,,,,NA,,true,false,true,false,
2005,250660087,41,uconn-huskies,CONN,UConn Huskies,,2637,s:40~l:54~a:2637,131163c0c1e979b8607484d92145c5e3,Ann Strother,A. Strother,,,,NA,,true,false,true,false,
2005,250660087,41,uconn-huskies,CONN,UConn Huskies,,2409,s:40~l:54~a:2409,3166c5ecd189f3f8d53632fe2f90913a,Barbara Turner,B. Turner,,,,NA,,true,false,true,false,
2005,250660087,41,uconn-huskies,CONN,UConn Huskies,,2410,s:40~l:54~a:2410,56efb2414f093ff317ca52a41a8e8b7f,Nicole Wolff,N. Wolff,,,,NA,,true,false,true,false,
2005,250660087,41,uconn-huskies,CONN,UConn Huskies,,311,s:40~l:54~a:311,6aeeb2f0fab7e503978f4b0052b4cbf7,Ashley Valley,A. Valley,,,,NA,,true,false,true,false,
2005,250660087,87,notre-dame-fighting-irish,ND,Notre Dame Fighting Irish,,1467,s:40~l:54~a:1467,ce958eede8b5bb7ea88cdd6af764b501,Teresa Borton,T. Borton,,,,NA,,true,false,true,false,
2005,250660087,87,notre-dame-fighting-irish,ND,Notre Dame Fighting Irish,,2438,s:40~l:54~a:2438,f0060511d7f5adcba68bd0078ba21086,Courtney LaVere,C. LaVere,,,,NA,,true,false,true,false,
2005,250660087,87,notre-dame-fighting-irish,ND,Notre Dame Fighting Irish,,1466,s:40~l:54~a:1466,aa6e5c8fd5176ab9be73b4069b6f2a24,Jacqueline Batteast,J. Batteast,,,,NA,,true,false,true,false,
2005,250660087,87,notre-dame-fighting-irish,ND,Notre Dame Fighting Irish,,3783,s:40~l:54~a:3783,bb74cc9ce5a60d8e7cfcaa19604e2422,Breona Gray,B. Gray,,,,NA,,true,false,true,false,
2005,250660087,87,notre-dame-fighting-irish,ND,Notre Dame Fighting Irish,,2437,s:40~l:54~a:2437,409fab7b1c67274f3ff8f070f97034e8,Megan Duffy,M. Duffy,,,,NA,,true,false,true,false,
2005,250670164,41,uconn-huskies,CONN,UConn Huskies,,316,s:40~l:54~a:316,f03637f1aa75018b058ff84817277c21,Jessica Moore,J. Moore,,,,NA,,true,false,true,false,
2005,250670164,41,uconn-huskies,CONN,UConn Huskies,,2409,s:40~l:54~a:2409,3166c5ecd189f3f8d53632fe2f90913a,Barbara Turner,B. Turner,,,,NA,,true,false,true,false,
2005,250670164,41,uconn-huskies,CONN,UConn Huskies,,2637,s:40~l:54~a:2637,131163c0c1e979b8607484d92145c5e3,Ann Strother,A. Strother,,,,NA,,true,false,true,false,
2005,250670164,41,uconn-huskies,CONN,UConn Huskies,,2410,s:40~l:54~a:2410,56efb2414f093ff317ca52a41a8e8b7f,Nicole Wolff,N. Wolff,,,,NA,,true,false,true,false,
2005,250670164,41,uconn-huskies,CONN,UConn Huskies,,312,s:40~l:54~a:312,145dc17f4b337598a04951abb22759d8,Ashley Battle,A. Battle,,,,NA,,true,false,true,false,
2005,250670164,164,rutgers-scarlet-knights,RUTG,Rutgers Scarlet Knights,,1696,s:40~l:54~a:1696,5781196c96a5284f46752d7d6b5f8d95,Rebecca Richman,R. Richman,,,,NA,,true,false,true,false,
2005,250670164,164,rutgers-scarlet-knights,RUTG,Rutgers Scarlet Knights,,2400,s:40~l:54~a:2400,df7bd1b14c0efa91d7c658215d14c831,Michelle Campbell,M. Campbell,,,,NA,,true,false,true,false,
2005,250670164,164,rutgers-scarlet-knights,RUTG,Rutgers Scarlet Knights,,4816,s:40~l:54~a:4816,e32515ecd622f27d9b0367d9b3f2a809,Matee Ajavon,M. Ajavon,,,,NA,,true,false,true,false,
2005,250670164,164,rutgers-scarlet-knights,RUTG,Rutgers Scarlet Knights,,1694,s:40~l:54~a:1694,f0af047dc9015b7b46c2bc02ed0f38c1,Chelsea Newton,C. Newton,,,,NA,,true,false,true,false,
2005,250670164,164,rutgers-scarlet-knights,RUTG,Rutgers Scarlet Knights,,1692,s:40~l:54~a:1692,b7edc7ce1bae2c0b0fab08c9dd06a3fd,Nikki Jett,N. Jett,,,,NA,,true,false,true,false,
2005,250690239,2641,texas-tech-lady-raiders,TTU,Texas Tech Lady Raiders,,2067,s:40~l:54~a:2067,094d13584b9f0144db3e56a7b57f7ba0,Cisti Greenwalt,C. Greenwalt,,,,NA,,true,false,true,false,
2005,250690239,2641,texas-tech-lady-raiders,TTU,Texas Tech Lady Raiders,,3719,s:40~l:54~a:3719,f8dd92e57ebcc0e0207386d17a75132d,Alseha Robertson,A. Robertson,,,,NA,,true,false,true,false,
2005,250690239,2641,texas-tech-lady-raiders,TTU,Texas Tech Lady Raiders,,2422,s:40~l:54~a:2422,b4777c247d0cc3d16bdb2a9ca25cf293,LaToya Davis,L. Davis,,,,NA,,true,false,true,false,
2005,250690239,2641,texas-tech-lady-raiders,TTU,Texas Tech Lady Raiders,,2528,s:40~l:54~a:2528,2a380013af706321f621623c7b8e498a,Chesley Dabbs,C. Dabbs,,,,NA,,true,false,true,false,
2005,250690239,2641,texas-tech-lady-raiders,TTU,Texas Tech Lady Raiders,,2423,s:40~l:54~a:2423,191197c0edc09c465435d9cee3f95a86,Erin Grant,E. Grant,,,,NA,,true,false,true,false,
2005,250690239,239,baylor-bears,BAY,Baylor Bears,,121,s:40~l:54~a:121,69e81f516e13b29775ae99e4e823da7f,Steffanie Blackmon,S. Blackmon,,,,NA,,true,false,true,false,
2005,250690239,239,baylor-bears,BAY,Baylor Bears,,2719,s:40~l:54~a:2719,3b884ae643bf9fada3be8f086d54aa3a,Abiola Wabara,A. Wabara,,,,NA,,true,false,true,false,
2005,250690239,239,baylor-bears,BAY,Baylor Bears,,2428,s:40~l:54~a:2428,37e483b75e76f4f460a127bc11ae232b,Sophia Young-Malcolm,S. Young-Malcolm,,,,NA,,true,false,true,false,
2005,250690239,239,baylor-bears,BAY,Baylor Bears,,2427,s:40~l:54~a:2427,bc7cd45fbe1b62db1d0361bb0671ef56,Chameka Scott,C. Scott,,,,NA,,true,false,true,false,
2005,250690239,239,baylor-bears,BAY,Baylor Bears,,124,s:40~l:54~a:124,31baeb7c0e17c131d56fcc7374dc6a18,Chelsea Whitaker,C. Whitaker,,,,NA,,true,false,true,false,
2005,250690251,2306,kansas-state-wildcats,KSU,Kansas State Wildcats,,4858,s:40~l:54~a:4858,e293b6999ef239b3b516692a50a8c838,Shana Wheeler,S. Wheeler,,,,NA,,true,false,true,false,
2005,250690251,2306,kansas-state-wildcats,KSU,Kansas State Wildcats,,922,s:40~l:54~a:922,10a89279f67e2aa49054a0bc6da0c7ad,Kendra Wecker,K. Wecker,,,,NA,,true,false,true,false,
2005,250690251,2306,kansas-state-wildcats,KSU,Kansas State Wildcats,,3741,s:40~l:54~a:3741,46e0797aaec24c8866221975dbd2e51a,Claire Coggins,C. Coggins,,,,NA,,true,false,true,false,
2005,250690251,2306,kansas-state-wildcats,KSU,Kansas State Wildcats,,919,s:40~l:54~a:919,cfcdc87292fab6f6e594bd028dc4e42e,Megan Mahoney,M. Mahoney,,,,NA,,true,false,true,false,
2005,250690251,2306,kansas-state-wildcats,KSU,Kansas State Wildcats,,917,s:40~l:54~a:917,2aa62ba3b79fbdefa011cd05f12b3fa5,Laurie Koehn,L. Koehn,,,,NA,,true,false,true,false,
2005,250690251,251,texas-longhorns,TEX,Texas Longhorns,,3710,s:40~l:54~a:3710,cb5034bf70047521ef37260babc15b8f,Tiffany Jackson-Jones,T. Jackson-Jones,,,,NA,,true,false,true,false,
2005,250690251,251,texas-longhorns,TEX,Texas Longhorns,,2039,s:40~l:54~a:2039,5c7304c83473c18dc8f6a1672e542256,Heather Schreiber,H. Schreiber,,,,NA,,true,false,true,false,
2005,250690251,251,texas-longhorns,TEX,Texas Longhorns,,2646,s:40~l:54~a:2646,12a0029affd696522c7d96ced3b1c0cc,Jamie Carey,J. Carey,,,,NA,,true,false,true,false,
2005,250690251,251,texas-longhorns,TEX,Texas Longhorns,,2038,s:40~l:54~a:2038,4402a418b4d9a2e57efb89587fcc498e,Coco Reed,C. Reed,,,,NA,,true,false,true,false,
2005,250690251,251,texas-longhorns,TEX,Texas Longhorns,,2036,s:40~l:54~a:2036,a26220ec37db349438c15e71cff18255,Kala Bowers,K. Bowers,,,,NA,,true,false,true,false,
2005,250710239,2306,kansas-state-wildcats,KSU,Kansas State Wildcats,,4858,s:40~l:54~a:4858,e293b6999ef239b3b516692a50a8c838,Shana Wheeler,S. Wheeler,,,,NA,,true,false,true,false,
2005,250710239,2306,kansas-state-wildcats,KSU,Kansas State Wildcats,,922,s:40~l:54~a:922,10a89279f67e2aa49054a0bc6da0c7ad,Kendra Wecker,K. Wecker,,,,NA,,true,false,true,false,
2005,250710239,2306,kansas-state-wildcats,KSU,Kansas State Wildcats,,919,s:40~l:54~a:919,cfcdc87292fab6f6e594bd028dc4e42e,Megan Mahoney,M. Mahoney,,,,NA,,true,false,true,false,
2005,250710239,2306,kansas-state-wildcats,KSU,Kansas State Wildcats,,3741,s:40~l:54~a:3741,46e0797aaec24c8866221975dbd2e51a,Claire Coggins,C. Coggins,,,,NA,,true,false,true,false,
2005,250710239,2306,kansas-state-wildcats,KSU,Kansas State Wildcats,,917,s:40~l:54~a:917,2aa62ba3b79fbdefa011cd05f12b3fa5,Laurie Koehn,L. Koehn,,,,NA,,true,false,true,false,
2005,250710239,239,baylor-bears,BAY,Baylor Bears,,2719,s:40~l:54~a:2719,3b884ae643bf9fada3be8f086d54aa3a,Abiola Wabara,A. Wabara,,,,NA,,true,false,true,false,
2005,250710239,239,baylor-bears,BAY,Baylor Bears,,2428,s:40~l:54~a:2428,37e483b75e76f4f460a127bc11ae232b,Sophia Young-Malcolm,S. Young-Malcolm,,,,NA,,true,false,true,false,
2005,250710239,239,baylor-bears,BAY,Baylor Bears,,2427,s:40~l:54~a:2427,bc7cd45fbe1b62db1d0361bb0671ef56,Chameka Scott,C. Scott,,,,NA,,true,false,true,false,
2005,250710239,239,baylor-bears,BAY,Baylor Bears,,124,s:40~l:54~a:124,31baeb7c0e17c131d56fcc7374dc6a18,Chelsea Whitaker,C. Whitaker,,,,NA,,true,false,true,false,
2005,250710239,239,baylor-bears,BAY,Baylor Bears,,123,s:40~l:54~a:123,dc535b38f7d0fea2a7f052f65f5b1f29,Tiffanie Blackmon,T. Blackmon,,,,NA,,true,true,true,false,
2005,254000055,198,oral-roberts-golden-eagles,ORU,Oral Roberts Golden Eagles,,2831,s:40~l:54~a:2831,d8743b4a7c9a71dd367b3861c3073983,Alycia Seay,A. Seay,,,,NA,,true,false,true,false,
2005,254000055,198,oral-roberts-golden-eagles,ORU,Oral Roberts Golden Eagles,,4064,s:40~l:54~a:4064,0d72285170e08b9e949286b766ba660b,Elisha Turek,E. Turek,,,,NA,,true,false,true,false,
2005,254000055,198,oral-roberts-golden-eagles,ORU,Oral Roberts Golden Eagles,,1523,s:40~l:54~a:1523,89a447760e7d1de706b16b67b733fd9f,Claudia Louis,C. Louis,,,,NA,,true,false,true,false,
2005,254000055,198,oral-roberts-golden-eagles,ORU,Oral Roberts Golden Eagles,,4942,s:40~l:54~a:4942,601e25addc30ae25213dbddeda2c796b,Katie Langford,K. Langford,,,,NA,,true,false,true,false,
2005,254000055,198,oral-roberts-golden-eagles,ORU,Oral Roberts Golden Eagles,,2825,s:40~l:54~a:2825,fc48e09c695198e0087e4f6b0eddff1d,Leah Cannon,L. Cannon,,,,NA,,true,false,true,false,
2005,254000055,251,texas-longhorns,TEX,Texas Longhorns,,3710,s:40~l:54~a:3710,cb5034bf70047521ef37260babc15b8f,Tiffany Jackson-Jones,T. Jackson-Jones,,,,NA,,true,false,true,false,
2005,254000055,251,texas-longhorns,TEX,Texas Longhorns,,2039,s:40~l:54~a:2039,5c7304c83473c18dc8f6a1672e542256,Heather Schreiber,H. Schreiber,,,,NA,,true,false,true,false,
2005,254000055,251,texas-longhorns,TEX,Texas Longhorns,,2036,s:40~l:54~a:2036,a26220ec37db349438c15e71cff18255,Kala Bowers,K. Bowers,,,,NA,,true,false,true,false,
2005,254000055,251,texas-longhorns,TEX,Texas Longhorns,,2646,s:40~l:54~a:2646,12a0029affd696522c7d96ced3b1c0cc,Jamie Carey,J. Carey,,,,NA,,true,false,true,false,
2005,254000055,251,texas-longhorns,TEX,Texas Longhorns,,2383,s:40~l:54~a:2383,bda5223d8cb5aef66ae70ad068bb0d67,Nina Norman,N. Norman,,,,NA,,true,false,true,false,
2005,254000033,97,louisville-cardinals,LOU,Louisville Cardinals,,4716,s:40~l:54~a:4716,3432e3bf571e55cc8a80ae3d4b4b1672,Jazz Covington,J. Covington,,,,NA,,true,false,true,false,
2005,254000033,97,louisville-cardinals,LOU,Louisville Cardinals,,4941,s:40~l:54~a:4941,66ba323bbb441e8e3f7cf4d32d89290d,Joleen Phillips,J. Phillips,,,,NA,,true,false,true,false,
2005,254000033,97,louisville-cardinals,LOU,Louisville Cardinals,,4055,s:40~l:54~a:4055,ea61f328b204194e8360d9428a7bad3a,Missy Taylor,M. Taylor,,,,NA,,true,false,true,false,
2005,254000033,97,louisville-cardinals,LOU,Louisville Cardinals,,3545,s:40~l:54~a:3545,c930269ac2e8d80db614c637e3dbae43,Jessica Huggins,J. Huggins,,,,NA,,true,false,true,false,
2005,254000033,97,louisville-cardinals,LOU,Louisville Cardinals,,1001,s:40~l:54~a:1001,a0153c7cf548704000f4f8a9d2e91a13,Angel Bradley,A. Bradley,,,,NA,,true,false,true,false,
2005,254000033,30,usc-trojans,USC,USC Trojans,,4933,s:40~l:54~a:4933,e1b4b32b7ea3d731c938113704c1175c,Camille LeNoir,C. LeNoir,,,,G,,true,false,true,false,
2005,254000033,30,usc-trojans,USC,USC Trojans,,4932,s:40~l:54~a:4932,6231a3c8e247b6d35dd66d0889151314,Brynn Cameron,B. Cameron,,,,G,,true,false,true,false,
2005,254000033,30,usc-trojans,USC,USC Trojans,,2146,s:40~l:54~a:2146,12bb8a8a0bd547dc5167f16a4a0812dc,Kim Gipson,K. Gipson,,,,NA,,true,false,true,false,
2005,254000033,30,usc-trojans,USC,USC Trojans,,3835,s:40~l:54~a:3835,a7623f8f8cb70164c73498ebc99e316a,Jamie Funn,J. Funn,,,,NA,,true,false,true,false,
2005,254000033,30,usc-trojans,USC,USC Trojans,,2701,s:40~l:54~a:2701,073b4deccbc9fe15c99ccbf2467c7fae,Meghan Gnekow,M. Gnekow,,,,NA,,true,false,true,false,
2005,254000012,2287,illinois-state-redbirds,ILST,Illinois State Redbirds,,4949,s:40~l:54~a:4949,31d9a88570239500e8f31edceb1bd793,Holly Hallstrom,H. Hallstrom,,,,NA,,true,false,true,false,
2005,254000012,2287,illinois-state-redbirds,ILST,Illinois State Redbirds,,4948,s:40~l:54~a:4948,ee47f617b6769f108ada52b138996d70,Katie Donovan,K. Donovan,,,,NA,,true,false,true,false,
2005,254000012,2287,illinois-state-redbirds,ILST,Illinois State Redbirds,,4947,s:40~l:54~a:4947,1e1d23c4bd37b9d92aa887519124e4e6,Michelle Harakas,M. Harakas,,,,NA,,true,false,true,false,
2005,254000012,2287,illinois-state-redbirds,ILST,Illinois State Redbirds,,2381,s:40~l:54~a:2381,ed687ef910c0cf63081cdcecad6e12aa,Megan McCracken,M. McCracken,,,,NA,,true,false,true,false,
2005,254000012,2287,illinois-state-redbirds,ILST,Illinois State Redbirds,,843,s:40~l:54~a:843,954841fa205437fe5fdd249ef18c16f4,Jaci McCormack,J. McCormack,,,,NA,,true,false,true,false,
2005,254000012,239,baylor-bears,BAY,Baylor Bears,,2719,s:40~l:54~a:2719,3b884ae643bf9fada3be8f086d54aa3a,Abiola Wabara,A. Wabara,,,,NA,,true,false,true,false,
2005,254000012,239,baylor-bears,BAY,Baylor Bears,,2428,s:40~l:54~a:2428,37e483b75e76f4f460a127bc11ae232b,Sophia Young-Malcolm,S. Young-Malcolm,,,,NA,,true,false,true,false,
2005,254000012,239,baylor-bears,BAY,Baylor Bears,,2427,s:40~l:54~a:2427,bc7cd45fbe1b62db1d0361bb0671ef56,Chameka Scott,C. Scott,,,,NA,,true,false,true,false,
2005,254000012,239,baylor-bears,BAY,Baylor Bears,,124,s:40~l:54~a:124,31baeb7c0e17c131d56fcc7374dc6a18,Chelsea Whitaker,C. Whitaker,,,,NA,,true,false,true,false,
2005,254000012,239,baylor-bears,BAY,Baylor Bears,,121,s:40~l:54~a:121,69e81f516e13b29775ae99e4e823da7f,Steffanie Blackmon,S. Blackmon,,,,NA,,true,false,true,false,
2005,254000004,2198,eastern-kentucky-colonels,EKU,Eastern Kentucky Colonels,,4619,s:40~l:54~a:4619,c6e97eedecc0358513f4db638ed09688,Pam Garrett,P. Garrett,,,,NA,,true,false,true,false,
2005,254000004,2198,eastern-kentucky-colonels,EKU,Eastern Kentucky Colonels,,481,s:40~l:54~a:481,a99f5cd20d7edf3bb12f70498e529f8e,Miranda Eckerle,M. Eckerle,,,,NA,,true,false,true,false,
2005,254000004,2198,eastern-kentucky-colonels,EKU,Eastern Kentucky Colonels,,480,s:40~l:54~a:480,79bc0377cc2b423fa7c6100db0a23406,Candis Cook,C. Cook,,,,NA,,true,false,true,false,
2005,254000004,2198,eastern-kentucky-colonels,EKU,Eastern Kentucky Colonels,,4950,s:40~l:54~a:4950,5fddb71e3606d03c0fbd5f6a2b268a87,Tamara Arnold,T. Arnold,,,,NA,,true,false,true,false,
2005,254000004,2198,eastern-kentucky-colonels,EKU,Eastern Kentucky Colonels,,4612,s:40~l:54~a:4612,a8a0b4967ad886f80738c557d828829b,Laura Shelton,L. Shelton,,,,NA,,true,false,true,false,
2005,254000004,9,arizona-state-sun-devils,ASU,Arizona State Sun Devils,,3842,s:40~l:54~a:3842,fd57da4745de397b8fd78369d112b315,Aubree Johnson,A. Johnson,,,,NA,,true,false,true,false,
2005,254000004,9,arizona-state-sun-devils,ASU,Arizona State Sun Devils,,3841,s:40~l:54~a:3841,c3266714953998f2a38f0dfdfbcf07d8,Emily Westerberg,E. Westerberg,,,,NA,,true,false,true,false,
2005,254000004,9,arizona-state-sun-devils,ASU,Arizona State Sun Devils,,2402,s:40~l:54~a:2402,f656434affdd605660450dfba8b872fe,Kristen Kovesdy,K. Kovesdy,,,,NA,,true,false,true,false,
2005,254000004,9,arizona-state-sun-devils,ASU,Arizona State Sun Devils,,43,s:40~l:54~a:43,f88dbffd96d8c0b99996aa3f900a13e0,Kylan Loney,K. Loney,,,,NA,,true,false,true,false,
2005,254000004,9,arizona-state-sun-devils,ASU,Arizona State Sun Devils,,42,s:40~l:54~a:42,e78d91c6e2c5db36454f7cb163f33388,Carrie Buckner,C. Buckner,,,,NA,,true,false,true,false,
2005,254000054,242,rice-owls,RICE,Rice Owls,,2733,s:40~l:54~a:2733,fbd66b9976de6de86b17ed8b87a21f68,Lauren Neaves,L. Neaves,,,,NA,,true,false,true,false,
2005,254000054,242,rice-owls,RICE,Rice Owls,,1683,s:40~l:54~a:1683,0746b023ad24c75efa4870afbb93cb78,Michelle Woods,M. Woods,,,,NA,,true,false,true,false,
2005,254000054,242,rice-owls,RICE,Rice Owls,,4183,s:40~l:54~a:4183,d17d4929e34131a9c591d86dedcb3335,Krystal Frazier,K. Frazier,,,,NA,,true,false,true,false,
2005,254000054,242,rice-owls,RICE,Rice Owls,,2736,s:40~l:54~a:2736,3d45a5d02a6dded140a791b680c4559b,Amber Cunningham,A. Cunningham,,,,NA,,true,false,true,false,
2005,254000054,242,rice-owls,RICE,Rice Owls,,1682,s:40~l:54~a:1682,c4767935c222914ecb4040607f4dd03c,Eshombi Singleton,E. Singleton,,,,NA,,true,false,true,false,
2005,254000054,61,georgia-lady-bulldogs,UGA,Georgia Lady Bulldogs,,4838,s:40~l:54~a:4838,c9ab97ae3e9dbd3aa411f43020376140,Tasha Humphrey,T. Humphrey,,,,NA,,true,false,true,false,
2005,254000054,61,georgia-lady-bulldogs,UGA,Georgia Lady Bulldogs,,3743,s:40~l:54~a:3743,6b9fd439f3f0cec605ea86ccc90eb0a9,Rebecca Rowsey,R. Rowsey,,,,NA,,true,false,true,false,
2005,254000054,61,georgia-lady-bulldogs,UGA,Georgia Lady Bulldogs,,3744,s:40~l:54~a:3744,27c198769b7a91cf53fd36dec32b3fe7,Cori Chambers,C. Chambers,,,,NA,,true,false,true,false,
2005,254000054,61,georgia-lady-bulldogs,UGA,Georgia Lady Bulldogs,,2493,s:40~l:54~a:2493,821c4e6aded93845586704f566b326fa,Alexis Kendrick,A. Kendrick,,,,NA,,true,false,true,false,
2005,254000054,61,georgia-lady-bulldogs,UGA,Georgia Lady Bulldogs,,2411,s:40~l:54~a:2411,86fd2ca45accf7e8e83da098981e3bd9,Sherill Baker,S. Baker,,,,NA,,true,false,true,false,
2005,254000032,2016,alcorn-state-lady-braves,ALCN,Alcorn State Lady Braves,,3428,s:40~l:54~a:3428,a34afc0f19f10e583d0cdd3da3fd0f22,Candace Roberts,C. Roberts,,,,NA,,true,false,true,false,
2005,254000032,2016,alcorn-state-lady-braves,ALCN,Alcorn State Lady Braves,,4953,s:40~l:54~a:4953,7ce163339b331536ca74572654b4aae5,Natasha Dennis,N. Dennis,,,,NA,,true,false,true,false,
2005,254000032,2016,alcorn-state-lady-braves,ALCN,Alcorn State Lady Braves,,3426,s:40~l:54~a:3426,97ce8b451fdc80284b759ec1afdcc749,Rasaan Powell,R. Powell,,,,NA,,true,false,true,false,
2005,254000032,2016,alcorn-state-lady-braves,ALCN,Alcorn State Lady Braves,,4954,s:40~l:54~a:4954,3c48aba6a8b195e65dd50cafc599b1e8,Shikhia Sims,S. Sims,,,,NA,,true,false,true,false,
2005,254000032,2016,alcorn-state-lady-braves,ALCN,Alcorn State Lady Braves,,3423,s:40~l:54~a:3423,049daa5cf35247f5e794704207afa4a3,Latoya Johnson,L. Johnson,,,,NA,,true,false,true,false,
2005,254000032,127,michigan-state-spartans,MSU,Michigan State Spartans,,1171,s:40~l:54~a:1171,39ba64725808edf7671547c2acde32e8,Kelli Roehrig,K. Roehrig,,,,NA,,true,false,true,false,
2005,254000032,127,michigan-state-spartans,MSU,Michigan State Spartans,,4086,s:40~l:54~a:4086,13b8bb5a81dd1e8cbd8cebcef9ff82ee,Victoria Lucas-Perry,V. Lucas-Perry,,,,NA,,true,false,true,false,
2005,254000032,127,michigan-state-spartans,MSU,Michigan State Spartans,,3299,s:40~l:54~a:3299,a159c264237959ed9847622dd9d84765,Liz Shimek,L. Shimek,,,,NA,,true,false,true,false,
2005,254000032,127,michigan-state-spartans,MSU,Michigan State Spartans,,4087,s:40~l:54~a:4087,24ae83fb999e83d62397aa50ef8f35d4,Rene Haynes,R. Haynes,,,,NA,,true,false,true,false,
2005,254000032,127,michigan-state-spartans,MSU,Michigan State Spartans,,3295,s:40~l:54~a:3295,10067a6e48be3f41d86fac21fdc8d093,Lindsay Bowen,L. Bowen,,,,NA,,true,false,true,false,
2005,254000011,2483,oregon-ducks,ORE,Oregon Ducks,,1527,s:40~l:54~a:1527,c5ccb7c8cc443b00bf5e5bf570f4811b,Andrea Bills,A. Bills,,,,NA,,true,false,true,false,
2005,254000011,2483,oregon-ducks,ORE,Oregon Ducks,,4927,s:40~l:54~a:4927,46c21e9d7a5e941320e0b1b48d7aec26,Kristen Forristall,K. Forristall,,,,NA,,true,false,true,false,
2005,254000011,2483,oregon-ducks,ORE,Oregon Ducks,,1531,s:40~l:54~a:1531,c055aa40fb7263571965dbf1ab085cc8,Cathrine Kraayeveld,C. Kraayeveld,,,,NA,,true,false,true,false,
2005,254000011,2483,oregon-ducks,ORE,Oregon Ducks,,1916,s:40~l:54~a:1916,1bf8c0f4d6ed05eed1ec948b00cad8bb,Corrie Mizusawa,C. Mizusawa,,,,NA,,true,false,true,false,
2005,254000011,2483,oregon-ducks,ORE,Oregon Ducks,,1528,s:40~l:54~a:1528,47554a3b7f5167b1af8cf3ad73c0e8cd,Brandi Davis,B. Davis,,,,NA,,true,false,true,false,
2005,254000011,2628,tcu-horned-frogs,TCU,TCU Horned Frogs,,4865,s:40~l:54~a:4865,286f9adabd15d2a9b8ab78f0c25a0267,Lorie Butler-Rayford,L. Butler-Rayford,,,,NA,,true,false,true,false,
2005,254000011,2628,tcu-horned-frogs,TCU,TCU Horned Frogs,,2664,s:40~l:54~a:2664,2a427d86dcbbc4aebf160847acd4e55d,Ashley Davis,A. Davis,,,,NA,,true,false,true,false,
2005,254000011,2628,tcu-horned-frogs,TCU,TCU Horned Frogs,,1982,s:40~l:54~a:1982,ada14c38b25f6a58ea44356f80732393,Niki Newton,N. Newton,,,,NA,,true,false,true,false,
2005,254000011,2628,tcu-horned-frogs,TCU,TCU Horned Frogs,,1981,s:40~l:54~a:1981,cec0b14fd8d12a3f1a29d6f81ff69e5d,Sandora Irvin,S. Irvin,,,,NA,,true,false,true,false,
2005,254000011,2628,tcu-horned-frogs,TCU,TCU Horned Frogs,,3850,s:40~l:54~a:3850,4af6d2ed8ae7dc99d67b6ba5ce7e6cac,Natasha Lacy,N. Lacy,,,,NA,,true,false,true,false,
2005,254000005,2540,uc-santa-barbara-gauchos,UCSB,UC Santa Barbara Gauchos,,3870,s:40~l:54~a:3870,099c7cc2cd049e8bd99f79e01873fc55,Autumn Nichols,A. Nichols,,,,NA,,true,false,true,false,
2005,254000005,2540,uc-santa-barbara-gauchos,UCSB,UC Santa Barbara Gauchos,,1761,s:40~l:54~a:1761,e15597cb684faf71abec8e3d838c4d4f,Brandy Richardson,B. Richardson,,,,NA,,true,false,true,false,
2005,254000005,2540,uc-santa-barbara-gauchos,UCSB,UC Santa Barbara Gauchos,,1760,s:40~l:54~a:1760,857c721949a62fae3d2085d63051db54,Kristen Mann,K. Mann,,,,NA,,true,false,true,false,
2005,254000005,2540,uc-santa-barbara-gauchos,UCSB,UC Santa Barbara Gauchos,,1759,s:40~l:54~a:1759,9316a54b45b0669ae9f06200e106704b,Mia Fisher,M. Fisher,,,,NA,,true,false,true,false,
2005,254000005,2540,uc-santa-barbara-gauchos,UCSB,UC Santa Barbara Gauchos,,1758,s:40~l:54~a:1758,7937d99ab0c155592184c2b967ced36a,Karena Bonds,K. Bonds,,,,NA,,true,false,true,false,
2005,254000005,87,notre-dame-fighting-irish,ND,Notre Dame Fighting Irish,,1467,s:40~l:54~a:1467,ce958eede8b5bb7ea88cdd6af764b501,Teresa Borton,T. Borton,,,,NA,,true,false,true,false,
2005,254000005,87,notre-dame-fighting-irish,ND,Notre Dame Fighting Irish,,2438,s:40~l:54~a:2438,f0060511d7f5adcba68bd0078ba21086,Courtney LaVere,C. LaVere,,,,NA,,true,false,true,false,
2005,254000005,87,notre-dame-fighting-irish,ND,Notre Dame Fighting Irish,,1466,s:40~l:54~a:1466,aa6e5c8fd5176ab9be73b4069b6f2a24,Jacqueline Batteast,J. Batteast,,,,NA,,true,false,true,false,
2005,254000005,87,notre-dame-fighting-irish,ND,Notre Dame Fighting Irish,,3783,s:40~l:54~a:3783,bb74cc9ce5a60d8e7cfcaa19604e2422,Breona Gray,B. Gray,,,,NA,,true,false,true,false,
2005,254000005,87,notre-dame-fighting-irish,ND,Notre Dame Fighting Irish,,2437,s:40~l:54~a:2437,409fab7b1c67274f3ff8f070f97034e8,Megan Duffy,M. Duffy,,,,NA,,true,false,true,false,
2005,254000019,2393,middle-tennessee-blue-raiders,MTSU,Middle Tennessee Blue Raiders,,3030,s:40~l:54~a:3030,8e53819d4ba800cef09bfeafc258e550,Tia Stovall,T. Stovall,,,,NA,,true,false,true,false,
2005,254000019,2393,middle-tennessee-blue-raiders,MTSU,Middle Tennessee Blue Raiders,,4449,s:40~l:54~a:4449,d34871bc65bb6121610428331db5cb8c,Krystle Horton,K. Horton,,,,NA,,true,false,true,false,
2005,254000019,2393,middle-tennessee-blue-raiders,MTSU,Middle Tennessee Blue Raiders,,4452,s:40~l:54~a:4452,bf41e212690c07353d62c868c4f0f8af,Chrissy Givens,C. Givens,,,,NA,,true,false,true,false,
2005,254000019,2393,middle-tennessee-blue-raiders,MTSU,Middle Tennessee Blue Raiders,,1175,s:40~l:54~a:1175,7d53c79da85d9360436a933a9b1b0484,Patrice Holmes,P. Holmes,,,,NA,,true,false,true,false,
2005,254000019,2393,middle-tennessee-blue-raiders,MTSU,Middle Tennessee Blue Raiders,,1174,s:40~l:54~a:1174,c86150046b75a3d39a6ca84562502521,Ciara Gray,C. Gray,,,,NA,,true,false,true,false,
2005,254000019,152,nc-state-wolfpack,NCST,NC State Wolfpack,,4905,s:40~l:54~a:4905,6299100de8a1a9ccc750085c62e2bf99,Tiffany Stansbury,T. Stansbury,,,,NA,,true,false,true,false,
2005,254000019,152,nc-state-wolfpack,NCST,NC State Wolfpack,,4906,s:40~l:54~a:4906,ca614d7abc3e3e24233d7459ee34d084,Khadijah Whittington,K. Whittington,,,,NA,,true,false,true,false,
2005,254000019,152,nc-state-wolfpack,NCST,NC State Wolfpack,,4026,s:40~l:54~a:4026,cb65559cecd3ac55a2675e983a86006b,Marquetta Dickens,M. Dickens,,,,NA,,true,false,true,false,
2005,254000019,152,nc-state-wolfpack,NCST,NC State Wolfpack,,2818,s:40~l:54~a:2818,c0e8fdcd15f451c37f9707fb00cc823f,Billie McDowell,B. McDowell,,,,NA,,true,false,true,false,
2005,254000019,152,nc-state-wolfpack,NCST,NC State Wolfpack,,1387,s:40~l:54~a:1387,06da8913c4169baea8e03bc4f0f8b8fa,Kendra Bell,K. Bell,,,,NA,,true,false,true,false,
2005,254000008,295,old-dominion-monarchs,ODU,Old Dominion Monarchs,,4977,s:40~l:54~a:4977,d3508883972dbab8fb66fc346c4be4ae,Tiffany Green,T. Green,,,45 ,F,,true,false,true,false,
2005,254000008,295,old-dominion-monarchs,ODU,Old Dominion Monarchs,,3807,s:40~l:54~a:3807,a1c318bdd2479d2c1bdf0988b3b5213c,Tish Lyons,T. Lyons,,,,NA,,true,false,true,false,
2005,254000008,295,old-dominion-monarchs,ODU,Old Dominion Monarchs,,3806,s:40~l:54~a:3806,e55241c827d0b571c9fc15d0f9df4eaf,Sherida Triggs,S. Triggs,,,,NA,,true,false,true,false,
2005,254000008,295,old-dominion-monarchs,ODU,Old Dominion Monarchs,,2660,s:40~l:54~a:2660,73549734cad9ca0037ad51f8fc2eeaab,Lawona Davis,L. Davis,,,,NA,,true,false,true,false,
2005,254000008,295,old-dominion-monarchs,ODU,Old Dominion Monarchs,,1516,s:40~l:54~a:1516,a353d5f2d51bb1aa7a575476d0bd6561,Shareese Grant,S. Grant,,,,NA,,true,false,true,false,
2005,254000008,258,virginia-cavaliers,UVA,Virginia Cavaliers,,2207,s:40~l:54~a:2207,c5b71571fbafcb63ce55cedbd263d422,Brandi Teamer,B. Teamer,,,,NA,,true,false,true,false,
2005,254000008,258,virginia-cavaliers,UVA,Virginia Cavaliers,,2203,s:40~l:54~a:2203,92da3a7897a0e05218bc6907fd57f9a2,Jocelyn Logan-Friend,J. Logan-Friend,,,,NA,,true,false,true,false,
2005,254000008,258,virginia-cavaliers,UVA,Virginia Cavaliers,,2200,s:40~l:54~a:2200,9350296a417ba87468d76c95aac33c91,LaTonya Blue,L. Blue,,,,NA,,true,false,true,false,
2005,254000008,258,virginia-cavaliers,UVA,Virginia Cavaliers,,4924,s:40~l:54~a:4924,42354c655b04c1a74bfec03de67c4cfa,Sharnee Zoll,S. Zoll,,,,NA,,true,false,true,false,
2005,254000008,258,virginia-cavaliers,UVA,Virginia Cavaliers,,3846,s:40~l:54~a:3846,16264e0e7bd4f3fbeeb9cedfc0ba3e0f,Brenna McGuire,B. McGuire,,,,NA,,true,false,true,false,
2005,254000042,254,utah-utes,UTAH,Utah Utes,,4869,s:40~l:54~a:4869,e34f0450d7274a1862c1596b6227292f,Jessica Perry,J. Perry,,,,NA,,true,false,true,false,
2005,254000042,254,utah-utes,UTAH,Utah Utes,,2458,s:40~l:54~a:2458,69e935b7072e05159ddbf9187b4513a5,Kim Smith,K. Smith,,,,NA,,true,false,true,false,
2005,254000042,254,utah-utes,UTAH,Utah Utes,,2151,s:40~l:54~a:2151,dbab9e310b1018eb4e542c0affd9e0d0,Lana Sitterud,L. Sitterud,,,,NA,,true,false,true,false,
2005,254000042,254,utah-utes,UTAH,Utah Utes,,2459,s:40~l:54~a:2459,31852f27f718563de21674ae12a06297,Julie Wood,J. Wood,,,,NA,,true,false,true,false,
2005,254000042,254,utah-utes,UTAH,Utah Utes,,2153,s:40~l:54~a:2153,3ce48c2eccb31c0c264095249b561920,Shona Thorburn,S. Thorburn,,,,NA,,true,false,true,false,
2005,254000042,66,iowa-state-cyclones,ISU,Iowa State Cyclones,,4247,s:40~l:54~a:4247,0e4856879b907298db037d37c0269cc4,Megan Ronhovde,M. Ronhovde,,,,NA,,true,false,true,false,
2005,254000042,66,iowa-state-cyclones,ISU,Iowa State Cyclones,,1305,s:40~l:54~a:1305,a539022d38bd1d5a1caddadb2d2d01fa,Katie Robinette,K. Robinette,,,,NA,,true,false,true,false,
2005,254000042,66,iowa-state-cyclones,ISU,Iowa State Cyclones,,899,s:40~l:54~a:899,4a37ffff6e9b562994fdff282c43c9a7,Mary Fox,M. Fox,,,,NA,,true,false,true,false,
2005,254000042,66,iowa-state-cyclones,ISU,Iowa State Cyclones,,4243,s:40~l:54~a:4243,da3cd5e2f6512786563d18a0ef148f97,Lyndsey Medders,L. Medders,,,,NA,,true,false,true,false,
2005,254000042,66,iowa-state-cyclones,ISU,Iowa State Cyclones,,2668,s:40~l:54~a:2668,e70200fd3f8219f567183a39f0e77763,Anne O'Neil,A. O'Neil,,,,NA,,true,false,true,false,
2005,254000036,189,bowling-green-falcons,BGSU,Bowling Green Falcons,,4984,s:40~l:54~a:4984,38adc790ac7de7fd1880d537bc8ce752,Ali Mann,A. Mann,,,,NA,,true,false,true,false,
2005,254000036,189,bowling-green-falcons,BGSU,Bowling Green Falcons,,4983,s:40~l:54~a:4983,6289c6b67c525dde4e070773b7d5964b,Carin Horne,C. Horne,,,,NA,,true,false,true,false,
2005,254000036,189,bowling-green-falcons,BGSU,Bowling Green Falcons,,4982,s:40~l:54~a:4982,1ecc43de2b275181b73ff86fe2213e68,Liz Honegger,L. Honegger,,,,NA,,true,false,true,false,
2005,254000036,189,bowling-green-falcons,BGSU,Bowling Green Falcons,,4985,s:40~l:54~a:4985,64101cc8b33878308c202c12d8d17fb6,Kate Achter,K. Achter,,,,NA,,true,false,true,false,
2005,254000036,189,bowling-green-falcons,BGSU,Bowling Green Falcons,,3360,s:40~l:54~a:3360,a410301f8724cd27048ff6e05c9c5318,Casey McDowell,C. McDowell,,,,NA,,true,false,true,false,
2005,254000036,2306,kansas-state-wildcats,KSU,Kansas State Wildcats,,3740,s:40~l:54~a:3740,601a9a458615b683885ba9cafe1e7804,Twiggy McIntyre,T. McIntyre,,,,NA,,true,false,true,false,
2005,254000036,2306,kansas-state-wildcats,KSU,Kansas State Wildcats,,4858,s:40~l:54~a:4858,e293b6999ef239b3b516692a50a8c838,Shana Wheeler,S. Wheeler,,,,NA,,true,false,true,false,
2005,254000036,2306,kansas-state-wildcats,KSU,Kansas State Wildcats,,922,s:40~l:54~a:922,10a89279f67e2aa49054a0bc6da0c7ad,Kendra Wecker,K. Wecker,,,,NA,,true,false,true,false,
2005,254000036,2306,kansas-state-wildcats,KSU,Kansas State Wildcats,,3741,s:40~l:54~a:3741,46e0797aaec24c8866221975dbd2e51a,Claire Coggins,C. Coggins,,,,NA,,true,false,true,false,
2005,254000036,2306,kansas-state-wildcats,KSU,Kansas State Wildcats,,917,s:40~l:54~a:917,2aa62ba3b79fbdefa011cd05f12b3fa5,Laurie Koehn,L. Koehn,,,,NA,,true,false,true,false,
2005,254000020,250,ut-arlington-mavericks,UTA,UT Arlington Mavericks,,4283,s:40~l:54~a:4283,b3f66b5b64654b92cf6a536d88ec2343,Tamesha Graves,T. Graves,,,,NA,,true,false,true,false,
2005,254000020,250,ut-arlington-mavericks,UTA,UT Arlington Mavericks,,4061,s:40~l:54~a:4061,794b743b50da59b532beacfd12b0a7ba,Ashley Bobb,A. Bobb,,,,NA,,true,false,true,false,
2005,254000020,250,ut-arlington-mavericks,UTA,UT Arlington Mavericks,,2055,s:40~l:54~a:2055,4b3bf5eb6b8939f93855d0649da69fa0,Rola Ogunoye,R. Ogunoye,,,,NA,,true,false,true,false,
2005,254000020,250,ut-arlington-mavericks,UTA,UT Arlington Mavericks,,4284,s:40~l:54~a:4284,20c0e8692720001cf7d2691483c433da,Terra Wallace,T. Wallace,,,,NA,,true,false,true,false,
2005,254000020,250,ut-arlington-mavericks,UTA,UT Arlington Mavericks,,1217,s:40~l:54~a:1217,bf3ffc9ae038c9290f222a97f565ffc6,Tabitha Wesley,T. Wesley,,,,NA,,true,false,true,false,
2005,254000020,2641,texas-tech-lady-raiders,TTU,Texas Tech Lady Raiders,,2067,s:40~l:54~a:2067,094d13584b9f0144db3e56a7b57f7ba0,Cisti Greenwalt,C. Greenwalt,,,,NA,,true,false,true,false,
2005,254000020,2641,texas-tech-lady-raiders,TTU,Texas Tech Lady Raiders,,3719,s:40~l:54~a:3719,f8dd92e57ebcc0e0207386d17a75132d,Alseha Robertson,A. Robertson,,,,NA,,true,false,true,false,
2005,254000020,2641,texas-tech-lady-raiders,TTU,Texas Tech Lady Raiders,,2422,s:40~l:54~a:2422,b4777c247d0cc3d16bdb2a9ca25cf293,LaToya Davis,L. Davis,,,,NA,,true,false,true,false,
2005,254000020,2641,texas-tech-lady-raiders,TTU,Texas Tech Lady Raiders,,2528,s:40~l:54~a:2528,2a380013af706321f621623c7b8e498a,Chesley Dabbs,C. Dabbs,,,,NA,,true,false,true,false,
2005,254000020,2641,texas-tech-lady-raiders,TTU,Texas Tech Lady Raiders,,2423,s:40~l:54~a:2423,191197c0edc09c465435d9cee3f95a86,Erin Grant,E. Grant,,,,NA,,true,false,true,false,
2005,254000009,2598,st-francis-pa-red-flash,SFPA,St. Francis (PA) Red Flash,,1885,s:40~l:54~a:1885,c846c6befe6e6bc3e76a972561ccc120,Beth Swink,B. Swink,,,,NA,,true,false,true,false,
2005,254000009,2598,st-francis-pa-red-flash,SFPA,St. Francis (PA) Red Flash,,2863,s:40~l:54~a:2863,cfdd1bf89f76ddf70cde467aad3d24fc,Christin Black,C. Black,,,,NA,,true,false,true,false,
2005,254000009,2598,st-francis-pa-red-flash,SFPA,St. Francis (PA) Red Flash,,1883,s:40~l:54~a:1883,cb1b9305e6ac2f2541533aa748d5c0c9,Regina Schlichter,R. Schlichter,,,,NA,,true,false,true,false,
2005,254000009,2598,st-francis-pa-red-flash,SFPA,St. Francis (PA) Red Flash,,4992,s:40~l:54~a:4992,fe96803528320e4b95c1cf760b72af48,Amber Hein,A. Hein,,,,NA,,true,false,true,false,
2005,254000009,2598,st-francis-pa-red-flash,SFPA,St. Francis (PA) Red Flash,,3912,s:40~l:54~a:3912,3cfc96c51b78f26ea832cf5819e84e7f,Sarah Bolten,S. Bolten,,,,NA,,true,false,true,false,
2005,254000009,135,minnesota-golden-gophers,MINN,Minnesota Golden Gophers,,1181,s:40~l:54~a:1181,9ce668b48cba7733bf93d927b1a2a1ff,Janel McCarville,J. McCarville,,,,NA,,true,false,true,false,
2005,254000009,135,minnesota-golden-gophers,MINN,Minnesota Golden Gophers,,3751,s:40~l:54~a:3751,144aeb5e430d8e894d9b9e008fe31657,Jaime Broback,J. Broback,,,,NA,,true,false,true,false,
2005,254000009,135,minnesota-golden-gophers,MINN,Minnesota Golden Gophers,,2656,s:40~l:54~a:2656,c554c85841bc8ee7aa542ce388bf3f9c,Shannon Bolden,S. Bolden,,,,NA,,true,false,true,false,
2005,254000009,135,minnesota-golden-gophers,MINN,Minnesota Golden Gophers,,2655,s:40~l:54~a:2655,0aa092835f3627b3cdc40a286d4d46e8,Shannon Schonrock,S. Schonrock,,,,NA,,true,false,true,false,
2005,254000009,135,minnesota-golden-gophers,MINN,Minnesota Golden Gophers,,888,s:40~l:54~a:888,c179eec54d49961939fafcfcbe03cfcf,April Calhoun,A. Calhoun,,,,NA,,true,false,true,false,
2005,254000035,149,montana-lady-griz,MONT,Montana Lady Griz,,4270,s:40~l:54~a:4270,0c3b21a7447ae4360341ab487a7de510,Hollie Tyler,H. Tyler,,,,NA,,true,false,true,false,
2005,254000035,149,montana-lady-griz,MONT,Montana Lady Griz,,4267,s:40~l:54~a:4267,5851e6000fbee59ab82ce3f98c4c4123,Jody McLeod,J. McLeod,,,,NA,,true,false,true,false,
2005,254000035,149,montana-lady-griz,MONT,Montana Lady Griz,,4265,s:40~l:54~a:4265,5246b8f9fbf7ec8149e7c6a80186340c,Juliann Keller,J. Keller,,,,NA,,true,false,true,false,
2005,254000035,149,montana-lady-griz,MONT,Montana Lady Griz,,4268,s:40~l:54~a:4268,741ee48a9bbbdded2c0d9b2d1ef32438,Lynsey Monaco,L. Monaco,,,,NA,,true,false,true,false,
2005,254000035,149,montana-lady-griz,MONT,Montana Lady Griz,,4262,s:40~l:54~a:4262,b7ee6f03bd629fc6a770e8d729278c63,Katie Edwards,K. Edwards,,,,NA,,true,false,true,false,
2005,254000035,238,vanderbilt-commodores,VAN,Vanderbilt Commodores,,3776,s:40~l:54~a:3776,20a3cf56ca4c4a4e1704b19976f87669,Carla Thomas,C. Thomas,,,,NA,,true,false,true,false,
2005,254000035,238,vanderbilt-commodores,VAN,Vanderbilt Commodores,,2172,s:40~l:54~a:2172,c1574a089b1da6559d8631765421b3b7,Ashley Earley,A. Earley,,,,NA,,true,false,true,false,
2005,254000035,238,vanderbilt-commodores,VAN,Vanderbilt Commodores,,3778,s:40~l:54~a:3778,e3312e11d01fddfa4043843053d5f4a3,Dee Davis,D. Davis,,,,NA,,true,false,true,false,
2005,254000035,238,vanderbilt-commodores,VAN,Vanderbilt Commodores,,3775,s:40~l:54~a:3775,30c7799ec3ad7a48f2adc5317b6eca98,Caroline Williams,C. Williams,,,,NA,,true,false,true,false,
2005,254000035,238,vanderbilt-commodores,VAN,Vanderbilt Commodores,,2177,s:40~l:54~a:2177,d174132d9aef7c125588d9d1209bc223,Abi Ramsey,A. Ramsey,,,,NA,,true,false,true,false,
2005,254000058,2099,canisius-golden-griffins,CAN,Canisius Golden Griffins,,5006,s:40~l:54~a:5006,6aafbf5383fe7ecd9d20ac9dac137cc9,Jessica Steeves,J. Steeves,,,,NA,,true,false,true,false,
2005,254000058,2099,canisius-golden-griffins,CAN,Canisius Golden Griffins,,5005,s:40~l:54~a:5005,8a47e998539bcfa74b7219df132e8207,Megan Lyte,M. Lyte,,,,NA,,true,false,true,false,
2005,254000058,2099,canisius-golden-griffins,CAN,Canisius Golden Griffins,,5009,s:40~l:54~a:5009,0111b50b4fe498d4e1367d519088c202,Cheri Wittlieb,C. Wittlieb,,,,NA,,true,false,true,false,
2005,254000058,2099,canisius-golden-griffins,CAN,Canisius Golden Griffins,,5008,s:40~l:54~a:5008,d14b78cf1aff06a0115da2a3e7578f35,Becky Zak,B. Zak,,,,NA,,true,false,true,false,
2005,254000058,2099,canisius-golden-griffins,CAN,Canisius Golden Griffins,,5007,s:40~l:54~a:5007,4c99aa52f2b26b4163dab738f8e6e4e5,Jessie Lamparski,J. Lamparski,,,,NA,,true,false,true,false,
2005,254000058,150,duke-blue-devils,DUKE,Duke Blue Devils,,3713,s:40~l:54~a:3713,b76d2b4b4670ae3d28b747c9af9e2a69,Alison Bales,A. Bales,,,,NA,,true,false,true,false,
2005,254000058,150,duke-blue-devils,DUKE,Duke Blue Devils,,2475,s:40~l:54~a:2475,34971f2dbdb57e31e6939fa80c4422c8,Mistie McCray Bass,M. Bass,,,,NA,,true,false,true,false,
2005,254000058,150,duke-blue-devils,DUKE,Duke Blue Devils,,438,s:40~l:54~a:438,c7e26c3620f06c9196f3fe534452d4f6,Monique Currie,M. Currie,,,,NA,,true,false,true,false,
2005,254000058,150,duke-blue-devils,DUKE,Duke Blue Devils,,4819,s:40~l:54~a:4819,d0c9e7e583ec078c3c2f19b1a3393528,Wanisha Smith,W. Smith,,,,NA,,true,false,true,false,
2005,254000058,150,duke-blue-devils,DUKE,Duke Blue Devils,,2631,s:40~l:54~a:2631,5c69d509caacd6a21f5ccd5dd87ec5ad,Jessica Foley,J. Foley,,,,NA,,true,true,true,false,
2005,254000048,12,arizona-wildcats,ARIZ,Arizona Wildcats,,2859,s:40~l:54~a:2859,4fc9a1ba1d40c28c3cf16d75a84695bc,Shawntinice Polk,S. Polk,,,,NA,,true,false,true,false,
2005,254000048,12,arizona-wildcats,ARIZ,Arizona Wildcats,,36,s:40~l:54~a:36,d4cd18c1a15a5b2d6a8a644718220853,Danielle Adefeso,D. Adefeso,,,,NA,,true,false,true,false,
2005,254000048,12,arizona-wildcats,ARIZ,Arizona Wildcats,,5004,s:40~l:54~a:5004,6be8e091bb7e45d0bc93abcbd3f6a627,Jessica Arnold,J. Arnold,,,,NA,,true,false,true,false,
2005,254000048,12,arizona-wildcats,ARIZ,Arizona Wildcats,,2856,s:40~l:54~a:2856,305a4ceb46a2bbd9e7c2c1c355dac3a8,Natalie Jones,N. Jones,,,,NA,,true,false,true,false,
2005,254000048,12,arizona-wildcats,ARIZ,Arizona Wildcats,,39,s:40~l:54~a:39,f70f828c78528b4eb2995b632e3696ea,Dee Dee Wheeler,D. Wheeler,,,,NA,,true,false,true,false,
2005,254000048,201,oklahoma-sooners,OU,Oklahoma Sooners,,3814,s:40~l:54~a:3814,f156683781715a0d8cd075188ce2a1d8,Leah Rush,L. Rush,,,,NA,,true,false,true,false,
2005,254000048,201,oklahoma-sooners,OU,Oklahoma Sooners,,3816,s:40~l:54~a:3816,7211db13851817d2dc714706e30b0134,Brittney Brown,B. Brown,,,,NA,,true,false,true,false,
2005,254000048,201,oklahoma-sooners,OU,Oklahoma Sooners,,2440,s:40~l:54~a:2440,e3bf68ab5f09df85beb125602605ce51,Erin Higgins,E. Higgins,,,,NA,,true,false,true,false,
2005,254000048,201,oklahoma-sooners,OU,Oklahoma Sooners,,1502,s:40~l:54~a:1502,c7ae6460ac883d3c5097243490e1f22c,Lauren Shoush,L. Shoush,,,,NA,,true,false,true,false,
2005,254000048,201,oklahoma-sooners,OU,Oklahoma Sooners,,1501,s:40~l:54~a:1501,0638f94790dcbde686a8b385b55bc9d2,Dionnah Jackson-Durrett,D. Jackson-Durrett,,,,NA,,true,false,true,false,
2005,254000027,107,holy-cross-crusaders,HC,Holy Cross Crusaders,,753,s:40~l:54~a:753,6a1d690833b96f348d098045e6092e9d,Lisa Andrews,L. Andrews,,,,NA,,true,false,true,false,
2005,254000027,107,holy-cross-crusaders,HC,Holy Cross Crusaders,,4140,s:40~l:54~a:4140,e9b8bc23814e9965dca0264fd62a213f,Brittany Keil,B. Keil,,,,NA,,true,false,true,false,
2005,254000027,107,holy-cross-crusaders,HC,Holy Cross Crusaders,,5003,s:40~l:54~a:5003,ccee25ad51307f26a8f6a96f61963925,Laura Aloisi,L. Aloisi,,,,NA,,true,false,true,false,
2005,254000027,107,holy-cross-crusaders,HC,Holy Cross Crusaders,,760,s:40~l:54~a:760,6d61ff9d4bd78649ce1de27ff6197af3,Sarah Placek,S. Placek,,,,NA,,true,false,true,false,
2005,254000027,107,holy-cross-crusaders,HC,Holy Cross Crusaders,,757,s:40~l:54~a:757,f61b2c165320e7871ccd53d350f9fc9d,Maggie Fontana,M. Fontana,,,,NA,,true,false,true,false,
2005,254000027,194,ohio-state-buckeyes,OSU,Ohio State Buckeyes,,3831,s:40~l:54~a:3831,d7d474a42d3ed0200925eaf98d64417d,Jessica Davenport,J. Davenport,,,,NA,,true,false,true,false,
2005,254000027,194,ohio-state-buckeyes,OSU,Ohio State Buckeyes,,3833,s:40~l:54~a:3833,dc2ef3677a22bd7cc11af6c11b005875,Brandie Hoskins,B. Hoskins,,,,NA,,true,false,true,false,
2005,254000027,194,ohio-state-buckeyes,OSU,Ohio State Buckeyes,,1497,s:40~l:54~a:1497,351389757b84021dba06e9d25eba346a,Caity Matter,C. Matter,,,,NA,,true,false,true,false,
2005,254000027,194,ohio-state-buckeyes,OSU,Ohio State Buckeyes,,1493,s:40~l:54~a:1493,4046c1dfdbd76f3b66c26e5d9340885a,Ashley Allen,A. Allen,,,,NA,,true,false,true,false,
2005,254000027,194,ohio-state-buckeyes,OSU,Ohio State Buckeyes,,2007,s:40~l:54~a:2007,f15ed24db25b7b39cceb30429c2cb63b,Michelle Munoz,M. Munoz,,,,NA,,true,true,true,false,
2005,254000023,2348,louisiana-tech-lady-techsters,LT,Louisiana Tech Lady Techsters,,5010,s:40~l:54~a:5010,abe72cbb6c13a6b3c8ac4e394e8b1281,Margaret DeCiman,M. DeCiman,,,,NA,,true,false,true,false,
2005,254000023,2348,louisiana-tech-lady-techsters,LT,Louisiana Tech Lady Techsters,,3731,s:40~l:54~a:3731,ae76df89507aac74b3707b35149ba831,Lakiste Barkus,L. Barkus,,,,NA,,true,false,true,false,
2005,254000023,2348,louisiana-tech-lady-techsters,LT,Louisiana Tech Lady Techsters,,2533,s:40~l:54~a:2533,3a77df19147e3525a26ad04e751c4906,Tasha Crain,T. Crain,,,,NA,,true,false,true,false,
2005,254000023,2348,louisiana-tech-lady-techsters,LT,Louisiana Tech Lady Techsters,,998,s:40~l:54~a:998,a6e3477694060b0f4f17733c9dfee7a7,Erica Smith-Taylor,E. Smith-Taylor,,,,NA,,true,false,true,false,
2005,254000023,2348,louisiana-tech-lady-techsters,LT,Louisiana Tech Lady Techsters,,3727,s:40~l:54~a:3727,8070ea056d67093f4d1d6f8dad29eb3f,Tiffany Thompson,T. Thompson,,,,NA,,true,true,true,false,
2005,254000023,218,temple-owls,TEM,Temple Owls,,3023,s:40~l:54~a:3023,99914daf240a2fbaff01ea59c0902860,Candice Dupree,C. Dupree,,,,NA,,true,false,true,false,
2005,254000023,218,temple-owls,TEM,Temple Owls,,4328,s:40~l:54~a:4328,c97612cd822e8c74d637c547abc661ab,Kamesha Hairston,K. Hairston,,,,NA,,true,false,true,false,
2005,254000023,218,temple-owls,TEM,Temple Owls,,3022,s:40~l:54~a:3022,6f925f4e47e612eca4ca9000c46ad7cf,Jennifer Owens,J. Owens,,,,NA,,true,false,true,false,
2005,254000023,218,temple-owls,TEM,Temple Owls,,1990,s:40~l:54~a:1990,4b14f2f2877e55ddda190c061d42a88e,Ari Moore,A. Moore,,,,NA,,true,false,true,false,
2005,254000023,218,temple-owls,TEM,Temple Owls,,1988,s:40~l:54~a:1988,2a418d8f87dc69eaf8d69d3710dda47a,Cynthia Jordan,C. Jordan,,,,NA,,true,false,true,false,
2005,254000057,248,houston-cougars,HOU,Houston Cougars,,766,s:40~l:54~a:766,3080fbc41f02012e731b60c5bea7c84f,Kiemona Harris,K. Harris,,,,NA,,true,true,true,false,
2005,254000057,248,houston-cougars,HOU,Houston Cougars,,4306,s:40~l:54~a:4306,84b14de30bb1c080681669c997dd556f,Cynecia Robinson,C. Robinson,,,,NA,,true,true,true,false,
2005,254000057,248,houston-cougars,HOU,Houston Cougars,,4304,s:40~l:54~a:4304,debaefead90b13c53f23efe93ab3c690,Sancho Lyttle,S. Lyttle,,,,NA,,true,true,true,false,
2005,254000057,248,houston-cougars,HOU,Houston Cougars,,4303,s:40~l:54~a:4303,eef558cf18e42fea67a5fb0a6bf95710,Joann Overstreet,J. Overstreet,,,,NA,,true,true,true,false,
2005,254000057,248,houston-cougars,HOU,Houston Cougars,,771,s:40~l:54~a:771,56b733d5b237abedf33a723365866b1f,Crystal Simpson,C. Simpson,,,,NA,,true,true,true,false,
2005,254000057,103,boston-college-eagles,BC,Boston College Eagles,,3761,s:40~l:54~a:3761,5d645fde10bd56f1e4864c6ccdee3da2,Kathrin Ress,K. Ress,,,,NA,,true,true,true,false,
2005,254000057,103,boston-college-eagles,BC,Boston College Eagles,,2490,s:40~l:54~a:2490,e58a3cc8f750dc4f18406890db088d35,Brooke Queenan,B. Queenan,,,,NA,,true,true,true,false,
2005,254000057,103,boston-college-eagles,BC,Boston College Eagles,,133,s:40~l:54~a:133,5205316781f5a92c7a3154b708eb1e6e,Clare Droesch,C. Droesch,,,,NA,,true,true,true,false,
2005,254000057,103,boston-college-eagles,BC,Boston College Eagles,,3763,s:40~l:54~a:3763,5486238895817dd7a5b4a01cf401ff4c,Sarah Marshall,S. Marshall,,,,NA,,true,true,true,false,
2005,254000057,103,boston-college-eagles,BC,Boston College Eagles,,2489,s:40~l:54~a:2489,949331de18702b48610ccdffc79e9a5f,Aja Parham,A. Parham,,,,NA,,true,true,true,false,
2005,254000047,56,stetson-hatters,STET,Stetson Hatters,,3543,s:40~l:54~a:3543,0c9cb51b8b3b28c83107cec9ca990a4c,Kristy Brown,K. Brown,,,,NA,,true,false,true,false,
2005,254000047,56,stetson-hatters,STET,Stetson Hatters,,5023,s:40~l:54~a:5023,936403edbfae3d4b2e5aa8e52f504e22,Lucy Martinez,L. Martinez,,,,NA,,true,false,true,false,
2005,254000047,56,stetson-hatters,STET,Stetson Hatters,,3923,s:40~l:54~a:3923,cb2768e21520bac25524da9fff04329f,Janene Maclin,J. Maclin,,,,NA,,true,false,true,false,
2005,254000047,56,stetson-hatters,STET,Stetson Hatters,,5024,s:40~l:54~a:5024,2a941313f4e54fc8c52ce214cd795c88,Nefertiti Walker,N. Walker,,,,NA,,true,false,true,false,
2005,254000047,56,stetson-hatters,STET,Stetson Hatters,,3922,s:40~l:54~a:3922,8fdc756cea32421da8630a2984fd4e2f,JoAnn Smith,J. Smith,,,,NA,,true,false,true,false,
2005,254000047,99,lsu-tigers,LSU,LSU Tigers,,1043,s:40~l:54~a:1043,431b3570ffc5722cb1fb6828863687e9,Tillie Willis,T. Willis,,,,NA,,true,false,true,false,
2005,254000047,99,lsu-tigers,LSU,LSU Tigers,,2635,s:40~l:54~a:2635,3a7f24f2f739ca385df1c548e6def432,Seimone Augustus,S. Augustus,,,,NA,,true,false,true,false,
2005,254000047,99,lsu-tigers,LSU,LSU Tigers,,1042,s:40~l:54~a:1042,7975c2d74746b291db1778dab57902cf,Wendlyn Jones,W. Jones,,,,NA,,true,false,true,false,
2005,254000047,99,lsu-tigers,LSU,LSU Tigers,,3715,s:40~l:54~a:3715,e6a46d07dfc2f2055ba24fc51716a427,Scholanda Hoston,S. Hoston,,,,NA,,true,false,true,false,
2005,254000047,99,lsu-tigers,LSU,LSU Tigers,,1041,s:40~l:54~a:1041,b5915a3ecaf9a7f982f75114aefe4cd6,Temeka Johnson,T. Johnson,,,,NA,,true,false,true,false,
2005,254000026,2739,green-bay-phoenix,GB,Green Bay Phoenix,,3085,s:40~l:54~a:3085,8c6c78beb45ae6dd01ad79054d02f2b1,Amy Fieck,A. Fieck,,,,NA,,true,false,true,false,
2005,254000026,2739,green-bay-phoenix,GB,Green Bay Phoenix,,2379,s:40~l:54~a:2379,135107d538f09b366dc799b6a42e8cb6,Tiffany Mor,T. Mor,,,,NA,,true,false,true,false,
2005,254000026,2739,green-bay-phoenix,GB,Green Bay Phoenix,,3084,s:40~l:54~a:3084,b9d7fbecdc8d215992f985fccba8b34c,Abby Scharlow,A. Scharlow,,,,NA,,true,false,true,false,
2005,254000026,2739,green-bay-phoenix,GB,Green Bay Phoenix,,3083,s:40~l:54~a:3083,2367cc1dc2cb87c8e049bf6ae0ddd36b,Mary Kulenkamp,M. Kulenkamp,,,,NA,,true,false,true,false,
2005,254000026,2739,green-bay-phoenix,GB,Green Bay Phoenix,,3082,s:40~l:54~a:3082,fd62e2b69eb79ff05a9c636d97ad07f3,Tricia Grassell,T. Grassell,,,,NA,,true,false,true,false,
2005,254000026,120,maryland-terrapins,MD,Maryland Terrapins,,4857,s:40~l:54~a:4857,54d95e907134bc5181e7e4e75360d98c,Crystal Langhorne,C. Langhorne,,,,NA,,true,false,true,false,
2005,254000026,120,maryland-terrapins,MD,Maryland Terrapins,,4856,s:40~l:54~a:4856,beb9a7b51168d2efe54cefd1a050d1ec,Jade Perry,J. Perry,,,,NA,,true,false,true,false,
2005,254000026,120,maryland-terrapins,MD,Maryland Terrapins,,4315,s:40~l:54~a:4315,c673fd63ff70ce4b762472ac0ef61a19,Kalika France,K. France,,,,NA,,true,false,true,false,
2005,254000026,120,maryland-terrapins,MD,Maryland Terrapins,,4314,s:40~l:54~a:4314,89b9ded0b2f2d65e468ebae6d5bf556f,Shay Doron,S. Doron,,,,NA,,true,false,true,false,
2005,254000026,120,maryland-terrapins,MD,Maryland Terrapins,,1084,s:40~l:54~a:1084,d6d3354c820b115d5a23639db6e55844,Anesia Smith,A. Smith,,,,NA,,true,false,true,false,
2005,254000024,42,hartford-hawks,HART,Hartford Hawks,,739,s:40~l:54~a:739,edcbf309653a780fbc6323550a9fe29c,Tanika Price,T. Price,,,,NA,,true,false,true,false,
2005,254000024,42,hartford-hawks,HART,Hartford Hawks,,5025,s:40~l:54~a:5025,e2e42e7a018f2e6b9c0a9fd6b64212ee,Jenna Gale,J. Gale,,,,NA,,true,false,true,false,
2005,254000024,42,hartford-hawks,HART,Hartford Hawks,,5028,s:40~l:54~a:5028,04aa0d08be9570e8c4bbcf5dfa48e550,Ikea Witt,I. Witt,,,,NA,,true,false,true,false,
2005,254000024,42,hartford-hawks,HART,Hartford Hawks,,5027,s:40~l:54~a:5027,57a1f526dc2d5103fdfd3697ad4be5a2,Erika Messam,E. Messam,,,,NA,,true,false,true,false,
2005,254000024,42,hartford-hawks,HART,Hartford Hawks,,5026,s:40~l:54~a:5026,99f6ce317b144db7b6efa3acd86f8d06,Danielle Wexler,D. Wexler,,,,NA,,true,false,true,false,
2005,254000024,164,rutgers-scarlet-knights,RUTG,Rutgers Scarlet Knights,,1696,s:40~l:54~a:1696,5781196c96a5284f46752d7d6b5f8d95,Rebecca Richman,R. Richman,,,,NA,,true,false,true,false,
2005,254000024,164,rutgers-scarlet-knights,RUTG,Rutgers Scarlet Knights,,2400,s:40~l:54~a:2400,df7bd1b14c0efa91d7c658215d14c831,Michelle Campbell,M. Campbell,,,,NA,,true,false,true,false,
2005,254000024,164,rutgers-scarlet-knights,RUTG,Rutgers Scarlet Knights,,1694,s:40~l:54~a:1694,f0af047dc9015b7b46c2bc02ed0f38c1,Chelsea Newton,C. Newton,,,,NA,,true,false,true,false,
2005,254000024,164,rutgers-scarlet-knights,RUTG,Rutgers Scarlet Knights,,4816,s:40~l:54~a:4816,e32515ecd622f27d9b0367d9b3f2a809,Matee Ajavon,M. Ajavon,,,,NA,,true,false,true,false,
2005,254000024,164,rutgers-scarlet-knights,RUTG,Rutgers Scarlet Knights,,1692,s:40~l:54~a:1692,b7edc7ce1bae2c0b0fab08c9dd06a3fd,Nikki Jett,N. Jett,,,,NA,,true,false,true,false,
2005,254000050,259,virginia-tech-hokies,VT,Virginia Tech Hokies,,2208,s:40~l:54~a:2208,c385090b22f9075693c25450afa7d643,Erin Gibson,E. Gibson,,,,NA,,true,false,true,false,
2005,254000050,259,virginia-tech-hokies,VT,Virginia Tech Hokies,,2776,s:40~l:54~a:2776,51736d60e466f3c50fc6ae3284797c07,Kerri Gardin,K. Gardin,,,,NA,,true,false,true,false,
2005,254000050,259,virginia-tech-hokies,VT,Virginia Tech Hokies,,3989,s:40~l:54~a:3989,622aa645f0b978929aecdbc82447f4d3,Kirby Copeland,K. Copeland,,,,NA,,true,false,true,false,
2005,254000050,259,virginia-tech-hokies,VT,Virginia Tech Hokies,,2778,s:40~l:54~a:2778,9c6d7e00073c2dd7472d136b3b7be826,Carrie Mason,C. Mason,,,,NA,,true,false,true,false,
2005,254000050,259,virginia-tech-hokies,VT,Virginia Tech Hokies,,2773,s:40~l:54~a:2773,79a9e88ee77ba2976a0dc6d91b86d9d7,Dawn Chriss,D. Chriss,,,,NA,,true,false,true,false,
2005,254000050,305,depaul-blue-demons,DEP,DePaul Blue Demons,,4862,s:40~l:54~a:4862,ada6d59c2d30a68c6882307040e5b23e,Erin Carney,E. Carney,,,,NA,,true,false,true,false,
2005,254000050,305,depaul-blue-demons,DEP,DePaul Blue Demons,,415,s:40~l:54~a:415,aaaa2dcd83fe04b0e0e40cd0d502a6d6,Khara Smith,K. Smith,,,,NA,,true,false,true,false,
2005,254000050,305,depaul-blue-demons,DEP,DePaul Blue Demons,,4859,s:40~l:54~a:4859,8ccf9f61389ad1b5e837d73da998e9cb,Allie Quigley,A. Quigley,,,,NA,,true,false,true,false,
2005,254000050,305,depaul-blue-demons,DEP,DePaul Blue Demons,,4561,s:40~l:54~a:4561,6ebbbc3f36e376a65adaf5b2cd19682f,Jenna Rubino,J. Rubino,,,,NA,,true,false,true,false,
2005,254000050,305,depaul-blue-demons,DEP,DePaul Blue Demons,,410,s:40~l:54~a:410,f4a6cfa939fd622ba796d86d80411933,Jenni Dant,J. Dant,,,,NA,,true,false,true,false,
2005,254000040,159,dartmouth-big-green,DART,Dartmouth Big Green,,5042,s:40~l:54~a:5042,6b54e6194646c899578651f44fa2b120,Elise Morrison,E. Morrison,,,,NA,,true,false,true,false,
2005,254000040,159,dartmouth-big-green,DART,Dartmouth Big Green,,5041,s:40~l:54~a:5041,04a746a39a22f0a74eb868785b5d9f5b,Krista Perry,K. Perry,,,,NA,,true,false,true,false,
2005,254000040,159,dartmouth-big-green,DART,Dartmouth Big Green,,5040,s:40~l:54~a:5040,7e4c0c1b847ceb54c77129a6722afb3f,Ashley Taylor,A. Taylor,,,,NA,,true,false,true,false,
2005,254000040,159,dartmouth-big-green,DART,Dartmouth Big Green,,5044,s:40~l:54~a:5044,4b0fdfc6758592016861cf823caa8d48,Angie Soriaga,A. Soriaga,,,,NA,,true,false,true,false,
2005,254000040,159,dartmouth-big-green,DART,Dartmouth Big Green,,5043,s:40~l:54~a:5043,5fdb54a4a6ca1308d38bcd5becad5713,Jeannie Cullen,J. Cullen,,,,NA,,true,false,true,false,
2005,254000040,41,uconn-huskies,CONN,UConn Huskies,,316,s:40~l:54~a:316,f03637f1aa75018b058ff84817277c21,Jessica Moore,J. Moore,,,,NA,,true,false,true,false,
2005,254000040,41,uconn-huskies,CONN,UConn Huskies,,2409,s:40~l:54~a:2409,3166c5ecd189f3f8d53632fe2f90913a,Barbara Turner,B. Turner,,,,NA,,true,false,true,false,
2005,254000040,41,uconn-huskies,CONN,UConn Huskies,,2637,s:40~l:54~a:2637,131163c0c1e979b8607484d92145c5e3,Ann Strother,A. Strother,,,,NA,,true,false,true,false,
2005,254000040,41,uconn-huskies,CONN,UConn Huskies,,2410,s:40~l:54~a:2410,56efb2414f093ff317ca52a41a8e8b7f,Nicole Wolff,N. Wolff,,,,NA,,true,false,true,false,
2005,254000040,41,uconn-huskies,CONN,UConn Huskies,,311,s:40~l:54~a:311,6aeeb2f0fab7e503978f4b0052b4cbf7,Ashley Valley,A. Valley,,,,NA,,true,false,true,false,
2005,254000017,2509,purdue-boilermakers,PUR,Purdue Boilermakers,,4807,s:40~l:54~a:4807,041fa3dc3f5ac0a6db55d4847c02f66d,Lindsay Wisdom-Hylton,L. Wisdom-Hylton,,,,F,,true,false,true,false,
2005,254000017,2509,purdue-boilermakers,PUR,Purdue Boilermakers,,1620,s:40~l:54~a:1620,eac153cdef506c3c82cf9dc00a44afc5,Emily Heikes,E. Heikes,,,,NA,,true,false,true,false,
2005,254000017,2509,purdue-boilermakers,PUR,Purdue Boilermakers,,3724,s:40~l:54~a:3724,9c4848c80a777e86150539b6968d2fc2,Erin Lawless,E. Lawless,,,,NA,,true,false,true,false,
2005,254000017,2509,purdue-boilermakers,PUR,Purdue Boilermakers,,3726,s:40~l:54~a:3726,e393049a5d36b85d573c18f7f6e414e7,Katie Gearlds,K. Gearlds,,,,NA,,true,false,true,false,
2005,254000017,2509,purdue-boilermakers,PUR,Purdue Boilermakers,,2468,s:40~l:54~a:2468,00a69fb6888c8a2589587f79913d53c0,Sharika Webb,S. Webb,,,,NA,,true,false,true,false,
2005,254000017,167,new-mexico-lobos,UNM,New Mexico Lobos,,4868,s:40~l:54~a:4868,34cbaed7f8d137f8bf47dd477edcd24b,Dionne Marsh,D. Marsh,,,,NA,,true,false,true,false,
2005,254000017,167,new-mexico-lobos,UNM,New Mexico Lobos,,1339,s:40~l:54~a:1339,dc1f32d28d47c882764d3e46eeb8d406,Lindsey Arndt,L. Arndt,,,,NA,,true,false,true,false,
2005,254000017,167,new-mexico-lobos,UNM,New Mexico Lobos,,3789,s:40~l:54~a:3789,de98591ed6aa9ebd243d832c63df88fc,Katie Montgomery,K. Montgomery,,,,NA,,true,false,true,false,
2005,254000017,167,new-mexico-lobos,UNM,New Mexico Lobos,,2398,s:40~l:54~a:2398,7efb0fb43ebe1cd69a3f3dadbff873ce,Abbie Letz,A. Letz,,,,NA,,true,false,true,false,
2005,254000017,167,new-mexico-lobos,UNM,New Mexico Lobos,,1342,s:40~l:54~a:1342,18a7e1ea1da02af9ffca59a339587dd5,Mandi Moore,M. Moore,,,,NA,,true,false,true,false,
2005,254000001,2154,coppin-state-eagles,COPP,Coppin State Eagles,,5037,s:40~l:54~a:5037,4ce9505b3708f4579778dadb96389a04,Sherrie Tucker,S. Tucker,,,,NA,,true,false,true,false,
2005,254000001,2154,coppin-state-eagles,COPP,Coppin State Eagles,,5036,s:40~l:54~a:5036,b7d3d3253714462c604d94b1aad99742,LaKesha Wills,L. Wills,,,,NA,,true,false,true,false,
2005,254000001,2154,coppin-state-eagles,COPP,Coppin State Eagles,,5035,s:40~l:54~a:5035,0db1c9a3242929826e08733a8f602315,Talia Sutton,T. Sutton,,,,NA,,true,false,true,false,
2005,254000001,2154,coppin-state-eagles,COPP,Coppin State Eagles,,5039,s:40~l:54~a:5039,8a3b3fdbcc976be0b538fd710eae9d4b,Courtni Strickland,C. Strickland,,,,NA,,true,false,true,false,
2005,254000001,2154,coppin-state-eagles,COPP,Coppin State Eagles,,5038,s:40~l:54~a:5038,f33064e6243e784ffa1545fd1fc5766e,Denita Plain,D. Plain,,,,NA,,true,false,true,false,
2005,254000001,153,north-carolina-tar-heels,UNC,North Carolina Tar Heels,,4820,s:40~l:54~a:4820,0de0ab274d44bdd6a591d5ef9dfbcb07,Erlana Larkins,E. Larkins,,,,NA,,true,false,true,false,
2005,254000001,153,north-carolina-tar-heels,UNC,North Carolina Tar Heels,,3754,s:40~l:54~a:3754,8ba41f63ad491766dd837fe6ccb34b98,Camille Little,C. Little,,,,NA,,true,false,true,false,
2005,254000001,153,north-carolina-tar-heels,UNC,North Carolina Tar Heels,,1397,s:40~l:54~a:1397,226e8cb7c3fd13418710ef15a214eaf2,Nikita Bell,N. Bell,,,,NA,,true,false,true,false,
2005,254000001,153,north-carolina-tar-heels,UNC,North Carolina Tar Heels,,3755,s:40~l:54~a:3755,dfe2d840ee1f027b9d928e7dcd35a0cd,Ivory Latta,I. Latta,,,,NA,,true,false,true,false,
2005,254000001,153,north-carolina-tar-heels,UNC,North Carolina Tar Heels,,2647,s:40~l:54~a:2647,78fba069babc60e597c4b87df0c6edee,La'Tangela Atkinson,L. Atkinson,,,,NA,,true,false,true,false,
2005,254000051,2335,liberty-flames,LIB,Liberty Flames,,2610,s:40~l:54~a:2610,c13f951fae32274a37ccfb07e0d38b14,Katie Feenstra,K. Feenstra,,,,NA,,true,false,true,false,
2005,254000051,2335,liberty-flames,LIB,Liberty Flames,,2723,s:40~l:54~a:2723,91a32629489151fa76acbc0ba4d10536,Rima Margeviciute,R. Margeviciute,,,,NA,,true,false,true,false,
2005,254000051,2335,liberty-flames,LIB,Liberty Flames,,2616,s:40~l:54~a:2616,f300534e7a8753be2a455e2abd396d0a,Kristal Tharp,K. Tharp,,,,NA,,true,false,true,false,
2005,254000051,2335,liberty-flames,LIB,Liberty Flames,,5053,s:40~l:54~a:5053,0dc0892a5a402c2ec815427e274f1f08,Allyson Fasnacht,A. Fasnacht,,,,NA,,true,false,true,false,
2005,254000051,2335,liberty-flames,LIB,Liberty Flames,,2615,s:40~l:54~a:2615,1134f0edd130773ac616f35200a93fc4,Daina Stagaitene,D. Stagaitene,,,,NA,,true,false,true,false,
2005,254000051,213,penn-state-lady-lions,PSU,Penn State Lady Lions,,1555,s:40~l:54~a:1555,9ea429d67def486608bdab3ac58f05f1,Jess Strom,J. Strom,,,,NA,,true,false,true,false,
2005,254000051,213,penn-state-lady-lions,PSU,Penn State Lady Lions,,1556,s:40~l:54~a:1556,91b352f8dd0db1fb5f898fabf769c145,Tanisha Wright,T. Wright,,,,NA,,true,false,true,false,
2005,254000051,213,penn-state-lady-lions,PSU,Penn State Lady Lions,,1554,s:40~l:54~a:1554,3d8dd595cda8830a03442b0ce14d4f30,Ashli Schwab,A. Schwab,,,,NA,,true,false,true,false,
2005,254000051,213,penn-state-lady-lions,PSU,Penn State Lady Lions,,3748,s:40~l:54~a:3748,047ad9d47adad2ddb828a059d22e61cc,Amanda Brown,A. Brown,,,,NA,,true,false,true,false,
2005,254000051,213,penn-state-lady-lions,PSU,Penn State Lady Lions,,1550,s:40~l:54~a:1550,bf4bfca1c20af46b69b533e7ea234bc8,Jennifer Brenden,J. Brenden,,,,NA,,true,false,true,false,
2005,254000039,257,richmond-spiders,RICH,Richmond Spiders,,4585,s:40~l:54~a:4585,859a270168d0fd6e91e1a9c4f9b48931,Kelly Roche,K. Roche,,,,NA,,true,false,true,false,
2005,254000039,257,richmond-spiders,RICH,Richmond Spiders,,4583,s:40~l:54~a:4583,4ab1849f97c36e0d596910dace4b6d60,Christina Campion,C. Campion,,,,NA,,true,false,true,false,
2005,254000039,257,richmond-spiders,RICH,Richmond Spiders,,3438,s:40~l:54~a:3438,8307f902eda830cfb0d8cb0cd58b3822,Saona Chapman,S. Chapman,,,,NA,,true,false,true,false,
2005,254000039,257,richmond-spiders,RICH,Richmond Spiders,,3436,s:40~l:54~a:3436,e17b32114cb808e10ece10bf452f19ff,Araceli Gil,A. Gil,,,,NA,,true,false,true,false,
2005,254000039,257,richmond-spiders,RICH,Richmond Spiders,,5051,s:40~l:54~a:5051,595caf2fb0dd9abe2d1ab671fb886e60,Tanja Miranovic,T. Miranovic,,,,NA,,true,true,true,false,
2005,254000039,52,florida-state-seminoles,FSU,Florida State Seminoles,,4096,s:40~l:54~a:4096,2471a03b3f0c483848e8094fef4661c7,Alicia Gladden,A. Gladden,,,,NA,,true,false,true,false,
2005,254000039,52,florida-state-seminoles,FSU,Florida State Seminoles,,2537,s:40~l:54~a:2537,fd12cc34017e9ed79063e1c8bfac8340,Ganiyat Adeduntan,G. Adeduntan,,,,NA,,true,false,true,false,
2005,254000039,52,florida-state-seminoles,FSU,Florida State Seminoles,,4037,s:40~l:54~a:4037,389ca9eaa959c652486d65d8e388d100,Roneeka Hodges,R. Hodges,,,,NA,,true,false,true,false,
2005,254000039,52,florida-state-seminoles,FSU,Florida State Seminoles,,2416,s:40~l:54~a:2416,9536f5a616f150c157f7cd7c1358dbfd,Holly Johnson,H. Johnson,,,,NA,,true,false,true,false,
2005,254000039,52,florida-state-seminoles,FSU,Florida State Seminoles,,569,s:40~l:54~a:569,043cf134086520dfeabdfc65b705cd79,Linnea Liljestrand,L. Liljestrand,,,,NA,,true,false,true,false,
2005,254000016,2717,western-carolina-catamounts,WCU,Western Carolina Catamounts,,5055,s:40~l:54~a:5055,993ef695ef19c85919a77bb0c09b2d0d,Jennifer Gardner,J. Gardner,,,,NA,,true,false,true,false,
2005,254000016,2717,western-carolina-catamounts,WCU,Western Carolina Catamounts,,5054,s:40~l:54~a:5054,2e5ebb76b7b3498a9a5b17c7d6bac496,Lori Tanner,L. Tanner,,,,NA,,true,false,true,false,
2005,254000016,2717,western-carolina-catamounts,WCU,Western Carolina Catamounts,,5058,s:40~l:54~a:5058,dc55acd0c5905712aebef5d1df03cb62,Ki-Ki Glass,K. Glass,,,,NA,,true,false,true,false,
2005,254000016,2717,western-carolina-catamounts,WCU,Western Carolina Catamounts,,5057,s:40~l:54~a:5057,a7e1b2411988612e2a7e74e1a8d2a0a3,Shaketia Barnes,S. Barnes,,,,NA,,true,false,true,false,
2005,254000016,2717,western-carolina-catamounts,WCU,Western Carolina Catamounts,,5056,s:40~l:54~a:5056,ffc335ec950e6f9e00e5c060fb21114f,Sigita Maleraite,S. Maleraite,,,,NA,,true,false,true,false,
2005,254000016,2633,tennessee-lady-volunteers,TENN,Tennessee Lady Volunteers,,4839,s:40~l:54~a:4839,eb2e5d775349b53cc2cd1cff1d06fe67,Nicky Anosike,N. Anosike,,,,NA,,true,false,true,false,
2005,254000016,2633,tennessee-lady-volunteers,TENN,Tennessee Lady Volunteers,,2005,s:40~l:54~a:2005,1cc5b37fb31379fcf23c4ddce5088574,Shyra Ely,S. Ely,,,,NA,,true,false,true,false,
2005,254000016,2633,tennessee-lady-volunteers,TENN,Tennessee Lady Volunteers,,4840,s:40~l:54~a:4840,13ff2da95b8fccf88eff7098fb77f4e5,Alexis Hornbuckle,A. Hornbuckle,,,,NA,,true,false,true,false,
2005,254000016,2633,tennessee-lady-volunteers,TENN,Tennessee Lady Volunteers,,2633,s:40~l:54~a:2633,c2ee79eb6ce4e1f61b40f49f0404c074,Shanna Zolman,S. Zolman,,,,NA,,true,false,true,false,
2005,254000016,2633,tennessee-lady-volunteers,TENN,Tennessee Lady Volunteers,,2006,s:40~l:54~a:2006,9688c8c5fe087c9c2c3a61ad6af5122c,Loree Moore,L. Moore,,,,NA,,true,false,true,false,
2005,254000002,45,george-washington-colonials,GW,George Washington Colonials,,3828,s:40~l:54~a:3828,ee3684010f2038396e6f42e7bca23bba,Whitney Allen,W. Allen,,,,NA,,true,false,true,false,
2005,254000002,45,george-washington-colonials,GW,George Washington Colonials,,3165,s:40~l:54~a:3165,48342864315e146dc5ec2219f4694169,Jessica Simmonds,J. Simmonds,,,,NA,,true,false,true,false,
2005,254000002,45,george-washington-colonials,GW,George Washington Colonials,,647,s:40~l:54~a:647,8d37a2f8fa09997ed5d4f1b982dd44c9,Anna Montanana,A. Montanana,,,,NA,,true,false,true,false,
2005,254000002,45,george-washington-colonials,GW,George Washington Colonials,,5052,s:40~l:54~a:5052,d0631ddc36f4e1db6ec8ae473a7b7d89,Kimberly Beck,K. Beck,,,,NA,,true,false,true,false,
2005,254000002,45,george-washington-colonials,GW,George Washington Colonials,,3826,s:40~l:54~a:3826,1f277a3929bf4a9e561e53dd95f470a1,Kenan Cole,K. Cole,,,,NA,,true,false,true,false,
2005,254000002,145,ole-miss-rebels,MISS,Ole Miss Rebels,,3907,s:40~l:54~a:3907,e24414807990895f52ff7a4e91ed722a,Amber Terrell,A. Terrell,,,,NA,,true,false,true,false,
2005,254000002,145,ole-miss-rebels,MISS,Ole Miss Rebels,,1189,s:40~l:54~a:1189,14ba8477ac1c14d04b1bae48c40ad6c2,Amber Watts,A. Watts,,,,NA,,true,false,true,false,
2005,254000002,145,ole-miss-rebels,MISS,Ole Miss Rebels,,3905,s:40~l:54~a:3905,141926eca0379580396c234584ac70c2,Armintie Herrington,A. Herrington,,,,NA,,true,false,true,false,
2005,254000002,145,ole-miss-rebels,MISS,Ole Miss Rebels,,1184,s:40~l:54~a:1184,28c8e85b55c437635e6e41e17d8a3d88,Elizabeth Cansdale,E. Cansdale,,,,NA,,true,false,true,false,
2005,254000002,145,ole-miss-rebels,MISS,Ole Miss Rebels,,1183,s:40~l:54~a:1183,8c1b41b0775879ce7112f07daa7f7600,Carletta Brown,C. Brown,,,,NA,,true,false,true,false,
2005,254000056,61,georgia-lady-bulldogs,UGA,Georgia Lady Bulldogs,,4838,s:40~l:54~a:4838,c9ab97ae3e9dbd3aa411f43020376140,Tasha Humphrey,T. Humphrey,,,,NA,,true,false,true,false,
2005,254000056,61,georgia-lady-bulldogs,UGA,Georgia Lady Bulldogs,,3743,s:40~l:54~a:3743,6b9fd439f3f0cec605ea86ccc90eb0a9,Rebecca Rowsey,R. Rowsey,,,,NA,,true,false,true,false,
2005,254000056,61,georgia-lady-bulldogs,UGA,Georgia Lady Bulldogs,,3744,s:40~l:54~a:3744,27c198769b7a91cf53fd36dec32b3fe7,Cori Chambers,C. Chambers,,,,NA,,true,false,true,false,
2005,254000056,61,georgia-lady-bulldogs,UGA,Georgia Lady Bulldogs,,2493,s:40~l:54~a:2493,821c4e6aded93845586704f566b326fa,Alexis Kendrick,A. Kendrick,,,,NA,,true,false,true,false,
2005,254000056,61,georgia-lady-bulldogs,UGA,Georgia Lady Bulldogs,,2411,s:40~l:54~a:2411,86fd2ca45accf7e8e83da098981e3bd9,Sherill Baker,S. Baker,,,,NA,,true,false,true,false,
2005,254000056,251,texas-longhorns,TEX,Texas Longhorns,,3710,s:40~l:54~a:3710,cb5034bf70047521ef37260babc15b8f,Tiffany Jackson-Jones,T. Jackson-Jones,,,,NA,,true,false,true,false,
2005,254000056,251,texas-longhorns,TEX,Texas Longhorns,,2039,s:40~l:54~a:2039,5c7304c83473c18dc8f6a1672e542256,Heather Schreiber,H. Schreiber,,,,NA,,true,false,true,false,
2005,254000056,251,texas-longhorns,TEX,Texas Longhorns,,2036,s:40~l:54~a:2036,a26220ec37db349438c15e71cff18255,Kala Bowers,K. Bowers,,,,NA,,true,false,true,false,
2005,254000056,251,texas-longhorns,TEX,Texas Longhorns,,2646,s:40~l:54~a:2646,12a0029affd696522c7d96ced3b1c0cc,Jamie Carey,J. Carey,,,,NA,,true,false,true,false,
2005,254000056,251,texas-longhorns,TEX,Texas Longhorns,,2383,s:40~l:54~a:2383,bda5223d8cb5aef66ae70ad068bb0d67,Nina Norman,N. Norman,,,,NA,,true,false,true,false,
2005,254000034,30,usc-trojans,USC,USC Trojans,,4933,s:40~l:54~a:4933,e1b4b32b7ea3d731c938113704c1175c,Camille LeNoir,C. LeNoir,,,,G,,true,false,true,false,
2005,254000034,30,usc-trojans,USC,USC Trojans,,4932,s:40~l:54~a:4932,6231a3c8e247b6d35dd66d0889151314,Brynn Cameron,B. Cameron,,,,G,,true,false,true,false,
2005,254000034,30,usc-trojans,USC,USC Trojans,,2146,s:40~l:54~a:2146,12bb8a8a0bd547dc5167f16a4a0812dc,Kim Gipson,K. Gipson,,,,NA,,true,false,true,false,
2005,254000034,30,usc-trojans,USC,USC Trojans,,3835,s:40~l:54~a:3835,a7623f8f8cb70164c73498ebc99e316a,Jamie Funn,J. Funn,,,,NA,,true,false,true,false,
2005,254000034,30,usc-trojans,USC,USC Trojans,,2701,s:40~l:54~a:2701,073b4deccbc9fe15c99ccbf2467c7fae,Meghan Gnekow,M. Gnekow,,,,NA,,true,false,true,false,
2005,254000034,127,michigan-state-spartans,MSU,Michigan State Spartans,,1171,s:40~l:54~a:1171,39ba64725808edf7671547c2acde32e8,Kelli Roehrig,K. Roehrig,,,,NA,,true,false,true,false,
2005,254000034,127,michigan-state-spartans,MSU,Michigan State Spartans,,3299,s:40~l:54~a:3299,a159c264237959ed9847622dd9d84765,Liz Shimek,L. Shimek,,,,NA,,true,false,true,false,
2005,254000034,127,michigan-state-spartans,MSU,Michigan State Spartans,,4086,s:40~l:54~a:4086,13b8bb5a81dd1e8cbd8cebcef9ff82ee,Victoria Lucas-Perry,V. Lucas-Perry,,,,NA,,true,false,true,false,
2005,254000034,127,michigan-state-spartans,MSU,Michigan State Spartans,,3295,s:40~l:54~a:3295,10067a6e48be3f41d86fac21fdc8d093,Lindsay Bowen,L. Bowen,,,,NA,,true,false,true,false,
2005,254000034,127,michigan-state-spartans,MSU,Michigan State Spartans,,1167,s:40~l:54~a:1167,6093adec7d0ea61542174c49e29b83e2,Kristin Haynie,K. Haynie,,,,NA,,true,false,true,false,
2005,254000013,2483,oregon-ducks,ORE,Oregon Ducks,,1527,s:40~l:54~a:1527,c5ccb7c8cc443b00bf5e5bf570f4811b,Andrea Bills,A. Bills,,,,NA,,true,false,true,false,
2005,254000013,2483,oregon-ducks,ORE,Oregon Ducks,,4927,s:40~l:54~a:4927,46c21e9d7a5e941320e0b1b48d7aec26,Kristen Forristall,K. Forristall,,,,NA,,true,false,true,false,
2005,254000013,2483,oregon-ducks,ORE,Oregon Ducks,,1531,s:40~l:54~a:1531,c055aa40fb7263571965dbf1ab085cc8,Cathrine Kraayeveld,C. Kraayeveld,,,,NA,,true,false,true,false,
2005,254000013,2483,oregon-ducks,ORE,Oregon Ducks,,1916,s:40~l:54~a:1916,1bf8c0f4d6ed05eed1ec948b00cad8bb,Corrie Mizusawa,C. Mizusawa,,,,NA,,true,false,true,false,
2005,254000013,2483,oregon-ducks,ORE,Oregon Ducks,,1528,s:40~l:54~a:1528,47554a3b7f5167b1af8cf3ad73c0e8cd,Brandi Davis,B. Davis,,,,NA,,true,false,true,false,
2005,254000013,239,baylor-bears,BAY,Baylor Bears,,121,s:40~l:54~a:121,69e81f516e13b29775ae99e4e823da7f,Steffanie Blackmon,S. Blackmon,,,,NA,,true,false,true,false,
2005,254000013,239,baylor-bears,BAY,Baylor Bears,,2719,s:40~l:54~a:2719,3b884ae643bf9fada3be8f086d54aa3a,Abiola Wabara,A. Wabara,,,,NA,,true,false,true,false,
2005,254000013,239,baylor-bears,BAY,Baylor Bears,,2428,s:40~l:54~a:2428,37e483b75e76f4f460a127bc11ae232b,Sophia Young-Malcolm,S. Young-Malcolm,,,,NA,,true,false,true,false,
2005,254000013,239,baylor-bears,BAY,Baylor Bears,,2427,s:40~l:54~a:2427,bc7cd45fbe1b62db1d0361bb0671ef56,Chameka Scott,C. Scott,,,,NA,,true,false,true,false,
2005,254000013,239,baylor-bears,BAY,Baylor Bears,,124,s:40~l:54~a:124,31baeb7c0e17c131d56fcc7374dc6a18,Chelsea Whitaker,C. Whitaker,,,,NA,,true,false,true,false,
2005,254000006,9,arizona-state-sun-devils,ASU,Arizona State Sun Devils,,3842,s:40~l:54~a:3842,fd57da4745de397b8fd78369d112b315,Aubree Johnson,A. Johnson,,,,NA,,true,false,true,false,
2005,254000006,9,arizona-state-sun-devils,ASU,Arizona State Sun Devils,,3841,s:40~l:54~a:3841,c3266714953998f2a38f0dfdfbcf07d8,Emily Westerberg,E. Westerberg,,,,NA,,true,false,true,false,
2005,254000006,9,arizona-state-sun-devils,ASU,Arizona State Sun Devils,,2402,s:40~l:54~a:2402,f656434affdd605660450dfba8b872fe,Kristen Kovesdy,K. Kovesdy,,,,NA,,true,false,true,false,
2005,254000006,9,arizona-state-sun-devils,ASU,Arizona State Sun Devils,,43,s:40~l:54~a:43,f88dbffd96d8c0b99996aa3f900a13e0,Kylan Loney,K. Loney,,,,NA,,true,false,true,false,
2005,254000006,9,arizona-state-sun-devils,ASU,Arizona State Sun Devils,,42,s:40~l:54~a:42,e78d91c6e2c5db36454f7cb163f33388,Carrie Buckner,C. Buckner,,,,NA,,true,false,true,false,
2005,254000006,87,notre-dame-fighting-irish,ND,Notre Dame Fighting Irish,,1467,s:40~l:54~a:1467,ce958eede8b5bb7ea88cdd6af764b501,Teresa Borton,T. Borton,,,,NA,,true,false,true,false,
2005,254000006,87,notre-dame-fighting-irish,ND,Notre Dame Fighting Irish,,2438,s:40~l:54~a:2438,f0060511d7f5adcba68bd0078ba21086,Courtney LaVere,C. LaVere,,,,NA,,true,false,true,false,
2005,254000006,87,notre-dame-fighting-irish,ND,Notre Dame Fighting Irish,,1466,s:40~l:54~a:1466,aa6e5c8fd5176ab9be73b4069b6f2a24,Jacqueline Batteast,J. Batteast,,,,NA,,true,false,true,false,
2005,254000006,87,notre-dame-fighting-irish,ND,Notre Dame Fighting Irish,,3783,s:40~l:54~a:3783,bb74cc9ce5a60d8e7cfcaa19604e2422,Breona Gray,B. Gray,,,,NA,,true,false,true,false,
2005,254000006,87,notre-dame-fighting-irish,ND,Notre Dame Fighting Irish,,2437,s:40~l:54~a:2437,409fab7b1c67274f3ff8f070f97034e8,Megan Duffy,M. Duffy,,,,NA,,true,false,true,false,
2005,254000021,2393,middle-tennessee-blue-raiders,MTSU,Middle Tennessee Blue Raiders,,4449,s:40~l:54~a:4449,d34871bc65bb6121610428331db5cb8c,Krystle Horton,K. Horton,,,,NA,,true,false,true,false,
2005,254000021,2393,middle-tennessee-blue-raiders,MTSU,Middle Tennessee Blue Raiders,,3030,s:40~l:54~a:3030,8e53819d4ba800cef09bfeafc258e550,Tia Stovall,T. Stovall,,,,NA,,true,false,true,false,
2005,254000021,2393,middle-tennessee-blue-raiders,MTSU,Middle Tennessee Blue Raiders,,4452,s:40~l:54~a:4452,bf41e212690c07353d62c868c4f0f8af,Chrissy Givens,C. Givens,,,,NA,,true,false,true,false,
2005,254000021,2393,middle-tennessee-blue-raiders,MTSU,Middle Tennessee Blue Raiders,,1175,s:40~l:54~a:1175,7d53c79da85d9360436a933a9b1b0484,Patrice Holmes,P. Holmes,,,,NA,,true,false,true,false,
2005,254000021,2393,middle-tennessee-blue-raiders,MTSU,Middle Tennessee Blue Raiders,,1174,s:40~l:54~a:1174,c86150046b75a3d39a6ca84562502521,Ciara Gray,C. Gray,,,,NA,,true,false,true,false,
2005,254000021,2641,texas-tech-lady-raiders,TTU,Texas Tech Lady Raiders,,2067,s:40~l:54~a:2067,094d13584b9f0144db3e56a7b57f7ba0,Cisti Greenwalt,C. Greenwalt,,,,NA,,true,false,true,false,
2005,254000021,2641,texas-tech-lady-raiders,TTU,Texas Tech Lady Raiders,,3719,s:40~l:54~a:3719,f8dd92e57ebcc0e0207386d17a75132d,Alseha Robertson,A. Robertson,,,,NA,,true,false,true,false,
2005,254000021,2641,texas-tech-lady-raiders,TTU,Texas Tech Lady Raiders,,2422,s:40~l:54~a:2422,b4777c247d0cc3d16bdb2a9ca25cf293,LaToya Davis,L. Davis,,,,NA,,true,false,true,false,
2005,254000021,2641,texas-tech-lady-raiders,TTU,Texas Tech Lady Raiders,,2528,s:40~l:54~a:2528,2a380013af706321f621623c7b8e498a,Chesley Dabbs,C. Dabbs,,,,NA,,true,false,true,false,
2005,254000021,2641,texas-tech-lady-raiders,TTU,Texas Tech Lady Raiders,,2423,s:40~l:54~a:2423,191197c0edc09c465435d9cee3f95a86,Erin Grant,E. Grant,,,,NA,,true,false,true,false,
2005,254000010,258,virginia-cavaliers,UVA,Virginia Cavaliers,,2207,s:40~l:54~a:2207,c5b71571fbafcb63ce55cedbd263d422,Brandi Teamer,B. Teamer,,,,NA,,true,false,true,false,
2005,254000010,258,virginia-cavaliers,UVA,Virginia Cavaliers,,2203,s:40~l:54~a:2203,92da3a7897a0e05218bc6907fd57f9a2,Jocelyn Logan-Friend,J. Logan-Friend,,,,NA,,true,false,true,false,
2005,254000010,258,virginia-cavaliers,UVA,Virginia Cavaliers,,2200,s:40~l:54~a:2200,9350296a417ba87468d76c95aac33c91,LaTonya Blue,L. Blue,,,,NA,,true,false,true,false,
2005,254000010,258,virginia-cavaliers,UVA,Virginia Cavaliers,,4924,s:40~l:54~a:4924,42354c655b04c1a74bfec03de67c4cfa,Sharnee Zoll,S. Zoll,,,,NA,,true,false,true,false,
2005,254000010,258,virginia-cavaliers,UVA,Virginia Cavaliers,,3846,s:40~l:54~a:3846,16264e0e7bd4f3fbeeb9cedfc0ba3e0f,Brenna McGuire,B. McGuire,,,,NA,,true,false,true,false,
2005,254000010,135,minnesota-golden-gophers,MINN,Minnesota Golden Gophers,,1181,s:40~l:54~a:1181,9ce668b48cba7733bf93d927b1a2a1ff,Janel McCarville,J. McCarville,,,,NA,,true,false,true,false,
2005,254000010,135,minnesota-golden-gophers,MINN,Minnesota Golden Gophers,,3751,s:40~l:54~a:3751,144aeb5e430d8e894d9b9e008fe31657,Jaime Broback,J. Broback,,,,NA,,true,false,true,false,
2005,254000010,135,minnesota-golden-gophers,MINN,Minnesota Golden Gophers,,2656,s:40~l:54~a:2656,c554c85841bc8ee7aa542ce388bf3f9c,Shannon Bolden,S. Bolden,,,,NA,,true,false,true,false,
2005,254000010,135,minnesota-golden-gophers,MINN,Minnesota Golden Gophers,,2655,s:40~l:54~a:2655,0aa092835f3627b3cdc40a286d4d46e8,Shannon Schonrock,S. Schonrock,,,,NA,,true,false,true,false,
2005,254000010,135,minnesota-golden-gophers,MINN,Minnesota Golden Gophers,,888,s:40~l:54~a:888,c179eec54d49961939fafcfcbe03cfcf,April Calhoun,A. Calhoun,,,,NA,,true,false,true,false,
2005,254000044,254,utah-utes,UTAH,Utah Utes,,4869,s:40~l:54~a:4869,e34f0450d7274a1862c1596b6227292f,Jessica Perry,J. Perry,,,,NA,,true,false,true,false,
2005,254000044,254,utah-utes,UTAH,Utah Utes,,2458,s:40~l:54~a:2458,69e935b7072e05159ddbf9187b4513a5,Kim Smith,K. Smith,,,,NA,,true,false,true,false,
2005,254000044,254,utah-utes,UTAH,Utah Utes,,2459,s:40~l:54~a:2459,31852f27f718563de21674ae12a06297,Julie Wood,J. Wood,,,,NA,,true,false,true,false,
2005,254000044,254,utah-utes,UTAH,Utah Utes,,2153,s:40~l:54~a:2153,3ce48c2eccb31c0c264095249b561920,Shona Thorburn,S. Thorburn,,,,NA,,true,false,true,false,
2005,254000044,254,utah-utes,UTAH,Utah Utes,,2151,s:40~l:54~a:2151,dbab9e310b1018eb4e542c0affd9e0d0,Lana Sitterud,L. Sitterud,,,,NA,,true,false,true,false,
2005,254000044,24,stanford-cardinal,STAN,Stanford Cardinal,,3914,s:40~l:54~a:3914,99d7b78d61842789d6a85541e6296cf7,Brooke Smith,B. Smith,,,,NA,,true,false,true,false,
2005,254000044,24,stanford-cardinal,STAN,Stanford Cardinal,,1931,s:40~l:54~a:1931,4700fdbffb197193ab0f2e30397ffae5,Sebnem Kimyacioglu,S. Kimyacioglu,,,,NA,,true,false,true,false,
2005,254000044,24,stanford-cardinal,STAN,Stanford Cardinal,,4896,s:40~l:54~a:4896,6807e88b6640acf90ebceceba90d5ff5,Candice Wiggins,C. Wiggins,,,,NA,,true,false,true,false,
2005,254000044,24,stanford-cardinal,STAN,Stanford Cardinal,,1935,s:40~l:54~a:1935,ded510dec5fbb6ba7951fefa651e0c54,Kelley Suminski,K. Suminski,,,,NA,,true,false,true,false,
2005,254000044,24,stanford-cardinal,STAN,Stanford Cardinal,,1932,s:40~l:54~a:1932,8a6026068650bfc91726b8896e33ec39,Susan Borchardt,S. Borchardt,,,,NA,,true,false,true,false,
2005,254000037,238,vanderbilt-commodores,VAN,Vanderbilt Commodores,,3776,s:40~l:54~a:3776,20a3cf56ca4c4a4e1704b19976f87669,Carla Thomas,C. Thomas,,,,NA,,true,false,true,false,
2005,254000037,238,vanderbilt-commodores,VAN,Vanderbilt Commodores,,2172,s:40~l:54~a:2172,c1574a089b1da6559d8631765421b3b7,Ashley Earley,A. Earley,,,,NA,,true,false,true,false,
2005,254000037,238,vanderbilt-commodores,VAN,Vanderbilt Commodores,,3778,s:40~l:54~a:3778,e3312e11d01fddfa4043843053d5f4a3,Dee Davis,D. Davis,,,,NA,,true,false,true,false,
2005,254000037,238,vanderbilt-commodores,VAN,Vanderbilt Commodores,,3775,s:40~l:54~a:3775,30c7799ec3ad7a48f2adc5317b6eca98,Caroline Williams,C. Williams,,,,NA,,true,false,true,false,
2005,254000037,238,vanderbilt-commodores,VAN,Vanderbilt Commodores,,2177,s:40~l:54~a:2177,d174132d9aef7c125588d9d1209bc223,Abi Ramsey,A. Ramsey,,,,NA,,true,false,true,false,
2005,254000037,2306,kansas-state-wildcats,KSU,Kansas State Wildcats,,4858,s:40~l:54~a:4858,e293b6999ef239b3b516692a50a8c838,Shana Wheeler,S. Wheeler,,,,NA,,true,false,true,false,
2005,254000037,2306,kansas-state-wildcats,KSU,Kansas State Wildcats,,922,s:40~l:54~a:922,10a89279f67e2aa49054a0bc6da0c7ad,Kendra Wecker,K. Wecker,,,,NA,,true,false,true,false,
2005,254000037,2306,kansas-state-wildcats,KSU,Kansas State Wildcats,,3741,s:40~l:54~a:3741,46e0797aaec24c8866221975dbd2e51a,Claire Coggins,C. Coggins,,,,NA,,true,false,true,false,
2005,254000037,2306,kansas-state-wildcats,KSU,Kansas State Wildcats,,917,s:40~l:54~a:917,2aa62ba3b79fbdefa011cd05f12b3fa5,Laurie Koehn,L. Koehn,,,,NA,,true,false,true,false,
2005,254000037,2306,kansas-state-wildcats,KSU,Kansas State Wildcats,,915,s:40~l:54~a:915,cca0872479845227722536509fac8a60,Chelsea Domenico,C. Domenico,,,,NA,,true,false,true,false,
2005,254000052,2335,liberty-flames,LIB,Liberty Flames,,2610,s:40~l:54~a:2610,c13f951fae32274a37ccfb07e0d38b14,Katie Feenstra,K. Feenstra,,,,NA,,true,false,true,false,
2005,254000052,2335,liberty-flames,LIB,Liberty Flames,,2723,s:40~l:54~a:2723,91a32629489151fa76acbc0ba4d10536,Rima Margeviciute,R. Margeviciute,,,,NA,,true,false,true,false,
2005,254000052,2335,liberty-flames,LIB,Liberty Flames,,2616,s:40~l:54~a:2616,f300534e7a8753be2a455e2abd396d0a,Kristal Tharp,K. Tharp,,,,NA,,true,false,true,false,
2005,254000052,2335,liberty-flames,LIB,Liberty Flames,,5053,s:40~l:54~a:5053,0dc0892a5a402c2ec815427e274f1f08,Allyson Fasnacht,A. Fasnacht,,,,NA,,true,false,true,false,
2005,254000052,2335,liberty-flames,LIB,Liberty Flames,,2615,s:40~l:54~a:2615,1134f0edd130773ac616f35200a93fc4,Daina Stagaitene,D. Stagaitene,,,,NA,,true,false,true,false,
2005,254000052,305,depaul-blue-demons,DEP,DePaul Blue Demons,,4863,s:40~l:54~a:4863,1b54d15180397d9a55f007815342e3e6,Caprice Smith,C. Smith,,,,NA,,true,false,true,false,
2005,254000052,305,depaul-blue-demons,DEP,DePaul Blue Demons,,4862,s:40~l:54~a:4862,ada6d59c2d30a68c6882307040e5b23e,Erin Carney,E. Carney,,,,NA,,true,false,true,false,
2005,254000052,305,depaul-blue-demons,DEP,DePaul Blue Demons,,4859,s:40~l:54~a:4859,8ccf9f61389ad1b5e837d73da998e9cb,Allie Quigley,A. Quigley,,,,NA,,true,false,true,false,
2005,254000052,305,depaul-blue-demons,DEP,DePaul Blue Demons,,4561,s:40~l:54~a:4561,6ebbbc3f36e376a65adaf5b2cd19682f,Jenna Rubino,J. Rubino,,,,NA,,true,false,true,false,
2005,254000052,305,depaul-blue-demons,DEP,DePaul Blue Demons,,410,s:40~l:54~a:410,f4a6cfa939fd622ba796d86d80411933,Jenni Dant,J. Dant,,,,NA,,true,false,true,false,
2005,254000049,12,arizona-wildcats,ARIZ,Arizona Wildcats,,2859,s:40~l:54~a:2859,4fc9a1ba1d40c28c3cf16d75a84695bc,Shawntinice Polk,S. Polk,,,,NA,,true,false,true,false,
2005,254000049,12,arizona-wildcats,ARIZ,Arizona Wildcats,,2856,s:40~l:54~a:2856,305a4ceb46a2bbd9e7c2c1c355dac3a8,Natalie Jones,N. Jones,,,,NA,,true,false,true,false,
2005,254000049,12,arizona-wildcats,ARIZ,Arizona Wildcats,,36,s:40~l:54~a:36,d4cd18c1a15a5b2d6a8a644718220853,Danielle Adefeso,D. Adefeso,,,,NA,,true,false,true,false,
2005,254000049,12,arizona-wildcats,ARIZ,Arizona Wildcats,,5004,s:40~l:54~a:5004,6be8e091bb7e45d0bc93abcbd3f6a627,Jessica Arnold,J. Arnold,,,,NA,,true,false,true,false,
2005,254000049,12,arizona-wildcats,ARIZ,Arizona Wildcats,,39,s:40~l:54~a:39,f70f828c78528b4eb2995b632e3696ea,Dee Dee Wheeler,D. Wheeler,,,,NA,,true,false,true,false,
2005,254000049,99,lsu-tigers,LSU,LSU Tigers,,1043,s:40~l:54~a:1043,431b3570ffc5722cb1fb6828863687e9,Tillie Willis,T. Willis,,,,NA,,true,false,true,false,
2005,254000049,99,lsu-tigers,LSU,LSU Tigers,,2635,s:40~l:54~a:2635,3a7f24f2f739ca385df1c548e6def432,Seimone Augustus,S. Augustus,,,,NA,,true,false,true,false,
2005,254000049,99,lsu-tigers,LSU,LSU Tigers,,1042,s:40~l:54~a:1042,7975c2d74746b291db1778dab57902cf,Wendlyn Jones,W. Jones,,,,NA,,true,false,true,false,
2005,254000049,99,lsu-tigers,LSU,LSU Tigers,,3715,s:40~l:54~a:3715,e6a46d07dfc2f2055ba24fc51716a427,Scholanda Hoston,S. Hoston,,,,NA,,true,false,true,false,
2005,254000049,99,lsu-tigers,LSU,LSU Tigers,,1041,s:40~l:54~a:1041,b5915a3ecaf9a7f982f75114aefe4cd6,Temeka Johnson,T. Johnson,,,,NA,,true,false,true,false,
2005,254000041,52,florida-state-seminoles,FSU,Florida State Seminoles,,4096,s:40~l:54~a:4096,2471a03b3f0c483848e8094fef4661c7,Alicia Gladden,A. Gladden,,,,NA,,true,false,true,false,
2005,254000041,52,florida-state-seminoles,FSU,Florida State Seminoles,,4037,s:40~l:54~a:4037,389ca9eaa959c652486d65d8e388d100,Roneeka Hodges,R. Hodges,,,,NA,,true,false,true,false,
2005,254000041,52,florida-state-seminoles,FSU,Florida State Seminoles,,2537,s:40~l:54~a:2537,fd12cc34017e9ed79063e1c8bfac8340,Ganiyat Adeduntan,G. Adeduntan,,,,NA,,true,false,true,false,
2005,254000041,52,florida-state-seminoles,FSU,Florida State Seminoles,,2416,s:40~l:54~a:2416,9536f5a616f150c157f7cd7c1358dbfd,Holly Johnson,H. Johnson,,,,NA,,true,false,true,false,
2005,254000041,52,florida-state-seminoles,FSU,Florida State Seminoles,,569,s:40~l:54~a:569,043cf134086520dfeabdfc65b705cd79,Linnea Liljestrand,L. Liljestrand,,,,NA,,true,false,true,false,
2005,254000041,41,uconn-huskies,CONN,UConn Huskies,,316,s:40~l:54~a:316,f03637f1aa75018b058ff84817277c21,Jessica Moore,J. Moore,,,,NA,,true,false,true,false,
2005,254000041,41,uconn-huskies,CONN,UConn Huskies,,2409,s:40~l:54~a:2409,3166c5ecd189f3f8d53632fe2f90913a,Barbara Turner,B. Turner,,,,NA,,true,false,true,false,
2005,254000041,41,uconn-huskies,CONN,UConn Huskies,,2637,s:40~l:54~a:2637,131163c0c1e979b8607484d92145c5e3,Ann Strother,A. Strother,,,,NA,,true,false,true,false,
2005,254000041,41,uconn-huskies,CONN,UConn Huskies,,2410,s:40~l:54~a:2410,56efb2414f093ff317ca52a41a8e8b7f,Nicole Wolff,N. Wolff,,,,NA,,true,false,true,false,
2005,254000041,41,uconn-huskies,CONN,UConn Huskies,,311,s:40~l:54~a:311,6aeeb2f0fab7e503978f4b0052b4cbf7,Ashley Valley,A. Valley,,,,NA,,true,false,true,false,
2005,254000003,45,george-washington-colonials,GW,George Washington Colonials,,3165,s:40~l:54~a:3165,48342864315e146dc5ec2219f4694169,Jessica Simmonds,J. Simmonds,,,,NA,,true,false,true,false,
2005,254000003,45,george-washington-colonials,GW,George Washington Colonials,,3828,s:40~l:54~a:3828,ee3684010f2038396e6f42e7bca23bba,Whitney Allen,W. Allen,,,,NA,,true,false,true,false,
2005,254000003,45,george-washington-colonials,GW,George Washington Colonials,,647,s:40~l:54~a:647,8d37a2f8fa09997ed5d4f1b982dd44c9,Anna Montanana,A. Montanana,,,,NA,,true,false,true,false,
2005,254000003,45,george-washington-colonials,GW,George Washington Colonials,,5052,s:40~l:54~a:5052,d0631ddc36f4e1db6ec8ae473a7b7d89,Kimberly Beck,K. Beck,,,,NA,,true,false,true,false,
2005,254000003,45,george-washington-colonials,GW,George Washington Colonials,,3826,s:40~l:54~a:3826,1f277a3929bf4a9e561e53dd95f470a1,Kenan Cole,K. Cole,,,,NA,,true,false,true,false,
2005,254000003,153,north-carolina-tar-heels,UNC,North Carolina Tar Heels,,4820,s:40~l:54~a:4820,0de0ab274d44bdd6a591d5ef9dfbcb07,Erlana Larkins,E. Larkins,,,,NA,,true,false,true,false,
2005,254000003,153,north-carolina-tar-heels,UNC,North Carolina Tar Heels,,3754,s:40~l:54~a:3754,8ba41f63ad491766dd837fe6ccb34b98,Camille Little,C. Little,,,,NA,,true,false,true,false,
2005,254000003,153,north-carolina-tar-heels,UNC,North Carolina Tar Heels,,1397,s:40~l:54~a:1397,226e8cb7c3fd13418710ef15a214eaf2,Nikita Bell,N. Bell,,,,NA,,true,false,true,false,
2005,254000003,153,north-carolina-tar-heels,UNC,North Carolina Tar Heels,,3755,s:40~l:54~a:3755,dfe2d840ee1f027b9d928e7dcd35a0cd,Ivory Latta,I. Latta,,,,NA,,true,false,true,false,
2005,254000003,153,north-carolina-tar-heels,UNC,North Carolina Tar Heels,,2647,s:40~l:54~a:2647,78fba069babc60e597c4b87df0c6edee,La'Tangela Atkinson,L. Atkinson,,,,NA,,true,false,true,false,
2005,254000059,103,boston-college-eagles,BC,Boston College Eagles,,3761,s:40~l:54~a:3761,5d645fde10bd56f1e4864c6ccdee3da2,Kathrin Ress,K. Ress,,,,NA,,true,false,true,false,
2005,254000059,103,boston-college-eagles,BC,Boston College Eagles,,2490,s:40~l:54~a:2490,e58a3cc8f750dc4f18406890db088d35,Brooke Queenan,B. Queenan,,,,NA,,true,false,true,false,
2005,254000059,103,boston-college-eagles,BC,Boston College Eagles,,133,s:40~l:54~a:133,5205316781f5a92c7a3154b708eb1e6e,Clare Droesch,C. Droesch,,,,NA,,true,false,true,false,
2005,254000059,103,boston-college-eagles,BC,Boston College Eagles,,3763,s:40~l:54~a:3763,5486238895817dd7a5b4a01cf401ff4c,Sarah Marshall,S. Marshall,,,,NA,,true,false,true,false,
2005,254000059,103,boston-college-eagles,BC,Boston College Eagles,,2489,s:40~l:54~a:2489,949331de18702b48610ccdffc79e9a5f,Aja Parham,A. Parham,,,,NA,,true,false,true,false,
2005,254000059,150,duke-blue-devils,DUKE,Duke Blue Devils,,3713,s:40~l:54~a:3713,b76d2b4b4670ae3d28b747c9af9e2a69,Alison Bales,A. Bales,,,,NA,,true,false,true,false,
2005,254000059,150,duke-blue-devils,DUKE,Duke Blue Devils,,2475,s:40~l:54~a:2475,34971f2dbdb57e31e6939fa80c4422c8,Mistie McCray Bass,M. Bass,,,,NA,,true,false,true,false,
2005,254000059,150,duke-blue-devils,DUKE,Duke Blue Devils,,438,s:40~l:54~a:438,c7e26c3620f06c9196f3fe534452d4f6,Monique Currie,M. Currie,,,,NA,,true,false,true,false,
2005,254000059,150,duke-blue-devils,DUKE,Duke Blue Devils,,4819,s:40~l:54~a:4819,d0c9e7e583ec078c3c2f19b1a3393528,Wanisha Smith,W. Smith,,,,NA,,true,false,true,false,
2005,254000059,150,duke-blue-devils,DUKE,Duke Blue Devils,,2631,s:40~l:54~a:2631,5c69d509caacd6a21f5ccd5dd87ec5ad,Jessica Foley,J. Foley,,,,NA,,true,true,true,false,
2005,254000028,120,maryland-terrapins,MD,Maryland Terrapins,,4857,s:40~l:54~a:4857,54d95e907134bc5181e7e4e75360d98c,Crystal Langhorne,C. Langhorne,,,,NA,,true,false,true,false,
2005,254000028,120,maryland-terrapins,MD,Maryland Terrapins,,4856,s:40~l:54~a:4856,beb9a7b51168d2efe54cefd1a050d1ec,Jade Perry,J. Perry,,,,NA,,true,false,true,false,
2005,254000028,120,maryland-terrapins,MD,Maryland Terrapins,,4315,s:40~l:54~a:4315,c673fd63ff70ce4b762472ac0ef61a19,Kalika France,K. France,,,,NA,,true,false,true,false,
2005,254000028,120,maryland-terrapins,MD,Maryland Terrapins,,4314,s:40~l:54~a:4314,89b9ded0b2f2d65e468ebae6d5bf556f,Shay Doron,S. Doron,,,,NA,,true,false,true,false,
2005,254000028,120,maryland-terrapins,MD,Maryland Terrapins,,1084,s:40~l:54~a:1084,d6d3354c820b115d5a23639db6e55844,Anesia Smith,A. Smith,,,,NA,,true,false,true,false,
2005,254000028,194,ohio-state-buckeyes,OSU,Ohio State Buckeyes,,3831,s:40~l:54~a:3831,d7d474a42d3ed0200925eaf98d64417d,Jessica Davenport,J. Davenport,,,,NA,,true,false,true,false,
2005,254000028,194,ohio-state-buckeyes,OSU,Ohio State Buckeyes,,3832,s:40~l:54~a:3832,ddbb08b1091600e90876b180379492c0,Stephanie Blanton,S. Blanton,,,,NA,,true,false,true,false,
2005,254000028,194,ohio-state-buckeyes,OSU,Ohio State Buckeyes,,3833,s:40~l:54~a:3833,dc2ef3677a22bd7cc11af6c11b005875,Brandie Hoskins,B. Hoskins,,,,NA,,true,false,true,false,
2005,254000028,194,ohio-state-buckeyes,OSU,Ohio State Buckeyes,,1497,s:40~l:54~a:1497,351389757b84021dba06e9d25eba346a,Caity Matter,C. Matter,,,,NA,,true,false,true,false,
2005,254000028,194,ohio-state-buckeyes,OSU,Ohio State Buckeyes,,1493,s:40~l:54~a:1493,4046c1dfdbd76f3b66c26e5d9340885a,Ashley Allen,A. Allen,,,,NA,,true,false,true,false,
2005,254000025,218,temple-owls,TEM,Temple Owls,,3023,s:40~l:54~a:3023,99914daf240a2fbaff01ea59c0902860,Candice Dupree,C. Dupree,,,,NA,,true,false,true,false,
2005,254000025,218,temple-owls,TEM,Temple Owls,,4328,s:40~l:54~a:4328,c97612cd822e8c74d637c547abc661ab,Kamesha Hairston,K. Hairston,,,,NA,,true,false,true,false,
2005,254000025,218,temple-owls,TEM,Temple Owls,,3022,s:40~l:54~a:3022,6f925f4e47e612eca4ca9000c46ad7cf,Jennifer Owens,J. Owens,,,,NA,,true,false,true,false,
2005,254000025,218,temple-owls,TEM,Temple Owls,,1990,s:40~l:54~a:1990,4b14f2f2877e55ddda190c061d42a88e,Ari Moore,A. Moore,,,,NA,,true,false,true,false,
2005,254000025,218,temple-owls,TEM,Temple Owls,,1988,s:40~l:54~a:1988,2a418d8f87dc69eaf8d69d3710dda47a,Cynthia Jordan,C. Jordan,,,,NA,,true,false,true,false,
2005,254000025,164,rutgers-scarlet-knights,RUTG,Rutgers Scarlet Knights,,2400,s:40~l:54~a:2400,df7bd1b14c0efa91d7c658215d14c831,Michelle Campbell,M. Campbell,,,,NA,,true,false,true,false,
2005,254000025,164,rutgers-scarlet-knights,RUTG,Rutgers Scarlet Knights,,4816,s:40~l:54~a:4816,e32515ecd622f27d9b0367d9b3f2a809,Matee Ajavon,M. Ajavon,,,,NA,,true,false,true,false,
2005,254000025,164,rutgers-scarlet-knights,RUTG,Rutgers Scarlet Knights,,4814,s:40~l:54~a:4814,d01e22db859a44a2b9b9460b8d49077b,Essence Carson,E. Carson,,,,NA,,true,false,true,false,
2005,254000025,164,rutgers-scarlet-knights,RUTG,Rutgers Scarlet Knights,,1695,s:40~l:54~a:1695,dab9f7ecbe8bcdb0d1f4c6e334e84a0a,Cappie Pondexter,C. Pondexter,,,,NA,,true,false,true,false,
2005,254000025,164,rutgers-scarlet-knights,RUTG,Rutgers Scarlet Knights,,1694,s:40~l:54~a:1694,f0af047dc9015b7b46c2bc02ed0f38c1,Chelsea Newton,C. Newton,,,,NA,,true,false,true,false,
2005,254000018,2509,purdue-boilermakers,PUR,Purdue Boilermakers,,4807,s:40~l:54~a:4807,041fa3dc3f5ac0a6db55d4847c02f66d,Lindsay Wisdom-Hylton,L. Wisdom-Hylton,,,,F,,true,false,true,false,
2005,254000018,2509,purdue-boilermakers,PUR,Purdue Boilermakers,,1620,s:40~l:54~a:1620,eac153cdef506c3c82cf9dc00a44afc5,Emily Heikes,E. Heikes,,,,NA,,true,false,true,false,
2005,254000018,2509,purdue-boilermakers,PUR,Purdue Boilermakers,,3724,s:40~l:54~a:3724,9c4848c80a777e86150539b6968d2fc2,Erin Lawless,E. Lawless,,,,NA,,true,false,true,false,
2005,254000018,2509,purdue-boilermakers,PUR,Purdue Boilermakers,,3726,s:40~l:54~a:3726,e393049a5d36b85d573c18f7f6e414e7,Katie Gearlds,K. Gearlds,,,,NA,,true,false,true,false,
2005,254000018,2509,purdue-boilermakers,PUR,Purdue Boilermakers,,2468,s:40~l:54~a:2468,00a69fb6888c8a2589587f79913d53c0,Sharika Webb,S. Webb,,,,NA,,true,false,true,false,
2005,254000018,2633,tennessee-lady-volunteers,TENN,Tennessee Lady Volunteers,,4839,s:40~l:54~a:4839,eb2e5d775349b53cc2cd1cff1d06fe67,Nicky Anosike,N. Anosike,,,,NA,,true,false,true,false,
2005,254000018,2633,tennessee-lady-volunteers,TENN,Tennessee Lady Volunteers,,2005,s:40~l:54~a:2005,1cc5b37fb31379fcf23c4ddce5088574,Shyra Ely,S. Ely,,,,NA,,true,false,true,false,
2005,254000018,2633,tennessee-lady-volunteers,TENN,Tennessee Lady Volunteers,,4840,s:40~l:54~a:4840,13ff2da95b8fccf88eff7098fb77f4e5,Alexis Hornbuckle,A. Hornbuckle,,,,NA,,true,false,true,false,
2005,254000018,2633,tennessee-lady-volunteers,TENN,Tennessee Lady Volunteers,,2633,s:40~l:54~a:2633,c2ee79eb6ce4e1f61b40f49f0404c074,Shanna Zolman,S. Zolman,,,,NA,,true,false,true,false,
2005,254000018,2633,tennessee-lady-volunteers,TENN,Tennessee Lady Volunteers,,2006,s:40~l:54~a:2006,9688c8c5fe087c9c2c3a61ad6af5122c,Loree Moore,L. Moore,,,,NA,,true,false,true,false,
2005,254000053,2335,liberty-flames,LIB,Liberty Flames,,2610,s:40~l:54~a:2610,c13f951fae32274a37ccfb07e0d38b14,Katie Feenstra,K. Feenstra,,,,NA,,true,false,true,false,
2005,254000053,2335,liberty-flames,LIB,Liberty Flames,,2723,s:40~l:54~a:2723,91a32629489151fa76acbc0ba4d10536,Rima Margeviciute,R. Margeviciute,,,,NA,,true,false,true,false,
2005,254000053,2335,liberty-flames,LIB,Liberty Flames,,5053,s:40~l:54~a:5053,0dc0892a5a402c2ec815427e274f1f08,Allyson Fasnacht,A. Fasnacht,,,,NA,,true,false,true,false,
2005,254000053,2335,liberty-flames,LIB,Liberty Flames,,2616,s:40~l:54~a:2616,f300534e7a8753be2a455e2abd396d0a,Kristal Tharp,K. Tharp,,,,NA,,true,false,true,false,
2005,254000053,2335,liberty-flames,LIB,Liberty Flames,,2615,s:40~l:54~a:2615,1134f0edd130773ac616f35200a93fc4,Daina Stagaitene,D. Stagaitene,,,,NA,,true,false,true,false,
2005,254000053,99,lsu-tigers,LSU,LSU Tigers,,1043,s:40~l:54~a:1043,431b3570ffc5722cb1fb6828863687e9,Tillie Willis,T. Willis,,,,NA,,true,false,true,false,
2005,254000053,99,lsu-tigers,LSU,LSU Tigers,,1042,s:40~l:54~a:1042,7975c2d74746b291db1778dab57902cf,Wendlyn Jones,W. Jones,,,,NA,,true,false,true,false,
2005,254000053,99,lsu-tigers,LSU,LSU Tigers,,3715,s:40~l:54~a:3715,e6a46d07dfc2f2055ba24fc51716a427,Scholanda Hoston,S. Hoston,,,,NA,,true,false,true,false,
2005,254000053,99,lsu-tigers,LSU,LSU Tigers,,2635,s:40~l:54~a:2635,3a7f24f2f739ca385df1c548e6def432,Seimone Augustus,S. Augustus,,,,NA,,true,false,true,false,
2005,254000053,99,lsu-tigers,LSU,LSU Tigers,,1041,s:40~l:54~a:1041,b5915a3ecaf9a7f982f75114aefe4cd6,Temeka Johnson,T. Johnson,,,,NA,,true,false,true,false,
2005,254000060,61,georgia-lady-bulldogs,UGA,Georgia Lady Bulldogs,,4838,s:40~l:54~a:4838,c9ab97ae3e9dbd3aa411f43020376140,Tasha Humphrey,T. Humphrey,,,,NA,,true,false,true,false,
2005,254000060,61,georgia-lady-bulldogs,UGA,Georgia Lady Bulldogs,,3743,s:40~l:54~a:3743,6b9fd439f3f0cec605ea86ccc90eb0a9,Rebecca Rowsey,R. Rowsey,,,,NA,,true,false,true,false,
2005,254000060,61,georgia-lady-bulldogs,UGA,Georgia Lady Bulldogs,,3744,s:40~l:54~a:3744,27c198769b7a91cf53fd36dec32b3fe7,Cori Chambers,C. Chambers,,,,NA,,true,false,true,false,
2005,254000060,61,georgia-lady-bulldogs,UGA,Georgia Lady Bulldogs,,2493,s:40~l:54~a:2493,821c4e6aded93845586704f566b326fa,Alexis Kendrick,A. Kendrick,,,,NA,,true,false,true,false,
2005,254000060,61,georgia-lady-bulldogs,UGA,Georgia Lady Bulldogs,,2411,s:40~l:54~a:2411,86fd2ca45accf7e8e83da098981e3bd9,Sherill Baker,S. Baker,,,,NA,,true,false,true,false,
2005,254000060,150,duke-blue-devils,DUKE,Duke Blue Devils,,3713,s:40~l:54~a:3713,b76d2b4b4670ae3d28b747c9af9e2a69,Alison Bales,A. Bales,,,,NA,,true,false,true,false,
2005,254000060,150,duke-blue-devils,DUKE,Duke Blue Devils,,2475,s:40~l:54~a:2475,34971f2dbdb57e31e6939fa80c4422c8,Mistie McCray Bass,M. Bass,,,,NA,,true,false,true,false,
2005,254000060,150,duke-blue-devils,DUKE,Duke Blue Devils,,442,s:40~l:54~a:442,244d8ed49379ae93e771f5f353e3e2c2,Wynter Whitley,W. Whitley,,,,NA,,true,false,true,false,
2005,254000060,150,duke-blue-devils,DUKE,Duke Blue Devils,,4819,s:40~l:54~a:4819,d0c9e7e583ec078c3c2f19b1a3393528,Wanisha Smith,W. Smith,,,,NA,,true,false,true,false,
2005,254000060,150,duke-blue-devils,DUKE,Duke Blue Devils,,438,s:40~l:54~a:438,c7e26c3620f06c9196f3fe534452d4f6,Monique Currie,M. Currie,,,,NA,,true,false,true,false,
2005,254000014,135,minnesota-golden-gophers,MINN,Minnesota Golden Gophers,,1181,s:40~l:54~a:1181,9ce668b48cba7733bf93d927b1a2a1ff,Janel McCarville,J. McCarville,,,,NA,,true,false,true,false,
2005,254000014,135,minnesota-golden-gophers,MINN,Minnesota Golden Gophers,,3751,s:40~l:54~a:3751,144aeb5e430d8e894d9b9e008fe31657,Jaime Broback,J. Broback,,,,NA,,true,false,true,false,
2005,254000014,135,minnesota-golden-gophers,MINN,Minnesota Golden Gophers,,2656,s:40~l:54~a:2656,c554c85841bc8ee7aa542ce388bf3f9c,Shannon Bolden,S. Bolden,,,,NA,,true,false,true,false,
2005,254000014,135,minnesota-golden-gophers,MINN,Minnesota Golden Gophers,,2655,s:40~l:54~a:2655,0aa092835f3627b3cdc40a286d4d46e8,Shannon Schonrock,S. Schonrock,,,,NA,,true,false,true,false,
2005,254000014,135,minnesota-golden-gophers,MINN,Minnesota Golden Gophers,,888,s:40~l:54~a:888,c179eec54d49961939fafcfcbe03cfcf,April Calhoun,A. Calhoun,,,,NA,,true,false,true,false,
2005,254000014,239,baylor-bears,BAY,Baylor Bears,,121,s:40~l:54~a:121,69e81f516e13b29775ae99e4e823da7f,Steffanie Blackmon,S. Blackmon,,,,NA,,true,false,true,false,
2005,254000014,239,baylor-bears,BAY,Baylor Bears,,2719,s:40~l:54~a:2719,3b884ae643bf9fada3be8f086d54aa3a,Abiola Wabara,A. Wabara,,,,NA,,true,false,true,false,
2005,254000014,239,baylor-bears,BAY,Baylor Bears,,2428,s:40~l:54~a:2428,37e483b75e76f4f460a127bc11ae232b,Sophia Young-Malcolm,S. Young-Malcolm,,,,NA,,true,false,true,false,
2005,254000014,239,baylor-bears,BAY,Baylor Bears,,2427,s:40~l:54~a:2427,bc7cd45fbe1b62db1d0361bb0671ef56,Chameka Scott,C. Scott,,,,NA,,true,false,true,false,
2005,254000014,239,baylor-bears,BAY,Baylor Bears,,124,s:40~l:54~a:124,31baeb7c0e17c131d56fcc7374dc6a18,Chelsea Whitaker,C. Whitaker,,,,NA,,true,false,true,false,
2005,254000007,9,arizona-state-sun-devils,ASU,Arizona State Sun Devils,,2402,s:40~l:54~a:2402,f656434affdd605660450dfba8b872fe,Kristen Kovesdy,K. Kovesdy,,,,NA,,true,false,true,false,
2005,254000007,9,arizona-state-sun-devils,ASU,Arizona State Sun Devils,,3842,s:40~l:54~a:3842,fd57da4745de397b8fd78369d112b315,Aubree Johnson,A. Johnson,,,,NA,,true,false,true,false,
2005,254000007,9,arizona-state-sun-devils,ASU,Arizona State Sun Devils,,3841,s:40~l:54~a:3841,c3266714953998f2a38f0dfdfbcf07d8,Emily Westerberg,E. Westerberg,,,,NA,,true,false,true,false,
2005,254000007,9,arizona-state-sun-devils,ASU,Arizona State Sun Devils,,43,s:40~l:54~a:43,f88dbffd96d8c0b99996aa3f900a13e0,Kylan Loney,K. Loney,,,,NA,,true,false,true,false,
2005,254000007,9,arizona-state-sun-devils,ASU,Arizona State Sun Devils,,42,s:40~l:54~a:42,e78d91c6e2c5db36454f7cb163f33388,Carrie Buckner,C. Buckner,,,,NA,,true,false,true,false,
2005,254000007,153,north-carolina-tar-heels,UNC,North Carolina Tar Heels,,4820,s:40~l:54~a:4820,0de0ab274d44bdd6a591d5ef9dfbcb07,Erlana Larkins,E. Larkins,,,,NA,,true,false,true,false,
2005,254000007,153,north-carolina-tar-heels,UNC,North Carolina Tar Heels,,3754,s:40~l:54~a:3754,8ba41f63ad491766dd837fe6ccb34b98,Camille Little,C. Little,,,,NA,,true,false,true,false,
2005,254000007,153,north-carolina-tar-heels,UNC,North Carolina Tar Heels,,1397,s:40~l:54~a:1397,226e8cb7c3fd13418710ef15a214eaf2,Nikita Bell,N. Bell,,,,NA,,true,false,true,false,
2005,254000007,153,north-carolina-tar-heels,UNC,North Carolina Tar Heels,,3755,s:40~l:54~a:3755,dfe2d840ee1f027b9d928e7dcd35a0cd,Ivory Latta,I. Latta,,,,NA,,true,false,true,false,
2005,254000007,153,north-carolina-tar-heels,UNC,North Carolina Tar Heels,,2647,s:40~l:54~a:2647,78fba069babc60e597c4b87df0c6edee,La'Tangela Atkinson,L. Atkinson,,,,NA,,true,false,true,false,
2005,254000022,2641,texas-tech-lady-raiders,TTU,Texas Tech Lady Raiders,,2067,s:40~l:54~a:2067,094d13584b9f0144db3e56a7b57f7ba0,Cisti Greenwalt,C. Greenwalt,,,,NA,,true,false,true,false,
2005,254000022,2641,texas-tech-lady-raiders,TTU,Texas Tech Lady Raiders,,3719,s:40~l:54~a:3719,f8dd92e57ebcc0e0207386d17a75132d,Alseha Robertson,A. Robertson,,,,NA,,true,false,true,false,
2005,254000022,2641,texas-tech-lady-raiders,TTU,Texas Tech Lady Raiders,,2422,s:40~l:54~a:2422,b4777c247d0cc3d16bdb2a9ca25cf293,LaToya Davis,L. Davis,,,,NA,,true,false,true,false,
2005,254000022,2641,texas-tech-lady-raiders,TTU,Texas Tech Lady Raiders,,2528,s:40~l:54~a:2528,2a380013af706321f621623c7b8e498a,Chesley Dabbs,C. Dabbs,,,,NA,,true,false,true,false,
2005,254000022,2641,texas-tech-lady-raiders,TTU,Texas Tech Lady Raiders,,2423,s:40~l:54~a:2423,191197c0edc09c465435d9cee3f95a86,Erin Grant,E. Grant,,,,NA,,true,false,true,false,
2005,254000022,2633,tennessee-lady-volunteers,TENN,Tennessee Lady Volunteers,,4839,s:40~l:54~a:4839,eb2e5d775349b53cc2cd1cff1d06fe67,Nicky Anosike,N. Anosike,,,,NA,,true,false,true,false,
2005,254000022,2633,tennessee-lady-volunteers,TENN,Tennessee Lady Volunteers,,4840,s:40~l:54~a:4840,13ff2da95b8fccf88eff7098fb77f4e5,Alexis Hornbuckle,A. Hornbuckle,,,,NA,,true,false,true,false,
2005,254000022,2633,tennessee-lady-volunteers,TENN,Tennessee Lady Volunteers,,2005,s:40~l:54~a:2005,1cc5b37fb31379fcf23c4ddce5088574,Shyra Ely,S. Ely,,,,NA,,true,false,true,false,
2005,254000022,2633,tennessee-lady-volunteers,TENN,Tennessee Lady Volunteers,,2633,s:40~l:54~a:2633,c2ee79eb6ce4e1f61b40f49f0404c074,Shanna Zolman,S. Zolman,,,,NA,,true,false,true,false,
2005,254000022,2633,tennessee-lady-volunteers,TENN,Tennessee Lady Volunteers,,2006,s:40~l:54~a:2006,9688c8c5fe087c9c2c3a61ad6af5122c,Loree Moore,L. Moore,,,,NA,,true,false,true,false,
2005,254000029,164,rutgers-scarlet-knights,RUTG,Rutgers Scarlet Knights,,2400,s:40~l:54~a:2400,df7bd1b14c0efa91d7c658215d14c831,Michelle Campbell,M. Campbell,,,,NA,,true,false,true,false,
2005,254000029,164,rutgers-scarlet-knights,RUTG,Rutgers Scarlet Knights,,4816,s:40~l:54~a:4816,e32515ecd622f27d9b0367d9b3f2a809,Matee Ajavon,M. Ajavon,,,,NA,,true,false,true,false,
2005,254000029,164,rutgers-scarlet-knights,RUTG,Rutgers Scarlet Knights,,4814,s:40~l:54~a:4814,d01e22db859a44a2b9b9460b8d49077b,Essence Carson,E. Carson,,,,NA,,true,false,true,false,
2005,254000029,164,rutgers-scarlet-knights,RUTG,Rutgers Scarlet Knights,,1695,s:40~l:54~a:1695,dab9f7ecbe8bcdb0d1f4c6e334e84a0a,Cappie Pondexter,C. Pondexter,,,,NA,,true,false,true,false,
2005,254000029,164,rutgers-scarlet-knights,RUTG,Rutgers Scarlet Knights,,1694,s:40~l:54~a:1694,f0af047dc9015b7b46c2bc02ed0f38c1,Chelsea Newton,C. Newton,,,,NA,,true,false,true,false,
2005,254000029,194,ohio-state-buckeyes,OSU,Ohio State Buckeyes,,3831,s:40~l:54~a:3831,d7d474a42d3ed0200925eaf98d64417d,Jessica Davenport,J. Davenport,,,,NA,,true,false,true,false,
2005,254000029,194,ohio-state-buckeyes,OSU,Ohio State Buckeyes,,3832,s:40~l:54~a:3832,ddbb08b1091600e90876b180379492c0,Stephanie Blanton,S. Blanton,,,,NA,,true,false,true,false,
2005,254000029,194,ohio-state-buckeyes,OSU,Ohio State Buckeyes,,3833,s:40~l:54~a:3833,dc2ef3677a22bd7cc11af6c11b005875,Brandie Hoskins,B. Hoskins,,,,NA,,true,false,true,false,
2005,254000029,194,ohio-state-buckeyes,OSU,Ohio State Buckeyes,,1497,s:40~l:54~a:1497,351389757b84021dba06e9d25eba346a,Caity Matter,C. Matter,,,,NA,,true,false,true,false,
2005,254000029,194,ohio-state-buckeyes,OSU,Ohio State Buckeyes,,1493,s:40~l:54~a:1493,4046c1dfdbd76f3b66c26e5d9340885a,Ashley Allen,A. Allen,,,,NA,,true,false,true,false,
2005,254000038,238,vanderbilt-commodores,VAN,Vanderbilt Commodores,,3776,s:40~l:54~a:3776,20a3cf56ca4c4a4e1704b19976f87669,Carla Thomas,C. Thomas,,,,NA,,true,false,true,false,
2005,254000038,238,vanderbilt-commodores,VAN,Vanderbilt Commodores,,2172,s:40~l:54~a:2172,c1574a089b1da6559d8631765421b3b7,Ashley Earley,A. Earley,,,,NA,,true,false,true,false,
2005,254000038,238,vanderbilt-commodores,VAN,Vanderbilt Commodores,,3778,s:40~l:54~a:3778,e3312e11d01fddfa4043843053d5f4a3,Dee Davis,D. Davis,,,,NA,,true,false,true,false,
2005,254000038,238,vanderbilt-commodores,VAN,Vanderbilt Commodores,,3775,s:40~l:54~a:3775,30c7799ec3ad7a48f2adc5317b6eca98,Caroline Williams,C. Williams,,,,NA,,true,false,true,false,
2005,254000038,238,vanderbilt-commodores,VAN,Vanderbilt Commodores,,2177,s:40~l:54~a:2177,d174132d9aef7c125588d9d1209bc223,Abi Ramsey,A. Ramsey,,,,NA,,true,false,true,false,
2005,254000038,127,michigan-state-spartans,MSU,Michigan State Spartans,,1171,s:40~l:54~a:1171,39ba64725808edf7671547c2acde32e8,Kelli Roehrig,K. Roehrig,,,,NA,,true,false,true,false,
2005,254000038,127,michigan-state-spartans,MSU,Michigan State Spartans,,3299,s:40~l:54~a:3299,a159c264237959ed9847622dd9d84765,Liz Shimek,L. Shimek,,,,NA,,true,false,true,false,
2005,254000038,127,michigan-state-spartans,MSU,Michigan State Spartans,,4086,s:40~l:54~a:4086,13b8bb5a81dd1e8cbd8cebcef9ff82ee,Victoria Lucas-Perry,V. Lucas-Perry,,,,NA,,true,false,true,false,
2005,254000038,127,michigan-state-spartans,MSU,Michigan State Spartans,,3295,s:40~l:54~a:3295,10067a6e48be3f41d86fac21fdc8d093,Lindsay Bowen,L. Bowen,,,,NA,,true,false,true,false,
2005,254000038,127,michigan-state-spartans,MSU,Michigan State Spartans,,1167,s:40~l:54~a:1167,6093adec7d0ea61542174c49e29b83e2,Kristin Haynie,K. Haynie,,,,NA,,true,false,true,false,
2005,254000045,41,uconn-huskies,CONN,UConn Huskies,,2409,s:40~l:54~a:2409,3166c5ecd189f3f8d53632fe2f90913a,Barbara Turner,B. Turner,,,,NA,,true,false,true,false,
2005,254000045,41,uconn-huskies,CONN,UConn Huskies,,316,s:40~l:54~a:316,f03637f1aa75018b058ff84817277c21,Jessica Moore,J. Moore,,,,NA,,true,false,true,false,
2005,254000045,41,uconn-huskies,CONN,UConn Huskies,,2637,s:40~l:54~a:2637,131163c0c1e979b8607484d92145c5e3,Ann Strother,A. Strother,,,,NA,,true,false,true,false,
2005,254000045,41,uconn-huskies,CONN,UConn Huskies,,2410,s:40~l:54~a:2410,56efb2414f093ff317ca52a41a8e8b7f,Nicole Wolff,N. Wolff,,,,NA,,true,false,true,false,
2005,254000045,41,uconn-huskies,CONN,UConn Huskies,,311,s:40~l:54~a:311,6aeeb2f0fab7e503978f4b0052b4cbf7,Ashley Valley,A. Valley,,,,NA,,true,false,true,false,
2005,254000045,24,stanford-cardinal,STAN,Stanford Cardinal,,3914,s:40~l:54~a:3914,99d7b78d61842789d6a85541e6296cf7,Brooke Smith,B. Smith,,,,NA,,true,false,true,false,
2005,254000045,24,stanford-cardinal,STAN,Stanford Cardinal,,1931,s:40~l:54~a:1931,4700fdbffb197193ab0f2e30397ffae5,Sebnem Kimyacioglu,S. Kimyacioglu,,,,NA,,true,false,true,false,
2005,254000045,24,stanford-cardinal,STAN,Stanford Cardinal,,4896,s:40~l:54~a:4896,6807e88b6640acf90ebceceba90d5ff5,Candice Wiggins,C. Wiggins,,,,NA,,true,false,true,false,
2005,254000045,24,stanford-cardinal,STAN,Stanford Cardinal,,1935,s:40~l:54~a:1935,ded510dec5fbb6ba7951fefa651e0c54,Kelley Suminski,K. Suminski,,,,NA,,true,false,true,false,
2005,254000045,24,stanford-cardinal,STAN,Stanford Cardinal,,1932,s:40~l:54~a:1932,8a6026068650bfc91726b8896e33ec39,Susan Borchardt,S. Borchardt,,,,NA,,true,false,true,false,
2005,254000015,239,baylor-bears,BAY,Baylor Bears,,2719,s:40~l:54~a:2719,3b884ae643bf9fada3be8f086d54aa3a,Abiola Wabara,A. Wabara,,,,NA,,true,false,true,false,
2005,254000015,239,baylor-bears,BAY,Baylor Bears,,2428,s:40~l:54~a:2428,37e483b75e76f4f460a127bc11ae232b,Sophia Young-Malcolm,S. Young-Malcolm,,,,NA,,true,false,true,false,
2005,254000015,239,baylor-bears,BAY,Baylor Bears,,121,s:40~l:54~a:121,69e81f516e13b29775ae99e4e823da7f,Steffanie Blackmon,S. Blackmon,,,,NA,,true,false,true,false,
2005,254000015,239,baylor-bears,BAY,Baylor Bears,,2427,s:40~l:54~a:2427,bc7cd45fbe1b62db1d0361bb0671ef56,Chameka Scott,C. Scott,,,,NA,,true,false,true,false,
2005,254000015,239,baylor-bears,BAY,Baylor Bears,,124,s:40~l:54~a:124,31baeb7c0e17c131d56fcc7374dc6a18,Chelsea Whitaker,C. Whitaker,,,,NA,,true,false,true,false,
2005,254000015,153,north-carolina-tar-heels,UNC,North Carolina Tar Heels,,4820,s:40~l:54~a:4820,0de0ab274d44bdd6a591d5ef9dfbcb07,Erlana Larkins,E. Larkins,,,,NA,,true,false,true,false,
2005,254000015,153,north-carolina-tar-heels,UNC,North Carolina Tar Heels,,3754,s:40~l:54~a:3754,8ba41f63ad491766dd837fe6ccb34b98,Camille Little,C. Little,,,,NA,,true,false,true,false,
2005,254000015,153,north-carolina-tar-heels,UNC,North Carolina Tar Heels,,1397,s:40~l:54~a:1397,226e8cb7c3fd13418710ef15a214eaf2,Nikita Bell,N. Bell,,,,NA,,true,false,true,false,
2005,254000015,153,north-carolina-tar-heels,UNC,North Carolina Tar Heels,,3755,s:40~l:54~a:3755,dfe2d840ee1f027b9d928e7dcd35a0cd,Ivory Latta,I. Latta,,,,NA,,true,false,true,false,
2005,254000015,153,north-carolina-tar-heels,UNC,North Carolina Tar Heels,,2647,s:40~l:54~a:2647,78fba069babc60e597c4b87df0c6edee,La'Tangela Atkinson,L. Atkinson,,,,NA,,true,false,true,false,
2005,254000061,150,duke-blue-devils,DUKE,Duke Blue Devils,,3713,s:40~l:54~a:3713,b76d2b4b4670ae3d28b747c9af9e2a69,Alison Bales,A. Bales,,,,NA,,true,false,true,false,
2005,254000061,150,duke-blue-devils,DUKE,Duke Blue Devils,,2475,s:40~l:54~a:2475,34971f2dbdb57e31e6939fa80c4422c8,Mistie McCray Bass,M. Bass,,,,NA,,true,false,true,false,
2005,254000061,150,duke-blue-devils,DUKE,Duke Blue Devils,,442,s:40~l:54~a:442,244d8ed49379ae93e771f5f353e3e2c2,Wynter Whitley,W. Whitley,,,,NA,,true,false,true,false,
2005,254000061,150,duke-blue-devils,DUKE,Duke Blue Devils,,4819,s:40~l:54~a:4819,d0c9e7e583ec078c3c2f19b1a3393528,Wanisha Smith,W. Smith,,,,NA,,true,false,true,false,
2005,254000061,150,duke-blue-devils,DUKE,Duke Blue Devils,,438,s:40~l:54~a:438,c7e26c3620f06c9196f3fe534452d4f6,Monique Currie,M. Currie,,,,NA,,true,false,true,false,
2005,254000061,99,lsu-tigers,LSU,LSU Tigers,,1043,s:40~l:54~a:1043,431b3570ffc5722cb1fb6828863687e9,Tillie Willis,T. Willis,,,,NA,,true,false,true,false,
2005,254000061,99,lsu-tigers,LSU,LSU Tigers,,1042,s:40~l:54~a:1042,7975c2d74746b291db1778dab57902cf,Wendlyn Jones,W. Jones,,,,NA,,true,false,true,false,
2005,254000061,99,lsu-tigers,LSU,LSU Tigers,,3715,s:40~l:54~a:3715,e6a46d07dfc2f2055ba24fc51716a427,Scholanda Hoston,S. Hoston,,,,NA,,true,false,true,false,
2005,254000061,99,lsu-tigers,LSU,LSU Tigers,,2635,s:40~l:54~a:2635,3a7f24f2f739ca385df1c548e6def432,Seimone Augustus,S. Augustus,,,,NA,,true,false,true,false,
2005,254000061,99,lsu-tigers,LSU,LSU Tigers,,1041,s:40~l:54~a:1041,b5915a3ecaf9a7f982f75114aefe4cd6,Temeka Johnson,T. Johnson,,,,NA,,true,false,true,false,
2005,254000046,24,stanford-cardinal,STAN,Stanford Cardinal,,3914,s:40~l:54~a:3914,99d7b78d61842789d6a85541e6296cf7,Brooke Smith,B. Smith,,,,NA,,true,false,true,false,
2005,254000046,24,stanford-cardinal,STAN,Stanford Cardinal,,1933,s:40~l:54~a:1933,ae39bc3bd8a6cce94e3094284da9eacc,Azella Perryman,A. Perryman,,,,NA,,true,false,true,false,
2005,254000046,24,stanford-cardinal,STAN,Stanford Cardinal,,4896,s:40~l:54~a:4896,6807e88b6640acf90ebceceba90d5ff5,Candice Wiggins,C. Wiggins,,,,NA,,true,false,true,false,
2005,254000046,24,stanford-cardinal,STAN,Stanford Cardinal,,1935,s:40~l:54~a:1935,ded510dec5fbb6ba7951fefa651e0c54,Kelley Suminski,K. Suminski,,,,NA,,true,false,true,false,
2005,254000046,24,stanford-cardinal,STAN,Stanford Cardinal,,1932,s:40~l:54~a:1932,8a6026068650bfc91726b8896e33ec39,Susan Borchardt,S. Borchardt,,,,NA,,true,false,true,false,
2005,254000046,127,michigan-state-spartans,MSU,Michigan State Spartans,,3299,s:40~l:54~a:3299,a159c264237959ed9847622dd9d84765,Liz Shimek,L. Shimek,,,,NA,,true,false,true,false,
2005,254000046,127,michigan-state-spartans,MSU,Michigan State Spartans,,1171,s:40~l:54~a:1171,39ba64725808edf7671547c2acde32e8,Kelli Roehrig,K. Roehrig,,,,NA,,true,false,true,false,
2005,254000046,127,michigan-state-spartans,MSU,Michigan State Spartans,,4086,s:40~l:54~a:4086,13b8bb5a81dd1e8cbd8cebcef9ff82ee,Victoria Lucas-Perry,V. Lucas-Perry,,,,NA,,true,false,true,false,
2005,254000046,127,michigan-state-spartans,MSU,Michigan State Spartans,,3295,s:40~l:54~a:3295,10067a6e48be3f41d86fac21fdc8d093,Lindsay Bowen,L. Bowen,,,,NA,,true,false,true,false,
2005,254000046,127,michigan-state-spartans,MSU,Michigan State Spartans,,1167,s:40~l:54~a:1167,6093adec7d0ea61542174c49e29b83e2,Kristin Haynie,K. Haynie,,,,NA,,true,false,true,false,
2005,254000030,164,rutgers-scarlet-knights,RUTG,Rutgers Scarlet Knights,,4814,s:40~l:54~a:4814,d01e22db859a44a2b9b9460b8d49077b,Essence Carson,E. Carson,,,,NA,,true,false,true,false,
2005,254000030,164,rutgers-scarlet-knights,RUTG,Rutgers Scarlet Knights,,2400,s:40~l:54~a:2400,df7bd1b14c0efa91d7c658215d14c831,Michelle Campbell,M. Campbell,,,,NA,,true,false,true,false,
2005,254000030,164,rutgers-scarlet-knights,RUTG,Rutgers Scarlet Knights,,4816,s:40~l:54~a:4816,e32515ecd622f27d9b0367d9b3f2a809,Matee Ajavon,M. Ajavon,,,,NA,,true,false,true,false,
2005,254000030,164,rutgers-scarlet-knights,RUTG,Rutgers Scarlet Knights,,1695,s:40~l:54~a:1695,dab9f7ecbe8bcdb0d1f4c6e334e84a0a,Cappie Pondexter,C. Pondexter,,,,NA,,true,false,true,false,
2005,254000030,164,rutgers-scarlet-knights,RUTG,Rutgers Scarlet Knights,,1694,s:40~l:54~a:1694,f0af047dc9015b7b46c2bc02ed0f38c1,Chelsea Newton,C. Newton,,,,NA,,true,false,true,false,
2005,254000030,2633,tennessee-lady-volunteers,TENN,Tennessee Lady Volunteers,,4839,s:40~l:54~a:4839,eb2e5d775349b53cc2cd1cff1d06fe67,Nicky Anosike,N. Anosike,,,,NA,,true,false,true,false,
2005,254000030,2633,tennessee-lady-volunteers,TENN,Tennessee Lady Volunteers,,4840,s:40~l:54~a:4840,13ff2da95b8fccf88eff7098fb77f4e5,Alexis Hornbuckle,A. Hornbuckle,,,,NA,,true,false,true,false,
2005,254000030,2633,tennessee-lady-volunteers,TENN,Tennessee Lady Volunteers,,2005,s:40~l:54~a:2005,1cc5b37fb31379fcf23c4ddce5088574,Shyra Ely,S. Ely,,,,NA,,true,false,true,false,
2005,254000030,2633,tennessee-lady-volunteers,TENN,Tennessee Lady Volunteers,,2633,s:40~l:54~a:2633,c2ee79eb6ce4e1f61b40f49f0404c074,Shanna Zolman,S. Zolman,,,,NA,,true,false,true,false,
2005,254000030,2633,tennessee-lady-volunteers,TENN,Tennessee Lady Volunteers,,2006,s:40~l:54~a:2006,9688c8c5fe087c9c2c3a61ad6af5122c,Loree Moore,L. Moore,,,,NA,,true,false,true,false,
2005,254000031,239,baylor-bears,BAY,Baylor Bears,,121,s:40~l:54~a:121,69e81f516e13b29775ae99e4e823da7f,Steffanie Blackmon,S. Blackmon,,,,NA,,true,false,true,false,
2005,254000031,239,baylor-bears,BAY,Baylor Bears,,2719,s:40~l:54~a:2719,3b884ae643bf9fada3be8f086d54aa3a,Abiola Wabara,A. Wabara,,,,NA,,true,false,true,false,
2005,254000031,239,baylor-bears,BAY,Baylor Bears,,2428,s:40~l:54~a:2428,37e483b75e76f4f460a127bc11ae232b,Sophia Young-Malcolm,S. Young-Malcolm,,,,NA,,true,false,true,false,
2005,254000031,239,baylor-bears,BAY,Baylor Bears,,2427,s:40~l:54~a:2427,bc7cd45fbe1b62db1d0361bb0671ef56,Chameka Scott,C. Scott,,,,NA,,true,false,true,false,
2005,254000031,239,baylor-bears,BAY,Baylor Bears,,124,s:40~l:54~a:124,31baeb7c0e17c131d56fcc7374dc6a18,Chelsea Whitaker,C. Whitaker,,,,NA,,true,false,true,false,
2005,254000031,99,lsu-tigers,LSU,LSU Tigers,,1043,s:40~l:54~a:1043,431b3570ffc5722cb1fb6828863687e9,Tillie Willis,T. Willis,,,,NA,,true,false,true,false,
2005,254000031,99,lsu-tigers,LSU,LSU Tigers,,1042,s:40~l:54~a:1042,7975c2d74746b291db1778dab57902cf,Wendlyn Jones,W. Jones,,,,NA,,true,false,true,false,
2005,254000031,99,lsu-tigers,LSU,LSU Tigers,,3715,s:40~l:54~a:3715,e6a46d07dfc2f2055ba24fc51716a427,Scholanda Hoston,S. Hoston,,,,NA,,true,false,true,false,
2005,254000031,99,lsu-tigers,LSU,LSU Tigers,,2635,s:40~l:54~a:2635,3a7f24f2f739ca385df1c548e6def432,Seimone Augustus,S. Augustus,,,,NA,,true,false,true,false,
2005,254000031,99,lsu-tigers,LSU,LSU Tigers,,1041,s:40~l:54~a:1041,b5915a3ecaf9a7f982f75114aefe4cd6,Temeka Johnson,T. Johnson,,,,NA,,true,false,true,false,
2005,254000062,127,michigan-state-spartans,MSU,Michigan State Spartans,,1171,s:40~l:54~a:1171,39ba64725808edf7671547c2acde32e8,Kelli Roehrig,K. Roehrig,,,,NA,,true,false,true,false,
2005,254000062,127,michigan-state-spartans,MSU,Michigan State Spartans,,3299,s:40~l:54~a:3299,a159c264237959ed9847622dd9d84765,Liz Shimek,L. Shimek,,,,NA,,true,false,true,false,
2005,254000062,127,michigan-state-spartans,MSU,Michigan State Spartans,,4086,s:40~l:54~a:4086,13b8bb5a81dd1e8cbd8cebcef9ff82ee,Victoria Lucas-Perry,V. Lucas-Perry,,,,NA,,true,false,true,false,
2005,254000062,127,michigan-state-spartans,MSU,Michigan State Spartans,,3295,s:40~l:54~a:3295,10067a6e48be3f41d86fac21fdc8d093,Lindsay Bowen,L. Bowen,,,,NA,,true,false,true,false,
2005,254000062,127,michigan-state-spartans,MSU,Michigan State Spartans,,1167,s:40~l:54~a:1167,6093adec7d0ea61542174c49e29b83e2,Kristin Haynie,K. Haynie,,,,NA,,true,false,true,false,
2005,254000062,2633,tennessee-lady-volunteers,TENN,Tennessee Lady Volunteers,,4839,s:40~l:54~a:4839,eb2e5d775349b53cc2cd1cff1d06fe67,Nicky Anosike,N. Anosike,,,,NA,,true,false,true,false,
2005,254000062,2633,tennessee-lady-volunteers,TENN,Tennessee Lady Volunteers,,4840,s:40~l:54~a:4840,13ff2da95b8fccf88eff7098fb77f4e5,Alexis Hornbuckle,A. Hornbuckle,,,,NA,,true,false,true,false,
2005,254000062,2633,tennessee-lady-volunteers,TENN,Tennessee Lady Volunteers,,2005,s:40~l:54~a:2005,1cc5b37fb31379fcf23c4ddce5088574,Shyra Ely,S. Ely,,,,NA,,true,false,true,false,
2005,254000062,2633,tennessee-lady-volunteers,TENN,Tennessee Lady Volunteers,,2633,s:40~l:54~a:2633,c2ee79eb6ce4e1f61b40f49f0404c074,Shanna Zolman,S. Zolman,,,,NA,,true,false,true,false,
2005,254000062,2633,tennessee-lady-volunteers,TENN,Tennessee Lady Volunteers,,2006,s:40~l:54~a:2006,9688c8c5fe087c9c2c3a61ad6af5122c,Loree Moore,L. Moore,,,,NA,,true,false,true,false,
2005,254000063,239,baylor-bears,BAY,Baylor Bears,,2719,s:40~l:54~a:2719,3b884ae643bf9fada3be8f086d54aa3a,Abiola Wabara,A. Wabara,,,,NA,,true,false,true,false,
2005,254000063,239,baylor-bears,BAY,Baylor Bears,,2428,s:40~l:54~a:2428,37e483b75e76f4f460a127bc11ae232b,Sophia Young-Malcolm,S. Young-Malcolm,,,,NA,,true,false,true,false,
2005,254000063,239,baylor-bears,BAY,Baylor Bears,,121,s:40~l:54~a:121,69e81f516e13b29775ae99e4e823da7f,Steffanie Blackmon,S. Blackmon,,,,NA,,true,false,true,false,
2005,254000063,239,baylor-bears,BAY,Baylor Bears,,2427,s:40~l:54~a:2427,bc7cd45fbe1b62db1d0361bb0671ef56,Chameka Scott,C. Scott,,,,NA,,true,false,true,false,
2005,254000063,239,baylor-bears,BAY,Baylor Bears,,124,s:40~l:54~a:124,31baeb7c0e17c131d56fcc7374dc6a18,Chelsea Whitaker,C. Whitaker,,,,NA,,true,false,true,false,
2005,254000063,127,michigan-state-spartans,MSU,Michigan State Spartans,,1171,s:40~l:54~a:1171,39ba64725808edf7671547c2acde32e8,Kelli Roehrig,K. Roehrig,,,,NA,,true,false,true,false,
2005,254000063,127,michigan-state-spartans,MSU,Michigan State Spartans,,3299,s:40~l:54~a:3299,a159c264237959ed9847622dd9d84765,Liz Shimek,L. Shimek,,,,NA,,true,false,true,false,
2005,254000063,127,michigan-state-spartans,MSU,Michigan State Spartans,,4086,s:40~l:54~a:4086,13b8bb5a81dd1e8cbd8cebcef9ff82ee,Victoria Lucas-Perry,V. Lucas-Perry,,,,NA,,true,false,true,false,
2005,254000063,127,michigan-state-spartans,MSU,Michigan State Spartans,,3295,s:40~l:54~a:3295,10067a6e48be3f41d86fac21fdc8d093,Lindsay Bowen,L. Bowen,,,,NA,,true,false,true,false,
2005,254000063,127,michigan-state-spartans,MSU,Michigan State Spartans,,1167,s:40~l:54~a:1167,6093adec7d0ea61542174c49e29b83e2,Kristin Haynie,K. Haynie,,,,NA,,true,false,true,false,
