season,athlete_id,guid,uid,slug,type,first_name,last_name,full_name,display_name,short_name,height,display_height,weight,display_weight,age,date_of_birth,birth_city,birth_state,birth_country,jersey,position_id,position_name,position_abbreviation,position_display_name,college_id,current_team_id,headshot_href,experience_years,status_id,status_name,status_type,draft_year,draft_round,draft_selection,active
2007,664,474a5ba0-b0bf-a84b-f1d5-d16dabc8c149,s:40~l:54~a:664,carmen-bruce,basketball,Carmen,Bruce,Carmen Bruce,Carmen Bruce,C. Bruce,,,,,,,,,,,0,Not Available,NA,Not Available,46,,,,2,Inactive,inactive,,,,false
2007,1045,beec0709-c0a1-1cd4-9eb8-424362f2248f,s:40~l:54~a:1045,pam-cruz,basketball,Pam,Cruz,Pam Cruz,Pam Cruz,P. Cruz,,,,,,,,,,,0,Not Available,NA,Not Available,311,,,,2,Inactive,inactive,,,,false
2007,1047,d5b66c78-5def-88e3-d09d-201287ed900f,s:40~l:54~a:1047,ellen-geraghty,basketball,Ellen,Geraghty,Ellen Geraghty,Ellen Geraghty,E. Geraghty,,,,,,,,,,,0,Not Available,NA,Not Available,311,,,,2,Inactive,inactive,,,,false
2007,1053,c1839801-5cfb-3e12-47ba-b1745a4a7d74,s:40~l:54~a:1053,eva-moldre,basketball,Eva,Moldre,Eva Moldre,Eva Moldre,E. Moldre,,,,,,,,,,,0,Not Available,NA,Not Available,311,,,,2,Inactive,inactive,,,,false
2007,1565,3de40e7f-4ec3-cf48-a4a9-c1e82de85999,s:40~l:54~a:1565,katie-kilker,basketball,Katie,Kilker,Katie Kilker,Katie Kilker,K. Kilker,,,,,,,,,,,0,Not Available,NA,Not Available,219,,,,2,Inactive,inactive,,,,false
2007,1568,8445595b-e731-2b3c-2f29-949c117011ce,s:40~l:54~a:1568,tara-twomey,basketball,Tara,Twomey,Tara Twomey,Tara Twomey,T. Twomey,,,,,,,,,,,0,Not Available,NA,Not Available,219,,,,2,Inactive,inactive,,,,false
2007,2381,ed687ef9-10c0-cf63-081c-dcecad6e12aa,s:40~l:54~a:2381,megan-mccracken,basketball,Megan,McCracken,Megan McCracken,Megan McCracken,M. McCracken,68.0,"5' 8""",,,,,,,,,0,Not Available,NA,Not Available,66,,,1,2,Inactive,inactive,,,,false
2007,2407,43f940a8-52a2-0237-ccdb-db8e6e9df4d9,s:40~l:54~a:2407,amber-metoyer,basketball,Amber,Metoyer,Amber Metoyer,Amber Metoyer,A. Metoyer,71.0,"5' 11""",,,,,,,,,0,Not Available,NA,Not Available,38,,,2,2,Inactive,inactive,,,,false
2007,2413,41b578c6-d4dc-c1a3-3939-f9608c7303be,s:40~l:54~a:2413,tamika-kursh,basketball,Tamika,Kursh,Tamika Kursh,Tamika Kursh,T. Kursh,73.0,"6' 1""",,,,,,,,,0,Not Available,NA,Not Available,2348,,,1,2,Inactive,inactive,,,,false
2007,2418,d120aa2e-c7d8-333a-9fa6-344754fce60f,s:40~l:54~a:2418,sarah-larsen,basketball,Sarah,Larsen,Sarah Larsen,Sarah Larsen,S. Larsen,68.0,"5' 8""",,,,,,,,,0,Not Available,NA,Not Available,2460,,,,2,Inactive,inactive,,,,false
2007,2469,77f3da95-67b5-fe4d-411b-57860f813cc0,s:40~l:54~a:2469,joy-hollingsworth,basketball,Joy,Hollingsworth,Joy Hollingsworth,Joy Hollingsworth,J. Hollingsworth,70.0,"5' 10""",,,,,,,,,0,Not Available,NA,Not Available,2539,,,2,2,Inactive,inactive,,,,false
2007,2476,d989779b-d41b-a5ba-fcd1-cfa2a21021e0,s:40~l:54~a:2476,lindsey-harding,basketball,Lindsey,Harding,Lindsey Harding,Lindsey Harding,L. Harding,68.0,"5' 8""",135.0,135 lbs,41,1984-06-12T07:00Z,Houston,TX,USA,,0,Not Available,NA,Not Available,150,,,,2,Inactive,inactive,,,,false
2007,2482,414be5a8-2189-b570-0a42-ef9453e3df1f,s:40~l:54~a:2482,jennifer-humphrey,basketball,Jennifer,Humphrey,Jennifer Humphrey,Jennifer Humphrey,J. Humphrey,75.0,"6' 3""",,,,,,,,,0,Not Available,NA,Not Available,96,,,2,2,Inactive,inactive,,,,false
2007,2540,7054174f-8d64-8f64-c716-b6062f377521,s:40~l:54~a:2540,tara-king,basketball,Tara,King,Tara King,Tara King,T. King,72.0,"6' 0""",,,,,,,,,0,Not Available,NA,Not Available,2460,,,,2,Inactive,inactive,,,,false
2007,2664,2a427d86-dcbb-c4ae-bf16-0847acd4e55d,s:40~l:54~a:2664,ashley-davis,basketball,Ashley,Davis,Ashley Davis,Ashley Davis,A. Davis,72.0,"6' 0""",,,,,,,,,0,Not Available,NA,Not Available,2628,,,1,2,Inactive,inactive,,,,false
2007,2744,c7eb610d-7a62-e3db-77d7-6698c03c1285,s:40~l:54~a:2744,carolyn-ganes,basketball,Carolyn,Ganes,Carolyn Ganes,Carolyn Ganes,C. Ganes,75.0,"6' 3""",,,,,,,,,0,Not Available,NA,Not Available,2483,,,1,2,Inactive,inactive,,,,false
2007,2967,51a44e17-90f4-40a4-0435-e7e6017f0c06,s:40~l:54~a:2967,rachel-diener,basketball,Rachel,Diener,Rachel Diener,Rachel Diener,R. Diener,,,,,,,,,,,0,Not Available,NA,Not Available,139,,,1,2,Inactive,inactive,,,,false
2007,3053,6a521b49-53f3-5a18-ae3b-f2456b872950,s:40~l:54~a:3053,jennifer-strong,basketball,Jennifer,Strong,Jennifer Strong,Jennifer Strong,J. Strong,,,,,,,,,,,0,Not Available,NA,Not Available,2168,,,1,2,Inactive,inactive,,,,false
2007,3297,4ee0666d-6e30-1b93-7b85-574b23dec2f5,s:40~l:54~a:3297,patrice-mckinney,basketball,Patrice,McKinney,Patrice McKinney,Patrice McKinney,P. McKinney,68.0,"5' 8""",,,,,,,,,0,Not Available,NA,Not Available,127,,,1,2,Inactive,inactive,,,,false
2007,3457,c1523766-967d-8e29-cf0d-b1d10ac375b9,s:40~l:54~a:3457,efueko-osagie,basketball,Efueko,Osagie,Efueko Osagie,Efueko Osagie,E. Osagie,,,,,,,,,,,0,Not Available,NA,Not Available,269,,,1,2,Inactive,inactive,,,,false
2007,3713,b76d2b4b-4670-ae3d-28b7-47c9af9e2a69,s:40~l:54~a:3713,alison-bales,basketball,Alison,Bales,Alison Bales,Alison Bales,A. Bales,79.0,"6' 7""",,,,,,,,,0,Not Available,NA,Not Available,150,,,1,2,Inactive,inactive,,,,false
2007,3714,85bcf441-74c3-860e-1115-e0c1f72e6b12,s:40~l:54~a:3714,hanna-biernacka,basketball,Hanna,Biernacka,Hanna Biernacka,Hanna Biernacka,H. Biernacka,73.0,"6' 1""",,,,,,,,,0,Not Available,NA,Not Available,99,,,1,2,Inactive,inactive,,,,false
2007,3728,6cc80d5c-860c-eb3e-6bfe-b1aa5c5c8a13,s:40~l:54~a:3728,shan-moore,basketball,Shan,Moore,Shan Moore,Shan Moore,S. Moore,70.0,"5' 10""",,,,,,,,,0,Not Available,NA,Not Available,2348,,,1,2,Inactive,inactive,,,,false
2007,3743,6b9fd439-f3f0-cec6-05ea-86ccc90eb0a9,s:40~l:54~a:3743,rebecca-rowsey,basketball,Rebecca,Rowsey,Rebecca Rowsey,Rebecca Rowsey,R. Rowsey,75.0,"6' 3""",,,,,,,,,0,Not Available,NA,Not Available,61,,,1,2,Inactive,inactive,,,,false
2007,3744,27c19876-9b7a-91cf-53fd-36dec32b3fe7,s:40~l:54~a:3744,cori-chambers,basketball,Cori,Chambers,Cori Chambers,Cori Chambers,C. Chambers,69.0,"5' 9""",,,,,,,,,0,Not Available,NA,Not Available,61,,,1,2,Inactive,inactive,,,,false
2007,3745,b8155381-08f3-423b-406f-e1f2a252c7da,s:40~l:54~a:3745,janese-hardrick,basketball,Janese,Hardrick,Janese Hardrick,Janese Hardrick,J. Hardrick,66.0,"5' 6""",,,,,,,,,3,Guard,G,Guard,61,61,,1,2,Inactive,inactive,,,,false
2007,3748,047ad9d4-7ada-d2dd-b828-a059d22e61cc,s:40~l:54~a:3748,amanda-brown,basketball,Amanda,Brown,Amanda Brown,Amanda Brown,A. Brown,76.0,"6' 4""",,,,,,,,,0,Not Available,NA,Not Available,213,,,1,2,Inactive,inactive,,,,false
2007,3754,8ba41f63-ad49-1766-dd83-7fe6ccb34b98,s:40~l:54~a:3754,camille-little,basketball,Camille,Little,Camille Little,Camille Little,C. Little,74.0,"6' 2""",180.0,180 lbs,35,1985-01-18T08:00Z,Winston-Salem,NC,USA,,0,Not Available,NA,Not Available,153,,,,2,Inactive,inactive,,,,false
2007,3755,dfe2d840-ee1f-027b-9d92-8e7dcd35a0cd,s:40~l:54~a:3755,ivory-latta,basketball,Ivory,Latta,Ivory Latta,Ivory Latta,I. Latta,66.0,"5' 6""",138.0,138 lbs,33,1984-09-25T07:00Z,,,,,0,Not Available,NA,Not Available,153,,,,2,Inactive,inactive,,,,false
2007,3803,00b5d50e-5c4a-500d-7370-0970fc6de0d3,s:40~l:54~a:3803,kristin-peoples,basketball,Kristin,Peoples,Kristin Peoples,Kristin Peoples,K. Peoples,67.0,"5' 7""",,,,,,,,,0,Not Available,NA,Not Available,8,,,1,2,Inactive,inactive,,,,false
2007,3823,dc75ed96-f231-7de9-9940-dcbc9d8bbaf1,s:40~l:54~a:3823,shannon-hobson,basketball,Shannon,Hobson,Shannon Hobson,Shannon Hobson,S. Hobson,74.0,"6' 2""",,,,,,,,,0,Not Available,NA,Not Available,12,,,1,2,Inactive,inactive,,,,false
2007,3834,63d8109c-9c9f-588e-c3a2-d6d39ecbbb60,s:40~l:54~a:3834,chloe-kerr,basketball,Chloe,Kerr,Chloe Kerr,Chloe Kerr,C. Kerr,75.0,"6' 3""",,,,,,,,,0,Not Available,NA,Not Available,30,,,1,2,Inactive,inactive,,,,false
2007,3835,a7623f8f-8cb7-0164-c734-98ebc99e316a,s:40~l:54~a:3835,jamie-funn,basketball,Jamie,Funn,Jamie Funn,Jamie Funn,J. Funn,74.0,"6' 2""",,,,,,,,,0,Not Available,NA,Not Available,30,,,1,2,Inactive,inactive,,,,false
2007,3837,e8c60710-327b-8a86-e706-b5fb5204af85,s:40~l:54~a:3837,allison-jaskowiak,basketball,Allison,Jaskowiak,Allison Jaskowiak,Allison Jaskowiak,A. Jaskowiak,71.0,"5' 11""",,,,,,,,,0,Not Available,NA,Not Available,30,,,1,2,Inactive,inactive,,,,false
2007,3839,f927d05a-239f-44f6-91d2-43cf5b1aa93e,s:40~l:54~a:3839,eshaya-murphy,basketball,Eshaya,Murphy,Eshaya Murphy,Eshaya Murphy,E. Murphy,71.0,"5' 11""",,,,,,,,,0,Not Available,NA,Not Available,30,,,1,2,Inactive,inactive,,,,false
2007,3840,e255a009-76ee-0718-9367-5ce2a2b4560c,s:40~l:54~a:3840,jamie-hagiya,basketball,Jamie,Hagiya,Jamie Hagiya,Jamie Hagiya,J. Hagiya,64.0,"5' 4""",,,,,,,,,0,Not Available,NA,Not Available,30,,,1,2,Inactive,inactive,,,,false
2007,3848,84927a13-b77c-aea3-1b03-f744e72506d2,s:40~l:54~a:3848,jenna-lohse,basketball,Jenna,Lohse,Jenna Lohse,Jenna Lohse,J. Lohse,74.0,"6' 2""",,,,,,,,,0,Not Available,NA,Not Available,2628,,,1,2,Inactive,inactive,,,,false
2007,3849,ebee6c41-83fe-3662-9996-cdc83688cce8,s:40~l:54~a:3849,adrianne-ross,basketball,Adrianne,Ross,Adrianne Ross,Adrianne Ross,A. Ross,68.0,"5' 8""",,,,,,,,,0,Not Available,NA,Not Available,2628,,,1,2,Inactive,inactive,,,,false
2007,3852,7f84cae8-ee6e-05f0-d234-2d69f50489f3,s:40~l:54~a:3852,breanne-watson,basketball,Breanne,Watson,Breanne Watson,Breanne Watson,B. Watson,73.0,"6' 1""",,,,,,,,,0,Not Available,NA,Not Available,264,,,1,2,Inactive,inactive,,,,false
2007,3854,acd26027-7e5b-d015-aa76-1b74482cb934,s:40~l:54~a:3854,cameo-hicks,basketball,Cameo,Hicks,Cameo Hicks,Cameo Hicks,C. Hicks,70.0,"5' 10""",,,,,,,,,0,Not Available,NA,Not Available,264,,,1,2,Inactive,inactive,,,,false
2007,3856,6739d95a-1027-3556-bca1-fd2140d1a028,s:40~l:54~a:3856,erica-pollock,basketball,Erica,Pollock,Erica Pollock,Erica Pollock,E. Pollock,73.0,"6' 1""",,,,,,,,,0,Not Available,NA,Not Available,2603,,,1,2,Inactive,inactive,,,,false
2007,3857,3abef54d-87c8-f1c5-a4c1-ce46d9aa0d23,s:40~l:54~a:3857,ayahna-cornish,basketball,Ayahna,Cornish,Ayahna Cornish,Ayahna Cornish,A. Cornish,69.0,"5' 9""",,,,,,,,,0,Not Available,NA,Not Available,2603,,,1,2,Inactive,inactive,,,,false
2007,3859,995503e4-b8fc-99db-d2b6-f7619639b930,s:40~l:54~a:3859,whitney-ffrench,basketball,Whitney,Ffrench,Whitney Ffrench,Whitney Ffrench,W. Ffrench,70.0,"5' 10""",,,,,,,,,0,Not Available,NA,Not Available,2603,,,1,2,Inactive,inactive,,,,false
2007,3864,988ade6c-91fc-c669-a2dc-719b66089d11,s:40~l:54~a:3864,angela-phillips,basketball,Angela,Phillips,Angela Phillips,Angela Phillips,A. Phillips,65.0,"5' 5""",,,,,,,,,0,Not Available,NA,Not Available,96,,,1,2,Inactive,inactive,,,,false
2007,3905,141926ec-a037-9580-396c-234584ac70c2,s:40~l:54~a:3905,armintie-herrington,basketball,Armintie,Herrington,Armintie Herrington,Armintie Herrington,A. Herrington,69.0,"5' 9""",132.0,132 lbs,31,1985-04-03T08:00Z,,,,,0,Not Available,NA,Not Available,145,,,,2,Inactive,inactive,,,,false
2007,3906,d5e968b1-3597-755b-99e8-ba9e80328343,s:40~l:54~a:3906,ashley-awkward,basketball,Ashley,Awkward,Ashley Awkward,Ashley Awkward,A. Awkward,66.0,"5' 6""",,,,,,,,,0,Not Available,NA,Not Available,145,,,1,2,Inactive,inactive,,,,false
2007,3911,1f381854-501e-64c0-04f8-7946d46ae159,s:40~l:54~a:3911,eleanor-haring,basketball,Eleanor,Haring,Eleanor Haring,Eleanor Haring,E. Haring,73.0,"6' 1""",,,,,,,,,0,Not Available,NA,Not Available,2483,,,1,2,Inactive,inactive,,,,false
2007,3930,a7aeaed0-1995-02a9-b0ce-17c57dcbf6ed,s:40~l:54~a:3930,kelcey-roegiers-jensen,basketball,Kelcey,Roegiers-Jensen,Kelcey Roegiers-Jensen,Kelcey Roegiers-Jensen,K. Roegiers-Jensen,68.0,"5' 8""",,,,,,,,,0,Not Available,NA,Not Available,2247,,,1,2,Inactive,inactive,,,,false
2007,3945,6f14f437-59dd-a57b-dd37-55394cf15258,s:40~l:54~a:3945,tamra-braun,basketball,Tamra,Braun,Tamra Braun,Tamra Braun,T. Braun,76.0,"6' 4""",,,,,,,,,0,Not Available,NA,Not Available,2674,,,1,2,Inactive,inactive,,,,false
2007,3946,bbbea5b1-f247-747c-ab7d-3654ae9e7884,s:40~l:54~a:3946,carrie-myers,basketball,Carrie,Myers,Carrie Myers,Carrie Myers,C. Myers,71.0,"5' 11""",,,,,,,,,0,Not Available,NA,Not Available,2674,,,1,2,Inactive,inactive,,,,false
2007,3947,3fdebe19-3290-4041-6e32-32baf8292362,s:40~l:54~a:3947,betsy-rietema,basketball,Betsy,Rietema,Betsy Rietema,Betsy Rietema,B. Rietema,73.0,"6' 1""",,,,,,,,,0,Not Available,NA,Not Available,2674,,,1,2,Inactive,inactive,,,,false
2007,3951,e225091d-d721-cea8-76cc-30f619d96a10,s:40~l:54~a:3951,irene-otamiri,basketball,Irene,Otamiri,Irene Otamiri,Irene Otamiri,I. Otamiri,70.0,"5' 10""",,,,,,,,,0,Not Available,NA,Not Available,2430,,,1,2,Inactive,inactive,,,,false
2007,3952,5acd44b0-0d14-393a-5d5a-512a3cd2eac7,s:40~l:54~a:3952,kaleah-latham,basketball,KaLeah,Latham,KaLeah Latham,KaLeah Latham,K. Latham,70.0,"5' 10""",,,,,,,,,0,Not Available,NA,Not Available,2430,,,1,2,Inactive,inactive,,,,false
2007,3955,ec34cb4b-1386-7c55-bd15-7c37ae0184f9,s:40~l:54~a:3955,jasmine-byrd,basketball,Jasmine,Byrd,Jasmine Byrd,Jasmine Byrd,J. Byrd,67.0,"5' 7""",,,,,,,,,0,Not Available,NA,Not Available,2430,,,1,2,Inactive,inactive,,,,false
2007,3971,5b65c164-6d91-8f93-aa5e-ffbfa7d61852,s:40~l:54~a:3971,teiosha-george,basketball,Teiosha,George,Teiosha George,Teiosha George,T. George,76.0,"6' 4""",,,,,,,,,0,Not Available,NA,Not Available,2492,,,1,2,Inactive,inactive,,,,false
2007,3985,ba2cb8a0-1983-d57d-c0d2-15cdababb5cc,s:40~l:54~a:3985,christiana-lackner,basketball,Christiana,Lackner,Christiana Lackner,Christiana Lackner,C. Lackner,72.0,"6' 0""",,,,,,,,,0,Not Available,NA,Not Available,108,,,1,2,Inactive,inactive,,,,false
2007,4004,f096837b-9cc9-223b-bbff-35a8aefbfd21,s:40~l:54~a:4004,carrie-moore,basketball,Carrie,Moore,Carrie Moore,Carrie Moore,C. Moore,69.0,"5' 9""",,,,,Lathrup Village,MI,USA,,0,Not Available,NA,Not Available,2711,,,,2,Inactive,inactive,,,,false
2007,4005,366a567d-2e0c-7d64-2410-ac50c1caeea6,s:40~l:54~a:4005,nicole-watkins,basketball,Nicole,Watkins,Nicole Watkins,Nicole Watkins,N. Watkins,70.0,"5' 10""",,,,,,,,,0,Not Available,NA,Not Available,2711,,,1,2,Inactive,inactive,,,,false
2007,4021,68518a57-edce-ccd9-87ee-1acc3a7acf95,s:40~l:54~a:4021,latoya-chalmers,basketball,Latoya,Chalmers,Latoya Chalmers,Latoya Chalmers,L. Chalmers,73.0,"6' 1""",,,,,,,,,0,Not Available,NA,Not Available,2230,,,1,2,Inactive,inactive,,,,false
2007,4025,db740dfe-70f9-a921-9461-f71ecd5c1f33,s:40~l:54~a:4025,kamela-gissendanner,basketball,Kamela,Gissendanner,Kamela Gissendanner,Kamela Gissendanner,K. Gissendanner,72.0,"6' 0""",,,,,,,,,0,Not Available,NA,Not Available,152,,,1,2,Inactive,inactive,,,,false
2007,4031,745b9f15-ac75-d4e9-6cd6-6f620b3d378e,s:40~l:54~a:4031,karen-twehues,basketball,Karen,Twehues,Karen Twehues,Karen Twehues,K. Twehues,72.0,"6' 0""",,,,,,,,,0,Not Available,NA,Not Available,2132,,,1,2,Inactive,inactive,,,,false
2007,4032,91e7f440-09e3-5e2d-1dee-c6b4f0192ee2,s:40~l:54~a:4032,treasure-humphries,basketball,Treasure,Humphries,Treasure Humphries,Treasure Humphries,T. Humphries,67.0,"5' 7""",,,,,,,,,0,Not Available,NA,Not Available,2132,,,1,2,Inactive,inactive,,,,false
2007,4101,804453a0-93f8-7549-d058-7066637ee0b9,s:40~l:54~a:4101,noelle-quinn,basketball,Noelle,Quinn,Noelle Quinn,Noelle Quinn,N. Quinn,72.0,"6' 0""",178.0,178 lbs,40,1985-01-03T08:00Z,,,,,0,Not Available,NA,Not Available,26,,,,2,Inactive,inactive,,,,false
2007,4102,154c9df1-8169-31e0-ff3f-374b2899226f,s:40~l:54~a:4102,amanda-livingston,basketball,Amanda,Livingston,Amanda Livingston,Amanda Livingston,A. Livingston,73.0,"6' 1""",,,,,,,,,0,Not Available,NA,Not Available,26,,,1,2,Inactive,inactive,,,,false
2007,4108,23b81960-4fe4-34e6-7277-a7576ca1d746,s:40~l:54~a:4108,dana-schultz,basketball,Dana,Schultz,Dana Schultz,Dana Schultz,D. Schultz,72.0,"6' 0""",,,,,,,,,0,Not Available,NA,Not Available,270,,,1,2,Inactive,inactive,,,,false
2007,4111,5e4ce607-0bf0-8b47-25e6-8115e14085a6,s:40~l:54~a:4111,kiley-johnson,basketball,Kiley,Johnson,Kiley Johnson,Kiley Johnson,K. Johnson,69.0,"5' 9""",,,,,,,,,0,Not Available,NA,Not Available,270,,,1,2,Inactive,inactive,,,,false
2007,4114,ae72a194-eb9d-917c-3a70-3798f69ecc98,s:40~l:54~a:4114,aubrey-hampton,basketball,Aubrey,Hampton,Aubrey Hampton,Aubrey Hampton,A. Hampton,66.0,"5' 6""",,,,,,,,,0,Not Available,NA,Not Available,270,,,1,2,Inactive,inactive,,,,false
2007,4119,82376aa9-2983-9baf-c5aa-310259a520c0,s:40~l:54~a:4119,bethany-stranges,basketball,Bethany,Stranges,Bethany Stranges,Bethany Stranges,B. Stranges,75.0,"6' 3""",,,,,,,,,0,Not Available,NA,Not Available,350,,,1,2,Inactive,inactive,,,,false
2007,4124,60b74598-ec7f-57bf-a123-1e9258d2e8e4,s:40~l:54~a:4124,denise-lawrence,basketball,Denise,Lawrence,Denise Lawrence,Denise Lawrence,D. Lawrence,69.0,"5' 9""",,,,,,,,,0,Not Available,NA,Not Available,350,,,1,2,Inactive,inactive,,,,false
2007,4136,eca9866b-b671-532f-57b3-d69ada6941b5,s:40~l:54~a:4136,keanna-levy,basketball,Keanna,Levy,Keanna Levy,Keanna Levy,K. Levy,70.0,"5' 10""",,,,,,,,,0,Not Available,NA,Not Available,25,,,1,2,Inactive,inactive,,,,false
2007,4199,84a8e40f-9792-3cb9-bbe1-360888fdc599,s:40~l:54~a:4199,brittnie-hughes,basketball,Brittnie,Hughes,Brittnie Hughes,Brittnie Hughes,B. Hughes,67.0,"5' 7""",,,,,,,,,0,Not Available,NA,Not Available,2378,,,1,2,Inactive,inactive,,,,false
2007,4203,e1763709-371d-78b0-d7c8-79b95d8870b1,s:40~l:54~a:4203,sharri-rohde,basketball,Sharri,Rohde,Sharri Rohde,Sharri Rohde,S. Rohde,71.0,"5' 11""",,,,,,,,,0,Not Available,NA,Not Available,2378,,,1,2,Inactive,inactive,,,,false
2007,4208,4ea71694-08f7-39b4-36c6-ce5c9e3535c2,s:40~l:54~a:4208,merideth-onson,basketball,Merideth,Onson,Merideth Onson,Merideth Onson,M. Onson,72.0,"6' 0""",,,,,,,,,0,Not Available,NA,Not Available,104,,,1,2,Inactive,inactive,,,,false
2007,4219,db591383-e1f4-0447-b55e-ccb6691ceef6,s:40~l:54~a:4219,rachel-kane,basketball,Rachel,Kane,Rachel Kane,Rachel Kane,R. Kane,,,,,,,,,,,0,Not Available,NA,Not Available,2250,,,1,2,Inactive,inactive,,,,false
2007,4222,1c9f2497-cca5-40f6-7ef2-4581b536727f,s:40~l:54~a:4222,katy-ridenour,basketball,Katy,Ridenour,Katy Ridenour,Katy Ridenour,K. Ridenour,,,,,,,,,,,0,Not Available,NA,Not Available,2250,,,1,2,Inactive,inactive,,,,false
2007,4223,8a5fab3c-d1c6-7c42-46c2-b17c73f64969,s:40~l:54~a:4223,stephanie-hawk,basketball,Stephanie,Hawk,Stephanie Hawk,Stephanie Hawk,S. Hawk,,,,,,,,,,,0,Not Available,NA,Not Available,2250,,,1,2,Inactive,inactive,,,,false
2007,4235,9ade8ae2-c55a-5ff7-0a80-1707476b6750,s:40~l:54~a:4235,amanda-jackson,basketball,Amanda,Jackson,Amanda Jackson,Amanda Jackson,A. Jackson,69.0,"5' 9""",,,,,,,,,0,Not Available,NA,Not Available,193,,,2,2,Inactive,inactive,,,,false
2007,4249,31e811cd-050f-154f-7c64-37c0164c2b4f,s:40~l:54~a:4249,brittani-green,basketball,Brittani,Green,Brittani Green,Brittani Green,B. Green,,,,,,,,,,,0,Not Available,NA,Not Available,278,,,1,2,Inactive,inactive,,,,false
2007,4250,6f8f3b2b-57d8-2e98-48b3-8aa2d530a9d9,s:40~l:54~a:4250,paige-diggs,basketball,Paige,Diggs,Paige Diggs,Paige Diggs,P. Diggs,,,,,,,,,,,0,Not Available,NA,Not Available,278,,,1,2,Inactive,inactive,,,,false
2007,4252,a3b9aec2-b929-b6a1-3b79-12de4563cfb7,s:40~l:54~a:4252,pam-tambini,basketball,Pam,Tambini,Pam Tambini,Pam Tambini,P. Tambini,70.0,"5' 10""",,,,,,,,,0,Not Available,NA,Not Available,62,,,1,2,Inactive,inactive,,,,false
2007,4253,faadc792-4785-127c-f212-ab4681637084,s:40~l:54~a:4253,brittney-grice,basketball,Brittney,Grice,Brittney Grice,Brittney Grice,B. Grice,76.0,"6' 4""",,,,,,,,,0,Not Available,NA,Not Available,62,,,1,2,Inactive,inactive,,,,false
2007,4288,13b9fb77-2d59-498c-1500-784720e78db9,s:40~l:54~a:4288,eghosa-obaiza,basketball,Eghosa,Obaiza,Eghosa Obaiza,Eghosa Obaiza,E. Obaiza,,,,,,,,,,,2,Forward,F,Forward,2608,2608,,1,2,Inactive,inactive,,,,false
2007,4291,2942a158-d433-9234-cd5c-a89228709f1c,s:40~l:54~a:4291,lauren-shaughnessy,basketball,Lauren,Shaughnessy,Lauren Shaughnessy,Lauren Shaughnessy,L. Shaughnessy,,,,,,,,,,,0,Not Available,NA,Not Available,2608,,,1,2,Inactive,inactive,,,,false
2007,4293,a9933598-53b9-8924-73f8-3bc1c4779f2b,s:40~l:54~a:4293,serena-benavente,basketball,Serena,Benavente,Serena Benavente,Serena Benavente,S. Benavente,,,,,,,,,,,0,Not Available,NA,Not Available,2608,,,1,2,Inactive,inactive,,,,false
2007,4354,6c10d962-b8b3-799f-c825-49df310998c8,s:40~l:54~a:4354,kaela-chapdelaine,basketball,Kaela,Chapdelaine,Kaela Chapdelaine,Kaela Chapdelaine,K. Chapdelaine,70.0,"5' 10""",,,,,,,,,0,Not Available,NA,Not Available,2483,,,1,2,Inactive,inactive,,,,false
2007,4355,e4a12a76-7546-6f1d-d612-ef4b8f919f9f,s:40~l:54~a:4355,cicely-oaks,basketball,Cicely,Oaks,Cicely Oaks,Cicely Oaks,C. Oaks,67.0,"5' 7""",,,,,,,,,0,Not Available,NA,Not Available,2483,,,1,2,Inactive,inactive,,,,false
2007,4396,e53d851c-4683-1c6c-3031-69806f37343c,s:40~l:54~a:4396,tyler-mcilwraith,basketball,Tyler,McIlwraith,Tyler McIlwraith,Tyler McIlwraith,T. McIlwraith,,,,,,,,,,,0,Not Available,NA,Not Available,139,,,1,2,Inactive,inactive,,,,false
2007,4414,2eaa3a0c-d404-1711-f01a-0453486d42b8,s:40~l:54~a:4414,tamara-tatham,basketball,Tamara,Tatham,Tamara Tatham,Tamara Tatham,T. Tatham,73.0,"6' 1""",,,35,1985-08-19T07:00Z,,,,,0,Not Available,NA,Not Available,113,,,,2,Inactive,inactive,,,,false
2007,4468,b3a5d57f-c103-7b67-45fd-86208cf540e7,s:40~l:54~a:4468,melanie-williams,basketball,Melanie,Williams,Melanie Williams,Melanie Williams,M. Williams,68.0,"5' 8""",,,,,,,,,0,Not Available,NA,Not Available,2433,,,1,2,Inactive,inactive,,,,false
2007,4488,f3e2d634-334d-e028-33dc-34f2e59dcc4d,s:40~l:54~a:4488,talicia-sanders,basketball,Talicia,Sanders,Talicia Sanders,Talicia Sanders,T. Sanders,74.0,"6' 2""",,,,,,,,,0,Not Available,NA,Not Available,249,,,1,2,Inactive,inactive,,,,false
2007,4563,b5bdf06f-86a3-990c-830f-ed3c98e59e5c,s:40~l:54~a:4563,tiffany-lafleur,basketball,Tiffany,LaFleur,Tiffany LaFleur,Tiffany LaFleur,T. LaFleur,77.0,"6' 5""",,,,,,,,,0,Not Available,NA,Not Available,2309,,,1,2,Inactive,inactive,,,,false
2007,4565,20ac1428-f713-8903-7542-78e8fa0cd575,s:40~l:54~a:4565,lakia-stewart,basketball,La'Kia,Stewart,La'Kia Stewart,La'Kia Stewart,L. Stewart,69.0,"5' 9""",,,,,,,,,0,Not Available,NA,Not Available,2309,,,1,2,Inactive,inactive,,,,false
2007,4566,a935041a-7913-c010-5be0-b7e99298780e,s:40~l:54~a:4566,kerrie-james,basketball,Kerrie,James,Kerrie James,Kerrie James,K. James,66.0,"5' 6""",,,,,,,,,0,Not Available,NA,Not Available,2309,,,1,2,Inactive,inactive,,,,false
2007,4583,4ab1849f-97c3-6e0d-5969-10dace4b6d60,s:40~l:54~a:4583,christina-campion,basketball,Christina,Campion,Christina Campion,Christina Campion,C. Campion,,,,,,,,,,,0,Not Available,NA,Not Available,257,,,1,2,Inactive,inactive,,,,false
2007,4584,68adba93-9b24-b515-4f34-bb98a24283b8,s:40~l:54~a:4584,deunna-hendrix,basketball,DeUnna,Hendrix,DeUnna Hendrix,DeUnna Hendrix,D. Hendrix,69.0,"5' 9""",,,38,1984-10-27T07:00Z,Kokomo,IN,USA,,0,Not Available,NA,Not Available,257,,,,2,Inactive,inactive,,,,false
2007,4591,b0535385-9e83-72f8-a0d5-fcf6ca62b431,s:40~l:54~a:4591,joey-rhoads,basketball,Joey,Rhoads,Joey Rhoads,Joey Rhoads,J. Rhoads,64.0,"5' 4""",,,,,,,,,0,Not Available,NA,Not Available,219,,,1,2,Inactive,inactive,,,,false
2007,4601,a0016076-4774-dd87-85e9-d5d6f7a1c2e1,s:40~l:54~a:4601,marquise-hanser,basketball,Marquise,Hanser,Marquise Hanser,Marquise Hanser,M. Hanser,,,,,,,,,,,0,Not Available,NA,Not Available,2350,,,1,2,Inactive,inactive,,,,false
2007,4602,ac34d644-6376-8ae4-6594-d58bd3d884d2,s:40~l:54~a:4602,jenna-real,basketball,Jenna,Real,Jenna Real,Jenna Real,J. Real,,,,,,,,,,,0,Not Available,NA,Not Available,2350,,,1,2,Inactive,inactive,,,,false
2007,4604,a22850f6-bf1e-bdb5-9cef-937f819d7ee8,s:40~l:54~a:4604,emily-ponder,basketball,Emily,Ponder,Emily Ponder,Emily Ponder,E. Ponder,,,,,,,,,,,0,Not Available,NA,Not Available,2350,,,1,2,Inactive,inactive,,,,false
2007,4641,4a3b825e-81e8-4e65-9a65-540818dff637,s:40~l:54~a:4641,belinda-gibb,basketball,Belinda,Gibb,Belinda Gibb,Belinda Gibb,B. Gibb,69.0,"5' 9""",,,,,,,,,0,Not Available,NA,Not Available,2084,,,1,2,Inactive,inactive,,,,false
2007,4739,7b797775-a058-a3b1-857c-ffc16754983b,s:40~l:54~a:4739,devin-necaise,basketball,Devin,Necaise,Devin Necaise,Devin Necaise,D. Necaise,,,,,,,,,,,0,Not Available,NA,Not Available,235,,,1,2,Inactive,inactive,,,,false
2007,4743,39c17a2c-34b2-3fae-4f0b-afc0b7954bda,s:40~l:54~a:4743,chantella-perera,basketball,Chantella,Perera,Chantella Perera,Chantella Perera,C. Perera,,,,,,,,,,,3,Guard,G,Guard,278,278,,1,2,Inactive,inactive,,,,false
2007,4761,71dd8420-30ca-983c-ce01-1e5aed952be2,s:40~l:54~a:4761,heta-korpivaara,basketball,Heta,Korpivaara,Heta Korpivaara,Heta Korpivaara,H. Korpivaara,,,,,,,,,,,0,Not Available,NA,Not Available,2550,,,1,2,Inactive,inactive,,,,false
2007,4763,5f83b352-f0c2-8557-9bfc-5a416fab083f,s:40~l:54~a:4763,amy-kotani,basketball,Amy,Kotani,Amy Kotani,Amy Kotani,A. Kotani,,,,,,,,,,,0,Not Available,NA,Not Available,62,,,1,2,Inactive,inactive,,,,false
2007,4795,c6dc6fa9-b34e-630b-233b-23c55147424a,s:40~l:54~a:4795,danielle-kamm,basketball,Danielle,Kamm,Danielle Kamm,Danielle Kamm,D. Kamm,,,,,,,,,,,0,Not Available,NA,Not Available,,,,,2,Inactive,inactive,,,,false
2007,4796,26a2071b-9268-3f48-5826-f7a7e1464bbd,s:40~l:54~a:4796,christina-quaye,basketball,Christina,Quaye,Christina Quaye,Christina Quaye,C. Quaye,,,,,,,,,,,0,Not Available,NA,Not Available,,,,,2,Inactive,inactive,,,,false
2007,4798,b4fdc17c-eb3a-9701-8fe5-00cfa705d46e,s:40~l:54~a:4798,jasmine-mccullough,basketball,Jasmine,McCullough,Jasmine McCullough,Jasmine McCullough,J. McCullough,,,,,,,,,,,0,Not Available,NA,Not Available,,,,,2,Inactive,inactive,,,,false
2007,4814,d01e22db-859a-44a2-b9b9-460b8d49077b,s:40~l:54~a:4814,essence-carson,basketball,Essence,Carson,Essence Carson,Essence Carson,E. Carson,,,,,,,,,,,0,Not Available,NA,Not Available,,,,,2,Inactive,inactive,,,,false
2007,4815,759582e5-b26d-b041-de8e-38d7e395bba7,s:40~l:54~a:4815,katie-adams,basketball,Katie,Adams,Katie Adams,Katie Adams,K. Adams,,,,,,,,,,,0,Not Available,NA,Not Available,,,,,2,Inactive,inactive,,,,false
2007,4820,0de0ab27-4d44-bdd6-a591-d5ef9dfbcb07,s:40~l:54~a:4820,erlana-larkins,basketball,Erlana,Larkins,Erlana Larkins,Erlana Larkins,E. Larkins,73.0,"6' 1""",205.0,205 lbs,33,1986-04-02T08:00Z,Riviera Beach,FL,USA,,0,Not Available,NA,Not Available,,,,,2,Inactive,inactive,,,,false
2007,4822,82ad799c-6a4c-6217-d70c-deb7d9779b4e,s:40~l:54~a:4822,latoya-sanders,basketball,LaToya,Sanders,LaToya Sanders,LaToya Sanders,L. Sanders,74.0,"6' 2""",170.0,170 lbs,34,1986-09-11T07:00Z,Nurnberg,,Germany,,0,Not Available,NA,Not Available,153,,,,2,Inactive,inactive,2008,1,13,false
2007,4841,9955d729-5021-b8b2-d61c-1fcba58a787b,s:40~l:54~a:4841,megan-darrah,basketball,Megan,Darrah,Megan Darrah,Megan Darrah,M. Darrah,,,,,,,,,,,0,Not Available,NA,Not Available,,,,,2,Inactive,inactive,,,,false
2007,4882,6fa9101c-9aa3-0d4e-cdd9-ed885501cb7e,s:40~l:54~a:4882,chante-bowman,basketball,Chante,Bowman,Chante Bowman,Chante Bowman,C. Bowman,,,,,,,,,,,0,Not Available,NA,Not Available,,,,,2,Inactive,inactive,,,,false
2007,4883,d604d498-da68-ebc2-0155-700bfa5ee1c6,s:40~l:54~a:4883,samantha-mahoney,basketball,Samantha,Mahoney,Samantha Mahoney,Samantha Mahoney,S. Mahoney,,,,,,,,,,,0,Not Available,NA,Not Available,,,,,2,Inactive,inactive,,,,false
2007,4884,41f4b5d4-425e-5019-8a2a-061b6c41c077,s:40~l:54~a:4884,sarah-elliott,basketball,Sarah,Elliott,Sarah Elliott,Sarah Elliott,S. Elliott,,,,,,,,,,,0,Not Available,NA,Not Available,,,,,2,Inactive,inactive,,,,false
2007,4897,c65140ba-6355-155c-ec3a-4cec4e6c77ca,s:40~l:54~a:4897,lindsey-pluimer,basketball,Lindsey,Pluimer,Lindsey Pluimer,Lindsey Pluimer,L. Pluimer,,,,,,,,,,,0,Not Available,NA,Not Available,,,,,2,Inactive,inactive,,,,false
2007,4919,7fcba349-1988-97c1-7783-b2c62d549a61,s:40~l:54~a:4919,chakhia-cole,basketball,Chakhia,Cole,Chakhia Cole,Chakhia Cole,C. Cole,,,,,,,,,,,0,Not Available,NA,Not Available,,,,,2,Inactive,inactive,,,,false
2007,4920,b61b02b4-002d-0547-1239-39eb99e7b848,s:40~l:54~a:4920,olayinka-sanni,basketball,Olayinka,Sanni,Olayinka Sanni,Olayinka Sanni,O. Sanni,,,,,,,,,,,0,Not Available,NA,Not Available,,,,,2,Inactive,inactive,,,,false
2007,4922,50574514-54c4-f924-2b0b-3ca450cea506,s:40~l:54~a:4922,laquita-owens,basketball,LaQuita,Owens,LaQuita Owens,LaQuita Owens,L. Owens,,,,,,,,,,,0,Not Available,NA,Not Available,,,,,2,Inactive,inactive,,,,false
2007,4946,ab384c39-0ba8-f52b-4df7-53d89da62b9f,s:40~l:54~a:4946,simone-jelks,basketball,Simone,Jelks,Simone Jelks,Simone Jelks,S. Jelks,,,,,,,,,,,0,Not Available,NA,Not Available,,,,,2,Inactive,inactive,,,,false
2007,4955,f1cd8ab2-49be-cb14-d883-5e628b0f09f3,s:40~l:54~a:4955,lashawn-johnson,basketball,Lashawn,Johnson,Lashawn Johnson,Lashawn Johnson,L. Johnson,,,,,,,,,,,1,Center,C,Center,,2287,,,2,Inactive,inactive,,,,false
2007,4982,1ecc43de-2b27-5181-b73f-f86fe2213e68,s:40~l:54~a:4982,liz-honegger,basketball,Liz,Honegger,Liz Honegger,Liz Honegger,L. Honegger,,,,,,,,,,,0,Not Available,NA,Not Available,,,,,2,Inactive,inactive,,,,false
2007,4983,6289c6b6-7c52-5dde-4e07-0773b7d5964b,s:40~l:54~a:4983,carin-horne,basketball,Carin,Horne,Carin Horne,Carin Horne,C. Horne,,,,,,,,,,,0,Not Available,NA,Not Available,,,,,2,Inactive,inactive,,,,false
2007,4984,38adc790-ac7d-e7fd-1880-d537bc8ce752,s:40~l:54~a:4984,ali-mann,basketball,Ali,Mann,Ali Mann,Ali Mann,A. Mann,,,,,,,,,,,0,Not Available,NA,Not Available,,,,,2,Inactive,inactive,,,,false
2007,4985,64101cc8-b338-7830-8c20-2c12d8d17fb6,s:40~l:54~a:4985,kate-achter,basketball,Kate,Achter,Kate Achter,Kate Achter,K. Achter,68.0,"5' 8""",,,,,Oregon,OH,USA,,3,Guard,G,Guard,,189,,,2,Inactive,inactive,,,,false
2007,5004,6be8e091-bb7e-45d0-bc93-abcbd3f6a627,s:40~l:54~a:5004,jessica-arnold,basketball,Jessica,Arnold,Jessica Arnold,Jessica Arnold,J. Arnold,,,,,,,,,,,3,Guard,G,Guard,,12,,,2,Inactive,inactive,,,,false
2007,5016,db797c7b-7081-36c1-b0c3-c509824ac5f7,s:40~l:54~a:5016,ty-moore,basketball,Ty,Moore,Ty Moore,Ty Moore,T. Moore,,,,,,,,,,,0,Not Available,NA,Not Available,,,,,2,Inactive,inactive,,,,false
2007,5018,f77e9285-bb45-0cce-bbd5-9c0c0476dda2,s:40~l:54~a:5018,ashley-whisonant,basketball,Ashley,Whisonant,Ashley Whisonant,Ashley Whisonant,A. Whisonant,,,,,,,,,,,0,Not Available,NA,Not Available,,,,,2,Inactive,inactive,,,,false
2007,5059,f05616f7-d52b-9127-6ac1-b735a2120bda,s:40~l:54~a:5059,jada-mincy,basketball,Jada,Mincy,Jada Mincy,Jada Mincy,J. Mincy,,,,,,,,,,,2,Forward,F,Forward,,145,,,2,Inactive,inactive,,,,false
2007,5100,0ef842eb-d3e6-a4b1-e340-a4aa7aded948,s:40~l:54~a:5100,rachel-maenpaa,basketball,Rachel,Maenpaa,Rachel Maenpaa,Rachel Maenpaa,R. Maenpaa,,,,,,,,,,,0,Not Available,NA,Not Available,,,,,2,Inactive,inactive,,,,false
2007,5106,6fc4573e-bc8a-7b47-8b58-be1cfdd4e081,s:40~l:54~a:5106,laura-rudolphi,basketball,Laura,Rudolphi,Laura Rudolphi,Laura Rudolphi,L. Rudolphi,,,,,,,,,,,1,Center,C,Center,,282,,,2,Inactive,inactive,,,,false
2007,5110,9d8cb090-cef3-c0e5-47fe-b68133757441,s:40~l:54~a:5110,leah-phillips,basketball,Leah,Phillips,Leah Phillips,Leah Phillips,L. Phillips,,,,,,,,,,,3,Guard,G,Guard,,282,,,2,Inactive,inactive,,,,false
2007,5115,ec66a801-4688-d019-5153-59b388e6493e,s:40~l:54~a:5115,tierra-henderson,basketball,Tierra,Henderson,Tierra Henderson,Tierra Henderson,T. Henderson,,,,,,,,,,,3,Guard,G,Guard,,26,,,2,Inactive,inactive,,,,false
2007,5117,67cc304c-b981-8438-83d9-2ba62d74a44b,s:40~l:54~a:5117,chinyere-ibekwe,basketball,Chinyere,Ibekwe,Chinyere Ibekwe,Chinyere Ibekwe,C. Ibekwe,,,,,,,,,,,1,Center,C,Center,,26,,,2,Inactive,inactive,,,,false
2007,5141,6de810c8-88fa-f5f3-612f-914830be5545,s:40~l:54~a:5141,jami-bjorklund,basketball,Jami,Bjorklund,Jami Bjorklund,Jami Bjorklund,J. Bjorklund,,,,,,,,,,,0,Not Available,NA,Not Available,,,,,2,Inactive,inactive,,,,false
2007,5161,f3dd6e54-5e93-addc-2dc3-cf09804811c5,s:40~l:54~a:5161,chenara-wilson,basketball,Chenara,Wilson,Chenara Wilson,Chenara Wilson,C. Wilson,,,,,,,,,,,2,Forward,F,Forward,,325,,,2,Inactive,inactive,,,,false
2007,5162,9be914b8-0860-8922-fdd7-b4fe27168a51,s:40~l:54~a:5162,nicole-thomas,basketball,Nicole,Thomas,Nicole Thomas,Nicole Thomas,N. Thomas,,,,,,,,,,,0,Not Available,NA,Not Available,,,,,2,Inactive,inactive,,,,false
2007,5196,8bc36316-2ce4-71cb-3aa4-ee3e756d89d0,s:40~l:54~a:5196,jessica-ross,basketball,Jessica,Ross,Jessica Ross,Jessica Ross,J. Ross,,,,,,,,,,,3,Guard,G,Guard,,2492,,,2,Inactive,inactive,,,,false
2007,5198,7974c35e-23fc-79de-cf04-c16068906c2b,s:40~l:54~a:5198,daphanie-kennedy,basketball,Daphanie,Kennedy,Daphanie Kennedy,Daphanie Kennedy,D. Kennedy,,,,,,,,,,,0,Not Available,NA,Not Available,,,,,2,Inactive,inactive,,,,false
2007,5204,bfa37dc1-f73c-8c66-3115-f785488aab0b,s:40~l:54~a:5204,nakeya-isabell,basketball,Nakeya,Isabell,Nakeya Isabell,Nakeya Isabell,N. Isabell,,,,,,,,,,,3,Guard,G,Guard,,2492,,,2,Inactive,inactive,,,,false
2007,5213,b026f791-e872-c96a-2a1e-5bf2237029ae,s:40~l:54~a:5213,rashanda-mccants,basketball,Rashanda,Mccants,Rashanda Mccants,Rashanda Mccants,R. Mccants,,,,,,,,,,32 ,3,Guard,G,Guard,,153,,,2,Inactive,inactive,,,,false
2007,5229,a7c6ba63-79a7-487c-3c28-b5d8acfed9a8,s:40~l:54~a:5229,eboni-mangum,basketball,Eboni,Mangum,Eboni Mangum,Eboni Mangum,E. Mangum,,,,,,,,,,,3,Guard,G,Guard,,2628,,,2,Inactive,inactive,,,,false
2007,5239,9ccd0b7f-95e1-7b04-4090-a2affe8a09ab,s:40~l:54~a:5239,tamika-nurse,basketball,Tamika,Nurse,Tamika Nurse,Tamika Nurse,T. Nurse,,,,,,,,,,,3,Guard,G,Guard,,189,,,2,Inactive,inactive,,,,false
2007,5251,72e7a6c4-fd84-3fc9-dea8-cef031895426,s:40~l:54~a:5251,kirsten-peterson,basketball,Kirsten,Peterson,Kirsten Peterson,Kirsten Peterson,K. Peterson,,,,,,,,,,,0,Not Available,NA,Not Available,,,,,2,Inactive,inactive,,,,false
2007,5253,e688bd84-288e-65b7-29eb-da7926f4ccd0,s:40~l:54~a:5253,sherri-mikus,basketball,Sherri,Mikus,Sherri Mikus,Sherri Mikus,S. Mikus,,,,,,,,,,,0,Not Available,NA,Not Available,,,,,2,Inactive,inactive,,,,false
2007,5255,de15b3a6-5c1f-b5f7-f708-7a89ccba9b31,s:40~l:54~a:5255,amanda-ward,basketball,Amanda,Ward,Amanda Ward,Amanda Ward,A. Ward,,,,,,,,,,,3,Guard,G,Guard,,399,,,2,Inactive,inactive,,,,false
2007,5261,e1352db2-7ef7-94f5-eec6-96fc67afd79b,s:40~l:54~a:5261,andrea-plouffe,basketball,Andrea,Plouffe,Andrea Plouffe,Andrea Plouffe,A. Plouffe,,,,,,,,,,,0,Not Available,NA,Not Available,,,,,2,Inactive,inactive,,,,false
2007,5262,f5be9091-e8b7-0154-26e4-10653964bde2,s:40~l:54~a:5262,emily-florence,basketball,Emily,Florence,Emily Florence,Emily Florence,E. Florence,,,,,,,,,,,0,Not Available,NA,Not Available,,,,,2,Inactive,inactive,,,,false
2007,5306,74bfe609-0fcb-e955-df3e-e206e06a3a6a,s:40~l:54~a:5306,dewanna-bonner,basketball,DeWanna,Bonner,DeWanna Bonner,DeWanna Bonner,D. Bonner,76.0,"6' 4""",140.0,140 lbs,38,1987-08-21T07:00Z,Fairfield,AL,USA,24 ,3,Guard,G,Guard,2,2,,,2,Inactive,inactive,,,,false
2007,5307,c0f9da7d-3022-f41c-7c8d-84a3bd23a0a4,s:40~l:54~a:5307,whitney-boddie,basketball,Whitney,Boddie,Whitney Boddie,Whitney Boddie,W. Boddie,,,,,,,,,,44 ,3,Guard,G,Guard,,2,,,2,Inactive,inactive,,,,false
2007,5308,bd8673a5-516b-e3ee-199f-9e2e7403a597,s:40~l:54~a:5308,sherell-hobbs,basketball,Sherell,Hobbs,Sherell Hobbs,Sherell Hobbs,S. Hobbs,,,,,,,,,,12 ,3,Guard,G,Guard,,2,,,2,Inactive,inactive,,,,false
2007,5323,d1b5f35f-0e16-721c-1be2-62fc2dcc6a98,s:40~l:54~a:5323,kia-vaughn,basketball,Kia,Vaughn,Kia Vaughn,Kia Vaughn,K. Vaughn,76.0,"6' 4""",205.0,205 lbs,36,1987-01-24T08:00Z,Bronx,NY,USA,15 ,1,Center,C,Center,164,164,,,2,Inactive,inactive,,,,false
2007,5335,98aae20b-9c0d-5074-a8a3-cd6a164e6d42,s:40~l:54~a:5335,abby-waner,basketball,Abby,Waner,Abby Waner,Abby Waner,A. Waner,,,,,,,,,,,0,Not Available,NA,Not Available,,,,,2,Inactive,inactive,,,,false
2007,5336,8037115b-37ab-d6c5-c66b-82528747e08d,s:40~l:54~a:5336,carrem-gay,basketball,Carrem,Gay,Carrem Gay,Carrem Gay,C. Gay,,,,,,,,,,,0,Not Available,NA,Not Available,,,,,2,Inactive,inactive,,,,false
2007,5351,3a4e006a-7610-1ac9-377d-4edcf70342c0,s:40~l:54~a:5351,danetra-forrest,basketball,Danetra,Forrest,Danetra Forrest,Danetra Forrest,D. Forrest,,,,,,,,,,,2,Forward,F,Forward,,145,,,2,Inactive,inactive,,,,false
2007,5367,4d468449-907b-7a3b-9bcd-f22ec6e6468b,s:40~l:54~a:5367,noteisha-womack,basketball,Noteisha,Womack,Noteisha Womack,Noteisha Womack,N. Womack,,,,,,,,,,2  ,2,Forward,F,Forward,,2550,,,2,Inactive,inactive,,,,false
2007,5369,1cb0ce60-adf0-9e33-e289-1c543406bdb8,s:40~l:54~a:5369,michelle-jones,basketball,Michelle,Jones,Michelle Jones,Michelle Jones,M. Jones,,,,,,,,,,,2,Forward,F,Forward,,2132,,,2,Inactive,inactive,,,,false
2007,5373,86f1d38a-9399-599e-7a57-13f270a93152,s:40~l:54~a:5373,angel-morgan,basketball,Angel,Morgan,Angel Morgan,Angel Morgan,A. Morgan,,,,,,,,,,,3,Guard,G,Guard,,2132,,,2,Inactive,inactive,,,,false
2007,5377,265ed411-8809-c1c1-dd30-0573e740770b,s:40~l:54~a:5377,ashley-walker,basketball,Ashley,Walker,Ashley Walker,Ashley Walker,A. Walker,73.0,"6' 1""",200.0,200 lbs,32,1987-02-24T08:00Z,Modesto,CA,USA,44 ,2,Forward,F,Forward,25,25,,,2,Inactive,inactive,,,,false
2007,5403,e66201ba-f5b1-11c5-ba95-90ab754d382d,s:40~l:54~a:5403,heather-zurich,basketball,Heather,Zurich,Heather Zurich,Heather Zurich,H. Zurich,,,,,,,,,,21 ,2,Forward,F,Forward,,164,,,2,Inactive,inactive,,,,false
2007,5409,d476adf4-5aa9-826a-c1a9-781921e747c2,s:40~l:54~a:5409,suntana-granderson,basketball,Suntana,Granderson,Suntana Granderson,Suntana Granderson,S. Granderson,,,,,,,,,,,0,Not Available,NA,Not Available,,,,,2,Inactive,inactive,,,,false
2007,5410,1af35ee6-eab3-44d8-f99c-762836ae65dd,s:40~l:54~a:5410,miranda-green,basketball,Miranda,Green,Miranda Green,Miranda Green,M. Green,,,,,,,,,,,0,Not Available,NA,Not Available,,,,,2,Inactive,inactive,,,,false
2007,5411,a7db73b2-50e9-285c-97d2-f33fe9d14521,s:40~l:54~a:5411,michele-miller,basketball,Michele,Miller,Michele Miller,Michele Miller,M. Miller,,,,,,,,,,,0,Not Available,NA,Not Available,,,,,2,Inactive,inactive,,,,false
2007,5412,e1e3c8f0-cb2f-574a-ed74-f2b2edda0088,s:40~l:54~a:5412,deanna-mason,basketball,Deanna,Mason,Deanna Mason,Deanna Mason,D. Mason,,,,,,,,,,,0,Not Available,NA,Not Available,,,,,2,Inactive,inactive,,,,false
2007,5423,998c0aaf-1a8b-37dd-1ab7-b7848374bb71,s:40~l:54~a:5423,carly-ormerod,basketball,Carly,Ormerod,Carly Ormerod,Carly Ormerod,C. Ormerod,,,,,,,,,,0  ,3,Guard,G,Guard,,96,,,2,Inactive,inactive,,,,false
2007,5440,48390b81-fca2-a1d3-2a90-6312765d9b63,s:40~l:54~a:5440,charity-renfro,basketball,Charity,Renfro,Charity Renfro,Charity Renfro,C. Renfro,,,,,,,,,,,0,Not Available,NA,Not Available,,,,,2,Inactive,inactive,,,,false
2007,5441,83124cc3-01a2-db7b-5bbf-fb5f1b17b603,s:40~l:54~a:5441,brianne-orourke,basketball,Brianne,O'Rourke,Brianne O'Rourke,Brianne O'Rourke,B. O'Rourke,,,,,,,,,,,3,Guard,G,Guard,,213,,,2,Inactive,inactive,,,,false
2007,5443,31736818-53e0-74a6-2910-5bbf663dae1c,s:40~l:54~a:5443,mashea-williams,basketball,Mashea,Williams,Mashea Williams,Mashea Williams,M. Williams,,,,,,,,,,,3,Guard,G,Guard,,213,,,2,Inactive,inactive,,,,false
2007,5450,909c3f75-3298-0f1a-1222-74f24790317c,s:40~l:54~a:5450,ashley-powell,basketball,Ashley,Powell,Ashley Powell,Ashley Powell,A. Powell,,,,,,,,,,23 ,3,Guard,G,Guard,,277,,,2,Inactive,inactive,,,,false
2007,5454,2795d054-3baa-14a9-d1fe-d02f74b04d41,s:40~l:54~a:5454,sparkle-davis,basketball,Sparkle,Davis,Sparkle Davis,Sparkle Davis,S. Davis,,,,,,,,,,,0,Not Available,NA,Not Available,,,,,2,Inactive,inactive,,,,false
2007,5464,4528c65a-3525-a468-58b8-02067085a4a2,s:40~l:54~a:5464,krista-vandeventer,basketball,Krista,Vandeventer,Krista Vandeventer,Krista Vandeventer,K. Vandeventer,,,,,,,,,,,0,Not Available,NA,Not Available,,,,,2,Inactive,inactive,,,,false
2007,5466,3f4453d8-e2b0-a6cd-9375-bdc0c4be1da6,s:40~l:54~a:5466,kristi-smith,basketball,Kristi,Smith,Kristi Smith,Kristi Smith,K. Smith,,,,,,,,,,,3,Guard,G,Guard,,2294,,,2,Inactive,inactive,,,,false
2007,5468,0c68fcd2-f96e-5df4-707f-d0166f7d555f,s:40~l:54~a:5468,wendy-ausdemore,basketball,Wendy,Ausdemore,Wendy Ausdemore,Wendy Ausdemore,W. Ausdemore,,,,,,,,,,,2,Forward,F,Forward,,2294,,,2,Inactive,inactive,,,,false
2007,5470,decfa8eb-798c-037b-dea3-659816f705a1,s:40~l:54~a:5470,jenee-graham,basketball,Jenee,Graham,Jenee Graham,Jenee Graham,J. Graham,,,,,,,,,,,0,Not Available,NA,Not Available,,,,,2,Inactive,inactive,,,,false
2007,5475,f38e5024-996c-d97a-47d5-a2749123842d,s:40~l:54~a:5475,jen-oyler,basketball,Jen,Oyler,Jen Oyler,Jen Oyler,J. Oyler,,,,,,,,,,,0,Not Available,NA,Not Available,,,,,2,Inactive,inactive,,,,false
2007,5483,16d60d38-e2af-d642-85bb-903dd4c81619,s:40~l:54~a:5483,krystal-ellis,basketball,Krystal,Ellis,Krystal Ellis,Krystal Ellis,K. Ellis,,,,,,,,,,20 ,3,Guard,G,Guard,,269,,,2,Inactive,inactive,,,,false
2007,5561,960ed852-84fb-8648-0a6a-a57572bf53a6,s:40~l:54~a:5561,meghan-chamberlain,basketball,Meghan,Chamberlain,Meghan Chamberlain,Meghan Chamberlain,M. Chamberlain,,,,,,,,,,,1,Center,C,Center,,2430,,,2,Inactive,inactive,,,,false
2007,5562,acdecc89-9409-67a4-ab56-a97624e7e382,s:40~l:54~a:5562,kristen-boone,basketball,Kristen,Boone,Kristen Boone,Kristen Boone,K. Boone,,,,,,,,,,,3,Guard,G,Guard,,2430,,,2,Inactive,inactive,,,,false
2007,5579,8aa52e15-acfc-6448-a448-7b0c522004a7,s:40~l:54~a:5579,lasma-jekabsone,basketball,Lasma,Jekabsone,Lasma Jekabsone,Lasma Jekabsone,L. Jekabsone,,,,,,,,,,,0,Not Available,NA,Not Available,,,,,2,Inactive,inactive,,,,false
2007,5580,858eb654-db37-8e0f-31af-1b79d26e8c9c,s:40~l:54~a:5580,laquetta-ferguson,basketball,LaQuetta,Ferguson,LaQuetta Ferguson,LaQuetta Ferguson,L. Ferguson,,,,,,,,,,,0,Not Available,NA,Not Available,,,,,2,Inactive,inactive,,,,false
2007,5581,4152dc0c-45c2-8199-e076-c47f15bff607,s:40~l:54~a:5581,eva-makela,basketball,Eva,Makela,Eva Makela,Eva Makela,E. Makela,,,,,,,,,,,0,Not Available,NA,Not Available,,,,,2,Inactive,inactive,,,,false
2007,5585,e63883ad-ceb0-dfb2-f428-ab314ddd6766,s:40~l:54~a:5585,iva-ciglar,basketball,Iva,Ciglar,Iva Ciglar,Iva Ciglar,I. Ciglar,,,,,,,,,,,0,Not Available,NA,Not Available,,,,,2,Inactive,inactive,,,,false
2007,5593,ee033e07-e040-b806-4c6a-a313329a2db5,s:40~l:54~a:5593,traci-edwards,basketball,Traci,Edwards,Traci Edwards,Traci Edwards,T. Edwards,,,,,,,,,,,1,Center,C,Center,,270,,,2,Inactive,inactive,,,,false
2007,5597,37296534-0aaa-c839-c073-6690d5345edf,s:40~l:54~a:5597,katie-fournier,basketball,Katie,Fournier,Katie Fournier,Katie Fournier,K. Fournier,,,,,,,,,,,2,Forward,F,Forward,,270,,,2,Inactive,inactive,,,,false
2007,5599,038f071a-ce19-c3a6-e1bf-46f462cc3746,s:40~l:54~a:5599,emily-markert,basketball,Emily,Markert,Emily Markert,Emily Markert,E. Markert,,,,,,,,,,,0,Not Available,NA,Not Available,,,,,2,Inactive,inactive,,,,false
2007,5600,4ce29c1f-dd60-94c5-b9f7-0ae31a1f785e,s:40~l:54~a:5600,liene-bernsone,basketball,Liene,Bernsone,Liene Bernsone,Liene Bernsone,L. Bernsone,,,,,,,,,,,0,Not Available,NA,Not Available,,,,,2,Inactive,inactive,,,,false
2007,5612,92e8f776-cfc7-d9d2-6c0f-3dbb904026fa,s:40~l:54~a:5612,dede-murphy,basketball,DeDe,Murphy,DeDe Murphy,DeDe Murphy,D. Murphy,,,,,,,,,,,0,Not Available,NA,Not Available,,,,,2,Inactive,inactive,,,,false
2007,5613,ae3eb44f-ca79-389a-459e-16a0287b27f1,s:40~l:54~a:5613,amanda-walker,basketball,Amanda,Walker,Amanda Walker,Amanda Walker,A. Walker,,,,,,,,,,,3,Guard,G,Guard,,2710,,,2,Inactive,inactive,,,,false
2007,5618,e501704a-7341-c371-b41c-8bdb8ae5be36,s:40~l:54~a:5618,sarah-miller,basketball,Sarah,Miller,Sarah Miller,Sarah Miller,S. Miller,,,,,,,,,,,0,Not Available,NA,Not Available,,,,,2,Inactive,inactive,,,,false
2007,5619,deb22360-12ce-e366-8751-3bb92f31e593,s:40~l:54~a:5619,gina-hugelier,basketball,Gina,Hugelier,Gina Hugelier,Gina Hugelier,G. Hugelier,,,,,,,,,,,0,Not Available,NA,Not Available,,,,,2,Inactive,inactive,,,,false
2007,5663,2350fc17-6e44-513b-dffc-b797448833a3,s:40~l:54~a:5663,kendra-gallert,basketball,Kendra,Gallert,Kendra Gallert,Kendra Gallert,K. Gallert,,,,,,,,,,,0,Not Available,NA,Not Available,,,,,2,Inactive,inactive,,,,false
2007,5667,90b5a5df-ee28-e46b-196a-d3c98f9b5439,s:40~l:54~a:5667,megan-thorburn,basketball,Megan,Thorburn,Megan Thorburn,Megan Thorburn,M. Thorburn,,,,,,,,,,,0,Not Available,NA,Not Available,,,,,2,Inactive,inactive,,,,false
2007,5669,137cd8a5-fe99-dccc-932d-712ac3065531,s:40~l:54~a:5669,savannah-werner,basketball,Savannah,Werner,Savannah Werner,Savannah Werner,S. Werner,,,,,,,,,,,0,Not Available,NA,Not Available,,,,,2,Inactive,inactive,,,,false
2007,5670,90ec8fcc-b03b-38f1-3c74-505d071ade2e,s:40~l:54~a:5670,danielle-bishop,basketball,Danielle,Bishop,Danielle Bishop,Danielle Bishop,D. Bishop,,,,,,,,,,,0,Not Available,NA,Not Available,,,,,2,Inactive,inactive,,,,false
2007,5676,bc61a0a1-f632-1fcb-af7a-b0defc598cb8,s:40~l:54~a:5676,diana-reindl,basketball,Diana,Reindl,Diana Reindl,Diana Reindl,D. Reindl,,,,,,,,,,,0,Not Available,NA,Not Available,,,,,2,Inactive,inactive,,,,false
2007,5731,615cd0de-851b-8616-01ae-00a4cac75937,s:40~l:54~a:5731,sherell-neal,basketball,Sherell,Neal,Sherell Neal,Sherell Neal,S. Neal,,,,,,,,,,,2,Forward,F,Forward,,166,,,2,Inactive,inactive,,,,false
2007,5741,ee943356-efb6-3f0e-1368-0a14a2aefc30,s:40~l:54~a:5741,tyshae-walton,basketball,Tyshae,Walton,Tyshae Walton,Tyshae Walton,T. Walton,,,,,,,,,,,3,Guard,G,Guard,,166,,,2,Inactive,inactive,,,,false
2007,5742,eb2b3cf4-dcb2-69e9-3e1c-2dbde9e4e41b,s:40~l:54~a:5742,cecili-russell-nava,basketball,Cecili,Russell-Nava,Cecili Russell-Nava,Cecili Russell-Nava,C. Russell-Nava,,,,,,,,,,,0,Not Available,NA,Not Available,,,,,2,Inactive,inactive,,,,false
2007,5767,f0421572-3434-1251-9f90-71642d90f942,s:40~l:54~a:5767,jessie-biggs,basketball,Jessie,Biggs,Jessie Biggs,Jessie Biggs,J. Biggs,,,,,,,,,,,0,Not Available,NA,Not Available,,,,,2,Inactive,inactive,,,,false
2007,5768,cc825af3-a6ec-7a7f-fbca-9738dd51fa29,s:40~l:54~a:5768,megan-keefe,basketball,Megan,Keefe,Megan Keefe,Megan Keefe,M. Keefe,,,,,,,,,,,2,Forward,F,Forward,,2460,,,2,Inactive,inactive,,,,false
2007,5790,b6bfaf79-00ab-000a-d9b4-40bcba11f26b,s:40~l:54~a:5790,turquoise-mccain,basketball,Turquoise,Mccain,Turquoise Mccain,Turquoise Mccain,T. Mccain,,,,,,,,,,,3,Guard,G,Guard,,270,,,2,Inactive,inactive,,,,false
2007,5820,177967dd-3e4b-b94b-51bf-5bfb16f2efd1,s:40~l:54~a:5820,devanei-hampton,basketball,Devanei,Hampton,Devanei Hampton,Devanei Hampton,D. Hampton,,,,,,,,,,20 ,2,Forward,F,Forward,,25,,,2,Inactive,inactive,,,,false
2007,5839,665bd366-8c72-04a0-05ff-9383b751c4b7,s:40~l:54~a:5839,heather-zurich,basketball,HEATHER,ZURICH,HEATHER ZURICH,HEATHER ZURICH,H. ZURICH,,,,,,,,,,,0,Not Available,NA,Not Available,,,,,2,Inactive,inactive,,,,false
2007,5840,d1627fb3-4088-6d55-a380-0f00f3b60170,s:40~l:54~a:5840,essence-carson,basketball,ESSENCE,CARSON,ESSENCE CARSON,ESSENCE CARSON,E. CARSON,,,,,,,,,,,0,Not Available,NA,Not Available,,,,,2,Inactive,inactive,,,,false
2007,5841,19349637-8225-bd50-806a-6f47230fc9db,s:40~l:54~a:5841,kia-vaughn,basketball,KIA,VAUGHN,KIA VAUGHN,KIA VAUGHN,K. VAUGHN,,,,,,,,,,,0,Not Available,NA,Not Available,,,,,2,Inactive,inactive,,,,false
2007,5842,58f9951d-d984-8e2d-7fea-234561c49606,s:40~l:54~a:5842,katie-adams,basketball,KATIE,ADAMS,KATIE ADAMS,KATIE ADAMS,K. ADAMS,,,,,,,,,,,0,Not Available,NA,Not Available,,,,,2,Inactive,inactive,,,,false
2007,5843,efa5c24e-5414-e280-96ab-5a6bc2e0bbef,s:40~l:54~a:5843,brittany-ray,basketball,BRITTANY,RAY,BRITTANY RAY,BRITTANY RAY,B. RAY,,,,,,,,,,,0,Not Available,NA,Not Available,,,,,2,Inactive,inactive,,,,false
2007,5844,f9464473-bb63-6fbb-1eef-40667a6a4a97,s:40~l:54~a:5844,megan-darrah,basketball,MEGAN,DARRAH,MEGAN DARRAH,MEGAN DARRAH,M. DARRAH,,,,,,,,,,,0,Not Available,NA,Not Available,,,,,2,Inactive,inactive,,,,false
2007,5845,2abcf4d5-79a3-de44-29ea-b0d5f878d575,s:40~l:54~a:5845,rebecca-rowsey,basketball,REBECCA,ROWSEY,REBECCA ROWSEY,REBECCA ROWSEY,R. ROWSEY,,,,,,,,,,,2,Forward,F,Forward,,164,,,2,Inactive,inactive,,,,false
2007,5846,0189ed0d-b28a-e225-a5e1-4707557ef888,s:40~l:54~a:5846,ashley-houts,basketball,ASHLEY,HOUTS,ASHLEY HOUTS,ASHLEY HOUTS,A. HOUTS,,,,,,,,,,,0,Not Available,NA,Not Available,,,,,2,Inactive,inactive,,,,false
2007,5847,06d678e4-d546-e3bb-6c7f-ddd058739bac,s:40~l:54~a:5847,janese-hardrick,basketball,JANESE,HARDRICK,JANESE HARDRICK,JANESE HARDRICK,J. HARDRICK,,,,,,,,,,,0,Not Available,NA,Not Available,,,,,2,Inactive,inactive,,,,false
2007,5848,71eb10f8-e4b1-c51a-466b-924d366d0559,s:40~l:54~a:5848,cori-chambers,basketball,CORI,CHAMBERS,CORI CHAMBERS,CORI CHAMBERS,C. CHAMBERS,,,,,,,,,,,2,Forward,F,Forward,,164,,,2,Inactive,inactive,,,,false
2007,5850,48720716-4fc8-8202-5cd9-00b2da9af312,s:40~l:54~a:5850,myia-mccurdy,basketball,MYIA,MCCURDY,MYIA MCCURDY,MYIA MCCURDY,M. MCCURDY,,,,,,,,,,,2,Forward,F,Forward,,61,,,2,Inactive,inactive,,,,false
2007,5867,6d3e8fb8-7b6d-9cef-6f49-b0e23912b4d4,s:40~l:54~a:5867,ashley-houts,basketball,Ashley,Houts,Ashley Houts,Ashley Houts,A. Houts,,,,,,,,,,,0,Not Available,NA,Not Available,,61,,,2,Inactive,inactive,,,,false
2007,5868,3d5f611c-0c29-f2df-02fc-89006be92f29,s:40~l:54~a:5868,myia-mccurdy,basketball,Myia,Mccurdy,Myia Mccurdy,Myia Mccurdy,M. Mccurdy,,,,,,,,,,24 ,2,Forward,F,Forward,,164,,,2,Inactive,inactive,,,,false
2007,5912,30220cdf-70d0-f23a-0395-335c3fff20a0,s:40~l:54~a:5912,sonora-edwards,basketball,Sonora,Edwards,Sonora Edwards,Sonora Edwards,S. Edwards,,,,,,,,,,,0,Not Available,NA,Not Available,,,,,2,Inactive,inactive,,,,false
2007,5913,3a2b8db4-a86e-d2b5-0a6a-2920676845a2,s:40~l:54~a:5913,alicia-mcdaniel,basketball,Alicia,McDaniel,Alicia McDaniel,Alicia McDaniel,A. McDaniel,,,,,,,,,,,0,Not Available,NA,Not Available,,,,,2,Inactive,inactive,,,,false
2007,5914,ce410335-fd2c-9b7d-f944-a054d8cadfeb,s:40~l:54~a:5914,onna-charles,basketball,Onna,Charles,Onna Charles,Onna Charles,O. Charles,,,,,,,,,,,0,Not Available,NA,Not Available,,,,,2,Inactive,inactive,,,,false
2007,5918,2cc156fa-8226-dcb6-28fd-4aa86224e01e,s:40~l:54~a:5918,yolanda-jones,basketball,Yolanda,Jones,Yolanda Jones,Yolanda Jones,Y. Jones,,,,,,,,,,,0,Not Available,NA,Not Available,,,,,2,Inactive,inactive,,,,false
2007,5923,c2eb7827-3836-9885-bce9-cdc6ea24761b,s:40~l:54~a:5923,jeanenne-colbert,basketball,Jeanenne,Colbert,Jeanenne Colbert,Jeanenne Colbert,J. Colbert,,,,,,,,,,,0,Not Available,NA,Not Available,,,,,2,Inactive,inactive,,,,false
2007,5956,1d40a239-8377-1425-9618-e238f86adfb5,s:40~l:54~a:5956,emily-waner,basketball,Emily,Waner,Emily Waner,Emily Waner,E. Waner,,,,,,,,,,,0,Not Available,NA,Not Available,,,,,2,Inactive,inactive,,,,false
2007,6031,380982b8-c831-7570-18b9-6cd0b1bde9f0,s:40~l:54~a:6031,natasha-vital,basketball,Natasha,Vital,Natasha Vital,Natasha Vital,N. Vital,,,,,,,,,,2  ,3,Guard,G,Guard,,25,,,2,Inactive,inactive,,,,false
2007,6032,d23979fd-0798-4cf5-f72a-b7c42ff545ad,s:40~l:54~a:6032,lauren-greif,basketball,Lauren,Greif,Lauren Greif,Lauren Greif,L. Greif,,,,,,,,,,10 ,3,Guard,G,Guard,,25,,,2,Inactive,inactive,,,,false
2007,6038,511e4772-3cbd-8972-20e7-8e5476747a58,s:40~l:54~a:6038,stefanie-clark,basketball,Stefanie,Clark,Stefanie Clark,Stefanie Clark,S. Clark,,,,,,,,,,,0,Not Available,NA,Not Available,,,,,2,Inactive,inactive,,,,false
2007,6042,0f89b0c4-4868-40f9-18c0-709f9500a4de,s:40~l:54~a:6042,ashley-booker,basketball,Ashley,Booker,Ashley Booker,Ashley Booker,A. Booker,,,,,,,,,,1  ,3,Guard,G,Guard,,2550,,,2,Inactive,inactive,,,,false
2007,6043,1e8faa50-e841-cced-0aec-dd03d9bebcec,s:40~l:54~a:6043,ela-mukosiej,basketball,Ela,Mukosiej,Ela Mukosiej,Ela Mukosiej,E. Mukosiej,,,,,,,,,,,0,Not Available,NA,Not Available,,,,,2,Inactive,inactive,,,,false
2007,6044,ffe58cc6-c5ab-2f3a-ee9d-c1de29bc5951,s:40~l:54~a:6044,nicole-emery,basketball,Nicole,Emery,Nicole Emery,Nicole Emery,N. Emery,,,,,,,,,,15 ,3,Guard,G,Guard,,2550,,,2,Inactive,inactive,,,,false
2007,6060,9a72f19c-57dc-e4ad-b90b-4421e7a9e531,s:40~l:54~a:6060,carla-jacobs,basketball,Carla,Jacobs,Carla Jacobs,Carla Jacobs,C. Jacobs,,,,,,,,,,,3,Guard,G,Guard,,2132,,,2,Inactive,inactive,,,,false
2007,6063,af415dc3-0d2a-d86d-41a7-1eda0de6b802,s:40~l:54~a:6063,jaclyn-leininger,basketball,Jaclyn,Leininger,Jaclyn Leininger,Jaclyn Leininger,J. Leininger,,,,,,,,,,,2,Forward,F,Forward,,193,,,2,Inactive,inactive,,,,false
2007,6064,e935e78d-8e27-e93d-f74e-72007f4cb3ab,s:40~l:54~a:6064,eve-pyle,basketball,Eve,Pyle,Eve Pyle,Eve Pyle,E. Pyle,,,,,,,,,,,2,Forward,F,Forward,,2184,,,2,Inactive,inactive,,,,false
2007,6065,ef3aba74-7d82-b45b-0c2b-da49cfa69ad8,s:40~l:54~a:6065,jenna-schone,basketball,Jenna,Schone,Jenna Schone,Jenna Schone,J. Schone,,,,,,,,,,,3,Guard,G,Guard,,193,,,2,Inactive,inactive,,,,false
2007,6066,378f8f27-9668-f39e-025c-7169182dc65c,s:40~l:54~a:6066,ashley-hawkins,basketball,Ashley,Hawkins,Ashley Hawkins,Ashley Hawkins,A. Hawkins,,,,,,,,,,,3,Guard,G,Guard,,193,,,2,Inactive,inactive,,,,false
2007,6067,e07c90f0-cc96-6eaf-d623-3ba18fd5bb38,s:40~l:54~a:6067,jessie-crooks,basketball,Jessie,Crooks,Jessie Crooks,Jessie Crooks,J. Crooks,,,,,,,,,,,0,Not Available,NA,Not Available,,,,,2,Inactive,inactive,,,,false
2007,6068,68563c6a-f1d4-baaa-fae8-bfca2dece314,s:40~l:54~a:6068,niki-mccoy,basketball,Niki,McCoy,Niki McCoy,Niki McCoy,N. McCoy,,,,,,,,,,,0,Not Available,NA,Not Available,,,,,2,Inactive,inactive,,,,false
2007,6069,6046acb1-ba47-d28f-456b-6fba9519fac5,s:40~l:54~a:6069,mandy-holzer,basketball,Mandy,Holzer,Mandy Holzer,Mandy Holzer,M. Holzer,,,,,,,,,,,0,Not Available,NA,Not Available,,,,,2,Inactive,inactive,,,,false
2007,6070,606ee583-5886-02ba-dbc4-9e5e6ac533b2,s:40~l:54~a:6070,lauren-stephenson,basketball,Lauren,Stephenson,Lauren Stephenson,Lauren Stephenson,L. Stephenson,,,,,,,,,,,0,Not Available,NA,Not Available,,,,,2,Inactive,inactive,,,,false
2007,6071,551f584b-5768-241b-6d00-c331ac228d9e,s:40~l:54~a:6071,sarah-tokodi,basketball,Sarah,Tokodi,Sarah Tokodi,Sarah Tokodi,S. Tokodi,,,,,,,,,,,0,Not Available,NA,Not Available,,,,,2,Inactive,inactive,,,,false
2007,6093,ed770e63-5c06-9bcf-f943-e45fc6e3fe8c,s:40~l:54~a:6093,ann-skufca,basketball,Ann,Skufca,Ann Skufca,Ann Skufca,A. Skufca,,,,,,,,,,,0,Not Available,NA,Not Available,,,,,2,Inactive,inactive,,,,false
2007,6094,e046f3eb-c272-00ae-bd96-13d1fdaadd43,s:40~l:54~a:6094,britni-houghton,basketball,Britni,Houghton,Britni Houghton,Britni Houghton,B. Houghton,,,,,,,,,,,3,Guard,G,Guard,,2117,,,2,Inactive,inactive,,,,false
2007,6095,c9ba1e73-688c-f8ad-846b-3e9992f690ce,s:40~l:54~a:6095,candace-wilson,basketball,Candace,Wilson,Candace Wilson,Candace Wilson,C. Wilson,,,,,,,,,,,0,Not Available,NA,Not Available,,,,,2,Inactive,inactive,,,,false
2007,6096,779a77be-cf11-a2ca-f68a-9bf9a5db18b5,s:40~l:54~a:6096,sharonda-hurd,basketball,Sharonda,Hurd,Sharonda Hurd,Sharonda Hurd,S. Hurd,,,,,,,,,,,0,Not Available,NA,Not Available,,,,,2,Inactive,inactive,,,,false
2007,6097,aeb86930-1cfb-08e1-d8ba-35dc732a5c63,s:40~l:54~a:6097,stacey-verhoff,basketball,Stacey,Verhoff,Stacey Verhoff,Stacey Verhoff,S. Verhoff,,,,,,,,,,,0,Not Available,NA,Not Available,,,,,2,Inactive,inactive,,,,false
2007,6098,3f234ca3-a91e-37ca-2923-35fe44de347a,s:40~l:54~a:6098,sarah-vanmetre,basketball,Sarah,Vanmetre,Sarah Vanmetre,Sarah Vanmetre,S. Vanmetre,,,,,,,,,,,0,Not Available,NA,Not Available,,,,,2,Inactive,inactive,,,,false
2007,6099,c0013efe-8723-7691-fdbd-86b3af656d0c,s:40~l:54~a:6099,emily-hanley,basketball,Emily,Hanley,Emily Hanley,Emily Hanley,E. Hanley,,,,,,,,,,,0,Not Available,NA,Not Available,,2287,,,2,Inactive,inactive,,,,false
2007,6100,40e68e2d-a475-871f-f923-3ef1b3da1ad8,s:40~l:54~a:6100,alyssa-pittman,basketball,Alyssa,Pittman,Alyssa Pittman,Alyssa Pittman,A. Pittman,,,,,,,,,,,3,Guard,G,Guard,,2086,,,2,Inactive,inactive,,,,false
2007,6101,e286798d-4b30-ed45-99a4-2f80c8f8b6bd,s:40~l:54~a:6101,amber-harris,basketball,Amber,Harris,Amber Harris,Amber Harris,A. Harris,,,,,,,,,,11 ,2,Forward,F,Forward,,2752,,,2,Inactive,inactive,,,,false
2007,6102,34613fef-2624-ba00-0ee7-3c49d0ad5319,s:40~l:54~a:6102,allie-clifton,basketball,Allie,Clifton,Allie Clifton,Allie Clifton,A. Clifton,,,,,,,,,,,2,Forward,F,Forward,,2649,,,2,Inactive,inactive,,,,false
2007,6103,33e3b21d-19fe-18ed-ac28-a9417f20d5be,s:40~l:54~a:6103,tayani-clark,basketball,Ta'Yani,Clark,Ta'Yani Clark,Ta'Yani Clark,T. Clark,,,,,,,,,,,0,Not Available,NA,Not Available,,,,,2,Inactive,inactive,,,,false
2007,6104,eb0447d3-7172-9bd5-dd87-843a6b2c85d6,s:40~l:54~a:6104,sara-vest,basketball,Sara,Vest,Sara Vest,Sara Vest,S. Vest,,,,,,,,,,,2,Forward,F,Forward,,2711,,,2,Inactive,inactive,,,,false
2007,6105,333f2a84-febf-d006-0a89-b007a911e1e6,s:40~l:54~a:6105,lindsey-brown,basketball,Lindsey,Brown,Lindsey Brown,Lindsey Brown,L. Brown,,,,,,,,,,,0,Not Available,NA,Not Available,,,,,2,Inactive,inactive,,,,false
2007,6106,36b8a3ec-ec5a-3fad-c681-af098dac8960,s:40~l:54~a:6106,jenny-loney,basketball,Jenny,Loney,Jenny Loney,Jenny Loney,J. Loney,,,,,,,,,,,2,Forward,F,Forward,,2711,,,2,Inactive,inactive,,,,false
2007,6107,bab898b8-9176-4f61-724f-e5bdad32e204,s:40~l:54~a:6107,tiera-delahoussaye,basketball,Tiera,DeLaHoussaye,Tiera DeLaHoussaye,Tiera DeLaHoussaye,T. DeLaHoussaye,,,,,,,,,,,3,Guard,G,Guard,,2711,,,2,Inactive,inactive,,,,false
2007,6132,4f545404-a73f-5ff4-9347-ef66705ab914,s:40~l:54~a:6132,pam-rosanio,basketball,Pam,Rosanio,Pam Rosanio,Pam Rosanio,P. Rosanio,,,,,,,,,,,0,Not Available,NA,Not Available,,,,,2,Inactive,inactive,,,,false
2007,6133,c73e1d3b-0d8e-d647-fa0a-c8bc0625aaa3,s:40~l:54~a:6133,kate-mills,basketball,Kate,Mills,Kate Mills,Kate Mills,K. Mills,,,,,,,,,,,0,Not Available,NA,Not Available,,,,,2,Inactive,inactive,,,,false
2007,6134,02cc865c-bdf7-b229-44cd-570a7745440d,s:40~l:54~a:6134,alisha-tatham,basketball,Alisha,Tatham,Alisha Tatham,Alisha Tatham,A. Tatham,,,,,,,,,,,0,Not Available,NA,Not Available,,,,,2,Inactive,inactive,,,,false
2007,6135,91403e2e-6208-3e29-9e68-4c5275fe92ed,s:40~l:54~a:6135,kim-benton,basketball,Kim,Benton,Kim Benton,Kim Benton,K. Benton,,,,,,,,,,,3,Guard,G,Guard,,113,,,2,Inactive,inactive,,,,false
2007,6136,6866912d-d9eb-88ba-40a5-6d53ebbbb28e,s:40~l:54~a:6136,tabitha-david,basketball,Tabitha,David,Tabitha David,Tabitha David,T. David,,,,,,,,,,,0,Not Available,NA,Not Available,,,,,2,Inactive,inactive,,,,false
2007,6137,46ccc625-7cfe-3dbd-1e27-f19f239e2d1c,s:40~l:54~a:6137,danyiell-mckeller,basketball,Danyiell,McKeller,Danyiell McKeller,Danyiell McKeller,D. McKeller,,,,,,,,,,,2,Forward,F,Forward,,2247,,,2,Inactive,inactive,,,,false
2007,6138,9ed98761-606f-86e2-3f48-03f58093a6b0,s:40~l:54~a:6138,marcquitta-head,basketball,Marcquitta,Head,Marcquitta Head,Marcquitta Head,M. Head,,,,,,,,,,,0,Not Available,NA,Not Available,,,,,2,Inactive,inactive,,,,false
2007,6139,9c6bcc15-77b7-e728-e71d-0ae13b1397a1,s:40~l:54~a:6139,brittany-hollins,basketball,Brittany,Hollins,Brittany Hollins,Brittany Hollins,B. Hollins,,,,,,,,,,,3,Guard,G,Guard,,2247,,,2,Inactive,inactive,,,,false
2007,6140,5244c8b0-4812-4232-5cd8-39fb0b096d66,s:40~l:54~a:6140,sahsha-taylor,basketball,Sahsha,Taylor,Sahsha Taylor,Sahsha Taylor,S. Taylor,,,,,,,,,,,2,Forward,F,Forward,,350,,,2,Inactive,inactive,,,,false
2007,6141,6b21288a-f0e9-7e91-a5bf-bff99b92fef9,s:40~l:54~a:6141,greta-luksyte,basketball,Greta,Luksyte,Greta Luksyte,Greta Luksyte,G. Luksyte,,,,,,,,,,,3,Guard,G,Guard,,350,,,2,Inactive,inactive,,,,false
2007,6142,0f02f4de-55c2-4d1c-91fb-8b778fe760ef,s:40~l:54~a:6142,lori-drake,basketball,Lori,Drake,Lori Drake,Lori Drake,L. Drake,,,,,,,,,,,0,Not Available,NA,Not Available,,,,,2,Inactive,inactive,,,,false
2007,6143,ce348510-976e-0401-17e3-15bfbca12dbe,s:40~l:54~a:6143,casey-sawhook,basketball,Casey,Sawhook,Casey Sawhook,Casey Sawhook,C. Sawhook,,,,,,,,,,,3,Guard,G,Guard,,350,,,2,Inactive,inactive,,,,false
2007,6144,cda5805b-ff30-ea0d-575f-bb1924cd2950,s:40~l:54~a:6144,courtney-irving,basketball,Courtney,Irving,Courtney Irving,Courtney Irving,C. Irving,,,,,,,,,,,2,Forward,F,Forward,,48,,,2,Inactive,inactive,,,,false
2007,6145,ecb783f4-5169-adda-a2a3-f78544540196,s:40~l:54~a:6145,chrissy-fisher,basketball,Chrissy,Fisher,Chrissy Fisher,Chrissy Fisher,C. Fisher,,,,,,,,,,,2,Forward,F,Forward,,48,,,2,Inactive,inactive,,,,false
2007,6146,45d52708-3cc9-20b7-aeb3-430ce309371b,s:40~l:54~a:6146,alena-koshansky,basketball,Alena,Koshansky,Alena Koshansky,Alena Koshansky,A. Koshansky,,,,,,,,,,,0,Not Available,NA,Not Available,,,,,2,Inactive,inactive,,,,false
2007,6147,5cb6649c-d2ff-f16e-64a8-c078c5ac92d5,s:40~l:54~a:6147,tyresa-smith,basketball,Tyresa,Smith,Tyresa Smith,Tyresa Smith,T. Smith,,,,,,,,,,,0,Not Available,NA,Not Available,,,,,2,Inactive,inactive,,,,false
2007,6148,39238d6b-bf7e-c3d8-94c2-b99e654d42f1,s:40~l:54~a:6148,melissa-czorniewy,basketball,Melissa,Czorniewy,Melissa Czorniewy,Melissa Czorniewy,M. Czorniewy,,,,,,,,,,,0,Not Available,NA,Not Available,,,,,2,Inactive,inactive,,,,false
2007,6149,fad0f75b-708c-bb9d-3866-9d30daac6a26,s:40~l:54~a:6149,devin-james,basketball,Devin,James,Devin James,Devin James,D. James,,,,,,,,,,,0,Not Available,NA,Not Available,,,,,2,Inactive,inactive,,,,false
2007,6150,19dbbaad-d93e-52a1-8c4b-b5912e86ace3,s:40~l:54~a:6150,kyra-kaylor,basketball,Kyra,Kaylor,Kyra Kaylor,Kyra Kaylor,K. Kaylor,,,,,,,,,,,0,Not Available,NA,Not Available,,,,,2,Inactive,inactive,,,,false
2007,6151,ea265ff5-2669-d94a-b51b-098e34ec7841,s:40~l:54~a:6151,tiffany-benson,basketball,Tiffany,Benson,Tiffany Benson,Tiffany Benson,T. Benson,,,,,,,,,,,2,Forward,F,Forward,,2729,,,2,Inactive,inactive,,,,false
2007,6152,b01b7d5f-b649-eeb4-9363-f8f5a13b31a7,s:40~l:54~a:6152,courtney-portell,basketball,Courtney,Portell,Courtney Portell,Courtney Portell,C. Portell,,,,,,,,,,,3,Guard,G,Guard,,2729,,,2,Inactive,inactive,,,,false
2007,6153,f12c4323-0bf3-b21d-25d0-d955971d146c,s:40~l:54~a:6153,sarah-stroh,basketball,Sarah,Stroh,Sarah Stroh,Sarah Stroh,S. Stroh,,,,,,,,,,,3,Guard,G,Guard,,2729,,,2,Inactive,inactive,,,,false
2007,6154,bc8f0592-30bd-6d66-781e-5fb8170eefd6,s:40~l:54~a:6154,beth-troutt,basketball,Beth,Troutt,Beth Troutt,Beth Troutt,B. Troutt,,,,,,,,,,,2,Forward,F,Forward,,2230,,,2,Inactive,inactive,,,,false
2007,6155,e227148a-7599-87e3-4c4d-4e3b5d908e0f,s:40~l:54~a:6155,lisa-carrol,basketball,Lisa,Carrol,Lisa Carrol,Lisa Carrol,L. Carrol,,,,,,,,,,,3,Guard,G,Guard,,2230,,,2,Inactive,inactive,,,,false
2007,6156,4fd351e9-4c0e-25e6-b88c-5dea6e3a6736,s:40~l:54~a:6156,daniela-roark,basketball,Daniela,Roark,Daniela Roark,Daniela Roark,D. Roark,,,,,,,,,,,0,Not Available,NA,Not Available,,,,,2,Inactive,inactive,,,,false
2007,6157,359549b3-54e0-f1dd-dc07-3d7d383556b3,s:40~l:54~a:6157,annie-zopf,basketball,Annie,Zopf,Annie Zopf,Annie Zopf,A. Zopf,,,,,,,,,,,3,Guard,G,Guard,,2230,,,2,Inactive,inactive,,,,false
2007,6158,79ea3936-36f1-7949-68b0-c344f11eead3,s:40~l:54~a:6158,jenna-loschiavo,basketball,Jenna,Loschiavo,Jenna Loschiavo,Jenna Loschiavo,J. Loschiavo,,,,,,,,,,25 ,3,Guard,G,Guard,,2603,,,2,Inactive,inactive,,,,false
2007,6174,9c994c7b-d0b7-3923-34b5-0dd61059350a,s:40~l:54~a:6174,loui-hall,basketball,Loui,Hall,Loui Hall,Loui Hall,L. Hall,,,,,,,,,,,0,Not Available,NA,Not Available,,,,,2,Inactive,inactive,,,,false
2007,6175,c83753f8-0de3-9ba1-4a31-27b4218d0422,s:40~l:54~a:6175,jade-singleton,basketball,Jade,Singleton,Jade Singleton,Jade Singleton,J. Singleton,,,,,,,,,,,0,Not Available,NA,Not Available,,,,,2,Inactive,inactive,,,,false
2007,6176,dfa774b6-1e40-8c45-5ea0-62c3b585cb0c,s:40~l:54~a:6176,jocelyn-chandler,basketball,Jocelyn,Chandler,Jocelyn Chandler,Jocelyn Chandler,J. Chandler,,,,,,,,,,,0,Not Available,NA,Not Available,,,,,2,Inactive,inactive,,,,false
2007,6177,324421c1-893b-3c4b-e4b3-51b31e729e0f,s:40~l:54~a:6177,kristi-little,basketball,Kristi,Little,Kristi Little,Kristi Little,K. Little,,,,,,,,,,,3,Guard,G,Guard,,2184,,,2,Inactive,inactive,,,,false
2007,6178,be75a687-cca0-fa9e-5cae-f3b9199b8bfb,s:40~l:54~a:6178,maggie-hennegan,basketball,Maggie,Hennegan,Maggie Hennegan,Maggie Hennegan,M. Hennegan,,,,,,,,,,,2,Forward,F,Forward,,189,,,2,Inactive,inactive,,,,false
2007,6179,241218bb-3265-1ca8-77ed-aeea9a0fcba6,s:40~l:54~a:6179,theresa-lisch,basketball,Theresa,Lisch,Theresa Lisch,Theresa Lisch,T. Lisch,,,,,,,,,,,3,Guard,G,Guard,,139,,,2,Inactive,inactive,,,,false
2007,6180,3e7e7c87-1d19-d65a-9586-a4aa6f7e1ef1,s:40~l:54~a:6180,katie-paganelli,basketball,Katie,Paganelli,Katie Paganelli,Katie Paganelli,K. Paganelli,,,,,,,,,,,3,Guard,G,Guard,,139,,,2,Inactive,inactive,,,,false
2007,6194,e9d5d8d7-2454-87ea-5cdb-7dad0a31d9f8,s:40~l:54~a:6194,shade-smith,basketball,Shade,Smith,Shade Smith,Shade Smith,S. Smith,,,,,,,,,,,0,Not Available,NA,Not Available,,,,,2,Inactive,inactive,,,,false
2007,6218,96edb27c-4907-81f9-f066-aa277e87bcd4,s:40~l:54~a:6218,kashawna-curry,basketball,KaShawna,Curry,KaShawna Curry,KaShawna Curry,K. Curry,,,,,,,,,,,2,Forward,F,Forward,,276,,,2,Inactive,inactive,,,,false
2007,6219,2406760e-8804-8daa-5f2e-3cbf01ab4531,s:40~l:54~a:6219,kendra-king,basketball,Kendra,King,Kendra King,Kendra King,K. King,,,,,,,,,,,2,Forward,F,Forward,,276,,,2,Inactive,inactive,,,,false
2007,6220,14ba7254-1284-f919-7d42-538855d4406e,s:40~l:54~a:6220,modupe-ishola,basketball,Modupe,Ishola,Modupe Ishola,Modupe Ishola,M. Ishola,,,,,,,,,,,1,Center,C,Center,,276,,,2,Inactive,inactive,,,,false
2007,6221,cba82ca4-4e19-1902-2b6f-b3bc4b0e4c67,s:40~l:54~a:6221,chantelle-handy,basketball,Chantelle,Handy,Chantelle Handy,Chantelle Handy,C. Handy,,,,,,,,,,,3,Guard,G,Guard,,276,,,2,Inactive,inactive,,,,false
2007,6222,417191f3-e2a0-b588-ffb0-e2226ca0eb6a,s:40~l:54~a:6222,meg-withrow,basketball,Meg,Withrow,Meg Withrow,Meg Withrow,M. Withrow,,,,,,,,,,,3,Guard,G,Guard,,276,,,2,Inactive,inactive,,,,false
2007,6223,943f0484-1b4a-ba46-f41e-ec8b68a25b19,s:40~l:54~a:6223,hope-adams,basketball,Hope,Adams,Hope Adams,Hope Adams,H. Adams,,,,,,,,,,,0,Not Available,NA,Not Available,,,,,2,Inactive,inactive,,,,false
2007,6224,c5b12916-f001-7994-cff9-4b69c93732c8,s:40~l:54~a:6224,aroha-jennings,basketball,Aroha,Jennings,Aroha Jennings,Aroha Jennings,A. Jennings,,,,,,,,,,,0,Not Available,NA,Not Available,,,,,2,Inactive,inactive,,,,false
2007,6225,44b37c8b-34f6-d3ea-c397-c638df5d6a50,s:40~l:54~a:6225,ashley-thornton,basketball,Ashley,Thornton,Ashley Thornton,Ashley Thornton,A. Thornton,,,,,,,,,,,2,Forward,F,Forward,,235,,,2,Inactive,inactive,,,,false
2007,6226,cb542a5d-e9fe-01c1-f5f7-a2fbfef941cc,s:40~l:54~a:6226,seerra-fantroy,basketball,Se'erra,Fantroy,Se'erra Fantroy,Se'erra Fantroy,S. Fantroy,,,,,,,,,,,0,Not Available,NA,Not Available,,,,,2,Inactive,inactive,,,,false
2007,6234,18b59ba1-2f3b-b246-0db4-97c3231ad7fc,s:40~l:54~a:6234,michelle-kaus,basketball,Michelle,Kaus,Michelle Kaus,Michelle Kaus,M. Kaus,,,,,,,,,,,3,Guard,G,Guard,,156,,,2,Inactive,inactive,,,,false
2007,6235,e2f13553-7a49-8cd7-64d3-d0ec2fe243f0,s:40~l:54~a:6235,sam-schuett,basketball,Sam,Schuett,Sam Schuett,Sam Schuett,S. Schuett,,,,,,,,,,,2,Forward,F,Forward,,156,,,2,Inactive,inactive,,,,false
2007,6236,a3d63303-222d-9fc4-e19e-abc955077d60,s:40~l:54~a:6236,kristina-voss,basketball,Kristina,Voss,Kristina Voss,Kristina Voss,K. Voss,,,,,,,,,,,1,Center,C,Center,,156,,,2,Inactive,inactive,,,,false
2007,6237,507593f2-5d29-aa55-bbc1-01d464247df2,s:40~l:54~a:6237,ally-thrall,basketball,Ally,Thrall,Ally Thrall,Ally Thrall,A. Thrall,,,,,,,,,,,0,Not Available,NA,Not Available,,,,,2,Inactive,inactive,,,,false
2007,6238,0800bf91-ede5-4ec1-9f1d-6f0844d57e86,s:40~l:54~a:6238,chevelle-herring,basketball,Chevelle,Herring,Chevelle Herring,Chevelle Herring,C. Herring,,,,,,,,,,,3,Guard,G,Guard,,156,,,2,Inactive,inactive,,,,false
2007,6239,617034d3-fdb4-6bd6-e60d-e266cd41cc92,s:40~l:54~a:6239,carlai-moore,basketball,Carlai,Moore,Carlai Moore,Carlai Moore,C. Moore,,,,,,,,,,,0,Not Available,NA,Not Available,,,,,2,Inactive,inactive,,,,false
2007,6240,9b3f2ef1-41a6-2947-4a19-305176b7c632,s:40~l:54~a:6240,dana-olsen,basketball,Dana,Olsen,Dana Olsen,Dana Olsen,D. Olsen,,,,,,,,,,,0,Not Available,NA,Not Available,,,,,2,Inactive,inactive,,,,false
2007,6241,8aac8c48-9407-a459-caa5-1334a85e4f07,s:40~l:54~a:6241,jayme-sweerey,basketball,Jayme,Sweerey,Jayme Sweerey,Jayme Sweerey,J. Sweerey,,,,,,,,,,,0,Not Available,NA,Not Available,,,,,2,Inactive,inactive,,,,false
2007,6242,9eee1d78-c32c-613e-7635-b257c573586b,s:40~l:54~a:6242,debbie-burris,basketball,Debbie,Burris,Debbie Burris,Debbie Burris,D. Burris,,,,,,,,,,,0,Not Available,NA,Not Available,,,,,2,Inactive,inactive,,,,false
2007,6243,7981b443-a8e2-aa65-3993-9a72d775bf51,s:40~l:54~a:6243,erica-smith,basketball,Erica,Smith,Erica Smith,Erica Smith,E. Smith,,,,,,,,,,22 ,3,Guard,G,Guard,,79,,,2,Inactive,inactive,,,,false
2007,6245,a6a7d532-48a4-0990-ae6d-3c4c66d2b505,s:40~l:54~a:6245,kailey-klein,basketball,Kailey,Klein,Kailey Klein,Kailey Klein,K. Klein,,,,,,,,,,,3,Guard,G,Guard,,325,,,2,Inactive,inactive,,,,false
2007,6246,2b9c3127-3184-da02-c9d0-cd5920484bb3,s:40~l:54~a:6246,jessica-roque,basketball,Jessica,Roque,Jessica Roque,Jessica Roque,J. Roque,,,,,,,,,,,3,Guard,G,Guard,,325,,,2,Inactive,inactive,,,,false
2007,6249,8130ff97-4869-2954-f320-e8fb12f2050e,s:40~l:54~a:6249,courtney-williams,basketball,Courtney,Williams,Courtney Williams,Courtney Williams,C. Williams,,,,,,,,,,,2,Forward,F,Forward,,2429,,,2,Inactive,inactive,,,,false
2007,6250,3ec3439b-096f-0b63-0ba7-75bf305f0f07,s:40~l:54~a:6250,danielle-burgin,basketball,Danielle,Burgin,Danielle Burgin,Danielle Burgin,D. Burgin,,,,,,,,,,55 ,1,Center,C,Center,,2429,,,2,Inactive,inactive,,,,false
2007,6251,e07406c1-22e6-8b36-5705-8673661ecb86,s:40~l:54~a:6251,sabrina-gregory,basketball,Sabrina,Gregory,Sabrina Gregory,Sabrina Gregory,S. Gregory,,,,,,,,,,,0,Not Available,NA,Not Available,,,,,2,Inactive,inactive,,,,false
2007,6252,0c8f0cc9-f003-f846-e86a-db64af501588,s:40~l:54~a:6252,aysha-jones,basketball,Aysha,Jones,Aysha Jones,Aysha Jones,A. Jones,,,,,,,,,,22 ,3,Guard,G,Guard,,2429,,,2,Inactive,inactive,,,,false
2007,6253,fe52d544-8b73-0b63-b7fa-4e53e0208ba1,s:40~l:54~a:6253,traci-ray,basketball,Traci,Ray,Traci Ray,Traci Ray,T. Ray,,,,,,,,,,11 ,3,Guard,G,Guard,,2429,,,2,Inactive,inactive,,,,false
2007,6254,8337b56f-9c40-0abe-2cd0-ce5b500944c3,s:40~l:54~a:6254,nikita-thomas,basketball,Nikita,Thomas,Nikita Thomas,Nikita Thomas,N. Thomas,,,,,,,,,,,2,Forward,F,Forward,,257,,,2,Inactive,inactive,,,,false
2007,6255,2a07eb1f-2c9b-c71a-de91-e594c2f352a9,s:40~l:54~a:6255,kara-powell,basketball,Kara,Powell,Kara Powell,Kara Powell,K. Powell,,,,,,,,,,,3,Guard,G,Guard,,257,,,2,Inactive,inactive,,,,false
2007,6256,af6666c5-be87-3f97-c71b-1eaf2597e27c,s:40~l:54~a:6256,sarah-williams,basketball,Sarah,Williams,Sarah Williams,Sarah Williams,S. Williams,,,,,,,,,,,0,Not Available,NA,Not Available,,,,,2,Inactive,inactive,,,,false
2007,6270,7ba709ff-9406-aee0-435b-080861f7047a,s:40~l:54~a:6270,jackie-gilbert,basketball,Jackie,Gilbert,Jackie Gilbert,Jackie Gilbert,J. Gilbert,,,,,,,,,,,0,Not Available,NA,Not Available,,,,,2,Inactive,inactive,,,,false
2007,6271,122271c3-92a7-b182-b2da-54eddec84a07,s:40~l:54~a:6271,angel-roque,basketball,Angel,Roque,Angel Roque,Angel Roque,A. Roque,,,,,,,,,,,3,Guard,G,Guard,,325,,,2,Inactive,inactive,,,,false
2007,6275,7dc5e458-2b71-3270-914d-a991ebcf65eb,s:40~l:54~a:6275,meagan-samis,basketball,Meagan,Samis,Meagan Samis,Meagan Samis,M. Samis,,,,,,,,,,,2,Forward,F,Forward,,276,,,2,Inactive,inactive,,,,false
2007,6286,a74c6f6e-72b5-9c92-2f1b-ce4f1fad5b51,s:40~l:54~a:6286,alix-barnette,basketball,Alix,Barnette,Alix Barnette,Alix Barnette,A. Barnette,,,,,,,,,,,3,Guard,G,Guard,,276,,,2,Inactive,inactive,,,,false
2007,6296,44538cd1-36fb-c3a5-394d-b042c8b47365,s:40~l:54~a:6296,amina-njonkou,basketball,Amina,Njonkou,Amina Njonkou,Amina Njonkou,A. Njonkou,,,,,,,,,,,2,Forward,F,Forward,,12,,,2,Inactive,inactive,,,,false
2007,6298,203ec4cc-81b0-b39f-1638-25793720503c,s:40~l:54~a:6298,jessica-schloemp,basketball,Jessica,Schloemp,Jessica Schloemp,Jessica Schloemp,J. Schloemp,,,,,,,,,,,0,Not Available,NA,Not Available,,,,,2,Inactive,inactive,,,,false
2007,6299,5f3264bd-5e0f-a65d-2054-244d5ff7f766,s:40~l:54~a:6299,nikita-lafleur,basketball,Nikita,LaFleur,Nikita LaFleur,Nikita LaFleur,N. LaFleur,,,,,,,,,,,1,Center,C,Center,,2754,,,2,Inactive,inactive,,,,false
2007,6300,2a837d3f-773a-c91d-2bc9-bb8109406e9f,s:40~l:54~a:6300,lauren-branson,basketball,Lauren,Branson,Lauren Branson,Lauren Branson,L. Branson,,,,,,,,,,,0,Not Available,NA,Not Available,,,,,2,Inactive,inactive,,,,false
2007,6301,061c5abe-fedd-5f5e-44f9-54430651f3da,s:40~l:54~a:6301,monique-godfrey,basketball,Monique,Godfrey,Monique Godfrey,Monique Godfrey,M. Godfrey,,,,,,,,,,,3,Guard,G,Guard,,2754,,,2,Inactive,inactive,,,,false
2007,6302,acae3b0b-8714-f731-a433-255f22bed39b,s:40~l:54~a:6302,heather-karner,basketball,Heather,Karner,Heather Karner,Heather Karner,H. Karner,,,,,,,,,,,0,Not Available,NA,Not Available,,,,,2,Inactive,inactive,,,,false
2007,6303,84aea278-ea71-e161-2b72-44f7e65dcd06,s:40~l:54~a:6303,ashley-pendleton,basketball,Ashley,Pendleton,Ashley Pendleton,Ashley Pendleton,A. Pendleton,,,,,,,,,,,1,Center,C,Center,,2754,,,2,Inactive,inactive,,,,false
2007,6305,d5103856-9dbc-1905-845c-d3ee21ba43f8,s:40~l:54~a:6305,velissa-vaughn,basketball,Velissa,Vaughn,Velissa Vaughn,Velissa Vaughn,V. Vaughn,,,,,,,,,,,3,Guard,G,Guard,,2754,,,2,Inactive,inactive,,,,false
2007,6308,674c5698-6fae-85c8-539e-a91e0474d453,s:40~l:54~a:6308,ta-myra-davis,basketball,Ta-myra,Davis,Ta-myra Davis,Ta-myra Davis,T. Davis,,,,,,,,,,,2,Forward,F,Forward,,2750,,,2,Inactive,inactive,,,,false
2007,6326,a8a2bfc9-d5b2-b0e6-9afa-d9e813cb4cfe,s:40~l:54~a:6326,jill-justice,basketball,Jill,Justice,Jill Justice,Jill Justice,J. Justice,,,,,,,,,,,0,Not Available,NA,Not Available,,,,,2,Inactive,inactive,,,,false
2007,6332,f23c059e-8b30-5217-5e62-dc96fe65d6a5,s:40~l:54~a:6332,maija-lahde,basketball,Maija,Lahde,Maija Lahde,Maija Lahde,M. Lahde,,,,,,,,,,,2,Forward,F,Forward,,2608,,,2,Inactive,inactive,,,,false
2007,6343,956adb3f-ba89-2b68-810a-2dbfc5eed094,s:40~l:54~a:6343,jontelle-smith,basketball,Jontelle,Smith,Jontelle Smith,Jontelle Smith,J. Smith,,,,,,,,,,,3,Guard,G,Guard,,2608,,,2,Inactive,inactive,,,,false
2007,6344,811d8989-61d9-46da-3cee-5b96adad90c1,s:40~l:54~a:6344,jenny-thigpin,basketball,Jenny,Thigpin,Jenny Thigpin,Jenny Thigpin,J. Thigpin,,,,,,,,,,,0,Not Available,NA,Not Available,,,,,2,Inactive,inactive,,,,false
2007,6345,f3b6009c-880b-b76d-2295-443d74992dea,s:40~l:54~a:6345,tierre-wilson,basketball,Tierre,Wilson,Tierre Wilson,Tierre Wilson,T. Wilson,,,,,,,,,,,0,Not Available,NA,Not Available,,,,,2,Inactive,inactive,,,,false
2007,6346,a139accf-23fa-ab3c-ea90-c3c465e3b5d8,s:40~l:54~a:6346,brittany-powell,basketball,Brittany,Powell,Brittany Powell,Brittany Powell,B. Powell,,,,,,,,,,,2,Forward,F,Forward,,23,,,2,Inactive,inactive,,,,false
2007,6347,ecc62002-b9e6-5311-73ac-472b4b0dc6e9,s:40~l:54~a:6347,jaime-hall,basketball,Jaime,Hall,Jaime Hall,Jaime Hall,J. Hall,,,,,,,,,,,1,Center,C,Center,,23,,,2,Inactive,inactive,,,,false
2007,6348,89f6968b-4afd-9267-d761-967925aa16b5,s:40~l:54~a:6348,myosha-barnes,basketball,Myosha,Barnes,Myosha Barnes,Myosha Barnes,M. Barnes,,,,,,,,,,,3,Guard,G,Guard,,23,,,2,Inactive,inactive,,,,false
2007,6349,6f7da05e-5f71-dd93-e76b-3f9fdc8d3169,s:40~l:54~a:6349,alisha-hicks,basketball,Alisha,Hicks,Alisha Hicks,Alisha Hicks,A. Hicks,,,,,,,,,,,3,Guard,G,Guard,,23,,,2,Inactive,inactive,,,,false
2007,6350,bbc448f1-2ce3-33b3-01d6-8e1fc9ffc509,s:40~l:54~a:6350,natalie-white,basketball,Natalie,White,Natalie White,Natalie White,N. White,,,,,,,,,,,3,Guard,G,Guard,,23,,,2,Inactive,inactive,,,,false
2007,6376,8949ecd1-df2b-03f5-7c58-4621107e783c,s:40~l:54~a:6376,nicolle-lewis,basketball,Nicolle,Lewis,Nicolle Lewis,Nicolle Lewis,N. Lewis,,,,,,,,,,31 ,1,Center,C,Center,,2287,,,2,Inactive,inactive,,,,false
2007,6377,796962b1-79d9-9243-2d97-3e131b44fcdb,s:40~l:54~a:6377,maggie-krick,basketball,Maggie,Krick,Maggie Krick,Maggie Krick,M. Krick,,,,,,,,,,32 ,3,Guard,G,Guard,,2287,,,2,Inactive,inactive,,,,false
2007,6378,3b957ec9-daf2-3928-494a-b4d41ec53ecf,s:40~l:54~a:6378,kristi-cirone,basketball,Kristi,Cirone,Kristi Cirone,Kristi Cirone,K. Cirone,,,,,,,,,,10 ,3,Guard,G,Guard,,2287,,,2,Inactive,inactive,,,,false
2007,6379,ede97fb7-629d-c130-89b1-1c10fbaeb39d,s:40~l:54~a:6379,anne-bankhead,basketball,Anne,Bankhead,Anne Bankhead,Anne Bankhead,A. Bankhead,,,,,,,,,,,0,Not Available,NA,Not Available,,,,,2,Inactive,inactive,,,,false
2007,6388,7a85115f-2efc-cdc4-29bd-fcbe92ef59b7,s:40~l:54~a:6388,jamilah-humes,basketball,Jamilah,Humes,Jamilah Humes,Jamilah Humes,J. Humes,,,,,,,,,,,3,Guard,G,Guard,,2309,,,2,Inactive,inactive,,,,false
2007,6389,3053331a-b481-f5bf-cbf6-95fcffb748af,s:40~l:54~a:6389,nedra-winston,basketball,Nedra,Winston,Nedra Winston,Nedra Winston,N. Winston,,,,,,,,,,,0,Not Available,NA,Not Available,,,,,2,Inactive,inactive,,,,false
2007,6390,9eaf4704-8cd5-9e69-33fd-ca5507d4770f,s:40~l:54~a:6390,shannon-lloyd,basketball,Shannon,Lloyd,Shannon Lloyd,Shannon Lloyd,S. Lloyd,,,,,,,,,,,0,Not Available,NA,Not Available,,,,,2,Inactive,inactive,,,,false
2007,6391,83bb24df-c9ff-4a6a-6184-8d517fe14f64,s:40~l:54~a:6391,regena-jackson,basketball,Regena,Jackson,Regena Jackson,Regena Jackson,R. Jackson,,,,,,,,,,,0,Not Available,NA,Not Available,,,,,2,Inactive,inactive,,,,false
2007,6392,a9014c85-5fca-854f-6928-251963968c6c,s:40~l:54~a:6392,lajeanna-howard,basketball,LaJeanna,Howard,LaJeanna Howard,LaJeanna Howard,L. Howard,,,,,,,,,,,3,Guard,G,Guard,,2433,,,2,Inactive,inactive,,,,false
2007,6394,9b130079-abf1-bd8d-7c00-44d7366c4b71,s:40~l:54~a:6394,courtney-carter,basketball,Courtney,Carter,Courtney Carter,Courtney Carter,C. Carter,,,,,,,,,,,2,Forward,F,Forward,,2433,,,2,Inactive,inactive,,,,false
2007,6399,78744853-0fd7-3cd9-a22c-13ebe5be6228,s:40~l:54~a:6399,caroline-adriaansz,basketball,Caroline,Adriaansz,Caroline Adriaansz,Caroline Adriaansz,C. Adriaansz,,,,,,,,,,,1,Center,C,Center,,2433,,,2,Inactive,inactive,,,,false
2007,6405,48eb2b4c-c402-a18f-0917-37094ce72ce1,s:40~l:54~a:6405,nikko-king,basketball,Nikko,King,Nikko King,Nikko King,N. King,,,,,,,,,,,2,Forward,F,Forward,,2210,,,2,Inactive,inactive,,,,false
2007,6406,7855f98a-5b29-25c6-e860-dacf550c30d6,s:40~l:54~a:6406,katie-whidden,basketball,Katie,Whidden,Katie Whidden,Katie Whidden,K. Whidden,,,,,,,,,,,0,Not Available,NA,Not Available,,,,,2,Inactive,inactive,,,,false
2007,6407,bb8f2dac-534c-e809-dbf9-28885e8a10ff,s:40~l:54~a:6407,tierra-bumbrey,basketball,Tierra,Bumbrey,Tierra Bumbrey,Tierra Bumbrey,T. Bumbrey,,,,,,,,,,,3,Guard,G,Guard,,2210,,,2,Inactive,inactive,,,,false
2007,6408,03e9587f-222b-ae75-630c-a637af6c25a5,s:40~l:54~a:6408,nicole-allison,basketball,Nicole,Allison,Nicole Allison,Nicole Allison,N. Allison,,,,,,,,,,,0,Not Available,NA,Not Available,,,,,2,Inactive,inactive,,,,false
2007,6409,a9a9b007-2941-76aa-dbd5-9045f0f8b525,s:40~l:54~a:6409,shashonna-moore,basketball,Shashonna,Moore,Shashonna Moore,Shashonna Moore,S. Moore,,,,,,,,,,,0,Not Available,NA,Not Available,,,,,2,Inactive,inactive,,,,false
2007,6427,399ce14c-e67d-d6b2-178f-1f9a58e981be,s:40~l:54~a:6427,nicole-days,basketball,Nicole,Days,Nicole Days,Nicole Days,N. Days,,,,,,,,,,,0,Not Available,NA,Not Available,,,,,2,Inactive,inactive,,,,false
2007,6428,44523474-3cfe-4ddd-86f2-fb3d78267634,s:40~l:54~a:6428,jasmine-young,basketball,Jasmine,Young,Jasmine Young,Jasmine Young,J. Young,,,,,,,,,,3  ,3,Guard,G,Guard,,151,,,2,Inactive,inactive,,,,false
2007,6429,268965d8-3615-6692-cdcf-d0926175347e,s:40~l:54~a:6429,jessica-slack,basketball,Jessica,Slack,Jessica Slack,Jessica Slack,J. Slack,,,,,,,,,,,0,Not Available,NA,Not Available,,,,,2,Inactive,inactive,,,,false
2007,6430,9396b667-453b-c839-20a3-6440bd4c196b,s:40~l:54~a:6430,gabriela-husarova,basketball,Gabriela,Husarova,Gabriela Husarova,Gabriela Husarova,G. Husarova,,,,,,,,,,45 ,3,Guard,G,Guard,,151,,,2,Inactive,inactive,,,,false
2007,6431,6f178eed-d235-a119-0619-2ba9c7333526,s:40~l:54~a:6431,lacoya-terry,basketball,LaCoya,Terry,LaCoya Terry,LaCoya Terry,L. Terry,,,,,,,,,,25 ,3,Guard,G,Guard,,151,,,2,Inactive,inactive,,,,false
2007,6436,1fe72b98-8527-f28c-98a7-bae8f4539fc5,s:40~l:54~a:6436,heather-turner,basketball,Heather,Turner,Heather Turner,Heather Turner,H. Turner,,,,,,,,,,,0,Not Available,NA,Not Available,,,,,2,Inactive,inactive,,,,false
2007,6437,fa2307d7-8962-37a4-241b-ae6572686861,s:40~l:54~a:6437,kourtney-brown,basketball,Kourtney,Brown,Kourtney Brown,Kourtney Brown,K. Brown,,,,,,,,,,,2,Forward,F,Forward,,2084,,,2,Inactive,inactive,,,,false
2007,6438,4bcbb419-c3bf-b4ba-9dc8-b34bc5e36c60,s:40~l:54~a:6438,jamie-schiebner,basketball,Jamie,Schiebner,Jamie Schiebner,Jamie Schiebner,J. Schiebner,,,,,,,,,,,2,Forward,F,Forward,,2084,,,2,Inactive,inactive,,,,false
2007,6439,e9b77027-42f8-acfc-42d2-7b8da359c431,s:40~l:54~a:6439,stephanie-bennett,basketball,Stephanie,Bennett,Stephanie Bennett,Stephanie Bennett,S. Bennett,,,,,,,,,,,0,Not Available,NA,Not Available,,,,,2,Inactive,inactive,,,,false
2007,6456,b8682313-5d8a-19fc-2027-8f8978e3c3e9,s:40~l:54~a:6456,sarah-ott,basketball,Sarah,Ott,Sarah Ott,Sarah Ott,S. Ott,,,,,,,,,,,2,Forward,F,Forward,,2674,,,2,Inactive,inactive,,,,false
2007,6457,94d1862d-aaaa-aad9-bade-a64d0aee4471,s:40~l:54~a:6457,agnieszka-kulaga,basketball,Agnieszka,Kulaga,Agnieszka Kulaga,Agnieszka Kulaga,A. Kulaga,,,,,,,,,,,3,Guard,G,Guard,,2674,,,2,Inactive,inactive,,,,false
2007,6458,52e5235f-b544-4352-1b2c-a443a9aa87ea,s:40~l:54~a:6458,jameka-mcelroy,basketball,Jameka,McElroy,Jameka McElroy,Jameka McElroy,J. McElroy,,,,,,,,,,,0,Not Available,NA,Not Available,,,,,2,Inactive,inactive,,,,false
2007,6459,cbb3907f-97d3-f29a-d1fa-0ade0b9e744f,s:40~l:54~a:6459,nicole-myers,basketball,Nicole,Myers,Nicole Myers,Nicole Myers,N. Myers,,,,,,,,,,,2,Forward,F,Forward,,2710,,,2,Inactive,inactive,,,,false
2007,6465,3a7ea3a1-2694-8432-75f9-c6e8b1591559,s:40~l:54~a:6465,stephanie-lovingood,basketball,Stephanie,Lovingood,Stephanie Lovingood,Stephanie Lovingood,S. Lovingood,,,,,,,,,,,0,Not Available,NA,Not Available,,,,,2,Inactive,inactive,,,,false
2007,6472,dabea993-8f03-45b6-583c-afff9c6e851f,s:40~l:54~a:6472,jenny-gross,basketball,Jenny,Gross,Jenny Gross,Jenny Gross,J. Gross,,,,,,,,,,,0,Not Available,NA,Not Available,,,,,2,Inactive,inactive,,,,false
2007,6473,f8ec8fdb-a7f7-5013-c3f6-55e729d81899,s:40~l:54~a:6473,brittany-phillips,basketball,Brittany,Phillips,Brittany Phillips,Brittany Phillips,B. Phillips,,,,,,,,,,,0,Not Available,NA,Not Available,,,,,2,Inactive,inactive,,,,false
2007,6474,510692e7-92a9-18b3-cadc-9c0835c9d2da,s:40~l:54~a:6474,jamelah-brown,basketball,Jamelah,Brown,Jamelah Brown,Jamelah Brown,J. Brown,,,,,,,,,,,0,Not Available,NA,Not Available,,,,,2,Inactive,inactive,,,,false
2007,6475,72231671-27e9-58cb-ac25-cf9db7dfa0c8,s:40~l:54~a:6475,danyelle-snelgro,basketball,Danyelle,Snelgro,Danyelle Snelgro,Danyelle Snelgro,D. Snelgro,,,,,,,,,,,3,Guard,G,Guard,,328,,,2,Inactive,inactive,,,,false
2007,6476,1f778031-e17d-5f1b-4577-0a736de8915d,s:40~l:54~a:6476,taylor-richards,basketball,Taylor,Richards,Taylor Richards,Taylor Richards,T. Richards,,,,,,,,,,,0,Not Available,NA,Not Available,,,,,2,Inactive,inactive,,,,false
2007,6477,a8019a1d-2fee-db23-984f-65692cca1ec9,s:40~l:54~a:6477,camille-brox,basketball,Camille,Brox,Camille Brox,Camille Brox,C. Brox,,,,,,,,,,,3,Guard,G,Guard,,328,,,2,Inactive,inactive,,,,false
2007,6478,7589bdf3-af7d-ba23-263d-c747c4592201,s:40~l:54~a:6478,brittany-hagen,basketball,Brittany,Hagen,Brittany Hagen,Brittany Hagen,B. Hagen,,,,,,,,,,,0,Not Available,NA,Not Available,,,,,2,Inactive,inactive,,,,false
2007,6485,82f0c3d8-e6c5-58e5-c69a-d8bd311f7c2c,s:40~l:54~a:6485,brittany-holterman,basketball,Brittany,Holterman,Brittany Holterman,Brittany Holterman,B. Holterman,,,,,,,,,,,0,Not Available,NA,Not Available,,,,,2,Inactive,inactive,,,,false
2007,6486,c383c7a7-b51d-5923-984f-e227331292fd,s:40~l:54~a:6486,nikki-oakland,basketball,Nikki,Oakland,Nikki Oakland,Nikki Oakland,N. Oakland,,,,,,,,,,,0,Not Available,NA,Not Available,,,,,2,Inactive,inactive,,,,false
2007,6487,f884a86b-e1b0-bdb3-2aaa-0c46187d45a1,s:40~l:54~a:6487,kiki-lund,basketball,Kiki,Lund,Kiki Lund,Kiki Lund,K. Lund,,,,,,,,,,,0,Not Available,NA,Not Available,,,,,2,Inactive,inactive,,,,false
2007,6488,cbfc25ba-1c44-c4ec-cdb9-3ccf0356518e,s:40~l:54~a:6488,kathy-guin,basketball,Kathy,Guin,Kathy Guin,Kathy Guin,K. Guin,,,,,,,,,,,0,Not Available,NA,Not Available,,,,,2,Inactive,inactive,,,,false
2007,6490,ad9532b5-9dc5-d0ba-5a3d-a6941e2f646a,s:40~l:54~a:6490,krystal-vaughn,basketball,Krystal,Vaughn,Krystal Vaughn,Krystal Vaughn,K. Vaughn,,,,,,,,,,,0,Not Available,NA,Not Available,,,,,2,Inactive,inactive,,,,false
2007,6491,27ff849f-6f7b-ca06-dfd0-5e74eba0fd45,s:40~l:54~a:6491,quanitra-hollingsworth,basketball,Quanitra,Hollingsworth,Quanitra Hollingsworth,Quanitra Hollingsworth,Q. Hollingsworth,77.0,"6' 5""",200.0,200 lbs,27,1988-11-15T08:00Z,Chesapeake,VA,USA,,1,Center,C,Center,,2670,,,2,Inactive,inactive,,,,false
2007,6492,b47fb031-d38d-a26e-7970-78998f1582a1,s:40~l:54~a:6492,michele-cosel,basketball,Michele,Cosel,Michele Cosel,Michele Cosel,M. Cosel,,,,,,,,,,,3,Guard,G,Guard,,2670,,,2,Inactive,inactive,,,,false
2007,6493,a9a8db37-7e68-bda0-d321-c9b92a0d0752,s:40~l:54~a:6493,lakea-jones,basketball,LaKea,Jones,LaKea Jones,LaKea Jones,L. Jones,,,,,,,,,,,3,Guard,G,Guard,,2670,,,2,Inactive,inactive,,,,false
2007,6494,68c1a784-91b7-9896-865f-ac49362dba16,s:40~l:54~a:6494,latavia-rorie,basketball,La'Tavia,Rorie,La'Tavia Rorie,La'Tavia Rorie,L. Rorie,,,,,,,,,,,3,Guard,G,Guard,,2670,,,2,Inactive,inactive,,,,false
2007,6498,3b501f54-4c40-9cd7-c9f5-e28a6757f299,s:40~l:54~a:6498,miranda-smith,basketball,Miranda,Smith,Miranda Smith,Miranda Smith,M. Smith,,,,,,,,,,,2,Forward,F,Forward,,2670,,,2,Inactive,inactive,,,,false
2007,6512,42884846-f991-d1f5-ff70-0c7724c38a74,s:40~l:54~a:6512,jordan-greenleaf,basketball,Jordan,Greenleaf,Jordan Greenleaf,Jordan Greenleaf,J. Greenleaf,,,,,,,,,,21 ,2,Forward,F,Forward,,2,,,2,Inactive,inactive,,,,false
2007,6513,b9cbe607-ffac-f8f0-3da9-a7430f11caea,s:40~l:54~a:6513,tamela-mccorvey,basketball,Tamela,McCorvey,Tamela McCorvey,Tamela McCorvey,T. McCorvey,,,,,,,,,,,0,Not Available,NA,Not Available,,,,,2,Inactive,inactive,,,,false
2007,6538,f3de3ea9-9659-ce90-1337-28591798c019,s:40~l:54~a:6538,lisa-rusche,basketball,Lisa,Rusche,Lisa Rusche,Lisa Rusche,L. Rusche,,,,,,,,,,,0,Not Available,NA,Not Available,,,,,2,Inactive,inactive,,,,false
2007,6539,0c191796-9a12-759a-684c-c27d3817be89,s:40~l:54~a:6539,audrey-mcdonald,basketball,Audrey,Mcdonald,Audrey Mcdonald,Audrey Mcdonald,A. Mcdonald,,,,,,,,,,33 ,3,Guard,G,Guard,,2050,,,2,Inactive,inactive,,,,false
2007,6540,c4b64693-531c-4a36-cbc4-b997c338d08b,s:40~l:54~a:6540,julie-demuth,basketball,Julie,Demuth,Julie Demuth,Julie Demuth,J. Demuth,,,,,,,,,,,0,Not Available,NA,Not Available,,,,,2,Inactive,inactive,,,,false
2007,6541,1df79a6c-f9c6-d535-c4c0-998e42afd0f5,s:40~l:54~a:6541,porchia-green,basketball,Porchia,Green,Porchia Green,Porchia Green,P. Green,,,,,,,,,,3  ,3,Guard,G,Guard,,2050,,,2,Inactive,inactive,,,,false
2007,6542,34c92b5c-a83b-8069-2d5a-6987278fa0f6,s:40~l:54~a:6542,kelsey-corbin,basketball,Kelsey,Corbin,Kelsey Corbin,Kelsey Corbin,K. Corbin,,,,,,,,,,,0,Not Available,NA,Not Available,,,,,2,Inactive,inactive,,,,false
2007,6556,ba78750c-8fe5-b55b-2525-768a01ba150b,s:40~l:54~a:6556,abby-greene,basketball,Abby,Greene,Abby Greene,Abby Greene,A. Greene,,,,,,,,,,,3,Guard,G,Guard,,311,,,2,Inactive,inactive,,,,false
2007,6557,bc003258-348a-578b-97ac-f73768c6413d,s:40~l:54~a:6557,kris-younan,basketball,Kris,Younan,Kris Younan,Kris Younan,K. Younan,,,,,,,,,,,0,Not Available,NA,Not Available,,,,,2,Inactive,inactive,,,,false
2007,6558,c330edb6-3c02-6223-8c97-8db727aed685,s:40~l:54~a:6558,amanda-robinson,basketball,Amanda,Robinson,Amanda Robinson,Amanda Robinson,A. Robinson,,,,,,,,,,,2,Forward,F,Forward,,2378,,,2,Inactive,inactive,,,,false
2007,6559,cc15c5c9-8db3-c349-2bdd-6edd345c910e,s:40~l:54~a:6559,morgan-hatten,basketball,Morgan,Hatten,Morgan Hatten,Morgan Hatten,M. Hatten,,,,,,,,,,,0,Not Available,NA,Not Available,,,,,2,Inactive,inactive,,,,false
2007,6560,c8dc6aca-e358-9cdc-a586-3c0b4264f289,s:40~l:54~a:6560,kristin-drabyn,basketball,Kristin,Drabyn,Kristin Drabyn,Kristin Drabyn,K. Drabyn,,,,,,,,,,,0,Not Available,NA,Not Available,,,,,2,Inactive,inactive,,,,false
2007,6564,5c66eb4e-e09a-b004-b1cd-aac1b1f850cd,s:40~l:54~a:6564,maggie-burgess,basketball,Maggie,Burgess,Maggie Burgess,Maggie Burgess,M. Burgess,,,,,,,,,,,0,Not Available,NA,Not Available,,,,,2,Inactive,inactive,,,,false
2007,6565,2b215c90-8a50-5567-a2e1-c5a9d6568336,s:40~l:54~a:6565,anca-popovici,basketball,Anca,Popovici,Anca Popovici,Anca Popovici,A. Popovici,,,,,,,,,,,3,Guard,G,Guard,,219,,,2,Inactive,inactive,,,,false
2007,6572,5207f2cb-35c3-6886-3d48-ca7497e1fec3,s:40~l:54~a:6572,shaniece-brunner,basketball,Shaniece,Brunner,Shaniece Brunner,Shaniece Brunner,S. Brunner,,,,,,,,,,,1,Center,C,Center,,6,,,2,Inactive,inactive,,,,false
2007,6573,e59a951e-5743-b8f8-2a3b-df3312dcbf77,s:40~l:54~a:6573,whitney-woodard,basketball,Whitney,Woodard,Whitney Woodard,Whitney Woodard,W. Woodard,,,,,,,,,,,0,Not Available,NA,Not Available,,,,,2,Inactive,inactive,,,,false
2007,6574,6324c713-4e96-4245-cfbc-7d5196b3b6c5,s:40~l:54~a:6574,monique-jones,basketball,Monique,Jones,Monique Jones,Monique Jones,M. Jones,,,,,,,,,,,0,Not Available,NA,Not Available,,,,,2,Inactive,inactive,,,,false
2007,6575,c2d9997d-fea7-8035-824d-2d7c79fc407b,s:40~l:54~a:6575,valencia-boswell,basketball,Valencia,Boswell,Valencia Boswell,Valencia Boswell,V. Boswell,,,,,,,,,,,0,Not Available,NA,Not Available,,,,,2,Inactive,inactive,,,,false
2007,6576,5143a0e9-4d8b-bdbb-cc8d-d7a94304fbc2,s:40~l:54~a:6576,tiffany-sanders,basketball,Tiffany,Sanders,Tiffany Sanders,Tiffany Sanders,T. Sanders,,,,,,,,,,,0,Not Available,NA,Not Available,,,,,2,Inactive,inactive,,,,false
2007,6586,aa57f7c1-edf8-adf4-c862-342eb20ad906,s:40~l:54~a:6586,jackie-lee,basketball,Jackie,Lee,Jackie Lee,Jackie Lee,J. Lee,,,,,,,,,,,0,Not Available,NA,Not Available,,,,,2,Inactive,inactive,,,,false
2007,6587,bddce2c0-a341-6f28-f6ed-4323a7ea76c1,s:40~l:54~a:6587,jenna-galassi,basketball,Jenna,Galassi,Jenna Galassi,Jenna Galassi,J. Galassi,,,,,,,,,,20 ,2,Forward,F,Forward,,68,,,2,Inactive,inactive,,,,false
2007,6588,259b0229-f6f1-eb39-98dd-48aea4d4be60,s:40~l:54~a:6588,michelle-hessing,basketball,Michelle,Hessing,Michelle Hessing,Michelle Hessing,M. Hessing,,,,,,,,,,,0,Not Available,NA,Not Available,,,,,2,Inactive,inactive,,,,false
2007,6589,e58c1bda-f53a-e5df-20c5-98021caa713e,s:40~l:54~a:6589,jessica-thompson,basketball,Jessica,Thompson,Jessica Thompson,Jessica Thompson,J. Thompson,,,,,,,,,,15 ,3,Guard,G,Guard,,68,,,2,Inactive,inactive,,,,false
2007,6590,02bce281-194e-2e47-7d62-481ff2ac87c7,s:40~l:54~a:6590,tasha-harris,basketball,Tasha,Harris,Tasha Harris,Tasha Harris,T. Harris,,,,,,,,,,12 ,3,Guard,G,Guard,,68,,,2,Inactive,inactive,,,,false
2007,6613,0e40c8a7-4cad-3de7-1050-42f1237a16ec,s:40~l:54~a:6613,cassie-freeman,basketball,Cassie,Freeman,Cassie Freeman,Cassie Freeman,C. Freeman,,,,,,,,,,,0,Not Available,NA,Not Available,,,,,2,Inactive,inactive,,,,false
2007,6614,7006d71f-a31b-98be-6864-b3edd3454a79,s:40~l:54~a:6614,susan-lester,basketball,Susan,Lester,Susan Lester,Susan Lester,S. Lester,,,,,,,,,,,2,Forward,F,Forward,,2086,,,2,Inactive,inactive,,,,false
2007,6615,1376a08c-28bf-a355-9f6d-503305b9e67c,s:40~l:54~a:6615,jackie-closser,basketball,Jackie,Closser,Jackie Closser,Jackie Closser,J. Closser,,,,,,,,,,,3,Guard,G,Guard,,2086,,,2,Inactive,inactive,,,,false
2007,6616,b5ecca28-81c3-a95e-8f97-fedb6d5f1cab,s:40~l:54~a:6616,tara-miller,basketball,Tara,Miller,Tara Miller,Tara Miller,T. Miller,,,,,,,,,,,3,Guard,G,Guard,,2086,,,2,Inactive,inactive,,,,false
2007,6617,cf59e0ab-903c-8893-5720-8b7a84046f4d,s:40~l:54~a:6617,ellen-hamilton,basketball,Ellen,Hamilton,Ellen Hamilton,Ellen Hamilton,E. Hamilton,,,,,,,,,,,3,Guard,G,Guard,,2086,,,2,Inactive,inactive,,,,false
2007,6640,bc1f3f9d-3dc3-182e-d2e2-381a17d90adb,s:40~l:54~a:6640,nicole-vanderpol,basketball,Nicole,VanderPol,Nicole VanderPol,Nicole VanderPol,N. VanderPol,,,,,,,,,,,2,Forward,F,Forward,,2294,,,2,Inactive,inactive,,,,false
2007,6654,66f2bc18-4e8e-ea39-049c-611876b7d973,s:40~l:54~a:6654,tanya-smith,basketball,Tanya,Smith,Tanya Smith,Tanya Smith,T. Smith,,,,,,,,,,,0,Not Available,NA,Not Available,,,,,2,Inactive,inactive,,,,false
2007,6668,a9193455-a282-3aad-6c3d-54ea7e2fbfb3,s:40~l:54~a:6668,megan-tinnin,basketball,Megan,Tinnin,Megan Tinnin,Megan Tinnin,M. Tinnin,,,,,,,,,,,3,Guard,G,Guard,,62,,,2,Inactive,inactive,,,,false
2007,6691,a0f03247-618d-80b7-4a67-edf4e4666133,s:40~l:54~a:6691,niki-finelli,basketball,Niki,Finelli,Niki Finelli,Niki Finelli,N. Finelli,,,,,,,,,,10 ,3,Guard,G,Guard,,108,,,2,Inactive,inactive,,,,false
2007,6692,4c4db194-e6a2-2bff-1484-1f332c9b1c87,s:40~l:54~a:6692,katie-rollins,basketball,Katie,Rollins,Katie Rollins,Katie Rollins,K. Rollins,,,,,,,,,,45 ,2,Forward,F,Forward,,108,,,2,Inactive,inactive,,,,false
2007,6693,45afd842-ae85-9d69-a210-2a1be63795f6,s:40~l:54~a:6693,lindsay-hallion,basketball,Lindsay,Hallion,Lindsay Hallion,Lindsay Hallion,L. Hallion,,,,,,,,,,,0,Not Available,NA,Not Available,,,,,2,Inactive,inactive,,,,false
2007,6694,445faa73-fdad-a30e-1a5b-2cb5664d2764,s:40~l:54~a:6694,emily-tay,basketball,Emily,Tay,Emily Tay,Emily Tay,E. Tay,,,,,,,,,,31 ,3,Guard,G,Guard,,108,,,2,Inactive,inactive,,,,false
2007,6695,ee13f481-c5cc-b014-a6f1-afcb58e133b7,s:40~l:54~a:6695,chinenye-okafor,basketball,Chinenye,Okafor,Chinenye Okafor,Chinenye Okafor,C. Okafor,,,,,,,,,,,0,Not Available,NA,Not Available,,,,,2,Inactive,inactive,,,,false
2007,6696,74775221-fde9-fab0-26cf-1435046f9e8b,s:40~l:54~a:6696,melissa-colborne,basketball,Melissa,Colborne,Melissa Colborne,Melissa Colborne,M. Colborne,,,,,,,,,,,9,Guard/Forward,G-F,Guard/Forward,,43,,,2,Inactive,inactive,,,,false
2007,6697,e5a4e7a7-e0b7-02a5-e2f6-3dd07b8dd921,s:40~l:54~a:6697,erica-davis,basketball,Erica,Davis,Erica Davis,Erica Davis,E. Davis,,,,,,,,,,,1,Center,C,Center,,43,,,2,Inactive,inactive,,,,false
2007,6698,2627bb6f-0115-989c-7614-2b47cddb9bc8,s:40~l:54~a:6698,stephanie-marciano,basketball,Stephanie,Marciano,Stephanie Marciano,Stephanie Marciano,S. Marciano,,,,,,,,,,,0,Not Available,NA,Not Available,,,,,2,Inactive,inactive,,,,false
2007,6699,9d9423a6-4e7d-ad5b-f2e3-6f5787a64183,s:40~l:54~a:6699,jamie-van-horne,basketball,Jamie,Horne,Jamie Van Horne,Jamie Van Horne,J. Horne,,,,,,,,,,,0,Not Available,NA,Not Available,,,,,2,Inactive,inactive,,,,false
2007,6746,f8d03b48-97d2-a402-8e7c-08d97f41ada7,s:40~l:54~a:6746,kristen-higy,basketball,Kristen,Higy,Kristen Higy,Kristen Higy,K. Higy,,,,,,,,,,,0,Not Available,NA,Not Available,,,,,2,Inactive,inactive,,,,false
2007,6747,f4da32cb-f8e5-8825-1d28-d10b750fe0b0,s:40~l:54~a:6747,britney-mcgee,basketball,Britney,McGee,Britney McGee,Britney McGee,B. McGee,,,,,,,,,,,3,Guard,G,Guard,,399,,,2,Inactive,inactive,,,,false
2007,6748,c7c3966c-57a8-c6e4-6054-94ef435d7a93,s:40~l:54~a:6748,dana-ferraro,basketball,Dana,Ferraro,Dana Ferraro,Dana Ferraro,D. Ferraro,,,,,,,,,,,0,Not Available,NA,Not Available,,,,,2,Inactive,inactive,,,,false
2007,6749,832d5648-0e57-0b96-11ec-04f31343e5c1,s:40~l:54~a:6749,jessica-smith,basketball,Jessica,Smith,Jessica Smith,Jessica Smith,J. Smith,,,,,,,,,,,0,Not Available,NA,Not Available,,,,,2,Inactive,inactive,,,,false
2007,6750,1d47f777-04c4-69ef-5461-bb2904bf2880,s:40~l:54~a:6750,mykeema-ford,basketball,Mykeema,Ford,Mykeema Ford,Mykeema Ford,M. Ford,,,,,,,,,,,0,Not Available,NA,Not Available,,,,,2,Inactive,inactive,,,,false
2007,6751,9d17541b-d869-b747-8238-8a60c6cc09d2,s:40~l:54~a:6751,leah-getz,basketball,Leah,Getz,Leah Getz,Leah Getz,L. Getz,,,,,,,,,,,0,Not Available,NA,Not Available,,,,,2,Inactive,inactive,,,,false
2007,6752,bde2b821-9034-ba38-cb96-6d106189fd29,s:40~l:54~a:6752,kelly-watson,basketball,Kelly,Watson,Kelly Watson,Kelly Watson,K. Watson,,,,,,,,,,,0,Not Available,NA,Not Available,,,,,2,Inactive,inactive,,,,false
2007,6757,10379807-ba7d-2d8e-5dd3-d7d71791fb3f,s:40~l:54~a:6757,sandi-brown,basketball,Sandi,Brown,Sandi Brown,Sandi Brown,S. Brown,,,,,,,,,,,3,Guard,G,Guard,,2174,,,2,Inactive,inactive,,,,false
2007,6758,4dd9112a-9c12-9092-54fb-3c33a638243a,s:40~l:54~a:6758,heather-hatter,basketball,Heather,Hatter,Heather Hatter,Heather Hatter,H. Hatter,,,,,,,,,,,2,Forward,F,Forward,,2174,,,2,Inactive,inactive,,,,false
2007,6759,b79bb146-e057-b472-d155-128fab5777c0,s:40~l:54~a:6759,india-bruster,basketball,India,Bruster,India Bruster,India Bruster,I. Bruster,,,,,,,,,,,0,Not Available,NA,Not Available,,,,,2,Inactive,inactive,,,,false
2007,6760,743a16a2-fb20-60a4-5966-0a7432df54c3,s:40~l:54~a:6760,zemora-davis,basketball,Zemora,Davis,Zemora Davis,Zemora Davis,Z. Davis,,,,,,,,,,,3,Guard,G,Guard,,2174,,,2,Inactive,inactive,,,,false
2007,6761,a5325831-99cd-ccd6-18a5-352f17354099,s:40~l:54~a:6761,keashawn-bond,basketball,Keashawn,Bond,Keashawn Bond,Keashawn Bond,K. Bond,,,,,,,,,,,0,Not Available,NA,Not Available,,,,,2,Inactive,inactive,,,,false
2007,6762,ca348d99-24d0-a554-d8db-add59df8c717,s:40~l:54~a:6762,maggie-mccloskey,basketball,Maggie,McCloskey,Maggie McCloskey,Maggie McCloskey,M. McCloskey,,,,,,,,,,,3,Guard,G,Guard,,2350,,,2,Inactive,inactive,,,,false
2007,6763,05005aaf-b3a3-27f8-36cc-c70fa1e664bb,s:40~l:54~a:6763,jennifer-juergens,basketball,Jennifer,Juergens,Jennifer Juergens,Jennifer Juergens,J. Juergens,,,,,,,,,,,3,Guard,G,Guard,,305,,,2,Inactive,inactive,,,,false
2007,6774,83866dd2-a510-6ee4-9dc3-1321889f8e27,s:40~l:54~a:6774,mercedes-robinson,basketball,Mercedes,Robinson,Mercedes Robinson,Mercedes Robinson,M. Robinson,,,,,,,,,,21 ,2,Forward,F,Forward,,2166,,,2,Inactive,inactive,,,,false
2007,6775,1653b5fe-ef2a-7c58-0d33-d47ca5420625,s:40~l:54~a:6775,danielle-hemerka,basketball,Danielle,Hemerka,Danielle Hemerka,Danielle Hemerka,D. Hemerka,,,,,,,,,,,0,Not Available,NA,Not Available,,,,,2,Inactive,inactive,,,,false
2007,6776,f21b3af5-955a-b15e-5bf3-e3e22043e1d9,s:40~l:54~a:6776,katie-hamilton,basketball,Katie,Hamilton,Katie Hamilton,Katie Hamilton,K. Hamilton,,,,,,,,,,,0,Not Available,NA,Not Available,,,,,2,Inactive,inactive,,,,false
2007,6777,d73bb208-88e9-f153-e25d-094424ab74ad,s:40~l:54~a:6777,tia-washington,basketball,Tia,Washington,Tia Washington,Tia Washington,T. Washington,,,,,,,,,,,0,Not Available,NA,Not Available,,,,,2,Inactive,inactive,,,,false
2007,6778,613e6e60-0bc5-083e-0a8e-d603ef9ceb9c,s:40~l:54~a:6778,jessica-mitchell,basketball,Jessica,Mitchell,Jessica Mitchell,Jessica Mitchell,J. Mitchell,,,,,,,,,,,0,Not Available,NA,Not Available,,,,,2,Inactive,inactive,,,,false
2007,6786,bf3d9c36-2f55-b394-ca55-31b7abdd9b7c,s:40~l:54~a:6786,nicole-clausen,basketball,Nicole,Clausen,Nicole Clausen,Nicole Clausen,N. Clausen,,,,,,,,,,,3,Guard,G,Guard,,2460,,,2,Inactive,inactive,,,,false
2007,6789,b7ac75a3-7d2b-de66-b177-b7cd7ab90b3b,s:40~l:54~a:6789,danielle-realph,basketball,Danielle,Realph,Danielle Realph,Danielle Realph,D. Realph,,,,,,,,,,,2,Forward,F,Forward,,2653,,,2,Inactive,inactive,,,,false
2007,6790,3fdb0848-bbb9-7a04-dac6-aa94b51af1f0,s:40~l:54~a:6790,alyce-shearing,basketball,Alyce,Shearing,Alyce Shearing,Alyce Shearing,A. Shearing,,,,,,,,,,,2,Forward,F,Forward,,2653,,,2,Inactive,inactive,,,,false
2007,6791,765b0494-de89-9c1d-7def-9b46b726a291,s:40~l:54~a:6791,amy-lewis,basketball,Amy,Lewis,Amy Lewis,Amy Lewis,A. Lewis,,,,,,,,,,,0,Not Available,NA,Not Available,,,,,2,Inactive,inactive,,,,false
2007,6792,ed401e6c-02f7-9aba-eaae-0a41cfe8cb90,s:40~l:54~a:6792,kylie-morrissy,basketball,Kylie,Morrissy,Kylie Morrissy,Kylie Morrissy,K. Morrissy,,,,,,,,,,,3,Guard,G,Guard,,2653,,,2,Inactive,inactive,,,,false
2007,6793,ba98ecd8-d1ba-e054-af52-93bdc37b48f5,s:40~l:54~a:6793,larelle-roper,basketball,Larelle,Roper,Larelle Roper,Larelle Roper,L. Roper,,,,,,,,,,,3,Guard,G,Guard,,2653,,,2,Inactive,inactive,,,,false
2007,6804,e656d598-1a62-43fe-662b-d172cc19c0f3,s:40~l:54~a:6804,sara-dennehy,basketball,Sara,Dennehy,Sara Dennehy,Sara Dennehy,S. Dennehy,,,,,,,,,,,0,Not Available,NA,Not Available,,,,,2,Inactive,inactive,,,,false
2007,6805,cb0b6aa4-d626-b788-ed41-76800518ba75,s:40~l:54~a:6805,lindsey-koppen,basketball,Lindsey,Koppen,Lindsey Koppen,Lindsey Koppen,L. Koppen,,,,,,,,,,,0,Not Available,NA,Not Available,,,,,2,Inactive,inactive,,,,false
2007,6806,10a6a2c0-3843-914c-705d-1e01d313a528,s:40~l:54~a:6806,liz-witte,basketball,Liz,Witte,Liz Witte,Liz Witte,L. Witte,67.0,"5' 7""",,,,,Fort Wayne,IN,USA,2,3,Guard,G,Guard,,90,,4,1,Active,active,,,,true
2007,6807,47b3a3d2-aae4-0d80-f341-73b7c808df51,s:40~l:54~a:6807,katie-madison,basketball,Katie,Madison,Katie Madison,Katie Madison,K. Madison,,,,,,,,,,,2,Forward,F,Forward,,265,,,2,Inactive,inactive,,,,false
2007,6808,0bd575b4-2bd5-a2cc-ab22-e8bf31b1200d,s:40~l:54~a:6808,charlotte-otero,basketball,Charlotte,Otero,Charlotte Otero,Charlotte Otero,C. Otero,,,,,,,,,,,3,Guard,G,Guard,,70,,,2,Inactive,inactive,,,,false
2007,6809,bb8f0021-64c0-9b04-1125-2394e8090b84,s:40~l:54~a:6809,anikia-jawara,basketball,Anikia,Jawara,Anikia Jawara,Anikia Jawara,A. Jawara,,,,,,,,,,,0,Not Available,NA,Not Available,,,,,2,Inactive,inactive,,,,false
2007,6810,14e01ff7-32e4-ed83-4890-0b06cdb5b62f,s:40~l:54~a:6810,niki-holt,basketball,Niki,Holt,Niki Holt,Niki Holt,N. Holt,,,,,,,,,,,1,Center,C,Center,,166,,,2,Inactive,inactive,,,,false
2007,6863,71a72f2e-a14f-12db-a247-c9c92bad0508,s:40~l:54~a:6863,amber-jackson,basketball,Amber,Jackson,Amber Jackson,Amber Jackson,A. Jackson,,,,,,,,,,,2,Forward,F,Forward,,249,,,2,Inactive,inactive,,,,false
2007,6864,9e09ed84-b852-8344-3092-a58b012c0027,s:40~l:54~a:6864,amanda-quattrocchi,basketball,Amanda,Quattrocchi,Amanda Quattrocchi,Amanda Quattrocchi,A. Quattrocchi,,,,,,,,,,,3,Guard,G,Guard,,249,,,2,Inactive,inactive,,,,false
2007,6865,eae01d56-bdb0-99b2-0ea8-cf2e46fdf258,s:40~l:54~a:6865,jo-hall,basketball,Jo,Hall,Jo Hall,Jo Hall,J. Hall,,,,,,,,,,,3,Guard,G,Guard,,249,,,2,Inactive,inactive,,,,false
2007,6866,8d9a225d-b7d9-1ad3-e48c-f2b1137d3c2b,s:40~l:54~a:6866,tricia-lee,basketball,Tricia,Lee,Tricia Lee,Tricia Lee,T. Lee,,,,,,,,,,,3,Guard,G,Guard,,249,,,2,Inactive,inactive,,,,false
2007,6894,dc1da3bb-52b3-404a-7da4-453324704212,s:40~l:54~a:6894,heather-bowman,basketball,Heather,Bowman,Heather Bowman,Heather Bowman,H. Bowman,,,,,,,,,,30 ,2,Forward,F,Forward,,2250,,,2,Inactive,inactive,,,,false
2007,6895,1f04d403-404b-6db9-a7e5-52f9b98b5eca,s:40~l:54~a:6895,teena-wickett,basketball,Teena,Wickett,Teena Wickett,Teena Wickett,T. Wickett,,,,,,,,,,,11,Forward/Center,F-C,Forward/Center,,2641,,,2,Inactive,inactive,,,,false
2007,6964,508cb762-2395-ef6c-5d36-30b322c1719a,s:40~l:54~a:6964,alliesha-easley,basketball,Alliesha,Easley,Alliesha Easley,Alliesha Easley,A. Easley,,,,,,,,,,32 ,3,Guard,G,Guard,,145,,,2,Inactive,inactive,,,,false
2007,7013,0afc6c5f-4aeb-bf89-4f6c-ccf76a90b90d,s:40~l:54~a:7013,brittany-pinkney,basketball,Brittany,Pinkney,Brittany Pinkney,Brittany Pinkney,B. Pinkney,,,,,,,,,,,0,Not Available,NA,Not Available,,,,,2,Inactive,inactive,,,,false
2007,7031,3a7e6a87-e366-1528-4783-03fc5b535354,s:40~l:54~a:7031,kendra-reed,basketball,Kendra,Reed,Kendra Reed,Kendra Reed,K. Reed,,,,,,,,,,,3,Guard,G,Guard,,2572,,,2,Inactive,inactive,,,,false
2007,7032,cfc223d1-7a40-5a95-accf-afedff1c8609,s:40~l:54~a:7032,lauren-pittman,basketball,Lauren,Pittman,Lauren Pittman,Lauren Pittman,L. Pittman,,,,,,,,,,,2,Forward,F,Forward,,2572,,,2,Inactive,inactive,,,,false
2007,7033,e515894b-3767-f5ab-e287-06e8292696e1,s:40~l:54~a:7033,liz-biland,basketball,Liz,Biland,Liz Biland,Liz Biland,L. Biland,,,,,,,,,,,0,Not Available,NA,Not Available,,,,,2,Inactive,inactive,,,,false
2007,7034,234d8bbb-5f79-d417-c787-cffcec80eb55,s:40~l:54~a:7034,kristin-chaney,basketball,Kristin,Chaney,Kristin Chaney,Kristin Chaney,K. Chaney,,,,,,,,,,,0,Not Available,NA,Not Available,,,,,2,Inactive,inactive,,,,false
2007,7035,5905c4c3-0635-dfc2-ed65-555d19b1df7a,s:40~l:54~a:7035,amber-eugene,basketball,Amber,Eugene,Amber Eugene,Amber Eugene,A. Eugene,,,,,,,,,,,3,Guard,G,Guard,,2572,,,2,Inactive,inactive,,,,false
2007,7037,af74efdd-db0c-e587-699a-90c02439c541,s:40~l:54~a:7037,andrea-cihal,basketball,Andrea,Cihal,Andrea Cihal,Andrea Cihal,A. Cihal,,,,,,,,,,,2,Forward,F,Forward,,261,,,2,Inactive,inactive,,,,false
2007,7038,64fc63dc-ec5e-6665-8b26-e1d59dfa7a96,s:40~l:54~a:7038,brittney-cross,basketball,Brittney,Cross,Brittney Cross,Brittney Cross,B. Cross,,,,,,,,,,,0,Not Available,NA,Not Available,,,,,2,Inactive,inactive,,,,false
2007,7039,2fe7ff0e-9094-a38e-ddf0-01c1922b9e4a,s:40~l:54~a:7039,may-kotsopoulos,basketball,May,Kotsopoulos,May Kotsopoulos,May Kotsopoulos,M. Kotsopoulos,,,,,,,,,,,3,Guard,G,Guard,,261,,,2,Inactive,inactive,,,,false
2007,7040,e3959bce-7cfc-2038-3996-103bdffa3db1,s:40~l:54~a:7040,amy-rosenkrantz,basketball,Amy,Rosenkrantz,Amy Rosenkrantz,Amy Rosenkrantz,A. Rosenkrantz,,,,,,,,,,,3,Guard,G,Guard,,261,,,2,Inactive,inactive,,,,false
2007,7041,7e38d75e-cfd6-5075-d8c5-74d84fda7cbd,s:40~l:54~a:7041,courtnay-pilypaitis,basketball,Courtnay,Pilypaitis,Courtnay Pilypaitis,Courtnay Pilypaitis,C. Pilypaitis,,,,,,,,,,,3,Guard,G,Guard,,261,,,2,Inactive,inactive,,,,false
2007,7049,7d042673-7492-5d24-4f83-ec0d3f878571,s:40~l:54~a:7049,anne-westwood,basketball,Anne,Westwood,Anne Westwood,Anne Westwood,A. Westwood,,,,,,,,,,,0,Not Available,NA,Not Available,,,,,2,Inactive,inactive,,,,false
2007,7050,1543a9e0-587b-81b3-8e24-51c70a646d0c,s:40~l:54~a:7050,julie-stradling,basketball,Julie,Stradling,Julie Stradling,Julie Stradling,J. Stradling,,,,,,,,,,,0,Not Available,NA,Not Available,,,,,2,Inactive,inactive,,,,false
2007,7051,86ccb738-bf81-96b7-59be-1019847389f4,s:40~l:54~a:7051,aubrey-mackintosh,basketball,Aubrey,Mackintosh,Aubrey Mackintosh,Aubrey Mackintosh,A. Mackintosh,,,,,,,,,,,0,Not Available,NA,Not Available,,,,,2,Inactive,inactive,,,,false
2007,7052,a2b980da-bda6-2745-140d-ee473e9830db,s:40~l:54~a:7052,charmaine-piula,basketball,Charmaine,Piula,Charmaine Piula,Charmaine Piula,C. Piula,,,,,,,,,,,0,Not Available,NA,Not Available,,,,,2,Inactive,inactive,,,,false
2007,7053,1cb1a4b5-7b4a-fa2a-9edd-1c71d8ff3b7f,s:40~l:54~a:7053,silvia-da-silva,basketball,Silvia,Silva,Silvia Da Silva,Silvia Da Silva,S. Silva,,,,,,,,,,,0,Not Available,NA,Not Available,,,,,2,Inactive,inactive,,,,false
2007,7246,a53169b6-bcfa-06e5-b0cf-11a8f826006d,s:40~l:54~a:7246,helen-roden,basketball,Helen,Roden,Helen Roden,Helen Roden,H. Roden,,,,,,,,,,,0,Not Available,NA,Not Available,,,,,2,Inactive,inactive,,,,false
