season,athlete_id,guid,uid,slug,type,first_name,last_name,full_name,display_name,short_name,height,display_height,weight,display_weight,age,date_of_birth,birth_city,birth_state,birth_country,jersey,position_id,position_name,position_abbreviation,position_display_name,college_id,current_team_id,headshot_href,experience_years,status_id,status_name,status_type,draft_year,draft_round,draft_selection,active
2008,491,e7698dbd-e76c-ad41-a39c-af6f7458ca95,s:40~l:54~a:491,dru-bishop,basketball,Dru,Bishop,Dru Bishop,Dru Bishop,D. Bishop,,,,,,,,,,,0,Not Available,NA,Not Available,2199,,,,2,Inactive,inactive,,,,false
2008,2466,c0d3c9dd-9127-5507-ef57-c3dcedc43bd5,s:40~l:54~a:2466,sabrina-keys,basketball,Sabrina,Keys,Sabrina Keys,Sabrina Keys,S. Keys,73.0,"6' 1""",,,,,,,,,0,Not Available,NA,Not Available,2509,,,2,2,Inactive,inactive,,,,false
2008,3152,5433c88f-1b7c-cec6-4b90-b359a73de94b,s:40~l:54~a:3152,lindsey-bufford,basketball,Lindsey,Bufford,Lindsey Bufford,Lindsey Bufford,L. Bufford,,,,,,,,,,,0,Not Available,NA,Not Available,2466,,,1,2,Inactive,inactive,,,,false
2008,3725,c652ea97-4d93-e693-bf53-84693f1a765e,s:40~l:54~a:3725,indi-johnson,basketball,Indi,Johnson,Indi Johnson,Indi Johnson,I. Johnson,74.0,"6' 2""",,,,,,,,,0,Not Available,NA,Not Available,2509,,,1,2,Inactive,inactive,,,,false
2008,3729,3233b979-c7d5-00d6-793a-7ff337775f6c,s:40~l:54~a:3729,nastassja-levingston,basketball,Nastassja,Levingston,Nastassja Levingston,Nastassja Levingston,N. Levingston,67.0,"5' 7""",,,,,,,,,0,Not Available,NA,Not Available,2348,,,1,2,Inactive,inactive,,,,false
2008,3740,601a9a45-8615-b683-885b-a9cafe1e7804,s:40~l:54~a:3740,twiggy-mcintyre,basketball,Twiggy,McIntyre,Twiggy McIntyre,Twiggy McIntyre,T. McIntyre,65.0,"5' 5""",,,,,,,,,0,Not Available,NA,Not Available,2306,,,1,2,Inactive,inactive,,,,false
2008,3808,bdd6c2c2-86bd-79f9-ebd1-44d5ed0e0dd0,s:40~l:54~a:3808,angela-brown,basketball,Angela,Brown,Angela Brown,Angela Brown,A. Brown,77.0,"6' 5""",,,,,,,,,0,Not Available,NA,Not Available,295,,,1,2,Inactive,inactive,,,,false
2008,3811,692f4ab5-0004-5dd2-2724-49a2febbc48f,s:40~l:54~a:3811,kira-mowen,basketball,Kira,Mowen,Kira Mowen,Kira Mowen,K. Mowen,69.0,"5' 9""",,,,,,,,,0,Not Available,NA,Not Available,356,,,1,2,Inactive,inactive,,,,false
2008,3848,84927a13-b77c-aea3-1b03-f744e72506d2,s:40~l:54~a:3848,jenna-lohse,basketball,Jenna,Lohse,Jenna Lohse,Jenna Lohse,J. Lohse,74.0,"6' 2""",,,,,,,,,0,Not Available,NA,Not Available,2628,,,1,2,Inactive,inactive,,,,false
2008,3849,ebee6c41-83fe-3662-9996-cdc83688cce8,s:40~l:54~a:3849,adrianne-ross,basketball,Adrianne,Ross,Adrianne Ross,Adrianne Ross,A. Ross,68.0,"5' 8""",,,,,,,,,0,Not Available,NA,Not Available,2628,,,1,2,Inactive,inactive,,,,false
2008,3850,4af6d2ed-8ae7-dc99-d67b-6ba5ce7e6cac,s:40~l:54~a:3850,natasha-lacy,basketball,Natasha,Lacy,Natasha Lacy,Natasha Lacy,N. Lacy,70.0,"5' 10""",165.0,165 lbs,29,1985-07-08T07:00Z,El Paso,TX,USA,,0,Not Available,NA,Not Available,2628,,,,2,Inactive,inactive,,,,false
2008,3864,988ade6c-91fc-c669-a2dc-719b66089d11,s:40~l:54~a:3864,angela-phillips,basketball,Angela,Phillips,Angela Phillips,Angela Phillips,A. Phillips,65.0,"5' 5""",,,,,,,,,0,Not Available,NA,Not Available,96,,,1,2,Inactive,inactive,,,,false
2008,3902,0c756ceb-7f00-fa98-6c08-dbc092841f8b,s:40~l:54~a:3902,stacie-witman,basketball,Stacie,Witman,Stacie Witman,Stacie Witman,S. Witman,72.0,"6' 0""",,,,,,,,,0,Not Available,NA,Not Available,222,,,1,2,Inactive,inactive,,,,false
2008,3909,8b54825a-9000-2983-cc4b-05fd466fda82,s:40~l:54~a:3909,charlotte-marshall,basketball,Charlotte,Marshall,Charlotte Marshall,Charlotte Marshall,C. Marshall,70.0,"5' 10""",,,,,,,,,0,Not Available,NA,Not Available,98,,,1,2,Inactive,inactive,,,,false
2008,3940,a6c0e4f6-6d97-3949-838c-7582fd542c02,s:40~l:54~a:3940,kitara-mcmoore,basketball,Kitara,McMoore,Kitara McMoore,Kitara McMoore,K. McMoore,71.0,"5' 11""",,,,,,,,,0,Not Available,NA,Not Available,2210,,,1,2,Inactive,inactive,,,,false
2008,3966,b9fff1f3-acdf-2b5e-5998-2e7f49957ec9,s:40~l:54~a:3966,nikki-carr,basketball,Nikki,Carr,Nikki Carr,Nikki Carr,N. Carr,66.0,"5' 6""",,,,,,,,,0,Not Available,NA,Not Available,2617,,,1,2,Inactive,inactive,,,,false
2008,3977,8453bd79-6a88-524c-c083-410824fa39ad,s:40~l:54~a:3977,laura-dinkins,basketball,Laura,Dinkins,Laura Dinkins,Laura Dinkins,L. Dinkins,71.0,"5' 11""",,,,,Rialto,CA,USA,,2,Forward,F,Forward,2464,2464,,,2,Inactive,inactive,,,,false
2008,3990,dc94984b-9503-cb83-a455-1cd49331f262,s:40~l:54~a:3990,shalamar-oakley,basketball,Shalamar,Oakley,Shalamar Oakley,Shalamar Oakley,S. Oakley,67.0,"5' 7""",,,,,,,,,0,Not Available,NA,Not Available,2275,,,1,2,Inactive,inactive,,,,false
2008,4069,6399a607-cf09-a2cb-bc26-11604b47ed9d,s:40~l:54~a:4069,fredreika-lewis,basketball,Fredreika,Lewis,Fredreika Lewis,Fredreika Lewis,F. Lewis,76.0,"6' 4""",,,,,,,,,0,Not Available,NA,Not Available,2582,,,1,2,Inactive,inactive,,,,false
2008,4084,46d8025b-6559-9ec0-76a9-c68b0cd89a1a,s:40~l:54~a:4084,janielle-dodds,basketball,Janielle,Dodds,Janielle Dodds,Janielle Dodds,J. Dodds,,,,,,,,,,,0,Not Available,NA,Not Available,2567,,,1,2,Inactive,inactive,,,,false
2008,4094,9d1ede16-4a71-6e54-7307-9f0dbb86f998,s:40~l:54~a:4094,shante-williams,basketball,Shante,Williams,Shante Williams,Shante Williams,S. Williams,67.0,"5' 7""",,,,,,,,,0,Not Available,NA,Not Available,52,,,1,2,Inactive,inactive,,,,false
2008,4105,17e495e3-e798-3f9c-92d4-beced0dbf373,s:40~l:54~a:4105,jill-martin,basketball,Jill,Martin,Jill Martin,Jill Martin,J. Martin,75.0,"6' 3""",,,,,,,,,0,Not Available,NA,Not Available,2181,,,1,2,Inactive,inactive,,,,false
2008,4126,23f533f6-e19e-c4fb-0e91-a618c6ecb72b,s:40~l:54~a:4126,chequilla-jessie,basketball,Chequilla,Jessie,Chequilla Jessie,Chequilla Jessie,C. Jessie,74.0,"6' 2""",,,,,,,,,0,Not Available,NA,Not Available,290,,,1,2,Inactive,inactive,,,,false
2008,4187,b0430af9-c4ba-8006-612f-5191d560642a,s:40~l:54~a:4187,jenni-gottschalk,basketball,Jenni,Gottschalk,Jenni Gottschalk,Jenni Gottschalk,J. Gottschalk,72.0,"6' 0""",,,,,,,,,0,Not Available,NA,Not Available,2541,,,1,2,Inactive,inactive,,,,false
2008,4208,4ea71694-08f7-39b4-36c6-ce5c9e3535c2,s:40~l:54~a:4208,merideth-onson,basketball,Merideth,Onson,Merideth Onson,Merideth Onson,M. Onson,72.0,"6' 0""",,,,,,,,,0,Not Available,NA,Not Available,104,,,1,2,Inactive,inactive,,,,false
2008,4235,9ade8ae2-c55a-5ff7-0a80-1707476b6750,s:40~l:54~a:4235,amanda-jackson,basketball,Amanda,Jackson,Amanda Jackson,Amanda Jackson,A. Jackson,69.0,"5' 9""",,,,,,,,,0,Not Available,NA,Not Available,193,,,2,2,Inactive,inactive,,,,false
2008,4259,f1afdf8e-8e48-b424-0a0a-4a1bd8849f1b,s:40~l:54~a:4259,laura-cote,basketball,Laura,Cote,Laura Cote,Laura Cote,L. Cote,,,,,,,,,,,0,Not Available,NA,Not Available,149,,,1,2,Inactive,inactive,,,,false
2008,4291,2942a158-d433-9234-cd5c-a89228709f1c,s:40~l:54~a:4291,lauren-shaughnessy,basketball,Lauren,Shaughnessy,Lauren Shaughnessy,Lauren Shaughnessy,L. Shaughnessy,,,,,,,,,,,0,Not Available,NA,Not Available,2608,,,1,2,Inactive,inactive,,,,false
2008,4293,a9933598-53b9-8924-73f8-3bc1c4779f2b,s:40~l:54~a:4293,serena-benavente,basketball,Serena,Benavente,Serena Benavente,Serena Benavente,S. Benavente,,,,,,,,,,,0,Not Available,NA,Not Available,2608,,,1,2,Inactive,inactive,,,,false
2008,4300,7ccdbda4-5f2f-54b4-8121-c68a5a580647,s:40~l:54~a:4300,monica-mertle,basketball,Monica,Mertle,Monica Mertle,Monica Mertle,M. Mertle,,,,,,,,,,,0,Not Available,NA,Not Available,2608,,,1,2,Inactive,inactive,,,,false
2008,4447,13194bdc-feb7-74ce-a798-b97125610b87,s:40~l:54~a:4447,andrea-lightfoot,basketball,Andrea,Lightfoot,Andrea Lightfoot,Andrea Lightfoot,A. Lightfoot,68.0,"5' 8""",,,,,,,,,0,Not Available,NA,Not Available,158,,,1,2,Inactive,inactive,,,,false
2008,4488,f3e2d634-334d-e028-33dc-34f2e59dcc4d,s:40~l:54~a:4488,talicia-sanders,basketball,Talicia,Sanders,Talicia Sanders,Talicia Sanders,T. Sanders,74.0,"6' 2""",,,,,,,,,0,Not Available,NA,Not Available,249,,,1,2,Inactive,inactive,,,,false
2008,4583,4ab1849f-97c3-6e0d-5969-10dace4b6d60,s:40~l:54~a:4583,christina-campion,basketball,Christina,Campion,Christina Campion,Christina Campion,C. Campion,,,,,,,,,,,0,Not Available,NA,Not Available,257,,,1,2,Inactive,inactive,,,,false
2008,4650,b63c6f9e-87a9-148c-ceea-1d94c37f8bef,s:40~l:54~a:4650,lauren-kohn,basketball,Lauren,Kohn,Lauren Kohn,Lauren Kohn,L. Kohn,,,,,,,,,,,0,Not Available,NA,Not Available,183,,,1,2,Inactive,inactive,,,,false
2008,4756,3c6b7f58-8cc3-1c3b-60d5-fd9c880cb361,s:40~l:54~a:4756,crystal-mcfadden,basketball,Crystal,McFadden,Crystal McFadden,Crystal McFadden,C. McFadden,,,,,,,,,,,0,Not Available,NA,Not Available,5,,,1,2,Inactive,inactive,,,,false
2008,4760,764215c1-aced-f26a-2d7f-ce3bf431989d,s:40~l:54~a:4760,amber-harris,basketball,Amber,Harris,Amber Harris,Amber Harris,A. Harris,,,,,,,,,,,0,Not Available,NA,Not Available,2550,,,1,2,Inactive,inactive,,,,false
2008,4763,5f83b352-f0c2-8557-9bfc-5a416fab083f,s:40~l:54~a:4763,amy-kotani,basketball,Amy,Kotani,Amy Kotani,Amy Kotani,A. Kotani,,,,,,,,,,,0,Not Available,NA,Not Available,62,,,1,2,Inactive,inactive,,,,false
2008,4809,8e905b86-ecec-50d3-a099-fcf248ca6c29,s:40~l:54~a:4809,tye-jackson,basketball,Tye,Jackson,Tye Jackson,Tye Jackson,T. Jackson,,,,,,,,,,,0,Not Available,NA,Not Available,,,,,2,Inactive,inactive,,,,false
2008,4819,d0c9e7e5-83ec-078c-3c2f-19b1a3393528,s:40~l:54~a:4819,wanisha-smith,basketball,Wanisha,Smith,Wanisha Smith,Wanisha Smith,W. Smith,,,,,,,,,,,0,Not Available,NA,Not Available,,,,,2,Inactive,inactive,,,,false
2008,4821,353496a9-72eb-b4d2-2674-a0151af7c911,s:40~l:54~a:4821,chante-black,basketball,Chante,Black,Chante Black,Chante Black,C. Black,,,,,,,,,,,0,Not Available,NA,Not Available,,,,,2,Inactive,inactive,,,,false
2008,4861,e060b229-b938-2010-166c-2bb29a1bdfb8,s:40~l:54~a:4861,moneka-knight,basketball,Moneka,Knight,Moneka Knight,Moneka Knight,M. Knight,,,,,,,,,,,0,Not Available,NA,Not Available,,,,,2,Inactive,inactive,,,,false
2008,4865,286f9ada-bd15-d2a9-b8ab-78f0c25a0267,s:40~l:54~a:4865,lorie-butler-rayford,basketball,Lorie,Butler-Rayford,Lorie Butler-Rayford,Lorie Butler-Rayford,L. Butler-Rayford,,,,,,,,,,,0,Not Available,NA,Not Available,,,,,2,Inactive,inactive,,,,false
2008,4868,34cbaed7-f8d1-37f8-bf47-dd477edcd24b,s:40~l:54~a:4868,dionne-marsh,basketball,Dionne,Marsh,Dionne Marsh,Dionne Marsh,D. Marsh,,,,,,,,,,,0,Not Available,NA,Not Available,,,,,2,Inactive,inactive,,,,false
2008,4869,e34f0450-d727-4a18-62c1-596b6227292f,s:40~l:54~a:4869,jessica-perry,basketball,Jessica,Perry,Jessica Perry,Jessica Perry,J. Perry,,,,,,,,,,,0,Not Available,NA,Not Available,,,,,2,Inactive,inactive,,,,false
2008,4882,6fa9101c-9aa3-0d4e-cdd9-ed885501cb7e,s:40~l:54~a:4882,chante-bowman,basketball,Chante,Bowman,Chante Bowman,Chante Bowman,C. Bowman,,,,,,,,,,,0,Not Available,NA,Not Available,,,,,2,Inactive,inactive,,,,false
2008,4883,d604d498-da68-ebc2-0155-700bfa5ee1c6,s:40~l:54~a:4883,samantha-mahoney,basketball,Samantha,Mahoney,Samantha Mahoney,Samantha Mahoney,S. Mahoney,,,,,,,,,,,0,Not Available,NA,Not Available,,,,,2,Inactive,inactive,,,,false
2008,4884,41f4b5d4-425e-5019-8a2a-061b6c41c077,s:40~l:54~a:4884,sarah-elliott,basketball,Sarah,Elliott,Sarah Elliott,Sarah Elliott,S. Elliott,,,,,,,,,,,0,Not Available,NA,Not Available,,,,,2,Inactive,inactive,,,,false
2008,4898,14814d40-d26d-8304-04b2-5e6599182530,s:40~l:54~a:4898,lauren-pedersen,basketball,Lauren,Pedersen,Lauren Pedersen,Lauren Pedersen,L. Pedersen,,,,,,,,,,,0,Not Available,NA,Not Available,,,,,2,Inactive,inactive,,,,false
2008,4911,1d94fb99-43c6-261f-7aa8-38d8b19a22dc,s:40~l:54~a:4911,albrey-grimsley,basketball,Albrey,Grimsley,Albrey Grimsley,Albrey Grimsley,A. Grimsley,,,,,,,,,,,3,Guard,G,Guard,,2390,,,2,Inactive,inactive,,,,false
2008,4934,ccb39812-73e5-0b19-9dc5-6213cf187b7a,s:40~l:54~a:4934,siobhan-oconnor,basketball,Siobhan,O'Connor,Siobhan O'Connor,Siobhan O'Connor,S. O'Connor,,,,,,,,,,,3,Guard,G,Guard,,222,,,2,Inactive,inactive,,,,false
2008,4957,498b98d2-1cf5-3584-44bb-17145879c840,s:40~l:54~a:4957,tanika-nunez,basketball,Tanika,Nunez,Tanika Nunez,Tanika Nunez,T. Nunez,,,,,,,,,,,3,Guard,G,Guard,,2016,,,2,Inactive,inactive,,,,false
2008,4964,60993e33-3ecf-084b-7437-f7bbcddb10e4,s:40~l:54~a:4964,maudess-fulton,basketball,Maudess,Fulton,Maudess Fulton,Maudess Fulton,M. Fulton,,,,,,,,,,21 ,3,Guard,G,Guard,,242,,,2,Inactive,inactive,,,,false
2008,4970,7fdf7b35-dfeb-7615-7a17-d1b7ed29367a,s:40~l:54~a:4970,tiffany-hudson,basketball,Tiffany,Hudson,Tiffany Hudson,Tiffany Hudson,T. Hudson,,,,,,,,,,,0,Not Available,NA,Not Available,,,,,2,Inactive,inactive,,,,false
2008,4974,d99b9d0f-ed5f-4a58-9ad1-153bef5175a8,s:40~l:54~a:4974,jesssica-wilson,basketball,Jesssica,Wilson,Jesssica Wilson,Jesssica Wilson,J. Wilson,,,,,,,,,,,0,Not Available,NA,Not Available,,,,,2,Inactive,inactive,,,,false
2008,4975,63d2231b-4382-1ff0-5f93-9a666f02f456,s:40~l:54~a:4975,sharae-gibbons,basketball,Sha'Rae,Gibbons,Sha'Rae Gibbons,Sha'Rae Gibbons,S. Gibbons,,,,,,,,,,11 ,3,Guard,G,Guard,,2540,,,2,Inactive,inactive,,,,false
2008,4977,d3508883-972d-bab8-fb66-fc346c4be4ae,s:40~l:54~a:4977,tiffany-green,basketball,Tiffany,Green,Tiffany Green,Tiffany Green,T. Green,,,,,,,,,,45 ,2,Forward,F,Forward,,295,,,2,Inactive,inactive,,,,false
2008,4978,5911b1eb-d596-33ce-cfb4-6cb27ea4b28e,s:40~l:54~a:4978,megan-pym,basketball,Megan,Pym,Megan Pym,Megan Pym,M. Pym,,,,,,,,,,,0,Not Available,NA,Not Available,,,,,2,Inactive,inactive,,,,false
2008,4979,c86a63c6-128a-676c-e0cf-ac2d3bceaa0d,s:40~l:54~a:4979,shahida-williams,basketball,Shahida,Williams,Shahida Williams,Shahida Williams,S. Williams,,,,,,,,,,,0,Not Available,NA,Not Available,,,,,2,Inactive,inactive,,,,false
2008,4980,b16fdfa7-58d7-14c3-8c6d-58a3c9f3409c,s:40~l:54~a:4980,tj-jordan,basketball,TJ,Jordan,TJ Jordan,TJ Jordan,T. Jordan,,,,,,,,,,,0,Not Available,NA,Not Available,,,,,2,Inactive,inactive,,,,false
2008,4985,64101cc8-b338-7830-8c20-2c12d8d17fb6,s:40~l:54~a:4985,kate-achter,basketball,Kate,Achter,Kate Achter,Kate Achter,K. Achter,68.0,"5' 8""",,,,,Oregon,OH,USA,,3,Guard,G,Guard,,189,,,2,Inactive,inactive,,,,false
2008,4988,bfe9e1ae-ea4f-015e-50a2-009e2c094de2,s:40~l:54~a:4988,star-orr,basketball,Star,Orr,Star Orr,Star Orr,S. Orr,,,,,,,,,,,3,Guard,G,Guard,,2393,,,2,Inactive,inactive,,,,false
2008,4993,f39e822a-3906-4448-8077-e70add6b9d24,s:40~l:54~a:4993,emily-bollinger,basketball,Emily,Bollinger,Emily Bollinger,Emily Bollinger,E. Bollinger,,,,,,,,,,,0,Not Available,NA,Not Available,,,,,2,Inactive,inactive,,,,false
2008,4994,aae3efa7-c761-a9c3-3a6a-94f5fbf0239e,s:40~l:54~a:4994,sara-majors,basketball,Sara,Majors,Sara Majors,Sara Majors,S. Majors,,,,,,,,,,,3,Guard,G,Guard,,2541,,,2,Inactive,inactive,,,,false
2008,4996,a71ca484-ad57-b5ea-020d-0f30395af475,s:40~l:54~a:4996,chandice-cronk,basketball,Chandice,Cronk,Chandice Cronk,Chandice Cronk,C. Cronk,,,,,,,,,,,0,Not Available,NA,Not Available,,,,,2,Inactive,inactive,,,,false
2008,4997,e7779cea-c216-2172-608d-370550a15195,s:40~l:54~a:4997,tiffeny-riles,basketball,Tiffeny,Riles,Tiffeny Riles,Tiffeny Riles,T. Riles,,,,,,,,,,,0,Not Available,NA,Not Available,,,,,2,Inactive,inactive,,,,false
2008,4998,a277350e-ce92-1328-b805-9cd1db20f53a,s:40~l:54~a:4998,mandy-morales,basketball,Mandy,Morales,Mandy Morales,Mandy Morales,M. Morales,,,,,,,,,,3  ,3,Guard,G,Guard,,149,,,2,Inactive,inactive,,,,false
2008,5000,d2e2f86f-3907-e2f9-69c4-25bd8e5db499,s:40~l:54~a:5000,dana-conway,basketball,Dana,Conway,Dana Conway,Dana Conway,D. Conway,,,,,,,,,,,0,Not Available,NA,Not Available,,,,,2,Inactive,inactive,,,,false
2008,5001,b67f1c8f-d81c-f5cf-9534-5f125bec028d,s:40~l:54~a:5001,johanna-closson,basketball,Johanna,Closson,Johanna Closson,Johanna Closson,J. Closson,,,,,,,,,,,0,Not Available,NA,Not Available,,,,,2,Inactive,inactive,,,,false
2008,5003,ccee25ad-5130-7f26-a8f6-a96f61963925,s:40~l:54~a:5003,laura-aloisi,basketball,Laura,Aloisi,Laura Aloisi,Laura Aloisi,L. Aloisi,,,,,,,,,,,0,Not Available,NA,Not Available,,,,,2,Inactive,inactive,,,,false
2008,5013,959856cf-3f0b-df6f-940e-4699da5df05f,s:40~l:54~a:5013,jj-williams,basketball,JJ,Williams,JJ Williams,JJ Williams,J. Williams,,,,,,,,,,,1,Center,C,Center,,2099,,,2,Inactive,inactive,,,,false
2008,5017,58816973-5a98-760a-0308-171f833d50b2,s:40~l:54~a:5017,ashley-mclaughlin,basketball,Ashley,McLaughlin,Ashley McLaughlin,Ashley McLaughlin,A. McLaughlin,,,,,,,,,,,0,Not Available,NA,Not Available,,,,,2,Inactive,inactive,,,,false
2008,5018,f77e9285-bb45-0cce-bbd5-9c0c0476dda2,s:40~l:54~a:5018,ashley-whisonant,basketball,Ashley,Whisonant,Ashley Whisonant,Ashley Whisonant,A. Whisonant,,,,,,,,,,,0,Not Available,NA,Not Available,,,,,2,Inactive,inactive,,,,false
2008,5021,5d7dcb25-47c0-d8a9-8397-f68fd2e110bd,s:40~l:54~a:5021,mere-mullins,basketball,Mere,Mullins,Mere Mullins,Mere Mullins,M. Mullins,,,,,,,,,,,0,Not Available,NA,Not Available,,,,,2,Inactive,inactive,,,,false
2008,5030,31ac5564-f6f2-b127-7970-c9087648754e,s:40~l:54~a:5030,kayla-groh,basketball,Kayla,Groh,Kayla Groh,Kayla Groh,K. Groh,,,,,,,,,,,3,Guard,G,Guard,,2739,,,2,Inactive,inactive,,,,false
2008,5046,50bec847-23d9-437c-bf94-785a4bf67adb,s:40~l:54~a:5046,sydney-scott,basketball,Sydney,Scott,Sydney Scott,Sydney Scott,S. Scott,,,,,,,,,,,0,Not Available,NA,Not Available,,,,,2,Inactive,inactive,,,,false
2008,5048,85e2fad9-c005-fc46-ee44-fb5e83624895,s:40~l:54~a:5048,rashida-suber,basketball,Rashida,Suber,Rashida Suber,Rashida Suber,R. Suber,,,,,,,,,,,0,Not Available,NA,Not Available,,,,,2,Inactive,inactive,,,,false
2008,5049,0bd4a6c1-1daf-ad15-9e40-e7f149a62fe7,s:40~l:54~a:5049,brandi-kimble,basketball,Brandi,Kimble,Brandi Kimble,Brandi Kimble,B. Kimble,,,,,,,,,,,0,Not Available,NA,Not Available,,,,,2,Inactive,inactive,,,,false
2008,5053,0dc0892a-5a40-2c2e-c815-427e274f1f08,s:40~l:54~a:5053,allyson-fasnacht,basketball,Allyson,Fasnacht,Allyson Fasnacht,Allyson Fasnacht,A. Fasnacht,,,,,,,,,,,0,Not Available,NA,Not Available,,,,,2,Inactive,inactive,,,,false
2008,5065,a1e2a70f-53c9-ff15-c35b-d1955f1d9fb2,s:40~l:54~a:5065,chevon-keith,basketball,Chevon,Keith,Chevon Keith,Chevon Keith,C. Keith,71.0,"5' 11""",,,,,Ivanhoe,NC,USA,,0,Not Available,NA,Not Available,,,,,2,Inactive,inactive,,,,false
2008,5069,e2ca83cd-f834-176f-32d5-da919a3d9ade,s:40~l:54~a:5069,jessika-johnson,basketball,Jessika,Johnson,Jessika Johnson,Jessika Johnson,J. Johnson,,,,,,,,,,,0,Not Available,NA,Not Available,,,,,2,Inactive,inactive,,,,false
2008,5071,4e014655-61df-10ff-271e-413bbbe262d8,s:40~l:54~a:5071,monique-dawson,basketball,Monique,Dawson,Monique Dawson,Monique Dawson,M. Dawson,,,,,,,,,,,3,Guard,G,Guard,,2717,,,2,Inactive,inactive,,,,false
2008,5072,b0113788-7a3e-459b-d813-b91de2ca77c2,s:40~l:54~a:5072,courtney-watkins,basketball,Courtney,Watkins,Courtney Watkins,Courtney Watkins,C. Watkins,,,,,,,,,,,0,Not Available,NA,Not Available,,,https://a.espncdn.com/i/headshots/womens-college-basketball/players/full/5072.png,,2,Inactive,inactive,,,,false
2008,5073,89158c3a-0f5c-2081-7f92-995fe9344ea8,s:40~l:54~a:5073,johanna-mcknight,basketball,Johanna,McKnight,Johanna McKnight,Johanna McKnight,J. McKnight,,,,,,,,,,,3,Guard,G,Guard,,257,,,2,Inactive,inactive,,,,false
2008,5079,712e67de-b9c2-ebc3-f69d-cdec57fbcb44,s:40~l:54~a:5079,lady-comfort,basketball,Lady,Comfort,Lady Comfort,Lady Comfort,L. Comfort,,,,,,,,,,,0,Not Available,NA,Not Available,,,,,2,Inactive,inactive,,,,false
2008,5081,4fac9708-7d2d-4c33-8e74-881cbcb4bda8,s:40~l:54~a:5081,ashley-morris,basketball,Ashley,Morris,Ashley Morris,Ashley Morris,A. Morris,,,,,,,,,,,0,Not Available,NA,Not Available,,,,,2,Inactive,inactive,,,,false
2008,5082,03e10fad-f783-f07c-f156-eedfe1626d9c,s:40~l:54~a:5082,chisa-ononiwu,basketball,Chisa,Ononiwu,Chisa Ononiwu,Chisa Ononiwu,C. Ononiwu,,,,,,,,,,,0,Not Available,NA,Not Available,,,,,2,Inactive,inactive,,,,false
2008,5106,6fc4573e-bc8a-7b47-8b58-be1cfdd4e081,s:40~l:54~a:5106,laura-rudolphi,basketball,Laura,Rudolphi,Laura Rudolphi,Laura Rudolphi,L. Rudolphi,,,,,,,,,,,1,Center,C,Center,,282,,,2,Inactive,inactive,,,,false
2008,5107,9e17b74c-7cb5-482c-7ecb-2814d3096779,s:40~l:54~a:5107,kara-schilli,basketball,Kara,Schilli,Kara Schilli,Kara Schilli,K. Schilli,,,,,,,,,,,3,Guard,G,Guard,,282,,,2,Inactive,inactive,,,,false
2008,5110,9d8cb090-cef3-c0e5-47fe-b68133757441,s:40~l:54~a:5110,leah-phillips,basketball,Leah,Phillips,Leah Phillips,Leah Phillips,L. Phillips,,,,,,,,,,,3,Guard,G,Guard,,282,,,2,Inactive,inactive,,,,false
2008,5125,88b47656-ac49-dcb4-d690-c801f518bb1e,s:40~l:54~a:5125,britney-harris,basketball,Britney,Harris,Britney Harris,Britney Harris,B. Harris,,,,,,,,,,,0,Not Available,NA,Not Available,,,,,2,Inactive,inactive,,,,false
2008,5136,9e8cd0e2-8aa3-e9de-558e-375028090c85,s:40~l:54~a:5136,dominique-harris,basketball,Dominique,Harris,Dominique Harris,Dominique Harris,D. Harris,,,,,,,,,,,3,Guard,G,Guard,,2250,,,2,Inactive,inactive,,,,false
2008,5137,e588e0a7-1b9c-3d9b-4af7-7961029edeb8,s:40~l:54~a:5137,elaina-renius,basketball,Elaina,Renius,Elaina Renius,Elaina Renius,E. Renius,,,,,,,,,,,0,Not Available,NA,Not Available,,,,,2,Inactive,inactive,,,,false
2008,5141,6de810c8-88fa-f5f3-612f-914830be5545,s:40~l:54~a:5141,jami-bjorklund,basketball,Jami,Bjorklund,Jami Bjorklund,Jami Bjorklund,J. Bjorklund,,,,,,,,,,,0,Not Available,NA,Not Available,,,,,2,Inactive,inactive,,,,false
2008,5152,2e1a4126-740a-8c89-5e78-12dcf27abe25,s:40~l:54~a:5152,jenny-poff,basketball,Jenny,Poff,Jenny Poff,Jenny Poff,J. Poff,,,,,,,,,,,4,Point Guard,PG,Point Guard,,195,,,2,Inactive,inactive,,,,false
2008,5157,49f53d3e-6f65-d781-e6cb-2beb5dfb9835,s:40~l:54~a:5157,robyn-hoying,basketball,Robyn,Hoying,Robyn Hoying,Robyn Hoying,R. Hoying,,,,,,,,,,,0,Not Available,NA,Not Available,,,,,2,Inactive,inactive,,,,false
2008,5159,96f2ca0a-d74e-20e0-1649-50001ba07578,s:40~l:54~a:5159,brittany-korth,basketball,Brittany,Korth,Brittany Korth,Brittany Korth,B. Korth,,,,,,,,,,,0,Not Available,NA,Not Available,,,,,2,Inactive,inactive,,,,false
2008,5160,cafa4609-5c91-7aee-2216-91af1b551bbb,s:40~l:54~a:5160,dominque-butler,basketball,Dominque,Butler,Dominque Butler,Dominque Butler,D. Butler,,,,,,,,,,,3,Guard,G,Guard,,325,,,2,Inactive,inactive,,,,false
2008,5174,8b8edc99-7921-95f1-b184-1c0e113a003a,s:40~l:54~a:5174,atty-boyer,basketball,Atty,Boyer,Atty Boyer,Atty Boyer,A. Boyer,,,,,,,,,,,2,Forward,F,Forward,,16,,,2,Inactive,inactive,,,,false
2008,5221,b31c4305-a1f0-7465-fccc-e6ef7e12f956,s:40~l:54~a:5221,tahnee-balerio,basketball,Tahnee,Balerio,Tahnee Balerio,Tahnee Balerio,T. Balerio,,,,,,,,,,,0,Not Available,NA,Not Available,,,,,2,Inactive,inactive,,,,false
2008,5225,9db9beab-884c-69d4-c04a-5813df22ef7c,s:40~l:54~a:5225,tiff-terwelp,basketball,Tiff,Terwelp,Tiff Terwelp,Tiff Terwelp,T. Terwelp,,,,,,,,,,,0,Not Available,NA,Not Available,,,,,2,Inactive,inactive,,,,false
2008,5233,7ad60122-3ee8-b1ba-5e3f-0cc5828e5c51,s:40~l:54~a:5233,ashley-langford,basketball,Ashley,Langford,Ashley Langford,Ashley Langford,A. Langford,65.0,"5' 5""",,,,,Harrisburg,PA,USA,2  ,3,Guard,G,Guard,,2655,,,2,Inactive,inactive,,,,false
2008,5234,46e56b1e-4136-abf8-05cd-cb88167be531,s:40~l:54~a:5234,nikki-luckhurst,basketball,Nikki,Luckhurst,Nikki Luckhurst,Nikki Luckhurst,N. Luckhurst,,,,,,,,,,,0,Not Available,NA,Not Available,,,,,2,Inactive,inactive,,,,false
2008,5235,2b8b5fff-181e-d7b6-5d66-ee50bf2c2421,s:40~l:54~a:5235,alendra-brown,basketball,Alendra,Brown,Alendra Brown,Alendra Brown,A. Brown,,,,,,,,,,,0,Not Available,NA,Not Available,,,,,2,Inactive,inactive,,,,false
2008,5236,2bb60489-f831-5be9-9b60-0eafb4ddbac6,s:40~l:54~a:5236,megan-valicevic,basketball,Megan,Valicevic,Megan Valicevic,Megan Valicevic,M. Valicevic,,,,,,,,,,14 ,3,Guard,G,Guard,,2655,https://a.espncdn.com/i/headshots/womens-college-basketball/players/full/5236.png,,2,Inactive,inactive,,,,false
2008,5241,77e0733e-f538-3067-7f74-4304a0b1ffad,s:40~l:54~a:5241,niki-williams,basketball,Niki,Williams,Niki Williams,Niki Williams,N. Williams,,,,,,,,,,34 ,3,Guard,G,Guard,,2275,,,2,Inactive,inactive,,,,false
2008,5245,7d0f7e3e-90bd-b5d9-8bd8-044ff08199bf,s:40~l:54~a:5245,kristina-campbell,basketball,Kristina,Campbell,Kristina Campbell,Kristina Campbell,K. Campbell,,,,,,,,,,23 ,2,Forward,F,Forward,,2275,,,2,Inactive,inactive,,,,false
2008,5250,c438f757-e148-2102-0aa4-817311a23c86,s:40~l:54~a:5250,joy-sterling,basketball,Joy,Sterling,Joy Sterling,Joy Sterling,J. Sterling,,,,,,,,,,,0,Not Available,NA,Not Available,,,,,2,Inactive,inactive,,,,false
2008,5253,e688bd84-288e-65b7-29eb-da7926f4ccd0,s:40~l:54~a:5253,sherri-mikus,basketball,Sherri,Mikus,Sherri Mikus,Sherri Mikus,S. Mikus,,,,,,,,,,,0,Not Available,NA,Not Available,,,,,2,Inactive,inactive,,,,false
2008,5257,2f25beaa-4f38-fdf7-9249-19e480613e42,s:40~l:54~a:5257,gia-sanders,basketball,Gia,Sanders,Gia Sanders,Gia Sanders,G. Sanders,,,,,,,,,,,0,Not Available,NA,Not Available,,,,,2,Inactive,inactive,,,,false
2008,5267,28bc635e-350e-5573-6910-152115bb26a9,s:40~l:54~a:5267,shantia-grace,basketball,Shantia,Grace,Shantia Grace,Shantia Grace,S. Grace,,,,,,,,,,3  ,3,Guard,G,Guard,,58,,,2,Inactive,inactive,,,,false
2008,5269,511116d3-2067-3e5d-080a-2449e952404b,s:40~l:54~a:5269,stefanie-stone,basketball,Stefanie,Stone,Stefanie Stone,Stefanie Stone,S. Stone,,,,,,,,,,,3,Guard,G,Guard,,349,,,2,Inactive,inactive,,,,false
2008,5271,fb64e6e7-d806-38e9-42d7-d1ab851d40d6,s:40~l:54~a:5271,cara-enright,basketball,Cara,Enright,Cara Enright,Cara Enright,C. Enright,,,,,,,,,,,0,Not Available,NA,Not Available,,,,,2,Inactive,inactive,,,,false
2008,5273,9ed99fa6-15c4-4450-e59a-0b2c2e754f65,s:40~l:54~a:5273,megan-evans,basketball,Megan,Evans,Megan Evans,Megan Evans,M. Evans,,,,,,,,,,,2,Forward,F,Forward,,349,,,2,Inactive,inactive,,,,false
2008,5274,b2340fbb-b96d-8423-7047-8c0d3225fc90,s:40~l:54~a:5274,alex-mcguire,basketball,Alex,McGuire,Alex McGuire,Alex McGuire,A. McGuire,,,,,,,,,,,3,Guard,G,Guard,,349,,,2,Inactive,inactive,,,,false
2008,5293,4a1723a2-ef05-b418-68f9-b0b3719224e8,s:40~l:54~a:5293,taylor-mcintosh,basketball,Taylor,McIntosh,Taylor McIntosh,Taylor McIntosh,T. McIntosh,,,,,,,,,,,2,Forward,F,Forward,,2305,,,2,Inactive,inactive,,,,false
2008,5294,94816179-36d2-6d14-e3ef-fb79ff972cac,s:40~l:54~a:5294,ivana-catic,basketball,Ivana,Catic,Ivana Catic,Ivana Catic,I. Catic,,,,,,,,,,,3,Guard,G,Guard,,2305,,,2,Inactive,inactive,,,,false
2008,5313,ca5a93b6-fc4c-b914-da85-ae0afa2520bc,s:40~l:54~a:5313,angela-hartill,basketball,Angela,Hartill,Angela Hartill,Angela Hartill,A. Hartill,,,,,,,,,,44 ,1,Center,C,Center,,167,,,2,Inactive,inactive,,,,false
2008,5315,aaaa7687-b3a1-fec6-c561-e0072e521795,s:40~l:54~a:5315,morgan-warburton,basketball,Morgan,Warburton,Morgan Warburton,Morgan Warburton,M. Warburton,,,,,,,,,,15 ,3,Guard,G,Guard,,254,,,2,Inactive,inactive,,,,false
2008,5331,ae24edae-733e-1111-3cc7-1bb78b9f1d96,s:40~l:54~a:5331,shawnee-slade,basketball,Shawnee,Slade,Shawnee Slade,Shawnee Slade,S. Slade,,,,,,,,,,32 ,3,Guard,G,Guard,,252,,,2,Inactive,inactive,,,,false
2008,5335,98aae20b-9c0d-5074-a8a3-cd6a164e6d42,s:40~l:54~a:5335,abby-waner,basketball,Abby,Waner,Abby Waner,Abby Waner,A. Waner,,,,,,,,,,,0,Not Available,NA,Not Available,,,,,2,Inactive,inactive,,,,false
2008,5337,03844a70-0600-944a-113e-df6b6b0e1e89,s:40~l:54~a:5337,carlene-hightower,basketball,Carlene,Hightower,Carlene Hightower,Carlene Hightower,C. Hightower,,,,,,,,,,,0,Not Available,NA,Not Available,,,,,2,Inactive,inactive,,,,false
2008,5342,85f4065e-9ebf-652a-1bc3-b84a43384d9c,s:40~l:54~a:5342,melanie-gibbons,basketball,Melanie,Gibbons,Melanie Gibbons,Melanie Gibbons,M. Gibbons,,,,,,,,,,,0,Not Available,NA,Not Available,,,,,2,Inactive,inactive,,,,false
2008,5345,af3b4740-b252-912b-96a0-84b26fbe307c,s:40~l:54~a:5345,alyse-hoover,basketball,Alyse,Hoover,Alyse Hoover,Alyse Hoover,A. Hoover,,,,,,,,,,,0,Not Available,NA,Not Available,,,,,2,Inactive,inactive,,,,false
2008,5349,d8e0dac9-3309-c8aa-bca8-c58a42672621,s:40~l:54~a:5349,marneshia-richard,basketball,Marneshia,Richard,Marneshia Richard,Marneshia Richard,M. Richard,,,,,,,,,,25 ,3,Guard,G,Guard,,344,,,2,Inactive,inactive,,,,false
2008,5350,cc3f99c7-b9fd-94c7-498b-1a39d31c39db,s:40~l:54~a:5350,robin-porter,basketball,Robin,Porter,Robin Porter,Robin Porter,R. Porter,,,,,,,,,,24 ,2,Forward,F,Forward,,344,,,2,Inactive,inactive,,,,false
2008,5354,3a3e57ab-c13a-dc16-b32a-949c11567f18,s:40~l:54~a:5354,jessica-jackson,basketball,Jessica,Jackson,Jessica Jackson,Jessica Jackson,J. Jackson,,,,,,,,,,,0,Not Available,NA,Not Available,,,,,2,Inactive,inactive,,,,false
2008,5360,59e5e401-9e83-d0f9-dc81-e487fdfe8263,s:40~l:54~a:5360,brittany-denson,basketball,Brittany,Denson,Brittany Denson,Brittany Denson,B. Denson,,,,,,,,,,,0,Not Available,NA,Not Available,,,,,2,Inactive,inactive,,,,false
2008,5362,da5bc4f9-8e0a-8c3c-0be2-706b51847b6a,s:40~l:54~a:5362,latoya-cunningham,basketball,Latoya,Cunningham,Latoya Cunningham,Latoya Cunningham,L. Cunningham,,,,,,,,,,,3,Guard,G,Guard,,2390,,,2,Inactive,inactive,,,,false
2008,5364,da5fab96-cbb2-dcd5-fa58-5b730f1428bb,s:40~l:54~a:5364,jadis-rhodin,basketball,Jadis,Rhodin,Jadis Rhodin,Jadis Rhodin,J. Rhodin,,,,,,,,,,24 ,3,Guard,G,Guard,,2550,,,2,Inactive,inactive,,,,false
2008,5367,4d468449-907b-7a3b-9bcd-f22ec6e6468b,s:40~l:54~a:5367,noteisha-womack,basketball,Noteisha,Womack,Noteisha Womack,Noteisha Womack,N. Womack,,,,,,,,,,2  ,2,Forward,F,Forward,,2550,,,2,Inactive,inactive,,,,false
2008,5371,1697aca8-3b4f-00a6-bf58-c9da78fff5b6,s:40~l:54~a:5371,jill-stephens,basketball,Jill,Stephens,Jill Stephens,Jill Stephens,J. Stephens,,,,,,,,,,,2,Forward,F,Forward,,2132,,,2,Inactive,inactive,,,,false
2008,5372,565104c0-640f-6e2a-76df-a38a9ac208c5,s:40~l:54~a:5372,kahla-roudebush,basketball,Kahla,Roudebush,Kahla Roudebush,Kahla Roudebush,K. Roudebush,,,,,,,,,,,3,Guard,G,Guard,,2132,,,2,Inactive,inactive,,,,false
2008,5390,e959296d-bcdc-16ca-39f1-7e53393b89b0,s:40~l:54~a:5390,mara-freshour,basketball,Mara,Freshour,Mara Freshour,Mara Freshour,M. Freshour,,,,,,,,,,10 ,3,Guard,G,Guard,,52,,,2,Inactive,inactive,,,,false
2008,5414,c70bdb85-b8d4-a448-4d1e-b7ce42286efd,s:40~l:54~a:5414,chichi-okpaleke,basketball,ChiChi,Okpaleke,ChiChi Okpaleke,ChiChi Okpaleke,C. Okpaleke,,,,,,,,,,,0,Not Available,NA,Not Available,,,,,2,Inactive,inactive,,,,false
2008,5415,77fcffb3-607d-1d14-9165-3db1cb82c0d0,s:40~l:54~a:5415,chandrica-smith,basketball,Chandrica,Smith,Chandrica Smith,Chandrica Smith,C. Smith,,,,,,,,,,,0,Not Available,NA,Not Available,,,,,2,Inactive,inactive,,,,false
2008,5456,fcb6276c-f397-0310-f978-cd6d1b88ceca,s:40~l:54~a:5456,shari-welton,basketball,Shari',Welton,Shari' Welton,Shari' Welton,S. Welton,,,,,,,,,,,0,Not Available,NA,Not Available,,,,,2,Inactive,inactive,,,,false
2008,5464,4528c65a-3525-a468-58b8-02067085a4a2,s:40~l:54~a:5464,krista-vandeventer,basketball,Krista,Vandeventer,Krista Vandeventer,Krista Vandeventer,K. Vandeventer,,,,,,,,,,,0,Not Available,NA,Not Available,,,,,2,Inactive,inactive,,,,false
2008,5465,f3f81350-4bb8-4ebf-0259-f28532187184,s:40~l:54~a:5465,megan-skouby,basketball,Megan,Skouby,Megan Skouby,Megan Skouby,M. Skouby,,,,,,,,,,,1,Center,C,Center,,2294,,,2,Inactive,inactive,,,,false
2008,5466,3f4453d8-e2b0-a6cd-9375-bdc0c4be1da6,s:40~l:54~a:5466,kristi-smith,basketball,Kristi,Smith,Kristi Smith,Kristi Smith,K. Smith,,,,,,,,,,,3,Guard,G,Guard,,2294,,,2,Inactive,inactive,,,,false
2008,5468,0c68fcd2-f96e-5df4-707f-d0166f7d555f,s:40~l:54~a:5468,wendy-ausdemore,basketball,Wendy,Ausdemore,Wendy Ausdemore,Wendy Ausdemore,W. Ausdemore,,,,,,,,,,,2,Forward,F,Forward,,2294,,,2,Inactive,inactive,,,,false
2008,5470,decfa8eb-798c-037b-dea3-659816f705a1,s:40~l:54~a:5470,jenee-graham,basketball,Jenee,Graham,Jenee Graham,Jenee Graham,J. Graham,,,,,,,,,,,0,Not Available,NA,Not Available,,,,,2,Inactive,inactive,,,,false
2008,5473,7bcfd3ef-686a-6c68-c9b3-cb7856d42af9,s:40~l:54~a:5473,timisha-gomez,basketball,Timisha,Gomez,Timisha Gomez,Timisha Gomez,T. Gomez,,,,,,,,,,,0,Not Available,NA,Not Available,,,,,2,Inactive,inactive,,,,false
2008,5474,7d1c0bde-1332-7939-7d62-625e3fefff8d,s:40~l:54~a:5474,mary-kate-mcdade,basketball,Mary,Mcdade,Mary Kate Mcdade,Mary Kate Mcdade,M. Mcdade,,,,,,,,,,,0,Not Available,NA,Not Available,,,,,2,Inactive,inactive,,,,false
2008,5478,4bc5a1c5-222c-52df-ce5e-40727e622386,s:40~l:54~a:5478,chanel-johnson,basketball,Chanel,Johnson,Chanel Johnson,Chanel Johnson,C. Johnson,,,,,,,,,,,0,Not Available,NA,Not Available,,,,,2,Inactive,inactive,,,,false
2008,5488,cf7aa68f-a886-508a-0dbc-ad67cc2f520c,s:40~l:54~a:5488,cayla-moore,basketball,Cayla,Moore,Cayla Moore,Cayla Moore,C. Moore,,,,,,,,,,4  ,2,Forward,F,Forward,,52,,,2,Inactive,inactive,,,,false
2008,5521,3c0fcf2d-7001-ea4c-327a-2a3fb95619e0,s:40~l:54~a:5521,tarina-nixon,basketball,Tarina,Nixon,Tarina Nixon,Tarina Nixon,T. Nixon,,,,,,,,,,12 ,3,Guard,G,Guard,,2546,,,2,Inactive,inactive,,,,false
2008,5525,6b0f2baa-ba6c-ff0d-115d-cca79a725dc9,s:40~l:54~a:5525,meagan-lyons,basketball,Meagan,Lyons,Meagan Lyons,Meagan Lyons,M. Lyons,,,,,,,,,,,3,Guard,G,Guard,,2635,,,2,Inactive,inactive,,,,false
2008,5529,60dd24b3-9bae-80ab-4477-25175accd361,s:40~l:54~a:5529,blair-bowens,basketball,Blair,Bowens,Blair Bowens,Blair Bowens,B. Bowens,,,,,,,,,,,3,Guard,G,Guard,,2635,,,2,Inactive,inactive,,,,false
2008,5530,1d7931d3-b4a7-15a0-e205-b0974384f0e0,s:40~l:54~a:5530,marissa-hensley,basketball,Marissa,Hensley,Marissa Hensley,Marissa Hensley,M. Hensley,,,,,,,,,,,2,Forward,F,Forward,,2635,,,2,Inactive,inactive,,,,false
2008,5531,0c8b3768-aecb-fc24-af7c-c9d04a5bd14c,s:40~l:54~a:5531,kristina-tyler,basketball,Kristina,Tyler,Kristina Tyler,Kristina Tyler,K. Tyler,,,,,,,,,,,0,Not Available,NA,Not Available,,,,,2,Inactive,inactive,,,,false
2008,5533,8c573eae-f54e-f8d1-1e60-d79408aacb26,s:40~l:54~a:5533,allison-price,basketball,Allison,Price,Allison Price,Allison Price,A. Price,,,,,,,,,,,3,Guard,G,Guard,,2635,,,2,Inactive,inactive,,,,false
2008,5548,259db650-6192-42ca-5db8-ca912e2be896,s:40~l:54~a:5548,tynisha-davis,basketball,Tynisha,Davis,Tynisha Davis,Tynisha Davis,T. Davis,,,,,,,,,,,3,Guard,G,Guard,,2352,,,2,Inactive,inactive,,,,false
2008,5552,7b815eca-e159-8203-0da4-a36f2ee70440,s:40~l:54~a:5552,valeriya-berezhynska,basketball,Valeriya,Berezhynska,Valeriya Berezhynska,Valeriya Berezhynska,V. Berezhynska,,,,,,,,,,,0,Not Available,NA,Not Available,,,,,2,Inactive,inactive,,,,false
2008,5553,473f9ee7-ead1-4e5c-7705-4ae95a6a7b86,s:40~l:54~a:5553,kadie-riverin,basketball,Kadie,Riverin,Kadie Riverin,Kadie Riverin,K. Riverin,,,,,,,,,,,0,Not Available,NA,Not Available,,,,,2,Inactive,inactive,,,,false
2008,5557,38f6e6ce-c625-24c6-f7c5-81b362ebfaea,s:40~l:54~a:5557,tiffany-loggins,basketball,Tiffany,Loggins,Tiffany Loggins,Tiffany Loggins,T. Loggins,,,,,,,,,,,0,Not Available,NA,Not Available,,,,,2,Inactive,inactive,,,,false
2008,5559,48964957-5bc4-07d7-9d95-0515413660db,s:40~l:54~a:5559,alex-anderson,basketball,Alex,Anderson,Alex Anderson,Alex Anderson,A. Anderson,,,,,,,,,,,0,Not Available,NA,Not Available,,,,,2,Inactive,inactive,,,,false
2008,5560,0c62bd1a-fa7d-487b-5902-95d44cd9cc85,s:40~l:54~a:5560,laura-hall,basketball,Laura,Hall,Laura Hall,Laura Hall,L. Hall,,,,,,,,,,,0,Not Available,NA,Not Available,,,,,2,Inactive,inactive,,,,false
2008,5561,960ed852-84fb-8648-0a6a-a57572bf53a6,s:40~l:54~a:5561,meghan-chamberlain,basketball,Meghan,Chamberlain,Meghan Chamberlain,Meghan Chamberlain,M. Chamberlain,,,,,,,,,,,1,Center,C,Center,,2430,,,2,Inactive,inactive,,,,false
2008,5562,acdecc89-9409-67a4-ab56-a97624e7e382,s:40~l:54~a:5562,kristen-boone,basketball,Kristen,Boone,Kristen Boone,Kristen Boone,K. Boone,,,,,,,,,,,3,Guard,G,Guard,,2430,,,2,Inactive,inactive,,,,false
2008,5563,e64beb92-d4f2-a428-accb-dcca71880593,s:40~l:54~a:5563,brooke-hand,basketball,Brooke,Hand,Brooke Hand,Brooke Hand,B. Hand,,,,,,,,,,,0,Not Available,NA,Not Available,,,,,2,Inactive,inactive,,,,false
2008,5565,fe390f61-c3d4-0513-0a6a-82af3cd2fb4b,s:40~l:54~a:5565,jasmine-dixon,basketball,Jasmine,Dixon,Jasmine Dixon,Jasmine Dixon,J. Dixon,,,,,,,,,,,0,Not Available,NA,Not Available,,,,,2,Inactive,inactive,,,,false
2008,5566,01c760f8-a143-f4cf-9c94-4d60524006a4,s:40~l:54~a:5566,ashley-ling,basketball,Ashley,Ling,Ashley Ling,Ashley Ling,A. Ling,,,,,,,,,,,3,Guard,G,Guard,,2430,,,2,Inactive,inactive,,,,false
2008,5567,56e6b503-ff1d-c4c4-7a05-e2fd7a65f07c,s:40~l:54~a:5567,gini-grimsley,basketball,Gini,Grimsley,Gini Grimsley,Gini Grimsley,G. Grimsley,,,,,,,,,,,3,Guard,G,Guard,,2430,,,2,Inactive,inactive,,,,false
2008,5574,ac5d2029-287a-8a63-1b36-efb826787033,s:40~l:54~a:5574,caroline-starr,basketball,Caroline,Starr,Caroline Starr,Caroline Starr,C. Starr,,,,,,,,,,25 ,3,Guard,G,Guard,,2032,,,2,Inactive,inactive,,,,false
2008,5580,858eb654-db37-8e0f-31af-1b79d26e8c9c,s:40~l:54~a:5580,laquetta-ferguson,basketball,LaQuetta,Ferguson,LaQuetta Ferguson,LaQuetta Ferguson,L. Ferguson,,,,,,,,,,,0,Not Available,NA,Not Available,,,,,2,Inactive,inactive,,,,false
2008,5582,ac8664e2-5f37-1902-0900-901d11a6fbbf,s:40~l:54~a:5582,crystal-kelly,basketball,Crystal,Kelly,Crystal Kelly,Crystal Kelly,C. Kelly,,,,,,,,,,,0,Not Available,NA,Not Available,,,,,2,Inactive,inactive,,,,false
2008,5583,dbc52aa4-3e2d-3c04-20c7-93b491a34b60,s:40~l:54~a:5583,dominique-duck,basketball,Dominique,Duck,Dominique Duck,Dominique Duck,D. Duck,,,,,,,,,,23 ,2,Forward,F,Forward,,98,,,2,Inactive,inactive,,,,false
2008,5585,e63883ad-ceb0-dfb2-f428-ab314ddd6766,s:40~l:54~a:5585,iva-ciglar,basketball,Iva,Ciglar,Iva Ciglar,Iva Ciglar,I. Ciglar,,,,,,,,,,,0,Not Available,NA,Not Available,,,,,2,Inactive,inactive,,,,false
2008,5588,d7978fde-3286-7857-9c39-1294909857a0,s:40~l:54~a:5588,nicole-rinaldi,basketball,Nicole,Rinaldi,Nicole Rinaldi,Nicole Rinaldi,N. Rinaldi,,,,,,,,,,,0,Not Available,NA,Not Available,,,,,2,Inactive,inactive,,,,false
2008,5593,ee033e07-e040-b806-4c6a-a313329a2db5,s:40~l:54~a:5593,traci-edwards,basketball,Traci,Edwards,Traci Edwards,Traci Edwards,T. Edwards,,,,,,,,,,,1,Center,C,Center,,270,,,2,Inactive,inactive,,,,false
2008,5597,37296534-0aaa-c839-c073-6690d5345edf,s:40~l:54~a:5597,katie-fournier,basketball,Katie,Fournier,Katie Fournier,Katie Fournier,K. Fournier,,,,,,,,,,,2,Forward,F,Forward,,270,,,2,Inactive,inactive,,,,false
2008,5598,9d1cb60d-a553-ecdb-cd7b-d89c140eb082,s:40~l:54~a:5598,nikki-grobbecker,basketball,Nikki,Grobbecker,Nikki Grobbecker,Nikki Grobbecker,N. Grobbecker,,,,,,,,,,30 ,1,Center,C,Center,,82,,,2,Inactive,inactive,,,,false
2008,5609,a76a892e-263a-cf2e-5caa-f968465dc41f,s:40~l:54~a:5609,april-kidd,basketball,April,Kidd,April Kidd,April Kidd,A. Kidd,,,,,,,,,,23 ,3,Guard,G,Guard,,2473,,,2,Inactive,inactive,,,,false
2008,5613,ae3eb44f-ca79-389a-459e-16a0287b27f1,s:40~l:54~a:5613,amanda-walker,basketball,Amanda,Walker,Amanda Walker,Amanda Walker,A. Walker,,,,,,,,,,,3,Guard,G,Guard,,2710,,,2,Inactive,inactive,,,,false
2008,5614,98fea901-e21c-e5a1-9fef-99c3aaca1433,s:40~l:54~a:5614,jessica-pike,basketball,Jessica,Pike,Jessica Pike,Jessica Pike,J. Pike,,,,,,,,,,4  ,3,Guard,G,Guard,,2473,,,2,Inactive,inactive,,,,false
2008,5616,3fb83fa9-40b7-9ac6-a11e-983f562055e2,s:40~l:54~a:5616,riikka-terava,basketball,Riikka,Terava,Riikka Terava,Riikka Terava,R. Terava,,,,,,,,,,20 ,3,Guard,G,Guard,,2473,,,2,Inactive,inactive,,,,false
2008,5618,e501704a-7341-c371-b41c-8bdb8ae5be36,s:40~l:54~a:5618,sarah-miller,basketball,Sarah,Miller,Sarah Miller,Sarah Miller,S. Miller,,,,,,,,,,,0,Not Available,NA,Not Available,,,,,2,Inactive,inactive,,,,false
2008,5619,deb22360-12ce-e366-8751-3bb92f31e593,s:40~l:54~a:5619,gina-hugelier,basketball,Gina,Hugelier,Gina Hugelier,Gina Hugelier,G. Hugelier,,,,,,,,,,,0,Not Available,NA,Not Available,,,,,2,Inactive,inactive,,,,false
2008,5625,11a85931-ad81-eb39-5360-8d3c299a3f8f,s:40~l:54~a:5625,alecia-steele,basketball,Alecia,Steele,Alecia Steele,Alecia Steele,A. Steele,,,,,,,,,,,0,Not Available,NA,Not Available,,,,,2,Inactive,inactive,,,,false
2008,5629,9d857c00-f32d-c986-7534-0ed28ff13953,s:40~l:54~a:5629,pamela-findlay,basketball,Pamela,Findlay,Pamela Findlay,Pamela Findlay,P. Findlay,,,,,,,,,,,0,Not Available,NA,Not Available,,,,,2,Inactive,inactive,,,,false
2008,5631,123339ea-b2d0-8807-99d5-2550ec770965,s:40~l:54~a:5631,jamie-davis,basketball,Jamie,Davis,Jamie Davis,Jamie Davis,J. Davis,,,,,,,,,,,3,Guard,G,Guard,,2005,,,2,Inactive,inactive,,,,false
2008,5632,2d01b481-5258-a814-dbf7-020b0628fba8,s:40~l:54~a:5632,brooke-cultra,basketball,Brooke,Cultra,Brooke Cultra,Brooke Cultra,B. Cultra,,,,,,,,,,,2,Forward,F,Forward,,2005,,,2,Inactive,inactive,,,,false
2008,5635,b4f3a09d-e7f9-1d5b-ff0f-ebc3433a7626,s:40~l:54~a:5635,dana-loveless,basketball,Dana,Loveless,Dana Loveless,Dana Loveless,D. Loveless,,,,,,,,,,,2,Forward,F,Forward,,2005,,,2,Inactive,inactive,,,,false
2008,5638,c43f65f7-31ba-ecb9-d09d-53c0ea7779a6,s:40~l:54~a:5638,alyssa-hollins,basketball,Alyssa,Hollins,Alyssa Hollins,Alyssa Hollins,A. Hollins,,,,,,,,,,12 ,3,Guard,G,Guard,,142,,,2,Inactive,inactive,,,,false
2008,5639,34e3cb3d-ce56-c6d7-4315-9ec969b02797,s:40~l:54~a:5639,shamela-hampton,basketball,Shamela,Hampton,Shamela Hampton,Shamela Hampton,S. Hampton,75.0,"6' 3""",185.0,185 lbs,28,1987-08-23T07:00Z,Colorado Springs,CO,USA,,1,Center,C,Center,,2439,,,2,Inactive,inactive,,,,false
2008,5641,d4785b41-9d7c-0eee-3cb8-d15cb2a7147c,s:40~l:54~a:5641,sequoia-holmes,basketball,Sequoia,Holmes,Sequoia Holmes,Sequoia Holmes,S. Holmes,73.0,"6' 1""",161.0,161 lbs,32,1986-06-13T07:00Z,Las Vegas,NV,USA,,0,Not Available,NA,Not Available,,,,,2,Inactive,inactive,,,,false
2008,5665,c5ff768c-a225-62d6-2efd-65ce27116b07,s:40~l:54~a:5665,samantha-scull,basketball,Samantha,Scull,Samantha Scull,Samantha Scull,S. Scull,,,,,,,,,,,0,Not Available,NA,Not Available,,,,,2,Inactive,inactive,,,,false
2008,5666,4162baf7-e890-7f49-b21e-b16f4e8ea1d1,s:40~l:54~a:5666,rachel-bennett,basketball,Rachel,Bennett,Rachel Bennett,Rachel Bennett,R. Bennett,,,,,,,,,,,3,Guard,G,Guard,,2309,,,2,Inactive,inactive,,,,false
2008,5672,725a4aa1-3caf-72ef-faa5-87837b3cc7e3,s:40~l:54~a:5672,olivia-terry,basketball,Olivia,Terry,Olivia Terry,Olivia Terry,O. Terry,,,,,,,,,,,0,Not Available,NA,Not Available,,,,,2,Inactive,inactive,,,,false
2008,5678,7d4ff17a-9ce2-60a3-110a-1c6f66f5f6f6,s:40~l:54~a:5678,lindsey-goldsberry,basketball,Lindsey,Goldsberry,Lindsey Goldsberry,Lindsey Goldsberry,L. Goldsberry,,,,,,,,,,3  ,3,Guard,G,Guard,,189,,,2,Inactive,inactive,,,,false
2008,5681,74f36448-65d0-9d42-c53b-442b1d13a0cc,s:40~l:54~a:5681,tamera-young,basketball,Tamera,Young,Tamera Young,Tamera Young,T. Young,74.0,"6' 2""",170.0,170 lbs,34,1986-10-30T08:00Z,Wilmington,NC,USA,,0,Not Available,NA,Not Available,256,,,,2,Inactive,inactive,,,,false
2008,5682,38e5c5c6-03f8-5d08-3a11-13a17e5ce838,s:40~l:54~a:5682,jasmin-lawrence,basketball,Jasmin,Lawrence,Jasmin Lawrence,Jasmin Lawrence,J. Lawrence,,,,,,,,,,,3,Guard,G,Guard,,256,,,2,Inactive,inactive,,,,false
2008,5683,a9b35af0-02d6-5b9f-adf6-df2fb3b183c4,s:40~l:54~a:5683,kisha-stokes,basketball,Kisha,Stokes,Kisha Stokes,Kisha Stokes,K. Stokes,,,,,,,,,,1  ,2,Forward,F,Forward,,256,,,2,Inactive,inactive,,,,false
2008,5684,9eb22720-b714-64d6-fe37-677c1147ef37,s:40~l:54~a:5684,jazzmin-walters,basketball,Jazzmin,Walters,Jazzmin Walters,Jazzmin Walters,J. Walters,,,,,,,,,,4  ,3,Guard,G,Guard,,295,,,2,Inactive,inactive,,,,false
2008,5685,da4a55ca-acb5-6296-45b6-91e8c74b8be5,s:40~l:54~a:5685,monique-lee,basketball,Monique,Lee,Monique Lee,Monique Lee,M. Lee,,,,,,,,,,,0,Not Available,NA,Not Available,,,,,2,Inactive,inactive,,,,false
2008,5688,a4f07815-cff1-59e3-d3a0-e9a04b85ff8d,s:40~l:54~a:5688,erin-kerner,basketball,Erin,Kerner,Erin Kerner,Erin Kerner,E. Kerner,,,,,,,,,,,3,Guard,G,Guard,,2514,,,2,Inactive,inactive,,,,false
2008,5689,b89b3a52-341f-dd9e-07cd-8c0ea4ebb0bf,s:40~l:54~a:5689,brianna-rooney,basketball,Brianna,Rooney,Brianna Rooney,Brianna Rooney,B. Rooney,,,,,,,,,,,3,Guard,G,Guard,,2514,,,2,Inactive,inactive,,,,false
2008,5694,d3327b62-7e4a-292b-d93b-f77c3fb12d34,s:40~l:54~a:5694,shuteamia-brayboy,basketball,Shuteamia,Brayboy,Shuteamia Brayboy,Shuteamia Brayboy,S. Brayboy,,,,,,,,,,,0,Not Available,NA,Not Available,,,,,2,Inactive,inactive,,,,false
2008,5700,39dbfb7f-17d0-a4ed-bc83-549149a0d068,s:40~l:54~a:5700,jessica-bryant,basketball,Jessica,Bryant,Jessica Bryant,Jessica Bryant,J. Bryant,,,,,,,,,,,0,Not Available,NA,Not Available,,,,,2,Inactive,inactive,,,,false
2008,5702,66e81670-c480-c83e-2f6c-e11c076582f8,s:40~l:54~a:5702,mandy-pennewell,basketball,Mandy,Pennewell,Mandy Pennewell,Mandy Pennewell,M. Pennewell,,,,,,,,,,,3,Guard,G,Guard,,2514,,,2,Inactive,inactive,,,,false
2008,5705,1c65cc7b-d496-cf6a-1905-dffd61b94e18,s:40~l:54~a:5705,rebekah-parker,basketball,Rebekah,Parker,Rebekah Parker,Rebekah Parker,R. Parker,,,,,,,,,,,0,Not Available,NA,Not Available,,,,,2,Inactive,inactive,,,,false
2008,5708,5c4036f7-95d8-90ee-2f13-8c94755b3881,s:40~l:54~a:5708,kaitlin-sowinski,basketball,Kaitlin,Sowinski,Kaitlin Sowinski,Kaitlin Sowinski,K. Sowinski,,,,,,,,,,,1,Center,C,Center,,2529,,,2,Inactive,inactive,,,,false
2008,5711,21833cf5-d4e6-73e7-85fb-637f535326a3,s:40~l:54~a:5711,courtney-felke,basketball,Courtney,Felke,Courtney Felke,Courtney Felke,C. Felke,,,,,,,,,,,0,Not Available,NA,Not Available,,,,,2,Inactive,inactive,,,,false
2008,5714,956399f2-d69a-1396-bda8-be96343db207,s:40~l:54~a:5714,laura-povilonyte,basketball,Laura,Povilonyte,Laura Povilonyte,Laura Povilonyte,L. Povilonyte,,,,,,,,,,,2,Forward,F,Forward,,2241,,,2,Inactive,inactive,,,,false
2008,5717,9e3d2d9f-754d-b56f-5339-46e9bddad85d,s:40~l:54~a:5717,robyn-jennings,basketball,Robyn,Jennings,Robyn Jennings,Robyn Jennings,R. Jennings,,,,,,,,,,,2,Forward,F,Forward,,339,,,2,Inactive,inactive,,,,false
2008,5722,52cac16b-d277-8b50-aba9-15bb96869ec0,s:40~l:54~a:5722,ashley-austin,basketball,Ashley,Austin,Ashley Austin,Ashley Austin,A. Austin,,,,,,,,,,,3,Guard,G,Guard,,339,,,2,Inactive,inactive,,,,false
2008,5724,388dfb9e-6fd0-bf20-287b-88ad3838f99e,s:40~l:54~a:5724,shannon-novosel,basketball,Shannon,Novosel,Shannon Novosel,Shannon Novosel,S. Novosel,,,,,,,,,,,1,Center,C,Center,,339,,,2,Inactive,inactive,,,,false
2008,5727,693df3e0-85ad-de98-9d06-886523c49506,s:40~l:54~a:5727,breana-cox,basketball,Breana,Cox,Breana Cox,Breana Cox,B. Cox,,,,,,,,,,,1,Center,C,Center,,2226,,,2,Inactive,inactive,,,,false
2008,5731,615cd0de-851b-8616-01ae-00a4cac75937,s:40~l:54~a:5731,sherell-neal,basketball,Sherell,Neal,Sherell Neal,Sherell Neal,S. Neal,,,,,,,,,,,2,Forward,F,Forward,,166,,,2,Inactive,inactive,,,,false
2008,5734,75629215-2245-22de-6bab-d5319a4d32b4,s:40~l:54~a:5734,katreem-palmer,basketball,Katreem,Palmer,Katreem Palmer,Katreem Palmer,K. Palmer,,,,,,,,,,,0,Not Available,NA,Not Available,,,,,2,Inactive,inactive,,,,false
2008,5736,7d195671-b392-8b55-cb27-6b15b1aa853d,s:40~l:54~a:5736,raquel-collier,basketball,Raquel,Collier,Raquel Collier,Raquel Collier,R. Collier,,,,,,,,,,,0,Not Available,NA,Not Available,,,,,2,Inactive,inactive,,,,false
2008,5737,7e9e1194-dcb8-a098-d62a-6449ac256810,s:40~l:54~a:5737,jameka-smith,basketball,Jameka,Smith,Jameka Smith,Jameka Smith,J. Smith,,,,,,,,,,21 ,3,Guard,G,Guard,,2169,,,2,Inactive,inactive,,,,false
2008,5738,5364f900-187f-0ae1-8f15-6a3e13705e16,s:40~l:54~a:5738,ashlee-burbage,basketball,Ashlee,Burbage,Ashlee Burbage,Ashlee Burbage,A. Burbage,,,,,,,,,,,0,Not Available,NA,Not Available,,,,,2,Inactive,inactive,,,,false
2008,5740,e1cc8d5b-5a05-2974-99a9-493e5d8b74e4,s:40~l:54~a:5740,carla-denning,basketball,Carla,Denning,Carla Denning,Carla Denning,C. Denning,,,,,,,,,,,2,Forward,F,Forward,,166,,,2,Inactive,inactive,,,,false
2008,5741,ee943356-efb6-3f0e-1368-0a14a2aefc30,s:40~l:54~a:5741,tyshae-walton,basketball,Tyshae,Walton,Tyshae Walton,Tyshae Walton,T. Walton,,,,,,,,,,,3,Guard,G,Guard,,166,,,2,Inactive,inactive,,,,false
2008,5752,816d661f-c709-17b3-00ff-ef0048fc9ece,s:40~l:54~a:5752,jennifer-martin,basketball,Jennifer,Martin,Jennifer Martin,Jennifer Martin,J. Martin,,,,,,,,,,32 ,2,Forward,F,Forward,,2154,,,2,Inactive,inactive,,,,false
2008,5758,53b60006-5d62-176c-9a09-d1f42eb1cd85,s:40~l:54~a:5758,anber-cox,basketball,Anber,Cox,Anber Cox,Anber Cox,A. Cox,,,,,,,,,,,2,Forward,F,Forward,,27,,,2,Inactive,inactive,,,,false
2008,5759,2af7343b-1fcc-668b-aef1-1e4276e2a394,s:40~l:54~a:5759,whitney-warren,basketball,Whitney,Warren,Whitney Warren,Whitney Warren,W. Warren,,,,,,,,,,2  ,3,Guard,G,Guard,,2540,,,2,Inactive,inactive,,,,false
2008,5760,bd71b1b8-8d96-3258-91d9-d08bf9edbf9d,s:40~l:54~a:5760,roney-friend,basketball,Roney,Friend,Roney Friend,Roney Friend,R. Friend,,,,,,,,,,11 ,2,Forward,F,Forward,,27,,,2,Inactive,inactive,,,,false
2008,5764,0f4ac778-4e4c-4892-f138-a601ee7206f3,s:40~l:54~a:5764,kat-suderman,basketball,Kat,Suderman,Kat Suderman,Kat Suderman,K. Suderman,,,,,,,,,,42 ,2,Forward,F,Forward,,2540,,,2,Inactive,inactive,,,,false
2008,5766,f18eb5cd-742d-b637-4015-9afdb91eb099,s:40~l:54~a:5766,traci-ollendieck,basketball,Traci,Ollendieck,Traci Ollendieck,Traci Ollendieck,T. Ollendieck,,,,,,,,,,,0,Not Available,NA,Not Available,,,,,2,Inactive,inactive,,,,false
2008,5769,4050ff72-356e-fe89-644b-d4f30c19504a,s:40~l:54~a:5769,chanel-foster,basketball,Chanel,Foster,Chanel Foster,Chanel Foster,C. Foster,,,,,,,,,,42 ,3,Guard,G,Guard,,27,,,2,Inactive,inactive,,,,false
2008,5784,3a46f741-43e6-38f8-470a-c79a84d27d08,s:40~l:54~a:5784,kasey-devine,basketball,Kasey,Devine,Kasey Devine,Kasey Devine,K. Devine,,,,,,,,,,,0,Not Available,NA,Not Available,,,,,2,Inactive,inactive,,,,false
2008,5785,e54e097c-ad8f-685a-6bb0-be9a3a4ccc34,s:40~l:54~a:5785,jesyka-burks-wiley,basketball,Jesyka,Burks-Wiley,Jesyka Burks-Wiley,Jesyka Burks-Wiley,J. Burks-Wiley,,,,,,,,,,,2,Forward,F,Forward,,104,,,2,Inactive,inactive,,,,false
2008,5786,84617fc4-14b6-37be-7681-5ee9f4f12da4,s:40~l:54~a:5786,christine-kinneary,basketball,Christine,Kinneary,Christine Kinneary,Christine Kinneary,C. Kinneary,,,,,,,,,,,3,Guard,G,Guard,,104,,,2,Inactive,inactive,,,,false
2008,5787,b11b23f8-34d9-b400-673a-931632ff4460,s:40~l:54~a:5787,cheri-raffo,basketball,Cheri,Raffo,Cheri Raffo,Cheri Raffo,C. Raffo,,,,,,,,,,,0,Not Available,NA,Not Available,,,,,2,Inactive,inactive,,,,false
2008,5790,b6bfaf79-00ab-000a-d9b4-40bcba11f26b,s:40~l:54~a:5790,turquoise-mccain,basketball,Turquoise,Mccain,Turquoise Mccain,Turquoise Mccain,T. Mccain,,,,,,,,,,,3,Guard,G,Guard,,270,,,2,Inactive,inactive,,,,false
2008,5797,e6668ae1-9016-e1d9-41fd-3c60ceb8a791,s:40~l:54~a:5797,jessica-gaines,basketball,Jessica,Gaines,Jessica Gaines,Jessica Gaines,J. Gaines,,,,,,,,,,,3,Guard,G,Guard,,2617,,,2,Inactive,inactive,,,,false
2008,5799,85535e56-2c04-2013-9250-ad04619fe58b,s:40~l:54~a:5799,moriah-frazee,basketball,Moriah,Frazee,Moriah Frazee,Moriah Frazee,M. Frazee,,,,,,,,,,,2,Forward,F,Forward,,2335,,,2,Inactive,inactive,,,,false
2008,5801,e716b90c-894e-dc86-8ca0-5b72500bbc0f,s:40~l:54~a:5801,sade-cunningham,basketball,Sade,Cunningham,Sade Cunningham,Sade Cunningham,S. Cunningham,,,,,,,,,,,3,Guard,G,Guard,,2464,,,2,Inactive,inactive,,,,false
2008,5806,462c79d2-2814-fa90-9b1d-c2a12f549b8b,s:40~l:54~a:5806,rebecca-lightfoot,basketball,Rebecca,Lightfoot,Rebecca Lightfoot,Rebecca Lightfoot,R. Lightfoot,,,,,,,,,,,3,Guard,G,Guard,,2335,,,2,Inactive,inactive,,,,false
2008,5808,57ae8f61-9fe1-dcc5-ba4f-9727717e214e,s:40~l:54~a:5808,tainoisouti-lott,basketball,Tainoisouti,Lott,Tainoisouti Lott,Tainoisouti Lott,T. Lott,,,,,,,,,,31 ,2,Forward,F,Forward,,27,,,2,Inactive,inactive,,,,false
2008,5817,530f3dfe-ee32-8f7f-f9b0-84e8a99fe82b,s:40~l:54~a:5817,rachel-blunt,basketball,Rachel,Blunt,Rachel Blunt,Rachel Blunt,R. Blunt,,,,,,,,,,32 ,2,Forward,F,Forward,,2546,,,2,Inactive,inactive,,,,false
2008,5819,ffe4c556-6b57-cf5b-aae0-8413ba5364cf,s:40~l:54~a:5819,szandra-pal,basketball,Szandra,Pal,Szandra Pal,Szandra Pal,S. Pal,,,,,,,,,,13 ,3,Guard,G,Guard,,2546,,,2,Inactive,inactive,,,,false
2008,5838,897b4c16-0a11-7071-ced8-0de1da86db45,s:40~l:54~a:5838,micaela-younger,basketball,Micaela,Younger,Micaela Younger,Micaela Younger,M. Younger,,,,,,,,,,55 ,1,Center,C,Center,,2628,,,2,Inactive,inactive,,,,false
2008,5858,5b0b903e-0cd4-ae8c-b42b-e20a18a9e99b,s:40~l:54~a:5858,moni-akintunde,basketball,Moni,Akintunde,Moni Akintunde,Moni Akintunde,M. Akintunde,,,,,,,,,,,0,Not Available,NA,Not Available,,,,,2,Inactive,inactive,,,,false
2008,5860,da09b898-9089-60e2-07c2-e3bf08d6ff67,s:40~l:54~a:5860,jessica-smith,basketball,Jessica,Smith,Jessica Smith,Jessica Smith,J. Smith,,,,,,,,,,,0,Not Available,NA,Not Available,,,,,2,Inactive,inactive,,,,false
2008,5862,cbfdd02d-53ee-a812-bb09-c6c82dea342a,s:40~l:54~a:5862,lateisha-wade,basketball,Lateisha,Wade,Lateisha Wade,Lateisha Wade,L. Wade,,,,,,,,,,,0,Not Available,NA,Not Available,,,,,2,Inactive,inactive,,,,false
2008,5878,a5f544e8-5695-9346-2f18-1f5e21468761,s:40~l:54~a:5878,whitney-ward,basketball,Whitney,Ward,Whitney Ward,Whitney Ward,W. Ward,,,,,,,,,,,3,Guard,G,Guard,,2244,,,2,Inactive,inactive,,,,false
2008,5901,0a8ea174-38aa-436a-f7a5-c01a32a77f4c,s:40~l:54~a:5901,caitlin-gillard,basketball,Caitlin,Gillard,Caitlin Gillard,Caitlin Gillard,C. Gillard,,,,,,,,,,,0,Not Available,NA,Not Available,,,,,2,Inactive,inactive,,,,false
2008,5902,866c3563-f8e5-4309-a4d0-3050e6365032,s:40~l:54~a:5902,gretchen-polinski,basketball,Gretchen,Polinski,Gretchen Polinski,Gretchen Polinski,G. Polinski,,,,,,,,,,,3,Guard,G,Guard,,2142,,,2,Inactive,inactive,,,,false
2008,5908,2b7c3aa5-6820-0427-7f14-09390bda460d,s:40~l:54~a:5908,shevorne-martin,basketball,Shevorne,Martin,Shevorne Martin,Shevorne Martin,S. Martin,,,,,,,,,,,0,Not Available,NA,Not Available,,,,,2,Inactive,inactive,,,,false
2008,5910,d06b8e32-4460-59a3-993d-daa07518fe57,s:40~l:54~a:5910,katie-garman,basketball,Katie,Garman,Katie Garman,Katie Garman,K. Garman,,,,,,,,,,,3,Guard,G,Guard,,2142,,,2,Inactive,inactive,,,,false
2008,5911,0f04c691-61e2-b28f-813f-0cbd70ba6116,s:40~l:54~a:5911,kina-miller,basketball,Kina,Miller,Kina Miller,Kina Miller,K. Miller,,,,,,,,,,,0,Not Available,NA,Not Available,,,,,2,Inactive,inactive,,,,false
2008,5912,30220cdf-70d0-f23a-0395-335c3fff20a0,s:40~l:54~a:5912,sonora-edwards,basketball,Sonora,Edwards,Sonora Edwards,Sonora Edwards,S. Edwards,,,,,,,,,,,0,Not Available,NA,Not Available,,,,,2,Inactive,inactive,,,,false
2008,5913,3a2b8db4-a86e-d2b5-0a6a-2920676845a2,s:40~l:54~a:5913,alicia-mcdaniel,basketball,Alicia,McDaniel,Alicia McDaniel,Alicia McDaniel,A. McDaniel,,,,,,,,,,,0,Not Available,NA,Not Available,,,,,2,Inactive,inactive,,,,false
2008,5914,ce410335-fd2c-9b7d-f944-a054d8cadfeb,s:40~l:54~a:5914,onna-charles,basketball,Onna,Charles,Onna Charles,Onna Charles,O. Charles,,,,,,,,,,,0,Not Available,NA,Not Available,,,,,2,Inactive,inactive,,,,false
2008,5915,c973a70d-b3f4-8b24-c831-47983f96545f,s:40~l:54~a:5915,whitney-dunlap,basketball,Whitney,Dunlap,Whitney Dunlap,Whitney Dunlap,W. Dunlap,,,,,,,,,,5  ,3,Guard,G,Guard,,309,,,2,Inactive,inactive,,,,false
2008,5922,af918a62-292d-4a33-0645-dd61f9e4263f,s:40~l:54~a:5922,courtney-ratliff,basketball,Courtney,Ratliff,Courtney Ratliff,Courtney Ratliff,C. Ratliff,,,,,,,,,,,0,Not Available,NA,Not Available,,,,,2,Inactive,inactive,,,,false
2008,5935,d0930648-7150-e989-7599-eae4f2505dab,s:40~l:54~a:5935,amber-holt,basketball,Amber,Holt,Amber Holt,Amber Holt,A. Holt,,,,,,,,,,,0,Not Available,NA,Not Available,,,,,2,Inactive,inactive,,,,false
2008,5936,cc0ae7cd-f3c8-4641-2fad-87fee601612c,s:40~l:54~a:5936,chelsia-lymon,basketball,Chelsia,Lymon,Chelsia Lymon,Chelsia Lymon,C. Lymon,,,,,,,,,,0  ,3,Guard,G,Guard,,2393,,,2,Inactive,inactive,,,,false
2008,5940,fcb2ac8f-3721-0e42-b8bf-e145e347957a,s:40~l:54~a:5940,jokeirra-sneed,basketball,JoKeirra,Sneed,JoKeirra Sneed,JoKeirra Sneed,J. Sneed,,,,,,,,,,,0,Not Available,NA,Not Available,,,,,2,Inactive,inactive,,,,false
2008,5941,7e52080b-31d4-9ff7-7e95-2b844649add7,s:40~l:54~a:5941,tiawana-pringle,basketball,Tiawana,Pringle,Tiawana Pringle,Tiawana Pringle,T. Pringle,,,,,,,,,,,3,Guard,G,Guard,,2348,,,2,Inactive,inactive,,,,false
2008,5957,9a1da77b-c017-d544-6cac-89d3c6c27d3f,s:40~l:54~a:5957,bethany-odell,basketball,Bethany,O'Dell,Bethany O'Dell,Bethany O'Dell,B. O'Dell,,,,,,,,,,44 ,3,Guard,G,Guard,,107,,,2,Inactive,inactive,,,,false
2008,5958,bffad2c7-77bb-13b6-dd9f-87e120a5956d,s:40~l:54~a:5958,briana-mcfadden,basketball,Briana,McFadden,Briana McFadden,Briana McFadden,B. McFadden,,,,,,,,,,14 ,3,Guard,G,Guard,,107,,,2,Inactive,inactive,,,,false
2008,5959,5bf2b5c9-949a-f806-ca86-46738a2f3ca6,s:40~l:54~a:5959,joy-cheek,basketball,Joy,Cheek,Joy Cheek,Joy Cheek,J. Cheek,,,,,,,,,,,2,Forward,F,Forward,,150,,,2,Inactive,inactive,,,,false
2008,5964,b598a6c4-1147-9105-2486-9dbe0191f431,s:40~l:54~a:5964,tayana-carper,basketball,Tayana,Carper,Tayana Carper,Tayana Carper,T. Carper,,,,,,,,,,11 ,2,Forward,F,Forward,,107,,,2,Inactive,inactive,,,,false
2008,5985,8be7ce59-e319-349b-3132-253481bcc692,s:40~l:54~a:5985,juanise-cornell,basketball,Juanise,Cornell,Juanise Cornell,Juanise Cornell,J. Cornell,,,,,,,,,,,2,Forward,F,Forward,,36,,,2,Inactive,inactive,,,,false
2008,5987,2f2b4a87-e827-25b4-dc47-4dde648e1791,s:40~l:54~a:5987,sara-hunter,basketball,Sara,Hunter,Sara Hunter,Sara Hunter,S. Hunter,,,,,,,,,,,0,Not Available,NA,Not Available,,,,,2,Inactive,inactive,,,,false
2008,5993,8d97f00d-5f0e-9c7a-8d0f-edd85385f45a,s:40~l:54~a:5993,hanna-reising,basketball,Hanna,Reising,Hanna Reising,Hanna Reising,H. Reising,,,,,,,,,,32 ,2,Forward,F,Forward,,2473,,,2,Inactive,inactive,,,,false
2008,5996,d8b3a1d1-a323-f3b9-2ea3-cac431f00823,s:40~l:54~a:5996,melissa-jeltema,basketball,Melissa,Jeltema,Melissa Jeltema,Melissa Jeltema,M. Jeltema,,,,,,,,,,10 ,3,Guard,G,Guard,,2473,,,2,Inactive,inactive,,,,false
2008,6001,d393fc68-6a9f-6035-eae1-bfed3c4aead6,s:40~l:54~a:6001,amy-beggin,basketball,Amy,Beggin,Amy Beggin,Amy Beggin,A. Beggin,,,,,,,,,,10 ,3,Guard,G,Guard,,167,,,2,Inactive,inactive,,,,false
2008,6008,d6006aa5-43e2-e536-d594-82db05367d8d,s:40~l:54~a:6008,khalia-cain,basketball,Khalia,Cain,Khalia Cain,Khalia Cain,K. Cain,,,,,,,,,,,3,Guard,G,Guard,,2529,,,2,Inactive,inactive,,,,false
2008,6027,caf812c2-12ac-a5b6-c68a-d1e49e6869c8,s:40~l:54~a:6027,sade-morris,basketball,Sade,Morris,Sade Morris,Sade Morris,S. Morris,,,,,,,,,,,3,Guard,G,Guard,,2305,,,2,Inactive,inactive,,,,false
2008,6043,1e8faa50-e841-cced-0aec-dd03d9bebcec,s:40~l:54~a:6043,ela-mukosiej,basketball,Ela,Mukosiej,Ela Mukosiej,Ela Mukosiej,E. Mukosiej,,,,,,,,,,,0,Not Available,NA,Not Available,,,,,2,Inactive,inactive,,,,false
2008,6060,9a72f19c-57dc-e4ad-b90b-4421e7a9e531,s:40~l:54~a:6060,carla-jacobs,basketball,Carla,Jacobs,Carla Jacobs,Carla Jacobs,C. Jacobs,,,,,,,,,,,3,Guard,G,Guard,,2132,,,2,Inactive,inactive,,,,false
2008,6065,ef3aba74-7d82-b45b-0c2b-da49cfa69ad8,s:40~l:54~a:6065,jenna-schone,basketball,Jenna,Schone,Jenna Schone,Jenna Schone,J. Schone,,,,,,,,,,,3,Guard,G,Guard,,193,,,2,Inactive,inactive,,,,false
2008,6066,378f8f27-9668-f39e-025c-7169182dc65c,s:40~l:54~a:6066,ashley-hawkins,basketball,Ashley,Hawkins,Ashley Hawkins,Ashley Hawkins,A. Hawkins,,,,,,,,,,,3,Guard,G,Guard,,193,,,2,Inactive,inactive,,,,false
2008,6070,606ee583-5886-02ba-dbc4-9e5e6ac533b2,s:40~l:54~a:6070,lauren-stephenson,basketball,Lauren,Stephenson,Lauren Stephenson,Lauren Stephenson,L. Stephenson,,,,,,,,,,,0,Not Available,NA,Not Available,,,,,2,Inactive,inactive,,,,false
2008,6073,a62e8ad4-8ed1-aaf5-823f-e0e3a99748d3,s:40~l:54~a:6073,quintana-ward,basketball,Quintana,Ward,Quintana Ward,Quintana Ward,Q. Ward,,,,,,,,,,,0,Not Available,NA,Not Available,,,,,2,Inactive,inactive,,,,false
2008,6077,931bfc41-a4e5-f50e-3e8e-a583adffb3ef,s:40~l:54~a:6077,laura-markwood,basketball,Laura,Markwood,Laura Markwood,Laura Markwood,L. Markwood,,,,,,,,,,,0,Not Available,NA,Not Available,,,,,2,Inactive,inactive,,,,false
2008,6078,dd47b468-8b2d-eaf4-5ce0-a23bc7ad8999,s:40~l:54~a:6078,courtney-reed,basketball,Courtney,Reed,Courtney Reed,Courtney Reed,C. Reed,,,,,,,,,,,3,Guard,G,Guard,,193,,,2,Inactive,inactive,,,,false
2008,6079,cafbbcc5-1027-c571-b304-a624b5e5f5b4,s:40~l:54~a:6079,stephanie-ford,basketball,Stephanie,Ford,Stephanie Ford,Stephanie Ford,S. Ford,,,,,,,,,,,1,Center,C,Center,,193,,,2,Inactive,inactive,,,,false
2008,6084,28d422e2-1674-f20c-3b7a-4ab803e3095d,s:40~l:54~a:6084,lauren-hmiel,basketball,Lauren,Hmiel,Lauren Hmiel,Lauren Hmiel,L. Hmiel,,,,,,,,,,,3,Guard,G,Guard,,195,,,2,Inactive,inactive,,,,false
2008,6085,7cf4ca3e-e94b-a1e2-f498-794896f6970e,s:40~l:54~a:6085,riana-miller,basketball,Riana,Miller,Riana Miller,Riana Miller,R. Miller,,,,,,,,,,,0,Not Available,NA,Not Available,,,,,2,Inactive,inactive,,,,false
2008,6087,3e48b46e-6613-02a8-8e7c-9e40c0a46116,s:40~l:54~a:6087,chandra-myers,basketball,Chandra,Myers,Chandra Myers,Chandra Myers,C. Myers,,,,,,,,,,,1,Center,C,Center,,195,,,2,Inactive,inactive,,,,false
2008,6092,f57285b1-b608-681b-12ae-b1a50d7c0b59,s:40~l:54~a:6092,simone-redd,basketball,Simone,Redd,Simone Redd,Simone Redd,S. Redd,,,,,,,,,,,0,Not Available,NA,Not Available,,,,,2,Inactive,inactive,,,,false
2008,6094,e046f3eb-c272-00ae-bd96-13d1fdaadd43,s:40~l:54~a:6094,britni-houghton,basketball,Britni,Houghton,Britni Houghton,Britni Houghton,B. Houghton,,,,,,,,,,,3,Guard,G,Guard,,2117,,,2,Inactive,inactive,,,,false
2008,6095,c9ba1e73-688c-f8ad-846b-3e9992f690ce,s:40~l:54~a:6095,candace-wilson,basketball,Candace,Wilson,Candace Wilson,Candace Wilson,C. Wilson,,,,,,,,,,,0,Not Available,NA,Not Available,,,,,2,Inactive,inactive,,,,false
2008,6097,aeb86930-1cfb-08e1-d8ba-35dc732a5c63,s:40~l:54~a:6097,stacey-verhoff,basketball,Stacey,Verhoff,Stacey Verhoff,Stacey Verhoff,S. Verhoff,,,,,,,,,,,0,Not Available,NA,Not Available,,,,,2,Inactive,inactive,,,,false
2008,6100,40e68e2d-a475-871f-f923-3ef1b3da1ad8,s:40~l:54~a:6100,alyssa-pittman,basketball,Alyssa,Pittman,Alyssa Pittman,Alyssa Pittman,A. Pittman,,,,,,,,,,,3,Guard,G,Guard,,2086,,,2,Inactive,inactive,,,,false
2008,6101,e286798d-4b30-ed45-99a4-2f80c8f8b6bd,s:40~l:54~a:6101,amber-harris,basketball,Amber,Harris,Amber Harris,Amber Harris,A. Harris,,,,,,,,,,11 ,2,Forward,F,Forward,,2752,,,2,Inactive,inactive,,,,false
2008,6102,34613fef-2624-ba00-0ee7-3c49d0ad5319,s:40~l:54~a:6102,allie-clifton,basketball,Allie,Clifton,Allie Clifton,Allie Clifton,A. Clifton,,,,,,,,,,,2,Forward,F,Forward,,2649,,,2,Inactive,inactive,,,,false
2008,6103,33e3b21d-19fe-18ed-ac28-a9417f20d5be,s:40~l:54~a:6103,tayani-clark,basketball,Ta'Yani,Clark,Ta'Yani Clark,Ta'Yani Clark,T. Clark,,,,,,,,,,,0,Not Available,NA,Not Available,,,,,2,Inactive,inactive,,,,false
2008,6107,bab898b8-9176-4f61-724f-e5bdad32e204,s:40~l:54~a:6107,tiera-delahoussaye,basketball,Tiera,DeLaHoussaye,Tiera DeLaHoussaye,Tiera DeLaHoussaye,T. DeLaHoussaye,,,,,,,,,,,3,Guard,G,Guard,,2711,,,2,Inactive,inactive,,,,false
2008,6110,52367255-bcbc-eaa1-15e8-fa33aaceca09,s:40~l:54~a:6110,latisha-luckett,basketball,Latisha,Luckett,Latisha Luckett,Latisha Luckett,L. Luckett,,,,,,,,,,,3,Guard,G,Guard,,2117,,,2,Inactive,inactive,,,,false
2008,6111,483a74bc-15d6-31ed-d8ed-dfe9de200cf2,s:40~l:54~a:6111,angel-chan,basketball,Angel,Chan,Angel Chan,Angel Chan,A. Chan,,,,,,,,,,,3,Guard,G,Guard,,2117,,,2,Inactive,inactive,,,,false
2008,6112,a0680d12-d478-eda9-664f-0131c280e1f1,s:40~l:54~a:6112,amanda-parker,basketball,Amanda,Parker,Amanda Parker,Amanda Parker,A. Parker,,,,,,,,,,,2,Forward,F,Forward,,2711,,,2,Inactive,inactive,,,,false
2008,6115,1420b29f-db66-ea55-0dc4-877f9dd5666a,s:40~l:54~a:6115,kivilcim-yamanoglu,basketball,Kivilcim,Yamanoglu,Kivilcim Yamanoglu,Kivilcim Yamanoglu,K. Yamanoglu,,,,,,,,,,,0,Not Available,NA,Not Available,,,,,2,Inactive,inactive,,,,false
2008,6116,7f5a6356-dccb-30d8-be98-64f9edbebd0e,s:40~l:54~a:6116,jerri-taylor,basketball,Jerri,Taylor,Jerri Taylor,Jerri Taylor,J. Taylor,,,,,,,,,,24 ,3,Guard,G,Guard,,2752,,,2,Inactive,inactive,,,,false
2008,6118,cdb07144-a0b5-ada0-3179-71c7e9c0e9fd,s:40~l:54~a:6118,nacole-stocks,basketball,Nacole,Stocks,Nacole Stocks,Nacole Stocks,N. Stocks,,,,,,,,,,,0,Not Available,NA,Not Available,,,,,2,Inactive,inactive,,,,false
2008,6119,a8367653-e3e7-1dca-ea99-9861cd19547b,s:40~l:54~a:6119,tamesha-scotton,basketball,Tamesha,Scotton,Tamesha Scotton,Tamesha Scotton,T. Scotton,,,,,,,,,,,0,Not Available,NA,Not Available,,,,,2,Inactive,inactive,,,,false
2008,6120,78578c98-ba92-29cf-99cc-7a1c123edc46,s:40~l:54~a:6120,kelly-watts,basketball,Kelly,Watts,Kelly Watts,Kelly Watts,K. Watts,,,,,,,,,,,2,Forward,F,Forward,,2674,,,2,Inactive,inactive,,,,false
2008,6121,1bac98d2-cdfe-9d2c-dc8f-1fa3eafb96d9,s:40~l:54~a:6121,molly-dwyer,basketball,Molly,Dwyer,Molly Dwyer,Molly Dwyer,M. Dwyer,,,,,,,,,,,3,Guard,G,Guard,,2711,,,2,Inactive,inactive,,,,false
2008,6123,a1f5c3d6-93a0-056d-5620-3d96e0689bb4,s:40~l:54~a:6123,colleen-russell,basketball,Colleen,Russell,Colleen Russell,Colleen Russell,C. Russell,,,,,,,,,,,0,Not Available,NA,Not Available,,,,,2,Inactive,inactive,,,,false
2008,6127,4c4e20f4-af0a-3a86-e02c-72312e9d6e67,s:40~l:54~a:6127,amber-land,basketball,Amber,Land,Amber Land,Amber Land,A. Land,,,,,,,,,,,2,Forward,F,Forward,,2199,,,2,Inactive,inactive,,,,false
2008,6128,c4af27b0-7d6b-9db0-6309-4e436c00acdd,s:40~l:54~a:6128,lisa-johnson,basketball,Lisa,Johnson,Lisa Johnson,Lisa Johnson,L. Johnson,,,,,,,,,,,2,Forward,F,Forward,,2649,,,2,Inactive,inactive,,,,false
2008,6131,7d5d09ad-91b1-f841-2928-f0bb4c07241c,s:40~l:54~a:6131,lakeisha-eaddy,basketball,LaKeisha,Eaddy,LaKeisha Eaddy,LaKeisha Eaddy,L. Eaddy,,,,,,,,,,10 ,3,Guard,G,Guard,,218,,,2,Inactive,inactive,,,,false
2008,6132,4f545404-a73f-5ff4-9347-ef66705ab914,s:40~l:54~a:6132,pam-rosanio,basketball,Pam,Rosanio,Pam Rosanio,Pam Rosanio,P. Rosanio,,,,,,,,,,,0,Not Available,NA,Not Available,,,,,2,Inactive,inactive,,,,false
2008,6133,c73e1d3b-0d8e-d647-fa0a-c8bc0625aaa3,s:40~l:54~a:6133,kate-mills,basketball,Kate,Mills,Kate Mills,Kate Mills,K. Mills,,,,,,,,,,,0,Not Available,NA,Not Available,,,,,2,Inactive,inactive,,,,false
2008,6134,02cc865c-bdf7-b229-44cd-570a7745440d,s:40~l:54~a:6134,alisha-tatham,basketball,Alisha,Tatham,Alisha Tatham,Alisha Tatham,A. Tatham,,,,,,,,,,,0,Not Available,NA,Not Available,,,,,2,Inactive,inactive,,,,false
2008,6135,91403e2e-6208-3e29-9e68-4c5275fe92ed,s:40~l:54~a:6135,kim-benton,basketball,Kim,Benton,Kim Benton,Kim Benton,K. Benton,,,,,,,,,,,3,Guard,G,Guard,,113,,,2,Inactive,inactive,,,,false
2008,6137,46ccc625-7cfe-3dbd-1e27-f19f239e2d1c,s:40~l:54~a:6137,danyiell-mckeller,basketball,Danyiell,McKeller,Danyiell McKeller,Danyiell McKeller,D. McKeller,,,,,,,,,,,2,Forward,F,Forward,,2247,,,2,Inactive,inactive,,,,false
2008,6139,9c6bcc15-77b7-e728-e71d-0ae13b1397a1,s:40~l:54~a:6139,brittany-hollins,basketball,Brittany,Hollins,Brittany Hollins,Brittany Hollins,B. Hollins,,,,,,,,,,,3,Guard,G,Guard,,2247,,,2,Inactive,inactive,,,,false
2008,6140,5244c8b0-4812-4232-5cd8-39fb0b096d66,s:40~l:54~a:6140,sahsha-taylor,basketball,Sahsha,Taylor,Sahsha Taylor,Sahsha Taylor,S. Taylor,,,,,,,,,,,2,Forward,F,Forward,,350,,,2,Inactive,inactive,,,,false
2008,6141,6b21288a-f0e9-7e91-a5bf-bff99b92fef9,s:40~l:54~a:6141,greta-luksyte,basketball,Greta,Luksyte,Greta Luksyte,Greta Luksyte,G. Luksyte,,,,,,,,,,,3,Guard,G,Guard,,350,,,2,Inactive,inactive,,,,false
2008,6149,fad0f75b-708c-bb9d-3866-9d30daac6a26,s:40~l:54~a:6149,devin-james,basketball,Devin,James,Devin James,Devin James,D. James,,,,,,,,,,,0,Not Available,NA,Not Available,,,,,2,Inactive,inactive,,,,false
2008,6150,19dbbaad-d93e-52a1-8c4b-b5912e86ace3,s:40~l:54~a:6150,kyra-kaylor,basketball,Kyra,Kaylor,Kyra Kaylor,Kyra Kaylor,K. Kaylor,,,,,,,,,,,0,Not Available,NA,Not Available,,,,,2,Inactive,inactive,,,,false
2008,6151,ea265ff5-2669-d94a-b51b-098e34ec7841,s:40~l:54~a:6151,tiffany-benson,basketball,Tiffany,Benson,Tiffany Benson,Tiffany Benson,T. Benson,,,,,,,,,,,2,Forward,F,Forward,,2729,,,2,Inactive,inactive,,,,false
2008,6152,b01b7d5f-b649-eeb4-9363-f8f5a13b31a7,s:40~l:54~a:6152,courtney-portell,basketball,Courtney,Portell,Courtney Portell,Courtney Portell,C. Portell,,,,,,,,,,,3,Guard,G,Guard,,2729,,,2,Inactive,inactive,,,,false
2008,6154,bc8f0592-30bd-6d66-781e-5fb8170eefd6,s:40~l:54~a:6154,beth-troutt,basketball,Beth,Troutt,Beth Troutt,Beth Troutt,B. Troutt,,,,,,,,,,,2,Forward,F,Forward,,2230,,,2,Inactive,inactive,,,,false
2008,6157,359549b3-54e0-f1dd-dc07-3d7d383556b3,s:40~l:54~a:6157,annie-zopf,basketball,Annie,Zopf,Annie Zopf,Annie Zopf,A. Zopf,,,,,,,,,,,3,Guard,G,Guard,,2230,,,2,Inactive,inactive,,,,false
2008,6158,79ea3936-36f1-7949-68b0-c344f11eead3,s:40~l:54~a:6158,jenna-loschiavo,basketball,Jenna,Loschiavo,Jenna Loschiavo,Jenna Loschiavo,J. Loschiavo,,,,,,,,,,25 ,3,Guard,G,Guard,,2603,,,2,Inactive,inactive,,,,false
2008,6159,82343396-5531-66f7-c89a-1c5585cbb3db,s:40~l:54~a:6159,koren-schram,basketball,Koren,Schram,Koren Schram,Koren Schram,K. Schram,,,,,,,,,,33 ,3,Guard,G,Guard,,159,,,2,Inactive,inactive,,,,false
2008,6160,4bc7de8f-3378-afb4-7f5f-1e89a0c5464d,s:40~l:54~a:6160,tara-lapetina,basketball,Tara,Lapetina,Tara Lapetina,Tara Lapetina,T. Lapetina,,,,,,,,,,,3,Guard,G,Guard,,2325,,,2,Inactive,inactive,,,,false
2008,6162,4f42d080-6d03-95bf-b28f-26da02e9d37a,s:40~l:54~a:6162,ashley-edwards,basketball,Ashley,Edwards,Ashley Edwards,Ashley Edwards,A. Edwards,,,,,,,,,,,2,Forward,F,Forward,,179,,,2,Inactive,inactive,,,,false
2008,6163,1067b965-b012-65f3-fa37-401a0f3477c7,s:40~l:54~a:6163,dana-mitchell,basketball,Dana,Mitchell,Dana Mitchell,Dana Mitchell,D. Mitchell,,,,,,,,,,,2,Forward,F,Forward,,179,,,2,Inactive,inactive,,,,false
2008,6164,35ee9065-39bf-d066-8735-22bd097d0031,s:40~l:54~a:6164,priscilla-edwards-lloyd,basketball,Priscilla,Edwards-Lloyd,Priscilla Edwards-Lloyd,Priscilla Edwards-Lloyd,P. Edwards-Lloyd,67.0,"5' 7""",,,,,Manhattan,NY,USA,,3,Guard,G,Guard,,179,,,2,Inactive,inactive,,,,false
2008,6165,8de0e567-4537-7228-05b2-e13d4923aa84,s:40~l:54~a:6165,katelyn-murray,basketball,Katelyn,Murray,Katelyn Murray,Katelyn Murray,K. Murray,,,,,,,,,,,3,Guard,G,Guard,,179,,,2,Inactive,inactive,,,,false
2008,6166,45ea96d1-8471-e938-9c17-3511960edd9e,s:40~l:54~a:6166,kyle-dehaven,basketball,Kyle,DeHaven,Kyle DeHaven,Kyle DeHaven,K. DeHaven,,,,,,,,,,,0,Not Available,NA,Not Available,,,,,2,Inactive,inactive,,,,false
2008,6172,56cce29d-3485-72c6-cbba-3195640851b8,s:40~l:54~a:6172,brittany-ford,basketball,Brittany,Ford,Brittany Ford,Brittany Ford,B. Ford,,,,,,,,,,10 ,2,Forward,F,Forward,,2603,,,2,Inactive,inactive,,,,false
2008,6175,c83753f8-0de3-9ba1-4a31-27b4218d0422,s:40~l:54~a:6175,jade-singleton,basketball,Jade,Singleton,Jade Singleton,Jade Singleton,J. Singleton,,,,,,,,,,,0,Not Available,NA,Not Available,,,,,2,Inactive,inactive,,,,false
2008,6176,dfa774b6-1e40-8c45-5ea0-62c3b585cb0c,s:40~l:54~a:6176,jocelyn-chandler,basketball,Jocelyn,Chandler,Jocelyn Chandler,Jocelyn Chandler,J. Chandler,,,,,,,,,,,0,Not Available,NA,Not Available,,,,,2,Inactive,inactive,,,,false
2008,6177,324421c1-893b-3c4b-e4b3-51b31e729e0f,s:40~l:54~a:6177,kristi-little,basketball,Kristi,Little,Kristi Little,Kristi Little,K. Little,,,,,,,,,,,3,Guard,G,Guard,,2184,,,2,Inactive,inactive,,,,false
2008,6178,be75a687-cca0-fa9e-5cae-f3b9199b8bfb,s:40~l:54~a:6178,maggie-hennegan,basketball,Maggie,Hennegan,Maggie Hennegan,Maggie Hennegan,M. Hennegan,,,,,,,,,,,2,Forward,F,Forward,,189,,,2,Inactive,inactive,,,,false
2008,6179,241218bb-3265-1ca8-77ed-aeea9a0fcba6,s:40~l:54~a:6179,theresa-lisch,basketball,Theresa,Lisch,Theresa Lisch,Theresa Lisch,T. Lisch,,,,,,,,,,,3,Guard,G,Guard,,139,,,2,Inactive,inactive,,,,false
2008,6180,3e7e7c87-1d19-d65a-9586-a4aa6f7e1ef1,s:40~l:54~a:6180,katie-paganelli,basketball,Katie,Paganelli,Katie Paganelli,Katie Paganelli,K. Paganelli,,,,,,,,,,,3,Guard,G,Guard,,139,,,2,Inactive,inactive,,,,false
2008,6183,954037cb-76ab-b519-0dd7-87cf9daca3d3,s:40~l:54~a:6183,keri-pryor,basketball,Keri,Pryor,Keri Pryor,Keri Pryor,K. Pryor,,,,,,,,,,,3,Guard,G,Guard,,2184,,,2,Inactive,inactive,,,,false
2008,6185,6c8eb8a4-9bed-cd6f-4e18-e7fd21d80d2c,s:40~l:54~a:6185,sakera-young,basketball,Sakera,Young,Sakera Young,Sakera Young,S. Young,,,,,,,,,,,3,Guard,G,Guard,,113,,,2,Inactive,inactive,,,,false
2008,6187,428aaeca-1f51-e5cf-e4ca-5eb437e43fba,s:40~l:54~a:6187,heather-king,basketball,Heather,King,Heather King,Heather King,H. King,,,,,,,,,,,2,Forward,F,Forward,,139,,,2,Inactive,inactive,,,,false
2008,6189,61329f68-c29a-783d-aeb7-9e80950cf91a,s:40~l:54~a:6189,stefanie-gerardot,basketball,Stefanie,Gerardot,Stefanie Gerardot,Stefanie Gerardot,S. Gerardot,,,,,,,,,,,3,Guard,G,Guard,,113,,,2,Inactive,inactive,,,,false
2008,6191,0077e7ec-c8b8-5194-5174-95ca600c46fe,s:40~l:54~a:6191,becca-papach,basketball,Becca,Papach,Becca Papach,Becca Papach,B. Papach,,,,,,,,,,,2,Forward,F,Forward,,350,,,2,Inactive,inactive,,,,false
2008,6194,e9d5d8d7-2454-87ea-5cdb-7dad0a31d9f8,s:40~l:54~a:6194,shade-smith,basketball,Shade,Smith,Shade Smith,Shade Smith,S. Smith,,,,,,,,,,,0,Not Available,NA,Not Available,,,,,2,Inactive,inactive,,,,false
2008,6197,9d21e923-daf0-749c-f385-fb4f71346479,s:40~l:54~a:6197,amy-klotz,basketball,Amy,Klotz,Amy Klotz,Amy Klotz,A. Klotz,,,,,,,,,,,0,Not Available,NA,Not Available,,,,,2,Inactive,inactive,,,,false
2008,6206,7ab3d30a-dd6d-767f-78ab-1100659df74c,s:40~l:54~a:6206,sam-thompson,basketball,Sam,Thompson,Sam Thompson,Sam Thompson,S. Thompson,,,,,,,,,,,3,Guard,G,Guard,,2184,,,2,Inactive,inactive,,,,false
2008,6209,f84d6bd2-f0b0-2ee3-efcf-a55768f4f10b,s:40~l:54~a:6209,kristen-craft,basketball,Kristen,Craft,Kristen Craft,Kristen Craft,K. Craft,,,,,,,,,,,0,Not Available,NA,Not Available,,,,,2,Inactive,inactive,,,,false
2008,6210,f0c73518-2b24-d57b-b923-61ff2b94fae3,s:40~l:54~a:6210,margaret-smith,basketball,Margaret,Smith,Margaret Smith,Margaret Smith,M. Smith,,,,,,,,,,10 ,2,Forward,F,Forward,,159,,,2,Inactive,inactive,,,,false
2008,6214,0d433f93-9162-834a-7e47-f318048675b6,s:40~l:54~a:6214,whitney-mcdonald,basketball,Whitney,McDonald,Whitney McDonald,Whitney McDonald,W. McDonald,,,,,,,,,,,0,Not Available,NA,Not Available,,,,,2,Inactive,inactive,,,,false
2008,6221,cba82ca4-4e19-1902-2b6f-b3bc4b0e4c67,s:40~l:54~a:6221,chantelle-handy,basketball,Chantelle,Handy,Chantelle Handy,Chantelle Handy,C. Handy,,,,,,,,,,,3,Guard,G,Guard,,276,,,2,Inactive,inactive,,,,false
2008,6225,44b37c8b-34f6-d3ea-c397-c638df5d6a50,s:40~l:54~a:6225,ashley-thornton,basketball,Ashley,Thornton,Ashley Thornton,Ashley Thornton,A. Thornton,,,,,,,,,,,2,Forward,F,Forward,,235,,,2,Inactive,inactive,,,,false
2008,6228,b7be3d37-8293-ba74-9e9f-afe4bb7d08c0,s:40~l:54~a:6228,erica-schiefen,basketball,Erica,Schiefen,Erica Schiefen,Erica Schiefen,E. Schiefen,,,,,,,,,,,2,Forward,F,Forward,,179,,,2,Inactive,inactive,,,,false
2008,6229,048efb41-7b90-a3cf-75d7-542d7da2786d,s:40~l:54~a:6229,andrea-doneth,basketball,Andrea,Doneth,Andrea Doneth,Andrea Doneth,A. Doneth,,,,,,,,,,,3,Guard,G,Guard,,179,,,2,Inactive,inactive,,,,false
2008,6230,bbc19d7f-c4a4-da06-988d-fe3c4b169a87,s:40~l:54~a:6230,jamie-walsh,basketball,Jamie,Walsh,Jamie Walsh,Jamie Walsh,J. Walsh,,,,,,,,,,,3,Guard,G,Guard,,2325,,,2,Inactive,inactive,,,,false
2008,6231,ccf49f40-1624-65be-0cc1-710aeafbacfa,s:40~l:54~a:6231,meghan-ahl,basketball,Meghan,Ahl,Meghan Ahl,Meghan Ahl,M. Ahl,,,,,,,,,,,3,Guard,G,Guard,,2325,,,2,Inactive,inactive,,,,false
2008,6235,e2f13553-7a49-8cd7-64d3-d0ec2fe243f0,s:40~l:54~a:6235,sam-schuett,basketball,Sam,Schuett,Sam Schuett,Sam Schuett,S. Schuett,,,,,,,,,,,2,Forward,F,Forward,,156,,,2,Inactive,inactive,,,,false
2008,6236,a3d63303-222d-9fc4-e19e-abc955077d60,s:40~l:54~a:6236,kristina-voss,basketball,Kristina,Voss,Kristina Voss,Kristina Voss,K. Voss,,,,,,,,,,,1,Center,C,Center,,156,,,2,Inactive,inactive,,,,false
2008,6237,507593f2-5d29-aa55-bbc1-01d464247df2,s:40~l:54~a:6237,ally-thrall,basketball,Ally,Thrall,Ally Thrall,Ally Thrall,A. Thrall,,,,,,,,,,,0,Not Available,NA,Not Available,,,,,2,Inactive,inactive,,,,false
2008,6241,8aac8c48-9407-a459-caa5-1334a85e4f07,s:40~l:54~a:6241,jayme-sweerey,basketball,Jayme,Sweerey,Jayme Sweerey,Jayme Sweerey,J. Sweerey,,,,,,,,,,,0,Not Available,NA,Not Available,,,,,2,Inactive,inactive,,,,false
2008,6243,7981b443-a8e2-aa65-3993-9a72d775bf51,s:40~l:54~a:6243,erica-smith,basketball,Erica,Smith,Erica Smith,Erica Smith,E. Smith,,,,,,,,,,22 ,3,Guard,G,Guard,,79,,,2,Inactive,inactive,,,,false
2008,6245,a6a7d532-48a4-0990-ae6d-3c4c66d2b505,s:40~l:54~a:6245,kailey-klein,basketball,Kailey,Klein,Kailey Klein,Kailey Klein,K. Klein,,,,,,,,,,,3,Guard,G,Guard,,325,,,2,Inactive,inactive,,,,false
2008,6247,d6aa698c-d926-34fd-a4b7-c4757e71402b,s:40~l:54~a:6247,rachel-porath,basketball,Rachel,Porath,Rachel Porath,Rachel Porath,R. Porath,,,,,,,,,,30 ,3,Guard,G,Guard,,2739,,,2,Inactive,inactive,,,,false
2008,6250,3ec3439b-096f-0b63-0ba7-75bf305f0f07,s:40~l:54~a:6250,danielle-burgin,basketball,Danielle,Burgin,Danielle Burgin,Danielle Burgin,D. Burgin,,,,,,,,,,55 ,1,Center,C,Center,,2429,,,2,Inactive,inactive,,,,false
2008,6251,e07406c1-22e6-8b36-5705-8673661ecb86,s:40~l:54~a:6251,sabrina-gregory,basketball,Sabrina,Gregory,Sabrina Gregory,Sabrina Gregory,S. Gregory,,,,,,,,,,,0,Not Available,NA,Not Available,,,,,2,Inactive,inactive,,,,false
2008,6252,0c8f0cc9-f003-f846-e86a-db64af501588,s:40~l:54~a:6252,aysha-jones,basketball,Aysha,Jones,Aysha Jones,Aysha Jones,A. Jones,,,,,,,,,,22 ,3,Guard,G,Guard,,2429,,,2,Inactive,inactive,,,,false
2008,6253,fe52d544-8b73-0b63-b7fa-4e53e0208ba1,s:40~l:54~a:6253,traci-ray,basketball,Traci,Ray,Traci Ray,Traci Ray,T. Ray,,,,,,,,,,11 ,3,Guard,G,Guard,,2429,,,2,Inactive,inactive,,,,false
2008,6255,2a07eb1f-2c9b-c71a-de91-e594c2f352a9,s:40~l:54~a:6255,kara-powell,basketball,Kara,Powell,Kara Powell,Kara Powell,K. Powell,,,,,,,,,,,3,Guard,G,Guard,,257,,,2,Inactive,inactive,,,,false
2008,6258,84211231-a3f9-7746-373a-6566161e3117,s:40~l:54~a:6258,whitney-hoey,basketball,Whitney,Hoey,Whitney Hoey,Whitney Hoey,W. Hoey,,,,,,,,,,,0,Not Available,NA,Not Available,,,,,2,Inactive,inactive,,,,false
2008,6262,4d0d82ad-f056-32f5-622c-19c61bf46bf0,s:40~l:54~a:6262,katie-holzer,basketball,Katie,Holzer,Katie Holzer,Katie Holzer,K. Holzer,,,,,,,,,,,2,Forward,F,Forward,,257,,,2,Inactive,inactive,,,,false
2008,6263,9d63d125-162f-49df-a550-531e63a53ed7,s:40~l:54~a:6263,ashley-spriggs,basketball,Ashley,Spriggs,Ashley Spriggs,Ashley Spriggs,A. Spriggs,,,,,,,,,,20 ,2,Forward,F,Forward,,2429,,,2,Inactive,inactive,,,,false
2008,6264,ff8730dd-832b-5fe1-3edb-08f258aa5a58,s:40~l:54~a:6264,augustina-zygaite,basketball,Augustina,Zygaite,Augustina Zygaite,Augustina Zygaite,A. Zygaite,,,,,,,,,,,1,Center,C,Center,,257,,,2,Inactive,inactive,,,,false
2008,6265,84ba2d3e-3a0b-dce3-3f37-50c0f852db71,s:40~l:54~a:6265,erin-floyd,basketball,Erin,Floyd,Erin Floyd,Erin Floyd,E. Floyd,,,,,,,,,,10 ,2,Forward,F,Forward,,2429,,,2,Inactive,inactive,,,,false
2008,6270,7ba709ff-9406-aee0-435b-080861f7047a,s:40~l:54~a:6270,jackie-gilbert,basketball,Jackie,Gilbert,Jackie Gilbert,Jackie Gilbert,J. Gilbert,,,,,,,,,,,0,Not Available,NA,Not Available,,,,,2,Inactive,inactive,,,,false
2008,6271,122271c3-92a7-b182-b2da-54eddec84a07,s:40~l:54~a:6271,angel-roque,basketball,Angel,Roque,Angel Roque,Angel Roque,A. Roque,,,,,,,,,,,3,Guard,G,Guard,,325,,,2,Inactive,inactive,,,,false
2008,6272,e3f371e1-8f06-2bd7-1565-30d9df6b86a1,s:40~l:54~a:6272,melody-hudson,basketball,Melody,Hudson,Melody Hudson,Melody Hudson,M. Hudson,,,,,,,,,,,0,Not Available,NA,Not Available,,,,,2,Inactive,inactive,,,,false
2008,6273,14a786ca-d8c8-4186-f489-ca4520f555a2,s:40~l:54~a:6273,paris-leonard,basketball,Paris,Leonard,Paris Leonard,Paris Leonard,P. Leonard,,,,,,,,,,,3,Guard,G,Guard,,235,,,2,Inactive,inactive,,,,false
2008,6274,2f310966-08ca-93ca-64fd-0b287227140c,s:40~l:54~a:6274,lavesa-glover,basketball,Lavesa,Glover,Lavesa Glover,Lavesa Glover,L. Glover,,,,,,,,,,5  ,1,Center,C,Center,,2739,,,2,Inactive,inactive,,,,false
2008,6275,7dc5e458-2b71-3270-914d-a991ebcf65eb,s:40~l:54~a:6275,meagan-samis,basketball,Meagan,Samis,Meagan Samis,Meagan Samis,M. Samis,,,,,,,,,,,2,Forward,F,Forward,,276,,,2,Inactive,inactive,,,,false
2008,6276,98ef2bca-1082-ad11-74c0-2c2899457581,s:40~l:54~a:6276,kaci-bailey,basketball,Kaci,Bailey,Kaci Bailey,Kaci Bailey,K. Bailey,,,,,,,,,,5  ,3,Guard,G,Guard,,79,,,2,Inactive,inactive,,,,false
2008,6277,e869d67f-93c2-fbc6-8fc6-80655520e77c,s:40~l:54~a:6277,sara-cain,basketball,Sara,Cain,Sara Cain,Sara Cain,S. Cain,,,,,,,,,,,0,Not Available,NA,Not Available,,,,,2,Inactive,inactive,,,,false
2008,6280,e63455fd-f37e-8c16-98d2-3aa23dcae3d6,s:40~l:54~a:6280,kati-harty,basketball,Kati,Harty,Kati Harty,Kati Harty,K. Harty,,,,,,,,,,1  ,3,Guard,G,Guard,,2739,,,2,Inactive,inactive,,,,false
2008,6281,c3a3fb70-2ad7-4866-1277-c9b99f029de6,s:40~l:54~a:6281,megan-neuvirth,basketball,Megan,Neuvirth,Megan Neuvirth,Megan Neuvirth,M. Neuvirth,,,,,,,,,,,2,Forward,F,Forward,,156,,,2,Inactive,inactive,,,,false
2008,6282,8c95e918-3445-a260-f0e8-d444ae74ece4,s:40~l:54~a:6282,jasmine-gibson,basketball,Jasmine,Gibson,Jasmine Gibson,Jasmine Gibson,J. Gibson,,,,,,,,,,40 ,2,Forward,F,Forward,,79,,,2,Inactive,inactive,,,,false
2008,6283,c28fddd2-64ea-e75f-6a84-95a86b1118b3,s:40~l:54~a:6283,erin-templin,basketball,Erin,Templin,Erin Templin,Erin Templin,E. Templin,,,,,,,,,,25 ,2,Forward,F,Forward,,2739,,,2,Inactive,inactive,,,,false
2008,6285,8d2e4842-7370-563f-cdd4-7e161d271c07,s:40~l:54~a:6285,alyssa-hammond,basketball,Alyssa,Hammond,Alyssa Hammond,Alyssa Hammond,A. Hammond,,,,,,,,,,,3,Guard,G,Guard,,276,,,2,Inactive,inactive,,,,false
2008,6286,a74c6f6e-72b5-9c92-2f1b-ce4f1fad5b51,s:40~l:54~a:6286,alix-barnette,basketball,Alix,Barnette,Alix Barnette,Alix Barnette,A. Barnette,,,,,,,,,,,3,Guard,G,Guard,,276,,,2,Inactive,inactive,,,,false
2008,6289,815ad4c7-9c4f-fd21-9955-3d1c226938ad,s:40~l:54~a:6289,erin-pauk,basketball,Erin,Pauk,Erin Pauk,Erin Pauk,E. Pauk,,,,,,,,,,,0,Not Available,NA,Not Available,,,,,2,Inactive,inactive,,,,false
2008,6292,97e60e31-cb68-a7e1-f70d-a9a7434dcd71,s:40~l:54~a:6292,amy-wold,basketball,Amy,Wold,Amy Wold,Amy Wold,A. Wold,,,,,,,,,,,0,Not Available,NA,Not Available,,,,,2,Inactive,inactive,,,,false
2008,6296,44538cd1-36fb-c3a5-394d-b042c8b47365,s:40~l:54~a:6296,amina-njonkou,basketball,Amina,Njonkou,Amina Njonkou,Amina Njonkou,A. Njonkou,,,,,,,,,,,2,Forward,F,Forward,,12,,,2,Inactive,inactive,,,,false
2008,6298,203ec4cc-81b0-b39f-1638-25793720503c,s:40~l:54~a:6298,jessica-schloemp,basketball,Jessica,Schloemp,Jessica Schloemp,Jessica Schloemp,J. Schloemp,,,,,,,,,,,0,Not Available,NA,Not Available,,,,,2,Inactive,inactive,,,,false
2008,6300,2a837d3f-773a-c91d-2bc9-bb8109406e9f,s:40~l:54~a:6300,lauren-branson,basketball,Lauren,Branson,Lauren Branson,Lauren Branson,L. Branson,,,,,,,,,,,0,Not Available,NA,Not Available,,,,,2,Inactive,inactive,,,,false
2008,6302,acae3b0b-8714-f731-a433-255f22bed39b,s:40~l:54~a:6302,heather-karner,basketball,Heather,Karner,Heather Karner,Heather Karner,H. Karner,,,,,,,,,,,0,Not Available,NA,Not Available,,,,,2,Inactive,inactive,,,,false
2008,6303,84aea278-ea71-e161-2b72-44f7e65dcd06,s:40~l:54~a:6303,ashley-pendleton,basketball,Ashley,Pendleton,Ashley Pendleton,Ashley Pendleton,A. Pendleton,,,,,,,,,,,1,Center,C,Center,,2754,,,2,Inactive,inactive,,,,false
2008,6305,d5103856-9dbc-1905-845c-d3ee21ba43f8,s:40~l:54~a:6305,velissa-vaughn,basketball,Velissa,Vaughn,Velissa Vaughn,Velissa Vaughn,V. Vaughn,,,,,,,,,,,3,Guard,G,Guard,,2754,,,2,Inactive,inactive,,,,false
2008,6307,591bab55-e6b9-02e5-5f48-290b3b54786d,s:40~l:54~a:6307,aubri-rote,basketball,Aubri,Rote,Aubri Rote,Aubri Rote,A. Rote,,,,,,,,,,,3,Guard,G,Guard,,270,,,2,Inactive,inactive,,,,false
2008,6316,f7fa3e84-a4b5-ed6c-3d5f-988bd79c4166,s:40~l:54~a:6316,rhaya-neabors,basketball,Rhaya,Neabors,Rhaya Neabors,Rhaya Neabors,R. Neabors,,,,,,,,,,,2,Forward,F,Forward,,27,,,2,Inactive,inactive,,,,false
2008,6320,f6a6cbca-f489-31b6-1167-3b1b41636039,s:40~l:54~a:6320,kim-kreke,basketball,Kim,Kreke,Kim Kreke,Kim Kreke,K. Kreke,,,,,,,,,,,1,Center,C,Center,,2005,,,2,Inactive,inactive,,,,false
2008,6324,42a3c460-77ae-2606-b7b1-a71e74a78d24,s:40~l:54~a:6324,jodie-mcclain,basketball,Jodie,McClain,Jodie McClain,Jodie McClain,J. McClain,,,,,,,,,,,3,Guard,G,Guard,,270,,,2,Inactive,inactive,,,,false
2008,6328,e4d54288-fa6e-dbf5-f1fc-c8ce92d1c2b1,s:40~l:54~a:6328,courtney-sales,basketball,Courtney,Sales,Courtney Sales,Courtney Sales,C. Sales,,,,,,,,,,,0,Not Available,NA,Not Available,,,,,2,Inactive,inactive,,,,false
2008,6336,2df673c9-a175-7fa0-3879-5e1b0e11f059,s:40~l:54~a:6336,sierra-chambers,basketball,Sierra,Chambers,Sierra Chambers,Sierra Chambers,S. Chambers,,,,,,,,,,,3,Guard,G,Guard,,2608,,,2,Inactive,inactive,,,,false
2008,6345,f3b6009c-880b-b76d-2295-443d74992dea,s:40~l:54~a:6345,tierre-wilson,basketball,Tierre,Wilson,Tierre Wilson,Tierre Wilson,T. Wilson,,,,,,,,,,,0,Not Available,NA,Not Available,,,,,2,Inactive,inactive,,,,false
2008,6346,a139accf-23fa-ab3c-ea90-c3c465e3b5d8,s:40~l:54~a:6346,brittany-powell,basketball,Brittany,Powell,Brittany Powell,Brittany Powell,B. Powell,,,,,,,,,,,2,Forward,F,Forward,,23,,,2,Inactive,inactive,,,,false
2008,6348,89f6968b-4afd-9267-d761-967925aa16b5,s:40~l:54~a:6348,myosha-barnes,basketball,Myosha,Barnes,Myosha Barnes,Myosha Barnes,M. Barnes,,,,,,,,,,,3,Guard,G,Guard,,23,,,2,Inactive,inactive,,,,false
2008,6349,6f7da05e-5f71-dd93-e76b-3f9fdc8d3169,s:40~l:54~a:6349,alisha-hicks,basketball,Alisha,Hicks,Alisha Hicks,Alisha Hicks,A. Hicks,,,,,,,,,,,3,Guard,G,Guard,,23,,,2,Inactive,inactive,,,,false
2008,6350,bbc448f1-2ce3-33b3-01d6-8e1fc9ffc509,s:40~l:54~a:6350,natalie-white,basketball,Natalie,White,Natalie White,Natalie White,N. White,,,,,,,,,,,3,Guard,G,Guard,,23,,,2,Inactive,inactive,,,,false
2008,6354,f019b68f-1e8d-76c2-66c3-fbbfb0aa6c21,s:40~l:54~a:6354,erica-henry,basketball,Erica,Henry,Erica Henry,Erica Henry,E. Henry,,,,,,,,,,,1,Center,C,Center,,278,,,2,Inactive,inactive,,,,false
2008,6361,b72d09d7-d639-3623-a5ab-6f46a7da74e6,s:40~l:54~a:6361,tamiko-davis,basketball,Tamiko,Davis,Tamiko Davis,Tamiko Davis,T. Davis,,,,,,,,,,,2,Forward,F,Forward,,2934,,,2,Inactive,inactive,,,,false
2008,6362,442b4bd0-e346-8061-d436-adbcacc1271b,s:40~l:54~a:6362,brittane-russell,basketball,Brittane,Russell,Brittane Russell,Brittane Russell,B. Russell,,,,,,,,,,,3,Guard,G,Guard,,2099,,,2,Inactive,inactive,,,,false
2008,6363,814d843b-ab75-0599-e23e-ef92b886dc53,s:40~l:54~a:6363,amanda-cavo,basketball,Amanda,Cavo,Amanda Cavo,Amanda Cavo,A. Cavo,,,,,,,,,,,3,Guard,G,Guard,,2099,,,2,Inactive,inactive,,,,false
2008,6364,2a2a727e-edb7-fabd-5d4e-8c1c7d34b8c2,s:40~l:54~a:6364,laura-menty,basketball,Laura,Menty,Laura Menty,Laura Menty,L. Menty,,,,,,,,,,,0,Not Available,NA,Not Available,,,,,2,Inactive,inactive,,,,false
2008,6365,53e4a885-95a0-3f7f-c5a4-f65edcf156da,s:40~l:54~a:6365,heather-stec,basketball,Heather,Stec,Heather Stec,Heather Stec,H. Stec,,,,,,,,,,,2,Forward,F,Forward,,2561,,,2,Inactive,inactive,,,,false
2008,6366,cce05091-c51e-d1c1-2540-dc124186c4ae,s:40~l:54~a:6366,shondaya-burrell,basketball,Shondaya,Burrell,Shondaya Burrell,Shondaya Burrell,S. Burrell,,,,,,,,,,,3,Guard,G,Guard,,2561,,,2,Inactive,inactive,,,,false
2008,6367,1a37f5b1-889e-0ae5-fa58-5212392e2b27,s:40~l:54~a:6367,melissa-manzer,basketball,Melissa,Manzer,Melissa Manzer,Melissa Manzer,M. Manzer,,,,,,,,,,,0,Not Available,NA,Not Available,,,,,2,Inactive,inactive,,,,false
2008,6371,6a30753f-5bee-ca3f-bab7-6443d4c8826b,s:40~l:54~a:6371,liga-alpe-luka,basketball,Liga,Alpe-Luka,Liga Alpe-Luka,Liga Alpe-Luka,L. Alpe-Luka,,,,,,,,,,,0,Not Available,NA,Not Available,,,,,2,Inactive,inactive,,,,false
2008,6372,6e8d5de3-a795-d88a-75a9-012db4f83944,s:40~l:54~a:6372,brianna-lucas,basketball,Brianna,Lucas,Brianna Lucas,Brianna Lucas,B. Lucas,,,,,,,,,,,3,Guard,G,Guard,,2099,,,2,Inactive,inactive,,,,false
2008,6376,8949ecd1-df2b-03f5-7c58-4621107e783c,s:40~l:54~a:6376,nicolle-lewis,basketball,Nicolle,Lewis,Nicolle Lewis,Nicolle Lewis,N. Lewis,,,,,,,,,,31 ,1,Center,C,Center,,2287,,,2,Inactive,inactive,,,,false
2008,6377,796962b1-79d9-9243-2d97-3e131b44fcdb,s:40~l:54~a:6377,maggie-krick,basketball,Maggie,Krick,Maggie Krick,Maggie Krick,M. Krick,,,,,,,,,,32 ,3,Guard,G,Guard,,2287,,,2,Inactive,inactive,,,,false
2008,6378,3b957ec9-daf2-3928-494a-b4d41ec53ecf,s:40~l:54~a:6378,kristi-cirone,basketball,Kristi,Cirone,Kristi Cirone,Kristi Cirone,K. Cirone,,,,,,,,,,10 ,3,Guard,G,Guard,,2287,,,2,Inactive,inactive,,,,false
2008,6379,ede97fb7-629d-c130-89b1-1c10fbaeb39d,s:40~l:54~a:6379,anne-bankhead,basketball,Anne,Bankhead,Anne Bankhead,Anne Bankhead,A. Bankhead,,,,,,,,,,,0,Not Available,NA,Not Available,,,,,2,Inactive,inactive,,,,false
2008,6383,878f9be0-77de-e23c-2c5c-7091f99eb413,s:40~l:54~a:6383,kelsey-luna,basketball,Kelsey,Luna,Kelsey Luna,Kelsey Luna,K. Luna,,,,,,,,,,,3,Guard,G,Guard,,282,,,2,Inactive,inactive,,,,false
2008,6384,9d0a795b-67f3-77c3-df42-6311bcccfe05,s:40~l:54~a:6384,maria-olsthoorn,basketball,Maria,Olsthoorn,Maria Olsthoorn,Maria Olsthoorn,M. Olsthoorn,,,,,,,,,,,0,Not Available,NA,Not Available,,,,,2,Inactive,inactive,,,,false
2008,6386,8d8c3780-8024-51d2-0eb6-8d178bfcf25c,s:40~l:54~a:6386,tia-grant,basketball,Tia,Grant,Tia Grant,Tia Grant,T. Grant,,,,,,,,,,,3,Guard,G,Guard,,222,,,2,Inactive,inactive,,,,false
2008,6387,bca8e6ac-ac63-2f8c-d610-e83990805938,s:40~l:54~a:6387,maria-getty,basketball,Maria,Getty,Maria Getty,Maria Getty,M. Getty,,,,,,,,,,,3,Guard,G,Guard,,222,,,2,Inactive,inactive,,,,false
2008,6390,9eaf4704-8cd5-9e69-33fd-ca5507d4770f,s:40~l:54~a:6390,shannon-lloyd,basketball,Shannon,Lloyd,Shannon Lloyd,Shannon Lloyd,S. Lloyd,,,,,,,,,,,0,Not Available,NA,Not Available,,,,,2,Inactive,inactive,,,,false
2008,6392,a9014c85-5fca-854f-6928-251963968c6c,s:40~l:54~a:6392,lajeanna-howard,basketball,LaJeanna,Howard,LaJeanna Howard,LaJeanna Howard,L. Howard,,,,,,,,,,,3,Guard,G,Guard,,2433,,,2,Inactive,inactive,,,,false
2008,6393,643503fe-38d2-6b2d-5b84-d7412bfbd95e,s:40~l:54~a:6393,lottie-moore,basketball,Lottie,Moore,Lottie Moore,Lottie Moore,L. Moore,,,,,,,,,,,3,Guard,G,Guard,,2433,,,2,Inactive,inactive,,,,false
2008,6398,e402de3a-00d7-9eba-de82-56b0ff0d5161,s:40~l:54~a:6398,monika-bosilj,basketball,Monika,Bosilj,Monika Bosilj,Monika Bosilj,M. Bosilj,,,,,,,,,,,3,Guard,G,Guard,,2229,,,2,Inactive,inactive,,,,false
2008,6401,a0a31c53-066e-a0c7-3403-9c336fc70a49,s:40~l:54~a:6401,jesse-carrier,basketball,Jesse,Carrier,Jesse Carrier,Jesse Carrier,J. Carrier,,,,,,,,,,,3,Guard,G,Guard,,2433,,,2,Inactive,inactive,,,,false
2008,6402,a5fc8398-d450-e422-c3f7-01cf445d744e,s:40~l:54~a:6402,ashley-wallis,basketball,Ashley,Wallis,Ashley Wallis,Ashley Wallis,A. Wallis,,,,,,,,,,,2,Forward,F,Forward,,2433,,,2,Inactive,inactive,,,,false
2008,6407,bb8f2dac-534c-e809-dbf9-28885e8a10ff,s:40~l:54~a:6407,tierra-bumbrey,basketball,Tierra,Bumbrey,Tierra Bumbrey,Tierra Bumbrey,T. Bumbrey,,,,,,,,,,,3,Guard,G,Guard,,2210,,,2,Inactive,inactive,,,,false
2008,6408,03e9587f-222b-ae75-630c-a637af6c25a5,s:40~l:54~a:6408,nicole-allison,basketball,Nicole,Allison,Nicole Allison,Nicole Allison,N. Allison,,,,,,,,,,,0,Not Available,NA,Not Available,,,,,2,Inactive,inactive,,,,false
2008,6410,7c0a2294-8f93-7629-00e4-7edd97734420,s:40~l:54~a:6410,amber-wall,basketball,Amber,Wall,Amber Wall,Amber Wall,A. Wall,,,,,,,,,,,2,Forward,F,Forward,,2210,,,2,Inactive,inactive,,,,false
2008,6412,14f88ee3-f6cf-b4f0-91c0-000a52aea4a3,s:40~l:54~a:6412,asheley-harkins,basketball,Asheley,Harkins,Asheley Harkins,Asheley Harkins,A. Harkins,,,,,,,,,,,3,Guard,G,Guard,,2309,,,2,Inactive,inactive,,,,false
2008,6414,0acba5ee-d2ce-94a8-4f88-bd20f0aa3c21,s:40~l:54~a:6414,kendra-holman,basketball,Kendra,Holman,Kendra Holman,Kendra Holman,K. Holman,,,,,,,,,,,3,Guard,G,Guard,,2117,,,2,Inactive,inactive,,,,false
2008,6415,96c62fdb-81b3-d1d4-2d62-ad241de56ac7,s:40~l:54~a:6415,tiffany-davis,basketball,Tiffany,Davis,Tiffany Davis,Tiffany Davis,T. Davis,,,,,,,,,,,3,Guard,G,Guard,,2210,,,2,Inactive,inactive,,,,false
2008,6416,49a8a449-5bb3-4d7a-2f18-302396db421f,s:40~l:54~a:6416,tara-breske,basketball,Tara,Breske,Tara Breske,Tara Breske,T. Breske,,,,,,,,,,30 ,2,Forward,F,Forward,,189,,,2,Inactive,inactive,,,,false
2008,6417,6322fade-b277-98d7-b674-d59424a0f097,s:40~l:54~a:6417,brittany-frazier,basketball,Brittany,Frazier,Brittany Frazier,Brittany Frazier,B. Frazier,,,,,,,,,,,2,Forward,F,Forward,,2430,,,2,Inactive,inactive,,,,false
2008,6418,16324f15-8631-e60b-28d5-beafcb11e0f6,s:40~l:54~a:6418,urysla-cotton,basketball,Urysla,Cotton,Urysla Cotton,Urysla Cotton,U. Cotton,,,,,,,,,,,2,Forward,F,Forward,,2210,,,2,Inactive,inactive,,,,false
2008,6419,24926dca-263a-7c9e-0a32-e7da2d4bae78,s:40~l:54~a:6419,shamica-spears,basketball,Shamica,Spears,Shamica Spears,Shamica Spears,S. Spears,,,,,,,,,,,0,Not Available,NA,Not Available,,,,,2,Inactive,inactive,,,,false
2008,6421,b8df25b5-9ea0-8ad2-e765-22b8585fc5b6,s:40~l:54~a:6421,kemena-brooks,basketball,Kemena,Brooks,Kemena Brooks,Kemena Brooks,K. Brooks,,,,,,,,,,,0,Not Available,NA,Not Available,,,,,2,Inactive,inactive,,,,false
2008,6424,887425b2-124a-0fa0-ce60-0b14e4a74800,s:40~l:54~a:6424,lakiah-hyson,basketball,Lakiah,Hyson,Lakiah Hyson,Lakiah Hyson,L. Hyson,,,,,,,,,,,3,Guard,G,Guard,,2430,,,2,Inactive,inactive,,,,false
2008,6427,399ce14c-e67d-d6b2-178f-1f9a58e981be,s:40~l:54~a:6427,nicole-days,basketball,Nicole,Days,Nicole Days,Nicole Days,N. Days,,,,,,,,,,,0,Not Available,NA,Not Available,,,,,2,Inactive,inactive,,,,false
2008,6428,44523474-3cfe-4ddd-86f2-fb3d78267634,s:40~l:54~a:6428,jasmine-young,basketball,Jasmine,Young,Jasmine Young,Jasmine Young,J. Young,,,,,,,,,,3  ,3,Guard,G,Guard,,151,,,2,Inactive,inactive,,,,false
2008,6430,9396b667-453b-c839-20a3-6440bd4c196b,s:40~l:54~a:6430,gabriela-husarova,basketball,Gabriela,Husarova,Gabriela Husarova,Gabriela Husarova,G. Husarova,,,,,,,,,,45 ,3,Guard,G,Guard,,151,,,2,Inactive,inactive,,,,false
2008,6431,6f178eed-d235-a119-0619-2ba9c7333526,s:40~l:54~a:6431,lacoya-terry,basketball,LaCoya,Terry,LaCoya Terry,LaCoya Terry,L. Terry,,,,,,,,,,25 ,3,Guard,G,Guard,,151,,,2,Inactive,inactive,,,,false
2008,6433,9e6066c5-f16e-9cf4-f875-85b3884fed37,s:40~l:54~a:6433,lauren-cochran,basketball,Lauren,Cochran,Lauren Cochran,Lauren Cochran,L. Cochran,,,,,,,,,,5  ,1,Center,C,Center,,151,,,2,Inactive,inactive,,,,false
2008,6434,72a4ab9e-695b-e56c-3a25-67b3af26bc24,s:40~l:54~a:6434,impris-manning,basketball,Impris,Manning,Impris Manning,Impris Manning,I. Manning,,,,,,,,,,,0,Not Available,NA,Not Available,,,,,2,Inactive,inactive,,,,false
2008,6436,1fe72b98-8527-f28c-98a7-bae8f4539fc5,s:40~l:54~a:6436,heather-turner,basketball,Heather,Turner,Heather Turner,Heather Turner,H. Turner,,,,,,,,,,,0,Not Available,NA,Not Available,,,,,2,Inactive,inactive,,,,false
2008,6438,4bcbb419-c3bf-b4ba-9dc8-b34bc5e36c60,s:40~l:54~a:6438,jamie-schiebner,basketball,Jamie,Schiebner,Jamie Schiebner,Jamie Schiebner,J. Schiebner,,,,,,,,,,,2,Forward,F,Forward,,2084,,,2,Inactive,inactive,,,,false
2008,6439,e9b77027-42f8-acfc-42d2-7b8da359c431,s:40~l:54~a:6439,stephanie-bennett,basketball,Stephanie,Bennett,Stephanie Bennett,Stephanie Bennett,S. Bennett,,,,,,,,,,,0,Not Available,NA,Not Available,,,,,2,Inactive,inactive,,,,false
2008,6441,5efeeade-825a-f21c-40ad-38f608f26cd2,s:40~l:54~a:6441,ashley-zuber,basketball,Ashley,Zuber,Ashley Zuber,Ashley Zuber,A. Zuber,,,,,,,,,,,3,Guard,G,Guard,,2084,,,2,Inactive,inactive,,,,false
2008,6442,405beb29-ad42-e9d1-db71-8b3771ffbb3d,s:40~l:54~a:6442,barbora-homolova,basketball,Barbora,Homolova,Barbora Homolova,Barbora Homolova,B. Homolova,,,,,,,,,,,0,Not Available,NA,Not Available,,,,,2,Inactive,inactive,,,,false
2008,6443,cb645638-0c15-37bd-2b0c-26206b34204e,s:40~l:54~a:6443,brittney-carfora,basketball,Brittney,Carfora,Brittney Carfora,Brittney Carfora,B. Carfora,,,,,,,,,,,3,Guard,G,Guard,,171,,,2,Inactive,inactive,,,,false
2008,6447,0b8ba2c0-b06c-61f6-4408-374e89a80dbf,s:40~l:54~a:6447,lauren-benson,basketball,Lauren,Benson,Lauren Benson,Lauren Benson,L. Benson,,,,,,,,,,,3,Guard,G,Guard,,172,,,2,Inactive,inactive,,,,false
2008,6454,71c43383-499b-6a5f-323c-0d36a24f39bd,s:40~l:54~a:6454,jeomi-maduka,basketball,Jeomi,Maduka,Jeomi Maduka,Jeomi Maduka,J. Maduka,,,,,,,,,,,0,Not Available,NA,Not Available,,,,,2,Inactive,inactive,,,,false
2008,6455,dbac037c-c275-2fa9-5ec5-eb3fbe3b14ea,s:40~l:54~a:6455,danielle-browne,basketball,Danielle,Browne,Danielle Browne,Danielle Browne,D. Browne,,,,,,,,,,,3,Guard,G,Guard,,171,,,2,Inactive,inactive,,,,false
2008,6456,b8682313-5d8a-19fc-2027-8f8978e3c3e9,s:40~l:54~a:6456,sarah-ott,basketball,Sarah,Ott,Sarah Ott,Sarah Ott,S. Ott,,,,,,,,,,,2,Forward,F,Forward,,2674,,,2,Inactive,inactive,,,,false
2008,6457,94d1862d-aaaa-aad9-bade-a64d0aee4471,s:40~l:54~a:6457,agnieszka-kulaga,basketball,Agnieszka,Kulaga,Agnieszka Kulaga,Agnieszka Kulaga,A. Kulaga,,,,,,,,,,,3,Guard,G,Guard,,2674,,,2,Inactive,inactive,,,,false
2008,6459,cbb3907f-97d3-f29a-d1fa-0ade0b9e744f,s:40~l:54~a:6459,nicole-myers,basketball,Nicole,Myers,Nicole Myers,Nicole Myers,N. Myers,,,,,,,,,,,2,Forward,F,Forward,,2710,,,2,Inactive,inactive,,,,false
2008,6460,0589c0d4-eef7-df9e-c425-876fe9ffd868,s:40~l:54~a:6460,katrina-cragg,basketball,Katrina,Cragg,Katrina Cragg,Katrina Cragg,K. Cragg,,,,,,,,,,,3,Guard,G,Guard,,171,,,2,Inactive,inactive,,,,false
2008,6462,6b38d0e9-0167-6ad5-083b-32dc19809631,s:40~l:54~a:6462,sara-yee,basketball,Sara,Yee,Sara Yee,Sara Yee,S. Yee,,,,,,,,,,,3,Guard,G,Guard,,171,,,2,Inactive,inactive,,,,false
2008,6463,6accf4fd-1df1-d2aa-098a-5868eb37eb41,s:40~l:54~a:6463,gretchen-gregg,basketball,Gretchen,Gregg,Gretchen Gregg,Gretchen Gregg,G. Gregg,,,,,,,,,,,0,Not Available,NA,Not Available,,,,,2,Inactive,inactive,,,,false
2008,6465,3a7ea3a1-2694-8432-75f9-c6e8b1591559,s:40~l:54~a:6465,stephanie-lovingood,basketball,Stephanie,Lovingood,Stephanie Lovingood,Stephanie Lovingood,S. Lovingood,,,,,,,,,,,0,Not Available,NA,Not Available,,,,,2,Inactive,inactive,,,,false
2008,6466,7da5c736-3e1c-ac7c-2d4d-f6951232a22d,s:40~l:54~a:6466,jordon-obrien,basketball,Jordon,O'Brien,Jordon O'Brien,Jordon O'Brien,J. O'Brien,,,,,,,,,,,3,Guard,G,Guard,,2710,,,2,Inactive,inactive,,,,false
2008,6467,cb70394d-94f4-1306-8513-e9a67766bc17,s:40~l:54~a:6467,aimee-litka,basketball,Aimee,Litka,Aimee Litka,Aimee Litka,A. Litka,,,,,,,,,,,2,Forward,F,Forward,,2674,,,2,Inactive,inactive,,,,false
2008,6468,379ee131-9bc5-6b3d-e023-03239f319233,s:40~l:54~a:6468,launa-hochstetler,basketball,Launa,Hochstetler,Launa Hochstetler,Launa Hochstetler,L. Hochstetler,,,,,,,,,,,3,Guard,G,Guard,,2674,,,2,Inactive,inactive,,,,false
2008,6471,a91ee58d-426d-6843-13ac-edff2e486901,s:40~l:54~a:6471,caitlin-stachon,basketball,Caitlin,Stachon,Caitlin Stachon,Caitlin Stachon,C. Stachon,,,,,,,,,,,1,Center,C,Center,,171,,,2,Inactive,inactive,,,,false
2008,6472,dabea993-8f03-45b6-583c-afff9c6e851f,s:40~l:54~a:6472,jenny-gross,basketball,Jenny,Gross,Jenny Gross,Jenny Gross,J. Gross,,,,,,,,,,,0,Not Available,NA,Not Available,,,,,2,Inactive,inactive,,,,false
2008,6474,510692e7-92a9-18b3-cadc-9c0835c9d2da,s:40~l:54~a:6474,jamelah-brown,basketball,Jamelah,Brown,Jamelah Brown,Jamelah Brown,J. Brown,,,,,,,,,,,0,Not Available,NA,Not Available,,,,,2,Inactive,inactive,,,,false
2008,6475,72231671-27e9-58cb-ac25-cf9db7dfa0c8,s:40~l:54~a:6475,danyelle-snelgro,basketball,Danyelle,Snelgro,Danyelle Snelgro,Danyelle Snelgro,D. Snelgro,,,,,,,,,,,3,Guard,G,Guard,,328,,,2,Inactive,inactive,,,,false
2008,6476,1f778031-e17d-5f1b-4577-0a736de8915d,s:40~l:54~a:6476,taylor-richards,basketball,Taylor,Richards,Taylor Richards,Taylor Richards,T. Richards,,,,,,,,,,,0,Not Available,NA,Not Available,,,,,2,Inactive,inactive,,,,false
2008,6479,291e4c62-518d-b9f9-91f9-7fb4d99a1805,s:40~l:54~a:6479,nicole-johnson,basketball,Nicole,Johnson,Nicole Johnson,Nicole Johnson,N. Johnson,,,,,,,,,,,1,Center,C,Center,,328,,,2,Inactive,inactive,,,,false
2008,6481,9b0c0b5d-1b79-573e-0459-ce285d584f95,s:40~l:54~a:6481,tanae-davis-cain,basketball,Tanae,Davis-Cain,Tanae Davis-Cain,Tanae Davis-Cain,T. Davis-Cain,,,,,,,,,,20 ,3,Guard,G,Guard,,52,,,2,Inactive,inactive,,,,false
2008,6482,89d3c997-d100-adf6-09d7-5dfbf52cce6d,s:40~l:54~a:6482,jacinta-monroe,basketball,Jacinta,Monroe,Jacinta Monroe,Jacinta Monroe,J. Monroe,,,,,,,,,,50 ,2,Forward,F,Forward,,52,,,2,Inactive,inactive,,,,false
2008,6484,b207687d-ced3-7308-7bda-a133d7b643fc,s:40~l:54~a:6484,alysha-harvin,basketball,Alysha,Harvin,Alysha Harvin,Alysha Harvin,A. Harvin,,,,,,,,,,2  ,3,Guard,G,Guard,,52,,,2,Inactive,inactive,,,,false
2008,6485,82f0c3d8-e6c5-58e5-c69a-d8bd311f7c2c,s:40~l:54~a:6485,brittany-holterman,basketball,Brittany,Holterman,Brittany Holterman,Brittany Holterman,B. Holterman,,,,,,,,,,,0,Not Available,NA,Not Available,,,,,2,Inactive,inactive,,,,false
2008,6486,c383c7a7-b51d-5923-984f-e227331292fd,s:40~l:54~a:6486,nikki-oakland,basketball,Nikki,Oakland,Nikki Oakland,Nikki Oakland,N. Oakland,,,,,,,,,,,0,Not Available,NA,Not Available,,,,,2,Inactive,inactive,,,,false
2008,6490,ad9532b5-9dc5-d0ba-5a3d-a6941e2f646a,s:40~l:54~a:6490,krystal-vaughn,basketball,Krystal,Vaughn,Krystal Vaughn,Krystal Vaughn,K. Vaughn,,,,,,,,,,,0,Not Available,NA,Not Available,,,,,2,Inactive,inactive,,,,false
2008,6491,27ff849f-6f7b-ca06-dfd0-5e74eba0fd45,s:40~l:54~a:6491,quanitra-hollingsworth,basketball,Quanitra,Hollingsworth,Quanitra Hollingsworth,Quanitra Hollingsworth,Q. Hollingsworth,77.0,"6' 5""",200.0,200 lbs,27,1988-11-15T08:00Z,Chesapeake,VA,USA,,1,Center,C,Center,,2670,,,2,Inactive,inactive,,,,false
2008,6493,a9a8db37-7e68-bda0-d321-c9b92a0d0752,s:40~l:54~a:6493,lakea-jones,basketball,LaKea,Jones,LaKea Jones,LaKea Jones,L. Jones,,,,,,,,,,,3,Guard,G,Guard,,2670,,,2,Inactive,inactive,,,,false
2008,6494,68c1a784-91b7-9896-865f-ac49362dba16,s:40~l:54~a:6494,latavia-rorie,basketball,La'Tavia,Rorie,La'Tavia Rorie,La'Tavia Rorie,L. Rorie,,,,,,,,,,,3,Guard,G,Guard,,2670,,,2,Inactive,inactive,,,,false
2008,6496,517d5591-52c7-1a39-c63c-78f33de42f68,s:40~l:54~a:6496,wendy-stywalt,basketball,Wendy,Stywalt,Wendy Stywalt,Wendy Stywalt,W. Stywalt,,,,,,,,,,,3,Guard,G,Guard,,2429,,,2,Inactive,inactive,,,,false
2008,6497,c4d8d06f-4ffa-debf-63f6-0f340428c819,s:40~l:54~a:6497,jennifer-brown,basketball,Jennifer,Brown,Jennifer Brown,Jennifer Brown,J. Brown,,,,,,,,,,,2,Forward,F,Forward,,256,,,2,Inactive,inactive,,,,false
2008,6500,23fd10f7-6bad-2dd8-ad56-93ea996fba98,s:40~l:54~a:6500,karah-cloxton,basketball,Karah,Cloxton,Karah Cloxton,Karah Cloxton,K. Cloxton,,,,,,,,,,,3,Guard,G,Guard,,2168,,,2,Inactive,inactive,,,,false
2008,6506,17396e4b-d32a-85cc-5921-6ddb9ed0578f,s:40~l:54~a:6506,kendel-ross,basketball,Kendel,Ross,Kendel Ross,Kendel Ross,K. Ross,,,,,,,,,,,3,Guard,G,Guard,,2168,,,2,Inactive,inactive,,,,false
2008,6508,9c4df1d4-13c5-8663-3d3f-3fd47cc88234,s:40~l:54~a:6508,ashley-armstrong,basketball,Ashley,Armstrong,Ashley Armstrong,Ashley Armstrong,A. Armstrong,,,,,,,,,,,3,Guard,G,Guard,,2168,,,2,Inactive,inactive,,,,false
2008,6538,f3de3ea9-9659-ce90-1337-28591798c019,s:40~l:54~a:6538,lisa-rusche,basketball,Lisa,Rusche,Lisa Rusche,Lisa Rusche,L. Rusche,,,,,,,,,,,0,Not Available,NA,Not Available,,,,,2,Inactive,inactive,,,,false
2008,6539,0c191796-9a12-759a-684c-c27d3817be89,s:40~l:54~a:6539,audrey-mcdonald,basketball,Audrey,Mcdonald,Audrey Mcdonald,Audrey Mcdonald,A. Mcdonald,,,,,,,,,,33 ,3,Guard,G,Guard,,2050,,,2,Inactive,inactive,,,,false
2008,6540,c4b64693-531c-4a36-cbc4-b997c338d08b,s:40~l:54~a:6540,julie-demuth,basketball,Julie,Demuth,Julie Demuth,Julie Demuth,J. Demuth,,,,,,,,,,,0,Not Available,NA,Not Available,,,,,2,Inactive,inactive,,,,false
2008,6541,1df79a6c-f9c6-d535-c4c0-998e42afd0f5,s:40~l:54~a:6541,porchia-green,basketball,Porchia,Green,Porchia Green,Porchia Green,P. Green,,,,,,,,,,3  ,3,Guard,G,Guard,,2050,,,2,Inactive,inactive,,,,false
2008,6546,fcd255d3-9e5e-52d4-4f28-693b85447a85,s:40~l:54~a:6546,rachel-green,basketball,Rachel,Green,Rachel Green,Rachel Green,R. Green,,,,,,,,,,,2,Forward,F,Forward,,2006,,,2,Inactive,inactive,,,,false
2008,6547,92f8b046-bcdf-062f-e96b-f67fb347b8c0,s:40~l:54~a:6547,ashley-veal,basketball,Ashley,Veal,Ashley Veal,Ashley Veal,A. Veal,,,,,,,,,,,2,Forward,F,Forward,,2006,,,2,Inactive,inactive,,,,false
2008,6549,270551d9-c847-9ed0-001e-85a5f7584a60,s:40~l:54~a:6549,kiley-jarrett,basketball,Kiley,Jarrett,Kiley Jarrett,Kiley Jarrett,K. Jarrett,,,,,,,,,,12 ,3,Guard,G,Guard,,2050,,,2,Inactive,inactive,,,,false
2008,6557,bc003258-348a-578b-97ac-f73768c6413d,s:40~l:54~a:6557,kris-younan,basketball,Kris,Younan,Kris Younan,Kris Younan,K. Younan,,,,,,,,,,,0,Not Available,NA,Not Available,,,,,2,Inactive,inactive,,,,false
2008,6559,cc15c5c9-8db3-c349-2bdd-6edd345c910e,s:40~l:54~a:6559,morgan-hatten,basketball,Morgan,Hatten,Morgan Hatten,Morgan Hatten,M. Hatten,,,,,,,,,,,0,Not Available,NA,Not Available,,,,,2,Inactive,inactive,,,,false
2008,6560,c8dc6aca-e358-9cdc-a586-3c0b4264f289,s:40~l:54~a:6560,kristin-drabyn,basketball,Kristin,Drabyn,Kristin Drabyn,Kristin Drabyn,K. Drabyn,,,,,,,,,,,0,Not Available,NA,Not Available,,,,,2,Inactive,inactive,,,,false
2008,6561,f56a601e-eed0-b0df-b58d-ff3d101fd76a,s:40~l:54~a:6561,amanda-tewksbury,basketball,Amanda,Tewksbury,Amanda Tewksbury,Amanda Tewksbury,A. Tewksbury,,,,,,,,,,,3,Guard,G,Guard,,311,,,2,Inactive,inactive,,,,false
2008,6562,dde78fda-1574-a341-9c9a-cfed33032dc2,s:40~l:54~a:6562,carlee-cassidy,basketball,Carlee,Cassidy,Carlee Cassidy,Carlee Cassidy,C. Cassidy,,,,,,,,,,5  ,3,Guard,G,Guard,,2378,,,2,Inactive,inactive,,,,false
2008,6564,5c66eb4e-e09a-b004-b1cd-aac1b1f850cd,s:40~l:54~a:6564,maggie-burgess,basketball,Maggie,Burgess,Maggie Burgess,Maggie Burgess,M. Burgess,,,,,,,,,,,0,Not Available,NA,Not Available,,,,,2,Inactive,inactive,,,,false
2008,6565,2b215c90-8a50-5567-a2e1-c5a9d6568336,s:40~l:54~a:6565,anca-popovici,basketball,Anca,Popovici,Anca Popovici,Anca Popovici,A. Popovici,,,,,,,,,,,3,Guard,G,Guard,,219,,,2,Inactive,inactive,,,,false
2008,6567,a513fa63-e0d8-4cca-8e2b-5205b16e16b5,s:40~l:54~a:6567,ashleigh-brown,basketball,Ashleigh,Brown,Ashleigh Brown,Ashleigh Brown,A. Brown,,,,,,,,,,,3,Guard,G,Guard,,193,,,2,Inactive,inactive,,,,false
2008,6568,f38da99a-9bda-2ca2-4ed4-74b8e6e23e4e,s:40~l:54~a:6568,kelly-scott,basketball,Kelly,Scott,Kelly Scott,Kelly Scott,K. Scott,,,,,,,,,,,3,Guard,G,Guard,,219,,,2,Inactive,inactive,,,,false
2008,6570,d0bb42c1-0e15-0a91-6543-277240e7f797,s:40~l:54~a:6570,kimberly-franklin,basketball,Kimberly,Franklin,Kimberly Franklin,Kimberly Franklin,K. Franklin,,,,,,,,,,,0,Not Available,NA,Not Available,,,,,2,Inactive,inactive,,,,false
2008,6571,42051831-b91d-8c44-d75e-470f52da1b33,s:40~l:54~a:6571,caitlin-slover,basketball,Caitlin,Slover,Caitlin Slover,Caitlin Slover,C. Slover,,,,,,,,,,,3,Guard,G,Guard,,219,,,2,Inactive,inactive,,,,false
2008,6574,6324c713-4e96-4245-cfbc-7d5196b3b6c5,s:40~l:54~a:6574,monique-jones,basketball,Monique,Jones,Monique Jones,Monique Jones,M. Jones,,,,,,,,,,,0,Not Available,NA,Not Available,,,,,2,Inactive,inactive,,,,false
2008,6578,116a2b77-dd8c-85be-3c4f-aee89c3a5d46,s:40~l:54~a:6578,danielle-mccray,basketball,Danielle,McCray,Danielle McCray,Danielle McCray,D. McCray,71.0,"5' 11""",170.0,170 lbs,29,1987-10-08T07:00Z,Olathe,KS,USA,,3,Guard,G,Guard,,2305,,,2,Inactive,inactive,,,,false
2008,6579,128094a2-94a0-5656-ff7e-c5483e583ab7,s:40~l:54~a:6579,shakira-nettles,basketball,Shakira,Nettles,Shakira Nettles,Shakira Nettles,S. Nettles,,,,,,,,,,,3,Guard,G,Guard,,6,,,2,Inactive,inactive,,,,false
2008,6583,7a71a39b-8e1e-5c6d-577b-95f678779292,s:40~l:54~a:6583,amanda-leonard,basketball,Amanda,Leonard,Amanda Leonard,Amanda Leonard,A. Leonard,,,,,,,,,,,0,Not Available,NA,Not Available,,,,,2,Inactive,inactive,,,,false
2008,6584,499d8e20-27bd-fd1e-d1be-3a790eb87e0e,s:40~l:54~a:6584,patriece-brunner,basketball,Patriece,Brunner,Patriece Brunner,Patriece Brunner,P. Brunner,,,,,,,,,,,0,Not Available,NA,Not Available,,,,,2,Inactive,inactive,,,,false
2008,6586,aa57f7c1-edf8-adf4-c862-342eb20ad906,s:40~l:54~a:6586,jackie-lee,basketball,Jackie,Lee,Jackie Lee,Jackie Lee,J. Lee,,,,,,,,,,,0,Not Available,NA,Not Available,,,,,2,Inactive,inactive,,,,false
2008,6587,bddce2c0-a341-6f28-f6ed-4323a7ea76c1,s:40~l:54~a:6587,jenna-galassi,basketball,Jenna,Galassi,Jenna Galassi,Jenna Galassi,J. Galassi,,,,,,,,,,20 ,2,Forward,F,Forward,,68,,,2,Inactive,inactive,,,,false
2008,6589,e58c1bda-f53a-e5df-20c5-98021caa713e,s:40~l:54~a:6589,jessica-thompson,basketball,Jessica,Thompson,Jessica Thompson,Jessica Thompson,J. Thompson,,,,,,,,,,15 ,3,Guard,G,Guard,,68,,,2,Inactive,inactive,,,,false
2008,6590,02bce281-194e-2e47-7d62-481ff2ac87c7,s:40~l:54~a:6590,tasha-harris,basketball,Tasha,Harris,Tasha Harris,Tasha Harris,T. Harris,,,,,,,,,,12 ,3,Guard,G,Guard,,68,,,2,Inactive,inactive,,,,false
2008,6592,72627246-212b-3364-0aa1-186c0d384e03,s:40~l:54~a:6592,carrie-biemer,basketball,Carrie,Biemer,Carrie Biemer,Carrie Biemer,C. Biemer,,,,,,,,,,,2,Forward,F,Forward,,219,,,2,Inactive,inactive,,,,false
2008,6594,74c4dd80-1003-56b5-ac18-a88f5dff95b8,s:40~l:54~a:6594,amanda-stewart,basketball,Amanda,Stewart,Amanda Stewart,Amanda Stewart,A. Stewart,,,,,,,,,,,0,Not Available,NA,Not Available,,,,,2,Inactive,inactive,,,,false
2008,6595,a33202e3-b807-6691-712e-22b05cda5902,s:40~l:54~a:6595,jalara-walker,basketball,Ja'Lara,Walker,Ja'Lara Walker,Ja'Lara Walker,J. Walker,,,,,,,,,,42 ,1,Center,C,Center,,68,,,2,Inactive,inactive,,,,false
2008,6613,0e40c8a7-4cad-3de7-1050-42f1237a16ec,s:40~l:54~a:6613,cassie-freeman,basketball,Cassie,Freeman,Cassie Freeman,Cassie Freeman,C. Freeman,,,,,,,,,,,0,Not Available,NA,Not Available,,,,,2,Inactive,inactive,,,,false
2008,6614,7006d71f-a31b-98be-6864-b3edd3454a79,s:40~l:54~a:6614,susan-lester,basketball,Susan,Lester,Susan Lester,Susan Lester,S. Lester,,,,,,,,,,,2,Forward,F,Forward,,2086,,,2,Inactive,inactive,,,,false
2008,6616,b5ecca28-81c3-a95e-8f97-fedb6d5f1cab,s:40~l:54~a:6616,tara-miller,basketball,Tara,Miller,Tara Miller,Tara Miller,T. Miller,,,,,,,,,,,3,Guard,G,Guard,,2086,,,2,Inactive,inactive,,,,false
2008,6618,bffe4b8e-cdbb-9c62-1e5e-8e4e3e6bd058,s:40~l:54~a:6618,lade-akande,basketball,Lade,Akande,Lade Akande,Lade Akande,L. Akande,,,,,,,,,,,1,Center,C,Center,,2086,,,2,Inactive,inactive,,,,false
2008,6620,43e04467-0499-d697-0001-e00b40110528,s:40~l:54~a:6620,candyce-brown,basketball,Candyce,Brown,Candyce Brown,Candyce Brown,C. Brown,,,,,,,,,,,3,Guard,G,Guard,,2086,,,2,Inactive,inactive,,,,false
2008,6621,79728c23-b9c5-76da-0722-c72641162e1b,s:40~l:54~a:6621,candace-jones,basketball,Candace,Jones,Candace Jones,Candace Jones,C. Jones,,,,,,,,,,,3,Guard,G,Guard,,2086,,,2,Inactive,inactive,,,,false
2008,6622,370505ef-e80e-3b53-219c-cc9756d39ea4,s:40~l:54~a:6622,whitney-lewis,basketball,Whitney,Lewis,Whitney Lewis,Whitney Lewis,W. Lewis,,,,,,,,,,,2,Forward,F,Forward,,2750,,,2,Inactive,inactive,,,,false
2008,6624,60f99d03-f8fc-770b-bd34-f2c1d9c05847,s:40~l:54~a:6624,sierra-crayton,basketball,Sierra,Crayton,Sierra Crayton,Sierra Crayton,S. Crayton,,,,,,,,,,,0,Not Available,NA,Not Available,,,,,2,Inactive,inactive,,,,false
2008,6625,901958d4-6237-55b1-59d7-d152934ff5c2,s:40~l:54~a:6625,kanisha-ward,basketball,Kanisha,Ward,Kanisha Ward,Kanisha Ward,K. Ward,,,,,,,,,,,3,Guard,G,Guard,,2750,,,2,Inactive,inactive,,,,false
2008,6628,ddacac5a-12e8-6aba-6bd5-4c785b566f9d,s:40~l:54~a:6628,jody-crumble,basketball,Jody,Crumble,Jody Crumble,Jody Crumble,J. Crumble,,,,,,,,,,,3,Guard,G,Guard,,270,,,2,Inactive,inactive,,,,false
2008,6631,526d1caa-018b-b6bd-c95c-9c24b4303b65,s:40~l:54~a:6631,erica-richardson,basketball,Erica,Richardson,Erica Richardson,Erica Richardson,E. Richardson,,,,,,,,,,,2,Forward,F,Forward,,2750,,,2,Inactive,inactive,,,,false
2008,6636,58e8d532-2343-dc1f-d9d6-8d73475d69ce,s:40~l:54~a:6636,tysheka-grimes,basketball,Tysheka,Grimes,Tysheka Grimes,Tysheka Grimes,T. Grimes,,,,,,,,,,23 ,2,Forward,F,Forward,,344,,,2,Inactive,inactive,,,,false
2008,6638,8989f61a-8ac6-c2d9-26b3-641a2316f5fc,s:40~l:54~a:6638,alexis-rack,basketball,Alexis,Rack,Alexis Rack,Alexis Rack,A. Rack,,,,,,,,,,2  ,3,Guard,G,Guard,,344,,,2,Inactive,inactive,,,,false
2008,6639,8a0a5557-1d70-dca0-57b4-c1efab362853,s:40~l:54~a:6639,candace-bain,basketball,Candace,Bain,Candace Bain,Candace Bain,C. Bain,,,,,,,,,,,0,Not Available,NA,Not Available,,,,,2,Inactive,inactive,,,,false
2008,6644,b1b7ac0a-37fa-69d4-99f3-4eee26ad3a1f,s:40~l:54~a:6644,tamara-guardipee,basketball,Tamara,Guardipee,Tamara Guardipee,Tamara Guardipee,T. Guardipee,,,,,,,,,,51 ,1,Center,C,Center,,149,,,2,Inactive,inactive,,,,false
2008,6645,a0dea5a8-c270-3af1-c09c-ae078507a1ee,s:40~l:54~a:6645,sonya-rogers,basketball,Sonya,Rogers,Sonya Rogers,Sonya Rogers,S. Rogers,,,,,,,,,,10 ,3,Guard,G,Guard,,149,,,2,Inactive,inactive,,,,false
2008,6646,4963378e-b56b-a011-16ba-1f68e2d35faa,s:40~l:54~a:6646,ashley-ingle,basketball,Ashley,Ingle,Ashley Ingle,Ashley Ingle,A. Ingle,,,,,,,,,,,0,Not Available,NA,Not Available,,,,,2,Inactive,inactive,,,,false
2008,6649,f91a26ce-87ce-dd9d-ebd1-10aafcd6cdf2,s:40~l:54~a:6649,britney-lohman,basketball,Britney,Lohman,Britney Lohman,Britney Lohman,B. Lohman,,,,,,,,,,22 ,2,Forward,F,Forward,,149,,,2,Inactive,inactive,,,,false
2008,6650,f4164c0e-fc46-ec7a-9efe-d91079c1a824,s:40~l:54~a:6650,marie-mcgee,basketball,Marie,McGee,Marie McGee,Marie McGee,M. McGee,,,,,,,,,,,3,Guard,G,Guard,,12,,,2,Inactive,inactive,,,,false
2008,6654,66f2bc18-4e8e-ea39-049c-611876b7d973,s:40~l:54~a:6654,tanya-smith,basketball,Tanya,Smith,Tanya Smith,Tanya Smith,T. Smith,,,,,,,,,,,0,Not Available,NA,Not Available,,,,,2,Inactive,inactive,,,,false
2008,6655,3319a3de-f00b-54c0-426e-cde738d7f28a,s:40~l:54~a:6655,iwona-zagrobelna,basketball,Iwona,Zagrobelna,Iwona Zagrobelna,Iwona Zagrobelna,I. Zagrobelna,,,,,,,,,,,0,Not Available,NA,Not Available,,,,,2,Inactive,inactive,,,,false
2008,6656,89b7b6a6-bc49-2376-9bb1-2256ab3a18c5,s:40~l:54~a:6656,saundra-cariaga,basketball,Saundra,Cariaga,Saundra Cariaga,Saundra Cariaga,S. Cariaga,,,,,,,,,,,0,Not Available,NA,Not Available,,,,,2,Inactive,inactive,,,,false
2008,6658,5b2e3254-477f-1557-7120-19f3e9f401e0,s:40~l:54~a:6658,andrea-sitton,basketball,Andrea,Sitton,Andrea Sitton,Andrea Sitton,A. Sitton,,,,,,,,,,,0,Not Available,NA,Not Available,,,,,2,Inactive,inactive,,,,false
2008,6659,e74aefcd-e8ab-5871-633b-c5681e9d452a,s:40~l:54~a:6659,marianne-lombardi,basketball,Marianne,Lombardi,Marianne Lombardi,Marianne Lombardi,M. Lombardi,,,,,,,,,,32 ,2,Forward,F,Forward,,2440,,,2,Inactive,inactive,,,,false
2008,6660,ff501ae8-82d4-289d-248a-376003701949,s:40~l:54~a:6660,dellena-criner,basketball,Dellena,Criner,Dellena Criner,Dellena Criner,D. Criner,,,,,,,,,,22 ,3,Guard,G,Guard,,2440,,,2,Inactive,inactive,,,,false
2008,6661,335766fd-eab7-d4e7-3841-a47456a709d1,s:40~l:54~a:6661,brandi-fitzgerald,basketball,Brandi,Fitzgerald,Brandi Fitzgerald,Brandi Fitzgerald,B. Fitzgerald,,,,,,,,,,,3,Guard,G,Guard,,2440,,,2,Inactive,inactive,,,,false
2008,6663,d2eb3139-e344-31af-2695-5f7b5215aa9a,s:40~l:54~a:6663,liana-boer,basketball,Liana,Boer,Liana Boer,Liana Boer,L. Boer,,,,,,,,,,,2,Forward,F,Forward,,2464,,,2,Inactive,inactive,,,,false
2008,6665,e1c35b0b-045e-8beb-f483-7e53a208a06c,s:40~l:54~a:6665,mikail-price,basketball,Mikail,Price,Mikail Price,Mikail Price,M. Price,,,,,,,,,,,3,Guard,G,Guard,,2440,,,2,Inactive,inactive,,,,false
2008,6666,53ddc0ed-cb1c-5e6d-d5d9-5af3341a8b3c,s:40~l:54~a:6666,breanna-henry,basketball,Bre'Anna,Henry,Bre'Anna Henry,Bre'Anna Henry,B. Henry,,,,,,,,,,0  ,3,Guard,G,Guard,,2440,,,2,Inactive,inactive,,,,false
2008,6668,a9193455-a282-3aad-6c3d-54ea7e2fbfb3,s:40~l:54~a:6668,megan-tinnin,basketball,Megan,Tinnin,Megan Tinnin,Megan Tinnin,M. Tinnin,,,,,,,,,,,3,Guard,G,Guard,,62,,,2,Inactive,inactive,,,,false
2008,6669,451716e8-b32b-d3f6-fa87-f3550d2f9177,s:40~l:54~a:6669,lauren-groom,basketball,Lauren,Groom,Lauren Groom,Lauren Groom,L. Groom,,,,,,,,,,,3,Guard,G,Guard,,2217,,,2,Inactive,inactive,,,,false
2008,6670,155bee02-bf70-3898-9538-1bb3d30df80a,s:40~l:54~a:6670,baendu-lowenthal,basketball,Baendu,Lowenthal,Baendu Lowenthal,Baendu Lowenthal,B. Lowenthal,,,,,,,,,,,2,Forward,F,Forward,,2217,,,2,Inactive,inactive,,,,false
2008,6671,48f7664b-1a6c-d79e-b5ae-60695dc0e1e7,s:40~l:54~a:6671,brittany-obi-tabot,basketball,Brittany,Obi-Tabot,Brittany  Obi-Tabot,Brittany  Obi-Tabot,B. Obi-Tabot,73.0,"6' 1""",,,,,Watertown,MA,USA,32,1,Center,C,Center,,2217,,4,2,Inactive,inactive,,,,false
2008,6672,aea42e2f-f81d-db91-15c1-69452e1f2440,s:40~l:54~a:6672,sabra-wrice,basketball,Sabra,Wrice,Sabra Wrice,Sabra Wrice,S. Wrice,,,,,,,,,,,3,Guard,G,Guard,,2217,,,2,Inactive,inactive,,,,false
2008,6673,fb4a6468-c50d-3020-f4ee-c34aa6e2a95a,s:40~l:54~a:6673,megan-caskin,basketball,Megan,Caskin,Megan Caskin,Megan Caskin,M. Caskin,,,,,,,,,,,3,Guard,G,Guard,,2217,,,2,Inactive,inactive,,,,false
2008,6676,f1434dc6-4076-b1a7-5ed4-302370ec94ff,s:40~l:54~a:6676,cathy-rutter,basketball,Cathy,Rutter,Cathy Rutter,Cathy Rutter,C. Rutter,,,,,,,,,,,3,Guard,G,Guard,,315,,,2,Inactive,inactive,,,,false
2008,6678,86db43be-59b7-7886-4eb7-b8959dc14b0b,s:40~l:54~a:6678,michelle-manfredi,basketball,Michelle,Manfredi,Michelle Manfredi,Michelle Manfredi,M. Manfredi,,,,,,,,,,,3,Guard,G,Guard,,315,,,2,Inactive,inactive,,,,false
2008,6679,d3aebfa5-6582-5ee2-ab1f-6c1354c2e575,s:40~l:54~a:6679,meka-werts,basketball,Meka,Werts,Meka Werts,Meka Werts,M. Werts,,,,,,,,,,,3,Guard,G,Guard,,2217,,,2,Inactive,inactive,,,,false
2008,6683,d572684c-b467-33ee-5b7e-56c50137fd5d,s:40~l:54~a:6683,tara-flaherty,basketball,Tara,Flaherty,Tara Flaherty,Tara Flaherty,T. Flaherty,,,,,,,,,,,2,Forward,F,Forward,,2217,,,2,Inactive,inactive,,,,false
2008,6684,5042f37f-ebfc-f301-2223-51a1102ad312,s:40~l:54~a:6684,sarah-wilson,basketball,Sarah,Wilson,Sarah Wilson,Sarah Wilson,S. Wilson,,,,,,,,,,,2,Forward,F,Forward,,315,,,2,Inactive,inactive,,,,false
2008,6686,d3da3c02-2b72-70d1-359c-c9d6fdb2340e,s:40~l:54~a:6686,erika-harris,basketball,Erika,Harris,Erika Harris,Erika Harris,E. Harris,,,,,,,,,,,3,Guard,G,Guard,,315,,,2,Inactive,inactive,,,,false
2008,6691,a0f03247-618d-80b7-4a67-edf4e4666133,s:40~l:54~a:6691,niki-finelli,basketball,Niki,Finelli,Niki Finelli,Niki Finelli,N. Finelli,,,,,,,,,,10 ,3,Guard,G,Guard,,108,,,2,Inactive,inactive,,,,false
2008,6692,4c4db194-e6a2-2bff-1484-1f332c9b1c87,s:40~l:54~a:6692,katie-rollins,basketball,Katie,Rollins,Katie Rollins,Katie Rollins,K. Rollins,,,,,,,,,,45 ,2,Forward,F,Forward,,108,,,2,Inactive,inactive,,,,false
2008,6693,45afd842-ae85-9d69-a210-2a1be63795f6,s:40~l:54~a:6693,lindsay-hallion,basketball,Lindsay,Hallion,Lindsay Hallion,Lindsay Hallion,L. Hallion,,,,,,,,,,,0,Not Available,NA,Not Available,,,,,2,Inactive,inactive,,,,false
2008,6694,445faa73-fdad-a30e-1a5b-2cb5664d2764,s:40~l:54~a:6694,emily-tay,basketball,Emily,Tay,Emily Tay,Emily Tay,E. Tay,,,,,,,,,,31 ,3,Guard,G,Guard,,108,,,2,Inactive,inactive,,,,false
2008,6696,74775221-fde9-fab0-26cf-1435046f9e8b,s:40~l:54~a:6696,melissa-colborne,basketball,Melissa,Colborne,Melissa Colborne,Melissa Colborne,M. Colborne,,,,,,,,,,,9,Guard/Forward,G-F,Guard/Forward,,43,,,2,Inactive,inactive,,,,false
2008,6698,2627bb6f-0115-989c-7614-2b47cddb9bc8,s:40~l:54~a:6698,stephanie-marciano,basketball,Stephanie,Marciano,Stephanie Marciano,Stephanie Marciano,S. Marciano,,,,,,,,,,,0,Not Available,NA,Not Available,,,,,2,Inactive,inactive,,,,false
2008,6699,9d9423a6-4e7d-ad5b-f2e3-6f5787a64183,s:40~l:54~a:6699,jamie-van-horne,basketball,Jamie,Horne,Jamie Van Horne,Jamie Van Horne,J. Horne,,,,,,,,,,,0,Not Available,NA,Not Available,,,,,2,Inactive,inactive,,,,false
2008,6708,48d84403-26b3-86fa-96dc-45e96a888e8f,s:40~l:54~a:6708,sierra-cooper,basketball,Sierra,Cooper,Sierra Cooper,Sierra Cooper,S. Cooper,,,,,,,,,,,2,Forward,F,Forward,,227,,,2,Inactive,inactive,,,,false
2008,6709,abc49442-1d5c-5b2a-4065-7728b8488db6,s:40~l:54~a:6709,tanja-licina,basketball,Tanja,Licina,Tanja Licina,Tanja Licina,T. Licina,,,,,,,,,,,2,Forward,F,Forward,,227,,,2,Inactive,inactive,,,,false
2008,6710,73eb0d23-785c-7b5f-5707-eb32338fc4bb,s:40~l:54~a:6710,safi-mojidi,basketball,Safi,Mojidi,Safi Mojidi,Safi Mojidi,S. Mojidi,,,,,,,,,,,0,Not Available,NA,Not Available,,,,,2,Inactive,inactive,,,,false
2008,6711,54c03ec8-ca6b-a37a-8e1d-3c2b2154e517,s:40~l:54~a:6711,amanda-mcgrew,basketball,Amanda,McGrew,Amanda McGrew,Amanda McGrew,A. McGrew,,,,,,,,,,,3,Guard,G,Guard,,227,,,2,Inactive,inactive,,,,false
2008,6713,fd1c048f-2f84-ad89-0f58-dede93d124e3,s:40~l:54~a:6713,morgan-robertson,basketball,Morgan,Robertson,Morgan Robertson,Morgan Robertson,M. Robertson,,,,,,,,,,,2,Forward,F,Forward,,2325,,,2,Inactive,inactive,,,,false
2008,6717,c00fe496-cf8d-02e6-20e6-477fb881106c,s:40~l:54~a:6717,hayley-leake,basketball,Hayley,Leake,Hayley Leake,Hayley Leake,H. Leake,,,,,,,,,,,0,Not Available,NA,Not Available,,,,,2,Inactive,inactive,,,,false
2008,6719,bd712f02-f0ab-a5d5-c887-f245561359b2,s:40~l:54~a:6719,whitney-hollis,basketball,Whitney,Hollis,Whitney Hollis,Whitney Hollis,W. Hollis,,,,,,,,,,,1,Center,C,Center,,227,,,2,Inactive,inactive,,,,false
2008,6722,825eab9f-45ad-bbe1-5a7e-4fbe5d4ddad0,s:40~l:54~a:6722,adrian-budischak,basketball,Adrian,Budischak,Adrian Budischak,Adrian Budischak,A. Budischak,,,,,,,,,,,0,Not Available,NA,Not Available,,,,,2,Inactive,inactive,,,,false
2008,6725,eb643bbe-4515-788f-6c24-e836eef309dc,s:40~l:54~a:6725,amber-long,basketball,Amber,Long,Amber Long,Amber Long,A. Long,,,,,,,,,,,0,Not Available,NA,Not Available,,,,,2,Inactive,inactive,,,,false
2008,6727,085a4a84-3525-e424-3b43-7794a4fe5756,s:40~l:54~a:6727,timika-williams,basketball,Timika,Williams,Timika Williams,Timika Williams,T. Williams,,,,,,,,,,,2,Forward,F,Forward,,2638,,,2,Inactive,inactive,,,,false
2008,6728,d4b09006-030b-c6e7-00c7-575884b11060,s:40~l:54~a:6728,izabela-piekarska,basketball,Izabela,Piekarska,Izabela Piekarska,Izabela Piekarska,I. Piekarska,,,,,,,,,,,1,Center,C,Center,,2638,,,2,Inactive,inactive,,,,false
2008,6729,5118cef9-9987-51ab-1043-b5f67b027dad,s:40~l:54~a:6729,jareica-hughes,basketball,Jareica,Hughes,Jareica Hughes,Jareica Hughes,J. Hughes,,,,,,,,,,,3,Guard,G,Guard,,2638,,,2,Inactive,inactive,,,,false
2008,6730,9587ebf4-7ffa-756d-4cae-d6bc96c24a6a,s:40~l:54~a:6730,kasia-krezel,basketball,Kasia,Krezel,Kasia Krezel,Kasia Krezel,K. Krezel,,,,,,,,,,,0,Not Available,NA,Not Available,,,,,2,Inactive,inactive,,,,false
2008,6744,ddbb8b9b-9416-3076-ed56-849237488f1f,s:40~l:54~a:6744,chelsea-frazier,basketball,Chelsea,Frazier,Chelsea Frazier,Chelsea Frazier,C. Frazier,,,,,,,,,,,11,Forward/Center,F-C,Forward/Center,,171,,,2,Inactive,inactive,,,,false
2008,6745,7b4b30be-01f1-a441-b5d4-291001e9d2df,s:40~l:54~a:6745,allie-fedorowicz,basketball,Allie,Fedorowicz,Allie Fedorowicz,Allie Fedorowicz,A. Fedorowicz,,,,,,,,,,,3,Guard,G,Guard,,172,,,2,Inactive,inactive,,,,false
2008,6746,f8d03b48-97d2-a402-8e7c-08d97f41ada7,s:40~l:54~a:6746,kristen-higy,basketball,Kristen,Higy,Kristen Higy,Kristen Higy,K. Higy,,,,,,,,,,,0,Not Available,NA,Not Available,,,,,2,Inactive,inactive,,,,false
2008,6747,f4da32cb-f8e5-8825-1d28-d10b750fe0b0,s:40~l:54~a:6747,britney-mcgee,basketball,Britney,McGee,Britney McGee,Britney McGee,B. McGee,,,,,,,,,,,3,Guard,G,Guard,,399,,,2,Inactive,inactive,,,,false
2008,6748,c7c3966c-57a8-c6e4-6054-94ef435d7a93,s:40~l:54~a:6748,dana-ferraro,basketball,Dana,Ferraro,Dana Ferraro,Dana Ferraro,D. Ferraro,,,,,,,,,,,0,Not Available,NA,Not Available,,,,,2,Inactive,inactive,,,,false
2008,6754,9f1fb8bc-3fce-5702-1358-58add4b98e20,s:40~l:54~a:6754,charity-iromuanya,basketball,Charity,Iromuanya,Charity Iromuanya,Charity Iromuanya,C. Iromuanya,,,,,,,,,,,3,Guard,G,Guard,,399,,,2,Inactive,inactive,,,,false
2008,6756,6568915e-cfad-a6e4-64d0-c2cf6c57d3bc,s:40~l:54~a:6756,cheri-davis,basketball,Cheri,Davis,Cheri Davis,Cheri Davis,C. Davis,,,,,,,,,,,0,Not Available,NA,Not Available,,,,,2,Inactive,inactive,,,,false
2008,6757,10379807-ba7d-2d8e-5dd3-d7d71791fb3f,s:40~l:54~a:6757,sandi-brown,basketball,Sandi,Brown,Sandi Brown,Sandi Brown,S. Brown,,,,,,,,,,,3,Guard,G,Guard,,2174,,,2,Inactive,inactive,,,,false
2008,6758,4dd9112a-9c12-9092-54fb-3c33a638243a,s:40~l:54~a:6758,heather-hatter,basketball,Heather,Hatter,Heather Hatter,Heather Hatter,H. Hatter,,,,,,,,,,,2,Forward,F,Forward,,2174,,,2,Inactive,inactive,,,,false
2008,6759,b79bb146-e057-b472-d155-128fab5777c0,s:40~l:54~a:6759,india-bruster,basketball,India,Bruster,India Bruster,India Bruster,I. Bruster,,,,,,,,,,,0,Not Available,NA,Not Available,,,,,2,Inactive,inactive,,,,false
2008,6760,743a16a2-fb20-60a4-5966-0a7432df54c3,s:40~l:54~a:6760,zemora-davis,basketball,Zemora,Davis,Zemora Davis,Zemora Davis,Z. Davis,,,,,,,,,,,3,Guard,G,Guard,,2174,,,2,Inactive,inactive,,,,false
2008,6761,a5325831-99cd-ccd6-18a5-352f17354099,s:40~l:54~a:6761,keashawn-bond,basketball,Keashawn,Bond,Keashawn Bond,Keashawn Bond,K. Bond,,,,,,,,,,,0,Not Available,NA,Not Available,,,,,2,Inactive,inactive,,,,false
2008,6762,ca348d99-24d0-a554-d8db-add59df8c717,s:40~l:54~a:6762,maggie-mccloskey,basketball,Maggie,McCloskey,Maggie McCloskey,Maggie McCloskey,M. McCloskey,,,,,,,,,,,3,Guard,G,Guard,,2350,,,2,Inactive,inactive,,,,false
2008,6764,7c5fa9ce-e960-b6d0-62ce-9406f4af99b0,s:40~l:54~a:6764,jessica-hylton,basketball,Jessica,Hylton,Jessica Hylton,Jessica Hylton,J. Hylton,,,,,,,,,,,3,Guard,G,Guard,,2350,,,2,Inactive,inactive,,,,false
2008,6765,14fba92e-ba85-6504-e7dd-cd5a24c7cfb3,s:40~l:54~a:6765,elyse-vanbogaert,basketball,Elyse,VanBogaert,Elyse VanBogaert,Elyse VanBogaert,E. VanBogaert,,,,,,,,,,,2,Forward,F,Forward,,2350,,,2,Inactive,inactive,,,,false
2008,6766,b370d5ba-cb54-a72d-1998-fec396e5d20c,s:40~l:54~a:6766,joyce-massey,basketball,Joyce,Massey,Joyce Massey,Joyce Massey,J. Massey,,,,,,,,,,,0,Not Available,NA,Not Available,,,,,2,Inactive,inactive,,,,false
2008,6768,4c54d568-a824-45a0-c43e-9dbacfb7642b,s:40~l:54~a:6768,katy-dunlop,basketball,Katy,Dunlop,Katy Dunlop,Katy Dunlop,K. Dunlop,,,,,,,,,,,0,Not Available,NA,Not Available,,,,,2,Inactive,inactive,,,,false
2008,6771,4cc8aecf-dc4f-c96b-38e3-7a6880fe058b,s:40~l:54~a:6771,morgan-patrick,basketball,Morgan,Patrick,Morgan Patrick,Morgan Patrick,M. Patrick,,,,,,,,,,,0,Not Available,NA,Not Available,,,,,2,Inactive,inactive,,,,false
2008,6774,83866dd2-a510-6ee4-9dc3-1321889f8e27,s:40~l:54~a:6774,mercedes-robinson,basketball,Mercedes,Robinson,Mercedes Robinson,Mercedes Robinson,M. Robinson,,,,,,,,,,21 ,2,Forward,F,Forward,,2166,,,2,Inactive,inactive,,,,false
2008,6775,1653b5fe-ef2a-7c58-0d33-d47ca5420625,s:40~l:54~a:6775,danielle-hemerka,basketball,Danielle,Hemerka,Danielle Hemerka,Danielle Hemerka,D. Hemerka,,,,,,,,,,,0,Not Available,NA,Not Available,,,,,2,Inactive,inactive,,,,false
2008,6776,f21b3af5-955a-b15e-5bf3-e3e22043e1d9,s:40~l:54~a:6776,katie-hamilton,basketball,Katie,Hamilton,Katie Hamilton,Katie Hamilton,K. Hamilton,,,,,,,,,,,0,Not Available,NA,Not Available,,,,,2,Inactive,inactive,,,,false
2008,6779,eb6f02a4-ef8a-e951-f313-ab9dfde9c9f1,s:40~l:54~a:6779,julia-paquette,basketball,Julia,Paquette,Julia Paquette,Julia Paquette,J. Paquette,,,,,,,,,,35 ,2,Forward,F,Forward,,2166,,,2,Inactive,inactive,,,,false
2008,6780,9f79f13e-4c1f-81c8-f246-db156044c56c,s:40~l:54~a:6780,alexandra-thompson,basketball,Alexandra,Thompson,Alexandra Thompson,Alexandra Thompson,A. Thompson,,,,,,,,,,10 ,3,Guard,G,Guard,,2166,,,2,Inactive,inactive,,,,false
2008,6782,59f5be00-123d-7b2f-6b82-163852221822,s:40~l:54~a:6782,kelly-gassie,basketball,Kelly,Gassie,Kelly Gassie,Kelly Gassie,K. Gassie,,,,,,,,,,,3,Guard,G,Guard,,2166,,,2,Inactive,inactive,,,,false
2008,6783,9253d870-4d51-d230-57f4-e5733d4a8e21,s:40~l:54~a:6783,honna-housley,basketball,Honna,Housley,Honna Housley,Honna Housley,H. Housley,,,,,,,,,,,3,Guard,G,Guard,,2166,,,2,Inactive,inactive,,,,false
2008,6786,bf3d9c36-2f55-b394-ca55-31b7abdd9b7c,s:40~l:54~a:6786,nicole-clausen,basketball,Nicole,Clausen,Nicole Clausen,Nicole Clausen,N. Clausen,,,,,,,,,,,3,Guard,G,Guard,,2460,,,2,Inactive,inactive,,,,false
2008,6789,b7ac75a3-7d2b-de66-b177-b7cd7ab90b3b,s:40~l:54~a:6789,danielle-realph,basketball,Danielle,Realph,Danielle Realph,Danielle Realph,D. Realph,,,,,,,,,,,2,Forward,F,Forward,,2653,,,2,Inactive,inactive,,,,false
2008,6791,765b0494-de89-9c1d-7def-9b46b726a291,s:40~l:54~a:6791,amy-lewis,basketball,Amy,Lewis,Amy Lewis,Amy Lewis,A. Lewis,,,,,,,,,,,0,Not Available,NA,Not Available,,,,,2,Inactive,inactive,,,,false
2008,6792,ed401e6c-02f7-9aba-eaae-0a41cfe8cb90,s:40~l:54~a:6792,kylie-morrissy,basketball,Kylie,Morrissy,Kylie Morrissy,Kylie Morrissy,K. Morrissy,,,,,,,,,,,3,Guard,G,Guard,,2653,,,2,Inactive,inactive,,,,false
2008,6793,ba98ecd8-d1ba-e054-af52-93bdc37b48f5,s:40~l:54~a:6793,larelle-roper,basketball,Larelle,Roper,Larelle Roper,Larelle Roper,L. Roper,,,,,,,,,,,3,Guard,G,Guard,,2653,,,2,Inactive,inactive,,,,false
2008,6799,ae01fe46-d181-38cd-0939-0dff1a7c0931,s:40~l:54~a:6799,betsy-williams,basketball,Betsy,Williams,Betsy Williams,Betsy Williams,B. Williams,,,,,,,,,,32 ,3,Guard,G,Guard,,159,,,2,Inactive,inactive,,,,false
2008,6801,5ebe8390-cf30-f772-5a46-cce5f1f22f81,s:40~l:54~a:6801,brittany-halberg,basketball,Brittany,Halberg,Brittany Halberg,Brittany Halberg,B. Halberg,,,,,,,,,,,3,Guard,G,Guard,,2439,,,2,Inactive,inactive,,,,false
2008,6804,e656d598-1a62-43fe-662b-d172cc19c0f3,s:40~l:54~a:6804,sara-dennehy,basketball,Sara,Dennehy,Sara Dennehy,Sara Dennehy,S. Dennehy,,,,,,,,,,,0,Not Available,NA,Not Available,,,,,2,Inactive,inactive,,,,false
2008,6805,cb0b6aa4-d626-b788-ed41-76800518ba75,s:40~l:54~a:6805,lindsey-koppen,basketball,Lindsey,Koppen,Lindsey Koppen,Lindsey Koppen,L. Koppen,,,,,,,,,,,0,Not Available,NA,Not Available,,,,,2,Inactive,inactive,,,,false
2008,6807,47b3a3d2-aae4-0d80-f341-73b7c808df51,s:40~l:54~a:6807,katie-madison,basketball,Katie,Madison,Katie Madison,Katie Madison,K. Madison,,,,,,,,,,,2,Forward,F,Forward,,265,,,2,Inactive,inactive,,,,false
2008,6808,0bd575b4-2bd5-a2cc-ab22-e8bf31b1200d,s:40~l:54~a:6808,charlotte-otero,basketball,Charlotte,Otero,Charlotte Otero,Charlotte Otero,C. Otero,,,,,,,,,,,3,Guard,G,Guard,,70,,,2,Inactive,inactive,,,,false
2008,6809,bb8f0021-64c0-9b04-1125-2394e8090b84,s:40~l:54~a:6809,anikia-jawara,basketball,Anikia,Jawara,Anikia Jawara,Anikia Jawara,A. Jawara,,,,,,,,,,,0,Not Available,NA,Not Available,,,,,2,Inactive,inactive,,,,false
2008,6810,14e01ff7-32e4-ed83-4890-0b06cdb5b62f,s:40~l:54~a:6810,niki-holt,basketball,Niki,Holt,Niki Holt,Niki Holt,N. Holt,,,,,,,,,,,1,Center,C,Center,,166,,,2,Inactive,inactive,,,,false
2008,6828,a2f7b3ff-2489-2413-0c8e-f45d0564411f,s:40~l:54~a:6828,katie-schlotthauer,basketball,Katie,Schlotthauer,Katie Schlotthauer,Katie Schlotthauer,K. Schlotthauer,,,,,,,,,,,2,Forward,F,Forward,,70,,,2,Inactive,inactive,,,,false
2008,6831,212fa461-77c3-c825-e02e-59aa882e43fc,s:40~l:54~a:6831,hannah-spanich,basketball,Hannah,Spanich,Hannah Spanich,Hannah Spanich,H. Spanich,,,,,,,,,,,3,Guard,G,Guard,,2287,,,2,Inactive,inactive,,,,false
2008,6834,4309164b-ae8b-5bc1-ce8c-eaebed79e56f,s:40~l:54~a:6834,dita-liepkalne,basketball,Dita,Liepkalne,Dita Liepkalne,Dita Liepkalne,D. Liepkalne,,,,,,,,,,,2,Forward,F,Forward,,62,,,2,Inactive,inactive,,,,false
2008,6843,9157833f-70b8-b7b7-c149-2996a1fd48a4,s:40~l:54~a:6843,ashlee-feldman,basketball,Ashlee,Feldman,Ashlee Feldman,Ashlee Feldman,A. Feldman,,,,,,,,,,,3,Guard,G,Guard,,111,,,2,Inactive,inactive,,,,false
2008,6844,d6ae9d75-5d05-1d65-63ab-aaff4f2186e1,s:40~l:54~a:6844,stefanie-hodell,basketball,Stefanie,Hodell,Stefanie Hodell,Stefanie Hodell,S. Hodell,,,,,,,,,,,2,Forward,F,Forward,,111,,,2,Inactive,inactive,,,,false
2008,6845,7da300f3-315d-e9d0-ffc4-c8f13925c2d8,s:40~l:54~a:6845,lucia-pablos,basketball,Lucia,Pablos,Lucia Pablos,Lucia Pablos,L. Pablos,,,,,,,,,,,3,Guard,G,Guard,,111,,,2,Inactive,inactive,,,,false
2008,6846,7bc77ca4-7082-8429-7d95-b2f8c7eee4de,s:40~l:54~a:6846,kim-carr,basketball,Kim,Carr,Kim Carr,Kim Carr,K. Carr,,,,,,,,,,,2,Forward,F,Forward,,111,,,2,Inactive,inactive,,,,false
2008,6847,b1d05814-2900-f92b-1300-ec98f6e49eed,s:40~l:54~a:6847,shaleyse-smallwood,basketball,Shaleyse,Smallwood,Shaleyse Smallwood,Shaleyse Smallwood,S. Smallwood,,,,,,,,,,,3,Guard,G,Guard,,111,,,2,Inactive,inactive,,,,false
2008,6851,cc2dbdba-5a48-efe9-d945-81917d26304a,s:40~l:54~a:6851,tyhiesha-smith,basketball,Tyhiesha,Smith,Tyhiesha Smith,Tyhiesha Smith,T. Smith,,,,,,,,,,,2,Forward,F,Forward,,2429,,,2,Inactive,inactive,,,,false
2008,6863,71a72f2e-a14f-12db-a247-c9c92bad0508,s:40~l:54~a:6863,amber-jackson,basketball,Amber,Jackson,Amber Jackson,Amber Jackson,A. Jackson,,,,,,,,,,,2,Forward,F,Forward,,249,,,2,Inactive,inactive,,,,false
2008,6865,eae01d56-bdb0-99b2-0ea8-cf2e46fdf258,s:40~l:54~a:6865,jo-hall,basketball,Jo,Hall,Jo Hall,Jo Hall,J. Hall,,,,,,,,,,,3,Guard,G,Guard,,249,,,2,Inactive,inactive,,,,false
2008,6867,51762911-189f-a2c6-7649-768b251da7d1,s:40~l:54~a:6867,erica-howard,basketball,Erica,Howard,Erica Howard,Erica Howard,E. Howard,,,,,,,,,,,2,Forward,F,Forward,,249,,,2,Inactive,inactive,,,,false
2008,6868,8ba7aa58-db04-95f0-a0d0-27ec15c08e06,s:40~l:54~a:6868,brittney-james,basketball,Brittney,James,Brittney James,Brittney James,B. James,,,,,,,,,,,3,Guard,G,Guard,,249,,,2,Inactive,inactive,,,,false
2008,6870,d6561971-c7bd-cd5f-3a19-72e0e42f0e05,s:40~l:54~a:6870,jeanette-tucker,basketball,Jeanette,Tucker,Jeanette Tucker,Jeanette Tucker,J. Tucker,,,,,,,,,,,3,Guard,G,Guard,,6,,,2,Inactive,inactive,,,,false
2008,6872,80e024fb-2878-4653-e9d3-bf3f1484c6d5,s:40~l:54~a:6872,tagan-hatchett,basketball,Tagan,Hatchett,Tagan Hatchett,Tagan Hatchett,T. Hatchett,,,,,,,,,,4  ,3,Guard,G,Guard,,236,,,2,Inactive,inactive,,,,false
2008,6873,3e0de0a5-3289-a535-d41e-39dde11e58f7,s:40~l:54~a:6873,shanara-hollinquest,basketball,Shanara,Hollinquest,Shanara Hollinquest,Shanara Hollinquest,S. Hollinquest,,,,,,,,,,50 ,2,Forward,F,Forward,,236,,,2,Inactive,inactive,,,,false
2008,6875,5c1bed47-fdc9-915a-5cdf-4160c3ec08ec,s:40~l:54~a:6875,amy-mohr,basketball,Amy,Mohr,Amy Mohr,Amy Mohr,A. Mohr,,,,,,,,,,,3,Guard,G,Guard,,236,,,2,Inactive,inactive,,,,false
2008,6894,dc1da3bb-52b3-404a-7da4-453324704212,s:40~l:54~a:6894,heather-bowman,basketball,Heather,Bowman,Heather Bowman,Heather Bowman,H. Bowman,,,,,,,,,,30 ,2,Forward,F,Forward,,2250,,,2,Inactive,inactive,,,,false
2008,6896,954ffafb-27b9-1a1e-8eb1-e1b6c06cd5e5,s:40~l:54~a:6896,michelle-elliott,basketball,Michelle,Elliott,Michelle Elliott,Michelle Elliott,M. Elliott,,,,,,,,,,,3,Guard,G,Guard,,2250,,,2,Inactive,inactive,,,,false
2008,6898,0e5bc14a-560a-5a67-6e59-75b282ba2d67,s:40~l:54~a:6898,vivian-frieson,basketball,Vivian,Frieson,Vivian Frieson,Vivian Frieson,V. Frieson,,,,,,,,,,44 ,2,Forward,F,Forward,,2250,,,2,Inactive,inactive,,,,false
2008,6900,02e2e888-3341-a103-c795-66952e89df8f,s:40~l:54~a:6900,tiffanie-shives,basketball,Tiffanie,Shives,Tiffanie Shives,Tiffanie Shives,T. Shives,,,,,,,,,,34 ,3,Guard,G,Guard,,2250,,,2,Inactive,inactive,,,,false
2008,6906,a43d9290-32a4-1ff1-7c7b-c7b9504822c3,s:40~l:54~a:6906,shanavia-dowdell,basketball,Shanavia,Dowdell,Shanavia Dowdell,Shanavia Dowdell,S. Dowdell,,,,,,,,,,,2,Forward,F,Forward,,2348,,,2,Inactive,inactive,,,,false
2008,6927,8f2b142f-64fb-6f8e-8adc-3cd31bc2819e,s:40~l:54~a:6927,emily-cournoyer,basketball,Emily,Cournoyer,Emily Cournoyer,Emily Cournoyer,E. Cournoyer,,,,,,,,,,,2,Forward,F,Forward,,2507,,,2,Inactive,inactive,,,,false
2008,6929,ce551af2-7765-d19d-9902-524e0eff7d97,s:40~l:54~a:6929,kendria-holmes,basketball,Kendria,Holmes,Kendria Holmes,Kendria Holmes,K. Holmes,,,,,,,,,,,3,Guard,G,Guard,,2429,,,2,Inactive,inactive,,,,false
2008,6933,c31f87cf-91b1-fff6-dcdc-697efe2e3e2e,s:40~l:54~a:6933,kenzie-rich,basketball,Kenzie,Rich,Kenzie Rich,Kenzie Rich,K. Rich,,,,,,,,,,5  ,3,Guard,G,Guard,,98,,,2,Inactive,inactive,,,,false
2008,6942,3f07d886-c22e-7b19-97ba-942cfa034f0e,s:40~l:54~a:6942,hope-foster,basketball,Hope,Foster,Hope Foster,Hope Foster,H. Foster,,,,,,,,,,,1,Center,C,Center,,2083,,,2,Inactive,inactive,,,,false
2008,6943,974a547f-68aa-0495-f412-47eb4874ae21,s:40~l:54~a:6943,lauren-schober,basketball,Lauren,Schober,Lauren Schober,Lauren Schober,L. Schober,,,,,,,,,,32 ,2,Forward,F,Forward,,2083,,,2,Inactive,inactive,,,,false
2008,6945,ed4982f2-f6fe-0321-b227-c2c37d89d18d,s:40~l:54~a:6945,amanda-brown,basketball,Amanda,Brown,Amanda Brown,Amanda Brown,A. Brown,,,,,,,,,,12 ,3,Guard,G,Guard,,2083,,,2,Inactive,inactive,,,,false
2008,6946,632bc0ef-15df-422e-1329-aedd46f2e68a,s:40~l:54~a:6946,kesha-champion,basketball,Kesha,Champion,Kesha Champion,Kesha Champion,K. Champion,,,,,,,,,,,3,Guard,G,Guard,,2083,,,2,Inactive,inactive,,,,false
2008,6948,212633e0-85bf-a692-e943-245615cd00e6,s:40~l:54~a:6948,kristina-collymore,basketball,Kristina,Collymore,Kristina Collymore,Kristina Collymore,K. Collymore,,,,,,,,,,,3,Guard,G,Guard,,2083,,,2,Inactive,inactive,,,,false
2008,6969,edb61216-7a0d-06a1-ff79-d0e5f297f28a,s:40~l:54~a:6969,sara-tuomi,basketball,Sara,Tuomi,Sara Tuomi,Sara Tuomi,S. Tuomi,,,,,,,,,,,2,Forward,F,Forward,,2692,,,2,Inactive,inactive,,,,false
2008,6970,5059f394-6db3-5939-e803-f8a22262c7ed,s:40~l:54~a:6970,jessica-smith,basketball,Jessica,Smith,Jessica Smith,Jessica Smith,J. Smith,,,,,,,,,,,2,Forward,F,Forward,,2692,,,2,Inactive,inactive,,,,false
2008,6974,84b8ae9c-158e-5d15-3d36-977dfcb5c7c7,s:40~l:54~a:6974,tashina-taylor,basketball,Tashina,Taylor,Tashina Taylor,Tashina Taylor,T. Taylor,,,,,,,,,,,2,Forward,F,Forward,,2692,,,2,Inactive,inactive,,,,false
2008,6975,97ecc935-605c-e917-867e-ed7dcd66d125,s:40~l:54~a:6975,janie-rayback,basketball,Janie,Rayback,Janie Rayback,Janie Rayback,J. Rayback,,,,,,,,,,,1,Center,C,Center,,2692,,,2,Inactive,inactive,,,,false
2008,6977,6cad1e82-ffbb-0e07-8903-2de5d2136442,s:40~l:54~a:6977,tonya-schnibbe,basketball,Tonya,Schnibbe,Tonya Schnibbe,Tonya Schnibbe,T. Schnibbe,,,,,,,,,,,3,Guard,G,Guard,,2692,,,2,Inactive,inactive,,,,false
2008,6981,56c4757c-c32a-7527-5c0e-dc368709de6b,s:40~l:54~a:6981,ashley-cheesman,basketball,Ashley,Cheesman,Ashley Cheesman,Ashley Cheesman,A. Cheesman,,,,,,,,,,,2,Forward,F,Forward,,252,,,2,Inactive,inactive,,,,false
2008,6984,c8f89463-96da-b884-d8f8-692c014cb0e4,s:40~l:54~a:6984,toy-richbow,basketball,Toy,Richbow,Toy Richbow,Toy Richbow,T. Richbow,,,,,,,,,,11 ,3,Guard,G,Guard,,142,,,2,Inactive,inactive,,,,false
2008,6985,e771b31a-41dd-caad-0211-6f6e374c851c,s:40~l:54~a:6985,jessra-johnson,basketball,Jessra,Johnson,Jessra Johnson,Jessra Johnson,J. Johnson,,,,,,,,,,4  ,2,Forward,F,Forward,,142,,,2,Inactive,inactive,,,,false
2008,6986,f55fb7b2-29ce-92a6-364d-b3ee0743236d,s:40~l:54~a:6986,amanda-hanneman,basketball,Amanda,Hanneman,Amanda Hanneman,Amanda Hanneman,A. Hanneman,,,,,,,,,,24 ,2,Forward,F,Forward,,142,,,2,Inactive,inactive,,,,false
2008,6994,2b999109-15f0-4484-ec34-7c44ff22d55f,s:40~l:54~a:6994,amanda-kemezys,basketball,Amanda,Kemezys,Amanda Kemezys,Amanda Kemezys,A. Kemezys,,,,,,,,,,,1,Center,C,Center,,139,,,2,Inactive,inactive,,,,false
2008,6996,bbff734d-f10d-71c4-17d8-93eb94c13337,s:40~l:54~a:6996,michelle-grohs,basketball,Michelle,Grohs,Michelle Grohs,Michelle Grohs,M. Grohs,,,,,,,,,,24 ,3,Guard,G,Guard,,304,,,2,Inactive,inactive,,,,false
2008,6997,cb8fd427-46d5-2c9d-e83f-46e66157f325,s:40~l:54~a:6997,devin-diehl,basketball,Devin,Diehl,Devin Diehl,Devin Diehl,D. Diehl,,,,,,,,,,30 ,3,Guard,G,Guard,,304,,,2,Inactive,inactive,,,,false
2008,6998,c232a4eb-f023-c6ee-28f4-34805e2e1010,s:40~l:54~a:6998,natalie-doma,basketball,Natalie,Doma,Natalie Doma,Natalie Doma,N. Doma,,,,,,,,,,,0,Not Available,NA,Not Available,,,,,2,Inactive,inactive,,,,false
2008,7001,355f9d44-315d-de5e-dd6f-9878015172d8,s:40~l:54~a:7001,oana-iacovita,basketball,Oana,Iacovita,Oana Iacovita,Oana Iacovita,O. Iacovita,,,,,,,,,,21 ,2,Forward,F,Forward,,304,,,2,Inactive,inactive,,,,false
2008,7005,2bf4f347-6a51-d432-642a-d44de9e128d6,s:40~l:54~a:7005,jenna-brown,basketball,Jenna,Brown,Jenna Brown,Jenna Brown,J. Brown,,,,,,,,,,3  ,3,Guard,G,Guard,,304,,,2,Inactive,inactive,,,,false
2008,7006,4ef7ff2a-c351-ac97-a1f9-d1f025141132,s:40~l:54~a:7006,natasha-graboski,basketball,Natasha,Graboski,Natasha Graboski,Natasha Graboski,N. Graboski,,,,,,,,,,,1,Center,C,Center,,2132,,,2,Inactive,inactive,,,,false
2008,7008,69d86993-745b-e964-e512-685d36bf7780,s:40~l:54~a:7008,brittany-dorsey,basketball,Brittany,Dorsey,Brittany Dorsey,Brittany Dorsey,B. Dorsey,,,,,,,,,,,3,Guard,G,Guard,,2507,,,2,Inactive,inactive,,,,false
2008,7020,ac9cbf4b-05b8-c59b-1daf-ffe75706591c,s:40~l:54~a:7020,tiara-headen,basketball,Tiara,Headen,Tiara Headen,Tiara Headen,T. Headen,,,,,,,,,,,0,Not Available,NA,Not Available,,,,,2,Inactive,inactive,,,,false
2008,7021,9fe929e5-97bb-adf6-fa51-aea1a20ce602,s:40~l:54~a:7021,lauren-defalco,basketball,Lauren,DeFalco,Lauren DeFalco,Lauren DeFalco,L. DeFalco,,,,,,,,,,,0,Not Available,NA,Not Available,,,,,2,Inactive,inactive,,,,false
2008,7023,6a0fb9f6-1255-67a1-19e9-fa4bd360e3b4,s:40~l:54~a:7023,jessica-smith,basketball,Jessica,Smith,Jessica Smith,Jessica Smith,J. Smith,,,,,,,,,,,0,Not Available,NA,Not Available,,,,,2,Inactive,inactive,,,,false
2008,7024,0e5dac76-63c0-2b1b-3932-8a00c196c7ec,s:40~l:54~a:7024,anna-mclean,basketball,Anna,McLean,Anna McLean,Anna McLean,A. McLean,,,,,,,,,,,2,Forward,F,Forward,,314,,,2,Inactive,inactive,,,,false
2008,7026,76c9d735-9882-cb2d-72e3-45e3717f72fc,s:40~l:54~a:7026,jackie-marshall,basketball,Jackie,Marshall,Jackie Marshall,Jackie Marshall,J. Marshall,69.0,"5' 9""",,,,,Hackensack,NJ,USA,5,3,Guard,G,Guard,,2261,,4,2,Inactive,inactive,,,,false
2008,7031,3a7e6a87-e366-1528-4783-03fc5b535354,s:40~l:54~a:7031,kendra-reed,basketball,Kendra,Reed,Kendra Reed,Kendra Reed,K. Reed,,,,,,,,,,,3,Guard,G,Guard,,2572,,,2,Inactive,inactive,,,,false
2008,7033,e515894b-3767-f5ab-e287-06e8292696e1,s:40~l:54~a:7033,liz-biland,basketball,Liz,Biland,Liz Biland,Liz Biland,L. Biland,,,,,,,,,,,0,Not Available,NA,Not Available,,,,,2,Inactive,inactive,,,,false
2008,7035,5905c4c3-0635-dfc2-ed65-555d19b1df7a,s:40~l:54~a:7035,amber-eugene,basketball,Amber,Eugene,Amber Eugene,Amber Eugene,A. Eugene,,,,,,,,,,,3,Guard,G,Guard,,2572,,,2,Inactive,inactive,,,,false
2008,7037,af74efdd-db0c-e587-699a-90c02439c541,s:40~l:54~a:7037,andrea-cihal,basketball,Andrea,Cihal,Andrea Cihal,Andrea Cihal,A. Cihal,,,,,,,,,,,2,Forward,F,Forward,,261,,,2,Inactive,inactive,,,,false
2008,7039,2fe7ff0e-9094-a38e-ddf0-01c1922b9e4a,s:40~l:54~a:7039,may-kotsopoulos,basketball,May,Kotsopoulos,May Kotsopoulos,May Kotsopoulos,M. Kotsopoulos,,,,,,,,,,,3,Guard,G,Guard,,261,,,2,Inactive,inactive,,,,false
2008,7040,e3959bce-7cfc-2038-3996-103bdffa3db1,s:40~l:54~a:7040,amy-rosenkrantz,basketball,Amy,Rosenkrantz,Amy Rosenkrantz,Amy Rosenkrantz,A. Rosenkrantz,,,,,,,,,,,3,Guard,G,Guard,,261,,,2,Inactive,inactive,,,,false
2008,7041,7e38d75e-cfd6-5075-d8c5-74d84fda7cbd,s:40~l:54~a:7041,courtnay-pilypaitis,basketball,Courtnay,Pilypaitis,Courtnay Pilypaitis,Courtnay Pilypaitis,C. Pilypaitis,,,,,,,,,,,3,Guard,G,Guard,,261,,,2,Inactive,inactive,,,,false
2008,7043,99920c87-56ba-abd6-04c2-2e69606351bf,s:40~l:54~a:7043,sara-fenton,basketball,Sara,Fenton,Sara Fenton,Sara Fenton,S. Fenton,,,,,,,,,,,0,Not Available,NA,Not Available,,,,,2,Inactive,inactive,,,,false
2008,7044,6b671276-18d5-c2b0-09c1-a8f7a0dbb620,s:40~l:54~a:7044,sy-janousek,basketball,Sy,Janousek,Sy Janousek,Sy Janousek,S. Janousek,,,,,,,,,,,3,Guard,G,Guard,,261,,,2,Inactive,inactive,,,,false
2008,7045,58cf66ca-5ef4-de24-795c-15b804c77ed3,s:40~l:54~a:7045,alissa-sheftic,basketball,Alissa,Sheftic,Alissa Sheftic,Alissa Sheftic,A. Sheftic,,,,,,,,,,,2,Forward,F,Forward,,261,,,2,Inactive,inactive,,,,false
2008,7049,7d042673-7492-5d24-4f83-ec0d3f878571,s:40~l:54~a:7049,anne-westwood,basketball,Anne,Westwood,Anne Westwood,Anne Westwood,A. Westwood,,,,,,,,,,,0,Not Available,NA,Not Available,,,,,2,Inactive,inactive,,,,false
2008,7051,86ccb738-bf81-96b7-59be-1019847389f4,s:40~l:54~a:7051,aubrey-mackintosh,basketball,Aubrey,Mackintosh,Aubrey Mackintosh,Aubrey Mackintosh,A. Mackintosh,,,,,,,,,,,0,Not Available,NA,Not Available,,,,,2,Inactive,inactive,,,,false
2008,7060,75a22da8-394d-1e0c-c6d0-2f09934141a3,s:40~l:54~a:7060,nicole-trott,basketball,Nicole,Trott,Nicole Trott,Nicole Trott,N. Trott,,,,,,,,,,,0,Not Available,NA,Not Available,,,,,2,Inactive,inactive,,,,false
2008,7062,9289f52e-b03e-68b0-5ca6-666057b26620,s:40~l:54~a:7062,gabriela-marginean,basketball,Gabriela,Marginean,Gabriela Marginean,Gabriela Marginean,G. Marginean,,,,,,,,,,,2,Forward,F,Forward,,2182,,,2,Inactive,inactive,,,,false
2008,7065,843dc9ca-3f37-616f-b75e-0a857ff590ed,s:40~l:54~a:7065,andrea-peterson,basketball,Andrea,Peterson,Andrea Peterson,Andrea Peterson,A. Peterson,,,,,,,,,,,3,Guard,G,Guard,,2182,,,2,Inactive,inactive,,,,false
2008,7066,e5c6cfed-a5f7-846c-fe84-73e2d5d3c609,s:40~l:54~a:7066,narissa-suber,basketball,Narissa,Suber,Narissa Suber,Narissa Suber,N. Suber,,,,,,,,,,,0,Not Available,NA,Not Available,,,,,2,Inactive,inactive,,,,false
2008,7068,e6cd3aac-ffc1-12c1-838b-18e3e446f55b,s:40~l:54~a:7068,delise-johnson,basketball,Delise,Johnson,Delise Johnson,Delise Johnson,D. Johnson,,,,,,,,,,,0,Not Available,NA,Not Available,,,,,2,Inactive,inactive,,,,false
2008,7070,753bd9a8-1001-4854-aa9b-91aaca773cf6,s:40~l:54~a:7070,ethlynne-thomas,basketball,Ethlynne,Thomas,Ethlynne Thomas,Ethlynne Thomas,E. Thomas,,,,,,,,,,24 ,2,Forward,F,Forward,,48,,,2,Inactive,inactive,,,,false
2008,7075,05fc9d5a-9153-dc50-f589-8b41a1d9f07b,s:40~l:54~a:7075,brittany-boser,basketball,Brittany,Boser,Brittany Boser,Brittany Boser,B. Boser,,,,,,,,,,,2,Forward,F,Forward,,311,,,2,Inactive,inactive,,,,false
2008,7076,212fc77a-5acd-615f-3c9d-b9bada8f56cb,s:40~l:54~a:7076,kristin-baker,basketball,Kristin,Baker,Kristin Baker,Kristin Baker,K. Baker,,,,,,,,,,,3,Guard,G,Guard,,311,,,2,Inactive,inactive,,,,false
2008,7085,74392ee4-c5e2-8450-73d2-ea3eccf54481,s:40~l:54~a:7085,rachel-warren,basketball,Rachel,Warren,Rachel Warren,Rachel Warren,R. Warren,,,,,,,,,,,0,Not Available,NA,Not Available,,,,,2,Inactive,inactive,,,,false
2008,7086,a739a2f2-3f45-6ab0-1d76-b5226f89b488,s:40~l:54~a:7086,allyson-sievers,basketball,Allyson,Sievers,Allyson Sievers,Allyson Sievers,A. Sievers,,,,,,,,,,,2,Forward,F,Forward,,2501,,,2,Inactive,inactive,,,,false
2008,7087,728abade-b516-cbbe-05de-c2b59e8391a8,s:40~l:54~a:7087,laiken-dollente,basketball,Laiken,Dollente,Laiken Dollente,Laiken Dollente,L. Dollente,,,,,,,,,,,3,Guard,G,Guard,,2501,,,2,Inactive,inactive,,,,false
2008,7091,b26daf29-093d-bef5-00cd-5895c6968b61,s:40~l:54~a:7091,karlie-burris,basketball,Karlie,Burris,Karlie Burris,Karlie Burris,K. Burris,71.0,"5' 11""",,,,,Tucson,AZ,USA,,9,Guard/Forward,G-F,Guard/Forward,,2501,,,2,Inactive,inactive,,,,false
2008,7093,58a46e90-471a-e66e-2da3-9fdcbedaa8eb,s:40~l:54~a:7093,kendra-morris,basketball,Kendra,Morris,Kendra Morris,Kendra Morris,K. Morris,,,,,,,,,,,0,Not Available,NA,Not Available,,,,,2,Inactive,inactive,,,,false
2008,7098,c300d2a5-3426-066e-f59c-081fa04aca85,s:40~l:54~a:7098,sam-brigham,basketball,Sam,Brigham,Sam Brigham,Sam Brigham,S. Brigham,,,,,,,,,,13 ,3,Guard,G,Guard,,2275,,,2,Inactive,inactive,,,,false
2008,7100,37d868c8-4b8b-5546-507f-ec599e6048d3,s:40~l:54~a:7100,valerie-ogoke,basketball,Valerie,Ogoke,Valerie Ogoke,Valerie Ogoke,V. Ogoke,,,,,,,,,,,0,Not Available,NA,Not Available,,,,,2,Inactive,inactive,,,,false
2008,7110,4bb85973-c227-7388-7613-be9999629ba5,s:40~l:54~a:7110,elizabeth-doran,basketball,Elizabeth,Doran,Elizabeth Doran,Elizabeth Doran,E. Doran,,,,,,,,,,,3,Guard,G,Guard,,2541,,,2,Inactive,inactive,,,,false
2008,7111,2928436b-f37d-d468-4c5e-f2b297c9e187,s:40~l:54~a:7111,cassady-moore,basketball,Cassady,Moore,Cassady Moore,Cassady Moore,C. Moore,,,,,,,,,,,3,Guard,G,Guard,,2351,,,2,Inactive,inactive,,,,false
2008,7114,2f5550ff-4212-68cc-3b02-77c264ebe16f,s:40~l:54~a:7114,carolyn-whitney,basketball,Carolyn,Whitney,Carolyn Whitney,Carolyn Whitney,C. Whitney,,,,,,,,,,,3,Guard,G,Guard,,290,,,2,Inactive,inactive,,,,false
2008,7115,e30163df-a7c7-d7a5-e0e0-2f5fd1c8cb64,s:40~l:54~a:7115,shawnda-atwood,basketball,Shawnda,Atwood,Shawnda Atwood,Shawnda Atwood,S. Atwood,,,,,,,,,,,0,Not Available,NA,Not Available,,,,,2,Inactive,inactive,,,,false
2008,7117,eac716c2-20d3-17e9-433c-8bd1395155ea,s:40~l:54~a:7117,tiffany-brown,basketball,TIffany,Brown,TIffany Brown,TIffany Brown,T. Brown,,,,,,,,,,,0,Not Available,NA,Not Available,,,,,2,Inactive,inactive,,,,false
2008,7119,fe50e3e2-773b-682a-1958-18f59499c4e5,s:40~l:54~a:7119,lauren-powell,basketball,Lauren,Powell,Lauren Powell,Lauren Powell,L. Powell,,,,,,,,,,23 ,3,Guard,G,Guard,,2717,,,2,Inactive,inactive,,,,false
2008,7121,56851da1-b91e-b180-2ae0-6c033f07d408,s:40~l:54~a:7121,christa-waterman,basketball,Christa,Waterman,Christa Waterman,Christa Waterman,C. Waterman,,,,,,,,,,,0,Not Available,NA,Not Available,,,,,2,Inactive,inactive,,,,false
2008,7122,5cdc64b8-4843-c913-fd94-62992ac11dc2,s:40~l:54~a:7122,jessica-geiger,basketball,Jessica,Geiger,Jessica Geiger,Jessica Geiger,J. Geiger,,,,,,,,,,,2,Forward,F,Forward,,290,,,2,Inactive,inactive,,,,false
2008,7123,3b6406c0-6e60-0074-c1ff-5da89dedd58b,s:40~l:54~a:7123,kendra-eaton,basketball,Kendra,Eaton,Kendra Eaton,Kendra Eaton,K. Eaton,72.0,"6' 0""",,,,,Winston-Salem,NC,USA,44 ,2,Forward,F,Forward,,2717,,,2,Inactive,inactive,,,,false
2008,7124,6b3fe47c-2ffa-557c-d16a-49eab1c09474,s:40~l:54~a:7124,ashley-melson,basketball,Ashley,Melson,Ashley Melson,Ashley Melson,A. Melson,,,,,,,,,,,3,Guard,G,Guard,,290,,,2,Inactive,inactive,,,,false
2008,7127,65775bb6-ec3f-a961-db36-ffce17f3224a,s:40~l:54~a:7127,jlisia-ogburn,basketball,J'Lisia,Ogburn,J'Lisia Ogburn,J'Lisia Ogburn,J. Ogburn,,,,,,,,,,,2,Forward,F,Forward,,290,,,2,Inactive,inactive,,,,false
2008,7137,9a6a3e4d-c512-0f8c-c8bf-cbb98e16e94a,s:40~l:54~a:7137,alesia-barringer,basketball,Alesia,Barringer,Alesia Barringer,Alesia Barringer,A. Barringer,,,,,,,,,,12 ,3,Guard,G,Guard,,2752,,,2,Inactive,inactive,,,,false
2008,7155,960e1ea6-cfe8-e2ad-006a-4bd9b6b91af9,s:40~l:54~a:7155,lisa-helmers,basketball,Lisa,Helmers,Lisa Helmers,Lisa Helmers,L. Helmers,,,,,,,,,,,3,Guard,G,Guard,,2351,,,2,Inactive,inactive,,,,false
2008,7157,27411ebc-ac1f-ad44-f537-2aa629e7f5c8,s:40~l:54~a:7157,tara-watts,basketball,Tara,Watts,Tara Watts,Tara Watts,T. Watts,,,,,,,,,,10 ,3,Guard,G,Guard,,242,,,2,Inactive,inactive,,,,false
2008,7159,1e965b79-ab08-33ae-6565-c5c677dbf654,s:40~l:54~a:7159,jernisha-cann,basketball,Jernisha,Cann,Jernisha Cann,Jernisha Cann,J. Cann,,,,,,,,,,,2,Forward,F,Forward,,85,,,2,Inactive,inactive,,,,false
2008,7160,c0058dc7-f92c-6f08-819e-87791e785c41,s:40~l:54~a:7160,julia-whitted,basketball,Julia,Whitted,Julia Whitted,Julia Whitted,J. Whitted,,,,,,,,,,,1,Center,C,Center,,85,,,2,Inactive,inactive,,,,false
2008,7162,0d5acb7e-90e7-988f-cdaa-22cc160e3dcf,s:40~l:54~a:7162,amy-cook,basketball,Amy,Cook,Amy Cook,Amy Cook,A. Cook,,,,,,,,,,,0,Not Available,NA,Not Available,,,,,2,Inactive,inactive,,,,false
2008,7164,b6992c24-64e2-9b1f-bb4a-a76e925ad732,s:40~l:54~a:7164,nnenna-akotaobi,basketball,Nnenna,Akotaobi,Nnenna Akotaobi,Nnenna Akotaobi,N. Akotaobi,,,,,,,,,,,2,Forward,F,Forward,,2172,,,2,Inactive,inactive,,,,false
2008,7165,728905ca-11da-15b9-c0ca-86a7ec93a2d4,s:40~l:54~a:7165,sara-benham,basketball,Sara,Benham,Sara Benham,Sara Benham,S. Benham,,,,,,,,,,,0,Not Available,NA,Not Available,,,,,2,Inactive,inactive,,,,false
2008,7167,0e89fbaf-6bc3-70b8-29dd-b6dac36a394d,s:40~l:54~a:7167,alisha-godette,basketball,Alisha,Godette,Alisha Godette,Alisha Godette,A. Godette,,,,,,,,,,,0,Not Available,NA,Not Available,,,,,2,Inactive,inactive,,,,false
2008,7168,516143d9-0f59-c884-c22a-07576effea45,s:40~l:54~a:7168,brooke-meyer,basketball,Brooke,Meyer,Brooke Meyer,Brooke Meyer,B. Meyer,,,,,,,,,,,0,Not Available,NA,Not Available,,,,,2,Inactive,inactive,,,,false
2008,7169,906656bc-3a71-7178-ce05-1dc03c81e178,s:40~l:54~a:7169,sara-bents,basketball,Sara,Bents,Sara Bents,Sara Bents,S. Bents,,,,,,,,,,,2,Forward,F,Forward,,2172,,,2,Inactive,inactive,,,,false
2008,7171,18ef23f4-683b-0c80-0163-4d006daef4ad,s:40~l:54~a:7171,andie-mason,basketball,Andie,Mason,Andie Mason,Andie Mason,A. Mason,,,,,,,,,,,3,Guard,G,Guard,,2172,,,2,Inactive,inactive,,,,false
2008,7177,2860005d-e23c-e6dd-702c-df52f090d266,s:40~l:54~a:7177,veronica-smith,basketball,Veronica,Smith,Veronica Smith,Veronica Smith,V. Smith,,,,,,,,,,24 ,3,Guard,G,Guard,,2032,,,2,Inactive,inactive,,,,false
2008,7178,2d8527d6-d659-4bd2-0132-b5195c2d4376,s:40~l:54~a:7178,jazmine-taylor,basketball,Jazmine,Taylor,Jazmine Taylor,Jazmine Taylor,J. Taylor,,,,,,,,,,1  ,3,Guard,G,Guard,,2032,,,2,Inactive,inactive,,,,false
2008,7180,b0eb3949-b264-dcc7-7fe7-140b27a3d0cd,s:40~l:54~a:7180,lyndsay-schlup,basketball,Lyndsay,Schlup,Lyndsay Schlup,Lyndsay Schlup,L. Schlup,,,,,,,,,,30 ,2,Forward,F,Forward,,2032,,,2,Inactive,inactive,,,,false
2008,7183,85cf8ff8-6aeb-8c1f-d819-af7a7e46500c,s:40~l:54~a:7183,chanica-hall,basketball,Chanica,Hall,Chanica Hall,Chanica Hall,C. Hall,,,,,,,,,,,3,Guard,G,Guard,,2174,,,2,Inactive,inactive,,,,false
2008,7184,091f5972-5fbe-9543-a759-b1d39cc634cb,s:40~l:54~a:7184,cierra-thurman,basketball,Cierra,Thurman,Cierra Thurman,Cierra Thurman,C. Thurman,,,,,,,,,,,0,Not Available,NA,Not Available,,,,,2,Inactive,inactive,,,,false
2008,7189,84577228-3973-d6ad-b313-d44b2a00bd1c,s:40~l:54~a:7189,janae-voelker,basketball,Janae,Voelker,Janae Voelker,Janae Voelker,J. Voelker,,,,,,,,,,11 ,3,Guard,G,Guard,,198,,,2,Inactive,inactive,,,,false
2008,7190,dd8a5bbf-9aa4-7b9f-ab99-542ee1c1583e,s:40~l:54~a:7190,mariana-camargo,basketball,Mariana,Camargo,Mariana Camargo,Mariana Camargo,M. Camargo,,,,,,,,,,1  ,3,Guard,G,Guard,,198,,,2,Inactive,inactive,,,,false
2008,7191,afdd0754-fac7-706c-e164-9726ddc36e6a,s:40~l:54~a:7191,rachel-watman,basketball,Rachel,Watman,Rachel Watman,Rachel Watman,R. Watman,,,,,,,,,,,0,Not Available,NA,Not Available,,,,,2,Inactive,inactive,,,,false
2008,7192,df6f9981-2dde-44da-cff5-297d7a2aef80,s:40~l:54~a:7192,jenny-hardin,basketball,Jenny,Hardin,Jenny Hardin,Jenny Hardin,J. Hardin,,,,,,,,,,12 ,2,Forward,F,Forward,,198,,,2,Inactive,inactive,,,,false
2008,7195,f2f441fa-4fe7-8618-2845-981ac3988f20,s:40~l:54~a:7195,jessie-wilcox,basketball,Jessie,Wilcox,Jessie Wilcox,Jessie Wilcox,J. Wilcox,,,,,,,,,,,3,Guard,G,Guard,,2459,,,2,Inactive,inactive,,,,false
2008,7196,702296a8-8b0b-f0a4-a5b3-37c9948ade15,s:40~l:54~a:7196,whitney-lowe,basketball,Whitney,Lowe,Whitney Lowe,Whitney Lowe,W. Lowe,,,,,,,,,,,0,Not Available,NA,Not Available,,,,,2,Inactive,inactive,,,,false
2008,7198,711429d4-907d-1ed9-8de7-52f47e8f4ae8,s:40~l:54~a:7198,kylie-york,basketball,Kylie,York,Kylie York,Kylie York,K. York,,,,,,,,,,,3,Guard,G,Guard,,2459,,,2,Inactive,inactive,,,,false
2008,7204,32d08431-5792-598f-25f8-fca9f1574448,s:40~l:54~a:7204,marisa-jimenez,basketball,Marisa,Jimenez,Marisa Jimenez,Marisa Jimenez,M. Jimenez,,,,,,,,,,,3,Guard,G,Guard,,2405,,,2,Inactive,inactive,,,,false
2008,7206,7093dc8a-486d-58fb-94c4-a0e5e12729b4,s:40~l:54~a:7206,jennifer-bender,basketball,Jennifer,Bender,Jennifer Bender,Jennifer Bender,J. Bender,,,,,,,,,,,2,Forward,F,Forward,,2405,,,2,Inactive,inactive,,,,false
2008,7207,16bbca8a-9b32-59ab-a34b-c9f962a79f85,s:40~l:54~a:7207,nyaimah-ware,basketball,Nyaimah,Ware,Nyaimah Ware,Nyaimah Ware,N. Ware,,,,,,,,,,,0,Not Available,NA,Not Available,,,,,2,Inactive,inactive,,,,false
2008,7210,7f2d7864-6158-6e8a-062d-258704998ec1,s:40~l:54~a:7210,shanna-demus,basketball,Shanna,Demus,Shanna Demus,Shanna Demus,S. Demus,,,,,,,,,,,0,Not Available,NA,Not Available,,,,,2,Inactive,inactive,,,,false
2008,7214,8a54ef67-30ca-4b6b-d814-1c10617739fc,s:40~l:54~a:7214,quenese-davis,basketball,Quenese,Davis,Quenese Davis,Quenese Davis,Q. Davis,,,,,,,,,,,3,Guard,G,Guard,,21,,,2,Inactive,inactive,,,,false
2008,7216,cdd54180-d4ef-6d16-5a27-7fa10838c4ca,s:40~l:54~a:7216,lasandra-dixon,basketball,LaSandra,Dixon,LaSandra Dixon,LaSandra Dixon,L. Dixon,,,,,,,,,,,3,Guard,G,Guard,,21,,,2,Inactive,inactive,,,,false
2008,7219,68eb3954-ebf9-161a-8d35-43fbf89dd031,s:40~l:54~a:7219,maggie-smith-davidson,basketball,Maggie,Davidson,Maggie Smith Davidson,Maggie Smith Davidson,M. Davidson,,,,,,,,,,,0,Not Available,NA,Not Available,,,,,2,Inactive,inactive,,,,false
2008,7222,b3bb0d38-6630-f32b-d145-d8990d78421d,s:40~l:54~a:7222,liz-hayes,basketball,Liz,Hayes,Liz Hayes,Liz Hayes,L. Hayes,,,,,,,,,,,0,Not Available,NA,Not Available,,,,,2,Inactive,inactive,,,,false
2008,7223,9bc317c2-d5c7-1953-76e6-58e3317e84bd,s:40~l:54~a:7223,talicia-jackson,basketball,Talicia,Jackson,Talicia Jackson,Talicia Jackson,T. Jackson,,,,,,,,,,,3,Guard,G,Guard,,44,,,2,Inactive,inactive,,,,false
2008,7226,533467e5-921e-92ae-4057-2a0cb1c3c9b6,s:40~l:54~a:7226,stephanie-ngarsanet,basketball,Stephanie,N'Garsanet,Stephanie N'Garsanet,Stephanie N'Garsanet,S. N'Garsanet,,,,,,,,,,,0,Not Available,NA,Not Available,,,,,2,Inactive,inactive,,,,false
2008,7227,d78e3ea1-be39-d2cb-a790-518d23dbde0e,s:40~l:54~a:7227,pam-stanfield,basketball,Pam,Stanfield,Pam Stanfield,Pam Stanfield,P. Stanfield,,,,,,,,,,,3,Guard,G,Guard,,44,,,2,Inactive,inactive,,,,false
2008,7241,407c6e80-271b-8ece-71d6-ff52fb3fe8e5,s:40~l:54~a:7241,jaime-judkins,basketball,Jaime,Judkins,Jaime Judkins,Jaime Judkins,J. Judkins,,,,,,,,,,13 ,3,Guard,G,Guard,,252,,,2,Inactive,inactive,,,,false
2008,7243,b9dc208b-ad1f-def2-ec14-b41b9641e1f1,s:40~l:54~a:7243,coty-feest,basketball,Coty,Feest,Coty Feest,Coty Feest,C. Feest,,,,,,,,,,,0,Not Available,NA,Not Available,,,,,2,Inactive,inactive,,,,false
2008,7247,47c0055a-3947-3bcd-6f8e-b63cc3853d49,s:40~l:54~a:7247,kalee-whipple,basketball,Kalee,Whipple,Kalee Whipple,Kalee Whipple,K. Whipple,,,,,,,,,,2  ,2,Forward,F,Forward,,254,,,2,Inactive,inactive,,,,false
2008,7249,d1714bb0-0cf1-7f0c-11cc-bf56eec87070,s:40~l:54~a:7249,emily-carter,basketball,Emily,Carter,Emily Carter,Emily Carter,E. Carter,,,,,,,,,,15 ,2,Forward,F,Forward,,2628,,,2,Inactive,inactive,,,,false
2008,7250,e5000aa8-e33c-25e7-7874-e80e71f79f1c,s:40~l:54~a:7250,danielle-nunn,basketball,Danielle,Nunn,Danielle Nunn,Danielle Nunn,D. Nunn,,,,,,,,,,,3,Guard,G,Guard,,2655,,,2,Inactive,inactive,,,,false
2008,7253,1bcb34c1-9821-e4b2-964e-af416479b0d4,s:40~l:54~a:7253,kendra-walton,basketball,Kendra,Walton,Kendra Walton,Kendra Walton,K. Walton,,,,,,,,,,,2,Forward,F,Forward,,111,,,2,Inactive,inactive,,,,false
2008,7257,4eb99827-1411-860f-048c-f95e98f63195,s:40~l:54~a:7257,kandace-davis,basketball,Kandace,Davis,Kandace Davis,Kandace Davis,K. Davis,,,,,,,,,,,2,Forward,F,Forward,,119,,,2,Inactive,inactive,,,,false
2008,7258,76fe9504-5f38-c7bc-d807-527d8aeab4a4,s:40~l:54~a:7258,shanae-baker-brice,basketball,Shanae,Baker-Brice,Shanae Baker-Brice,Shanae Baker-Brice,S. Baker-Brice,,,,,,,,,,,3,Guard,G,Guard,,119,,,2,Inactive,inactive,,,,false
2008,7259,61bdf696-9cc4-ec72-5169-3eb948bc111c,s:40~l:54~a:7259,alis-freeman,basketball,Alis,Freeman,Alis Freeman,Alis Freeman,A. Freeman,,,,,,,,,,,3,Guard,G,Guard,,119,,,2,Inactive,inactive,,,,false
2008,7260,ac781c21-7eca-9899-15f0-1d44671ede09,s:40~l:54~a:7260,holly-mahan,basketball,Holly,Mahan,Holly Mahan,Holly Mahan,H. Mahan,,,,,,,,,,,0,Not Available,NA,Not Available,,,,,2,Inactive,inactive,,,,false
2008,7262,4330e1d2-0467-cbf1-ff25-5b20f9c5a136,s:40~l:54~a:7262,kelsey-kahle,basketball,Kelsey,Kahle,Kelsey Kahle,Kelsey Kahle,K. Kahle,,,,,,,,,,,3,Guard,G,Guard,,2502,,,2,Inactive,inactive,,,,false
2008,7264,34a745e3-40d3-d78c-0b80-cafd6d63ab0b,s:40~l:54~a:7264,delaney-conway,basketball,Delaney,Conway,Delaney Conway,Delaney Conway,D. Conway,,,,,,,,,,,0,Not Available,NA,Not Available,,,,,2,Inactive,inactive,,,,false
2008,7265,4530ce7f-7a70-fd6b-7939-6cca071495f4,s:40~l:54~a:7265,claire-faucher,basketball,Claire,Faucher,Claire Faucher,Claire Faucher,C. Faucher,,,,,,,,,,,3,Guard,G,Guard,,2502,,,2,Inactive,inactive,,,,false
2008,7267,8ed658a4-da71-da57-660f-e464fd85898a,s:40~l:54~a:7267,jamell-beasley,basketball,Jamell,Beasley,Jamell Beasley,Jamell Beasley,J. Beasley,,,,,,,,,,,0,Not Available,NA,Not Available,,,,,2,Inactive,inactive,,,,false
2008,7272,a66c6d72-fc7e-ab46-2c10-9ce27f29a75e,s:40~l:54~a:7272,haliena-snowden,basketball,Haliena,Snowden,Haliena Snowden,Haliena Snowden,H. Snowden,,,,,,,,,,,2,Forward,F,Forward,,119,,,2,Inactive,inactive,,,,false
2008,7275,6d8ade33-164f-174a-a089-49b91389ef6e,s:40~l:54~a:7275,krislyn-wallace,basketball,Krislyn,Wallace,Krislyn Wallace,Krislyn Wallace,K. Wallace,,,,,,,,,,,0,Not Available,NA,Not Available,,,,,2,Inactive,inactive,,,,false
2008,7276,1242031c-40bc-1186-8870-b665d83616d0,s:40~l:54~a:7276,rebecca-mercer,basketball,Rebecca,Mercer,Rebecca Mercer,Rebecca Mercer,R. Mercer,,,,,,,,,,,0,Not Available,NA,Not Available,,,,,2,Inactive,inactive,,,,false
2008,7277,48f02f24-e041-3262-00fd-e14020260118,s:40~l:54~a:7277,nubia-garcia,basketball,Nubia,Garcia,Nubia Garcia,Nubia Garcia,N. Garcia,,,,,,,,,,,2,Forward,F,Forward,,147,,,2,Inactive,inactive,,,,false
2008,7278,2faa8190-95d3-aa3a-d81c-a00e9911ef7a,s:40~l:54~a:7278,erica-perry,basketball,Erica,Perry,Erica Perry,Erica Perry,E. Perry,,,,,,,,,,,3,Guard,G,Guard,,147,,,2,Inactive,inactive,,,,false
2008,7281,bc3733e2-eb3d-f861-c514-81989e675b24,s:40~l:54~a:7281,anne-phippard,basketball,Anne,Phippard,Anne Phippard,Anne Phippard,A. Phippard,,,,,,,,,,,3,Guard,G,Guard,,147,,,2,Inactive,inactive,,,,false
2008,7284,2dad4ad9-99e3-f975-7923-aa693458f7fb,s:40~l:54~a:7284,levyna-ben,basketball,Levyna,Ben,Levyna Ben,Levyna Ben,L. Ben,,,,,,,,,,,0,Not Available,NA,Not Available,,,,,2,Inactive,inactive,,,,false
2008,7285,bc87857f-e563-822c-66d2-9054d72ce17e,s:40~l:54~a:7285,callie-goff,basketball,Callie,Goff,Callie Goff,Callie Goff,C. Goff,,,,,,,,,,,0,Not Available,NA,Not Available,,,,,2,Inactive,inactive,,,,false
2008,7287,72c4bf30-ce40-0e7b-701a-2a3bc8b985e7,s:40~l:54~a:7287,ashley-hluska,basketball,Ashley,Hluska,Ashley Hluska,Ashley Hluska,A. Hluska,,,,,,,,,,34 ,2,Forward,F,Forward,,82,,,2,Inactive,inactive,,,,false
2008,7288,0b9aea32-6b53-67e9-2393-b028c47a0136,s:40~l:54~a:7288,jessie-miller,basketball,Jessie,Miller,Jessie Miller,Jessie Miller,J. Miller,68.0,"5' 8""",,,,,Burnsville,MN,USA,3  ,3,Guard,G,Guard,,82,,,2,Inactive,inactive,,,,false
2008,7289,61159aa6-9060-8519-f469-e674a548e6ec,s:40~l:54~a:7289,cassie-johnson,basketball,Cassie,Johnson,Cassie Johnson,Cassie Johnson,C. Johnson,,,,,,,,,,21 ,1,Center,C,Center,,82,,,2,Inactive,inactive,,,,false
2008,7290,433420d5-4414-8931-3d7f-dc84481ef15e,s:40~l:54~a:7290,briana-hinkle,basketball,Briana,Hinkle,Briana Hinkle,Briana Hinkle,B. Hinkle,,,,,,,,,,12 ,3,Guard,G,Guard,,82,,,2,Inactive,inactive,,,,false
2008,7293,95e378f7-ce31-08da-c05a-e751bc84a761,s:40~l:54~a:7293,nina-uqdah,basketball,Nina,Uqdah,Nina Uqdah,Nina Uqdah,N. Uqdah,,,,,,,,,,12 ,2,Forward,F,Forward,,256,,,2,Inactive,inactive,,,,false
2008,7297,460260d8-c962-4cc3-cac8-e932b790e583,s:40~l:54~a:7297,jessica-bobbitt,basketball,Jessica,Bobbitt,Jessica Bobbitt,Jessica Bobbitt,J. Bobbitt,,,,,,,,,,41 ,3,Guard,G,Guard,,2057,,,2,Inactive,inactive,,,,false
2008,7299,fa8464d3-e671-9df8-729d-df182a82637b,s:40~l:54~a:7299,kristin-bunch,basketball,Kristin,Bunch,Kristin Bunch,Kristin Bunch,K. Bunch,,,,,,,,,,15 ,3,Guard,G,Guard,,2057,,,2,Inactive,inactive,,,,false
2008,7300,a7a9cadd-ccb9-6d02-2d6c-5088620187bc,s:40~l:54~a:7300,nichelle-akers,basketball,Nichelle,Akers,Nichelle Akers,Nichelle Akers,N. Akers,,,,,,,,,,,0,Not Available,NA,Not Available,,,,,2,Inactive,inactive,,,,false
2008,7301,6c9c5616-e4d2-83f4-1424-117631e56b3c,s:40~l:54~a:7301,siarre-evans,basketball,Siarre,Evans,Siarre Evans,Siarre Evans,S. Evans,,,,,,,,,,44 ,3,Guard,G,Guard,,2193,,,2,Inactive,inactive,,,,false
2008,7302,54506dcb-820c-843c-64ff-4aaa9b5a47dd,s:40~l:54~a:7302,jenny-norman,basketball,Jenny,Norman,Jenny Norman,Jenny Norman,J. Norman,,,,,,,,,,,0,Not Available,NA,Not Available,,,,,2,Inactive,inactive,,,,false
2008,7304,edc0ba0f-c7ba-4e3e-9487-0caa1a20eaef,s:40~l:54~a:7304,michele-devault,basketball,Michele,DeVault,Michele DeVault,Michele DeVault,M. DeVault,,,,,,,,,,,0,Not Available,NA,Not Available,,,,,2,Inactive,inactive,,,,false
2008,7306,19c7d9aa-979b-bcc3-416a-c53cd84fef91,s:40~l:54~a:7306,monique-jones,basketball,Monique',Jones,Monique' Jones,Monique' Jones,M. Jones,,,,,,,,,,45 ,2,Forward,F,Forward,,2181,,,2,Inactive,inactive,,,,false
2008,7307,5cb2b7ff-fae2-04ff-040e-d18c604b42fd,s:40~l:54~a:7307,lauren-dybing,basketball,Lauren,Dybing,Lauren Dybing,Lauren Dybing,L. Dybing,,,,,,,,,,34 ,2,Forward,F,Forward,,2181,,,2,Inactive,inactive,,,,false
2008,7308,e68d0c51-572a-f82a-2476-e92f43e06582,s:40~l:54~a:7308,lindsay-whorton,basketball,Lindsay,Whorton,Lindsay Whorton,Lindsay Whorton,L. Whorton,,,,,,,,,,,0,Not Available,NA,Not Available,,,,,2,Inactive,inactive,,,,false
2008,7310,e90409df-785b-bd80-a7c2-f105d175d5d8,s:40~l:54~a:7310,jessica-monroe,basketball,Jessica,Monroe,Jessica Monroe,Jessica Monroe,J. Monroe,,,,,,,,,,24 ,2,Forward,F,Forward,,2427,,,2,Inactive,inactive,,,,false
2008,7312,17064c46-e492-2d3f-d9bf-b1ebf1830469,s:40~l:54~a:7312,ana-baker,basketball,Ana,Baker,Ana Baker,Ana Baker,A. Baker,,,,,,,,,,23 ,3,Guard,G,Guard,,2427,,,2,Inactive,inactive,,,,false
2008,7315,a160b8b2-b66b-6548-1bd9-fb7ccb845b66,s:40~l:54~a:7315,corrie-fertitta,basketball,Corrie,Fertitta,Corrie Fertitta,Corrie Fertitta,C. Fertitta,,,,,,,,,,,0,Not Available,NA,Not Available,,,,,2,Inactive,inactive,,,,false
2008,7316,d6a2c931-49c7-47a8-5dae-e09ddbbb8438,s:40~l:54~a:7316,kelli-darden,basketball,Kelli,Darden,Kelli Darden,Kelli Darden,K. Darden,,,,,,,,,,,0,Not Available,NA,Not Available,,,,,2,Inactive,inactive,,,,false
2008,7318,9ffd1fe8-3399-4764-070a-384a965d5e2b,s:40~l:54~a:7318,vandy-pullen,basketball,Vandy,Pullen,Vandy Pullen,Vandy Pullen,V. Pullen,,,,,,,,,,,3,Guard,G,Guard,,2515,,,2,Inactive,inactive,,,,false
2008,7319,a9eed332-d5d1-b929-5182-3bbe400dc775,s:40~l:54~a:7319,johnette-walker,basketball,Johnette,Walker,Johnette Walker,Johnette Walker,J. Walker,,,,,,,,,,,3,Guard,G,Guard,,2515,,,2,Inactive,inactive,,,,false
2008,7326,a4d7eb10-eabe-d989-dc62-28c0c96c43ab,s:40~l:54~a:7326,kaniesha-agee,basketball,Kaniesha,Agee,Kaniesha Agee,Kaniesha Agee,K. Agee,,,,,,,,,,35 ,3,Guard,G,Guard,,2181,,,2,Inactive,inactive,,,,false
2008,7327,d2c93ecc-ebc6-69be-c972-1a0f8f1ab300,s:40~l:54~a:7327,brooke-sunday,basketball,Brooke,Sunday,Brooke Sunday,Brooke Sunday,B. Sunday,,,,,,,,,,,0,Not Available,NA,Not Available,,,,,2,Inactive,inactive,,,,false
2008,7329,e592aa18-7427-f686-bf87-e04f02708b2f,s:40~l:54~a:7329,stacy-shepard,basketball,Stacy,Shepard,Stacy Shepard,Stacy Shepard,S. Shepard,,,,,,,,,,,0,Not Available,NA,Not Available,,,,,2,Inactive,inactive,,,,false
2008,7331,5e120034-682b-f2d0-c0a0-637db1e89ff8,s:40~l:54~a:7331,taronda-wiles,basketball,TaRonda,Wiles,TaRonda Wiles,TaRonda Wiles,T. Wiles,,,,,,,,,,22 ,3,Guard,G,Guard,,2193,,,2,Inactive,inactive,,,,false
2008,7335,59b37c0f-ed2d-51bc-fb8a-03686515c98e,s:40~l:54~a:7335,latisha-belcher,basketball,Latisha,Belcher,Latisha Belcher,Latisha Belcher,L. Belcher,,,,,,,,,,50 ,2,Forward,F,Forward,,2193,,,2,Inactive,inactive,,,,false
2008,7340,b0998603-0c95-a23f-e535-fef3088ba5c8,s:40~l:54~a:7340,brittany-myers,basketball,Brittany,Myers,Brittany Myers,Brittany Myers,B. Myers,,,,,,,,,,,0,Not Available,NA,Not Available,,,,,2,Inactive,inactive,,,,false
2008,7343,fef2a293-b68b-bfd1-d289-9218e2a2c229,s:40~l:54~a:7343,thea-littlepage,basketball,Thea,Littlepage,Thea Littlepage,Thea Littlepage,T. Littlepage,,,,,,,,,,55 ,1,Center,C,Center,,2169,,,2,Inactive,inactive,,,,false
2008,7346,958dbc61-a129-92c3-7c5f-1511b3803180,s:40~l:54~a:7346,britney-griffin,basketball,Britney,Griffin,Britney Griffin,Britney Griffin,B. Griffin,,,,,,,,,,,0,Not Available,NA,Not Available,,,,,2,Inactive,inactive,,,,false
2008,7347,7ed0b51e-73c4-9f86-7cbd-855b98ef0c51,s:40~l:54~a:7347,corin-adams,basketball,Corin,Adams,Corin Adams,Corin Adams,C. Adams,,,,,,,,,,,3,Guard,G,Guard,,2415,,,2,Inactive,inactive,,,,false
2008,7349,c987bcb9-e6c6-9292-6fc3-a04f75bb79de,s:40~l:54~a:7349,shalane-price,basketball,Shalane,Price,Shalane Price,Shalane Price,S. Price,,,,,,,,,,,0,Not Available,NA,Not Available,,,,,2,Inactive,inactive,,,,false
2008,7351,27aeec98-40a8-843a-79e6-89323a9d30d5,s:40~l:54~a:7351,maryann-abanobi,basketball,Maryann,Abanobi,Maryann Abanobi,Maryann Abanobi,M. Abanobi,,,,,,,,,,,0,Not Available,NA,Not Available,,,,,2,Inactive,inactive,,,,false
2008,7360,e71d8633-6518-229d-a889-c82693475b28,s:40~l:54~a:7360,erin-dixon,basketball,Erin,Dixon,Erin Dixon,Erin Dixon,E. Dixon,,,,,,,,,,50 ,2,Forward,F,Forward,,250,,,2,Inactive,inactive,,,,false
2008,7363,edfbf2e4-fa12-e33b-23fd-3d38679f9e98,s:40~l:54~a:7363,aaries-reed,basketball,Aaries,Reed,Aaries Reed,Aaries Reed,A. Reed,,,,,,,,,,,3,Guard,G,Guard,,2415,,,2,Inactive,inactive,,,,false
2008,7368,8712af86-4ada-3add-f551-5ad788a3e965,s:40~l:54~a:7368,whitney-cormier,basketball,Whitney,Cormier,Whitney Cormier,Whitney Cormier,W. Cormier,,,,,,,,,,,3,Guard,G,Guard,,2617,,,2,Inactive,inactive,,,,false
2008,7374,d8bc8f4f-5e6b-cdc1-ef04-6db409ec8881,s:40~l:54~a:7374,phylicia-jones,basketball,Phylicia,Jones,Phylicia Jones,Phylicia Jones,P. Jones,,,,,,,,,,,2,Forward,F,Forward,,2415,,,2,Inactive,inactive,,,,false
2008,7381,4f2f242a-21ac-5220-66e5-bfe8e6b9c023,s:40~l:54~a:7381,jordann-plummer,basketball,Jordann,Plummer,Jordann Plummer,Jordann Plummer,J. Plummer,,,,,,,,,,21 ,3,Guard,G,Guard,,2181,,,2,Inactive,inactive,,,,false
2008,7382,48b2861f-288a-a8fd-be09-8ffaa251eec0,s:40~l:54~a:7382,mackenzie-butler,basketball,Mackenzie,Butler,Mackenzie Butler,Mackenzie Butler,M. Butler,,,,,,,,,,,0,Not Available,NA,Not Available,,,,,2,Inactive,inactive,,,,false
2008,7383,e2544ad4-2793-738a-46a3-02dd72cb9756,s:40~l:54~a:7383,missy-whitney,basketball,Missy,Whitney,Missy Whitney,Missy Whitney,M. Whitney,,,,,,,,,,,0,Not Available,NA,Not Available,,,,,2,Inactive,inactive,,,,false
2008,7384,41e4ca99-26e2-2a1b-2236-5319a305eb90,s:40~l:54~a:7384,sonya-daugherty,basketball,Sonya,Daugherty,Sonya Daugherty,Sonya Daugherty,S. Daugherty,,,,,,,,,,14 ,3,Guard,G,Guard,,2546,,,2,Inactive,inactive,,,,false
2008,7385,49329225-b34f-e173-c8b7-7ae60de55717,s:40~l:54~a:7385,ashley-lovelady,basketball,Ashley,Lovelady,Ashley Lovelady,Ashley Lovelady,A. Lovelady,,,,,,,,,,,0,Not Available,NA,Not Available,,,,,2,Inactive,inactive,,,,false
2008,7390,0b145aba-1f6d-55ca-2af3-6ca58a12b46d,s:40~l:54~a:7390,bianca-cheever,basketball,Bianca,Cheever,Bianca Cheever,Bianca Cheever,B. Cheever,,,,,,,,,,,3,Guard,G,Guard,,70,,,2,Inactive,inactive,,,,false
2008,7399,3f6fd3bd-2441-23f2-b6d6-81237fa72d1e,s:40~l:54~a:7399,brittany-waddell,basketball,Brittany,Waddell,Brittany Waddell,Brittany Waddell,B. Waddell,,,,,,,,,,15 ,3,Guard,G,Guard,,27,,,2,Inactive,inactive,,,,false
2008,7400,2e527bf4-44f3-ef4c-d4c5-14bc5120197a,s:40~l:54~a:7400,ashton-barton,basketball,Ashton,Barton,Ashton Barton,Ashton Barton,A. Barton,,,,,,,,,,,0,Not Available,NA,Not Available,,,,,2,Inactive,inactive,,,,false
2008,7405,daf8b056-2883-a03b-03e1-23a5074cbc92,s:40~l:54~a:7405,kelly-kindell,basketball,Kelly,Kindell,Kelly Kindell,Kelly Kindell,K. Kindell,,,,,,,,,,10 ,3,Guard,G,Guard,,198,,,2,Inactive,inactive,,,,false
2008,7436,065fdf9c-4146-e858-cf7d-634c20317c8d,s:40~l:54~a:7436,mady-gobrecht,basketball,Mady,Gobrecht,Mady Gobrecht,Mady Gobrecht,M. Gobrecht,,,,,,,,,,,2,Forward,F,Forward,,43,,,2,Inactive,inactive,,,,false
2008,7437,77e921ea-bdfa-c335-1149-1b10423964ab,s:40~l:54~a:7437,haywood-wright,basketball,Haywood,Wright,Haywood Wright,Haywood Wright,H. Wright,,,,,,,,,,,2,Forward,F,Forward,,43,,,2,Inactive,inactive,,,,false
2008,7438,89ef05ca-1a62-8019-f82c-90266c451b22,s:40~l:54~a:7438,yoyo-greenfield,basketball,Yoyo,Greenfield,Yoyo Greenfield,Yoyo Greenfield,Y. Greenfield,,,,,,,,,,,3,Guard,G,Guard,,43,,,2,Inactive,inactive,,,,false
2008,7440,5958cc5f-15ae-76ad-bbf6-e842be1791fe,s:40~l:54~a:7440,michele-gage,basketball,Michele,Gage,Michele Gage,Michele Gage,M. Gage,,,,,,,,,,,0,Not Available,NA,Not Available,,,,,2,Inactive,inactive,,,,false
2008,7443,058c2b68-8c58-3220-a482-c72a20a4d07c,s:40~l:54~a:7443,lauren-dwyer,basketball,Lauren,Dwyer,Lauren Dwyer,Lauren Dwyer,L. Dwyer,,,,,,,,,,,1,Center,C,Center,,171,,,2,Inactive,inactive,,,,false
2008,7447,e70398d1-8dd3-0d96-ba53-6eabb26b8fed,s:40~l:54~a:7447,laura-kurz,basketball,Laura,Kurz,Laura Kurz,Laura Kurz,L. Kurz,,,,,,,,,,,2,Forward,F,Forward,,222,,,2,Inactive,inactive,,,,false
2008,7448,a2161f7f-49de-e81b-0162-5fae6f88e963,s:40~l:54~a:7448,margaret-elderton,basketball,Margaret,Elderton,Margaret Elderton,Margaret Elderton,M. Elderton,,,,,,,,,,,3,Guard,G,Guard,,2325,,,2,Inactive,inactive,,,,false
2008,7455,a0377a65-804c-ab8e-66b7-e6cbeb316bce,s:40~l:54~a:7455,colleen-kilmurray,basketball,Colleen,Kilmurray,Colleen Kilmurray,Colleen Kilmurray,C. Kilmurray,,,,,,,,,,,2,Forward,F,Forward,,311,,,2,Inactive,inactive,,,,false
2008,7462,4dc10599-33bd-ea30-7842-43328e0cddb9,s:40~l:54~a:7462,tanna-ross,basketball,Tanna,Ross,Tanna Ross,Tanna Ross,T. Ross,,,,,,,,,,,3,Guard,G,Guard,,311,,,2,Inactive,inactive,,,,false
2008,7464,ab178243-73bd-4d61-e5f4-3be5c6a7794c,s:40~l:54~a:7464,sofia-iwobi,basketball,Sofia,Iwobi,Sofia Iwobi,Sofia Iwobi,S. Iwobi,,,,,,,,,,,3,Guard,G,Guard,,261,,,2,Inactive,inactive,,,,false
2008,7465,b7266bcb-8408-e77c-9270-460b966f4913,s:40~l:54~a:7465,emily-rousseau,basketball,Emily,Rousseau,Emily Rousseau,Emily Rousseau,E. Rousseau,,,,,,,,,,,0,Not Available,NA,Not Available,,,,,2,Inactive,inactive,,,,false
2008,7466,b7af91a6-d164-6c98-e523-6a37898994e2,s:40~l:54~a:7466,cate-taylor,basketball,Cate,Taylor,Cate Taylor,Cate Taylor,C. Taylor,,,,,,,,,,,0,Not Available,NA,Not Available,,,,,2,Inactive,inactive,,,,false
2008,7468,74d91f72-92b1-d9c8-ef1a-90dba4f278df,s:40~l:54~a:7468,suzi-fregosi,basketball,Suzi,Fregosi,Suzi Fregosi,Suzi Fregosi,S. Fregosi,,,,,,,,,,,3,Guard,G,Guard,,314,,,2,Inactive,inactive,,,,false
2008,7469,b02415f1-f0cf-bd45-47c6-35f67d212bc2,s:40~l:54~a:7469,aly-young,basketball,Aly,Young,Aly Young,Aly Young,A. Young,,,,,,,,,,,0,Not Available,NA,Not Available,,,,,2,Inactive,inactive,,,,false
2008,7470,35329ea6-a85d-eed0-1cd3-2521faca0a2b,s:40~l:54~a:7470,misha-horsey,basketball,Misha,Horsey,Misha Horsey,Misha Horsey,M. Horsey,,,,,,,,,,,3,Guard,G,Guard,,2619,,,2,Inactive,inactive,,,,false
2008,7471,4c823e40-b0b1-3d24-8323-89e19401b2e5,s:40~l:54~a:7471,tara-davis,basketball,Tara,Davis,Tara Davis,Tara Davis,T. Davis,,,,,,,,,,,3,Guard,G,Guard,,2193,,,2,Inactive,inactive,,,,false
2008,7472,f10766fd-ee3c-15cf-f531-19d244ca3efd,s:40~l:54~a:7472,hope-brown,basketball,Hope,Brown,Hope Brown,Hope Brown,H. Brown,,,,,,,,,,,3,Guard,G,Guard,,98,,,2,Inactive,inactive,,,,false
2008,7478,5de163b4-8c1b-293a-806e-0fc320e6561e,s:40~l:54~a:7478,amanda-foster,basketball,Amanda,Foster,Amanda Foster,Amanda Foster,A. Foster,,,,,,,,,,,0,Not Available,NA,Not Available,,,,,2,Inactive,inactive,,,,false
2008,7479,61a884cc-d2f6-3e39-6844-24b1536d3b64,s:40~l:54~a:7479,courtney-laing,basketball,Courtney,Laing,Courtney Laing,Courtney Laing,C. Laing,,,,,,,,,,,0,Not Available,NA,Not Available,,,,,2,Inactive,inactive,,,,false
2008,7480,1a0bf41e-a5d2-1b48-7f27-ff0d51cc5bff,s:40~l:54~a:7480,monica-gibbs,basketball,Monica,Gibbs,Monica Gibbs,Monica Gibbs,M. Gibbs,,,,,,,,,,,3,Guard,G,Guard,,2636,,,2,Inactive,inactive,,,,false
2008,7482,4fa9fb48-a065-4c90-b6fd-dfc0817d0bd3,s:40~l:54~a:7482,whitney-york,basketball,Whitney,York,Whitney York,Whitney York,W. York,,,,,,,,,,,3,Guard,G,Guard,,2636,,,2,Inactive,inactive,,,,false
2008,7487,9bfea648-fda6-2de4-a9c0-ea9b468af2dc,s:40~l:54~a:7487,katy-davenport,basketball,Katy,Davenport,Katy Davenport,Katy Davenport,K. Davenport,,,,,,,,,,,0,Not Available,NA,Not Available,,,,,2,Inactive,inactive,,,,false
2008,7488,5201cebc-a69d-dd85-afac-dd5e5be4faef,s:40~l:54~a:7488,elisa-carey,basketball,Elisa,Carey,Elisa Carey,Elisa Carey,E. Carey,,,,,,,,,,,2,Forward,F,Forward,,2229,,,2,Inactive,inactive,,,,false
2008,7489,1006f41d-9b6b-974f-7134-3541c4b47fa1,s:40~l:54~a:7489,maja-krajacic,basketball,Maja,Krajacic,Maja Krajacic,Maja Krajacic,M. Krajacic,,,,,,,,,,,1,Center,C,Center,,2229,,,2,Inactive,inactive,,,,false
2008,7490,f93d3ee2-a28f-7ce3-a120-050f62d39569,s:40~l:54~a:7490,antonia-zeigler,basketball,Antonia,Zeigler,Antonia Zeigler,Antonia Zeigler,A. Zeigler,,,,,,,,,,,3,Guard,G,Guard,,2229,,,2,Inactive,inactive,,,,false
2008,7491,f0a9893c-d53a-6a75-3fda-f56957ee9863,s:40~l:54~a:7491,liz-roth,basketball,Liz,Roth,Liz Roth,Liz Roth,L. Roth,,,,,,,Buffalo,NY,USA,13,2,Forward,F,Forward,,2357,,4,1,Active,active,,,,true
2008,7492,736bf0f9-450c-c278-78eb-b5fa859b5fc6,s:40~l:54~a:7492,rachel-brockman,basketball,Rachel,Brockman,Rachel Brockman,Rachel Brockman,R. Brockman,,,,,,,Noblesville,IN,USA,34,2,Forward,F,Forward,,2357,,4,1,Active,active,,,,true
2008,7493,31ff9f89-9955-3a7c-4740-89313aefa433,s:40~l:54~a:7493,jade-williams,basketball,Jade,Williams,Jade Williams,Jade Williams,J. Williams,,,,,,,Orlando,FL,USA,10,3,Guard,G,Guard,,2357,,3,1,Active,active,,,,true
2008,7494,e2c58e83-a2de-15e0-f56a-a804899e794e,s:40~l:54~a:7494,carly-golden,basketball,Carly,Golden,Carly Golden,Carly Golden,C. Golden,,,,,,,Fair Haven,NJ,USA,21,3,Guard,G,Guard,,2357,,3,1,Active,active,,,,true
2008,7495,6fe734b4-4f82-02a4-7cd7-6dacd7f4ea9c,s:40~l:54~a:7495,crystal-ahmed,basketball,Crystal,Ahmed,Crystal Ahmed,Crystal Ahmed,C. Ahmed,,,,,,,,,,,2,Forward,F,Forward,,2357,,,1,Active,active,,,,true
2008,7501,e0b59463-6e1b-3758-89a2-4df03357385d,s:40~l:54~a:7501,terrie-davis,basketball,Terrie,Davis,Terrie Davis,Terrie Davis,T. Davis,,,,,,,,,,,0,Not Available,NA,Not Available,,,,,2,Inactive,inactive,,,,false
2008,7504,cca7234c-2c4b-2c4c-a153-e3eedc2e0d75,s:40~l:54~a:7504,meghan-hutchens,basketball,Meghan,Hutchens,Meghan Hutchens,Meghan Hutchens,M. Hutchens,,,,,,,,,,,3,Guard,G,Guard,,82,,,2,Inactive,inactive,,,,false
2008,7505,18d0fb6e-bb31-a3bb-8113-e6558a2ca1f7,s:40~l:54~a:7505,shonda-long,basketball,Shonda,Long,Shonda Long,Shonda Long,S. Long,,,,,,,,,,,3,Guard,G,Guard,,2117,,,2,Inactive,inactive,,,,false
2008,7507,a4600b99-5e4a-5d3d-97c9-516bb52d141a,s:40~l:54~a:7507,taylor-manley,basketball,Taylor,Manley,Taylor Manley,Taylor Manley,T. Manley,,,,,,,,,,,3,Guard,G,Guard,,2711,,,2,Inactive,inactive,,,,false
2008,7510,a21bfcff-d94c-9494-8e7d-fa121e3b1dc9,s:40~l:54~a:7510,sherryia-armstrong,basketball,Sherryia,Armstrong,Sherryia Armstrong,Sherryia Armstrong,S. Armstrong,,,,,,,,,,,2,Forward,F,Forward,,2117,,,2,Inactive,inactive,,,,false
2008,7514,7a8f71db-3619-1c9e-1b4f-f823e08fdb20,s:40~l:54~a:7514,jordan-stark,basketball,Jordan,Stark,Jordan Stark,Jordan Stark,J. Stark,,,,,,,,,,,3,Guard,G,Guard,,2636,,,2,Inactive,inactive,,,,false
2008,7515,10959bba-c445-8957-6d07-cb8588b94e1d,s:40~l:54~a:7515,teya-wright,basketball,Teya,Wright,Teya Wright,Teya Wright,T. Wright,,,,,,,,,,,2,Forward,F,Forward,,113,,,2,Inactive,inactive,,,,false
2008,7516,3a1b364b-c7ab-cc39-8e90-9354667fcf9f,s:40~l:54~a:7516,camille-ramsey,basketball,Camille,Ramsey,Camille Ramsey,Camille Ramsey,C. Ramsey,,,,,,,,,,,3,Guard,G,Guard,,2117,,,2,Inactive,inactive,,,,false
2008,7519,c70b29e4-8aa5-5a91-3308-4c6207f9c9f7,s:40~l:54~a:7519,kairsten-nunn,basketball,Kairsten,Nunn,Kairsten Nunn,Kairsten Nunn,K. Nunn,,,,,,,,,,,3,Guard,G,Guard,,2619,,,2,Inactive,inactive,,,,false
2008,7525,3f0f0fd1-a675-9e8b-5b93-94cec5318060,s:40~l:54~a:7525,emma-cannon,basketball,Emma,Cannon,Emma Cannon,Emma Cannon,E. Cannon,74.0,"6' 2""",190.0,190 lbs,37,1989-06-01T07:00Z,Rochester,NY,USA,,2,Forward,F,Forward,2116,2116,,,2,Inactive,inactive,,,,false
2008,7526,a687544a-e6b9-c5b2-3d4d-e06f0307e026,s:40~l:54~a:7526,tia-lewis,basketball,Tia,Lewis,Tia Lewis,Tia Lewis,T. Lewis,,,,,,,,,,,11,Forward/Center,F-C,Forward/Center,,295,,,2,Inactive,inactive,,,,false
2008,7527,8deb0241-6163-d796-a10b-fefd3636d25e,s:40~l:54~a:7527,chelsie-wiley,basketball,Chelsie,Wiley,Chelsie Wiley,Chelsie Wiley,C. Wiley,,,,,,,,,,,3,Guard,G,Guard,,2116,,,2,Inactive,inactive,,,,false
2008,7528,a6f24e1e-68f8-839a-6d91-554a0924f960,s:40~l:54~a:7528,angelica-mealing,basketball,Angelica,Mealing,Angelica Mealing,Angelica Mealing,A. Mealing,,,,,,,,,,,3,Guard,G,Guard,,2116,,,2,Inactive,inactive,,,,false
2008,7529,c7058d03-c489-728f-f33d-a64f50681d4b,s:40~l:54~a:7529,jelisa-caldwell,basketball,Jelisa,Caldwell,Jelisa Caldwell,Jelisa Caldwell,J. Caldwell,,,,,,,,,,,3,Guard,G,Guard,,2116,,,2,Inactive,inactive,,,,false
2008,7539,ac9c3db4-ed1a-f7fe-3282-6844ec8b2e05,s:40~l:54~a:7539,kelli-poles,basketball,Kelli,Poles,Kelli Poles,Kelli Poles,K. Poles,,,,,,,,,,,2,Forward,F,Forward,,261,,,2,Inactive,inactive,,,,false
2008,7540,be63985a-1b20-80b6-b03e-0a62a26f46b5,s:40~l:54~a:7540,whitney-smith,basketball,Whitney,Smith,Whitney Smith,Whitney Smith,W. Smith,,,,,,,,,,,2,Forward,F,Forward,,2534,,,2,Inactive,inactive,,,,false
2008,7541,249abeea-7b9d-b318-4b10-f1e870745a39,s:40~l:54~a:7541,kristin-ford,basketball,Kristin,Ford,Kristin Ford,Kristin Ford,K. Ford,,,,,,,,,,,0,Not Available,NA,Not Available,,,,,2,Inactive,inactive,,,,false
2008,7542,a2e29c41-4c38-9519-ef2a-8368005fcb05,s:40~l:54~a:7542,lydia-gonzales,basketball,Lydia,Gonzales,Lydia Gonzales,Lydia Gonzales,L. Gonzales,,,,,,,,,,,2,Forward,F,Forward,,2534,,,2,Inactive,inactive,,,,false
2008,7543,8dfadb57-2812-49b4-1f39-4fc03cb5b987,s:40~l:54~a:7543,brittany-brooks,basketball,Brittany,Brooks,Brittany Brooks,Brittany Brooks,B. Brooks,,,,,,,,,,,3,Guard,G,Guard,,2534,,,2,Inactive,inactive,,,,false
2008,7544,629f96ac-cdc6-73eb-0e77-8660a62ccfff,s:40~l:54~a:7544,ausha-hartley,basketball,Ausha,Hartley,Ausha Hartley,Ausha Hartley,A. Hartley,,,,,,,,,,,3,Guard,G,Guard,,2534,,,2,Inactive,inactive,,,,false
2008,7545,295959fd-8ac2-7916-c8f7-3d0bc3115e5a,s:40~l:54~a:7545,pauline-love,basketball,Pauline,Love,Pauline Love,Pauline Love,P. Love,72.0,"6' 0""",,,,,Luxora,AR,USA,,2,Forward,F,Forward,,2572,,,2,Inactive,inactive,,,,false
2008,7546,4dec5375-57d5-031b-2eed-9bb151be4693,s:40~l:54~a:7546,andrea-barver,basketball,Andrea,Barver,Andrea Barver,Andrea Barver,A. Barver,,,,,,,,,,,0,Not Available,NA,Not Available,,,,,2,Inactive,inactive,,,,false
2008,7547,0b6f7a90-2a34-80e8-1198-4d41f9f3c0ac,s:40~l:54~a:7547,janae-young,basketball,Janae,Young,Janae Young,Janae Young,J. Young,,,,,,,,,,,2,Forward,F,Forward,,279,,,2,Inactive,inactive,,,,false
2008,7548,77740e74-fc59-3db2-8ab4-f604bd3f87a2,s:40~l:54~a:7548,emma-head,basketball,Emma,Head,Emma Head,Emma Head,E. Head,,,,,,,,,,,11,Forward/Center,F-C,Forward/Center,,279,,,2,Inactive,inactive,,,,false
2008,7549,f06a9018-4306-5957-4d59-6fc7453ca477,s:40~l:54~a:7549,amy-vanhollebeke,basketball,Amy,VanHollebeke,Amy VanHollebeke,Amy VanHollebeke,A. VanHollebeke,,,,,,,,,,,4,Point Guard,PG,Point Guard,,279,,,2,Inactive,inactive,,,,false
2008,7550,4d1a851a-1cc0-66a4-e9e1-83c085a93f5d,s:40~l:54~a:7550,kelsey-lavender,basketball,Kelsey,Lavender,Kelsey Lavender,Kelsey Lavender,K. Lavender,,,,,,,,,,,3,Guard,G,Guard,,279,,,2,Inactive,inactive,,,,false
2008,7551,39f7b8ec-3e53-79a9-3823-c5072d628b96,s:40~l:54~a:7551,jake-kelly,basketball,Jake,Kelly,Jake Kelly,Jake Kelly,J. Kelly,,,,,,,,,,,3,Guard,G,Guard,,279,,,2,Inactive,inactive,,,,false
2008,7552,52507cb7-aed2-9ac6-fcdc-f83c05540be9,s:40~l:54~a:7552,lindsey-shipley,basketball,Lindsey,Shipley,Lindsey Shipley,Lindsey Shipley,L. Shipley,,,,,,,,,,,0,Not Available,NA,Not Available,,,,,2,Inactive,inactive,,,,false
2008,7553,481acaf9-951f-f32b-1ec1-8d6229e1ebea,s:40~l:54~a:7553,andrea-swanson,basketball,Andrea,Swanson,Andrea Swanson,Andrea Swanson,A. Swanson,,,,,,,,,,,2,Forward,F,Forward,,279,,,2,Inactive,inactive,,,,false
2008,7555,f9033171-9052-f411-a79c-e5c948d10548,s:40~l:54~a:7555,alice-coddington,basketball,Alice,Coddington,Alice Coddington,Alice Coddington,A. Coddington,,,,,,,,,,,3,Guard,G,Guard,,328,,,2,Inactive,inactive,,,,false
2008,7561,fe681574-ec5a-c077-26c4-f887c220d071,s:40~l:54~a:7561,amy-mcnear,basketball,Amy,McNear,Amy McNear,Amy McNear,A. McNear,,,,,,,,,,,3,Guard,G,Guard,,98,,,2,Inactive,inactive,,,,false
2008,7565,2ea7cb6a-4766-acb5-39d6-13e852db5c8e,s:40~l:54~a:7565,christina-cunningham,basketball,Christina,Cunningham,Christina Cunningham,Christina Cunningham,C. Cunningham,,,,,,,,,,,0,Not Available,NA,Not Available,,,,,2,Inactive,inactive,,,,false
2008,7570,bfa4f486-8b6d-5c56-ffd6-ee7cfc84cbf5,s:40~l:54~a:7570,jasmine-jenkins,basketball,Jasmine,Jenkins,Jasmine Jenkins,Jasmine Jenkins,J. Jenkins,,,,,,,,,,,2,Forward,F,Forward,,2229,,,2,Inactive,inactive,,,,false
2008,7571,fcd23f0c-9a26-5493-5a24-77a7eecd7dd7,s:40~l:54~a:7571,taleia-moton,basketball,Taleia,Moton,Taleia Moton,Taleia Moton,T. Moton,,,,,,,,,,,3,Guard,G,Guard,,2515,,,2,Inactive,inactive,,,,false
2008,7572,9993d943-df23-e035-b291-bf5523151689,s:40~l:54~a:7572,hele-sverrisdottier,basketball,Hele,Sverrisdottier,Hele Sverrisdottier,Hele Sverrisdottier,H. Sverrisdottier,,,,,,,,,,,0,Not Available,NA,Not Available,,,,,2,Inactive,inactive,,,,false
2008,7575,85885900-4730-99dd-0170-a95a2f520171,s:40~l:54~a:7575,brittany-blackwell,basketball,Brittany,Blackwell,Brittany Blackwell,Brittany Blackwell,B. Blackwell,,,,,,,,,,,2,Forward,F,Forward,,350,,,2,Inactive,inactive,,,,false
2008,7576,9ae84f00-c6f7-1ab2-3881-584ec7fa5bd2,s:40~l:54~a:7576,candace-walker,basketball,Candace,Walker,Candace Walker,Candace Walker,C. Walker,,,,,,,,,,,3,Guard,G,Guard,,350,,,2,Inactive,inactive,,,,false
2008,7577,81ec95e9-77f3-6cc9-2014-58021b1ca418,s:40~l:54~a:7577,taylor-price,basketball,Taylor,Price,Taylor Price,Taylor Price,T. Price,,,,,,,,,,,0,Not Available,NA,Not Available,,,,,2,Inactive,inactive,,,,false
2008,7579,579ba829-959d-9911-b8bf-c1f084cf1b54,s:40~l:54~a:7579,bridget-takach,basketball,Bridget,Takach,Bridget Takach,Bridget Takach,B. Takach,,,,,,,,,,,0,Not Available,NA,Not Available,,,,,2,Inactive,inactive,,,,false
2008,7580,e9e19fb0-7a2f-88fe-460d-1f2d633651fe,s:40~l:54~a:7580,amy-jones,basketball,Amy,Jones,Amy Jones,Amy Jones,A. Jones,,,,,,,,,,,0,Not Available,NA,Not Available,,,,,2,Inactive,inactive,,,,false
2008,7582,c973f66f-d508-977b-faa6-9f7897bee030,s:40~l:54~a:7582,lea-smith,basketball,Lea,Smith,Lea Smith,Lea Smith,L. Smith,,,,,,,,,,,2,Forward,F,Forward,,2506,,,2,Inactive,inactive,,,,false
2008,7584,76345e9d-4373-b106-ceda-16dfb8a1ade5,s:40~l:54~a:7584,katlin-moore,basketball,Katlin,Moore,Katlin Moore,Katlin Moore,K. Moore,,,,,,,,,,,3,Guard,G,Guard,,2506,,,2,Inactive,inactive,,,,false
2008,7585,b29992c6-3af2-60bf-4d69-418f9cedc19d,s:40~l:54~a:7585,stephanie-fernald,basketball,Stephanie,Fernald,Stephanie Fernald,Stephanie Fernald,S. Fernald,,,,,,,,,,,0,Not Available,NA,Not Available,,,,,2,Inactive,inactive,,,,false
2008,7587,c6edf534-894b-02e9-62c2-b989c6a864c3,s:40~l:54~a:7587,sheronda-mclean,basketball,Sheronda,McLean,Sheronda McLean,Sheronda McLean,S. McLean,,,,,,,,,,,3,Guard,G,Guard,,350,,,2,Inactive,inactive,,,,false
2008,7590,66cf2d09-d53e-821c-c707-362095a26244,s:40~l:54~a:7590,fanni-hutlassa,basketball,Fanni,Hutlassa,Fanni Hutlassa,Fanni Hutlassa,F. Hutlassa,,,,,,,,,,,3,Guard,G,Guard,,2229,,,2,Inactive,inactive,,,,false
2008,7593,5ff2606a-85f1-1159-d908-8e8dee308ae4,s:40~l:54~a:7593,denay-wood,basketball,Denay,Wood,Denay Wood,Denay Wood,D. Wood,,,,,,,,,,,3,Guard,G,Guard,,2515,,,2,Inactive,inactive,,,,false
2008,7594,ba71ab4a-8110-97cb-b965-f0e56748170c,s:40~l:54~a:7594,tanesha-washington,basketball,Tanesha,Washington,Tanesha Washington,Tanesha Washington,T. Washington,,,,,,,,,,,3,Guard,G,Guard,,2572,,,2,Inactive,inactive,,,,false
2008,7597,1da99351-8209-2531-65de-616d775c71d2,s:40~l:54~a:7597,brykeesha-tate,basketball,Brykeesha,Tate,Brykeesha Tate,Brykeesha Tate,B. Tate,,,,,,,,,,,3,Guard,G,Guard,,85,,,2,Inactive,inactive,,,,false
2008,7602,19c26fe4-a2b3-f2d5-2078-fcce42150e20,s:40~l:54~a:7602,stephanie-helgeson,basketball,Stephanie,Helgeson,Stephanie Helgeson,Stephanie Helgeson,S. Helgeson,,,,,,,,,,,1,Center,C,Center,,2572,,,2,Inactive,inactive,,,,false
2008,7603,863d361c-31e8-179f-72ba-3a2c2092f1c3,s:40~l:54~a:7603,latoya-bennett,basketball,LaToya,Bennett,LaToya Bennett,LaToya Bennett,L. Bennett,,,,,,,,,,,0,Not Available,NA,Not Available,,,,,2,Inactive,inactive,,,,false
2008,7612,c3ac6031-734f-abbb-8b17-ce2f0e5bea17,s:40~l:54~a:7612,renahy-young,basketball,Renahy,Young,Renahy Young,Renahy Young,R. Young,,,,,,,,,,,3,Guard,G,Guard,,2351,,,2,Inactive,inactive,,,,false
2008,7616,5a26c989-4edb-4d5f-700c-edddeac0d548,s:40~l:54~a:7616,melanie-ysaguirre,basketball,Melanie,Ysaguirre,Melanie Ysaguirre,Melanie Ysaguirre,M. Ysaguirre,,,,,,,,,,,2,Forward,F,Forward,,2351,,,2,Inactive,inactive,,,,false
2008,7619,0691ffe8-a621-0dd6-ecb0-5deeed68e5d8,s:40~l:54~a:7619,kirsten-jeter,basketball,Kirsten,Jeter,Kirsten Jeter,Kirsten Jeter,K. Jeter,,,,,,,,,,,2,Forward,F,Forward,,2619,,,2,Inactive,inactive,,,,false
2008,7620,102b1182-2fe8-03c4-c1df-096836a7dcba,s:40~l:54~a:7620,delisha-wills,basketball,Delisha,Wills,Delisha Wills,Delisha Wills,D. Wills,,,,,,,,,,,2,Forward,F,Forward,,2567,,,2,Inactive,inactive,,,,false
2008,7621,7cc14427-fa1a-06d5-6fc9-64c8453f1b9f,s:40~l:54~a:7621,sharee-shepherd,basketball,Sharee,Shepherd,Sharee Shepherd,Sharee Shepherd,S. Shepherd,,,,,,,,,,,0,Not Available,NA,Not Available,,,,,2,Inactive,inactive,,,,false
2008,7622,b06a9cc6-96f2-2205-d615-7f63ef5f7c83,s:40~l:54~a:7622,katy-cobb,basketball,Katy,Cobb,Katy Cobb,Katy Cobb,K. Cobb,,,,,,,,,,,0,Not Available,NA,Not Available,,,,,2,Inactive,inactive,,,,false
2008,7623,b6fdf138-cc01-31ff-9e1a-5a073c526d4e,s:40~l:54~a:7623,jillian-samuels,basketball,Jillian,Samuels,Jillian Samuels,Jillian Samuels,J. Samuels,,,,,,,,,,,3,Guard,G,Guard,,2567,,,2,Inactive,inactive,,,,false
2008,7628,399ab0e8-c2f6-2481-b9d5-7d032e169329,s:40~l:54~a:7628,alice-severin,basketball,Alice,Severin,Alice Severin,Alice Severin,A. Severin,,,,,,,,,,,1,Center,C,Center,,2567,,,2,Inactive,inactive,,,,false
2008,7633,194fafed-01ab-89f1-f243-a307b65a4ec7,s:40~l:54~a:7633,diamond-rogers,basketball,Diamond,Rogers,Diamond Rogers,Diamond Rogers,D. Rogers,,,,,,,,,,,0,Not Available,NA,Not Available,,,,,2,Inactive,inactive,,,,false
2008,7634,90f5f112-42e2-103e-22df-819b9fd848f1,s:40~l:54~a:7634,brianna-berry,basketball,Brianna,Berry,Brianna Berry,Brianna Berry,B. Berry,,,,,,,,,,,2,Forward,F,Forward,,5,,,2,Inactive,inactive,,,,false
2008,7635,1a987fcf-28c8-d27c-90af-873402434ab8,s:40~l:54~a:7635,britney-jones,basketball,Britney,Jones,Britney Jones,Britney Jones,B. Jones,,,,,,,,,,,3,Guard,G,Guard,,5,,,2,Inactive,inactive,,,,false
2008,7637,19ec2ad7-2d0b-86d9-2faf-27d1f780ee6f,s:40~l:54~a:7637,fatiha-salaam,basketball,Fatiha,Salaam,Fatiha Salaam,Fatiha Salaam,F. Salaam,,,,,,,,,,,3,Guard,G,Guard,,5,,,2,Inactive,inactive,,,,false
2008,7639,1bd99702-5f1f-3daa-9f5e-0c13b19691b4,s:40~l:54~a:7639,amanda-scott,basketball,Amanda,Scott,Amanda Scott,Amanda Scott,A. Scott,,,,,,,,,,,2,Forward,F,Forward,,5,,,2,Inactive,inactive,,,,false
2008,7656,913e6932-68f7-4604-22ed-275c3e137131,s:40~l:54~a:7656,raimee-beck,basketball,Raimee,Beck,Raimee Beck,Raimee Beck,R. Beck,,,,,,,,,,,3,Guard,G,Guard,,2005,,,2,Inactive,inactive,,,,false
2008,7666,40440b39-b44f-95d6-6f7d-52b1216f1f6d,s:40~l:54~a:7666,shavon-moore,basketball,Shavon,Moore,Shavon Moore,Shavon Moore,S. Moore,,,,,,,,,,,2,Forward,F,Forward,,2440,,,2,Inactive,inactive,,,,false
2008,7667,3b429851-d434-c9bc-66f9-60c7f394fed2,s:40~l:54~a:7667,cherlanda-franklin,basketball,Cherlanda,Franklin,Cherlanda Franklin,Cherlanda Franklin,C. Franklin,,,,,,,,,,,2,Forward,F,Forward,,2440,,,2,Inactive,inactive,,,,false
2008,7668,62e3b9fa-d28b-114b-db91-8cbfbe847edc,s:40~l:54~a:7668,rhianna-faithfull,basketball,Rhianna,Faithfull,Rhianna Faithfull,Rhianna Faithfull,R. Faithfull,,,,,,,,,,,3,Guard,G,Guard,,2541,,,2,Inactive,inactive,,,,false
2008,7677,2d1789f8-125c-3dea-5069-1d63ef54f01a,s:40~l:54~a:7677,nicole-hester,basketball,Nicole,Hester,Nicole Hester,Nicole Hester,N. Hester,,,,,,,,,,,2,Forward,F,Forward,,2182,,,2,Inactive,inactive,,,,false
2008,7678,c95f521e-52b1-6ba2-fa16-fe949c5b533a,s:40~l:54~a:7678,meghan-wood,basketball,Meghan,Wood,Meghan Wood,Meghan Wood,M. Wood,,,,,,,,,,,0,Not Available,NA,Not Available,,,,,2,Inactive,inactive,,,,false
2008,7679,24adae5a-6837-1e51-244f-e1073c5bfcad,s:40~l:54~a:7679,vika-sholokhova,basketball,Vika,Sholokhova,Vika Sholokhova,Vika Sholokhova,V. Sholokhova,,,,,,,,,,,0,Not Available,NA,Not Available,,,,,2,Inactive,inactive,,,,false
2008,7680,f95e5ce4-c124-c20a-2cea-a8990c4b8a21,s:40~l:54~a:7680,ashley-alexander,basketball,Ashley,Alexander,Ashley Alexander,Ashley Alexander,A. Alexander,,,,,,,,,,,3,Guard,G,Guard,,2352,,,2,Inactive,inactive,,,,false
2008,7681,a0fe49f7-8352-6889-a53e-15baac2701ab,s:40~l:54~a:7681,erica-diclemente,basketball,Erica,DiClemente,Erica DiClemente,Erica DiClemente,E. DiClemente,,,,,,,,,,,3,Guard,G,Guard,,2352,,,2,Inactive,inactive,,,,false
2008,7682,fc3006ae-7002-482c-a7ff-071f84124a0f,s:40~l:54~a:7682,candice-walker,basketball,Candice,Walker,Candice Walker,Candice Walker,C. Walker,,,,,,,,,,,3,Guard,G,Guard,,2352,,,2,Inactive,inactive,,,,false
2008,7683,fd099e41-708c-bf80-92dc-c9d6bb86fc5a,s:40~l:54~a:7683,meredith-tolley,basketball,Meredith,Tolley,Meredith Tolley,Meredith Tolley,M. Tolley,,,,,,,,,,,2,Forward,F,Forward,,2352,,,2,Inactive,inactive,,,,false
2008,7688,a1cfb569-4197-8243-1671-94c51f13c496,s:40~l:54~a:7688,siobhan-prior,basketball,Siobhan,Prior,Siobhan Prior,Siobhan Prior,S. Prior,,,,,,,,,,,3,Guard,G,Guard,,2352,,,2,Inactive,inactive,,,,false
2008,7689,d15c3fdd-37cb-35c8-df7e-044c0e17ee4e,s:40~l:54~a:7689,kaitlin-grant,basketball,Kaitlin,Grant,Kaitlin Grant,Kaitlin Grant,K. Grant,,,,,,,,,,,2,Forward,F,Forward,,2352,,,2,Inactive,inactive,,,,false
2008,7697,587b2848-4f5a-f29e-4b60-66b87062dc1d,s:40~l:54~a:7697,alisa-brinkman,basketball,Alisa,Brinkman,Alisa Brinkman,Alisa Brinkman,A. Brinkman,,,,,,,,,,,2,Forward,F,Forward,,2309,,,2,Inactive,inactive,,,,false
2008,7698,26412bdf-72e3-54f7-4b21-6ae6f36c4db5,s:40~l:54~a:7698,anna-kowalska,basketball,Anna,Kowalska,Anna Kowalska,Anna Kowalska,A. Kowalska,,,,,,,,,,,1,Center,C,Center,,2309,,,2,Inactive,inactive,,,,false
2008,7699,186086a7-f95f-5129-8346-1ffaf1225624,s:40~l:54~a:7699,stephanie-gibson,basketball,Stephanie,Gibson,Stephanie Gibson,Stephanie Gibson,S. Gibson,,,,,,,,,,,3,Guard,G,Guard,,2309,,,2,Inactive,inactive,,,,false
2008,7700,eaa284c7-5ade-9ebc-cc09-337cf152c5a5,s:40~l:54~a:7700,ciara-shields,basketball,Ciara,Shields,Ciara Shields,Ciara Shields,C. Shields,,,,,,,,,,,2,Forward,F,Forward,,2029,,,2,Inactive,inactive,,,,false
2008,7701,3024966d-be0e-0cbf-27e0-d894ea4ac283,s:40~l:54~a:7701,yuliya-serebryanskaya,basketball,Yuliya,Serebryanskaya,Yuliya Serebryanskaya,Yuliya Serebryanskaya,Y. Serebryanskaya,,,,,,,,,,,1,Center,C,Center,,2029,,,2,Inactive,inactive,,,,false
2008,7702,20d02ada-55d1-b7df-53ee-e107e54eb92c,s:40~l:54~a:7702,candace-ward,basketball,Candace,Ward,Candace Ward,Candace Ward,C. Ward,,,,,,,,,,,3,Guard,G,Guard,,2029,,,2,Inactive,inactive,,,,false
2008,7703,e46df271-d127-d072-fbb0-4947e1a11b22,s:40~l:54~a:7703,delores-hughley,basketball,Delores,Hughley,Delores Hughley,Delores Hughley,D. Hughley,,,,,,,,,,,3,Guard,G,Guard,,2029,,,2,Inactive,inactive,,,,false
2008,7704,90ed01e6-d1ff-8a94-760c-c84a74b0cb68,s:40~l:54~a:7704,camile-cooper,basketball,Camile,Cooper,Camile Cooper,Camile Cooper,C. Cooper,,,,,,,,,,,5,Post,P,Post,,2029,,,2,Inactive,inactive,,,,false
2008,7707,cf8ff087-b0c9-7996-626a-05c3df79068b,s:40~l:54~a:7707,tiara-johnson,basketball,Tiara,Johnson,Tiara Johnson,Tiara Johnson,T. Johnson,69.0,"5' 9""",,,,,Kansas City,MO,USA,,3,Guard,G,Guard,,179,,,2,Inactive,inactive,,,,false
2008,7708,68890f7b-dbad-f6b0-59bb-b4dcea2c61e3,s:40~l:54~a:7708,arica-green,basketball,Arica,Green,Arica Green,Arica Green,A. Green,,,,,,,,,,,3,Guard,G,Guard,,2029,,,2,Inactive,inactive,,,,false
2008,7709,7c50ea84-05be-eb4f-dce7-a8b06ef855be,s:40~l:54~a:7709,kim-gay,basketball,Kim,Gay,Kim Gay,Kim Gay,K. Gay,,,,,,,,,,,2,Forward,F,Forward,,151,,,2,Inactive,inactive,,,,false
2008,7711,d7b93ccc-e7df-4395-2d60-8483b13e741e,s:40~l:54~a:7711,shuanda-ashford,basketball,Shuanda,Ashford,Shuanda Ashford,Shuanda Ashford,S. Ashford,,,,,,,,,,,2,Forward,F,Forward,,151,,,2,Inactive,inactive,,,,false
2008,7712,4afa4036-ba2b-29e7-6ad3-0db0fe9473b5,s:40~l:54~a:7712,chenel-harris,basketball,Chenel,Harris,Chenel Harris,Chenel Harris,C. Harris,,,,,,,,,,,2,Forward,F,Forward,,2309,,,2,Inactive,inactive,,,,false
2008,7714,9e519d29-4634-73be-e212-fb2198ceecba,s:40~l:54~a:7714,kelsie-cooley,basketball,Kelsie,Cooley,Kelsie Cooley,Kelsie Cooley,K. Cooley,,,,,,,,,,,2,Forward,F,Forward,,282,,,2,Inactive,inactive,,,,false
2008,7717,bd6b0448-1ee1-a8de-c20f-892ad7bed6d4,s:40~l:54~a:7717,cara-gustafson,basketball,Cara,Gustafson,Cara Gustafson,Cara Gustafson,C. Gustafson,,,,,,,,,,,3,Guard,G,Guard,,179,,,2,Inactive,inactive,,,,false
2008,7718,814f6147-7069-dfba-7539-560d1fc4b839,s:40~l:54~a:7718,ellie-shields,basketball,Ellie,Shields,Ellie Shields,Ellie Shields,E. Shields,,,,,,,,,,,1,Center,C,Center,,2309,,,2,Inactive,inactive,,,,false
2008,7721,2dd6fa06-b8d4-f260-2573-9f4b3d875054,s:40~l:54~a:7721,allison-spivey,basketball,Allison,Spivey,Allison Spivey,Allison Spivey,A. Spivey,,,,,,,,,,,3,Guard,G,Guard,,151,,,2,Inactive,inactive,,,,false
2008,7722,96c7f14b-a561-9216-62d5-183508ddc09b,s:40~l:54~a:7722,courtney-ward,basketball,Courtney,Ward,Courtney Ward,Courtney Ward,C. Ward,,,,,,,,,,,3,Guard,G,Guard,,52,,,2,Inactive,inactive,,,,false
2008,7723,7910d722-bd4f-d358-3cb6-b94685832d26,s:40~l:54~a:7723,antoinette-reames,basketball,Antoinette,Reames,Antoinette Reames,Antoinette Reames,A. Reames,,,,,,,,,,,0,Not Available,NA,Not Available,,,,,2,Inactive,inactive,,,,false
2008,7724,7a03deff-99d5-5cb0-7972-0d21dc2e8efc,s:40~l:54~a:7724,jennifer-guldager,basketball,Jennifer,Guldager,Jennifer Guldager,Jennifer Guldager,J. Guldager,,,,,,,,,,,2,Forward,F,Forward,,2454,,,2,Inactive,inactive,,,,false
2008,7725,e7767183-46bd-f1ea-51ab-7dbfe15738d1,s:40~l:54~a:7725,shennette-sheffield,basketball,Shennette,Sheffield,Shennette Sheffield,Shennette Sheffield,S. Sheffield,,,,,,,,,,,1,Center,C,Center,,2454,,,2,Inactive,inactive,,,,false
2008,7726,82ff5f3c-e320-05ad-c47c-f6065534b599,s:40~l:54~a:7726,jennifer-bowen,basketball,Jennifer,Bowen,Jennifer Bowen,Jennifer Bowen,J. Bowen,,,,,,,,,,,3,Guard,G,Guard,,2454,,,2,Inactive,inactive,,,,false
2008,7727,293281c4-a9db-2847-85af-e750b4144a81,s:40~l:54~a:7727,shandrea-moore,basketball,Shandrea,Moore,Shandrea Moore,Shandrea Moore,S. Moore,,,,,,,,,,,0,Not Available,NA,Not Available,,,,,2,Inactive,inactive,,,,false
2008,7731,2c89a27e-b9ae-14ec-dad3-faa064e21b01,s:40~l:54~a:7731,tiffany-williams,basketball,Tiffany,Williams,Tiffany Williams,Tiffany Williams,T. Williams,,,,,,,,,,,0,Not Available,NA,Not Available,,,,,2,Inactive,inactive,,,,false
2008,7732,008a36d1-4a97-02c2-6c59-fbfc68801abc,s:40~l:54~a:7732,christian-hunnicutt,basketball,Christian,Hunnicutt,Christian Hunnicutt,Christian Hunnicutt,C. Hunnicutt,,,,,,,,,,,3,Guard,G,Guard,,52,,,2,Inactive,inactive,,,,false
2008,7734,27aad9c1-eee8-202d-f8f4-038390ef2a15,s:40~l:54~a:7734,brittany-jones,basketball,Brittany,Jones,Brittany Jones,Brittany Jones,B. Jones,,,,,,,,,,,2,Forward,F,Forward,,2454,,,2,Inactive,inactive,,,,false
2008,7738,dd9f666d-1f1d-37d6-ccd3-3d2ffda02edc,s:40~l:54~a:7738,anne-thatcher,basketball,Anne,Thatcher,Anne Thatcher,Anne Thatcher,A. Thatcher,,,,,,,,,,,0,Not Available,NA,Not Available,,,,,2,Inactive,inactive,,,,false
2008,7750,630ea7a5-b4a6-e692-7f44-48a5155f1a29,s:40~l:54~a:7750,rashawna-sippio,basketball,Ra'Shawna,Sippio,Ra'Shawna Sippio,Ra'Shawna Sippio,R. Sippio,,,,,,,,,,,2,Forward,F,Forward,,6,,,2,Inactive,inactive,,,,false
2008,7754,65d76491-3955-8a58-9bfe-fcb9d06a4bbb,s:40~l:54~a:7754,jenaya-wade-fray,basketball,Jenaya,Fray,Jenaya Wade Fray,Jenaya Wade Fray,J. Fray,,,,,,,,,,,0,Not Available,NA,Not Available,,,,,2,Inactive,inactive,,,,false
2008,7758,66fb804e-2fda-1e0f-a9f5-214eb54538dd,s:40~l:54~a:7758,quanneisha-perry,basketball,Quanneisha,Perry,Quanneisha Perry,Quanneisha Perry,Q. Perry,,,,,,,,,,,2,Forward,F,Forward,,2261,,,2,Inactive,inactive,,,,false
2008,7759,3b3701d0-ac88-8196-fb6d-3f7a68dbd032,s:40~l:54~a:7759,chinyere-ukoh,basketball,Chinyere,Ukoh,Chinyere Ukoh,Chinyere Ukoh,C. Ukoh,,,,,,,,,,,2,Forward,F,Forward,,2261,,,2,Inactive,inactive,,,,false
2008,7760,44756d9a-a788-e5d3-b258-f28eb6bd412d,s:40~l:54~a:7760,rachel-butler,basketball,Rachel,Butler,Rachel Butler,Rachel Butler,R. Butler,,,,,,,,,,,0,Not Available,NA,Not Available,,,,,2,Inactive,inactive,,,,false
2008,7761,dd2996cf-98d9-4fd5-eba0-196c358014b3,s:40~l:54~a:7761,roneisha-corbitt,basketball,Roneisha,Corbitt,Roneisha Corbitt,Roneisha Corbitt,R. Corbitt,,,,,,,,,,,3,Guard,G,Guard,,2261,,,2,Inactive,inactive,,,,false
2008,7762,9e8ca1b5-14f9-5a20-1fa0-9b4d2b901c6f,s:40~l:54~a:7762,artavia-burns,basketball,Artavia,Burns,Artavia Burns,Artavia Burns,A. Burns,,,,,,,,,,,0,Not Available,NA,Not Available,,,,,2,Inactive,inactive,,,,false
2008,7769,d7c93cca-8d85-7044-ef26-02d5988d7d68,s:40~l:54~a:7769,anelia-murray,basketball,Anelia,Murray,Anelia Murray,Anelia Murray,A. Murray,,,,,,,,,,,2,Forward,F,Forward,,236,,,2,Inactive,inactive,,,,false
2008,7770,16d2ae95-991c-3ed6-fb9e-30b94994683e,s:40~l:54~a:7770,karina-sproal,basketball,Karina,Sproal,Karina Sproal,Karina Sproal,K. Sproal,,,,,,,,,,,2,Forward,F,Forward,,6,,,2,Inactive,inactive,,,,false
2008,7771,5edbcf33-f7cc-3b02-e17f-a3022d379eb1,s:40~l:54~a:7771,lauren-woods,basketball,Lauren,Woods,Lauren Woods,Lauren Woods,L. Woods,,,,,,,,,,,2,Forward,F,Forward,,139,,,2,Inactive,inactive,,,,false
2008,7777,cab0e7d9-8e34-d748-bc61-0de801f6e270,s:40~l:54~a:7777,tiara-scott,basketball,Tiara,Scott,Tiara Scott,Tiara Scott,T. Scott,,,,,,,,,,,2,Forward,F,Forward,,2754,,,2,Inactive,inactive,,,,false
2008,7778,9586f23c-e5e7-8e64-2433-f4f69bad59bc,s:40~l:54~a:7778,kelsey-gurganus,basketball,Kelsey,Gurganus,Kelsey Gurganus,Kelsey Gurganus,K. Gurganus,,,,,,,,,,,3,Guard,G,Guard,,2754,,,2,Inactive,inactive,,,,false
2008,7780,d089a6cf-d852-30f5-76a7-6554fc74140c,s:40~l:54~a:7780,jessica-fortman,basketball,Jessica,Fortman,Jessica Fortman,Jessica Fortman,J. Fortman,,,,,,,,,,,2,Forward,F,Forward,,2084,,,2,Inactive,inactive,,,,false
2008,7785,060df719-bdaa-a076-8166-afc89c0bccab,s:40~l:54~a:7785,brittney-smith,basketball,Brittney,Smith,Brittney Smith,Brittney Smith,B. Smith,,,,,,,,,,,2,Forward,F,Forward,,159,,,2,Inactive,inactive,,,,false
2008,7807,bfdca065-81a3-76f2-912e-ff29bd97247a,s:40~l:54~a:7807,margaret-johnson,basketball,Margaret,Johnson,Margaret Johnson,Margaret Johnson,M. Johnson,,,,,,,,,,,2,Forward,F,Forward,,2540,,,2,Inactive,inactive,,,,false
2008,7812,8f619448-e18c-9800-daed-c23e953c4366,s:40~l:54~a:7812,lindsay-laur,basketball,Lindsay,Laur,Lindsay Laur,Lindsay Laur,L. Laur,,,,,,,,,,,2,Forward,F,Forward,,270,,,2,Inactive,inactive,,,,false
2008,7813,fdb1000f-ba04-f96f-3bd8-22cc7f5a8ac7,s:40~l:54~a:7813,jineen-williams,basketball,Jineen,Williams,Jineen Williams,Jineen Williams,J. Williams,,,,,,,,,,,3,Guard,G,Guard,,270,,,2,Inactive,inactive,,,,false
2008,7816,67e18ab6-bbf4-81a1-4c89-9a2edb6ef783,s:40~l:54~a:7816,jasmine-thomas,basketball,Jasmine,Thomas,Jasmine Thomas,Jasmine Thomas,J. Thomas,69.0,"5' 9""",143.0,143 lbs,34,1989-09-30T07:00Z,Fairfax,VA,USA,,3,Guard,G,Guard,150,150,,,2,Inactive,inactive,,,,false
2008,7819,f8ef2c9a-3226-9eda-3485-2533e04c21cd,s:40~l:54~a:7819,celena-otero,basketball,Celena,Otero,Celena Otero,Celena Otero,C. Otero,,,,,,,,,,,3,Guard,G,Guard,,2172,,,2,Inactive,inactive,,,,false
2008,7821,3e4e5a49-79ec-9e89-c6cc-964d141d354e,s:40~l:54~a:7821,markita-barnes,basketball,Markita,Barnes,Markita Barnes,Markita Barnes,M. Barnes,,,,,,,,,,,3,Guard,G,Guard,,270,,,2,Inactive,inactive,,,,false
2008,7824,9bc1d4ac-1ce2-3135-232c-06a1dcaa2c20,s:40~l:54~a:7824,maurika-hickman,basketball,Maurika,Hickman,Maurika Hickman,Maurika Hickman,M. Hickman,,,,,,,,,,,3,Guard,G,Guard,,270,,,2,Inactive,inactive,,,,false
2008,7828,3a3f7c9a-c050-eded-59dc-37c1af9c518b,s:40~l:54~a:7828,whitney-farris,basketball,Whitney,Farris,Whitney Farris,Whitney Farris,W. Farris,,,,,,,,,,,2,Forward,F,Forward,,2674,,,2,Inactive,inactive,,,,false
2008,7830,5530f9d2-de57-2f0b-338f-0d4fd3c3d180,s:40~l:54~a:7830,shey-peddy,basketball,Shey,Peddy,Shey Peddy,Shey Peddy,S. Peddy,67.0,"5' 7""",145.0,145 lbs,37,1988-10-28T07:00Z,Roxbury,MA,USA,,3,Guard,G,Guard,218,218,,,2,Inactive,inactive,,,,false
2008,7831,a7d16b43-7e30-dc90-44f2-6c28a90320f6,s:40~l:54~a:7831,emily-maggert,basketball,Emily,Maggert,Emily Maggert,Emily Maggert,E. Maggert,,,,,,,,,,,2,Forward,F,Forward,,2050,,,2,Inactive,inactive,,,,false
2008,7833,90e42a1b-b80b-1a23-19a7-fcb85b9f97dc,s:40~l:54~a:7833,tatianna-hall,basketball,Tatianna,Hall,Tatianna Hall,Tatianna Hall,T. Hall,,,,,,,,,,,2,Forward,F,Forward,,2750,,,2,Inactive,inactive,,,,false
2008,7837,51060743-0e05-7f6a-a339-1e3f01a01bff,s:40~l:54~a:7837,vanessa-van-de-venter,basketball,Vanessa,De Venter,Vanessa Van De Venter,Vanessa Van De Venter,V. De Venter,,,,,,,,,,,0,Not Available,NA,Not Available,,,,,2,Inactive,inactive,,,,false
2008,7838,2044cac1-8985-8b3f-c412-912255ca4053,s:40~l:54~a:7838,lakeisha-wright,basketball,LaKeisha,Wright,LaKeisha Wright,LaKeisha Wright,L. Wright,,,,,,,,,,,3,Guard,G,Guard,,322,,,2,Inactive,inactive,,,,false
2008,7839,9851cb24-1035-c724-2789-e319d277a1e4,s:40~l:54~a:7839,brittany-purr,basketball,Brittany,Purr,Brittany Purr,Brittany Purr,B. Purr,,,,,,,,,,,0,Not Available,NA,Not Available,,,,,2,Inactive,inactive,,,,false
2008,7840,e47fc74a-0116-07e6-9a06-1f0a9e86a08e,s:40~l:54~a:7840,jessica-spicer,basketball,Jessica,Spicer,Jessica Spicer,Jessica Spicer,J. Spicer,,,,,,,,,,,3,Guard,G,Guard,,322,,,2,Inactive,inactive,,,,false
2008,7841,48ae6063-d585-10cd-6c41-38f5cfbd3a02,s:40~l:54~a:7841,cristin-zavocki,basketball,Cristin,Zavocki,Cristin Zavocki,Cristin Zavocki,C. Zavocki,,,,,,,,,,,3,Guard,G,Guard,,322,,,2,Inactive,inactive,,,,false
2008,7842,215e2e8d-a12c-4647-3e28-b6aa2ef9c704,s:40~l:54~a:7842,brooke-mcelroy,basketball,Brooke,McElroy,Brooke McElroy,Brooke McElroy,B. McElroy,,,,,,,,,,,2,Forward,F,Forward,,2515,,,2,Inactive,inactive,,,,false
2008,7843,6ce644e9-a9a8-1c13-4d8c-a2aaf968a01d,s:40~l:54~a:7843,marbely-montas,basketball,Marbely,Montas,Marbely Montas,Marbely Montas,M. Montas,,,,,,,,,,,3,Guard,G,Guard,,2405,,,2,Inactive,inactive,,,,false
2008,7844,016b485b-cc9a-879d-510e-cd17e5eb1cf2,s:40~l:54~a:7844,elizabeth-virgin,basketball,Elizabeth,Virgin,Elizabeth Virgin,Elizabeth Virgin,E. Virgin,,,,,,,,,,,2,Forward,F,Forward,,322,,,2,Inactive,inactive,,,,false
2008,7858,012fa5b7-71cc-50cc-1809-39e7a7f29a5f,s:40~l:54~a:7858,meaghan-malone,basketball,Meaghan,Malone,Meaghan Malone,Meaghan Malone,M. Malone,,,,,,,,,,,2,Forward,F,Forward,,322,,,2,Inactive,inactive,,,,false
2008,7866,d3c25da5-bda5-1de7-998c-90f0938aa32b,s:40~l:54~a:7866,challis-pascucci,basketball,Challis,Pascucci,Challis Pascucci,Challis Pascucci,C. Pascucci,,,,,,,,,,,2,Forward,F,Forward,,253,,,2,Inactive,inactive,,,,false
2008,7867,0bd3ee97-808b-4e8d-dc87-f0fadfdf6c83,s:40~l:54~a:7867,erin-heuett,basketball,Erin,Heuett,Erin Heuett,Erin Heuett,E. Heuett,,,,,,,,,,,0,Not Available,NA,Not Available,,,,,2,Inactive,inactive,,,,false
2008,7883,b7da510c-49a8-dae3-b385-9b7c08930313,s:40~l:54~a:7883,kelly-peller,basketball,Kelly,Peller,Kelly Peller,Kelly Peller,K. Peller,,,,,,,,,,,2,Forward,F,Forward,,2674,,,2,Inactive,inactive,,,,false
2008,7885,c126c31c-74fe-1375-1fd5-ee6107275e75,s:40~l:54~a:7885,caitlyn-sears,basketball,Caitlyn,Sears,Caitlyn Sears,Caitlyn Sears,C. Sears,,,,,,,,,,,3,Guard,G,Guard,,253,,,2,Inactive,inactive,,,,false
2008,7889,5c1a83f0-750c-4a68-cb9f-24577bb35bba,s:40~l:54~a:7889,whitney-randolph,basketball,Whitney,Randolph,Whitney Randolph,Whitney Randolph,W. Randolph,,,,,,,,,,,0,Not Available,NA,Not Available,,,,,2,Inactive,inactive,,,,false
2008,7890,37e909b4-0ce2-dff3-527d-be99cfbf418d,s:40~l:54~a:7890,brittany-mixon,basketball,Brittany,Mixon,Brittany Mixon,Brittany Mixon,B. Mixon,,,,,,,,,,,2,Forward,F,Forward,,2026,,,2,Inactive,inactive,,,,false
2008,7891,2f24aaab-e4bb-0764-a6a4-339c8f477b4c,s:40~l:54~a:7891,gigi-thomas,basketball,Gigi,Thomas,Gigi Thomas,Gigi Thomas,G. Thomas,,,,,,,,,,,3,Guard,G,Guard,,294,,,2,Inactive,inactive,,,,false
2008,7892,c9a26079-5281-d0c6-9395-c4f8af4e4249,s:40~l:54~a:7892,whitney-tossie,basketball,Whitney,Tossie,Whitney Tossie,Whitney Tossie,W. Tossie,,,,,,,,,,,0,Not Available,NA,Not Available,,,,,2,Inactive,inactive,,,,false
2008,7893,2a85ac57-186a-8ef6-c3df-af8ca7b5575f,s:40~l:54~a:7893,robin-colbert,basketball,Robin,Colbert,Robin Colbert,Robin Colbert,R. Colbert,,,,,,,,,,,0,Not Available,NA,Not Available,,,,,2,Inactive,inactive,,,,false
2008,7894,c2175a06-ac48-7eb2-9832-97fed599c3b7,s:40~l:54~a:7894,amarachi-umez-eronini,basketball,Amarachi,Umez-Eronini,Amarachi Umez-Eronini,Amarachi Umez-Eronini,A. Umez-Eronini,,,,,,,,,,,3,Guard,G,Guard,,104,,,2,Inactive,inactive,,,,false
2008,7895,860dc447-eaf7-461f-5b6a-10fb12867e69,s:40~l:54~a:7895,crystal-bellinger,basketball,Crystal,Bellinger,Crystal Bellinger,Crystal Bellinger,C. Bellinger,,,,,,,,,,,3,Guard,G,Guard,,227,,,2,Inactive,inactive,,,,false
2008,7896,c717332e-7b04-c32b-2716-8b68d9f9684f,s:40~l:54~a:7896,ali-prichard,basketball,Ali,Prichard,Ali Prichard,Ali Prichard,A. Prichard,,,,,,,,,,,0,Not Available,NA,Not Available,,,,,2,Inactive,inactive,,,,false
2008,7897,e4157001-67bf-5fdf-512c-01a41af914c0,s:40~l:54~a:7897,whitney-downs,basketball,Whitney,Downs,Whitney Downs,Whitney Downs,W. Downs,,,,,,,,,,,2,Forward,F,Forward,,163,,,2,Inactive,inactive,,,,false
2008,7898,ee194153-72f0-797c-916b-8a902ba2fc07,s:40~l:54~a:7898,meagan-cowher,basketball,Meagan,Cowher,Meagan Cowher,Meagan Cowher,M. Cowher,,,,,,,,,,,0,Not Available,NA,Not Available,,,,,2,Inactive,inactive,,,,false
2008,7899,9238b1bc-fd6c-ea98-3f78-fe0926365ab4,s:40~l:54~a:7899,tani-brown,basketball,Tani,Brown,Tani Brown,Tani Brown,T. Brown,,,,,,,,,,,3,Guard,G,Guard,,163,,,2,Inactive,inactive,,,,false
2008,7900,23276c32-7748-e71b-d97f-b7c36818b644,s:40~l:54~a:7900,caitlin-oneill,basketball,Caitlin,O'Neill,Caitlin O'Neill,Caitlin O'Neill,C. O'Neill,,,,,,,,,,,3,Guard,G,Guard,,163,,,2,Inactive,inactive,,,,false
2008,7901,c4003325-40b3-8b53-6a27-07cc41483ec4,s:40~l:54~a:7901,ali-ridge,basketball,Ali,Ridge,Ali Ridge,Ali Ridge,A. Ridge,,,,,,,,,,,0,Not Available,NA,Not Available,,,,,2,Inactive,inactive,,,,false
2008,7902,149e94df-7c74-67f8-5105-f142dce150e3,s:40~l:54~a:7902,ieva-sulskyte,basketball,Ieva,Sulskyte,Ieva Sulskyte,Ieva Sulskyte,I. Sulskyte,,,,,,,,,,,0,Not Available,NA,Not Available,,,,,2,Inactive,inactive,,,,false
2008,7903,5a4a5e18-4646-dc79-3857-e316a3d7bd1a,s:40~l:54~a:7903,andrea-reed,basketball,Andrea,Reed,Andrea Reed,Andrea Reed,A. Reed,,,,,,,,,,,3,Guard,G,Guard,,2681,,,2,Inactive,inactive,,,,false
2008,7904,3bcf4168-39b6-1b73-9158-7b1d6d29e82d,s:40~l:54~a:7904,chelsey-bunyer,basketball,Chelsey,Bunyer,Chelsey Bunyer,Chelsey Bunyer,C. Bunyer,,,,,,,,,,,0,Not Available,NA,Not Available,,,,,2,Inactive,inactive,,,,false
2008,7905,03fc65df-c677-4cae-a21e-ea6dc44c4eaa,s:40~l:54~a:7905,johna-poole,basketball,John'a,Poole,John'a Poole,John'a Poole,J. Poole,,,,,,,,,,,3,Guard,G,Guard,,2681,,,2,Inactive,inactive,,,,false
2008,7908,efdf49fd-83a4-19ac-08f6-dcc5e91447d7,s:40~l:54~a:7908,addie-micir,basketball,Addie,Micir,Addie Micir,Addie Micir,A. Micir,72.0,"6' 0""",,,,,Newtown,PA,USA,,9,Guard/Forward,G-F,Guard/Forward,,163,,,2,Inactive,inactive,,,,false
2008,7909,60a64145-f05e-ea1a-d3ed-9e7e66dcf695,s:40~l:54~a:7909,jillian-schurle,basketball,Jillian,Schurle,Jillian Schurle,Jillian Schurle,J. Schurle,,,,,,,,,,,0,Not Available,NA,Not Available,,,,,2,Inactive,inactive,,,,false
2008,7910,10a065b6-401b-9825-a86b-7d0061540467,s:40~l:54~a:7910,casey-stokes,basketball,Casey,Stokes,Casey Stokes,Casey Stokes,C. Stokes,,,,,,,,,,,3,Guard,G,Guard,,2681,,,2,Inactive,inactive,,,,false
2008,7915,d6ddc361-ebbd-f9ce-12a3-72958479aa2b,s:40~l:54~a:7915,krystal-hill,basketball,Krystal,Hill,Krystal Hill,Krystal Hill,K. Hill,,,,,,,,,,,3,Guard,G,Guard,,163,,,2,Inactive,inactive,,,,false
2008,7919,af9a5bd9-63f5-913f-d742-a09da80bb71e,s:40~l:54~a:7919,mia-marcus,basketball,Mia,Marcus,Mia Marcus,Mia Marcus,M. Marcus,,,,,,,,,,,0,Not Available,NA,Not Available,,,,,2,Inactive,inactive,,,,false
2008,7920,6941be08-df4a-63ae-1dbc-627ac918a057,s:40~l:54~a:7920,aly-hinton,basketball,Aly,Hinton,Aly Hinton,Aly Hinton,A. Hinton,,,,,,,,,,,2,Forward,F,Forward,,104,,,2,Inactive,inactive,,,,false
2008,7926,383d3387-8b11-0a0f-38f0-a9eb1bdc5072,s:40~l:54~a:7926,shanea-wyant,basketball,Shanea,Wyant,Shanea Wyant,Shanea Wyant,S. Wyant,,,,,,,,,,,0,Not Available,NA,Not Available,,,,,2,Inactive,inactive,,,,false
2008,7927,804d6c52-2172-5b1b-0c5c-08da35a4beae,s:40~l:54~a:7927,courtney-bradley,basketball,Courtney,Bradley,Courtney Bradley,Courtney Bradley,C. Bradley,,,,,,,,,,,3,Guard,G,Guard,,2908,,,2,Inactive,inactive,,,,false
2008,7928,fec7953c-561e-9a19-04ad-31998d1075d0,s:40~l:54~a:7928,tiffany-whiting,basketball,Tiffany,Whiting,Tiffany Whiting,Tiffany Whiting,T. Whiting,,,,,,,,,,,3,Guard,G,Guard,,2908,,,2,Inactive,inactive,,,,false
2008,7929,27409b6d-a991-0316-8d23-4dbb4ff00e5b,s:40~l:54~a:7929,ebony-johnson,basketball,Ebony,Johnson,Ebony Johnson,Ebony Johnson,E. Johnson,,,,,,,,,,,3,Guard,G,Guard,,2908,,,2,Inactive,inactive,,,,false
2008,7930,4b6e4440-1fb6-e408-4a0a-680e4b1bb7da,s:40~l:54~a:7930,courtney-hawkins,basketball,Courtney,Hawkins,Courtney Hawkins,Courtney Hawkins,C. Hawkins,,,,,,,,,,,3,Guard,G,Guard,,2908,,,2,Inactive,inactive,,,,false
2008,7932,25dee098-4e86-643a-a3ef-ccfaa732335a,s:40~l:54~a:7932,cherale-powell,basketball,Cherale,Powell,Cherale Powell,Cherale Powell,C. Powell,,,,,,,,,,,3,Guard,G,Guard,,2908,,,2,Inactive,inactive,,,,false
2008,7935,6a44cb3c-b0b6-9fa3-e752-163e0029e0b0,s:40~l:54~a:7935,megan-frazee,basketball,Megan,Frazee,Megan Frazee,Megan Frazee,M. Frazee,,,,,,,,,,,3,Guard,G,Guard,,2335,,,2,Inactive,inactive,,,,false
2008,7936,06538715-4c3e-3f32-dbb3-e1f53163263a,s:40~l:54~a:7936,monique-floyd,basketball,Monique,Floyd,Monique Floyd,Monique Floyd,M. Floyd,,,,,,,,,,,3,Guard,G,Guard,,2430,,,2,Inactive,inactive,,,,false
2008,7941,ade1253b-92fa-20dc-920d-2955bda9330a,s:40~l:54~a:7941,erin-cournoyer,basketball,Erin,Cournoyer,Erin Cournoyer,Erin Cournoyer,E. Cournoyer,,,,,,,,,,,0,Not Available,NA,Not Available,,,,,2,Inactive,inactive,,,,false
2008,7943,17043e7f-92f4-7b47-debb-46623c351f1a,s:40~l:54~a:7943,tenishia-benson,basketball,Tenishia,Benson,Tenishia Benson,Tenishia Benson,T. Benson,,,,,,,,,,,3,Guard,G,Guard,,2132,,,2,Inactive,inactive,,,,false
2008,7952,d3b2c12f-dae6-0e20-7ac8-f98f28112abb,s:40~l:54~a:7952,tiahana-bowens,basketball,Tiahana,Bowens,Tiahana Bowens,Tiahana Bowens,T. Bowens,,,,,,,,,,,2,Forward,F,Forward,,151,,,2,Inactive,inactive,,,,false
2008,7955,9226fcbf-83c4-71f8-430b-d6f0ec4bc2dc,s:40~l:54~a:7955,leanne-robison,basketball,Leanne,Robison,Leanne Robison,Leanne Robison,L. Robison,,,,,,,,,,,3,Guard,G,Guard,,198,,,2,Inactive,inactive,,,,false
2008,7956,c0da3af8-4d3f-9b12-5d34-58649db7831a,s:40~l:54~a:7956,larrissa-williams,basketball,Larrissa,Williams,Larrissa Williams,Larrissa Williams,L. Williams,,,,,,,,,,,2,Forward,F,Forward,,202,,,2,Inactive,inactive,,,,false
2008,7957,66363c30-680b-81b8-1ea6-76ed3a71ee0d,s:40~l:54~a:7957,tatum-beer,basketball,Tatum,Beer,Tatum Beer,Tatum Beer,T. Beer,,,,,,,,,,,3,Guard,G,Guard,,202,,,2,Inactive,inactive,,,,false
2008,7958,8b3781af-bd92-3f51-a442-3e3046e04869,s:40~l:54~a:7958,kensey-hall,basketball,Kensey,Hall,Kensey Hall,Kensey Hall,K. Hall,,,,,,,,,,,3,Guard,G,Guard,,202,,,2,Inactive,inactive,,,,false
2008,7959,d5972b7d-b950-cb7c-c58b-5145cafc6c71,s:40~l:54~a:7959,reshawndra-jackson,basketball,ReShawndra,Jackson,ReShawndra Jackson,ReShawndra Jackson,R. Jackson,,,,,,,,,,,3,Guard,G,Guard,,202,,,2,Inactive,inactive,,,,false
2008,7961,422c610b-3d9c-c85c-84df-36a89fefabf5,s:40~l:54~a:7961,destanie-gardner,basketball,Destanie,Gardner,Destanie Gardner,Destanie Gardner,D. Gardner,,,,,,,,,,,0,Not Available,NA,Not Available,,,,,2,Inactive,inactive,,,,false
2008,7962,0c14d992-8613-2683-393c-cac0a85538c7,s:40~l:54~a:7962,teka-brooks,basketball,Teka,Brooks,Teka Brooks,Teka Brooks,T. Brooks,,,,,,,,,,,2,Forward,F,Forward,,202,,,2,Inactive,inactive,,,,false
2008,7963,8f4997b9-b39c-ca0c-87d6-322c393d09ec,s:40~l:54~a:7963,shelbie-pool,basketball,Shelbie,Pool,Shelbie Pool,Shelbie Pool,S. Pool,,,,,,,,,,,3,Guard,G,Guard,,163,,,2,Inactive,inactive,,,,false
2008,7965,7e7c4a06-b463-1146-9d8e-925d321bf208,s:40~l:54~a:7965,kara-vaughan,basketball,Kara,Vaughan,Kara Vaughan,Kara Vaughan,K. Vaughan,,,,,,,,,,,1,Center,C,Center,,202,,,2,Inactive,inactive,,,,false
2008,7982,3bbdcbb7-b842-e41f-96ea-4757bcaa1d16,s:40~l:54~a:7982,asha-santee,basketball,Asha,Santee,Asha Santee,Asha Santee,A. Santee,,,,,,,,,,,0,Not Available,NA,Not Available,,,,,2,Inactive,inactive,,,,false
2008,7983,9fbe1bd6-da7a-06e8-59e2-b7712ad2289f,s:40~l:54~a:7983,charae-baulkman,basketball,Charae,Baulkman,Charae Baulkman,Charae Baulkman,C. Baulkman,,,,,,,,,,,2,Forward,F,Forward,,47,,,2,Inactive,inactive,,,,false
2008,7984,7eaae2f6-96e2-350e-399c-ed096317935e,s:40~l:54~a:7984,tamaya-daniels,basketball,Tamaya,Daniels,Tamaya Daniels,Tamaya Daniels,T. Daniels,,,,,,,,,,,1,Center,C,Center,,47,,,2,Inactive,inactive,,,,false
2008,7985,03e171c5-a775-9806-662d-901cd38ea4f1,s:40~l:54~a:7985,reyna-gross,basketball,Reyna,Gross,Reyna Gross,Reyna Gross,R. Gross,,,,,,,,,,,0,Not Available,NA,Not Available,,,,,2,Inactive,inactive,,,,false
2008,7986,3af66f74-4a42-4107-abf5-b3f2d3e9d362,s:40~l:54~a:7986,shannon-carlisle,basketball,Shannon,Carlisle,Shannon Carlisle,Shannon Carlisle,S. Carlisle,,,,,,,,,,,0,Not Available,NA,Not Available,,,,,2,Inactive,inactive,,,,false
2008,7987,94ee0927-617f-26c0-2220-f50d345db480,s:40~l:54~a:7987,kelly-altschul,basketball,Kelly,Altschul,Kelly Altschul,Kelly Altschul,K. Altschul,,,,,,,,,,,1,Center,C,Center,,2426,,,2,Inactive,inactive,,,,false
2008,7988,c73308fb-35e3-49b2-c873-ed4f7e462727,s:40~l:54~a:7988,cassie-consedine,basketball,Cassie,Consedine,Cassie Consedine,Cassie Consedine,C. Consedine,,,,,,,,,,,1,Center,C,Center,,2426,,,2,Inactive,inactive,,,,false
2008,7989,0bd052a0-8bb7-10f7-853c-d2a523bc4061,s:40~l:54~a:7989,angela-myers,basketball,Angela,Myers,Angela Myers,Angela Myers,A. Myers,,,,,,,,,,,3,Guard,G,Guard,,2426,,,2,Inactive,inactive,,,,false
2008,7990,623bdada-d1d8-6474-139b-3fd22da75160,s:40~l:54~a:7990,whitney-davidson,basketball,Whitney,Davidson,Whitney Davidson,Whitney Davidson,W. Davidson,,,,,,,,,,,3,Guard,G,Guard,,2426,,,2,Inactive,inactive,,,,false
2008,7991,90002bdf-9ee3-d294-e4a1-ba84d157c9cf,s:40~l:54~a:7991,kalen-kropa,basketball,Kalen,Kropa,Kalen Kropa,Kalen Kropa,K. Kropa,,,,,,,,,,,3,Guard,G,Guard,,2426,,,2,Inactive,inactive,,,,false
2008,7992,6188d49e-bfdb-64ef-4e9f-86fbc7cbbd5c,s:40~l:54~a:7992,victoria-dunlap,basketball,Victoria,Dunlap,Victoria Dunlap,Victoria Dunlap,V. Dunlap,,,,,,,,,,,2,Forward,F,Forward,,96,,,2,Inactive,inactive,,,,false
2008,7993,e1d05874-0e01-1003-07c0-e3b932535675,s:40~l:54~a:7993,kc-gordon,basketball,K.C.,Gordon,K.C. Gordon,K.C. Gordon,K.C. Gordon,,,,,,,,,,,3,Guard,G,Guard,,2426,,,2,Inactive,inactive,,,,false
2008,7998,8e037200-8f9a-7ba9-4d4e-e0451bd20dcd,s:40~l:54~a:7998,emily-lyren,basketball,Emily,Lyren,Emily Lyren,Emily Lyren,E. Lyren,,,,,,,,,,,3,Guard,G,Guard,,2426,,,2,Inactive,inactive,,,,false
2008,8000,47caa400-8d0f-d85c-72f6-a527a1d79ce4,s:40~l:54~a:8000,chelsea-chowning,basketball,Chelsea,Chowning,Chelsea Chowning,Chelsea Chowning,C. Chowning,,,,,,,,,,,0,Not Available,NA,Not Available,,,,,2,Inactive,inactive,,,,false
2008,8003,b155ee4e-0016-61e1-39f0-c17da6027017,s:40~l:54~a:8003,janette-thompson,basketball,Janette,Thompson,Janette Thompson,Janette Thompson,J. Thompson,70.0,"5' 10""",,,,,Hot Springs,AR,USA,,0,Not Available,NA,Not Available,,,,1,2,Inactive,inactive,,,,false
2008,8004,d67d4630-009b-8d6c-ec6b-ee96c553b176,s:40~l:54~a:8004,erika-brown,basketball,Erika,Brown,Erika Brown,Erika Brown,E. Brown,70.0,"5' 10""",,,,,Shreveport,LA,USA,,0,Not Available,NA,Not Available,,,,2,2,Inactive,inactive,,,,false
2008,8005,751bb613-fa21-c090-3759-6addfcf60ecc,s:40~l:54~a:8005,kristi-martin,basketball,Kristi,Martin,Kristi Martin,Kristi Martin,K. Martin,66.0,"5' 6""",,,,,Bay Springs,MS,USA,,0,Not Available,NA,Not Available,,,,3,2,Inactive,inactive,,,,false
2008,8006,340274b1-a2f5-e24e-05b9-a8c93f1383f9,s:40~l:54~a:8006,andrea-dubose,basketball,Andrea,Dubose,Andrea Dubose,Andrea Dubose,A. Dubose,68.0,"5' 8""",,,,,Newton,MS,USA,,0,Not Available,NA,Not Available,,,,3,2,Inactive,inactive,,,,false
2008,8007,8a7fca50-8f98-9743-aeff-7fd223084ff3,s:40~l:54~a:8007,tasha-owens,basketball,Tasha,Owens,Tasha Owens,Tasha Owens,T. Owens,64.0,"5' 4""",,,,,Fox,AR,USA,,0,Not Available,NA,Not Available,,,,3,2,Inactive,inactive,,,,false
2008,8009,65f0378e-6969-86dd-8613-a0e0fcb155b1,s:40~l:54~a:8009,lyndra-bell,basketball,Lyndra,Bell,Lyndra Bell,Lyndra Bell,L. Bell,,,,,,,,,,,2,Forward,F,Forward,,309,,,2,Inactive,inactive,,,,false
2008,8011,9bd31f95-fc0a-2bba-c33d-c274396592ae,s:40~l:54~a:8011,jasmine-barnes,basketball,Jasmine,Barnes,Jasmine Barnes,Jasmine Barnes,J. Barnes,,,,,,,,,,,3,Guard,G,Guard,,309,,,2,Inactive,inactive,,,,false
2008,8015,6674ec70-19a8-94d3-1a6e-7c487245636a,s:40~l:54~a:8015,dmya-clay,basketball,D'Mya,Clay,D'Mya Clay,D'Mya Clay,D. Clay,,,,,,,,,,,3,Guard,G,Guard,,309,,,2,Inactive,inactive,,,,false
2008,8021,1f32e952-7a2f-de38-6bf3-65fcf28f50e1,s:40~l:54~a:8021,bronson-rodgers,basketball,Bronson,Rodgers,Bronson Rodgers,Bronson Rodgers,B. Rodgers,,,,,,,,,,,3,Guard,G,Guard,,309,,,2,Inactive,inactive,,,,false
2008,8023,bbc67a46-1eb7-c12f-8023-97d8c61ee896,s:40~l:54~a:8023,emily-cordle,basketball,Emily,Cordle,Emily Cordle,Emily Cordle,E. Cordle,,,,,,,,,,,3,Guard,G,Guard,,2426,,,2,Inactive,inactive,,,,false
2008,8025,992011b8-eb27-ac70-504a-b9142f701b88,s:40~l:54~a:8025,samantha-pollino,basketball,Samantha,Pollino,Samantha Pollino,Samantha Pollino,S. Pollino,,,,,,,,,,,2,Forward,F,Forward,,2184,,,2,Inactive,inactive,,,,false
2008,8026,21c09e70-c440-67ad-e9b7-3307598117f8,s:40~l:54~a:8026,crystal-goring,basketball,Crystal,Goring,Crystal Goring,Crystal Goring,C. Goring,,,,,,,,,,,2,Forward,F,Forward,,257,,,2,Inactive,inactive,,,,false
2008,8027,0372a40d-6ba1-6043-84a1-845ccedbc3e7,s:40~l:54~a:8027,brittani-shells,basketball,Brittani,Shells,Brittani Shells,Brittani Shells,B. Shells,,,,,,,,,,,3,Guard,G,Guard,,257,,,2,Inactive,inactive,,,,false
2008,8029,5f3d077d-5d5e-f190-c976-44a4328f800f,s:40~l:54~a:8029,kara-murphy,basketball,Kara,Murphy,Kara Murphy,Kara Murphy,K. Murphy,,,,,,,,,,,2,Forward,F,Forward,,2006,,,2,Inactive,inactive,,,,false
2008,8030,8c15f8b1-2fc3-0770-2040-c29ce41a6d84,s:40~l:54~a:8030,keyla-snowden,basketball,Keyla,Snowden,Keyla Snowden,Keyla Snowden,K. Snowden,,,,,,,,,,,3,Guard,G,Guard,,96,,,2,Inactive,inactive,,,,false
2008,8031,7cb8ce61-d79c-ec67-485c-dc3b66e355e0,s:40~l:54~a:8031,kassie-humphries,basketball,Kassie,Humphries,Kassie Humphries,Kassie Humphries,K. Humphries,,,,,,,,,,,2,Forward,F,Forward,,2230,,,2,Inactive,inactive,,,,false
2008,8032,8898e183-387a-a183-c45a-410d13f2b2f1,s:40~l:54~a:8032,takita-earl,basketball,Takita,Earl,Takita Earl,Takita Earl,T. Earl,,,,,,,,,,,2,Forward,F,Forward,,2230,,,2,Inactive,inactive,,,,false
2008,8033,83545af2-ad34-e001-3774-4917fc7be5ca,s:40~l:54~a:8033,megan-mahoney,basketball,Megan,Mahoney,Megan Mahoney,Megan Mahoney,M. Mahoney,,,,,,,,,,,3,Guard,G,Guard,,2230,,,2,Inactive,inactive,,,,false
2008,8035,ba787ae7-8801-5dac-be0d-c525e99ec1ac,s:40~l:54~a:8035,ashley-logue,basketball,Ashley,Logue,Ashley Logue,Ashley Logue,A. Logue,,,,,,,,,,,2,Forward,F,Forward,,2603,,,2,Inactive,inactive,,,,false
2008,8036,e8981a2d-6fbf-d619-f702-2bf968e0d71a,s:40~l:54~a:8036,sarah-acker,basketball,Sarah,Acker,Sarah Acker,Sarah Acker,S. Acker,,,,,,,,,,,1,Center,C,Center,,2603,,,2,Inactive,inactive,,,,false
2008,8038,9ee66ba4-6bcc-d813-95b1-544e21d5e5e3,s:40~l:54~a:8038,kelly-britcher,basketball,Kelly,Britcher,Kelly Britcher,Kelly Britcher,K. Britcher,,,,,,,,,,,2,Forward,F,Forward,,2184,,,2,Inactive,inactive,,,,false
2008,8040,17a476d8-c202-2d99-bf48-e7747bf92bed,s:40~l:54~a:8040,stephanie-ryan,basketball,Stephanie,Ryan,Stephanie Ryan,Stephanie Ryan,S. Ryan,,,,,,,,,,,3,Guard,G,Guard,,2529,,,2,Inactive,inactive,,,,false
2008,8041,38921b41-ac9b-7016-536c-69a2a55841ed,s:40~l:54~a:8041,alisa-apo,basketball,Alisa,Apo,Alisa Apo,Alisa Apo,A. Apo,,,,,,,,,,,3,Guard,G,Guard,,2529,,,2,Inactive,inactive,,,,false
2008,8043,7757e882-5da7-e8b4-e38e-0ccb0ac0ad51,s:40~l:54~a:8043,maggie-cosgrove,basketball,Maggie,Cosgrove,Maggie Cosgrove,Maggie Cosgrove,M. Cosgrove,,,,,,,,,,,3,Guard,G,Guard,,2529,,,2,Inactive,inactive,,,,false
2008,8044,e7c57d65-5cc2-088c-d0a0-7a3dbacffb0f,s:40~l:54~a:8044,maureen-reilly,basketball,Maureen,Reilly,Maureen Reilly,Maureen Reilly,M. Reilly,,,,,,,,,,,2,Forward,F,Forward,,2529,,,2,Inactive,inactive,,,,false
2008,8045,09a34ed1-6b31-d5a1-9052-14c54dc8b625,s:40~l:54~a:8045,kristina-bell,basketball,Kristina,Bell,Kristina Bell,Kristina Bell,K. Bell,,,,,,,,,,,3,Guard,G,Guard,,2230,,,2,Inactive,inactive,,,,false
2008,8052,3a9d740f-5019-5860-0d76-93e1b3750816,s:40~l:54~a:8052,alexandria-zamora,basketball,Alexandria,Zamora,Alexandria Zamora,Alexandria Zamora,A. Zamora,,,,,,,,,,,2,Forward,F,Forward,,2230,,,2,Inactive,inactive,,,,false
2008,8054,7d20861e-f4dc-6fe2-3c03-13a5c5c84896,s:40~l:54~a:8054,raina-spencer,basketball,Raina,Spencer,Raina Spencer,Raina Spencer,R. Spencer,,,,,,,,,,,3,Guard,G,Guard,,2230,,,2,Inactive,inactive,,,,false
2008,8056,a2049ecc-c0dc-a225-5e1f-26ea2dfeb939,s:40~l:54~a:8056,ashlee-samuels,basketball,Ashlee,Samuels,Ashlee Samuels,Ashlee Samuels,A. Samuels,,,,,,,,,,,2,Forward,F,Forward,,2272,,,2,Inactive,inactive,,,,false
2008,8057,5a163f58-1c48-f784-9289-f62386fea0f2,s:40~l:54~a:8057,mackenzie-maier,basketball,Mackenzie,Maier,Mackenzie Maier,Mackenzie Maier,M. Maier,,,,,,,,,,,1,Center,C,Center,,2272,,,2,Inactive,inactive,,,,false
2008,8058,764ded85-41e5-e8d4-c4e5-4959ee7bb143,s:40~l:54~a:8058,jennifer-long,basketball,Jennifer,Long,Jennifer Long,Jennifer Long,J. Long,,,,,,,,,,,0,Not Available,NA,Not Available,,,,,2,Inactive,inactive,,,,false
2008,8059,7d821049-7238-4c3a-6c16-ade7eedc3d0b,s:40~l:54~a:8059,frances-fields,basketball,Frances,Fields,Frances Fields,Frances Fields,F. Fields,,,,,,,,,,,3,Guard,G,Guard,,2272,,,2,Inactive,inactive,,,,false
2008,8060,9de18415-a82e-494d-46c3-edbb88e807c7,s:40~l:54~a:8060,lateisha-dean,basketball,LaTeisha,Dean,LaTeisha Dean,LaTeisha Dean,L. Dean,,,,,,,,,,,3,Guard,G,Guard,,2272,,,2,Inactive,inactive,,,,false
2008,8062,36dac76d-17e6-d2d2-0dcd-251bc94d9cbb,s:40~l:54~a:8062,alyssa-may,basketball,Alyssa,May,Alyssa May,Alyssa May,A. May,,,,,,,,,,,2,Forward,F,Forward,,107,,,2,Inactive,inactive,,,,false
2008,8063,1b416db3-ea9b-0c7b-f39b-6131089f8c55,s:40~l:54~a:8063,alysa-klein,basketball,Alysa,Klein,Alysa Klein,Alysa Klein,A. Klein,,,,,,,,,,,0,Not Available,NA,Not Available,,,,,2,Inactive,inactive,,,,false
2008,8066,87eb24c0-9b48-648e-941e-07657bc77eed,s:40~l:54~a:8066,chazny-morris,basketball,Chazny,Morris,Chazny Morris,Chazny Morris,C. Morris,,,,,,,,,,,3,Guard,G,Guard,,140,,,2,Inactive,inactive,,,,false
2008,8069,b3e3e33a-9a26-097a-789c-f7b78b74aa20,s:40~l:54~a:8069,sierra-radke,basketball,Sierra,Radke,Sierra Radke,Sierra Radke,S. Radke,,,,,,,,,,,0,Not Available,NA,Not Available,,,,,2,Inactive,inactive,,,,false
2008,8070,9a181fc2-e859-c88c-4492-949c9ae5c672,s:40~l:54~a:8070,amber-manuel,basketball,Amber,Manuel,Amber Manuel,Amber Manuel,A. Manuel,,,,,,,,,,,0,Not Available,NA,Not Available,,,,,2,Inactive,inactive,,,,false
2008,8071,a5ebe258-9ea7-5894-da2b-afea0823c4e5,s:40~l:54~a:8071,jurica-hargraves,basketball,Jurica,Hargraves,Jurica Hargraves,Jurica Hargraves,J. Hargraves,,,,,,,,,,,3,Guard,G,Guard,,2272,,,2,Inactive,inactive,,,,false
2008,8074,0e27e80a-ae37-4259-ba51-4859b4064b22,s:40~l:54~a:8074,elizabeth-campbell,basketball,Elizabeth,Campbell,Elizabeth Campbell,Elizabeth Campbell,E. Campbell,,,,,,,,,,,2,Forward,F,Forward,,107,,,2,Inactive,inactive,,,,false
2008,8076,a6eb1315-0751-ef6c-10b2-9e74700c71ff,s:40~l:54~a:8076,krysten-boogarad,basketball,Krysten,Boogarad,Krysten Boogarad,Krysten Boogarad,K. Boogarad,,,,,,,,,,,1,Center,C,Center,,2305,,,2,Inactive,inactive,,,,false
2008,8078,8438ceb7-1c1f-b831-0737-9ee98b550f4d,s:40~l:54~a:8078,andrea-tucker,basketball,Andrea,Tucker,Andrea Tucker,Andrea Tucker,A. Tucker,,,,,,,,,,,2,Forward,F,Forward,,2272,,,2,Inactive,inactive,,,,false
2008,8082,87773a77-2411-2d07-efc4-04a9dfb8f3df,s:40~l:54~a:8082,amy-dodd,basketball,Amy,Dodd,Amy Dodd,Amy Dodd,A. Dodd,,,,,,,,,,,2,Forward,F,Forward,,2272,,,2,Inactive,inactive,,,,false
2008,8092,684a1294-e809-dc0b-af26-986ec01bc38b,s:40~l:54~a:8092,lindsay-fields,basketball,Lindsay,Fields,Lindsay Fields,Lindsay Fields,L. Fields,,,,,,,,,,,0,Not Available,NA,Not Available,,,,,2,Inactive,inactive,,,,false
2008,8094,0ccb2e20-fdae-fdd1-db9c-de7bd68bf415,s:40~l:54~a:8094,jessica-lawson,basketball,Jessica,Lawson,Jessica Lawson,Jessica Lawson,J. Lawson,,,,,,,,,,,1,Center,C,Center,,58,,,2,Inactive,inactive,,,,false
2008,8095,504923ed-4414-cf44-066c-2a6eea158c11,s:40~l:54~a:8095,jazmine-sepulveda,basketball,Jazmine,Sepulveda,Jazmine Sepulveda,Jazmine Sepulveda,J. Sepulveda,,,,,,,,,,,3,Guard,G,Guard,,58,,,2,Inactive,inactive,,,,false
2008,8096,f37e156b-80fc-d0a4-2b4c-521ffd98bc91,s:40~l:54~a:8096,tashia-phillips,basketball,Ta'Shia,Phillips,Ta'Shia Phillips,Ta'Shia Phillips,T. Phillips,,,,,,,,,,,1,Center,C,Center,,2752,,,2,Inactive,inactive,,,,false
2008,8097,efd08684-5b46-0c4a-6ea1-a3028f190c77,s:40~l:54~a:8097,maureen-hester,basketball,Maureen,Hester,Maureen Hester,Maureen Hester,M. Hester,,,,,,,,,,,2,Forward,F,Forward,,2752,,,2,Inactive,inactive,,,,false
2008,8104,a2c74f38-32b9-8548-6233-7367cb6bcb21,s:40~l:54~a:8104,shakara-jones,basketball,Shakara,Jones,Shakara Jones,Shakara Jones,S. Jones,,,,,,,,,,,2,Forward,F,Forward,,142,,,2,Inactive,inactive,,,,false
2008,8105,1551fd8d-24cd-3241-b5d1-55f0d46ee382,s:40~l:54~a:8105,jaimie-givens,basketball,Jaimie,Givens,Jaimie Givens,Jaimie Givens,J. Givens,,,,,,,,,,,2,Forward,F,Forward,,2226,,,2,Inactive,inactive,,,,false
2008,8106,ea3d2c8e-faf9-fa06-24ed-786fd5a2c2fd,s:40~l:54~a:8106,brittany-bowe,basketball,Brittany,Bowe,Brittany Bowe,Brittany Bowe,B. Bowe,,,,,,,,,,,3,Guard,G,Guard,,2226,,,2,Inactive,inactive,,,,false
2008,8107,c3006995-c19b-af54-6ce0-4dbe7a9e8f5d,s:40~l:54~a:8107,carla-stubbs,basketball,Carla,Stubbs,Carla Stubbs,Carla Stubbs,C. Stubbs,,,,,,,,,,,3,Guard,G,Guard,,2226,,,2,Inactive,inactive,,,,false
2008,8108,be672e32-1dc8-24f0-d429-4d51d653459e,s:40~l:54~a:8108,brooke-burgess,basketball,Brooke,Burgess,Brooke Burgess,Brooke Burgess,B. Burgess,,,,,,,,,,22,2,Forward,F,Forward,,2489,,2,2,Inactive,inactive,,,,false
2008,8109,fb81f5be-21d8-18dc-7eba-2712fe745b5a,s:40~l:54~a:8109,haley-adcock,basketball,Haley,Adcock,Haley Adcock,Haley Adcock,H. Adcock,,,,,,,,,,52,1,Center,C,Center,,2489,,2,2,Inactive,inactive,,,,false
2008,8110,d4f73a25-5e8d-f284-f741-e2a60afcf855,s:40~l:54~a:8110,kim-kelly,basketball,Kim,Kelly,Kim Kelly,Kim Kelly,K. Kelly,,,,,,,,,,20,3,Guard,G,Guard,,2489,,2,2,Inactive,inactive,,,,false
2008,8111,2b6df0d4-178a-8b1e-3659-9435b52c2bb1,s:40~l:54~a:8111,melissa-perez,basketball,Melissa,Perez,Melissa Perez,Melissa Perez,M. Perez,,,,,,,,,,5,3,Guard,G,Guard,,2489,,3,2,Inactive,inactive,,,,false
2008,8112,a4c1e9ec-c6ca-bc62-a9e9-1def0fcb3728,s:40~l:54~a:8112,ashley-adkins,basketball,Ashley,Adkins,Ashley Adkins,Ashley Adkins,A. Adkins,,,,,,,,,,3,3,Guard,G,Guard,,2489,,2,2,Inactive,inactive,,,,false
2008,8113,088d826e-0a6f-ebe6-d2b8-83c58ad7b16b,s:40~l:54~a:8113,jana-momoh,basketball,Jana,Momoh,Jana Momoh,Jana Momoh,J. Momoh,,,,,,,,,,,2,Forward,F,Forward,,2226,,,2,Inactive,inactive,,,,false
2008,8118,493cefef-a16b-acae-3bac-6aa2cbf4f65b,s:40~l:54~a:8118,special-jennings,basketball,Special,Jennings,Special Jennings,Special Jennings,S. Jennings,66.0,"5' 6""",,,,,Cleveland,OH,USA,,3,Guard,G,Guard,,2752,,,2,Inactive,inactive,,,,false
2008,8119,00c82dff-ddc0-185c-be52-8f20d9947116,s:40~l:54~a:8119,bianca-sellers,basketball,Bianca,Sellers,Bianca Sellers,Bianca Sellers,B. Sellers,,,,,,,,,,,0,Not Available,NA,Not Available,,,,,2,Inactive,inactive,,,,false
2008,8128,29c94f5a-219b-9f48-f16b-9ef8f691228f,s:40~l:54~a:8128,crystal-murdaugh,basketball,Crystal,Murdaugh,Crystal Murdaugh,Crystal Murdaugh,C. Murdaugh,,,,,,,,,,,2,Forward,F,Forward,,2448,,,2,Inactive,inactive,,,,false
2008,8130,83280d0f-ad14-5d9b-8eb8-45fad95d3175,s:40~l:54~a:8130,lauren-prochaska,basketball,Lauren,Prochaska,Lauren Prochaska,Lauren Prochaska,L. Prochaska,,,,,,,,,,,3,Guard,G,Guard,,189,,,2,Inactive,inactive,,,,false
2008,8131,b5272504-da53-5a99-e0b9-434eefd1ec1f,s:40~l:54~a:8131,jilian-partin,basketball,Jilian,Partin,Jilian Partin,Jilian Partin,J. Partin,,,,,,,,,,,2,Forward,F,Forward,,288,,,2,Inactive,inactive,,,,false
2008,8133,5316b5b4-1431-4ee4-5bd7-b17ca6dd4e99,s:40~l:54~a:8133,katie-rollins,basketball,Katie,Rollins,Katie Rollins,Katie Rollins,K. Rollins,,,,,,,,,,,3,Guard,G,Guard,,288,,,2,Inactive,inactive,,,,false
2008,8134,88a56492-881b-9e59-8035-6259b1c5ddd7,s:40~l:54~a:8134,miaca-bowman,basketball,Miaca,Bowman,Miaca Bowman,Miaca Bowman,M. Bowman,,,,,,,,,,,3,Guard,G,Guard,,288,,,2,Inactive,inactive,,,,false
2008,8135,574d0b55-7ee9-6e3e-197f-d5789ad81434,s:40~l:54~a:8135,catie-woods,basketball,Catie,Woods,Catie Woods,Catie Woods,C. Woods,,,,,,,,,,,0,Not Available,NA,Not Available,,,,,2,Inactive,inactive,,,,false
2008,8137,99834c93-be63-a411-7cf2-c6de75d1693e,s:40~l:54~a:8137,kaleigh-gossman,basketball,Kaleigh,Gossman,Kaleigh Gossman,Kaleigh Gossman,K. Gossman,,,,,,,,,,,0,Not Available,NA,Not Available,,,,,2,Inactive,inactive,,,,false
2008,8140,23830cb2-d2e6-fc48-ba53-494d09227287,s:40~l:54~a:8140,tiffany-arnold,basketball,Tiffany,Arnold,Tiffany Arnold,Tiffany Arnold,T. Arnold,,,,,,,,,,,0,Not Available,NA,Not Available,,,,,2,Inactive,inactive,,,,false
2008,8141,c46a1bde-59c8-7d51-44a9-3d3ce1f6fdf3,s:40~l:54~a:8141,jenna-bartsokas,basketball,Jenna,Bartsokas,Jenna Bartsokas,Jenna Bartsokas,J. Bartsokas,,,,,,,,,,,3,Guard,G,Guard,,288,,,2,Inactive,inactive,,,,false
2008,8143,0f7126fd-026c-b4a0-1754-4d2eeb8f06cf,s:40~l:54~a:8143,cree-nix,basketball,Cree,Nix,Cree Nix,Cree Nix,C. Nix,,,,,,,,,,,2,Forward,F,Forward,,288,,,2,Inactive,inactive,,,,false
2008,8150,81cf0f14-6585-d5b3-9d8e-e0a14ac34bfa,s:40~l:54~a:8150,lekeisha-gray,basketball,LeKeisha,Gray,LeKeisha Gray,LeKeisha Gray,L. Gray,,,,,,,,,,,0,Not Available,NA,Not Available,,,,,2,Inactive,inactive,,,,false
2008,8152,448a9611-143a-70e0-ed5f-d8cba5522a80,s:40~l:54~a:8152,teshay-winfrey,basketball,Teshay,Winfrey,Teshay Winfrey,Teshay Winfrey,T. Winfrey,,,,,,,,,,,3,Guard,G,Guard,,292,,,2,Inactive,inactive,,,,false
2008,8159,970f1909-1cab-b9cb-8c63-5c69ac9ab9b7,s:40~l:54~a:8159,kelly-cochran,basketball,Kelly,Cochran,Kelly Cochran,Kelly Cochran,K. Cochran,,,,,,,,,,,2,Forward,F,Forward,,300,,,2,Inactive,inactive,,,,false
2008,8160,776fd39a-0f84-0b0e-c07e-bac1dff4fbf4,s:40~l:54~a:8160,stephanie-duda,basketball,Stephanie,Duda,Stephanie Duda,Stephanie Duda,S. Duda,,,,,,,,,,,0,Not Available,NA,Not Available,,,,,2,Inactive,inactive,,,,false
2008,8161,acda65e2-eb1d-eaf7-cf84-9b9694b4d75c,s:40~l:54~a:8161,miranda-forry,basketball,Miranda,Forry,Miranda Forry,Miranda Forry,M. Forry,,,,,,,,,,,0,Not Available,NA,Not Available,,,,,2,Inactive,inactive,,,,false
2008,8162,ff9c3e07-a1e7-f6f2-7aa6-6203f14a0eb9,s:40~l:54~a:8162,christina-zdenek,basketball,Christina,Zdenek,Christina Zdenek,Christina Zdenek,C. Zdenek,,,,,,,,,,,0,Not Available,NA,Not Available,,,,,2,Inactive,inactive,,,,false
2008,8163,4533da3b-7ff1-748a-0b61-3dc4f0dcd189,s:40~l:54~a:8163,kirian-ishizaki,basketball,Kirian,Ishizaki,Kirian Ishizaki,Kirian Ishizaki,K. Ishizaki,,,,,,,,,,,3,Guard,G,Guard,,300,,,2,Inactive,inactive,,,,false
2008,8164,fe596cdf-6e47-ea86-5817-904640207d62,s:40~l:54~a:8164,katie-king,basketball,Katie,King,Katie King,Katie King,K. King,,,,,,,,,,,2,Forward,F,Forward,,254,,,2,Inactive,inactive,,,,false
2008,8167,19f24ee0-e4be-5fd3-4fc1-e59e717315f3,s:40~l:54~a:8167,rebecca-maessen,basketball,Rebecca,Maessen,Rebecca Maessen,Rebecca Maessen,R. Maessen,,,,,,,,,,,3,Guard,G,Guard,,300,,,2,Inactive,inactive,,,,false
2008,8172,8cf7af0f-485e-3a73-e0bf-0309c0863626,s:40~l:54~a:8172,robin-garrett,basketball,Robin,Garrett,Robin Garrett,Robin Garrett,R. Garrett,,,,,,,,,,,1,Center,C,Center,,292,,,2,Inactive,inactive,,,,false
2008,8177,0600e15b-7a7f-2513-1d7a-c291322a4b4a,s:40~l:54~a:8177,annie-mai,basketball,Annie,Mai,Annie Mai,Annie Mai,A. Mai,,,,,,,,,,,0,Not Available,NA,Not Available,,,,,2,Inactive,inactive,,,,false
2008,8185,fa82e0e9-84dd-2774-0831-529ba5f61cbd,s:40~l:54~a:8185,maria-boever,basketball,Maria,Boever,Maria Boever,Maria Boever,M. Boever,,,,,,,,,,,2,Forward,F,Forward,,2571,,,2,Inactive,inactive,,,,false
2008,8186,23c086a0-bde8-01bf-4b4e-e89a50e0d162,s:40~l:54~a:8186,ketty-cornemann,basketball,Ketty,Cornemann,Ketty Cornemann,Ketty Cornemann,K. Cornemann,,,,,,,,,,,2,Forward,F,Forward,,2571,,,2,Inactive,inactive,,,,false
2008,8188,f513010c-003a-f4e2-f94c-2e8ebbecc6bd,s:40~l:54~a:8188,andrea-verdegan,basketball,Andrea,Verdegan,Andrea Verdegan,Andrea Verdegan,A. Verdegan,,,,,,,,,,,0,Not Available,NA,Not Available,,,,,2,Inactive,inactive,,,,false
2008,8190,8292325a-4c98-fd68-e1a0-3e19df21b8d7,s:40~l:54~a:8190,ashlea-muckenhirn,basketball,Ashlea,Muckenhirn,Ashlea Muckenhirn,Ashlea Muckenhirn,A. Muckenhirn,,,,,,,,,,,3,Guard,G,Guard,,2571,,,2,Inactive,inactive,,,,false
2008,8195,f61139cb-2b92-9672-2caf-c42fab987d15,s:40~l:54~a:8195,morgan-meier,basketball,Morgan,Meier,Morgan Meier,Morgan Meier,M. Meier,,,,,,,,,,,3,Guard,G,Guard,,2571,,,2,Inactive,inactive,,,,false
2008,8202,f174d94d-4c5a-b224-4951-80e72e02bd44,s:40~l:54~a:8202,erin-brocka,basketball,Erin,Brocka,Erin Brocka,Erin Brocka,E. Brocka,,,,,,,,,,,2,Forward,F,Forward,,2460,,,2,Inactive,inactive,,,,false
2008,8203,6592e632-2b6b-e9b4-fac2-1bdc8b5c4d91,s:40~l:54~a:8203,jacqui-kalin,basketball,Jacqui,Kalin,Jacqui Kalin,Jacqui Kalin,J. Kalin,,,,,,,,,,,3,Guard,G,Guard,,2460,,,2,Inactive,inactive,,,,false
2008,8204,59b731f2-6272-c73f-6627-b355cd857167,s:40~l:54~a:8204,danielle-wubbens,basketball,Danielle,Wubbens,Danielle Wubbens,Danielle Wubbens,D. Wubbens,,,,,,,,,,,2,Forward,F,Forward,,2460,,,2,Inactive,inactive,,,,false
2008,8207,6c7da2dc-8133-44f3-5203-a9258fe8dbbf,s:40~l:54~a:8207,lizzie-boeck,basketball,Lizzie,Boeck,Lizzie Boeck,Lizzie Boeck,L. Boeck,,,,,,,,,,,1,Center,C,Center,,2460,,,2,Inactive,inactive,,,,false
2008,8208,a9879d7f-2646-c45d-a887-b6d5cb092438,s:40~l:54~a:8208,caitlin-anderson,basketball,Caitlin,Anderson,Caitlin Anderson,Caitlin Anderson,C. Anderson,,,,,,,,,,,2,Forward,F,Forward,,2692,,,2,Inactive,inactive,,,,false
2008,8211,7d4e4442-f3f0-a823-268b-b7c6eaa9b3b0,s:40~l:54~a:8211,janie-killian,basketball,Janie,Killian,Janie Killian,Janie Killian,J. Killian,,,,,,,,,,,1,Center,C,Center,,2598,,,2,Inactive,inactive,,,,false
2008,8212,dfc64cad-bfa2-c8a1-c619-6d83e06f49cf,s:40~l:54~a:8212,shawna-scott,basketball,Shawna,Scott,Shawna Scott,Shawna Scott,S. Scott,,,,,,,,,,,3,Guard,G,Guard,,2598,,,2,Inactive,inactive,,,,false
2008,8213,d1e12b46-1a6f-e90a-181a-8942e66b3d29,s:40~l:54~a:8213,britney-hodges,basketball,Britney,Hodges,Britney Hodges,Britney Hodges,B. Hodges,,,,,,,,,,,3,Guard,G,Guard,,2598,,,2,Inactive,inactive,,,,false
2008,8214,e9e4466c-c2a1-fe41-ae87-54ad2e89172c,s:40~l:54~a:8214,samantha-leach,basketball,Samantha,Leach,Samantha Leach,Samantha Leach,S. Leach,,,,,,,,,,,3,Guard,G,Guard,,2598,,,2,Inactive,inactive,,,,false
2008,8217,58389c78-5329-9beb-88e9-b7a689f6dd91,s:40~l:54~a:8217,whitney-robinson,basketball,Whitney,Robinson,Whitney Robinson,Whitney Robinson,W. Robinson,,,,,,,,,,,2,Forward,F,Forward,,2598,,,2,Inactive,inactive,,,,false
2008,8221,b64db1a7-a605-2569-6039-f2078e0dc6f6,s:40~l:54~a:8221,tara-hittle,basketball,Tara,Hittle,Tara Hittle,Tara Hittle,T. Hittle,,,,,,,,,,,2,Forward,F,Forward,,62,,,2,Inactive,inactive,,,,false
2008,8227,097e3f26-3f3f-d9e6-d1a6-2fd26a966333,s:40~l:54~a:8227,dawn-evans,basketball,Dawn,Evans,Dawn Evans,Dawn Evans,D. Evans,,,,,,,,,,,3,Guard,G,Guard,,256,,,2,Inactive,inactive,,,,false
2008,8228,ed91cf78-da63-f2ff-3e82-b79a036c2e1c,s:40~l:54~a:8228,michele-brokans,basketball,Michele,Brokans,Michele Brokans,Michele Brokans,M. Brokans,,,,,,,,,,,3,Guard,G,Guard,,2378,,,2,Inactive,inactive,,,,false
2008,8232,dcf42843-8149-fd1d-f7f4-fd6eea809a3e,s:40~l:54~a:8232,sara-oblak,basketball,Sara,Oblak,Sara Oblak,Sara Oblak,S. Oblak,,,,,,,,,,,0,Not Available,NA,Not Available,,,,,2,Inactive,inactive,,,,false
2008,8233,ba283800-6012-8896-8bd8-f2049d34d3d9,s:40~l:54~a:8233,chelsi-johnson,basketball,Chelsi,Johnson,Chelsi Johnson,Chelsi Johnson,C. Johnson,,,,,,,,,,,2,Forward,F,Forward,,2341,,,2,Inactive,inactive,,,,false
2008,8234,51aa2fd4-63a1-fd5f-6b16-e33f8b83adc7,s:40~l:54~a:8234,valerie-nainima,basketball,Valerie,Nainima,Valerie Nainima,Valerie Nainima,V. Nainima,,,,,,,,,,,3,Guard,G,Guard,,2579,,,2,Inactive,inactive,,,,false
2008,8235,b45c1e06-4f3d-e711-a664-05794432aafe,s:40~l:54~a:8235,connie-james,basketball,Connie,James,Connie James,Connie James,C. James,,,,,,,,,,,3,Guard,G,Guard,,2341,,,2,Inactive,inactive,,,,false
2008,8236,ae628c24-bb9a-a1b1-222f-c5fbf5047095,s:40~l:54~a:8236,mikaelar-whippy,basketball,Mikaelar,Whippy,Mikaelar Whippy,Mikaelar Whippy,M. Whippy,,,,,,,,,,,0,Not Available,NA,Not Available,,,,,2,Inactive,inactive,,,,false
2008,8241,cfaf7a98-4b11-dc40-7c62-94f5619252c6,s:40~l:54~a:8241,anna-dziadkowiec,basketball,Anna,Dziadkowiec,Anna Dziadkowiec,Anna Dziadkowiec,A. Dziadkowiec,,,,,,,,,,,0,Not Available,NA,Not Available,,,,,2,Inactive,inactive,,,,false
2008,8244,af91aabf-817c-5669-c8c9-1d636372104a,s:40~l:54~a:8244,sharon-harrison,basketball,Sha'Ron,Harrison,Sha'Ron Harrison,Sha'Ron Harrison,S. Harrison,,,,,,,,,,,2,Forward,F,Forward,,2681,,,2,Inactive,inactive,,,,false
2008,8245,a2838fc2-cf23-a597-71ee-00583fa01bb5,s:40~l:54~a:8245,vanessa-kabongo,basketball,Vanessa,Kabongo,Vanessa Kabongo,Vanessa Kabongo,V. Kabongo,,,,,,,,,,,3,Guard,G,Guard,,48,,,2,Inactive,inactive,,,,false
2008,8249,420d3d42-d4da-1f55-acef-77ba472532a4,s:40~l:54~a:8249,chantay-frazier,basketball,Chantay,Frazier,Chantay Frazier,Chantay Frazier,C. Frazier,,,,,,,,,,,3,Guard,G,Guard,,2378,,,2,Inactive,inactive,,,,false
2008,8251,dbcb30e1-fa55-13e1-e995-b0023e3b9117,s:40~l:54~a:8251,jenny-lidgren,basketball,Jenny,Lidgren,Jenny Lidgren,Jenny Lidgren,J. Lidgren,,,,,,,,,,,0,Not Available,NA,Not Available,,,,,2,Inactive,inactive,,,,false
2008,8255,53d95191-d310-41f3-29e5-3bb62d1f441e,s:40~l:54~a:8255,sarah-russell,basketball,Sarah,Russell,Sarah Russell,Sarah Russell,S. Russell,,,,,,,,,,,0,Not Available,NA,Not Available,,,,,2,Inactive,inactive,,,,false
2008,8256,2599406f-7314-1f2e-a25b-9e9c80050e7b,s:40~l:54~a:8256,kourtney-carter,basketball,Kourtney,Carter,Kourtney Carter,Kourtney Carter,K. Carter,,,,,,,,,,,1,Center,C,Center,,2382,,,2,Inactive,inactive,,,,false
2008,8257,b81696b4-f862-742c-e18d-08f4dd94f58a,s:40~l:54~a:8257,cristin-seymour,basketball,Cristin,Seymour,Cristin Seymour,Cristin Seymour,C. Seymour,,,,,,,,,,,3,Guard,G,Guard,,2382,,,2,Inactive,inactive,,,,false
2008,8258,3cc2fa53-238b-8f40-783a-64b0c71807d3,s:40~l:54~a:8258,shaquita-bell,basketball,Shaquita,Bell,Shaquita Bell,Shaquita Bell,S. Bell,,,,,,,,,,,0,Not Available,NA,Not Available,,,,,2,Inactive,inactive,,,,false
2008,8259,0f49efb1-fab3-10bc-c290-5f2f33d7330c,s:40~l:54~a:8259,latoya-jackson,basketball,LaToya,Jackson,LaToya Jackson,LaToya Jackson,L. Jackson,,,,,,,,,,,3,Guard,G,Guard,,2382,,,2,Inactive,inactive,,,,false
2008,8260,78903978-c333-78d9-3a58-0beef5c7eecc,s:40~l:54~a:8260,andrea-barber,basketball,Andrea,Barber,Andrea Barber,Andrea Barber,A. Barber,,,,,,,,,,,3,Guard,G,Guard,,2572,,,2,Inactive,inactive,,,,false
2008,8262,bfc03472-c072-1077-05ba-aa7e343f007b,s:40~l:54~a:8262,becca-reams,basketball,Becca,Reams,Becca Reams,Becca Reams,B. Reams,,,,,,,,,,,0,Not Available,NA,Not Available,,,,,2,Inactive,inactive,,,,false
2008,8263,cb8a1590-d80d-6995-2f06-bb9928b54da7,s:40~l:54~a:8263,charday-hunt,basketball,Charday,Hunt,Charday Hunt,Charday Hunt,C. Hunt,,,,,,,,,,,3,Guard,G,Guard,,16,,,2,Inactive,inactive,,,,false
2008,8264,ecf93747-d7ea-7bd8-dfd2-c34429b20a08,s:40~l:54~a:8264,sami-field-polisso,basketball,Sami,Field-Polisso,Sami Field-Polisso,Sami Field-Polisso,S. Field-Polisso,,,,,,,,,,,3,Guard,G,Guard,,16,,,2,Inactive,inactive,,,,false
2008,8265,e8741d2e-5735-1879-f1ae-c3ab67373526,s:40~l:54~a:8265,kelli-davis,basketball,Kelli,Davis,Kelli Davis,Kelli Davis,K. Davis,,,,,,,,,,,3,Guard,G,Guard,,16,,,2,Inactive,inactive,,,,false
2008,8266,82b38931-95b5-4035-b9e7-58e0d28e17ca,s:40~l:54~a:8266,erika-edwards,basketball,Erika,Edwards,Erika Edwards,Erika Edwards,E. Edwards,,,,,,,,,,,2,Forward,F,Forward,,16,,,2,Inactive,inactive,,,,false
2008,8270,9f83ee4f-08fb-768a-c067-7bd30416c060,s:40~l:54~a:8270,shakeda-richie,basketball,Shakeda,Richie,Shakeda Richie,Shakeda Richie,S. Richie,,,,,,,,,,,0,Not Available,NA,Not Available,,,,,2,Inactive,inactive,,,,false
2008,8272,c0d13ced-c3c5-1874-6792-f40f38337d05,s:40~l:54~a:8272,jasmine-cannady,basketball,Jasmine,Cannady,Jasmine Cannady,Jasmine Cannady,J. Cannady,,,,,,,,,,,3,Guard,G,Guard,,16,,,2,Inactive,inactive,,,,false
2008,8279,65d48b08-6d84-9e4a-fcf1-e047f89ed246,s:40~l:54~a:8279,micah-garoutte,basketball,Micah,Garoutte,Micah Garoutte,Micah Garoutte,M. Garoutte,,,,,,,,,,,1,Center,C,Center,,2628,,,2,Inactive,inactive,,,,false
2008,8284,bc38d77b-2e9b-c96a-dfb5-1b41bc36869a,s:40~l:54~a:8284,natalie-bonds,basketball,Natalie,Bonds,Natalie Bonds,Natalie Bonds,N. Bonds,,,,,,,,,,,2,Forward,F,Forward,,225,,,2,Inactive,inactive,,,,false
2008,8285,d13b44d8-7579-3a93-213b-4f1f16443a22,s:40~l:54~a:8285,courtney-lee,basketball,Courtney,Lee,Courtney Lee,Courtney Lee,C. Lee,,,,,,,,,,,3,Guard,G,Guard,,225,,,2,Inactive,inactive,,,,false
2008,8286,83e97489-aea4-1c13-1fb3-f890507d7637,s:40~l:54~a:8286,annesley-oneal,basketball,Annesley,O'Neal,Annesley O'Neal,Annesley O'Neal,A. O'Neal,,,,,,,,,,,0,Not Available,NA,Not Available,,,,,2,Inactive,inactive,,,,false
2008,8287,ccdc57e3-ae2d-e622-7838-0bc55c695810,s:40~l:54~a:8287,shae-fitzpatrick,basketball,Shae,Fitzpatrick,Shae Fitzpatrick,Shae Fitzpatrick,S. Fitzpatrick,,,,,,,,,,,3,Guard,G,Guard,,225,,,2,Inactive,inactive,,,,false
2008,8289,d0cf6477-be0f-9f45-341a-e9d562166082,s:40~l:54~a:8289,moina-snyder,basketball,Moina,Snyder,Moina Snyder,Moina Snyder,M. Snyder,,,,,,,,,,,0,Not Available,NA,Not Available,,,,,2,Inactive,inactive,,,,false
2008,8292,8a1996ae-6635-d4a7-a154-38af4bf6f423,s:40~l:54~a:8292,sadiea-williams,basketball,Sadiea,Williams,Sadiea Williams,Sadiea Williams,S. Williams,,,,,,,,,,,3,Guard,G,Guard,,225,,,2,Inactive,inactive,,,,false
2008,8296,fc325d98-3650-1df1-2575-642a150db294,s:40~l:54~a:8296,betsy-jacobson,basketball,Betsy,Jacobson,Betsy Jacobson,Betsy Jacobson,B. Jacobson,,,,,,,,,,,2,Forward,F,Forward,,225,,,2,Inactive,inactive,,,,false
2008,8297,29aa9308-3c38-dd9d-c6dc-c5101e3e04c6,s:40~l:54~a:8297,shaunice-parker,basketball,Shaunice,Parker,Shaunice Parker,Shaunice Parker,S. Parker,,,,,,,,,,,2,Forward,F,Forward,,2520,,,2,Inactive,inactive,,,,false
2008,8298,c726e76c-4cf1-8e36-f839-b4d9a77d42e4,s:40~l:54~a:8298,shannon-ferguson,basketball,Shannon,Ferguson,Shannon Ferguson,Shannon Ferguson,S. Ferguson,,,,,,,,,,,2,Forward,F,Forward,,2520,,,2,Inactive,inactive,,,,false
2008,8299,35fe11b7-d03f-5fb6-8b72-7ed30ae9b9bb,s:40~l:54~a:8299,amanda-sepulveda,basketball,Amanda,Sepulveda,Amanda Sepulveda,Amanda Sepulveda,A. Sepulveda,,,,,,,,,,,3,Guard,G,Guard,,2520,,,2,Inactive,inactive,,,,false
2008,8300,7df5a908-7032-bae6-cc75-381e0e8926e9,s:40~l:54~a:8300,janele-henderson,basketball,Janele,Henderson,Janele Henderson,Janele Henderson,J. Henderson,,,,,,,,,,,0,Not Available,NA,Not Available,,,,,2,Inactive,inactive,,,,false
2008,8301,9fd9824b-b3a3-288d-1381-2549e69bb31f,s:40~l:54~a:8301,tammy-meyers,basketball,Tammy,Meyers,Tammy Meyers,Tammy Meyers,T. Meyers,,,,,,,,,,,3,Guard,G,Guard,,2520,,,2,Inactive,inactive,,,,false
2008,8303,af8920ba-b169-c49a-47ea-0109a5798e28,s:40~l:54~a:8303,latisha-hatcher,basketball,LaTisha,Hatcher,LaTisha Hatcher,LaTisha Hatcher,L. Hatcher,,,,,,,,,,,0,Not Available,NA,Not Available,,,,,2,Inactive,inactive,,,,false
2008,8304,765b75ec-0337-7599-5d89-be4bef658bb3,s:40~l:54~a:8304,cati-keating,basketball,Cati,Keating,Cati Keating,Cati Keating,C. Keating,,,,,,,,,,,0,Not Available,NA,Not Available,,,,,2,Inactive,inactive,,,,false
2008,8305,359af0a6-6623-10d4-ae79-b2c2bcbd3f9c,s:40~l:54~a:8305,pj-wade,basketball,P.J.,Wade,P.J. Wade,P.J. Wade,P.J. Wade,,,,,,,,,,,3,Guard,G,Guard,,2115,,,2,Inactive,inactive,,,,false
2008,8306,915bf060-146f-0164-2b18-d923ca880ea9,s:40~l:54~a:8306,jhanay-harris,basketball,Jhanay,Harris,Jhanay Harris,Jhanay Harris,J. Harris,,,,,,,,,,,3,Guard,G,Guard,,2115,,,2,Inactive,inactive,,,,false
2008,8307,506973ab-7e6e-3c42-51f2-821ea2b440c1,s:40~l:54~a:8307,emily-rose,basketball,Emily,Rose,Emily Rose,Emily Rose,E. Rose,,,,,,,,,,,3,Guard,G,Guard,,2115,,,2,Inactive,inactive,,,,false
2008,8308,10aac9d0-5e78-8732-2a84-9c93eab4cce4,s:40~l:54~a:8308,brenna-banktson,basketball,Brenna,Banktson,Brenna Banktson,Brenna Banktson,B. Banktson,,,,,,,,,,,2,Forward,F,Forward,,2711,,,2,Inactive,inactive,,,,false
2008,8316,8c748955-599f-5732-7fd3-3d6b4b45561f,s:40~l:54~a:8316,danica-covington,basketball,Danica,Covington,Danica Covington,Danica Covington,D. Covington,,,,,,,,,,,0,Not Available,NA,Not Available,,,,,2,Inactive,inactive,,,,false
2008,8323,3d8d214d-9a60-0030-871e-c5ec61505745,s:40~l:54~a:8323,ebony-cleary,basketball,Ebony,Cleary,Ebony Cleary,Ebony Cleary,E. Cleary,,,,,,,,,,,2,Forward,F,Forward,,2711,,,2,Inactive,inactive,,,,false
2008,8325,d45e5e32-9ffc-7248-7a18-477f3b2572c3,s:40~l:54~a:8325,kerrianne-dugan,basketball,Kerrianne,Dugan,Kerrianne Dugan,Kerrianne Dugan,K. Dugan,,,,,,,,,,,2,Forward,F,Forward,,2115,,,2,Inactive,inactive,,,,false
2008,8327,92d3e333-ccab-6431-974b-46df3ac67d07,s:40~l:54~a:8327,justina-udenze,basketball,Justina,Udenze,Justina Udenze,Justina Udenze,J. Udenze,,,,,,,,,,,2,Forward,F,Forward,,2115,,,2,Inactive,inactive,,,,false
2008,8332,efdc8165-f774-def3-e116-d7357bd625de,s:40~l:54~a:8332,r-bachvarova,basketball,R,Bachvarova,R Bachvarova,R Bachvarova,R. Bachvarova,,,,,,,,,,,0,Not Available,NA,Not Available,,,,,2,Inactive,inactive,,,,false
2008,8337,e5cbf191-7b73-2050-b383-ed4db6de65b9,s:40~l:54~a:8337,ellen-young,basketball,Ellen,Young,Ellen Young,Ellen Young,E. Young,,,,,,,,,,,0,Not Available,NA,Not Available,,,,,2,Inactive,inactive,,,,false
2008,8338,17fe6378-fdfd-e43e-8e1f-43e5cd3a2c6b,s:40~l:54~a:8338,megan-ennenga,basketball,Megan,Ennenga,Megan Ennenga,Megan Ennenga,M. Ennenga,,,,,,,,,,,3,Guard,G,Guard,,349,,,2,Inactive,inactive,,,,false
2008,8339,ab2a4cb5-db09-a588-5c3b-a9153e21fd71,s:40~l:54~a:8339,kendra-williams,basketball,Kendra,Williams,Kendra Williams,Kendra Williams,K. Williams,,,,,,,,,,,2,Forward,F,Forward,,2597,,,2,Inactive,inactive,,,,false
2008,8340,e66c208e-51b8-0310-6d87-5cbf0db4051a,s:40~l:54~a:8340,deanna-petrucci,basketball,Deanna,Petrucci,Deanna Petrucci,Deanna Petrucci,D. Petrucci,,,,,,,,,,,2,Forward,F,Forward,,2597,,,2,Inactive,inactive,,,,false
2008,8341,71916b1f-0ecb-ffa3-8b93-a774c3d373f8,s:40~l:54~a:8341,kara-ayers,basketball,Kara,Ayers,Kara Ayers,Kara Ayers,K. Ayers,,,,,,,,,,,3,Guard,G,Guard,,2597,,,2,Inactive,inactive,,,,false
2008,8342,485b16cc-944a-bd6d-ae96-f7db25b6cfbe,s:40~l:54~a:8342,linda-warrington,basketball,Linda,Warrington,Linda Warrington,Linda Warrington,L. Warrington,,,,,,,,,,,0,Not Available,NA,Not Available,,,,,2,Inactive,inactive,,,,false
2008,8343,1cd07f28-0406-0108-0d63-37f16bfb99b4,s:40~l:54~a:8343,kristen-miah,basketball,Kristen,Miah,Kristen Miah,Kristen Miah,K. Miah,,,,,,,,,,,3,Guard,G,Guard,,2597,,,2,Inactive,inactive,,,,false
2008,8345,c5c18964-0079-c289-ca79-41ab4621f62d,s:40~l:54~a:8345,katrina-swingler,basketball,Katrina,Swingler,Katrina Swingler,Katrina Swingler,K. Swingler,,,,,,,,,,,2,Forward,F,Forward,,79,,,2,Inactive,inactive,,,,false
2008,8352,fc06c120-468b-37d7-c860-54168ff5f9cf,s:40~l:54~a:8352,nalini-hawkins,basketball,Nalini,Hawkins,Nalini Hawkins,Nalini Hawkins,N. Hawkins,,,,,,,,,,,3,Guard,G,Guard,,349,,,2,Inactive,inactive,,,,false
2008,8353,a9ff2f2f-609b-078a-507e-cce0e28b575a,s:40~l:54~a:8353,tiffany-hill,basketball,Tiffany,Hill,Tiffany Hill,Tiffany Hill,T. Hill,,,,,,,,,,,0,Not Available,NA,Not Available,,,,,2,Inactive,inactive,,,,false
2008,8354,ae9350c8-9e9a-8ba9-5dc1-6cbd1ff8dd52,s:40~l:54~a:8354,cecelia-herald,basketball,Cecelia,Herald,Cecelia Herald,Cecelia Herald,C. Herald,,,,,,,,,,,2,Forward,F,Forward,,2597,,,2,Inactive,inactive,,,,false
2008,8355,784500c2-fb2e-40fc-4ac0-9c06d720f039,s:40~l:54~a:8355,erin-anthony,basketball,Erin,Anthony,Erin Anthony,Erin Anthony,E. Anthony,,,,,,,,,,,2,Forward,F,Forward,,349,,,2,Inactive,inactive,,,,false
2008,8357,051c800b-c0fa-3a15-5816-8c4f8278814d,s:40~l:54~a:8357,tika-koshiyama-diaz,basketball,Tika,Koshiyama-Diaz,Tika Koshiyama-Diaz,Tika Koshiyama-Diaz,T. Koshiyama-Diaz,,,,,,,,,,,5,Post,P,Post,,16,,,2,Inactive,inactive,,,,false
2008,8359,5390aa70-c6be-f19a-8094-ad3f7831c61b,s:40~l:54~a:8359,sydney-benson,basketball,Sydney,Benson,Sydney Benson,Sydney Benson,S. Benson,,,,,,,,,,,0,Not Available,NA,Not Available,,,,,2,Inactive,inactive,,,,false
2008,8360,ed9ab460-67fd-6163-5348-641e60c463d4,s:40~l:54~a:8360,amy-bratvold,basketball,Amy,Bratvold,Amy Bratvold,Amy Bratvold,A. Bratvold,,,,,,,,,,,2,Forward,F,Forward,,331,,,2,Inactive,inactive,,,,false
2008,8361,fb1faece-81b7-adbb-7157-2ab190ed08d9,s:40~l:54~a:8361,nicole-scott,basketball,Nicole,Scott,Nicole Scott,Nicole Scott,N. Scott,,,,,,,,,,,2,Forward,F,Forward,,331,,,2,Inactive,inactive,,,,false
2008,8362,ba1c1a80-60c2-b438-1105-f3b9cbd3cf96,s:40~l:54~a:8362,katy-baker,basketball,Katy,Baker,Katy Baker,Katy Baker,K. Baker,,,,,,,,,,,0,Not Available,NA,Not Available,,,,,2,Inactive,inactive,,,,false
2008,8363,d4f5450e-2bde-5d80-de66-2b5b74dcaf3b,s:40~l:54~a:8363,jessica-huntington,basketball,Jessica,Huntington,Jessica Huntington,Jessica Huntington,J. Huntington,,,,,,,,,,,3,Guard,G,Guard,,331,,,2,Inactive,inactive,,,,false
2008,8364,a50cb633-e813-c88d-1443-6360f6684947,s:40~l:54~a:8364,katie-calderwood,basketball,Katie,Calderwood,Katie Calderwood,Katie Calderwood,K. Calderwood,,,,,,,,,,,2,Forward,F,Forward,,265,,,2,Inactive,inactive,,,,false
2008,8365,040fcd9e-e6a1-1044-1a13-1eff43add094,s:40~l:54~a:8365,heather-molzen,basketball,Heather,Molzen,Heather Molzen,Heather Molzen,H. Molzen,,,,,,,,,,,1,Center,C,Center,,265,,,2,Inactive,inactive,,,,false
2008,8366,404c121c-d5fb-62cc-fc5b-0b1da73e04fe,s:40~l:54~a:8366,kezia-kelly,basketball,Kezia,Kelly,Kezia Kelly,Kezia Kelly,K. Kelly,,,,,,,,,,,3,Guard,G,Guard,,265,,,2,Inactive,inactive,,,,false
2008,8367,70d96a25-caf3-452c-6296-43cc5a081df2,s:40~l:54~a:8367,colleen-betteridge,basketball,Colleen,Betteridge,Colleen Betteridge,Colleen Betteridge,C. Betteridge,,,,,,,,,,,0,Not Available,NA,Not Available,,,,,2,Inactive,inactive,,,,false
2008,8368,0257d39a-9c89-bace-274d-55583a3263dd,s:40~l:54~a:8368,katie-appleton,basketball,Katie,Appleton,Katie Appleton,Katie Appleton,K. Appleton,,,,,,,,,,,3,Guard,G,Guard,,265,,,2,Inactive,inactive,,,,false
2008,8372,e6f4c44c-eead-208f-a8be-d151be249fdb,s:40~l:54~a:8372,kyla-evans,basketball,Kyla,Evans,Kyla Evans,Kyla Evans,K. Evans,,,,,,,,,,,3,Guard,G,Guard,,331,,,2,Inactive,inactive,,,,false
2008,8375,6da7458e-c94d-4ea1-b25f-14f856bef344,s:40~l:54~a:8375,tatjana-sparavalo,basketball,Tatjana,Sparavalo,Tatjana Sparavalo,Tatjana Sparavalo,T. Sparavalo,,,,,,,,,,,3,Guard,G,Guard,,331,,,2,Inactive,inactive,,,,false
2008,8376,a3b0585b-21e1-c583-6aca-a5fdd171782e,s:40~l:54~a:8376,daria-frazier,basketball,Daria,Frazier,Daria Frazier,Daria Frazier,D. Frazier,,,,,,,,,,,2,Forward,F,Forward,,2724,,,2,Inactive,inactive,,,,false
2008,8377,2f6167a8-f6ad-a44b-2689-10a9ca392caa,s:40~l:54~a:8377,kiki-stephens,basketball,Kiki,Stephens,Kiki Stephens,Kiki Stephens,K. Stephens,,,,,,,,,,,0,Not Available,NA,Not Available,,,,,2,Inactive,inactive,,,,false
2008,8378,daacd131-7e32-5771-43e1-3850aa45a181,s:40~l:54~a:8378,marcy-sudbeck,basketball,Marcy,Sudbeck,Marcy Sudbeck,Marcy Sudbeck,M. Sudbeck,,,,,,,,,,,2,Forward,F,Forward,,2724,,,2,Inactive,inactive,,,,false
2008,8379,486646c5-9644-45d9-1e01-d21b5b4999cb,s:40~l:54~a:8379,kyrie-kinder,basketball,Kyrie,Kinder,Kyrie Kinder,Kyrie Kinder,K. Kinder,,,,,,,,,,,0,Not Available,NA,Not Available,,,,,2,Inactive,inactive,,,,false
2008,8380,28925101-5790-1774-d8c3-ebd22dad3d58,s:40~l:54~a:8380,jacie-hoyt,basketball,Jacie,Hoyt,Jacie Hoyt,Jacie Hoyt,J. Hoyt,66.0,"5' 6""",,,,,Hoxie,KS,USA,,3,Guard,G,Guard,,2724,,,2,Inactive,inactive,,,,false
2008,8382,44d494c5-c8c3-68b8-0d19-946655ea4390,s:40~l:54~a:8382,whitney-rice,basketball,Whitney,Rice,Whitney Rice,Whitney Rice,W. Rice,,,,,,,,,,,0,Not Available,NA,Not Available,,,,,2,Inactive,inactive,,,,false
2008,8383,fde8d210-61e5-2a4a-103a-ccc145346417,s:40~l:54~a:8383,alex-bunton,basketball,Alex,Bunton,Alex Bunton,Alex Bunton,A. Bunton,,,,,,,,,,,0,Not Available,NA,Not Available,,,,,2,Inactive,inactive,,,,false
2008,8385,424504f9-e0c1-8f31-3972-a55d58c69375,s:40~l:54~a:8385,taylor-steven,basketball,Taylor,Steven,Taylor Steven,Taylor Steven,T. Steven,,,,,,,,,,,0,Not Available,NA,Not Available,,,,,2,Inactive,inactive,,,,false
2008,8392,2b8a60a4-2d03-c3f5-d155-e5f8baaacd85,s:40~l:54~a:8392,keisha-kanekoa,basketball,Keisha,Kanekoa,Keisha Kanekoa,Keisha Kanekoa,K. Kanekoa,,,,,,,,,,,3,Guard,G,Guard,,62,,,2,Inactive,inactive,,,,false
2008,8393,8c7d2690-1297-70bf-ad07-1687178a7b4f,s:40~l:54~a:8393,jenna-galloway,basketball,Jenna,Galloway,Jenna Galloway,Jenna Galloway,J. Galloway,,,,,,,,,,,2,Forward,F,Forward,,2464,,,2,Inactive,inactive,,,,false
2008,8394,132b4a37-b47b-427a-c69a-746067739f1b,s:40~l:54~a:8394,janelle-matthews,basketball,Janelle,Matthews,Janelle Matthews,Janelle Matthews,J. Matthews,,,,,,,,,,,3,Guard,G,Guard,,2464,,,2,Inactive,inactive,,,,false
2008,8395,a116118b-12b4-0135-503f-3aaf51e665a4,s:40~l:54~a:8395,leilani-galdones,basketball,Leilani,Galdones,Leilani Galdones,Leilani Galdones,L. Galdones,,,,,,,,,,,3,Guard,G,Guard,,62,,,2,Inactive,inactive,,,,false
2008,8396,72e3283c-7a7b-8c5b-f3c4-54316b80b292,s:40~l:54~a:8396,tiffany-amos,basketball,Tiffany,Amos,Tiffany Amos,Tiffany Amos,T. Amos,,,,,,,,,,,2,Forward,F,Forward,,2464,,,2,Inactive,inactive,,,,false
2008,8399,52f6e821-1b8c-4c12-1e98-a61413fd93ed,s:40~l:54~a:8399,tiffanie-johnson,basketball,Tiffanie,Johnson,Tiffanie Johnson,Tiffanie Johnson,T. Johnson,,,,,,,,,,,2,Forward,F,Forward,,399,,,2,Inactive,inactive,,,,false
2008,8400,bf5dd016-5e88-35aa-c7ec-199de9888fae,s:40~l:54~a:8400,amira-ford,basketball,Amira,Ford,Amira Ford,Amira Ford,A. Ford,,,,,,,,,,,3,Guard,G,Guard,,399,,,2,Inactive,inactive,,,,false
2008,8401,f63d071d-d7ee-a114-5aef-345a7d265667,s:40~l:54~a:8401,brittany-pittman,basketball,Brittany,Pittman,Brittany Pittman,Brittany Pittman,B. Pittman,,,,,,,,,,,1,Center,C,Center,,2413,,,2,Inactive,inactive,,,,false
2008,8402,f0a8d05d-811e-36db-821e-e57f9abc81a1,s:40~l:54~a:8402,afton-perry,basketball,Afton,Perry,Afton Perry,Afton Perry,A. Perry,,,,,,,,,,,0,Not Available,NA,Not Available,,,,,2,Inactive,inactive,,,,false
2008,8403,ef1f1c06-a046-f3fa-945b-a62ecd45bda0,s:40~l:54~a:8403,anitha-smith-williams,basketball,Anitha,Smith-Williams,Anitha Smith-Williams,Anitha Smith-Williams,A. Smith-Williams,,,,,,,,,,,0,Not Available,NA,Not Available,,,,,2,Inactive,inactive,,,,false
2008,8404,2e0280e0-bec6-d918-615a-cb113021b9e0,s:40~l:54~a:8404,tarah-combs,basketball,Tarah,Combs,Tarah Combs,Tarah Combs,T. Combs,,,,,,,,,,,0,Not Available,NA,Not Available,,,,,2,Inactive,inactive,,,,false
2008,8405,d43c8edb-7212-cca8-e023-49f0fb6153fa,s:40~l:54~a:8405,chynna-bozeman,basketball,Chynna,Bozeman,Chynna Bozeman,Chynna Bozeman,C. Bozeman,70.0,"5' 10""",,,,,Reynoldsburg,OH,USA,,3,Guard,G,Guard,,2413,,,2,Inactive,inactive,,,,false
2008,8406,467cb85b-d6ad-4788-9463-43d1d535e85f,s:40~l:54~a:8406,ashley-williams,basketball,Ashley,Williams,Ashley Williams,Ashley Williams,A. Williams,,,,,,,,,,,2,Forward,F,Forward,,294,,,2,Inactive,inactive,,,,false
2008,8407,43b8d1e0-80b9-71f5-47a6-04af604a7ac4,s:40~l:54~a:8407,danielle-gray,basketball,Danielle,Gray,Danielle Gray,Danielle Gray,D. Gray,,,,,,,,,,,1,Center,C,Center,,294,,,2,Inactive,inactive,,,,false
2008,8408,6a934ca8-aac9-9240-deec-e1e9a46163a1,s:40~l:54~a:8408,davina-hamilton,basketball,DaVina,Hamilton,DaVina Hamilton,DaVina Hamilton,D. Hamilton,,,,,,,,,,,3,Guard,G,Guard,,294,,,2,Inactive,inactive,,,,false
2008,8409,0ee48c53-4e68-8954-5465-f86e235fda04,s:40~l:54~a:8409,regina-omoite,basketball,Regina,Omoite,Regina Omoite,Regina Omoite,R. Omoite,,,,,,,,,,,3,Guard,G,Guard,,294,,,2,Inactive,inactive,,,,false
2008,8410,a7c51b08-48cc-9ee6-16e2-4b8578a7e408,s:40~l:54~a:8410,virginia-gregoire,basketball,Virginia,Gregoire,Virginia Gregoire,Virginia Gregoire,V. Gregoire,,,,,,,,,,,3,Guard,G,Guard,,294,,,2,Inactive,inactive,,,,false
2008,8411,062d43de-bcf0-a064-7412-7e0bf0133aa4,s:40~l:54~a:8411,marshay-white,basketball,Marshay,White,Marshay White,Marshay White,M. White,,,,,,,,,,,3,Guard,G,Guard,,2116,,,2,Inactive,inactive,,,,false
2008,8413,e094087c-dc35-8989-5c8e-428b71bb4855,s:40~l:54~a:8413,tanika-thrower,basketball,Tanika,Thrower,Tanika Thrower,Tanika Thrower,T. Thrower,,,,,,,,,,,0,Not Available,NA,Not Available,,,,,2,Inactive,inactive,,,,false
2008,8414,e15c18a0-1193-7fba-e24b-34e4d7aaa6e8,s:40~l:54~a:8414,lynsey-paschal,basketball,Lynsey,Paschal,Lynsey Paschal,Lynsey Paschal,L. Paschal,,,,,,,,,,,2,Forward,F,Forward,,294,,,2,Inactive,inactive,,,,false
2008,8416,04b92e7e-a89d-4c5b-757f-ccc332f4acbb,s:40~l:54~a:8416,janea-aiken,basketball,Janea,Aiken,Janea Aiken,Janea Aiken,J. Aiken,,,,,,,,,,,3,Guard,G,Guard,,399,,,2,Inactive,inactive,,,,false
2008,8419,a3970b95-ebe8-bd99-8ded-5caab7f9e477,s:40~l:54~a:8419,crystal-grable,basketball,Crystal,Grable,Crystal Grable,Crystal Grable,C. Grable,,,,,,,,,,,3,Guard,G,Guard,,294,,,2,Inactive,inactive,,,,false
2008,8425,58c0e933-de0b-bbce-3bd2-77813d54ff59,s:40~l:54~a:8425,dnay-daniels,basketball,D'Nay,Daniels,D'Nay Daniels,D'Nay Daniels,D. Daniels,,,,,,,,,,,3,Guard,G,Guard,,2116,,,2,Inactive,inactive,,,,false
2008,8426,3711f5e4-91b4-12ef-a7b3-296dcb115b3b,s:40~l:54~a:8426,kristin-daugherty,basketball,Kristin,Daugherty,Kristin Daugherty,Kristin Daugherty,K. Daugherty,,,,,,,,,,,2,Forward,F,Forward,,2168,,,2,Inactive,inactive,,,,false
2008,8433,f2a855d4-3693-0827-17e3-9770e44bebe6,s:40~l:54~a:8433,sarah-bucar,basketball,Sarah,Bucar,Sarah Bucar,Sarah Bucar,S. Bucar,,,,,,,,,,,3,Guard,G,Guard,,219,,,2,Inactive,inactive,,,,false
2008,8435,7326ef39-381f-6d60-5906-7380d759e400,s:40~l:54~a:8435,katarina-lackner,basketball,Katarina,Lackner,Katarina Lackner,Katarina Lackner,K. Lackner,,,,,,,,,,,2,Forward,F,Forward,,219,,,2,Inactive,inactive,,,,false
2008,8437,a80db380-7373-a333-467b-57a7e9377f05,s:40~l:54~a:8437,tasha-dickey,basketball,Tasha,Dickey,Tasha Dickey,Tasha Dickey,T. Dickey,,,,,,,,,,,3,Guard,G,Guard,,12,,,2,Inactive,inactive,,,,false
2008,8438,6f9906f2-66a8-16d4-0b92-9a6c88b8874e,s:40~l:54~a:8438,dominica-whittaker,basketball,Dominica,Whittaker,Dominica Whittaker,Dominica Whittaker,D. Whittaker,,,,,,,,,,,1,Center,C,Center,,2174,,,2,Inactive,inactive,,,,false
2008,8439,11feb5ac-4f05-ea6b-4f1e-837fc398f248,s:40~l:54~a:8439,shawanna-stubblefield,basketball,Shawanna,Stubblefield,Shawanna Stubblefield,Shawanna Stubblefield,S. Stubblefield,,,,,,,,,,,0,Not Available,NA,Not Available,,,,,2,Inactive,inactive,,,,false
2008,8440,f9b24a82-c094-0d94-6d27-20b444b2001a,s:40~l:54~a:8440,denise-tate,basketball,Denise,Tate,Denise Tate,Denise Tate,D. Tate,,,,,,,,,,,2,Forward,F,Forward,,50,,,2,Inactive,inactive,,,,false
2008,8441,df47cae4-9d7a-65f3-6352-587dd4931dbd,s:40~l:54~a:8441,stephanie-foster,basketball,Stephanie,Foster,Stephanie Foster,Stephanie Foster,S. Foster,,,,,,,,,,,3,Guard,G,Guard,,50,,,2,Inactive,inactive,,,,false
2008,8443,b6d66455-4f50-554e-2107-888bdf276139,s:40~l:54~a:8443,joslyne-jackson,basketball,Joslyne,Jackson,Joslyne Jackson,Joslyne Jackson,J. Jackson,,,,,,,,,,,3,Guard,G,Guard,,50,,,2,Inactive,inactive,,,,false
2008,8444,59dbfb48-1ce8-dc18-54bf-70b79f59d419,s:40~l:54~a:8444,taniyah-dawson,basketball,Taniyah,Dawson,Taniyah Dawson,Taniyah Dawson,T. Dawson,,,,,,,,,,,3,Guard,G,Guard,,50,,,2,Inactive,inactive,,,,false
2008,8446,b497384b-ff52-e729-94b6-cecff824c9ab,s:40~l:54~a:8446,patrice-robinson,basketball,Patrice,Robinson,Patrice Robinson,Patrice Robinson,P. Robinson,,,,,,,,,,,2,Forward,F,Forward,,2542,,,2,Inactive,inactive,,,,false
2008,8447,bab3524d-9d59-8571-d112-9a87fa119f66,s:40~l:54~a:8447,latoya-james,basketball,LaToya,James,LaToya James,LaToya James,L. James,,,,,,,,,,,0,Not Available,NA,Not Available,,,,,2,Inactive,inactive,,,,false
2008,8449,123ecd07-113c-d680-649e-c516d18fa3c5,s:40~l:54~a:8449,ivy-smith,basketball,Ivy,Smith,Ivy Smith,Ivy Smith,I. Smith,,,,,,,,,,,0,Not Available,NA,Not Available,,,,,2,Inactive,inactive,,,,false
2008,8451,d90bde8b-0b01-73cb-6be6-efa9a9e9d8a7,s:40~l:54~a:8451,lashara-smith,basketball,LaShara,Smith,LaShara Smith,LaShara Smith,L. Smith,,,,,,,,,,,3,Guard,G,Guard,,2542,,,2,Inactive,inactive,,,,false
2008,8457,f2d86236-7c5f-d49a-bdaf-7db2f598cc6a,s:40~l:54~a:8457,emily-garner,basketball,Emily,Garner,Emily Garner,Emily Garner,E. Garner,71.0,"5' 11""",,,,,Fairfax Station,VA,USA,,2,Forward,F,Forward,,322,,,2,Inactive,inactive,,,,false
2008,8459,cf6d5a22-ece1-c157-48a6-a7fd8872ed22,s:40~l:54~a:8459,gabi-hungerford,basketball,Gabi,Hungerford,Gabi Hungerford,Gabi Hungerford,G. Hungerford,,,,,,,,,,,0,Not Available,NA,Not Available,,,,,2,Inactive,inactive,,,,false
2008,8466,3275647f-8d45-deb8-8646-bdd8f34bd3fa,s:40~l:54~a:8466,tarkeisha-wysinger,basketball,Tarkeisha,Wysinger,Tarkeisha Wysinger,Tarkeisha Wysinger,T. Wysinger,,,,,,,,,,,3,Guard,G,Guard,,2348,,,2,Inactive,inactive,,,,false
2008,8469,c07f1f4b-6372-9635-100d-0ae7538e3bbf,s:40~l:54~a:8469,madison-spence,basketball,Madison,Spence,Madison Spence,Madison Spence,M. Spence,,,,,,,,,,,3,Guard,G,Guard,,166,,,2,Inactive,inactive,,,,false
2008,8470,21d2949e-387e-c190-cf03-ccf04e058a89,s:40~l:54~a:8470,irma-kmitaite-smith,basketball,Irma,Kmitaite-Smith,Irma Kmitaite-Smith,Irma Kmitaite-Smith,I. Kmitaite-Smith,,,,,,,,,,,0,Not Available,NA,Not Available,,,,,2,Inactive,inactive,,,,false
2008,8474,1edabeb9-b7f0-ebd8-e26d-8f793f370fe1,s:40~l:54~a:8474,whitney-price,basketball,Whitney,Price,Whitney Price,Whitney Price,W. Price,,,,,,,,,,,2,Forward,F,Forward,,279,,,2,Inactive,inactive,,,,false
2008,8475,160900e4-3729-4edb-9e60-7d5fb1b7ad48,s:40~l:54~a:8475,breana-fields,basketball,Breana,Fields,Breana Fields,Breana Fields,B. Fields,,,,,,,,,,,3,Guard,G,Guard,,23,,,2,Inactive,inactive,,,,false
2008,8478,4ffd4192-1638-dc00-ee7a-7bac6faf8a1f,s:40~l:54~a:8478,brittany-imaku,basketball,Brittany,Imaku,Brittany Imaku,Brittany Imaku,B. Imaku,,,,,,,,,,,3,Guard,G,Guard,,23,,,2,Inactive,inactive,,,,false
2008,8479,625564a0-5a39-4dbd-0de3-2aa8b2ea57f8,s:40~l:54~a:8479,christine-martin,basketball,Christine,Martin,Christine Martin,Christine Martin,C. Martin,,,,,,,,,,,2,Forward,F,Forward,,23,,,2,Inactive,inactive,,,,false
2008,8480,b4677c40-2fe8-83b2-2a87-558d9423ad51,s:40~l:54~a:8480,sayja-sumler,basketball,Sayja,Sumler,Sayja Sumler,Sayja Sumler,S. Sumler,,,,,,,,,,,2,Forward,F,Forward,,23,,,2,Inactive,inactive,,,,false
2008,8487,a5c51f90-ad55-5b95-cd88-b594e35a781c,s:40~l:54~a:8487,ebonie-williams,basketball,Ebonie,Williams,Ebonie Williams,Ebonie Williams,E. Williams,,,,,,,,,,,3,Guard,G,Guard,,2550,,,2,Inactive,inactive,,,,false
2008,8488,6c0e5144-065d-200e-1fa4-2c0a3f7a5041,s:40~l:54~a:8488,julie-mcmurray,basketball,Julie,McMurray,Julie McMurray,Julie McMurray,J. McMurray,,,,,,,,,,,3,Guard,G,Guard,,3084,,,2,Inactive,inactive,,,,false
2008,8489,3b6c21b6-3ac7-68e5-b5c4-fdd1bcaeb276,s:40~l:54~a:8489,jordyn-bowen,basketball,Jordyn,Bowen,Jordyn Bowen,Jordyn Bowen,J. Bowen,,,,,,,,,,,2,Forward,F,Forward,,3084,,,2,Inactive,inactive,,,,false
2008,8490,5388ac56-70ed-2cb1-4e5e-6de7b78fc287,s:40~l:54~a:8490,robyn-fairbanks,basketball,Robyn,Fairbanks,Robyn Fairbanks,Robyn Fairbanks,R. Fairbanks,,,,,,,,,,,1,Center,C,Center,,3084,,,2,Inactive,inactive,,,,false
2008,8491,15c70406-b4b1-bd77-40a4-4d0cf47d58f2,s:40~l:54~a:8491,hollie-beaman,basketball,Hollie,Beaman,Hollie Beaman,Hollie Beaman,H. Beaman,,,,,,,,,,,3,Guard,G,Guard,,3084,,,2,Inactive,inactive,,,,false
2008,8492,45aee084-9c35-2258-3f9e-5e591862c41d,s:40~l:54~a:8492,sandy-marvin,basketball,Sandy,Marvin,Sandy Marvin,Sandy Marvin,S. Marvin,,,,,,,,,,,0,Not Available,NA,Not Available,,,,,2,Inactive,inactive,,,,false
2008,8496,296219ac-659a-d323-ac83-1f8ff1a71b6f,s:40~l:54~a:8496,rebekah-peterson,basketball,Rebekah,Peterson,Rebekah Peterson,Rebekah Peterson,R. Peterson,,,,,,,,,,,0,Not Available,NA,Not Available,,,,,2,Inactive,inactive,,,,false
2008,8500,73aeb158-64f3-b18e-e728-755b735bf47d,s:40~l:54~a:8500,latoya-bennett,basketball,Latoya,Bennett,Latoya Bennett,Latoya Bennett,L. Bennett,,,,,,,,,,,11,Forward/Center,F-C,Forward/Center,,2428,,,2,Inactive,inactive,,,,false
2008,8501,e264e6f4-7f40-bdb9-f824-235e69ce250a,s:40~l:54~a:8501,jori-nwachukwu,basketball,Jori,Nwachukwu,Jori Nwachukwu,Jori Nwachukwu,J. Nwachukwu,,,,,,,,,,,11,Forward/Center,F-C,Forward/Center,,2428,,,2,Inactive,inactive,,,,false
2008,8504,99cc741a-419a-dddd-9623-674068630148,s:40~l:54~a:8504,casey-daniel,basketball,Casey,Daniel,Casey Daniel,Casey Daniel,C. Daniel,,,,,,,,,,,3,Guard,G,Guard,,2428,,,2,Inactive,inactive,,,,false
2008,8507,4c8ea667-0efc-2c79-8ac3-f0564f318433,s:40~l:54~a:8507,angelica-boles,basketball,Angelica,Boles,Angelica Boles,Angelica Boles,A. Boles,,,,,,,,,,,3,Guard,G,Guard,,2428,,,2,Inactive,inactive,,,,false
2008,8510,6a74a40f-80f2-875f-23cc-4bb32fd1cc67,s:40~l:54~a:8510,jennifer-hukill,basketball,Jennifer,Hukill,Jennifer Hukill,Jennifer Hukill,J. Hukill,,,,,,,,,,,3,Guard,G,Guard,,2428,,,2,Inactive,inactive,,,,false
2008,8518,98b5c945-76ff-a3f1-fb94-1c1dc07e8042,s:40~l:54~a:8518,tynikki-crook,basketball,Tynikki,Crook,Tynikki Crook,Tynikki Crook,T. Crook,,,,,,,,,,,2,Forward,F,Forward,,276,,,2,Inactive,inactive,,,,false
2008,8519,9678e0a6-148b-ebd1-a444-7d1b3ed4ab80,s:40~l:54~a:8519,casey-baker,basketball,Casey,Baker,Casey Baker,Casey Baker,C. Baker,,,,,,,,,,,3,Guard,G,Guard,,276,,,2,Inactive,inactive,,,,false
2008,8520,b84d37c2-a88b-499c-20a5-5be68d73b812,s:40~l:54~a:8520,kizzy-hart,basketball,Kizzy,Hart,Kizzy Hart,Kizzy Hart,K. Hart,,,,,,,,,,,0,Not Available,NA,Not Available,,,,,2,Inactive,inactive,,,,false
2008,8523,559cfcee-f9b8-f79a-52f4-93aa7773cf41,s:40~l:54~a:8523,laura-lewis,basketball,Laura,Lewis,Laura Lewis,Laura Lewis,L. Lewis,,,,,,,,,,,3,Guard,G,Guard,,2261,,,2,Inactive,inactive,,,,false
2008,8538,d78e9037-0b5a-5ac3-0cf1-76ffb32cd029,s:40~l:54~a:8538,audrey-muse,basketball,Audrey,Muse,Audrey Muse,Audrey Muse,A. Muse,,,,,,,,,,,0,Not Available,NA,Not Available,,,,,2,Inactive,inactive,,,,false
2008,8540,8c32ae7c-083d-f58c-9cbe-95c0de1a1c7a,s:40~l:54~a:8540,brittnie-davis,basketball,Brittnie,Davis,Brittnie Davis,Brittnie Davis,B. Davis,,,,,,,,,,,3,Guard,G,Guard,,2653,,,2,Inactive,inactive,,,,false
2008,8554,cb31b766-299e-49eb-b02a-5dd5c9b0a8d9,s:40~l:54~a:8554,ashley-alexander,basketball,Ashley,Alexander,Ashley Alexander,Ashley Alexander,A. Alexander,,,,,,,,,,,2,Forward,F,Forward,,225,,,2,Inactive,inactive,,,,false
2008,8558,a0621dbf-f242-26b3-5784-44a03a7c72b8,s:40~l:54~a:8558,lamona-smalley,basketball,Lamona,Smalley,Lamona Smalley,Lamona Smalley,L. Smalley,,,,,,,,,,,2,Forward,F,Forward,,2448,,,2,Inactive,inactive,,,,false
2008,8560,992f192f-d3fd-84e7-b946-72a28fe12a35,s:40~l:54~a:8560,tawuana-cook,basketball,Ta'Wuana,Cook,Ta'Wuana Cook,Ta'Wuana Cook,T. Cook,,,,,,,,,,,3,Guard,G,Guard,,2448,,,2,Inactive,inactive,,,,false
2008,8561,c8d84c03-1ff8-2dcd-0cc3-8d6e157e2a23,s:40~l:54~a:8561,amber-bland,basketball,Amber,Bland,Amber Bland,Amber Bland,A. Bland,,,,,,,,,,,3,Guard,G,Guard,,2448,,,2,Inactive,inactive,,,,false
2008,8565,42f5870c-8b89-cf2b-b904-14362a15cc5d,s:40~l:54~a:8565,brittanie-taylor-james,basketball,Brittanie,Taylor-James,Brittanie Taylor-James,Brittanie Taylor-James,B. Taylor-James,,,,,,,,,,,2,Forward,F,Forward,,2448,,,2,Inactive,inactive,,,,false
2008,8566,38fe82b3-7b9c-c666-fab1-919518f9b1f5,s:40~l:54~a:8566,nancy-rembert,basketball,Nancy,Rembert,Nancy Rembert,Nancy Rembert,N. Rembert,,,,,,,,,,,0,Not Available,NA,Not Available,,,,,2,Inactive,inactive,,,,false
2008,8567,660b85ec-e67f-5d74-3d33-2257f0b36ab4,s:40~l:54~a:8567,arescia-moore,basketball,Arescia,Moore,Arescia Moore,Arescia Moore,A. Moore,,,,,,,,,,,2,Forward,F,Forward,,2427,,,2,Inactive,inactive,,,,false
2008,8568,e3dab112-d054-6e8c-ebeb-3e29bf5c5cf1,s:40~l:54~a:8568,kendall-shepard,basketball,Kendall,Shepard,Kendall Shepard,Kendall Shepard,K. Shepard,,,,,,,,,,,3,Guard,G,Guard,,2427,,,2,Inactive,inactive,,,,false
2008,8571,614d7c6f-6138-5705-69ec-831e214ae714,s:40~l:54~a:8571,lawanna-holiday,basketball,LaWanna,Holiday,LaWanna Holiday,LaWanna Holiday,L. Holiday,,,,,,,,,,,3,Guard,G,Guard,,2057,,,2,Inactive,inactive,,,,false
2008,8573,ee95c227-3c84-0f54-c29e-1355417b8e61,s:40~l:54~a:8573,franchesca-davenport,basketball,Franchesca,Davenport,Franchesca Davenport,Franchesca Davenport,F. Davenport,,,,,,,,,,,3,Guard,G,Guard,,2737,,,2,Inactive,inactive,,,,false
2008,8574,62425b33-028f-0765-c309-6653529d8da1,s:40~l:54~a:8574,ashley-fann,basketball,Ashley,Fann,Ashley Fann,Ashley Fann,A. Fann,,,,,,,,,,,2,Forward,F,Forward,,2737,,,2,Inactive,inactive,,,,false
2008,8576,0ce46fde-fdd8-ff12-13c8-927ff4fa8aff,s:40~l:54~a:8576,tiffany-rodd,basketball,Tiffany,Rodd,Tiffany Rodd,Tiffany Rodd,T. Rodd,,,,,,,,,,,3,Guard,G,Guard,,2737,,,2,Inactive,inactive,,,,false
2008,8577,0ca14e6c-7f27-59a2-1ebb-fc58136afb38,s:40~l:54~a:8577,yvonne-van-daalen,basketball,Yvonne,Daalen,Yvonne van Daalen,Yvonne van Daalen,Y. Daalen,,,,,,,,,,,0,Not Available,NA,Not Available,,,,,2,Inactive,inactive,,,,false
2008,8585,c6f8c7c7-ec11-f20f-13cb-39bfcf216130,s:40~l:54~a:8585,shelly-hankins,basketball,Shelly,Hankins,Shelly Hankins,Shelly Hankins,S. Hankins,,,,,,,,,,,3,Guard,G,Guard,,2737,,,2,Inactive,inactive,,,,false
2008,8588,8a62eb67-a46c-1c1d-b8d7-b02bad233197,s:40~l:54~a:8588,shantee-darrian,basketball,Shantee,Darrian,Shantee Darrian,Shantee Darrian,S. Darrian,,,,,,,,,,,2,Forward,F,Forward,,2507,,,2,Inactive,inactive,,,,false
2008,8589,4769f729-2c2f-9bf4-ddec-4d1fbba415f9,s:40~l:54~a:8589,mi-khida-hankins,basketball,Mi-Khida,Hankins,Mi-Khida Hankins,Mi-Khida Hankins,M. Hankins,,,,,,,,,,,3,Guard,G,Guard,,2507,,,2,Inactive,inactive,,,,false
2008,8591,0908b908-e5c5-2af1-fcc9-7a3a8e94bc56,s:40~l:54~a:8591,asha-neal,basketball,Asha,Neal,Asha Neal,Asha Neal,A. Neal,,,,,,,,,,,0,Not Available,NA,Not Available,,,,,2,Inactive,inactive,,,,false
2008,8593,c365d018-aad9-d69f-2d21-e6f7fce169b9,s:40~l:54~a:8593,aimee-hilburn,basketball,Aimee,Hilburn,Aimee Hilburn,Aimee Hilburn,A. Hilburn,,,,,,,,,,,2,Forward,F,Forward,,326,,,2,Inactive,inactive,,,,false
2008,8594,936b35dc-c8da-106e-67e6-b7305a757049,s:40~l:54~a:8594,marie-moser,basketball,Marie,Moser,Marie Moser,Marie Moser,M. Moser,,,,,,,,,,,0,Not Available,NA,Not Available,,,,,2,Inactive,inactive,,,,false
2008,8595,8763fa3c-c722-9a3d-0715-c8b4523f57d6,s:40~l:54~a:8595,joyce-ekworomadu,basketball,Joyce,Ekworomadu,Joyce Ekworomadu,Joyce Ekworomadu,J. Ekworomadu,,,,,,,,,,,0,Not Available,NA,Not Available,,,,,2,Inactive,inactive,,,,false
2008,8596,0d89396f-2165-09ce-c962-d9ffd356e818,s:40~l:54~a:8596,victoria-davis,basketball,Victoria,Davis,Victoria Davis,Victoria Davis,V. Davis,,,,,,,,,,,3,Guard,G,Guard,,326,,,2,Inactive,inactive,,,,false
2008,8597,faf4c8a3-89a0-c415-5fdb-24ffebd5d879,s:40~l:54~a:8597,brooke-degrate,basketball,Brooke,DeGrate,Brooke DeGrate,Brooke DeGrate,B. DeGrate,,,,,,,,,,,0,Not Available,NA,Not Available,,,,,2,Inactive,inactive,,,,false
2008,8614,030bfea9-64d0-6f2f-23e1-0d1d4dec0fae,s:40~l:54~a:8614,morgan-mayse,basketball,Morgan,Mayse,Morgan Mayse,Morgan Mayse,M. Mayse,,,,,,,,,,,2,Forward,F,Forward,,242,,,2,Inactive,inactive,,,,false
2008,8621,fce9b0a9-9c49-adaf-73bf-2a6d370a75a8,s:40~l:54~a:8621,courtney-taylor,basketball,Courtney,Taylor,Courtney Taylor,Courtney Taylor,C. Taylor,,,,,,,,,,,3,Guard,G,Guard,,248,,,2,Inactive,inactive,,,,false
2008,8622,ec6c6ec6-3e62-a260-29c9-b5d6b68f7c98,s:40~l:54~a:8622,cobilyn-hill,basketball,Cobilyn,Hill,Cobilyn Hill,Cobilyn Hill,C. Hill,,,,,,,,,,,1,Center,C,Center,,248,,,2,Inactive,inactive,,,,false
2008,8625,c4651b8c-3e37-a45d-cd3f-2b8d61e6b484,s:40~l:54~a:8625,danielle-hagen,basketball,Danielle,Hagen,Danielle Hagen,Danielle Hagen,D. Hagen,,,,,,,,,,,0,Not Available,NA,Not Available,,,,,2,Inactive,inactive,,,,false
2008,8626,e70b5f1b-f072-0d6c-2b1a-6686ddf7b2e7,s:40~l:54~a:8626,courtney-stoermer,basketball,Courtney,Stoermer,Courtney Stoermer,Courtney Stoermer,C. Stoermer,,,,,,,,,,,3,Guard,G,Guard,,2458,,,2,Inactive,inactive,,,,false
2008,8627,daa51918-0bd9-ad08-4ae0-fb3b11e5cd92,s:40~l:54~a:8627,jamie-schroeder,basketball,Jamie,Schroeder,Jamie Schroeder,Jamie Schroeder,J. Schroeder,,,,,,,,,,,3,Guard,G,Guard,,2458,,,2,Inactive,inactive,,,,false
2008,8628,d834d238-67f3-8a1b-644b-e086e129b0db,s:40~l:54~a:8628,chelsie-luhring,basketball,Chelsie,Luhring,Chelsie Luhring,Chelsie Luhring,C. Luhring,,,,,,,,,,,3,Guard,G,Guard,,2458,,,2,Inactive,inactive,,,,false
2008,8629,14010451-341d-3ede-b9e1-81d5f0ee3062,s:40~l:54~a:8629,ashley-herring,basketball,Ashley,Herring,Ashley Herring,Ashley Herring,A. Herring,,,,,,,,,,,3,Guard,G,Guard,,2046,,,2,Inactive,inactive,,,,false
2008,8630,ab3a6c87-3ce2-006b-c298-ec2205c32cee,s:40~l:54~a:8630,april-thomas,basketball,April,Thomas,April Thomas,April Thomas,A. Thomas,,,,,,,,,,,2,Forward,F,Forward,,2046,,,2,Inactive,inactive,,,,false
2008,8631,a8e8ebc9-8a4d-dc33-9308-2a4d7a3083c2,s:40~l:54~a:8631,ashlee-mcgee,basketball,Ashlee,McGee,Ashlee McGee,Ashlee McGee,A. McGee,,,,,,,,,,,0,Not Available,NA,Not Available,,,,,2,Inactive,inactive,,,,false
2008,8632,695c9fde-8ca7-6ce3-a789-009b681b2b4f,s:40~l:54~a:8632,alex-bivens,basketball,Alex,Bivens,Alex Bivens,Alex Bivens,A. Bivens,,,,,,,,,,,3,Guard,G,Guard,,2046,,,2,Inactive,inactive,,,,false
2008,8633,8fcf7659-dc75-7d58-1b98-29d3e73b6991,s:40~l:54~a:8633,amber-bacon,basketball,Amber,Bacon,Amber Bacon,Amber Bacon,A. Bacon,,,,,,,,,,,0,Not Available,NA,Not Available,,,,,2,Inactive,inactive,,,,false
2008,8634,cb5abd9e-cfdb-7b15-1386-81134fd78c6c,s:40~l:54~a:8634,adrienne-scott,basketball,Adrienne,Scott,Adrienne Scott,Adrienne Scott,A. Scott,,,,,,,,,,,2,Forward,F,Forward,,357,,,2,Inactive,inactive,,,,false
2008,8635,253c3342-c102-9249-4f17-99158fc4d8da,s:40~l:54~a:8635,elisa-beagle,basketball,Elisa,Beagle,Elisa Beagle,Elisa Beagle,E. Beagle,,,,,,,,,,,1,Center,C,Center,,357,,,2,Inactive,inactive,,,,false
2008,8636,230390a8-aa20-d45e-a2cc-824b7c1ee7a2,s:40~l:54~a:8636,mercedes-cooper,basketball,Mercedes,Cooper,Mercedes Cooper,Mercedes Cooper,M. Cooper,,,,,,,,,,,0,Not Available,NA,Not Available,,,,,2,Inactive,inactive,,,,false
2008,8637,db81bad0-58e8-5d49-716d-be60503ab3e5,s:40~l:54~a:8637,deziree-green,basketball,Deziree,Green,Deziree Green,Deziree Green,D. Green,,,,,,,,,,,3,Guard,G,Guard,,357,,,2,Inactive,inactive,,,,false
2008,8638,4d34a90f-d3d7-4010-9fd0-0a9fd26d42f3,s:40~l:54~a:8638,shaye-montgomery,basketball,Shaye,Montgomery,Shaye Montgomery,Shaye Montgomery,S. Montgomery,,,,,,,,,,,3,Guard,G,Guard,,357,,,2,Inactive,inactive,,,,false
2008,8647,0dde4c3c-496f-12a3-9cd3-7f13ec15d757,s:40~l:54~a:8647,nicole-jamen,basketball,Nicole,Jamen,Nicole Jamen,Nicole Jamen,N. Jamen,,,,,,,,,,,2,Forward,F,Forward,,2046,,,2,Inactive,inactive,,,,false
2008,8649,9d70dfca-2459-9067-4840-dbd9743c388b,s:40~l:54~a:8649,whitney-james,basketball,Whitney,James,Whitney James,Whitney James,W. James,,,,,,,,,,,0,Not Available,NA,Not Available,,,,,2,Inactive,inactive,,,,false
2008,8656,9cb37f11-bf04-4bee-8983-08f1fae7592d,s:40~l:54~a:8656,lizzie-cooper,basketball,Lizzie,Cooper,Lizzie Cooper,Lizzie Cooper,L. Cooper,,,,,,,,,,,3,Guard,G,Guard,,2458,,,2,Inactive,inactive,,,,false
2008,8659,119b9deb-52dc-c5e8-728a-767bbbc2b897,s:40~l:54~a:8659,carla-williams,basketball,Carla,Williams,Carla Williams,Carla Williams,C. Williams,,,,,,,,,,,1,Center,C,Center,,2390,,,2,Inactive,inactive,,,,false
2008,8660,b28a6847-5e91-2ddb-5f64-58b15d3be7f2,s:40~l:54~a:8660,maurita-reid,basketball,Maurita,Reid,Maurita Reid,Maurita Reid,M. Reid,,,,,,,,,,,3,Guard,G,Guard,,2390,,,2,Inactive,inactive,,,,false
2008,8661,28982287-c7b1-2caa-1cb4-2cedf033edfd,s:40~l:54~a:8661,eboni-sadler,basketball,Eboni,Sadler,Eboni Sadler,Eboni Sadler,E. Sadler,,,,,,,,,,,9,Guard/Forward,G-F,Guard/Forward,,2390,,,2,Inactive,inactive,,,,false
2008,8663,1e729589-8319-d889-a066-0926507e9c4d,s:40~l:54~a:8663,epiphany-woodson,basketball,Epiphany,Woodson,Epiphany Woodson,Epiphany Woodson,E. Woodson,,,,,,,,,,,3,Guard,G,Guard,,2390,,,2,Inactive,inactive,,,,false
2008,8664,5957a61d-ba94-cb85-dc22-09ab6792aab2,s:40~l:54~a:8664,charmaine-clark,basketball,Charmaine,Clark,Charmaine Clark,Charmaine Clark,C. Clark,,,,,,,,,,,9,Guard/Forward,G-F,Guard/Forward,,2390,,,2,Inactive,inactive,,,,false
2008,8668,e60addc3-33ec-81ae-090e-4ed125247e1d,s:40~l:54~a:8668,damisha-moore,basketball,Damisha,Moore,Damisha Moore,Damisha Moore,D. Moore,,,,,,,,,,,3,Guard,G,Guard,,2390,,,2,Inactive,inactive,,,,false
2008,8679,4d7e6180-c431-1b25-3ecf-a0cd5d540b70,s:40~l:54~a:8679,kaiti-obrien,basketball,Kaiti,O'Brien,Kaiti O'Brien,Kaiti O'Brien,K. O'Brien,,,,,,,,,,,2,Forward,F,Forward,,299,,,2,Inactive,inactive,,,,false
2008,8680,4493e2d8-31fd-24ec-fd5e-dd1f8f88552e,s:40~l:54~a:8680,karina-figueroa,basketball,Karina,Figueroa,Karina Figueroa,Karina Figueroa,K. Figueroa,,,,,,,,,,,3,Guard,G,Guard,,299,,,2,Inactive,inactive,,,,false
2008,8681,2e2c31a9-331b-720c-667c-005b73b46d5a,s:40~l:54~a:8681,valeriya-musina,basketball,Valeriya,Musina,Valeriya Musina,Valeriya Musina,V. Musina,,,,,,,,,,,0,Not Available,NA,Not Available,,,,,2,Inactive,inactive,,,,false
2008,8682,47a04561-f6cd-726d-f09d-531e086d9596,s:40~l:54~a:8682,courtney-jacob,basketball,Courtney,Jacob,Courtney Jacob,Courtney Jacob,C. Jacob,,,,,,,,,,,3,Guard,G,Guard,,299,,,2,Inactive,inactive,,,,false
2008,8683,2fa76e21-3a13-31fc-df35-379e25003b5f,s:40~l:54~a:8683,tyresha-calhoun,basketball,Tyresha,Calhoun,Tyresha Calhoun,Tyresha Calhoun,T. Calhoun,,,,,,,,,,,0,Not Available,NA,Not Available,,,,,2,Inactive,inactive,,,,false
2008,8687,3ccd72b6-ada0-d0d2-1995-43f902fd26f0,s:40~l:54~a:8687,latorya-barbee,basketball,LaTorya,Barbee,LaTorya Barbee,LaTorya Barbee,L. Barbee,,,,,,,,,,,3,Guard,G,Guard,,299,,,2,Inactive,inactive,,,,false
2008,8688,916ed2a2-7e36-afef-b381-a3c173a51166,s:40~l:54~a:8688,ally-wade,basketball,Ally,Wade,Ally Wade,Ally Wade,A. Wade,,,,,,,,,,,2,Forward,F,Forward,,299,,,2,Inactive,inactive,,,,false
2008,8691,1d94f636-c38c-4d11-331b-b3311e69a9cc,s:40~l:54~a:8691,ashley-bookman,basketball,Ashley,Bookman,Ashley Bookman,Ashley Bookman,A. Bookman,,,,,,,,,,,2,Forward,F,Forward,,299,,,2,Inactive,inactive,,,,false
2008,8692,dddbbfb2-0653-d659-108d-cbc70afcdc05,s:40~l:54~a:8692,chika-okoli,basketball,Chika,Okoli,Chika Okoli,Chika Okoli,C. Okoli,,,,,,,,,,,2,Forward,F,Forward,,2535,,,2,Inactive,inactive,,,,false
2008,8693,ec4a6c27-6b92-602b-5a57-66195a58cb9b,s:40~l:54~a:8693,alex-munday,basketball,Alex,Munday,Alex Munday,Alex Munday,A. Munday,,,,,,,,,,,0,Not Available,NA,Not Available,,,,,2,Inactive,inactive,,,,false
2008,8694,e3ad9627-46c6-18e6-c699-e28f05c5cb0a,s:40~l:54~a:8694,monica-maxwell,basketball,Monica,Maxwell,Monica Maxwell,Monica Maxwell,M. Maxwell,,,,,,,,,,,3,Guard,G,Guard,,2535,,,2,Inactive,inactive,,,,false
2008,8695,8253b457-8d2c-8d8b-8129-10fc970b1f2b,s:40~l:54~a:8695,megan-wilderotter,basketball,Megan,Wilderotter,Megan Wilderotter,Megan Wilderotter,M. Wilderotter,,,,,,,,,,,3,Guard,G,Guard,,2535,,,2,Inactive,inactive,,,,false
2008,8696,be81718e-17d2-9337-b280-5f46eb21cf90,s:40~l:54~a:8696,taryn-towns,basketball,Taryn,Towns,Taryn Towns,Taryn Towns,T. Towns,,,,,,,,,,,0,Not Available,NA,Not Available,,,,,2,Inactive,inactive,,,,false
2008,8697,5f693a2f-f80b-4ac1-21ab-54d5b6142bcf,s:40~l:54~a:8697,tashera-lewis,basketball,TaShera,Lewis,TaShera Lewis,TaShera Lewis,T. Lewis,,,,,,,,,,,2,Forward,F,Forward,,2382,,,2,Inactive,inactive,,,,false
2008,8712,3b090725-6be4-e08e-2b19-fabf468b16f9,s:40~l:54~a:8712,sarah-strand,basketball,Sarah,Strand,Sarah Strand,Sarah Strand,S. Strand,,,,,,,,,,,2,Forward,F,Forward,,147,,,2,Inactive,inactive,,,,false
2008,8714,5588d3ce-8258-7c7f-2dbd-54a4381ad049,s:40~l:54~a:8714,jenny-heringer,basketball,Jenny,Heringer,Jenny Heringer,Jenny Heringer,J. Heringer,,,,,,,,,,,3,Guard,G,Guard,,147,,,2,Inactive,inactive,,,,false
2008,8719,277dd9c0-f5cf-392c-e5db-7205973e0e30,s:40~l:54~a:8719,leah-westbrooks,basketball,Leah,Westbrooks,Leah Westbrooks,Leah Westbrooks,L. Westbrooks,,,,,,,,,,,2,Forward,F,Forward,,116,,,2,Inactive,inactive,,,,false
2008,8720,7957f4e7-284d-e662-3ba8-a5fbf584e378,s:40~l:54~a:8720,mary-dunn,basketball,Mary,Dunn,Mary Dunn,Mary Dunn,M. Dunn,,,,,,,,,,,3,Guard,G,Guard,,116,,,2,Inactive,inactive,,,,false
2008,8721,42ab1bff-0ad7-c440-fa8c-961a58ec45eb,s:40~l:54~a:8721,brianna-gauthier,basketball,Brianna,Gauthier,Brianna Gauthier,Brianna Gauthier,B. Gauthier,,,,,,,,,,,3,Guard,G,Guard,,116,,,2,Inactive,inactive,,,,false
2008,8722,163f7393-5c15-fe05-aa09-a9bd9ab3ffd2,s:40~l:54~a:8722,hassanah-oliver,basketball,Hassanah,Oliver,Hassanah Oliver,Hassanah Oliver,H. Oliver,,,,,,,,,,,3,Guard,G,Guard,,116,,,2,Inactive,inactive,,,,false
2008,8723,30200e10-9208-990c-6608-f9391f9f160f,s:40~l:54~a:8723,tiffany-green,basketball,Tiffany,Green,Tiffany Green,Tiffany Green,T. Green,,,,,,,,,,,0,Not Available,NA,Not Available,,,,,2,Inactive,inactive,,,,false
2008,8724,4715ab9b-aee1-f916-2670-ea63824a22b4,s:40~l:54~a:8724,dominique-mazzuchi,basketball,Dominique,Mazzuchi,Dominique Mazzuchi,Dominique Mazzuchi,D. Mazzuchi,,,,,,,,,,,0,Not Available,NA,Not Available,,,,,2,Inactive,inactive,,,,false
2008,8725,476761ff-b982-b782-c9f1-2704f6082cfb,s:40~l:54~a:8725,laura-buetow,basketball,Laura,Buetow,Laura Buetow,Laura Buetow,L. Buetow,,,,,,,,,,,0,Not Available,NA,Not Available,,,,,2,Inactive,inactive,,,,false
2008,8727,1a218dfa-e1c0-016a-cc10-282274934be7,s:40~l:54~a:8727,meghan-colabella,basketball,Meghan,Colabella,Meghan Colabella,Meghan Colabella,M. Colabella,,,,,,,,,,,2,Forward,F,Forward,,2378,,,2,Inactive,inactive,,,,false
2008,8729,a1cf5110-3b1a-da99-3e30-784afaf53be0,s:40~l:54~a:8729,micayla-drysdale,basketball,Micayla,Drysdale,Micayla Drysdale,Micayla Drysdale,M. Drysdale,,,,,,,,,,,3,Guard,G,Guard,,2099,,,2,Inactive,inactive,,,,false
2008,8735,a8ba5b20-a1d6-c4d2-49b4-6a2355d93ff4,s:40~l:54~a:8735,melissa-goodall,basketball,Melissa,Goodall,Melissa Goodall,Melissa Goodall,M. Goodall,,,,,,,,,,,2,Forward,F,Forward,,2649,,,2,Inactive,inactive,,,,false
2008,8737,3290d087-ce9a-aac3-41ab-1b5936a88bf3,s:40~l:54~a:8737,amber-heistan,basketball,Amber,Heistan,Amber Heistan,Amber Heistan,A. Heistan,,,,,,,,,,,3,Guard,G,Guard,,2649,,,2,Inactive,inactive,,,,false
2008,8739,ed1fd53f-194c-9b04-7aca-175c586cf881,s:40~l:54~a:8739,mame-ndoumbe-diop,basketball,Mame,Diop,Mame Ndoumbe Diop,Mame Ndoumbe Diop,M. Diop,,,,,,,,,,,0,Not Available,NA,Not Available,,,,,2,Inactive,inactive,,,,false
2008,8750,55548990-5321-2aed-580f-71eb115205a1,s:40~l:54~a:8750,jackie-akers,basketball,Jackie,Akers,Jackie Akers,Jackie Akers,J. Akers,,,,,,,,,,,1,Center,C,Center,,2116,,,2,Inactive,inactive,,,,false
2008,8751,bcbddb2f-bba5-3337-07d9-dae81bf67881,s:40~l:54~a:8751,dovile-miliauskaite,basketball,Dovile,Miliauskaite,Dovile Miliauskaite,Dovile Miliauskaite,D. Miliauskaite,,,,,,,,,,,2,Forward,F,Forward,,119,,,2,Inactive,inactive,,,,false
2008,8752,f74e40a6-d541-0ac2-799e-96d630db6dd0,s:40~l:54~a:8752,laura-franceski,basketball,Laura,Franceski,Laura Franceski,Laura Franceski,L. Franceski,,,,,,,,,,,2,Forward,F,Forward,,2066,,,2,Inactive,inactive,,,,false
2008,8753,d2f452f9-c16a-1f2e-cca1-e3cc495c967a,s:40~l:54~a:8753,laine-kurpniece,basketball,Laine,Kurpniece,Laine Kurpniece,Laine Kurpniece,L. Kurpniece,,,,,,,,,,,0,Not Available,NA,Not Available,,,,,2,Inactive,inactive,,,,false
2008,8754,f22947e0-7b8e-083c-d8ba-b8014c0bbdc4,s:40~l:54~a:8754,laura-sario,basketball,Laura,Sario,Laura Sario,Laura Sario,L. Sario,,,,,,,,,,,0,Not Available,NA,Not Available,,,,,2,Inactive,inactive,,,,false
2008,8756,a4131c2a-38eb-6772-7b9d-d8922009ef0d,s:40~l:54~a:8756,erica-carter,basketball,Erica,Carter,Erica Carter,Erica Carter,E. Carter,,,,,,,,,,,3,Guard,G,Guard,,2066,,,2,Inactive,inactive,,,,false
2008,8764,e0c1a8a1-47cf-312f-dc34-3efeb9c915a7,s:40~l:54~a:8764,muffy-sadler,basketball,Muffy,Sadler,Muffy Sadler,Muffy Sadler,M. Sadler,,,,,,,,,,,3,Guard,G,Guard,,2066,,,2,Inactive,inactive,,,,false
2008,8780,889a99f1-3ef6-42be-f48f-8c3dcb3cb5af,s:40~l:54~a:8780,jackie-hiebert,basketball,Jackie,Hiebert,Jackie Hiebert,Jackie Hiebert,J. Hiebert,,,,,,,,,,,3,Guard,G,Guard,,233,,,2,Inactive,inactive,,,,false
2008,8781,3e216926-08ec-63c2-0380-c78005e466d9,s:40~l:54~a:8781,shaunte-small,basketball,Shaunte,Small,Shaunte Small,Shaunte Small,S. Small,,,,,,,,,,,0,Not Available,NA,Not Available,,,,,2,Inactive,inactive,,,,false
2008,8782,53169ffb-6ca6-37d9-beee-8427a5405a05,s:40~l:54~a:8782,pamela-tolbert,basketball,Pamela,Tolbert,Pamela Tolbert,Pamela Tolbert,P. Tolbert,,,,,,,,,,,3,Guard,G,Guard,,2127,,,2,Inactive,inactive,,,,false
2008,8784,bb188fdc-3073-9339-a4cb-5d4f559c4c98,s:40~l:54~a:8784,tina-decarvalho,basketball,Tina,DeCarvalho,Tina DeCarvalho,Tina DeCarvalho,T. DeCarvalho,,,,,,,,,,,2,Forward,F,Forward,,2127,,,2,Inactive,inactive,,,,false
2008,8786,38993d3c-b263-d9e8-ad68-c27097eb1cef,s:40~l:54~a:8786,antoinette-williams,basketball,Antoinette,Williams,Antoinette Williams,Antoinette Williams,A. Williams,,,,,,,,,,,3,Guard,G,Guard,,2542,,,2,Inactive,inactive,,,,false
2008,8788,c6d37ee4-85e5-d28b-d849-78114ef7f866,s:40~l:54~a:8788,katie-tull,basketball,Katie,Tull,Katie Tull,Katie Tull,K. Tull,,,,,,,,,,,3,Guard,G,Guard,,2127,,,2,Inactive,inactive,,,,false
2008,8790,902a6e58-4100-f0e8-947a-485fbef101be,s:40~l:54~a:8790,natalie-caldwell,basketball,Natalie,Caldwell,Natalie Caldwell,Natalie Caldwell,N. Caldwell,,,,,,,,,,,0,Not Available,NA,Not Available,,,,,2,Inactive,inactive,,,,false
2008,8800,ce77bec2-2dcc-e5f1-3caf-8291e14f9fcc,s:40~l:54~a:8800,kiana-smith,basketball,Kiana,Smith,Kiana Smith,Kiana Smith,K. Smith,,,,,,,,,,,0,Not Available,NA,Not Available,,,,,2,Inactive,inactive,,,,false
2008,8805,082ab267-b4a1-9ae5-2b8d-6ff93ae9af40,s:40~l:54~a:8805,danielle-anderson,basketball,Danielle,Anderson,Danielle Anderson,Danielle Anderson,D. Anderson,,,,,,,,,,,2,Forward,F,Forward,,2247,,,2,Inactive,inactive,,,,false
2008,8806,62188b6c-f3fd-2958-c759-7b70cd7340d3,s:40~l:54~a:8806,shay-rawls,basketball,Shay,Rawls,Shay Rawls,Shay Rawls,S. Rawls,,,,,,,,,,,1,Center,C,Center,,2247,,,2,Inactive,inactive,,,,false
2008,8807,f3310acf-d32c-8e57-fded-b3539beea4ec,s:40~l:54~a:8807,monica-mann,basketball,Monica,Mann,Monica Mann,Monica Mann,M. Mann,,,,,,,,,,,3,Guard,G,Guard,,2247,,,2,Inactive,inactive,,,,false
2008,8808,711d3927-0eae-f84b-53ca-1cf09f00b24d,s:40~l:54~a:8808,erica-trahan,basketball,Erica,Trahan,Erica Trahan,Erica Trahan,E. Trahan,,,,,,,,,,,2,Forward,F,Forward,,2296,,,2,Inactive,inactive,,,,false
2008,8809,0cc7ec35-c175-efdd-397b-8f176e0fd52c,s:40~l:54~a:8809,nyasha-chambwe,basketball,Nyasha,Chambwe,Nyasha Chambwe,Nyasha Chambwe,N. Chambwe,,,,,,,,,,,0,Not Available,NA,Not Available,,,,,2,Inactive,inactive,,,,false
2008,8810,61331f81-fe1d-a7cf-5512-cc56c0e3c163,s:40~l:54~a:8810,eboni-ross,basketball,Eboni,Ross,Eboni Ross,Eboni Ross,E. Ross,,,,,,,,,,,3,Guard,G,Guard,,2296,,,2,Inactive,inactive,,,,false
2008,8811,f7da7367-9eea-a0bd-74d4-b0e8b8f07ddc,s:40~l:54~a:8811,dequisha-davis,basketball,DeQuisha,Davis,DeQuisha Davis,DeQuisha Davis,D. Davis,,,,,,,,,,,3,Guard,G,Guard,,2296,,,2,Inactive,inactive,,,,false
2008,8812,acc207be-c6e9-3ea8-b045-56706d42c939,s:40~l:54~a:8812,carena-easley,basketball,Carena,Easley,Carena Easley,Carena Easley,C. Easley,,,,,,,,,,,0,Not Available,NA,Not Available,,,,,2,Inactive,inactive,,,,false
2008,8819,4d3255c1-4a83-4303-c5de-82b169dfc571,s:40~l:54~a:8819,traci-haltiwanger,basketball,Traci,Haltiwanger,Traci Haltiwanger,Traci Haltiwanger,T. Haltiwanger,,,,,,,,,,,3,Guard,G,Guard,,2247,,,2,Inactive,inactive,,,,false
2008,8821,8a325acc-e9d8-c7aa-d3f4-4a4d9910c941,s:40~l:54~a:8821,kelsi-koenig,basketball,Kelsi,Koenig,Kelsi Koenig,Kelsi Koenig,K. Koenig,,,,,,,,,,,0,Not Available,NA,Not Available,,,,,2,Inactive,inactive,,,,false
2008,8823,8c6b8299-7fc3-f96d-a27e-99b801559523,s:40~l:54~a:8823,summer-nichols,basketball,Summer,Nichols,Summer Nichols,Summer Nichols,S. Nichols,,,,,,,,,,,3,Guard,G,Guard,,2747,,,2,Inactive,inactive,,,,false
2008,8824,17f18eb1-d358-b8a8-f550-c5c9be5d6846,s:40~l:54~a:8824,kelly-dwyer,basketball,Kelly,Dwyer,Kelly Dwyer,Kelly Dwyer,K. Dwyer,,,,,,,,,,,3,Guard,G,Guard,,2747,,,2,Inactive,inactive,,,,false
2008,8825,df9860d8-58a3-5c74-c8e9-f561599d210a,s:40~l:54~a:8825,liz-miller,basketball,Liz,Miller,Liz Miller,Liz Miller,L. Miller,,,,,,,,,,,3,Guard,G,Guard,,2747,,,2,Inactive,inactive,,,,false
2008,8828,73b45516-e79e-fe31-3931-50cb7110ad2b,s:40~l:54~a:8828,laura-depko,basketball,Laura,Depko,Laura Depko,Laura Depko,L. Depko,,,,,,,,,,,3,Guard,G,Guard,,2747,,,2,Inactive,inactive,,,,false
2008,8829,db810e1c-c598-1caf-7486-c12ff02e7497,s:40~l:54~a:8829,natalie-gramblin,basketball,Natalie,Gramblin,Natalie Gramblin,Natalie Gramblin,N. Gramblin,,,,,,,,,,,3,Guard,G,Guard,,2747,,,2,Inactive,inactive,,,,false
2008,8830,5d28b91a-a70c-91b4-28dc-4ee57d53c601,s:40~l:54~a:8830,kathlyn-varno,basketball,Kathlyn,Varno,Kathlyn Varno,Kathlyn Varno,K. Varno,,,,,,,,,,,2,Forward,F,Forward,,2747,,,2,Inactive,inactive,,,,false
2008,8831,f74c71e5-f843-ad70-dfaa-5e8c9cbae7d3,s:40~l:54~a:8831,mahagony-williams,basketball,Mahagony,Williams,Mahagony Williams,Mahagony Williams,M. Williams,,,,,,,,,,,2,Forward,F,Forward,,2747,,,2,Inactive,inactive,,,,false
2008,8841,dd1d95ce-dbac-6974-f6c8-d0c2712cbe16,s:40~l:54~a:8841,yari-escalera,basketball,Yari,Escalera,Yari Escalera,Yari Escalera,Y. Escalera,,,,,,,,,,,3,Guard,G,Guard,,249,,,2,Inactive,inactive,,,,false
2008,8842,c6087cee-fec0-4eef-41db-11f923963cfe,s:40~l:54~a:8842,lexi-bishop,basketball,Lexi,Bishop,Lexi Bishop,Lexi Bishop,L. Bishop,,,,,,,,,,,3,Guard,G,Guard,,2502,,,2,Inactive,inactive,,,,false
2008,8843,206ee752-1b3e-e0af-0448-9209dfc90aa5,s:40~l:54~a:8843,heather-bates,basketball,Heather,Bates,Heather Bates,Heather Bates,H. Bates,,,,,,,,,,,0,Not Available,NA,Not Available,,,,,2,Inactive,inactive,,,,false
2008,8844,e5d6e243-0ca8-0c44-e918-047815b48ed0,s:40~l:54~a:8844,jessica-campbell,basketball,Jessica,Campbell,Jessica Campbell,Jessica Campbell,J. Campbell,,,,,,,,,,,0,Not Available,NA,Not Available,,,,,2,Inactive,inactive,,,,false
2008,8845,c5cfca72-d629-04ca-a2a7-c6381ff096ba,s:40~l:54~a:8845,ellen-porshneva,basketball,Ellen,Porshneva,Ellen Porshneva,Ellen Porshneva,E. Porshneva,,,,,,,,,,,0,Not Available,NA,Not Available,,,,,2,Inactive,inactive,,,,false
2008,8846,7293bdec-d291-5c82-3357-d7008cda647c,s:40~l:54~a:8846,kirsten-commins,basketball,Kirsten,Commins,Kirsten Commins,Kirsten Commins,K. Commins,,,,,,,,,,,0,Not Available,NA,Not Available,,,,,2,Inactive,inactive,,,,false
2008,8847,58a657ae-3d1b-a9aa-5bfd-bc42291cfb16,s:40~l:54~a:8847,haylee-donaghe,basketball,Haylee,Donaghe,Haylee Donaghe,Haylee Donaghe,H. Donaghe,,,,,,,,,,,2,Forward,F,Forward,,302,,,2,Inactive,inactive,,,,false
2008,8848,f1cde23c-cac5-34c0-36c4-2ca881ead4f4,s:40~l:54~a:8848,kelli-valentine,basketball,Kelli,Valentine,Kelli Valentine,Kelli Valentine,K. Valentine,,,,,,,,,,,2,Forward,F,Forward,,2502,,,2,Inactive,inactive,,,,false
2008,8849,f82db230-83cb-16ff-baa3-a55eb4f7e542,s:40~l:54~a:8849,anna-harp,basketball,Anna,Harp,Anna Harp,Anna Harp,A. Harp,,,,,,,,,,,3,Guard,G,Guard,,302,,,2,Inactive,inactive,,,,false
2008,8850,bd79cc8c-1065-a391-49fd-e8700fbf7bd3,s:40~l:54~a:8850,kelly-marchant,basketball,Kelly,Marchant,Kelly Marchant,Kelly Marchant,K. Marchant,,,,,,,,,,,3,Guard,G,Guard,,2502,,,2,Inactive,inactive,,,,false
2008,8852,92a5009d-3a4a-cd9b-5d39-20e28b67d335,s:40~l:54~a:8852,paige-mintun,basketball,Paige,Mintun,Paige Mintun,Paige Mintun,P. Mintun,,,,,,,,,,,3,Guard,G,Guard,,302,,,2,Inactive,inactive,,,,false
2008,8853,c5fe136e-d38b-8296-e64a-b12382472f75,s:40~l:54~a:8853,courtney-cremer,basketball,Courtney,Cremer,Courtney Cremer,Courtney Cremer,C. Cremer,,,,,,,,,,,1,Center,C,Center,,2502,,,2,Inactive,inactive,,,,false
2008,8856,7917b60f-90fd-ba04-7e6f-bf48ca692462,s:40~l:54~a:8856,traci-fountain,basketball,Traci,Fountain,Traci Fountain,Traci Fountain,T. Fountain,,,,,,,,,,,3,Guard,G,Guard,,2065,,,2,Inactive,inactive,,,,false
2008,8857,f67e04ea-429c-d268-0ac8-593975e0fae1,s:40~l:54~a:8857,natasha-ferguson,basketball,Natasha,Ferguson,Natasha Ferguson,Natasha Ferguson,N. Ferguson,,,,,,,,,,,0,Not Available,NA,Not Available,,,,,2,Inactive,inactive,,,,false
2008,8858,ae315835-289e-5ced-e06c-8c8f3e02100b,s:40~l:54~a:8858,cleniece-roberts,basketball,Cleniece,Roberts,Cleniece Roberts,Cleniece Roberts,C. Roberts,,,,,,,,,,,2,Forward,F,Forward,,2065,,,2,Inactive,inactive,,,,false
2008,8859,55d28caa-4954-2ed7-4c0c-c2907a94236d,s:40~l:54~a:8859,jalisa-isaac,basketball,Jalisa,Isaac,Jalisa Isaac,Jalisa Isaac,J. Isaac,,,,,,,,,,,3,Guard,G,Guard,,2065,,,2,Inactive,inactive,,,,false
2008,8860,1b5d44d3-ba81-3375-b1cf-e18ed65434c8,s:40~l:54~a:8860,demetria-frank,basketball,Demetria,Frank,Demetria Frank,Demetria Frank,D. Frank,69.0,"5' 9""",,,,,Miami,FL,USA,,3,Guard,G,Guard,,2065,,,2,Inactive,inactive,,,,false
2008,8862,1c2224dc-fea0-80ab-21c2-bc8f44de023a,s:40~l:54~a:8862,keturah-newkirk,basketball,Keturah,Newkirk,Keturah Newkirk,Keturah Newkirk,K. Newkirk,,,,,,,,,,,3,Guard,G,Guard,,2065,,,2,Inactive,inactive,,,,false
2008,8864,9da003eb-cff1-6557-b1f5-6ba07c86f900,s:40~l:54~a:8864,jasmine-daniels,basketball,Jasmine,Daniels,Jasmine Daniels,Jasmine Daniels,J. Daniels,,,,,,,,,,,3,Guard,G,Guard,,2065,,,2,Inactive,inactive,,,,false
2008,8865,b00a0e6d-22ae-336d-fd4a-2609350b67ea,s:40~l:54~a:8865,ariana-bryant,basketball,Ariana,Bryant,Ariana Bryant,Ariana Bryant,A. Bryant,,,,,,,,,,,0,Not Available,NA,Not Available,,,,,2,Inactive,inactive,,,,false
2008,8866,14f7829e-e46e-2fe6-5f28-b9b9f24d9b49,s:40~l:54~a:8866,jasmine-stovall,basketball,Jasmine,Stovall,Jasmine Stovall,Jasmine Stovall,J. Stovall,,,,,,,,,,,3,Guard,G,Guard,,2116,,,2,Inactive,inactive,,,,false
2008,8869,a51b0b27-9bcd-7f48-30e3-d8b665f8bd22,s:40~l:54~a:8869,britne-rodgers,basketball,Britne,Rodgers,Britne Rodgers,Britne Rodgers,B. Rodgers,,,,,,,,,,,0,Not Available,NA,Not Available,,,,,2,Inactive,inactive,,,,false
2008,8870,10fb9ead-76f4-e1dc-275f-dd45b84795b9,s:40~l:54~a:8870,candice-bellocchio,basketball,Candice,Bellocchio,Candice Bellocchio,Candice Bellocchio,C. Bellocchio,,,,,,,,,,,3,Guard,G,Guard,,2275,,,2,Inactive,inactive,,,,false
2008,8871,4ef5bc4b-a5ba-c2cd-4ec2-8e5aa3d5d441,s:40~l:54~a:8871,lashaunte-stephens,basketball,LaShaunte,Stephens,LaShaunte Stephens,LaShaunte Stephens,L. Stephens,,,,,,,,,,,3,Guard,G,Guard,,278,,,2,Inactive,inactive,,,,false
2008,8872,6c2f7b89-d799-22b1-3db8-3ab57e441b53,s:40~l:54~a:8872,marnique-arnold,basketball,Marnique,Arnold,Marnique Arnold,Marnique Arnold,M. Arnold,,,,,,,,,,,3,Guard,G,Guard,,278,,,2,Inactive,inactive,,,,false
2008,8873,c4e3295e-3da7-d18a-c470-31dd16f9ddaa,s:40~l:54~a:8873,emma-andrews,basketball,Emma,Andrews,Emma Andrews,Emma Andrews,E. Andrews,,,,,,,,,,,3,Guard,G,Guard,,278,,,2,Inactive,inactive,,,,false
2008,8874,d869f2e0-ecd0-1f4e-0303-67ab04204ac1,s:40~l:54~a:8874,hayley-munro,basketball,Hayley,Munro,Hayley Munro,Hayley Munro,H. Munro,,,,,,,,,,,3,Guard,G,Guard,,278,,,2,Inactive,inactive,,,,false
2008,8876,37d9dd47-c434-65f9-0044-24168f3dcad8,s:40~l:54~a:8876,jaleesa-ross,basketball,Jaleesa,Ross,Jaleesa Ross,Jaleesa Ross,J. Ross,,,,,,,,,,,3,Guard,G,Guard,,278,,,2,Inactive,inactive,,,,false
2008,8883,6b8ebf49-29e4-fffd-7c0c-7a8bc2cd4525,s:40~l:54~a:8883,nikya-hughes,basketball,Nikya,Hughes,Nikya Hughes,Nikya Hughes,N. Hughes,,,,,,,,,,,0,Not Available,NA,Not Available,,,,,2,Inactive,inactive,,,,false
2008,8885,57e4d058-ed42-7e36-a69f-dcad84e7e963,s:40~l:54~a:8885,jessica-brown,basketball,Jessica,Brown,Jessica Brown,Jessica Brown,J. Brown,,,,,,,,,,,0,Not Available,NA,Not Available,,,,,2,Inactive,inactive,,,,false
2008,8886,519a7512-b0b1-4682-36c2-e95a3f68c707,s:40~l:54~a:8886,kim-sitzmann,basketball,Kim,Sitzmann,Kim Sitzmann,Kim Sitzmann,K. Sitzmann,,,,,,,,,,,3,Guard,G,Guard,,2031,,,2,Inactive,inactive,,,,false
2008,8887,12930e20-9754-cc6d-c229-421f217c25db,s:40~l:54~a:8887,chastity-reed,basketball,Chastity,Reed,Chastity Reed,Chastity Reed,C. Reed,,,,,,,,,,,2,Forward,F,Forward,,2031,,,2,Inactive,inactive,,,,false
2008,8890,9888f250-791a-0e64-77e1-500925b29bb1,s:40~l:54~a:8890,anshel-cooper,basketball,Anshel,Cooper,Anshel Cooper,Anshel Cooper,A. Cooper,,,,,,,,,,,3,Guard,G,Guard,,2031,,,2,Inactive,inactive,,,,false
2008,8894,fb960633-c1ba-4a0a-6b2a-1c295a769cae,s:40~l:54~a:8894,darcie-warner,basketball,Darcie,Warner,Darcie Warner,Darcie Warner,D. Warner,,,,,,,,,,,3,Guard,G,Guard,,2046,,,2,Inactive,inactive,,,,false
2008,8896,b1da0b0e-60d6-6f90-641a-4ed262bbd133,s:40~l:54~a:8896,elle-queen,basketball,Elle,Queen,Elle Queen,Elle Queen,E. Queen,,,,,,,,,,,2,Forward,F,Forward,,2168,,,2,Inactive,inactive,,,,false
2008,8897,5d4b3c43-c146-071c-fb1d-03c401b14420,s:40~l:54~a:8897,britney-minor,basketball,Britney,Minor,Britney Minor,Britney Minor,B. Minor,,,,,,,,,,,2,Forward,F,Forward,,36,,,2,Inactive,inactive,,,,false
2008,8898,54a73966-3f3b-30d3-0508-3c9a954090ef,s:40~l:54~a:8898,carine-reimink,basketball,Carine,Reimink,Carine Reimink,Carine Reimink,C. Reimink,,,,,,,,,,,2,Forward,F,Forward,,36,,,2,Inactive,inactive,,,,false
2008,8901,02aa7176-85bd-706a-d0e3-317091c4d07b,s:40~l:54~a:8901,kandy-beemer,basketball,Kandy,Beemer,Kandy Beemer,Kandy Beemer,K. Beemer,,,,,,,,,,,3,Guard,G,Guard,,36,,,2,Inactive,inactive,,,,false
2008,8906,b79ec5a2-b2c2-125a-e59d-8de3278560fd,s:40~l:54~a:8906,courtney-dyer,basketball,Courtney,Dyer,Courtney Dyer,Courtney Dyer,C. Dyer,,,,,,,,,,,0,Not Available,NA,Not Available,,,,,2,Inactive,inactive,,,,false
2008,8907,e0aff7b4-7aef-1f81-e554-d0834b3daddc,s:40~l:54~a:8907,anna-steg,basketball,Anna,Steg,Anna Steg,Anna Steg,A. Steg,,,,,,,,,,,2,Forward,F,Forward,,2344,,,2,Inactive,inactive,,,,false
2008,8908,65beb04e-fca6-d287-a40f-657ebcb6f6d5,s:40~l:54~a:8908,mallory-short,basketball,Mallory,Short,Mallory Short,Mallory Short,M. Short,,,,,,,,,,,2,Forward,F,Forward,,2344,,,2,Inactive,inactive,,,,false
2008,8909,959f73ac-f97a-f512-b788-a8e195ed01e4,s:40~l:54~a:8909,keiva-small,basketball,Keiva,Small,Keiva Small,Keiva Small,K. Small,,,,,,,,,,,0,Not Available,NA,Not Available,,,,,2,Inactive,inactive,,,,false
2008,8910,d14d33ca-acab-cd0c-9802-b7044a6ecb99,s:40~l:54~a:8910,becky-fernandes,basketball,Becky,Fernandes,Becky Fernandes,Becky Fernandes,B. Fernandes,,,,,,,,,,,3,Guard,G,Guard,,2344,,,2,Inactive,inactive,,,,false
2008,8917,bf698b79-3bb9-4a50-eebd-4846fd00e44e,s:40~l:54~a:8917,odessa-williams,basketball,Odessa,Williams,Odessa Williams,Odessa Williams,O. Williams,,,,,,,,,,,0,Not Available,NA,Not Available,,,,,2,Inactive,inactive,,,,false
2008,8921,b93a94c5-af90-3a0e-29aa-3ba2704d98ce,s:40~l:54~a:8921,elise-whitney,basketball,Elise,Whitney,Elise Whitney,Elise Whitney,E. Whitney,,,,,,,,,,,3,Guard,G,Guard,,290,,,2,Inactive,inactive,,,,false
2008,8924,323d6498-8742-6efb-6e6d-68839b0467eb,s:40~l:54~a:8924,jamie-navarro,basketball,Jamie,Navarro,Jamie Navarro,Jamie Navarro,J. Navarro,,,,,,,,,,,3,Guard,G,Guard,,290,,,2,Inactive,inactive,,,,false
2008,8927,07854216-7a1f-670d-4d9c-9e6b8206a5e3,s:40~l:54~a:8927,amber-sims,basketball,Amber,Sims,Amber Sims,Amber Sims,A. Sims,,,,,,,,,,,2,Forward,F,Forward,,2344,,,2,Inactive,inactive,,,,false
2008,8928,201be23f-aa2f-0919-35dc-ea50c1c0c0c8,s:40~l:54~a:8928,coriann-wood,basketball,Coriann,Wood,Coriann Wood,Coriann Wood,C. Wood,,,,,,,,,,,2,Forward,F,Forward,,252,,,2,Inactive,inactive,,,,false
2008,8930,57d24a72-9d04-d42c-5df9-163125922560,s:40~l:54~a:8930,mindy-nielson,basketball,Mindy,Nielson,Mindy Nielson,Mindy Nielson,M. Nielson,,,,,,,,,,,3,Guard,G,Guard,,252,,,2,Inactive,inactive,,,,false
2008,8935,02938068-ce5e-08c3-b342-19ba784fb9c2,s:40~l:54~a:8935,shalyn-martin,basketball,Shalyn,Martin,Shalyn Martin,Shalyn Martin,S. Martin,,,,,,,,,,,2,Forward,F,Forward,,250,,,2,Inactive,inactive,,,,false
2008,8936,86ec731c-9a1b-6cea-1f7c-d8c1d4852918,s:40~l:54~a:8936,tamara-simmons,basketball,Tamara,Simmons,Tamara Simmons,Tamara Simmons,T. Simmons,,,,,,,,,,,3,Guard,G,Guard,,250,,,2,Inactive,inactive,,,,false
2008,8938,7441b3a6-b070-a1ef-f35b-342e1f899d65,s:40~l:54~a:8938,ashley-tomzik,basketball,Ashley,Tomzik,Ashley Tomzik,Ashley Tomzik,A. Tomzik,,,,,,,,,,,0,Not Available,NA,Not Available,,,,,2,Inactive,inactive,,,,false
2008,8939,6d0c3fd2-ffdf-f1f1-3ceb-f4f712a52be2,s:40~l:54~a:8939,ashleen-bracey,basketball,Ashleen,Bracey,Ashleen Bracey,Ashleen Bracey,A. Bracey,73.0,"6' 1""",,,,,Oak Park,IL,USA,,2,Forward,F,Forward,,2287,,,2,Inactive,inactive,,,,false
2008,8940,a3a7478f-452a-67bc-4c09-0b67ceca5847,s:40~l:54~a:8940,brittany-boeke,basketball,Brittany,Boeke,Brittany Boeke,Brittany Boeke,B. Boeke,,,,,,,,,,,2,Forward,F,Forward,,2350,,,2,Inactive,inactive,,,,false
2008,8941,477678c1-6d44-6448-0f8c-e231c30e1da3,s:40~l:54~a:8941,keisha-newell,basketball,Keisha,Newell,Keisha Newell,Keisha Newell,K. Newell,66.0,"5' 6""",,,,,Chicago,IL,USA,,3,Guard,G,Guard,,2473,,,2,Inactive,inactive,,,,false
2008,8944,61717fab-e83e-da46-7023-e6b96d5689aa,s:40~l:54~a:8944,ebonie-jefferson,basketball,Ebonie,Jefferson,Ebonie Jefferson,Ebonie Jefferson,E. Jefferson,,,,,,,,,,,3,Guard,G,Guard,,2032,,,2,Inactive,inactive,,,,false
2008,8946,11ece621-0a8d-3a4c-128d-702b8a2dae6b,s:40~l:54~a:8946,sherina-scott,basketball,Sherina,Scott,Sherina Scott,Sherina Scott,S. Scott,,,,,,,,,,,2,Forward,F,Forward,,2032,,,2,Inactive,inactive,,,,false
2008,8990,e1086a65-ad14-64a3-0169-45d7256961cb,s:40~l:54~a:8990,kelsey-woodard,basketball,Kelsey,Woodard,Kelsey Woodard,Kelsey Woodard,K. Woodard,,,,,,,,,,,3,Guard,G,Guard,,156,,,2,Inactive,inactive,,,,false
2008,8994,5b15a06f-d939-d655-0aeb-717273a573c4,s:40~l:54~a:8994,julie-piper,basketball,Julie,Piper,Julie Piper,Julie Piper,J. Piper,,,,,,,,,,,2,Forward,F,Forward,,331,,,2,Inactive,inactive,,,,false
2008,8995,268b47d1-a8ac-fed4-21ed-203d5d8f13b1,s:40~l:54~a:8995,kari-darnell,basketball,Kari,Darnell,Kari Darnell,Kari Darnell,K. Darnell,,,,,,,,,,,0,Not Available,NA,Not Available,,,,,2,Inactive,inactive,,,,false
2008,8997,a7e41d51-4c7a-ae77-b50b-4149c7fc95e1,s:40~l:54~a:8997,charne-dixon,basketball,Charne,Dixon,Charne Dixon,Charne Dixon,C. Dixon,,,,,,,,,,,3,Guard,G,Guard,,2750,,,2,Inactive,inactive,,,,false
2008,8999,e967113f-ed62-0191-9a26-60254d447c66,s:40~l:54~a:8999,lashawna-thomas,basketball,LaShawna,Thomas,LaShawna Thomas,LaShawna Thomas,L. Thomas,,,,,,,,,,,3,Guard,G,Guard,,2750,,,2,Inactive,inactive,,,,false
2008,9003,55bd4392-8ae7-2cb0-978c-6fbb52f6a1d0,s:40~l:54~a:9003,jill-rademacher,basketball,Jill,Rademacher,Jill Rademacher,Jill Rademacher,J. Rademacher,,,,,,,,,,,2,Forward,F,Forward,,261,,,2,Inactive,inactive,,,,false
2008,9004,65f5f67c-5f19-9769-f295-369e5df675fc,s:40~l:54~a:9004,camille-cook,basketball,Camille,Cook,Camille Cook,Camille Cook,C. Cook,,,,,,,,,,23,1,Center,C,Center,,484,,3,2,Inactive,inactive,,,,false
2008,9005,7f1f195a-8dbc-dbf3-b9a6-445af8e0b033,s:40~l:54~a:9005,kaylan-richardson,basketball,Kaylan,Richardson,Kaylan Richardson,Kaylan Richardson,K. Richardson,,,,,,,,,,20,3,Guard,G,Guard,,484,,3,2,Inactive,inactive,,,,false
2008,9006,3703b62c-1d03-0f2d-b4fd-d12422647b0e,s:40~l:54~a:9006,nicole-lutes,basketball,Nicole,Lutes,Nicole Lutes,Nicole Lutes,N. Lutes,,,,,,,,,,32,2,Forward,F,Forward,,484,,1,2,Inactive,inactive,,,,false
2008,9007,a8a61f21-b13c-7103-58fe-1111c06919f9,s:40~l:54~a:9007,whitney-frazier,basketball,Whitney,Frazier,Whitney Frazier,Whitney Frazier,W. Frazier,,,,,,,,,,2,3,Guard,G,Guard,,484,,1,2,Inactive,inactive,,,,false
2008,9008,330b839a-8739-8765-0ed9-f067bf03a54d,s:40~l:54~a:9008,taran-cody,basketball,Taran,Cody,Taran Cody,Taran Cody,T. Cody,,,,,,,,,,,0,Not Available,NA,Not Available,,,,,2,Inactive,inactive,,,,false
2008,9009,ac82eeb4-0750-7f73-5561-e628e72af01b,s:40~l:54~a:9009,brittany-poindexter,basketball,Brittany,Poindexter,Brittany Poindexter,Brittany Poindexter,B. Poindexter,,,,,,,,,,,3,Guard,G,Guard,,2244,,,2,Inactive,inactive,,,,false
2008,9010,655f44a5-8464-bd86-fd43-b95ab41f670d,s:40~l:54~a:9010,rashauna-hobbs,basketball,Rashauna,Hobbs,Rashauna Hobbs,Rashauna Hobbs,R. Hobbs,,,,,,,,,,,3,Guard,G,Guard,,2244,,,2,Inactive,inactive,,,,false
2008,9012,57dd39b8-c453-29e3-4567-7a7e1489f949,s:40~l:54~a:9012,lauren-varley,basketball,Lauren,Varley,Lauren Varley,Lauren Varley,L. Varley,,,,,,,,,,,0,Not Available,NA,Not Available,,,,,2,Inactive,inactive,,,,false
2008,9013,c79a280f-cec5-c152-cba8-eb327e3c3920,s:40~l:54~a:9013,mallary-carling,basketball,Mallary,Carling,Mallary Carling,Mallary Carling,M. Carling,,,,,,,,,,,0,Not Available,NA,Not Available,,,,,2,Inactive,inactive,,,,false
2008,9025,57af4c64-bf10-46a4-0811-236957e26be7,s:40~l:54~a:9025,brittany-eley,basketball,Brittany,Eley,Brittany Eley,Brittany Eley,B. Eley,,,,,,,,,,,3,Guard,G,Guard,,2244,,,2,Inactive,inactive,,,,false
2008,9033,dea00494-c9f0-110d-32b3-1044dfc3a74f,s:40~l:54~a:9033,lauma-reke,basketball,Lauma,Reke,Lauma Reke,Lauma Reke,L. Reke,,,,,,,,,,,0,Not Available,NA,Not Available,,,,,2,Inactive,inactive,,,,false
2008,9035,520d336b-5c8f-37f4-5d6f-9c8eb492b620,s:40~l:54~a:9035,tania-kennedy,basketball,Tania,Kennedy,Tania Kennedy,Tania Kennedy,T. Kennedy,,,,,,,,,,,3,Guard,G,Guard,,2612,,,2,Inactive,inactive,,,,false
2008,9036,a9354ab3-0fdc-018c-3d79-7bc6695017f8,s:40~l:54~a:9036,natasha-morris,basketball,Natasha,Morris,Natasha Morris,Natasha Morris,N. Morris,,,,,,,,,,,3,Guard,G,Guard,,2612,,,2,Inactive,inactive,,,,false
2008,9040,2b0aec5d-2697-2f05-fb01-5d0877827316,s:40~l:54~a:9040,jessica-coles,basketball,Jessica,Coles,Jessica Coles,Jessica Coles,J. Coles,,,,,,,,,,,2,Forward,F,Forward,,2612,,,2,Inactive,inactive,,,,false
2008,9042,b3a47002-139e-1ba4-0f67-4579d2b0c1b1,s:40~l:54~a:9042,vlendy-roldan,basketball,Vlendy,Roldan,Vlendy Roldan,Vlendy Roldan,V. Roldan,,,,,,,,,,,0,Not Available,NA,Not Available,,,,,2,Inactive,inactive,,,,false
2008,9043,6184a939-e859-0ce8-63ad-c79ad5a014c5,s:40~l:54~a:9043,ayesha-barkley,basketball,Ayesha,Barkley,Ayesha Barkley,Ayesha Barkley,A. Barkley,,,,,,,,,,,1,Center,C,Center,,56,,,2,Inactive,inactive,,,,false
2008,9044,48c78731-4c11-c9ef-1586-34098692b3d7,s:40~l:54~a:9044,tierra-brown,basketball,Tierra,Brown,Tierra Brown,Tierra Brown,T. Brown,,,,,,,,,,,3,Guard,G,Guard,,56,,,2,Inactive,inactive,,,,false
2008,9045,18c603d6-3ced-4bc3-a77c-d342a5d3d4d3,s:40~l:54~a:9045,sharnesha-smith,basketball,Sharnesha,Smith,Sharnesha Smith,Sharnesha Smith,S. Smith,,,,,,,,,,,3,Guard,G,Guard,,56,,,2,Inactive,inactive,,,,false
2008,9046,1ad257c4-04b1-18ce-9f6b-0fc5f2071332,s:40~l:54~a:9046,kellie-olson,basketball,Kellie,Olson,Kellie Olson,Kellie Olson,K. Olson,,,,,,,,,,,0,Not Available,NA,Not Available,,,,,2,Inactive,inactive,,,,false
2008,9048,1e8e8d22-bba6-7564-1a76-9bfade5b8c25,s:40~l:54~a:9048,courtney-scott,basketball,Courtney,Scott,Courtney Scott,Courtney Scott,C. Scott,,,,,,,,,,,0,Not Available,NA,Not Available,,,,,2,Inactive,inactive,,,,false
2008,9049,c79f8070-b221-1d3e-15e1-48f88b80b6b0,s:40~l:54~a:9049,hannah-kador,basketball,Hannah,Kador,Hannah Kador,Hannah Kador,H. Kador,,,,,,,,,,,3,Guard,G,Guard,,2582,,,2,Inactive,inactive,,,,false
2008,9050,9b971a90-053d-43e8-5068-a4415548536e,s:40~l:54~a:9050,aerica-hicks,basketball,Aerica,Hicks,Aerica Hicks,Aerica Hicks,A. Hicks,,,,,,,,,,,3,Guard,G,Guard,,2582,,,2,Inactive,inactive,,,,false
2008,9052,3c66567f-63de-8db3-1984-ba3522887b6a,s:40~l:54~a:9052,brittany-carannante,basketball,Brittany,Carannante,Brittany Carannante,Brittany Carannante,B. Carannante,,,,,,,,,,,3,Guard,G,Guard,,56,,,2,Inactive,inactive,,,,false
2008,9061,e9fe566d-f410-ebcb-8003-c4ca68eeb853,s:40~l:54~a:9061,christy-altamirano,basketball,Christy,Altamirano,Christy Altamirano,Christy Altamirano,C. Altamirano,,,,,,,,,,,3,Guard,G,Guard,,161,,,2,Inactive,inactive,,,,false
2008,9062,00363bd8-fd67-89c1-462e-5840e6e22dc1,s:40~l:54~a:9062,mercedez-walker,basketball,Mercedez,Walker,Mercedez Walker,Mercedez Walker,M. Walker,,,,,,,,,,,2,Forward,F,Forward,,161,,,2,Inactive,inactive,,,,false
2008,9065,fef45129-dc25-4a2e-0466-db3a97d2b930,s:40~l:54~a:9065,shanay-freeman,basketball,Shanay,Freeman,Shanay Freeman,Shanay Freeman,S. Freeman,,,,,,,,,,,3,Guard,G,Guard,,161,,,2,Inactive,inactive,,,,false
2008,9066,1f20092e-af6a-c8a3-88bc-2dc2eb929277,s:40~l:54~a:9066,jennifer-walkling,basketball,Jennifer,Walkling,Jennifer Walkling,Jennifer Walkling,J. Walkling,,,,,,,,,,,2,Forward,F,Forward,,161,,,2,Inactive,inactive,,,,false
2008,9068,3fd9e4ad-c082-c1db-e793-2f8788457ad5,s:40~l:54~a:9068,jasmyra-saunders,basketball,Jasmyra,Saunders,Jasmyra Saunders,Jasmyra Saunders,J. Saunders,,,,,,,,,,,5,Post,P,Post,,161,,,2,Inactive,inactive,,,,false
2008,9075,f1aa9467-e44b-f08f-f02b-10063313b791,s:40~l:54~a:9075,natalie-roberts,basketball,Natalie,Roberts,Natalie Roberts,Natalie Roberts,N. Roberts,,,,,,,,,,,0,Not Available,NA,Not Available,,,,,2,Inactive,inactive,,,,false
2008,9076,4d5e98bf-6157-6691-0566-cf436eb3f830,s:40~l:54~a:9076,samantha-edwards,basketball,Samantha,Edwards,Samantha Edwards,Samantha Edwards,S. Edwards,,,,,,,,,,,2,Forward,F,Forward,,2870,,,2,Inactive,inactive,,,,false
2008,9077,fda05f53-f62e-7b7b-1741-05869581fcde,s:40~l:54~a:9077,tina-moen,basketball,Tina,Moen,Tina Moen,Tina Moen,T. Moen,,,,,,,,,,,3,Guard,G,Guard,,2870,,,2,Inactive,inactive,,,,false
2008,9078,6fa4056f-b891-60ca-a5a9-8aca61d82435,s:40~l:54~a:9078,johnna-lewis-carlisle,basketball,Johnna,Lewis-Carlisle,Johnna Lewis-Carlisle,Johnna Lewis-Carlisle,J. Lewis-Carlisle,,,,,,,,,,,0,Not Available,NA,Not Available,,,,,2,Inactive,inactive,,,,false
2008,9079,0d3dca32-abd3-77cd-f723-1f96016e4a50,s:40~l:54~a:9079,jordan-zuppe,basketball,Jordan,Zuppe,Jordan Zuppe,Jordan Zuppe,J. Zuppe,,,,,,,,,,,3,Guard,G,Guard,,2870,,,2,Inactive,inactive,,,,false
2008,9084,60e619ee-d46f-f97a-adba-dce95f60bf2f,s:40~l:54~a:9084,cassie-schrock,basketball,Cassie,Schrock,Cassie Schrock,Cassie Schrock,C. Schrock,,,,,,,,,,,3,Guard,G,Guard,,2199,,,2,Inactive,inactive,,,,false
2008,9090,9218ec54-733d-1f14-fca6-9a09031d12a4,s:40~l:54~a:9090,sarah-haluska,basketball,Sarah,Haluska,Sarah Haluska,Sarah Haluska,S. Haluska,,,,,,,,,,,3,Guard,G,Guard,,2870,,,2,Inactive,inactive,,,,false
2008,9092,83450626-9f60-a914-d845-c416e14b24ac,s:40~l:54~a:9092,courtney-reed,basketball,Courtney,Reed,Courtney Reed,Courtney Reed,C. Reed,,,,,,,,,,,3,Guard,G,Guard,,2870,,,2,Inactive,inactive,,,,false
2008,9094,00359bb5-608b-f1e2-4ce2-4c478ecec116,s:40~l:54~a:9094,maggie-dwyer,basketball,Maggie,Dwyer,Maggie Dwyer,Maggie Dwyer,M. Dwyer,,,,,,,,,,,3,Guard,G,Guard,,2623,,,2,Inactive,inactive,,,,false
2008,9095,170dccad-baa8-8db1-ac64-44b0b238a122,s:40~l:54~a:9095,marisha-brown,basketball,Marisha,Brown,Marisha Brown,Marisha Brown,M. Brown,,,,,,,,,,,3,Guard,G,Guard,,2305,,,2,Inactive,inactive,,,,false
2008,9097,0d4dc540-878e-6e92-a946-8919a9df4803,s:40~l:54~a:9097,hannah-thieke,basketball,Hannah,Thieke,Hannah Thieke,Hannah Thieke,H. Thieke,,,,,,,,,,,0,Not Available,NA,Not Available,,,,,2,Inactive,inactive,,,,false
2008,9099,912213f4-c54a-1b20-4e69-ac7b427c3399,s:40~l:54~a:9099,tiffany-coppage,basketball,Tiffany,Coppage,Tiffany Coppage,Tiffany Coppage,T. Coppage,,,,,,,,,,,3,Guard,G,Guard,,2623,,,2,Inactive,inactive,,,,false
2008,9102,41958427-caa5-f338-ab6c-a500cad6c6fb,s:40~l:54~a:9102,melissa-busby,basketball,Melissa,Busby,Melissa Busby,Melissa Busby,M. Busby,,,,,,,,,,,3,Guard,G,Guard,,2623,,,2,Inactive,inactive,,,,false
2008,9109,a2ec4bcb-070d-6df9-f456-eb6223fdd323,s:40~l:54~a:9109,chelsey-jackson,basketball,Chelsey,Jackson,Chelsey Jackson,Chelsey Jackson,C. Jackson,,,,,,,,,,,3,Guard,G,Guard,,2870,,,2,Inactive,inactive,,,,false
2008,9117,2e9af6e7-7b22-d966-2c8c-9b2601a075b7,s:40~l:54~a:9117,amanda-best,basketball,Amanda,Best,Amanda Best,Amanda Best,A. Best,,,,,,,,,,,2,Forward,F,Forward,,167,,,2,Inactive,inactive,,,,false
2008,9123,f76733f5-a18a-6813-3351-e5744fd980bb,s:40~l:54~a:9123,brittany-bowen,basketball,Brittany,Bowen,Brittany Bowen,Brittany Bowen,B. Bowen,,,,,,,,,,,3,Guard,G,Guard,,2086,,,2,Inactive,inactive,,,,false
2008,9132,dbbcd5ee-4b76-02bc-f8d9-9be5b6332a45,s:40~l:54~a:9132,azjah-bass,basketball,Azjah,Bass,Azjah Bass,Azjah Bass,A. Bass,,,,,,,,,,,3,Guard,G,Guard,,2086,,,2,Inactive,inactive,,,,false
2008,9135,ceb26017-3606-2ec4-baa4-9050b86193fe,s:40~l:54~a:9135,chloe-hamilton,basketball,Chloe,Hamilton,Chloe Hamilton,Chloe Hamilton,C. Hamilton,,,,,,,,,,,2,Forward,F,Forward,,2086,,,2,Inactive,inactive,,,,false
2008,9143,ada06c15-69b1-a7c5-9910-0b86c980ac3d,s:40~l:54~a:9143,naomi-johnson,basketball,Naomi,Johnson,Naomi Johnson,Naomi Johnson,N. Johnson,,,,,,,,,,,0,Not Available,NA,Not Available,,,,,2,Inactive,inactive,,,,false
2008,9144,286d30a9-75c1-2f60-a688-c669cfc0b9c1,s:40~l:54~a:9144,christine-kepenekian,basketball,Christine,Kepenekian,Christine Kepenekian,Christine Kepenekian,C. Kepenekian,,,,,,,,,,,3,Guard,G,Guard,,2934,,,2,Inactive,inactive,,,,false
2008,9145,940c12a8-8bda-4140-1001-3b639ce6ab07,s:40~l:54~a:9145,kelley-tarver,basketball,Kelley,Tarver,Kelley Tarver,Kelley Tarver,K. Tarver,,,,,,,,,,,3,Guard,G,Guard,,2934,,,2,Inactive,inactive,,,,false
2008,9146,1bb36826-df29-768f-3ddc-979d62691b45,s:40~l:54~a:9146,krista-arase,basketball,Krista,Arase,Krista Arase,Krista Arase,K. Arase,,,,,,,,,,,3,Guard,G,Guard,,2934,,,2,Inactive,inactive,,,,false
2008,9160,66e32cc3-ded9-a213-05bb-507040d29e3d,s:40~l:54~a:9160,rosemary-stribling,basketball,Rosemary,Stribling,Rosemary Stribling,Rosemary Stribling,R. Stribling,,,,,,,,,,,0,Not Available,NA,Not Available,,,,,2,Inactive,inactive,,,,false
2008,9162,bca72975-c6f3-4d26-32dc-b41305b95005,s:40~l:54~a:9162,brittany-lindsey,basketball,Brittany,Lindsey,Brittany Lindsey,Brittany Lindsey,B. Lindsey,,,,,,,,,,,2,Forward,F,Forward,,2655,,,2,Inactive,inactive,,,,false
2008,9163,198896cb-a289-a927-54d9-8357a292fbef,s:40~l:54~a:9163,chassity-brown,basketball,Chassity,Brown,Chassity Brown,Chassity Brown,C. Brown,,,,,,,,,,,3,Guard,G,Guard,,2655,,,2,Inactive,inactive,,,,false
2008,9164,deaec199-7503-8ba6-f462-3a5d130b8a58,s:40~l:54~a:9164,lacey-lyons,basketball,Lacey,Lyons,Lacey Lyons,Lacey Lyons,L. Lyons,,,,,,,,,,,2,Forward,F,Forward,,2737,,,2,Inactive,inactive,,,,false
2008,9165,58570d01-d1ec-a2fc-d1b0-a62c38a5a8f4,s:40~l:54~a:9165,devin-rivers,basketball,Devin,Rivers,Devin Rivers,Devin Rivers,D. Rivers,,,,,,,,,,,2,Forward,F,Forward,,324,,,2,Inactive,inactive,,,,false
2008,9166,d6e3cb43-567a-3cfa-b9ff-0d95545e478a,s:40~l:54~a:9166,katie-white,basketball,Katie,White,Katie White,Katie White,K. White,,,,,,,,,,,1,Center,C,Center,,324,,,2,Inactive,inactive,,,,false
2008,9167,fb0953e4-11de-e0f1-e9f6-d8ef16efa8f2,s:40~l:54~a:9167,cj-ware,basketball,C.J.,Ware,C.J. Ware,C.J. Ware,C.J. Ware,,,,,,,,,,,0,Not Available,NA,Not Available,,,,,2,Inactive,inactive,,,,false
2008,9168,94cfe1c2-7998-6a7b-f637-aa669d54abc7,s:40~l:54~a:9168,amanda-stull,basketball,Amanda,Stull,Amanda Stull,Amanda Stull,A. Stull,,,,,,,,,,,3,Guard,G,Guard,,324,,,2,Inactive,inactive,,,,false
2008,9169,95344f24-4891-e82c-510f-e1de5ddd83cb,s:40~l:54~a:9169,amanda-taylor,basketball,Amanda,Taylor,Amanda Taylor,Amanda Taylor,A. Taylor,,,,,,,,,,,0,Not Available,NA,Not Available,,,,,2,Inactive,inactive,,,,false
2008,9172,2749fb71-777b-5672-20f8-3939fbf4d4ee,s:40~l:54~a:9172,kim-adams,basketball,Kim,Adams,Kim Adams,Kim Adams,K. Adams,,,,,,,,,,,3,Guard,G,Guard,,219,,,2,Inactive,inactive,,,,false
2008,9175,ea1b3e9d-a5da-d6ae-7d14-c6a8eb4461c0,s:40~l:54~a:9175,kate-jasinski,basketball,Kate,Jasinski,Kate Jasinski,Kate Jasinski,K. Jasinski,,,,,,,,,,,3,Guard,G,Guard,,324,,,2,Inactive,inactive,,,,false
2008,9181,2000d78c-360d-3874-4552-5ee6154fd71e,s:40~l:54~a:9181,tiffany-aidoo,basketball,Tiffany,Aidoo,Tiffany Aidoo,Tiffany Aidoo,T. Aidoo,,,,,,,,,,,3,Guard,G,Guard,,2655,,,2,Inactive,inactive,,,,false
2008,9186,a6c69b92-f046-06de-b8a6-2f421d95575c,s:40~l:54~a:9186,rachele-kloke,basketball,Rachele,Kloke,Rachele Kloke,Rachele Kloke,R. Kloke,,,,,,,,,,,3,Guard,G,Guard,,70,,,2,Inactive,inactive,,,,false
2008,9187,35eb024a-7f8b-098d-465b-de104620c0a8,s:40~l:54~a:9187,yinka-olorunnife,basketball,Yinka,Olorunnife,Yinka Olorunnife,Yinka Olorunnife,Y. Olorunnife,,,,,,,,,,,5,Post,P,Post,,70,,,2,Inactive,inactive,,,,false
2008,9190,bf2d32c9-f85b-b4d3-f548-ea656931b3f5,s:40~l:54~a:9190,alana-curtis,basketball,Alana,Curtis,Alana Curtis,Alana Curtis,A. Curtis,,,,,,,,,,,3,Guard,G,Guard,,70,,,2,Inactive,inactive,,,,false
2008,9214,a9ce222b-f22c-490e-7f1c-1106e14397de,s:40~l:54~a:9214,janelle-bekkering,basketball,Janelle,Bekkering,Janelle Bekkering,Janelle Bekkering,J. Bekkering,,,,,,,,,,,9,Guard/Forward,G-F,Guard/Forward,,2250,,,2,Inactive,inactive,,,,false
2008,9215,1d736065-2a2f-60b2-c21d-d1ccb82836a0,s:40~l:54~a:9215,courtney-vandersloot,basketball,Courtney,Vandersloot,Courtney Vandersloot,Courtney Vandersloot,C. Vandersloot,68.0,"5' 8""",137.0,137 lbs,37,1989-02-08T08:00Z,Kent,WA,USA,,3,Guard,G,Guard,2250,2250,,,2,Inactive,inactive,,,,false
2008,9217,5bc07eb2-c54c-67ec-ad04-6fb1d3f13768,s:40~l:54~a:9217,kenisha-daniels,basketball,Kenisha,Daniels,Kenisha Daniels,Kenisha Daniels,K. Daniels,,,,,,,,,,,0,Not Available,NA,Not Available,,,,,2,Inactive,inactive,,,,false
2008,9218,e965d1b7-8fe1-6c35-c489-37064e7c1a79,s:40~l:54~a:9218,shawntawnee-collins,basketball,Shawntawnee,Collins,Shawntawnee Collins,Shawntawnee Collins,S. Collins,,,,,,,,,,,0,Not Available,NA,Not Available,,,,,2,Inactive,inactive,,,,false
2008,9220,aac1bfba-b33c-be9c-7002-88255b6616b0,s:40~l:54~a:9220,britany-myatt,basketball,Britany,Myatt,Britany Myatt,Britany Myatt,B. Myatt,,,,,,,,,,,0,Not Available,NA,Not Available,,,,,2,Inactive,inactive,,,,false
2008,9221,0f9fc0bb-c77e-3773-01ba-601fb97309be,s:40~l:54~a:9221,jordan-ford,basketball,Jordan,Ford,Jordan Ford,Jordan Ford,J. Ford,,,,,,,,,,,2,Forward,F,Forward,,2617,,,2,Inactive,inactive,,,,false
2008,9222,3b793503-b4f1-197b-3f4c-fc1acf71ecb9,s:40~l:54~a:9222,antoinette-davis,basketball,Antoinette,Davis,Antoinette Davis,Antoinette Davis,A. Davis,,,,,,,,,,,2,Forward,F,Forward,,2617,,,2,Inactive,inactive,,,,false
2008,9228,8d16a40b-60f8-5196-e8d6-16caf90c7485,s:40~l:54~a:9228,lindsey-williams,basketball,Lindsey,Williams,Lindsey Williams,Lindsey Williams,L. Williams,,,,,,,,,,,2,Forward,F,Forward,,43,,,2,Inactive,inactive,,,,false
2008,9229,939d81c3-ccc8-67e6-3794-97cfc66946ce,s:40~l:54~a:9229,ashley-hawkins,basketball,Ashley,Hawkins,Ashley Hawkins,Ashley Hawkins,A. Hawkins,,,,,,,,,,,3,Guard,G,Guard,,2016,,,2,Inactive,inactive,,,,false
2008,9230,40ca2b84-0b18-be49-7b22-7cfeed688541,s:40~l:54~a:9230,rachele-folino,basketball,Rachele,Folino,Rachele Folino,Rachele Folino,R. Folino,,,,,,,,,,,2,Forward,F,Forward,,315,,,2,Inactive,inactive,,,,false
2008,9237,3a4e357a-15e4-d8b3-82ac-4b3cdc0e5c60,s:40~l:54~a:9237,portia-wilson,basketball,Portia,Wilson,Portia Wilson,Portia Wilson,P. Wilson,,,,,,,,,,,0,Not Available,NA,Not Available,,,,,2,Inactive,inactive,,,,false
2008,9238,264154eb-815e-7ea1-2e89-06c1601e400e,s:40~l:54~a:9238,jessica-williams,basketball,Jessica,Williams,Jessica Williams,Jessica Williams,J. Williams,,,,,,,,,,,0,Not Available,NA,Not Available,,,,,2,Inactive,inactive,,,,false
2008,9239,4abc7799-a062-e0f7-c3a2-3da0b1dac0ff,s:40~l:54~a:9239,michelle-messega,basketball,Michelle,Messega,Michelle Messega,Michelle Messega,M. Messega,,,,,,,,,,,0,Not Available,NA,Not Available,,,,,2,Inactive,inactive,,,,false
2008,9240,c47a0a44-0d0d-f2cf-fc37-3de1e327146f,s:40~l:54~a:9240,latoia-mackey,basketball,Latoia,Mackey,Latoia Mackey,Latoia Mackey,L. Mackey,,,,,,,,,,,3,Guard,G,Guard,,2400,,,2,Inactive,inactive,,,,false
2008,9241,a1fc56e6-214d-0612-41e5-21fbfa6a24e7,s:40~l:54~a:9241,ashley-howard,basketball,Ashley,Howard,Ashley Howard,Ashley Howard,A. Howard,,,,,,,,,,,0,Not Available,NA,Not Available,,,,,2,Inactive,inactive,,,,false
2008,9256,fea05c32-9639-d34a-4915-14e7c4c1eb59,s:40~l:54~a:9256,courtney-kaminski,basketball,Courtney,Kaminski,Courtney Kaminski,Courtney Kaminski,C. Kaminski,,,,,,,,,,,1,Center,C,Center,,2514,,,2,Inactive,inactive,,,,false
2008,9258,ad1686fe-b3b7-5f07-240b-87efd39b9ede,s:40~l:54~a:9258,nicole-duperron,basketball,Nicole,Duperron,Nicole Duperron,Nicole Duperron,N. Duperron,,,,,,,,,,,0,Not Available,NA,Not Available,,,,,2,Inactive,inactive,,,,false
2008,9267,ad614b40-814f-eebc-ba91-ff2856d9ed83,s:40~l:54~a:9267,ebony-ellis,basketball,Ebony,Ellis,Ebony Ellis,Ebony Ellis,E. Ellis,,,,,,,,,,,1,Center,C,Center,,2459,,,2,Inactive,inactive,,,,false
2008,9268,bc9cf0bb-ec37-0db7-7db0-757a7645b25a,s:40~l:54~a:9268,karla-babica,basketball,Karla,Babica,Karla Babica,Karla Babica,K. Babica,,,,,,,,,,,3,Guard,G,Guard,,2597,,,2,Inactive,inactive,,,,false
2008,9271,0f3d3778-761b-893c-e15d-d197b34d8046,s:40~l:54~a:9271,lakeytah-irving,basketball,Lakeytah,Irving,Lakeytah Irving,Lakeytah Irving,L. Irving,,,,,,,,,,,2,Forward,F,Forward,,2154,,,2,Inactive,inactive,,,,false
2008,9272,13d43409-8011-673a-140e-58dabcc5e6aa,s:40~l:54~a:9272,sesalie-johnson,basketball,Sesalie,Johnson,Sesalie Johnson,Sesalie Johnson,S. Johnson,,,,,,,,,,,3,Guard,G,Guard,,2154,,,2,Inactive,inactive,,,,false
2008,9273,40ead193-7a65-c097-e2b9-e0647e157908,s:40~l:54~a:9273,helena-sverrisdottir,basketball,Helena,Sverrisdottir,Helena Sverrisdottir,Helena Sverrisdottir,H. Sverrisdottir,,,,,,,,,,,3,Guard,G,Guard,,2628,,,2,Inactive,inactive,,,,false
2008,9285,a4c403d0-062e-545e-a993-1a695b4da1ad,s:40~l:54~a:9285,whitney-ligon,basketball,Whitney,Ligon,Whitney Ligon,Whitney Ligon,W. Ligon,,,,,,,,,,,3,Guard,G,Guard,,2463,,,2,Inactive,inactive,,,,false
2008,9286,08aa2b6f-1508-8067-b5f1-ba0cf30e0a8c,s:40~l:54~a:9286,katie-holloway,basketball,Katie,Holloway,Katie Holloway,Katie Holloway,K. Holloway,,,,,,,,,,,0,Not Available,NA,Not Available,,,,,2,Inactive,inactive,,,,false
2008,9287,776e43ac-af73-cd2f-73c6-894cf83b70f9,s:40~l:54~a:9287,tonicia-tademy,basketball,Tonicia,Tademy,Tonicia Tademy,Tonicia Tademy,T. Tademy,,,,,,,,,,,3,Guard,G,Guard,,2463,,,2,Inactive,inactive,,,,false
2008,9293,e0ee0a6c-adeb-629d-bd65-6e8621015797,s:40~l:54~a:9293,ashley-blake,basketball,Ashley,Blake,Ashley Blake,Ashley Blake,A. Blake,,,,,,,,,,,3,Guard,G,Guard,,2463,,,2,Inactive,inactive,,,,false
2008,9294,5b6a043f-f6d9-7121-1e70-70f5f2cff3c6,s:40~l:54~a:9294,crystal-hahs,basketball,Crystal,Hahs,Crystal Hahs,Crystal Hahs,C. Hahs,,,,,,,,,,,0,Not Available,NA,Not Available,,,,,2,Inactive,inactive,,,,false
2008,9298,bf474633-5b16-387e-3f5e-65ead09852b3,s:40~l:54~a:9298,analee-viena-lota,basketball,Analee,Viena-Lota,Analee Viena-Lota,Analee Viena-Lota,A. Viena-Lota,,,,,,,,,,,2,Forward,F,Forward,,2463,,,2,Inactive,inactive,,,,false
2008,9313,3197bf5c-cb8a-4ddd-709d-860ebffcfec2,s:40~l:54~a:9313,qvaunda-curry,basketball,Q'Vaunda,Curry,Q'Vaunda Curry,Q'Vaunda Curry,Q. Curry,,,,,,,,,,,3,Guard,G,Guard,,50,,,2,Inactive,inactive,,,,false
2008,9315,108305a7-e7a8-e027-72d7-c46c52d2201f,s:40~l:54~a:9315,thyeis-halley,basketball,Thyeis,Halley,Thyeis Halley,Thyeis Halley,T. Halley,,,,,,,,,,,2,Forward,F,Forward,,50,,,2,Inactive,inactive,,,,false
2008,9320,70951b9c-8351-bfd0-67a5-9a486b62710e,s:40~l:54~a:9320,quan-joseph,basketball,Quan,Joseph,Quan Joseph,Quan Joseph,Q. Joseph,,,,,,,,,,34,1,Center,C,Center,,2353,,,2,Inactive,inactive,,,,false
2008,9321,b0042085-ada4-a13e-8fdd-3765d288c2b2,s:40~l:54~a:9321,janai-sells,basketball,Janai,Sells,Janai Sells,Janai Sells,J. Sells,,,,,,,,,,44,1,Center,C,Center,,2353,,,2,Inactive,inactive,,,,false
2008,9322,01a9d0fd-3940-17a4-1541-0efd2da1cbdd,s:40~l:54~a:9322,edie-leonards,basketball,Edie,Leonards,Edie Leonards,Edie Leonards,E. Leonards,,,,,,,,,,14,3,Guard,G,Guard,,2353,,,2,Inactive,inactive,,,,false
2008,9323,5e679903-7b40-97ce-030d-c3f188db74ca,s:40~l:54~a:9323,teokea-wilkerson,basketball,Teokea,Wilkerson,Teokea Wilkerson,Teokea Wilkerson,T. Wilkerson,,,,,,,,,,11,3,Guard,G,Guard,,2353,,,2,Inactive,inactive,,,,false
2008,9324,50ca91af-8e11-eab0-91d9-91d4463118f0,s:40~l:54~a:9324,whitney-hollins,basketball,Whitney,Hollins,Whitney Hollins,Whitney Hollins,W. Hollins,,,,,,,,,,10,3,Guard,G,Guard,,2353,,,2,Inactive,inactive,,,,false
2008,9325,aadd573c-74e1-ae6a-9bf3-e598f5d3bac0,s:40~l:54~a:9325,elaine-mccants,basketball,Elaine,McCants,Elaine McCants,Elaine McCants,E. McCants,,,,,,,,,,,0,Not Available,NA,Not Available,,,,,2,Inactive,inactive,,,,false
2008,9336,8ad46ddc-4c8c-0943-37ae-270a97ff8e72,s:40~l:54~a:9336,talishia-young,basketball,Talishia,Young,Talishia Young,Talishia Young,T. Young,,,,,,,,,,,2,Forward,F,Forward,,2443,,,2,Inactive,inactive,,,,false
2008,9337,2b20ec93-ce80-485c-2142-2b12a9aec8c1,s:40~l:54~a:9337,candice-mcgee,basketball,Candice,McGee,Candice McGee,Candice McGee,C. McGee,,,,,,,,,,,2,Forward,F,Forward,,2443,,,2,Inactive,inactive,,,,false
2008,9338,23147e79-cfb7-7841-de1b-210236ada0e8,s:40~l:54~a:9338,ledella-english,basketball,Le'Della,English,Le'Della English,Le'Della English,L. English,,,,,,,,,,,0,Not Available,NA,Not Available,,,,,2,Inactive,inactive,,,,false
2008,9339,19e091f5-bf6b-2bc8-c297-a76dac40a165,s:40~l:54~a:9339,cookie-johnson,basketball,Cookie,Johnson,Cookie Johnson,Cookie Johnson,C. Johnson,,,,,,,,,,,3,Guard,G,Guard,,2443,,,2,Inactive,inactive,,,,false
2008,9340,abf18764-a86c-8018-2cd5-8c5e8780567e,s:40~l:54~a:9340,brittany-helm,basketball,Brittany,Helm,Brittany Helm,Brittany Helm,B. Helm,,,,,,,,,,,3,Guard,G,Guard,,2443,,,2,Inactive,inactive,,,,false
2008,9341,28d3aff4-70e0-aeb7-29e3-5c2993fab657,s:40~l:54~a:9341,andrea-williams,basketball,Andrea,Williams,Andrea Williams,Andrea Williams,A. Williams,,,,,,,,,,,0,Not Available,NA,Not Available,,,,,2,Inactive,inactive,,,,false
2008,9343,4f69444f-fab3-efac-3e94-0b9ed1aa30a6,s:40~l:54~a:9343,jada-frazier,basketball,Jada,Frazier,Jada Frazier,Jada Frazier,J. Frazier,,,,,,,,,,,3,Guard,G,Guard,,2443,,,2,Inactive,inactive,,,,false
2008,9345,f142bda6-6fb3-62a2-21c6-30e3b4df3b1c,s:40~l:54~a:9345,ashley-alexander,basketball,Ashley,Alexander,Ashley Alexander,Ashley Alexander,A. Alexander,,,,,,,,,,,3,Guard,G,Guard,,2443,,,2,Inactive,inactive,,,,false
2008,9373,ff4c579c-e2b4-164c-8366-09b47eb20f40,s:40~l:54~a:9373,emily-queen,basketball,Emily,Queen,Emily Queen,Emily Queen,E. Queen,,,,,,,,,,,2,Forward,F,Forward,,2393,,,2,Inactive,inactive,,,,false
2008,9374,d891f8d7-f2a3-0c97-d49a-3d51fbb46d0f,s:40~l:54~a:9374,anne-marie-lanning,basketball,Anne,Lanning,Anne Marie Lanning,Anne Marie Lanning,A. Lanning,,,,,,,,,,,0,Not Available,NA,Not Available,,2393,,,2,Inactive,inactive,,,,false
2008,9384,02573067-4f10-5c9a-3c4b-0d8627d015fc,s:40~l:54~a:9384,jennifer-warkenthien,basketball,Jennifer,Warkenthien,Jennifer Warkenthien,Jennifer Warkenthien,J. Warkenthien,,,,,,,,,,,2,Forward,F,Forward,,2571,,,2,Inactive,inactive,,,,false
2008,9400,14d6bdd7-f22b-6e90-81a4-98cba178fec3,s:40~l:54~a:9400,marta-waalen,basketball,Marta,Waalen,Marta Waalen,Marta Waalen,M. Waalen,,,,,,,,,,,0,Not Available,NA,Not Available,,,,,2,Inactive,inactive,,,,false
2008,9402,647985fd-1b70-c978-3dc4-ada612842db9,s:40~l:54~a:9402,brittny-picconi,basketball,Brittny,Picconi,Brittny Picconi,Brittny Picconi,B. Picconi,,,,,,,,,,,0,Not Available,NA,Not Available,,,,,2,Inactive,inactive,,,,false
2008,9408,03941c9e-3b9d-304a-89b9-638fbcd09f04,s:40~l:54~a:9408,reba-ross,basketball,Reba,Ross,Reba Ross,Reba Ross,R. Ross,,,,,,,,,,24,2,Forward,F,Forward,,3,,4,2,Inactive,inactive,,,,false
2008,9409,bc62e922-674c-a764-0e20-5472ac1d151b,s:40~l:54~a:9409,brittany-allison,basketball,Brittany,Allison,Brittany Allison,Brittany Allison,B. Allison,,,,,,,,,,22,1,Center,C,Center,,3,,4,2,Inactive,inactive,,,,false
2008,9410,03d96fe6-ff34-f7c7-ea11-5723e3ce2807,s:40~l:54~a:9410,mallory-morring,basketball,Mallory,Morring,Mallory Morring,Mallory Morring,M. Morring,,,,,,,,,,14,3,Guard,G,Guard,,3,,4,2,Inactive,inactive,,,,false
2008,9411,05780d34-541e-ee31-9e22-f06bc3e943d5,s:40~l:54~a:9411,danielle-harbor,basketball,Danielle,Harbor,Danielle Harbor,Danielle Harbor,D. Harbor,,,,,,,,,,15,3,Guard,G,Guard,,3,,3,2,Inactive,inactive,,,,false
2008,9412,c2c8bb7c-ac23-d30c-0c67-540ddae451dd,s:40~l:54~a:9412,morgan-talbot,basketball,Morgan,Talbot,Morgan Talbot,Morgan Talbot,M. Talbot,,,,,,,,,,4,3,Guard,G,Guard,,3,,4,2,Inactive,inactive,,,,false
2008,9425,9aaff5da-fcce-8147-e821-7be94dd7af4d,s:40~l:54~a:9425,gerraca-matthews,basketball,Gerraca,Matthews,Gerraca Matthews,Gerraca Matthews,G. Matthews,,,,,,,,,,,0,Not Available,NA,Not Available,,,,,2,Inactive,inactive,,,,false
2008,9426,09bef998-1e42-e5df-8eb1-732728dc48ae,s:40~l:54~a:9426,amber-guffey,basketball,Amber,Guffey,Amber Guffey,Amber Guffey,A. Guffey,,,,,,,,,,,3,Guard,G,Guard,,93,,,2,Inactive,inactive,,,,false
2008,9428,6d22a65d-5ec8-26a7-c303-bd0e19ef9678,s:40~l:54~a:9428,shaleea-petty,basketball,Shaleea,Petty,Shaleea Petty,Shaleea Petty,S. Petty,,,,,,,,,,,0,Not Available,NA,Not Available,,,,,2,Inactive,inactive,,,,false
2008,9433,ed09a96f-3393-8dbb-67eb-bc7f520b3c4f,s:40~l:54~a:9433,zevy-ivory,basketball,Zevy,Ivory,Zevy Ivory,Zevy Ivory,Z. Ivory,,,,,,,,,,,2,Forward,F,Forward,,2545,,,2,Inactive,inactive,,,,false
2008,9434,d11e71ce-3feb-4a61-cf1b-1e6ac7bb7215,s:40~l:54~a:9434,kristy-carlin,basketball,Kristy,Carlin,Kristy Carlin,Kristy Carlin,K. Carlin,,,,,,,,,,,2,Forward,F,Forward,,2545,,,2,Inactive,inactive,,,,false
2008,9435,2ad9a44d-903d-c7b2-f5f8-6b1869daef81,s:40~l:54~a:9435,jameica-gross,basketball,Jameica,Gross,Jameica Gross,Jameica Gross,J. Gross,,,,,,,,,,,0,Not Available,NA,Not Available,,,,,2,Inactive,inactive,,,,false
2008,9436,5ff15c60-5fd5-ad68-564f-b3538ac78902,s:40~l:54~a:9436,charinee-mitchell,basketball,Charinee,Mitchell,Charinee Mitchell,Charinee Mitchell,C. Mitchell,,,,,,,,,,,3,Guard,G,Guard,,2545,,,2,Inactive,inactive,,,,false
2008,9437,3700afe8-1a2a-9fd3-a932-e166125ca8f0,s:40~l:54~a:9437,brooke-necaise,basketball,Brooke,Necaise,Brooke Necaise,Brooke Necaise,B. Necaise,,,,,,,,,,,0,Not Available,NA,Not Available,,,,,2,Inactive,inactive,,,,false
2008,9445,ee2e54ed-cc52-73b9-a74e-a954cbbd9ebf,s:40~l:54~a:9445,ashley-nicole-hayes,basketball,Ashley,Hayes,Ashley Nicole Hayes,Ashley Nicole Hayes,A. Hayes,,,,,,,,,,,3,Guard,G,Guard,,93,,,2,Inactive,inactive,,,,false
2008,9456,a90b375a-c385-a340-81fb-5caad0104a07,s:40~l:54~a:9456,carli-bakondy,basketball,Carli,Bakondy,Carli Bakondy,Carli Bakondy,C. Bakondy,,,,,,,,,,,0,Not Available,NA,Not Available,,,,,2,Inactive,inactive,,,,false
2008,9467,29fe56d2-15bb-018b-72f7-936262fa291b,s:40~l:54~a:9467,jessica-teubert,basketball,Jessica,Teubert,Jessica Teubert,Jessica Teubert,J. Teubert,,,,,,,,,,,0,Not Available,NA,Not Available,,,,,2,Inactive,inactive,,,,false
2008,9469,d3ecbed6-7c48-eea8-5e9a-396a59f025c0,s:40~l:54~a:9469,shanea-cotton,basketball,Shanea,Cotton,Shanea Cotton,Shanea Cotton,S. Cotton,,,,,,,,,,,2,Forward,F,Forward,,218,,,2,Inactive,inactive,,,,false
2008,9470,53af2d6c-ed68-2715-45e1-972ceae56b78,s:40~l:54~a:9470,lindsay-kimmel,basketball,Lindsay,Kimmel,Lindsay Kimmel,Lindsay Kimmel,L. Kimmel,,,,,,,,,,,3,Guard,G,Guard,,218,,,2,Inactive,inactive,,,,false
2008,9473,53f98c60-6bb0-4273-3009-cc0e4c33e4bb,s:40~l:54~a:9473,tiffany-jackson,basketball,Tiffany,Jackson,Tiffany Jackson,Tiffany Jackson,T. Jackson,,,,,,,,,,,2,Forward,F,Forward,,2634,,,2,Inactive,inactive,,,,false
2008,9474,381577fd-887f-11b8-e565-a206d2ac900e,s:40~l:54~a:9474,obiageli-okafor,basketball,Obiageli,Okafor,Obiageli Okafor,Obiageli Okafor,O. Okafor,,,,,,,,,,,2,Forward,F,Forward,,2634,,,2,Inactive,inactive,,,,false
2008,9475,7c4ebb14-307b-4d6d-3ad1-4fa6ed479825,s:40~l:54~a:9475,tamira-rumph,basketball,Tamira,Rumph,Tamira Rumph,Tamira Rumph,T. Rumph,,,,,,,,,,,3,Guard,G,Guard,,2634,,,2,Inactive,inactive,,,,false
2008,9476,7176ba16-7f3e-d127-fe50-b1ea0535e7fc,s:40~l:54~a:9476,ladona-pierce,basketball,LaDona,Pierce,LaDona Pierce,LaDona Pierce,L. Pierce,,,,,,,,,,,3,Guard,G,Guard,,2634,,,2,Inactive,inactive,,,,false
2008,9477,a7c41131-b9f3-f6d7-9903-e657e2f3ec83,s:40~l:54~a:9477,kendra-appling,basketball,Kendra,Appling,Kendra Appling,Kendra Appling,K. Appling,,,,,,,,,,,3,Guard,G,Guard,,2634,,,2,Inactive,inactive,,,,false
2008,9478,603075cf-c4c4-d13c-40ea-e9e4652ea1d3,s:40~l:54~a:9478,janae-mason,basketball,Janae,Mason,Janae Mason,Janae Mason,J. Mason,,,,,,,,,,,0,Not Available,NA,Not Available,,,,,2,Inactive,inactive,,,,false
2008,9479,53541730-aaba-9fa9-1fd9-e12b474a83b1,s:40~l:54~a:9479,jerita-gordon,basketball,Jerita,Gordon,Jerita Gordon,Jerita Gordon,J. Gordon,,,,,,,,,,,0,Not Available,NA,Not Available,,,,,2,Inactive,inactive,,,,false
2008,9480,b946a7be-3288-454d-6c32-77d384142255,s:40~l:54~a:9480,sharena-atkinson,basketball,Sharena,Atkinson,Sharena Atkinson,Sharena Atkinson,S. Atkinson,,,,,,,,,,,0,Not Available,NA,Not Available,,,,,2,Inactive,inactive,,,,false
2008,9481,9e226618-76fb-9619-d24e-f69623ec2639,s:40~l:54~a:9481,ashley-banks,basketball,Ashley,Banks,Ashley Banks,Ashley Banks,A. Banks,,,,,,,,,,,0,Not Available,NA,Not Available,,,,,2,Inactive,inactive,,,,false
2008,9482,abebe9e7-a439-abeb-c979-c31128033aff,s:40~l:54~a:9482,jessica-harris,basketball,Jessica,Harris,Jessica Harris,Jessica Harris,J. Harris,,,,,,,,,,,0,Not Available,NA,Not Available,,,,,2,Inactive,inactive,,,,false
2008,9484,f007efdf-96d9-6724-ca06-fe629a8324b5,s:40~l:54~a:9484,meredith-stafford,basketball,Meredith,Stafford,Meredith Stafford,Meredith Stafford,M. Stafford,,,,,,,,,,,3,Guard,G,Guard,,2634,,,2,Inactive,inactive,,,,false
2008,9487,07db33f7-7875-750f-1ccb-1573c31b03ca,s:40~l:54~a:9487,juliane-hohne,basketball,Juliane,Hohne,Juliane Hohne,Juliane Hohne,J. Hohne,,,,,,,,,,,0,Not Available,NA,Not Available,,,,,2,Inactive,inactive,,,,false
2008,9490,3085a810-2a1c-f7eb-11a7-65b9c46b14d7,s:40~l:54~a:9490,charisse-hicks,basketball,Charisse,Hicks,Charisse Hicks,Charisse Hicks,C. Hicks,,,,,,,,,,,3,Guard,G,Guard,,2634,,,2,Inactive,inactive,,,,false
2008,9513,1f4f8041-34dc-bff3-2f30-ab98b6261b16,s:40~l:54~a:9513,marie-goyette,basketball,Marie,Goyette,Marie Goyette,Marie Goyette,M. Goyette,,,,,,,,,,,0,Not Available,NA,Not Available,,,,,2,Inactive,inactive,,,,false
2008,9514,0f5b9b6e-1e24-7d15-edc6-6bd5dffcbd51,s:40~l:54~a:9514,aunjel-adams,basketball,Aunjel,Adams,Aunjel Adams,Aunjel Adams,A. Adams,,,,,,,,,,,0,Not Available,NA,Not Available,,,,,2,Inactive,inactive,,,,false
2008,9515,ca3be474-ad22-c708-fbb1-7586f4b1f194,s:40~l:54~a:9515,phyllisha-mitchell,basketball,Phyllisha,Mitchell,Phyllisha Mitchell,Phyllisha Mitchell,P. Mitchell,,,,,,,,,,,2,Forward,F,Forward,,2630,,,2,Inactive,inactive,,,,false
2008,9516,94469349-e3e2-7876-7496-0a916eee76bc,s:40~l:54~a:9516,crystal-fuller,basketball,Crystal,Fuller,Crystal Fuller,Crystal Fuller,C. Fuller,,,,,,,,,,,0,Not Available,NA,Not Available,,,,,2,Inactive,inactive,,,,false
2008,9517,68a582be-0dc4-c79e-052b-a664fc53d287,s:40~l:54~a:9517,whitney-malone,basketball,Whitney,Malone,Whitney Malone,Whitney Malone,W. Malone,70.0,"5' 10""",,,,,Atoka,TN,USA,31,2,Forward,F,Forward,,2586,,3,1,Active,active,,,,true
2008,9521,3b39eb74-2760-735d-f435-7a866a5d8d16,s:40~l:54~a:9521,sarah-bolden,basketball,Sarah,Bolden,Sarah Bolden,Sarah Bolden,S. Bolden,,,,,,,,,,,2,Forward,F,Forward,,2065,,,2,Inactive,inactive,,,,false
2008,9522,588eb410-91ca-9a19-288a-20db451d82b4,s:40~l:54~a:9522,tatiana-ingram,basketball,Ta'tiana,Ingram,Ta'tiana Ingram,Ta'tiana Ingram,T. Ingram,,,,,,,,,,,3,Guard,G,Guard,,2065,,,2,Inactive,inactive,,,,false
2008,9523,5d12d7c6-7178-c785-c893-b1572eb1efc4,s:40~l:54~a:9523,keyonta-thacker,basketball,Keyonta,Thacker,Keyonta Thacker,Keyonta Thacker,K. Thacker,,,,,,,,,,,2,Forward,F,Forward,,2428,,,2,Inactive,inactive,,,,false
2008,9524,09b674a7-e883-dce7-c4a4-f0f50f1c7574,s:40~l:54~a:9524,lavonna-hailey,basketball,LaVonna,Hailey,LaVonna Hailey,LaVonna Hailey,L. Hailey,,,,,,,,,,,3,Guard,G,Guard,,2428,,,2,Inactive,inactive,,,,false
2008,9525,b1f800e5-e49c-7cf3-f545-127749237393,s:40~l:54~a:9525,mikaela-cowles,basketball,Mikaela,Cowles,Mikaela Cowles,Mikaela Cowles,M. Cowles,,,,,,,,,,,0,Not Available,NA,Not Available,,,,,2,Inactive,inactive,,,,false
2008,9526,6ea5b03e-20ff-e44e-9ccd-5ba5a7c2ee59,s:40~l:54~a:9526,louella-tomlinson,basketball,Louella,Tomlinson,Louella Tomlinson,Louella Tomlinson,L. Tomlinson,,,,,,,,,,,2,Forward,F,Forward,,2608,,,2,Inactive,inactive,,,,false
2008,9542,0552d120-a4bb-0ebf-de5c-363afc183527,s:40~l:54~a:9542,megan-harrison,basketball,Megan,Harrison,Megan Harrison,Megan Harrison,M. Harrison,,,,,,,,,,,2,Forward,F,Forward,,13,,,2,Inactive,inactive,,,,false
2008,9544,9811e1f0-0850-1f15-aed5-c21075e095ea,s:40~l:54~a:9544,ashlee-stewart,basketball,Ashlee,Stewart,Ashlee Stewart,Ashlee Stewart,A. Stewart,,,,,,,,,,,3,Guard,G,Guard,,13,,,2,Inactive,inactive,,,,false
2008,9545,b8ceff6b-6151-e074-eea6-56e997cea7a8,s:40~l:54~a:9545,tamara-wells,basketball,Tamara,Wells,Tamara Wells,Tamara Wells,T. Wells,,,,,,,,,,,3,Guard,G,Guard,,13,,,2,Inactive,inactive,,,,false
2008,9546,f21b6dcf-c200-b3f8-dd39-8c0084590eef,s:40~l:54~a:9546,sparkle-anderson,basketball,Sparkle,Anderson,Sparkle Anderson,Sparkle Anderson,S. Anderson,,,,,,,,,,,3,Guard,G,Guard,,13,,,2,Inactive,inactive,,,,false
2008,9548,e084ba55-5ee5-27c3-340d-2c8ef0cf401d,s:40~l:54~a:9548,lisa-mcbride,basketball,Lisa,McBride,Lisa McBride,Lisa McBride,L. McBride,,,,,,,,,,,3,Guard,G,Guard,,13,,,2,Inactive,inactive,,,,false
2008,9552,0cd78f38-dc20-96a5-9109-ca3b4a101d9e,s:40~l:54~a:9552,funaki-kefu,basketball,Funaki,Kefu,Funaki Kefu,Funaki Kefu,F. Kefu,,,,,,,,,,,2,Forward,F,Forward,,2447,,,2,Inactive,inactive,,,,false
2008,9553,a2384815-5fdf-e87d-2e38-dd4b108395e9,s:40~l:54~a:9553,maggie-green,basketball,Maggie,Green,Maggie Green,Maggie Green,M. Green,,,,,,,,,,,0,Not Available,NA,Not Available,,,,,2,Inactive,inactive,,,,false
2008,9554,d3c80d11-8720-dfac-378a-2646c98de299,s:40~l:54~a:9554,kelli-johnson,basketball,Kelli,Johnson,Kelli Johnson,Kelli Johnson,K. Johnson,,,,,,,,,,,0,Not Available,NA,Not Available,,,,,2,Inactive,inactive,,,,false
2008,9555,356f37d4-518b-70f3-0534-3ac211f1fc24,s:40~l:54~a:9555,katherine-plummer,basketball,Katherine,Plummer,Katherine Plummer,Katherine Plummer,K. Plummer,,,,,,,,,,,0,Not Available,NA,Not Available,,,,,2,Inactive,inactive,,,,false
2008,9556,36b28a6e-3c1c-87a9-0de7-786383487951,s:40~l:54~a:9556,shelley-west,basketball,Shelley,West,Shelley West,Shelley West,S. West,,,,,,,,,,,0,Not Available,NA,Not Available,,,,,2,Inactive,inactive,,,,false
2008,9558,f01a9c17-3e0c-9c38-193b-c73f9e0a8b1e,s:40~l:54~a:9558,christie-bryant,basketball,Christie,Bryant,Christie Bryant,Christie Bryant,C. Bryant,,,,,,,,,,,2,Forward,F,Forward,,2447,,,2,Inactive,inactive,,,,false
2008,9559,60cb6799-58cc-85d6-e136-dc0933a8f77a,s:40~l:54~a:9559,tiffany-jones,basketball,Tiffany,Jones,Tiffany Jones,Tiffany Jones,T. Jones,,,,,,,,,,,3,Guard,G,Guard,,2447,,,2,Inactive,inactive,,,,false
2008,9577,e61bb60b-1019-e1cc-a1da-ae7dbdf9c75c,s:40~l:54~a:9577,april-mcbride,basketball,April,McBride,April McBride,April McBride,A. McBride,,,,,,,,,,,3,Guard,G,Guard,,2379,,,2,Inactive,inactive,,,,false
2008,9579,9ddc12db-0f03-136d-4a88-8547e8cad8bc,s:40~l:54~a:9579,tiffany-reid,basketball,Tiffany,Reid,Tiffany Reid,Tiffany Reid,T. Reid,,,,,,,,,,,2,Forward,F,Forward,,2379,,,2,Inactive,inactive,,,,false
2008,9580,23675b44-b7a0-fbe9-59bb-2218a9760221,s:40~l:54~a:9580,casey-morton,basketball,Casey,Morton,Casey Morton,Casey Morton,C. Morton,,,,,,,,,,,3,Guard,G,Guard,,2379,,,2,Inactive,inactive,,,,false
2008,9581,90d27353-28b0-409e-9b5a-5c3a3443b452,s:40~l:54~a:9581,chena-parker,basketball,Chena,Parker,Chena Parker,Chena Parker,C. Parker,,,,,,,,,,,0,Not Available,NA,Not Available,,2379,,,2,Inactive,inactive,,,,false
2008,9582,3bc6f976-2e2e-a88f-5847-d98a3439d19d,s:40~l:54~a:9582,brittany-adkins,basketball,Brittany,Adkins,Brittany Adkins,Brittany Adkins,B. Adkins,,,,,,,,,,,0,Not Available,NA,Not Available,,,,,2,Inactive,inactive,,,,false
2008,9585,7a7c5cd3-68db-9fe7-5cab-a4034ee88501,s:40~l:54~a:9585,queenique-tyler,basketball,Queenique,Tyler,Queenique Tyler,Queenique Tyler,Q. Tyler,,,,,,,,,,,3,Guard,G,Guard,,2379,,,2,Inactive,inactive,,,,false
2008,9586,d7686e82-eab5-397e-f9cd-530e3133663f,s:40~l:54~a:9586,laura-lee-holman,basketball,Laura,Holman,Laura Lee Holman,Laura Lee Holman,L. Holman,,,,,,,,,,,0,Not Available,NA,Not Available,,,,,2,Inactive,inactive,,,,false
2008,9617,eecb6134-c9de-b11c-913d-be2c913d7c81,s:40~l:54~a:9617,lisa-bue,basketball,Lisa,Bue,Lisa Bue,Lisa Bue,L. Bue,,,,,,,,,,,0,Not Available,NA,Not Available,,,,,2,Inactive,inactive,,,,false
2008,9618,40ebe709-e526-831e-a4f8-5858d231758f,s:40~l:54~a:9618,brenda-slyt,basketball,Brenda,Slyt,Brenda Slyt,Brenda Slyt,B. Slyt,,,,,,,,,,,0,Not Available,NA,Not Available,,,,,2,Inactive,inactive,,,,false
2008,9619,935029f8-b4be-13ff-0855-328aba52b4a5,s:40~l:54~a:9619,jerri-penley,basketball,Jerri,Penley,Jerri Penley,Jerri Penley,J. Penley,,,,,,,,,,,1,Center,C,Center,,2449,,,2,Inactive,inactive,,,,false
2008,9620,939807a5-448a-bd88-b5a4-650119129c7b,s:40~l:54~a:9620,amanda-girodat,basketball,Amanda,Girodat,Amanda Girodat,Amanda Girodat,A. Girodat,,,,,,,,,,,0,Not Available,NA,Not Available,,,,,2,Inactive,inactive,,,,false
2008,9621,ae389302-550c-d4f7-41ef-aee781fc262a,s:40~l:54~a:9621,emily-moran,basketball,Emily,Moran,Emily Moran,Emily Moran,E. Moran,,,,,,,,,,,0,Not Available,NA,Not Available,,,,,2,Inactive,inactive,,,,false
2008,9622,b6d63a14-d0e5-617c-2af9-6e67df5c7d32,s:40~l:54~a:9622,abby-plucker,basketball,Abby,Plucker,Abby Plucker,Abby Plucker,A. Plucker,,,,,,,,,,,2,Forward,F,Forward,,2449,,,2,Inactive,inactive,,,,false
2008,9624,37848546-a78e-0c1d-f2c2-00e45fb04a73,s:40~l:54~a:9624,inger-hodgson,basketball,Inger,Hodgson,Inger Hodgson,Inger Hodgson,I. Hodgson,,,,,,,,,,,3,Guard,G,Guard,,2449,,,2,Inactive,inactive,,,,false
2008,9630,326875ee-3b75-3a8b-6dc9-483f80f3b775,s:40~l:54~a:9630,kendra-coveal,basketball,Kendra,Coveal,Kendra Coveal,Kendra Coveal,K. Coveal,68.0,"5' 8""",,,,,,,,23,2,Forward,F,Forward,,2001,,1,2,Inactive,inactive,,,,false
2008,9631,2d4119e8-7493-dd6b-fd61-da741be08801,s:40~l:54~a:9631,nicole-tatum,basketball,Nicole,Tatum,Nicole Tatum,Nicole Tatum,N. Tatum,70.0,"5' 10""",,,,,Rio Rancho,NM,USA,40,2,Forward,F,Forward,,2001,,3,2,Inactive,inactive,,,,false
2008,9632,c08c28fe-70ad-cdb2-d0c0-fefc668fc0b0,s:40~l:54~a:9632,jocelyn-pardilla,basketball,Jocelyn,Pardilla,Jocelyn Pardilla,Jocelyn Pardilla,J. Pardilla,62.0,"5' 2""",,,,,,,,24,3,Guard,G,Guard,,2001,,3,2,Inactive,inactive,,,,false
2008,9633,69a86ff5-a50b-adc0-f5c1-8604133f8217,s:40~l:54~a:9633,vera-jo-bustos,basketball,Vera,Jo Bustos,Vera Jo Bustos,Vera Jo Bustos,V. Jo Bustos,68.0,"5' 8""",,,,,Las Vegas,NM,USA,4,3,Guard,G,Guard,,2001,,1,2,Inactive,inactive,,,,false
2008,9634,68e2be2e-6cb0-90a5-f96e-cdd4f3680e7b,s:40~l:54~a:9634,laurel-mortensen,basketball,Laurel,Mortensen,Laurel Mortensen,Laurel Mortensen,L. Mortensen,64.0,"5' 4""",,,,,Craig,CO,USA,5,3,Guard,G,Guard,,2001,,4,2,Inactive,inactive,,,,false
2008,9642,17d96ea7-c3d6-3462-a101-c84e366754c8,s:40~l:54~a:9642,taryn-brennan,basketball,Taryn,Brennan,Taryn Brennan,Taryn Brennan,T. Brennan,,,,,,,,,,33,2,Forward,F,Forward,,2714,,4,2,Inactive,inactive,,,,false
2008,9643,6dda90af-5c6c-d02a-3b75-f213d8d43810,s:40~l:54~a:9643,audra-lawson,basketball,Audra,Lawson,Audra Lawson,Audra Lawson,A. Lawson,,,,,,,,,,23,2,Forward,F,Forward,,2714,,4,2,Inactive,inactive,,,,false
2008,9644,7b5ab127-8053-fc62-135c-ba561e7b5abb,s:40~l:54~a:9644,amy-sokaitis,basketball,Amy,Sokaitis,Amy Sokaitis,Amy Sokaitis,A. Sokaitis,,,,,,,,,,5,3,Guard,G,Guard,,2714,,2,2,Inactive,inactive,,,,false
2008,9645,9ded4c4f-af11-b7bd-f768-f4c33bb33946,s:40~l:54~a:9645,chelsea-wilkins,basketball,Chelsea,Wilkins,Chelsea Wilkins,Chelsea Wilkins,C. Wilkins,,,,,,,,,,14,3,Guard,G,Guard,,2714,,4,2,Inactive,inactive,,,,false
2008,9646,3f98ff4a-7d2a-c619-c1ee-81c10c81885b,s:40~l:54~a:9646,sarai-martinez,basketball,Sarai,Martinez,Sarai Martinez,Sarai Martinez,S. Martinez,,,,,,,,,,21,3,Guard,G,Guard,,2714,,3,2,Inactive,inactive,,,,false
2008,9650,ac28f565-8522-da92-205a-e889c7a387b6,s:40~l:54~a:9650,amanda-sedlack,basketball,Amanda,Sedlack,Amanda Sedlack,Amanda Sedlack,A. Sedlack,,,,,,,,,,,3,Guard,G,Guard,,2006,,,2,Inactive,inactive,,,,false
2008,9652,22f6ad41-d800-41c3-2883-047ff1cb0baa,s:40~l:54~a:9652,vontisha-woods,basketball,Vontisha,Woods,Vontisha Woods,Vontisha Woods,V. Woods,,,,,,,,,,,2,Forward,F,Forward,,2736,,4,2,Inactive,inactive,,,,false
2008,9653,4963ac84-7fa2-a762-4e5d-4ad36d662e23,s:40~l:54~a:9653,corbin-bradford,basketball,Corbin,Bradford,Corbin Bradford,Corbin Bradford,C. Bradford,,,,,,,,,,,3,Guard,G,Guard,,2736,,4,2,Inactive,inactive,,,,false
2008,9654,bed266d3-7e7e-8926-f2ca-720dd67db192,s:40~l:54~a:9654,jalesa-byrd,basketball,Jalesa,Byrd,Jalesa Byrd,Jalesa Byrd,J. Byrd,,,,,,,,,,,2,Forward,F,Forward,,2736,,,2,Inactive,inactive,,,,false
2008,9655,fb5e8156-0ef5-9654-41aa-124d48baf60f,s:40~l:54~a:9655,rene-rector,basketball,Rene,Rector,Rene Rector,Rene Rector,R. Rector,,,,,,,,,,,3,Guard,G,Guard,,2736,,4,2,Inactive,inactive,,,,false
2008,9657,a703c1b9-6b34-1f27-e17a-b3f94bd13464,s:40~l:54~a:9657,nora-campbell,basketball,Nora,Campbell,Nora Campbell,Nora Campbell,N. Campbell,,,,,,,,,,,0,Not Available,NA,Not Available,,,,,2,Inactive,inactive,,,,false
2008,9659,afed03cb-9f30-faea-f61b-6147a379ccf4,s:40~l:54~a:9659,allison-duffy,basketball,Allison,Duffy,Allison Duffy,Allison Duffy,A. Duffy,,,,,,,,,,,2,Forward,F,Forward,,21,,,2,Inactive,inactive,,,,false
2008,9660,883995b1-067e-a782-3d77-0997ab096198,s:40~l:54~a:9660,paris-johnson,basketball,Paris,Johnson,Paris Johnson,Paris Johnson,P. Johnson,,,,,,,,,,,1,Center,C,Center,,21,,,2,Inactive,inactive,,,,false
2008,9661,9bd67c10-da69-81e1-1313-51739bd16f15,s:40~l:54~a:9661,jene-morris,basketball,Jené,Morris,Jené Morris,Jené Morris,J. Morris,,,,,,,,,,,3,Guard,G,Guard,,21,,,2,Inactive,inactive,,,,false
2008,9664,6b7700e5-21f3-a1cc-f21c-dec27728aa7b,s:40~l:54~a:9664,laquanda-brandon,basketball,LaQuanda,Brandon,LaQuanda Brandon,LaQuanda Brandon,L. Brandon,,,,,,,,,,,0,Not Available,NA,Not Available,,,,,2,Inactive,inactive,,,,false
2008,9669,7aca6772-2409-1cea-1362-32b6433b3516,s:40~l:54~a:9669,alena-ali,basketball,Alena,Ali,Alena Ali,Alena Ali,A. Ali,,,,,,,,,,,3,Guard,G,Guard,,2612,,,2,Inactive,inactive,,,,false
2008,9677,a84dc1c2-ce20-3b1f-4b14-f8a424e39f14,s:40~l:54~a:9677,jackie-mccaffrey,basketball,Jackie,McCaffrey,Jackie McCaffrey,Jackie McCaffrey,J. McCaffrey,,,,,,,,,,,3,Guard,G,Guard,,2885,,,2,Inactive,inactive,,,,false
2008,9680,d057f067-fe71-3063-0f88-0984574c2a30,s:40~l:54~a:9680,jessica-gerald,basketball,Jessica,Gerald,Jessica Gerald,Jessica Gerald,J. Gerald,,,,,,,,,,,3,Guard,G,Guard,,2885,,,2,Inactive,inactive,,,,false
2008,9682,56fd64ce-5b44-8944-1d29-165b78b51e33,s:40~l:54~a:9682,adriana-johnson,basketball,Adriana,Johnson,Adriana Johnson,Adriana Johnson,A. Johnson,,,,,,,,,,,3,Guard,G,Guard,,2885,,,2,Inactive,inactive,,,,false
2008,9683,4315110b-47ab-d8a6-1a31-dec460a89717,s:40~l:54~a:9683,maya-al-shingieti,basketball,Maya,Al-Shingieti,Maya Al-Shingieti,Maya Al-Shingieti,M. Al-Shingieti,,,,,,,,,,,2,Forward,F,Forward,,2885,,,2,Inactive,inactive,,,,false
2008,9684,dc93ee83-f4a0-cd55-a209-1673adc63cda,s:40~l:54~a:9684,katie-piekielski,basketball,Katie,Piekielski,Katie Piekielski,Katie Piekielski,K. Piekielski,,,,,,,,,,,3,Guard,G,Guard,,2885,,,2,Inactive,inactive,,,,false
2008,9686,aef57ee9-9580-c839-44fa-de8d64f9bbc9,s:40~l:54~a:9686,tameka-christopher,basketball,Tameka,Christopher,Tameka Christopher,Tameka Christopher,T. Christopher,,,,,,,,,,30,2,Forward,F,Forward,,2804,,,2,Inactive,inactive,,,,false
2008,9687,973e0dbf-6810-3a08-9f98-663943ca23fc,s:40~l:54~a:9687,aj-obannion,basketball,Aj,O'Bannion,Aj O'Bannion,Aj O'Bannion,A. O'Bannion,,,,,,,,,,31,2,Forward,F,Forward,,2804,,,2,Inactive,inactive,,,,false
2008,9688,fe6f0fc0-e980-f78e-7c3c-3a28305a5917,s:40~l:54~a:9688,najah-harris,basketball,Najah,Harris,Najah Harris,Najah Harris,N. Harris,,,,,,,,,,23,2,Forward,F,Forward,,2804,,,2,Inactive,inactive,,,,false
2008,9689,bf3099d5-85aa-02fb-3566-6076a0d81784,s:40~l:54~a:9689,ashley-banks,basketball,Ashley,Banks,Ashley Banks,Ashley Banks,A. Banks,,,,,,,,,,3,2,Forward,F,Forward,,2804,,,2,Inactive,inactive,,,,false
2008,9690,f08adaaf-f8f6-bc02-41a3-fd5c36822045,s:40~l:54~a:9690,brittany-nicholson,basketball,Brittany,Nicholson,Brittany Nicholson,Brittany Nicholson,B. Nicholson,,,,,,,,,,12,2,Forward,F,Forward,,2804,,,2,Inactive,inactive,,,,false
2008,9696,1ca8c29e-8e6e-f088-c438-9e55d493e81a,s:40~l:54~a:9696,maggie-rich,basketball,Maggie,Rich,Maggie Rich,Maggie Rich,M. Rich,,,,,,,,,,,0,Not Available,NA,Not Available,,,,,2,Inactive,inactive,,,,false
2008,9697,897e494d-df57-d51b-3e89-d167b5152732,s:40~l:54~a:9697,marlena-murphy,basketball,Marlena,Murphy,Marlena Murphy,Marlena Murphy,M. Murphy,,,,,,,,,,,0,Not Available,NA,Not Available,,,,,2,Inactive,inactive,,,,false
2008,9698,03d9e4af-b0d3-2e29-2897-1d266d8bbca1,s:40~l:54~a:9698,jessica-mack,basketball,Jessica,Mack,Jessica Mack,Jessica Mack,J. Mack,,,,,,,,,,,3,Guard,G,Guard,,2097,,,2,Inactive,inactive,,,,false
2008,9699,76c53d33-892b-8620-0e73-1af3d35b66b6,s:40~l:54~a:9699,lauren-arthur,basketball,Lauren,Arthur,Lauren Arthur,Lauren Arthur,L. Arthur,,,,,,,,,,,3,Guard,G,Guard,,2097,,,2,Inactive,inactive,,,,false
2008,9702,083dbad2-9fed-a588-572d-c98b480c1732,s:40~l:54~a:9702,lauren-yesh,basketball,Lauren,Yesh,Lauren Yesh,Lauren Yesh,L. Yesh,,,,,,,,,,,2,Forward,F,Forward,,2097,,,2,Inactive,inactive,,,,false
2008,9707,69a30935-6839-2ac4-2dda-6d45b5fae39f,s:40~l:54~a:9707,keyhana-wakefield,basketball,Keyhana,Wakefield,Keyhana Wakefield,Keyhana Wakefield,K. Wakefield,,,,,,,,,,,3,Guard,G,Guard,,2169,,,2,Inactive,inactive,,,,false
2008,9715,2db9aae1-7fc9-a82a-ab9c-1d07d2a1486b,s:40~l:54~a:9715,megan-shirey,basketball,Megan,Shirey,Megan Shirey,Megan Shirey,M. Shirey,,,,,,,,,,,0,Not Available,NA,Not Available,,,,,2,Inactive,inactive,,,,false
2008,9716,02845311-f772-6633-d29a-cc06c762d0b5,s:40~l:54~a:9716,michelle-stelloh,basketball,Michelle,Stelloh,Michelle Stelloh,Michelle Stelloh,M. Stelloh,,,,,,,,,,,0,Not Available,NA,Not Available,,,,,2,Inactive,inactive,,,,false
2008,9717,cd3d5d99-6057-4195-568a-d2c46bee2519,s:40~l:54~a:9717,tina-ewald,basketball,Tina,Ewald,Tina Ewald,Tina Ewald,T. Ewald,,,,,,,,,,,0,Not Available,NA,Not Available,,,,,2,Inactive,inactive,,,,false
2008,9718,1db543cb-ad18-ef42-33d5-07482ef9e7c3,s:40~l:54~a:9718,marianna-herrera,basketball,Marianna,Herrera,Marianna Herrera,Marianna Herrera,M. Herrera,,,,,,,,,,,0,Not Available,NA,Not Available,,,,,2,Inactive,inactive,,,,false
2008,9719,8c9492fd-d075-5777-e528-2a140c6d3ac0,s:40~l:54~a:9719,jeni-caldwell,basketball,Jeni,Caldwell,Jeni Caldwell,Jeni Caldwell,J. Caldwell,,,,,,,,,,,0,Not Available,NA,Not Available,,,,,2,Inactive,inactive,,,,false
2008,9730,fa449dc4-39f9-f7f6-5790-f41116fb528b,s:40~l:54~a:9730,fanny-tirtiaux,basketball,Fanny,Tirtiaux,Fanny Tirtiaux,Fanny Tirtiaux,F. Tirtiaux,,,,,,,,,,,0,Not Available,NA,Not Available,,,,,2,Inactive,inactive,,,,false
2008,9731,c835b766-15d4-58b5-2a29-1a8257da5b63,s:40~l:54~a:9731,shannon-oberg,basketball,Shannon,Oberg,Shannon Oberg,Shannon Oberg,S. Oberg,,,,,,,,,,,2,Forward,F,Forward,,2439,,,2,Inactive,inactive,,,,false
2008,9738,cf5ee3cc-3338-91f8-740a-4c08ea7ae2ea,s:40~l:54~a:9738,mary-has,basketball,Mary,Has,Mary Has,Mary Has,M. Has,,,,,,,,,,,3,Guard,G,Guard,,300,,,2,Inactive,inactive,,,,false
2008,9741,15df7ef0-96de-3143-2ec8-cf2b43591c7c,s:40~l:54~a:9741,allison-daly,basketball,Allison,Daly,Allison Daly,Allison Daly,A. Daly,,,,,,,,,,,3,Guard,G,Guard,,2598,,,2,Inactive,inactive,,,,false
2008,9742,caa1d0c5-4902-4584-ad5a-2a835b892261,s:40~l:54~a:9742,michelle-kirk,basketball,Michelle,Kirk,Michelle Kirk,Michelle Kirk,M. Kirk,,,,,,,,,,,2,Forward,F,Forward,,44,,,2,Inactive,inactive,,,,false
2008,9745,4048781d-786f-7a9e-3ffd-ff4fe208383d,s:40~l:54~a:9745,whitney-brown,basketball,Whitney,Brown,Whitney Brown,Whitney Brown,W. Brown,,,,,,,,,,,2,Forward,F,Forward,,2755,,,2,Inactive,inactive,,,,false
2008,9746,5ddc3f47-f27b-8206-63d3-15251bfcf212,s:40~l:54~a:9746,gabrielle-fleming,basketball,Gabrielle,Fleming,Gabrielle Fleming,Gabrielle Fleming,G. Fleming,,,,,,,,,,,2,Forward,F,Forward,,2755,,,2,Inactive,inactive,,,,false
2008,9747,9e7611d9-d859-abc1-ae6e-7893a33740a3,s:40~l:54~a:9747,dominique-reynolds,basketball,Dominique,Reynolds,Dominique Reynolds,Dominique Reynolds,D. Reynolds,,,,,,,,,,,1,Center,C,Center,,2755,,,2,Inactive,inactive,,,,false
2008,9748,0ef5aba6-de4e-e3db-c392-63a9fcf78ef5,s:40~l:54~a:9748,keva-wilson,basketball,Keva,Wilson,Keva Wilson,Keva Wilson,K. Wilson,,,,,,,,,,,0,Not Available,NA,Not Available,,,,,2,Inactive,inactive,,,,false
2008,9749,a8e281e0-aac8-ed93-ebf9-0cea0c8e40a9,s:40~l:54~a:9749,kourtney-sherman,basketball,Kourtney,Sherman,Kourtney Sherman,Kourtney Sherman,K. Sherman,,,,,,,,,,,3,Guard,G,Guard,,2755,,,2,Inactive,inactive,,,,false
2008,9759,735c3bba-4a15-5042-d9da-63604660e2bd,s:40~l:54~a:9759,ariene-jenkins,basketball,Ariene,Jenkins,Ariene Jenkins,Ariene Jenkins,A. Jenkins,,,,,,,,,,,2,Forward,F,Forward,,48,,,2,Inactive,inactive,,,,false
2008,9797,82561cd7-f02a-1bde-c98d-21d0a1bc102e,s:40~l:54~a:9797,georgia-gier,basketball,Georgia,Gier,Georgia Gier,Georgia Gier,G. Gier,,,,,,,,,,,2,Forward,F,Forward,,2142,,,2,Inactive,inactive,,,,false
2008,9798,0f2e9967-334a-404e-8fd4-1c65b61f9433,s:40~l:54~a:9798,evan-librizzi,basketball,Evan,Librizzi,Evan Librizzi,Evan Librizzi,E. Librizzi,,,,,,,,,,,2,Forward,F,Forward,,2142,,,2,Inactive,inactive,,,,false
2008,9799,66189f19-d22d-0663-a938-77612083c542,s:40~l:54~a:9799,sami-kozlowski,basketball,Sami,Kozlowski,Sami Kozlowski,Sami Kozlowski,S. Kozlowski,,,,,,,,,,,3,Guard,G,Guard,,2142,,,2,Inactive,inactive,,,,false
2008,9804,655c1835-6892-0f39-c94c-baedaed06bec,s:40~l:54~a:9804,joyce-novacek,basketball,Joyce,Novacek,Joyce Novacek,Joyce Novacek,J. Novacek,,,,,,,,,,,2,Forward,F,Forward,,2083,,,2,Inactive,inactive,,,,false
2008,9811,a1e7d8b9-fb0a-3e5a-dcd1-677680cbe06d,s:40~l:54~a:9811,kaela-pearce,basketball,Kaela,Pearce,Kaela Pearce,Kaela Pearce,K. Pearce,,,,,,,,,,,0,Not Available,NA,Not Available,,,,,2,Inactive,inactive,,,,false
2008,9812,be41e6c0-e824-b590-93b1-f9fe82237f2d,s:40~l:54~a:9812,tricia-smith,basketball,Tricia,Smith,Tricia Smith,Tricia Smith,T. Smith,,,,,,,,,,,3,Guard,G,Guard,,2329,,,2,Inactive,inactive,,,,false
2008,9813,e2ad30c8-a45a-fa08-f940-85db398be0eb,s:40~l:54~a:9813,melissa-rich,basketball,Melissa,Rich,Melissa Rich,Melissa Rich,M. Rich,,,,,,,,,,,1,Center,C,Center,,2329,,,2,Inactive,inactive,,,,false
2008,9814,f87c5579-6ae3-db84-1a9b-3c0005bf55a4,s:40~l:54~a:9814,haly-crites,basketball,Haly,Crites,Haly Crites,Haly Crites,H. Crites,,,,,,,,,,,2,Forward,F,Forward,,2329,,,2,Inactive,inactive,,,,false
2008,9815,b1b14e73-338b-b645-18c0-7228d8133ad1,s:40~l:54~a:9815,erica-prosser,basketball,Erica,Prosser,Erica Prosser,Erica Prosser,E. Prosser,,,,,,,,,,,3,Guard,G,Guard,,2329,,,2,Inactive,inactive,,,,false
2008,9820,5c307761-17db-30c2-80bc-f9f81d075857,s:40~l:54~a:9820,kelly-krumwiede,basketball,Kelly,Krumwiede,Kelly Krumwiede,Kelly Krumwiede,K. Krumwiede,,,,,,,,,,,2,Forward,F,Forward,,71,,,2,Inactive,inactive,,,,false
2008,9821,dbbd0ad6-d976-473e-af5b-6635ee5edece,s:40~l:54~a:9821,jenny-van-kirk,basketball,Jenny,Kirk,Jenny Van Kirk,Jenny Van Kirk,J. Kirk,,,,,,,,,,,0,Not Available,NA,Not Available,,71,,,2,Inactive,inactive,,,,false
2008,9822,15ef688c-d3d3-66d1-9995-882ef7d21fa1,s:40~l:54~a:9822,rachel-merriman,basketball,Rachel,Merriman,Rachel Merriman,Rachel Merriman,R. Merriman,,,,,,,,,,,0,Not Available,NA,Not Available,,,,,2,Inactive,inactive,,,,false
2008,9823,8cdcf6bd-7c4a-3251-12c8-c5da3a6bc853,s:40~l:54~a:9823,skye-johnson,basketball,Skye,Johnson,Skye Johnson,Skye Johnson,S. Johnson,,,,,,,,,,,3,Guard,G,Guard,,71,,,2,Inactive,inactive,,,,false
2008,9824,a5872995-4e1d-3b3e-2030-befdaed81ce5,s:40~l:54~a:9824,devyn-flanagan,basketball,Devyn,Flanagan,Devyn Flanagan,Devyn Flanagan,D. Flanagan,,,,,,,,,,,0,Not Available,NA,Not Available,,,,,2,Inactive,inactive,,,,false
2008,9834,6c5c51fa-c777-3de2-215e-9b2f51bdea97,s:40~l:54~a:9834,latoya-bullard,basketball,LaToya,Bullard,LaToya Bullard,LaToya Bullard,L. Bullard,,,,,,,,,,,3,Guard,G,Guard,,235,,,2,Inactive,inactive,,,,false
2008,9835,fc92972b-93f1-fa04-3be2-0e3154ab32ee,s:40~l:54~a:9835,jessica-hall,basketball,Jessica,Hall,Jessica Hall,Jessica Hall,J. Hall,,,,,,,,,,,0,Not Available,NA,Not Available,,,,,2,Inactive,inactive,,,,false
2008,9844,3266c4b2-5d6a-2134-7fbb-64d355bf62e0,s:40~l:54~a:9844,caitlin-flood,basketball,Caitlin,Flood,Caitlin Flood,Caitlin Flood,C. Flood,,,,,,,,,,,0,Not Available,NA,Not Available,,,,,2,Inactive,inactive,,,,false
2008,9845,ca2d695b-0ab1-2c1a-c25a-b7c628ec6993,s:40~l:54~a:9845,aubrie-dellinger,basketball,Aubrie,Dellinger,Aubrie Dellinger,Aubrie Dellinger,A. Dellinger,,,,,,,,,,,0,Not Available,NA,Not Available,,,,,2,Inactive,inactive,,,,false
2008,9846,3a9806ed-e575-b322-4aa6-b5b3cba4d942,s:40~l:54~a:9846,abby-wentworth,basketball,Abby,Wentworth,Abby Wentworth,Abby Wentworth,A. Wentworth,,,,,,,,,,,3,Guard,G,Guard,,2363,,,2,Inactive,inactive,,,,false
2008,9847,70d97739-1e10-4d4c-66ac-2c2ca7f1dd09,s:40~l:54~a:9847,joann-nwafili,basketball,Joann,Nwafili,Joann Nwafili,Joann Nwafili,J. Nwafili,,,,,,,,,,,0,Not Available,NA,Not Available,,,,,2,Inactive,inactive,,,,false
2008,9848,ea814b96-c037-0643-215c-e86a274a3bf0,s:40~l:54~a:9848,gabrielle-cottrell,basketball,Gabrielle,Cottrell,Gabrielle Cottrell,Gabrielle Cottrell,G. Cottrell,,,,,,,,,,,0,Not Available,NA,Not Available,,,,,2,Inactive,inactive,,,,false
2008,9857,cc4e0778-2268-b7dd-950f-31c19f97c09d,s:40~l:54~a:9857,ali-currier,basketball,Ali,Currier,Ali Currier,Ali Currier,A. Currier,,,,,,,,,,,0,Not Available,NA,Not Available,,,,,2,Inactive,inactive,,,,false
2008,9868,ecd166cd-a2b2-0d8e-d6ee-1bf44d1b7f5e,s:40~l:54~a:9868,candace-williams,basketball,Candace,Williams,Candace Williams,Candace Williams,C. Williams,,,,,,,,,,,2,Forward,F,Forward,,160,,,2,Inactive,inactive,,,,false
2008,9869,9fbc6ebc-a265-8558-c6d7-7289b792475e,s:40~l:54~a:9869,denise-beliveau,basketball,Denise,Beliveau,Denise Beliveau,Denise Beliveau,D. Beliveau,,,,,,,,,,,2,Forward,F,Forward,,160,,,2,Inactive,inactive,,,,false
2008,9870,666e5dff-7f2d-a0b3-47b8-a67a3685bc87,s:40~l:54~a:9870,ashley-cerniglia,basketball,Ashley,Cerniglia,Ashley Cerniglia,Ashley Cerniglia,A. Cerniglia,,,,,,,,,,,0,Not Available,NA,Not Available,,,,,2,Inactive,inactive,,,,false
2008,9871,bb2c1a51-9e49-38e1-0c8c-444b67989f71,s:40~l:54~a:9871,amy-simpson,basketball,Amy,Simpson,Amy Simpson,Amy Simpson,A. Simpson,,,,,,,,,,,3,Guard,G,Guard,,160,,,2,Inactive,inactive,,,,false
2008,9872,e96ee250-81e8-ec52-ee2b-669e08f96826,s:40~l:54~a:9872,jacinda-williams,basketball,Jacinda,Williams,Jacinda Williams,Jacinda Williams,J. Williams,,,,,,,,,,,0,Not Available,NA,Not Available,,,,,2,Inactive,inactive,,,,false
2008,9875,c314c27d-3953-3e31-0d40-04a3f652b4e9,s:40~l:54~a:9875,danielle-flowers,basketball,Danielle,Flowers,Danielle Flowers,Danielle Flowers,D. Flowers,,,,,,,,,,,0,Not Available,NA,Not Available,,,,,2,Inactive,inactive,,,,false
2008,9876,f851a6d3-4357-291a-fd15-ad0129109876,s:40~l:54~a:9876,racheal-fowler,basketball,Racheal,Fowler,Racheal Fowler,Racheal Fowler,R. Fowler,,,,,,,,,,,1,Center,C,Center,,160,,,2,Inactive,inactive,,,,false
2008,9877,e7b808a7-1051-fb94-b818-747ae02113d0,s:40~l:54~a:9877,ashley-richardson,basketball,Ashley,Richardson,Ashley Richardson,Ashley Richardson,A. Richardson,,,,,,,,,,,0,Not Available,NA,Not Available,,,,,2,Inactive,inactive,,,,false
2008,9895,a5b20aa4-adc8-ea2d-f2a2-2785cc04089a,s:40~l:54~a:9895,donnisha-tate,basketball,Donnisha,Tate,Donnisha Tate,Donnisha Tate,D. Tate,,,,,,,,,,,2,Forward,F,Forward,,344,,,2,Inactive,inactive,,,,false
2008,9902,b97a1c93-a8fa-1260-9f0f-49e9278a8247,s:40~l:54~a:9902,karen-dawkins,basketball,Karen,Dawkins,Karen Dawkins,Karen Dawkins,K. Dawkins,,,,,,,,,,,2,Forward,F,Forward,,279,,,2,Inactive,inactive,,,,false
2008,9906,adc7af8d-e7a0-d3fc-af22-ed254f0957f4,s:40~l:54~a:9906,rachel-stratton,basketball,Rachel,Stratton,Rachel Stratton,Rachel Stratton,R. Stratton,,,,,,,,,,,0,Not Available,NA,Not Available,,,,,2,Inactive,inactive,,,,false
2008,9907,02803377-fffb-d95d-2e62-7abc592324fc,s:40~l:54~a:9907,brenna-bankston,basketball,Brenna,Bankston,Brenna Bankston,Brenna Bankston,B. Bankston,,,,,,,,,,,0,Not Available,NA,Not Available,,,,,2,Inactive,inactive,,,,false
2008,9909,64e79da0-4d23-53f7-e425-079661df14dd,s:40~l:54~a:9909,laura-grimm,basketball,Laura,Grimm,Laura Grimm,Laura Grimm,L. Grimm,,,,,,,,,,,0,Not Available,NA,Not Available,,,,,2,Inactive,inactive,,,,false
2008,9915,66dd2288-11c5-d0c5-214e-eaaf99fb20c1,s:40~l:54~a:9915,ashlee-keown,basketball,Ashlee,Keown,Ashlee Keown,Ashlee Keown,A. Keown,,,,,,,,,,,2,Forward,F,Forward,,119,,,2,Inactive,inactive,,,,false
2008,9935,8deb17eb-260e-f4bd-fb7a-6806e725830d,s:40~l:54~a:9935,britteny-henderson,basketball,Britteny,Henderson,Britteny Henderson,Britteny Henderson,B. Henderson,,,,,,,,,,,2,Forward,F,Forward,,338,,,2,Inactive,inactive,,,,false
2008,9936,f36a7c1e-4b87-0483-da3f-538238401542,s:40~l:54~a:9936,montinique-nixon,basketball,Montinique,Nixon,Montinique Nixon,Montinique Nixon,M. Nixon,,,,,,,,,,,1,Center,C,Center,,338,,,2,Inactive,inactive,,,,false
2008,9937,44939112-40c4-fe02-2452-1971a21be7e1,s:40~l:54~a:9937,jennifer-baker,basketball,Jennifer,Baker,Jennifer Baker,Jennifer Baker,J. Baker,,,,,,,,,,,3,Guard,G,Guard,,338,,,2,Inactive,inactive,,,,false
2008,9938,1bf5400d-870f-808b-f112-4637c746827a,s:40~l:54~a:9938,ashley-johnson,basketball,Ashley,Johnson,Ashley Johnson,Ashley Johnson,A. Johnson,,,,,,,,,,,3,Guard,G,Guard,,338,,,2,Inactive,inactive,,,,false
2008,9939,18b275aa-5bbb-d7d7-ea76-5cbcb6c5fb79,s:40~l:54~a:9939,greteya-kelley,basketball,Greteya,Kelley,Greteya Kelley,Greteya Kelley,G. Kelley,,,,,,,,,,,3,Guard,G,Guard,,338,,,2,Inactive,inactive,,,,false
2008,9940,c44efc44-54ed-3973-1433-66804a9f97e1,s:40~l:54~a:9940,margaret-roundtree,basketball,Margaret,Roundtree,Margaret Roundtree,Margaret Roundtree,M. Roundtree,,,,,,,,,,,2,Forward,F,Forward,,2241,,,2,Inactive,inactive,,,,false
2008,9941,f0ec53e5-defd-bd2b-aaa7-e97aeb218637,s:40~l:54~a:9941,meranda-burnett,basketball,Meranda,Burnett,Meranda Burnett,Meranda Burnett,M. Burnett,,,,,,,,,,,3,Guard,G,Guard,,2241,,,2,Inactive,inactive,,,,false
2008,9942,d74eb154-1b2f-be53-540c-8d06834af8bf,s:40~l:54~a:9942,jenny-sprouse,basketball,Jenny,Sprouse,Jenny Sprouse,Jenny Sprouse,J. Sprouse,,,,,,,,,,,0,Not Available,NA,Not Available,,,,,2,Inactive,inactive,,,,false
2008,9943,956ec7ec-f7ce-cb08-18ff-bb403e624aeb,s:40~l:54~a:9943,kimberly-pitman,basketball,Kimberly,Pitman,Kimberly Pitman,Kimberly Pitman,K. Pitman,,,,,,,,,,,1,Center,C,Center,,2908,,,2,Inactive,inactive,,,,false
2008,9944,98eba045-5de0-7016-59bd-a8ce35c610fe,s:40~l:54~a:9944,monique-hudson,basketball,Monique,Hudson,Monique Hudson,Monique Hudson,M. Hudson,,,,,,,,,,,3,Guard,G,Guard,,2241,,,2,Inactive,inactive,,,,false
2008,9945,69b59496-9d5f-c101-591e-7d182273875b,s:40~l:54~a:9945,nikki-gurley,basketball,Nikki,Gurley,Nikki Gurley,Nikki Gurley,N. Gurley,,,,,,,,,,,0,Not Available,NA,Not Available,,,,,2,Inactive,inactive,,,,false
2008,9947,e7337a4f-c312-2e3c-cd10-174f8b6180c9,s:40~l:54~a:9947,latoya-carter,basketball,LaToya,Carter,LaToya Carter,LaToya Carter,L. Carter,,,,,,,,,,,0,Not Available,NA,Not Available,,,,,2,Inactive,inactive,,,,false
2008,9951,4d0e8b7b-fb55-b04d-5c77-6e4df091b91b,s:40~l:54~a:9951,ngoneh-gaye,basketball,Ngoneh,Gaye,Ngoneh Gaye,Ngoneh Gaye,N. Gaye,,,,,,,,,,,0,Not Available,NA,Not Available,,,,,2,Inactive,inactive,,,,false
2008,9958,848e542c-a687-d02b-6d89-cd7915add060,s:40~l:54~a:9958,vicky-blanchard,basketball,Vicky,Blanchard,Vicky Blanchard,Vicky Blanchard,V. Blanchard,,,,,,,,,,,0,Not Available,NA,Not Available,,,,,2,Inactive,inactive,,,,false
2008,9959,89a6d000-89e3-5789-49a0-e06f190f4d7f,s:40~l:54~a:9959,katja-bavendam,basketball,Katja,Bavendam,Katja Bavendam,Katja Bavendam,K. Bavendam,,,,,,,,,,,0,Not Available,NA,Not Available,,,,,2,Inactive,inactive,,,,false
2008,9960,3f7bad7d-c9eb-1a37-f2e4-0d951c74420c,s:40~l:54~a:9960,christina-mosher,basketball,Christina,Mosher,Christina Mosher,Christina Mosher,C. Mosher,,,,,,,,,,,0,Not Available,NA,Not Available,,,,,2,Inactive,inactive,,,,false
2008,9963,038d0ae2-e31e-2458-ddc8-7112e5e939df,s:40~l:54~a:9963,katherine-dehenzel,basketball,Katherine,DeHenzel,Katherine DeHenzel,Katherine DeHenzel,K. DeHenzel,,,,,,,,,,,3,Guard,G,Guard,,2729,,,2,Inactive,inactive,,,,false
2008,9967,1c63402a-51d6-6891-c058-398aef435b40,s:40~l:54~a:9967,andrea-taylor,basketball,Andrea,Taylor,Andrea Taylor,Andrea Taylor,A. Taylor,,,,,,,,,,,3,Guard,G,Guard,,2226,,,2,Inactive,inactive,,,,false
2008,9974,0449d55b-0600-b676-a39c-baf2d857a993,s:40~l:54~a:9974,jenell-moore,basketball,Jenell,Moore,Jenell Moore,Jenell Moore,J. Moore,,,,,,,,,,,0,Not Available,NA,Not Available,,,,,2,Inactive,inactive,,,,false
2008,9975,1129c541-4eee-64cd-2fdf-08524f65c8a8,s:40~l:54~a:9975,patience-figgins,basketball,Patience,Figgins,Patience Figgins,Patience Figgins,P. Figgins,,,,,,,,,,,0,Not Available,NA,Not Available,,,,,2,Inactive,inactive,,,,false
2008,9976,97ffec20-f571-d7ec-b6b6-b629e3b881a4,s:40~l:54~a:9976,sophillia-hipps,basketball,Sophillia,Hipps,Sophillia Hipps,Sophillia Hipps,S. Hipps,,,,,,,,,,,0,Not Available,NA,Not Available,,2569,,,2,Inactive,inactive,,,,false
2008,9977,8d846931-5355-35f0-d771-e612fe204d10,s:40~l:54~a:9977,brittany-baity,basketball,Brittany,Baity,Brittany Baity,Brittany Baity,B. Baity,,,,,,,,,,,0,Not Available,NA,Not Available,,,,,2,Inactive,inactive,,,,false
2008,9980,aa4e21b9-c773-7239-32f7-24714ce6ecbe,s:40~l:54~a:9980,rasheeda-jones,basketball,Rasheeda,Jones,Rasheeda Jones,Rasheeda Jones,R. Jones,,,,,,,,,,,0,Not Available,NA,Not Available,,,,,2,Inactive,inactive,,,,false
2008,9981,a44092f0-f9de-3c77-8df8-d809722337e3,s:40~l:54~a:9981,areya-walker,basketball,Areya,Walker,Areya Walker,Areya Walker,A. Walker,,,,,,,,,,,0,Not Available,NA,Not Available,,,,,2,Inactive,inactive,,,,false
2008,9982,77534252-f508-548c-d100-989620454a23,s:40~l:54~a:9982,tiffany-gadsden,basketball,Tiffany,Gadsden,Tiffany Gadsden,Tiffany Gadsden,T. Gadsden,,,,,,,,,,,0,Not Available,NA,Not Available,,,,,2,Inactive,inactive,,,,false
2008,9983,8839fe07-10b8-1ab0-023d-48a77ebaa4b7,s:40~l:54~a:9983,genor-dalton,basketball,Genor,Dalton,Genor Dalton,Genor Dalton,G. Dalton,,,,,,,,,,,3,Guard,G,Guard,,2450,,,2,Inactive,inactive,,,,false
2008,9984,358253e9-4ff5-c50d-63dd-06b837bd3275,s:40~l:54~a:9984,monique-redhead,basketball,Mo'Nique,Redhead,Mo'Nique Redhead,Mo'Nique Redhead,M. Redhead,,,,,,,,,,,0,Not Available,NA,Not Available,,,,,2,Inactive,inactive,,,,false
2008,9985,72ec4cf3-46a3-4c4b-769e-5814dd7713c6,s:40~l:54~a:9985,natasha-huntley,basketball,Natasha,Huntley,Natasha Huntley,Natasha Huntley,N. Huntley,,,,,,,,,,,3,Guard,G,Guard,,2450,,,2,Inactive,inactive,,,,false
2008,9987,09f57e29-3c55-1644-632b-98934dca60f7,s:40~l:54~a:9987,raychele-payne,basketball,Raychele,Payne,Raychele Payne,Raychele Payne,R. Payne,,,,,,,,,,,3,Guard,G,Guard,,2450,,,2,Inactive,inactive,,,,false
2008,9988,d948bf41-51d7-ec2a-e153-db0d29e6cbb9,s:40~l:54~a:9988,ebony-gibbs,basketball,Ebony,Gibbs,Ebony Gibbs,Ebony Gibbs,E. Gibbs,,,,,,,,,,,3,Guard,G,Guard,,2450,,,2,Inactive,inactive,,,,false
2008,9990,6287dd22-0851-1ce9-c743-87c922347dbf,s:40~l:54~a:9990,danelle-tate,basketball,Danelle,Tate,Danelle Tate,Danelle Tate,D. Tate,,,,,,,,,,,2,Forward,F,Forward,,2450,,,2,Inactive,inactive,,,,false
2008,9993,8877a562-ccc5-bc35-6fca-94d37af2b104,s:40~l:54~a:9993,kamara-scott,basketball,Kamara,Scott,Kamara Scott,Kamara Scott,K. Scott,,,,,,,,,,,0,Not Available,NA,Not Available,,,,,2,Inactive,inactive,,,,false
2008,10003,323b1b4a-a361-6160-40e7-b2353c627453,s:40~l:54~a:10003,canea-williams,basketball,Canea,Williams,Canea Williams,Canea Williams,C. Williams,,,,,,,,,,,0,Not Available,NA,Not Available,2199,,,,2,Inactive,inactive,,,,false
2008,10017,a5d8519a-e43b-a352-bbab-dcecdd31f0e9,s:40~l:54~a:10017,raquel-jupiter,basketball,Raquel,Jupiter,Raquel Jupiter,Raquel Jupiter,R. Jupiter,,,,,,,,,,,2,Forward,F,Forward,,2439,,,2,Inactive,inactive,,,,false
2008,10060,8c64b139-ec4e-50a3-569a-2ccf098f7640,s:40~l:54~a:10060,jade-robinson,basketball,Jade,Robinson,Jade Robinson,Jade Robinson,J. Robinson,,,,,,,,,,,0,Not Available,NA,Not Available,,,,,2,Inactive,inactive,,,,false
2008,10092,65ca6c1f-8082-7299-1808-febca8385883,s:40~l:54~a:10092,nikina-hill,basketball,Nikina,Hill,Nikina Hill,Nikina Hill,N. Hill,,,,,,,,,,,0,Not Available,NA,Not Available,,,,,2,Inactive,inactive,,,,false
2008,10093,1f247b68-c28f-3c4a-ae7d-a9ee445720ac,s:40~l:54~a:10093,ashli-barnum,basketball,Ashli,Barnum,Ashli Barnum,Ashli Barnum,A. Barnum,,,,,,,,,,,0,Not Available,NA,Not Available,,,,,2,Inactive,inactive,,,,false
2008,10094,6589c612-4d4f-61ff-1c74-d2403fca29a6,s:40~l:54~a:10094,brooke-shepherd,basketball,Brooke,Shepherd,Brooke Shepherd,Brooke Shepherd,B. Shepherd,,,,,,,,,,,3,Guard,G,Guard,,2466,,,2,Inactive,inactive,,,,false
2008,10095,28f3f50e-8122-98c1-5cae-207acc2ee28a,s:40~l:54~a:10095,jessica-mcphail,basketball,Jessica,McPhail,Jessica McPhail,Jessica McPhail,J. McPhail,,,,,,,,,,,3,Guard,G,Guard,,2466,,,2,Inactive,inactive,,,,false
2008,10096,a89614bc-92c7-4847-8804-e3e8ebdf5e21,s:40~l:54~a:10096,tweet-williams,basketball,Tweet,Williams,Tweet Williams,Tweet Williams,T. Williams,,,,,,,,,,,3,Guard,G,Guard,,2466,,,2,Inactive,inactive,,,,false
2008,10116,9975079a-86d8-dc31-091a-922c4ec7fa5b,s:40~l:54~a:10116,jessica-berry,basketball,Jessica,Berry,Jessica Berry,Jessica Berry,J. Berry,,,,,,,,,,,3,Guard,G,Guard,,163,,,2,Inactive,inactive,,,,false
2008,10119,a379a000-2db2-6f26-6596-e20e73b87a1a,s:40~l:54~a:10119,jessica-mcglothlen,basketball,Jessica,Mcglothlen,Jessica Mcglothlen,Jessica Mcglothlen,J. Mcglothlen,,,,,,,,,,,0,Not Available,NA,Not Available,,,,,2,Inactive,inactive,,,,false
2008,10121,377123cf-2e15-2475-0248-c9f0bdae58f7,s:40~l:54~a:10121,ashli-jackson,basketball,Ashli,Jackson,Ashli Jackson,Ashli Jackson,A. Jackson,,,,,,,,,,,2,Forward,F,Forward,,56,,,2,Inactive,inactive,,,,false
2008,10132,6f10b340-7910-d9f7-791f-83f60ee8d851,s:40~l:54~a:10132,evette-young,basketball,Evette,Young,Evette Young,Evette Young,E. Young,,,,,,,,,,,3,Guard,G,Guard,,50,,,2,Inactive,inactive,,,,false
2008,10135,4cce3e17-a76a-9c35-5846-73f7307e59ec,s:40~l:54~a:10135,katie-martin,basketball,Katie,Martin,Katie Martin,Katie Martin,K. Martin,,,,,,,,,,,0,Not Available,NA,Not Available,,,,,2,Inactive,inactive,,,,false
2008,10166,4a406949-4a0f-de56-51a3-c2799e57e04a,s:40~l:54~a:10166,tiona-wilson,basketball,Tiona,Wilson,Tiona Wilson,Tiona Wilson,T. Wilson,,,,,,,,,,,0,Not Available,NA,Not Available,,,,,2,Inactive,inactive,,,,false
2008,10168,37b6350b-3db4-f7c5-7719-9b6f41456a04,s:40~l:54~a:10168,taylor-schneider,basketball,Taylor,Schneider,Taylor Schneider,Taylor Schneider,T. Schneider,,,,,,,,,,,2,Forward,F,Forward,,292,,,2,Inactive,inactive,,,,false
2008,10180,cbcd8520-6692-32bd-af64-47e9f13db9fa,s:40~l:54~a:10180,euneshia-proctor,basketball,Euneshia,Proctor,Euneshia Proctor,Euneshia Proctor,E. Proctor,,,,,,,,,,,3,Guard,G,Guard,,2065,,,2,Inactive,inactive,,,,false
2008,10196,4e43a43b-ebae-c4c2-e130-a395e73ea258,s:40~l:54~a:10196,stephanie-wisniewski,basketball,Stephanie,Wisniewski,Stephanie Wisniewski,Stephanie Wisniewski,S. Wisniewski,,,,,,,,,,,2,Forward,F,Forward,,2520,,,2,Inactive,inactive,,,,false
2008,10204,f99436e6-af69-8222-79ce-a3ebc43423ec,s:40~l:54~a:10204,anne-farrell,basketball,Anne,Farrell,Anne Farrell,Anne Farrell,A. Farrell,,,,,,,,,,,1,Center,C,Center,,2113,,,2,Inactive,inactive,,,,false
2008,10205,2f1cabf2-d320-0328-9e64-5b441ef49280,s:40~l:54~a:10205,ashley-jackson,basketball,Ashley,Jackson,Ashley Jackson,Ashley Jackson,A. Jackson,,,,,,,,,,,2,Forward,F,Forward,,2113,,,2,Inactive,inactive,,,,false
2008,10206,1023a884-38f5-e1f7-07eb-eb7db41c48fd,s:40~l:54~a:10206,leslie-forest,basketball,Leslie,Forest,Leslie Forest,Leslie Forest,L. Forest,,,,,,,,,,,1,Center,C,Center,,2113,,,2,Inactive,inactive,,,,false
2008,10207,9d5a33d8-45d7-f8da-492b-0e35c842dad5,s:40~l:54~a:10207,karolina-zaloga,basketball,Karolina,Zaloga,Karolina Zaloga,Karolina Zaloga,K. Zaloga,,,,,,,,,,,3,Guard,G,Guard,,2113,,,2,Inactive,inactive,,,,false
2008,10208,9e17b724-69c0-927e-006a-22696973557e,s:40~l:54~a:10208,bethany-joseph,basketball,Bethany,Joseph,Bethany Joseph,Bethany Joseph,B. Joseph,,,,,,,,,,,3,Guard,G,Guard,,2113,,,2,Inactive,inactive,,,,false
2008,10214,0683f135-3e23-66d7-c260-9219dd78d15b,s:40~l:54~a:10214,jessica-cox,basketball,Jessica,Cox,Jessica Cox,Jessica Cox,J. Cox,,,,,,,,,,,0,Not Available,NA,Not Available,,,,,2,Inactive,inactive,,,,false
2008,2171739,57bf49b7-1ec4-64e2-0d1f-e6ec941d61aa,s:40~l:54~a:2171739,leilani-mitchell,basketball,Leilani,Mitchell,Leilani Mitchell,Leilani Mitchell,L. Mitchell,65.0,"5' 5""",138.0,138 lbs,36,1985-06-15T07:00Z,Richland,WA,USA,,3,Guard,G,Guard,254,254,,,2,Inactive,inactive,2008,2,25,false
