game_id,season,season_type,game_date,game_date_time,athlete_id,athlete_display_name,team_id,team_name,team_location,team_short_display_name,minutes,field_goals_made,field_goals_attempted,three_point_field_goals_made,three_point_field_goals_attempted,free_throws_made,free_throws_attempted,offensive_rebounds,defensive_rebounds,rebounds,assists,steals,blocks,turnovers,fouls,points,starter,ejected,did_not_play,active,athlete_jersey,athlete_short_name,athlete_headshot_href,athlete_position_name,athlete_position_abbreviation,team_display_name,team_uid,team_slug,team_logo,team_abbreviation,team_color,team_alternate_color,home_away,team_winner,team_score,opponent_team_id,opponent_team_name,opponent_team_location,opponent_team_display_name,opponent_team_abbreviation,opponent_team_logo,opponent_team_color,opponent_team_alternate_color,opponent_team_score
244000063,2004,3,2004-04-06,2004-04-06T20:30:00.000000-0400,316,Jessica Moore,41,Huskies,UConn,UConn,,6,9,0,0,2,2,5,4,9,0,0,0,0,3,14,true,false,false,true,,J. Moore,,Not Available,NA,UConn Huskies,s:40~l:54~t:41,uconn-huskies,https://a.espncdn.com/i/teamlogos/ncaa/500/41.png,CONN,0c2340,f1f2f3,away,true,70,2633,Lady Volunteers,Tennessee,Tennessee Lady Volunteers,TENN,https://a.espncdn.com/i/teamlogos/ncaa/500/2633_ncw.png,ff8200,ffffff,61
244000063,2004,3,2004-04-06,2004-04-06T20:30:00.000000-0400,2409,Barbara Turner,41,Huskies,UConn,UConn,,4,12,1,2,3,6,1,8,9,0,0,0,0,2,12,true,false,false,true,,B. Turner,,Not Available,NA,UConn Huskies,s:40~l:54~t:41,uconn-huskies,https://a.espncdn.com/i/teamlogos/ncaa/500/41.png,CONN,0c2340,f1f2f3,away,true,70,2633,Lady Volunteers,Tennessee,Tennessee Lady Volunteers,TENN,https://a.espncdn.com/i/teamlogos/ncaa/500/2633_ncw.png,ff8200,ffffff,61
244000063,2004,3,2004-04-06,2004-04-06T20:30:00.000000-0400,2637,Ann Strother,41,Huskies,UConn,UConn,,5,8,1,2,3,3,0,2,2,0,0,0,0,2,14,true,false,false,true,,A. Strother,,Not Available,NA,UConn Huskies,s:40~l:54~t:41,uconn-huskies,https://a.espncdn.com/i/teamlogos/ncaa/500/41.png,CONN,0c2340,f1f2f3,away,true,70,2633,Lady Volunteers,Tennessee,Tennessee Lady Volunteers,TENN,https://a.espncdn.com/i/teamlogos/ncaa/500/2633_ncw.png,ff8200,ffffff,61
244000063,2004,3,2004-04-06,2004-04-06T20:30:00.000000-0400,317,Diana Taurasi,41,Huskies,UConn,UConn,,6,11,3,7,2,4,0,3,3,0,0,0,0,2,17,true,false,false,true,,D. Taurasi,,Not Available,NA,UConn Huskies,s:40~l:54~t:41,uconn-huskies,https://a.espncdn.com/i/teamlogos/ncaa/500/41.png,CONN,0c2340,f1f2f3,away,true,70,2633,Lady Volunteers,Tennessee,Tennessee Lady Volunteers,TENN,https://a.espncdn.com/i/teamlogos/ncaa/500/2633_ncw.png,ff8200,ffffff,61
244000063,2004,3,2004-04-06,2004-04-06T20:30:00.000000-0400,313,Maria Conlon,41,Huskies,UConn,UConn,,1,4,1,2,4,4,0,2,2,0,0,0,0,0,7,true,false,false,true,,M. Conlon,,Not Available,NA,UConn Huskies,s:40~l:54~t:41,uconn-huskies,https://a.espncdn.com/i/teamlogos/ncaa/500/41.png,CONN,0c2340,f1f2f3,away,true,70,2633,Lady Volunteers,Tennessee,Tennessee Lady Volunteers,TENN,https://a.espncdn.com/i/teamlogos/ncaa/500/2633_ncw.png,ff8200,ffffff,61
244000063,2004,3,2004-04-06,2004-04-06T20:30:00.000000-0400,2008,Ashley Robinson,2633,Lady Volunteers,Tennessee,Tennessee,,6,10,0,0,1,4,4,3,7,0,0,0,0,1,13,true,false,false,true,,A. Robinson,,Not Available,NA,Tennessee Lady Volunteers,s:40~l:54~t:2633,tennessee-lady-volunteers,https://a.espncdn.com/i/teamlogos/ncaa/500/2633_ncw.png,TENN,ff8200,ffffff,home,false,61,41,Huskies,UConn,UConn Huskies,CONN,https://a.espncdn.com/i/teamlogos/ncaa/500/41.png,0c2340,f1f2f3,70
244000063,2004,3,2004-04-06,2004-04-06T20:30:00.000000-0400,2005,Shyra Ely,2633,Lady Volunteers,Tennessee,Tennessee,,4,10,0,0,2,4,2,5,7,0,0,0,0,2,10,true,false,false,true,,S. Ely,,Not Available,NA,Tennessee Lady Volunteers,s:40~l:54~t:2633,tennessee-lady-volunteers,https://a.espncdn.com/i/teamlogos/ncaa/500/2633_ncw.png,TENN,ff8200,ffffff,home,false,61,41,Huskies,UConn,UConn Huskies,CONN,https://a.espncdn.com/i/teamlogos/ncaa/500/41.png,0c2340,f1f2f3,70
244000063,2004,3,2004-04-06,2004-04-06T20:30:00.000000-0400,2004,LaToya Davis,2633,Lady Volunteers,Tennessee,Tennessee,,3,8,0,0,0,0,1,0,1,0,0,0,0,5,6,true,false,false,true,,L. Davis,,Not Available,NA,Tennessee Lady Volunteers,s:40~l:54~t:2633,tennessee-lady-volunteers,https://a.espncdn.com/i/teamlogos/ncaa/500/2633_ncw.png,TENN,ff8200,ffffff,home,false,61,41,Huskies,UConn,UConn Huskies,CONN,https://a.espncdn.com/i/teamlogos/ncaa/500/41.png,0c2340,f1f2f3,70
244000063,2004,3,2004-04-06,2004-04-06T20:30:00.000000-0400,2633,Shanna Zolman,2633,Lady Volunteers,Tennessee,Tennessee,,6,11,3,6,4,4,1,7,8,0,0,0,0,2,19,true,false,false,true,,S. Zolman,,Not Available,NA,Tennessee Lady Volunteers,s:40~l:54~t:2633,tennessee-lady-volunteers,https://a.espncdn.com/i/teamlogos/ncaa/500/2633_ncw.png,TENN,ff8200,ffffff,home,false,61,41,Huskies,UConn,UConn Huskies,CONN,https://a.espncdn.com/i/teamlogos/ncaa/500/41.png,0c2340,f1f2f3,70
244000063,2004,3,2004-04-06,2004-04-06T20:30:00.000000-0400,2002,Tasha Butts,2633,Lady Volunteers,Tennessee,Tennessee,,1,11,0,6,6,6,2,4,6,0,0,0,0,2,8,true,false,false,true,,T. Butts,,Not Available,NA,Tennessee Lady Volunteers,s:40~l:54~t:2633,tennessee-lady-volunteers,https://a.espncdn.com/i/teamlogos/ncaa/500/2633_ncw.png,TENN,ff8200,ffffff,home,false,61,41,Huskies,UConn,UConn Huskies,CONN,https://a.espncdn.com/i/teamlogos/ncaa/500/41.png,0c2340,f1f2f3,70
244000062,2004,3,2004-04-04,2004-04-04T19:00:00.000000-0400,3714,Hanna Biernacka,99,Tigers,LSU,LSU,,0,1,0,0,0,0,0,0,0,0,0,0,0,0,0,true,false,false,true,,H. Biernacka,,Not Available,NA,LSU Tigers,s:40~l:54~t:99,lsu-tigers,https://a.espncdn.com/i/teamlogos/ncaa/500/99.png,LSU,461d7c,fdd023,away,false,50,2633,Lady Volunteers,Tennessee,Tennessee Lady Volunteers,TENN,https://a.espncdn.com/i/teamlogos/ncaa/500/2633_ncw.png,ff8200,ffffff,52
244000062,2004,3,2004-04-04,2004-04-04T19:00:00.000000-0400,1042,Wendlyn Jones,99,Tigers,LSU,LSU,,2,4,0,0,4,7,2,3,5,0,0,0,0,3,8,true,false,false,true,,W. Jones,,Not Available,NA,LSU Tigers,s:40~l:54~t:99,lsu-tigers,https://a.espncdn.com/i/teamlogos/ncaa/500/99.png,LSU,461d7c,fdd023,away,false,50,2633,Lady Volunteers,Tennessee,Tennessee Lady Volunteers,TENN,https://a.espncdn.com/i/teamlogos/ncaa/500/2633_ncw.png,ff8200,ffffff,52
244000062,2004,3,2004-04-04,2004-04-04T19:00:00.000000-0400,2635,Seimone Augustus,99,Tigers,LSU,LSU,,7,20,0,1,2,2,2,8,10,0,0,0,0,2,16,true,false,false,true,,S. Augustus,,Not Available,NA,LSU Tigers,s:40~l:54~t:99,lsu-tigers,https://a.espncdn.com/i/teamlogos/ncaa/500/99.png,LSU,461d7c,fdd023,away,false,50,2633,Lady Volunteers,Tennessee,Tennessee Lady Volunteers,TENN,https://a.espncdn.com/i/teamlogos/ncaa/500/2633_ncw.png,ff8200,ffffff,52
244000062,2004,3,2004-04-04,2004-04-04T19:00:00.000000-0400,1041,Temeka Johnson,99,Tigers,LSU,LSU,,3,8,0,0,3,3,0,2,2,0,0,0,0,3,9,true,false,false,true,,T. Johnson,,Not Available,NA,LSU Tigers,s:40~l:54~t:99,lsu-tigers,https://a.espncdn.com/i/teamlogos/ncaa/500/99.png,LSU,461d7c,fdd023,away,false,50,2633,Lady Volunteers,Tennessee,Tennessee Lady Volunteers,TENN,https://a.espncdn.com/i/teamlogos/ncaa/500/2633_ncw.png,ff8200,ffffff,52
244000062,2004,3,2004-04-04,2004-04-04T19:00:00.000000-0400,1040,Doneeka Hodges,99,Tigers,LSU,LSU,,3,8,0,1,1,2,1,0,1,0,0,0,0,1,7,true,false,false,true,,D. Hodges,,Not Available,NA,LSU Tigers,s:40~l:54~t:99,lsu-tigers,https://a.espncdn.com/i/teamlogos/ncaa/500/99.png,LSU,461d7c,fdd023,away,false,50,2633,Lady Volunteers,Tennessee,Tennessee Lady Volunteers,TENN,https://a.espncdn.com/i/teamlogos/ncaa/500/2633_ncw.png,ff8200,ffffff,52
244000062,2004,3,2004-04-04,2004-04-04T19:00:00.000000-0400,2008,Ashley Robinson,2633,Lady Volunteers,Tennessee,Tennessee,,1,4,0,0,1,4,3,4,7,0,0,0,0,4,2,true,false,false,true,,A. Robinson,,Not Available,NA,Tennessee Lady Volunteers,s:40~l:54~t:2633,tennessee-lady-volunteers,https://a.espncdn.com/i/teamlogos/ncaa/500/2633_ncw.png,TENN,ff8200,ffffff,home,true,52,99,Tigers,LSU,LSU Tigers,LSU,https://a.espncdn.com/i/teamlogos/ncaa/500/99.png,461d7c,fdd023,50
244000062,2004,3,2004-04-04,2004-04-04T19:00:00.000000-0400,2005,Shyra Ely,2633,Lady Volunteers,Tennessee,Tennessee,,1,10,0,0,2,2,0,7,7,0,0,0,0,4,4,true,false,false,true,,S. Ely,,Not Available,NA,Tennessee Lady Volunteers,s:40~l:54~t:2633,tennessee-lady-volunteers,https://a.espncdn.com/i/teamlogos/ncaa/500/2633_ncw.png,TENN,ff8200,ffffff,home,true,52,99,Tigers,LSU,LSU Tigers,LSU,https://a.espncdn.com/i/teamlogos/ncaa/500/99.png,461d7c,fdd023,50
244000062,2004,3,2004-04-04,2004-04-04T19:00:00.000000-0400,2004,LaToya Davis,2633,Lady Volunteers,Tennessee,Tennessee,,3,6,0,0,4,4,2,2,4,0,0,0,0,2,10,true,false,false,true,,L. Davis,,Not Available,NA,Tennessee Lady Volunteers,s:40~l:54~t:2633,tennessee-lady-volunteers,https://a.espncdn.com/i/teamlogos/ncaa/500/2633_ncw.png,TENN,ff8200,ffffff,home,true,52,99,Tigers,LSU,LSU Tigers,LSU,https://a.espncdn.com/i/teamlogos/ncaa/500/99.png,461d7c,fdd023,50
244000062,2004,3,2004-04-04,2004-04-04T19:00:00.000000-0400,2633,Shanna Zolman,2633,Lady Volunteers,Tennessee,Tennessee,,4,10,2,4,2,2,0,3,3,0,0,0,0,1,12,true,false,false,true,,S. Zolman,,Not Available,NA,Tennessee Lady Volunteers,s:40~l:54~t:2633,tennessee-lady-volunteers,https://a.espncdn.com/i/teamlogos/ncaa/500/2633_ncw.png,TENN,ff8200,ffffff,home,true,52,99,Tigers,LSU,LSU Tigers,LSU,https://a.espncdn.com/i/teamlogos/ncaa/500/99.png,461d7c,fdd023,50
244000062,2004,3,2004-04-04,2004-04-04T19:00:00.000000-0400,2002,Tasha Butts,2633,Lady Volunteers,Tennessee,Tennessee,,4,14,0,3,3,5,5,7,12,0,0,0,0,0,11,true,false,false,true,,T. Butts,,Not Available,NA,Tennessee Lady Volunteers,s:40~l:54~t:2633,tennessee-lady-volunteers,https://a.espncdn.com/i/teamlogos/ncaa/500/2633_ncw.png,TENN,ff8200,ffffff,home,true,52,99,Tigers,LSU,LSU Tigers,LSU,https://a.espncdn.com/i/teamlogos/ncaa/500/99.png,461d7c,fdd023,50
244000031,2004,3,2004-04-04,2004-04-04T21:30:00.000000-0400,1181,Janel McCarville,135,Golden Gophers,Minnesota,Minnesota,,8,13,0,0,2,2,1,6,7,0,0,0,0,2,18,true,false,false,true,,J. McCarville,,Not Available,NA,Minnesota Golden Gophers,s:40~l:54~t:135,minnesota-golden-gophers,https://a.espncdn.com/i/teamlogos/ncaa/500/135.png,MINN,981a31,981a31,away,false,58,41,Huskies,UConn,UConn Huskies,CONN,https://a.espncdn.com/i/teamlogos/ncaa/500/41.png,0c2340,f1f2f3,67
244000031,2004,3,2004-04-04,2004-04-04T21:30:00.000000-0400,1179,Kadidja Andersson,135,Golden Gophers,Minnesota,Minnesota,,2,5,0,0,0,1,2,1,3,0,0,0,0,3,4,true,false,false,true,,K. Andersson,,Not Available,NA,Minnesota Golden Gophers,s:40~l:54~t:135,minnesota-golden-gophers,https://a.espncdn.com/i/teamlogos/ncaa/500/135.png,MINN,981a31,981a31,away,false,58,41,Huskies,UConn,UConn Huskies,CONN,https://a.espncdn.com/i/teamlogos/ncaa/500/41.png,0c2340,f1f2f3,67
244000031,2004,3,2004-04-04,2004-04-04T21:30:00.000000-0400,2656,Shannon Bolden,135,Golden Gophers,Minnesota,Minnesota,,1,4,1,3,1,2,1,1,2,0,0,0,0,2,4,true,false,false,true,,S. Bolden,,Not Available,NA,Minnesota Golden Gophers,s:40~l:54~t:135,minnesota-golden-gophers,https://a.espncdn.com/i/teamlogos/ncaa/500/135.png,MINN,981a31,981a31,away,false,58,41,Huskies,UConn,UConn Huskies,CONN,https://a.espncdn.com/i/teamlogos/ncaa/500/41.png,0c2340,f1f2f3,67
244000031,2004,3,2004-04-04,2004-04-04T21:30:00.000000-0400,2655,Shannon Schonrock,135,Golden Gophers,Minnesota,Minnesota,,5,10,4,8,0,0,0,0,0,0,0,0,0,1,14,true,false,false,true,,S. Schonrock,,Not Available,NA,Minnesota Golden Gophers,s:40~l:54~t:135,minnesota-golden-gophers,https://a.espncdn.com/i/teamlogos/ncaa/500/135.png,MINN,981a31,981a31,away,false,58,41,Huskies,UConn,UConn Huskies,CONN,https://a.espncdn.com/i/teamlogos/ncaa/500/41.png,0c2340,f1f2f3,67
244000031,2004,3,2004-04-04,2004-04-04T21:30:00.000000-0400,1182,Lindsay Whalen,135,Golden Gophers,Minnesota,Minnesota,,3,11,0,4,5,6,1,4,5,0,0,0,0,2,11,true,false,false,true,,L. Whalen,,Not Available,NA,Minnesota Golden Gophers,s:40~l:54~t:135,minnesota-golden-gophers,https://a.espncdn.com/i/teamlogos/ncaa/500/135.png,MINN,981a31,981a31,away,false,58,41,Huskies,UConn,UConn Huskies,CONN,https://a.espncdn.com/i/teamlogos/ncaa/500/41.png,0c2340,f1f2f3,67
244000031,2004,3,2004-04-04,2004-04-04T21:30:00.000000-0400,316,Jessica Moore,41,Huskies,UConn,UConn,,3,6,0,0,0,0,3,4,7,0,0,0,0,2,6,true,false,false,true,,J. Moore,,Not Available,NA,UConn Huskies,s:40~l:54~t:41,uconn-huskies,https://a.espncdn.com/i/teamlogos/ncaa/500/41.png,CONN,0c2340,f1f2f3,home,true,67,135,Golden Gophers,Minnesota,Minnesota Golden Gophers,MINN,https://a.espncdn.com/i/teamlogos/ncaa/500/135.png,981a31,981a31,58
244000031,2004,3,2004-04-04,2004-04-04T21:30:00.000000-0400,2409,Barbara Turner,41,Huskies,UConn,UConn,,3,6,0,0,1,1,4,1,5,0,0,0,0,3,7,true,false,false,true,,B. Turner,,Not Available,NA,UConn Huskies,s:40~l:54~t:41,uconn-huskies,https://a.espncdn.com/i/teamlogos/ncaa/500/41.png,CONN,0c2340,f1f2f3,home,true,67,135,Golden Gophers,Minnesota,Minnesota Golden Gophers,MINN,https://a.espncdn.com/i/teamlogos/ncaa/500/135.png,981a31,981a31,58
244000031,2004,3,2004-04-04,2004-04-04T21:30:00.000000-0400,2637,Ann Strother,41,Huskies,UConn,UConn,,4,7,1,3,0,0,1,2,3,0,0,0,0,2,9,true,false,false,true,,A. Strother,,Not Available,NA,UConn Huskies,s:40~l:54~t:41,uconn-huskies,https://a.espncdn.com/i/teamlogos/ncaa/500/41.png,CONN,0c2340,f1f2f3,home,true,67,135,Golden Gophers,Minnesota,Minnesota Golden Gophers,MINN,https://a.espncdn.com/i/teamlogos/ncaa/500/135.png,981a31,981a31,58
244000031,2004,3,2004-04-04,2004-04-04T21:30:00.000000-0400,317,Diana Taurasi,41,Huskies,UConn,UConn,,6,17,2,7,4,5,0,7,7,0,0,0,0,2,18,true,false,false,true,,D. Taurasi,,Not Available,NA,UConn Huskies,s:40~l:54~t:41,uconn-huskies,https://a.espncdn.com/i/teamlogos/ncaa/500/41.png,CONN,0c2340,f1f2f3,home,true,67,135,Golden Gophers,Minnesota,Minnesota Golden Gophers,MINN,https://a.espncdn.com/i/teamlogos/ncaa/500/135.png,981a31,981a31,58
244000031,2004,3,2004-04-04,2004-04-04T21:30:00.000000-0400,313,Maria Conlon,41,Huskies,UConn,UConn,,4,8,2,5,0,0,0,3,3,0,0,0,0,1,10,true,false,false,true,,M. Conlon,,Not Available,NA,UConn Huskies,s:40~l:54~t:41,uconn-huskies,https://a.espncdn.com/i/teamlogos/ncaa/500/41.png,CONN,0c2340,f1f2f3,home,true,67,135,Golden Gophers,Minnesota,Minnesota Golden Gophers,MINN,https://a.espncdn.com/i/teamlogos/ncaa/500/135.png,981a31,981a31,58
244000015,2004,3,2004-03-30,2004-03-30T19:00:00.000000-0500,1181,Janel McCarville,135,Golden Gophers,Minnesota,Minnesota,,5,8,0,0,10,13,1,14,15,0,0,0,0,4,20,true,false,false,true,,J. McCarville,,Not Available,NA,Minnesota Golden Gophers,s:40~l:54~t:135,minnesota-golden-gophers,https://a.espncdn.com/i/teamlogos/ncaa/500/135.png,MINN,981a31,981a31,away,true,82,150,Blue Devils,Duke,Duke Blue Devils,DUKE,https://a.espncdn.com/i/teamlogos/ncaa/500/150.png,013088,ffffff,75
244000015,2004,3,2004-03-30,2004-03-30T19:00:00.000000-0500,1179,Kadidja Andersson,135,Golden Gophers,Minnesota,Minnesota,,5,8,0,0,5,6,1,2,3,0,0,0,0,0,15,true,false,false,true,,K. Andersson,,Not Available,NA,Minnesota Golden Gophers,s:40~l:54~t:135,minnesota-golden-gophers,https://a.espncdn.com/i/teamlogos/ncaa/500/135.png,MINN,981a31,981a31,away,true,82,150,Blue Devils,Duke,Duke Blue Devils,DUKE,https://a.espncdn.com/i/teamlogos/ncaa/500/150.png,013088,ffffff,75
244000015,2004,3,2004-03-30,2004-03-30T19:00:00.000000-0500,2656,Shannon Bolden,135,Golden Gophers,Minnesota,Minnesota,,3,3,3,3,1,2,0,2,2,0,0,0,0,3,10,true,false,false,true,,S. Bolden,,Not Available,NA,Minnesota Golden Gophers,s:40~l:54~t:135,minnesota-golden-gophers,https://a.espncdn.com/i/teamlogos/ncaa/500/135.png,MINN,981a31,981a31,away,true,82,150,Blue Devils,Duke,Duke Blue Devils,DUKE,https://a.espncdn.com/i/teamlogos/ncaa/500/150.png,013088,ffffff,75
244000015,2004,3,2004-03-30,2004-03-30T19:00:00.000000-0500,2655,Shannon Schonrock,135,Golden Gophers,Minnesota,Minnesota,,3,6,1,4,1,1,0,0,0,0,0,0,0,2,8,true,false,false,true,,S. Schonrock,,Not Available,NA,Minnesota Golden Gophers,s:40~l:54~t:135,minnesota-golden-gophers,https://a.espncdn.com/i/teamlogos/ncaa/500/135.png,MINN,981a31,981a31,away,true,82,150,Blue Devils,Duke,Duke Blue Devils,DUKE,https://a.espncdn.com/i/teamlogos/ncaa/500/150.png,013088,ffffff,75
244000015,2004,3,2004-03-30,2004-03-30T19:00:00.000000-0500,1182,Lindsay Whalen,135,Golden Gophers,Minnesota,Minnesota,,9,21,2,6,5,5,0,6,6,0,0,0,0,4,25,true,false,false,true,,L. Whalen,,Not Available,NA,Minnesota Golden Gophers,s:40~l:54~t:135,minnesota-golden-gophers,https://a.espncdn.com/i/teamlogos/ncaa/500/135.png,MINN,981a31,981a31,away,true,82,150,Blue Devils,Duke,Duke Blue Devils,DUKE,https://a.espncdn.com/i/teamlogos/ncaa/500/150.png,013088,ffffff,75
244000015,2004,3,2004-03-30,2004-03-30T19:00:00.000000-0500,2475,Mistie McCray Bass,150,Blue Devils,Duke,Duke,,4,7,0,0,3,4,1,0,1,0,0,0,0,4,11,true,false,false,true,,M. Bass,,Not Available,NA,Duke Blue Devils,s:40~l:54~t:150,duke-blue-devils,https://a.espncdn.com/i/teamlogos/ncaa/500/150.png,DUKE,013088,ffffff,home,false,75,135,Golden Gophers,Minnesota,Minnesota Golden Gophers,MINN,https://a.espncdn.com/i/teamlogos/ncaa/500/135.png,981a31,981a31,82
244000015,2004,3,2004-03-30,2004-03-30T19:00:00.000000-0500,440,Iciss Tillis,150,Blue Devils,Duke,Duke,,4,7,0,0,2,3,1,3,4,0,0,0,0,3,10,true,false,false,true,,I. Tillis,,Not Available,NA,Duke Blue Devils,s:40~l:54~t:150,duke-blue-devils,https://a.espncdn.com/i/teamlogos/ncaa/500/150.png,DUKE,013088,ffffff,home,false,75,135,Golden Gophers,Minnesota,Minnesota Golden Gophers,MINN,https://a.espncdn.com/i/teamlogos/ncaa/500/135.png,981a31,981a31,82
244000015,2004,3,2004-03-30,2004-03-30T19:00:00.000000-0500,2476,Lindsey Harding,150,Blue Devils,Duke,Duke,,2,5,1,1,5,6,0,2,2,0,0,0,0,3,10,true,false,false,true,,L. Harding,,Not Available,NA,Duke Blue Devils,s:40~l:54~t:150,duke-blue-devils,https://a.espncdn.com/i/teamlogos/ncaa/500/150.png,DUKE,013088,ffffff,home,false,75,135,Golden Gophers,Minnesota,Minnesota Golden Gophers,MINN,https://a.espncdn.com/i/teamlogos/ncaa/500/135.png,981a31,981a31,82
244000015,2004,3,2004-03-30,2004-03-30T19:00:00.000000-0500,438,Monique Currie,150,Blue Devils,Duke,Duke,,6,13,0,1,9,12,1,8,9,0,0,0,0,2,21,true,false,false,true,,M. Currie,,Not Available,NA,Duke Blue Devils,s:40~l:54~t:150,duke-blue-devils,https://a.espncdn.com/i/teamlogos/ncaa/500/150.png,DUKE,013088,ffffff,home,false,75,135,Golden Gophers,Minnesota,Minnesota Golden Gophers,MINN,https://a.espncdn.com/i/teamlogos/ncaa/500/135.png,981a31,981a31,82
244000015,2004,3,2004-03-30,2004-03-30T19:00:00.000000-0500,436,Alana Beard,150,Blue Devils,Duke,Duke,,4,14,0,3,2,4,0,6,6,0,0,0,0,3,10,true,false,false,true,,A. Beard,,Not Available,NA,Duke Blue Devils,s:40~l:54~t:150,duke-blue-devils,https://a.espncdn.com/i/teamlogos/ncaa/500/150.png,DUKE,013088,ffffff,home,false,75,135,Golden Gophers,Minnesota,Minnesota Golden Gophers,MINN,https://a.espncdn.com/i/teamlogos/ncaa/500/135.png,981a31,981a31,82
244000030,2004,3,2004-03-30,2004-03-30T21:00:00.000000-0500,1937,Chelsea Trotter,24,Cardinal,Stanford,Stanford,,4,6,0,0,0,0,2,4,6,0,0,0,0,2,8,true,false,false,true,,C. Trotter,,Not Available,NA,Stanford Cardinal,s:40~l:54~t:24,stanford-cardinal,https://a.espncdn.com/i/teamlogos/ncaa/500/24.png,STAN,8c1515,ffffff,away,false,60,2633,Lady Volunteers,Tennessee,Tennessee Lady Volunteers,TENN,https://a.espncdn.com/i/teamlogos/ncaa/500/2633_ncw.png,ff8200,ffffff,62
244000030,2004,3,2004-03-30,2004-03-30T21:00:00.000000-0500,1936,T'Nae Thiel,24,Cardinal,Stanford,Stanford,,4,6,0,1,0,0,2,2,4,0,0,0,0,0,8,true,false,false,true,,T. Thiel,,Not Available,NA,Stanford Cardinal,s:40~l:54~t:24,stanford-cardinal,https://a.espncdn.com/i/teamlogos/ncaa/500/24.png,STAN,8c1515,ffffff,away,false,60,2633,Lady Volunteers,Tennessee,Tennessee Lady Volunteers,TENN,https://a.espncdn.com/i/teamlogos/ncaa/500/2633_ncw.png,ff8200,ffffff,62
244000030,2004,3,2004-03-30,2004-03-30T21:00:00.000000-0500,1934,Nicole Powell,24,Cardinal,Stanford,Stanford,,14,23,3,6,0,1,2,6,8,0,0,0,0,2,31,true,false,false,true,,N. Powell,,Not Available,NA,Stanford Cardinal,s:40~l:54~t:24,stanford-cardinal,https://a.espncdn.com/i/teamlogos/ncaa/500/24.png,STAN,8c1515,ffffff,away,false,60,2633,Lady Volunteers,Tennessee,Tennessee Lady Volunteers,TENN,https://a.espncdn.com/i/teamlogos/ncaa/500/2633_ncw.png,ff8200,ffffff,62
244000030,2004,3,2004-03-30,2004-03-30T21:00:00.000000-0500,1935,Kelley Suminski,24,Cardinal,Stanford,Stanford,,2,9,0,3,0,0,0,1,1,0,0,0,0,3,4,true,false,false,true,,K. Suminski,,Not Available,NA,Stanford Cardinal,s:40~l:54~t:24,stanford-cardinal,https://a.espncdn.com/i/teamlogos/ncaa/500/24.png,STAN,8c1515,ffffff,away,false,60,2633,Lady Volunteers,Tennessee,Tennessee Lady Volunteers,TENN,https://a.espncdn.com/i/teamlogos/ncaa/500/2633_ncw.png,ff8200,ffffff,62
244000030,2004,3,2004-03-30,2004-03-30T21:00:00.000000-0500,1932,Susan Borchardt,24,Cardinal,Stanford,Stanford,,4,9,0,4,1,2,0,0,0,0,0,0,0,2,9,true,false,false,true,,S. Borchardt,,Not Available,NA,Stanford Cardinal,s:40~l:54~t:24,stanford-cardinal,https://a.espncdn.com/i/teamlogos/ncaa/500/24.png,STAN,8c1515,ffffff,away,false,60,2633,Lady Volunteers,Tennessee,Tennessee Lady Volunteers,TENN,https://a.espncdn.com/i/teamlogos/ncaa/500/2633_ncw.png,ff8200,ffffff,62
244000030,2004,3,2004-03-30,2004-03-30T21:00:00.000000-0500,2008,Ashley Robinson,2633,Lady Volunteers,Tennessee,Tennessee,,2,3,0,0,2,3,1,2,3,0,0,0,0,1,6,true,false,false,true,,A. Robinson,,Not Available,NA,Tennessee Lady Volunteers,s:40~l:54~t:2633,tennessee-lady-volunteers,https://a.espncdn.com/i/teamlogos/ncaa/500/2633_ncw.png,TENN,ff8200,ffffff,home,true,62,24,Cardinal,Stanford,Stanford Cardinal,STAN,https://a.espncdn.com/i/teamlogos/ncaa/500/24.png,8c1515,ffffff,60
244000030,2004,3,2004-03-30,2004-03-30T21:00:00.000000-0500,2005,Shyra Ely,2633,Lady Volunteers,Tennessee,Tennessee,,6,12,0,0,0,0,2,4,6,0,0,0,0,0,12,true,false,false,true,,S. Ely,,Not Available,NA,Tennessee Lady Volunteers,s:40~l:54~t:2633,tennessee-lady-volunteers,https://a.espncdn.com/i/teamlogos/ncaa/500/2633_ncw.png,TENN,ff8200,ffffff,home,true,62,24,Cardinal,Stanford,Stanford Cardinal,STAN,https://a.espncdn.com/i/teamlogos/ncaa/500/24.png,8c1515,ffffff,60
244000030,2004,3,2004-03-30,2004-03-30T21:00:00.000000-0500,2004,LaToya Davis,2633,Lady Volunteers,Tennessee,Tennessee,,5,7,0,0,0,0,1,2,3,0,0,0,0,1,10,true,false,false,true,,L. Davis,,Not Available,NA,Tennessee Lady Volunteers,s:40~l:54~t:2633,tennessee-lady-volunteers,https://a.espncdn.com/i/teamlogos/ncaa/500/2633_ncw.png,TENN,ff8200,ffffff,home,true,62,24,Cardinal,Stanford,Stanford Cardinal,STAN,https://a.espncdn.com/i/teamlogos/ncaa/500/24.png,8c1515,ffffff,60
244000030,2004,3,2004-03-30,2004-03-30T21:00:00.000000-0500,2633,Shanna Zolman,2633,Lady Volunteers,Tennessee,Tennessee,,2,5,0,1,2,2,0,0,0,0,0,0,0,1,6,true,false,false,true,,S. Zolman,,Not Available,NA,Tennessee Lady Volunteers,s:40~l:54~t:2633,tennessee-lady-volunteers,https://a.espncdn.com/i/teamlogos/ncaa/500/2633_ncw.png,TENN,ff8200,ffffff,home,true,62,24,Cardinal,Stanford,Stanford Cardinal,STAN,https://a.espncdn.com/i/teamlogos/ncaa/500/24.png,8c1515,ffffff,60
244000030,2004,3,2004-03-30,2004-03-30T21:00:00.000000-0500,2002,Tasha Butts,2633,Lady Volunteers,Tennessee,Tennessee,,4,9,2,2,4,4,0,5,5,0,0,0,0,2,14,true,false,false,true,,T. Butts,,Not Available,NA,Tennessee Lady Volunteers,s:40~l:54~t:2633,tennessee-lady-volunteers,https://a.espncdn.com/i/teamlogos/ncaa/500/2633_ncw.png,TENN,ff8200,ffffff,home,true,62,24,Cardinal,Stanford,Stanford Cardinal,STAN,https://a.espncdn.com/i/teamlogos/ncaa/500/24.png,8c1515,ffffff,60
244000061,2004,3,2004-03-29,2004-03-29T19:00:00.000000-0500,316,Jessica Moore,41,Huskies,UConn,UConn,,3,5,0,0,2,2,1,7,8,0,0,0,0,3,8,true,false,false,true,,J. Moore,,Not Available,NA,UConn Huskies,s:40~l:54~t:41,uconn-huskies,https://a.espncdn.com/i/teamlogos/ncaa/500/41.png,CONN,0c2340,f1f2f3,away,true,66,213,Lady Lions,Penn State,Penn State Lady Lions,PSU,https://a.espncdn.com/i/teamlogos/ncaa/500/213.png,00265D,002e5c,49
244000061,2004,3,2004-03-29,2004-03-29T19:00:00.000000-0500,2409,Barbara Turner,41,Huskies,UConn,UConn,,8,11,4,5,6,10,2,6,8,0,0,0,0,3,26,true,false,false,true,,B. Turner,,Not Available,NA,UConn Huskies,s:40~l:54~t:41,uconn-huskies,https://a.espncdn.com/i/teamlogos/ncaa/500/41.png,CONN,0c2340,f1f2f3,away,true,66,213,Lady Lions,Penn State,Penn State Lady Lions,PSU,https://a.espncdn.com/i/teamlogos/ncaa/500/213.png,00265D,002e5c,49
244000061,2004,3,2004-03-29,2004-03-29T19:00:00.000000-0500,2637,Ann Strother,41,Huskies,UConn,UConn,,0,5,0,4,0,0,0,5,5,0,0,0,0,1,0,true,false,false,true,,A. Strother,,Not Available,NA,UConn Huskies,s:40~l:54~t:41,uconn-huskies,https://a.espncdn.com/i/teamlogos/ncaa/500/41.png,CONN,0c2340,f1f2f3,away,true,66,213,Lady Lions,Penn State,Penn State Lady Lions,PSU,https://a.espncdn.com/i/teamlogos/ncaa/500/213.png,00265D,002e5c,49
244000061,2004,3,2004-03-29,2004-03-29T19:00:00.000000-0500,317,Diana Taurasi,41,Huskies,UConn,UConn,,8,15,2,7,9,12,1,4,5,0,0,0,0,2,27,true,false,false,true,,D. Taurasi,,Not Available,NA,UConn Huskies,s:40~l:54~t:41,uconn-huskies,https://a.espncdn.com/i/teamlogos/ncaa/500/41.png,CONN,0c2340,f1f2f3,away,true,66,213,Lady Lions,Penn State,Penn State Lady Lions,PSU,https://a.espncdn.com/i/teamlogos/ncaa/500/213.png,00265D,002e5c,49
244000061,2004,3,2004-03-29,2004-03-29T19:00:00.000000-0500,313,Maria Conlon,41,Huskies,UConn,UConn,,0,2,0,1,0,0,0,2,2,0,0,0,0,3,0,true,false,false,true,,M. Conlon,,Not Available,NA,UConn Huskies,s:40~l:54~t:41,uconn-huskies,https://a.espncdn.com/i/teamlogos/ncaa/500/41.png,CONN,0c2340,f1f2f3,away,true,66,213,Lady Lions,Penn State,Penn State Lady Lions,PSU,https://a.espncdn.com/i/teamlogos/ncaa/500/213.png,00265D,002e5c,49
244000061,2004,3,2004-03-29,2004-03-29T19:00:00.000000-0500,3747,Reicina Russell,213,Lady Lions,Penn State,Penn State,,1,1,0,0,0,0,2,2,4,0,0,0,0,3,2,true,false,false,true,,R. Russell,,Not Available,NA,Penn State Lady Lions,s:40~l:54~t:213,penn-state-lady-lions,https://a.espncdn.com/i/teamlogos/ncaa/500/213.png,PSU,00265D,002e5c,home,false,49,41,Huskies,UConn,UConn Huskies,CONN,https://a.espncdn.com/i/teamlogos/ncaa/500/41.png,0c2340,f1f2f3,66
244000061,2004,3,2004-03-29,2004-03-29T19:00:00.000000-0500,1551,Jessica Brungo,213,Lady Lions,Penn State,Penn State,,2,10,2,5,0,2,3,2,5,0,0,0,0,3,6,true,false,false,true,,J. Brungo,,Not Available,NA,Penn State Lady Lions,s:40~l:54~t:213,penn-state-lady-lions,https://a.espncdn.com/i/teamlogos/ncaa/500/213.png,PSU,00265D,002e5c,home,false,49,41,Huskies,UConn,UConn Huskies,CONN,https://a.espncdn.com/i/teamlogos/ncaa/500/41.png,0c2340,f1f2f3,66
244000061,2004,3,2004-03-29,2004-03-29T19:00:00.000000-0500,1556,Tanisha Wright,213,Lady Lions,Penn State,Penn State,,5,17,0,1,6,6,1,0,1,0,0,0,0,4,16,true,false,false,true,,T. Wright,,Not Available,NA,Penn State Lady Lions,s:40~l:54~t:213,penn-state-lady-lions,https://a.espncdn.com/i/teamlogos/ncaa/500/213.png,PSU,00265D,002e5c,home,false,49,41,Huskies,UConn,UConn Huskies,CONN,https://a.espncdn.com/i/teamlogos/ncaa/500/41.png,0c2340,f1f2f3,66
244000061,2004,3,2004-03-29,2004-03-29T19:00:00.000000-0500,1555,Jess Strom,213,Lady Lions,Penn State,Penn State,,1,10,1,5,1,2,0,3,3,0,0,0,0,0,4,true,false,false,true,,J. Strom,,Not Available,NA,Penn State Lady Lions,s:40~l:54~t:213,penn-state-lady-lions,https://a.espncdn.com/i/teamlogos/ncaa/500/213.png,PSU,00265D,002e5c,home,false,49,41,Huskies,UConn,UConn Huskies,CONN,https://a.espncdn.com/i/teamlogos/ncaa/500/41.png,0c2340,f1f2f3,66
244000061,2004,3,2004-03-29,2004-03-29T19:00:00.000000-0500,1553,Kelly Mazzante,213,Lady Lions,Penn State,Penn State,,5,17,1,8,3,3,1,3,4,0,0,0,0,4,14,true,false,false,true,,K. Mazzante,,Not Available,NA,Penn State Lady Lions,s:40~l:54~t:213,penn-state-lady-lions,https://a.espncdn.com/i/teamlogos/ncaa/500/213.png,PSU,00265D,002e5c,home,false,49,41,Huskies,UConn,UConn Huskies,CONN,https://a.espncdn.com/i/teamlogos/ncaa/500/41.png,0c2340,f1f2f3,66
244000046,2004,3,2004-03-29,2004-03-29T21:00:00.000000-0500,1043,Tillie Willis,99,Tigers,LSU,LSU,,1,5,0,0,0,0,3,4,7,0,0,0,0,4,2,true,false,false,true,,T. Willis,,Not Available,NA,LSU Tigers,s:40~l:54~t:99,lsu-tigers,https://a.espncdn.com/i/teamlogos/ncaa/500/99.png,LSU,461d7c,fdd023,away,true,62,61,Lady Bulldogs,Georgia,Georgia Lady Bulldogs,UGA,https://a.espncdn.com/i/teamlogos/ncaa/500/61.png,CC0000,000000,60
244000046,2004,3,2004-03-29,2004-03-29T21:00:00.000000-0500,1042,Wendlyn Jones,99,Tigers,LSU,LSU,,0,3,0,0,3,4,2,4,6,0,0,0,0,3,3,true,false,false,true,,W. Jones,,Not Available,NA,LSU Tigers,s:40~l:54~t:99,lsu-tigers,https://a.espncdn.com/i/teamlogos/ncaa/500/99.png,LSU,461d7c,fdd023,away,true,62,61,Lady Bulldogs,Georgia,Georgia Lady Bulldogs,UGA,https://a.espncdn.com/i/teamlogos/ncaa/500/61.png,CC0000,000000,60
244000046,2004,3,2004-03-29,2004-03-29T21:00:00.000000-0500,2635,Seimone Augustus,99,Tigers,LSU,LSU,,12,19,2,2,3,4,1,6,7,0,0,0,0,0,29,true,false,false,true,,S. Augustus,,Not Available,NA,LSU Tigers,s:40~l:54~t:99,lsu-tigers,https://a.espncdn.com/i/teamlogos/ncaa/500/99.png,LSU,461d7c,fdd023,away,true,62,61,Lady Bulldogs,Georgia,Georgia Lady Bulldogs,UGA,https://a.espncdn.com/i/teamlogos/ncaa/500/61.png,CC0000,000000,60
244000046,2004,3,2004-03-29,2004-03-29T21:00:00.000000-0500,1041,Temeka Johnson,99,Tigers,LSU,LSU,,8,15,0,0,0,0,1,4,5,0,0,0,0,1,16,true,false,false,true,,T. Johnson,,Not Available,NA,LSU Tigers,s:40~l:54~t:99,lsu-tigers,https://a.espncdn.com/i/teamlogos/ncaa/500/99.png,LSU,461d7c,fdd023,away,true,62,61,Lady Bulldogs,Georgia,Georgia Lady Bulldogs,UGA,https://a.espncdn.com/i/teamlogos/ncaa/500/61.png,CC0000,000000,60
244000046,2004,3,2004-03-29,2004-03-29T21:00:00.000000-0500,1040,Doneeka Hodges,99,Tigers,LSU,LSU,,2,9,0,0,3,3,1,5,6,0,0,0,0,1,7,true,false,false,true,,D. Hodges,,Not Available,NA,LSU Tigers,s:40~l:54~t:99,lsu-tigers,https://a.espncdn.com/i/teamlogos/ncaa/500/99.png,LSU,461d7c,fdd023,away,true,62,61,Lady Bulldogs,Georgia,Georgia Lady Bulldogs,UGA,https://a.espncdn.com/i/teamlogos/ncaa/500/61.png,CC0000,000000,60
244000046,2004,3,2004-03-29,2004-03-29T21:00:00.000000-0500,3743,Rebecca Rowsey,61,Lady Bulldogs,Georgia,Georgia,,0,1,0,0,0,0,0,2,2,0,0,0,0,1,0,true,false,false,true,,R. Rowsey,,Not Available,NA,Georgia Lady Bulldogs,s:40~l:54~t:61,georgia-lady-bulldogs,https://a.espncdn.com/i/teamlogos/ncaa/500/61.png,UGA,CC0000,000000,home,false,60,99,Tigers,LSU,LSU Tigers,LSU,https://a.espncdn.com/i/teamlogos/ncaa/500/99.png,461d7c,fdd023,62
244000046,2004,3,2004-03-29,2004-03-29T21:00:00.000000-0500,681,Christi Thomas,61,Lady Bulldogs,Georgia,Georgia,,7,15,0,0,5,9,3,6,9,0,0,0,0,0,19,true,false,false,true,,C. Thomas,,Not Available,NA,Georgia Lady Bulldogs,s:40~l:54~t:61,georgia-lady-bulldogs,https://a.espncdn.com/i/teamlogos/ncaa/500/61.png,UGA,CC0000,000000,home,false,60,99,Tigers,LSU,LSU Tigers,LSU,https://a.espncdn.com/i/teamlogos/ncaa/500/99.png,461d7c,fdd023,62
244000046,2004,3,2004-03-29,2004-03-29T21:00:00.000000-0500,3745,Janese Hardrick,61,Lady Bulldogs,Georgia,Georgia,,6,8,3,4,3,4,0,5,5,0,0,0,0,3,18,true,false,false,true,,J. Hardrick,,Not Available,NA,Georgia Lady Bulldogs,s:40~l:54~t:61,georgia-lady-bulldogs,https://a.espncdn.com/i/teamlogos/ncaa/500/61.png,UGA,CC0000,000000,home,false,60,99,Tigers,LSU,LSU Tigers,LSU,https://a.espncdn.com/i/teamlogos/ncaa/500/99.png,461d7c,fdd023,62
244000046,2004,3,2004-03-29,2004-03-29T21:00:00.000000-0500,2493,Alexis Kendrick,61,Lady Bulldogs,Georgia,Georgia,,1,5,1,3,0,0,1,1,2,0,0,0,0,2,3,true,false,false,true,,A. Kendrick,,Not Available,NA,Georgia Lady Bulldogs,s:40~l:54~t:61,georgia-lady-bulldogs,https://a.espncdn.com/i/teamlogos/ncaa/500/61.png,UGA,CC0000,000000,home,false,60,99,Tigers,LSU,LSU Tigers,LSU,https://a.espncdn.com/i/teamlogos/ncaa/500/99.png,461d7c,fdd023,62
244000046,2004,3,2004-03-29,2004-03-29T21:00:00.000000-0500,2411,Sherill Baker,61,Lady Bulldogs,Georgia,Georgia,,1,8,1,1,4,6,2,3,5,0,0,0,0,2,7,true,false,false,true,,S. Baker,,Not Available,NA,Georgia Lady Bulldogs,s:40~l:54~t:61,georgia-lady-bulldogs,https://a.espncdn.com/i/teamlogos/ncaa/500/61.png,UGA,CC0000,000000,home,false,60,99,Tigers,LSU,LSU Tigers,LSU,https://a.espncdn.com/i/teamlogos/ncaa/500/99.png,461d7c,fdd023,62
244000007,2004,3,2004-03-28,2004-03-28T12:00:00.000000-0500,2412,Amisha Carter,2348,Lady Techsters,Louisiana Tech,Louisiana Tech,,2,11,0,0,5,8,6,7,13,0,0,0,0,2,9,true,false,false,true,,A. Carter,,Not Available,NA,Louisiana Tech Lady Techsters,s:40~l:54~t:2348,louisiana-tech-lady-techsters,https://a.espncdn.com/i/teamlogos/ncaa/500/2348.png,LT,002d65,d3313a,away,false,49,150,Blue Devils,Duke,Duke Blue Devils,DUKE,https://a.espncdn.com/i/teamlogos/ncaa/500/150.png,013088,ffffff,63
244000007,2004,3,2004-03-28,2004-03-28T12:00:00.000000-0500,996,Trina Frierson,2348,Lady Techsters,Louisiana Tech,Louisiana Tech,,10,19,0,3,2,4,4,9,13,0,0,0,0,1,22,true,false,false,true,,T. Frierson,,Not Available,NA,Louisiana Tech Lady Techsters,s:40~l:54~t:2348,louisiana-tech-lady-techsters,https://a.espncdn.com/i/teamlogos/ncaa/500/2348.png,LT,002d65,d3313a,away,false,49,150,Blue Devils,Duke,Duke Blue Devils,DUKE,https://a.espncdn.com/i/teamlogos/ncaa/500/150.png,013088,ffffff,63
244000007,2004,3,2004-03-28,2004-03-28T12:00:00.000000-0500,3731,Lakiste Barkus,2348,Lady Techsters,Louisiana Tech,Louisiana Tech,,1,7,0,1,0,0,0,1,1,0,0,0,0,1,2,true,false,false,true,,L. Barkus,,Not Available,NA,Louisiana Tech Lady Techsters,s:40~l:54~t:2348,louisiana-tech-lady-techsters,https://a.espncdn.com/i/teamlogos/ncaa/500/2348.png,LT,002d65,d3313a,away,false,49,150,Blue Devils,Duke,Duke Blue Devils,DUKE,https://a.espncdn.com/i/teamlogos/ncaa/500/150.png,013088,ffffff,63
244000007,2004,3,2004-03-28,2004-03-28T12:00:00.000000-0500,998,Erica Smith-Taylor,2348,Lady Techsters,Louisiana Tech,Louisiana Tech,,5,16,1,4,0,0,1,2,3,0,0,0,0,4,11,true,false,false,true,,E. Smith-Taylor,,Not Available,NA,Louisiana Tech Lady Techsters,s:40~l:54~t:2348,louisiana-tech-lady-techsters,https://a.espncdn.com/i/teamlogos/ncaa/500/2348.png,LT,002d65,d3313a,away,false,49,150,Blue Devils,Duke,Duke Blue Devils,DUKE,https://a.espncdn.com/i/teamlogos/ncaa/500/150.png,013088,ffffff,63
244000007,2004,3,2004-03-28,2004-03-28T12:00:00.000000-0500,997,Amber Obaze,2348,Lady Techsters,Louisiana Tech,Louisiana Tech,,1,4,0,0,0,0,0,0,0,0,0,0,0,5,2,true,false,false,true,,A. Obaze,,Not Available,NA,Louisiana Tech Lady Techsters,s:40~l:54~t:2348,louisiana-tech-lady-techsters,https://a.espncdn.com/i/teamlogos/ncaa/500/2348.png,LT,002d65,d3313a,away,false,49,150,Blue Devils,Duke,Duke Blue Devils,DUKE,https://a.espncdn.com/i/teamlogos/ncaa/500/150.png,013088,ffffff,63
244000007,2004,3,2004-03-28,2004-03-28T12:00:00.000000-0500,2475,Mistie McCray Bass,150,Blue Devils,Duke,Duke,,2,4,0,0,0,0,2,5,7,0,0,0,0,5,4,true,false,false,true,,M. Bass,,Not Available,NA,Duke Blue Devils,s:40~l:54~t:150,duke-blue-devils,https://a.espncdn.com/i/teamlogos/ncaa/500/150.png,DUKE,013088,ffffff,home,true,63,2348,Lady Techsters,Louisiana Tech,Louisiana Tech Lady Techsters,LT,https://a.espncdn.com/i/teamlogos/ncaa/500/2348.png,002d65,d3313a,49
244000007,2004,3,2004-03-28,2004-03-28T12:00:00.000000-0500,440,Iciss Tillis,150,Blue Devils,Duke,Duke,,4,8,1,2,2,2,1,5,6,0,0,0,0,4,11,true,false,false,true,,I. Tillis,,Not Available,NA,Duke Blue Devils,s:40~l:54~t:150,duke-blue-devils,https://a.espncdn.com/i/teamlogos/ncaa/500/150.png,DUKE,013088,ffffff,home,true,63,2348,Lady Techsters,Louisiana Tech,Louisiana Tech Lady Techsters,LT,https://a.espncdn.com/i/teamlogos/ncaa/500/2348.png,002d65,d3313a,49
244000007,2004,3,2004-03-28,2004-03-28T12:00:00.000000-0500,2476,Lindsey Harding,150,Blue Devils,Duke,Duke,,1,5,0,0,0,0,0,2,2,0,0,0,0,0,2,true,false,false,true,,L. Harding,,Not Available,NA,Duke Blue Devils,s:40~l:54~t:150,duke-blue-devils,https://a.espncdn.com/i/teamlogos/ncaa/500/150.png,DUKE,013088,ffffff,home,true,63,2348,Lady Techsters,Louisiana Tech,Louisiana Tech Lady Techsters,LT,https://a.espncdn.com/i/teamlogos/ncaa/500/2348.png,002d65,d3313a,49
244000007,2004,3,2004-03-28,2004-03-28T12:00:00.000000-0500,438,Monique Currie,150,Blue Devils,Duke,Duke,,6,12,0,1,6,7,3,4,7,0,0,0,0,1,18,true,false,false,true,,M. Currie,,Not Available,NA,Duke Blue Devils,s:40~l:54~t:150,duke-blue-devils,https://a.espncdn.com/i/teamlogos/ncaa/500/150.png,DUKE,013088,ffffff,home,true,63,2348,Lady Techsters,Louisiana Tech,Louisiana Tech Lady Techsters,LT,https://a.espncdn.com/i/teamlogos/ncaa/500/2348.png,002d65,d3313a,49
244000007,2004,3,2004-03-28,2004-03-28T12:00:00.000000-0500,436,Alana Beard,150,Blue Devils,Duke,Duke,,5,15,0,3,7,8,3,4,7,0,0,0,0,4,17,true,false,false,true,,A. Beard,,Not Available,NA,Duke Blue Devils,s:40~l:54~t:150,duke-blue-devils,https://a.espncdn.com/i/teamlogos/ncaa/500/150.png,DUKE,013088,ffffff,home,true,63,2348,Lady Techsters,Louisiana Tech,Louisiana Tech Lady Techsters,LT,https://a.espncdn.com/i/teamlogos/ncaa/500/2348.png,002d65,d3313a,49
244000014,2004,3,2004-03-28,2004-03-28T14:30:00.000000-0500,1181,Janel McCarville,135,Golden Gophers,Minnesota,Minnesota,,9,14,0,0,7,10,3,9,12,0,0,0,0,4,25,true,false,false,true,,J. McCarville,,Not Available,NA,Minnesota Golden Gophers,s:40~l:54~t:135,minnesota-golden-gophers,https://a.espncdn.com/i/teamlogos/ncaa/500/135.png,MINN,981a31,981a31,away,true,76,103,Eagles,Boston College,Boston College Eagles,BC,https://a.espncdn.com/i/teamlogos/ncaa/500/103.png,8c2232,dbcca6,63
244000014,2004,3,2004-03-28,2004-03-28T14:30:00.000000-0500,1179,Kadidja Andersson,135,Golden Gophers,Minnesota,Minnesota,,4,6,0,0,3,6,3,0,3,0,0,0,0,3,11,true,false,false,true,,K. Andersson,,Not Available,NA,Minnesota Golden Gophers,s:40~l:54~t:135,minnesota-golden-gophers,https://a.espncdn.com/i/teamlogos/ncaa/500/135.png,MINN,981a31,981a31,away,true,76,103,Eagles,Boston College,Boston College Eagles,BC,https://a.espncdn.com/i/teamlogos/ncaa/500/103.png,8c2232,dbcca6,63
244000014,2004,3,2004-03-28,2004-03-28T14:30:00.000000-0500,2656,Shannon Bolden,135,Golden Gophers,Minnesota,Minnesota,,4,9,1,3,4,5,0,1,1,0,0,0,0,1,13,true,false,false,true,,S. Bolden,,Not Available,NA,Minnesota Golden Gophers,s:40~l:54~t:135,minnesota-golden-gophers,https://a.espncdn.com/i/teamlogos/ncaa/500/135.png,MINN,981a31,981a31,away,true,76,103,Eagles,Boston College,Boston College Eagles,BC,https://a.espncdn.com/i/teamlogos/ncaa/500/103.png,8c2232,dbcca6,63
244000014,2004,3,2004-03-28,2004-03-28T14:30:00.000000-0500,2655,Shannon Schonrock,135,Golden Gophers,Minnesota,Minnesota,,1,4,1,4,0,0,0,2,2,0,0,0,0,1,3,true,false,false,true,,S. Schonrock,,Not Available,NA,Minnesota Golden Gophers,s:40~l:54~t:135,minnesota-golden-gophers,https://a.espncdn.com/i/teamlogos/ncaa/500/135.png,MINN,981a31,981a31,away,true,76,103,Eagles,Boston College,Boston College Eagles,BC,https://a.espncdn.com/i/teamlogos/ncaa/500/103.png,8c2232,dbcca6,63
244000014,2004,3,2004-03-28,2004-03-28T14:30:00.000000-0500,1182,Lindsay Whalen,135,Golden Gophers,Minnesota,Minnesota,,5,15,2,4,3,4,3,3,6,0,0,0,0,2,15,true,false,false,true,,L. Whalen,,Not Available,NA,Minnesota Golden Gophers,s:40~l:54~t:135,minnesota-golden-gophers,https://a.espncdn.com/i/teamlogos/ncaa/500/135.png,MINN,981a31,981a31,away,true,76,103,Eagles,Boston College,Boston College Eagles,BC,https://a.espncdn.com/i/teamlogos/ncaa/500/103.png,8c2232,dbcca6,63
244000014,2004,3,2004-03-28,2004-03-28T14:30:00.000000-0500,2558,Maureen Leahy,103,Eagles,Boston College,Boston College,,1,2,0,0,0,0,0,2,2,0,0,0,0,4,2,true,false,false,true,,M. Leahy,,Not Available,NA,Boston College Eagles,s:40~l:54~t:103,boston-college-eagles,https://a.espncdn.com/i/teamlogos/ncaa/500/103.png,BC,8c2232,dbcca6,home,false,63,135,Golden Gophers,Minnesota,Minnesota Golden Gophers,MINN,https://a.espncdn.com/i/teamlogos/ncaa/500/135.png,981a31,981a31,76
244000014,2004,3,2004-03-28,2004-03-28T14:30:00.000000-0500,3761,Kathrin Ress,103,Eagles,Boston College,Boston College,,4,8,0,0,3,4,1,1,2,0,0,0,0,4,11,true,false,false,true,,K. Ress,,Not Available,NA,Boston College Eagles,s:40~l:54~t:103,boston-college-eagles,https://a.espncdn.com/i/teamlogos/ncaa/500/103.png,BC,8c2232,dbcca6,home,false,63,135,Golden Gophers,Minnesota,Minnesota Golden Gophers,MINN,https://a.espncdn.com/i/teamlogos/ncaa/500/135.png,981a31,981a31,76
244000014,2004,3,2004-03-28,2004-03-28T14:30:00.000000-0500,2557,Amber Jacobs,103,Eagles,Boston College,Boston College,,1,8,1,6,4,4,0,4,4,0,0,0,0,3,7,true,false,false,true,,A. Jacobs,,Not Available,NA,Boston College Eagles,s:40~l:54~t:103,boston-college-eagles,https://a.espncdn.com/i/teamlogos/ncaa/500/103.png,BC,8c2232,dbcca6,home,false,63,135,Golden Gophers,Minnesota,Minnesota Golden Gophers,MINN,https://a.espncdn.com/i/teamlogos/ncaa/500/135.png,981a31,981a31,76
244000014,2004,3,2004-03-28,2004-03-28T14:30:00.000000-0500,133,Clare Droesch,103,Eagles,Boston College,Boston College,,8,17,1,5,0,0,2,6,8,0,0,0,0,2,17,true,false,false,true,,C. Droesch,,Not Available,NA,Boston College Eagles,s:40~l:54~t:103,boston-college-eagles,https://a.espncdn.com/i/teamlogos/ncaa/500/103.png,BC,8c2232,dbcca6,home,false,63,135,Golden Gophers,Minnesota,Minnesota Golden Gophers,MINN,https://a.espncdn.com/i/teamlogos/ncaa/500/135.png,981a31,981a31,76
244000014,2004,3,2004-03-28,2004-03-28T14:30:00.000000-0500,132,Jessalyn Deveny,103,Eagles,Boston College,Boston College,,7,11,1,3,3,3,1,4,5,0,0,0,0,1,18,true,false,false,true,,J. Deveny,,Not Available,NA,Boston College Eagles,s:40~l:54~t:103,boston-college-eagles,https://a.espncdn.com/i/teamlogos/ncaa/500/103.png,BC,8c2232,dbcca6,home,false,63,135,Golden Gophers,Minnesota,Minnesota Golden Gophers,MINN,https://a.espncdn.com/i/teamlogos/ncaa/500/135.png,981a31,981a31,76
244000029,2004,3,2004-03-28,2004-03-28T19:00:00.000000-0500,1937,Chelsea Trotter,24,Cardinal,Stanford,Stanford,,1,5,0,0,1,1,0,1,1,0,0,0,0,3,3,true,false,false,true,,C. Trotter,,Not Available,NA,Stanford Cardinal,s:40~l:54~t:24,stanford-cardinal,https://a.espncdn.com/i/teamlogos/ncaa/500/24.png,STAN,8c1515,ffffff,away,true,57,238,Commodores,Vanderbilt,Vanderbilt Commodores,VAN,https://a.espncdn.com/i/teamlogos/ncaa/500/238.png,000000,231f20,55
244000029,2004,3,2004-03-28,2004-03-28T19:00:00.000000-0500,1936,T'Nae Thiel,24,Cardinal,Stanford,Stanford,,5,8,0,0,0,0,2,3,5,0,0,0,0,3,10,true,false,false,true,,T. Thiel,,Not Available,NA,Stanford Cardinal,s:40~l:54~t:24,stanford-cardinal,https://a.espncdn.com/i/teamlogos/ncaa/500/24.png,STAN,8c1515,ffffff,away,true,57,238,Commodores,Vanderbilt,Vanderbilt Commodores,VAN,https://a.espncdn.com/i/teamlogos/ncaa/500/238.png,000000,231f20,55
244000029,2004,3,2004-03-28,2004-03-28T19:00:00.000000-0500,1934,Nicole Powell,24,Cardinal,Stanford,Stanford,,5,16,2,8,4,4,2,15,17,0,0,0,0,3,16,true,false,false,true,,N. Powell,,Not Available,NA,Stanford Cardinal,s:40~l:54~t:24,stanford-cardinal,https://a.espncdn.com/i/teamlogos/ncaa/500/24.png,STAN,8c1515,ffffff,away,true,57,238,Commodores,Vanderbilt,Vanderbilt Commodores,VAN,https://a.espncdn.com/i/teamlogos/ncaa/500/238.png,000000,231f20,55
244000029,2004,3,2004-03-28,2004-03-28T19:00:00.000000-0500,1935,Kelley Suminski,24,Cardinal,Stanford,Stanford,,3,6,2,4,3,4,3,2,5,0,0,0,0,3,11,true,false,false,true,,K. Suminski,,Not Available,NA,Stanford Cardinal,s:40~l:54~t:24,stanford-cardinal,https://a.espncdn.com/i/teamlogos/ncaa/500/24.png,STAN,8c1515,ffffff,away,true,57,238,Commodores,Vanderbilt,Vanderbilt Commodores,VAN,https://a.espncdn.com/i/teamlogos/ncaa/500/238.png,000000,231f20,55
244000029,2004,3,2004-03-28,2004-03-28T19:00:00.000000-0500,1932,Susan Borchardt,24,Cardinal,Stanford,Stanford,,3,5,3,5,0,0,0,0,0,0,0,0,0,1,9,true,false,false,true,,S. Borchardt,,Not Available,NA,Stanford Cardinal,s:40~l:54~t:24,stanford-cardinal,https://a.espncdn.com/i/teamlogos/ncaa/500/24.png,STAN,8c1515,ffffff,away,true,57,238,Commodores,Vanderbilt,Vanderbilt Commodores,VAN,https://a.espncdn.com/i/teamlogos/ncaa/500/238.png,000000,231f20,55
244000029,2004,3,2004-03-28,2004-03-28T19:00:00.000000-0500,3776,Carla Thomas,238,Commodores,Vanderbilt,Vanderbilt,,0,5,0,0,1,2,0,2,2,0,0,0,0,3,1,true,false,false,true,,C. Thomas,,Not Available,NA,Vanderbilt Commodores,s:40~l:54~t:238,vanderbilt-commodores,https://a.espncdn.com/i/teamlogos/ncaa/500/238.png,VAN,000000,231f20,home,false,55,24,Cardinal,Stanford,Stanford Cardinal,STAN,https://a.espncdn.com/i/teamlogos/ncaa/500/24.png,8c1515,ffffff,57
244000029,2004,3,2004-03-28,2004-03-28T19:00:00.000000-0500,2175,Jenni Benningfield,238,Commodores,Vanderbilt,Vanderbilt,,4,12,0,2,3,5,1,3,4,0,0,0,0,3,11,true,false,false,true,,J. Benningfield,,Not Available,NA,Vanderbilt Commodores,s:40~l:54~t:238,vanderbilt-commodores,https://a.espncdn.com/i/teamlogos/ncaa/500/238.png,VAN,000000,231f20,home,false,55,24,Cardinal,Stanford,Stanford Cardinal,STAN,https://a.espncdn.com/i/teamlogos/ncaa/500/24.png,8c1515,ffffff,57
244000029,2004,3,2004-03-28,2004-03-28T19:00:00.000000-0500,3778,Dee Davis,238,Commodores,Vanderbilt,Vanderbilt,,3,10,1,4,3,4,1,1,2,0,0,0,0,1,10,true,false,false,true,,D. Davis,,Not Available,NA,Vanderbilt Commodores,s:40~l:54~t:238,vanderbilt-commodores,https://a.espncdn.com/i/teamlogos/ncaa/500/238.png,VAN,000000,231f20,home,false,55,24,Cardinal,Stanford,Stanford Cardinal,STAN,https://a.espncdn.com/i/teamlogos/ncaa/500/24.png,8c1515,ffffff,57
244000029,2004,3,2004-03-28,2004-03-28T19:00:00.000000-0500,2177,Abi Ramsey,238,Commodores,Vanderbilt,Vanderbilt,,3,4,1,1,1,2,0,0,0,0,0,0,0,1,8,true,false,false,true,,A. Ramsey,,Not Available,NA,Vanderbilt Commodores,s:40~l:54~t:238,vanderbilt-commodores,https://a.espncdn.com/i/teamlogos/ncaa/500/238.png,VAN,000000,231f20,home,false,55,24,Cardinal,Stanford,Stanford Cardinal,STAN,https://a.espncdn.com/i/teamlogos/ncaa/500/24.png,8c1515,ffffff,57
244000029,2004,3,2004-03-28,2004-03-28T19:00:00.000000-0500,2174,Hillary Hager,238,Commodores,Vanderbilt,Vanderbilt,,5,10,1,3,0,0,1,5,6,0,0,0,0,4,11,true,false,false,true,,H. Hager,,Not Available,NA,Vanderbilt Commodores,s:40~l:54~t:238,vanderbilt-commodores,https://a.espncdn.com/i/teamlogos/ncaa/500/238.png,VAN,000000,231f20,home,false,55,24,Cardinal,Stanford,Stanford Cardinal,STAN,https://a.espncdn.com/i/teamlogos/ncaa/500/24.png,8c1515,ffffff,57
244000022,2004,3,2004-03-28,2004-03-28T21:30:00.000000-0500,2428,Sophia Young-Malcolm,239,Bears,Baylor,Baylor,,5,16,0,1,3,5,1,7,8,0,0,0,0,2,13,true,false,false,true,,S. Young-Malcolm,,Not Available,NA,Baylor Bears,s:40~l:54~t:239,baylor-bears,https://a.espncdn.com/i/teamlogos/ncaa/500/239.png,BAY,154734,ffb81c,away,false,69,2633,Lady Volunteers,Tennessee,Tennessee Lady Volunteers,TENN,https://a.espncdn.com/i/teamlogos/ncaa/500/2633_ncw.png,ff8200,ffffff,71
244000022,2004,3,2004-03-28,2004-03-28T21:30:00.000000-0500,2427,Chameka Scott,239,Bears,Baylor,Baylor,,1,5,1,5,3,4,2,1,3,0,0,0,0,0,6,true,false,false,true,,C. Scott,,Not Available,NA,Baylor Bears,s:40~l:54~t:239,baylor-bears,https://a.espncdn.com/i/teamlogos/ncaa/500/239.png,BAY,154734,ffb81c,away,false,69,2633,Lady Volunteers,Tennessee,Tennessee Lady Volunteers,TENN,https://a.espncdn.com/i/teamlogos/ncaa/500/2633_ncw.png,ff8200,ffffff,71
244000022,2004,3,2004-03-28,2004-03-28T21:30:00.000000-0500,123,Tiffanie Blackmon,239,Bears,Baylor,Baylor,,,,,,,,,,,,,,,,,true,false,true,true,,T. Blackmon,,Not Available,NA,Baylor Bears,s:40~l:54~t:239,baylor-bears,https://a.espncdn.com/i/teamlogos/ncaa/500/239.png,BAY,154734,ffb81c,away,false,69,2633,Lady Volunteers,Tennessee,Tennessee Lady Volunteers,TENN,https://a.espncdn.com/i/teamlogos/ncaa/500/2633_ncw.png,ff8200,ffffff,71
244000022,2004,3,2004-03-28,2004-03-28T21:30:00.000000-0500,118,Chanelle Fox,239,Bears,Baylor,Baylor,,,,,,,,,,,,,,,,,true,false,true,true,,C. Fox,,Not Available,NA,Baylor Bears,s:40~l:54~t:239,baylor-bears,https://a.espncdn.com/i/teamlogos/ncaa/500/239.png,BAY,154734,ffb81c,away,false,69,2633,Lady Volunteers,Tennessee,Tennessee Lady Volunteers,TENN,https://a.espncdn.com/i/teamlogos/ncaa/500/2633_ncw.png,ff8200,ffffff,71
244000022,2004,3,2004-03-28,2004-03-28T21:30:00.000000-0500,117,Jordan Davis,239,Bears,Baylor,Baylor,,,,,,,,,,,,,,,,,true,false,true,true,,J. Davis,,Not Available,NA,Baylor Bears,s:40~l:54~t:239,baylor-bears,https://a.espncdn.com/i/teamlogos/ncaa/500/239.png,BAY,154734,ffb81c,away,false,69,2633,Lady Volunteers,Tennessee,Tennessee Lady Volunteers,TENN,https://a.espncdn.com/i/teamlogos/ncaa/500/2633_ncw.png,ff8200,ffffff,71
244000022,2004,3,2004-03-28,2004-03-28T21:30:00.000000-0500,2632,Tyesha Fluker,2633,Lady Volunteers,Tennessee,Tennessee,,1,5,0,0,0,0,1,0,1,0,0,0,0,2,2,true,false,false,true,,T. Fluker,,Not Available,NA,Tennessee Lady Volunteers,s:40~l:54~t:2633,tennessee-lady-volunteers,https://a.espncdn.com/i/teamlogos/ncaa/500/2633_ncw.png,TENN,ff8200,ffffff,home,true,71,239,Bears,Baylor,Baylor Bears,BAY,https://a.espncdn.com/i/teamlogos/ncaa/500/239.png,154734,ffb81c,69
244000022,2004,3,2004-03-28,2004-03-28T21:30:00.000000-0500,2008,Ashley Robinson,2633,Lady Volunteers,Tennessee,Tennessee,,3,4,0,0,1,3,1,0,1,0,0,0,0,5,7,true,false,false,true,,A. Robinson,,Not Available,NA,Tennessee Lady Volunteers,s:40~l:54~t:2633,tennessee-lady-volunteers,https://a.espncdn.com/i/teamlogos/ncaa/500/2633_ncw.png,TENN,ff8200,ffffff,home,true,71,239,Bears,Baylor,Baylor Bears,BAY,https://a.espncdn.com/i/teamlogos/ncaa/500/239.png,154734,ffb81c,69
244000022,2004,3,2004-03-28,2004-03-28T21:30:00.000000-0500,2005,Shyra Ely,2633,Lady Volunteers,Tennessee,Tennessee,,7,14,0,0,5,10,3,6,9,0,0,0,0,1,19,true,false,false,true,,S. Ely,,Not Available,NA,Tennessee Lady Volunteers,s:40~l:54~t:2633,tennessee-lady-volunteers,https://a.espncdn.com/i/teamlogos/ncaa/500/2633_ncw.png,TENN,ff8200,ffffff,home,true,71,239,Bears,Baylor,Baylor Bears,BAY,https://a.espncdn.com/i/teamlogos/ncaa/500/239.png,154734,ffb81c,69
244000022,2004,3,2004-03-28,2004-03-28T21:30:00.000000-0500,2004,LaToya Davis,2633,Lady Volunteers,Tennessee,Tennessee,,4,9,0,0,4,4,4,2,6,0,0,0,0,1,12,true,false,false,true,,L. Davis,,Not Available,NA,Tennessee Lady Volunteers,s:40~l:54~t:2633,tennessee-lady-volunteers,https://a.espncdn.com/i/teamlogos/ncaa/500/2633_ncw.png,TENN,ff8200,ffffff,home,true,71,239,Bears,Baylor,Baylor Bears,BAY,https://a.espncdn.com/i/teamlogos/ncaa/500/239.png,154734,ffb81c,69
244000022,2004,3,2004-03-28,2004-03-28T21:30:00.000000-0500,2001,Brittany Jackson,2633,Lady Volunteers,Tennessee,Tennessee,,0,3,0,2,0,0,1,1,2,0,0,0,0,0,0,true,false,false,true,,B. Jackson,,Not Available,NA,Tennessee Lady Volunteers,s:40~l:54~t:2633,tennessee-lady-volunteers,https://a.espncdn.com/i/teamlogos/ncaa/500/2633_ncw.png,TENN,ff8200,ffffff,home,true,71,239,Bears,Baylor,Baylor Bears,BAY,https://a.espncdn.com/i/teamlogos/ncaa/500/239.png,154734,ffb81c,69
244000053,2004,3,2004-03-27,2004-03-27T12:00:00.000000-0500,2438,Courtney LaVere,87,Fighting Irish,Notre Dame,Notre Dame,,4,14,0,2,0,2,5,0,5,0,0,0,0,4,8,true,false,false,true,,C. LaVere,,Not Available,NA,Notre Dame Fighting Irish,s:40~l:54~t:87,notre-dame-fighting-irish,https://a.espncdn.com/i/teamlogos/ncaa/500/87.png,ND,0c2340,c99700,away,false,49,213,Lady Lions,Penn State,Penn State Lady Lions,PSU,https://a.espncdn.com/i/teamlogos/ncaa/500/213.png,00265D,002e5c,55
244000053,2004,3,2004-03-27,2004-03-27T12:00:00.000000-0500,1466,Jacqueline Batteast,87,Fighting Irish,Notre Dame,Notre Dame,,7,21,0,2,6,7,5,6,11,0,0,0,0,0,20,true,false,false,true,,J. Batteast,,Not Available,NA,Notre Dame Fighting Irish,s:40~l:54~t:87,notre-dame-fighting-irish,https://a.espncdn.com/i/teamlogos/ncaa/500/87.png,ND,0c2340,c99700,away,false,49,213,Lady Lions,Penn State,Penn State Lady Lions,PSU,https://a.espncdn.com/i/teamlogos/ncaa/500/213.png,00265D,002e5c,55
244000053,2004,3,2004-03-27,2004-03-27T12:00:00.000000-0500,2437,Megan Duffy,87,Fighting Irish,Notre Dame,Notre Dame,,0,2,0,1,0,0,1,2,3,0,0,0,0,3,0,true,false,false,true,,M. Duffy,,Not Available,NA,Notre Dame Fighting Irish,s:40~l:54~t:87,notre-dame-fighting-irish,https://a.espncdn.com/i/teamlogos/ncaa/500/87.png,ND,0c2340,c99700,away,false,49,213,Lady Lions,Penn State,Penn State Lady Lions,PSU,https://a.espncdn.com/i/teamlogos/ncaa/500/213.png,00265D,002e5c,55
244000053,2004,3,2004-03-27,2004-03-27T12:00:00.000000-0500,1471,Le'Tania Severe,87,Fighting Irish,Notre Dame,Notre Dame,,3,9,0,0,3,4,2,3,5,0,0,0,0,4,9,true,false,false,true,,L. Severe,,Not Available,NA,Notre Dame Fighting Irish,s:40~l:54~t:87,notre-dame-fighting-irish,https://a.espncdn.com/i/teamlogos/ncaa/500/87.png,ND,0c2340,c99700,away,false,49,213,Lady Lions,Penn State,Penn State Lady Lions,PSU,https://a.espncdn.com/i/teamlogos/ncaa/500/213.png,00265D,002e5c,55
244000053,2004,3,2004-03-27,2004-03-27T12:00:00.000000-0500,1469,Monique Hernandez,87,Fighting Irish,Notre Dame,Notre Dame,,0,0,0,0,0,0,0,0,0,0,0,0,0,1,0,true,false,false,true,,M. Hernandez,,Not Available,NA,Notre Dame Fighting Irish,s:40~l:54~t:87,notre-dame-fighting-irish,https://a.espncdn.com/i/teamlogos/ncaa/500/87.png,ND,0c2340,c99700,away,false,49,213,Lady Lions,Penn State,Penn State Lady Lions,PSU,https://a.espncdn.com/i/teamlogos/ncaa/500/213.png,00265D,002e5c,55
244000053,2004,3,2004-03-27,2004-03-27T12:00:00.000000-0500,3747,Reicina Russell,213,Lady Lions,Penn State,Penn State,,0,2,0,0,0,1,2,4,6,0,0,0,0,1,0,true,false,false,true,,R. Russell,,Not Available,NA,Penn State Lady Lions,s:40~l:54~t:213,penn-state-lady-lions,https://a.espncdn.com/i/teamlogos/ncaa/500/213.png,PSU,00265D,002e5c,home,true,55,87,Fighting Irish,Notre Dame,Notre Dame Fighting Irish,ND,https://a.espncdn.com/i/teamlogos/ncaa/500/87.png,0c2340,c99700,49
244000053,2004,3,2004-03-27,2004-03-27T12:00:00.000000-0500,1551,Jessica Brungo,213,Lady Lions,Penn State,Penn State,,8,18,1,5,3,3,2,5,7,0,0,0,0,2,20,true,false,false,true,,J. Brungo,,Not Available,NA,Penn State Lady Lions,s:40~l:54~t:213,penn-state-lady-lions,https://a.espncdn.com/i/teamlogos/ncaa/500/213.png,PSU,00265D,002e5c,home,true,55,87,Fighting Irish,Notre Dame,Notre Dame Fighting Irish,ND,https://a.espncdn.com/i/teamlogos/ncaa/500/87.png,0c2340,c99700,49
244000053,2004,3,2004-03-27,2004-03-27T12:00:00.000000-0500,1556,Tanisha Wright,213,Lady Lions,Penn State,Penn State,,2,4,0,0,2,2,3,5,8,0,0,0,0,3,6,true,false,false,true,,T. Wright,,Not Available,NA,Penn State Lady Lions,s:40~l:54~t:213,penn-state-lady-lions,https://a.espncdn.com/i/teamlogos/ncaa/500/213.png,PSU,00265D,002e5c,home,true,55,87,Fighting Irish,Notre Dame,Notre Dame Fighting Irish,ND,https://a.espncdn.com/i/teamlogos/ncaa/500/87.png,0c2340,c99700,49
244000053,2004,3,2004-03-27,2004-03-27T12:00:00.000000-0500,1555,Jess Strom,213,Lady Lions,Penn State,Penn State,,3,9,3,8,4,4,1,1,2,0,0,0,0,1,13,true,false,false,true,,J. Strom,,Not Available,NA,Penn State Lady Lions,s:40~l:54~t:213,penn-state-lady-lions,https://a.espncdn.com/i/teamlogos/ncaa/500/213.png,PSU,00265D,002e5c,home,true,55,87,Fighting Irish,Notre Dame,Notre Dame Fighting Irish,ND,https://a.espncdn.com/i/teamlogos/ncaa/500/87.png,0c2340,c99700,49
244000053,2004,3,2004-03-27,2004-03-27T12:00:00.000000-0500,1553,Kelly Mazzante,213,Lady Lions,Penn State,Penn State,,5,15,2,7,2,4,2,5,7,0,0,0,0,2,14,true,false,false,true,,K. Mazzante,,Not Available,NA,Penn State Lady Lions,s:40~l:54~t:213,penn-state-lady-lions,https://a.espncdn.com/i/teamlogos/ncaa/500/213.png,PSU,00265D,002e5c,home,true,55,87,Fighting Irish,Notre Dame,Notre Dame Fighting Irish,ND,https://a.espncdn.com/i/teamlogos/ncaa/500/87.png,0c2340,c99700,49
244000060,2004,3,2004-03-27,2004-03-27T14:30:00.000000-0500,1762,Lindsay Taylor,2540,Gauchos,UC Santa Barbara,UCSB,,4,12,1,2,2,3,0,5,5,0,0,0,0,4,11,true,false,false,true,,L. Taylor,,Not Available,NA,UC Santa Barbara Gauchos,s:40~l:54~t:2540,uc-santa-barbara-gauchos,https://a.espncdn.com/i/teamlogos/ncaa/500/2540.png,UCSB,1D1160,fdb813,away,false,55,41,Huskies,UConn,UConn Huskies,CONN,https://a.espncdn.com/i/teamlogos/ncaa/500/41.png,0c2340,f1f2f3,63
244000060,2004,3,2004-03-27,2004-03-27T14:30:00.000000-0500,1761,Brandy Richardson,2540,Gauchos,UC Santa Barbara,UCSB,,0,1,0,0,2,2,1,2,3,0,0,0,0,5,2,true,false,false,true,,B. Richardson,,Not Available,NA,UC Santa Barbara Gauchos,s:40~l:54~t:2540,uc-santa-barbara-gauchos,https://a.espncdn.com/i/teamlogos/ncaa/500/2540.png,UCSB,1D1160,fdb813,away,false,55,41,Huskies,UConn,UConn Huskies,CONN,https://a.espncdn.com/i/teamlogos/ncaa/500/41.png,0c2340,f1f2f3,63
244000060,2004,3,2004-03-27,2004-03-27T14:30:00.000000-0500,1760,Kristen Mann,2540,Gauchos,UC Santa Barbara,UCSB,,6,14,1,3,0,0,1,3,4,0,0,0,0,2,13,true,false,false,true,,K. Mann,,Not Available,NA,UC Santa Barbara Gauchos,s:40~l:54~t:2540,uc-santa-barbara-gauchos,https://a.espncdn.com/i/teamlogos/ncaa/500/2540.png,UCSB,1D1160,fdb813,away,false,55,41,Huskies,UConn,UConn Huskies,CONN,https://a.espncdn.com/i/teamlogos/ncaa/500/41.png,0c2340,f1f2f3,63
244000060,2004,3,2004-03-27,2004-03-27T14:30:00.000000-0500,3312,April McDivitt Schilling,2540,Gauchos,UC Santa Barbara,UCSB,,6,12,4,9,3,6,1,1,2,0,0,0,0,4,19,true,false,false,true,,A. McDivitt Schilling,,Not Available,NA,UC Santa Barbara Gauchos,s:40~l:54~t:2540,uc-santa-barbara-gauchos,https://a.espncdn.com/i/teamlogos/ncaa/500/2540.png,UCSB,1D1160,fdb813,away,false,55,41,Huskies,UConn,UConn Huskies,CONN,https://a.espncdn.com/i/teamlogos/ncaa/500/41.png,0c2340,f1f2f3,63
244000060,2004,3,2004-03-27,2004-03-27T14:30:00.000000-0500,1759,Mia Fisher,2540,Gauchos,UC Santa Barbara,UCSB,,0,2,0,0,0,0,1,0,1,0,0,0,0,0,0,true,false,false,true,,M. Fisher,,Not Available,NA,UC Santa Barbara Gauchos,s:40~l:54~t:2540,uc-santa-barbara-gauchos,https://a.espncdn.com/i/teamlogos/ncaa/500/2540.png,UCSB,1D1160,fdb813,away,false,55,41,Huskies,UConn,UConn Huskies,CONN,https://a.espncdn.com/i/teamlogos/ncaa/500/41.png,0c2340,f1f2f3,63
244000060,2004,3,2004-03-27,2004-03-27T14:30:00.000000-0500,316,Jessica Moore,41,Huskies,UConn,UConn,,4,7,1,1,5,10,2,6,8,0,0,0,0,2,14,true,false,false,true,,J. Moore,,Not Available,NA,UConn Huskies,s:40~l:54~t:41,uconn-huskies,https://a.espncdn.com/i/teamlogos/ncaa/500/41.png,CONN,0c2340,f1f2f3,home,true,63,2540,Gauchos,UC Santa Barbara,UC Santa Barbara Gauchos,UCSB,https://a.espncdn.com/i/teamlogos/ncaa/500/2540.png,1D1160,fdb813,55
244000060,2004,3,2004-03-27,2004-03-27T14:30:00.000000-0500,2409,Barbara Turner,41,Huskies,UConn,UConn,,3,8,1,2,6,6,3,5,8,0,0,0,0,2,13,true,false,false,true,,B. Turner,,Not Available,NA,UConn Huskies,s:40~l:54~t:41,uconn-huskies,https://a.espncdn.com/i/teamlogos/ncaa/500/41.png,CONN,0c2340,f1f2f3,home,true,63,2540,Gauchos,UC Santa Barbara,UC Santa Barbara Gauchos,UCSB,https://a.espncdn.com/i/teamlogos/ncaa/500/2540.png,1D1160,fdb813,55
244000060,2004,3,2004-03-27,2004-03-27T14:30:00.000000-0500,2637,Ann Strother,41,Huskies,UConn,UConn,,2,3,1,2,0,0,0,3,3,0,0,0,0,1,5,true,false,false,true,,A. Strother,,Not Available,NA,UConn Huskies,s:40~l:54~t:41,uconn-huskies,https://a.espncdn.com/i/teamlogos/ncaa/500/41.png,CONN,0c2340,f1f2f3,home,true,63,2540,Gauchos,UC Santa Barbara,UC Santa Barbara Gauchos,UCSB,https://a.espncdn.com/i/teamlogos/ncaa/500/2540.png,1D1160,fdb813,55
244000060,2004,3,2004-03-27,2004-03-27T14:30:00.000000-0500,317,Diana Taurasi,41,Huskies,UConn,UConn,,9,19,1,8,2,2,3,2,5,0,0,0,0,3,21,true,false,false,true,,D. Taurasi,,Not Available,NA,UConn Huskies,s:40~l:54~t:41,uconn-huskies,https://a.espncdn.com/i/teamlogos/ncaa/500/41.png,CONN,0c2340,f1f2f3,home,true,63,2540,Gauchos,UC Santa Barbara,UC Santa Barbara Gauchos,UCSB,https://a.espncdn.com/i/teamlogos/ncaa/500/2540.png,1D1160,fdb813,55
244000060,2004,3,2004-03-27,2004-03-27T14:30:00.000000-0500,313,Maria Conlon,41,Huskies,UConn,UConn,,2,9,1,6,3,4,1,0,1,0,0,0,0,1,8,true,false,false,true,,M. Conlon,,Not Available,NA,UConn Huskies,s:40~l:54~t:41,uconn-huskies,https://a.espncdn.com/i/teamlogos/ncaa/500/41.png,CONN,0c2340,f1f2f3,home,true,63,2540,Gauchos,UC Santa Barbara,UC Santa Barbara Gauchos,UCSB,https://a.espncdn.com/i/teamlogos/ncaa/500/2540.png,1D1160,fdb813,55
244000038,2004,3,2004-03-27,2004-03-27T21:00:00.000000-0500,1043,Tillie Willis,99,Tigers,LSU,LSU,,1,4,0,0,3,4,2,5,7,0,0,0,0,5,5,true,false,false,true,,T. Willis,,Not Available,NA,LSU Tigers,s:40~l:54~t:99,lsu-tigers,https://a.espncdn.com/i/teamlogos/ncaa/500/99.png,LSU,461d7c,fdd023,away,true,71,251,Longhorns,Texas,Texas Longhorns,TEX,https://a.espncdn.com/i/teamlogos/ncaa/500/251.png,c15d26,ffffff,55
244000038,2004,3,2004-03-27,2004-03-27T21:00:00.000000-0500,1042,Wendlyn Jones,99,Tigers,LSU,LSU,,1,5,0,0,0,0,2,4,6,0,0,0,0,4,2,true,false,false,true,,W. Jones,,Not Available,NA,LSU Tigers,s:40~l:54~t:99,lsu-tigers,https://a.espncdn.com/i/teamlogos/ncaa/500/99.png,LSU,461d7c,fdd023,away,true,71,251,Longhorns,Texas,Texas Longhorns,TEX,https://a.espncdn.com/i/teamlogos/ncaa/500/251.png,c15d26,ffffff,55
244000038,2004,3,2004-03-27,2004-03-27T21:00:00.000000-0500,2635,Seimone Augustus,99,Tigers,LSU,LSU,,13,18,0,2,1,2,0,4,4,0,0,0,0,1,27,true,false,false,true,,S. Augustus,,Not Available,NA,LSU Tigers,s:40~l:54~t:99,lsu-tigers,https://a.espncdn.com/i/teamlogos/ncaa/500/99.png,LSU,461d7c,fdd023,away,true,71,251,Longhorns,Texas,Texas Longhorns,TEX,https://a.espncdn.com/i/teamlogos/ncaa/500/251.png,c15d26,ffffff,55
244000038,2004,3,2004-03-27,2004-03-27T21:00:00.000000-0500,1041,Temeka Johnson,99,Tigers,LSU,LSU,,6,18,0,0,0,0,1,3,4,0,0,0,0,0,12,true,false,false,true,,T. Johnson,,Not Available,NA,LSU Tigers,s:40~l:54~t:99,lsu-tigers,https://a.espncdn.com/i/teamlogos/ncaa/500/99.png,LSU,461d7c,fdd023,away,true,71,251,Longhorns,Texas,Texas Longhorns,TEX,https://a.espncdn.com/i/teamlogos/ncaa/500/251.png,c15d26,ffffff,55
244000038,2004,3,2004-03-27,2004-03-27T21:00:00.000000-0500,1040,Doneeka Hodges,99,Tigers,LSU,LSU,,4,10,2,4,0,0,0,5,5,0,0,0,0,1,10,true,false,false,true,,D. Hodges,,Not Available,NA,LSU Tigers,s:40~l:54~t:99,lsu-tigers,https://a.espncdn.com/i/teamlogos/ncaa/500/99.png,LSU,461d7c,fdd023,away,true,71,251,Longhorns,Texas,Texas Longhorns,TEX,https://a.espncdn.com/i/teamlogos/ncaa/500/251.png,c15d26,ffffff,55
244000038,2004,3,2004-03-27,2004-03-27T21:00:00.000000-0500,3710,Tiffany Jackson-Jones,251,Longhorns,Texas,Texas,,6,15,0,0,2,5,2,3,5,0,0,0,0,1,14,true,false,false,true,,T. Jackson-Jones,,Not Available,NA,Texas Longhorns,s:40~l:54~t:251,texas-longhorns,https://a.espncdn.com/i/teamlogos/ncaa/500/251.png,TEX,c15d26,ffffff,home,false,55,99,Tigers,LSU,LSU Tigers,LSU,https://a.espncdn.com/i/teamlogos/ncaa/500/99.png,461d7c,fdd023,71
244000038,2004,3,2004-03-27,2004-03-27T21:00:00.000000-0500,2040,Stacy Stephens,251,Longhorns,Texas,Texas,,2,6,0,0,1,2,3,8,11,0,0,0,0,3,5,true,false,false,true,,S. Stephens,,Not Available,NA,Texas Longhorns,s:40~l:54~t:251,texas-longhorns,https://a.espncdn.com/i/teamlogos/ncaa/500/251.png,TEX,c15d26,ffffff,home,false,55,99,Tigers,LSU,LSU Tigers,LSU,https://a.espncdn.com/i/teamlogos/ncaa/500/99.png,461d7c,fdd023,71
244000038,2004,3,2004-03-27,2004-03-27T21:00:00.000000-0500,2039,Heather Schreiber,251,Longhorns,Texas,Texas,,5,10,0,3,4,6,3,1,4,0,0,0,0,3,14,true,false,false,true,,H. Schreiber,,Not Available,NA,Texas Longhorns,s:40~l:54~t:251,texas-longhorns,https://a.espncdn.com/i/teamlogos/ncaa/500/251.png,TEX,c15d26,ffffff,home,false,55,99,Tigers,LSU,LSU Tigers,LSU,https://a.espncdn.com/i/teamlogos/ncaa/500/99.png,461d7c,fdd023,71
244000038,2004,3,2004-03-27,2004-03-27T21:00:00.000000-0500,2646,Jamie Carey,251,Longhorns,Texas,Texas,,5,10,5,10,2,3,0,3,3,0,0,0,0,1,17,true,false,false,true,,J. Carey,,Not Available,NA,Texas Longhorns,s:40~l:54~t:251,texas-longhorns,https://a.espncdn.com/i/teamlogos/ncaa/500/251.png,TEX,c15d26,ffffff,home,false,55,99,Tigers,LSU,LSU Tigers,LSU,https://a.espncdn.com/i/teamlogos/ncaa/500/99.png,461d7c,fdd023,71
244000038,2004,3,2004-03-27,2004-03-27T21:00:00.000000-0500,2383,Nina Norman,251,Longhorns,Texas,Texas,,1,8,1,2,0,0,2,1,3,0,0,0,0,1,3,true,false,false,true,,N. Norman,,Not Available,NA,Texas Longhorns,s:40~l:54~t:251,texas-longhorns,https://a.espncdn.com/i/teamlogos/ncaa/500/251.png,TEX,c15d26,ffffff,home,false,55,99,Tigers,LSU,LSU Tigers,LSU,https://a.espncdn.com/i/teamlogos/ncaa/500/99.png,461d7c,fdd023,71
244000045,2004,3,2004-03-27,2004-03-27T23:30:00.000000-0500,3743,Rebecca Rowsey,61,Lady Bulldogs,Georgia,Georgia,,1,2,0,0,0,0,0,0,0,0,0,0,0,2,2,true,false,false,true,,R. Rowsey,,Not Available,NA,Georgia Lady Bulldogs,s:40~l:54~t:61,georgia-lady-bulldogs,https://a.espncdn.com/i/teamlogos/ncaa/500/61.png,UGA,CC0000,000000,away,true,66,2509,Boilermakers,Purdue,Purdue Boilermakers,PUR,https://a.espncdn.com/i/teamlogos/ncaa/500/2509.png,000000,cfb991,64
244000045,2004,3,2004-03-27,2004-03-27T23:30:00.000000-0500,681,Christi Thomas,61,Lady Bulldogs,Georgia,Georgia,,5,8,0,0,4,4,3,9,12,0,0,0,0,1,14,true,false,false,true,,C. Thomas,,Not Available,NA,Georgia Lady Bulldogs,s:40~l:54~t:61,georgia-lady-bulldogs,https://a.espncdn.com/i/teamlogos/ncaa/500/61.png,UGA,CC0000,000000,away,true,66,2509,Boilermakers,Purdue,Purdue Boilermakers,PUR,https://a.espncdn.com/i/teamlogos/ncaa/500/2509.png,000000,cfb991,64
244000045,2004,3,2004-03-27,2004-03-27T23:30:00.000000-0500,3745,Janese Hardrick,61,Lady Bulldogs,Georgia,Georgia,,7,12,2,5,1,1,1,2,3,0,0,0,0,4,17,true,false,false,true,,J. Hardrick,,Not Available,NA,Georgia Lady Bulldogs,s:40~l:54~t:61,georgia-lady-bulldogs,https://a.espncdn.com/i/teamlogos/ncaa/500/61.png,UGA,CC0000,000000,away,true,66,2509,Boilermakers,Purdue,Purdue Boilermakers,PUR,https://a.espncdn.com/i/teamlogos/ncaa/500/2509.png,000000,cfb991,64
244000045,2004,3,2004-03-27,2004-03-27T23:30:00.000000-0500,2493,Alexis Kendrick,61,Lady Bulldogs,Georgia,Georgia,,2,9,0,4,5,6,0,4,4,0,0,0,0,0,9,true,false,false,true,,A. Kendrick,,Not Available,NA,Georgia Lady Bulldogs,s:40~l:54~t:61,georgia-lady-bulldogs,https://a.espncdn.com/i/teamlogos/ncaa/500/61.png,UGA,CC0000,000000,away,true,66,2509,Boilermakers,Purdue,Purdue Boilermakers,PUR,https://a.espncdn.com/i/teamlogos/ncaa/500/2509.png,000000,cfb991,64
244000045,2004,3,2004-03-27,2004-03-27T23:30:00.000000-0500,2411,Sherill Baker,61,Lady Bulldogs,Georgia,Georgia,,3,12,0,0,3,4,1,5,6,0,0,0,0,3,9,true,false,false,true,,S. Baker,,Not Available,NA,Georgia Lady Bulldogs,s:40~l:54~t:61,georgia-lady-bulldogs,https://a.espncdn.com/i/teamlogos/ncaa/500/61.png,UGA,CC0000,000000,away,true,66,2509,Boilermakers,Purdue,Purdue Boilermakers,PUR,https://a.espncdn.com/i/teamlogos/ncaa/500/2509.png,000000,cfb991,64
244000045,2004,3,2004-03-27,2004-03-27T23:30:00.000000-0500,1624,Shereka Wright,2509,Boilermakers,Purdue,Purdue,,5,14,0,0,3,5,0,3,3,0,0,0,0,3,13,true,false,false,true,,S. Wright,,Not Available,NA,Purdue Boilermakers,s:40~l:54~t:2509,purdue-boilermakers,https://a.espncdn.com/i/teamlogos/ncaa/500/2509.png,PUR,000000,cfb991,home,false,64,61,Lady Bulldogs,Georgia,Georgia Lady Bulldogs,UGA,https://a.espncdn.com/i/teamlogos/ncaa/500/61.png,CC0000,000000,66
244000045,2004,3,2004-03-27,2004-03-27T23:30:00.000000-0500,1621,Lindsey Hicks,2509,Boilermakers,Purdue,Purdue,,4,9,2,4,0,0,2,2,4,0,0,0,0,1,10,true,false,false,true,,L. Hicks,,Not Available,NA,Purdue Boilermakers,s:40~l:54~t:2509,purdue-boilermakers,https://a.espncdn.com/i/teamlogos/ncaa/500/2509.png,PUR,000000,cfb991,home,false,64,61,Lady Bulldogs,Georgia,Georgia Lady Bulldogs,UGA,https://a.espncdn.com/i/teamlogos/ncaa/500/61.png,CC0000,000000,66
244000045,2004,3,2004-03-27,2004-03-27T23:30:00.000000-0500,1620,Emily Heikes,2509,Boilermakers,Purdue,Purdue,,2,7,0,0,0,0,1,8,9,0,0,0,0,1,4,true,false,false,true,,E. Heikes,,Not Available,NA,Purdue Boilermakers,s:40~l:54~t:2509,purdue-boilermakers,https://a.espncdn.com/i/teamlogos/ncaa/500/2509.png,PUR,000000,cfb991,home,false,64,61,Lady Bulldogs,Georgia,Georgia Lady Bulldogs,UGA,https://a.espncdn.com/i/teamlogos/ncaa/500/61.png,CC0000,000000,66
244000045,2004,3,2004-03-27,2004-03-27T23:30:00.000000-0500,1623,Erika Valek,2509,Boilermakers,Purdue,Purdue,,4,11,0,0,2,2,1,4,5,0,0,0,0,3,10,true,false,false,true,,E. Valek,,Not Available,NA,Purdue Boilermakers,s:40~l:54~t:2509,purdue-boilermakers,https://a.espncdn.com/i/teamlogos/ncaa/500/2509.png,PUR,000000,cfb991,home,false,64,61,Lady Bulldogs,Georgia,Georgia Lady Bulldogs,UGA,https://a.espncdn.com/i/teamlogos/ncaa/500/61.png,CC0000,000000,66
244000045,2004,3,2004-03-27,2004-03-27T23:30:00.000000-0500,1622,Beth Jones,2509,Boilermakers,Purdue,Purdue,,1,4,1,2,0,0,1,1,2,0,0,0,0,1,3,true,false,false,true,,B. Jones,,Not Available,NA,Purdue Boilermakers,s:40~l:54~t:2509,purdue-boilermakers,https://a.espncdn.com/i/teamlogos/ncaa/500/2509.png,PUR,000000,cfb991,home,false,64,61,Lady Bulldogs,Georgia,Georgia Lady Bulldogs,UGA,https://a.espncdn.com/i/teamlogos/ncaa/500/61.png,CC0000,000000,66
244000052,2004,3,2004-03-23,2004-03-23T19:00:00.000000-0500,4449,Krystle Horton,2393,Blue Raiders,Middle Tennessee,MTSU,,6,13,0,0,4,7,0,2,2,0,0,0,0,2,16,true,false,false,true,,K. Horton,,Not Available,NA,Middle Tennessee Blue Raiders,s:40~l:54~t:2393,middle-tennessee-blue-raiders,https://a.espncdn.com/i/teamlogos/ncaa/500/2393.png,MTSU,006db6,ffffff,away,false,46,87,Fighting Irish,Notre Dame,Notre Dame Fighting Irish,ND,https://a.espncdn.com/i/teamlogos/ncaa/500/87.png,0c2340,c99700,59
244000052,2004,3,2004-03-23,2004-03-23T19:00:00.000000-0500,3030,Tia Stovall,2393,Blue Raiders,Middle Tennessee,MTSU,,4,10,0,0,0,0,0,3,3,0,0,0,0,3,8,true,false,false,true,,T. Stovall,,Not Available,NA,Middle Tennessee Blue Raiders,s:40~l:54~t:2393,middle-tennessee-blue-raiders,https://a.espncdn.com/i/teamlogos/ncaa/500/2393.png,MTSU,006db6,ffffff,away,false,46,87,Fighting Irish,Notre Dame,Notre Dame Fighting Irish,ND,https://a.espncdn.com/i/teamlogos/ncaa/500/87.png,0c2340,c99700,59
244000052,2004,3,2004-03-23,2004-03-23T19:00:00.000000-0500,1176,Jennifer Justice,2393,Blue Raiders,Middle Tennessee,MTSU,,1,4,1,3,0,0,1,1,2,0,0,0,0,3,3,true,false,false,true,,J. Justice,,Not Available,NA,Middle Tennessee Blue Raiders,s:40~l:54~t:2393,middle-tennessee-blue-raiders,https://a.espncdn.com/i/teamlogos/ncaa/500/2393.png,MTSU,006db6,ffffff,away,false,46,87,Fighting Irish,Notre Dame,Notre Dame Fighting Irish,ND,https://a.espncdn.com/i/teamlogos/ncaa/500/87.png,0c2340,c99700,59
244000052,2004,3,2004-03-23,2004-03-23T19:00:00.000000-0500,2376,Keisha McClinic,2393,Blue Raiders,Middle Tennessee,MTSU,,1,9,0,4,0,0,3,2,5,0,0,0,0,0,2,true,false,false,true,,K. McClinic,,Not Available,NA,Middle Tennessee Blue Raiders,s:40~l:54~t:2393,middle-tennessee-blue-raiders,https://a.espncdn.com/i/teamlogos/ncaa/500/2393.png,MTSU,006db6,ffffff,away,false,46,87,Fighting Irish,Notre Dame,Notre Dame Fighting Irish,ND,https://a.espncdn.com/i/teamlogos/ncaa/500/87.png,0c2340,c99700,59
244000052,2004,3,2004-03-23,2004-03-23T19:00:00.000000-0500,1175,Patrice Holmes,2393,Blue Raiders,Middle Tennessee,MTSU,,5,13,1,6,0,1,0,3,3,0,0,0,0,0,11,true,false,false,true,,P. Holmes,,Not Available,NA,Middle Tennessee Blue Raiders,s:40~l:54~t:2393,middle-tennessee-blue-raiders,https://a.espncdn.com/i/teamlogos/ncaa/500/2393.png,MTSU,006db6,ffffff,away,false,46,87,Fighting Irish,Notre Dame,Notre Dame Fighting Irish,ND,https://a.espncdn.com/i/teamlogos/ncaa/500/87.png,0c2340,c99700,59
244000052,2004,3,2004-03-23,2004-03-23T19:00:00.000000-0500,2438,Courtney LaVere,87,Fighting Irish,Notre Dame,Notre Dame,,1,6,0,1,1,2,1,3,4,0,0,0,0,3,3,true,false,false,true,,C. LaVere,,Not Available,NA,Notre Dame Fighting Irish,s:40~l:54~t:87,notre-dame-fighting-irish,https://a.espncdn.com/i/teamlogos/ncaa/500/87.png,ND,0c2340,c99700,home,true,59,2393,Blue Raiders,Middle Tennessee,Middle Tennessee Blue Raiders,MTSU,https://a.espncdn.com/i/teamlogos/ncaa/500/2393.png,006db6,ffffff,46
244000052,2004,3,2004-03-23,2004-03-23T19:00:00.000000-0500,1466,Jacqueline Batteast,87,Fighting Irish,Notre Dame,Notre Dame,,12,15,1,1,0,0,1,9,10,0,0,0,0,1,25,true,false,false,true,,J. Batteast,,Not Available,NA,Notre Dame Fighting Irish,s:40~l:54~t:87,notre-dame-fighting-irish,https://a.espncdn.com/i/teamlogos/ncaa/500/87.png,ND,0c2340,c99700,home,true,59,2393,Blue Raiders,Middle Tennessee,Middle Tennessee Blue Raiders,MTSU,https://a.espncdn.com/i/teamlogos/ncaa/500/2393.png,006db6,ffffff,46
244000052,2004,3,2004-03-23,2004-03-23T19:00:00.000000-0500,2437,Megan Duffy,87,Fighting Irish,Notre Dame,Notre Dame,,2,5,0,1,0,0,0,1,1,0,0,0,0,0,4,true,false,false,true,,M. Duffy,,Not Available,NA,Notre Dame Fighting Irish,s:40~l:54~t:87,notre-dame-fighting-irish,https://a.espncdn.com/i/teamlogos/ncaa/500/87.png,ND,0c2340,c99700,home,true,59,2393,Blue Raiders,Middle Tennessee,Middle Tennessee Blue Raiders,MTSU,https://a.espncdn.com/i/teamlogos/ncaa/500/2393.png,006db6,ffffff,46
244000052,2004,3,2004-03-23,2004-03-23T19:00:00.000000-0500,1471,Le'Tania Severe,87,Fighting Irish,Notre Dame,Notre Dame,,0,1,0,0,1,2,0,3,3,0,0,0,0,2,1,true,false,false,true,,L. Severe,,Not Available,NA,Notre Dame Fighting Irish,s:40~l:54~t:87,notre-dame-fighting-irish,https://a.espncdn.com/i/teamlogos/ncaa/500/87.png,ND,0c2340,c99700,home,true,59,2393,Blue Raiders,Middle Tennessee,Middle Tennessee Blue Raiders,MTSU,https://a.espncdn.com/i/teamlogos/ncaa/500/2393.png,006db6,ffffff,46
244000052,2004,3,2004-03-23,2004-03-23T19:00:00.000000-0500,1469,Monique Hernandez,87,Fighting Irish,Notre Dame,Notre Dame,,2,2,0,0,0,0,1,2,3,0,0,0,0,0,4,true,false,false,true,,M. Hernandez,,Not Available,NA,Notre Dame Fighting Irish,s:40~l:54~t:87,notre-dame-fighting-irish,https://a.espncdn.com/i/teamlogos/ncaa/500/87.png,ND,0c2340,c99700,home,true,59,2393,Blue Raiders,Middle Tennessee,Middle Tennessee Blue Raiders,MTSU,https://a.espncdn.com/i/teamlogos/ncaa/500/2393.png,006db6,ffffff,46
244000049,2004,3,2004-03-23,2004-03-23T19:00:00.000000-0500,2776,Kerri Gardin,259,Hokies,Virginia Tech,Virginia Tech,,3,6,0,0,0,1,0,4,4,0,0,0,0,1,6,true,false,false,true,,K. Gardin,,Not Available,NA,Virginia Tech Hokies,s:40~l:54~t:259,virginia-tech-hokies,https://a.espncdn.com/i/teamlogos/ncaa/500/259.png,VT,630031,cf4520,away,false,48,213,Lady Lions,Penn State,Penn State Lady Lions,PSU,https://a.espncdn.com/i/teamlogos/ncaa/500/213.png,00265D,002e5c,61
244000049,2004,3,2004-03-23,2004-03-23T19:00:00.000000-0500,2209,Ieva Kublina,259,Hokies,Virginia Tech,Virginia Tech,,4,13,2,3,3,4,2,5,7,0,0,0,0,1,13,true,false,false,true,,I. Kublina,,Not Available,NA,Virginia Tech Hokies,s:40~l:54~t:259,virginia-tech-hokies,https://a.espncdn.com/i/teamlogos/ncaa/500/259.png,VT,630031,cf4520,away,false,48,213,Lady Lions,Penn State,Penn State Lady Lions,PSU,https://a.espncdn.com/i/teamlogos/ncaa/500/213.png,00265D,002e5c,61
244000049,2004,3,2004-03-23,2004-03-23T19:00:00.000000-0500,2208,Erin Gibson,259,Hokies,Virginia Tech,Virginia Tech,,5,9,0,0,1,3,3,3,6,0,0,0,0,3,11,true,false,false,true,,E. Gibson,,Not Available,NA,Virginia Tech Hokies,s:40~l:54~t:259,virginia-tech-hokies,https://a.espncdn.com/i/teamlogos/ncaa/500/259.png,VT,630031,cf4520,away,false,48,213,Lady Lions,Penn State,Penn State Lady Lions,PSU,https://a.espncdn.com/i/teamlogos/ncaa/500/213.png,00265D,002e5c,61
244000049,2004,3,2004-03-23,2004-03-23T19:00:00.000000-0500,2778,Carrie Mason,259,Hokies,Virginia Tech,Virginia Tech,,5,10,1,2,4,4,0,5,5,0,0,0,0,2,15,true,false,false,true,,C. Mason,,Not Available,NA,Virginia Tech Hokies,s:40~l:54~t:259,virginia-tech-hokies,https://a.espncdn.com/i/teamlogos/ncaa/500/259.png,VT,630031,cf4520,away,false,48,213,Lady Lions,Penn State,Penn State Lady Lions,PSU,https://a.espncdn.com/i/teamlogos/ncaa/500/213.png,00265D,002e5c,61
244000049,2004,3,2004-03-23,2004-03-23T19:00:00.000000-0500,2773,Dawn Chriss,259,Hokies,Virginia Tech,Virginia Tech,,1,4,1,1,0,0,0,4,4,0,0,0,0,3,3,true,false,false,true,,D. Chriss,,Not Available,NA,Virginia Tech Hokies,s:40~l:54~t:259,virginia-tech-hokies,https://a.espncdn.com/i/teamlogos/ncaa/500/259.png,VT,630031,cf4520,away,false,48,213,Lady Lions,Penn State,Penn State Lady Lions,PSU,https://a.espncdn.com/i/teamlogos/ncaa/500/213.png,00265D,002e5c,61
244000049,2004,3,2004-03-23,2004-03-23T19:00:00.000000-0500,3747,Reicina Russell,213,Lady Lions,Penn State,Penn State,,1,2,0,0,0,0,1,2,3,0,0,0,0,4,2,true,false,false,true,,R. Russell,,Not Available,NA,Penn State Lady Lions,s:40~l:54~t:213,penn-state-lady-lions,https://a.espncdn.com/i/teamlogos/ncaa/500/213.png,PSU,00265D,002e5c,home,true,61,259,Hokies,Virginia Tech,Virginia Tech Hokies,VT,https://a.espncdn.com/i/teamlogos/ncaa/500/259.png,630031,cf4520,48
244000049,2004,3,2004-03-23,2004-03-23T19:00:00.000000-0500,1551,Jessica Brungo,213,Lady Lions,Penn State,Penn State,,4,10,1,5,2,2,0,2,2,0,0,0,0,2,11,true,false,false,true,,J. Brungo,,Not Available,NA,Penn State Lady Lions,s:40~l:54~t:213,penn-state-lady-lions,https://a.espncdn.com/i/teamlogos/ncaa/500/213.png,PSU,00265D,002e5c,home,true,61,259,Hokies,Virginia Tech,Virginia Tech Hokies,VT,https://a.espncdn.com/i/teamlogos/ncaa/500/259.png,630031,cf4520,48
244000049,2004,3,2004-03-23,2004-03-23T19:00:00.000000-0500,1556,Tanisha Wright,213,Lady Lions,Penn State,Penn State,,11,15,0,0,4,4,1,5,6,0,0,0,0,1,26,true,false,false,true,,T. Wright,,Not Available,NA,Penn State Lady Lions,s:40~l:54~t:213,penn-state-lady-lions,https://a.espncdn.com/i/teamlogos/ncaa/500/213.png,PSU,00265D,002e5c,home,true,61,259,Hokies,Virginia Tech,Virginia Tech Hokies,VT,https://a.espncdn.com/i/teamlogos/ncaa/500/259.png,630031,cf4520,48
244000049,2004,3,2004-03-23,2004-03-23T19:00:00.000000-0500,1555,Jess Strom,213,Lady Lions,Penn State,Penn State,,7,15,2,8,1,1,0,4,4,0,0,0,0,1,17,true,false,false,true,,J. Strom,,Not Available,NA,Penn State Lady Lions,s:40~l:54~t:213,penn-state-lady-lions,https://a.espncdn.com/i/teamlogos/ncaa/500/213.png,PSU,00265D,002e5c,home,true,61,259,Hokies,Virginia Tech,Virginia Tech Hokies,VT,https://a.espncdn.com/i/teamlogos/ncaa/500/259.png,630031,cf4520,48
244000049,2004,3,2004-03-23,2004-03-23T19:00:00.000000-0500,1553,Kelly Mazzante,213,Lady Lions,Penn State,Penn State,,2,8,0,1,0,0,1,1,2,0,0,0,0,1,4,true,false,false,true,,K. Mazzante,,Not Available,NA,Penn State Lady Lions,s:40~l:54~t:213,penn-state-lady-lions,https://a.espncdn.com/i/teamlogos/ncaa/500/213.png,PSU,00265D,002e5c,home,true,61,259,Hokies,Virginia Tech,Virginia Tech Hokies,VT,https://a.espncdn.com/i/teamlogos/ncaa/500/259.png,630031,cf4520,48
244000044,2004,3,2004-03-23,2004-03-23T19:00:00.000000-0500,2198,Jana Rediger,222,Wildcats,Villanova,Villanova,,1,3,0,0,0,0,1,2,3,0,0,0,0,2,2,true,false,false,true,,J. Rediger,,Not Available,NA,Villanova Wildcats,s:40~l:54~t:222,villanova-wildcats,https://a.espncdn.com/i/teamlogos/ncaa/500/222.png,VILL,00205b,13b5ea,away,false,42,2509,Boilermakers,Purdue,Purdue Boilermakers,PUR,https://a.espncdn.com/i/teamlogos/ncaa/500/2509.png,000000,cfb991,60
244000044,2004,3,2004-03-23,2004-03-23T19:00:00.000000-0500,2684,Liad Suez,222,Wildcats,Villanova,Villanova,,4,11,2,6,2,2,1,7,8,0,0,0,0,1,12,true,false,false,true,,L. Suez,,Not Available,NA,Villanova Wildcats,s:40~l:54~t:222,villanova-wildcats,https://a.espncdn.com/i/teamlogos/ncaa/500/222.png,VILL,00205b,13b5ea,away,false,42,2509,Boilermakers,Purdue,Purdue Boilermakers,PUR,https://a.espncdn.com/i/teamlogos/ncaa/500/2509.png,000000,cfb991,60
244000044,2004,3,2004-03-23,2004-03-23T19:00:00.000000-0500,2196,Courtney Mix,222,Wildcats,Villanova,Villanova,,1,5,0,1,1,2,2,2,4,0,0,0,0,3,3,true,false,false,true,,C. Mix,,Not Available,NA,Villanova Wildcats,s:40~l:54~t:222,villanova-wildcats,https://a.espncdn.com/i/teamlogos/ncaa/500/222.png,VILL,00205b,13b5ea,away,false,42,2509,Boilermakers,Purdue,Purdue Boilermakers,PUR,https://a.espncdn.com/i/teamlogos/ncaa/500/2509.png,000000,cfb991,60
244000044,2004,3,2004-03-23,2004-03-23T19:00:00.000000-0500,2197,Kelly Nash,222,Wildcats,Villanova,Villanova,,1,2,1,2,0,0,0,0,0,0,0,0,0,0,3,true,false,false,true,,K. Nash,,Not Available,NA,Villanova Wildcats,s:40~l:54~t:222,villanova-wildcats,https://a.espncdn.com/i/teamlogos/ncaa/500/222.png,VILL,00205b,13b5ea,away,false,42,2509,Boilermakers,Purdue,Purdue Boilermakers,PUR,https://a.espncdn.com/i/teamlogos/ncaa/500/2509.png,000000,cfb991,60
244000044,2004,3,2004-03-23,2004-03-23T19:00:00.000000-0500,2194,Jennifer Hilgenberg,222,Wildcats,Villanova,Villanova,,2,7,0,3,0,0,0,2,2,0,0,0,0,1,4,true,false,false,true,,J. Hilgenberg,,Not Available,NA,Villanova Wildcats,s:40~l:54~t:222,villanova-wildcats,https://a.espncdn.com/i/teamlogos/ncaa/500/222.png,VILL,00205b,13b5ea,away,false,42,2509,Boilermakers,Purdue,Purdue Boilermakers,PUR,https://a.espncdn.com/i/teamlogos/ncaa/500/2509.png,000000,cfb991,60
244000044,2004,3,2004-03-23,2004-03-23T19:00:00.000000-0500,1624,Shereka Wright,2509,Boilermakers,Purdue,Purdue,,5,12,0,0,9,12,0,7,7,0,0,0,0,3,19,true,false,false,true,,S. Wright,,Not Available,NA,Purdue Boilermakers,s:40~l:54~t:2509,purdue-boilermakers,https://a.espncdn.com/i/teamlogos/ncaa/500/2509.png,PUR,000000,cfb991,home,true,60,222,Wildcats,Villanova,Villanova Wildcats,VILL,https://a.espncdn.com/i/teamlogos/ncaa/500/222.png,00205b,13b5ea,42
244000044,2004,3,2004-03-23,2004-03-23T19:00:00.000000-0500,1621,Lindsey Hicks,2509,Boilermakers,Purdue,Purdue,,1,5,0,1,0,0,1,3,4,0,0,0,0,4,2,true,false,false,true,,L. Hicks,,Not Available,NA,Purdue Boilermakers,s:40~l:54~t:2509,purdue-boilermakers,https://a.espncdn.com/i/teamlogos/ncaa/500/2509.png,PUR,000000,cfb991,home,true,60,222,Wildcats,Villanova,Villanova Wildcats,VILL,https://a.espncdn.com/i/teamlogos/ncaa/500/222.png,00205b,13b5ea,42
244000044,2004,3,2004-03-23,2004-03-23T19:00:00.000000-0500,1620,Emily Heikes,2509,Boilermakers,Purdue,Purdue,,1,3,0,0,1,2,0,4,4,0,0,0,0,4,3,true,false,false,true,,E. Heikes,,Not Available,NA,Purdue Boilermakers,s:40~l:54~t:2509,purdue-boilermakers,https://a.espncdn.com/i/teamlogos/ncaa/500/2509.png,PUR,000000,cfb991,home,true,60,222,Wildcats,Villanova,Villanova Wildcats,VILL,https://a.espncdn.com/i/teamlogos/ncaa/500/222.png,00205b,13b5ea,42
244000044,2004,3,2004-03-23,2004-03-23T19:00:00.000000-0500,1623,Erika Valek,2509,Boilermakers,Purdue,Purdue,,4,6,1,2,0,0,0,5,5,0,0,0,0,1,9,true,false,false,true,,E. Valek,,Not Available,NA,Purdue Boilermakers,s:40~l:54~t:2509,purdue-boilermakers,https://a.espncdn.com/i/teamlogos/ncaa/500/2509.png,PUR,000000,cfb991,home,true,60,222,Wildcats,Villanova,Villanova Wildcats,VILL,https://a.espncdn.com/i/teamlogos/ncaa/500/222.png,00205b,13b5ea,42
244000044,2004,3,2004-03-23,2004-03-23T19:00:00.000000-0500,1622,Beth Jones,2509,Boilermakers,Purdue,Purdue,,2,2,2,2,0,0,0,3,3,0,0,0,0,1,6,true,false,false,true,,B. Jones,,Not Available,NA,Purdue Boilermakers,s:40~l:54~t:2509,purdue-boilermakers,https://a.espncdn.com/i/teamlogos/ncaa/500/2509.png,PUR,000000,cfb991,home,true,60,222,Wildcats,Villanova,Villanova Wildcats,VILL,https://a.espncdn.com/i/teamlogos/ncaa/500/222.png,00205b,13b5ea,42
244000003,2004,3,2004-03-23,2004-03-23T19:00:00.000000-0500,3454,Carolyn Kieger,269,Golden Eagles,Marquette,Marquette,,4,12,2,5,3,5,0,4,4,0,0,0,0,1,13,true,false,false,true,,C. Kieger,,Guard,G,Marquette Golden Eagles,s:40~l:54~t:269,marquette-golden-eagles,https://a.espncdn.com/i/teamlogos/ncaa/500/269.png,MARQ,083963,ffffff,away,false,67,150,Blue Devils,Duke,Duke Blue Devils,DUKE,https://a.espncdn.com/i/teamlogos/ncaa/500/150.png,013088,ffffff,76
244000003,2004,3,2004-03-23,2004-03-23T19:00:00.000000-0500,4796,Christina Quaye,269,Golden Eagles,Marquette,Marquette,,5,9,0,0,5,6,1,4,5,0,0,0,0,4,15,true,false,false,true,,C. Quaye,,Not Available,NA,Marquette Golden Eagles,s:40~l:54~t:269,marquette-golden-eagles,https://a.espncdn.com/i/teamlogos/ncaa/500/269.png,MARQ,083963,ffffff,away,false,67,150,Blue Devils,Duke,Duke Blue Devils,DUKE,https://a.espncdn.com/i/teamlogos/ncaa/500/150.png,013088,ffffff,76
244000003,2004,3,2004-03-23,2004-03-23T19:00:00.000000-0500,4795,Danielle Kamm,269,Golden Eagles,Marquette,Marquette,,3,7,0,2,0,0,3,1,4,0,0,0,0,0,6,true,false,false,true,,D. Kamm,,Not Available,NA,Marquette Golden Eagles,s:40~l:54~t:269,marquette-golden-eagles,https://a.espncdn.com/i/teamlogos/ncaa/500/269.png,MARQ,083963,ffffff,away,false,67,150,Blue Devils,Duke,Duke Blue Devils,DUKE,https://a.espncdn.com/i/teamlogos/ncaa/500/150.png,013088,ffffff,76
244000003,2004,3,2004-03-23,2004-03-23T19:00:00.000000-0500,1079,Crystal Weaver,269,Golden Eagles,Marquette,Marquette,,4,9,0,0,2,2,0,1,1,0,0,0,0,2,10,true,false,false,true,,C. Weaver,,Not Available,NA,Marquette Golden Eagles,s:40~l:54~t:269,marquette-golden-eagles,https://a.espncdn.com/i/teamlogos/ncaa/500/269.png,MARQ,083963,ffffff,away,false,67,150,Blue Devils,Duke,Duke Blue Devils,DUKE,https://a.espncdn.com/i/teamlogos/ncaa/500/150.png,013088,ffffff,76
244000003,2004,3,2004-03-23,2004-03-23T19:00:00.000000-0500,1078,Kelly Schwerman,269,Golden Eagles,Marquette,Marquette,,5,13,3,9,3,3,1,0,1,0,0,0,0,4,16,true,false,false,true,,K. Schwerman,,Not Available,NA,Marquette Golden Eagles,s:40~l:54~t:269,marquette-golden-eagles,https://a.espncdn.com/i/teamlogos/ncaa/500/269.png,MARQ,083963,ffffff,away,false,67,150,Blue Devils,Duke,Duke Blue Devils,DUKE,https://a.espncdn.com/i/teamlogos/ncaa/500/150.png,013088,ffffff,76
244000003,2004,3,2004-03-23,2004-03-23T19:00:00.000000-0500,2475,Mistie McCray Bass,150,Blue Devils,Duke,Duke,,0,2,0,0,0,0,3,2,5,0,0,0,0,1,0,true,false,false,true,,M. Bass,,Not Available,NA,Duke Blue Devils,s:40~l:54~t:150,duke-blue-devils,https://a.espncdn.com/i/teamlogos/ncaa/500/150.png,DUKE,013088,ffffff,home,true,76,269,Golden Eagles,Marquette,Marquette Golden Eagles,MARQ,https://a.espncdn.com/i/teamlogos/ncaa/500/269.png,083963,ffffff,67
244000003,2004,3,2004-03-23,2004-03-23T19:00:00.000000-0500,440,Iciss Tillis,150,Blue Devils,Duke,Duke,,3,9,1,3,2,2,1,7,8,0,0,0,0,2,9,true,false,false,true,,I. Tillis,,Not Available,NA,Duke Blue Devils,s:40~l:54~t:150,duke-blue-devils,https://a.espncdn.com/i/teamlogos/ncaa/500/150.png,DUKE,013088,ffffff,home,true,76,269,Golden Eagles,Marquette,Marquette Golden Eagles,MARQ,https://a.espncdn.com/i/teamlogos/ncaa/500/269.png,083963,ffffff,67
244000003,2004,3,2004-03-23,2004-03-23T19:00:00.000000-0500,438,Monique Currie,150,Blue Devils,Duke,Duke,,6,9,2,4,1,1,1,5,6,0,0,0,0,5,15,true,false,false,true,,M. Currie,,Not Available,NA,Duke Blue Devils,s:40~l:54~t:150,duke-blue-devils,https://a.espncdn.com/i/teamlogos/ncaa/500/150.png,DUKE,013088,ffffff,home,true,76,269,Golden Eagles,Marquette,Marquette Golden Eagles,MARQ,https://a.espncdn.com/i/teamlogos/ncaa/500/269.png,083963,ffffff,67
244000003,2004,3,2004-03-23,2004-03-23T19:00:00.000000-0500,2476,Lindsey Harding,150,Blue Devils,Duke,Duke,,3,5,0,0,4,4,0,4,4,0,0,0,0,2,10,true,false,false,true,,L. Harding,,Not Available,NA,Duke Blue Devils,s:40~l:54~t:150,duke-blue-devils,https://a.espncdn.com/i/teamlogos/ncaa/500/150.png,DUKE,013088,ffffff,home,true,76,269,Golden Eagles,Marquette,Marquette Golden Eagles,MARQ,https://a.espncdn.com/i/teamlogos/ncaa/500/269.png,083963,ffffff,67
244000003,2004,3,2004-03-23,2004-03-23T19:00:00.000000-0500,436,Alana Beard,150,Blue Devils,Duke,Duke,,11,17,1,4,7,8,0,6,6,0,0,0,0,2,30,true,false,false,true,,A. Beard,,Not Available,NA,Duke Blue Devils,s:40~l:54~t:150,duke-blue-devils,https://a.espncdn.com/i/teamlogos/ncaa/500/150.png,DUKE,013088,ffffff,home,true,76,269,Golden Eagles,Marquette,Marquette Golden Eagles,MARQ,https://a.espncdn.com/i/teamlogos/ncaa/500/269.png,083963,ffffff,67
244000059,2004,3,2004-03-23,2004-03-23T21:00:00.000000-0500,2531,Mandisha Stevenson,2,Tigers,Auburn,Auburn,,2,10,2,4,0,0,2,5,7,0,0,0,0,3,6,true,false,false,true,,M. Stevenson,,Not Available,NA,Auburn Tigers,s:40~l:54~t:2,auburn-tigers,https://a.espncdn.com/i/teamlogos/ncaa/500/2.png,AUB,03244d,f1f2f3,away,false,53,41,Huskies,UConn,UConn Huskies,CONN,https://a.espncdn.com/i/teamlogos/ncaa/500/41.png,0c2340,f1f2f3,79
244000059,2004,3,2004-03-23,2004-03-23T21:00:00.000000-0500,81,Le'coe Willingham,2,Tigers,Auburn,Auburn,,5,7,1,2,3,5,0,2,2,0,0,0,0,2,14,true,false,false,true,,L. Willingham,,Not Available,NA,Auburn Tigers,s:40~l:54~t:2,auburn-tigers,https://a.espncdn.com/i/teamlogos/ncaa/500/2.png,AUB,03244d,f1f2f3,away,false,53,41,Huskies,UConn,UConn Huskies,CONN,https://a.espncdn.com/i/teamlogos/ncaa/500/41.png,0c2340,f1f2f3,79
244000059,2004,3,2004-03-23,2004-03-23T21:00:00.000000-0500,79,Nicole Louden,2,Tigers,Auburn,Auburn,,1,6,0,3,0,0,0,1,1,0,0,0,0,0,2,true,false,false,true,,N. Louden,,Not Available,NA,Auburn Tigers,s:40~l:54~t:2,auburn-tigers,https://a.espncdn.com/i/teamlogos/ncaa/500/2.png,AUB,03244d,f1f2f3,away,false,53,41,Huskies,UConn,UConn Huskies,CONN,https://a.espncdn.com/i/teamlogos/ncaa/500/41.png,0c2340,f1f2f3,79
244000059,2004,3,2004-03-23,2004-03-23T21:00:00.000000-0500,77,Natasha Brackett,2,Tigers,Auburn,Auburn,,2,8,1,3,4,6,1,4,5,0,0,0,0,3,9,true,false,false,true,,N. Brackett,,Not Available,NA,Auburn Tigers,s:40~l:54~t:2,auburn-tigers,https://a.espncdn.com/i/teamlogos/ncaa/500/2.png,AUB,03244d,f1f2f3,away,false,53,41,Huskies,UConn,UConn Huskies,CONN,https://a.espncdn.com/i/teamlogos/ncaa/500/41.png,0c2340,f1f2f3,79
244000059,2004,3,2004-03-23,2004-03-23T21:00:00.000000-0500,78,Nancy Derrick,2,Tigers,Auburn,Auburn,,,,,,,,,,,,,,,,,true,false,true,true,,N. Derrick,,Not Available,NA,Auburn Tigers,s:40~l:54~t:2,auburn-tigers,https://a.espncdn.com/i/teamlogos/ncaa/500/2.png,AUB,03244d,f1f2f3,away,false,53,41,Huskies,UConn,UConn Huskies,CONN,https://a.espncdn.com/i/teamlogos/ncaa/500/41.png,0c2340,f1f2f3,79
244000059,2004,3,2004-03-23,2004-03-23T21:00:00.000000-0500,316,Jessica Moore,41,Huskies,UConn,UConn,,4,6,0,0,0,0,3,2,5,0,0,0,0,2,8,true,false,false,true,,J. Moore,,Not Available,NA,UConn Huskies,s:40~l:54~t:41,uconn-huskies,https://a.espncdn.com/i/teamlogos/ncaa/500/41.png,CONN,0c2340,f1f2f3,home,true,79,2,Tigers,Auburn,Auburn Tigers,AUB,https://a.espncdn.com/i/teamlogos/ncaa/500/2.png,03244d,f1f2f3,53
244000059,2004,3,2004-03-23,2004-03-23T21:00:00.000000-0500,2409,Barbara Turner,41,Huskies,UConn,UConn,,6,14,0,1,1,1,3,3,6,0,0,0,0,0,13,true,false,false,true,,B. Turner,,Not Available,NA,UConn Huskies,s:40~l:54~t:41,uconn-huskies,https://a.espncdn.com/i/teamlogos/ncaa/500/41.png,CONN,0c2340,f1f2f3,home,true,79,2,Tigers,Auburn,Auburn Tigers,AUB,https://a.espncdn.com/i/teamlogos/ncaa/500/2.png,03244d,f1f2f3,53
244000059,2004,3,2004-03-23,2004-03-23T21:00:00.000000-0500,2637,Ann Strother,41,Huskies,UConn,UConn,,6,10,4,7,0,0,0,5,5,0,0,0,0,1,16,true,false,false,true,,A. Strother,,Not Available,NA,UConn Huskies,s:40~l:54~t:41,uconn-huskies,https://a.espncdn.com/i/teamlogos/ncaa/500/41.png,CONN,0c2340,f1f2f3,home,true,79,2,Tigers,Auburn,Auburn Tigers,AUB,https://a.espncdn.com/i/teamlogos/ncaa/500/2.png,03244d,f1f2f3,53
244000059,2004,3,2004-03-23,2004-03-23T21:00:00.000000-0500,317,Diana Taurasi,41,Huskies,UConn,UConn,,6,12,5,9,0,0,0,3,3,0,0,0,0,2,17,true,false,false,true,,D. Taurasi,,Not Available,NA,UConn Huskies,s:40~l:54~t:41,uconn-huskies,https://a.espncdn.com/i/teamlogos/ncaa/500/41.png,CONN,0c2340,f1f2f3,home,true,79,2,Tigers,Auburn,Auburn Tigers,AUB,https://a.espncdn.com/i/teamlogos/ncaa/500/2.png,03244d,f1f2f3,53
244000059,2004,3,2004-03-23,2004-03-23T21:00:00.000000-0500,313,Maria Conlon,41,Huskies,UConn,UConn,,4,8,4,8,0,0,0,0,0,0,0,0,0,0,12,true,false,false,true,,M. Conlon,,Not Available,NA,UConn Huskies,s:40~l:54~t:41,uconn-huskies,https://a.espncdn.com/i/teamlogos/ncaa/500/41.png,CONN,0c2340,f1f2f3,home,true,79,2,Tigers,Auburn,Auburn Tigers,AUB,https://a.espncdn.com/i/teamlogos/ncaa/500/2.png,03244d,f1f2f3,53
244000037,2004,3,2004-03-23,2004-03-23T21:00:00.000000-0500,3627,Delvona Oliver,120,Terrapins,Maryland,Maryland,,7,17,1,4,0,0,2,4,6,0,0,0,0,4,15,true,false,false,true,,D. Oliver,,Not Available,NA,Maryland Terrapins,s:40~l:54~t:120,maryland-terrapins,https://a.espncdn.com/i/teamlogos/ncaa/500/120.png,MD,D5002B,ffcd00,away,false,61,99,Tigers,LSU,LSU Tigers,LSU,https://a.espncdn.com/i/teamlogos/ncaa/500/99.png,461d7c,fdd023,76
244000037,2004,3,2004-03-23,2004-03-23T21:00:00.000000-0500,3101,Chrissy Fisher,120,Terrapins,Maryland,Maryland,,2,8,0,4,0,0,2,5,7,0,0,0,0,1,4,true,false,false,true,,C. Fisher,,Not Available,NA,Maryland Terrapins,s:40~l:54~t:120,maryland-terrapins,https://a.espncdn.com/i/teamlogos/ncaa/500/120.png,MD,D5002B,ffcd00,away,false,61,99,Tigers,LSU,LSU Tigers,LSU,https://a.espncdn.com/i/teamlogos/ncaa/500/99.png,461d7c,fdd023,76
244000037,2004,3,2004-03-23,2004-03-23T21:00:00.000000-0500,1085,Crystal Washington,120,Terrapins,Maryland,Maryland,,2,4,0,0,0,0,0,3,3,0,0,0,0,4,4,true,false,false,true,,C. Washington,,Not Available,NA,Maryland Terrapins,s:40~l:54~t:120,maryland-terrapins,https://a.espncdn.com/i/teamlogos/ncaa/500/120.png,MD,D5002B,ffcd00,away,false,61,99,Tigers,LSU,LSU Tigers,LSU,https://a.espncdn.com/i/teamlogos/ncaa/500/99.png,461d7c,fdd023,76
244000037,2004,3,2004-03-23,2004-03-23T21:00:00.000000-0500,4315,Kalika France,120,Terrapins,Maryland,Maryland,,2,5,1,2,3,4,1,5,6,0,0,0,0,0,8,true,false,false,true,,K. France,,Not Available,NA,Maryland Terrapins,s:40~l:54~t:120,maryland-terrapins,https://a.espncdn.com/i/teamlogos/ncaa/500/120.png,MD,D5002B,ffcd00,away,false,61,99,Tigers,LSU,LSU Tigers,LSU,https://a.espncdn.com/i/teamlogos/ncaa/500/99.png,461d7c,fdd023,76
244000037,2004,3,2004-03-23,2004-03-23T21:00:00.000000-0500,1084,Anesia Smith,120,Terrapins,Maryland,Maryland,,,,,,,,,,,,,,,,,true,false,true,true,,A. Smith,,Not Available,NA,Maryland Terrapins,s:40~l:54~t:120,maryland-terrapins,https://a.espncdn.com/i/teamlogos/ncaa/500/120.png,MD,D5002B,ffcd00,away,false,61,99,Tigers,LSU,LSU Tigers,LSU,https://a.espncdn.com/i/teamlogos/ncaa/500/99.png,461d7c,fdd023,76
244000037,2004,3,2004-03-23,2004-03-23T21:00:00.000000-0500,3714,Hanna Biernacka,99,Tigers,LSU,LSU,,0,1,0,0,0,0,0,1,1,0,0,0,0,3,0,true,false,false,true,,H. Biernacka,,Not Available,NA,LSU Tigers,s:40~l:54~t:99,lsu-tigers,https://a.espncdn.com/i/teamlogos/ncaa/500/99.png,LSU,461d7c,fdd023,home,true,76,120,Terrapins,Maryland,Maryland Terrapins,MD,https://a.espncdn.com/i/teamlogos/ncaa/500/120.png,D5002B,ffcd00,61
244000037,2004,3,2004-03-23,2004-03-23T21:00:00.000000-0500,1042,Wendlyn Jones,99,Tigers,LSU,LSU,,2,7,0,0,6,6,3,8,11,0,0,0,0,1,10,true,false,false,true,,W. Jones,,Not Available,NA,LSU Tigers,s:40~l:54~t:99,lsu-tigers,https://a.espncdn.com/i/teamlogos/ncaa/500/99.png,LSU,461d7c,fdd023,home,true,76,120,Terrapins,Maryland,Maryland Terrapins,MD,https://a.espncdn.com/i/teamlogos/ncaa/500/120.png,D5002B,ffcd00,61
244000037,2004,3,2004-03-23,2004-03-23T21:00:00.000000-0500,2635,Seimone Augustus,99,Tigers,LSU,LSU,,12,20,0,0,2,2,1,3,4,0,0,0,0,2,26,true,false,false,true,,S. Augustus,,Not Available,NA,LSU Tigers,s:40~l:54~t:99,lsu-tigers,https://a.espncdn.com/i/teamlogos/ncaa/500/99.png,LSU,461d7c,fdd023,home,true,76,120,Terrapins,Maryland,Maryland Terrapins,MD,https://a.espncdn.com/i/teamlogos/ncaa/500/120.png,D5002B,ffcd00,61
244000037,2004,3,2004-03-23,2004-03-23T21:00:00.000000-0500,1041,Temeka Johnson,99,Tigers,LSU,LSU,,6,13,0,0,0,0,0,2,2,0,0,0,0,1,12,true,false,false,true,,T. Johnson,,Not Available,NA,LSU Tigers,s:40~l:54~t:99,lsu-tigers,https://a.espncdn.com/i/teamlogos/ncaa/500/99.png,LSU,461d7c,fdd023,home,true,76,120,Terrapins,Maryland,Maryland Terrapins,MD,https://a.espncdn.com/i/teamlogos/ncaa/500/120.png,D5002B,ffcd00,61
244000037,2004,3,2004-03-23,2004-03-23T21:00:00.000000-0500,1040,Doneeka Hodges,99,Tigers,LSU,LSU,,5,14,1,6,4,4,0,1,1,0,0,0,0,3,15,true,false,false,true,,D. Hodges,,Not Available,NA,LSU Tigers,s:40~l:54~t:99,lsu-tigers,https://a.espncdn.com/i/teamlogos/ncaa/500/99.png,LSU,461d7c,fdd023,home,true,76,120,Terrapins,Maryland,Maryland Terrapins,MD,https://a.espncdn.com/i/teamlogos/ncaa/500/120.png,D5002B,ffcd00,61
244000034,2004,3,2004-03-23,2004-03-23T21:30:00.000000-0500,1171,Kelli Roehrig,127,Spartans,Michigan State,Michigan St,,7,16,0,0,4,5,6,7,13,0,0,0,0,3,18,true,false,false,true,,K. Roehrig,,Not Available,NA,Michigan State Spartans,s:40~l:54~t:127,michigan-state-spartans,https://a.espncdn.com/i/teamlogos/ncaa/500/127.png,MSU,18453B,ffffff,away,false,61,251,Longhorns,Texas,Texas Longhorns,TEX,https://a.espncdn.com/i/teamlogos/ncaa/500/251.png,c15d26,ffffff,80
244000034,2004,3,2004-03-23,2004-03-23T21:30:00.000000-0500,3299,Liz Shimek,127,Spartans,Michigan State,Michigan St,,6,9,2,3,1,4,1,4,5,0,0,0,0,5,15,true,false,false,true,,L. Shimek,,Not Available,NA,Michigan State Spartans,s:40~l:54~t:127,michigan-state-spartans,https://a.espncdn.com/i/teamlogos/ncaa/500/127.png,MSU,18453B,ffffff,away,false,61,251,Longhorns,Texas,Texas Longhorns,TEX,https://a.espncdn.com/i/teamlogos/ncaa/500/251.png,c15d26,ffffff,80
244000034,2004,3,2004-03-23,2004-03-23T21:30:00.000000-0500,4087,Rene Haynes,127,Spartans,Michigan State,Michigan St,,3,14,1,6,1,2,3,1,4,0,0,0,0,3,8,true,false,false,true,,R. Haynes,,Not Available,NA,Michigan State Spartans,s:40~l:54~t:127,michigan-state-spartans,https://a.espncdn.com/i/teamlogos/ncaa/500/127.png,MSU,18453B,ffffff,away,false,61,251,Longhorns,Texas,Texas Longhorns,TEX,https://a.espncdn.com/i/teamlogos/ncaa/500/251.png,c15d26,ffffff,80
244000034,2004,3,2004-03-23,2004-03-23T21:30:00.000000-0500,3295,Lindsay Bowen,127,Spartans,Michigan State,Michigan St,,4,12,1,6,4,4,0,3,3,0,0,0,0,3,13,true,false,false,true,,L. Bowen,,Not Available,NA,Michigan State Spartans,s:40~l:54~t:127,michigan-state-spartans,https://a.espncdn.com/i/teamlogos/ncaa/500/127.png,MSU,18453B,ffffff,away,false,61,251,Longhorns,Texas,Texas Longhorns,TEX,https://a.espncdn.com/i/teamlogos/ncaa/500/251.png,c15d26,ffffff,80
244000034,2004,3,2004-03-23,2004-03-23T21:30:00.000000-0500,1167,Kristin Haynie,127,Spartans,Michigan State,Michigan St,,1,5,0,0,0,0,1,2,3,0,0,0,0,4,2,true,false,false,true,,K. Haynie,,Not Available,NA,Michigan State Spartans,s:40~l:54~t:127,michigan-state-spartans,https://a.espncdn.com/i/teamlogos/ncaa/500/127.png,MSU,18453B,ffffff,away,false,61,251,Longhorns,Texas,Texas Longhorns,TEX,https://a.espncdn.com/i/teamlogos/ncaa/500/251.png,c15d26,ffffff,80
244000034,2004,3,2004-03-23,2004-03-23T21:30:00.000000-0500,3710,Tiffany Jackson-Jones,251,Longhorns,Texas,Texas,,4,8,0,0,2,3,1,6,7,0,0,0,0,5,10,true,false,false,true,,T. Jackson-Jones,,Not Available,NA,Texas Longhorns,s:40~l:54~t:251,texas-longhorns,https://a.espncdn.com/i/teamlogos/ncaa/500/251.png,TEX,c15d26,ffffff,home,true,80,127,Spartans,Michigan State,Michigan State Spartans,MSU,https://a.espncdn.com/i/teamlogos/ncaa/500/127.png,18453B,ffffff,61
244000034,2004,3,2004-03-23,2004-03-23T21:30:00.000000-0500,2040,Stacy Stephens,251,Longhorns,Texas,Texas,,3,5,0,0,4,6,1,4,5,0,0,0,0,2,10,true,false,false,true,,S. Stephens,,Not Available,NA,Texas Longhorns,s:40~l:54~t:251,texas-longhorns,https://a.espncdn.com/i/teamlogos/ncaa/500/251.png,TEX,c15d26,ffffff,home,true,80,127,Spartans,Michigan State,Michigan State Spartans,MSU,https://a.espncdn.com/i/teamlogos/ncaa/500/127.png,18453B,ffffff,61
244000034,2004,3,2004-03-23,2004-03-23T21:30:00.000000-0500,2039,Heather Schreiber,251,Longhorns,Texas,Texas,,7,11,4,8,3,5,1,5,6,0,0,0,0,2,21,true,false,false,true,,H. Schreiber,,Not Available,NA,Texas Longhorns,s:40~l:54~t:251,texas-longhorns,https://a.espncdn.com/i/teamlogos/ncaa/500/251.png,TEX,c15d26,ffffff,home,true,80,127,Spartans,Michigan State,Michigan State Spartans,MSU,https://a.espncdn.com/i/teamlogos/ncaa/500/127.png,18453B,ffffff,61
244000034,2004,3,2004-03-23,2004-03-23T21:30:00.000000-0500,2646,Jamie Carey,251,Longhorns,Texas,Texas,,7,12,5,6,3,3,1,0,1,0,0,0,0,1,22,true,false,false,true,,J. Carey,,Not Available,NA,Texas Longhorns,s:40~l:54~t:251,texas-longhorns,https://a.espncdn.com/i/teamlogos/ncaa/500/251.png,TEX,c15d26,ffffff,home,true,80,127,Spartans,Michigan State,Michigan State Spartans,MSU,https://a.espncdn.com/i/teamlogos/ncaa/500/127.png,18453B,ffffff,61
244000034,2004,3,2004-03-23,2004-03-23T21:30:00.000000-0500,2383,Nina Norman,251,Longhorns,Texas,Texas,,1,6,0,1,0,0,0,3,3,0,0,0,0,2,2,true,false,false,true,,N. Norman,,Not Available,NA,Texas Longhorns,s:40~l:54~t:251,texas-longhorns,https://a.espncdn.com/i/teamlogos/ncaa/500/251.png,TEX,c15d26,ffffff,home,true,80,127,Spartans,Michigan State,Michigan State Spartans,MSU,https://a.espncdn.com/i/teamlogos/ncaa/500/127.png,18453B,ffffff,61
244000013,2004,3,2004-03-23,2004-03-23T21:30:00.000000-0500,1181,Janel McCarville,135,Golden Gophers,Minnesota,Minnesota,,5,8,0,0,5,7,3,14,17,0,0,0,0,5,15,true,false,false,true,,J. McCarville,,Not Available,NA,Minnesota Golden Gophers,s:40~l:54~t:135,minnesota-golden-gophers,https://a.espncdn.com/i/teamlogos/ncaa/500/135.png,MINN,981a31,981a31,away,true,80,2306,Wildcats,Kansas State,Kansas State Wildcats,KSU,https://a.espncdn.com/i/teamlogos/ncaa/500/2306.png,633194,e7d2ad,61
244000013,2004,3,2004-03-23,2004-03-23T21:30:00.000000-0500,1179,Kadidja Andersson,135,Golden Gophers,Minnesota,Minnesota,,4,8,0,0,0,1,2,0,2,0,0,0,0,3,8,true,false,false,true,,K. Andersson,,Not Available,NA,Minnesota Golden Gophers,s:40~l:54~t:135,minnesota-golden-gophers,https://a.espncdn.com/i/teamlogos/ncaa/500/135.png,MINN,981a31,981a31,away,true,80,2306,Wildcats,Kansas State,Kansas State Wildcats,KSU,https://a.espncdn.com/i/teamlogos/ncaa/500/2306.png,633194,e7d2ad,61
244000013,2004,3,2004-03-23,2004-03-23T21:30:00.000000-0500,2656,Shannon Bolden,135,Golden Gophers,Minnesota,Minnesota,,4,6,2,3,0,0,1,1,2,0,0,0,0,0,10,true,false,false,true,,S. Bolden,,Not Available,NA,Minnesota Golden Gophers,s:40~l:54~t:135,minnesota-golden-gophers,https://a.espncdn.com/i/teamlogos/ncaa/500/135.png,MINN,981a31,981a31,away,true,80,2306,Wildcats,Kansas State,Kansas State Wildcats,KSU,https://a.espncdn.com/i/teamlogos/ncaa/500/2306.png,633194,e7d2ad,61
244000013,2004,3,2004-03-23,2004-03-23T21:30:00.000000-0500,2655,Shannon Schonrock,135,Golden Gophers,Minnesota,Minnesota,,3,6,3,5,5,5,1,2,3,0,0,0,0,1,14,true,false,false,true,,S. Schonrock,,Not Available,NA,Minnesota Golden Gophers,s:40~l:54~t:135,minnesota-golden-gophers,https://a.espncdn.com/i/teamlogos/ncaa/500/135.png,MINN,981a31,981a31,away,true,80,2306,Wildcats,Kansas State,Kansas State Wildcats,KSU,https://a.espncdn.com/i/teamlogos/ncaa/500/2306.png,633194,e7d2ad,61
244000013,2004,3,2004-03-23,2004-03-23T21:30:00.000000-0500,1182,Lindsay Whalen,135,Golden Gophers,Minnesota,Minnesota,,2,10,1,3,10,10,4,4,8,0,0,0,0,1,15,true,false,false,true,,L. Whalen,,Not Available,NA,Minnesota Golden Gophers,s:40~l:54~t:135,minnesota-golden-gophers,https://a.espncdn.com/i/teamlogos/ncaa/500/135.png,MINN,981a31,981a31,away,true,80,2306,Wildcats,Kansas State,Kansas State Wildcats,KSU,https://a.espncdn.com/i/teamlogos/ncaa/500/2306.png,633194,e7d2ad,61
244000013,2004,3,2004-03-23,2004-03-23T21:30:00.000000-0500,922,Kendra Wecker,2306,Wildcats,Kansas State,Kansas St,,4,11,0,1,0,0,2,1,3,0,0,0,0,5,8,true,false,false,true,,K. Wecker,,Not Available,NA,Kansas State Wildcats,s:40~l:54~t:2306,kansas-state-wildcats,https://a.espncdn.com/i/teamlogos/ncaa/500/2306.png,KSU,633194,e7d2ad,home,false,61,135,Golden Gophers,Minnesota,Minnesota Golden Gophers,MINN,https://a.espncdn.com/i/teamlogos/ncaa/500/135.png,981a31,981a31,80
244000013,2004,3,2004-03-23,2004-03-23T21:30:00.000000-0500,921,Nicole Ohlde,2306,Wildcats,Kansas State,Kansas St,,7,17,0,1,9,12,1,5,6,0,0,0,0,4,23,true,false,false,true,,N. Ohlde,,Not Available,NA,Kansas State Wildcats,s:40~l:54~t:2306,kansas-state-wildcats,https://a.espncdn.com/i/teamlogos/ncaa/500/2306.png,KSU,633194,e7d2ad,home,false,61,135,Golden Gophers,Minnesota,Minnesota Golden Gophers,MINN,https://a.espncdn.com/i/teamlogos/ncaa/500/135.png,981a31,981a31,80
244000013,2004,3,2004-03-23,2004-03-23T21:30:00.000000-0500,916,Amy Dutmer,2306,Wildcats,Kansas State,Kansas St,,0,1,0,0,0,0,0,0,0,0,0,0,0,0,0,true,false,false,true,,A. Dutmer,,Not Available,NA,Kansas State Wildcats,s:40~l:54~t:2306,kansas-state-wildcats,https://a.espncdn.com/i/teamlogos/ncaa/500/2306.png,KSU,633194,e7d2ad,home,false,61,135,Golden Gophers,Minnesota,Minnesota Golden Gophers,MINN,https://a.espncdn.com/i/teamlogos/ncaa/500/135.png,981a31,981a31,80
244000013,2004,3,2004-03-23,2004-03-23T21:30:00.000000-0500,919,Megan Mahoney,2306,Wildcats,Kansas State,Kansas St,,6,12,1,3,4,4,3,4,7,0,0,0,0,3,17,true,false,false,true,,M. Mahoney,,Not Available,NA,Kansas State Wildcats,s:40~l:54~t:2306,kansas-state-wildcats,https://a.espncdn.com/i/teamlogos/ncaa/500/2306.png,KSU,633194,e7d2ad,home,false,61,135,Golden Gophers,Minnesota,Minnesota Golden Gophers,MINN,https://a.espncdn.com/i/teamlogos/ncaa/500/135.png,981a31,981a31,80
244000013,2004,3,2004-03-23,2004-03-23T21:30:00.000000-0500,917,Laurie Koehn,2306,Wildcats,Kansas State,Kansas St,,1,4,1,3,0,0,0,3,3,0,0,0,0,4,3,true,false,false,true,,L. Koehn,,Not Available,NA,Kansas State Wildcats,s:40~l:54~t:2306,kansas-state-wildcats,https://a.espncdn.com/i/teamlogos/ncaa/500/2306.png,KSU,633194,e7d2ad,home,false,61,135,Golden Gophers,Minnesota,Minnesota Golden Gophers,MINN,https://a.espncdn.com/i/teamlogos/ncaa/500/135.png,981a31,981a31,80
244000041,2004,3,2004-03-22,2004-03-22T19:00:00.000000-0500,2667,Tracy Wynn,2628,Horned Frogs,TCU,TCU,,1,4,0,2,0,0,1,2,3,0,0,0,0,1,2,true,false,false,true,,T. Wynn,,Not Available,NA,TCU Horned Frogs,s:40~l:54~t:2628,tcu-horned-frogs,https://a.espncdn.com/i/teamlogos/ncaa/500/2628.png,TCU,4d1979,f1f2f3,away,false,71,61,Lady Bulldogs,Georgia,Georgia Lady Bulldogs,UGA,https://a.espncdn.com/i/teamlogos/ncaa/500/61.png,CC0000,000000,85
244000041,2004,3,2004-03-22,2004-03-22T19:00:00.000000-0500,1981,Sandora Irvin,2628,Horned Frogs,TCU,TCU,,7,14,2,3,4,4,5,6,11,0,0,0,0,4,20,true,false,false,true,,S. Irvin,,Not Available,NA,TCU Horned Frogs,s:40~l:54~t:2628,tcu-horned-frogs,https://a.espncdn.com/i/teamlogos/ncaa/500/2628.png,TCU,4d1979,f1f2f3,away,false,71,61,Lady Bulldogs,Georgia,Georgia Lady Bulldogs,UGA,https://a.espncdn.com/i/teamlogos/ncaa/500/61.png,CC0000,000000,85
244000041,2004,3,2004-03-22,2004-03-22T19:00:00.000000-0500,3850,Natasha Lacy,2628,Horned Frogs,TCU,TCU,,2,3,0,1,2,4,0,6,6,0,0,0,0,1,6,true,false,false,true,,N. Lacy,,Not Available,NA,TCU Horned Frogs,s:40~l:54~t:2628,tcu-horned-frogs,https://a.espncdn.com/i/teamlogos/ncaa/500/2628.png,TCU,4d1979,f1f2f3,away,false,71,61,Lady Bulldogs,Georgia,Georgia Lady Bulldogs,UGA,https://a.espncdn.com/i/teamlogos/ncaa/500/61.png,CC0000,000000,85
244000041,2004,3,2004-03-22,2004-03-22T19:00:00.000000-0500,2666,Kim Ortega,2628,Horned Frogs,TCU,TCU,,2,10,1,7,2,2,0,1,1,0,0,0,0,2,7,true,false,false,true,,K. Ortega,,Not Available,NA,TCU Horned Frogs,s:40~l:54~t:2628,tcu-horned-frogs,https://a.espncdn.com/i/teamlogos/ncaa/500/2628.png,TCU,4d1979,f1f2f3,away,false,71,61,Lady Bulldogs,Georgia,Georgia Lady Bulldogs,UGA,https://a.espncdn.com/i/teamlogos/ncaa/500/61.png,CC0000,000000,85
244000041,2004,3,2004-03-22,2004-03-22T19:00:00.000000-0500,1984,Ebony Shaw,2628,Horned Frogs,TCU,TCU,,1,3,0,1,0,2,1,1,2,0,0,0,0,2,2,true,false,false,true,,E. Shaw,,Not Available,NA,TCU Horned Frogs,s:40~l:54~t:2628,tcu-horned-frogs,https://a.espncdn.com/i/teamlogos/ncaa/500/2628.png,TCU,4d1979,f1f2f3,away,false,71,61,Lady Bulldogs,Georgia,Georgia Lady Bulldogs,UGA,https://a.espncdn.com/i/teamlogos/ncaa/500/61.png,CC0000,000000,85
244000041,2004,3,2004-03-22,2004-03-22T19:00:00.000000-0500,3743,Rebecca Rowsey,61,Lady Bulldogs,Georgia,Georgia,,2,7,1,1,0,0,1,4,5,0,0,0,0,2,5,true,false,false,true,,R. Rowsey,,Not Available,NA,Georgia Lady Bulldogs,s:40~l:54~t:61,georgia-lady-bulldogs,https://a.espncdn.com/i/teamlogos/ncaa/500/61.png,UGA,CC0000,000000,home,true,85,2628,Horned Frogs,TCU,TCU Horned Frogs,TCU,https://a.espncdn.com/i/teamlogos/ncaa/500/2628.png,4d1979,f1f2f3,71
244000041,2004,3,2004-03-22,2004-03-22T19:00:00.000000-0500,681,Christi Thomas,61,Lady Bulldogs,Georgia,Georgia,,8,14,1,1,2,2,6,6,12,0,0,0,0,5,19,true,false,false,true,,C. Thomas,,Not Available,NA,Georgia Lady Bulldogs,s:40~l:54~t:61,georgia-lady-bulldogs,https://a.espncdn.com/i/teamlogos/ncaa/500/61.png,UGA,CC0000,000000,home,true,85,2628,Horned Frogs,TCU,TCU Horned Frogs,TCU,https://a.espncdn.com/i/teamlogos/ncaa/500/2628.png,4d1979,f1f2f3,71
244000041,2004,3,2004-03-22,2004-03-22T19:00:00.000000-0500,3745,Janese Hardrick,61,Lady Bulldogs,Georgia,Georgia,,5,9,0,1,4,4,0,2,2,0,0,0,0,3,14,true,false,false,true,,J. Hardrick,,Not Available,NA,Georgia Lady Bulldogs,s:40~l:54~t:61,georgia-lady-bulldogs,https://a.espncdn.com/i/teamlogos/ncaa/500/61.png,UGA,CC0000,000000,home,true,85,2628,Horned Frogs,TCU,TCU Horned Frogs,TCU,https://a.espncdn.com/i/teamlogos/ncaa/500/2628.png,4d1979,f1f2f3,71
244000041,2004,3,2004-03-22,2004-03-22T19:00:00.000000-0500,2493,Alexis Kendrick,61,Lady Bulldogs,Georgia,Georgia,,5,13,1,5,2,4,2,3,5,0,0,0,0,2,13,true,false,false,true,,A. Kendrick,,Not Available,NA,Georgia Lady Bulldogs,s:40~l:54~t:61,georgia-lady-bulldogs,https://a.espncdn.com/i/teamlogos/ncaa/500/61.png,UGA,CC0000,000000,home,true,85,2628,Horned Frogs,TCU,TCU Horned Frogs,TCU,https://a.espncdn.com/i/teamlogos/ncaa/500/2628.png,4d1979,f1f2f3,71
244000041,2004,3,2004-03-22,2004-03-22T19:00:00.000000-0500,2411,Sherill Baker,61,Lady Bulldogs,Georgia,Georgia,,6,15,0,0,2,4,2,6,8,0,0,0,0,2,14,true,false,false,true,,S. Baker,,Not Available,NA,Georgia Lady Bulldogs,s:40~l:54~t:61,georgia-lady-bulldogs,https://a.espncdn.com/i/teamlogos/ncaa/500/61.png,UGA,CC0000,000000,home,true,85,2628,Horned Frogs,TCU,TCU Horned Frogs,TCU,https://a.espncdn.com/i/teamlogos/ncaa/500/2628.png,4d1979,f1f2f3,71
244000028,2004,3,2004-03-22,2004-03-22T19:00:00.000000-0500,2812,Tiffani Roberson,236,Mocs,Chattanooga,Chattanooga,,3,14,0,0,0,0,4,0,4,0,0,0,0,1,6,true,false,false,true,,T. Roberson,,Not Available,NA,Chattanooga Mocs,s:40~l:54~t:236,chattanooga-mocs,https://a.espncdn.com/i/teamlogos/ncaa/500/236.png,UTC,00386b,dca71d,away,false,44,238,Commodores,Vanderbilt,Vanderbilt Commodores,VAN,https://a.espncdn.com/i/teamlogos/ncaa/500/238.png,000000,231f20,60
244000028,2004,3,2004-03-22,2004-03-22T19:00:00.000000-0500,2392,Nicole Mattison,236,Mocs,Chattanooga,Chattanooga,,1,6,0,2,0,0,2,7,9,0,0,0,0,3,2,true,false,false,true,,N. Mattison,,Not Available,NA,Chattanooga Mocs,s:40~l:54~t:236,chattanooga-mocs,https://a.espncdn.com/i/teamlogos/ncaa/500/236.png,UTC,00386b,dca71d,away,false,44,238,Commodores,Vanderbilt,Vanderbilt Commodores,VAN,https://a.espncdn.com/i/teamlogos/ncaa/500/238.png,000000,231f20,60
244000028,2004,3,2004-03-22,2004-03-22T19:00:00.000000-0500,2390,Katasha Brown,236,Mocs,Chattanooga,Chattanooga,,2,9,1,3,0,0,1,1,2,0,0,0,0,2,5,true,false,false,true,,K. Brown,,Not Available,NA,Chattanooga Mocs,s:40~l:54~t:236,chattanooga-mocs,https://a.espncdn.com/i/teamlogos/ncaa/500/236.png,UTC,00386b,dca71d,away,false,44,238,Commodores,Vanderbilt,Vanderbilt Commodores,VAN,https://a.espncdn.com/i/teamlogos/ncaa/500/238.png,000000,231f20,60
244000028,2004,3,2004-03-22,2004-03-22T19:00:00.000000-0500,336,Tiffany Patton,236,Mocs,Chattanooga,Chattanooga,,4,7,0,0,0,0,3,4,7,0,0,0,0,2,8,true,false,false,true,,T. Patton,,Not Available,NA,Chattanooga Mocs,s:40~l:54~t:236,chattanooga-mocs,https://a.espncdn.com/i/teamlogos/ncaa/500/236.png,UTC,00386b,dca71d,away,false,44,238,Commodores,Vanderbilt,Vanderbilt Commodores,VAN,https://a.espncdn.com/i/teamlogos/ncaa/500/238.png,000000,231f20,60
244000028,2004,3,2004-03-22,2004-03-22T19:00:00.000000-0500,333,Katie Galloway,236,Mocs,Chattanooga,Chattanooga,,2,16,1,8,6,8,0,4,4,0,0,0,0,0,11,true,false,false,true,,K. Galloway,,Not Available,NA,Chattanooga Mocs,s:40~l:54~t:236,chattanooga-mocs,https://a.espncdn.com/i/teamlogos/ncaa/500/236.png,UTC,00386b,dca71d,away,false,44,238,Commodores,Vanderbilt,Vanderbilt Commodores,VAN,https://a.espncdn.com/i/teamlogos/ncaa/500/238.png,000000,231f20,60
244000028,2004,3,2004-03-22,2004-03-22T19:00:00.000000-0500,3776,Carla Thomas,238,Commodores,Vanderbilt,Vanderbilt,,7,11,0,0,1,1,2,9,11,0,0,0,0,0,15,true,false,false,true,,C. Thomas,,Not Available,NA,Vanderbilt Commodores,s:40~l:54~t:238,vanderbilt-commodores,https://a.espncdn.com/i/teamlogos/ncaa/500/238.png,VAN,000000,231f20,home,true,60,236,Mocs,Chattanooga,Chattanooga Mocs,UTC,https://a.espncdn.com/i/teamlogos/ncaa/500/236.png,00386b,dca71d,44
244000028,2004,3,2004-03-22,2004-03-22T19:00:00.000000-0500,2175,Jenni Benningfield,238,Commodores,Vanderbilt,Vanderbilt,,6,11,0,1,0,3,1,5,6,0,0,0,0,1,12,true,false,false,true,,J. Benningfield,,Not Available,NA,Vanderbilt Commodores,s:40~l:54~t:238,vanderbilt-commodores,https://a.espncdn.com/i/teamlogos/ncaa/500/238.png,VAN,000000,231f20,home,true,60,236,Mocs,Chattanooga,Chattanooga Mocs,UTC,https://a.espncdn.com/i/teamlogos/ncaa/500/236.png,00386b,dca71d,44
244000028,2004,3,2004-03-22,2004-03-22T19:00:00.000000-0500,3778,Dee Davis,238,Commodores,Vanderbilt,Vanderbilt,,3,7,0,1,0,0,0,3,3,0,0,0,0,3,6,true,false,false,true,,D. Davis,,Not Available,NA,Vanderbilt Commodores,s:40~l:54~t:238,vanderbilt-commodores,https://a.espncdn.com/i/teamlogos/ncaa/500/238.png,VAN,000000,231f20,home,true,60,236,Mocs,Chattanooga,Chattanooga Mocs,UTC,https://a.espncdn.com/i/teamlogos/ncaa/500/236.png,00386b,dca71d,44
244000028,2004,3,2004-03-22,2004-03-22T19:00:00.000000-0500,2177,Abi Ramsey,238,Commodores,Vanderbilt,Vanderbilt,,3,5,1,3,0,0,0,1,1,0,0,0,0,4,4,true,false,false,true,,A. Ramsey,,Not Available,NA,Vanderbilt Commodores,s:40~l:54~t:238,vanderbilt-commodores,https://a.espncdn.com/i/teamlogos/ncaa/500/238.png,VAN,000000,231f20,home,true,60,236,Mocs,Chattanooga,Chattanooga Mocs,UTC,https://a.espncdn.com/i/teamlogos/ncaa/500/236.png,00386b,dca71d,44
244000028,2004,3,2004-03-22,2004-03-22T19:00:00.000000-0500,2174,Hillary Hager,238,Commodores,Vanderbilt,Vanderbilt,,5,10,2,4,0,0,0,12,12,0,0,0,0,2,12,true,false,false,true,,H. Hager,,Not Available,NA,Vanderbilt Commodores,s:40~l:54~t:238,vanderbilt-commodores,https://a.espncdn.com/i/teamlogos/ncaa/500/238.png,VAN,000000,231f20,home,true,60,236,Mocs,Chattanooga,Chattanooga Mocs,UTC,https://a.espncdn.com/i/teamlogos/ncaa/500/236.png,00386b,dca71d,44
244000010,2004,3,2004-03-22,2004-03-22T19:00:00.000000-0500,3831,Jessica Davenport,194,Buckeyes,Ohio State,Ohio State,,2,9,0,0,0,2,2,3,5,0,0,0,0,2,4,true,false,false,true,,J. Davenport,,Not Available,NA,Ohio State Buckeyes,s:40~l:54~t:194,ohio-state-buckeyes,https://a.espncdn.com/i/teamlogos/ncaa/500/194.png,OSU,ce1141,505056,away,false,48,103,Eagles,Boston College,Boston College Eagles,BC,https://a.espncdn.com/i/teamlogos/ncaa/500/103.png,8c2232,dbcca6,63
244000010,2004,3,2004-03-22,2004-03-22T19:00:00.000000-0500,1499,LaToya Turner,194,Buckeyes,Ohio State,Ohio State,,3,8,0,0,1,5,5,4,9,0,0,0,0,4,7,true,false,false,true,,L. Turner,,Not Available,NA,Ohio State Buckeyes,s:40~l:54~t:194,ohio-state-buckeyes,https://a.espncdn.com/i/teamlogos/ncaa/500/194.png,OSU,ce1141,505056,away,false,48,103,Eagles,Boston College,Boston College Eagles,BC,https://a.espncdn.com/i/teamlogos/ncaa/500/103.png,8c2232,dbcca6,63
244000010,2004,3,2004-03-22,2004-03-22T19:00:00.000000-0500,3833,Brandie Hoskins,194,Buckeyes,Ohio State,Ohio State,,7,14,1,3,1,3,1,2,3,0,0,0,0,3,16,true,false,false,true,,B. Hoskins,,Not Available,NA,Ohio State Buckeyes,s:40~l:54~t:194,ohio-state-buckeyes,https://a.espncdn.com/i/teamlogos/ncaa/500/194.png,OSU,ce1141,505056,away,false,48,103,Eagles,Boston College,Boston College Eagles,BC,https://a.espncdn.com/i/teamlogos/ncaa/500/103.png,8c2232,dbcca6,63
244000010,2004,3,2004-03-22,2004-03-22T19:00:00.000000-0500,2704,Kim Wilburn,194,Buckeyes,Ohio State,Ohio State,,1,8,0,2,0,0,1,3,4,0,0,0,0,1,2,true,false,false,true,,K. Wilburn,,Not Available,NA,Ohio State Buckeyes,s:40~l:54~t:194,ohio-state-buckeyes,https://a.espncdn.com/i/teamlogos/ncaa/500/194.png,OSU,ce1141,505056,away,false,48,103,Eagles,Boston College,Boston College Eagles,BC,https://a.espncdn.com/i/teamlogos/ncaa/500/103.png,8c2232,dbcca6,63
244000010,2004,3,2004-03-22,2004-03-22T19:00:00.000000-0500,1497,Caity Matter,194,Buckeyes,Ohio State,Ohio State,,4,13,2,8,0,0,0,2,2,0,0,0,0,1,10,true,false,false,true,,C. Matter,,Not Available,NA,Ohio State Buckeyes,s:40~l:54~t:194,ohio-state-buckeyes,https://a.espncdn.com/i/teamlogos/ncaa/500/194.png,OSU,ce1141,505056,away,false,48,103,Eagles,Boston College,Boston College Eagles,BC,https://a.espncdn.com/i/teamlogos/ncaa/500/103.png,8c2232,dbcca6,63
244000010,2004,3,2004-03-22,2004-03-22T19:00:00.000000-0500,2558,Maureen Leahy,103,Eagles,Boston College,Boston College,,2,6,0,0,3,4,1,3,4,0,0,0,0,1,7,true,false,false,true,,M. Leahy,,Not Available,NA,Boston College Eagles,s:40~l:54~t:103,boston-college-eagles,https://a.espncdn.com/i/teamlogos/ncaa/500/103.png,BC,8c2232,dbcca6,home,true,63,194,Buckeyes,Ohio State,Ohio State Buckeyes,OSU,https://a.espncdn.com/i/teamlogos/ncaa/500/194.png,ce1141,505056,48
244000010,2004,3,2004-03-22,2004-03-22T19:00:00.000000-0500,3761,Kathrin Ress,103,Eagles,Boston College,Boston College,,7,13,0,0,2,4,5,2,7,0,0,0,0,1,16,true,false,false,true,,K. Ress,,Not Available,NA,Boston College Eagles,s:40~l:54~t:103,boston-college-eagles,https://a.espncdn.com/i/teamlogos/ncaa/500/103.png,BC,8c2232,dbcca6,home,true,63,194,Buckeyes,Ohio State,Ohio State Buckeyes,OSU,https://a.espncdn.com/i/teamlogos/ncaa/500/194.png,ce1141,505056,48
244000010,2004,3,2004-03-22,2004-03-22T19:00:00.000000-0500,2557,Amber Jacobs,103,Eagles,Boston College,Boston College,,5,8,3,4,4,4,1,4,5,0,0,0,0,2,17,true,false,false,true,,A. Jacobs,,Not Available,NA,Boston College Eagles,s:40~l:54~t:103,boston-college-eagles,https://a.espncdn.com/i/teamlogos/ncaa/500/103.png,BC,8c2232,dbcca6,home,true,63,194,Buckeyes,Ohio State,Ohio State Buckeyes,OSU,https://a.espncdn.com/i/teamlogos/ncaa/500/194.png,ce1141,505056,48
244000010,2004,3,2004-03-22,2004-03-22T19:00:00.000000-0500,133,Clare Droesch,103,Eagles,Boston College,Boston College,,2,7,1,2,0,0,0,2,2,0,0,0,0,3,5,true,false,false,true,,C. Droesch,,Not Available,NA,Boston College Eagles,s:40~l:54~t:103,boston-college-eagles,https://a.espncdn.com/i/teamlogos/ncaa/500/103.png,BC,8c2232,dbcca6,home,true,63,194,Buckeyes,Ohio State,Ohio State Buckeyes,OSU,https://a.espncdn.com/i/teamlogos/ncaa/500/194.png,ce1141,505056,48
244000010,2004,3,2004-03-22,2004-03-22T19:00:00.000000-0500,132,Jessalyn Deveny,103,Eagles,Boston College,Boston College,,6,14,1,5,2,2,1,8,9,0,0,0,0,1,15,true,false,false,true,,J. Deveny,,Not Available,NA,Boston College Eagles,s:40~l:54~t:103,boston-college-eagles,https://a.espncdn.com/i/teamlogos/ncaa/500/103.png,BC,8c2232,dbcca6,home,true,63,194,Buckeyes,Ohio State,Ohio State Buckeyes,OSU,https://a.espncdn.com/i/teamlogos/ncaa/500/194.png,ce1141,505056,48
244000021,2004,3,2004-03-22,2004-03-22T21:00:00.000000-0500,539,Vanessa Hayden,57,Gators,Florida,Florida,,5,9,0,0,3,4,1,3,4,0,0,0,0,2,13,true,false,false,true,,V. Hayden,,Not Available,NA,Florida Gators,s:40~l:54~t:57,florida-gators,https://a.espncdn.com/i/teamlogos/ncaa/500/57.png,FLA,0021a5,fa4616,away,false,76,239,Bears,Baylor,Baylor Bears,BAY,https://a.espncdn.com/i/teamlogos/ncaa/500/239.png,154734,ffb81c,91
244000021,2004,3,2004-03-22,2004-03-22T21:00:00.000000-0500,3868,Natashia Morehead,57,Gators,Florida,Florida,,3,6,2,3,5,7,0,1,1,0,0,0,0,2,13,true,false,false,true,,N. Morehead,,Not Available,NA,Florida Gators,s:40~l:54~t:57,florida-gators,https://a.espncdn.com/i/teamlogos/ncaa/500/57.png,FLA,0021a5,fa4616,away,false,76,239,Bears,Baylor,Baylor Bears,BAY,https://a.espncdn.com/i/teamlogos/ncaa/500/239.png,154734,ffb81c,91
244000021,2004,3,2004-03-22,2004-03-22T21:00:00.000000-0500,2385,Brittany Davis,57,Gators,Florida,Florida,,3,4,0,0,0,1,0,2,2,0,0,0,0,4,6,true,false,false,true,,B. Davis,,Not Available,NA,Florida Gators,s:40~l:54~t:57,florida-gators,https://a.espncdn.com/i/teamlogos/ncaa/500/57.png,FLA,0021a5,fa4616,away,false,76,239,Bears,Baylor,Baylor Bears,BAY,https://a.espncdn.com/i/teamlogos/ncaa/500/239.png,154734,ffb81c,91
244000021,2004,3,2004-03-22,2004-03-22T21:00:00.000000-0500,2389,Danielle Santos Atkinson,57,Gators,Florida,Florida,,3,9,2,2,4,4,2,1,3,0,0,0,0,0,12,true,false,false,true,,D. Santos Atkinson,,Not Available,NA,Florida Gators,s:40~l:54~t:57,florida-gators,https://a.espncdn.com/i/teamlogos/ncaa/500/57.png,FLA,0021a5,fa4616,away,false,76,239,Bears,Baylor,Baylor Bears,BAY,https://a.espncdn.com/i/teamlogos/ncaa/500/239.png,154734,ffb81c,91
244000021,2004,3,2004-03-22,2004-03-22T21:00:00.000000-0500,538,Tishona Gregory,57,Gators,Florida,Florida,,2,6,1,3,2,4,1,2,3,0,0,0,0,2,5,true,false,false,true,,T. Gregory,,Not Available,NA,Florida Gators,s:40~l:54~t:57,florida-gators,https://a.espncdn.com/i/teamlogos/ncaa/500/57.png,FLA,0021a5,fa4616,away,false,76,239,Bears,Baylor,Baylor Bears,BAY,https://a.espncdn.com/i/teamlogos/ncaa/500/239.png,154734,ffb81c,91
244000021,2004,3,2004-03-22,2004-03-22T21:00:00.000000-0500,2719,Abiola Wabara,239,Bears,Baylor,Baylor,,1,3,0,0,0,0,1,2,3,0,0,0,0,2,2,true,false,false,true,,A. Wabara,,Not Available,NA,Baylor Bears,s:40~l:54~t:239,baylor-bears,https://a.espncdn.com/i/teamlogos/ncaa/500/239.png,BAY,154734,ffb81c,home,true,91,57,Gators,Florida,Florida Gators,FLA,https://a.espncdn.com/i/teamlogos/ncaa/500/57.png,0021a5,fa4616,76
244000021,2004,3,2004-03-22,2004-03-22T21:00:00.000000-0500,2428,Sophia Young-Malcolm,239,Bears,Baylor,Baylor,,8,11,0,0,8,12,1,1,2,0,0,0,0,3,24,true,false,false,true,,S. Young-Malcolm,,Not Available,NA,Baylor Bears,s:40~l:54~t:239,baylor-bears,https://a.espncdn.com/i/teamlogos/ncaa/500/239.png,BAY,154734,ffb81c,home,true,91,57,Gators,Florida,Florida Gators,FLA,https://a.espncdn.com/i/teamlogos/ncaa/500/57.png,0021a5,fa4616,76
244000021,2004,3,2004-03-22,2004-03-22T21:00:00.000000-0500,2065,Dionne Brown,239,Bears,Baylor,Baylor,,8,14,1,1,2,2,4,3,7,0,0,0,0,2,19,true,false,false,true,,D. Brown,,Not Available,NA,Baylor Bears,s:40~l:54~t:239,baylor-bears,https://a.espncdn.com/i/teamlogos/ncaa/500/239.png,BAY,154734,ffb81c,home,true,91,57,Gators,Florida,Florida Gators,FLA,https://a.espncdn.com/i/teamlogos/ncaa/500/57.png,0021a5,fa4616,76
244000021,2004,3,2004-03-22,2004-03-22T21:00:00.000000-0500,124,Chelsea Whitaker,239,Bears,Baylor,Baylor,,1,3,0,0,3,3,0,7,7,0,0,0,0,0,5,true,false,false,true,,C. Whitaker,,Not Available,NA,Baylor Bears,s:40~l:54~t:239,baylor-bears,https://a.espncdn.com/i/teamlogos/ncaa/500/239.png,BAY,154734,ffb81c,home,true,91,57,Gators,Florida,Florida Gators,FLA,https://a.espncdn.com/i/teamlogos/ncaa/500/57.png,0021a5,fa4616,76
244000021,2004,3,2004-03-22,2004-03-22T21:00:00.000000-0500,122,Jessika Stratton,239,Bears,Baylor,Baylor,,3,7,3,5,6,6,1,4,5,0,0,0,0,1,15,true,false,false,true,,J. Stratton,,Not Available,NA,Baylor Bears,s:40~l:54~t:239,baylor-bears,https://a.espncdn.com/i/teamlogos/ncaa/500/239.png,BAY,154734,ffb81c,home,true,91,57,Gators,Florida,Florida Gators,FLA,https://a.espncdn.com/i/teamlogos/ncaa/500/57.png,0021a5,fa4616,76
244000018,2004,3,2004-03-22,2004-03-22T21:00:00.000000-0500,415,Khara Smith,305,Blue Demons,DePaul,DePaul,,3,11,1,1,4,4,2,2,4,0,0,0,0,4,11,true,false,false,true,,K. Smith,,Not Available,NA,DePaul Blue Demons,s:40~l:54~t:305,depaul-blue-demons,https://a.espncdn.com/i/teamlogos/ncaa/500/305.png,DEP,2d649c,ce1125,away,false,59,2633,Lady Volunteers,Tennessee,Tennessee Lady Volunteers,TENN,https://a.espncdn.com/i/teamlogos/ncaa/500/2633_ncw.png,ff8200,ffffff,79
244000018,2004,3,2004-03-22,2004-03-22T21:00:00.000000-0500,414,Charlene Smith,305,Blue Demons,DePaul,DePaul,,3,17,1,3,4,6,2,4,6,0,0,0,0,1,11,true,false,false,true,,C. Smith,,Not Available,NA,DePaul Blue Demons,s:40~l:54~t:305,depaul-blue-demons,https://a.espncdn.com/i/teamlogos/ncaa/500/305.png,DEP,2d649c,ce1125,away,false,59,2633,Lady Volunteers,Tennessee,Tennessee Lady Volunteers,TENN,https://a.espncdn.com/i/teamlogos/ncaa/500/2633_ncw.png,ff8200,ffffff,79
244000018,2004,3,2004-03-22,2004-03-22T21:00:00.000000-0500,412,Sarah Kustok,305,Blue Demons,DePaul,DePaul,,3,8,1,5,0,0,3,2,5,0,0,0,0,1,7,true,false,false,true,,S. Kustok,,Not Available,NA,DePaul Blue Demons,s:40~l:54~t:305,depaul-blue-demons,https://a.espncdn.com/i/teamlogos/ncaa/500/305.png,DEP,2d649c,ce1125,away,false,59,2633,Lady Volunteers,Tennessee,Tennessee Lady Volunteers,TENN,https://a.espncdn.com/i/teamlogos/ncaa/500/2633_ncw.png,ff8200,ffffff,79
244000018,2004,3,2004-03-22,2004-03-22T21:00:00.000000-0500,413,Ashley Luke,305,Blue Demons,DePaul,DePaul,,4,9,3,6,2,2,0,1,1,0,0,0,0,1,13,true,false,false,true,,A. Luke,,Not Available,NA,DePaul Blue Demons,s:40~l:54~t:305,depaul-blue-demons,https://a.espncdn.com/i/teamlogos/ncaa/500/305.png,DEP,2d649c,ce1125,away,false,59,2633,Lady Volunteers,Tennessee,Tennessee Lady Volunteers,TENN,https://a.espncdn.com/i/teamlogos/ncaa/500/2633_ncw.png,ff8200,ffffff,79
244000018,2004,3,2004-03-22,2004-03-22T21:00:00.000000-0500,410,Jenni Dant,305,Blue Demons,DePaul,DePaul,,4,11,1,4,2,2,0,3,3,0,0,0,0,3,11,true,false,false,true,,J. Dant,,Not Available,NA,DePaul Blue Demons,s:40~l:54~t:305,depaul-blue-demons,https://a.espncdn.com/i/teamlogos/ncaa/500/305.png,DEP,2d649c,ce1125,away,false,59,2633,Lady Volunteers,Tennessee,Tennessee Lady Volunteers,TENN,https://a.espncdn.com/i/teamlogos/ncaa/500/2633_ncw.png,ff8200,ffffff,79
244000018,2004,3,2004-03-22,2004-03-22T21:00:00.000000-0500,2008,Ashley Robinson,2633,Lady Volunteers,Tennessee,Tennessee,,2,9,0,0,0,0,5,8,13,0,0,0,0,0,4,true,false,false,true,,A. Robinson,,Not Available,NA,Tennessee Lady Volunteers,s:40~l:54~t:2633,tennessee-lady-volunteers,https://a.espncdn.com/i/teamlogos/ncaa/500/2633_ncw.png,TENN,ff8200,ffffff,home,true,79,305,Blue Demons,DePaul,DePaul Blue Demons,DEP,https://a.espncdn.com/i/teamlogos/ncaa/500/305.png,2d649c,ce1125,59
244000018,2004,3,2004-03-22,2004-03-22T21:00:00.000000-0500,2005,Shyra Ely,2633,Lady Volunteers,Tennessee,Tennessee,,6,11,0,0,0,0,6,3,9,0,0,0,0,2,12,true,false,false,true,,S. Ely,,Not Available,NA,Tennessee Lady Volunteers,s:40~l:54~t:2633,tennessee-lady-volunteers,https://a.espncdn.com/i/teamlogos/ncaa/500/2633_ncw.png,TENN,ff8200,ffffff,home,true,79,305,Blue Demons,DePaul,DePaul Blue Demons,DEP,https://a.espncdn.com/i/teamlogos/ncaa/500/305.png,2d649c,ce1125,59
244000018,2004,3,2004-03-22,2004-03-22T21:00:00.000000-0500,2004,LaToya Davis,2633,Lady Volunteers,Tennessee,Tennessee,,6,9,0,0,0,0,3,4,7,0,0,0,0,0,12,true,false,false,true,,L. Davis,,Not Available,NA,Tennessee Lady Volunteers,s:40~l:54~t:2633,tennessee-lady-volunteers,https://a.espncdn.com/i/teamlogos/ncaa/500/2633_ncw.png,TENN,ff8200,ffffff,home,true,79,305,Blue Demons,DePaul,DePaul Blue Demons,DEP,https://a.espncdn.com/i/teamlogos/ncaa/500/305.png,2d649c,ce1125,59
244000018,2004,3,2004-03-22,2004-03-22T21:00:00.000000-0500,2633,Shanna Zolman,2633,Lady Volunteers,Tennessee,Tennessee,,7,12,4,5,0,0,0,2,2,0,0,0,0,5,18,true,false,false,true,,S. Zolman,,Not Available,NA,Tennessee Lady Volunteers,s:40~l:54~t:2633,tennessee-lady-volunteers,https://a.espncdn.com/i/teamlogos/ncaa/500/2633_ncw.png,TENN,ff8200,ffffff,home,true,79,305,Blue Demons,DePaul,DePaul Blue Demons,DEP,https://a.espncdn.com/i/teamlogos/ncaa/500/305.png,2d649c,ce1125,59
244000018,2004,3,2004-03-22,2004-03-22T21:00:00.000000-0500,2002,Tasha Butts,2633,Lady Volunteers,Tennessee,Tennessee,,3,9,2,5,2,3,1,7,8,0,0,0,0,1,10,true,false,false,true,,T. Butts,,Not Available,NA,Tennessee Lady Volunteers,s:40~l:54~t:2633,tennessee-lady-volunteers,https://a.espncdn.com/i/teamlogos/ncaa/500/2633_ncw.png,TENN,ff8200,ffffff,home,true,79,305,Blue Demons,DePaul,DePaul Blue Demons,DEP,https://a.espncdn.com/i/teamlogos/ncaa/500/305.png,2d649c,ce1125,59
244000056,2004,3,2004-03-22,2004-03-22T23:00:00.000000-0500,1762,Lindsay Taylor,2540,Gauchos,UC Santa Barbara,UCSB,,7,11,0,1,6,7,2,6,8,0,0,0,0,3,20,true,false,false,true,,L. Taylor,,Not Available,NA,UC Santa Barbara Gauchos,s:40~l:54~t:2540,uc-santa-barbara-gauchos,https://a.espncdn.com/i/teamlogos/ncaa/500/2540.png,UCSB,1D1160,fdb813,away,true,56,248,Cougars,Houston,Houston Cougars,HOU,https://a.espncdn.com/i/teamlogos/ncaa/500/248.png,c92a39,ffffff,52
244000056,2004,3,2004-03-22,2004-03-22T23:00:00.000000-0500,1761,Brandy Richardson,2540,Gauchos,UC Santa Barbara,UCSB,,1,6,0,1,0,0,0,5,5,0,0,0,0,5,2,true,false,false,true,,B. Richardson,,Not Available,NA,UC Santa Barbara Gauchos,s:40~l:54~t:2540,uc-santa-barbara-gauchos,https://a.espncdn.com/i/teamlogos/ncaa/500/2540.png,UCSB,1D1160,fdb813,away,true,56,248,Cougars,Houston,Houston Cougars,HOU,https://a.espncdn.com/i/teamlogos/ncaa/500/248.png,c92a39,ffffff,52
244000056,2004,3,2004-03-22,2004-03-22T23:00:00.000000-0500,1760,Kristen Mann,2540,Gauchos,UC Santa Barbara,UCSB,,6,16,3,7,2,2,0,7,7,0,0,0,0,0,17,true,false,false,true,,K. Mann,,Not Available,NA,UC Santa Barbara Gauchos,s:40~l:54~t:2540,uc-santa-barbara-gauchos,https://a.espncdn.com/i/teamlogos/ncaa/500/2540.png,UCSB,1D1160,fdb813,away,true,56,248,Cougars,Houston,Houston Cougars,HOU,https://a.espncdn.com/i/teamlogos/ncaa/500/248.png,c92a39,ffffff,52
244000056,2004,3,2004-03-22,2004-03-22T23:00:00.000000-0500,3312,April McDivitt Schilling,2540,Gauchos,UC Santa Barbara,UCSB,,2,8,2,7,2,3,0,3,3,0,0,0,0,5,8,true,false,false,true,,A. McDivitt Schilling,,Not Available,NA,UC Santa Barbara Gauchos,s:40~l:54~t:2540,uc-santa-barbara-gauchos,https://a.espncdn.com/i/teamlogos/ncaa/500/2540.png,UCSB,1D1160,fdb813,away,true,56,248,Cougars,Houston,Houston Cougars,HOU,https://a.espncdn.com/i/teamlogos/ncaa/500/248.png,c92a39,ffffff,52
244000056,2004,3,2004-03-22,2004-03-22T23:00:00.000000-0500,1759,Mia Fisher,2540,Gauchos,UC Santa Barbara,UCSB,,1,3,0,0,0,0,2,4,6,0,0,0,0,1,2,true,false,false,true,,M. Fisher,,Not Available,NA,UC Santa Barbara Gauchos,s:40~l:54~t:2540,uc-santa-barbara-gauchos,https://a.espncdn.com/i/teamlogos/ncaa/500/2540.png,UCSB,1D1160,fdb813,away,true,56,248,Cougars,Houston,Houston Cougars,HOU,https://a.espncdn.com/i/teamlogos/ncaa/500/248.png,c92a39,ffffff,52
244000056,2004,3,2004-03-22,2004-03-22T23:00:00.000000-0500,766,Kiemona Harris,248,Cougars,Houston,Houston,,1,4,0,1,1,2,0,5,5,0,0,0,0,2,3,true,false,false,true,,K. Harris,,Not Available,NA,Houston Cougars,s:40~l:54~t:248,houston-cougars,https://a.espncdn.com/i/teamlogos/ncaa/500/248.png,HOU,c92a39,ffffff,home,false,52,2540,Gauchos,UC Santa Barbara,UC Santa Barbara Gauchos,UCSB,https://a.espncdn.com/i/teamlogos/ncaa/500/2540.png,1D1160,fdb813,56
244000056,2004,3,2004-03-22,2004-03-22T23:00:00.000000-0500,4304,Sancho Lyttle,248,Cougars,Houston,Houston,,7,19,0,0,1,1,1,2,3,0,0,0,0,5,15,true,false,false,true,,S. Lyttle,,Not Available,NA,Houston Cougars,s:40~l:54~t:248,houston-cougars,https://a.espncdn.com/i/teamlogos/ncaa/500/248.png,HOU,c92a39,ffffff,home,false,52,2540,Gauchos,UC Santa Barbara,UC Santa Barbara Gauchos,UCSB,https://a.espncdn.com/i/teamlogos/ncaa/500/2540.png,1D1160,fdb813,56
244000056,2004,3,2004-03-22,2004-03-22T23:00:00.000000-0500,4303,Joann Overstreet,248,Cougars,Houston,Houston,,1,7,0,3,3,5,1,4,5,0,0,0,0,3,5,true,false,false,true,,J. Overstreet,,Not Available,NA,Houston Cougars,s:40~l:54~t:248,houston-cougars,https://a.espncdn.com/i/teamlogos/ncaa/500/248.png,HOU,c92a39,ffffff,home,false,52,2540,Gauchos,UC Santa Barbara,UC Santa Barbara Gauchos,UCSB,https://a.espncdn.com/i/teamlogos/ncaa/500/2540.png,1D1160,fdb813,56
244000056,2004,3,2004-03-22,2004-03-22T23:00:00.000000-0500,770,Nicole Oliver,248,Cougars,Houston,Houston,,0,2,0,1,0,0,2,6,8,0,0,0,0,2,0,true,false,false,true,,N. Oliver,,Not Available,NA,Houston Cougars,s:40~l:54~t:248,houston-cougars,https://a.espncdn.com/i/teamlogos/ncaa/500/248.png,HOU,c92a39,ffffff,home,false,52,2540,Gauchos,UC Santa Barbara,UC Santa Barbara Gauchos,UCSB,https://a.espncdn.com/i/teamlogos/ncaa/500/2540.png,1D1160,fdb813,56
244000056,2004,3,2004-03-22,2004-03-22T23:00:00.000000-0500,769,Chandi Jones,248,Cougars,Houston,Houston,,8,19,1,6,7,10,0,6,6,0,0,0,0,1,24,true,false,false,true,,C. Jones,,Not Available,NA,Houston Cougars,s:40~l:54~t:248,houston-cougars,https://a.espncdn.com/i/teamlogos/ncaa/500/248.png,HOU,c92a39,ffffff,home,false,52,2540,Gauchos,UC Santa Barbara,UC Santa Barbara Gauchos,UCSB,https://a.espncdn.com/i/teamlogos/ncaa/500/2540.png,1D1160,fdb813,56
244000025,2004,3,2004-03-22,2004-03-22T23:00:00.000000-0500,1937,Chelsea Trotter,24,Cardinal,Stanford,Stanford,,4,7,0,0,2,2,1,4,5,0,0,0,0,2,10,true,false,false,true,,C. Trotter,,Not Available,NA,Stanford Cardinal,s:40~l:54~t:24,stanford-cardinal,https://a.espncdn.com/i/teamlogos/ncaa/500/24.png,STAN,8c1515,ffffff,away,true,68,201,Sooners,Oklahoma,Oklahoma Sooners,OU,https://a.espncdn.com/i/teamlogos/ncaa/500/201.png,9d2235,ffffff,43
244000025,2004,3,2004-03-22,2004-03-22T23:00:00.000000-0500,1936,T'Nae Thiel,24,Cardinal,Stanford,Stanford,,2,6,0,1,0,0,2,4,6,0,0,0,0,5,4,true,false,false,true,,T. Thiel,,Not Available,NA,Stanford Cardinal,s:40~l:54~t:24,stanford-cardinal,https://a.espncdn.com/i/teamlogos/ncaa/500/24.png,STAN,8c1515,ffffff,away,true,68,201,Sooners,Oklahoma,Oklahoma Sooners,OU,https://a.espncdn.com/i/teamlogos/ncaa/500/201.png,9d2235,ffffff,43
244000025,2004,3,2004-03-22,2004-03-22T23:00:00.000000-0500,1934,Nicole Powell,24,Cardinal,Stanford,Stanford,,6,14,1,4,10,12,0,11,11,0,0,0,0,1,23,true,false,false,true,,N. Powell,,Not Available,NA,Stanford Cardinal,s:40~l:54~t:24,stanford-cardinal,https://a.espncdn.com/i/teamlogos/ncaa/500/24.png,STAN,8c1515,ffffff,away,true,68,201,Sooners,Oklahoma,Oklahoma Sooners,OU,https://a.espncdn.com/i/teamlogos/ncaa/500/201.png,9d2235,ffffff,43
244000025,2004,3,2004-03-22,2004-03-22T23:00:00.000000-0500,1935,Kelley Suminski,24,Cardinal,Stanford,Stanford,,7,10,3,5,2,2,0,1,1,0,0,0,0,2,19,true,false,false,true,,K. Suminski,,Not Available,NA,Stanford Cardinal,s:40~l:54~t:24,stanford-cardinal,https://a.espncdn.com/i/teamlogos/ncaa/500/24.png,STAN,8c1515,ffffff,away,true,68,201,Sooners,Oklahoma,Oklahoma Sooners,OU,https://a.espncdn.com/i/teamlogos/ncaa/500/201.png,9d2235,ffffff,43
244000025,2004,3,2004-03-22,2004-03-22T23:00:00.000000-0500,1932,Susan Borchardt,24,Cardinal,Stanford,Stanford,,3,7,3,6,0,1,0,0,0,0,0,0,0,2,9,true,false,false,true,,S. Borchardt,,Not Available,NA,Stanford Cardinal,s:40~l:54~t:24,stanford-cardinal,https://a.espncdn.com/i/teamlogos/ncaa/500/24.png,STAN,8c1515,ffffff,away,true,68,201,Sooners,Oklahoma,Oklahoma Sooners,OU,https://a.espncdn.com/i/teamlogos/ncaa/500/201.png,9d2235,ffffff,43
244000025,2004,3,2004-03-22,2004-03-22T23:00:00.000000-0500,3814,Leah Rush,201,Sooners,Oklahoma,Oklahoma,,1,5,1,2,0,2,3,2,5,0,0,0,0,2,3,true,false,false,true,,L. Rush,,Not Available,NA,Oklahoma Sooners,s:40~l:54~t:201,oklahoma-sooners,https://a.espncdn.com/i/teamlogos/ncaa/500/201.png,OU,9d2235,ffffff,home,false,43,24,Cardinal,Stanford,Stanford Cardinal,STAN,https://a.espncdn.com/i/teamlogos/ncaa/500/24.png,8c1515,ffffff,68
244000025,2004,3,2004-03-22,2004-03-22T23:00:00.000000-0500,1500,Caton Hill,201,Sooners,Oklahoma,Oklahoma,,4,9,1,2,0,1,2,5,7,0,0,0,0,1,9,true,false,false,true,,C. Hill,,Not Available,NA,Oklahoma Sooners,s:40~l:54~t:201,oklahoma-sooners,https://a.espncdn.com/i/teamlogos/ncaa/500/201.png,OU,9d2235,ffffff,home,false,43,24,Cardinal,Stanford,Stanford Cardinal,STAN,https://a.espncdn.com/i/teamlogos/ncaa/500/24.png,8c1515,ffffff,68
244000025,2004,3,2004-03-22,2004-03-22T23:00:00.000000-0500,2662,Maria Villarroel,201,Sooners,Oklahoma,Oklahoma,,2,11,0,1,4,6,3,1,4,0,0,0,0,3,8,true,false,false,true,,M. Villarroel,,Not Available,NA,Oklahoma Sooners,s:40~l:54~t:201,oklahoma-sooners,https://a.espncdn.com/i/teamlogos/ncaa/500/201.png,OU,9d2235,ffffff,home,false,43,24,Cardinal,Stanford,Stanford Cardinal,STAN,https://a.espncdn.com/i/teamlogos/ncaa/500/24.png,8c1515,ffffff,68
244000025,2004,3,2004-03-22,2004-03-22T23:00:00.000000-0500,2440,Erin Higgins,201,Sooners,Oklahoma,Oklahoma,,1,6,1,6,0,0,1,1,2,0,0,0,0,1,3,true,false,false,true,,E. Higgins,,Not Available,NA,Oklahoma Sooners,s:40~l:54~t:201,oklahoma-sooners,https://a.espncdn.com/i/teamlogos/ncaa/500/201.png,OU,9d2235,ffffff,home,false,43,24,Cardinal,Stanford,Stanford Cardinal,STAN,https://a.espncdn.com/i/teamlogos/ncaa/500/24.png,8c1515,ffffff,68
244000025,2004,3,2004-03-22,2004-03-22T23:00:00.000000-0500,1501,Dionnah Jackson-Durrett,201,Sooners,Oklahoma,Oklahoma,,6,15,1,4,2,2,1,2,3,0,0,0,0,6,15,true,false,false,true,,D. Jackson-Durrett,,Not Available,NA,Oklahoma Sooners,s:40~l:54~t:201,oklahoma-sooners,https://a.espncdn.com/i/teamlogos/ncaa/500/201.png,OU,9d2235,ffffff,home,false,43,24,Cardinal,Stanford,Stanford Cardinal,STAN,https://a.espncdn.com/i/teamlogos/ncaa/500/24.png,8c1515,ffffff,68
244000006,2004,3,2004-03-22,2004-03-22T23:00:00.000000-0500,2412,Amisha Carter,2348,Lady Techsters,Louisiana Tech,Louisiana Tech,,4,20,0,0,5,6,7,6,13,0,0,0,0,4,13,true,false,false,true,,A. Carter,,Not Available,NA,Louisiana Tech Lady Techsters,s:40~l:54~t:2348,louisiana-tech-lady-techsters,https://a.espncdn.com/i/teamlogos/ncaa/500/2348.png,LT,002d65,d3313a,away,true,81,2641,Lady Raiders,Texas Tech,Texas Tech Lady Raiders,TTU,https://a.espncdn.com/i/teamlogos/ncaa/500/2641.png,C80025,231f20,64
244000006,2004,3,2004-03-22,2004-03-22T23:00:00.000000-0500,996,Trina Frierson,2348,Lady Techsters,Louisiana Tech,Louisiana Tech,,6,13,0,0,1,3,4,4,8,0,0,0,0,2,13,true,false,false,true,,T. Frierson,,Not Available,NA,Louisiana Tech Lady Techsters,s:40~l:54~t:2348,louisiana-tech-lady-techsters,https://a.espncdn.com/i/teamlogos/ncaa/500/2348.png,LT,002d65,d3313a,away,true,81,2641,Lady Raiders,Texas Tech,Texas Tech Lady Raiders,TTU,https://a.espncdn.com/i/teamlogos/ncaa/500/2641.png,C80025,231f20,64
244000006,2004,3,2004-03-22,2004-03-22T23:00:00.000000-0500,2533,Tasha Crain,2348,Lady Techsters,Louisiana Tech,Louisiana Tech,,0,3,0,1,2,2,1,1,2,0,0,0,0,3,2,true,false,false,true,,T. Crain,,Not Available,NA,Louisiana Tech Lady Techsters,s:40~l:54~t:2348,louisiana-tech-lady-techsters,https://a.espncdn.com/i/teamlogos/ncaa/500/2348.png,LT,002d65,d3313a,away,true,81,2641,Lady Raiders,Texas Tech,Texas Tech Lady Raiders,TTU,https://a.espncdn.com/i/teamlogos/ncaa/500/2641.png,C80025,231f20,64
244000006,2004,3,2004-03-22,2004-03-22T23:00:00.000000-0500,998,Erica Smith-Taylor,2348,Lady Techsters,Louisiana Tech,Louisiana Tech,,10,16,4,7,6,6,5,5,10,0,0,0,0,4,30,true,false,false,true,,E. Smith-Taylor,,Not Available,NA,Louisiana Tech Lady Techsters,s:40~l:54~t:2348,louisiana-tech-lady-techsters,https://a.espncdn.com/i/teamlogos/ncaa/500/2348.png,LT,002d65,d3313a,away,true,81,2641,Lady Raiders,Texas Tech,Texas Tech Lady Raiders,TTU,https://a.espncdn.com/i/teamlogos/ncaa/500/2641.png,C80025,231f20,64
244000006,2004,3,2004-03-22,2004-03-22T23:00:00.000000-0500,997,Amber Obaze,2348,Lady Techsters,Louisiana Tech,Louisiana Tech,,6,8,0,0,2,2,1,3,4,0,0,0,0,0,14,true,false,false,true,,A. Obaze,,Not Available,NA,Louisiana Tech Lady Techsters,s:40~l:54~t:2348,louisiana-tech-lady-techsters,https://a.espncdn.com/i/teamlogos/ncaa/500/2348.png,LT,002d65,d3313a,away,true,81,2641,Lady Raiders,Texas Tech,Texas Tech Lady Raiders,TTU,https://a.espncdn.com/i/teamlogos/ncaa/500/2641.png,C80025,231f20,64
244000006,2004,3,2004-03-22,2004-03-22T23:00:00.000000-0500,2528,Chesley Dabbs,2641,Lady Raiders,Texas Tech,Texas Tech,,1,8,0,0,0,0,1,0,1,0,0,0,0,2,2,true,false,false,true,,C. Dabbs,,Not Available,NA,Texas Tech Lady Raiders,s:40~l:54~t:2641,texas-tech-lady-raiders,https://a.espncdn.com/i/teamlogos/ncaa/500/2641.png,TTU,C80025,231f20,home,false,64,2348,Lady Techsters,Louisiana Tech,Louisiana Tech Lady Techsters,LT,https://a.espncdn.com/i/teamlogos/ncaa/500/2348.png,002d65,d3313a,81
244000006,2004,3,2004-03-22,2004-03-22T23:00:00.000000-0500,2068,Casey Jackson,2641,Lady Raiders,Texas Tech,Texas Tech,,3,7,0,0,1,2,6,7,13,0,0,0,0,2,7,true,false,false,true,,C. Jackson,,Not Available,NA,Texas Tech Lady Raiders,s:40~l:54~t:2641,texas-tech-lady-raiders,https://a.espncdn.com/i/teamlogos/ncaa/500/2641.png,TTU,C80025,231f20,home,false,64,2348,Lady Techsters,Louisiana Tech,Louisiana Tech Lady Techsters,LT,https://a.espncdn.com/i/teamlogos/ncaa/500/2348.png,002d65,d3313a,81
244000006,2004,3,2004-03-22,2004-03-22T23:00:00.000000-0500,2064,Jolee Ayers-Curry,2641,Lady Raiders,Texas Tech,Texas Tech,,1,5,0,0,0,0,0,2,2,0,0,0,0,0,2,true,false,false,true,,J. Ayers-Curry,,Not Available,NA,Texas Tech Lady Raiders,s:40~l:54~t:2641,texas-tech-lady-raiders,https://a.espncdn.com/i/teamlogos/ncaa/500/2641.png,TTU,C80025,231f20,home,false,64,2348,Lady Techsters,Louisiana Tech,Louisiana Tech Lady Techsters,LT,https://a.espncdn.com/i/teamlogos/ncaa/500/2348.png,002d65,d3313a,81
244000006,2004,3,2004-03-22,2004-03-22T23:00:00.000000-0500,2423,Erin Grant,2641,Lady Raiders,Texas Tech,Texas Tech,,6,16,0,2,7,8,1,4,5,0,0,0,0,4,19,true,false,false,true,,E. Grant,,Not Available,NA,Texas Tech Lady Raiders,s:40~l:54~t:2641,texas-tech-lady-raiders,https://a.espncdn.com/i/teamlogos/ncaa/500/2641.png,TTU,C80025,231f20,home,false,64,2348,Lady Techsters,Louisiana Tech,Louisiana Tech Lady Techsters,LT,https://a.espncdn.com/i/teamlogos/ncaa/500/2348.png,002d65,d3313a,81
244000006,2004,3,2004-03-22,2004-03-22T23:00:00.000000-0500,2070,Natalie Ritchie,2641,Lady Raiders,Texas Tech,Texas Tech,,4,9,1,3,2,2,1,1,2,0,0,0,0,1,8,true,false,false,true,,N. Ritchie,,Not Available,NA,Texas Tech Lady Raiders,s:40~l:54~t:2641,texas-tech-lady-raiders,https://a.espncdn.com/i/teamlogos/ncaa/500/2641.png,TTU,C80025,231f20,home,false,64,2348,Lady Techsters,Louisiana Tech,Louisiana Tech Lady Techsters,LT,https://a.espncdn.com/i/teamlogos/ncaa/500/2348.png,002d65,d3313a,81
244000051,2004,3,2004-03-21,2004-03-21T12:00:00.000000-0500,4449,Krystle Horton,2393,Blue Raiders,Middle Tennessee,MTSU,,8,13,0,1,0,0,3,1,4,0,0,0,0,3,16,true,false,false,true,,K. Horton,,Not Available,NA,Middle Tennessee Blue Raiders,s:40~l:54~t:2393,middle-tennessee-blue-raiders,https://a.espncdn.com/i/teamlogos/ncaa/500/2393.png,MTSU,006db6,ffffff,away,true,67,153,Tar Heels,North Carolina,North Carolina Tar Heels,UNC,https://a.espncdn.com/i/teamlogos/ncaa/500/153.png,7bafd4,13294b,62
244000051,2004,3,2004-03-21,2004-03-21T12:00:00.000000-0500,3030,Tia Stovall,2393,Blue Raiders,Middle Tennessee,MTSU,,5,11,0,0,2,2,1,4,5,0,0,0,0,2,12,true,false,false,true,,T. Stovall,,Not Available,NA,Middle Tennessee Blue Raiders,s:40~l:54~t:2393,middle-tennessee-blue-raiders,https://a.espncdn.com/i/teamlogos/ncaa/500/2393.png,MTSU,006db6,ffffff,away,true,67,153,Tar Heels,North Carolina,North Carolina Tar Heels,UNC,https://a.espncdn.com/i/teamlogos/ncaa/500/153.png,7bafd4,13294b,62
244000051,2004,3,2004-03-21,2004-03-21T12:00:00.000000-0500,1176,Jennifer Justice,2393,Blue Raiders,Middle Tennessee,MTSU,,1,6,0,3,0,0,1,1,2,0,0,0,0,1,2,true,false,false,true,,J. Justice,,Not Available,NA,Middle Tennessee Blue Raiders,s:40~l:54~t:2393,middle-tennessee-blue-raiders,https://a.espncdn.com/i/teamlogos/ncaa/500/2393.png,MTSU,006db6,ffffff,away,true,67,153,Tar Heels,North Carolina,North Carolina Tar Heels,UNC,https://a.espncdn.com/i/teamlogos/ncaa/500/153.png,7bafd4,13294b,62
244000051,2004,3,2004-03-21,2004-03-21T12:00:00.000000-0500,2376,Keisha McClinic,2393,Blue Raiders,Middle Tennessee,MTSU,,3,14,1,6,6,7,5,3,8,0,0,0,0,0,13,true,false,false,true,,K. McClinic,,Not Available,NA,Middle Tennessee Blue Raiders,s:40~l:54~t:2393,middle-tennessee-blue-raiders,https://a.espncdn.com/i/teamlogos/ncaa/500/2393.png,MTSU,006db6,ffffff,away,true,67,153,Tar Heels,North Carolina,North Carolina Tar Heels,UNC,https://a.espncdn.com/i/teamlogos/ncaa/500/153.png,7bafd4,13294b,62
244000051,2004,3,2004-03-21,2004-03-21T12:00:00.000000-0500,1175,Patrice Holmes,2393,Blue Raiders,Middle Tennessee,MTSU,,5,13,4,11,4,4,1,5,6,0,0,0,0,2,18,true,false,false,true,,P. Holmes,,Not Available,NA,Middle Tennessee Blue Raiders,s:40~l:54~t:2393,middle-tennessee-blue-raiders,https://a.espncdn.com/i/teamlogos/ncaa/500/2393.png,MTSU,006db6,ffffff,away,true,67,153,Tar Heels,North Carolina,North Carolina Tar Heels,UNC,https://a.espncdn.com/i/teamlogos/ncaa/500/153.png,7bafd4,13294b,62
244000051,2004,3,2004-03-21,2004-03-21T12:00:00.000000-0500,1401,Candace Sutton,153,Tar Heels,North Carolina,North Carolina,,4,10,0,0,0,0,3,4,7,0,0,0,0,3,8,true,false,false,true,,C. Sutton,,Not Available,NA,North Carolina Tar Heels,s:40~l:54~t:153,north-carolina-tar-heels,https://a.espncdn.com/i/teamlogos/ncaa/500/153.png,UNC,7bafd4,13294b,home,false,62,2393,Blue Raiders,Middle Tennessee,Middle Tennessee Blue Raiders,MTSU,https://a.espncdn.com/i/teamlogos/ncaa/500/2393.png,006db6,ffffff,67
244000051,2004,3,2004-03-21,2004-03-21T12:00:00.000000-0500,3754,Camille Little,153,Tar Heels,North Carolina,North Carolina,,8,13,0,1,2,3,2,4,6,0,0,0,0,2,18,true,false,false,true,,C. Little,,Not Available,NA,North Carolina Tar Heels,s:40~l:54~t:153,north-carolina-tar-heels,https://a.espncdn.com/i/teamlogos/ncaa/500/153.png,UNC,7bafd4,13294b,home,false,62,2393,Blue Raiders,Middle Tennessee,Middle Tennessee Blue Raiders,MTSU,https://a.espncdn.com/i/teamlogos/ncaa/500/2393.png,006db6,ffffff,67
244000051,2004,3,2004-03-21,2004-03-21T12:00:00.000000-0500,3755,Ivory Latta,153,Tar Heels,North Carolina,North Carolina,,1,13,0,7,3,3,1,2,3,0,0,0,0,1,5,true,false,false,true,,I. Latta,,Not Available,NA,North Carolina Tar Heels,s:40~l:54~t:153,north-carolina-tar-heels,https://a.espncdn.com/i/teamlogos/ncaa/500/153.png,UNC,7bafd4,13294b,home,false,62,2393,Blue Raiders,Middle Tennessee,Middle Tennessee Blue Raiders,MTSU,https://a.espncdn.com/i/teamlogos/ncaa/500/2393.png,006db6,ffffff,67
244000051,2004,3,2004-03-21,2004-03-21T12:00:00.000000-0500,2647,La'Tangela Atkinson,153,Tar Heels,North Carolina,North Carolina,,4,9,0,1,0,0,3,5,8,0,0,0,0,3,8,true,false,false,true,,L. Atkinson,,Not Available,NA,North Carolina Tar Heels,s:40~l:54~t:153,north-carolina-tar-heels,https://a.espncdn.com/i/teamlogos/ncaa/500/153.png,UNC,7bafd4,13294b,home,false,62,2393,Blue Raiders,Middle Tennessee,Middle Tennessee Blue Raiders,MTSU,https://a.espncdn.com/i/teamlogos/ncaa/500/2393.png,006db6,ffffff,67
244000051,2004,3,2004-03-21,2004-03-21T12:00:00.000000-0500,1400,Leah Metcalf,153,Tar Heels,North Carolina,North Carolina,,2,10,0,3,1,1,0,3,3,0,0,0,0,2,5,true,false,false,true,,L. Metcalf,,Not Available,NA,North Carolina Tar Heels,s:40~l:54~t:153,north-carolina-tar-heels,https://a.espncdn.com/i/teamlogos/ncaa/500/153.png,UNC,7bafd4,13294b,home,false,62,2393,Blue Raiders,Middle Tennessee,Middle Tennessee Blue Raiders,MTSU,https://a.espncdn.com/i/teamlogos/ncaa/500/2393.png,006db6,ffffff,67
244000048,2004,3,2004-03-21,2004-03-21T12:00:00.000000-0500,889,Jamie Cavey,2294,Hawkeyes,Iowa,Iowa,,5,11,0,0,4,4,0,3,3,0,0,0,0,5,14,true,false,false,true,,J. Cavey,,Not Available,NA,Iowa Hawkeyes,s:40~l:54~t:2294,iowa-hawkeyes,https://a.espncdn.com/i/teamlogos/ncaa/500/2294.png,IOWA,000000,fcd116,away,false,76,259,Hokies,Virginia Tech,Virginia Tech Hokies,VT,https://a.espncdn.com/i/teamlogos/ncaa/500/259.png,630031,cf4520,89
244000048,2004,3,2004-03-21,2004-03-21T12:00:00.000000-0500,3117,Johanna Solverson,2294,Hawkeyes,Iowa,Iowa,,0,5,0,3,0,0,1,1,2,0,0,0,0,0,0,true,false,false,true,,J. Solverson,,Not Available,NA,Iowa Hawkeyes,s:40~l:54~t:2294,iowa-hawkeyes,https://a.espncdn.com/i/teamlogos/ncaa/500/2294.png,IOWA,000000,fcd116,away,false,76,259,Hokies,Virginia Tech,Virginia Tech Hokies,VT,https://a.espncdn.com/i/teamlogos/ncaa/500/259.png,630031,cf4520,89
244000048,2004,3,2004-03-21,2004-03-21T12:00:00.000000-0500,893,Becca McCann,2294,Hawkeyes,Iowa,Iowa,,0,0,0,0,0,0,1,2,3,0,0,0,0,3,0,true,false,false,true,,B. McCann,,Not Available,NA,Iowa Hawkeyes,s:40~l:54~t:2294,iowa-hawkeyes,https://a.espncdn.com/i/teamlogos/ncaa/500/2294.png,IOWA,000000,fcd116,away,false,76,259,Hokies,Virginia Tech,Virginia Tech Hokies,VT,https://a.espncdn.com/i/teamlogos/ncaa/500/259.png,630031,cf4520,89
244000048,2004,3,2004-03-21,2004-03-21T12:00:00.000000-0500,3115,Lindsay Richards,2294,Hawkeyes,Iowa,Iowa,,1,2,1,2,0,0,0,1,1,0,0,0,0,0,3,true,false,false,true,,L. Richards,,Not Available,NA,Iowa Hawkeyes,s:40~l:54~t:2294,iowa-hawkeyes,https://a.espncdn.com/i/teamlogos/ncaa/500/2294.png,IOWA,000000,fcd116,away,false,76,259,Hokies,Virginia Tech,Virginia Tech Hokies,VT,https://a.espncdn.com/i/teamlogos/ncaa/500/259.png,630031,cf4520,89
244000048,2004,3,2004-03-21,2004-03-21T12:00:00.000000-0500,890,Kristi Faulkner,2294,Hawkeyes,Iowa,Iowa,,6,15,2,4,6,6,0,3,3,0,0,0,0,0,20,true,false,false,true,,K. Faulkner,,Not Available,NA,Iowa Hawkeyes,s:40~l:54~t:2294,iowa-hawkeyes,https://a.espncdn.com/i/teamlogos/ncaa/500/2294.png,IOWA,000000,fcd116,away,false,76,259,Hokies,Virginia Tech,Virginia Tech Hokies,VT,https://a.espncdn.com/i/teamlogos/ncaa/500/259.png,630031,cf4520,89
244000048,2004,3,2004-03-21,2004-03-21T12:00:00.000000-0500,2776,Kerri Gardin,259,Hokies,Virginia Tech,Virginia Tech,,7,12,0,0,2,2,1,7,8,0,0,0,0,2,16,true,false,false,true,,K. Gardin,,Not Available,NA,Virginia Tech Hokies,s:40~l:54~t:259,virginia-tech-hokies,https://a.espncdn.com/i/teamlogos/ncaa/500/259.png,VT,630031,cf4520,home,true,89,2294,Hawkeyes,Iowa,Iowa Hawkeyes,IOWA,https://a.espncdn.com/i/teamlogos/ncaa/500/2294.png,000000,fcd116,76
244000048,2004,3,2004-03-21,2004-03-21T12:00:00.000000-0500,2209,Ieva Kublina,259,Hokies,Virginia Tech,Virginia Tech,,9,14,2,2,3,4,2,4,6,0,0,0,0,2,23,true,false,false,true,,I. Kublina,,Not Available,NA,Virginia Tech Hokies,s:40~l:54~t:259,virginia-tech-hokies,https://a.espncdn.com/i/teamlogos/ncaa/500/259.png,VT,630031,cf4520,home,true,89,2294,Hawkeyes,Iowa,Iowa Hawkeyes,IOWA,https://a.espncdn.com/i/teamlogos/ncaa/500/2294.png,000000,fcd116,76
244000048,2004,3,2004-03-21,2004-03-21T12:00:00.000000-0500,2208,Erin Gibson,259,Hokies,Virginia Tech,Virginia Tech,,3,8,0,0,0,0,0,2,2,0,0,0,0,3,6,true,false,false,true,,E. Gibson,,Not Available,NA,Virginia Tech Hokies,s:40~l:54~t:259,virginia-tech-hokies,https://a.espncdn.com/i/teamlogos/ncaa/500/259.png,VT,630031,cf4520,home,true,89,2294,Hawkeyes,Iowa,Iowa Hawkeyes,IOWA,https://a.espncdn.com/i/teamlogos/ncaa/500/2294.png,000000,fcd116,76
244000048,2004,3,2004-03-21,2004-03-21T12:00:00.000000-0500,2778,Carrie Mason,259,Hokies,Virginia Tech,Virginia Tech,,7,11,5,6,3,5,0,3,3,0,0,0,0,0,22,true,false,false,true,,C. Mason,,Not Available,NA,Virginia Tech Hokies,s:40~l:54~t:259,virginia-tech-hokies,https://a.espncdn.com/i/teamlogos/ncaa/500/259.png,VT,630031,cf4520,home,true,89,2294,Hawkeyes,Iowa,Iowa Hawkeyes,IOWA,https://a.espncdn.com/i/teamlogos/ncaa/500/2294.png,000000,fcd116,76
244000048,2004,3,2004-03-21,2004-03-21T12:00:00.000000-0500,2773,Dawn Chriss,259,Hokies,Virginia Tech,Virginia Tech,,6,8,0,0,0,0,0,4,4,0,0,0,0,2,12,true,false,false,true,,D. Chriss,,Not Available,NA,Virginia Tech Hokies,s:40~l:54~t:259,virginia-tech-hokies,https://a.espncdn.com/i/teamlogos/ncaa/500/259.png,VT,630031,cf4520,home,true,89,2294,Hawkeyes,Iowa,Iowa Hawkeyes,IOWA,https://a.espncdn.com/i/teamlogos/ncaa/500/2294.png,000000,fcd116,76
244000012,2004,3,2004-03-21,2004-03-21T12:00:00.000000-0500,3945,Tamra Braun,2674,Beacons,Valparaiso,Valparaiso,,1,4,0,0,2,2,1,3,4,0,0,0,0,4,4,true,false,false,true,,T. Braun,,Not Available,NA,Valparaiso Beacons,s:40~l:54~t:2674,valparaiso-beacons,https://a.espncdn.com/i/teamlogos/ncaa/500/2674.png,VAL,794500,,away,false,63,2306,Wildcats,Kansas State,Kansas State Wildcats,KSU,https://a.espncdn.com/i/teamlogos/ncaa/500/2306.png,633194,e7d2ad,71
244000012,2004,3,2004-03-21,2004-03-21T12:00:00.000000-0500,2170,Jenna Stangler,2674,Beacons,Valparaiso,Valparaiso,,4,9,0,1,4,4,3,5,8,0,0,0,0,2,12,true,false,false,true,,J. Stangler,,Not Available,NA,Valparaiso Beacons,s:40~l:54~t:2674,valparaiso-beacons,https://a.espncdn.com/i/teamlogos/ncaa/500/2674.png,VAL,794500,,away,false,63,2306,Wildcats,Kansas State,Kansas State Wildcats,KSU,https://a.espncdn.com/i/teamlogos/ncaa/500/2306.png,633194,e7d2ad,71
244000012,2004,3,2004-03-21,2004-03-21T12:00:00.000000-0500,2169,Kathryn Knoester,2674,Beacons,Valparaiso,Valparaiso,,2,8,1,2,2,3,1,0,1,0,0,0,0,1,7,true,false,false,true,,K. Knoester,,Not Available,NA,Valparaiso Beacons,s:40~l:54~t:2674,valparaiso-beacons,https://a.espncdn.com/i/teamlogos/ncaa/500/2674.png,VAL,794500,,away,false,63,2306,Wildcats,Kansas State,Kansas State Wildcats,KSU,https://a.espncdn.com/i/teamlogos/ncaa/500/2306.png,633194,e7d2ad,71
244000012,2004,3,2004-03-21,2004-03-21T12:00:00.000000-0500,2168,Suzie Hammel,2674,Beacons,Valparaiso,Valparaiso,,2,5,2,5,0,0,1,1,2,0,0,0,0,1,6,true,false,false,true,,S. Hammel,,Not Available,NA,Valparaiso Beacons,s:40~l:54~t:2674,valparaiso-beacons,https://a.espncdn.com/i/teamlogos/ncaa/500/2674.png,VAL,794500,,away,false,63,2306,Wildcats,Kansas State,Kansas State Wildcats,KSU,https://a.espncdn.com/i/teamlogos/ncaa/500/2306.png,633194,e7d2ad,71
244000012,2004,3,2004-03-21,2004-03-21T12:00:00.000000-0500,2166,Katie Boone,2674,Beacons,Valparaiso,Valparaiso,,2,6,0,0,2,3,0,3,3,0,0,0,0,2,6,true,false,false,true,,K. Boone,,Not Available,NA,Valparaiso Beacons,s:40~l:54~t:2674,valparaiso-beacons,https://a.espncdn.com/i/teamlogos/ncaa/500/2674.png,VAL,794500,,away,false,63,2306,Wildcats,Kansas State,Kansas State Wildcats,KSU,https://a.espncdn.com/i/teamlogos/ncaa/500/2306.png,633194,e7d2ad,71
244000012,2004,3,2004-03-21,2004-03-21T12:00:00.000000-0500,922,Kendra Wecker,2306,Wildcats,Kansas State,Kansas St,,6,11,1,3,2,2,1,10,11,0,0,0,0,4,15,true,false,false,true,,K. Wecker,,Not Available,NA,Kansas State Wildcats,s:40~l:54~t:2306,kansas-state-wildcats,https://a.espncdn.com/i/teamlogos/ncaa/500/2306.png,KSU,633194,e7d2ad,home,true,71,2674,Beacons,Valparaiso,Valparaiso Beacons,VAL,https://a.espncdn.com/i/teamlogos/ncaa/500/2674.png,794500,,63
244000012,2004,3,2004-03-21,2004-03-21T12:00:00.000000-0500,921,Nicole Ohlde,2306,Wildcats,Kansas State,Kansas St,,5,7,0,0,15,21,1,3,4,0,0,0,0,2,25,true,false,false,true,,N. Ohlde,,Not Available,NA,Kansas State Wildcats,s:40~l:54~t:2306,kansas-state-wildcats,https://a.espncdn.com/i/teamlogos/ncaa/500/2306.png,KSU,633194,e7d2ad,home,true,71,2674,Beacons,Valparaiso,Valparaiso Beacons,VAL,https://a.espncdn.com/i/teamlogos/ncaa/500/2674.png,794500,,63
244000012,2004,3,2004-03-21,2004-03-21T12:00:00.000000-0500,916,Amy Dutmer,2306,Wildcats,Kansas State,Kansas St,,0,5,0,4,0,0,0,0,0,0,0,0,0,2,0,true,false,false,true,,A. Dutmer,,Not Available,NA,Kansas State Wildcats,s:40~l:54~t:2306,kansas-state-wildcats,https://a.espncdn.com/i/teamlogos/ncaa/500/2306.png,KSU,633194,e7d2ad,home,true,71,2674,Beacons,Valparaiso,Valparaiso Beacons,VAL,https://a.espncdn.com/i/teamlogos/ncaa/500/2674.png,794500,,63
244000012,2004,3,2004-03-21,2004-03-21T12:00:00.000000-0500,919,Megan Mahoney,2306,Wildcats,Kansas State,Kansas St,,5,10,1,1,3,4,3,5,8,0,0,0,0,3,11,true,false,false,true,,M. Mahoney,,Not Available,NA,Kansas State Wildcats,s:40~l:54~t:2306,kansas-state-wildcats,https://a.espncdn.com/i/teamlogos/ncaa/500/2306.png,KSU,633194,e7d2ad,home,true,71,2674,Beacons,Valparaiso,Valparaiso Beacons,VAL,https://a.espncdn.com/i/teamlogos/ncaa/500/2674.png,794500,,63
244000012,2004,3,2004-03-21,2004-03-21T12:00:00.000000-0500,917,Laurie Koehn,2306,Wildcats,Kansas State,Kansas St,,5,7,4,6,0,0,1,3,4,0,0,0,0,1,14,true,false,false,true,,L. Koehn,,Not Available,NA,Kansas State Wildcats,s:40~l:54~t:2306,kansas-state-wildcats,https://a.espncdn.com/i/teamlogos/ncaa/500/2306.png,KSU,633194,e7d2ad,home,true,71,2674,Beacons,Valparaiso,Valparaiso Beacons,VAL,https://a.espncdn.com/i/teamlogos/ncaa/500/2674.png,794500,,63
244000002,2004,3,2004-03-21,2004-03-21T12:00:00.000000-0500,3454,Carolyn Kieger,269,Golden Eagles,Marquette,Marquette,,5,9,0,0,2,3,0,4,4,0,0,0,0,3,12,true,false,false,true,,C. Kieger,,Guard,G,Marquette Golden Eagles,s:40~l:54~t:269,marquette-golden-eagles,https://a.espncdn.com/i/teamlogos/ncaa/500/269.png,MARQ,083963,ffffff,away,true,67,295,Monarchs,Old Dominion,Old Dominion Monarchs,ODU,https://a.espncdn.com/i/teamlogos/ncaa/500/295.png,00507d,a1d2f1,64
244000002,2004,3,2004-03-21,2004-03-21T12:00:00.000000-0500,4796,Christina Quaye,269,Golden Eagles,Marquette,Marquette,,9,13,0,0,4,8,3,4,7,0,0,0,0,2,22,true,false,false,true,,C. Quaye,,Not Available,NA,Marquette Golden Eagles,s:40~l:54~t:269,marquette-golden-eagles,https://a.espncdn.com/i/teamlogos/ncaa/500/269.png,MARQ,083963,ffffff,away,true,67,295,Monarchs,Old Dominion,Old Dominion Monarchs,ODU,https://a.espncdn.com/i/teamlogos/ncaa/500/295.png,00507d,a1d2f1,64
244000002,2004,3,2004-03-21,2004-03-21T12:00:00.000000-0500,4795,Danielle Kamm,269,Golden Eagles,Marquette,Marquette,,0,7,0,2,1,1,2,2,4,0,0,0,0,1,1,true,false,false,true,,D. Kamm,,Not Available,NA,Marquette Golden Eagles,s:40~l:54~t:269,marquette-golden-eagles,https://a.espncdn.com/i/teamlogos/ncaa/500/269.png,MARQ,083963,ffffff,away,true,67,295,Monarchs,Old Dominion,Old Dominion Monarchs,ODU,https://a.espncdn.com/i/teamlogos/ncaa/500/295.png,00507d,a1d2f1,64
244000002,2004,3,2004-03-21,2004-03-21T12:00:00.000000-0500,1079,Crystal Weaver,269,Golden Eagles,Marquette,Marquette,,3,10,0,0,2,2,2,1,3,0,0,0,0,1,8,true,false,false,true,,C. Weaver,,Not Available,NA,Marquette Golden Eagles,s:40~l:54~t:269,marquette-golden-eagles,https://a.espncdn.com/i/teamlogos/ncaa/500/269.png,MARQ,083963,ffffff,away,true,67,295,Monarchs,Old Dominion,Old Dominion Monarchs,ODU,https://a.espncdn.com/i/teamlogos/ncaa/500/295.png,00507d,a1d2f1,64
244000002,2004,3,2004-03-21,2004-03-21T12:00:00.000000-0500,1078,Kelly Schwerman,269,Golden Eagles,Marquette,Marquette,,4,8,2,5,1,2,1,1,2,0,0,0,0,3,11,true,false,false,true,,K. Schwerman,,Not Available,NA,Marquette Golden Eagles,s:40~l:54~t:269,marquette-golden-eagles,https://a.espncdn.com/i/teamlogos/ncaa/500/269.png,MARQ,083963,ffffff,away,true,67,295,Monarchs,Old Dominion,Old Dominion Monarchs,ODU,https://a.espncdn.com/i/teamlogos/ncaa/500/295.png,00507d,a1d2f1,64
244000002,2004,3,2004-03-21,2004-03-21T12:00:00.000000-0500,2660,Lawona Davis,295,Monarchs,Old Dominion,Old Dominion,,1,3,0,0,0,0,2,2,4,0,0,0,0,0,2,true,false,false,true,,L. Davis,,Not Available,NA,Old Dominion Monarchs,s:40~l:54~t:295,old-dominion-monarchs,https://a.espncdn.com/i/teamlogos/ncaa/500/295.png,ODU,00507d,a1d2f1,home,false,64,269,Golden Eagles,Marquette,Marquette Golden Eagles,MARQ,https://a.espncdn.com/i/teamlogos/ncaa/500/269.png,083963,ffffff,67
244000002,2004,3,2004-03-21,2004-03-21T12:00:00.000000-0500,1515,Monique Coker,295,Monarchs,Old Dominion,Old Dominion,,5,9,0,0,5,8,3,5,8,0,0,0,0,3,15,true,false,false,true,,M. Coker,,Not Available,NA,Old Dominion Monarchs,s:40~l:54~t:295,old-dominion-monarchs,https://a.espncdn.com/i/teamlogos/ncaa/500/295.png,ODU,00507d,a1d2f1,home,false,64,269,Golden Eagles,Marquette,Marquette Golden Eagles,MARQ,https://a.espncdn.com/i/teamlogos/ncaa/500/269.png,083963,ffffff,67
244000002,2004,3,2004-03-21,2004-03-21T12:00:00.000000-0500,1519,Max Nhassengo,295,Monarchs,Old Dominion,Old Dominion,,4,11,0,0,5,7,2,2,4,0,0,0,0,2,13,true,false,false,true,,M. Nhassengo,,Not Available,NA,Old Dominion Monarchs,s:40~l:54~t:295,old-dominion-monarchs,https://a.espncdn.com/i/teamlogos/ncaa/500/295.png,ODU,00507d,a1d2f1,home,false,64,269,Golden Eagles,Marquette,Marquette Golden Eagles,MARQ,https://a.espncdn.com/i/teamlogos/ncaa/500/269.png,083963,ffffff,67
244000002,2004,3,2004-03-21,2004-03-21T12:00:00.000000-0500,1518,Myriah Spence,295,Monarchs,Old Dominion,Old Dominion,,3,7,1,4,0,0,1,2,3,0,0,0,0,3,7,true,false,false,true,,M. Spence,,Not Available,NA,Old Dominion Monarchs,s:40~l:54~t:295,old-dominion-monarchs,https://a.espncdn.com/i/teamlogos/ncaa/500/295.png,ODU,00507d,a1d2f1,home,false,64,269,Golden Eagles,Marquette,Marquette Golden Eagles,MARQ,https://a.espncdn.com/i/teamlogos/ncaa/500/269.png,083963,ffffff,67
244000002,2004,3,2004-03-21,2004-03-21T12:00:00.000000-0500,1516,Shareese Grant,295,Monarchs,Old Dominion,Old Dominion,,8,13,1,2,2,2,0,3,3,0,0,0,0,2,19,true,false,false,true,,S. Grant,,Not Available,NA,Old Dominion Monarchs,s:40~l:54~t:295,old-dominion-monarchs,https://a.espncdn.com/i/teamlogos/ncaa/500/295.png,ODU,00507d,a1d2f1,home,false,64,269,Golden Eagles,Marquette,Marquette Golden Eagles,MARQ,https://a.espncdn.com/i/teamlogos/ncaa/500/269.png,083963,ffffff,67
244000050,2004,3,2004-03-21,2004-03-21T14:30:00.000000-0500,3339,Meg Tierney,2623,Lady Bears,Missouri State,Missouri St,,3,6,0,0,0,0,1,4,5,0,0,0,0,2,6,true,false,false,true,,M. Tierney,,Not Available,NA,Missouri State Lady Bears,s:40~l:54~t:2623,missouri-state-lady-bears,https://a.espncdn.com/i/teamlogos/ncaa/500/2623.png,MOST,5F0000,e8e8e8,away,false,65,87,Fighting Irish,Notre Dame,Notre Dame Fighting Irish,ND,https://a.espncdn.com/i/teamlogos/ncaa/500/87.png,0c2340,c99700,69
244000050,2004,3,2004-03-21,2004-03-21T14:30:00.000000-0500,3336,Kari Koch,2623,Lady Bears,Missouri State,Missouri St,,5,20,3,9,2,2,0,5,5,0,0,0,0,3,15,true,false,false,true,,K. Koch,,Not Available,NA,Missouri State Lady Bears,s:40~l:54~t:2623,missouri-state-lady-bears,https://a.espncdn.com/i/teamlogos/ncaa/500/2623.png,MOST,5F0000,e8e8e8,away,false,65,87,Fighting Irish,Notre Dame,Notre Dame Fighting Irish,ND,https://a.espncdn.com/i/teamlogos/ncaa/500/87.png,0c2340,c99700,69
244000050,2004,3,2004-03-21,2004-03-21T14:30:00.000000-0500,1954,Jennifer Lingor,2623,Lady Bears,Missouri State,Missouri St,,3,9,2,5,7,8,3,3,6,0,0,0,0,3,15,true,false,false,true,,J. Lingor,,Not Available,NA,Missouri State Lady Bears,s:40~l:54~t:2623,missouri-state-lady-bears,https://a.espncdn.com/i/teamlogos/ncaa/500/2623.png,MOST,5F0000,e8e8e8,away,false,65,87,Fighting Irish,Notre Dame,Notre Dame Fighting Irish,ND,https://a.espncdn.com/i/teamlogos/ncaa/500/87.png,0c2340,c99700,69
244000050,2004,3,2004-03-21,2004-03-21T14:30:00.000000-0500,1953,Nicole Lehman,2623,Lady Bears,Missouri State,Missouri St,,1,1,1,1,0,0,0,1,1,0,0,0,0,3,3,true,false,false,true,,N. Lehman,,Not Available,NA,Missouri State Lady Bears,s:40~l:54~t:2623,missouri-state-lady-bears,https://a.espncdn.com/i/teamlogos/ncaa/500/2623.png,MOST,5F0000,e8e8e8,away,false,65,87,Fighting Irish,Notre Dame,Notre Dame Fighting Irish,ND,https://a.espncdn.com/i/teamlogos/ncaa/500/87.png,0c2340,c99700,69
244000050,2004,3,2004-03-21,2004-03-21T14:30:00.000000-0500,1952,Morgan Hohenberger,2623,Lady Bears,Missouri State,Missouri St,,2,6,0,2,4,4,0,3,3,0,0,0,0,4,8,true,false,false,true,,M. Hohenberger,,Not Available,NA,Missouri State Lady Bears,s:40~l:54~t:2623,missouri-state-lady-bears,https://a.espncdn.com/i/teamlogos/ncaa/500/2623.png,MOST,5F0000,e8e8e8,away,false,65,87,Fighting Irish,Notre Dame,Notre Dame Fighting Irish,ND,https://a.espncdn.com/i/teamlogos/ncaa/500/87.png,0c2340,c99700,69
244000050,2004,3,2004-03-21,2004-03-21T14:30:00.000000-0500,2438,Courtney LaVere,87,Fighting Irish,Notre Dame,Notre Dame,,5,10,1,1,0,0,4,5,9,0,0,0,0,3,11,true,false,false,true,,C. LaVere,,Not Available,NA,Notre Dame Fighting Irish,s:40~l:54~t:87,notre-dame-fighting-irish,https://a.espncdn.com/i/teamlogos/ncaa/500/87.png,ND,0c2340,c99700,home,true,69,2623,Lady Bears,Missouri State,Missouri State Lady Bears,MOST,https://a.espncdn.com/i/teamlogos/ncaa/500/2623.png,5F0000,e8e8e8,65
244000050,2004,3,2004-03-21,2004-03-21T14:30:00.000000-0500,1466,Jacqueline Batteast,87,Fighting Irish,Notre Dame,Notre Dame,,7,19,0,2,3,5,4,5,9,0,0,0,0,4,17,true,false,false,true,,J. Batteast,,Not Available,NA,Notre Dame Fighting Irish,s:40~l:54~t:87,notre-dame-fighting-irish,https://a.espncdn.com/i/teamlogos/ncaa/500/87.png,ND,0c2340,c99700,home,true,69,2623,Lady Bears,Missouri State,Missouri State Lady Bears,MOST,https://a.espncdn.com/i/teamlogos/ncaa/500/2623.png,5F0000,e8e8e8,65
244000050,2004,3,2004-03-21,2004-03-21T14:30:00.000000-0500,2437,Megan Duffy,87,Fighting Irish,Notre Dame,Notre Dame,,4,12,2,8,6,7,0,2,2,0,0,0,0,2,16,true,false,false,true,,M. Duffy,,Not Available,NA,Notre Dame Fighting Irish,s:40~l:54~t:87,notre-dame-fighting-irish,https://a.espncdn.com/i/teamlogos/ncaa/500/87.png,ND,0c2340,c99700,home,true,69,2623,Lady Bears,Missouri State,Missouri State Lady Bears,MOST,https://a.espncdn.com/i/teamlogos/ncaa/500/2623.png,5F0000,e8e8e8,65
244000050,2004,3,2004-03-21,2004-03-21T14:30:00.000000-0500,1471,Le'Tania Severe,87,Fighting Irish,Notre Dame,Notre Dame,,2,8,0,0,7,7,2,7,9,0,0,0,0,3,11,true,false,false,true,,L. Severe,,Not Available,NA,Notre Dame Fighting Irish,s:40~l:54~t:87,notre-dame-fighting-irish,https://a.espncdn.com/i/teamlogos/ncaa/500/87.png,ND,0c2340,c99700,home,true,69,2623,Lady Bears,Missouri State,Missouri State Lady Bears,MOST,https://a.espncdn.com/i/teamlogos/ncaa/500/2623.png,5F0000,e8e8e8,65
244000050,2004,3,2004-03-21,2004-03-21T14:30:00.000000-0500,1469,Monique Hernandez,87,Fighting Irish,Notre Dame,Notre Dame,,3,6,0,2,0,0,1,3,4,0,0,0,0,2,6,true,false,false,true,,M. Hernandez,,Not Available,NA,Notre Dame Fighting Irish,s:40~l:54~t:87,notre-dame-fighting-irish,https://a.espncdn.com/i/teamlogos/ncaa/500/87.png,ND,0c2340,c99700,home,true,69,2623,Lady Bears,Missouri State,Missouri State Lady Bears,MOST,https://a.espncdn.com/i/teamlogos/ncaa/500/2623.png,5F0000,e8e8e8,65
244000047,2004,3,2004-03-21,2004-03-21T14:30:00.000000-0500,4034,Kiesha Beard,2261,Lady Pirates,Hampton,Hampton,,3,14,0,2,1,2,2,2,4,0,0,0,0,4,7,true,false,false,true,,K. Beard,,Not Available,NA,Hampton Lady Pirates,s:40~l:54~t:2261,hampton-lady-pirates,https://a.espncdn.com/i/teamlogos/ncaa/500/2261.png,HAMP,0067AC,,away,false,42,213,Lady Lions,Penn State,Penn State Lady Lions,PSU,https://a.espncdn.com/i/teamlogos/ncaa/500/213.png,00265D,002e5c,79
244000047,2004,3,2004-03-21,2004-03-21T14:30:00.000000-0500,2934,Nicole Brathwaite,2261,Lady Pirates,Hampton,Hampton,,1,2,0,0,4,4,4,1,5,0,0,0,0,1,6,true,false,false,true,,N. Brathwaite,,Not Available,NA,Hampton Lady Pirates,s:40~l:54~t:2261,hampton-lady-pirates,https://a.espncdn.com/i/teamlogos/ncaa/500/2261.png,HAMP,0067AC,,away,false,42,213,Lady Lions,Penn State,Penn State Lady Lions,PSU,https://a.espncdn.com/i/teamlogos/ncaa/500/213.png,00265D,002e5c,79
244000047,2004,3,2004-03-21,2004-03-21T14:30:00.000000-0500,4596,Sharema Dean,2261,Lady Pirates,Hampton,Hampton,,2,6,0,1,2,2,0,2,2,0,0,0,0,3,6,true,false,false,true,,S. Dean,,Not Available,NA,Hampton Lady Pirates,s:40~l:54~t:2261,hampton-lady-pirates,https://a.espncdn.com/i/teamlogos/ncaa/500/2261.png,HAMP,0067AC,,away,false,42,213,Lady Lions,Penn State,Penn State Lady Lions,PSU,https://a.espncdn.com/i/teamlogos/ncaa/500/213.png,00265D,002e5c,79
244000047,2004,3,2004-03-21,2004-03-21T14:30:00.000000-0500,2935,Lynetta Sullivan,2261,Lady Pirates,Hampton,Hampton,,3,11,0,0,2,3,2,3,5,0,0,0,0,3,8,true,false,false,true,,L. Sullivan,,Not Available,NA,Hampton Lady Pirates,s:40~l:54~t:2261,hampton-lady-pirates,https://a.espncdn.com/i/teamlogos/ncaa/500/2261.png,HAMP,0067AC,,away,false,42,213,Lady Lions,Penn State,Penn State Lady Lions,PSU,https://a.espncdn.com/i/teamlogos/ncaa/500/213.png,00265D,002e5c,79
244000047,2004,3,2004-03-21,2004-03-21T14:30:00.000000-0500,2929,Necka Lancaster,2261,Lady Pirates,Hampton,Hampton,,2,2,0,0,0,0,2,0,2,0,0,0,0,1,4,true,false,false,true,,N. Lancaster,,Not Available,NA,Hampton Lady Pirates,s:40~l:54~t:2261,hampton-lady-pirates,https://a.espncdn.com/i/teamlogos/ncaa/500/2261.png,HAMP,0067AC,,away,false,42,213,Lady Lions,Penn State,Penn State Lady Lions,PSU,https://a.espncdn.com/i/teamlogos/ncaa/500/213.png,00265D,002e5c,79
244000047,2004,3,2004-03-21,2004-03-21T14:30:00.000000-0500,1554,Ashli Schwab,213,Lady Lions,Penn State,Penn State,,0,0,0,0,3,4,2,2,4,0,0,0,0,2,3,true,false,false,true,,A. Schwab,,Not Available,NA,Penn State Lady Lions,s:40~l:54~t:213,penn-state-lady-lions,https://a.espncdn.com/i/teamlogos/ncaa/500/213.png,PSU,00265D,002e5c,home,true,79,2261,Lady Pirates,Hampton,Hampton Lady Pirates,HAMP,https://a.espncdn.com/i/teamlogos/ncaa/500/2261.png,0067AC,,42
244000047,2004,3,2004-03-21,2004-03-21T14:30:00.000000-0500,1551,Jessica Brungo,213,Lady Lions,Penn State,Penn State,,2,6,1,4,0,0,3,2,5,0,0,0,0,3,5,true,false,false,true,,J. Brungo,,Not Available,NA,Penn State Lady Lions,s:40~l:54~t:213,penn-state-lady-lions,https://a.espncdn.com/i/teamlogos/ncaa/500/213.png,PSU,00265D,002e5c,home,true,79,2261,Lady Pirates,Hampton,Hampton Lady Pirates,HAMP,https://a.espncdn.com/i/teamlogos/ncaa/500/2261.png,0067AC,,42
244000047,2004,3,2004-03-21,2004-03-21T14:30:00.000000-0500,1556,Tanisha Wright,213,Lady Lions,Penn State,Penn State,,5,9,0,0,6,7,2,8,10,0,0,0,0,2,16,true,false,false,true,,T. Wright,,Not Available,NA,Penn State Lady Lions,s:40~l:54~t:213,penn-state-lady-lions,https://a.espncdn.com/i/teamlogos/ncaa/500/213.png,PSU,00265D,002e5c,home,true,79,2261,Lady Pirates,Hampton,Hampton Lady Pirates,HAMP,https://a.espncdn.com/i/teamlogos/ncaa/500/2261.png,0067AC,,42
244000047,2004,3,2004-03-21,2004-03-21T14:30:00.000000-0500,1555,Jess Strom,213,Lady Lions,Penn State,Penn State,,3,9,2,5,6,6,2,1,3,0,0,0,0,0,14,true,false,false,true,,J. Strom,,Not Available,NA,Penn State Lady Lions,s:40~l:54~t:213,penn-state-lady-lions,https://a.espncdn.com/i/teamlogos/ncaa/500/213.png,PSU,00265D,002e5c,home,true,79,2261,Lady Pirates,Hampton,Hampton Lady Pirates,HAMP,https://a.espncdn.com/i/teamlogos/ncaa/500/2261.png,0067AC,,42
244000047,2004,3,2004-03-21,2004-03-21T14:30:00.000000-0500,1553,Kelly Mazzante,213,Lady Lions,Penn State,Penn State,,8,17,3,8,2,2,1,1,2,0,0,0,0,0,21,true,false,false,true,,K. Mazzante,,Not Available,NA,Penn State Lady Lions,s:40~l:54~t:213,penn-state-lady-lions,https://a.espncdn.com/i/teamlogos/ncaa/500/213.png,PSU,00265D,002e5c,home,true,79,2261,Lady Pirates,Hampton,Hampton Lady Pirates,HAMP,https://a.espncdn.com/i/teamlogos/ncaa/500/2261.png,0067AC,,42
244000011,2004,3,2004-03-21,2004-03-21T14:30:00.000000-0500,2397,Lisa Willis,26,Bruins,UCLA,UCLA,,5,8,3,6,2,3,0,5,5,0,0,0,0,5,15,true,false,false,true,,L. Willis,,Not Available,NA,UCLA Bruins,s:40~l:54~t:26,ucla-bruins,https://a.espncdn.com/i/teamlogos/ncaa/500/26.png,UCLA,2774ae,f2a900,away,false,81,135,Golden Gophers,Minnesota,Minnesota Golden Gophers,MINN,https://a.espncdn.com/i/teamlogos/ncaa/500/135.png,981a31,981a31,92
244000011,2004,3,2004-03-21,2004-03-21T14:30:00.000000-0500,2144,Jamila Veasley,26,Bruins,UCLA,UCLA,,1,1,0,0,0,1,1,4,5,0,0,0,0,4,2,true,false,false,true,,J. Veasley,,Not Available,NA,UCLA Bruins,s:40~l:54~t:26,ucla-bruins,https://a.espncdn.com/i/teamlogos/ncaa/500/26.png,UCLA,2774ae,f2a900,away,false,81,135,Golden Gophers,Minnesota,Minnesota Golden Gophers,MINN,https://a.espncdn.com/i/teamlogos/ncaa/500/135.png,981a31,981a31,92
244000011,2004,3,2004-03-21,2004-03-21T14:30:00.000000-0500,2140,Whitney Jones,26,Bruins,UCLA,UCLA,,0,3,0,2,3,4,1,3,4,0,0,0,0,4,3,true,false,false,true,,W. Jones,,Not Available,NA,UCLA Bruins,s:40~l:54~t:26,ucla-bruins,https://a.espncdn.com/i/teamlogos/ncaa/500/26.png,UCLA,2774ae,f2a900,away,false,81,135,Golden Gophers,Minnesota,Minnesota Golden Gophers,MINN,https://a.espncdn.com/i/teamlogos/ncaa/500/135.png,981a31,981a31,92
244000011,2004,3,2004-03-21,2004-03-21T14:30:00.000000-0500,4101,Noelle Quinn,26,Bruins,UCLA,UCLA,,7,17,0,5,1,2,3,2,5,0,0,0,0,3,15,true,false,false,true,,N. Quinn,,Not Available,NA,UCLA Bruins,s:40~l:54~t:26,ucla-bruins,https://a.espncdn.com/i/teamlogos/ncaa/500/26.png,UCLA,2774ae,f2a900,away,false,81,135,Golden Gophers,Minnesota,Minnesota Golden Gophers,MINN,https://a.espncdn.com/i/teamlogos/ncaa/500/135.png,981a31,981a31,92
244000011,2004,3,2004-03-21,2004-03-21T14:30:00.000000-0500,3159,Nikki Blue,26,Bruins,UCLA,UCLA,,12,21,2,4,7,9,1,4,5,0,0,0,0,4,33,true,false,false,true,,N. Blue,,Not Available,NA,UCLA Bruins,s:40~l:54~t:26,ucla-bruins,https://a.espncdn.com/i/teamlogos/ncaa/500/26.png,UCLA,2774ae,f2a900,away,false,81,135,Golden Gophers,Minnesota,Minnesota Golden Gophers,MINN,https://a.espncdn.com/i/teamlogos/ncaa/500/135.png,981a31,981a31,92
244000011,2004,3,2004-03-21,2004-03-21T14:30:00.000000-0500,1181,Janel McCarville,135,Golden Gophers,Minnesota,Minnesota,,5,9,0,0,9,9,3,14,17,0,0,0,0,4,19,true,false,false,true,,J. McCarville,,Not Available,NA,Minnesota Golden Gophers,s:40~l:54~t:135,minnesota-golden-gophers,https://a.espncdn.com/i/teamlogos/ncaa/500/135.png,MINN,981a31,981a31,home,true,92,26,Bruins,UCLA,UCLA Bruins,UCLA,https://a.espncdn.com/i/teamlogos/ncaa/500/26.png,2774ae,f2a900,81
244000011,2004,3,2004-03-21,2004-03-21T14:30:00.000000-0500,1179,Kadidja Andersson,135,Golden Gophers,Minnesota,Minnesota,,6,9,0,0,2,2,4,1,5,0,0,0,0,1,14,true,false,false,true,,K. Andersson,,Not Available,NA,Minnesota Golden Gophers,s:40~l:54~t:135,minnesota-golden-gophers,https://a.espncdn.com/i/teamlogos/ncaa/500/135.png,MINN,981a31,981a31,home,true,92,26,Bruins,UCLA,UCLA Bruins,UCLA,https://a.espncdn.com/i/teamlogos/ncaa/500/26.png,2774ae,f2a900,81
244000011,2004,3,2004-03-21,2004-03-21T14:30:00.000000-0500,2656,Shannon Bolden,135,Golden Gophers,Minnesota,Minnesota,,2,5,0,1,1,2,0,3,3,0,0,0,0,3,5,true,false,false,true,,S. Bolden,,Not Available,NA,Minnesota Golden Gophers,s:40~l:54~t:135,minnesota-golden-gophers,https://a.espncdn.com/i/teamlogos/ncaa/500/135.png,MINN,981a31,981a31,home,true,92,26,Bruins,UCLA,UCLA Bruins,UCLA,https://a.espncdn.com/i/teamlogos/ncaa/500/26.png,2774ae,f2a900,81
244000011,2004,3,2004-03-21,2004-03-21T14:30:00.000000-0500,2655,Shannon Schonrock,135,Golden Gophers,Minnesota,Minnesota,,5,10,5,9,0,0,0,1,1,0,0,0,0,3,15,true,false,false,true,,S. Schonrock,,Not Available,NA,Minnesota Golden Gophers,s:40~l:54~t:135,minnesota-golden-gophers,https://a.espncdn.com/i/teamlogos/ncaa/500/135.png,MINN,981a31,981a31,home,true,92,26,Bruins,UCLA,UCLA Bruins,UCLA,https://a.espncdn.com/i/teamlogos/ncaa/500/26.png,2774ae,f2a900,81
244000011,2004,3,2004-03-21,2004-03-21T14:30:00.000000-0500,1182,Lindsay Whalen,135,Golden Gophers,Minnesota,Minnesota,,9,19,1,5,10,11,0,2,2,0,0,0,0,4,29,true,false,false,true,,L. Whalen,,Not Available,NA,Minnesota Golden Gophers,s:40~l:54~t:135,minnesota-golden-gophers,https://a.espncdn.com/i/teamlogos/ncaa/500/135.png,MINN,981a31,981a31,home,true,92,26,Bruins,UCLA,UCLA Bruins,UCLA,https://a.espncdn.com/i/teamlogos/ncaa/500/26.png,2774ae,f2a900,81
244000001,2004,3,2004-03-21,2004-03-21T14:30:00.000000-0500,3155,Ashley Sparkman,2466,Lady Demons,Northwestern State,N'Western St,,0,0,0,0,0,1,0,2,2,0,0,0,0,4,0,true,false,false,true,,A. Sparkman,,Not Available,NA,Northwestern State Lady Demons,s:40~l:54~t:2466,northwestern-state-lady-demons,https://a.espncdn.com/i/teamlogos/ncaa/500/2466.png,NWST,492F91,ed6118,away,false,51,150,Blue Devils,Duke,Duke Blue Devils,DUKE,https://a.espncdn.com/i/teamlogos/ncaa/500/150.png,013088,ffffff,103
244000001,2004,3,2004-03-21,2004-03-21T14:30:00.000000-0500,3158,Amanda Bennett,2466,Lady Demons,Northwestern State,N'Western St,,0,5,0,2,0,0,2,1,3,0,0,0,0,3,0,true,false,false,true,,A. Bennett,,Not Available,NA,Northwestern State Lady Demons,s:40~l:54~t:2466,northwestern-state-lady-demons,https://a.espncdn.com/i/teamlogos/ncaa/500/2466.png,NWST,492F91,ed6118,away,false,51,150,Blue Devils,Duke,Duke Blue Devils,DUKE,https://a.espncdn.com/i/teamlogos/ncaa/500/150.png,013088,ffffff,103
244000001,2004,3,2004-03-21,2004-03-21T14:30:00.000000-0500,3157,Katrina Swanigan,2466,Lady Demons,Northwestern State,N'Western St,,5,13,0,0,3,3,0,4,4,0,0,0,0,3,13,true,false,false,true,,K. Swanigan,,Not Available,NA,Northwestern State Lady Demons,s:40~l:54~t:2466,northwestern-state-lady-demons,https://a.espncdn.com/i/teamlogos/ncaa/500/2466.png,NWST,492F91,ed6118,away,false,51,150,Blue Devils,Duke,Duke Blue Devils,DUKE,https://a.espncdn.com/i/teamlogos/ncaa/500/150.png,013088,ffffff,103
244000001,2004,3,2004-03-21,2004-03-21T14:30:00.000000-0500,3154,Diamond Cosby,2466,Lady Demons,Northwestern State,N'Western St,,7,14,3,3,2,2,2,5,7,0,0,0,0,0,19,true,false,false,true,,D. Cosby,,Not Available,NA,Northwestern State Lady Demons,s:40~l:54~t:2466,northwestern-state-lady-demons,https://a.espncdn.com/i/teamlogos/ncaa/500/2466.png,NWST,492F91,ed6118,away,false,51,150,Blue Devils,Duke,Duke Blue Devils,DUKE,https://a.espncdn.com/i/teamlogos/ncaa/500/150.png,013088,ffffff,103
244000001,2004,3,2004-03-21,2004-03-21T14:30:00.000000-0500,3147,La'Terrica Dobin,2466,Lady Demons,Northwestern State,N'Western St,,3,14,0,0,6,7,1,0,1,0,0,0,0,1,12,true,false,false,true,,L. Dobin,,Not Available,NA,Northwestern State Lady Demons,s:40~l:54~t:2466,northwestern-state-lady-demons,https://a.espncdn.com/i/teamlogos/ncaa/500/2466.png,NWST,492F91,ed6118,away,false,51,150,Blue Devils,Duke,Duke Blue Devils,DUKE,https://a.espncdn.com/i/teamlogos/ncaa/500/150.png,013088,ffffff,103
244000001,2004,3,2004-03-21,2004-03-21T14:30:00.000000-0500,2475,Mistie McCray Bass,150,Blue Devils,Duke,Duke,,6,10,0,0,1,4,4,5,9,0,0,0,0,0,13,true,false,false,true,,M. Bass,,Not Available,NA,Duke Blue Devils,s:40~l:54~t:150,duke-blue-devils,https://a.espncdn.com/i/teamlogos/ncaa/500/150.png,DUKE,013088,ffffff,home,true,103,2466,Lady Demons,Northwestern State,Northwestern State Lady Demons,NWST,https://a.espncdn.com/i/teamlogos/ncaa/500/2466.png,492F91,ed6118,51
244000001,2004,3,2004-03-21,2004-03-21T14:30:00.000000-0500,440,Iciss Tillis,150,Blue Devils,Duke,Duke,,6,13,1,3,4,4,7,5,12,0,0,0,0,4,17,true,false,false,true,,I. Tillis,,Not Available,NA,Duke Blue Devils,s:40~l:54~t:150,duke-blue-devils,https://a.espncdn.com/i/teamlogos/ncaa/500/150.png,DUKE,013088,ffffff,home,true,103,2466,Lady Demons,Northwestern State,Northwestern State Lady Demons,NWST,https://a.espncdn.com/i/teamlogos/ncaa/500/2466.png,492F91,ed6118,51
244000001,2004,3,2004-03-21,2004-03-21T14:30:00.000000-0500,2476,Lindsey Harding,150,Blue Devils,Duke,Duke,,4,8,1,3,3,4,1,3,4,0,0,0,0,2,9,true,false,false,true,,L. Harding,,Not Available,NA,Duke Blue Devils,s:40~l:54~t:150,duke-blue-devils,https://a.espncdn.com/i/teamlogos/ncaa/500/150.png,DUKE,013088,ffffff,home,true,103,2466,Lady Demons,Northwestern State,Northwestern State Lady Demons,NWST,https://a.espncdn.com/i/teamlogos/ncaa/500/2466.png,492F91,ed6118,51
244000001,2004,3,2004-03-21,2004-03-21T14:30:00.000000-0500,438,Monique Currie,150,Blue Devils,Duke,Duke,,4,10,0,3,5,8,2,5,7,0,0,0,0,2,13,true,false,false,true,,M. Currie,,Not Available,NA,Duke Blue Devils,s:40~l:54~t:150,duke-blue-devils,https://a.espncdn.com/i/teamlogos/ncaa/500/150.png,DUKE,013088,ffffff,home,true,103,2466,Lady Demons,Northwestern State,Northwestern State Lady Demons,NWST,https://a.espncdn.com/i/teamlogos/ncaa/500/2466.png,492F91,ed6118,51
244000001,2004,3,2004-03-21,2004-03-21T14:30:00.000000-0500,436,Alana Beard,150,Blue Devils,Duke,Duke,,2,9,1,4,3,6,3,6,9,0,0,0,0,0,8,true,false,false,true,,A. Beard,,Not Available,NA,Duke Blue Devils,s:40~l:54~t:150,duke-blue-devils,https://a.espncdn.com/i/teamlogos/ncaa/500/150.png,DUKE,013088,ffffff,home,true,103,2466,Lady Demons,Northwestern State,Northwestern State Lady Demons,NWST,https://a.espncdn.com/i/teamlogos/ncaa/500/2466.png,492F91,ed6118,51
244000057,2004,3,2004-03-21,2004-03-21T19:00:00.000000-0500,1388,Kaayla Chones,152,Wolfpack,NC State,NC State,,1,6,0,0,3,4,0,3,3,0,0,0,0,1,5,true,false,false,true,,K. Chones,,Not Available,NA,NC State Wolfpack,s:40~l:54~t:152,nc-state-wolfpack,https://a.espncdn.com/i/teamlogos/ncaa/500/152.png,NCST,EF1216,231f20,away,false,59,2,Tigers,Auburn,Auburn Tigers,AUB,https://a.espncdn.com/i/teamlogos/ncaa/500/2.png,03244d,f1f2f3,79
244000057,2004,3,2004-03-21,2004-03-21T19:00:00.000000-0500,933,Alvine Mendeng,152,Wolfpack,NC State,NC State,,0,3,0,0,2,2,1,0,1,0,0,0,0,2,2,true,false,false,true,,A. Mendeng,,Not Available,NA,NC State Wolfpack,s:40~l:54~t:152,nc-state-wolfpack,https://a.espncdn.com/i/teamlogos/ncaa/500/152.png,NCST,EF1216,231f20,away,false,59,2,Tigers,Auburn,Auburn Tigers,AUB,https://a.espncdn.com/i/teamlogos/ncaa/500/2.png,03244d,f1f2f3,79
244000057,2004,3,2004-03-21,2004-03-21T19:00:00.000000-0500,1395,Rachel Stockdale,152,Wolfpack,NC State,NC State,,5,7,5,6,0,0,0,3,3,0,0,0,0,1,15,true,false,false,true,,R. Stockdale,,Not Available,NA,NC State Wolfpack,s:40~l:54~t:152,nc-state-wolfpack,https://a.espncdn.com/i/teamlogos/ncaa/500/152.png,NCST,EF1216,231f20,away,false,59,2,Tigers,Auburn,Auburn Tigers,AUB,https://a.espncdn.com/i/teamlogos/ncaa/500/2.png,03244d,f1f2f3,79
244000057,2004,3,2004-03-21,2004-03-21T19:00:00.000000-0500,1393,Nanna Rivers,152,Wolfpack,NC State,NC State,,1,3,0,1,0,0,0,1,1,0,0,0,0,1,2,true,false,false,true,,N. Rivers,,Not Available,NA,NC State Wolfpack,s:40~l:54~t:152,nc-state-wolfpack,https://a.espncdn.com/i/teamlogos/ncaa/500/152.png,NCST,EF1216,231f20,away,false,59,2,Tigers,Auburn,Auburn Tigers,AUB,https://a.espncdn.com/i/teamlogos/ncaa/500/2.png,03244d,f1f2f3,79
244000057,2004,3,2004-03-21,2004-03-21T19:00:00.000000-0500,1387,Kendra Bell,152,Wolfpack,NC State,NC State,,3,8,1,3,1,2,1,1,2,0,0,0,0,1,8,true,false,false,true,,K. Bell,,Not Available,NA,NC State Wolfpack,s:40~l:54~t:152,nc-state-wolfpack,https://a.espncdn.com/i/teamlogos/ncaa/500/152.png,NCST,EF1216,231f20,away,false,59,2,Tigers,Auburn,Auburn Tigers,AUB,https://a.espncdn.com/i/teamlogos/ncaa/500/2.png,03244d,f1f2f3,79
244000057,2004,3,2004-03-21,2004-03-21T19:00:00.000000-0500,2531,Mandisha Stevenson,2,Tigers,Auburn,Auburn,,8,14,1,1,1,2,4,3,7,0,0,0,0,2,18,true,false,false,true,,M. Stevenson,,Not Available,NA,Auburn Tigers,s:40~l:54~t:2,auburn-tigers,https://a.espncdn.com/i/teamlogos/ncaa/500/2.png,AUB,03244d,f1f2f3,home,true,79,152,Wolfpack,NC State,NC State Wolfpack,NCST,https://a.espncdn.com/i/teamlogos/ncaa/500/152.png,EF1216,231f20,59
244000057,2004,3,2004-03-21,2004-03-21T19:00:00.000000-0500,81,Le'coe Willingham,2,Tigers,Auburn,Auburn,,7,12,0,0,1,3,3,5,8,0,0,0,0,1,15,true,false,false,true,,L. Willingham,,Not Available,NA,Auburn Tigers,s:40~l:54~t:2,auburn-tigers,https://a.espncdn.com/i/teamlogos/ncaa/500/2.png,AUB,03244d,f1f2f3,home,true,79,152,Wolfpack,NC State,NC State Wolfpack,NCST,https://a.espncdn.com/i/teamlogos/ncaa/500/152.png,EF1216,231f20,59
244000057,2004,3,2004-03-21,2004-03-21T19:00:00.000000-0500,79,Nicole Louden,2,Tigers,Auburn,Auburn,,2,5,1,1,0,0,0,0,0,0,0,0,0,2,5,true,false,false,true,,N. Louden,,Not Available,NA,Auburn Tigers,s:40~l:54~t:2,auburn-tigers,https://a.espncdn.com/i/teamlogos/ncaa/500/2.png,AUB,03244d,f1f2f3,home,true,79,152,Wolfpack,NC State,NC State Wolfpack,NCST,https://a.espncdn.com/i/teamlogos/ncaa/500/152.png,EF1216,231f20,59
244000057,2004,3,2004-03-21,2004-03-21T19:00:00.000000-0500,78,Nancy Derrick,2,Tigers,Auburn,Auburn,,2,3,1,1,0,0,1,2,3,0,0,0,0,0,5,true,false,false,true,,N. Derrick,,Not Available,NA,Auburn Tigers,s:40~l:54~t:2,auburn-tigers,https://a.espncdn.com/i/teamlogos/ncaa/500/2.png,AUB,03244d,f1f2f3,home,true,79,152,Wolfpack,NC State,NC State Wolfpack,NCST,https://a.espncdn.com/i/teamlogos/ncaa/500/152.png,EF1216,231f20,59
244000057,2004,3,2004-03-21,2004-03-21T19:00:00.000000-0500,77,Natasha Brackett,2,Tigers,Auburn,Auburn,,10,16,4,9,2,2,0,4,4,0,0,0,0,0,26,true,false,false,true,,N. Brackett,,Not Available,NA,Auburn Tigers,s:40~l:54~t:2,auburn-tigers,https://a.espncdn.com/i/teamlogos/ncaa/500/2.png,AUB,03244d,f1f2f3,home,true,79,152,Wolfpack,NC State,NC State Wolfpack,NCST,https://a.espncdn.com/i/teamlogos/ncaa/500/152.png,EF1216,231f20,59
244000042,2004,3,2004-03-21,2004-03-21T19:00:00.000000-0500,1189,Amber Watts,145,Rebels,Ole Miss,Ole Miss,,9,15,1,3,2,2,1,3,4,0,0,0,0,5,21,true,false,false,true,,A. Watts,,Not Available,NA,Ole Miss Rebels,s:40~l:54~t:145,ole-miss-rebels,https://a.espncdn.com/i/teamlogos/ncaa/500/145.png,MISS,001148,00205b,away,false,63,222,Wildcats,Villanova,Villanova Wildcats,VILL,https://a.espncdn.com/i/teamlogos/ncaa/500/222.png,00205b,13b5ea,66
244000042,2004,3,2004-03-21,2004-03-21T19:00:00.000000-0500,1187,Tywanna Inmon,145,Rebels,Ole Miss,Ole Miss,,4,7,1,1,3,6,0,6,6,0,0,0,0,4,12,true,false,false,true,,T. Inmon,,Not Available,NA,Ole Miss Rebels,s:40~l:54~t:145,ole-miss-rebels,https://a.espncdn.com/i/teamlogos/ncaa/500/145.png,MISS,001148,00205b,away,false,63,222,Wildcats,Villanova,Villanova Wildcats,VILL,https://a.espncdn.com/i/teamlogos/ncaa/500/222.png,00205b,13b5ea,66
244000042,2004,3,2004-03-21,2004-03-21T19:00:00.000000-0500,3905,Armintie Herrington,145,Rebels,Ole Miss,Ole Miss,,1,4,0,1,1,2,1,3,4,0,0,0,0,2,3,true,false,false,true,,A. Herrington,,Not Available,NA,Ole Miss Rebels,s:40~l:54~t:145,ole-miss-rebels,https://a.espncdn.com/i/teamlogos/ncaa/500/145.png,MISS,001148,00205b,away,false,63,222,Wildcats,Villanova,Villanova Wildcats,VILL,https://a.espncdn.com/i/teamlogos/ncaa/500/222.png,00205b,13b5ea,66
244000042,2004,3,2004-03-21,2004-03-21T19:00:00.000000-0500,3612,Genice Terry,145,Rebels,Ole Miss,Ole Miss,,3,6,1,2,0,0,0,1,1,0,0,0,0,1,7,true,false,false,true,,G. Terry,,Not Available,NA,Ole Miss Rebels,s:40~l:54~t:145,ole-miss-rebels,https://a.espncdn.com/i/teamlogos/ncaa/500/145.png,MISS,001148,00205b,away,false,63,222,Wildcats,Villanova,Villanova Wildcats,VILL,https://a.espncdn.com/i/teamlogos/ncaa/500/222.png,00205b,13b5ea,66
244000042,2004,3,2004-03-21,2004-03-21T19:00:00.000000-0500,1183,Carletta Brown,145,Rebels,Ole Miss,Ole Miss,,2,5,1,1,0,0,0,2,2,0,0,0,0,2,5,true,false,false,true,,C. Brown,,Not Available,NA,Ole Miss Rebels,s:40~l:54~t:145,ole-miss-rebels,https://a.espncdn.com/i/teamlogos/ncaa/500/145.png,MISS,001148,00205b,away,false,63,222,Wildcats,Villanova,Villanova Wildcats,VILL,https://a.espncdn.com/i/teamlogos/ncaa/500/222.png,00205b,13b5ea,66
244000042,2004,3,2004-03-21,2004-03-21T19:00:00.000000-0500,2198,Jana Rediger,222,Wildcats,Villanova,Villanova,,1,3,0,0,0,0,0,1,1,0,0,0,0,1,2,true,false,false,true,,J. Rediger,,Not Available,NA,Villanova Wildcats,s:40~l:54~t:222,villanova-wildcats,https://a.espncdn.com/i/teamlogos/ncaa/500/222.png,VILL,00205b,13b5ea,home,true,66,145,Rebels,Ole Miss,Ole Miss Rebels,MISS,https://a.espncdn.com/i/teamlogos/ncaa/500/145.png,001148,00205b,63
244000042,2004,3,2004-03-21,2004-03-21T19:00:00.000000-0500,2684,Liad Suez,222,Wildcats,Villanova,Villanova,,3,9,1,5,4,5,1,6,7,0,0,0,0,2,11,true,false,false,true,,L. Suez,,Not Available,NA,Villanova Wildcats,s:40~l:54~t:222,villanova-wildcats,https://a.espncdn.com/i/teamlogos/ncaa/500/222.png,VILL,00205b,13b5ea,home,true,66,145,Rebels,Ole Miss,Ole Miss Rebels,MISS,https://a.espncdn.com/i/teamlogos/ncaa/500/145.png,001148,00205b,63
244000042,2004,3,2004-03-21,2004-03-21T19:00:00.000000-0500,2196,Courtney Mix,222,Wildcats,Villanova,Villanova,,2,3,1,1,2,2,2,6,8,0,0,0,0,2,7,true,false,false,true,,C. Mix,,Not Available,NA,Villanova Wildcats,s:40~l:54~t:222,villanova-wildcats,https://a.espncdn.com/i/teamlogos/ncaa/500/222.png,VILL,00205b,13b5ea,home,true,66,145,Rebels,Ole Miss,Ole Miss Rebels,MISS,https://a.espncdn.com/i/teamlogos/ncaa/500/145.png,001148,00205b,63
244000042,2004,3,2004-03-21,2004-03-21T19:00:00.000000-0500,2197,Kelly Nash,222,Wildcats,Villanova,Villanova,,2,3,2,3,0,0,0,0,0,0,0,0,0,0,6,true,false,false,true,,K. Nash,,Not Available,NA,Villanova Wildcats,s:40~l:54~t:222,villanova-wildcats,https://a.espncdn.com/i/teamlogos/ncaa/500/222.png,VILL,00205b,13b5ea,home,true,66,145,Rebels,Ole Miss,Ole Miss Rebels,MISS,https://a.espncdn.com/i/teamlogos/ncaa/500/145.png,001148,00205b,63
244000042,2004,3,2004-03-21,2004-03-21T19:00:00.000000-0500,2194,Jennifer Hilgenberg,222,Wildcats,Villanova,Villanova,,5,9,1,2,3,3,1,1,2,0,0,0,0,0,14,true,false,false,true,,J. Hilgenberg,,Not Available,NA,Villanova Wildcats,s:40~l:54~t:222,villanova-wildcats,https://a.espncdn.com/i/teamlogos/ncaa/500/222.png,VILL,00205b,13b5ea,home,true,66,145,Rebels,Ole Miss,Ole Miss Rebels,MISS,https://a.espncdn.com/i/teamlogos/ncaa/500/145.png,001148,00205b,63
244000035,2004,3,2004-03-21,2004-03-21T19:00:00.000000-0500,3627,Delvona Oliver,120,Terrapins,Maryland,Maryland,,10,15,2,3,2,4,1,3,4,0,0,0,0,3,24,true,false,false,true,,D. Oliver,,Not Available,NA,Maryland Terrapins,s:40~l:54~t:120,maryland-terrapins,https://a.espncdn.com/i/teamlogos/ncaa/500/120.png,MD,D5002B,ffcd00,away,true,86,2390,Hurricanes,Miami,Miami Hurricanes,MIA,https://a.espncdn.com/i/teamlogos/ncaa/500/2390.png,004325,f0f0f0,85
244000035,2004,3,2004-03-21,2004-03-21T19:00:00.000000-0500,3101,Chrissy Fisher,120,Terrapins,Maryland,Maryland,,3,8,1,4,0,0,2,8,10,0,0,0,0,3,7,true,false,false,true,,C. Fisher,,Not Available,NA,Maryland Terrapins,s:40~l:54~t:120,maryland-terrapins,https://a.espncdn.com/i/teamlogos/ncaa/500/120.png,MD,D5002B,ffcd00,away,true,86,2390,Hurricanes,Miami,Miami Hurricanes,MIA,https://a.espncdn.com/i/teamlogos/ncaa/500/2390.png,004325,f0f0f0,85
244000035,2004,3,2004-03-21,2004-03-21T19:00:00.000000-0500,1085,Crystal Washington,120,Terrapins,Maryland,Maryland,,8,12,0,0,6,9,1,1,2,0,0,0,0,2,22,true,false,false,true,,C. Washington,,Not Available,NA,Maryland Terrapins,s:40~l:54~t:120,maryland-terrapins,https://a.espncdn.com/i/teamlogos/ncaa/500/120.png,MD,D5002B,ffcd00,away,true,86,2390,Hurricanes,Miami,Miami Hurricanes,MIA,https://a.espncdn.com/i/teamlogos/ncaa/500/2390.png,004325,f0f0f0,85
244000035,2004,3,2004-03-21,2004-03-21T19:00:00.000000-0500,4315,Kalika France,120,Terrapins,Maryland,Maryland,,5,9,1,1,3,4,1,3,4,0,0,0,0,0,14,true,false,false,true,,K. France,,Not Available,NA,Maryland Terrapins,s:40~l:54~t:120,maryland-terrapins,https://a.espncdn.com/i/teamlogos/ncaa/500/120.png,MD,D5002B,ffcd00,away,true,86,2390,Hurricanes,Miami,Miami Hurricanes,MIA,https://a.espncdn.com/i/teamlogos/ncaa/500/2390.png,004325,f0f0f0,85
244000035,2004,3,2004-03-21,2004-03-21T19:00:00.000000-0500,1084,Anesia Smith,120,Terrapins,Maryland,Maryland,,0,1,0,0,0,0,0,0,0,0,0,0,0,0,0,true,false,false,true,,A. Smith,,Not Available,NA,Maryland Terrapins,s:40~l:54~t:120,maryland-terrapins,https://a.espncdn.com/i/teamlogos/ncaa/500/120.png,MD,D5002B,ffcd00,away,true,86,2390,Hurricanes,Miami,Miami Hurricanes,MIA,https://a.espncdn.com/i/teamlogos/ncaa/500/2390.png,004325,f0f0f0,85
244000035,2004,3,2004-03-21,2004-03-21T19:00:00.000000-0500,1143,Shaquana Wilkins,2390,Hurricanes,Miami,Miami,,8,10,0,0,1,2,3,6,9,0,0,0,0,2,17,true,false,false,true,,S. Wilkins,,Not Available,NA,Miami Hurricanes,s:40~l:54~t:2390,miami-hurricanes,https://a.espncdn.com/i/teamlogos/ncaa/500/2390.png,MIA,004325,f0f0f0,home,false,85,120,Terrapins,Maryland,Maryland Terrapins,MD,https://a.espncdn.com/i/teamlogos/ncaa/500/120.png,D5002B,ffcd00,86
244000035,2004,3,2004-03-21,2004-03-21T19:00:00.000000-0500,1140,Melissa Knight,2390,Hurricanes,Miami,Miami,,5,10,1,2,3,4,3,2,5,0,0,0,0,3,14,true,false,false,true,,M. Knight,,Not Available,NA,Miami Hurricanes,s:40~l:54~t:2390,miami-hurricanes,https://a.espncdn.com/i/teamlogos/ncaa/500/2390.png,MIA,004325,f0f0f0,home,false,85,120,Terrapins,Maryland,Maryland Terrapins,MD,https://a.espncdn.com/i/teamlogos/ncaa/500/120.png,D5002B,ffcd00,86
244000035,2004,3,2004-03-21,2004-03-21T19:00:00.000000-0500,1137,Chanivia Broussard,2390,Hurricanes,Miami,Miami,,7,12,0,1,8,14,4,9,13,0,0,0,0,5,22,true,false,false,true,,C. Broussard,,Not Available,NA,Miami Hurricanes,s:40~l:54~t:2390,miami-hurricanes,https://a.espncdn.com/i/teamlogos/ncaa/500/2390.png,MIA,004325,f0f0f0,home,false,85,120,Terrapins,Maryland,Maryland Terrapins,MD,https://a.espncdn.com/i/teamlogos/ncaa/500/120.png,D5002B,ffcd00,86
244000035,2004,3,2004-03-21,2004-03-21T19:00:00.000000-0500,3594,Tamara James,2390,Hurricanes,Miami,Miami,,7,14,1,2,0,0,3,3,6,0,0,0,0,5,15,true,false,false,true,,T. James,,Not Available,NA,Miami Hurricanes,s:40~l:54~t:2390,miami-hurricanes,https://a.espncdn.com/i/teamlogos/ncaa/500/2390.png,MIA,004325,f0f0f0,home,false,85,120,Terrapins,Maryland,Maryland Terrapins,MD,https://a.espncdn.com/i/teamlogos/ncaa/500/120.png,D5002B,ffcd00,86
244000035,2004,3,2004-03-21,2004-03-21T19:00:00.000000-0500,1141,Yalonda McCormick,2390,Hurricanes,Miami,Miami,,6,17,4,7,0,0,1,0,1,0,0,0,0,4,16,true,false,false,true,,Y. McCormick,,Not Available,NA,Miami Hurricanes,s:40~l:54~t:2390,miami-hurricanes,https://a.espncdn.com/i/teamlogos/ncaa/500/2390.png,MIA,004325,f0f0f0,home,false,85,120,Terrapins,Maryland,Maryland Terrapins,MD,https://a.espncdn.com/i/teamlogos/ncaa/500/120.png,D5002B,ffcd00,86
244000032,2004,3,2004-03-21,2004-03-21T19:00:00.000000-0500,4069,Fredreika Lewis,2582,Jaguars,Southern,Southern,,1,1,0,0,0,0,1,1,2,0,0,0,0,4,2,true,false,false,true,,F. Lewis,,Not Available,NA,Southern Jaguars,s:40~l:54~t:2582,southern-jaguars,https://a.espncdn.com/i/teamlogos/ncaa/500/2582.png,SOU,004B97,ffc82d,away,false,57,251,Longhorns,Texas,Texas Longhorns,TEX,https://a.espncdn.com/i/teamlogos/ncaa/500/251.png,c15d26,ffffff,92
244000032,2004,3,2004-03-21,2004-03-21T19:00:00.000000-0500,4068,Shere Cunningham,2582,Jaguars,Southern,Southern,,7,13,3,3,2,2,0,2,2,0,0,0,0,3,19,true,false,false,true,,S. Cunningham,,Not Available,NA,Southern Jaguars,s:40~l:54~t:2582,southern-jaguars,https://a.espncdn.com/i/teamlogos/ncaa/500/2582.png,SOU,004B97,ffc82d,away,false,57,251,Longhorns,Texas,Texas Longhorns,TEX,https://a.espncdn.com/i/teamlogos/ncaa/500/251.png,c15d26,ffffff,92
244000032,2004,3,2004-03-21,2004-03-21T19:00:00.000000-0500,4439,Jovanni Anderson,2582,Jaguars,Southern,Southern,,3,7,0,1,2,2,1,1,2,0,0,0,0,3,8,true,false,false,true,,J. Anderson,,Not Available,NA,Southern Jaguars,s:40~l:54~t:2582,southern-jaguars,https://a.espncdn.com/i/teamlogos/ncaa/500/2582.png,SOU,004B97,ffc82d,away,false,57,251,Longhorns,Texas,Texas Longhorns,TEX,https://a.espncdn.com/i/teamlogos/ncaa/500/251.png,c15d26,ffffff,92
244000032,2004,3,2004-03-21,2004-03-21T19:00:00.000000-0500,4071,Ashley Blake,2582,Jaguars,Southern,Southern,,6,13,0,1,2,2,0,4,4,0,0,0,0,4,14,true,false,false,true,,A. Blake,,Not Available,NA,Southern Jaguars,s:40~l:54~t:2582,southern-jaguars,https://a.espncdn.com/i/teamlogos/ncaa/500/2582.png,SOU,004B97,ffc82d,away,false,57,251,Longhorns,Texas,Texas Longhorns,TEX,https://a.espncdn.com/i/teamlogos/ncaa/500/251.png,c15d26,ffffff,92
244000032,2004,3,2004-03-21,2004-03-21T19:00:00.000000-0500,4070,Rolanda Monroe,2582,Jaguars,Southern,Southern,,2,13,1,4,1,2,3,4,7,0,0,0,0,2,6,true,false,false,true,,R. Monroe,,Not Available,NA,Southern Jaguars,s:40~l:54~t:2582,southern-jaguars,https://a.espncdn.com/i/teamlogos/ncaa/500/2582.png,SOU,004B97,ffc82d,away,false,57,251,Longhorns,Texas,Texas Longhorns,TEX,https://a.espncdn.com/i/teamlogos/ncaa/500/251.png,c15d26,ffffff,92
244000032,2004,3,2004-03-21,2004-03-21T19:00:00.000000-0500,3710,Tiffany Jackson-Jones,251,Longhorns,Texas,Texas,,8,12,0,0,4,11,3,5,8,0,0,0,0,1,20,true,false,false,true,,T. Jackson-Jones,,Not Available,NA,Texas Longhorns,s:40~l:54~t:251,texas-longhorns,https://a.espncdn.com/i/teamlogos/ncaa/500/251.png,TEX,c15d26,ffffff,home,true,92,2582,Jaguars,Southern,Southern Jaguars,SOU,https://a.espncdn.com/i/teamlogos/ncaa/500/2582.png,004B97,ffc82d,57
244000032,2004,3,2004-03-21,2004-03-21T19:00:00.000000-0500,2040,Stacy Stephens,251,Longhorns,Texas,Texas,,6,10,0,0,0,2,3,3,6,0,0,0,0,1,12,true,false,false,true,,S. Stephens,,Not Available,NA,Texas Longhorns,s:40~l:54~t:251,texas-longhorns,https://a.espncdn.com/i/teamlogos/ncaa/500/251.png,TEX,c15d26,ffffff,home,true,92,2582,Jaguars,Southern,Southern Jaguars,SOU,https://a.espncdn.com/i/teamlogos/ncaa/500/2582.png,004B97,ffc82d,57
244000032,2004,3,2004-03-21,2004-03-21T19:00:00.000000-0500,2039,Heather Schreiber,251,Longhorns,Texas,Texas,,3,5,2,2,5,6,1,2,3,0,0,0,0,0,13,true,false,false,true,,H. Schreiber,,Not Available,NA,Texas Longhorns,s:40~l:54~t:251,texas-longhorns,https://a.espncdn.com/i/teamlogos/ncaa/500/251.png,TEX,c15d26,ffffff,home,true,92,2582,Jaguars,Southern,Southern Jaguars,SOU,https://a.espncdn.com/i/teamlogos/ncaa/500/2582.png,004B97,ffc82d,57
244000032,2004,3,2004-03-21,2004-03-21T19:00:00.000000-0500,2646,Jamie Carey,251,Longhorns,Texas,Texas,,5,6,4,5,4,4,0,1,1,0,0,0,0,0,18,true,false,false,true,,J. Carey,,Not Available,NA,Texas Longhorns,s:40~l:54~t:251,texas-longhorns,https://a.espncdn.com/i/teamlogos/ncaa/500/251.png,TEX,c15d26,ffffff,home,true,92,2582,Jaguars,Southern,Southern Jaguars,SOU,https://a.espncdn.com/i/teamlogos/ncaa/500/2582.png,004B97,ffc82d,57
244000032,2004,3,2004-03-21,2004-03-21T19:00:00.000000-0500,2383,Nina Norman,251,Longhorns,Texas,Texas,,4,7,0,1,2,2,1,3,4,0,0,0,0,5,10,true,false,false,true,,N. Norman,,Not Available,NA,Texas Longhorns,s:40~l:54~t:251,texas-longhorns,https://a.espncdn.com/i/teamlogos/ncaa/500/251.png,TEX,c15d26,ffffff,home,true,92,2582,Jaguars,Southern,Southern Jaguars,SOU,https://a.espncdn.com/i/teamlogos/ncaa/500/2582.png,004B97,ffc82d,57
244000058,2004,3,2004-03-21,2004-03-21T21:30:00.000000-0500,4590,Jennifer Fleisher,219,Quakers,Pennsylvania,Penn,,2,3,0,0,0,0,0,8,8,0,0,0,0,3,4,true,false,false,true,,J. Fleisher,,Not Available,NA,Pennsylvania Quakers,s:40~l:54~t:219,pennsylvania-quakers,https://a.espncdn.com/i/teamlogos/ncaa/500/219.png,PENN,082A74,a6163d,away,false,55,41,Huskies,UConn,UConn Huskies,CONN,https://a.espncdn.com/i/teamlogos/ncaa/500/41.png,0c2340,f1f2f3,91
244000058,2004,3,2004-03-21,2004-03-21T21:30:00.000000-0500,1564,Amanda Kammes,219,Quakers,Pennsylvania,Penn,,0,3,0,0,0,0,1,0,1,0,0,0,0,2,0,true,false,false,true,,A. Kammes,,Not Available,NA,Pennsylvania Quakers,s:40~l:54~t:219,pennsylvania-quakers,https://a.espncdn.com/i/teamlogos/ncaa/500/219.png,PENN,082A74,a6163d,away,false,55,41,Huskies,UConn,UConn Huskies,CONN,https://a.espncdn.com/i/teamlogos/ncaa/500/41.png,0c2340,f1f2f3,91
244000058,2004,3,2004-03-21,2004-03-21T21:30:00.000000-0500,1562,Karen Habrukowich,219,Quakers,Pennsylvania,Penn,,0,4,0,1,1,2,0,1,1,0,0,0,0,3,1,true,false,false,true,,K. Habrukowich,,Not Available,NA,Pennsylvania Quakers,s:40~l:54~t:219,pennsylvania-quakers,https://a.espncdn.com/i/teamlogos/ncaa/500/219.png,PENN,082A74,a6163d,away,false,55,41,Huskies,UConn,UConn Huskies,CONN,https://a.espncdn.com/i/teamlogos/ncaa/500/41.png,0c2340,f1f2f3,91
244000058,2004,3,2004-03-21,2004-03-21T21:30:00.000000-0500,1559,Jewel Clark,219,Quakers,Pennsylvania,Penn,,5,16,0,3,6,6,4,1,5,0,0,0,0,2,16,true,false,false,true,,J. Clark,,Not Available,NA,Pennsylvania Quakers,s:40~l:54~t:219,pennsylvania-quakers,https://a.espncdn.com/i/teamlogos/ncaa/500/219.png,PENN,082A74,a6163d,away,false,55,41,Huskies,UConn,UConn Huskies,CONN,https://a.espncdn.com/i/teamlogos/ncaa/500/41.png,0c2340,f1f2f3,91
244000058,2004,3,2004-03-21,2004-03-21T21:30:00.000000-0500,1558,Mikaelyn Austin,219,Quakers,Pennsylvania,Penn,,5,14,4,6,0,0,1,2,3,0,0,0,0,2,14,true,false,false,true,,M. Austin,,Not Available,NA,Pennsylvania Quakers,s:40~l:54~t:219,pennsylvania-quakers,https://a.espncdn.com/i/teamlogos/ncaa/500/219.png,PENN,082A74,a6163d,away,false,55,41,Huskies,UConn,UConn Huskies,CONN,https://a.espncdn.com/i/teamlogos/ncaa/500/41.png,0c2340,f1f2f3,91
244000058,2004,3,2004-03-21,2004-03-21T21:30:00.000000-0500,316,Jessica Moore,41,Huskies,UConn,UConn,,6,9,0,0,3,3,4,7,11,0,0,0,0,0,15,true,false,false,true,,J. Moore,,Not Available,NA,UConn Huskies,s:40~l:54~t:41,uconn-huskies,https://a.espncdn.com/i/teamlogos/ncaa/500/41.png,CONN,0c2340,f1f2f3,home,true,91,219,Quakers,Pennsylvania,Pennsylvania Quakers,PENN,https://a.espncdn.com/i/teamlogos/ncaa/500/219.png,082A74,a6163d,55
244000058,2004,3,2004-03-21,2004-03-21T21:30:00.000000-0500,2409,Barbara Turner,41,Huskies,UConn,UConn,,8,14,1,2,2,4,1,4,5,0,0,0,0,1,19,true,false,false,true,,B. Turner,,Not Available,NA,UConn Huskies,s:40~l:54~t:41,uconn-huskies,https://a.espncdn.com/i/teamlogos/ncaa/500/41.png,CONN,0c2340,f1f2f3,home,true,91,219,Quakers,Pennsylvania,Pennsylvania Quakers,PENN,https://a.espncdn.com/i/teamlogos/ncaa/500/219.png,082A74,a6163d,55
244000058,2004,3,2004-03-21,2004-03-21T21:30:00.000000-0500,2637,Ann Strother,41,Huskies,UConn,UConn,,4,9,0,3,2,2,2,2,4,0,0,0,0,0,10,true,false,false,true,,A. Strother,,Not Available,NA,UConn Huskies,s:40~l:54~t:41,uconn-huskies,https://a.espncdn.com/i/teamlogos/ncaa/500/41.png,CONN,0c2340,f1f2f3,home,true,91,219,Quakers,Pennsylvania,Pennsylvania Quakers,PENN,https://a.espncdn.com/i/teamlogos/ncaa/500/219.png,082A74,a6163d,55
244000058,2004,3,2004-03-21,2004-03-21T21:30:00.000000-0500,317,Diana Taurasi,41,Huskies,UConn,UConn,,6,11,4,7,2,2,0,7,7,0,0,0,0,1,18,true,false,false,true,,D. Taurasi,,Not Available,NA,UConn Huskies,s:40~l:54~t:41,uconn-huskies,https://a.espncdn.com/i/teamlogos/ncaa/500/41.png,CONN,0c2340,f1f2f3,home,true,91,219,Quakers,Pennsylvania,Pennsylvania Quakers,PENN,https://a.espncdn.com/i/teamlogos/ncaa/500/219.png,082A74,a6163d,55
244000058,2004,3,2004-03-21,2004-03-21T21:30:00.000000-0500,313,Maria Conlon,41,Huskies,UConn,UConn,,1,4,1,3,0,0,1,4,5,0,0,0,0,1,3,true,false,false,true,,M. Conlon,,Not Available,NA,UConn Huskies,s:40~l:54~t:41,uconn-huskies,https://a.espncdn.com/i/teamlogos/ncaa/500/41.png,CONN,0c2340,f1f2f3,home,true,91,219,Quakers,Pennsylvania,Pennsylvania Quakers,PENN,https://a.espncdn.com/i/teamlogos/ncaa/500/219.png,082A74,a6163d,55
244000043,2004,3,2004-03-21,2004-03-21T21:30:00.000000-0500,1885,Beth Swink,2598,Red Flash,St. Francis (PA),St Francis PA,,10,10,1,1,8,12,6,4,10,0,0,0,0,2,29,true,false,false,true,,B. Swink,,Not Available,NA,St. Francis (PA) Red Flash,s:40~l:54~t:2598,st-francis-pa-red-flash,https://a.espncdn.com/i/teamlogos/ncaa/500/2598.png,SFPA,a20012,,away,false,59,2509,Boilermakers,Purdue,Purdue Boilermakers,PUR,https://a.espncdn.com/i/teamlogos/ncaa/500/2509.png,000000,cfb991,78
244000043,2004,3,2004-03-21,2004-03-21T21:30:00.000000-0500,1879,Shannon Burnham,2598,Red Flash,St. Francis (PA),St Francis PA,,0,2,0,0,0,0,0,0,0,0,0,0,0,1,0,true,false,false,true,,S. Burnham,,Not Available,NA,St. Francis (PA) Red Flash,s:40~l:54~t:2598,st-francis-pa-red-flash,https://a.espncdn.com/i/teamlogos/ncaa/500/2598.png,SFPA,a20012,,away,false,59,2509,Boilermakers,Purdue,Purdue Boilermakers,PUR,https://a.espncdn.com/i/teamlogos/ncaa/500/2509.png,000000,cfb991,78
244000043,2004,3,2004-03-21,2004-03-21T21:30:00.000000-0500,3912,Sarah Bolten,2598,Red Flash,St. Francis (PA),St Francis PA,,1,9,0,4,0,0,2,2,4,0,0,0,0,0,2,true,false,false,true,,S. Bolten,,Not Available,NA,St. Francis (PA) Red Flash,s:40~l:54~t:2598,st-francis-pa-red-flash,https://a.espncdn.com/i/teamlogos/ncaa/500/2598.png,SFPA,a20012,,away,false,59,2509,Boilermakers,Purdue,Purdue Boilermakers,PUR,https://a.espncdn.com/i/teamlogos/ncaa/500/2509.png,000000,cfb991,78
244000043,2004,3,2004-03-21,2004-03-21T21:30:00.000000-0500,1886,Tonjee Ward,2598,Red Flash,St. Francis (PA),St Francis PA,,4,16,0,3,0,0,1,4,5,0,0,0,0,3,8,true,false,false,true,,T. Ward,,Not Available,NA,St. Francis (PA) Red Flash,s:40~l:54~t:2598,st-francis-pa-red-flash,https://a.espncdn.com/i/teamlogos/ncaa/500/2598.png,SFPA,a20012,,away,false,59,2509,Boilermakers,Purdue,Purdue Boilermakers,PUR,https://a.espncdn.com/i/teamlogos/ncaa/500/2509.png,000000,cfb991,78
244000043,2004,3,2004-03-21,2004-03-21T21:30:00.000000-0500,1882,Karen Hewitt,2598,Red Flash,St. Francis (PA),St Francis PA,,5,10,2,4,0,0,0,1,1,0,0,0,0,3,12,true,false,false,true,,K. Hewitt,,Not Available,NA,St. Francis (PA) Red Flash,s:40~l:54~t:2598,st-francis-pa-red-flash,https://a.espncdn.com/i/teamlogos/ncaa/500/2598.png,SFPA,a20012,,away,false,59,2509,Boilermakers,Purdue,Purdue Boilermakers,PUR,https://a.espncdn.com/i/teamlogos/ncaa/500/2509.png,000000,cfb991,78
244000043,2004,3,2004-03-21,2004-03-21T21:30:00.000000-0500,1624,Shereka Wright,2509,Boilermakers,Purdue,Purdue,,6,14,0,0,5,8,3,2,5,0,0,0,0,1,17,true,false,false,true,,S. Wright,,Not Available,NA,Purdue Boilermakers,s:40~l:54~t:2509,purdue-boilermakers,https://a.espncdn.com/i/teamlogos/ncaa/500/2509.png,PUR,000000,cfb991,home,true,78,2598,Red Flash,St. Francis (PA),St. Francis (PA) Red Flash,SFPA,https://a.espncdn.com/i/teamlogos/ncaa/500/2598.png,a20012,,59
244000043,2004,3,2004-03-21,2004-03-21T21:30:00.000000-0500,1621,Lindsey Hicks,2509,Boilermakers,Purdue,Purdue,,6,9,1,1,2,3,1,3,4,0,0,0,0,2,15,true,false,false,true,,L. Hicks,,Not Available,NA,Purdue Boilermakers,s:40~l:54~t:2509,purdue-boilermakers,https://a.espncdn.com/i/teamlogos/ncaa/500/2509.png,PUR,000000,cfb991,home,true,78,2598,Red Flash,St. Francis (PA),St. Francis (PA) Red Flash,SFPA,https://a.espncdn.com/i/teamlogos/ncaa/500/2598.png,a20012,,59
244000043,2004,3,2004-03-21,2004-03-21T21:30:00.000000-0500,1620,Emily Heikes,2509,Boilermakers,Purdue,Purdue,,5,12,0,0,0,0,4,3,7,0,0,0,0,2,10,true,false,false,true,,E. Heikes,,Not Available,NA,Purdue Boilermakers,s:40~l:54~t:2509,purdue-boilermakers,https://a.espncdn.com/i/teamlogos/ncaa/500/2509.png,PUR,000000,cfb991,home,true,78,2598,Red Flash,St. Francis (PA),St. Francis (PA) Red Flash,SFPA,https://a.espncdn.com/i/teamlogos/ncaa/500/2598.png,a20012,,59
244000043,2004,3,2004-03-21,2004-03-21T21:30:00.000000-0500,1623,Erika Valek,2509,Boilermakers,Purdue,Purdue,,6,8,0,0,1,3,1,9,10,0,0,0,0,2,13,true,false,false,true,,E. Valek,,Not Available,NA,Purdue Boilermakers,s:40~l:54~t:2509,purdue-boilermakers,https://a.espncdn.com/i/teamlogos/ncaa/500/2509.png,PUR,000000,cfb991,home,true,78,2598,Red Flash,St. Francis (PA),St. Francis (PA) Red Flash,SFPA,https://a.espncdn.com/i/teamlogos/ncaa/500/2598.png,a20012,,59
244000043,2004,3,2004-03-21,2004-03-21T21:30:00.000000-0500,1622,Beth Jones,2509,Boilermakers,Purdue,Purdue,,0,2,0,2,0,0,1,0,1,0,0,0,0,4,0,true,false,false,true,,B. Jones,,Not Available,NA,Purdue Boilermakers,s:40~l:54~t:2509,purdue-boilermakers,https://a.espncdn.com/i/teamlogos/ncaa/500/2509.png,PUR,000000,cfb991,home,true,78,2598,Red Flash,St. Francis (PA),St. Francis (PA) Red Flash,SFPA,https://a.espncdn.com/i/teamlogos/ncaa/500/2598.png,a20012,,59
244000036,2004,3,2004-03-21,2004-03-21T21:30:00.000000-0500,82,Gerlonda Hardin,2046,Governors,Austin Peay,Austin Peay,,4,9,0,0,4,5,0,6,6,0,0,0,0,5,12,true,false,false,true,,G. Hardin,,Not Available,NA,Austin Peay Governors,s:40~l:54~t:2046,austin-peay-governors,https://a.espncdn.com/i/teamlogos/ncaa/500/2046.png,APSU,8e0b0b,,away,false,66,99,Tigers,LSU,LSU Tigers,LSU,https://a.espncdn.com/i/teamlogos/ncaa/500/99.png,461d7c,fdd023,83
244000036,2004,3,2004-03-21,2004-03-21T21:30:00.000000-0500,3276,Carden Cobb,2046,Governors,Austin Peay,Austin Peay,,4,8,0,0,0,0,1,3,4,0,0,0,0,3,8,true,false,false,true,,C. Cobb,,Not Available,NA,Austin Peay Governors,s:40~l:54~t:2046,austin-peay-governors,https://a.espncdn.com/i/teamlogos/ncaa/500/2046.png,APSU,8e0b0b,,away,false,66,99,Tigers,LSU,LSU Tigers,LSU,https://a.espncdn.com/i/teamlogos/ncaa/500/99.png,461d7c,fdd023,83
244000036,2004,3,2004-03-21,2004-03-21T21:30:00.000000-0500,3282,Ashley Haynes,2046,Governors,Austin Peay,Austin Peay,,2,7,0,0,2,2,3,6,9,0,0,0,0,4,6,true,false,false,true,,A. Haynes,,Not Available,NA,Austin Peay Governors,s:40~l:54~t:2046,austin-peay-governors,https://a.espncdn.com/i/teamlogos/ncaa/500/2046.png,APSU,8e0b0b,,away,false,66,99,Tigers,LSU,LSU Tigers,LSU,https://a.espncdn.com/i/teamlogos/ncaa/500/99.png,461d7c,fdd023,83
244000036,2004,3,2004-03-21,2004-03-21T21:30:00.000000-0500,3275,Kera Bergeron,2046,Governors,Austin Peay,Austin Peay,,7,15,6,14,0,1,0,1,1,0,0,0,0,0,20,true,false,false,true,,K. Bergeron,,Not Available,NA,Austin Peay Governors,s:40~l:54~t:2046,austin-peay-governors,https://a.espncdn.com/i/teamlogos/ncaa/500/2046.png,APSU,8e0b0b,,away,false,66,99,Tigers,LSU,LSU Tigers,LSU,https://a.espncdn.com/i/teamlogos/ncaa/500/99.png,461d7c,fdd023,83
244000036,2004,3,2004-03-21,2004-03-21T21:30:00.000000-0500,2602,Cassandra Peek,2046,Governors,Austin Peay,Austin Peay,,4,8,4,7,0,0,1,3,4,0,0,0,0,0,12,true,false,false,true,,C. Peek,,Not Available,NA,Austin Peay Governors,s:40~l:54~t:2046,austin-peay-governors,https://a.espncdn.com/i/teamlogos/ncaa/500/2046.png,APSU,8e0b0b,,away,false,66,99,Tigers,LSU,LSU Tigers,LSU,https://a.espncdn.com/i/teamlogos/ncaa/500/99.png,461d7c,fdd023,83
244000036,2004,3,2004-03-21,2004-03-21T21:30:00.000000-0500,3714,Hanna Biernacka,99,Tigers,LSU,LSU,,6,11,0,0,1,3,3,3,6,0,0,0,0,1,13,true,false,false,true,,H. Biernacka,,Not Available,NA,LSU Tigers,s:40~l:54~t:99,lsu-tigers,https://a.espncdn.com/i/teamlogos/ncaa/500/99.png,LSU,461d7c,fdd023,home,true,83,2046,Governors,Austin Peay,Austin Peay Governors,APSU,https://a.espncdn.com/i/teamlogos/ncaa/500/2046.png,8e0b0b,,66
244000036,2004,3,2004-03-21,2004-03-21T21:30:00.000000-0500,1042,Wendlyn Jones,99,Tigers,LSU,LSU,,2,6,0,0,1,2,0,10,10,0,0,0,0,2,5,true,false,false,true,,W. Jones,,Not Available,NA,LSU Tigers,s:40~l:54~t:99,lsu-tigers,https://a.espncdn.com/i/teamlogos/ncaa/500/99.png,LSU,461d7c,fdd023,home,true,83,2046,Governors,Austin Peay,Austin Peay Governors,APSU,https://a.espncdn.com/i/teamlogos/ncaa/500/2046.png,8e0b0b,,66
244000036,2004,3,2004-03-21,2004-03-21T21:30:00.000000-0500,2635,Seimone Augustus,99,Tigers,LSU,LSU,,10,15,0,0,1,1,1,3,4,0,0,0,0,2,21,true,false,false,true,,S. Augustus,,Not Available,NA,LSU Tigers,s:40~l:54~t:99,lsu-tigers,https://a.espncdn.com/i/teamlogos/ncaa/500/99.png,LSU,461d7c,fdd023,home,true,83,2046,Governors,Austin Peay,Austin Peay Governors,APSU,https://a.espncdn.com/i/teamlogos/ncaa/500/2046.png,8e0b0b,,66
244000036,2004,3,2004-03-21,2004-03-21T21:30:00.000000-0500,1041,Temeka Johnson,99,Tigers,LSU,LSU,,7,15,0,1,3,5,1,1,2,0,0,0,0,2,17,true,false,false,true,,T. Johnson,,Not Available,NA,LSU Tigers,s:40~l:54~t:99,lsu-tigers,https://a.espncdn.com/i/teamlogos/ncaa/500/99.png,LSU,461d7c,fdd023,home,true,83,2046,Governors,Austin Peay,Austin Peay Governors,APSU,https://a.espncdn.com/i/teamlogos/ncaa/500/2046.png,8e0b0b,,66
244000036,2004,3,2004-03-21,2004-03-21T21:30:00.000000-0500,1040,Doneeka Hodges,99,Tigers,LSU,LSU,,3,11,1,5,0,0,0,0,0,0,0,0,0,1,7,true,false,false,true,,D. Hodges,,Not Available,NA,LSU Tigers,s:40~l:54~t:99,lsu-tigers,https://a.espncdn.com/i/teamlogos/ncaa/500/99.png,LSU,461d7c,fdd023,home,true,83,2046,Governors,Austin Peay,Austin Peay Governors,APSU,https://a.espncdn.com/i/teamlogos/ncaa/500/2046.png,8e0b0b,,66
244000040,2004,3,2004-03-20,2004-03-20T11:00:00.000000-0500,2610,Katie Feenstra,2335,Flames,Liberty,Liberty,,4,9,0,0,0,1,7,2,9,0,0,0,0,1,8,true,false,false,true,,K. Feenstra,,Not Available,NA,Liberty Flames,s:40~l:54~t:2335,liberty-flames,https://a.espncdn.com/i/teamlogos/ncaa/500/2335.png,LIB,071740,a61f21,away,false,53,61,Lady Bulldogs,Georgia,Georgia Lady Bulldogs,UGA,https://a.espncdn.com/i/teamlogos/ncaa/500/61.png,CC0000,000000,78
244000040,2004,3,2004-03-20,2004-03-20T11:00:00.000000-0500,2620,Kristina Palaimaite,2335,Flames,Liberty,Liberty,,2,4,0,0,2,3,4,2,6,0,0,0,0,1,6,true,false,false,true,,K. Palaimaite,,Not Available,NA,Liberty Flames,s:40~l:54~t:2335,liberty-flames,https://a.espncdn.com/i/teamlogos/ncaa/500/2335.png,LIB,071740,a61f21,away,false,53,61,Lady Bulldogs,Georgia,Georgia Lady Bulldogs,UGA,https://a.espncdn.com/i/teamlogos/ncaa/500/61.png,CC0000,000000,78
244000040,2004,3,2004-03-20,2004-03-20T11:00:00.000000-0500,2722,Aundrea Dawson,2335,Flames,Liberty,Liberty,,3,9,0,0,0,2,2,2,4,0,0,0,0,1,6,true,false,false,true,,A. Dawson,,Not Available,NA,Liberty Flames,s:40~l:54~t:2335,liberty-flames,https://a.espncdn.com/i/teamlogos/ncaa/500/2335.png,LIB,071740,a61f21,away,false,53,61,Lady Bulldogs,Georgia,Georgia Lady Bulldogs,UGA,https://a.espncdn.com/i/teamlogos/ncaa/500/61.png,CC0000,000000,78
244000040,2004,3,2004-03-20,2004-03-20T11:00:00.000000-0500,2615,Daina Stagaitene,2335,Flames,Liberty,Liberty,,2,12,1,7,0,1,0,6,6,0,0,0,0,3,5,true,false,false,true,,D. Stagaitene,,Not Available,NA,Liberty Flames,s:40~l:54~t:2335,liberty-flames,https://a.espncdn.com/i/teamlogos/ncaa/500/2335.png,LIB,071740,a61f21,away,false,53,61,Lady Bulldogs,Georgia,Georgia Lady Bulldogs,UGA,https://a.espncdn.com/i/teamlogos/ncaa/500/61.png,CC0000,000000,78
244000040,2004,3,2004-03-20,2004-03-20T11:00:00.000000-0500,2614,Monique Leonard,2335,Flames,Liberty,Liberty,,3,10,0,0,1,2,2,1,3,0,0,0,0,1,7,true,false,false,true,,M. Leonard,,Not Available,NA,Liberty Flames,s:40~l:54~t:2335,liberty-flames,https://a.espncdn.com/i/teamlogos/ncaa/500/2335.png,LIB,071740,a61f21,away,false,53,61,Lady Bulldogs,Georgia,Georgia Lady Bulldogs,UGA,https://a.espncdn.com/i/teamlogos/ncaa/500/61.png,CC0000,000000,78
244000040,2004,3,2004-03-20,2004-03-20T11:00:00.000000-0500,681,Christi Thomas,61,Lady Bulldogs,Georgia,Georgia,,3,5,0,0,2,2,2,2,4,0,0,0,0,3,8,true,false,false,true,,C. Thomas,,Not Available,NA,Georgia Lady Bulldogs,s:40~l:54~t:61,georgia-lady-bulldogs,https://a.espncdn.com/i/teamlogos/ncaa/500/61.png,UGA,CC0000,000000,home,true,78,2335,Flames,Liberty,Liberty Flames,LIB,https://a.espncdn.com/i/teamlogos/ncaa/500/2335.png,071740,a61f21,53
244000040,2004,3,2004-03-20,2004-03-20T11:00:00.000000-0500,679,Jessica Pierce,61,Lady Bulldogs,Georgia,Georgia,,8,15,0,3,1,2,3,3,6,0,0,0,0,3,17,true,false,false,true,,J. Pierce,,Not Available,NA,Georgia Lady Bulldogs,s:40~l:54~t:61,georgia-lady-bulldogs,https://a.espncdn.com/i/teamlogos/ncaa/500/61.png,UGA,CC0000,000000,home,true,78,2335,Flames,Liberty,Liberty Flames,LIB,https://a.espncdn.com/i/teamlogos/ncaa/500/2335.png,071740,a61f21,53
244000040,2004,3,2004-03-20,2004-03-20T11:00:00.000000-0500,3745,Janese Hardrick,61,Lady Bulldogs,Georgia,Georgia,,2,3,1,2,3,4,0,2,2,0,0,0,0,3,8,true,false,false,true,,J. Hardrick,,Not Available,NA,Georgia Lady Bulldogs,s:40~l:54~t:61,georgia-lady-bulldogs,https://a.espncdn.com/i/teamlogos/ncaa/500/61.png,UGA,CC0000,000000,home,true,78,2335,Flames,Liberty,Liberty Flames,LIB,https://a.espncdn.com/i/teamlogos/ncaa/500/2335.png,071740,a61f21,53
244000040,2004,3,2004-03-20,2004-03-20T11:00:00.000000-0500,2493,Alexis Kendrick,61,Lady Bulldogs,Georgia,Georgia,,4,10,2,3,0,0,2,4,6,0,0,0,0,1,10,true,false,false,true,,A. Kendrick,,Not Available,NA,Georgia Lady Bulldogs,s:40~l:54~t:61,georgia-lady-bulldogs,https://a.espncdn.com/i/teamlogos/ncaa/500/61.png,UGA,CC0000,000000,home,true,78,2335,Flames,Liberty,Liberty Flames,LIB,https://a.espncdn.com/i/teamlogos/ncaa/500/2335.png,071740,a61f21,53
244000040,2004,3,2004-03-20,2004-03-20T11:00:00.000000-0500,2411,Sherill Baker,61,Lady Bulldogs,Georgia,Georgia,,5,13,0,1,3,4,3,4,7,0,0,0,0,3,13,true,false,false,true,,S. Baker,,Not Available,NA,Georgia Lady Bulldogs,s:40~l:54~t:61,georgia-lady-bulldogs,https://a.espncdn.com/i/teamlogos/ncaa/500/61.png,UGA,CC0000,000000,home,true,78,2335,Flames,Liberty,Liberty Flames,LIB,https://a.espncdn.com/i/teamlogos/ncaa/500/2335.png,071740,a61f21,53
244000026,2004,3,2004-03-20,2004-03-20T11:00:00.000000-0500,336,Tiffany Patton,236,Mocs,Chattanooga,Chattanooga,,3,5,0,0,3,7,4,4,8,0,0,0,0,0,9,true,false,false,true,,T. Patton,,Not Available,NA,Chattanooga Mocs,s:40~l:54~t:236,chattanooga-mocs,https://a.espncdn.com/i/teamlogos/ncaa/500/236.png,UTC,00386b,dca71d,away,true,74,164,Scarlet Knights,Rutgers,Rutgers Scarlet Knights,RUTG,https://a.espncdn.com/i/teamlogos/ncaa/500/164.png,d21034,ffffff,69
244000026,2004,3,2004-03-20,2004-03-20T11:00:00.000000-0500,2812,Tiffani Roberson,236,Mocs,Chattanooga,Chattanooga,,4,8,0,0,7,9,5,4,9,0,0,0,0,3,15,true,false,false,true,,T. Roberson,,Not Available,NA,Chattanooga Mocs,s:40~l:54~t:236,chattanooga-mocs,https://a.espncdn.com/i/teamlogos/ncaa/500/236.png,UTC,00386b,dca71d,away,true,74,164,Scarlet Knights,Rutgers,Rutgers Scarlet Knights,RUTG,https://a.espncdn.com/i/teamlogos/ncaa/500/164.png,d21034,ffffff,69
244000026,2004,3,2004-03-20,2004-03-20T11:00:00.000000-0500,2392,Nicole Mattison,236,Mocs,Chattanooga,Chattanooga,,3,7,0,1,4,5,2,4,6,0,0,0,0,3,10,true,false,false,true,,N. Mattison,,Not Available,NA,Chattanooga Mocs,s:40~l:54~t:236,chattanooga-mocs,https://a.espncdn.com/i/teamlogos/ncaa/500/236.png,UTC,00386b,dca71d,away,true,74,164,Scarlet Knights,Rutgers,Rutgers Scarlet Knights,RUTG,https://a.espncdn.com/i/teamlogos/ncaa/500/164.png,d21034,ffffff,69
244000026,2004,3,2004-03-20,2004-03-20T11:00:00.000000-0500,2390,Katasha Brown,236,Mocs,Chattanooga,Chattanooga,,4,10,0,3,5,6,1,0,1,0,0,0,0,1,13,true,false,false,true,,K. Brown,,Not Available,NA,Chattanooga Mocs,s:40~l:54~t:236,chattanooga-mocs,https://a.espncdn.com/i/teamlogos/ncaa/500/236.png,UTC,00386b,dca71d,away,true,74,164,Scarlet Knights,Rutgers,Rutgers Scarlet Knights,RUTG,https://a.espncdn.com/i/teamlogos/ncaa/500/164.png,d21034,ffffff,69
244000026,2004,3,2004-03-20,2004-03-20T11:00:00.000000-0500,333,Katie Galloway,236,Mocs,Chattanooga,Chattanooga,,4,11,2,6,4,8,0,3,3,0,0,0,0,0,14,true,false,false,true,,K. Galloway,,Not Available,NA,Chattanooga Mocs,s:40~l:54~t:236,chattanooga-mocs,https://a.espncdn.com/i/teamlogos/ncaa/500/236.png,UTC,00386b,dca71d,away,true,74,164,Scarlet Knights,Rutgers,Rutgers Scarlet Knights,RUTG,https://a.espncdn.com/i/teamlogos/ncaa/500/164.png,d21034,ffffff,69
244000026,2004,3,2004-03-20,2004-03-20T11:00:00.000000-0500,2852,Shalicia Hurns,164,Scarlet Knights,Rutgers,Rutgers,,6,9,0,0,2,3,2,3,5,0,0,0,0,5,14,true,false,false,true,,S. Hurns,,Not Available,NA,Rutgers Scarlet Knights,s:40~l:54~t:164,rutgers-scarlet-knights,https://a.espncdn.com/i/teamlogos/ncaa/500/164.png,RUTG,d21034,ffffff,home,false,69,236,Mocs,Chattanooga,Chattanooga Mocs,UTC,https://a.espncdn.com/i/teamlogos/ncaa/500/236.png,00386b,dca71d,74
244000026,2004,3,2004-03-20,2004-03-20T11:00:00.000000-0500,2400,Michelle Campbell,164,Scarlet Knights,Rutgers,Rutgers,,3,4,0,0,1,1,2,6,8,0,0,0,0,5,7,true,false,false,true,,M. Campbell,,Not Available,NA,Rutgers Scarlet Knights,s:40~l:54~t:164,rutgers-scarlet-knights,https://a.espncdn.com/i/teamlogos/ncaa/500/164.png,RUTG,d21034,ffffff,home,false,69,236,Mocs,Chattanooga,Chattanooga Mocs,UTC,https://a.espncdn.com/i/teamlogos/ncaa/500/236.png,00386b,dca71d,74
244000026,2004,3,2004-03-20,2004-03-20T11:00:00.000000-0500,1695,Cappie Pondexter,164,Scarlet Knights,Rutgers,Rutgers,,3,15,1,3,0,0,0,2,2,0,0,0,0,3,7,true,false,false,true,,C. Pondexter,,Not Available,NA,Rutgers Scarlet Knights,s:40~l:54~t:164,rutgers-scarlet-knights,https://a.espncdn.com/i/teamlogos/ncaa/500/164.png,RUTG,d21034,ffffff,home,false,69,236,Mocs,Chattanooga,Chattanooga Mocs,UTC,https://a.espncdn.com/i/teamlogos/ncaa/500/236.png,00386b,dca71d,74
244000026,2004,3,2004-03-20,2004-03-20T11:00:00.000000-0500,1694,Chelsea Newton,164,Scarlet Knights,Rutgers,Rutgers,,7,16,0,2,2,2,3,3,6,0,0,0,0,2,16,true,false,false,true,,C. Newton,,Not Available,NA,Rutgers Scarlet Knights,s:40~l:54~t:164,rutgers-scarlet-knights,https://a.espncdn.com/i/teamlogos/ncaa/500/164.png,RUTG,d21034,ffffff,home,false,69,236,Mocs,Chattanooga,Chattanooga Mocs,UTC,https://a.espncdn.com/i/teamlogos/ncaa/500/236.png,00386b,dca71d,74
244000026,2004,3,2004-03-20,2004-03-20T11:00:00.000000-0500,1692,Nikki Jett,164,Scarlet Knights,Rutgers,Rutgers,,6,12,3,4,0,0,0,4,4,0,0,0,0,3,15,true,false,false,true,,N. Jett,,Not Available,NA,Rutgers Scarlet Knights,s:40~l:54~t:164,rutgers-scarlet-knights,https://a.espncdn.com/i/teamlogos/ncaa/500/164.png,RUTG,d21034,ffffff,home,false,69,236,Mocs,Chattanooga,Chattanooga Mocs,UTC,https://a.espncdn.com/i/teamlogos/ncaa/500/236.png,00386b,dca71d,74
244000016,2004,3,2004-03-20,2004-03-20T11:00:00.000000-0500,4768,Leandra Fuller,2142,Raiders,Colgate,Colgate,,4,12,0,0,1,1,3,2,5,0,0,0,0,2,9,true,false,false,true,,L. Fuller,,Not Available,NA,Colgate Raiders,s:40~l:54~t:2142,colgate-raiders,https://a.espncdn.com/i/teamlogos/ncaa/500/2142.png,COLG,8B011D,231f20,away,false,54,2633,Lady Volunteers,Tennessee,Tennessee Lady Volunteers,TENN,https://a.espncdn.com/i/teamlogos/ncaa/500/2633_ncw.png,ff8200,ffffff,77
244000016,2004,3,2004-03-20,2004-03-20T11:00:00.000000-0500,4767,Emily Braseth,2142,Raiders,Colgate,Colgate,,3,15,0,1,2,2,1,1,2,0,0,0,0,3,8,true,false,false,true,,E. Braseth,,Not Available,NA,Colgate Raiders,s:40~l:54~t:2142,colgate-raiders,https://a.espncdn.com/i/teamlogos/ncaa/500/2142.png,COLG,8B011D,231f20,away,false,54,2633,Lady Volunteers,Tennessee,Tennessee Lady Volunteers,TENN,https://a.espncdn.com/i/teamlogos/ncaa/500/2633_ncw.png,ff8200,ffffff,77
244000016,2004,3,2004-03-20,2004-03-20T11:00:00.000000-0500,4766,Milaina Lagzdins,2142,Raiders,Colgate,Colgate,,5,11,0,0,3,4,3,3,6,0,0,0,0,1,13,true,false,false,true,,M. Lagzdins,,Not Available,NA,Colgate Raiders,s:40~l:54~t:2142,colgate-raiders,https://a.espncdn.com/i/teamlogos/ncaa/500/2142.png,COLG,8B011D,231f20,away,false,54,2633,Lady Volunteers,Tennessee,Tennessee Lady Volunteers,TENN,https://a.espncdn.com/i/teamlogos/ncaa/500/2633_ncw.png,ff8200,ffffff,77
244000016,2004,3,2004-03-20,2004-03-20T11:00:00.000000-0500,4770,Malissa Burke,2142,Raiders,Colgate,Colgate,,2,12,0,2,6,8,1,1,2,0,0,0,0,2,10,true,false,false,true,,M. Burke,,Not Available,NA,Colgate Raiders,s:40~l:54~t:2142,colgate-raiders,https://a.espncdn.com/i/teamlogos/ncaa/500/2142.png,COLG,8B011D,231f20,away,false,54,2633,Lady Volunteers,Tennessee,Tennessee Lady Volunteers,TENN,https://a.espncdn.com/i/teamlogos/ncaa/500/2633_ncw.png,ff8200,ffffff,77
244000016,2004,3,2004-03-20,2004-03-20T11:00:00.000000-0500,4769,Chigozie Ozor,2142,Raiders,Colgate,Colgate,,1,6,0,1,2,2,2,2,4,0,0,0,0,2,4,true,false,false,true,,C. Ozor,,Not Available,NA,Colgate Raiders,s:40~l:54~t:2142,colgate-raiders,https://a.espncdn.com/i/teamlogos/ncaa/500/2142.png,COLG,8B011D,231f20,away,false,54,2633,Lady Volunteers,Tennessee,Tennessee Lady Volunteers,TENN,https://a.espncdn.com/i/teamlogos/ncaa/500/2633_ncw.png,ff8200,ffffff,77
244000016,2004,3,2004-03-20,2004-03-20T11:00:00.000000-0500,2008,Ashley Robinson,2633,Lady Volunteers,Tennessee,Tennessee,,5,9,0,0,3,4,3,7,10,0,0,0,0,1,13,true,false,false,true,,A. Robinson,,Not Available,NA,Tennessee Lady Volunteers,s:40~l:54~t:2633,tennessee-lady-volunteers,https://a.espncdn.com/i/teamlogos/ncaa/500/2633_ncw.png,TENN,ff8200,ffffff,home,true,77,2142,Raiders,Colgate,Colgate Raiders,COLG,https://a.espncdn.com/i/teamlogos/ncaa/500/2142.png,8B011D,231f20,54
244000016,2004,3,2004-03-20,2004-03-20T11:00:00.000000-0500,2005,Shyra Ely,2633,Lady Volunteers,Tennessee,Tennessee,,2,3,0,0,0,0,0,1,1,0,0,0,0,2,4,true,false,false,true,,S. Ely,,Not Available,NA,Tennessee Lady Volunteers,s:40~l:54~t:2633,tennessee-lady-volunteers,https://a.espncdn.com/i/teamlogos/ncaa/500/2633_ncw.png,TENN,ff8200,ffffff,home,true,77,2142,Raiders,Colgate,Colgate Raiders,COLG,https://a.espncdn.com/i/teamlogos/ncaa/500/2142.png,8B011D,231f20,54
244000016,2004,3,2004-03-20,2004-03-20T11:00:00.000000-0500,2004,LaToya Davis,2633,Lady Volunteers,Tennessee,Tennessee,,4,6,0,0,1,2,3,0,3,0,0,0,0,1,9,true,false,false,true,,L. Davis,,Not Available,NA,Tennessee Lady Volunteers,s:40~l:54~t:2633,tennessee-lady-volunteers,https://a.espncdn.com/i/teamlogos/ncaa/500/2633_ncw.png,TENN,ff8200,ffffff,home,true,77,2142,Raiders,Colgate,Colgate Raiders,COLG,https://a.espncdn.com/i/teamlogos/ncaa/500/2142.png,8B011D,231f20,54
244000016,2004,3,2004-03-20,2004-03-20T11:00:00.000000-0500,2633,Shanna Zolman,2633,Lady Volunteers,Tennessee,Tennessee,,5,12,1,5,0,0,0,2,2,0,0,0,0,1,11,true,false,false,true,,S. Zolman,,Not Available,NA,Tennessee Lady Volunteers,s:40~l:54~t:2633,tennessee-lady-volunteers,https://a.espncdn.com/i/teamlogos/ncaa/500/2633_ncw.png,TENN,ff8200,ffffff,home,true,77,2142,Raiders,Colgate,Colgate Raiders,COLG,https://a.espncdn.com/i/teamlogos/ncaa/500/2142.png,8B011D,231f20,54
244000016,2004,3,2004-03-20,2004-03-20T11:00:00.000000-0500,2002,Tasha Butts,2633,Lady Volunteers,Tennessee,Tennessee,,2,6,0,1,0,0,3,4,7,0,0,0,0,4,4,true,false,false,true,,T. Butts,,Not Available,NA,Tennessee Lady Volunteers,s:40~l:54~t:2633,tennessee-lady-volunteers,https://a.espncdn.com/i/teamlogos/ncaa/500/2633_ncw.png,TENN,ff8200,ffffff,home,true,77,2142,Raiders,Colgate,Colgate Raiders,COLG,https://a.espncdn.com/i/teamlogos/ncaa/500/2142.png,8B011D,231f20,54
244000008,2004,3,2004-03-20,2004-03-20T11:00:00.000000-0500,3566,Michelle Carter,277,Mountaineers,West Virginia,West Virginia,,2,7,0,0,0,2,3,2,5,0,0,0,0,2,4,true,false,false,true,,M. Carter,,Not Available,NA,West Virginia Mountaineers,s:40~l:54~t:277,west-virginia-mountaineers,https://a.espncdn.com/i/teamlogos/ncaa/500/277.png,WVU,FFC600,eaaa00,away,false,67,194,Buckeyes,Ohio State,Ohio State Buckeyes,OSU,https://a.espncdn.com/i/teamlogos/ncaa/500/194.png,ce1141,505056,73
244000008,2004,3,2004-03-20,2004-03-20T11:00:00.000000-0500,2500,Janell Dunlap,277,Mountaineers,West Virginia,West Virginia,,0,3,0,0,4,4,3,2,5,0,0,0,0,3,4,true,false,false,true,,J. Dunlap,,Not Available,NA,West Virginia Mountaineers,s:40~l:54~t:277,west-virginia-mountaineers,https://a.espncdn.com/i/teamlogos/ncaa/500/277.png,WVU,FFC600,eaaa00,away,false,67,194,Buckeyes,Ohio State,Ohio State Buckeyes,OSU,https://a.espncdn.com/i/teamlogos/ncaa/500/194.png,ce1141,505056,73
244000008,2004,3,2004-03-20,2004-03-20T11:00:00.000000-0500,2259,Sherell Sowho,277,Mountaineers,West Virginia,West Virginia,,5,10,3,5,1,1,1,4,5,0,0,0,0,5,14,true,false,false,true,,S. Sowho,,Not Available,NA,West Virginia Mountaineers,s:40~l:54~t:277,west-virginia-mountaineers,https://a.espncdn.com/i/teamlogos/ncaa/500/277.png,WVU,FFC600,eaaa00,away,false,67,194,Buckeyes,Ohio State,Ohio State Buckeyes,OSU,https://a.espncdn.com/i/teamlogos/ncaa/500/194.png,ce1141,505056,73
244000008,2004,3,2004-03-20,2004-03-20T11:00:00.000000-0500,2258,Yolanda Paige,277,Mountaineers,West Virginia,West Virginia,,5,12,3,8,0,0,1,2,3,0,0,0,0,4,13,true,false,false,true,,Y. Paige,,Not Available,NA,West Virginia Mountaineers,s:40~l:54~t:277,west-virginia-mountaineers,https://a.espncdn.com/i/teamlogos/ncaa/500/277.png,WVU,FFC600,eaaa00,away,false,67,194,Buckeyes,Ohio State,Ohio State Buckeyes,OSU,https://a.espncdn.com/i/teamlogos/ncaa/500/194.png,ce1141,505056,73
244000008,2004,3,2004-03-20,2004-03-20T11:00:00.000000-0500,2252,Kate Bulger,277,Mountaineers,West Virginia,West Virginia,,7,18,4,12,0,0,1,5,6,0,0,0,0,3,18,true,false,false,true,,K. Bulger,,Not Available,NA,West Virginia Mountaineers,s:40~l:54~t:277,west-virginia-mountaineers,https://a.espncdn.com/i/teamlogos/ncaa/500/277.png,WVU,FFC600,eaaa00,away,false,67,194,Buckeyes,Ohio State,Ohio State Buckeyes,OSU,https://a.espncdn.com/i/teamlogos/ncaa/500/194.png,ce1141,505056,73
244000008,2004,3,2004-03-20,2004-03-20T11:00:00.000000-0500,3831,Jessica Davenport,194,Buckeyes,Ohio State,Ohio State,,10,10,0,0,2,4,1,5,6,0,0,0,0,3,22,true,false,false,true,,J. Davenport,,Not Available,NA,Ohio State Buckeyes,s:40~l:54~t:194,ohio-state-buckeyes,https://a.espncdn.com/i/teamlogos/ncaa/500/194.png,OSU,ce1141,505056,home,true,73,277,Mountaineers,West Virginia,West Virginia Mountaineers,WVU,https://a.espncdn.com/i/teamlogos/ncaa/500/277.png,FFC600,eaaa00,67
244000008,2004,3,2004-03-20,2004-03-20T11:00:00.000000-0500,1499,LaToya Turner,194,Buckeyes,Ohio State,Ohio State,,3,7,0,0,4,7,4,7,11,0,0,0,0,2,10,true,false,false,true,,L. Turner,,Not Available,NA,Ohio State Buckeyes,s:40~l:54~t:194,ohio-state-buckeyes,https://a.espncdn.com/i/teamlogos/ncaa/500/194.png,OSU,ce1141,505056,home,true,73,277,Mountaineers,West Virginia,West Virginia Mountaineers,WVU,https://a.espncdn.com/i/teamlogos/ncaa/500/277.png,FFC600,eaaa00,67
244000008,2004,3,2004-03-20,2004-03-20T11:00:00.000000-0500,3833,Brandie Hoskins,194,Buckeyes,Ohio State,Ohio State,,5,12,0,1,2,4,1,2,3,0,0,0,0,1,12,true,false,false,true,,B. Hoskins,,Not Available,NA,Ohio State Buckeyes,s:40~l:54~t:194,ohio-state-buckeyes,https://a.espncdn.com/i/teamlogos/ncaa/500/194.png,OSU,ce1141,505056,home,true,73,277,Mountaineers,West Virginia,West Virginia Mountaineers,WVU,https://a.espncdn.com/i/teamlogos/ncaa/500/277.png,FFC600,eaaa00,67
244000008,2004,3,2004-03-20,2004-03-20T11:00:00.000000-0500,2704,Kim Wilburn,194,Buckeyes,Ohio State,Ohio State,,2,6,0,0,4,8,0,5,5,0,0,0,0,3,8,true,false,false,true,,K. Wilburn,,Not Available,NA,Ohio State Buckeyes,s:40~l:54~t:194,ohio-state-buckeyes,https://a.espncdn.com/i/teamlogos/ncaa/500/194.png,OSU,ce1141,505056,home,true,73,277,Mountaineers,West Virginia,West Virginia Mountaineers,WVU,https://a.espncdn.com/i/teamlogos/ncaa/500/277.png,FFC600,eaaa00,67
244000008,2004,3,2004-03-20,2004-03-20T11:00:00.000000-0500,1497,Caity Matter,194,Buckeyes,Ohio State,Ohio State,,3,11,1,6,8,9,1,3,4,0,0,0,0,1,15,true,false,false,true,,C. Matter,,Not Available,NA,Ohio State Buckeyes,s:40~l:54~t:194,ohio-state-buckeyes,https://a.espncdn.com/i/teamlogos/ncaa/500/194.png,OSU,ce1141,505056,home,true,73,277,Mountaineers,West Virginia,West Virginia Mountaineers,WVU,https://a.espncdn.com/i/teamlogos/ncaa/500/277.png,FFC600,eaaa00,67
244000039,2004,3,2004-03-20,2004-03-20T13:30:00.000000-0500,3023,Candice Dupree,218,Owls,Temple,Temple,,4,14,0,0,6,9,4,5,9,0,0,0,0,5,14,true,false,false,true,,C. Dupree,,Not Available,NA,Temple Owls,s:40~l:54~t:218,temple-owls,https://a.espncdn.com/i/teamlogos/ncaa/500/218.png,TEM,A80532,a7a9ac,away,false,57,2628,Horned Frogs,TCU,TCU Horned Frogs,TCU,https://a.espncdn.com/i/teamlogos/ncaa/500/2628.png,4d1979,f1f2f3,70
244000039,2004,3,2004-03-20,2004-03-20T13:30:00.000000-0500,4327,Britney Jordan,218,Owls,Temple,Temple,,2,7,1,2,2,2,2,2,4,0,0,0,0,3,7,true,false,false,true,,B. Jordan,,Not Available,NA,Temple Owls,s:40~l:54~t:218,temple-owls,https://a.espncdn.com/i/teamlogos/ncaa/500/218.png,TEM,A80532,a7a9ac,away,false,57,2628,Horned Frogs,TCU,TCU Horned Frogs,TCU,https://a.espncdn.com/i/teamlogos/ncaa/500/2628.png,4d1979,f1f2f3,70
244000039,2004,3,2004-03-20,2004-03-20T13:30:00.000000-0500,1990,Ari Moore,218,Owls,Temple,Temple,,6,13,0,2,4,6,4,3,7,0,0,0,0,5,16,true,false,false,true,,A. Moore,,Not Available,NA,Temple Owls,s:40~l:54~t:218,temple-owls,https://a.espncdn.com/i/teamlogos/ncaa/500/218.png,TEM,A80532,a7a9ac,away,false,57,2628,Horned Frogs,TCU,TCU Horned Frogs,TCU,https://a.espncdn.com/i/teamlogos/ncaa/500/2628.png,4d1979,f1f2f3,70
244000039,2004,3,2004-03-20,2004-03-20T13:30:00.000000-0500,1987,Christena Hamilton,218,Owls,Temple,Temple,,3,7,0,2,0,0,2,2,4,0,0,0,0,4,6,true,false,false,true,,C. Hamilton,,Not Available,NA,Temple Owls,s:40~l:54~t:218,temple-owls,https://a.espncdn.com/i/teamlogos/ncaa/500/218.png,TEM,A80532,a7a9ac,away,false,57,2628,Horned Frogs,TCU,TCU Horned Frogs,TCU,https://a.espncdn.com/i/teamlogos/ncaa/500/2628.png,4d1979,f1f2f3,70
244000039,2004,3,2004-03-20,2004-03-20T13:30:00.000000-0500,1985,Toni Belafonte,218,Owls,Temple,Temple,,3,8,0,0,0,0,1,1,2,0,0,0,0,1,6,true,false,false,true,,T. Belafonte,,Not Available,NA,Temple Owls,s:40~l:54~t:218,temple-owls,https://a.espncdn.com/i/teamlogos/ncaa/500/218.png,TEM,A80532,a7a9ac,away,false,57,2628,Horned Frogs,TCU,TCU Horned Frogs,TCU,https://a.espncdn.com/i/teamlogos/ncaa/500/2628.png,4d1979,f1f2f3,70
244000039,2004,3,2004-03-20,2004-03-20T13:30:00.000000-0500,2667,Tracy Wynn,2628,Horned Frogs,TCU,TCU,,0,3,0,1,2,2,0,3,3,0,0,0,0,0,2,true,false,false,true,,T. Wynn,,Not Available,NA,TCU Horned Frogs,s:40~l:54~t:2628,tcu-horned-frogs,https://a.espncdn.com/i/teamlogos/ncaa/500/2628.png,TCU,4d1979,f1f2f3,home,true,70,218,Owls,Temple,Temple Owls,TEM,https://a.espncdn.com/i/teamlogos/ncaa/500/218.png,A80532,a7a9ac,57
244000039,2004,3,2004-03-20,2004-03-20T13:30:00.000000-0500,1981,Sandora Irvin,2628,Horned Frogs,TCU,TCU,,9,19,0,0,3,6,2,11,13,0,0,0,0,3,21,true,false,false,true,,S. Irvin,,Not Available,NA,TCU Horned Frogs,s:40~l:54~t:2628,tcu-horned-frogs,https://a.espncdn.com/i/teamlogos/ncaa/500/2628.png,TCU,4d1979,f1f2f3,home,true,70,218,Owls,Temple,Temple Owls,TEM,https://a.espncdn.com/i/teamlogos/ncaa/500/218.png,A80532,a7a9ac,57
244000039,2004,3,2004-03-20,2004-03-20T13:30:00.000000-0500,3850,Natasha Lacy,2628,Horned Frogs,TCU,TCU,,4,4,0,0,4,4,1,2,3,0,0,0,0,3,12,true,false,false,true,,N. Lacy,,Not Available,NA,TCU Horned Frogs,s:40~l:54~t:2628,tcu-horned-frogs,https://a.espncdn.com/i/teamlogos/ncaa/500/2628.png,TCU,4d1979,f1f2f3,home,true,70,218,Owls,Temple,Temple Owls,TEM,https://a.espncdn.com/i/teamlogos/ncaa/500/218.png,A80532,a7a9ac,57
244000039,2004,3,2004-03-20,2004-03-20T13:30:00.000000-0500,1984,Ebony Shaw,2628,Horned Frogs,TCU,TCU,,6,10,0,3,3,4,2,7,9,0,0,0,0,4,15,true,false,false,true,,E. Shaw,,Not Available,NA,TCU Horned Frogs,s:40~l:54~t:2628,tcu-horned-frogs,https://a.espncdn.com/i/teamlogos/ncaa/500/2628.png,TCU,4d1979,f1f2f3,home,true,70,218,Owls,Temple,Temple Owls,TEM,https://a.espncdn.com/i/teamlogos/ncaa/500/218.png,A80532,a7a9ac,57
244000039,2004,3,2004-03-20,2004-03-20T13:30:00.000000-0500,3851,JimAnne Baker,2628,Horned Frogs,TCU,TCU,,,,,,,,,,,,,,,,,true,false,true,true,,J. Baker,,Not Available,NA,TCU Horned Frogs,s:40~l:54~t:2628,tcu-horned-frogs,https://a.espncdn.com/i/teamlogos/ncaa/500/2628.png,TCU,4d1979,f1f2f3,home,true,70,218,Owls,Temple,Temple Owls,TEM,https://a.espncdn.com/i/teamlogos/ncaa/500/218.png,A80532,a7a9ac,57
244000017,2004,3,2004-03-20,2004-03-20T13:30:00.000000-0500,415,Khara Smith,305,Blue Demons,DePaul,DePaul,,8,13,0,0,0,2,0,11,11,0,0,0,0,2,16,true,false,false,true,,K. Smith,,Not Available,NA,DePaul Blue Demons,s:40~l:54~t:305,depaul-blue-demons,https://a.espncdn.com/i/teamlogos/ncaa/500/305.png,DEP,2d649c,ce1125,away,true,83,45,Colonials,George Washington,George Washington Colonials,GW,https://a.espncdn.com/i/teamlogos/ncaa/500/45.png,002843,e8d2a1,46
244000017,2004,3,2004-03-20,2004-03-20T13:30:00.000000-0500,414,Charlene Smith,305,Blue Demons,DePaul,DePaul,,8,13,0,0,6,7,2,3,5,0,0,0,0,2,22,true,false,false,true,,C. Smith,,Not Available,NA,DePaul Blue Demons,s:40~l:54~t:305,depaul-blue-demons,https://a.espncdn.com/i/teamlogos/ncaa/500/305.png,DEP,2d649c,ce1125,away,true,83,45,Colonials,George Washington,George Washington Colonials,GW,https://a.espncdn.com/i/teamlogos/ncaa/500/45.png,002843,e8d2a1,46
244000017,2004,3,2004-03-20,2004-03-20T13:30:00.000000-0500,413,Ashley Luke,305,Blue Demons,DePaul,DePaul,,2,10,2,9,1,2,0,1,1,0,0,0,0,3,7,true,false,false,true,,A. Luke,,Not Available,NA,DePaul Blue Demons,s:40~l:54~t:305,depaul-blue-demons,https://a.espncdn.com/i/teamlogos/ncaa/500/305.png,DEP,2d649c,ce1125,away,true,83,45,Colonials,George Washington,George Washington Colonials,GW,https://a.espncdn.com/i/teamlogos/ncaa/500/45.png,002843,e8d2a1,46
244000017,2004,3,2004-03-20,2004-03-20T13:30:00.000000-0500,412,Sarah Kustok,305,Blue Demons,DePaul,DePaul,,2,6,1,5,0,0,0,3,3,0,0,0,0,1,5,true,false,false,true,,S. Kustok,,Not Available,NA,DePaul Blue Demons,s:40~l:54~t:305,depaul-blue-demons,https://a.espncdn.com/i/teamlogos/ncaa/500/305.png,DEP,2d649c,ce1125,away,true,83,45,Colonials,George Washington,George Washington Colonials,GW,https://a.espncdn.com/i/teamlogos/ncaa/500/45.png,002843,e8d2a1,46
244000017,2004,3,2004-03-20,2004-03-20T13:30:00.000000-0500,410,Jenni Dant,305,Blue Demons,DePaul,DePaul,,8,9,0,1,2,2,3,3,6,0,0,0,0,1,18,true,false,false,true,,J. Dant,,Not Available,NA,DePaul Blue Demons,s:40~l:54~t:305,depaul-blue-demons,https://a.espncdn.com/i/teamlogos/ncaa/500/305.png,DEP,2d649c,ce1125,away,true,83,45,Colonials,George Washington,George Washington Colonials,GW,https://a.espncdn.com/i/teamlogos/ncaa/500/45.png,002843,e8d2a1,46
244000017,2004,3,2004-03-20,2004-03-20T13:30:00.000000-0500,648,Ugo Oha,45,Colonials,George Washington,G Washington,,5,13,0,0,5,7,2,2,4,0,0,0,0,2,15,true,false,false,true,,U. Oha,,Not Available,NA,George Washington Colonials,s:40~l:54~t:45,george-washington-colonials,https://a.espncdn.com/i/teamlogos/ncaa/500/45.png,GW,002843,e8d2a1,home,false,46,305,Blue Demons,DePaul,DePaul Blue Demons,DEP,https://a.espncdn.com/i/teamlogos/ncaa/500/305.png,2d649c,ce1125,83
244000017,2004,3,2004-03-20,2004-03-20T13:30:00.000000-0500,650,Valerie Williams,45,Colonials,George Washington,G Washington,,3,3,0,0,0,0,1,5,6,0,0,0,0,1,6,true,false,false,true,,V. Williams,,Not Available,NA,George Washington Colonials,s:40~l:54~t:45,george-washington-colonials,https://a.espncdn.com/i/teamlogos/ncaa/500/45.png,GW,002843,e8d2a1,home,false,46,305,Blue Demons,DePaul,DePaul Blue Demons,DEP,https://a.espncdn.com/i/teamlogos/ncaa/500/305.png,2d649c,ce1125,83
244000017,2004,3,2004-03-20,2004-03-20T13:30:00.000000-0500,647,Anna Montanana,45,Colonials,George Washington,G Washington,,1,7,0,3,0,0,0,1,1,0,0,0,0,1,2,true,false,false,true,,A. Montanana,,Not Available,NA,George Washington Colonials,s:40~l:54~t:45,george-washington-colonials,https://a.espncdn.com/i/teamlogos/ncaa/500/45.png,GW,002843,e8d2a1,home,false,46,305,Blue Demons,DePaul,DePaul Blue Demons,DEP,https://a.espncdn.com/i/teamlogos/ncaa/500/305.png,2d649c,ce1125,83
244000017,2004,3,2004-03-20,2004-03-20T13:30:00.000000-0500,651,Marsheik Witherspoon,45,Colonials,George Washington,G Washington,,1,4,0,0,1,2,1,2,3,0,0,0,0,1,3,true,false,false,true,,M. Witherspoon,,Not Available,NA,George Washington Colonials,s:40~l:54~t:45,george-washington-colonials,https://a.espncdn.com/i/teamlogos/ncaa/500/45.png,GW,002843,e8d2a1,home,false,46,305,Blue Demons,DePaul,DePaul Blue Demons,DEP,https://a.espncdn.com/i/teamlogos/ncaa/500/305.png,2d649c,ce1125,83
244000017,2004,3,2004-03-20,2004-03-20T13:30:00.000000-0500,646,Cathy Joens,45,Colonials,George Washington,G Washington,,5,11,1,4,3,3,0,7,7,0,0,0,0,1,14,true,false,false,true,,C. Joens,,Not Available,NA,George Washington Colonials,s:40~l:54~t:45,george-washington-colonials,https://a.espncdn.com/i/teamlogos/ncaa/500/45.png,GW,002843,e8d2a1,home,false,46,305,Blue Demons,DePaul,DePaul Blue Demons,DEP,https://a.espncdn.com/i/teamlogos/ncaa/500/305.png,2d649c,ce1125,83
244000009,2004,3,2004-03-20,2004-03-20T13:30:00.000000-0500,504,Kendra Yeo,2199,Eagles,Eastern Michigan,E Michigan,,3,8,0,0,0,1,0,4,4,0,0,0,0,4,6,true,false,false,true,,K. Yeo,,Not Available,NA,Eastern Michigan Eagles,s:40~l:54~t:2199,eastern-michigan-eagles,https://a.espncdn.com/i/teamlogos/ncaa/500/2199.png,EMU,00331b,f0f0f0,away,false,56,103,Eagles,Boston College,Boston College Eagles,BC,https://a.espncdn.com/i/teamlogos/ncaa/500/103.png,8c2232,dbcca6,58
244000009,2004,3,2004-03-20,2004-03-20T13:30:00.000000-0500,498,Kris Kachaturoff,2199,Eagles,Eastern Michigan,E Michigan,,6,11,1,2,2,2,5,2,7,0,0,0,0,4,15,true,false,false,true,,K. Kachaturoff,,Not Available,NA,Eastern Michigan Eagles,s:40~l:54~t:2199,eastern-michigan-eagles,https://a.espncdn.com/i/teamlogos/ncaa/500/2199.png,EMU,00331b,f0f0f0,away,false,56,103,Eagles,Boston College,Boston College Eagles,BC,https://a.espncdn.com/i/teamlogos/ncaa/500/103.png,8c2232,dbcca6,58
244000009,2004,3,2004-03-20,2004-03-20T13:30:00.000000-0500,495,Erica Ford,2199,Eagles,Eastern Michigan,E Michigan,,3,10,1,5,2,3,3,2,5,0,0,0,0,2,9,true,false,false,true,,E. Ford,,Not Available,NA,Eastern Michigan Eagles,s:40~l:54~t:2199,eastern-michigan-eagles,https://a.espncdn.com/i/teamlogos/ncaa/500/2199.png,EMU,00331b,f0f0f0,away,false,56,103,Eagles,Boston College,Boston College Eagles,BC,https://a.espncdn.com/i/teamlogos/ncaa/500/103.png,8c2232,dbcca6,58
244000009,2004,3,2004-03-20,2004-03-20T13:30:00.000000-0500,494,Marion Crandall,2199,Eagles,Eastern Michigan,E Michigan,,1,6,1,4,0,0,0,2,2,0,0,0,0,0,3,true,false,false,true,,M. Crandall,,Not Available,NA,Eastern Michigan Eagles,s:40~l:54~t:2199,eastern-michigan-eagles,https://a.espncdn.com/i/teamlogos/ncaa/500/2199.png,EMU,00331b,f0f0f0,away,false,56,103,Eagles,Boston College,Boston College Eagles,BC,https://a.espncdn.com/i/teamlogos/ncaa/500/103.png,8c2232,dbcca6,58
244000009,2004,3,2004-03-20,2004-03-20T13:30:00.000000-0500,493,Regina Coleman,2199,Eagles,Eastern Michigan,E Michigan,,5,14,1,5,4,4,1,7,8,0,0,0,0,1,15,true,false,false,true,,R. Coleman,,Not Available,NA,Eastern Michigan Eagles,s:40~l:54~t:2199,eastern-michigan-eagles,https://a.espncdn.com/i/teamlogos/ncaa/500/2199.png,EMU,00331b,f0f0f0,away,false,56,103,Eagles,Boston College,Boston College Eagles,BC,https://a.espncdn.com/i/teamlogos/ncaa/500/103.png,8c2232,dbcca6,58
244000009,2004,3,2004-03-20,2004-03-20T13:30:00.000000-0500,2558,Maureen Leahy,103,Eagles,Boston College,Boston College,,1,6,0,0,1,2,1,2,3,0,0,0,0,1,3,true,false,false,true,,M. Leahy,,Not Available,NA,Boston College Eagles,s:40~l:54~t:103,boston-college-eagles,https://a.espncdn.com/i/teamlogos/ncaa/500/103.png,BC,8c2232,dbcca6,home,true,58,2199,Eagles,Eastern Michigan,Eastern Michigan Eagles,EMU,https://a.espncdn.com/i/teamlogos/ncaa/500/2199.png,00331b,f0f0f0,56
244000009,2004,3,2004-03-20,2004-03-20T13:30:00.000000-0500,3761,Kathrin Ress,103,Eagles,Boston College,Boston College,,7,15,0,0,0,0,3,3,6,0,0,0,0,3,14,true,false,false,true,,K. Ress,,Not Available,NA,Boston College Eagles,s:40~l:54~t:103,boston-college-eagles,https://a.espncdn.com/i/teamlogos/ncaa/500/103.png,BC,8c2232,dbcca6,home,true,58,2199,Eagles,Eastern Michigan,Eastern Michigan Eagles,EMU,https://a.espncdn.com/i/teamlogos/ncaa/500/2199.png,00331b,f0f0f0,56
244000009,2004,3,2004-03-20,2004-03-20T13:30:00.000000-0500,2557,Amber Jacobs,103,Eagles,Boston College,Boston College,,4,10,3,6,2,4,0,0,0,0,0,0,0,1,13,true,false,false,true,,A. Jacobs,,Not Available,NA,Boston College Eagles,s:40~l:54~t:103,boston-college-eagles,https://a.espncdn.com/i/teamlogos/ncaa/500/103.png,BC,8c2232,dbcca6,home,true,58,2199,Eagles,Eastern Michigan,Eastern Michigan Eagles,EMU,https://a.espncdn.com/i/teamlogos/ncaa/500/2199.png,00331b,f0f0f0,56
244000009,2004,3,2004-03-20,2004-03-20T13:30:00.000000-0500,133,Clare Droesch,103,Eagles,Boston College,Boston College,,6,13,1,4,0,0,2,8,10,0,0,0,0,3,13,true,false,false,true,,C. Droesch,,Not Available,NA,Boston College Eagles,s:40~l:54~t:103,boston-college-eagles,https://a.espncdn.com/i/teamlogos/ncaa/500/103.png,BC,8c2232,dbcca6,home,true,58,2199,Eagles,Eastern Michigan,Eastern Michigan Eagles,EMU,https://a.espncdn.com/i/teamlogos/ncaa/500/2199.png,00331b,f0f0f0,56
244000009,2004,3,2004-03-20,2004-03-20T13:30:00.000000-0500,132,Jessalyn Deveny,103,Eagles,Boston College,Boston College,,4,10,1,1,0,0,0,4,4,0,0,0,0,2,9,true,false,false,true,,J. Deveny,,Not Available,NA,Boston College Eagles,s:40~l:54~t:103,boston-college-eagles,https://a.espncdn.com/i/teamlogos/ncaa/500/103.png,BC,8c2232,dbcca6,home,true,58,2199,Eagles,Eastern Michigan,Eastern Michigan Eagles,EMU,https://a.espncdn.com/i/teamlogos/ncaa/500/2199.png,00331b,f0f0f0,56
244000055,2004,3,2004-03-20,2004-03-20T21:00:00.000000-0500,3798,Nicole Soulis,2739,Phoenix,Green Bay,Green Bay,,5,16,1,4,2,4,4,2,6,0,0,0,0,2,13,true,false,false,true,,N. Soulis,,Not Available,NA,Green Bay Phoenix,s:40~l:54~t:2739,green-bay-phoenix,https://a.espncdn.com/i/teamlogos/ncaa/500/2739.png,GB,006633,ffffff,away,false,47,248,Cougars,Houston,Houston Cougars,HOU,https://a.espncdn.com/i/teamlogos/ncaa/500/248.png,c92a39,ffffff,62
244000055,2004,3,2004-03-20,2004-03-20T21:00:00.000000-0500,3085,Amy Fieck,2739,Phoenix,Green Bay,Green Bay,,1,3,0,0,0,0,2,6,8,0,0,0,0,4,2,true,false,false,true,,A. Fieck,,Not Available,NA,Green Bay Phoenix,s:40~l:54~t:2739,green-bay-phoenix,https://a.espncdn.com/i/teamlogos/ncaa/500/2739.png,GB,006633,ffffff,away,false,47,248,Cougars,Houston,Houston Cougars,HOU,https://a.espncdn.com/i/teamlogos/ncaa/500/248.png,c92a39,ffffff,62
244000055,2004,3,2004-03-20,2004-03-20T21:00:00.000000-0500,3084,Abby Scharlow,2739,Phoenix,Green Bay,Green Bay,,4,16,0,5,0,0,0,3,3,0,0,0,0,1,8,true,false,false,true,,A. Scharlow,,Not Available,NA,Green Bay Phoenix,s:40~l:54~t:2739,green-bay-phoenix,https://a.espncdn.com/i/teamlogos/ncaa/500/2739.png,GB,006633,ffffff,away,false,47,248,Cougars,Houston,Houston Cougars,HOU,https://a.espncdn.com/i/teamlogos/ncaa/500/248.png,c92a39,ffffff,62
244000055,2004,3,2004-03-20,2004-03-20T21:00:00.000000-0500,3083,Mary Kulenkamp,2739,Phoenix,Green Bay,Green Bay,,3,10,1,4,1,1,1,3,4,0,0,0,0,3,8,true,false,false,true,,M. Kulenkamp,,Not Available,NA,Green Bay Phoenix,s:40~l:54~t:2739,green-bay-phoenix,https://a.espncdn.com/i/teamlogos/ncaa/500/2739.png,GB,006633,ffffff,away,false,47,248,Cougars,Houston,Houston Cougars,HOU,https://a.espncdn.com/i/teamlogos/ncaa/500/248.png,c92a39,ffffff,62
244000055,2004,3,2004-03-20,2004-03-20T21:00:00.000000-0500,3082,Tricia Grassell,2739,Phoenix,Green Bay,Green Bay,,3,10,2,6,1,2,0,5,5,0,0,0,0,0,9,true,false,false,true,,T. Grassell,,Not Available,NA,Green Bay Phoenix,s:40~l:54~t:2739,green-bay-phoenix,https://a.espncdn.com/i/teamlogos/ncaa/500/2739.png,GB,006633,ffffff,away,false,47,248,Cougars,Houston,Houston Cougars,HOU,https://a.espncdn.com/i/teamlogos/ncaa/500/248.png,c92a39,ffffff,62
244000055,2004,3,2004-03-20,2004-03-20T21:00:00.000000-0500,766,Kiemona Harris,248,Cougars,Houston,Houston,,3,7,0,0,0,0,1,1,2,0,0,0,0,1,6,true,false,false,true,,K. Harris,,Not Available,NA,Houston Cougars,s:40~l:54~t:248,houston-cougars,https://a.espncdn.com/i/teamlogos/ncaa/500/248.png,HOU,c92a39,ffffff,home,true,62,2739,Phoenix,Green Bay,Green Bay Phoenix,GB,https://a.espncdn.com/i/teamlogos/ncaa/500/2739.png,006633,ffffff,47
244000055,2004,3,2004-03-20,2004-03-20T21:00:00.000000-0500,4304,Sancho Lyttle,248,Cougars,Houston,Houston,,3,7,0,0,1,3,1,7,8,0,0,0,0,3,7,true,false,false,true,,S. Lyttle,,Not Available,NA,Houston Cougars,s:40~l:54~t:248,houston-cougars,https://a.espncdn.com/i/teamlogos/ncaa/500/248.png,HOU,c92a39,ffffff,home,true,62,2739,Phoenix,Green Bay,Green Bay Phoenix,GB,https://a.espncdn.com/i/teamlogos/ncaa/500/2739.png,006633,ffffff,47
244000055,2004,3,2004-03-20,2004-03-20T21:00:00.000000-0500,4303,Joann Overstreet,248,Cougars,Houston,Houston,,1,8,0,3,0,0,2,3,5,0,0,0,0,1,2,true,false,false,true,,J. Overstreet,,Not Available,NA,Houston Cougars,s:40~l:54~t:248,houston-cougars,https://a.espncdn.com/i/teamlogos/ncaa/500/248.png,HOU,c92a39,ffffff,home,true,62,2739,Phoenix,Green Bay,Green Bay Phoenix,GB,https://a.espncdn.com/i/teamlogos/ncaa/500/2739.png,006633,ffffff,47
244000055,2004,3,2004-03-20,2004-03-20T21:00:00.000000-0500,770,Nicole Oliver,248,Cougars,Houston,Houston,,4,9,3,8,0,0,1,3,4,0,0,0,0,3,11,true,false,false,true,,N. Oliver,,Not Available,NA,Houston Cougars,s:40~l:54~t:248,houston-cougars,https://a.espncdn.com/i/teamlogos/ncaa/500/248.png,HOU,c92a39,ffffff,home,true,62,2739,Phoenix,Green Bay,Green Bay Phoenix,GB,https://a.espncdn.com/i/teamlogos/ncaa/500/2739.png,006633,ffffff,47
244000055,2004,3,2004-03-20,2004-03-20T21:00:00.000000-0500,769,Chandi Jones,248,Cougars,Houston,Houston,,10,18,4,8,4,4,2,4,6,0,0,0,0,0,28,true,false,false,true,,C. Jones,,Not Available,NA,Houston Cougars,s:40~l:54~t:248,houston-cougars,https://a.espncdn.com/i/teamlogos/ncaa/500/248.png,HOU,c92a39,ffffff,home,true,62,2739,Phoenix,Green Bay,Green Bay Phoenix,GB,https://a.espncdn.com/i/teamlogos/ncaa/500/2739.png,006633,ffffff,47
244000024,2004,3,2004-03-20,2004-03-20T21:00:00.000000-0500,1063,Marie Fusci,2368,Red Foxes,Marist,Marist,,1,9,0,1,1,1,0,2,2,0,0,0,0,2,3,true,false,false,true,,M. Fusci,,Not Available,NA,Marist Red Foxes,s:40~l:54~t:2368,marist-red-foxes,https://a.espncdn.com/i/teamlogos/ncaa/500/2368.png,MRST,e53730,f0f0f0,away,false,45,201,Sooners,Oklahoma,Oklahoma Sooners,OU,https://a.espncdn.com/i/teamlogos/ncaa/500/201.png,9d2235,ffffff,58
244000024,2004,3,2004-03-20,2004-03-20T21:00:00.000000-0500,1066,Diesa Seidel,2368,Red Foxes,Marist,Marist,,1,5,1,4,0,0,1,1,2,0,0,0,0,3,3,true,false,false,true,,D. Seidel,,Not Available,NA,Marist Red Foxes,s:40~l:54~t:2368,marist-red-foxes,https://a.espncdn.com/i/teamlogos/ncaa/500/2368.png,MRST,e53730,f0f0f0,away,false,45,201,Sooners,Oklahoma,Oklahoma Sooners,OU,https://a.espncdn.com/i/teamlogos/ncaa/500/201.png,9d2235,ffffff,58
244000024,2004,3,2004-03-20,2004-03-20T21:00:00.000000-0500,1060,Stephanie Delpreore,2368,Red Foxes,Marist,Marist,,6,13,0,1,0,1,3,5,8,0,0,0,0,2,12,true,false,false,true,,S. Delpreore,,Not Available,NA,Marist Red Foxes,s:40~l:54~t:2368,marist-red-foxes,https://a.espncdn.com/i/teamlogos/ncaa/500/2368.png,MRST,e53730,f0f0f0,away,false,45,201,Sooners,Oklahoma,Oklahoma Sooners,OU,https://a.espncdn.com/i/teamlogos/ncaa/500/201.png,9d2235,ffffff,58
244000024,2004,3,2004-03-20,2004-03-20T21:00:00.000000-0500,1071,Nina Vecchio,2368,Red Foxes,Marist,Marist,,1,2,1,2,0,0,1,2,3,0,0,0,0,0,3,true,false,false,true,,N. Vecchio,,Not Available,NA,Marist Red Foxes,s:40~l:54~t:2368,marist-red-foxes,https://a.espncdn.com/i/teamlogos/ncaa/500/2368.png,MRST,e53730,f0f0f0,away,false,45,201,Sooners,Oklahoma,Oklahoma Sooners,OU,https://a.espncdn.com/i/teamlogos/ncaa/500/201.png,9d2235,ffffff,58
244000024,2004,3,2004-03-20,2004-03-20T21:00:00.000000-0500,1058,Alisa Kresge,2368,Red Foxes,Marist,Marist,,0,5,0,1,1,2,1,2,3,0,0,0,0,4,1,true,false,false,true,,A. Kresge,,Not Available,NA,Marist Red Foxes,s:40~l:54~t:2368,marist-red-foxes,https://a.espncdn.com/i/teamlogos/ncaa/500/2368.png,MRST,e53730,f0f0f0,away,false,45,201,Sooners,Oklahoma,Oklahoma Sooners,OU,https://a.espncdn.com/i/teamlogos/ncaa/500/201.png,9d2235,ffffff,58
244000024,2004,3,2004-03-20,2004-03-20T21:00:00.000000-0500,3814,Leah Rush,201,Sooners,Oklahoma,Oklahoma,,7,11,0,1,9,9,1,4,5,0,0,0,0,4,23,true,false,false,true,,L. Rush,,Not Available,NA,Oklahoma Sooners,s:40~l:54~t:201,oklahoma-sooners,https://a.espncdn.com/i/teamlogos/ncaa/500/201.png,OU,9d2235,ffffff,home,true,58,2368,Red Foxes,Marist,Marist Red Foxes,MRST,https://a.espncdn.com/i/teamlogos/ncaa/500/2368.png,e53730,f0f0f0,45
244000024,2004,3,2004-03-20,2004-03-20T21:00:00.000000-0500,2440,Erin Higgins,201,Sooners,Oklahoma,Oklahoma,,1,4,1,4,0,0,0,5,5,0,0,0,0,2,3,true,false,false,true,,E. Higgins,,Not Available,NA,Oklahoma Sooners,s:40~l:54~t:201,oklahoma-sooners,https://a.espncdn.com/i/teamlogos/ncaa/500/201.png,OU,9d2235,ffffff,home,true,58,2368,Red Foxes,Marist,Marist Red Foxes,MRST,https://a.espncdn.com/i/teamlogos/ncaa/500/2368.png,e53730,f0f0f0,45
244000024,2004,3,2004-03-20,2004-03-20T21:00:00.000000-0500,1500,Caton Hill,201,Sooners,Oklahoma,Oklahoma,,2,4,0,1,2,2,1,3,4,0,0,0,0,4,6,true,false,false,true,,C. Hill,,Not Available,NA,Oklahoma Sooners,s:40~l:54~t:201,oklahoma-sooners,https://a.espncdn.com/i/teamlogos/ncaa/500/201.png,OU,9d2235,ffffff,home,true,58,2368,Red Foxes,Marist,Marist Red Foxes,MRST,https://a.espncdn.com/i/teamlogos/ncaa/500/2368.png,e53730,f0f0f0,45
244000024,2004,3,2004-03-20,2004-03-20T21:00:00.000000-0500,2662,Maria Villarroel,201,Sooners,Oklahoma,Oklahoma,,0,6,0,2,8,8,0,10,10,0,0,0,0,0,8,true,false,false,true,,M. Villarroel,,Not Available,NA,Oklahoma Sooners,s:40~l:54~t:201,oklahoma-sooners,https://a.espncdn.com/i/teamlogos/ncaa/500/201.png,OU,9d2235,ffffff,home,true,58,2368,Red Foxes,Marist,Marist Red Foxes,MRST,https://a.espncdn.com/i/teamlogos/ncaa/500/2368.png,e53730,f0f0f0,45
244000024,2004,3,2004-03-20,2004-03-20T21:00:00.000000-0500,1501,Dionnah Jackson-Durrett,201,Sooners,Oklahoma,Oklahoma,,7,10,0,0,4,5,1,3,4,0,0,0,0,4,18,true,false,false,true,,D. Jackson-Durrett,,Not Available,NA,Oklahoma Sooners,s:40~l:54~t:201,oklahoma-sooners,https://a.espncdn.com/i/teamlogos/ncaa/500/201.png,OU,9d2235,ffffff,home,true,58,2368,Red Foxes,Marist,Marist Red Foxes,MRST,https://a.espncdn.com/i/teamlogos/ncaa/500/2368.png,e53730,f0f0f0,45
244000019,2004,3,2004-03-20,2004-03-20T21:00:00.000000-0500,1451,Jenny Shetters,167,Lobos,New Mexico,New Mexico,,0,0,0,0,2,2,0,1,1,0,0,0,0,0,2,true,false,false,true,,J. Shetters,,Not Available,NA,New Mexico Lobos,s:40~l:54~t:167,new-mexico-lobos,https://a.espncdn.com/i/teamlogos/ncaa/500/167.png,UNM,000000,231f20,away,false,56,57,Gators,Florida,Florida Gators,FLA,https://a.espncdn.com/i/teamlogos/ncaa/500/57.png,0021a5,fa4616,68
244000019,2004,3,2004-03-20,2004-03-20T21:00:00.000000-0500,1340,Melissa Forest,167,Lobos,New Mexico,New Mexico,,2,9,2,5,0,0,0,8,8,0,0,0,0,1,6,true,false,false,true,,M. Forest,,Not Available,NA,New Mexico Lobos,s:40~l:54~t:167,new-mexico-lobos,https://a.espncdn.com/i/teamlogos/ncaa/500/167.png,UNM,000000,231f20,away,false,56,57,Gators,Florida,Florida Gators,FLA,https://a.espncdn.com/i/teamlogos/ncaa/500/57.png,0021a5,fa4616,68
244000019,2004,3,2004-03-20,2004-03-20T21:00:00.000000-0500,1339,Lindsey Arndt,167,Lobos,New Mexico,New Mexico,,4,11,0,2,3,4,3,0,3,0,0,0,0,1,11,true,false,false,true,,L. Arndt,,Not Available,NA,New Mexico Lobos,s:40~l:54~t:167,new-mexico-lobos,https://a.espncdn.com/i/teamlogos/ncaa/500/167.png,UNM,000000,231f20,away,false,56,57,Gators,Florida,Florida Gators,FLA,https://a.espncdn.com/i/teamlogos/ncaa/500/57.png,0021a5,fa4616,68
244000019,2004,3,2004-03-20,2004-03-20T21:00:00.000000-0500,3789,Katie Montgomery,167,Lobos,New Mexico,New Mexico,,3,7,0,1,2,2,0,0,0,0,0,0,0,3,8,true,false,false,true,,K. Montgomery,,Not Available,NA,New Mexico Lobos,s:40~l:54~t:167,new-mexico-lobos,https://a.espncdn.com/i/teamlogos/ncaa/500/167.png,UNM,000000,231f20,away,false,56,57,Gators,Florida,Florida Gators,FLA,https://a.espncdn.com/i/teamlogos/ncaa/500/57.png,0021a5,fa4616,68
244000019,2004,3,2004-03-20,2004-03-20T21:00:00.000000-0500,1342,Mandi Moore,167,Lobos,New Mexico,New Mexico,,2,3,2,2,2,2,1,5,6,0,0,0,0,3,8,true,false,false,true,,M. Moore,,Not Available,NA,New Mexico Lobos,s:40~l:54~t:167,new-mexico-lobos,https://a.espncdn.com/i/teamlogos/ncaa/500/167.png,UNM,000000,231f20,away,false,56,57,Gators,Florida,Florida Gators,FLA,https://a.espncdn.com/i/teamlogos/ncaa/500/57.png,0021a5,fa4616,68
244000019,2004,3,2004-03-20,2004-03-20T21:00:00.000000-0500,539,Vanessa Hayden,57,Gators,Florida,Florida,,7,13,0,0,3,7,5,6,11,0,0,0,0,4,17,true,false,false,true,,V. Hayden,,Not Available,NA,Florida Gators,s:40~l:54~t:57,florida-gators,https://a.espncdn.com/i/teamlogos/ncaa/500/57.png,FLA,0021a5,fa4616,home,true,68,167,Lobos,New Mexico,New Mexico Lobos,UNM,https://a.espncdn.com/i/teamlogos/ncaa/500/167.png,000000,231f20,56
244000019,2004,3,2004-03-20,2004-03-20T21:00:00.000000-0500,3868,Natashia Morehead,57,Gators,Florida,Florida,,7,15,4,7,0,0,4,7,11,0,0,0,0,2,18,true,false,false,true,,N. Morehead,,Not Available,NA,Florida Gators,s:40~l:54~t:57,florida-gators,https://a.espncdn.com/i/teamlogos/ncaa/500/57.png,FLA,0021a5,fa4616,home,true,68,167,Lobos,New Mexico,New Mexico Lobos,UNM,https://a.espncdn.com/i/teamlogos/ncaa/500/167.png,000000,231f20,56
244000019,2004,3,2004-03-20,2004-03-20T21:00:00.000000-0500,2385,Brittany Davis,57,Gators,Florida,Florida,,0,1,0,0,0,0,2,4,6,0,0,0,0,2,0,true,false,false,true,,B. Davis,,Not Available,NA,Florida Gators,s:40~l:54~t:57,florida-gators,https://a.espncdn.com/i/teamlogos/ncaa/500/57.png,FLA,0021a5,fa4616,home,true,68,167,Lobos,New Mexico,New Mexico Lobos,UNM,https://a.espncdn.com/i/teamlogos/ncaa/500/167.png,000000,231f20,56
244000019,2004,3,2004-03-20,2004-03-20T21:00:00.000000-0500,2389,Danielle Santos Atkinson,57,Gators,Florida,Florida,,2,6,0,3,0,0,0,1,1,0,0,0,0,2,4,true,false,false,true,,D. Santos Atkinson,,Not Available,NA,Florida Gators,s:40~l:54~t:57,florida-gators,https://a.espncdn.com/i/teamlogos/ncaa/500/57.png,FLA,0021a5,fa4616,home,true,68,167,Lobos,New Mexico,New Mexico Lobos,UNM,https://a.espncdn.com/i/teamlogos/ncaa/500/167.png,000000,231f20,56
244000019,2004,3,2004-03-20,2004-03-20T21:00:00.000000-0500,538,Tishona Gregory,57,Gators,Florida,Florida,,1,9,0,2,5,5,0,0,0,0,0,0,0,3,7,true,false,false,true,,T. Gregory,,Not Available,NA,Florida Gators,s:40~l:54~t:57,florida-gators,https://a.espncdn.com/i/teamlogos/ncaa/500/57.png,FLA,0021a5,fa4616,home,true,68,167,Lobos,New Mexico,New Mexico Lobos,UNM,https://a.espncdn.com/i/teamlogos/ncaa/500/167.png,000000,231f20,56
244000005,2004,3,2004-03-20,2004-03-20T21:00:00.000000-0500,1056,Julie Veilleux,311,Black Bears,Maine,Maine,,1,9,0,1,0,0,3,1,4,0,0,0,0,3,2,true,false,false,true,,J. Veilleux,,Not Available,NA,Maine Black Bears,s:40~l:54~t:311,maine-black-bears,https://a.espncdn.com/i/teamlogos/ncaa/500/311.png,MAINE,127dbe,,away,false,50,2641,Lady Raiders,Texas Tech,Texas Tech Lady Raiders,TTU,https://a.espncdn.com/i/teamlogos/ncaa/500/2641.png,C80025,231f20,60
244000005,2004,3,2004-03-20,2004-03-20T21:00:00.000000-0500,1054,Monica Peterson,311,Black Bears,Maine,Maine,,7,15,0,0,1,2,1,5,6,0,0,0,0,4,15,true,false,false,true,,M. Peterson,,Not Available,NA,Maine Black Bears,s:40~l:54~t:311,maine-black-bears,https://a.espncdn.com/i/teamlogos/ncaa/500/311.png,MAINE,127dbe,,away,false,50,2641,Lady Raiders,Texas Tech,Texas Tech Lady Raiders,TTU,https://a.espncdn.com/i/teamlogos/ncaa/500/2641.png,C80025,231f20,60
244000005,2004,3,2004-03-20,2004-03-20T21:00:00.000000-0500,1046,Heather Ernest,311,Black Bears,Maine,Maine,,1,8,0,0,1,4,2,3,5,0,0,0,0,3,3,true,false,false,true,,H. Ernest,,Not Available,NA,Maine Black Bears,s:40~l:54~t:311,maine-black-bears,https://a.espncdn.com/i/teamlogos/ncaa/500/311.png,MAINE,127dbe,,away,false,50,2641,Lady Raiders,Texas Tech,Texas Tech Lady Raiders,TTU,https://a.espncdn.com/i/teamlogos/ncaa/500/2641.png,C80025,231f20,60
244000005,2004,3,2004-03-20,2004-03-20T21:00:00.000000-0500,1049,Melissa Heon,311,Black Bears,Maine,Maine,,0,4,0,0,2,2,1,4,5,0,0,0,0,5,2,true,false,false,true,,M. Heon,,Not Available,NA,Maine Black Bears,s:40~l:54~t:311,maine-black-bears,https://a.espncdn.com/i/teamlogos/ncaa/500/311.png,MAINE,127dbe,,away,false,50,2641,Lady Raiders,Texas Tech,Texas Tech Lady Raiders,TTU,https://a.espncdn.com/i/teamlogos/ncaa/500/2641.png,C80025,231f20,60
244000005,2004,3,2004-03-20,2004-03-20T21:00:00.000000-0500,1044,Kim Corbitt,311,Black Bears,Maine,Maine,,1,3,0,1,0,1,2,2,4,0,0,0,0,1,2,true,false,false,true,,K. Corbitt,,Not Available,NA,Maine Black Bears,s:40~l:54~t:311,maine-black-bears,https://a.espncdn.com/i/teamlogos/ncaa/500/311.png,MAINE,127dbe,,away,false,50,2641,Lady Raiders,Texas Tech,Texas Tech Lady Raiders,TTU,https://a.espncdn.com/i/teamlogos/ncaa/500/2641.png,C80025,231f20,60
244000005,2004,3,2004-03-20,2004-03-20T21:00:00.000000-0500,2528,Chesley Dabbs,2641,Lady Raiders,Texas Tech,Texas Tech,,3,11,0,0,0,0,2,1,3,0,0,0,0,2,6,true,false,false,true,,C. Dabbs,,Not Available,NA,Texas Tech Lady Raiders,s:40~l:54~t:2641,texas-tech-lady-raiders,https://a.espncdn.com/i/teamlogos/ncaa/500/2641.png,TTU,C80025,231f20,home,true,60,311,Black Bears,Maine,Maine Black Bears,MAINE,https://a.espncdn.com/i/teamlogos/ncaa/500/311.png,127dbe,,50
244000005,2004,3,2004-03-20,2004-03-20T21:00:00.000000-0500,2068,Casey Jackson,2641,Lady Raiders,Texas Tech,Texas Tech,,5,9,0,0,3,5,4,6,10,0,0,0,0,1,13,true,false,false,true,,C. Jackson,,Not Available,NA,Texas Tech Lady Raiders,s:40~l:54~t:2641,texas-tech-lady-raiders,https://a.espncdn.com/i/teamlogos/ncaa/500/2641.png,TTU,C80025,231f20,home,true,60,311,Black Bears,Maine,Maine Black Bears,MAINE,https://a.espncdn.com/i/teamlogos/ncaa/500/311.png,127dbe,,50
244000005,2004,3,2004-03-20,2004-03-20T21:00:00.000000-0500,2064,Jolee Ayers-Curry,2641,Lady Raiders,Texas Tech,Texas Tech,,1,3,0,0,0,0,1,1,2,0,0,0,0,1,2,true,false,false,true,,J. Ayers-Curry,,Not Available,NA,Texas Tech Lady Raiders,s:40~l:54~t:2641,texas-tech-lady-raiders,https://a.espncdn.com/i/teamlogos/ncaa/500/2641.png,TTU,C80025,231f20,home,true,60,311,Black Bears,Maine,Maine Black Bears,MAINE,https://a.espncdn.com/i/teamlogos/ncaa/500/311.png,127dbe,,50
244000005,2004,3,2004-03-20,2004-03-20T21:00:00.000000-0500,2423,Erin Grant,2641,Lady Raiders,Texas Tech,Texas Tech,,0,4,0,1,4,4,0,2,2,0,0,0,0,2,4,true,false,false,true,,E. Grant,,Not Available,NA,Texas Tech Lady Raiders,s:40~l:54~t:2641,texas-tech-lady-raiders,https://a.espncdn.com/i/teamlogos/ncaa/500/2641.png,TTU,C80025,231f20,home,true,60,311,Black Bears,Maine,Maine Black Bears,MAINE,https://a.espncdn.com/i/teamlogos/ncaa/500/311.png,127dbe,,50
244000005,2004,3,2004-03-20,2004-03-20T21:00:00.000000-0500,2070,Natalie Ritchie,2641,Lady Raiders,Texas Tech,Texas Tech,,0,4,0,3,3,4,0,3,3,0,0,0,0,1,3,true,false,false,true,,N. Ritchie,,Not Available,NA,Texas Tech Lady Raiders,s:40~l:54~t:2641,texas-tech-lady-raiders,https://a.espncdn.com/i/teamlogos/ncaa/500/2641.png,TTU,C80025,231f20,home,true,60,311,Black Bears,Maine,Maine Black Bears,MAINE,https://a.espncdn.com/i/teamlogos/ncaa/500/311.png,127dbe,,50
244000054,2004,3,2004-03-20,2004-03-20T23:30:00.000000-0500,1762,Lindsay Taylor,2540,Gauchos,UC Santa Barbara,UCSB,,4,7,0,1,1,2,0,2,2,0,0,0,0,4,9,true,false,false,true,,L. Taylor,,Not Available,NA,UC Santa Barbara Gauchos,s:40~l:54~t:2540,uc-santa-barbara-gauchos,https://a.espncdn.com/i/teamlogos/ncaa/500/2540.png,UCSB,1D1160,fdb813,away,true,76,38,Buffaloes,Colorado,Colorado Buffaloes,COLO,https://a.espncdn.com/i/teamlogos/ncaa/500/38.png,000000,cfb87c,49
244000054,2004,3,2004-03-20,2004-03-20T23:30:00.000000-0500,1761,Brandy Richardson,2540,Gauchos,UC Santa Barbara,UCSB,,1,3,0,0,2,2,1,2,3,0,0,0,0,2,4,true,false,false,true,,B. Richardson,,Not Available,NA,UC Santa Barbara Gauchos,s:40~l:54~t:2540,uc-santa-barbara-gauchos,https://a.espncdn.com/i/teamlogos/ncaa/500/2540.png,UCSB,1D1160,fdb813,away,true,76,38,Buffaloes,Colorado,Colorado Buffaloes,COLO,https://a.espncdn.com/i/teamlogos/ncaa/500/38.png,000000,cfb87c,49
244000054,2004,3,2004-03-20,2004-03-20T23:30:00.000000-0500,1760,Kristen Mann,2540,Gauchos,UC Santa Barbara,UCSB,,6,13,1,3,3,3,0,4,4,0,0,0,0,0,16,true,false,false,true,,K. Mann,,Not Available,NA,UC Santa Barbara Gauchos,s:40~l:54~t:2540,uc-santa-barbara-gauchos,https://a.espncdn.com/i/teamlogos/ncaa/500/2540.png,UCSB,1D1160,fdb813,away,true,76,38,Buffaloes,Colorado,Colorado Buffaloes,COLO,https://a.espncdn.com/i/teamlogos/ncaa/500/38.png,000000,cfb87c,49
244000054,2004,3,2004-03-20,2004-03-20T23:30:00.000000-0500,3312,April McDivitt Schilling,2540,Gauchos,UC Santa Barbara,UCSB,,5,10,1,4,3,4,0,2,2,0,0,0,0,1,14,true,false,false,true,,A. McDivitt Schilling,,Not Available,NA,UC Santa Barbara Gauchos,s:40~l:54~t:2540,uc-santa-barbara-gauchos,https://a.espncdn.com/i/teamlogos/ncaa/500/2540.png,UCSB,1D1160,fdb813,away,true,76,38,Buffaloes,Colorado,Colorado Buffaloes,COLO,https://a.espncdn.com/i/teamlogos/ncaa/500/38.png,000000,cfb87c,49
244000054,2004,3,2004-03-20,2004-03-20T23:30:00.000000-0500,1759,Mia Fisher,2540,Gauchos,UC Santa Barbara,UCSB,,5,8,0,0,10,11,2,2,4,0,0,0,0,2,20,true,false,false,true,,M. Fisher,,Not Available,NA,UC Santa Barbara Gauchos,s:40~l:54~t:2540,uc-santa-barbara-gauchos,https://a.espncdn.com/i/teamlogos/ncaa/500/2540.png,UCSB,1D1160,fdb813,away,true,76,38,Buffaloes,Colorado,Colorado Buffaloes,COLO,https://a.espncdn.com/i/teamlogos/ncaa/500/38.png,000000,cfb87c,49
244000054,2004,3,2004-03-20,2004-03-20T23:30:00.000000-0500,296,Tera Bjorklund,38,Buffaloes,Colorado,Colorado,,4,9,0,0,7,10,1,5,6,0,0,0,0,4,15,true,false,false,true,,T. Bjorklund,,Not Available,NA,Colorado Buffaloes,s:40~l:54~t:38,colorado-buffaloes,https://a.espncdn.com/i/teamlogos/ncaa/500/38.png,COLO,000000,cfb87c,home,false,49,2540,Gauchos,UC Santa Barbara,UC Santa Barbara Gauchos,UCSB,https://a.espncdn.com/i/teamlogos/ncaa/500/2540.png,1D1160,fdb813,76
244000054,2004,3,2004-03-20,2004-03-20T23:30:00.000000-0500,2407,Amber Metoyer,38,Buffaloes,Colorado,Colorado,,2,3,0,0,0,0,0,4,4,0,0,0,0,1,4,true,false,false,true,,A. Metoyer,,Not Available,NA,Colorado Buffaloes,s:40~l:54~t:38,colorado-buffaloes,https://a.espncdn.com/i/teamlogos/ncaa/500/38.png,COLO,000000,cfb87c,home,false,49,2540,Gauchos,UC Santa Barbara,UC Santa Barbara Gauchos,UCSB,https://a.espncdn.com/i/teamlogos/ncaa/500/2540.png,1D1160,fdb813,76
244000054,2004,3,2004-03-20,2004-03-20T23:30:00.000000-0500,301,Randie Wirt,38,Buffaloes,Colorado,Colorado,,2,4,0,0,8,10,0,1,1,0,0,0,0,2,12,true,false,false,true,,R. Wirt,,Not Available,NA,Colorado Buffaloes,s:40~l:54~t:38,colorado-buffaloes,https://a.espncdn.com/i/teamlogos/ncaa/500/38.png,COLO,000000,cfb87c,home,false,49,2540,Gauchos,UC Santa Barbara,UC Santa Barbara Gauchos,UCSB,https://a.espncdn.com/i/teamlogos/ncaa/500/2540.png,1D1160,fdb813,76
244000054,2004,3,2004-03-20,2004-03-20T23:30:00.000000-0500,3772,Emily Waner,38,Buffaloes,Colorado,Colorado,,1,10,0,4,0,0,1,3,4,0,0,0,0,2,2,true,false,false,true,,E. Waner,,Not Available,NA,Colorado Buffaloes,s:40~l:54~t:38,colorado-buffaloes,https://a.espncdn.com/i/teamlogos/ncaa/500/38.png,COLO,000000,cfb87c,home,false,49,2540,Gauchos,UC Santa Barbara,UC Santa Barbara Gauchos,UCSB,https://a.espncdn.com/i/teamlogos/ncaa/500/2540.png,1D1160,fdb813,76
244000054,2004,3,2004-03-20,2004-03-20T23:30:00.000000-0500,297,Kate Fagan,38,Buffaloes,Colorado,Colorado,,0,3,0,2,3,4,0,1,1,0,0,0,0,2,3,true,false,false,true,,K. Fagan,,Not Available,NA,Colorado Buffaloes,s:40~l:54~t:38,colorado-buffaloes,https://a.espncdn.com/i/teamlogos/ncaa/500/38.png,COLO,000000,cfb87c,home,false,49,2540,Gauchos,UC Santa Barbara,UC Santa Barbara Gauchos,UCSB,https://a.espncdn.com/i/teamlogos/ncaa/500/2540.png,1D1160,fdb813,76
244000023,2004,3,2004-03-20,2004-03-20T23:30:00.000000-0500,1201,Megan Roney,142,Tigers,Missouri,Missouri,,0,0,0,0,0,0,0,0,0,0,0,0,0,1,0,true,false,false,true,,M. Roney,,Not Available,NA,Missouri Tigers,s:40~l:54~t:142,missouri-tigers,https://a.espncdn.com/i/teamlogos/ncaa/500/142.png,MIZ,f1b82d,000000,away,false,44,24,Cardinal,Stanford,Stanford Cardinal,STAN,https://a.espncdn.com/i/teamlogos/ncaa/500/24.png,8c1515,ffffff,68
244000023,2004,3,2004-03-20,2004-03-20T23:30:00.000000-0500,3596,Stretch James,142,Tigers,Missouri,Missouri,,8,8,0,0,4,4,1,0,1,0,0,0,0,0,20,true,false,false,true,,S. James,,Not Available,NA,Missouri Tigers,s:40~l:54~t:142,missouri-tigers,https://a.espncdn.com/i/teamlogos/ncaa/500/142.png,MIZ,f1b82d,000000,away,false,44,24,Cardinal,Stanford,Stanford Cardinal,STAN,https://a.espncdn.com/i/teamlogos/ncaa/500/24.png,8c1515,ffffff,68
244000023,2004,3,2004-03-20,2004-03-20T23:30:00.000000-0500,1202,Evan Unrau,142,Tigers,Missouri,Missouri,,4,4,1,1,1,1,0,0,0,0,0,0,0,0,10,true,false,false,true,,E. Unrau,,Not Available,NA,Missouri Tigers,s:40~l:54~t:142,missouri-tigers,https://a.espncdn.com/i/teamlogos/ncaa/500/142.png,MIZ,f1b82d,000000,away,false,44,24,Cardinal,Stanford,Stanford Cardinal,STAN,https://a.espncdn.com/i/teamlogos/ncaa/500/24.png,8c1515,ffffff,68
244000023,2004,3,2004-03-20,2004-03-20T23:30:00.000000-0500,3597,MyEsha Perkins,142,Tigers,Missouri,Missouri,,2,3,1,1,0,0,0,0,0,0,0,0,0,0,5,true,false,false,true,,M. Perkins,,Not Available,NA,Missouri Tigers,s:40~l:54~t:142,missouri-tigers,https://a.espncdn.com/i/teamlogos/ncaa/500/142.png,MIZ,f1b82d,000000,away,false,44,24,Cardinal,Stanford,Stanford Cardinal,STAN,https://a.espncdn.com/i/teamlogos/ncaa/500/24.png,8c1515,ffffff,68
244000023,2004,3,2004-03-20,2004-03-20T23:30:00.000000-0500,2394,LaToya Bond,142,Tigers,Missouri,Missouri,,2,2,0,0,0,0,0,0,0,0,0,0,0,0,4,true,false,false,true,,L. Bond,,Not Available,NA,Missouri Tigers,s:40~l:54~t:142,missouri-tigers,https://a.espncdn.com/i/teamlogos/ncaa/500/142.png,MIZ,f1b82d,000000,away,false,44,24,Cardinal,Stanford,Stanford Cardinal,STAN,https://a.espncdn.com/i/teamlogos/ncaa/500/24.png,8c1515,ffffff,68
244000023,2004,3,2004-03-20,2004-03-20T23:30:00.000000-0500,3918,Kristen Newlin,24,Cardinal,Stanford,Stanford,,1,1,0,0,2,2,0,0,0,0,0,0,0,0,4,true,false,false,true,,K. Newlin,,Not Available,NA,Stanford Cardinal,s:40~l:54~t:24,stanford-cardinal,https://a.espncdn.com/i/teamlogos/ncaa/500/24.png,STAN,8c1515,ffffff,home,true,68,142,Tigers,Missouri,Missouri Tigers,MIZ,https://a.espncdn.com/i/teamlogos/ncaa/500/142.png,f1b82d,000000,44
244000023,2004,3,2004-03-20,2004-03-20T23:30:00.000000-0500,1936,T'Nae Thiel,24,Cardinal,Stanford,Stanford,,6,6,1,1,2,3,0,0,0,0,0,0,0,0,15,true,false,false,true,,T. Thiel,,Not Available,NA,Stanford Cardinal,s:40~l:54~t:24,stanford-cardinal,https://a.espncdn.com/i/teamlogos/ncaa/500/24.png,STAN,8c1515,ffffff,home,true,68,142,Tigers,Missouri,Missouri Tigers,MIZ,https://a.espncdn.com/i/teamlogos/ncaa/500/142.png,f1b82d,000000,44
244000023,2004,3,2004-03-20,2004-03-20T23:30:00.000000-0500,1934,Nicole Powell,24,Cardinal,Stanford,Stanford,,5,5,2,2,0,0,0,0,0,0,0,0,0,0,12,true,false,false,true,,N. Powell,,Not Available,NA,Stanford Cardinal,s:40~l:54~t:24,stanford-cardinal,https://a.espncdn.com/i/teamlogos/ncaa/500/24.png,STAN,8c1515,ffffff,home,true,68,142,Tigers,Missouri,Missouri Tigers,MIZ,https://a.espncdn.com/i/teamlogos/ncaa/500/142.png,f1b82d,000000,44
244000023,2004,3,2004-03-20,2004-03-20T23:30:00.000000-0500,1935,Kelley Suminski,24,Cardinal,Stanford,Stanford,,4,4,1,1,1,1,0,0,0,0,0,0,0,0,10,true,false,false,true,,K. Suminski,,Not Available,NA,Stanford Cardinal,s:40~l:54~t:24,stanford-cardinal,https://a.espncdn.com/i/teamlogos/ncaa/500/24.png,STAN,8c1515,ffffff,home,true,68,142,Tigers,Missouri,Missouri Tigers,MIZ,https://a.espncdn.com/i/teamlogos/ncaa/500/142.png,f1b82d,000000,44
244000023,2004,3,2004-03-20,2004-03-20T23:30:00.000000-0500,1932,Susan Borchardt,24,Cardinal,Stanford,Stanford,,5,5,4,4,5,5,0,0,0,0,0,0,0,0,19,true,false,false,true,,S. Borchardt,,Not Available,NA,Stanford Cardinal,s:40~l:54~t:24,stanford-cardinal,https://a.espncdn.com/i/teamlogos/ncaa/500/24.png,STAN,8c1515,ffffff,home,true,68,142,Tigers,Missouri,Missouri Tigers,MIZ,https://a.espncdn.com/i/teamlogos/ncaa/500/142.png,f1b82d,000000,44
244000020,2004,3,2004-03-20,2004-03-20T23:30:00.000000-0500,1024,Adrianne Slaughter,2351,Lions,Loyola Marymount,LMU,,0,4,0,0,1,4,0,4,4,0,0,0,0,4,1,true,false,false,true,,A. Slaughter,,Not Available,NA,Loyola Marymount Lions,s:40~l:54~t:2351,loyola-marymount-lions,https://a.espncdn.com/i/teamlogos/ncaa/500/2351.png,LMU,880029,00345b,away,false,60,239,Bears,Baylor,Baylor Bears,BAY,https://a.espncdn.com/i/teamlogos/ncaa/500/239.png,154734,ffb81c,71
244000020,2004,3,2004-03-20,2004-03-20T23:30:00.000000-0500,3445,Bianca Ziemann,2351,Lions,Loyola Marymount,LMU,,2,5,1,1,0,0,0,1,1,0,0,0,0,2,5,true,false,false,true,,B. Ziemann,,Not Available,NA,Loyola Marymount Lions,s:40~l:54~t:2351,loyola-marymount-lions,https://a.espncdn.com/i/teamlogos/ncaa/500/2351.png,LMU,880029,00345b,away,false,60,239,Bears,Baylor,Baylor Bears,BAY,https://a.espncdn.com/i/teamlogos/ncaa/500/239.png,154734,ffb81c,71
244000020,2004,3,2004-03-20,2004-03-20T23:30:00.000000-0500,1025,Mary Turner,2351,Lions,Loyola Marymount,LMU,,2,3,1,2,3,4,1,0,1,0,0,0,0,2,8,true,false,false,true,,M. Turner,,Not Available,NA,Loyola Marymount Lions,s:40~l:54~t:2351,loyola-marymount-lions,https://a.espncdn.com/i/teamlogos/ncaa/500/2351.png,LMU,880029,00345b,away,false,60,239,Bears,Baylor,Baylor Bears,BAY,https://a.espncdn.com/i/teamlogos/ncaa/500/239.png,154734,ffb81c,71
244000020,2004,3,2004-03-20,2004-03-20T23:30:00.000000-0500,1023,Raelen Self,2351,Lions,Loyola Marymount,LMU,,0,5,0,4,0,0,0,3,3,0,0,0,0,0,0,true,false,false,true,,R. Self,,Not Available,NA,Loyola Marymount Lions,s:40~l:54~t:2351,loyola-marymount-lions,https://a.espncdn.com/i/teamlogos/ncaa/500/2351.png,LMU,880029,00345b,away,false,60,239,Bears,Baylor,Baylor Bears,BAY,https://a.espncdn.com/i/teamlogos/ncaa/500/239.png,154734,ffb81c,71
244000020,2004,3,2004-03-20,2004-03-20T23:30:00.000000-0500,1022,Kate Murray,2351,Lions,Loyola Marymount,LMU,,9,17,4,7,5,6,1,4,5,0,0,0,0,2,27,true,false,false,true,,K. Murray,,Not Available,NA,Loyola Marymount Lions,s:40~l:54~t:2351,loyola-marymount-lions,https://a.espncdn.com/i/teamlogos/ncaa/500/2351.png,LMU,880029,00345b,away,false,60,239,Bears,Baylor,Baylor Bears,BAY,https://a.espncdn.com/i/teamlogos/ncaa/500/239.png,154734,ffb81c,71
244000020,2004,3,2004-03-20,2004-03-20T23:30:00.000000-0500,2719,Abiola Wabara,239,Bears,Baylor,Baylor,,1,3,0,0,0,0,1,1,2,0,0,0,0,2,2,true,false,false,true,,A. Wabara,,Not Available,NA,Baylor Bears,s:40~l:54~t:239,baylor-bears,https://a.espncdn.com/i/teamlogos/ncaa/500/239.png,BAY,154734,ffb81c,home,true,71,2351,Lions,Loyola Marymount,Loyola Marymount Lions,LMU,https://a.espncdn.com/i/teamlogos/ncaa/500/2351.png,880029,00345b,60
244000020,2004,3,2004-03-20,2004-03-20T23:30:00.000000-0500,2428,Sophia Young-Malcolm,239,Bears,Baylor,Baylor,,9,16,0,0,6,8,2,6,8,0,0,0,0,2,24,true,false,false,true,,S. Young-Malcolm,,Not Available,NA,Baylor Bears,s:40~l:54~t:239,baylor-bears,https://a.espncdn.com/i/teamlogos/ncaa/500/239.png,BAY,154734,ffb81c,home,true,71,2351,Lions,Loyola Marymount,Loyola Marymount Lions,LMU,https://a.espncdn.com/i/teamlogos/ncaa/500/2351.png,880029,00345b,60
244000020,2004,3,2004-03-20,2004-03-20T23:30:00.000000-0500,2065,Dionne Brown,239,Bears,Baylor,Baylor,,6,11,0,0,3,5,2,3,5,0,0,0,0,3,15,true,false,false,true,,D. Brown,,Not Available,NA,Baylor Bears,s:40~l:54~t:239,baylor-bears,https://a.espncdn.com/i/teamlogos/ncaa/500/239.png,BAY,154734,ffb81c,home,true,71,2351,Lions,Loyola Marymount,Loyola Marymount Lions,LMU,https://a.espncdn.com/i/teamlogos/ncaa/500/2351.png,880029,00345b,60
244000020,2004,3,2004-03-20,2004-03-20T23:30:00.000000-0500,124,Chelsea Whitaker,239,Bears,Baylor,Baylor,,3,8,0,0,0,0,0,5,5,0,0,0,0,1,6,true,false,false,true,,C. Whitaker,,Not Available,NA,Baylor Bears,s:40~l:54~t:239,baylor-bears,https://a.espncdn.com/i/teamlogos/ncaa/500/239.png,BAY,154734,ffb81c,home,true,71,2351,Lions,Loyola Marymount,Loyola Marymount Lions,LMU,https://a.espncdn.com/i/teamlogos/ncaa/500/2351.png,880029,00345b,60
244000020,2004,3,2004-03-20,2004-03-20T23:30:00.000000-0500,122,Jessika Stratton,239,Bears,Baylor,Baylor,,1,9,1,3,7,9,2,1,3,0,0,0,0,2,10,true,false,false,true,,J. Stratton,,Not Available,NA,Baylor Bears,s:40~l:54~t:239,baylor-bears,https://a.espncdn.com/i/teamlogos/ncaa/500/239.png,BAY,154734,ffb81c,home,true,71,2351,Lions,Loyola Marymount,Loyola Marymount Lions,LMU,https://a.espncdn.com/i/teamlogos/ncaa/500/2351.png,880029,00345b,60
244000004,2004,3,2004-03-20,2004-03-20T23:30:00.000000-0500,4270,Hollie Tyler,149,Lady Griz,Montana,Montana,,5,21,0,1,3,4,3,6,9,0,0,0,0,2,13,true,false,false,true,,H. Tyler,,Not Available,NA,Montana Lady Griz,s:40~l:54~t:149,montana-lady-griz,https://a.espncdn.com/i/teamlogos/ncaa/500/149.png,MONT,751D4A,666666,away,false,77,2348,Lady Techsters,Louisiana Tech,Louisiana Tech Lady Techsters,LT,https://a.espncdn.com/i/teamlogos/ncaa/500/2348.png,002d65,d3313a,81
244000004,2004,3,2004-03-20,2004-03-20T23:30:00.000000-0500,4260,Julie Deming,149,Lady Griz,Montana,Montana,,10,14,1,2,6,7,0,4,4,0,0,0,0,4,27,true,false,false,true,,J. Deming,,Not Available,NA,Montana Lady Griz,s:40~l:54~t:149,montana-lady-griz,https://a.espncdn.com/i/teamlogos/ncaa/500/149.png,MONT,751D4A,666666,away,false,77,2348,Lady Techsters,Louisiana Tech,Louisiana Tech Lady Techsters,LT,https://a.espncdn.com/i/teamlogos/ncaa/500/2348.png,002d65,d3313a,81
244000004,2004,3,2004-03-20,2004-03-20T23:30:00.000000-0500,4266,Brooklynn Lorenzen,149,Lady Griz,Montana,Montana,,0,4,0,0,4,4,0,4,4,0,0,0,0,4,4,true,false,false,true,,B. Lorenzen,,Not Available,NA,Montana Lady Griz,s:40~l:54~t:149,montana-lady-griz,https://a.espncdn.com/i/teamlogos/ncaa/500/149.png,MONT,751D4A,666666,away,false,77,2348,Lady Techsters,Louisiana Tech,Louisiana Tech Lady Techsters,LT,https://a.espncdn.com/i/teamlogos/ncaa/500/2348.png,002d65,d3313a,81
244000004,2004,3,2004-03-20,2004-03-20T23:30:00.000000-0500,4265,Juliann Keller,149,Lady Griz,Montana,Montana,,1,4,0,1,1,2,2,1,3,0,0,0,0,2,3,true,false,false,true,,J. Keller,,Not Available,NA,Montana Lady Griz,s:40~l:54~t:149,montana-lady-griz,https://a.espncdn.com/i/teamlogos/ncaa/500/149.png,MONT,751D4A,666666,away,false,77,2348,Lady Techsters,Louisiana Tech,Louisiana Tech Lady Techsters,LT,https://a.espncdn.com/i/teamlogos/ncaa/500/2348.png,002d65,d3313a,81
244000004,2004,3,2004-03-20,2004-03-20T23:30:00.000000-0500,4262,Katie Edwards,149,Lady Griz,Montana,Montana,,6,12,5,7,2,4,1,1,2,0,0,0,0,2,19,true,false,false,true,,K. Edwards,,Not Available,NA,Montana Lady Griz,s:40~l:54~t:149,montana-lady-griz,https://a.espncdn.com/i/teamlogos/ncaa/500/149.png,MONT,751D4A,666666,away,false,77,2348,Lady Techsters,Louisiana Tech,Louisiana Tech Lady Techsters,LT,https://a.espncdn.com/i/teamlogos/ncaa/500/2348.png,002d65,d3313a,81
244000004,2004,3,2004-03-20,2004-03-20T23:30:00.000000-0500,2412,Amisha Carter,2348,Lady Techsters,Louisiana Tech,Louisiana Tech,,2,7,0,0,3,4,4,4,8,0,0,0,0,5,7,true,false,false,true,,A. Carter,,Not Available,NA,Louisiana Tech Lady Techsters,s:40~l:54~t:2348,louisiana-tech-lady-techsters,https://a.espncdn.com/i/teamlogos/ncaa/500/2348.png,LT,002d65,d3313a,home,true,81,149,Lady Griz,Montana,Montana Lady Griz,MONT,https://a.espncdn.com/i/teamlogos/ncaa/500/149.png,751D4A,666666,77
244000004,2004,3,2004-03-20,2004-03-20T23:30:00.000000-0500,996,Trina Frierson,2348,Lady Techsters,Louisiana Tech,Louisiana Tech,,4,10,0,0,4,5,2,4,6,0,0,0,0,5,12,true,false,false,true,,T. Frierson,,Not Available,NA,Louisiana Tech Lady Techsters,s:40~l:54~t:2348,louisiana-tech-lady-techsters,https://a.espncdn.com/i/teamlogos/ncaa/500/2348.png,LT,002d65,d3313a,home,true,81,149,Lady Griz,Montana,Montana Lady Griz,MONT,https://a.espncdn.com/i/teamlogos/ncaa/500/149.png,751D4A,666666,77
244000004,2004,3,2004-03-20,2004-03-20T23:30:00.000000-0500,2533,Tasha Crain,2348,Lady Techsters,Louisiana Tech,Louisiana Tech,,0,2,0,0,3,4,0,4,4,0,0,0,0,2,3,true,false,false,true,,T. Crain,,Not Available,NA,Louisiana Tech Lady Techsters,s:40~l:54~t:2348,louisiana-tech-lady-techsters,https://a.espncdn.com/i/teamlogos/ncaa/500/2348.png,LT,002d65,d3313a,home,true,81,149,Lady Griz,Montana,Montana Lady Griz,MONT,https://a.espncdn.com/i/teamlogos/ncaa/500/149.png,751D4A,666666,77
244000004,2004,3,2004-03-20,2004-03-20T23:30:00.000000-0500,998,Erica Smith-Taylor,2348,Lady Techsters,Louisiana Tech,Louisiana Tech,,12,19,4,6,6,6,0,6,6,0,0,0,0,5,34,true,false,false,true,,E. Smith-Taylor,,Not Available,NA,Louisiana Tech Lady Techsters,s:40~l:54~t:2348,louisiana-tech-lady-techsters,https://a.espncdn.com/i/teamlogos/ncaa/500/2348.png,LT,002d65,d3313a,home,true,81,149,Lady Griz,Montana,Montana Lady Griz,MONT,https://a.espncdn.com/i/teamlogos/ncaa/500/149.png,751D4A,666666,77
244000004,2004,3,2004-03-20,2004-03-20T23:30:00.000000-0500,997,Amber Obaze,2348,Lady Techsters,Louisiana Tech,Louisiana Tech,,5,15,1,1,2,4,0,3,3,0,0,0,0,3,13,true,false,false,true,,A. Obaze,,Not Available,NA,Louisiana Tech Lady Techsters,s:40~l:54~t:2348,louisiana-tech-lady-techsters,https://a.espncdn.com/i/teamlogos/ncaa/500/2348.png,LT,002d65,d3313a,home,true,81,149,Lady Griz,Montana,Montana Lady Griz,MONT,https://a.espncdn.com/i/teamlogos/ncaa/500/149.png,751D4A,666666,77
