game_id,season,season_type,game_date,game_date_time,athlete_id,athlete_display_name,team_id,team_name,team_location,team_short_display_name,minutes,field_goals_made,field_goals_attempted,three_point_field_goals_made,three_point_field_goals_attempted,free_throws_made,free_throws_attempted,offensive_rebounds,defensive_rebounds,rebounds,assists,steals,blocks,turnovers,fouls,points,starter,ejected,did_not_play,active,athlete_jersey,athlete_short_name,athlete_headshot_href,athlete_position_name,athlete_position_abbreviation,team_display_name,team_uid,team_slug,team_logo,team_abbreviation,team_color,team_alternate_color,home_away,team_winner,team_score,opponent_team_id,opponent_team_name,opponent_team_location,opponent_team_display_name,opponent_team_abbreviation,opponent_team_logo,opponent_team_color,opponent_team_alternate_color,opponent_team_score
254000063,2005,3,2005-04-05,2005-04-05T20:30:00.000000-0400,2719,Abiola Wabara,239,Bears,Baylor,Baylor,,0,1,0,1,0,0,0,2,2,0,0,0,0,1,0,true,false,false,true,,A. Wabara,,Not Available,NA,Baylor Bears,s:40~l:54~t:239,baylor-bears,https://a.espncdn.com/i/teamlogos/ncaa/500/239.png,BAY,154734,ffb81c,away,true,84,127,Spartans,Michigan State,Michigan State Spartans,MSU,https://a.espncdn.com/i/teamlogos/ncaa/500/127.png,18453B,ffffff,62
254000063,2005,3,2005-04-05,2005-04-05T20:30:00.000000-0400,2428,Sophia Young-Malcolm,239,Bears,Baylor,Baylor,,10,18,0,0,5,8,3,3,6,0,0,0,0,1,25,true,false,false,true,,S. Young-Malcolm,,Not Available,NA,Baylor Bears,s:40~l:54~t:239,baylor-bears,https://a.espncdn.com/i/teamlogos/ncaa/500/239.png,BAY,154734,ffb81c,away,true,84,127,Spartans,Michigan State,Michigan State Spartans,MSU,https://a.espncdn.com/i/teamlogos/ncaa/500/127.png,18453B,ffffff,62
254000063,2005,3,2005-04-05,2005-04-05T20:30:00.000000-0400,121,Steffanie Blackmon,239,Bears,Baylor,Baylor,,8,16,0,0,6,8,2,5,7,0,0,0,0,2,22,true,false,false,true,,S. Blackmon,,Not Available,NA,Baylor Bears,s:40~l:54~t:239,baylor-bears,https://a.espncdn.com/i/teamlogos/ncaa/500/239.png,BAY,154734,ffb81c,away,true,84,127,Spartans,Michigan State,Michigan State Spartans,MSU,https://a.espncdn.com/i/teamlogos/ncaa/500/127.png,18453B,ffffff,62
254000063,2005,3,2005-04-05,2005-04-05T20:30:00.000000-0400,2427,Chameka Scott,239,Bears,Baylor,Baylor,,3,3,1,1,0,0,1,3,4,0,0,0,0,0,7,true,false,false,true,,C. Scott,,Not Available,NA,Baylor Bears,s:40~l:54~t:239,baylor-bears,https://a.espncdn.com/i/teamlogos/ncaa/500/239.png,BAY,154734,ffb81c,away,true,84,127,Spartans,Michigan State,Michigan State Spartans,MSU,https://a.espncdn.com/i/teamlogos/ncaa/500/127.png,18453B,ffffff,62
254000063,2005,3,2005-04-05,2005-04-05T20:30:00.000000-0400,124,Chelsea Whitaker,239,Bears,Baylor,Baylor,,0,2,0,0,0,1,2,3,5,0,0,0,0,1,0,true,false,false,true,,C. Whitaker,,Not Available,NA,Baylor Bears,s:40~l:54~t:239,baylor-bears,https://a.espncdn.com/i/teamlogos/ncaa/500/239.png,BAY,154734,ffb81c,away,true,84,127,Spartans,Michigan State,Michigan State Spartans,MSU,https://a.espncdn.com/i/teamlogos/ncaa/500/127.png,18453B,ffffff,62
254000063,2005,3,2005-04-05,2005-04-05T20:30:00.000000-0400,1171,Kelli Roehrig,127,Spartans,Michigan State,Michigan St,,3,9,0,0,2,2,0,5,5,0,0,0,0,2,8,true,false,false,true,,K. Roehrig,,Not Available,NA,Michigan State Spartans,s:40~l:54~t:127,michigan-state-spartans,https://a.espncdn.com/i/teamlogos/ncaa/500/127.png,MSU,18453B,ffffff,home,false,62,239,Bears,Baylor,Baylor Bears,BAY,https://a.espncdn.com/i/teamlogos/ncaa/500/239.png,154734,ffb81c,84
254000063,2005,3,2005-04-05,2005-04-05T20:30:00.000000-0400,3299,Liz Shimek,127,Spartans,Michigan State,Michigan St,,3,6,1,2,0,0,1,4,5,0,0,0,0,3,7,true,false,false,true,,L. Shimek,,Not Available,NA,Michigan State Spartans,s:40~l:54~t:127,michigan-state-spartans,https://a.espncdn.com/i/teamlogos/ncaa/500/127.png,MSU,18453B,ffffff,home,false,62,239,Bears,Baylor,Baylor Bears,BAY,https://a.espncdn.com/i/teamlogos/ncaa/500/239.png,154734,ffb81c,84
254000063,2005,3,2005-04-05,2005-04-05T20:30:00.000000-0400,4086,Victoria Lucas-Perry,127,Spartans,Michigan State,Michigan St,,3,6,1,3,0,0,1,1,2,0,0,0,0,3,7,true,false,false,true,,V. Lucas-Perry,,Not Available,NA,Michigan State Spartans,s:40~l:54~t:127,michigan-state-spartans,https://a.espncdn.com/i/teamlogos/ncaa/500/127.png,MSU,18453B,ffffff,home,false,62,239,Bears,Baylor,Baylor Bears,BAY,https://a.espncdn.com/i/teamlogos/ncaa/500/239.png,154734,ffb81c,84
254000063,2005,3,2005-04-05,2005-04-05T20:30:00.000000-0400,3295,Lindsay Bowen,127,Spartans,Michigan State,Michigan St,,5,14,2,9,8,10,1,1,2,0,0,0,0,0,20,true,false,false,true,,L. Bowen,,Not Available,NA,Michigan State Spartans,s:40~l:54~t:127,michigan-state-spartans,https://a.espncdn.com/i/teamlogos/ncaa/500/127.png,MSU,18453B,ffffff,home,false,62,239,Bears,Baylor,Baylor Bears,BAY,https://a.espncdn.com/i/teamlogos/ncaa/500/239.png,154734,ffb81c,84
254000063,2005,3,2005-04-05,2005-04-05T20:30:00.000000-0400,1167,Kristin Haynie,127,Spartans,Michigan State,Michigan St,,7,14,0,3,3,5,1,1,2,0,0,0,0,5,17,true,false,false,true,,K. Haynie,,Not Available,NA,Michigan State Spartans,s:40~l:54~t:127,michigan-state-spartans,https://a.espncdn.com/i/teamlogos/ncaa/500/127.png,MSU,18453B,ffffff,home,false,62,239,Bears,Baylor,Baylor Bears,BAY,https://a.espncdn.com/i/teamlogos/ncaa/500/239.png,154734,ffb81c,84
254000031,2005,3,2005-04-03,2005-04-03T19:00:00.000000-0400,121,Steffanie Blackmon,239,Bears,Baylor,Baylor,,2,8,0,0,3,3,0,2,2,0,0,0,0,2,7,true,false,false,true,,S. Blackmon,,Not Available,NA,Baylor Bears,s:40~l:54~t:239,baylor-bears,https://a.espncdn.com/i/teamlogos/ncaa/500/239.png,BAY,154734,ffb81c,away,true,68,99,Tigers,LSU,LSU Tigers,LSU,https://a.espncdn.com/i/teamlogos/ncaa/500/99.png,461d7c,fdd023,57
254000031,2005,3,2005-04-03,2005-04-03T19:00:00.000000-0400,2719,Abiola Wabara,239,Bears,Baylor,Baylor,,4,6,0,0,4,4,1,4,5,0,0,0,0,2,12,true,false,false,true,,A. Wabara,,Not Available,NA,Baylor Bears,s:40~l:54~t:239,baylor-bears,https://a.espncdn.com/i/teamlogos/ncaa/500/239.png,BAY,154734,ffb81c,away,true,68,99,Tigers,LSU,LSU Tigers,LSU,https://a.espncdn.com/i/teamlogos/ncaa/500/99.png,461d7c,fdd023,57
254000031,2005,3,2005-04-03,2005-04-03T19:00:00.000000-0400,2428,Sophia Young-Malcolm,239,Bears,Baylor,Baylor,,9,22,0,0,3,4,3,7,10,0,0,0,0,2,21,true,false,false,true,,S. Young-Malcolm,,Not Available,NA,Baylor Bears,s:40~l:54~t:239,baylor-bears,https://a.espncdn.com/i/teamlogos/ncaa/500/239.png,BAY,154734,ffb81c,away,true,68,99,Tigers,LSU,LSU Tigers,LSU,https://a.espncdn.com/i/teamlogos/ncaa/500/99.png,461d7c,fdd023,57
254000031,2005,3,2005-04-03,2005-04-03T19:00:00.000000-0400,2427,Chameka Scott,239,Bears,Baylor,Baylor,,2,5,1,3,2,2,3,4,7,0,0,0,0,1,7,true,false,false,true,,C. Scott,,Not Available,NA,Baylor Bears,s:40~l:54~t:239,baylor-bears,https://a.espncdn.com/i/teamlogos/ncaa/500/239.png,BAY,154734,ffb81c,away,true,68,99,Tigers,LSU,LSU Tigers,LSU,https://a.espncdn.com/i/teamlogos/ncaa/500/99.png,461d7c,fdd023,57
254000031,2005,3,2005-04-03,2005-04-03T19:00:00.000000-0400,124,Chelsea Whitaker,239,Bears,Baylor,Baylor,,2,7,0,2,3,5,0,6,6,0,0,0,0,2,7,true,false,false,true,,C. Whitaker,,Not Available,NA,Baylor Bears,s:40~l:54~t:239,baylor-bears,https://a.espncdn.com/i/teamlogos/ncaa/500/239.png,BAY,154734,ffb81c,away,true,68,99,Tigers,LSU,LSU Tigers,LSU,https://a.espncdn.com/i/teamlogos/ncaa/500/99.png,461d7c,fdd023,57
254000031,2005,3,2005-04-03,2005-04-03T19:00:00.000000-0400,1043,Tillie Willis,99,Tigers,LSU,LSU,,0,1,0,0,0,0,1,2,3,0,0,0,0,2,0,true,false,false,true,,T. Willis,,Not Available,NA,LSU Tigers,s:40~l:54~t:99,lsu-tigers,https://a.espncdn.com/i/teamlogos/ncaa/500/99.png,LSU,461d7c,fdd023,home,false,57,239,Bears,Baylor,Baylor Bears,BAY,https://a.espncdn.com/i/teamlogos/ncaa/500/239.png,154734,ffb81c,68
254000031,2005,3,2005-04-03,2005-04-03T19:00:00.000000-0400,1042,Wendlyn Jones,99,Tigers,LSU,LSU,,0,2,0,0,0,0,0,3,3,0,0,0,0,5,0,true,false,false,true,,W. Jones,,Not Available,NA,LSU Tigers,s:40~l:54~t:99,lsu-tigers,https://a.espncdn.com/i/teamlogos/ncaa/500/99.png,LSU,461d7c,fdd023,home,false,57,239,Bears,Baylor,Baylor Bears,BAY,https://a.espncdn.com/i/teamlogos/ncaa/500/239.png,154734,ffb81c,68
254000031,2005,3,2005-04-03,2005-04-03T19:00:00.000000-0400,3715,Scholanda Hoston,99,Tigers,LSU,LSU,,3,8,2,5,0,0,0,2,2,0,0,0,0,1,8,true,false,false,true,,S. Hoston,,Not Available,NA,LSU Tigers,s:40~l:54~t:99,lsu-tigers,https://a.espncdn.com/i/teamlogos/ncaa/500/99.png,LSU,461d7c,fdd023,home,false,57,239,Bears,Baylor,Baylor Bears,BAY,https://a.espncdn.com/i/teamlogos/ncaa/500/239.png,154734,ffb81c,68
254000031,2005,3,2005-04-03,2005-04-03T19:00:00.000000-0400,2635,Seimone Augustus,99,Tigers,LSU,LSU,,10,26,0,3,2,3,2,3,5,0,0,0,0,2,22,true,false,false,true,,S. Augustus,,Not Available,NA,LSU Tigers,s:40~l:54~t:99,lsu-tigers,https://a.espncdn.com/i/teamlogos/ncaa/500/99.png,LSU,461d7c,fdd023,home,false,57,239,Bears,Baylor,Baylor Bears,BAY,https://a.espncdn.com/i/teamlogos/ncaa/500/239.png,154734,ffb81c,68
254000031,2005,3,2005-04-03,2005-04-03T19:00:00.000000-0400,1041,Temeka Johnson,99,Tigers,LSU,LSU,,6,14,1,3,1,3,0,5,5,0,0,0,0,4,14,true,false,false,true,,T. Johnson,,Not Available,NA,LSU Tigers,s:40~l:54~t:99,lsu-tigers,https://a.espncdn.com/i/teamlogos/ncaa/500/99.png,LSU,461d7c,fdd023,home,false,57,239,Bears,Baylor,Baylor Bears,BAY,https://a.espncdn.com/i/teamlogos/ncaa/500/239.png,154734,ffb81c,68
254000062,2005,3,2005-04-03,2005-04-03T21:30:00.000000-0400,1171,Kelli Roehrig,127,Spartans,Michigan State,Michigan St,,6,11,0,0,0,0,1,1,2,0,0,0,0,1,12,true,false,false,true,,K. Roehrig,,Not Available,NA,Michigan State Spartans,s:40~l:54~t:127,michigan-state-spartans,https://a.espncdn.com/i/teamlogos/ncaa/500/127.png,MSU,18453B,ffffff,away,true,68,2633,Lady Volunteers,Tennessee,Tennessee Lady Volunteers,TENN,https://a.espncdn.com/i/teamlogos/ncaa/500/2633_ncw.png,ff8200,ffffff,64
254000062,2005,3,2005-04-03,2005-04-03T21:30:00.000000-0400,3299,Liz Shimek,127,Spartans,Michigan State,Michigan St,,6,11,0,0,2,3,4,8,12,0,0,0,0,1,14,true,false,false,true,,L. Shimek,,Not Available,NA,Michigan State Spartans,s:40~l:54~t:127,michigan-state-spartans,https://a.espncdn.com/i/teamlogos/ncaa/500/127.png,MSU,18453B,ffffff,away,true,68,2633,Lady Volunteers,Tennessee,Tennessee Lady Volunteers,TENN,https://a.espncdn.com/i/teamlogos/ncaa/500/2633_ncw.png,ff8200,ffffff,64
254000062,2005,3,2005-04-03,2005-04-03T21:30:00.000000-0400,4086,Victoria Lucas-Perry,127,Spartans,Michigan State,Michigan St,,4,9,3,4,3,4,2,4,6,0,0,0,0,2,14,true,false,false,true,,V. Lucas-Perry,,Not Available,NA,Michigan State Spartans,s:40~l:54~t:127,michigan-state-spartans,https://a.espncdn.com/i/teamlogos/ncaa/500/127.png,MSU,18453B,ffffff,away,true,68,2633,Lady Volunteers,Tennessee,Tennessee Lady Volunteers,TENN,https://a.espncdn.com/i/teamlogos/ncaa/500/2633_ncw.png,ff8200,ffffff,64
254000062,2005,3,2005-04-03,2005-04-03T21:30:00.000000-0400,3295,Lindsay Bowen,127,Spartans,Michigan State,Michigan St,,5,14,4,9,2,2,0,0,0,0,0,0,0,0,16,true,false,false,true,,L. Bowen,,Not Available,NA,Michigan State Spartans,s:40~l:54~t:127,michigan-state-spartans,https://a.espncdn.com/i/teamlogos/ncaa/500/127.png,MSU,18453B,ffffff,away,true,68,2633,Lady Volunteers,Tennessee,Tennessee Lady Volunteers,TENN,https://a.espncdn.com/i/teamlogos/ncaa/500/2633_ncw.png,ff8200,ffffff,64
254000062,2005,3,2005-04-03,2005-04-03T21:30:00.000000-0400,1167,Kristin Haynie,127,Spartans,Michigan State,Michigan St,,3,8,0,2,0,0,1,8,9,0,0,0,0,3,6,true,false,false,true,,K. Haynie,,Not Available,NA,Michigan State Spartans,s:40~l:54~t:127,michigan-state-spartans,https://a.espncdn.com/i/teamlogos/ncaa/500/127.png,MSU,18453B,ffffff,away,true,68,2633,Lady Volunteers,Tennessee,Tennessee Lady Volunteers,TENN,https://a.espncdn.com/i/teamlogos/ncaa/500/2633_ncw.png,ff8200,ffffff,64
254000062,2005,3,2005-04-03,2005-04-03T21:30:00.000000-0400,4839,Nicky Anosike,2633,Lady Volunteers,Tennessee,Tennessee,,3,10,0,0,1,5,6,6,12,0,0,0,0,2,7,true,false,false,true,,N. Anosike,,Not Available,NA,Tennessee Lady Volunteers,s:40~l:54~t:2633,tennessee-lady-volunteers,https://a.espncdn.com/i/teamlogos/ncaa/500/2633_ncw.png,TENN,ff8200,ffffff,home,false,64,127,Spartans,Michigan State,Michigan State Spartans,MSU,https://a.espncdn.com/i/teamlogos/ncaa/500/127.png,18453B,ffffff,68
254000062,2005,3,2005-04-03,2005-04-03T21:30:00.000000-0400,4840,Alexis Hornbuckle,2633,Lady Volunteers,Tennessee,Tennessee,,7,12,1,2,1,4,4,4,8,0,0,0,0,2,16,true,false,false,true,,A. Hornbuckle,,Not Available,NA,Tennessee Lady Volunteers,s:40~l:54~t:2633,tennessee-lady-volunteers,https://a.espncdn.com/i/teamlogos/ncaa/500/2633_ncw.png,TENN,ff8200,ffffff,home,false,64,127,Spartans,Michigan State,Michigan State Spartans,MSU,https://a.espncdn.com/i/teamlogos/ncaa/500/127.png,18453B,ffffff,68
254000062,2005,3,2005-04-03,2005-04-03T21:30:00.000000-0400,2005,Shyra Ely,2633,Lady Volunteers,Tennessee,Tennessee,,4,14,0,0,1,2,1,8,9,0,0,0,0,3,9,true,false,false,true,,S. Ely,,Not Available,NA,Tennessee Lady Volunteers,s:40~l:54~t:2633,tennessee-lady-volunteers,https://a.espncdn.com/i/teamlogos/ncaa/500/2633_ncw.png,TENN,ff8200,ffffff,home,false,64,127,Spartans,Michigan State,Michigan State Spartans,MSU,https://a.espncdn.com/i/teamlogos/ncaa/500/127.png,18453B,ffffff,68
254000062,2005,3,2005-04-03,2005-04-03T21:30:00.000000-0400,2633,Shanna Zolman,2633,Lady Volunteers,Tennessee,Tennessee,,5,13,1,4,2,2,0,2,2,0,0,0,0,2,13,true,false,false,true,,S. Zolman,,Not Available,NA,Tennessee Lady Volunteers,s:40~l:54~t:2633,tennessee-lady-volunteers,https://a.espncdn.com/i/teamlogos/ncaa/500/2633_ncw.png,TENN,ff8200,ffffff,home,false,64,127,Spartans,Michigan State,Michigan State Spartans,MSU,https://a.espncdn.com/i/teamlogos/ncaa/500/127.png,18453B,ffffff,68
254000062,2005,3,2005-04-03,2005-04-03T21:30:00.000000-0400,2006,Loree Moore,2633,Lady Volunteers,Tennessee,Tennessee,,5,8,1,2,0,0,4,2,6,0,0,0,0,2,11,true,false,false,true,,L. Moore,,Not Available,NA,Tennessee Lady Volunteers,s:40~l:54~t:2633,tennessee-lady-volunteers,https://a.espncdn.com/i/teamlogos/ncaa/500/2633_ncw.png,TENN,ff8200,ffffff,home,false,64,127,Spartans,Michigan State,Michigan State Spartans,MSU,https://a.espncdn.com/i/teamlogos/ncaa/500/127.png,18453B,ffffff,68
254000046,2005,3,2005-03-29,2005-03-29T19:00:00.000000-0500,3914,Brooke Smith,24,Cardinal,Stanford,Stanford,,8,10,0,0,0,0,0,6,6,0,0,0,0,3,16,true,false,false,true,,B. Smith,,Not Available,NA,Stanford Cardinal,s:40~l:54~t:24,stanford-cardinal,https://a.espncdn.com/i/teamlogos/ncaa/500/24.png,STAN,8c1515,ffffff,away,false,69,127,Spartans,Michigan State,Michigan State Spartans,MSU,https://a.espncdn.com/i/teamlogos/ncaa/500/127.png,18453B,ffffff,76
254000046,2005,3,2005-03-29,2005-03-29T19:00:00.000000-0500,1933,Azella Perryman,24,Cardinal,Stanford,Stanford,,0,2,0,0,2,2,0,3,3,0,0,0,0,1,2,true,false,false,true,,A. Perryman,,Not Available,NA,Stanford Cardinal,s:40~l:54~t:24,stanford-cardinal,https://a.espncdn.com/i/teamlogos/ncaa/500/24.png,STAN,8c1515,ffffff,away,false,69,127,Spartans,Michigan State,Michigan State Spartans,MSU,https://a.espncdn.com/i/teamlogos/ncaa/500/127.png,18453B,ffffff,76
254000046,2005,3,2005-03-29,2005-03-29T19:00:00.000000-0500,4896,Candice Wiggins,24,Cardinal,Stanford,Stanford,,6,12,2,6,5,5,2,6,8,0,0,0,0,1,19,true,false,false,true,,C. Wiggins,,Not Available,NA,Stanford Cardinal,s:40~l:54~t:24,stanford-cardinal,https://a.espncdn.com/i/teamlogos/ncaa/500/24.png,STAN,8c1515,ffffff,away,false,69,127,Spartans,Michigan State,Michigan State Spartans,MSU,https://a.espncdn.com/i/teamlogos/ncaa/500/127.png,18453B,ffffff,76
254000046,2005,3,2005-03-29,2005-03-29T19:00:00.000000-0500,1935,Kelley Suminski,24,Cardinal,Stanford,Stanford,,5,15,1,9,0,0,0,2,2,0,0,0,0,2,11,true,false,false,true,,K. Suminski,,Not Available,NA,Stanford Cardinal,s:40~l:54~t:24,stanford-cardinal,https://a.espncdn.com/i/teamlogos/ncaa/500/24.png,STAN,8c1515,ffffff,away,false,69,127,Spartans,Michigan State,Michigan State Spartans,MSU,https://a.espncdn.com/i/teamlogos/ncaa/500/127.png,18453B,ffffff,76
254000046,2005,3,2005-03-29,2005-03-29T19:00:00.000000-0500,1932,Susan Borchardt,24,Cardinal,Stanford,Stanford,,3,7,3,6,0,0,0,1,1,0,0,0,0,2,9,true,false,false,true,,S. Borchardt,,Not Available,NA,Stanford Cardinal,s:40~l:54~t:24,stanford-cardinal,https://a.espncdn.com/i/teamlogos/ncaa/500/24.png,STAN,8c1515,ffffff,away,false,69,127,Spartans,Michigan State,Michigan State Spartans,MSU,https://a.espncdn.com/i/teamlogos/ncaa/500/127.png,18453B,ffffff,76
254000046,2005,3,2005-03-29,2005-03-29T19:00:00.000000-0500,3299,Liz Shimek,127,Spartans,Michigan State,Michigan St,,10,18,1,2,3,4,3,6,9,0,0,0,0,3,24,true,false,false,true,,L. Shimek,,Not Available,NA,Michigan State Spartans,s:40~l:54~t:127,michigan-state-spartans,https://a.espncdn.com/i/teamlogos/ncaa/500/127.png,MSU,18453B,ffffff,home,true,76,24,Cardinal,Stanford,Stanford Cardinal,STAN,https://a.espncdn.com/i/teamlogos/ncaa/500/24.png,8c1515,ffffff,69
254000046,2005,3,2005-03-29,2005-03-29T19:00:00.000000-0500,1171,Kelli Roehrig,127,Spartans,Michigan State,Michigan St,,3,8,0,0,4,4,5,4,9,0,0,0,0,3,10,true,false,false,true,,K. Roehrig,,Not Available,NA,Michigan State Spartans,s:40~l:54~t:127,michigan-state-spartans,https://a.espncdn.com/i/teamlogos/ncaa/500/127.png,MSU,18453B,ffffff,home,true,76,24,Cardinal,Stanford,Stanford Cardinal,STAN,https://a.espncdn.com/i/teamlogos/ncaa/500/24.png,8c1515,ffffff,69
254000046,2005,3,2005-03-29,2005-03-29T19:00:00.000000-0500,4086,Victoria Lucas-Perry,127,Spartans,Michigan State,Michigan St,,2,7,0,1,0,0,1,0,1,0,0,0,0,0,4,true,false,false,true,,V. Lucas-Perry,,Not Available,NA,Michigan State Spartans,s:40~l:54~t:127,michigan-state-spartans,https://a.espncdn.com/i/teamlogos/ncaa/500/127.png,MSU,18453B,ffffff,home,true,76,24,Cardinal,Stanford,Stanford Cardinal,STAN,https://a.espncdn.com/i/teamlogos/ncaa/500/24.png,8c1515,ffffff,69
254000046,2005,3,2005-03-29,2005-03-29T19:00:00.000000-0500,3295,Lindsay Bowen,127,Spartans,Michigan State,Michigan St,,1,7,0,2,2,2,0,5,5,0,0,0,0,0,4,true,false,false,true,,L. Bowen,,Not Available,NA,Michigan State Spartans,s:40~l:54~t:127,michigan-state-spartans,https://a.espncdn.com/i/teamlogos/ncaa/500/127.png,MSU,18453B,ffffff,home,true,76,24,Cardinal,Stanford,Stanford Cardinal,STAN,https://a.espncdn.com/i/teamlogos/ncaa/500/24.png,8c1515,ffffff,69
254000046,2005,3,2005-03-29,2005-03-29T19:00:00.000000-0500,1167,Kristin Haynie,127,Spartans,Michigan State,Michigan St,,7,15,4,4,2,2,2,5,7,0,0,0,0,1,20,true,false,false,true,,K. Haynie,,Not Available,NA,Michigan State Spartans,s:40~l:54~t:127,michigan-state-spartans,https://a.espncdn.com/i/teamlogos/ncaa/500/127.png,MSU,18453B,ffffff,home,true,76,24,Cardinal,Stanford,Stanford Cardinal,STAN,https://a.espncdn.com/i/teamlogos/ncaa/500/24.png,8c1515,ffffff,69
254000030,2005,3,2005-03-29,2005-03-29T21:00:00.000000-0500,4814,Essence Carson,164,Scarlet Knights,Rutgers,Rutgers,,0,4,0,3,2,2,2,1,3,0,0,0,0,3,2,true,false,false,true,,E. Carson,,Not Available,NA,Rutgers Scarlet Knights,s:40~l:54~t:164,rutgers-scarlet-knights,https://a.espncdn.com/i/teamlogos/ncaa/500/164.png,RUTG,d21034,ffffff,away,false,49,2633,Lady Volunteers,Tennessee,Tennessee Lady Volunteers,TENN,https://a.espncdn.com/i/teamlogos/ncaa/500/2633_ncw.png,ff8200,ffffff,59
254000030,2005,3,2005-03-29,2005-03-29T21:00:00.000000-0500,2400,Michelle Campbell,164,Scarlet Knights,Rutgers,Rutgers,,2,5,0,1,0,0,2,0,2,0,0,0,0,4,4,true,false,false,true,,M. Campbell,,Not Available,NA,Rutgers Scarlet Knights,s:40~l:54~t:164,rutgers-scarlet-knights,https://a.espncdn.com/i/teamlogos/ncaa/500/164.png,RUTG,d21034,ffffff,away,false,49,2633,Lady Volunteers,Tennessee,Tennessee Lady Volunteers,TENN,https://a.espncdn.com/i/teamlogos/ncaa/500/2633_ncw.png,ff8200,ffffff,59
254000030,2005,3,2005-03-29,2005-03-29T21:00:00.000000-0500,4816,Matee Ajavon,164,Scarlet Knights,Rutgers,Rutgers,,6,13,1,3,2,2,1,2,3,0,0,0,0,5,12,true,false,false,true,,M. Ajavon,,Not Available,NA,Rutgers Scarlet Knights,s:40~l:54~t:164,rutgers-scarlet-knights,https://a.espncdn.com/i/teamlogos/ncaa/500/164.png,RUTG,d21034,ffffff,away,false,49,2633,Lady Volunteers,Tennessee,Tennessee Lady Volunteers,TENN,https://a.espncdn.com/i/teamlogos/ncaa/500/2633_ncw.png,ff8200,ffffff,59
254000030,2005,3,2005-03-29,2005-03-29T21:00:00.000000-0500,1695,Cappie Pondexter,164,Scarlet Knights,Rutgers,Rutgers,,9,19,5,9,2,2,1,0,1,0,0,0,0,4,25,true,false,false,true,,C. Pondexter,,Not Available,NA,Rutgers Scarlet Knights,s:40~l:54~t:164,rutgers-scarlet-knights,https://a.espncdn.com/i/teamlogos/ncaa/500/164.png,RUTG,d21034,ffffff,away,false,49,2633,Lady Volunteers,Tennessee,Tennessee Lady Volunteers,TENN,https://a.espncdn.com/i/teamlogos/ncaa/500/2633_ncw.png,ff8200,ffffff,59
254000030,2005,3,2005-03-29,2005-03-29T21:00:00.000000-0500,1694,Chelsea Newton,164,Scarlet Knights,Rutgers,Rutgers,,1,3,0,1,0,2,0,2,2,0,0,0,0,3,2,true,false,false,true,,C. Newton,,Not Available,NA,Rutgers Scarlet Knights,s:40~l:54~t:164,rutgers-scarlet-knights,https://a.espncdn.com/i/teamlogos/ncaa/500/164.png,RUTG,d21034,ffffff,away,false,49,2633,Lady Volunteers,Tennessee,Tennessee Lady Volunteers,TENN,https://a.espncdn.com/i/teamlogos/ncaa/500/2633_ncw.png,ff8200,ffffff,59
254000030,2005,3,2005-03-29,2005-03-29T21:00:00.000000-0500,4839,Nicky Anosike,2633,Lady Volunteers,Tennessee,Tennessee,,2,4,0,0,10,12,3,4,7,0,0,0,0,3,14,true,false,false,true,,N. Anosike,,Not Available,NA,Tennessee Lady Volunteers,s:40~l:54~t:2633,tennessee-lady-volunteers,https://a.espncdn.com/i/teamlogos/ncaa/500/2633_ncw.png,TENN,ff8200,ffffff,home,true,59,164,Scarlet Knights,Rutgers,Rutgers Scarlet Knights,RUTG,https://a.espncdn.com/i/teamlogos/ncaa/500/164.png,d21034,ffffff,49
254000030,2005,3,2005-03-29,2005-03-29T21:00:00.000000-0500,4840,Alexis Hornbuckle,2633,Lady Volunteers,Tennessee,Tennessee,,2,9,0,0,5,6,1,5,6,0,0,0,0,3,9,true,false,false,true,,A. Hornbuckle,,Not Available,NA,Tennessee Lady Volunteers,s:40~l:54~t:2633,tennessee-lady-volunteers,https://a.espncdn.com/i/teamlogos/ncaa/500/2633_ncw.png,TENN,ff8200,ffffff,home,true,59,164,Scarlet Knights,Rutgers,Rutgers Scarlet Knights,RUTG,https://a.espncdn.com/i/teamlogos/ncaa/500/164.png,d21034,ffffff,49
254000030,2005,3,2005-03-29,2005-03-29T21:00:00.000000-0500,2005,Shyra Ely,2633,Lady Volunteers,Tennessee,Tennessee,,2,11,0,0,5,7,2,5,7,0,0,0,0,1,9,true,false,false,true,,S. Ely,,Not Available,NA,Tennessee Lady Volunteers,s:40~l:54~t:2633,tennessee-lady-volunteers,https://a.espncdn.com/i/teamlogos/ncaa/500/2633_ncw.png,TENN,ff8200,ffffff,home,true,59,164,Scarlet Knights,Rutgers,Rutgers Scarlet Knights,RUTG,https://a.espncdn.com/i/teamlogos/ncaa/500/164.png,d21034,ffffff,49
254000030,2005,3,2005-03-29,2005-03-29T21:00:00.000000-0500,2633,Shanna Zolman,2633,Lady Volunteers,Tennessee,Tennessee,,5,13,2,7,4,4,0,3,3,0,0,0,0,0,16,true,false,false,true,,S. Zolman,,Not Available,NA,Tennessee Lady Volunteers,s:40~l:54~t:2633,tennessee-lady-volunteers,https://a.espncdn.com/i/teamlogos/ncaa/500/2633_ncw.png,TENN,ff8200,ffffff,home,true,59,164,Scarlet Knights,Rutgers,Rutgers Scarlet Knights,RUTG,https://a.espncdn.com/i/teamlogos/ncaa/500/164.png,d21034,ffffff,49
254000030,2005,3,2005-03-29,2005-03-29T21:00:00.000000-0500,2006,Loree Moore,2633,Lady Volunteers,Tennessee,Tennessee,,0,2,0,0,2,2,1,4,5,0,0,0,0,5,2,true,false,false,true,,L. Moore,,Not Available,NA,Tennessee Lady Volunteers,s:40~l:54~t:2633,tennessee-lady-volunteers,https://a.espncdn.com/i/teamlogos/ncaa/500/2633_ncw.png,TENN,ff8200,ffffff,home,true,59,164,Scarlet Knights,Rutgers,Rutgers Scarlet Knights,RUTG,https://a.espncdn.com/i/teamlogos/ncaa/500/164.png,d21034,ffffff,49
254000015,2005,3,2005-03-28,2005-03-28T19:00:00.000000-0500,2719,Abiola Wabara,239,Bears,Baylor,Baylor,,2,4,0,0,3,5,4,3,7,0,0,0,0,4,7,true,false,false,true,,A. Wabara,,Not Available,NA,Baylor Bears,s:40~l:54~t:239,baylor-bears,https://a.espncdn.com/i/teamlogos/ncaa/500/239.png,BAY,154734,ffb81c,away,true,72,153,Tar Heels,North Carolina,North Carolina Tar Heels,UNC,https://a.espncdn.com/i/teamlogos/ncaa/500/153.png,7bafd4,13294b,63
254000015,2005,3,2005-03-28,2005-03-28T19:00:00.000000-0500,2428,Sophia Young-Malcolm,239,Bears,Baylor,Baylor,,7,17,0,0,5,5,3,8,11,0,0,0,0,1,19,true,false,false,true,,S. Young-Malcolm,,Not Available,NA,Baylor Bears,s:40~l:54~t:239,baylor-bears,https://a.espncdn.com/i/teamlogos/ncaa/500/239.png,BAY,154734,ffb81c,away,true,72,153,Tar Heels,North Carolina,North Carolina Tar Heels,UNC,https://a.espncdn.com/i/teamlogos/ncaa/500/153.png,7bafd4,13294b,63
254000015,2005,3,2005-03-28,2005-03-28T19:00:00.000000-0500,121,Steffanie Blackmon,239,Bears,Baylor,Baylor,,6,9,0,0,2,2,2,5,7,0,0,0,0,4,14,true,false,false,true,,S. Blackmon,,Not Available,NA,Baylor Bears,s:40~l:54~t:239,baylor-bears,https://a.espncdn.com/i/teamlogos/ncaa/500/239.png,BAY,154734,ffb81c,away,true,72,153,Tar Heels,North Carolina,North Carolina Tar Heels,UNC,https://a.espncdn.com/i/teamlogos/ncaa/500/153.png,7bafd4,13294b,63
254000015,2005,3,2005-03-28,2005-03-28T19:00:00.000000-0500,2427,Chameka Scott,239,Bears,Baylor,Baylor,,5,11,4,8,4,8,0,7,7,0,0,0,0,2,18,true,false,false,true,,C. Scott,,Not Available,NA,Baylor Bears,s:40~l:54~t:239,baylor-bears,https://a.espncdn.com/i/teamlogos/ncaa/500/239.png,BAY,154734,ffb81c,away,true,72,153,Tar Heels,North Carolina,North Carolina Tar Heels,UNC,https://a.espncdn.com/i/teamlogos/ncaa/500/153.png,7bafd4,13294b,63
254000015,2005,3,2005-03-28,2005-03-28T19:00:00.000000-0500,124,Chelsea Whitaker,239,Bears,Baylor,Baylor,,1,2,0,0,4,6,0,3,3,0,0,0,0,3,6,true,false,false,true,,C. Whitaker,,Not Available,NA,Baylor Bears,s:40~l:54~t:239,baylor-bears,https://a.espncdn.com/i/teamlogos/ncaa/500/239.png,BAY,154734,ffb81c,away,true,72,153,Tar Heels,North Carolina,North Carolina Tar Heels,UNC,https://a.espncdn.com/i/teamlogos/ncaa/500/153.png,7bafd4,13294b,63
254000015,2005,3,2005-03-28,2005-03-28T19:00:00.000000-0500,4820,Erlana Larkins,153,Tar Heels,North Carolina,North Carolina,,3,8,0,0,0,0,1,5,6,0,0,0,0,4,6,true,false,false,true,,E. Larkins,,Not Available,NA,North Carolina Tar Heels,s:40~l:54~t:153,north-carolina-tar-heels,https://a.espncdn.com/i/teamlogos/ncaa/500/153.png,UNC,7bafd4,13294b,home,false,63,239,Bears,Baylor,Baylor Bears,BAY,https://a.espncdn.com/i/teamlogos/ncaa/500/239.png,154734,ffb81c,72
254000015,2005,3,2005-03-28,2005-03-28T19:00:00.000000-0500,3754,Camille Little,153,Tar Heels,North Carolina,North Carolina,,3,9,1,3,2,4,4,5,9,0,0,0,0,3,9,true,false,false,true,,C. Little,,Not Available,NA,North Carolina Tar Heels,s:40~l:54~t:153,north-carolina-tar-heels,https://a.espncdn.com/i/teamlogos/ncaa/500/153.png,UNC,7bafd4,13294b,home,false,63,239,Bears,Baylor,Baylor Bears,BAY,https://a.espncdn.com/i/teamlogos/ncaa/500/239.png,154734,ffb81c,72
254000015,2005,3,2005-03-28,2005-03-28T19:00:00.000000-0500,1397,Nikita Bell,153,Tar Heels,North Carolina,North Carolina,,4,11,0,0,2,4,2,5,7,0,0,0,0,5,10,true,false,false,true,,N. Bell,,Not Available,NA,North Carolina Tar Heels,s:40~l:54~t:153,north-carolina-tar-heels,https://a.espncdn.com/i/teamlogos/ncaa/500/153.png,UNC,7bafd4,13294b,home,false,63,239,Bears,Baylor,Baylor Bears,BAY,https://a.espncdn.com/i/teamlogos/ncaa/500/239.png,154734,ffb81c,72
254000015,2005,3,2005-03-28,2005-03-28T19:00:00.000000-0500,3755,Ivory Latta,153,Tar Heels,North Carolina,North Carolina,,6,22,3,13,6,8,0,2,2,0,0,0,0,4,21,true,false,false,true,,I. Latta,,Not Available,NA,North Carolina Tar Heels,s:40~l:54~t:153,north-carolina-tar-heels,https://a.espncdn.com/i/teamlogos/ncaa/500/153.png,UNC,7bafd4,13294b,home,false,63,239,Bears,Baylor,Baylor Bears,BAY,https://a.espncdn.com/i/teamlogos/ncaa/500/239.png,154734,ffb81c,72
254000015,2005,3,2005-03-28,2005-03-28T19:00:00.000000-0500,2647,La'Tangela Atkinson,153,Tar Heels,North Carolina,North Carolina,,2,7,0,1,0,0,3,4,7,0,0,0,0,3,4,true,false,false,true,,L. Atkinson,,Not Available,NA,North Carolina Tar Heels,s:40~l:54~t:153,north-carolina-tar-heels,https://a.espncdn.com/i/teamlogos/ncaa/500/153.png,UNC,7bafd4,13294b,home,false,63,239,Bears,Baylor,Baylor Bears,BAY,https://a.espncdn.com/i/teamlogos/ncaa/500/239.png,154734,ffb81c,72
254000061,2005,3,2005-03-28,2005-03-28T21:00:00.000000-0500,3713,Alison Bales,150,Blue Devils,Duke,Duke,,1,5,0,0,2,2,0,3,3,0,0,0,0,4,4,true,false,false,true,,A. Bales,,Not Available,NA,Duke Blue Devils,s:40~l:54~t:150,duke-blue-devils,https://a.espncdn.com/i/teamlogos/ncaa/500/150.png,DUKE,013088,ffffff,away,false,49,99,Tigers,LSU,LSU Tigers,LSU,https://a.espncdn.com/i/teamlogos/ncaa/500/99.png,461d7c,fdd023,59
254000061,2005,3,2005-03-28,2005-03-28T21:00:00.000000-0500,2475,Mistie McCray Bass,150,Blue Devils,Duke,Duke,,7,7,0,0,1,2,0,5,5,0,0,0,0,3,15,true,false,false,true,,M. Bass,,Not Available,NA,Duke Blue Devils,s:40~l:54~t:150,duke-blue-devils,https://a.espncdn.com/i/teamlogos/ncaa/500/150.png,DUKE,013088,ffffff,away,false,49,99,Tigers,LSU,LSU Tigers,LSU,https://a.espncdn.com/i/teamlogos/ncaa/500/99.png,461d7c,fdd023,59
254000061,2005,3,2005-03-28,2005-03-28T21:00:00.000000-0500,442,Wynter Whitley,150,Blue Devils,Duke,Duke,,1,6,0,1,3,3,0,1,1,0,0,0,0,1,5,true,false,false,true,,W. Whitley,,Not Available,NA,Duke Blue Devils,s:40~l:54~t:150,duke-blue-devils,https://a.espncdn.com/i/teamlogos/ncaa/500/150.png,DUKE,013088,ffffff,away,false,49,99,Tigers,LSU,LSU Tigers,LSU,https://a.espncdn.com/i/teamlogos/ncaa/500/99.png,461d7c,fdd023,59
254000061,2005,3,2005-03-28,2005-03-28T21:00:00.000000-0500,4819,Wanisha Smith,150,Blue Devils,Duke,Duke,,1,4,1,3,0,0,0,2,2,0,0,0,0,4,3,true,false,false,true,,W. Smith,,Not Available,NA,Duke Blue Devils,s:40~l:54~t:150,duke-blue-devils,https://a.espncdn.com/i/teamlogos/ncaa/500/150.png,DUKE,013088,ffffff,away,false,49,99,Tigers,LSU,LSU Tigers,LSU,https://a.espncdn.com/i/teamlogos/ncaa/500/99.png,461d7c,fdd023,59
254000061,2005,3,2005-03-28,2005-03-28T21:00:00.000000-0500,438,Monique Currie,150,Blue Devils,Duke,Duke,,4,18,0,4,3,4,1,1,2,0,0,0,0,4,11,true,false,false,true,,M. Currie,,Not Available,NA,Duke Blue Devils,s:40~l:54~t:150,duke-blue-devils,https://a.espncdn.com/i/teamlogos/ncaa/500/150.png,DUKE,013088,ffffff,away,false,49,99,Tigers,LSU,LSU Tigers,LSU,https://a.espncdn.com/i/teamlogos/ncaa/500/99.png,461d7c,fdd023,59
254000061,2005,3,2005-03-28,2005-03-28T21:00:00.000000-0500,1043,Tillie Willis,99,Tigers,LSU,LSU,,2,3,0,0,0,0,0,1,1,0,0,0,0,2,4,true,false,false,true,,T. Willis,,Not Available,NA,LSU Tigers,s:40~l:54~t:99,lsu-tigers,https://a.espncdn.com/i/teamlogos/ncaa/500/99.png,LSU,461d7c,fdd023,home,true,59,150,Blue Devils,Duke,Duke Blue Devils,DUKE,https://a.espncdn.com/i/teamlogos/ncaa/500/150.png,013088,ffffff,49
254000061,2005,3,2005-03-28,2005-03-28T21:00:00.000000-0500,1042,Wendlyn Jones,99,Tigers,LSU,LSU,,1,3,0,0,1,5,4,2,6,0,0,0,0,3,3,true,false,false,true,,W. Jones,,Not Available,NA,LSU Tigers,s:40~l:54~t:99,lsu-tigers,https://a.espncdn.com/i/teamlogos/ncaa/500/99.png,LSU,461d7c,fdd023,home,true,59,150,Blue Devils,Duke,Duke Blue Devils,DUKE,https://a.espncdn.com/i/teamlogos/ncaa/500/150.png,013088,ffffff,49
254000061,2005,3,2005-03-28,2005-03-28T21:00:00.000000-0500,3715,Scholanda Hoston,99,Tigers,LSU,LSU,,0,5,0,2,3,4,1,2,3,0,0,0,0,0,3,true,false,false,true,,S. Hoston,,Not Available,NA,LSU Tigers,s:40~l:54~t:99,lsu-tigers,https://a.espncdn.com/i/teamlogos/ncaa/500/99.png,LSU,461d7c,fdd023,home,true,59,150,Blue Devils,Duke,Duke Blue Devils,DUKE,https://a.espncdn.com/i/teamlogos/ncaa/500/150.png,013088,ffffff,49
254000061,2005,3,2005-03-28,2005-03-28T21:00:00.000000-0500,2635,Seimone Augustus,99,Tigers,LSU,LSU,,10,20,0,2,4,4,2,5,7,0,0,0,0,1,24,true,false,false,true,,S. Augustus,,Not Available,NA,LSU Tigers,s:40~l:54~t:99,lsu-tigers,https://a.espncdn.com/i/teamlogos/ncaa/500/99.png,LSU,461d7c,fdd023,home,true,59,150,Blue Devils,Duke,Duke Blue Devils,DUKE,https://a.espncdn.com/i/teamlogos/ncaa/500/150.png,013088,ffffff,49
254000061,2005,3,2005-03-28,2005-03-28T21:00:00.000000-0500,1041,Temeka Johnson,99,Tigers,LSU,LSU,,3,9,1,1,2,2,0,3,3,0,0,0,0,3,9,true,false,false,true,,T. Johnson,,Not Available,NA,LSU Tigers,s:40~l:54~t:99,lsu-tigers,https://a.espncdn.com/i/teamlogos/ncaa/500/99.png,LSU,461d7c,fdd023,home,true,59,150,Blue Devils,Duke,Duke Blue Devils,DUKE,https://a.espncdn.com/i/teamlogos/ncaa/500/150.png,013088,ffffff,49
254000022,2005,3,2005-03-27,2005-03-27T12:00:00.000000-0500,2067,Cisti Greenwalt,2641,Lady Raiders,Texas Tech,Texas Tech,,3,7,0,0,0,1,0,4,4,0,0,0,0,1,6,true,false,false,true,,C. Greenwalt,,Not Available,NA,Texas Tech Lady Raiders,s:40~l:54~t:2641,texas-tech-lady-raiders,https://a.espncdn.com/i/teamlogos/ncaa/500/2641.png,TTU,C80025,231f20,away,false,59,2633,Lady Volunteers,Tennessee,Tennessee Lady Volunteers,TENN,https://a.espncdn.com/i/teamlogos/ncaa/500/2633_ncw.png,ff8200,ffffff,75
254000022,2005,3,2005-03-27,2005-03-27T12:00:00.000000-0500,3719,Alseha Robertson,2641,Lady Raiders,Texas Tech,Texas Tech,,2,10,1,6,2,2,1,2,3,0,0,0,0,3,7,true,false,false,true,,A. Robertson,,Not Available,NA,Texas Tech Lady Raiders,s:40~l:54~t:2641,texas-tech-lady-raiders,https://a.espncdn.com/i/teamlogos/ncaa/500/2641.png,TTU,C80025,231f20,away,false,59,2633,Lady Volunteers,Tennessee,Tennessee Lady Volunteers,TENN,https://a.espncdn.com/i/teamlogos/ncaa/500/2633_ncw.png,ff8200,ffffff,75
254000022,2005,3,2005-03-27,2005-03-27T12:00:00.000000-0500,2422,LaToya Davis,2641,Lady Raiders,Texas Tech,Texas Tech,,3,5,0,0,6,8,5,2,7,0,0,0,0,4,12,true,false,false,true,,L. Davis,,Not Available,NA,Texas Tech Lady Raiders,s:40~l:54~t:2641,texas-tech-lady-raiders,https://a.espncdn.com/i/teamlogos/ncaa/500/2641.png,TTU,C80025,231f20,away,false,59,2633,Lady Volunteers,Tennessee,Tennessee Lady Volunteers,TENN,https://a.espncdn.com/i/teamlogos/ncaa/500/2633_ncw.png,ff8200,ffffff,75
254000022,2005,3,2005-03-27,2005-03-27T12:00:00.000000-0500,2528,Chesley Dabbs,2641,Lady Raiders,Texas Tech,Texas Tech,,3,10,0,0,3,5,3,1,4,0,0,0,0,0,9,true,false,false,true,,C. Dabbs,,Not Available,NA,Texas Tech Lady Raiders,s:40~l:54~t:2641,texas-tech-lady-raiders,https://a.espncdn.com/i/teamlogos/ncaa/500/2641.png,TTU,C80025,231f20,away,false,59,2633,Lady Volunteers,Tennessee,Tennessee Lady Volunteers,TENN,https://a.espncdn.com/i/teamlogos/ncaa/500/2633_ncw.png,ff8200,ffffff,75
254000022,2005,3,2005-03-27,2005-03-27T12:00:00.000000-0500,2423,Erin Grant,2641,Lady Raiders,Texas Tech,Texas Tech,,3,7,1,2,2,2,1,2,3,0,0,0,0,3,9,true,false,false,true,,E. Grant,,Not Available,NA,Texas Tech Lady Raiders,s:40~l:54~t:2641,texas-tech-lady-raiders,https://a.espncdn.com/i/teamlogos/ncaa/500/2641.png,TTU,C80025,231f20,away,false,59,2633,Lady Volunteers,Tennessee,Tennessee Lady Volunteers,TENN,https://a.espncdn.com/i/teamlogos/ncaa/500/2633_ncw.png,ff8200,ffffff,75
254000022,2005,3,2005-03-27,2005-03-27T12:00:00.000000-0500,4839,Nicky Anosike,2633,Lady Volunteers,Tennessee,Tennessee,,2,5,0,0,7,7,4,7,11,0,0,0,0,4,11,true,false,false,true,,N. Anosike,,Not Available,NA,Tennessee Lady Volunteers,s:40~l:54~t:2633,tennessee-lady-volunteers,https://a.espncdn.com/i/teamlogos/ncaa/500/2633_ncw.png,TENN,ff8200,ffffff,home,true,75,2641,Lady Raiders,Texas Tech,Texas Tech Lady Raiders,TTU,https://a.espncdn.com/i/teamlogos/ncaa/500/2641.png,C80025,231f20,59
254000022,2005,3,2005-03-27,2005-03-27T12:00:00.000000-0500,4840,Alexis Hornbuckle,2633,Lady Volunteers,Tennessee,Tennessee,,5,11,1,2,3,4,2,8,10,0,0,0,0,3,14,true,false,false,true,,A. Hornbuckle,,Not Available,NA,Tennessee Lady Volunteers,s:40~l:54~t:2633,tennessee-lady-volunteers,https://a.espncdn.com/i/teamlogos/ncaa/500/2633_ncw.png,TENN,ff8200,ffffff,home,true,75,2641,Lady Raiders,Texas Tech,Texas Tech Lady Raiders,TTU,https://a.espncdn.com/i/teamlogos/ncaa/500/2641.png,C80025,231f20,59
254000022,2005,3,2005-03-27,2005-03-27T12:00:00.000000-0500,2005,Shyra Ely,2633,Lady Volunteers,Tennessee,Tennessee,,8,11,0,0,7,8,2,4,6,0,0,0,0,2,23,true,false,false,true,,S. Ely,,Not Available,NA,Tennessee Lady Volunteers,s:40~l:54~t:2633,tennessee-lady-volunteers,https://a.espncdn.com/i/teamlogos/ncaa/500/2633_ncw.png,TENN,ff8200,ffffff,home,true,75,2641,Lady Raiders,Texas Tech,Texas Tech Lady Raiders,TTU,https://a.espncdn.com/i/teamlogos/ncaa/500/2641.png,C80025,231f20,59
254000022,2005,3,2005-03-27,2005-03-27T12:00:00.000000-0500,2633,Shanna Zolman,2633,Lady Volunteers,Tennessee,Tennessee,,4,9,0,3,0,0,0,1,1,0,0,0,0,3,8,true,false,false,true,,S. Zolman,,Not Available,NA,Tennessee Lady Volunteers,s:40~l:54~t:2633,tennessee-lady-volunteers,https://a.espncdn.com/i/teamlogos/ncaa/500/2633_ncw.png,TENN,ff8200,ffffff,home,true,75,2641,Lady Raiders,Texas Tech,Texas Tech Lady Raiders,TTU,https://a.espncdn.com/i/teamlogos/ncaa/500/2641.png,C80025,231f20,59
254000022,2005,3,2005-03-27,2005-03-27T12:00:00.000000-0500,2006,Loree Moore,2633,Lady Volunteers,Tennessee,Tennessee,,3,8,0,3,3,3,1,6,7,0,0,0,0,2,9,true,false,false,true,,L. Moore,,Not Available,NA,Tennessee Lady Volunteers,s:40~l:54~t:2633,tennessee-lady-volunteers,https://a.espncdn.com/i/teamlogos/ncaa/500/2633_ncw.png,TENN,ff8200,ffffff,home,true,75,2641,Lady Raiders,Texas Tech,Texas Tech Lady Raiders,TTU,https://a.espncdn.com/i/teamlogos/ncaa/500/2641.png,C80025,231f20,59
254000029,2005,3,2005-03-27,2005-03-27T14:30:00.000000-0500,2400,Michelle Campbell,164,Scarlet Knights,Rutgers,Rutgers,,3,6,0,0,1,2,2,1,3,0,0,0,0,4,7,true,false,false,true,,M. Campbell,,Not Available,NA,Rutgers Scarlet Knights,s:40~l:54~t:164,rutgers-scarlet-knights,https://a.espncdn.com/i/teamlogos/ncaa/500/164.png,RUTG,d21034,ffffff,away,true,64,194,Buckeyes,Ohio State,Ohio State Buckeyes,OSU,https://a.espncdn.com/i/teamlogos/ncaa/500/194.png,ce1141,505056,58
254000029,2005,3,2005-03-27,2005-03-27T14:30:00.000000-0500,4816,Matee Ajavon,164,Scarlet Knights,Rutgers,Rutgers,,5,14,1,4,3,5,2,2,4,0,0,0,0,1,14,true,false,false,true,,M. Ajavon,,Not Available,NA,Rutgers Scarlet Knights,s:40~l:54~t:164,rutgers-scarlet-knights,https://a.espncdn.com/i/teamlogos/ncaa/500/164.png,RUTG,d21034,ffffff,away,true,64,194,Buckeyes,Ohio State,Ohio State Buckeyes,OSU,https://a.espncdn.com/i/teamlogos/ncaa/500/194.png,ce1141,505056,58
254000029,2005,3,2005-03-27,2005-03-27T14:30:00.000000-0500,4814,Essence Carson,164,Scarlet Knights,Rutgers,Rutgers,,1,4,0,0,0,0,2,1,3,0,0,0,0,2,2,true,false,false,true,,E. Carson,,Not Available,NA,Rutgers Scarlet Knights,s:40~l:54~t:164,rutgers-scarlet-knights,https://a.espncdn.com/i/teamlogos/ncaa/500/164.png,RUTG,d21034,ffffff,away,true,64,194,Buckeyes,Ohio State,Ohio State Buckeyes,OSU,https://a.espncdn.com/i/teamlogos/ncaa/500/194.png,ce1141,505056,58
254000029,2005,3,2005-03-27,2005-03-27T14:30:00.000000-0500,1695,Cappie Pondexter,164,Scarlet Knights,Rutgers,Rutgers,,9,17,2,5,4,5,1,4,5,0,0,0,0,2,24,true,false,false,true,,C. Pondexter,,Not Available,NA,Rutgers Scarlet Knights,s:40~l:54~t:164,rutgers-scarlet-knights,https://a.espncdn.com/i/teamlogos/ncaa/500/164.png,RUTG,d21034,ffffff,away,true,64,194,Buckeyes,Ohio State,Ohio State Buckeyes,OSU,https://a.espncdn.com/i/teamlogos/ncaa/500/194.png,ce1141,505056,58
254000029,2005,3,2005-03-27,2005-03-27T14:30:00.000000-0500,1694,Chelsea Newton,164,Scarlet Knights,Rutgers,Rutgers,,4,11,0,1,5,5,5,4,9,0,0,0,0,3,13,true,false,false,true,,C. Newton,,Not Available,NA,Rutgers Scarlet Knights,s:40~l:54~t:164,rutgers-scarlet-knights,https://a.espncdn.com/i/teamlogos/ncaa/500/164.png,RUTG,d21034,ffffff,away,true,64,194,Buckeyes,Ohio State,Ohio State Buckeyes,OSU,https://a.espncdn.com/i/teamlogos/ncaa/500/194.png,ce1141,505056,58
254000029,2005,3,2005-03-27,2005-03-27T14:30:00.000000-0500,3831,Jessica Davenport,194,Buckeyes,Ohio State,Ohio State,,6,11,0,0,10,12,5,7,12,0,0,0,0,3,22,true,false,false,true,,J. Davenport,,Not Available,NA,Ohio State Buckeyes,s:40~l:54~t:194,ohio-state-buckeyes,https://a.espncdn.com/i/teamlogos/ncaa/500/194.png,OSU,ce1141,505056,home,false,58,164,Scarlet Knights,Rutgers,Rutgers Scarlet Knights,RUTG,https://a.espncdn.com/i/teamlogos/ncaa/500/164.png,d21034,ffffff,64
254000029,2005,3,2005-03-27,2005-03-27T14:30:00.000000-0500,3832,Stephanie Blanton,194,Buckeyes,Ohio State,Ohio State,,3,5,0,0,2,3,1,2,3,0,0,0,0,1,8,true,false,false,true,,S. Blanton,,Not Available,NA,Ohio State Buckeyes,s:40~l:54~t:194,ohio-state-buckeyes,https://a.espncdn.com/i/teamlogos/ncaa/500/194.png,OSU,ce1141,505056,home,false,58,164,Scarlet Knights,Rutgers,Rutgers Scarlet Knights,RUTG,https://a.espncdn.com/i/teamlogos/ncaa/500/164.png,d21034,ffffff,64
254000029,2005,3,2005-03-27,2005-03-27T14:30:00.000000-0500,3833,Brandie Hoskins,194,Buckeyes,Ohio State,Ohio State,,5,11,0,2,2,4,2,1,3,0,0,0,0,2,12,true,false,false,true,,B. Hoskins,,Not Available,NA,Ohio State Buckeyes,s:40~l:54~t:194,ohio-state-buckeyes,https://a.espncdn.com/i/teamlogos/ncaa/500/194.png,OSU,ce1141,505056,home,false,58,164,Scarlet Knights,Rutgers,Rutgers Scarlet Knights,RUTG,https://a.espncdn.com/i/teamlogos/ncaa/500/164.png,d21034,ffffff,64
254000029,2005,3,2005-03-27,2005-03-27T14:30:00.000000-0500,1497,Caity Matter,194,Buckeyes,Ohio State,Ohio State,,3,9,2,6,0,0,1,3,4,0,0,0,0,3,8,true,false,false,true,,C. Matter,,Not Available,NA,Ohio State Buckeyes,s:40~l:54~t:194,ohio-state-buckeyes,https://a.espncdn.com/i/teamlogos/ncaa/500/194.png,OSU,ce1141,505056,home,false,58,164,Scarlet Knights,Rutgers,Rutgers Scarlet Knights,RUTG,https://a.espncdn.com/i/teamlogos/ncaa/500/164.png,d21034,ffffff,64
254000029,2005,3,2005-03-27,2005-03-27T14:30:00.000000-0500,1493,Ashley Allen,194,Buckeyes,Ohio State,Ohio State,,1,6,1,5,0,0,0,4,4,0,0,0,0,4,3,true,false,false,true,,A. Allen,,Not Available,NA,Ohio State Buckeyes,s:40~l:54~t:194,ohio-state-buckeyes,https://a.espncdn.com/i/teamlogos/ncaa/500/194.png,OSU,ce1141,505056,home,false,58,164,Scarlet Knights,Rutgers,Rutgers Scarlet Knights,RUTG,https://a.espncdn.com/i/teamlogos/ncaa/500/164.png,d21034,ffffff,64
254000038,2005,3,2005-03-27,2005-03-27T19:30:00.000000-0500,3776,Carla Thomas,238,Commodores,Vanderbilt,Vanderbilt,,10,17,0,0,2,2,1,6,7,0,0,0,0,3,22,true,false,false,true,,C. Thomas,,Not Available,NA,Vanderbilt Commodores,s:40~l:54~t:238,vanderbilt-commodores,https://a.espncdn.com/i/teamlogos/ncaa/500/238.png,VAN,000000,231f20,away,false,64,127,Spartans,Michigan State,Michigan State Spartans,MSU,https://a.espncdn.com/i/teamlogos/ncaa/500/127.png,18453B,ffffff,76
254000038,2005,3,2005-03-27,2005-03-27T19:30:00.000000-0500,2172,Ashley Earley,238,Commodores,Vanderbilt,Vanderbilt,,5,7,0,0,5,5,0,4,4,0,0,0,0,4,15,true,false,false,true,,A. Earley,,Not Available,NA,Vanderbilt Commodores,s:40~l:54~t:238,vanderbilt-commodores,https://a.espncdn.com/i/teamlogos/ncaa/500/238.png,VAN,000000,231f20,away,false,64,127,Spartans,Michigan State,Michigan State Spartans,MSU,https://a.espncdn.com/i/teamlogos/ncaa/500/127.png,18453B,ffffff,76
254000038,2005,3,2005-03-27,2005-03-27T19:30:00.000000-0500,3778,Dee Davis,238,Commodores,Vanderbilt,Vanderbilt,,3,9,2,5,0,0,0,3,3,0,0,0,0,1,8,true,false,false,true,,D. Davis,,Not Available,NA,Vanderbilt Commodores,s:40~l:54~t:238,vanderbilt-commodores,https://a.espncdn.com/i/teamlogos/ncaa/500/238.png,VAN,000000,231f20,away,false,64,127,Spartans,Michigan State,Michigan State Spartans,MSU,https://a.espncdn.com/i/teamlogos/ncaa/500/127.png,18453B,ffffff,76
254000038,2005,3,2005-03-27,2005-03-27T19:30:00.000000-0500,3775,Caroline Williams,238,Commodores,Vanderbilt,Vanderbilt,,3,8,3,6,0,0,1,1,2,0,0,0,0,2,9,true,false,false,true,,C. Williams,,Not Available,NA,Vanderbilt Commodores,s:40~l:54~t:238,vanderbilt-commodores,https://a.espncdn.com/i/teamlogos/ncaa/500/238.png,VAN,000000,231f20,away,false,64,127,Spartans,Michigan State,Michigan State Spartans,MSU,https://a.espncdn.com/i/teamlogos/ncaa/500/127.png,18453B,ffffff,76
254000038,2005,3,2005-03-27,2005-03-27T19:30:00.000000-0500,2177,Abi Ramsey,238,Commodores,Vanderbilt,Vanderbilt,,2,10,2,8,0,0,2,1,3,0,0,0,0,4,6,true,false,false,true,,A. Ramsey,,Not Available,NA,Vanderbilt Commodores,s:40~l:54~t:238,vanderbilt-commodores,https://a.espncdn.com/i/teamlogos/ncaa/500/238.png,VAN,000000,231f20,away,false,64,127,Spartans,Michigan State,Michigan State Spartans,MSU,https://a.espncdn.com/i/teamlogos/ncaa/500/127.png,18453B,ffffff,76
254000038,2005,3,2005-03-27,2005-03-27T19:30:00.000000-0500,1171,Kelli Roehrig,127,Spartans,Michigan State,Michigan St,,7,10,0,0,4,6,3,4,7,0,0,0,0,3,18,true,false,false,true,,K. Roehrig,,Not Available,NA,Michigan State Spartans,s:40~l:54~t:127,michigan-state-spartans,https://a.espncdn.com/i/teamlogos/ncaa/500/127.png,MSU,18453B,ffffff,home,true,76,238,Commodores,Vanderbilt,Vanderbilt Commodores,VAN,https://a.espncdn.com/i/teamlogos/ncaa/500/238.png,000000,231f20,64
254000038,2005,3,2005-03-27,2005-03-27T19:30:00.000000-0500,3299,Liz Shimek,127,Spartans,Michigan State,Michigan St,,4,8,0,0,1,1,5,5,10,0,0,0,0,2,9,true,false,false,true,,L. Shimek,,Not Available,NA,Michigan State Spartans,s:40~l:54~t:127,michigan-state-spartans,https://a.espncdn.com/i/teamlogos/ncaa/500/127.png,MSU,18453B,ffffff,home,true,76,238,Commodores,Vanderbilt,Vanderbilt Commodores,VAN,https://a.espncdn.com/i/teamlogos/ncaa/500/238.png,000000,231f20,64
254000038,2005,3,2005-03-27,2005-03-27T19:30:00.000000-0500,4086,Victoria Lucas-Perry,127,Spartans,Michigan State,Michigan St,,2,8,0,4,0,1,2,2,4,0,0,0,0,0,4,true,false,false,true,,V. Lucas-Perry,,Not Available,NA,Michigan State Spartans,s:40~l:54~t:127,michigan-state-spartans,https://a.espncdn.com/i/teamlogos/ncaa/500/127.png,MSU,18453B,ffffff,home,true,76,238,Commodores,Vanderbilt,Vanderbilt Commodores,VAN,https://a.espncdn.com/i/teamlogos/ncaa/500/238.png,000000,231f20,64
254000038,2005,3,2005-03-27,2005-03-27T19:30:00.000000-0500,3295,Lindsay Bowen,127,Spartans,Michigan State,Michigan St,,4,8,4,7,2,2,0,2,2,0,0,0,0,0,14,true,false,false,true,,L. Bowen,,Not Available,NA,Michigan State Spartans,s:40~l:54~t:127,michigan-state-spartans,https://a.espncdn.com/i/teamlogos/ncaa/500/127.png,MSU,18453B,ffffff,home,true,76,238,Commodores,Vanderbilt,Vanderbilt Commodores,VAN,https://a.espncdn.com/i/teamlogos/ncaa/500/238.png,000000,231f20,64
254000038,2005,3,2005-03-27,2005-03-27T19:30:00.000000-0500,1167,Kristin Haynie,127,Spartans,Michigan State,Michigan St,,5,9,1,2,2,2,3,8,11,0,0,0,0,0,13,true,false,false,true,,K. Haynie,,Not Available,NA,Michigan State Spartans,s:40~l:54~t:127,michigan-state-spartans,https://a.espncdn.com/i/teamlogos/ncaa/500/127.png,MSU,18453B,ffffff,home,true,76,238,Commodores,Vanderbilt,Vanderbilt Commodores,VAN,https://a.espncdn.com/i/teamlogos/ncaa/500/238.png,000000,231f20,64
254000045,2005,3,2005-03-27,2005-03-27T22:00:00.000000-0500,2409,Barbara Turner,41,Huskies,UConn,UConn,,7,11,2,5,1,2,1,3,4,0,0,0,0,2,17,true,false,false,true,,B. Turner,,Not Available,NA,UConn Huskies,s:40~l:54~t:41,uconn-huskies,https://a.espncdn.com/i/teamlogos/ncaa/500/41.png,CONN,0c2340,f1f2f3,away,false,59,24,Cardinal,Stanford,Stanford Cardinal,STAN,https://a.espncdn.com/i/teamlogos/ncaa/500/24.png,8c1515,ffffff,76
254000045,2005,3,2005-03-27,2005-03-27T22:00:00.000000-0500,316,Jessica Moore,41,Huskies,UConn,UConn,,4,10,0,2,0,0,5,4,9,0,0,0,0,4,8,true,false,false,true,,J. Moore,,Not Available,NA,UConn Huskies,s:40~l:54~t:41,uconn-huskies,https://a.espncdn.com/i/teamlogos/ncaa/500/41.png,CONN,0c2340,f1f2f3,away,false,59,24,Cardinal,Stanford,Stanford Cardinal,STAN,https://a.espncdn.com/i/teamlogos/ncaa/500/24.png,8c1515,ffffff,76
254000045,2005,3,2005-03-27,2005-03-27T22:00:00.000000-0500,2637,Ann Strother,41,Huskies,UConn,UConn,,2,7,0,3,0,0,1,1,2,0,0,0,0,0,4,true,false,false,true,,A. Strother,,Not Available,NA,UConn Huskies,s:40~l:54~t:41,uconn-huskies,https://a.espncdn.com/i/teamlogos/ncaa/500/41.png,CONN,0c2340,f1f2f3,away,false,59,24,Cardinal,Stanford,Stanford Cardinal,STAN,https://a.espncdn.com/i/teamlogos/ncaa/500/24.png,8c1515,ffffff,76
254000045,2005,3,2005-03-27,2005-03-27T22:00:00.000000-0500,2410,Nicole Wolff,41,Huskies,UConn,UConn,,0,2,0,0,0,0,0,1,1,0,0,0,0,2,0,true,false,false,true,,N. Wolff,,Not Available,NA,UConn Huskies,s:40~l:54~t:41,uconn-huskies,https://a.espncdn.com/i/teamlogos/ncaa/500/41.png,CONN,0c2340,f1f2f3,away,false,59,24,Cardinal,Stanford,Stanford Cardinal,STAN,https://a.espncdn.com/i/teamlogos/ncaa/500/24.png,8c1515,ffffff,76
254000045,2005,3,2005-03-27,2005-03-27T22:00:00.000000-0500,311,Ashley Valley,41,Huskies,UConn,UConn,,0,4,0,2,2,2,0,2,2,0,0,0,0,0,2,true,false,false,true,,A. Valley,,Not Available,NA,UConn Huskies,s:40~l:54~t:41,uconn-huskies,https://a.espncdn.com/i/teamlogos/ncaa/500/41.png,CONN,0c2340,f1f2f3,away,false,59,24,Cardinal,Stanford,Stanford Cardinal,STAN,https://a.espncdn.com/i/teamlogos/ncaa/500/24.png,8c1515,ffffff,76
254000045,2005,3,2005-03-27,2005-03-27T22:00:00.000000-0500,3914,Brooke Smith,24,Cardinal,Stanford,Stanford,,4,10,0,0,0,1,2,7,9,0,0,0,0,2,8,true,false,false,true,,B. Smith,,Not Available,NA,Stanford Cardinal,s:40~l:54~t:24,stanford-cardinal,https://a.espncdn.com/i/teamlogos/ncaa/500/24.png,STAN,8c1515,ffffff,home,true,76,41,Huskies,UConn,UConn Huskies,CONN,https://a.espncdn.com/i/teamlogos/ncaa/500/41.png,0c2340,f1f2f3,59
254000045,2005,3,2005-03-27,2005-03-27T22:00:00.000000-0500,1931,Sebnem Kimyacioglu,24,Cardinal,Stanford,Stanford,,1,2,1,2,0,0,0,3,3,0,0,0,0,0,3,true,false,false,true,,S. Kimyacioglu,,Not Available,NA,Stanford Cardinal,s:40~l:54~t:24,stanford-cardinal,https://a.espncdn.com/i/teamlogos/ncaa/500/24.png,STAN,8c1515,ffffff,home,true,76,41,Huskies,UConn,UConn Huskies,CONN,https://a.espncdn.com/i/teamlogos/ncaa/500/41.png,0c2340,f1f2f3,59
254000045,2005,3,2005-03-27,2005-03-27T22:00:00.000000-0500,4896,Candice Wiggins,24,Cardinal,Stanford,Stanford,,4,10,2,4,11,12,1,5,6,0,0,0,0,3,21,true,false,false,true,,C. Wiggins,,Not Available,NA,Stanford Cardinal,s:40~l:54~t:24,stanford-cardinal,https://a.espncdn.com/i/teamlogos/ncaa/500/24.png,STAN,8c1515,ffffff,home,true,76,41,Huskies,UConn,UConn Huskies,CONN,https://a.espncdn.com/i/teamlogos/ncaa/500/41.png,0c2340,f1f2f3,59
254000045,2005,3,2005-03-27,2005-03-27T22:00:00.000000-0500,1935,Kelley Suminski,24,Cardinal,Stanford,Stanford,,4,10,0,3,4,5,0,4,4,0,0,0,0,2,12,true,false,false,true,,K. Suminski,,Not Available,NA,Stanford Cardinal,s:40~l:54~t:24,stanford-cardinal,https://a.espncdn.com/i/teamlogos/ncaa/500/24.png,STAN,8c1515,ffffff,home,true,76,41,Huskies,UConn,UConn Huskies,CONN,https://a.espncdn.com/i/teamlogos/ncaa/500/41.png,0c2340,f1f2f3,59
254000045,2005,3,2005-03-27,2005-03-27T22:00:00.000000-0500,1932,Susan Borchardt,24,Cardinal,Stanford,Stanford,,6,7,4,5,0,0,0,1,1,0,0,0,0,2,16,true,false,false,true,,S. Borchardt,,Not Available,NA,Stanford Cardinal,s:40~l:54~t:24,stanford-cardinal,https://a.espncdn.com/i/teamlogos/ncaa/500/24.png,STAN,8c1515,ffffff,home,true,76,41,Huskies,UConn,UConn Huskies,CONN,https://a.espncdn.com/i/teamlogos/ncaa/500/41.png,0c2340,f1f2f3,59
254000053,2005,3,2005-03-26,2005-03-26T12:00:00.000000-0500,2610,Katie Feenstra,2335,Flames,Liberty,Liberty,,4,15,0,0,1,3,4,7,11,0,0,0,0,2,9,true,false,false,true,,K. Feenstra,,Not Available,NA,Liberty Flames,s:40~l:54~t:2335,liberty-flames,https://a.espncdn.com/i/teamlogos/ncaa/500/2335.png,LIB,071740,a61f21,away,false,48,99,Tigers,LSU,LSU Tigers,LSU,https://a.espncdn.com/i/teamlogos/ncaa/500/99.png,461d7c,fdd023,90
254000053,2005,3,2005-03-26,2005-03-26T12:00:00.000000-0500,2723,Rima Margeviciute,2335,Flames,Liberty,Liberty,,3,7,0,1,4,5,1,1,2,0,0,0,0,2,10,true,false,false,true,,R. Margeviciute,,Not Available,NA,Liberty Flames,s:40~l:54~t:2335,liberty-flames,https://a.espncdn.com/i/teamlogos/ncaa/500/2335.png,LIB,071740,a61f21,away,false,48,99,Tigers,LSU,LSU Tigers,LSU,https://a.espncdn.com/i/teamlogos/ncaa/500/99.png,461d7c,fdd023,90
254000053,2005,3,2005-03-26,2005-03-26T12:00:00.000000-0500,5053,Allyson Fasnacht,2335,Flames,Liberty,Liberty,,1,1,1,1,0,0,0,0,0,0,0,0,0,1,3,true,false,false,true,,A. Fasnacht,,Not Available,NA,Liberty Flames,s:40~l:54~t:2335,liberty-flames,https://a.espncdn.com/i/teamlogos/ncaa/500/2335.png,LIB,071740,a61f21,away,false,48,99,Tigers,LSU,LSU Tigers,LSU,https://a.espncdn.com/i/teamlogos/ncaa/500/99.png,461d7c,fdd023,90
254000053,2005,3,2005-03-26,2005-03-26T12:00:00.000000-0500,2616,Kristal Tharp,2335,Flames,Liberty,Liberty,,1,7,1,5,2,2,2,4,6,0,0,0,0,1,5,true,false,false,true,,K. Tharp,,Not Available,NA,Liberty Flames,s:40~l:54~t:2335,liberty-flames,https://a.espncdn.com/i/teamlogos/ncaa/500/2335.png,LIB,071740,a61f21,away,false,48,99,Tigers,LSU,LSU Tigers,LSU,https://a.espncdn.com/i/teamlogos/ncaa/500/99.png,461d7c,fdd023,90
254000053,2005,3,2005-03-26,2005-03-26T12:00:00.000000-0500,2615,Daina Stagaitene,2335,Flames,Liberty,Liberty,,3,9,2,5,2,2,0,2,2,0,0,0,0,4,10,true,false,false,true,,D. Stagaitene,,Not Available,NA,Liberty Flames,s:40~l:54~t:2335,liberty-flames,https://a.espncdn.com/i/teamlogos/ncaa/500/2335.png,LIB,071740,a61f21,away,false,48,99,Tigers,LSU,LSU Tigers,LSU,https://a.espncdn.com/i/teamlogos/ncaa/500/99.png,461d7c,fdd023,90
254000053,2005,3,2005-03-26,2005-03-26T12:00:00.000000-0500,1043,Tillie Willis,99,Tigers,LSU,LSU,,2,2,0,0,0,0,0,3,3,0,0,0,0,2,4,true,false,false,true,,T. Willis,,Not Available,NA,LSU Tigers,s:40~l:54~t:99,lsu-tigers,https://a.espncdn.com/i/teamlogos/ncaa/500/99.png,LSU,461d7c,fdd023,home,true,90,2335,Flames,Liberty,Liberty Flames,LIB,https://a.espncdn.com/i/teamlogos/ncaa/500/2335.png,071740,a61f21,48
254000053,2005,3,2005-03-26,2005-03-26T12:00:00.000000-0500,1042,Wendlyn Jones,99,Tigers,LSU,LSU,,0,3,0,0,0,0,1,5,6,0,0,0,0,2,0,true,false,false,true,,W. Jones,,Not Available,NA,LSU Tigers,s:40~l:54~t:99,lsu-tigers,https://a.espncdn.com/i/teamlogos/ncaa/500/99.png,LSU,461d7c,fdd023,home,true,90,2335,Flames,Liberty,Liberty Flames,LIB,https://a.espncdn.com/i/teamlogos/ncaa/500/2335.png,071740,a61f21,48
254000053,2005,3,2005-03-26,2005-03-26T12:00:00.000000-0500,3715,Scholanda Hoston,99,Tigers,LSU,LSU,,8,14,3,5,3,4,1,1,2,0,0,0,0,3,22,true,false,false,true,,S. Hoston,,Not Available,NA,LSU Tigers,s:40~l:54~t:99,lsu-tigers,https://a.espncdn.com/i/teamlogos/ncaa/500/99.png,LSU,461d7c,fdd023,home,true,90,2335,Flames,Liberty,Liberty Flames,LIB,https://a.espncdn.com/i/teamlogos/ncaa/500/2335.png,071740,a61f21,48
254000053,2005,3,2005-03-26,2005-03-26T12:00:00.000000-0500,2635,Seimone Augustus,99,Tigers,LSU,LSU,,10,12,0,1,2,2,2,0,2,0,0,0,0,1,22,true,false,false,true,,S. Augustus,,Not Available,NA,LSU Tigers,s:40~l:54~t:99,lsu-tigers,https://a.espncdn.com/i/teamlogos/ncaa/500/99.png,LSU,461d7c,fdd023,home,true,90,2335,Flames,Liberty,Liberty Flames,LIB,https://a.espncdn.com/i/teamlogos/ncaa/500/2335.png,071740,a61f21,48
254000053,2005,3,2005-03-26,2005-03-26T12:00:00.000000-0500,1041,Temeka Johnson,99,Tigers,LSU,LSU,,5,8,2,2,0,0,0,3,3,0,0,0,0,0,12,true,false,false,true,,T. Johnson,,Not Available,NA,LSU Tigers,s:40~l:54~t:99,lsu-tigers,https://a.espncdn.com/i/teamlogos/ncaa/500/99.png,LSU,461d7c,fdd023,home,true,90,2335,Flames,Liberty,Liberty Flames,LIB,https://a.espncdn.com/i/teamlogos/ncaa/500/2335.png,071740,a61f21,48
254000060,2005,3,2005-03-26,2005-03-26T14:30:00.000000-0500,4838,Tasha Humphrey,61,Lady Bulldogs,Georgia,Georgia,,7,13,2,3,0,3,1,11,12,0,0,0,0,4,16,true,false,false,true,,T. Humphrey,,Not Available,NA,Georgia Lady Bulldogs,s:40~l:54~t:61,georgia-lady-bulldogs,https://a.espncdn.com/i/teamlogos/ncaa/500/61.png,UGA,CC0000,000000,away,false,57,150,Blue Devils,Duke,Duke Blue Devils,DUKE,https://a.espncdn.com/i/teamlogos/ncaa/500/150.png,013088,ffffff,63
254000060,2005,3,2005-03-26,2005-03-26T14:30:00.000000-0500,3743,Rebecca Rowsey,61,Lady Bulldogs,Georgia,Georgia,,0,2,0,0,0,0,1,1,2,0,0,0,0,3,0,true,false,false,true,,R. Rowsey,,Not Available,NA,Georgia Lady Bulldogs,s:40~l:54~t:61,georgia-lady-bulldogs,https://a.espncdn.com/i/teamlogos/ncaa/500/61.png,UGA,CC0000,000000,away,false,57,150,Blue Devils,Duke,Duke Blue Devils,DUKE,https://a.espncdn.com/i/teamlogos/ncaa/500/150.png,013088,ffffff,63
254000060,2005,3,2005-03-26,2005-03-26T14:30:00.000000-0500,3744,Cori Chambers,61,Lady Bulldogs,Georgia,Georgia,,3,10,2,6,2,2,1,4,5,0,0,0,0,4,10,true,false,false,true,,C. Chambers,,Not Available,NA,Georgia Lady Bulldogs,s:40~l:54~t:61,georgia-lady-bulldogs,https://a.espncdn.com/i/teamlogos/ncaa/500/61.png,UGA,CC0000,000000,away,false,57,150,Blue Devils,Duke,Duke Blue Devils,DUKE,https://a.espncdn.com/i/teamlogos/ncaa/500/150.png,013088,ffffff,63
254000060,2005,3,2005-03-26,2005-03-26T14:30:00.000000-0500,2493,Alexis Kendrick,61,Lady Bulldogs,Georgia,Georgia,,3,8,1,4,0,2,1,2,3,0,0,0,0,2,7,true,false,false,true,,A. Kendrick,,Not Available,NA,Georgia Lady Bulldogs,s:40~l:54~t:61,georgia-lady-bulldogs,https://a.espncdn.com/i/teamlogos/ncaa/500/61.png,UGA,CC0000,000000,away,false,57,150,Blue Devils,Duke,Duke Blue Devils,DUKE,https://a.espncdn.com/i/teamlogos/ncaa/500/150.png,013088,ffffff,63
254000060,2005,3,2005-03-26,2005-03-26T14:30:00.000000-0500,2411,Sherill Baker,61,Lady Bulldogs,Georgia,Georgia,,3,12,0,1,2,2,0,2,2,0,0,0,0,4,8,true,false,false,true,,S. Baker,,Not Available,NA,Georgia Lady Bulldogs,s:40~l:54~t:61,georgia-lady-bulldogs,https://a.espncdn.com/i/teamlogos/ncaa/500/61.png,UGA,CC0000,000000,away,false,57,150,Blue Devils,Duke,Duke Blue Devils,DUKE,https://a.espncdn.com/i/teamlogos/ncaa/500/150.png,013088,ffffff,63
254000060,2005,3,2005-03-26,2005-03-26T14:30:00.000000-0500,3713,Alison Bales,150,Blue Devils,Duke,Duke,,3,6,0,0,4,5,2,4,6,0,0,0,0,2,10,true,false,false,true,,A. Bales,,Not Available,NA,Duke Blue Devils,s:40~l:54~t:150,duke-blue-devils,https://a.espncdn.com/i/teamlogos/ncaa/500/150.png,DUKE,013088,ffffff,home,true,63,61,Lady Bulldogs,Georgia,Georgia Lady Bulldogs,UGA,https://a.espncdn.com/i/teamlogos/ncaa/500/61.png,CC0000,000000,57
254000060,2005,3,2005-03-26,2005-03-26T14:30:00.000000-0500,2475,Mistie McCray Bass,150,Blue Devils,Duke,Duke,,6,13,0,0,2,3,5,7,12,0,0,0,0,2,14,true,false,false,true,,M. Bass,,Not Available,NA,Duke Blue Devils,s:40~l:54~t:150,duke-blue-devils,https://a.espncdn.com/i/teamlogos/ncaa/500/150.png,DUKE,013088,ffffff,home,true,63,61,Lady Bulldogs,Georgia,Georgia Lady Bulldogs,UGA,https://a.espncdn.com/i/teamlogos/ncaa/500/61.png,CC0000,000000,57
254000060,2005,3,2005-03-26,2005-03-26T14:30:00.000000-0500,442,Wynter Whitley,150,Blue Devils,Duke,Duke,,1,4,0,1,4,4,0,2,2,0,0,0,0,4,6,true,false,false,true,,W. Whitley,,Not Available,NA,Duke Blue Devils,s:40~l:54~t:150,duke-blue-devils,https://a.espncdn.com/i/teamlogos/ncaa/500/150.png,DUKE,013088,ffffff,home,true,63,61,Lady Bulldogs,Georgia,Georgia Lady Bulldogs,UGA,https://a.espncdn.com/i/teamlogos/ncaa/500/61.png,CC0000,000000,57
254000060,2005,3,2005-03-26,2005-03-26T14:30:00.000000-0500,4819,Wanisha Smith,150,Blue Devils,Duke,Duke,,4,11,1,2,1,2,0,6,6,0,0,0,0,4,10,true,false,false,true,,W. Smith,,Not Available,NA,Duke Blue Devils,s:40~l:54~t:150,duke-blue-devils,https://a.espncdn.com/i/teamlogos/ncaa/500/150.png,DUKE,013088,ffffff,home,true,63,61,Lady Bulldogs,Georgia,Georgia Lady Bulldogs,UGA,https://a.espncdn.com/i/teamlogos/ncaa/500/61.png,CC0000,000000,57
254000060,2005,3,2005-03-26,2005-03-26T14:30:00.000000-0500,438,Monique Currie,150,Blue Devils,Duke,Duke,,5,15,0,0,6,6,3,8,11,0,0,0,0,2,16,true,false,false,true,,M. Currie,,Not Available,NA,Duke Blue Devils,s:40~l:54~t:150,duke-blue-devils,https://a.espncdn.com/i/teamlogos/ncaa/500/150.png,DUKE,013088,ffffff,home,true,63,61,Lady Bulldogs,Georgia,Georgia Lady Bulldogs,UGA,https://a.espncdn.com/i/teamlogos/ncaa/500/61.png,CC0000,000000,57
254000014,2005,3,2005-03-26,2005-03-26T21:00:00.000000-0500,1181,Janel McCarville,135,Golden Gophers,Minnesota,Minnesota,,6,16,0,1,4,5,3,7,10,0,0,0,0,3,16,true,false,false,true,,J. McCarville,,Not Available,NA,Minnesota Golden Gophers,s:40~l:54~t:135,minnesota-golden-gophers,https://a.espncdn.com/i/teamlogos/ncaa/500/135.png,MINN,981a31,981a31,away,false,57,239,Bears,Baylor,Baylor Bears,BAY,https://a.espncdn.com/i/teamlogos/ncaa/500/239.png,154734,ffb81c,64
254000014,2005,3,2005-03-26,2005-03-26T21:00:00.000000-0500,3751,Jaime Broback,135,Golden Gophers,Minnesota,Minnesota,,2,7,0,1,0,0,1,5,6,0,0,0,0,3,4,true,false,false,true,,J. Broback,,Not Available,NA,Minnesota Golden Gophers,s:40~l:54~t:135,minnesota-golden-gophers,https://a.espncdn.com/i/teamlogos/ncaa/500/135.png,MINN,981a31,981a31,away,false,57,239,Bears,Baylor,Baylor Bears,BAY,https://a.espncdn.com/i/teamlogos/ncaa/500/239.png,154734,ffb81c,64
254000014,2005,3,2005-03-26,2005-03-26T21:00:00.000000-0500,2656,Shannon Bolden,135,Golden Gophers,Minnesota,Minnesota,,2,3,2,3,0,0,1,5,6,0,0,0,0,3,6,true,false,false,true,,S. Bolden,,Not Available,NA,Minnesota Golden Gophers,s:40~l:54~t:135,minnesota-golden-gophers,https://a.espncdn.com/i/teamlogos/ncaa/500/135.png,MINN,981a31,981a31,away,false,57,239,Bears,Baylor,Baylor Bears,BAY,https://a.espncdn.com/i/teamlogos/ncaa/500/239.png,154734,ffb81c,64
254000014,2005,3,2005-03-26,2005-03-26T21:00:00.000000-0500,2655,Shannon Schonrock,135,Golden Gophers,Minnesota,Minnesota,,1,6,1,5,0,0,0,1,1,0,0,0,0,2,3,true,false,false,true,,S. Schonrock,,Not Available,NA,Minnesota Golden Gophers,s:40~l:54~t:135,minnesota-golden-gophers,https://a.espncdn.com/i/teamlogos/ncaa/500/135.png,MINN,981a31,981a31,away,false,57,239,Bears,Baylor,Baylor Bears,BAY,https://a.espncdn.com/i/teamlogos/ncaa/500/239.png,154734,ffb81c,64
254000014,2005,3,2005-03-26,2005-03-26T21:00:00.000000-0500,888,April Calhoun,135,Golden Gophers,Minnesota,Minnesota,,3,6,1,1,2,4,0,1,1,0,0,0,0,3,9,true,false,false,true,,A. Calhoun,,Not Available,NA,Minnesota Golden Gophers,s:40~l:54~t:135,minnesota-golden-gophers,https://a.espncdn.com/i/teamlogos/ncaa/500/135.png,MINN,981a31,981a31,away,false,57,239,Bears,Baylor,Baylor Bears,BAY,https://a.espncdn.com/i/teamlogos/ncaa/500/239.png,154734,ffb81c,64
254000014,2005,3,2005-03-26,2005-03-26T21:00:00.000000-0500,121,Steffanie Blackmon,239,Bears,Baylor,Baylor,,4,11,0,0,2,5,1,4,5,0,0,0,0,3,10,true,false,false,true,,S. Blackmon,,Not Available,NA,Baylor Bears,s:40~l:54~t:239,baylor-bears,https://a.espncdn.com/i/teamlogos/ncaa/500/239.png,BAY,154734,ffb81c,home,true,64,135,Golden Gophers,Minnesota,Minnesota Golden Gophers,MINN,https://a.espncdn.com/i/teamlogos/ncaa/500/135.png,981a31,981a31,57
254000014,2005,3,2005-03-26,2005-03-26T21:00:00.000000-0500,2719,Abiola Wabara,239,Bears,Baylor,Baylor,,5,7,0,0,1,3,3,5,8,0,0,0,0,2,11,true,false,false,true,,A. Wabara,,Not Available,NA,Baylor Bears,s:40~l:54~t:239,baylor-bears,https://a.espncdn.com/i/teamlogos/ncaa/500/239.png,BAY,154734,ffb81c,home,true,64,135,Golden Gophers,Minnesota,Minnesota Golden Gophers,MINN,https://a.espncdn.com/i/teamlogos/ncaa/500/135.png,981a31,981a31,57
254000014,2005,3,2005-03-26,2005-03-26T21:00:00.000000-0500,2428,Sophia Young-Malcolm,239,Bears,Baylor,Baylor,,11,19,0,0,2,3,3,2,5,0,0,0,0,1,24,true,false,false,true,,S. Young-Malcolm,,Not Available,NA,Baylor Bears,s:40~l:54~t:239,baylor-bears,https://a.espncdn.com/i/teamlogos/ncaa/500/239.png,BAY,154734,ffb81c,home,true,64,135,Golden Gophers,Minnesota,Minnesota Golden Gophers,MINN,https://a.espncdn.com/i/teamlogos/ncaa/500/135.png,981a31,981a31,57
254000014,2005,3,2005-03-26,2005-03-26T21:00:00.000000-0500,2427,Chameka Scott,239,Bears,Baylor,Baylor,,1,7,0,6,0,1,4,3,7,0,0,0,0,2,2,true,false,false,true,,C. Scott,,Not Available,NA,Baylor Bears,s:40~l:54~t:239,baylor-bears,https://a.espncdn.com/i/teamlogos/ncaa/500/239.png,BAY,154734,ffb81c,home,true,64,135,Golden Gophers,Minnesota,Minnesota Golden Gophers,MINN,https://a.espncdn.com/i/teamlogos/ncaa/500/135.png,981a31,981a31,57
254000014,2005,3,2005-03-26,2005-03-26T21:00:00.000000-0500,124,Chelsea Whitaker,239,Bears,Baylor,Baylor,,2,3,0,0,0,0,0,1,1,0,0,0,0,3,4,true,false,false,true,,C. Whitaker,,Not Available,NA,Baylor Bears,s:40~l:54~t:239,baylor-bears,https://a.espncdn.com/i/teamlogos/ncaa/500/239.png,BAY,154734,ffb81c,home,true,64,135,Golden Gophers,Minnesota,Minnesota Golden Gophers,MINN,https://a.espncdn.com/i/teamlogos/ncaa/500/135.png,981a31,981a31,57
254000007,2005,3,2005-03-26,2005-03-26T23:30:00.000000-0500,2402,Kristen Kovesdy,9,Sun Devils,Arizona State,Arizona State,,5,10,1,1,2,2,0,1,1,0,0,0,0,3,13,true,false,false,true,,K. Kovesdy,,Not Available,NA,Arizona State Sun Devils,s:40~l:54~t:9,arizona-state-sun-devils,https://a.espncdn.com/i/teamlogos/ncaa/500/9.png,ASU,942139,f1f2f3,away,false,72,153,Tar Heels,North Carolina,North Carolina Tar Heels,UNC,https://a.espncdn.com/i/teamlogos/ncaa/500/153.png,7bafd4,13294b,79
254000007,2005,3,2005-03-26,2005-03-26T23:30:00.000000-0500,3842,Aubree Johnson,9,Sun Devils,Arizona State,Arizona State,,4,10,1,2,3,4,3,5,8,0,0,0,0,5,12,true,false,false,true,,A. Johnson,,Not Available,NA,Arizona State Sun Devils,s:40~l:54~t:9,arizona-state-sun-devils,https://a.espncdn.com/i/teamlogos/ncaa/500/9.png,ASU,942139,f1f2f3,away,false,72,153,Tar Heels,North Carolina,North Carolina Tar Heels,UNC,https://a.espncdn.com/i/teamlogos/ncaa/500/153.png,7bafd4,13294b,79
254000007,2005,3,2005-03-26,2005-03-26T23:30:00.000000-0500,3841,Emily Westerberg,9,Sun Devils,Arizona State,Arizona State,,3,15,0,3,6,6,1,6,7,0,0,0,0,5,12,true,false,false,true,,E. Westerberg,,Not Available,NA,Arizona State Sun Devils,s:40~l:54~t:9,arizona-state-sun-devils,https://a.espncdn.com/i/teamlogos/ncaa/500/9.png,ASU,942139,f1f2f3,away,false,72,153,Tar Heels,North Carolina,North Carolina Tar Heels,UNC,https://a.espncdn.com/i/teamlogos/ncaa/500/153.png,7bafd4,13294b,79
254000007,2005,3,2005-03-26,2005-03-26T23:30:00.000000-0500,43,Kylan Loney,9,Sun Devils,Arizona State,Arizona State,,6,10,3,5,3,3,0,1,1,0,0,0,0,1,18,true,false,false,true,,K. Loney,,Not Available,NA,Arizona State Sun Devils,s:40~l:54~t:9,arizona-state-sun-devils,https://a.espncdn.com/i/teamlogos/ncaa/500/9.png,ASU,942139,f1f2f3,away,false,72,153,Tar Heels,North Carolina,North Carolina Tar Heels,UNC,https://a.espncdn.com/i/teamlogos/ncaa/500/153.png,7bafd4,13294b,79
254000007,2005,3,2005-03-26,2005-03-26T23:30:00.000000-0500,42,Carrie Buckner,9,Sun Devils,Arizona State,Arizona State,,3,6,0,0,0,1,4,2,6,0,0,0,0,3,6,true,false,false,true,,C. Buckner,,Not Available,NA,Arizona State Sun Devils,s:40~l:54~t:9,arizona-state-sun-devils,https://a.espncdn.com/i/teamlogos/ncaa/500/9.png,ASU,942139,f1f2f3,away,false,72,153,Tar Heels,North Carolina,North Carolina Tar Heels,UNC,https://a.espncdn.com/i/teamlogos/ncaa/500/153.png,7bafd4,13294b,79
254000007,2005,3,2005-03-26,2005-03-26T23:30:00.000000-0500,4820,Erlana Larkins,153,Tar Heels,North Carolina,North Carolina,,6,10,0,0,6,8,6,7,13,0,0,0,0,2,18,true,false,false,true,,E. Larkins,,Not Available,NA,North Carolina Tar Heels,s:40~l:54~t:153,north-carolina-tar-heels,https://a.espncdn.com/i/teamlogos/ncaa/500/153.png,UNC,7bafd4,13294b,home,true,79,9,Sun Devils,Arizona State,Arizona State Sun Devils,ASU,https://a.espncdn.com/i/teamlogos/ncaa/500/9.png,942139,f1f2f3,72
254000007,2005,3,2005-03-26,2005-03-26T23:30:00.000000-0500,3754,Camille Little,153,Tar Heels,North Carolina,North Carolina,,3,10,0,2,1,3,2,3,5,0,0,0,0,2,7,true,false,false,true,,C. Little,,Not Available,NA,North Carolina Tar Heels,s:40~l:54~t:153,north-carolina-tar-heels,https://a.espncdn.com/i/teamlogos/ncaa/500/153.png,UNC,7bafd4,13294b,home,true,79,9,Sun Devils,Arizona State,Arizona State Sun Devils,ASU,https://a.espncdn.com/i/teamlogos/ncaa/500/9.png,942139,f1f2f3,72
254000007,2005,3,2005-03-26,2005-03-26T23:30:00.000000-0500,1397,Nikita Bell,153,Tar Heels,North Carolina,North Carolina,,5,9,0,0,3,5,3,3,6,0,0,0,0,4,13,true,false,false,true,,N. Bell,,Not Available,NA,North Carolina Tar Heels,s:40~l:54~t:153,north-carolina-tar-heels,https://a.espncdn.com/i/teamlogos/ncaa/500/153.png,UNC,7bafd4,13294b,home,true,79,9,Sun Devils,Arizona State,Arizona State Sun Devils,ASU,https://a.espncdn.com/i/teamlogos/ncaa/500/9.png,942139,f1f2f3,72
254000007,2005,3,2005-03-26,2005-03-26T23:30:00.000000-0500,3755,Ivory Latta,153,Tar Heels,North Carolina,North Carolina,,6,14,1,5,7,10,0,4,4,0,0,0,0,1,20,true,false,false,true,,I. Latta,,Not Available,NA,North Carolina Tar Heels,s:40~l:54~t:153,north-carolina-tar-heels,https://a.espncdn.com/i/teamlogos/ncaa/500/153.png,UNC,7bafd4,13294b,home,true,79,9,Sun Devils,Arizona State,Arizona State Sun Devils,ASU,https://a.espncdn.com/i/teamlogos/ncaa/500/9.png,942139,f1f2f3,72
254000007,2005,3,2005-03-26,2005-03-26T23:30:00.000000-0500,2647,La'Tangela Atkinson,153,Tar Heels,North Carolina,North Carolina,,6,12,1,1,1,1,4,1,5,0,0,0,0,3,14,true,false,false,true,,L. Atkinson,,Not Available,NA,North Carolina Tar Heels,s:40~l:54~t:153,north-carolina-tar-heels,https://a.espncdn.com/i/teamlogos/ncaa/500/153.png,UNC,7bafd4,13294b,home,true,79,9,Sun Devils,Arizona State,Arizona State Sun Devils,ASU,https://a.espncdn.com/i/teamlogos/ncaa/500/9.png,942139,f1f2f3,72
254000052,2005,3,2005-03-22,2005-03-22T19:00:00.000000-0500,2610,Katie Feenstra,2335,Flames,Liberty,Liberty,,11,14,0,0,7,7,2,8,10,0,0,0,0,3,29,true,false,false,true,,K. Feenstra,,Not Available,NA,Liberty Flames,s:40~l:54~t:2335,liberty-flames,https://a.espncdn.com/i/teamlogos/ncaa/500/2335.png,LIB,071740,a61f21,away,true,88,305,Blue Demons,DePaul,DePaul Blue Demons,DEP,https://a.espncdn.com/i/teamlogos/ncaa/500/305.png,2d649c,ce1125,79
254000052,2005,3,2005-03-22,2005-03-22T19:00:00.000000-0500,2723,Rima Margeviciute,2335,Flames,Liberty,Liberty,,5,7,1,1,1,1,0,5,5,0,0,0,0,2,12,true,false,false,true,,R. Margeviciute,,Not Available,NA,Liberty Flames,s:40~l:54~t:2335,liberty-flames,https://a.espncdn.com/i/teamlogos/ncaa/500/2335.png,LIB,071740,a61f21,away,true,88,305,Blue Demons,DePaul,DePaul Blue Demons,DEP,https://a.espncdn.com/i/teamlogos/ncaa/500/305.png,2d649c,ce1125,79
254000052,2005,3,2005-03-22,2005-03-22T19:00:00.000000-0500,2616,Kristal Tharp,2335,Flames,Liberty,Liberty,,5,14,0,4,6,6,6,2,8,0,0,0,0,2,16,true,false,false,true,,K. Tharp,,Not Available,NA,Liberty Flames,s:40~l:54~t:2335,liberty-flames,https://a.espncdn.com/i/teamlogos/ncaa/500/2335.png,LIB,071740,a61f21,away,true,88,305,Blue Demons,DePaul,DePaul Blue Demons,DEP,https://a.espncdn.com/i/teamlogos/ncaa/500/305.png,2d649c,ce1125,79
254000052,2005,3,2005-03-22,2005-03-22T19:00:00.000000-0500,5053,Allyson Fasnacht,2335,Flames,Liberty,Liberty,,1,3,0,1,2,2,0,3,3,0,0,0,0,0,4,true,false,false,true,,A. Fasnacht,,Not Available,NA,Liberty Flames,s:40~l:54~t:2335,liberty-flames,https://a.espncdn.com/i/teamlogos/ncaa/500/2335.png,LIB,071740,a61f21,away,true,88,305,Blue Demons,DePaul,DePaul Blue Demons,DEP,https://a.espncdn.com/i/teamlogos/ncaa/500/305.png,2d649c,ce1125,79
254000052,2005,3,2005-03-22,2005-03-22T19:00:00.000000-0500,2615,Daina Stagaitene,2335,Flames,Liberty,Liberty,,1,5,1,3,2,2,0,3,3,0,0,0,0,3,5,true,false,false,true,,D. Stagaitene,,Not Available,NA,Liberty Flames,s:40~l:54~t:2335,liberty-flames,https://a.espncdn.com/i/teamlogos/ncaa/500/2335.png,LIB,071740,a61f21,away,true,88,305,Blue Demons,DePaul,DePaul Blue Demons,DEP,https://a.espncdn.com/i/teamlogos/ncaa/500/305.png,2d649c,ce1125,79
254000052,2005,3,2005-03-22,2005-03-22T19:00:00.000000-0500,4863,Caprice Smith,305,Blue Demons,DePaul,DePaul,,2,5,1,1,0,0,2,0,2,0,0,0,0,2,5,true,false,false,true,,C. Smith,,Not Available,NA,DePaul Blue Demons,s:40~l:54~t:305,depaul-blue-demons,https://a.espncdn.com/i/teamlogos/ncaa/500/305.png,DEP,2d649c,ce1125,home,false,79,2335,Flames,Liberty,Liberty Flames,LIB,https://a.espncdn.com/i/teamlogos/ncaa/500/2335.png,071740,a61f21,88
254000052,2005,3,2005-03-22,2005-03-22T19:00:00.000000-0500,4862,Erin Carney,305,Blue Demons,DePaul,DePaul,,4,9,0,0,3,4,7,3,10,0,0,0,0,4,11,true,false,false,true,,E. Carney,,Not Available,NA,DePaul Blue Demons,s:40~l:54~t:305,depaul-blue-demons,https://a.espncdn.com/i/teamlogos/ncaa/500/305.png,DEP,2d649c,ce1125,home,false,79,2335,Flames,Liberty,Liberty Flames,LIB,https://a.espncdn.com/i/teamlogos/ncaa/500/2335.png,071740,a61f21,88
254000052,2005,3,2005-03-22,2005-03-22T19:00:00.000000-0500,4859,Allie Quigley,305,Blue Demons,DePaul,DePaul,,1,17,1,12,2,2,1,0,1,0,0,0,0,5,5,true,false,false,true,,A. Quigley,,Not Available,NA,DePaul Blue Demons,s:40~l:54~t:305,depaul-blue-demons,https://a.espncdn.com/i/teamlogos/ncaa/500/305.png,DEP,2d649c,ce1125,home,false,79,2335,Flames,Liberty,Liberty Flames,LIB,https://a.espncdn.com/i/teamlogos/ncaa/500/2335.png,071740,a61f21,88
254000052,2005,3,2005-03-22,2005-03-22T19:00:00.000000-0500,4561,Jenna Rubino,305,Blue Demons,DePaul,DePaul,,3,8,0,3,0,0,5,1,6,0,0,0,0,3,6,true,false,false,true,,J. Rubino,,Not Available,NA,DePaul Blue Demons,s:40~l:54~t:305,depaul-blue-demons,https://a.espncdn.com/i/teamlogos/ncaa/500/305.png,DEP,2d649c,ce1125,home,false,79,2335,Flames,Liberty,Liberty Flames,LIB,https://a.espncdn.com/i/teamlogos/ncaa/500/2335.png,071740,a61f21,88
254000052,2005,3,2005-03-22,2005-03-22T19:00:00.000000-0500,410,Jenni Dant,305,Blue Demons,DePaul,DePaul,,9,20,6,9,2,3,2,1,3,0,0,0,0,3,26,true,false,false,true,,J. Dant,,Not Available,NA,DePaul Blue Demons,s:40~l:54~t:305,depaul-blue-demons,https://a.espncdn.com/i/teamlogos/ncaa/500/305.png,DEP,2d649c,ce1125,home,false,79,2335,Flames,Liberty,Liberty Flames,LIB,https://a.espncdn.com/i/teamlogos/ncaa/500/2335.png,071740,a61f21,88
254000049,2005,3,2005-03-22,2005-03-22T19:00:00.000000-0500,2859,Shawntinice Polk,12,Wildcats,Arizona,Arizona,,4,9,0,0,2,2,1,4,5,0,0,0,0,1,10,true,false,false,true,,S. Polk,,Not Available,NA,Arizona Wildcats,s:40~l:54~t:12,arizona-wildcats,https://a.espncdn.com/i/teamlogos/ncaa/500/12.png,ARIZ,0c234b,ab0520,away,false,43,99,Tigers,LSU,LSU Tigers,LSU,https://a.espncdn.com/i/teamlogos/ncaa/500/99.png,461d7c,fdd023,76
254000049,2005,3,2005-03-22,2005-03-22T19:00:00.000000-0500,2856,Natalie Jones,12,Wildcats,Arizona,Arizona,,0,8,0,4,1,2,3,1,4,0,0,0,0,1,1,true,false,false,true,,N. Jones,,Not Available,NA,Arizona Wildcats,s:40~l:54~t:12,arizona-wildcats,https://a.espncdn.com/i/teamlogos/ncaa/500/12.png,ARIZ,0c234b,ab0520,away,false,43,99,Tigers,LSU,LSU Tigers,LSU,https://a.espncdn.com/i/teamlogos/ncaa/500/99.png,461d7c,fdd023,76
254000049,2005,3,2005-03-22,2005-03-22T19:00:00.000000-0500,36,Danielle Adefeso,12,Wildcats,Arizona,Arizona,,3,13,0,0,1,2,7,5,12,0,0,0,0,3,7,true,false,false,true,,D. Adefeso,,Not Available,NA,Arizona Wildcats,s:40~l:54~t:12,arizona-wildcats,https://a.espncdn.com/i/teamlogos/ncaa/500/12.png,ARIZ,0c234b,ab0520,away,false,43,99,Tigers,LSU,LSU Tigers,LSU,https://a.espncdn.com/i/teamlogos/ncaa/500/99.png,461d7c,fdd023,76
254000049,2005,3,2005-03-22,2005-03-22T19:00:00.000000-0500,5004,Jessica Arnold,12,Wildcats,Arizona,Arizona,,3,7,0,1,2,2,0,2,2,0,0,0,0,2,8,true,false,false,true,,J. Arnold,,Not Available,NA,Arizona Wildcats,s:40~l:54~t:12,arizona-wildcats,https://a.espncdn.com/i/teamlogos/ncaa/500/12.png,ARIZ,0c234b,ab0520,away,false,43,99,Tigers,LSU,LSU Tigers,LSU,https://a.espncdn.com/i/teamlogos/ncaa/500/99.png,461d7c,fdd023,76
254000049,2005,3,2005-03-22,2005-03-22T19:00:00.000000-0500,39,Dee Dee Wheeler,12,Wildcats,Arizona,Arizona,,4,13,1,3,4,7,2,1,3,0,0,0,0,2,13,true,false,false,true,,D. Wheeler,,Not Available,NA,Arizona Wildcats,s:40~l:54~t:12,arizona-wildcats,https://a.espncdn.com/i/teamlogos/ncaa/500/12.png,ARIZ,0c234b,ab0520,away,false,43,99,Tigers,LSU,LSU Tigers,LSU,https://a.espncdn.com/i/teamlogos/ncaa/500/99.png,461d7c,fdd023,76
254000049,2005,3,2005-03-22,2005-03-22T19:00:00.000000-0500,1043,Tillie Willis,99,Tigers,LSU,LSU,,2,5,0,0,0,1,1,2,3,0,0,0,0,0,4,true,false,false,true,,T. Willis,,Not Available,NA,LSU Tigers,s:40~l:54~t:99,lsu-tigers,https://a.espncdn.com/i/teamlogos/ncaa/500/99.png,LSU,461d7c,fdd023,home,true,76,12,Wildcats,Arizona,Arizona Wildcats,ARIZ,https://a.espncdn.com/i/teamlogos/ncaa/500/12.png,0c234b,ab0520,43
254000049,2005,3,2005-03-22,2005-03-22T19:00:00.000000-0500,2635,Seimone Augustus,99,Tigers,LSU,LSU,,7,18,0,0,4,4,4,4,8,0,0,0,0,0,18,true,false,false,true,,S. Augustus,,Not Available,NA,LSU Tigers,s:40~l:54~t:99,lsu-tigers,https://a.espncdn.com/i/teamlogos/ncaa/500/99.png,LSU,461d7c,fdd023,home,true,76,12,Wildcats,Arizona,Arizona Wildcats,ARIZ,https://a.espncdn.com/i/teamlogos/ncaa/500/12.png,0c234b,ab0520,43
254000049,2005,3,2005-03-22,2005-03-22T19:00:00.000000-0500,1042,Wendlyn Jones,99,Tigers,LSU,LSU,,1,2,0,0,0,0,4,3,7,0,0,0,0,1,2,true,false,false,true,,W. Jones,,Not Available,NA,LSU Tigers,s:40~l:54~t:99,lsu-tigers,https://a.espncdn.com/i/teamlogos/ncaa/500/99.png,LSU,461d7c,fdd023,home,true,76,12,Wildcats,Arizona,Arizona Wildcats,ARIZ,https://a.espncdn.com/i/teamlogos/ncaa/500/12.png,0c234b,ab0520,43
254000049,2005,3,2005-03-22,2005-03-22T19:00:00.000000-0500,3715,Scholanda Hoston,99,Tigers,LSU,LSU,,5,14,2,6,0,0,1,1,2,0,0,0,0,2,12,true,false,false,true,,S. Hoston,,Not Available,NA,LSU Tigers,s:40~l:54~t:99,lsu-tigers,https://a.espncdn.com/i/teamlogos/ncaa/500/99.png,LSU,461d7c,fdd023,home,true,76,12,Wildcats,Arizona,Arizona Wildcats,ARIZ,https://a.espncdn.com/i/teamlogos/ncaa/500/12.png,0c234b,ab0520,43
254000049,2005,3,2005-03-22,2005-03-22T19:00:00.000000-0500,1041,Temeka Johnson,99,Tigers,LSU,LSU,,4,4,2,2,4,4,0,3,3,0,0,0,0,0,14,true,false,false,true,,T. Johnson,,Not Available,NA,LSU Tigers,s:40~l:54~t:99,lsu-tigers,https://a.espncdn.com/i/teamlogos/ncaa/500/99.png,LSU,461d7c,fdd023,home,true,76,12,Wildcats,Arizona,Arizona Wildcats,ARIZ,https://a.espncdn.com/i/teamlogos/ncaa/500/12.png,0c234b,ab0520,43
254000041,2005,3,2005-03-22,2005-03-22T19:00:00.000000-0500,4096,Alicia Gladden,52,Seminoles,Florida State,Florida St,,3,6,0,0,4,5,0,3,3,0,0,0,0,4,10,true,false,false,true,,A. Gladden,,Not Available,NA,Florida State Seminoles,s:40~l:54~t:52,florida-state-seminoles,https://a.espncdn.com/i/teamlogos/ncaa/500/52.png,FSU,782F40,ceb888,away,false,52,41,Huskies,UConn,UConn Huskies,CONN,https://a.espncdn.com/i/teamlogos/ncaa/500/41.png,0c2340,f1f2f3,70
254000041,2005,3,2005-03-22,2005-03-22T19:00:00.000000-0500,4037,Roneeka Hodges,52,Seminoles,Florida State,Florida St,,11,21,2,6,4,6,1,3,4,0,0,0,0,2,28,true,false,false,true,,R. Hodges,,Not Available,NA,Florida State Seminoles,s:40~l:54~t:52,florida-state-seminoles,https://a.espncdn.com/i/teamlogos/ncaa/500/52.png,FSU,782F40,ceb888,away,false,52,41,Huskies,UConn,UConn Huskies,CONN,https://a.espncdn.com/i/teamlogos/ncaa/500/41.png,0c2340,f1f2f3,70
254000041,2005,3,2005-03-22,2005-03-22T19:00:00.000000-0500,2537,Ganiyat Adeduntan,52,Seminoles,Florida State,Florida St,,0,5,0,1,0,0,0,6,6,0,0,0,0,3,0,true,false,false,true,,G. Adeduntan,,Not Available,NA,Florida State Seminoles,s:40~l:54~t:52,florida-state-seminoles,https://a.espncdn.com/i/teamlogos/ncaa/500/52.png,FSU,782F40,ceb888,away,false,52,41,Huskies,UConn,UConn Huskies,CONN,https://a.espncdn.com/i/teamlogos/ncaa/500/41.png,0c2340,f1f2f3,70
254000041,2005,3,2005-03-22,2005-03-22T19:00:00.000000-0500,2416,Holly Johnson,52,Seminoles,Florida State,Florida St,,0,7,0,3,2,2,1,3,4,0,0,0,0,3,2,true,false,false,true,,H. Johnson,,Not Available,NA,Florida State Seminoles,s:40~l:54~t:52,florida-state-seminoles,https://a.espncdn.com/i/teamlogos/ncaa/500/52.png,FSU,782F40,ceb888,away,false,52,41,Huskies,UConn,UConn Huskies,CONN,https://a.espncdn.com/i/teamlogos/ncaa/500/41.png,0c2340,f1f2f3,70
254000041,2005,3,2005-03-22,2005-03-22T19:00:00.000000-0500,569,Linnea Liljestrand,52,Seminoles,Florida State,Florida St,,1,3,1,3,0,0,1,2,3,0,0,0,0,1,3,true,false,false,true,,L. Liljestrand,,Not Available,NA,Florida State Seminoles,s:40~l:54~t:52,florida-state-seminoles,https://a.espncdn.com/i/teamlogos/ncaa/500/52.png,FSU,782F40,ceb888,away,false,52,41,Huskies,UConn,UConn Huskies,CONN,https://a.espncdn.com/i/teamlogos/ncaa/500/41.png,0c2340,f1f2f3,70
254000041,2005,3,2005-03-22,2005-03-22T19:00:00.000000-0500,316,Jessica Moore,41,Huskies,UConn,UConn,,5,8,0,0,3,3,2,11,13,0,0,0,0,2,13,true,false,false,true,,J. Moore,,Not Available,NA,UConn Huskies,s:40~l:54~t:41,uconn-huskies,https://a.espncdn.com/i/teamlogos/ncaa/500/41.png,CONN,0c2340,f1f2f3,home,true,70,52,Seminoles,Florida State,Florida State Seminoles,FSU,https://a.espncdn.com/i/teamlogos/ncaa/500/52.png,782F40,ceb888,52
254000041,2005,3,2005-03-22,2005-03-22T19:00:00.000000-0500,2409,Barbara Turner,41,Huskies,UConn,UConn,,5,7,0,2,3,3,2,4,6,0,0,0,0,2,13,true,false,false,true,,B. Turner,,Not Available,NA,UConn Huskies,s:40~l:54~t:41,uconn-huskies,https://a.espncdn.com/i/teamlogos/ncaa/500/41.png,CONN,0c2340,f1f2f3,home,true,70,52,Seminoles,Florida State,Florida State Seminoles,FSU,https://a.espncdn.com/i/teamlogos/ncaa/500/52.png,782F40,ceb888,52
254000041,2005,3,2005-03-22,2005-03-22T19:00:00.000000-0500,2637,Ann Strother,41,Huskies,UConn,UConn,,5,17,3,8,6,7,1,0,1,0,0,0,0,1,19,true,false,false,true,,A. Strother,,Not Available,NA,UConn Huskies,s:40~l:54~t:41,uconn-huskies,https://a.espncdn.com/i/teamlogos/ncaa/500/41.png,CONN,0c2340,f1f2f3,home,true,70,52,Seminoles,Florida State,Florida State Seminoles,FSU,https://a.espncdn.com/i/teamlogos/ncaa/500/52.png,782F40,ceb888,52
254000041,2005,3,2005-03-22,2005-03-22T19:00:00.000000-0500,2410,Nicole Wolff,41,Huskies,UConn,UConn,,0,2,0,0,2,2,0,1,1,0,0,0,0,4,2,true,false,false,true,,N. Wolff,,Not Available,NA,UConn Huskies,s:40~l:54~t:41,uconn-huskies,https://a.espncdn.com/i/teamlogos/ncaa/500/41.png,CONN,0c2340,f1f2f3,home,true,70,52,Seminoles,Florida State,Florida State Seminoles,FSU,https://a.espncdn.com/i/teamlogos/ncaa/500/52.png,782F40,ceb888,52
254000041,2005,3,2005-03-22,2005-03-22T19:00:00.000000-0500,311,Ashley Valley,41,Huskies,UConn,UConn,,0,0,0,0,0,0,0,1,1,0,0,0,0,1,0,true,false,false,true,,A. Valley,,Not Available,NA,UConn Huskies,s:40~l:54~t:41,uconn-huskies,https://a.espncdn.com/i/teamlogos/ncaa/500/41.png,CONN,0c2340,f1f2f3,home,true,70,52,Seminoles,Florida State,Florida State Seminoles,FSU,https://a.espncdn.com/i/teamlogos/ncaa/500/52.png,782F40,ceb888,52
254000003,2005,3,2005-03-22,2005-03-22T19:00:00.000000-0500,3165,Jessica Simmonds,45,Colonials,George Washington,G Washington,,2,17,0,0,5,9,7,2,9,0,0,0,0,2,9,true,false,false,true,,J. Simmonds,,Not Available,NA,George Washington Colonials,s:40~l:54~t:45,george-washington-colonials,https://a.espncdn.com/i/teamlogos/ncaa/500/45.png,GW,002843,e8d2a1,away,false,47,153,Tar Heels,North Carolina,North Carolina Tar Heels,UNC,https://a.espncdn.com/i/teamlogos/ncaa/500/153.png,7bafd4,13294b,71
254000003,2005,3,2005-03-22,2005-03-22T19:00:00.000000-0500,3828,Whitney Allen,45,Colonials,George Washington,G Washington,,0,2,0,0,2,4,0,2,2,0,0,0,0,3,2,true,false,false,true,,W. Allen,,Not Available,NA,George Washington Colonials,s:40~l:54~t:45,george-washington-colonials,https://a.espncdn.com/i/teamlogos/ncaa/500/45.png,GW,002843,e8d2a1,away,false,47,153,Tar Heels,North Carolina,North Carolina Tar Heels,UNC,https://a.espncdn.com/i/teamlogos/ncaa/500/153.png,7bafd4,13294b,71
254000003,2005,3,2005-03-22,2005-03-22T19:00:00.000000-0500,647,Anna Montanana,45,Colonials,George Washington,G Washington,,1,11,0,2,2,3,1,3,4,0,0,0,0,4,4,true,false,false,true,,A. Montanana,,Not Available,NA,George Washington Colonials,s:40~l:54~t:45,george-washington-colonials,https://a.espncdn.com/i/teamlogos/ncaa/500/45.png,GW,002843,e8d2a1,away,false,47,153,Tar Heels,North Carolina,North Carolina Tar Heels,UNC,https://a.espncdn.com/i/teamlogos/ncaa/500/153.png,7bafd4,13294b,71
254000003,2005,3,2005-03-22,2005-03-22T19:00:00.000000-0500,5052,Kimberly Beck,45,Colonials,George Washington,G Washington,,3,5,1,3,0,1,1,1,2,0,0,0,0,3,7,true,false,false,true,,K. Beck,,Not Available,NA,George Washington Colonials,s:40~l:54~t:45,george-washington-colonials,https://a.espncdn.com/i/teamlogos/ncaa/500/45.png,GW,002843,e8d2a1,away,false,47,153,Tar Heels,North Carolina,North Carolina Tar Heels,UNC,https://a.espncdn.com/i/teamlogos/ncaa/500/153.png,7bafd4,13294b,71
254000003,2005,3,2005-03-22,2005-03-22T19:00:00.000000-0500,3826,Kenan Cole,45,Colonials,George Washington,G Washington,,4,10,0,1,3,5,4,3,7,0,0,0,0,3,11,true,false,false,true,,K. Cole,,Not Available,NA,George Washington Colonials,s:40~l:54~t:45,george-washington-colonials,https://a.espncdn.com/i/teamlogos/ncaa/500/45.png,GW,002843,e8d2a1,away,false,47,153,Tar Heels,North Carolina,North Carolina Tar Heels,UNC,https://a.espncdn.com/i/teamlogos/ncaa/500/153.png,7bafd4,13294b,71
254000003,2005,3,2005-03-22,2005-03-22T19:00:00.000000-0500,4820,Erlana Larkins,153,Tar Heels,North Carolina,North Carolina,,4,8,0,0,0,0,3,3,6,0,0,0,0,3,8,true,false,false,true,,E. Larkins,,Not Available,NA,North Carolina Tar Heels,s:40~l:54~t:153,north-carolina-tar-heels,https://a.espncdn.com/i/teamlogos/ncaa/500/153.png,UNC,7bafd4,13294b,home,true,71,45,Colonials,George Washington,George Washington Colonials,GW,https://a.espncdn.com/i/teamlogos/ncaa/500/45.png,002843,e8d2a1,47
254000003,2005,3,2005-03-22,2005-03-22T19:00:00.000000-0500,3754,Camille Little,153,Tar Heels,North Carolina,North Carolina,,3,6,0,0,3,6,2,6,8,0,0,0,0,2,9,true,false,false,true,,C. Little,,Not Available,NA,North Carolina Tar Heels,s:40~l:54~t:153,north-carolina-tar-heels,https://a.espncdn.com/i/teamlogos/ncaa/500/153.png,UNC,7bafd4,13294b,home,true,71,45,Colonials,George Washington,George Washington Colonials,GW,https://a.espncdn.com/i/teamlogos/ncaa/500/45.png,002843,e8d2a1,47
254000003,2005,3,2005-03-22,2005-03-22T19:00:00.000000-0500,1397,Nikita Bell,153,Tar Heels,North Carolina,North Carolina,,5,10,0,0,6,9,0,10,10,0,0,0,0,3,16,true,false,false,true,,N. Bell,,Not Available,NA,North Carolina Tar Heels,s:40~l:54~t:153,north-carolina-tar-heels,https://a.espncdn.com/i/teamlogos/ncaa/500/153.png,UNC,7bafd4,13294b,home,true,71,45,Colonials,George Washington,George Washington Colonials,GW,https://a.espncdn.com/i/teamlogos/ncaa/500/45.png,002843,e8d2a1,47
254000003,2005,3,2005-03-22,2005-03-22T19:00:00.000000-0500,3755,Ivory Latta,153,Tar Heels,North Carolina,North Carolina,,6,10,3,6,2,2,1,0,1,0,0,0,0,3,17,true,false,false,true,,I. Latta,,Not Available,NA,North Carolina Tar Heels,s:40~l:54~t:153,north-carolina-tar-heels,https://a.espncdn.com/i/teamlogos/ncaa/500/153.png,UNC,7bafd4,13294b,home,true,71,45,Colonials,George Washington,George Washington Colonials,GW,https://a.espncdn.com/i/teamlogos/ncaa/500/45.png,002843,e8d2a1,47
254000003,2005,3,2005-03-22,2005-03-22T19:00:00.000000-0500,2647,La'Tangela Atkinson,153,Tar Heels,North Carolina,North Carolina,,2,6,0,1,2,4,2,3,5,0,0,0,0,3,6,true,false,false,true,,L. Atkinson,,Not Available,NA,North Carolina Tar Heels,s:40~l:54~t:153,north-carolina-tar-heels,https://a.espncdn.com/i/teamlogos/ncaa/500/153.png,UNC,7bafd4,13294b,home,true,71,45,Colonials,George Washington,George Washington Colonials,GW,https://a.espncdn.com/i/teamlogos/ncaa/500/45.png,002843,e8d2a1,47
254000059,2005,3,2005-03-22,2005-03-22T21:30:00.000000-0500,3761,Kathrin Ress,103,Eagles,Boston College,Boston College,,1,10,0,0,2,2,0,0,0,0,0,0,0,2,4,true,false,false,true,,K. Ress,,Not Available,NA,Boston College Eagles,s:40~l:54~t:103,boston-college-eagles,https://a.espncdn.com/i/teamlogos/ncaa/500/103.png,BC,8c2232,dbcca6,away,false,65,150,Blue Devils,Duke,Duke Blue Devils,DUKE,https://a.espncdn.com/i/teamlogos/ncaa/500/150.png,013088,ffffff,70
254000059,2005,3,2005-03-22,2005-03-22T21:30:00.000000-0500,2490,Brooke Queenan,103,Eagles,Boston College,Boston College,,8,12,1,1,0,1,3,6,9,0,0,0,0,5,17,true,false,false,true,,B. Queenan,,Not Available,NA,Boston College Eagles,s:40~l:54~t:103,boston-college-eagles,https://a.espncdn.com/i/teamlogos/ncaa/500/103.png,BC,8c2232,dbcca6,away,false,65,150,Blue Devils,Duke,Duke Blue Devils,DUKE,https://a.espncdn.com/i/teamlogos/ncaa/500/150.png,013088,ffffff,70
254000059,2005,3,2005-03-22,2005-03-22T21:30:00.000000-0500,133,Clare Droesch,103,Eagles,Boston College,Boston College,,10,13,3,5,0,0,0,8,8,0,0,0,0,3,23,true,false,false,true,,C. Droesch,,Not Available,NA,Boston College Eagles,s:40~l:54~t:103,boston-college-eagles,https://a.espncdn.com/i/teamlogos/ncaa/500/103.png,BC,8c2232,dbcca6,away,false,65,150,Blue Devils,Duke,Duke Blue Devils,DUKE,https://a.espncdn.com/i/teamlogos/ncaa/500/150.png,013088,ffffff,70
254000059,2005,3,2005-03-22,2005-03-22T21:30:00.000000-0500,3763,Sarah Marshall,103,Eagles,Boston College,Boston College,,0,3,0,0,0,0,1,1,2,0,0,0,0,0,0,true,false,false,true,,S. Marshall,,Not Available,NA,Boston College Eagles,s:40~l:54~t:103,boston-college-eagles,https://a.espncdn.com/i/teamlogos/ncaa/500/103.png,BC,8c2232,dbcca6,away,false,65,150,Blue Devils,Duke,Duke Blue Devils,DUKE,https://a.espncdn.com/i/teamlogos/ncaa/500/150.png,013088,ffffff,70
254000059,2005,3,2005-03-22,2005-03-22T21:30:00.000000-0500,2489,Aja Parham,103,Eagles,Boston College,Boston College,,2,4,0,0,0,0,2,2,4,0,0,0,0,2,4,true,false,false,true,,A. Parham,,Not Available,NA,Boston College Eagles,s:40~l:54~t:103,boston-college-eagles,https://a.espncdn.com/i/teamlogos/ncaa/500/103.png,BC,8c2232,dbcca6,away,false,65,150,Blue Devils,Duke,Duke Blue Devils,DUKE,https://a.espncdn.com/i/teamlogos/ncaa/500/150.png,013088,ffffff,70
254000059,2005,3,2005-03-22,2005-03-22T21:30:00.000000-0500,3713,Alison Bales,150,Blue Devils,Duke,Duke,,7,13,0,0,2,4,1,3,4,0,0,0,0,4,16,true,false,false,true,,A. Bales,,Not Available,NA,Duke Blue Devils,s:40~l:54~t:150,duke-blue-devils,https://a.espncdn.com/i/teamlogos/ncaa/500/150.png,DUKE,013088,ffffff,home,true,70,103,Eagles,Boston College,Boston College Eagles,BC,https://a.espncdn.com/i/teamlogos/ncaa/500/103.png,8c2232,dbcca6,65
254000059,2005,3,2005-03-22,2005-03-22T21:30:00.000000-0500,2475,Mistie McCray Bass,150,Blue Devils,Duke,Duke,,5,10,0,0,2,3,1,4,5,0,0,0,0,1,12,true,false,false,true,,M. Bass,,Not Available,NA,Duke Blue Devils,s:40~l:54~t:150,duke-blue-devils,https://a.espncdn.com/i/teamlogos/ncaa/500/150.png,DUKE,013088,ffffff,home,true,70,103,Eagles,Boston College,Boston College Eagles,BC,https://a.espncdn.com/i/teamlogos/ncaa/500/103.png,8c2232,dbcca6,65
254000059,2005,3,2005-03-22,2005-03-22T21:30:00.000000-0500,438,Monique Currie,150,Blue Devils,Duke,Duke,,6,14,1,3,8,8,2,2,4,0,0,0,0,2,21,true,false,false,true,,M. Currie,,Not Available,NA,Duke Blue Devils,s:40~l:54~t:150,duke-blue-devils,https://a.espncdn.com/i/teamlogos/ncaa/500/150.png,DUKE,013088,ffffff,home,true,70,103,Eagles,Boston College,Boston College Eagles,BC,https://a.espncdn.com/i/teamlogos/ncaa/500/103.png,8c2232,dbcca6,65
254000059,2005,3,2005-03-22,2005-03-22T21:30:00.000000-0500,4819,Wanisha Smith,150,Blue Devils,Duke,Duke,,2,6,1,1,4,4,2,3,5,0,0,0,0,1,9,true,false,false,true,,W. Smith,,Not Available,NA,Duke Blue Devils,s:40~l:54~t:150,duke-blue-devils,https://a.espncdn.com/i/teamlogos/ncaa/500/150.png,DUKE,013088,ffffff,home,true,70,103,Eagles,Boston College,Boston College Eagles,BC,https://a.espncdn.com/i/teamlogos/ncaa/500/103.png,8c2232,dbcca6,65
254000059,2005,3,2005-03-22,2005-03-22T21:30:00.000000-0500,2631,Jessica Foley,150,Blue Devils,Duke,Duke,,,,,,,,,,,,,,,,,true,false,true,true,,J. Foley,,Not Available,NA,Duke Blue Devils,s:40~l:54~t:150,duke-blue-devils,https://a.espncdn.com/i/teamlogos/ncaa/500/150.png,DUKE,013088,ffffff,home,true,70,103,Eagles,Boston College,Boston College Eagles,BC,https://a.espncdn.com/i/teamlogos/ncaa/500/103.png,8c2232,dbcca6,65
254000028,2005,3,2005-03-22,2005-03-22T21:30:00.000000-0500,4857,Crystal Langhorne,120,Terrapins,Maryland,Maryland,,8,18,0,1,4,6,7,5,12,0,0,0,0,2,20,true,false,false,true,,C. Langhorne,,Not Available,NA,Maryland Terrapins,s:40~l:54~t:120,maryland-terrapins,https://a.espncdn.com/i/teamlogos/ncaa/500/120.png,MD,D5002B,ffcd00,away,false,65,194,Buckeyes,Ohio State,Ohio State Buckeyes,OSU,https://a.espncdn.com/i/teamlogos/ncaa/500/194.png,ce1141,505056,75
254000028,2005,3,2005-03-22,2005-03-22T21:30:00.000000-0500,4856,Jade Perry,120,Terrapins,Maryland,Maryland,,0,2,0,0,0,0,0,1,1,0,0,0,0,4,0,true,false,false,true,,J. Perry,,Not Available,NA,Maryland Terrapins,s:40~l:54~t:120,maryland-terrapins,https://a.espncdn.com/i/teamlogos/ncaa/500/120.png,MD,D5002B,ffcd00,away,false,65,194,Buckeyes,Ohio State,Ohio State Buckeyes,OSU,https://a.espncdn.com/i/teamlogos/ncaa/500/194.png,ce1141,505056,75
254000028,2005,3,2005-03-22,2005-03-22T21:30:00.000000-0500,4315,Kalika France,120,Terrapins,Maryland,Maryland,,6,8,2,2,0,0,5,5,10,0,0,0,0,3,14,true,false,false,true,,K. France,,Not Available,NA,Maryland Terrapins,s:40~l:54~t:120,maryland-terrapins,https://a.espncdn.com/i/teamlogos/ncaa/500/120.png,MD,D5002B,ffcd00,away,false,65,194,Buckeyes,Ohio State,Ohio State Buckeyes,OSU,https://a.espncdn.com/i/teamlogos/ncaa/500/194.png,ce1141,505056,75
254000028,2005,3,2005-03-22,2005-03-22T21:30:00.000000-0500,4314,Shay Doron,120,Terrapins,Maryland,Maryland,,3,16,2,7,1,2,1,1,2,0,0,0,0,3,9,true,false,false,true,,S. Doron,,Not Available,NA,Maryland Terrapins,s:40~l:54~t:120,maryland-terrapins,https://a.espncdn.com/i/teamlogos/ncaa/500/120.png,MD,D5002B,ffcd00,away,false,65,194,Buckeyes,Ohio State,Ohio State Buckeyes,OSU,https://a.espncdn.com/i/teamlogos/ncaa/500/194.png,ce1141,505056,75
254000028,2005,3,2005-03-22,2005-03-22T21:30:00.000000-0500,1084,Anesia Smith,120,Terrapins,Maryland,Maryland,,2,4,0,0,0,0,0,0,0,0,0,0,0,1,4,true,false,false,true,,A. Smith,,Not Available,NA,Maryland Terrapins,s:40~l:54~t:120,maryland-terrapins,https://a.espncdn.com/i/teamlogos/ncaa/500/120.png,MD,D5002B,ffcd00,away,false,65,194,Buckeyes,Ohio State,Ohio State Buckeyes,OSU,https://a.espncdn.com/i/teamlogos/ncaa/500/194.png,ce1141,505056,75
254000028,2005,3,2005-03-22,2005-03-22T21:30:00.000000-0500,3831,Jessica Davenport,194,Buckeyes,Ohio State,Ohio State,,5,12,0,0,5,9,3,3,6,0,0,0,0,4,15,true,false,false,true,,J. Davenport,,Not Available,NA,Ohio State Buckeyes,s:40~l:54~t:194,ohio-state-buckeyes,https://a.espncdn.com/i/teamlogos/ncaa/500/194.png,OSU,ce1141,505056,home,true,75,120,Terrapins,Maryland,Maryland Terrapins,MD,https://a.espncdn.com/i/teamlogos/ncaa/500/120.png,D5002B,ffcd00,65
254000028,2005,3,2005-03-22,2005-03-22T21:30:00.000000-0500,3832,Stephanie Blanton,194,Buckeyes,Ohio State,Ohio State,,5,8,1,1,1,2,3,4,7,0,0,0,0,0,12,true,false,false,true,,S. Blanton,,Not Available,NA,Ohio State Buckeyes,s:40~l:54~t:194,ohio-state-buckeyes,https://a.espncdn.com/i/teamlogos/ncaa/500/194.png,OSU,ce1141,505056,home,true,75,120,Terrapins,Maryland,Maryland Terrapins,MD,https://a.espncdn.com/i/teamlogos/ncaa/500/120.png,D5002B,ffcd00,65
254000028,2005,3,2005-03-22,2005-03-22T21:30:00.000000-0500,3833,Brandie Hoskins,194,Buckeyes,Ohio State,Ohio State,,10,14,0,1,2,2,0,5,5,0,0,0,0,1,22,true,false,false,true,,B. Hoskins,,Not Available,NA,Ohio State Buckeyes,s:40~l:54~t:194,ohio-state-buckeyes,https://a.espncdn.com/i/teamlogos/ncaa/500/194.png,OSU,ce1141,505056,home,true,75,120,Terrapins,Maryland,Maryland Terrapins,MD,https://a.espncdn.com/i/teamlogos/ncaa/500/120.png,D5002B,ffcd00,65
254000028,2005,3,2005-03-22,2005-03-22T21:30:00.000000-0500,1497,Caity Matter,194,Buckeyes,Ohio State,Ohio State,,6,9,3,4,1,2,1,2,3,0,0,0,0,2,16,true,false,false,true,,C. Matter,,Not Available,NA,Ohio State Buckeyes,s:40~l:54~t:194,ohio-state-buckeyes,https://a.espncdn.com/i/teamlogos/ncaa/500/194.png,OSU,ce1141,505056,home,true,75,120,Terrapins,Maryland,Maryland Terrapins,MD,https://a.espncdn.com/i/teamlogos/ncaa/500/120.png,D5002B,ffcd00,65
254000028,2005,3,2005-03-22,2005-03-22T21:30:00.000000-0500,1493,Ashley Allen,194,Buckeyes,Ohio State,Ohio State,,3,8,2,4,0,0,0,4,4,0,0,0,0,1,8,true,false,false,true,,A. Allen,,Not Available,NA,Ohio State Buckeyes,s:40~l:54~t:194,ohio-state-buckeyes,https://a.espncdn.com/i/teamlogos/ncaa/500/194.png,OSU,ce1141,505056,home,true,75,120,Terrapins,Maryland,Maryland Terrapins,MD,https://a.espncdn.com/i/teamlogos/ncaa/500/120.png,D5002B,ffcd00,65
254000025,2005,3,2005-03-22,2005-03-22T21:30:00.000000-0500,3023,Candice Dupree,218,Owls,Temple,Temple,,5,14,0,0,1,2,1,6,7,0,0,0,0,1,11,true,false,false,true,,C. Dupree,,Not Available,NA,Temple Owls,s:40~l:54~t:218,temple-owls,https://a.espncdn.com/i/teamlogos/ncaa/500/218.png,TEM,A80532,a7a9ac,away,false,54,164,Scarlet Knights,Rutgers,Rutgers Scarlet Knights,RUTG,https://a.espncdn.com/i/teamlogos/ncaa/500/164.png,d21034,ffffff,61
254000025,2005,3,2005-03-22,2005-03-22T21:30:00.000000-0500,4328,Kamesha Hairston,218,Owls,Temple,Temple,,2,7,0,1,3,3,0,3,3,0,0,0,0,3,7,true,false,false,true,,K. Hairston,,Not Available,NA,Temple Owls,s:40~l:54~t:218,temple-owls,https://a.espncdn.com/i/teamlogos/ncaa/500/218.png,TEM,A80532,a7a9ac,away,false,54,164,Scarlet Knights,Rutgers,Rutgers Scarlet Knights,RUTG,https://a.espncdn.com/i/teamlogos/ncaa/500/164.png,d21034,ffffff,61
254000025,2005,3,2005-03-22,2005-03-22T21:30:00.000000-0500,3022,Jennifer Owens,218,Owls,Temple,Temple,,0,1,0,1,0,0,0,0,0,0,0,0,0,2,0,true,false,false,true,,J. Owens,,Not Available,NA,Temple Owls,s:40~l:54~t:218,temple-owls,https://a.espncdn.com/i/teamlogos/ncaa/500/218.png,TEM,A80532,a7a9ac,away,false,54,164,Scarlet Knights,Rutgers,Rutgers Scarlet Knights,RUTG,https://a.espncdn.com/i/teamlogos/ncaa/500/164.png,d21034,ffffff,61
254000025,2005,3,2005-03-22,2005-03-22T21:30:00.000000-0500,1990,Ari Moore,218,Owls,Temple,Temple,,4,8,2,3,3,4,1,5,6,0,0,0,0,5,13,true,false,false,true,,A. Moore,,Not Available,NA,Temple Owls,s:40~l:54~t:218,temple-owls,https://a.espncdn.com/i/teamlogos/ncaa/500/218.png,TEM,A80532,a7a9ac,away,false,54,164,Scarlet Knights,Rutgers,Rutgers Scarlet Knights,RUTG,https://a.espncdn.com/i/teamlogos/ncaa/500/164.png,d21034,ffffff,61
254000025,2005,3,2005-03-22,2005-03-22T21:30:00.000000-0500,1988,Cynthia Jordan,218,Owls,Temple,Temple,,5,11,2,5,3,4,1,1,2,0,0,0,0,4,15,true,false,false,true,,C. Jordan,,Not Available,NA,Temple Owls,s:40~l:54~t:218,temple-owls,https://a.espncdn.com/i/teamlogos/ncaa/500/218.png,TEM,A80532,a7a9ac,away,false,54,164,Scarlet Knights,Rutgers,Rutgers Scarlet Knights,RUTG,https://a.espncdn.com/i/teamlogos/ncaa/500/164.png,d21034,ffffff,61
254000025,2005,3,2005-03-22,2005-03-22T21:30:00.000000-0500,2400,Michelle Campbell,164,Scarlet Knights,Rutgers,Rutgers,,2,4,0,0,2,3,5,3,8,0,0,0,0,4,6,true,false,false,true,,M. Campbell,,Not Available,NA,Rutgers Scarlet Knights,s:40~l:54~t:164,rutgers-scarlet-knights,https://a.espncdn.com/i/teamlogos/ncaa/500/164.png,RUTG,d21034,ffffff,home,true,61,218,Owls,Temple,Temple Owls,TEM,https://a.espncdn.com/i/teamlogos/ncaa/500/218.png,A80532,a7a9ac,54
254000025,2005,3,2005-03-22,2005-03-22T21:30:00.000000-0500,4816,Matee Ajavon,164,Scarlet Knights,Rutgers,Rutgers,,1,5,0,1,3,4,0,0,0,0,0,0,0,1,5,true,false,false,true,,M. Ajavon,,Not Available,NA,Rutgers Scarlet Knights,s:40~l:54~t:164,rutgers-scarlet-knights,https://a.espncdn.com/i/teamlogos/ncaa/500/164.png,RUTG,d21034,ffffff,home,true,61,218,Owls,Temple,Temple Owls,TEM,https://a.espncdn.com/i/teamlogos/ncaa/500/218.png,A80532,a7a9ac,54
254000025,2005,3,2005-03-22,2005-03-22T21:30:00.000000-0500,4814,Essence Carson,164,Scarlet Knights,Rutgers,Rutgers,,3,7,0,0,0,0,1,6,7,0,0,0,0,2,6,true,false,false,true,,E. Carson,,Not Available,NA,Rutgers Scarlet Knights,s:40~l:54~t:164,rutgers-scarlet-knights,https://a.espncdn.com/i/teamlogos/ncaa/500/164.png,RUTG,d21034,ffffff,home,true,61,218,Owls,Temple,Temple Owls,TEM,https://a.espncdn.com/i/teamlogos/ncaa/500/218.png,A80532,a7a9ac,54
254000025,2005,3,2005-03-22,2005-03-22T21:30:00.000000-0500,1695,Cappie Pondexter,164,Scarlet Knights,Rutgers,Rutgers,,7,12,3,3,8,10,0,5,5,0,0,0,0,1,25,true,false,false,true,,C. Pondexter,,Not Available,NA,Rutgers Scarlet Knights,s:40~l:54~t:164,rutgers-scarlet-knights,https://a.espncdn.com/i/teamlogos/ncaa/500/164.png,RUTG,d21034,ffffff,home,true,61,218,Owls,Temple,Temple Owls,TEM,https://a.espncdn.com/i/teamlogos/ncaa/500/218.png,A80532,a7a9ac,54
254000025,2005,3,2005-03-22,2005-03-22T21:30:00.000000-0500,1694,Chelsea Newton,164,Scarlet Knights,Rutgers,Rutgers,,3,8,0,0,5,6,2,5,7,0,0,0,0,3,11,true,false,false,true,,C. Newton,,Not Available,NA,Rutgers Scarlet Knights,s:40~l:54~t:164,rutgers-scarlet-knights,https://a.espncdn.com/i/teamlogos/ncaa/500/164.png,RUTG,d21034,ffffff,home,true,61,218,Owls,Temple,Temple Owls,TEM,https://a.espncdn.com/i/teamlogos/ncaa/500/218.png,A80532,a7a9ac,54
254000018,2005,3,2005-03-22,2005-03-22T21:30:00.000000-0500,4807,Lindsay Wisdom-Hylton,2509,Boilermakers,Purdue,Purdue,,3,9,0,2,0,0,1,5,6,0,0,0,0,2,6,true,false,false,true,,L. Wisdom-Hylton,,Forward,F,Purdue Boilermakers,s:40~l:54~t:2509,purdue-boilermakers,https://a.espncdn.com/i/teamlogos/ncaa/500/2509.png,PUR,000000,cfb991,away,false,54,2633,Lady Volunteers,Tennessee,Tennessee Lady Volunteers,TENN,https://a.espncdn.com/i/teamlogos/ncaa/500/2633_ncw.png,ff8200,ffffff,75
254000018,2005,3,2005-03-22,2005-03-22T21:30:00.000000-0500,1620,Emily Heikes,2509,Boilermakers,Purdue,Purdue,,1,2,0,0,0,0,1,1,2,0,0,0,0,5,2,true,false,false,true,,E. Heikes,,Not Available,NA,Purdue Boilermakers,s:40~l:54~t:2509,purdue-boilermakers,https://a.espncdn.com/i/teamlogos/ncaa/500/2509.png,PUR,000000,cfb991,away,false,54,2633,Lady Volunteers,Tennessee,Tennessee Lady Volunteers,TENN,https://a.espncdn.com/i/teamlogos/ncaa/500/2633_ncw.png,ff8200,ffffff,75
254000018,2005,3,2005-03-22,2005-03-22T21:30:00.000000-0500,3724,Erin Lawless,2509,Boilermakers,Purdue,Purdue,,1,3,0,0,4,6,3,0,3,0,0,0,0,0,6,true,false,false,true,,E. Lawless,,Not Available,NA,Purdue Boilermakers,s:40~l:54~t:2509,purdue-boilermakers,https://a.espncdn.com/i/teamlogos/ncaa/500/2509.png,PUR,000000,cfb991,away,false,54,2633,Lady Volunteers,Tennessee,Tennessee Lady Volunteers,TENN,https://a.espncdn.com/i/teamlogos/ncaa/500/2633_ncw.png,ff8200,ffffff,75
254000018,2005,3,2005-03-22,2005-03-22T21:30:00.000000-0500,3726,Katie Gearlds,2509,Boilermakers,Purdue,Purdue,,3,16,1,6,6,6,0,3,3,0,0,0,0,0,13,true,false,false,true,,K. Gearlds,,Not Available,NA,Purdue Boilermakers,s:40~l:54~t:2509,purdue-boilermakers,https://a.espncdn.com/i/teamlogos/ncaa/500/2509.png,PUR,000000,cfb991,away,false,54,2633,Lady Volunteers,Tennessee,Tennessee Lady Volunteers,TENN,https://a.espncdn.com/i/teamlogos/ncaa/500/2633_ncw.png,ff8200,ffffff,75
254000018,2005,3,2005-03-22,2005-03-22T21:30:00.000000-0500,2468,Sharika Webb,2509,Boilermakers,Purdue,Purdue,,5,15,0,3,6,6,3,7,10,0,0,0,0,3,16,true,false,false,true,,S. Webb,,Not Available,NA,Purdue Boilermakers,s:40~l:54~t:2509,purdue-boilermakers,https://a.espncdn.com/i/teamlogos/ncaa/500/2509.png,PUR,000000,cfb991,away,false,54,2633,Lady Volunteers,Tennessee,Tennessee Lady Volunteers,TENN,https://a.espncdn.com/i/teamlogos/ncaa/500/2633_ncw.png,ff8200,ffffff,75
254000018,2005,3,2005-03-22,2005-03-22T21:30:00.000000-0500,4839,Nicky Anosike,2633,Lady Volunteers,Tennessee,Tennessee,,4,10,0,0,3,6,3,2,5,0,0,0,0,5,11,true,false,false,true,,N. Anosike,,Not Available,NA,Tennessee Lady Volunteers,s:40~l:54~t:2633,tennessee-lady-volunteers,https://a.espncdn.com/i/teamlogos/ncaa/500/2633_ncw.png,TENN,ff8200,ffffff,home,true,75,2509,Boilermakers,Purdue,Purdue Boilermakers,PUR,https://a.espncdn.com/i/teamlogos/ncaa/500/2509.png,000000,cfb991,54
254000018,2005,3,2005-03-22,2005-03-22T21:30:00.000000-0500,2005,Shyra Ely,2633,Lady Volunteers,Tennessee,Tennessee,,6,15,0,0,4,7,2,5,7,0,0,0,0,2,16,true,false,false,true,,S. Ely,,Not Available,NA,Tennessee Lady Volunteers,s:40~l:54~t:2633,tennessee-lady-volunteers,https://a.espncdn.com/i/teamlogos/ncaa/500/2633_ncw.png,TENN,ff8200,ffffff,home,true,75,2509,Boilermakers,Purdue,Purdue Boilermakers,PUR,https://a.espncdn.com/i/teamlogos/ncaa/500/2509.png,000000,cfb991,54
254000018,2005,3,2005-03-22,2005-03-22T21:30:00.000000-0500,4840,Alexis Hornbuckle,2633,Lady Volunteers,Tennessee,Tennessee,,2,9,0,1,1,2,2,3,5,0,0,0,0,2,5,true,false,false,true,,A. Hornbuckle,,Not Available,NA,Tennessee Lady Volunteers,s:40~l:54~t:2633,tennessee-lady-volunteers,https://a.espncdn.com/i/teamlogos/ncaa/500/2633_ncw.png,TENN,ff8200,ffffff,home,true,75,2509,Boilermakers,Purdue,Purdue Boilermakers,PUR,https://a.espncdn.com/i/teamlogos/ncaa/500/2509.png,000000,cfb991,54
254000018,2005,3,2005-03-22,2005-03-22T21:30:00.000000-0500,2633,Shanna Zolman,2633,Lady Volunteers,Tennessee,Tennessee,,3,6,2,4,0,0,1,1,2,0,0,0,0,0,8,true,false,false,true,,S. Zolman,,Not Available,NA,Tennessee Lady Volunteers,s:40~l:54~t:2633,tennessee-lady-volunteers,https://a.espncdn.com/i/teamlogos/ncaa/500/2633_ncw.png,TENN,ff8200,ffffff,home,true,75,2509,Boilermakers,Purdue,Purdue Boilermakers,PUR,https://a.espncdn.com/i/teamlogos/ncaa/500/2509.png,000000,cfb991,54
254000018,2005,3,2005-03-22,2005-03-22T21:30:00.000000-0500,2006,Loree Moore,2633,Lady Volunteers,Tennessee,Tennessee,,2,6,2,4,2,2,3,1,4,0,0,0,0,4,8,true,false,false,true,,L. Moore,,Not Available,NA,Tennessee Lady Volunteers,s:40~l:54~t:2633,tennessee-lady-volunteers,https://a.espncdn.com/i/teamlogos/ncaa/500/2633_ncw.png,TENN,ff8200,ffffff,home,true,75,2509,Boilermakers,Purdue,Purdue Boilermakers,PUR,https://a.espncdn.com/i/teamlogos/ncaa/500/2509.png,000000,cfb991,54
254000056,2005,3,2005-03-21,2005-03-21T19:00:00.000000-0500,4838,Tasha Humphrey,61,Lady Bulldogs,Georgia,Georgia,,11,23,0,1,4,6,5,5,10,0,0,0,0,4,26,true,false,false,true,,T. Humphrey,,Not Available,NA,Georgia Lady Bulldogs,s:40~l:54~t:61,georgia-lady-bulldogs,https://a.espncdn.com/i/teamlogos/ncaa/500/61.png,UGA,CC0000,000000,away,true,70,251,Longhorns,Texas,Texas Longhorns,TEX,https://a.espncdn.com/i/teamlogos/ncaa/500/251.png,c15d26,ffffff,68
254000056,2005,3,2005-03-21,2005-03-21T19:00:00.000000-0500,3743,Rebecca Rowsey,61,Lady Bulldogs,Georgia,Georgia,,2,2,1,1,3,4,2,7,9,0,0,0,0,3,8,true,false,false,true,,R. Rowsey,,Not Available,NA,Georgia Lady Bulldogs,s:40~l:54~t:61,georgia-lady-bulldogs,https://a.espncdn.com/i/teamlogos/ncaa/500/61.png,UGA,CC0000,000000,away,true,70,251,Longhorns,Texas,Texas Longhorns,TEX,https://a.espncdn.com/i/teamlogos/ncaa/500/251.png,c15d26,ffffff,68
254000056,2005,3,2005-03-21,2005-03-21T19:00:00.000000-0500,3744,Cori Chambers,61,Lady Bulldogs,Georgia,Georgia,,7,8,1,2,0,0,0,2,2,0,0,0,0,4,15,true,false,false,true,,C. Chambers,,Not Available,NA,Georgia Lady Bulldogs,s:40~l:54~t:61,georgia-lady-bulldogs,https://a.espncdn.com/i/teamlogos/ncaa/500/61.png,UGA,CC0000,000000,away,true,70,251,Longhorns,Texas,Texas Longhorns,TEX,https://a.espncdn.com/i/teamlogos/ncaa/500/251.png,c15d26,ffffff,68
254000056,2005,3,2005-03-21,2005-03-21T19:00:00.000000-0500,2493,Alexis Kendrick,61,Lady Bulldogs,Georgia,Georgia,,3,10,2,5,4,4,0,6,6,0,0,0,0,0,12,true,false,false,true,,A. Kendrick,,Not Available,NA,Georgia Lady Bulldogs,s:40~l:54~t:61,georgia-lady-bulldogs,https://a.espncdn.com/i/teamlogos/ncaa/500/61.png,UGA,CC0000,000000,away,true,70,251,Longhorns,Texas,Texas Longhorns,TEX,https://a.espncdn.com/i/teamlogos/ncaa/500/251.png,c15d26,ffffff,68
254000056,2005,3,2005-03-21,2005-03-21T19:00:00.000000-0500,2411,Sherill Baker,61,Lady Bulldogs,Georgia,Georgia,,3,10,0,2,1,2,2,3,5,0,0,0,0,4,7,true,false,false,true,,S. Baker,,Not Available,NA,Georgia Lady Bulldogs,s:40~l:54~t:61,georgia-lady-bulldogs,https://a.espncdn.com/i/teamlogos/ncaa/500/61.png,UGA,CC0000,000000,away,true,70,251,Longhorns,Texas,Texas Longhorns,TEX,https://a.espncdn.com/i/teamlogos/ncaa/500/251.png,c15d26,ffffff,68
254000056,2005,3,2005-03-21,2005-03-21T19:00:00.000000-0500,3710,Tiffany Jackson-Jones,251,Longhorns,Texas,Texas,,11,22,0,0,8,14,3,6,9,0,0,0,0,2,30,true,false,false,true,,T. Jackson-Jones,,Not Available,NA,Texas Longhorns,s:40~l:54~t:251,texas-longhorns,https://a.espncdn.com/i/teamlogos/ncaa/500/251.png,TEX,c15d26,ffffff,home,false,68,61,Lady Bulldogs,Georgia,Georgia Lady Bulldogs,UGA,https://a.espncdn.com/i/teamlogos/ncaa/500/61.png,CC0000,000000,70
254000056,2005,3,2005-03-21,2005-03-21T19:00:00.000000-0500,2039,Heather Schreiber,251,Longhorns,Texas,Texas,,3,8,1,5,2,2,1,3,4,0,0,0,0,3,9,true,false,false,true,,H. Schreiber,,Not Available,NA,Texas Longhorns,s:40~l:54~t:251,texas-longhorns,https://a.espncdn.com/i/teamlogos/ncaa/500/251.png,TEX,c15d26,ffffff,home,false,68,61,Lady Bulldogs,Georgia,Georgia Lady Bulldogs,UGA,https://a.espncdn.com/i/teamlogos/ncaa/500/61.png,CC0000,000000,70
254000056,2005,3,2005-03-21,2005-03-21T19:00:00.000000-0500,2036,Kala Bowers,251,Longhorns,Texas,Texas,,3,8,1,2,1,2,3,2,5,0,0,0,0,1,8,true,false,false,true,,K. Bowers,,Not Available,NA,Texas Longhorns,s:40~l:54~t:251,texas-longhorns,https://a.espncdn.com/i/teamlogos/ncaa/500/251.png,TEX,c15d26,ffffff,home,false,68,61,Lady Bulldogs,Georgia,Georgia Lady Bulldogs,UGA,https://a.espncdn.com/i/teamlogos/ncaa/500/61.png,CC0000,000000,70
254000056,2005,3,2005-03-21,2005-03-21T19:00:00.000000-0500,2646,Jamie Carey,251,Longhorns,Texas,Texas,,4,9,2,4,0,0,0,4,4,0,0,0,0,3,10,true,false,false,true,,J. Carey,,Not Available,NA,Texas Longhorns,s:40~l:54~t:251,texas-longhorns,https://a.espncdn.com/i/teamlogos/ncaa/500/251.png,TEX,c15d26,ffffff,home,false,68,61,Lady Bulldogs,Georgia,Georgia Lady Bulldogs,UGA,https://a.espncdn.com/i/teamlogos/ncaa/500/61.png,CC0000,000000,70
254000056,2005,3,2005-03-21,2005-03-21T19:00:00.000000-0500,2383,Nina Norman,251,Longhorns,Texas,Texas,,2,13,0,1,1,4,0,1,1,0,0,0,0,0,5,true,false,false,true,,N. Norman,,Not Available,NA,Texas Longhorns,s:40~l:54~t:251,texas-longhorns,https://a.espncdn.com/i/teamlogos/ncaa/500/251.png,TEX,c15d26,ffffff,home,false,68,61,Lady Bulldogs,Georgia,Georgia Lady Bulldogs,UGA,https://a.espncdn.com/i/teamlogos/ncaa/500/61.png,CC0000,000000,70
254000034,2005,3,2005-03-21,2005-03-21T19:00:00.000000-0500,4933,Camille LeNoir,30,Trojans,USC,USC,,8,15,2,7,0,0,1,3,4,0,0,0,0,0,18,true,false,false,true,,C. LeNoir,,Guard,G,USC Trojans,s:40~l:54~t:30,usc-trojans,https://a.espncdn.com/i/teamlogos/ncaa/500/30.png,USC,9e2237,ffcc00,away,false,59,127,Spartans,Michigan State,Michigan State Spartans,MSU,https://a.espncdn.com/i/teamlogos/ncaa/500/127.png,18453B,ffffff,61
254000034,2005,3,2005-03-21,2005-03-21T19:00:00.000000-0500,4932,Brynn Cameron,30,Trojans,USC,USC,,3,8,2,7,0,0,0,2,2,0,0,0,0,2,8,true,false,false,true,,B. Cameron,,Guard,G,USC Trojans,s:40~l:54~t:30,usc-trojans,https://a.espncdn.com/i/teamlogos/ncaa/500/30.png,USC,9e2237,ffcc00,away,false,59,127,Spartans,Michigan State,Michigan State Spartans,MSU,https://a.espncdn.com/i/teamlogos/ncaa/500/127.png,18453B,ffffff,61
254000034,2005,3,2005-03-21,2005-03-21T19:00:00.000000-0500,2146,Kim Gipson,30,Trojans,USC,USC,,6,9,0,0,2,2,3,2,5,0,0,0,0,2,14,true,false,false,true,,K. Gipson,,Not Available,NA,USC Trojans,s:40~l:54~t:30,usc-trojans,https://a.espncdn.com/i/teamlogos/ncaa/500/30.png,USC,9e2237,ffcc00,away,false,59,127,Spartans,Michigan State,Michigan State Spartans,MSU,https://a.espncdn.com/i/teamlogos/ncaa/500/127.png,18453B,ffffff,61
254000034,2005,3,2005-03-21,2005-03-21T19:00:00.000000-0500,3835,Jamie Funn,30,Trojans,USC,USC,,1,7,0,0,0,0,5,1,6,0,0,0,0,3,2,true,false,false,true,,J. Funn,,Not Available,NA,USC Trojans,s:40~l:54~t:30,usc-trojans,https://a.espncdn.com/i/teamlogos/ncaa/500/30.png,USC,9e2237,ffcc00,away,false,59,127,Spartans,Michigan State,Michigan State Spartans,MSU,https://a.espncdn.com/i/teamlogos/ncaa/500/127.png,18453B,ffffff,61
254000034,2005,3,2005-03-21,2005-03-21T19:00:00.000000-0500,2701,Meghan Gnekow,30,Trojans,USC,USC,,0,3,0,1,0,0,1,2,3,0,0,0,0,1,0,true,false,false,true,,M. Gnekow,,Not Available,NA,USC Trojans,s:40~l:54~t:30,usc-trojans,https://a.espncdn.com/i/teamlogos/ncaa/500/30.png,USC,9e2237,ffcc00,away,false,59,127,Spartans,Michigan State,Michigan State Spartans,MSU,https://a.espncdn.com/i/teamlogos/ncaa/500/127.png,18453B,ffffff,61
254000034,2005,3,2005-03-21,2005-03-21T19:00:00.000000-0500,1171,Kelli Roehrig,127,Spartans,Michigan State,Michigan St,,5,6,0,0,0,2,1,4,5,0,0,0,0,0,10,true,false,false,true,,K. Roehrig,,Not Available,NA,Michigan State Spartans,s:40~l:54~t:127,michigan-state-spartans,https://a.espncdn.com/i/teamlogos/ncaa/500/127.png,MSU,18453B,ffffff,home,true,61,30,Trojans,USC,USC Trojans,USC,https://a.espncdn.com/i/teamlogos/ncaa/500/30.png,9e2237,ffcc00,59
254000034,2005,3,2005-03-21,2005-03-21T19:00:00.000000-0500,3299,Liz Shimek,127,Spartans,Michigan State,Michigan St,,5,7,0,0,4,4,2,5,7,0,0,0,0,0,14,true,false,false,true,,L. Shimek,,Not Available,NA,Michigan State Spartans,s:40~l:54~t:127,michigan-state-spartans,https://a.espncdn.com/i/teamlogos/ncaa/500/127.png,MSU,18453B,ffffff,home,true,61,30,Trojans,USC,USC Trojans,USC,https://a.espncdn.com/i/teamlogos/ncaa/500/30.png,9e2237,ffcc00,59
254000034,2005,3,2005-03-21,2005-03-21T19:00:00.000000-0500,4086,Victoria Lucas-Perry,127,Spartans,Michigan State,Michigan St,,1,1,0,0,0,0,0,1,1,0,0,0,0,3,2,true,false,false,true,,V. Lucas-Perry,,Not Available,NA,Michigan State Spartans,s:40~l:54~t:127,michigan-state-spartans,https://a.espncdn.com/i/teamlogos/ncaa/500/127.png,MSU,18453B,ffffff,home,true,61,30,Trojans,USC,USC Trojans,USC,https://a.espncdn.com/i/teamlogos/ncaa/500/30.png,9e2237,ffcc00,59
254000034,2005,3,2005-03-21,2005-03-21T19:00:00.000000-0500,3295,Lindsay Bowen,127,Spartans,Michigan State,Michigan St,,7,13,5,9,0,0,0,2,2,0,0,0,0,3,19,true,false,false,true,,L. Bowen,,Not Available,NA,Michigan State Spartans,s:40~l:54~t:127,michigan-state-spartans,https://a.espncdn.com/i/teamlogos/ncaa/500/127.png,MSU,18453B,ffffff,home,true,61,30,Trojans,USC,USC Trojans,USC,https://a.espncdn.com/i/teamlogos/ncaa/500/30.png,9e2237,ffcc00,59
254000034,2005,3,2005-03-21,2005-03-21T19:00:00.000000-0500,1167,Kristin Haynie,127,Spartans,Michigan State,Michigan St,,4,10,0,3,4,5,1,6,7,0,0,0,0,2,12,true,false,false,true,,K. Haynie,,Not Available,NA,Michigan State Spartans,s:40~l:54~t:127,michigan-state-spartans,https://a.espncdn.com/i/teamlogos/ncaa/500/127.png,MSU,18453B,ffffff,home,true,61,30,Trojans,USC,USC Trojans,USC,https://a.espncdn.com/i/teamlogos/ncaa/500/30.png,9e2237,ffcc00,59
254000013,2005,3,2005-03-21,2005-03-21T21:00:00.000000-0500,1527,Andrea Bills,2483,Ducks,Oregon,Oregon,,4,8,0,0,0,3,1,2,3,0,0,0,0,4,8,true,false,false,true,,A. Bills,,Not Available,NA,Oregon Ducks,s:40~l:54~t:2483,oregon-ducks,https://a.espncdn.com/i/teamlogos/ncaa/500/2483.png,ORE,044520,fee123,away,false,46,239,Bears,Baylor,Baylor Bears,BAY,https://a.espncdn.com/i/teamlogos/ncaa/500/239.png,154734,ffb81c,69
254000013,2005,3,2005-03-21,2005-03-21T21:00:00.000000-0500,4927,Kristen Forristall,2483,Ducks,Oregon,Oregon,,1,4,1,3,0,0,3,1,4,0,0,0,0,2,3,true,false,false,true,,K. Forristall,,Not Available,NA,Oregon Ducks,s:40~l:54~t:2483,oregon-ducks,https://a.espncdn.com/i/teamlogos/ncaa/500/2483.png,ORE,044520,fee123,away,false,46,239,Bears,Baylor,Baylor Bears,BAY,https://a.espncdn.com/i/teamlogos/ncaa/500/239.png,154734,ffb81c,69
254000013,2005,3,2005-03-21,2005-03-21T21:00:00.000000-0500,1531,Cathrine Kraayeveld,2483,Ducks,Oregon,Oregon,,3,12,1,5,8,9,3,5,8,0,0,0,0,3,15,true,false,false,true,,C. Kraayeveld,,Not Available,NA,Oregon Ducks,s:40~l:54~t:2483,oregon-ducks,https://a.espncdn.com/i/teamlogos/ncaa/500/2483.png,ORE,044520,fee123,away,false,46,239,Bears,Baylor,Baylor Bears,BAY,https://a.espncdn.com/i/teamlogos/ncaa/500/239.png,154734,ffb81c,69
254000013,2005,3,2005-03-21,2005-03-21T21:00:00.000000-0500,1916,Corrie Mizusawa,2483,Ducks,Oregon,Oregon,,1,2,0,1,3,6,0,3,3,0,0,0,0,2,5,true,false,false,true,,C. Mizusawa,,Not Available,NA,Oregon Ducks,s:40~l:54~t:2483,oregon-ducks,https://a.espncdn.com/i/teamlogos/ncaa/500/2483.png,ORE,044520,fee123,away,false,46,239,Bears,Baylor,Baylor Bears,BAY,https://a.espncdn.com/i/teamlogos/ncaa/500/239.png,154734,ffb81c,69
254000013,2005,3,2005-03-21,2005-03-21T21:00:00.000000-0500,1528,Brandi Davis,2483,Ducks,Oregon,Oregon,,3,10,1,5,0,0,0,0,0,0,0,0,0,1,7,true,false,false,true,,B. Davis,,Not Available,NA,Oregon Ducks,s:40~l:54~t:2483,oregon-ducks,https://a.espncdn.com/i/teamlogos/ncaa/500/2483.png,ORE,044520,fee123,away,false,46,239,Bears,Baylor,Baylor Bears,BAY,https://a.espncdn.com/i/teamlogos/ncaa/500/239.png,154734,ffb81c,69
254000013,2005,3,2005-03-21,2005-03-21T21:00:00.000000-0500,121,Steffanie Blackmon,239,Bears,Baylor,Baylor,,7,13,0,0,3,4,3,3,6,0,0,0,0,3,17,true,false,false,true,,S. Blackmon,,Not Available,NA,Baylor Bears,s:40~l:54~t:239,baylor-bears,https://a.espncdn.com/i/teamlogos/ncaa/500/239.png,BAY,154734,ffb81c,home,true,69,2483,Ducks,Oregon,Oregon Ducks,ORE,https://a.espncdn.com/i/teamlogos/ncaa/500/2483.png,044520,fee123,46
254000013,2005,3,2005-03-21,2005-03-21T21:00:00.000000-0500,2719,Abiola Wabara,239,Bears,Baylor,Baylor,,2,5,0,0,0,3,2,3,5,0,0,0,0,5,4,true,false,false,true,,A. Wabara,,Not Available,NA,Baylor Bears,s:40~l:54~t:239,baylor-bears,https://a.espncdn.com/i/teamlogos/ncaa/500/239.png,BAY,154734,ffb81c,home,true,69,2483,Ducks,Oregon,Oregon Ducks,ORE,https://a.espncdn.com/i/teamlogos/ncaa/500/2483.png,044520,fee123,46
254000013,2005,3,2005-03-21,2005-03-21T21:00:00.000000-0500,2428,Sophia Young-Malcolm,239,Bears,Baylor,Baylor,,11,19,0,0,3,4,4,3,7,0,0,0,0,2,25,true,false,false,true,,S. Young-Malcolm,,Not Available,NA,Baylor Bears,s:40~l:54~t:239,baylor-bears,https://a.espncdn.com/i/teamlogos/ncaa/500/239.png,BAY,154734,ffb81c,home,true,69,2483,Ducks,Oregon,Oregon Ducks,ORE,https://a.espncdn.com/i/teamlogos/ncaa/500/2483.png,044520,fee123,46
254000013,2005,3,2005-03-21,2005-03-21T21:00:00.000000-0500,2427,Chameka Scott,239,Bears,Baylor,Baylor,,0,7,0,3,0,0,3,2,5,0,0,0,0,0,0,true,false,false,true,,C. Scott,,Not Available,NA,Baylor Bears,s:40~l:54~t:239,baylor-bears,https://a.espncdn.com/i/teamlogos/ncaa/500/239.png,BAY,154734,ffb81c,home,true,69,2483,Ducks,Oregon,Oregon Ducks,ORE,https://a.espncdn.com/i/teamlogos/ncaa/500/2483.png,044520,fee123,46
254000013,2005,3,2005-03-21,2005-03-21T21:00:00.000000-0500,124,Chelsea Whitaker,239,Bears,Baylor,Baylor,,1,2,0,0,0,0,1,3,4,0,0,0,0,1,2,true,false,false,true,,C. Whitaker,,Not Available,NA,Baylor Bears,s:40~l:54~t:239,baylor-bears,https://a.espncdn.com/i/teamlogos/ncaa/500/239.png,BAY,154734,ffb81c,home,true,69,2483,Ducks,Oregon,Oregon Ducks,ORE,https://a.espncdn.com/i/teamlogos/ncaa/500/2483.png,044520,fee123,46
254000006,2005,3,2005-03-21,2005-03-21T21:00:00.000000-0500,3842,Aubree Johnson,9,Sun Devils,Arizona State,Arizona State,,4,10,0,1,4,4,4,3,7,0,0,0,0,1,12,true,false,false,true,,A. Johnson,,Not Available,NA,Arizona State Sun Devils,s:40~l:54~t:9,arizona-state-sun-devils,https://a.espncdn.com/i/teamlogos/ncaa/500/9.png,ASU,942139,f1f2f3,away,true,70,87,Fighting Irish,Notre Dame,Notre Dame Fighting Irish,ND,https://a.espncdn.com/i/teamlogos/ncaa/500/87.png,0c2340,c99700,61
254000006,2005,3,2005-03-21,2005-03-21T21:00:00.000000-0500,3841,Emily Westerberg,9,Sun Devils,Arizona State,Arizona State,,2,9,0,0,2,4,1,6,7,0,0,0,0,2,6,true,false,false,true,,E. Westerberg,,Not Available,NA,Arizona State Sun Devils,s:40~l:54~t:9,arizona-state-sun-devils,https://a.espncdn.com/i/teamlogos/ncaa/500/9.png,ASU,942139,f1f2f3,away,true,70,87,Fighting Irish,Notre Dame,Notre Dame Fighting Irish,ND,https://a.espncdn.com/i/teamlogos/ncaa/500/87.png,0c2340,c99700,61
254000006,2005,3,2005-03-21,2005-03-21T21:00:00.000000-0500,2402,Kristen Kovesdy,9,Sun Devils,Arizona State,Arizona State,,5,6,0,0,0,1,0,1,1,0,0,0,0,3,10,true,false,false,true,,K. Kovesdy,,Not Available,NA,Arizona State Sun Devils,s:40~l:54~t:9,arizona-state-sun-devils,https://a.espncdn.com/i/teamlogos/ncaa/500/9.png,ASU,942139,f1f2f3,away,true,70,87,Fighting Irish,Notre Dame,Notre Dame Fighting Irish,ND,https://a.espncdn.com/i/teamlogos/ncaa/500/87.png,0c2340,c99700,61
254000006,2005,3,2005-03-21,2005-03-21T21:00:00.000000-0500,43,Kylan Loney,9,Sun Devils,Arizona State,Arizona State,,6,8,3,5,5,6,1,1,2,0,0,0,0,3,20,true,false,false,true,,K. Loney,,Not Available,NA,Arizona State Sun Devils,s:40~l:54~t:9,arizona-state-sun-devils,https://a.espncdn.com/i/teamlogos/ncaa/500/9.png,ASU,942139,f1f2f3,away,true,70,87,Fighting Irish,Notre Dame,Notre Dame Fighting Irish,ND,https://a.espncdn.com/i/teamlogos/ncaa/500/87.png,0c2340,c99700,61
254000006,2005,3,2005-03-21,2005-03-21T21:00:00.000000-0500,42,Carrie Buckner,9,Sun Devils,Arizona State,Arizona State,,1,3,0,1,0,0,1,4,5,0,0,0,0,4,2,true,false,false,true,,C. Buckner,,Not Available,NA,Arizona State Sun Devils,s:40~l:54~t:9,arizona-state-sun-devils,https://a.espncdn.com/i/teamlogos/ncaa/500/9.png,ASU,942139,f1f2f3,away,true,70,87,Fighting Irish,Notre Dame,Notre Dame Fighting Irish,ND,https://a.espncdn.com/i/teamlogos/ncaa/500/87.png,0c2340,c99700,61
254000006,2005,3,2005-03-21,2005-03-21T21:00:00.000000-0500,1467,Teresa Borton,87,Fighting Irish,Notre Dame,Notre Dame,,3,5,0,0,0,0,2,5,7,0,0,0,0,1,6,true,false,false,true,,T. Borton,,Not Available,NA,Notre Dame Fighting Irish,s:40~l:54~t:87,notre-dame-fighting-irish,https://a.espncdn.com/i/teamlogos/ncaa/500/87.png,ND,0c2340,c99700,home,false,61,9,Sun Devils,Arizona State,Arizona State Sun Devils,ASU,https://a.espncdn.com/i/teamlogos/ncaa/500/9.png,942139,f1f2f3,70
254000006,2005,3,2005-03-21,2005-03-21T21:00:00.000000-0500,2438,Courtney LaVere,87,Fighting Irish,Notre Dame,Notre Dame,,2,6,0,1,4,6,1,3,4,0,0,0,0,2,8,true,false,false,true,,C. LaVere,,Not Available,NA,Notre Dame Fighting Irish,s:40~l:54~t:87,notre-dame-fighting-irish,https://a.espncdn.com/i/teamlogos/ncaa/500/87.png,ND,0c2340,c99700,home,false,61,9,Sun Devils,Arizona State,Arizona State Sun Devils,ASU,https://a.espncdn.com/i/teamlogos/ncaa/500/9.png,942139,f1f2f3,70
254000006,2005,3,2005-03-21,2005-03-21T21:00:00.000000-0500,1466,Jacqueline Batteast,87,Fighting Irish,Notre Dame,Notre Dame,,8,19,0,0,4,4,3,4,7,0,0,0,0,2,20,true,false,false,true,,J. Batteast,,Not Available,NA,Notre Dame Fighting Irish,s:40~l:54~t:87,notre-dame-fighting-irish,https://a.espncdn.com/i/teamlogos/ncaa/500/87.png,ND,0c2340,c99700,home,false,61,9,Sun Devils,Arizona State,Arizona State Sun Devils,ASU,https://a.espncdn.com/i/teamlogos/ncaa/500/9.png,942139,f1f2f3,70
254000006,2005,3,2005-03-21,2005-03-21T21:00:00.000000-0500,3783,Breona Gray,87,Fighting Irish,Notre Dame,Notre Dame,,1,5,0,0,1,2,1,0,1,0,0,0,0,1,3,true,false,false,true,,B. Gray,,Not Available,NA,Notre Dame Fighting Irish,s:40~l:54~t:87,notre-dame-fighting-irish,https://a.espncdn.com/i/teamlogos/ncaa/500/87.png,ND,0c2340,c99700,home,false,61,9,Sun Devils,Arizona State,Arizona State Sun Devils,ASU,https://a.espncdn.com/i/teamlogos/ncaa/500/9.png,942139,f1f2f3,70
254000006,2005,3,2005-03-21,2005-03-21T21:00:00.000000-0500,2437,Megan Duffy,87,Fighting Irish,Notre Dame,Notre Dame,,6,12,3,6,9,10,0,3,3,0,0,0,0,0,24,true,false,false,true,,M. Duffy,,Not Available,NA,Notre Dame Fighting Irish,s:40~l:54~t:87,notre-dame-fighting-irish,https://a.espncdn.com/i/teamlogos/ncaa/500/87.png,ND,0c2340,c99700,home,false,61,9,Sun Devils,Arizona State,Arizona State Sun Devils,ASU,https://a.espncdn.com/i/teamlogos/ncaa/500/9.png,942139,f1f2f3,70
254000021,2005,3,2005-03-21,2005-03-21T21:30:00.000000-0500,4449,Krystle Horton,2393,Blue Raiders,Middle Tennessee,MTSU,,7,12,1,1,2,4,8,2,10,0,0,0,0,4,17,true,false,false,true,,K. Horton,,Not Available,NA,Middle Tennessee Blue Raiders,s:40~l:54~t:2393,middle-tennessee-blue-raiders,https://a.espncdn.com/i/teamlogos/ncaa/500/2393.png,MTSU,006db6,ffffff,away,false,69,2641,Lady Raiders,Texas Tech,Texas Tech Lady Raiders,TTU,https://a.espncdn.com/i/teamlogos/ncaa/500/2641.png,C80025,231f20,80
254000021,2005,3,2005-03-21,2005-03-21T21:30:00.000000-0500,3030,Tia Stovall,2393,Blue Raiders,Middle Tennessee,MTSU,,3,6,0,0,2,3,2,0,2,0,0,0,0,4,8,true,false,false,true,,T. Stovall,,Not Available,NA,Middle Tennessee Blue Raiders,s:40~l:54~t:2393,middle-tennessee-blue-raiders,https://a.espncdn.com/i/teamlogos/ncaa/500/2393.png,MTSU,006db6,ffffff,away,false,69,2641,Lady Raiders,Texas Tech,Texas Tech Lady Raiders,TTU,https://a.espncdn.com/i/teamlogos/ncaa/500/2641.png,C80025,231f20,80
254000021,2005,3,2005-03-21,2005-03-21T21:30:00.000000-0500,4452,Chrissy Givens,2393,Blue Raiders,Middle Tennessee,MTSU,,6,12,0,1,2,2,0,3,3,0,0,0,0,2,14,true,false,false,true,,C. Givens,,Not Available,NA,Middle Tennessee Blue Raiders,s:40~l:54~t:2393,middle-tennessee-blue-raiders,https://a.espncdn.com/i/teamlogos/ncaa/500/2393.png,MTSU,006db6,ffffff,away,false,69,2641,Lady Raiders,Texas Tech,Texas Tech Lady Raiders,TTU,https://a.espncdn.com/i/teamlogos/ncaa/500/2641.png,C80025,231f20,80
254000021,2005,3,2005-03-21,2005-03-21T21:30:00.000000-0500,1175,Patrice Holmes,2393,Blue Raiders,Middle Tennessee,MTSU,,9,24,5,10,2,2,0,5,5,0,0,0,0,0,25,true,false,false,true,,P. Holmes,,Not Available,NA,Middle Tennessee Blue Raiders,s:40~l:54~t:2393,middle-tennessee-blue-raiders,https://a.espncdn.com/i/teamlogos/ncaa/500/2393.png,MTSU,006db6,ffffff,away,false,69,2641,Lady Raiders,Texas Tech,Texas Tech Lady Raiders,TTU,https://a.espncdn.com/i/teamlogos/ncaa/500/2641.png,C80025,231f20,80
254000021,2005,3,2005-03-21,2005-03-21T21:30:00.000000-0500,1174,Ciara Gray,2393,Blue Raiders,Middle Tennessee,MTSU,,1,5,1,3,0,0,0,0,0,0,0,0,0,2,3,true,false,false,true,,C. Gray,,Not Available,NA,Middle Tennessee Blue Raiders,s:40~l:54~t:2393,middle-tennessee-blue-raiders,https://a.espncdn.com/i/teamlogos/ncaa/500/2393.png,MTSU,006db6,ffffff,away,false,69,2641,Lady Raiders,Texas Tech,Texas Tech Lady Raiders,TTU,https://a.espncdn.com/i/teamlogos/ncaa/500/2641.png,C80025,231f20,80
254000021,2005,3,2005-03-21,2005-03-21T21:30:00.000000-0500,2067,Cisti Greenwalt,2641,Lady Raiders,Texas Tech,Texas Tech,,7,9,0,0,5,8,4,3,7,0,0,0,0,3,19,true,false,false,true,,C. Greenwalt,,Not Available,NA,Texas Tech Lady Raiders,s:40~l:54~t:2641,texas-tech-lady-raiders,https://a.espncdn.com/i/teamlogos/ncaa/500/2641.png,TTU,C80025,231f20,home,true,80,2393,Blue Raiders,Middle Tennessee,Middle Tennessee Blue Raiders,MTSU,https://a.espncdn.com/i/teamlogos/ncaa/500/2393.png,006db6,ffffff,69
254000021,2005,3,2005-03-21,2005-03-21T21:30:00.000000-0500,3719,Alseha Robertson,2641,Lady Raiders,Texas Tech,Texas Tech,,10,18,5,11,0,0,0,5,5,0,0,0,0,1,25,true,false,false,true,,A. Robertson,,Not Available,NA,Texas Tech Lady Raiders,s:40~l:54~t:2641,texas-tech-lady-raiders,https://a.espncdn.com/i/teamlogos/ncaa/500/2641.png,TTU,C80025,231f20,home,true,80,2393,Blue Raiders,Middle Tennessee,Middle Tennessee Blue Raiders,MTSU,https://a.espncdn.com/i/teamlogos/ncaa/500/2393.png,006db6,ffffff,69
254000021,2005,3,2005-03-21,2005-03-21T21:30:00.000000-0500,2422,LaToya Davis,2641,Lady Raiders,Texas Tech,Texas Tech,,4,6,0,0,3,6,6,8,14,0,0,0,0,2,11,true,false,false,true,,L. Davis,,Not Available,NA,Texas Tech Lady Raiders,s:40~l:54~t:2641,texas-tech-lady-raiders,https://a.espncdn.com/i/teamlogos/ncaa/500/2641.png,TTU,C80025,231f20,home,true,80,2393,Blue Raiders,Middle Tennessee,Middle Tennessee Blue Raiders,MTSU,https://a.espncdn.com/i/teamlogos/ncaa/500/2393.png,006db6,ffffff,69
254000021,2005,3,2005-03-21,2005-03-21T21:30:00.000000-0500,2528,Chesley Dabbs,2641,Lady Raiders,Texas Tech,Texas Tech,,4,8,0,1,1,2,2,3,5,0,0,0,0,3,9,true,false,false,true,,C. Dabbs,,Not Available,NA,Texas Tech Lady Raiders,s:40~l:54~t:2641,texas-tech-lady-raiders,https://a.espncdn.com/i/teamlogos/ncaa/500/2641.png,TTU,C80025,231f20,home,true,80,2393,Blue Raiders,Middle Tennessee,Middle Tennessee Blue Raiders,MTSU,https://a.espncdn.com/i/teamlogos/ncaa/500/2393.png,006db6,ffffff,69
254000021,2005,3,2005-03-21,2005-03-21T21:30:00.000000-0500,2423,Erin Grant,2641,Lady Raiders,Texas Tech,Texas Tech,,5,10,0,0,2,2,1,0,1,0,0,0,0,1,12,true,false,false,true,,E. Grant,,Not Available,NA,Texas Tech Lady Raiders,s:40~l:54~t:2641,texas-tech-lady-raiders,https://a.espncdn.com/i/teamlogos/ncaa/500/2641.png,TTU,C80025,231f20,home,true,80,2393,Blue Raiders,Middle Tennessee,Middle Tennessee Blue Raiders,MTSU,https://a.espncdn.com/i/teamlogos/ncaa/500/2393.png,006db6,ffffff,69
254000010,2005,3,2005-03-21,2005-03-21T21:30:00.000000-0500,2207,Brandi Teamer,258,Cavaliers,Virginia,Virginia,,1,6,0,1,0,2,1,3,4,0,0,0,0,1,2,true,false,false,true,,B. Teamer,,Not Available,NA,Virginia Cavaliers,s:40~l:54~t:258,virginia-cavaliers,https://a.espncdn.com/i/teamlogos/ncaa/500/258.png,UVA,f84c1e,ffffff,away,false,58,135,Golden Gophers,Minnesota,Minnesota Golden Gophers,MINN,https://a.espncdn.com/i/teamlogos/ncaa/500/135.png,981a31,981a31,73
254000010,2005,3,2005-03-21,2005-03-21T21:30:00.000000-0500,2203,Jocelyn Logan-Friend,258,Cavaliers,Virginia,Virginia,,1,1,0,0,2,2,1,4,5,0,0,0,0,4,4,true,false,false,true,,J. Logan-Friend,,Not Available,NA,Virginia Cavaliers,s:40~l:54~t:258,virginia-cavaliers,https://a.espncdn.com/i/teamlogos/ncaa/500/258.png,UVA,f84c1e,ffffff,away,false,58,135,Golden Gophers,Minnesota,Minnesota Golden Gophers,MINN,https://a.espncdn.com/i/teamlogos/ncaa/500/135.png,981a31,981a31,73
254000010,2005,3,2005-03-21,2005-03-21T21:30:00.000000-0500,2200,LaTonya Blue,258,Cavaliers,Virginia,Virginia,,5,16,2,5,4,6,1,2,3,0,0,0,0,1,16,true,false,false,true,,L. Blue,,Not Available,NA,Virginia Cavaliers,s:40~l:54~t:258,virginia-cavaliers,https://a.espncdn.com/i/teamlogos/ncaa/500/258.png,UVA,f84c1e,ffffff,away,false,58,135,Golden Gophers,Minnesota,Minnesota Golden Gophers,MINN,https://a.espncdn.com/i/teamlogos/ncaa/500/135.png,981a31,981a31,73
254000010,2005,3,2005-03-21,2005-03-21T21:30:00.000000-0500,4924,Sharnee Zoll,258,Cavaliers,Virginia,Virginia,,8,13,2,3,2,4,1,3,4,0,0,0,0,2,20,true,false,false,true,,S. Zoll,,Not Available,NA,Virginia Cavaliers,s:40~l:54~t:258,virginia-cavaliers,https://a.espncdn.com/i/teamlogos/ncaa/500/258.png,UVA,f84c1e,ffffff,away,false,58,135,Golden Gophers,Minnesota,Minnesota Golden Gophers,MINN,https://a.espncdn.com/i/teamlogos/ncaa/500/135.png,981a31,981a31,73
254000010,2005,3,2005-03-21,2005-03-21T21:30:00.000000-0500,3846,Brenna McGuire,258,Cavaliers,Virginia,Virginia,,1,2,1,2,0,0,0,0,0,0,0,0,0,0,3,true,false,false,true,,B. McGuire,,Not Available,NA,Virginia Cavaliers,s:40~l:54~t:258,virginia-cavaliers,https://a.espncdn.com/i/teamlogos/ncaa/500/258.png,UVA,f84c1e,ffffff,away,false,58,135,Golden Gophers,Minnesota,Minnesota Golden Gophers,MINN,https://a.espncdn.com/i/teamlogos/ncaa/500/135.png,981a31,981a31,73
254000010,2005,3,2005-03-21,2005-03-21T21:30:00.000000-0500,1181,Janel McCarville,135,Golden Gophers,Minnesota,Minnesota,,3,7,0,0,5,7,5,8,13,0,0,0,0,3,11,true,false,false,true,,J. McCarville,,Not Available,NA,Minnesota Golden Gophers,s:40~l:54~t:135,minnesota-golden-gophers,https://a.espncdn.com/i/teamlogos/ncaa/500/135.png,MINN,981a31,981a31,home,true,73,258,Cavaliers,Virginia,Virginia Cavaliers,UVA,https://a.espncdn.com/i/teamlogos/ncaa/500/258.png,f84c1e,ffffff,58
254000010,2005,3,2005-03-21,2005-03-21T21:30:00.000000-0500,3751,Jaime Broback,135,Golden Gophers,Minnesota,Minnesota,,7,18,1,3,8,10,1,4,5,0,0,0,0,2,23,true,false,false,true,,J. Broback,,Not Available,NA,Minnesota Golden Gophers,s:40~l:54~t:135,minnesota-golden-gophers,https://a.espncdn.com/i/teamlogos/ncaa/500/135.png,MINN,981a31,981a31,home,true,73,258,Cavaliers,Virginia,Virginia Cavaliers,UVA,https://a.espncdn.com/i/teamlogos/ncaa/500/258.png,f84c1e,ffffff,58
254000010,2005,3,2005-03-21,2005-03-21T21:30:00.000000-0500,2656,Shannon Bolden,135,Golden Gophers,Minnesota,Minnesota,,4,7,2,4,0,0,2,2,4,0,0,0,0,1,10,true,false,false,true,,S. Bolden,,Not Available,NA,Minnesota Golden Gophers,s:40~l:54~t:135,minnesota-golden-gophers,https://a.espncdn.com/i/teamlogos/ncaa/500/135.png,MINN,981a31,981a31,home,true,73,258,Cavaliers,Virginia,Virginia Cavaliers,UVA,https://a.espncdn.com/i/teamlogos/ncaa/500/258.png,f84c1e,ffffff,58
254000010,2005,3,2005-03-21,2005-03-21T21:30:00.000000-0500,2655,Shannon Schonrock,135,Golden Gophers,Minnesota,Minnesota,,4,7,3,6,0,0,0,2,2,0,0,0,0,2,11,true,false,false,true,,S. Schonrock,,Not Available,NA,Minnesota Golden Gophers,s:40~l:54~t:135,minnesota-golden-gophers,https://a.espncdn.com/i/teamlogos/ncaa/500/135.png,MINN,981a31,981a31,home,true,73,258,Cavaliers,Virginia,Virginia Cavaliers,UVA,https://a.espncdn.com/i/teamlogos/ncaa/500/258.png,f84c1e,ffffff,58
254000010,2005,3,2005-03-21,2005-03-21T21:30:00.000000-0500,888,April Calhoun,135,Golden Gophers,Minnesota,Minnesota,,0,6,0,2,1,2,0,8,8,0,0,0,0,2,1,true,false,false,true,,A. Calhoun,,Not Available,NA,Minnesota Golden Gophers,s:40~l:54~t:135,minnesota-golden-gophers,https://a.espncdn.com/i/teamlogos/ncaa/500/135.png,MINN,981a31,981a31,home,true,73,258,Cavaliers,Virginia,Virginia Cavaliers,UVA,https://a.espncdn.com/i/teamlogos/ncaa/500/258.png,f84c1e,ffffff,58
254000044,2005,3,2005-03-21,2005-03-21T23:30:00.000000-0500,4869,Jessica Perry,254,Utes,Utah,Utah,,0,1,0,0,0,0,0,2,2,0,0,0,0,0,0,true,false,false,true,,J. Perry,,Not Available,NA,Utah Utes,s:40~l:54~t:254,utah-utes,https://a.espncdn.com/i/teamlogos/ncaa/500/254.png,UTAH,890012,7e8083,away,false,62,24,Cardinal,Stanford,Stanford Cardinal,STAN,https://a.espncdn.com/i/teamlogos/ncaa/500/24.png,8c1515,ffffff,88
254000044,2005,3,2005-03-21,2005-03-21T23:30:00.000000-0500,2458,Kim Smith,254,Utes,Utah,Utah,,9,14,2,4,0,0,2,6,8,0,0,0,0,2,20,true,false,false,true,,K. Smith,,Not Available,NA,Utah Utes,s:40~l:54~t:254,utah-utes,https://a.espncdn.com/i/teamlogos/ncaa/500/254.png,UTAH,890012,7e8083,away,false,62,24,Cardinal,Stanford,Stanford Cardinal,STAN,https://a.espncdn.com/i/teamlogos/ncaa/500/24.png,8c1515,ffffff,88
254000044,2005,3,2005-03-21,2005-03-21T23:30:00.000000-0500,2459,Julie Wood,254,Utes,Utah,Utah,,3,4,1,2,1,2,0,1,1,0,0,0,0,1,8,true,false,false,true,,J. Wood,,Not Available,NA,Utah Utes,s:40~l:54~t:254,utah-utes,https://a.espncdn.com/i/teamlogos/ncaa/500/254.png,UTAH,890012,7e8083,away,false,62,24,Cardinal,Stanford,Stanford Cardinal,STAN,https://a.espncdn.com/i/teamlogos/ncaa/500/24.png,8c1515,ffffff,88
254000044,2005,3,2005-03-21,2005-03-21T23:30:00.000000-0500,2153,Shona Thorburn,254,Utes,Utah,Utah,,3,10,1,4,2,5,0,2,2,0,0,0,0,2,9,true,false,false,true,,S. Thorburn,,Not Available,NA,Utah Utes,s:40~l:54~t:254,utah-utes,https://a.espncdn.com/i/teamlogos/ncaa/500/254.png,UTAH,890012,7e8083,away,false,62,24,Cardinal,Stanford,Stanford Cardinal,STAN,https://a.espncdn.com/i/teamlogos/ncaa/500/24.png,8c1515,ffffff,88
254000044,2005,3,2005-03-21,2005-03-21T23:30:00.000000-0500,2151,Lana Sitterud,254,Utes,Utah,Utah,,1,4,0,3,0,0,0,3,3,0,0,0,0,4,2,true,false,false,true,,L. Sitterud,,Not Available,NA,Utah Utes,s:40~l:54~t:254,utah-utes,https://a.espncdn.com/i/teamlogos/ncaa/500/254.png,UTAH,890012,7e8083,away,false,62,24,Cardinal,Stanford,Stanford Cardinal,STAN,https://a.espncdn.com/i/teamlogos/ncaa/500/24.png,8c1515,ffffff,88
254000044,2005,3,2005-03-21,2005-03-21T23:30:00.000000-0500,3914,Brooke Smith,24,Cardinal,Stanford,Stanford,,7,10,0,0,6,7,2,4,6,0,0,0,0,3,20,true,false,false,true,,B. Smith,,Not Available,NA,Stanford Cardinal,s:40~l:54~t:24,stanford-cardinal,https://a.espncdn.com/i/teamlogos/ncaa/500/24.png,STAN,8c1515,ffffff,home,true,88,254,Utes,Utah,Utah Utes,UTAH,https://a.espncdn.com/i/teamlogos/ncaa/500/254.png,890012,7e8083,62
254000044,2005,3,2005-03-21,2005-03-21T23:30:00.000000-0500,1931,Sebnem Kimyacioglu,24,Cardinal,Stanford,Stanford,,4,7,3,4,2,2,0,3,3,0,0,0,0,1,13,true,false,false,true,,S. Kimyacioglu,,Not Available,NA,Stanford Cardinal,s:40~l:54~t:24,stanford-cardinal,https://a.espncdn.com/i/teamlogos/ncaa/500/24.png,STAN,8c1515,ffffff,home,true,88,254,Utes,Utah,Utah Utes,UTAH,https://a.espncdn.com/i/teamlogos/ncaa/500/254.png,890012,7e8083,62
254000044,2005,3,2005-03-21,2005-03-21T23:30:00.000000-0500,4896,Candice Wiggins,24,Cardinal,Stanford,Stanford,,4,7,0,1,0,1,0,4,4,0,0,0,0,4,8,true,false,false,true,,C. Wiggins,,Not Available,NA,Stanford Cardinal,s:40~l:54~t:24,stanford-cardinal,https://a.espncdn.com/i/teamlogos/ncaa/500/24.png,STAN,8c1515,ffffff,home,true,88,254,Utes,Utah,Utah Utes,UTAH,https://a.espncdn.com/i/teamlogos/ncaa/500/254.png,890012,7e8083,62
254000044,2005,3,2005-03-21,2005-03-21T23:30:00.000000-0500,1935,Kelley Suminski,24,Cardinal,Stanford,Stanford,,3,9,1,4,5,5,0,4,4,0,0,0,0,0,12,true,false,false,true,,K. Suminski,,Not Available,NA,Stanford Cardinal,s:40~l:54~t:24,stanford-cardinal,https://a.espncdn.com/i/teamlogos/ncaa/500/24.png,STAN,8c1515,ffffff,home,true,88,254,Utes,Utah,Utah Utes,UTAH,https://a.espncdn.com/i/teamlogos/ncaa/500/254.png,890012,7e8083,62
254000044,2005,3,2005-03-21,2005-03-21T23:30:00.000000-0500,1932,Susan Borchardt,24,Cardinal,Stanford,Stanford,,4,8,3,5,0,0,1,1,2,0,0,0,0,1,11,true,false,false,true,,S. Borchardt,,Not Available,NA,Stanford Cardinal,s:40~l:54~t:24,stanford-cardinal,https://a.espncdn.com/i/teamlogos/ncaa/500/24.png,STAN,8c1515,ffffff,home,true,88,254,Utes,Utah,Utah Utes,UTAH,https://a.espncdn.com/i/teamlogos/ncaa/500/254.png,890012,7e8083,62
254000037,2005,3,2005-03-21,2005-03-21T23:30:00.000000-0500,3776,Carla Thomas,238,Commodores,Vanderbilt,Vanderbilt,,8,18,0,0,2,2,2,4,6,0,0,0,0,4,18,true,false,false,true,,C. Thomas,,Not Available,NA,Vanderbilt Commodores,s:40~l:54~t:238,vanderbilt-commodores,https://a.espncdn.com/i/teamlogos/ncaa/500/238.png,VAN,000000,231f20,away,true,63,2306,Wildcats,Kansas State,Kansas State Wildcats,KSU,https://a.espncdn.com/i/teamlogos/ncaa/500/2306.png,633194,e7d2ad,60
254000037,2005,3,2005-03-21,2005-03-21T23:30:00.000000-0500,2172,Ashley Earley,238,Commodores,Vanderbilt,Vanderbilt,,8,13,0,0,1,3,2,4,6,0,0,0,0,3,17,true,false,false,true,,A. Earley,,Not Available,NA,Vanderbilt Commodores,s:40~l:54~t:238,vanderbilt-commodores,https://a.espncdn.com/i/teamlogos/ncaa/500/238.png,VAN,000000,231f20,away,true,63,2306,Wildcats,Kansas State,Kansas State Wildcats,KSU,https://a.espncdn.com/i/teamlogos/ncaa/500/2306.png,633194,e7d2ad,60
254000037,2005,3,2005-03-21,2005-03-21T23:30:00.000000-0500,3778,Dee Davis,238,Commodores,Vanderbilt,Vanderbilt,,5,12,2,5,1,2,0,0,0,0,0,0,0,3,13,true,false,false,true,,D. Davis,,Not Available,NA,Vanderbilt Commodores,s:40~l:54~t:238,vanderbilt-commodores,https://a.espncdn.com/i/teamlogos/ncaa/500/238.png,VAN,000000,231f20,away,true,63,2306,Wildcats,Kansas State,Kansas State Wildcats,KSU,https://a.espncdn.com/i/teamlogos/ncaa/500/2306.png,633194,e7d2ad,60
254000037,2005,3,2005-03-21,2005-03-21T23:30:00.000000-0500,3775,Caroline Williams,238,Commodores,Vanderbilt,Vanderbilt,,0,0,0,0,0,0,0,1,1,0,0,0,0,2,0,true,false,false,true,,C. Williams,,Not Available,NA,Vanderbilt Commodores,s:40~l:54~t:238,vanderbilt-commodores,https://a.espncdn.com/i/teamlogos/ncaa/500/238.png,VAN,000000,231f20,away,true,63,2306,Wildcats,Kansas State,Kansas State Wildcats,KSU,https://a.espncdn.com/i/teamlogos/ncaa/500/2306.png,633194,e7d2ad,60
254000037,2005,3,2005-03-21,2005-03-21T23:30:00.000000-0500,2177,Abi Ramsey,238,Commodores,Vanderbilt,Vanderbilt,,2,8,2,5,2,4,1,5,6,0,0,0,0,2,8,true,false,false,true,,A. Ramsey,,Not Available,NA,Vanderbilt Commodores,s:40~l:54~t:238,vanderbilt-commodores,https://a.espncdn.com/i/teamlogos/ncaa/500/238.png,VAN,000000,231f20,away,true,63,2306,Wildcats,Kansas State,Kansas State Wildcats,KSU,https://a.espncdn.com/i/teamlogos/ncaa/500/2306.png,633194,e7d2ad,60
254000037,2005,3,2005-03-21,2005-03-21T23:30:00.000000-0500,4858,Shana Wheeler,2306,Wildcats,Kansas State,Kansas St,,1,2,0,0,0,0,2,5,7,0,0,0,0,4,2,true,false,false,true,,S. Wheeler,,Not Available,NA,Kansas State Wildcats,s:40~l:54~t:2306,kansas-state-wildcats,https://a.espncdn.com/i/teamlogos/ncaa/500/2306.png,KSU,633194,e7d2ad,home,false,60,238,Commodores,Vanderbilt,Vanderbilt Commodores,VAN,https://a.espncdn.com/i/teamlogos/ncaa/500/238.png,000000,231f20,63
254000037,2005,3,2005-03-21,2005-03-21T23:30:00.000000-0500,922,Kendra Wecker,2306,Wildcats,Kansas State,Kansas St,,12,20,1,2,4,5,1,7,8,0,0,0,0,3,29,true,false,false,true,,K. Wecker,,Not Available,NA,Kansas State Wildcats,s:40~l:54~t:2306,kansas-state-wildcats,https://a.espncdn.com/i/teamlogos/ncaa/500/2306.png,KSU,633194,e7d2ad,home,false,60,238,Commodores,Vanderbilt,Vanderbilt Commodores,VAN,https://a.espncdn.com/i/teamlogos/ncaa/500/238.png,000000,231f20,63
254000037,2005,3,2005-03-21,2005-03-21T23:30:00.000000-0500,3741,Claire Coggins,2306,Wildcats,Kansas State,Kansas St,,6,10,0,1,1,2,2,3,5,0,0,0,0,2,13,true,false,false,true,,C. Coggins,,Not Available,NA,Kansas State Wildcats,s:40~l:54~t:2306,kansas-state-wildcats,https://a.espncdn.com/i/teamlogos/ncaa/500/2306.png,KSU,633194,e7d2ad,home,false,60,238,Commodores,Vanderbilt,Vanderbilt Commodores,VAN,https://a.espncdn.com/i/teamlogos/ncaa/500/238.png,000000,231f20,63
254000037,2005,3,2005-03-21,2005-03-21T23:30:00.000000-0500,917,Laurie Koehn,2306,Wildcats,Kansas State,Kansas St,,3,15,3,12,0,0,2,4,6,0,0,0,0,1,9,true,false,false,true,,L. Koehn,,Not Available,NA,Kansas State Wildcats,s:40~l:54~t:2306,kansas-state-wildcats,https://a.espncdn.com/i/teamlogos/ncaa/500/2306.png,KSU,633194,e7d2ad,home,false,60,238,Commodores,Vanderbilt,Vanderbilt Commodores,VAN,https://a.espncdn.com/i/teamlogos/ncaa/500/238.png,000000,231f20,63
254000037,2005,3,2005-03-21,2005-03-21T23:30:00.000000-0500,915,Chelsea Domenico,2306,Wildcats,Kansas State,Kansas St,,0,1,0,1,0,0,2,2,4,0,0,0,0,2,0,true,false,false,true,,C. Domenico,,Not Available,NA,Kansas State Wildcats,s:40~l:54~t:2306,kansas-state-wildcats,https://a.espncdn.com/i/teamlogos/ncaa/500/2306.png,KSU,633194,e7d2ad,home,false,60,238,Commodores,Vanderbilt,Vanderbilt Commodores,VAN,https://a.espncdn.com/i/teamlogos/ncaa/500/238.png,000000,231f20,63
254000058,2005,3,2005-03-20,2005-03-20T12:00:00.000000-0500,5006,Jessica Steeves,2099,Golden Griffins,Canisius,Canisius,,0,4,0,0,0,0,2,2,4,0,0,0,0,0,0,true,false,false,true,,J. Steeves,,Not Available,NA,Canisius Golden Griffins,s:40~l:54~t:2099,canisius-golden-griffins,https://a.espncdn.com/i/teamlogos/ncaa/500/2099.png,CAN,004a81,dda50f,away,false,48,150,Blue Devils,Duke,Duke Blue Devils,DUKE,https://a.espncdn.com/i/teamlogos/ncaa/500/150.png,013088,ffffff,80
254000058,2005,3,2005-03-20,2005-03-20T12:00:00.000000-0500,5005,Megan Lyte,2099,Golden Griffins,Canisius,Canisius,,3,8,0,3,1,2,0,1,1,0,0,0,0,5,7,true,false,false,true,,M. Lyte,,Not Available,NA,Canisius Golden Griffins,s:40~l:54~t:2099,canisius-golden-griffins,https://a.espncdn.com/i/teamlogos/ncaa/500/2099.png,CAN,004a81,dda50f,away,false,48,150,Blue Devils,Duke,Duke Blue Devils,DUKE,https://a.espncdn.com/i/teamlogos/ncaa/500/150.png,013088,ffffff,80
254000058,2005,3,2005-03-20,2005-03-20T12:00:00.000000-0500,5009,Cheri Wittlieb,2099,Golden Griffins,Canisius,Canisius,,2,13,2,11,0,0,1,5,6,0,0,0,0,0,6,true,false,false,true,,C. Wittlieb,,Not Available,NA,Canisius Golden Griffins,s:40~l:54~t:2099,canisius-golden-griffins,https://a.espncdn.com/i/teamlogos/ncaa/500/2099.png,CAN,004a81,dda50f,away,false,48,150,Blue Devils,Duke,Duke Blue Devils,DUKE,https://a.espncdn.com/i/teamlogos/ncaa/500/150.png,013088,ffffff,80
254000058,2005,3,2005-03-20,2005-03-20T12:00:00.000000-0500,5008,Becky Zak,2099,Golden Griffins,Canisius,Canisius,,3,9,2,4,1,2,0,2,2,0,0,0,0,1,9,true,false,false,true,,B. Zak,,Not Available,NA,Canisius Golden Griffins,s:40~l:54~t:2099,canisius-golden-griffins,https://a.espncdn.com/i/teamlogos/ncaa/500/2099.png,CAN,004a81,dda50f,away,false,48,150,Blue Devils,Duke,Duke Blue Devils,DUKE,https://a.espncdn.com/i/teamlogos/ncaa/500/150.png,013088,ffffff,80
254000058,2005,3,2005-03-20,2005-03-20T12:00:00.000000-0500,5007,Jessie Lamparski,2099,Golden Griffins,Canisius,Canisius,,3,11,1,4,0,0,2,1,3,0,0,0,0,3,7,true,false,false,true,,J. Lamparski,,Not Available,NA,Canisius Golden Griffins,s:40~l:54~t:2099,canisius-golden-griffins,https://a.espncdn.com/i/teamlogos/ncaa/500/2099.png,CAN,004a81,dda50f,away,false,48,150,Blue Devils,Duke,Duke Blue Devils,DUKE,https://a.espncdn.com/i/teamlogos/ncaa/500/150.png,013088,ffffff,80
254000058,2005,3,2005-03-20,2005-03-20T12:00:00.000000-0500,3713,Alison Bales,150,Blue Devils,Duke,Duke,,4,9,0,0,0,3,2,1,3,0,0,0,0,0,8,true,false,false,true,,A. Bales,,Not Available,NA,Duke Blue Devils,s:40~l:54~t:150,duke-blue-devils,https://a.espncdn.com/i/teamlogos/ncaa/500/150.png,DUKE,013088,ffffff,home,true,80,2099,Golden Griffins,Canisius,Canisius Golden Griffins,CAN,https://a.espncdn.com/i/teamlogos/ncaa/500/2099.png,004a81,dda50f,48
254000058,2005,3,2005-03-20,2005-03-20T12:00:00.000000-0500,2475,Mistie McCray Bass,150,Blue Devils,Duke,Duke,,8,8,0,0,5,6,3,6,9,0,0,0,0,3,21,true,false,false,true,,M. Bass,,Not Available,NA,Duke Blue Devils,s:40~l:54~t:150,duke-blue-devils,https://a.espncdn.com/i/teamlogos/ncaa/500/150.png,DUKE,013088,ffffff,home,true,80,2099,Golden Griffins,Canisius,Canisius Golden Griffins,CAN,https://a.espncdn.com/i/teamlogos/ncaa/500/2099.png,004a81,dda50f,48
254000058,2005,3,2005-03-20,2005-03-20T12:00:00.000000-0500,438,Monique Currie,150,Blue Devils,Duke,Duke,,7,13,0,1,4,7,4,7,11,0,0,0,0,3,18,true,false,false,true,,M. Currie,,Not Available,NA,Duke Blue Devils,s:40~l:54~t:150,duke-blue-devils,https://a.espncdn.com/i/teamlogos/ncaa/500/150.png,DUKE,013088,ffffff,home,true,80,2099,Golden Griffins,Canisius,Canisius Golden Griffins,CAN,https://a.espncdn.com/i/teamlogos/ncaa/500/2099.png,004a81,dda50f,48
254000058,2005,3,2005-03-20,2005-03-20T12:00:00.000000-0500,4819,Wanisha Smith,150,Blue Devils,Duke,Duke,,2,9,1,3,0,0,0,4,4,0,0,0,0,0,5,true,false,false,true,,W. Smith,,Not Available,NA,Duke Blue Devils,s:40~l:54~t:150,duke-blue-devils,https://a.espncdn.com/i/teamlogos/ncaa/500/150.png,DUKE,013088,ffffff,home,true,80,2099,Golden Griffins,Canisius,Canisius Golden Griffins,CAN,https://a.espncdn.com/i/teamlogos/ncaa/500/2099.png,004a81,dda50f,48
254000058,2005,3,2005-03-20,2005-03-20T12:00:00.000000-0500,2631,Jessica Foley,150,Blue Devils,Duke,Duke,,,,,,,,,,,,,,,,,true,false,true,true,,J. Foley,,Not Available,NA,Duke Blue Devils,s:40~l:54~t:150,duke-blue-devils,https://a.espncdn.com/i/teamlogos/ncaa/500/150.png,DUKE,013088,ffffff,home,true,80,2099,Golden Griffins,Canisius,Canisius Golden Griffins,CAN,https://a.espncdn.com/i/teamlogos/ncaa/500/2099.png,004a81,dda50f,48
254000048,2005,3,2005-03-20,2005-03-20T12:00:00.000000-0500,2859,Shawntinice Polk,12,Wildcats,Arizona,Arizona,,5,14,0,0,1,2,4,4,8,0,0,0,0,4,11,true,false,false,true,,S. Polk,,Not Available,NA,Arizona Wildcats,s:40~l:54~t:12,arizona-wildcats,https://a.espncdn.com/i/teamlogos/ncaa/500/12.png,ARIZ,0c234b,ab0520,away,true,72,201,Sooners,Oklahoma,Oklahoma Sooners,OU,https://a.espncdn.com/i/teamlogos/ncaa/500/201.png,9d2235,ffffff,69
254000048,2005,3,2005-03-20,2005-03-20T12:00:00.000000-0500,36,Danielle Adefeso,12,Wildcats,Arizona,Arizona,,4,5,0,0,2,2,3,2,5,0,0,0,0,3,10,true,false,false,true,,D. Adefeso,,Not Available,NA,Arizona Wildcats,s:40~l:54~t:12,arizona-wildcats,https://a.espncdn.com/i/teamlogos/ncaa/500/12.png,ARIZ,0c234b,ab0520,away,true,72,201,Sooners,Oklahoma,Oklahoma Sooners,OU,https://a.espncdn.com/i/teamlogos/ncaa/500/201.png,9d2235,ffffff,69
254000048,2005,3,2005-03-20,2005-03-20T12:00:00.000000-0500,5004,Jessica Arnold,12,Wildcats,Arizona,Arizona,,5,12,4,5,1,2,0,1,1,0,0,0,0,3,15,true,false,false,true,,J. Arnold,,Not Available,NA,Arizona Wildcats,s:40~l:54~t:12,arizona-wildcats,https://a.espncdn.com/i/teamlogos/ncaa/500/12.png,ARIZ,0c234b,ab0520,away,true,72,201,Sooners,Oklahoma,Oklahoma Sooners,OU,https://a.espncdn.com/i/teamlogos/ncaa/500/201.png,9d2235,ffffff,69
254000048,2005,3,2005-03-20,2005-03-20T12:00:00.000000-0500,2856,Natalie Jones,12,Wildcats,Arizona,Arizona,,2,8,2,4,1,3,0,4,4,0,0,0,0,1,7,true,false,false,true,,N. Jones,,Not Available,NA,Arizona Wildcats,s:40~l:54~t:12,arizona-wildcats,https://a.espncdn.com/i/teamlogos/ncaa/500/12.png,ARIZ,0c234b,ab0520,away,true,72,201,Sooners,Oklahoma,Oklahoma Sooners,OU,https://a.espncdn.com/i/teamlogos/ncaa/500/201.png,9d2235,ffffff,69
254000048,2005,3,2005-03-20,2005-03-20T12:00:00.000000-0500,39,Dee Dee Wheeler,12,Wildcats,Arizona,Arizona,,4,14,2,7,4,5,1,3,4,0,0,0,0,1,14,true,false,false,true,,D. Wheeler,,Not Available,NA,Arizona Wildcats,s:40~l:54~t:12,arizona-wildcats,https://a.espncdn.com/i/teamlogos/ncaa/500/12.png,ARIZ,0c234b,ab0520,away,true,72,201,Sooners,Oklahoma,Oklahoma Sooners,OU,https://a.espncdn.com/i/teamlogos/ncaa/500/201.png,9d2235,ffffff,69
254000048,2005,3,2005-03-20,2005-03-20T12:00:00.000000-0500,3814,Leah Rush,201,Sooners,Oklahoma,Oklahoma,,11,15,5,6,1,1,2,4,6,0,0,0,0,2,28,true,false,false,true,,L. Rush,,Not Available,NA,Oklahoma Sooners,s:40~l:54~t:201,oklahoma-sooners,https://a.espncdn.com/i/teamlogos/ncaa/500/201.png,OU,9d2235,ffffff,home,false,69,12,Wildcats,Arizona,Arizona Wildcats,ARIZ,https://a.espncdn.com/i/teamlogos/ncaa/500/12.png,0c234b,ab0520,72
254000048,2005,3,2005-03-20,2005-03-20T12:00:00.000000-0500,3816,Brittney Brown,201,Sooners,Oklahoma,Oklahoma,,2,6,1,1,4,4,1,1,2,0,0,0,0,3,9,true,false,false,true,,B. Brown,,Not Available,NA,Oklahoma Sooners,s:40~l:54~t:201,oklahoma-sooners,https://a.espncdn.com/i/teamlogos/ncaa/500/201.png,OU,9d2235,ffffff,home,false,69,12,Wildcats,Arizona,Arizona Wildcats,ARIZ,https://a.espncdn.com/i/teamlogos/ncaa/500/12.png,0c234b,ab0520,72
254000048,2005,3,2005-03-20,2005-03-20T12:00:00.000000-0500,2440,Erin Higgins,201,Sooners,Oklahoma,Oklahoma,,2,11,1,7,0,0,1,1,2,0,0,0,0,1,5,true,false,false,true,,E. Higgins,,Not Available,NA,Oklahoma Sooners,s:40~l:54~t:201,oklahoma-sooners,https://a.espncdn.com/i/teamlogos/ncaa/500/201.png,OU,9d2235,ffffff,home,false,69,12,Wildcats,Arizona,Arizona Wildcats,ARIZ,https://a.espncdn.com/i/teamlogos/ncaa/500/12.png,0c234b,ab0520,72
254000048,2005,3,2005-03-20,2005-03-20T12:00:00.000000-0500,1502,Lauren Shoush,201,Sooners,Oklahoma,Oklahoma,,2,5,0,1,2,2,1,1,2,0,0,0,0,3,6,true,false,false,true,,L. Shoush,,Not Available,NA,Oklahoma Sooners,s:40~l:54~t:201,oklahoma-sooners,https://a.espncdn.com/i/teamlogos/ncaa/500/201.png,OU,9d2235,ffffff,home,false,69,12,Wildcats,Arizona,Arizona Wildcats,ARIZ,https://a.espncdn.com/i/teamlogos/ncaa/500/12.png,0c234b,ab0520,72
254000048,2005,3,2005-03-20,2005-03-20T12:00:00.000000-0500,1501,Dionnah Jackson-Durrett,201,Sooners,Oklahoma,Oklahoma,,5,10,1,3,6,8,3,12,15,0,0,0,0,2,17,true,false,false,true,,D. Jackson-Durrett,,Not Available,NA,Oklahoma Sooners,s:40~l:54~t:201,oklahoma-sooners,https://a.espncdn.com/i/teamlogos/ncaa/500/201.png,OU,9d2235,ffffff,home,false,69,12,Wildcats,Arizona,Arizona Wildcats,ARIZ,https://a.espncdn.com/i/teamlogos/ncaa/500/12.png,0c234b,ab0520,72
254000027,2005,3,2005-03-20,2005-03-20T12:00:00.000000-0500,753,Lisa Andrews,107,Crusaders,Holy Cross,Holy Cross,,6,18,0,0,1,2,2,2,4,0,0,0,0,3,13,true,false,false,true,,L. Andrews,,Not Available,NA,Holy Cross Crusaders,s:40~l:54~t:107,holy-cross-crusaders,https://a.espncdn.com/i/teamlogos/ncaa/500/107.png,HC,0a0a0a,080808,away,false,45,194,Buckeyes,Ohio State,Ohio State Buckeyes,OSU,https://a.espncdn.com/i/teamlogos/ncaa/500/194.png,ce1141,505056,86
254000027,2005,3,2005-03-20,2005-03-20T12:00:00.000000-0500,4140,Brittany Keil,107,Crusaders,Holy Cross,Holy Cross,,2,7,1,4,0,0,0,2,2,0,0,0,0,3,5,true,false,false,true,,B. Keil,,Not Available,NA,Holy Cross Crusaders,s:40~l:54~t:107,holy-cross-crusaders,https://a.espncdn.com/i/teamlogos/ncaa/500/107.png,HC,0a0a0a,080808,away,false,45,194,Buckeyes,Ohio State,Ohio State Buckeyes,OSU,https://a.espncdn.com/i/teamlogos/ncaa/500/194.png,ce1141,505056,86
254000027,2005,3,2005-03-20,2005-03-20T12:00:00.000000-0500,5003,Laura Aloisi,107,Crusaders,Holy Cross,Holy Cross,,0,1,0,1,1,2,1,5,6,0,0,0,0,2,1,true,false,false,true,,L. Aloisi,,Not Available,NA,Holy Cross Crusaders,s:40~l:54~t:107,holy-cross-crusaders,https://a.espncdn.com/i/teamlogos/ncaa/500/107.png,HC,0a0a0a,080808,away,false,45,194,Buckeyes,Ohio State,Ohio State Buckeyes,OSU,https://a.espncdn.com/i/teamlogos/ncaa/500/194.png,ce1141,505056,86
254000027,2005,3,2005-03-20,2005-03-20T12:00:00.000000-0500,760,Sarah Placek,107,Crusaders,Holy Cross,Holy Cross,,1,6,0,2,0,0,1,2,3,0,0,0,0,2,2,true,false,false,true,,S. Placek,,Not Available,NA,Holy Cross Crusaders,s:40~l:54~t:107,holy-cross-crusaders,https://a.espncdn.com/i/teamlogos/ncaa/500/107.png,HC,0a0a0a,080808,away,false,45,194,Buckeyes,Ohio State,Ohio State Buckeyes,OSU,https://a.espncdn.com/i/teamlogos/ncaa/500/194.png,ce1141,505056,86
254000027,2005,3,2005-03-20,2005-03-20T12:00:00.000000-0500,757,Maggie Fontana,107,Crusaders,Holy Cross,Holy Cross,,0,5,0,1,2,4,1,4,5,0,0,0,0,3,2,true,false,false,true,,M. Fontana,,Not Available,NA,Holy Cross Crusaders,s:40~l:54~t:107,holy-cross-crusaders,https://a.espncdn.com/i/teamlogos/ncaa/500/107.png,HC,0a0a0a,080808,away,false,45,194,Buckeyes,Ohio State,Ohio State Buckeyes,OSU,https://a.espncdn.com/i/teamlogos/ncaa/500/194.png,ce1141,505056,86
254000027,2005,3,2005-03-20,2005-03-20T12:00:00.000000-0500,3831,Jessica Davenport,194,Buckeyes,Ohio State,Ohio State,,10,15,0,0,3,6,2,7,9,0,0,0,0,1,23,true,false,false,true,,J. Davenport,,Not Available,NA,Ohio State Buckeyes,s:40~l:54~t:194,ohio-state-buckeyes,https://a.espncdn.com/i/teamlogos/ncaa/500/194.png,OSU,ce1141,505056,home,true,86,107,Crusaders,Holy Cross,Holy Cross Crusaders,HC,https://a.espncdn.com/i/teamlogos/ncaa/500/107.png,0a0a0a,080808,45
254000027,2005,3,2005-03-20,2005-03-20T12:00:00.000000-0500,3833,Brandie Hoskins,194,Buckeyes,Ohio State,Ohio State,,6,9,0,1,2,2,0,4,4,0,0,0,0,1,14,true,false,false,true,,B. Hoskins,,Not Available,NA,Ohio State Buckeyes,s:40~l:54~t:194,ohio-state-buckeyes,https://a.espncdn.com/i/teamlogos/ncaa/500/194.png,OSU,ce1141,505056,home,true,86,107,Crusaders,Holy Cross,Holy Cross Crusaders,HC,https://a.espncdn.com/i/teamlogos/ncaa/500/107.png,0a0a0a,080808,45
254000027,2005,3,2005-03-20,2005-03-20T12:00:00.000000-0500,1497,Caity Matter,194,Buckeyes,Ohio State,Ohio State,,4,5,2,2,2,2,1,2,3,0,0,0,0,0,12,true,false,false,true,,C. Matter,,Not Available,NA,Ohio State Buckeyes,s:40~l:54~t:194,ohio-state-buckeyes,https://a.espncdn.com/i/teamlogos/ncaa/500/194.png,OSU,ce1141,505056,home,true,86,107,Crusaders,Holy Cross,Holy Cross Crusaders,HC,https://a.espncdn.com/i/teamlogos/ncaa/500/107.png,0a0a0a,080808,45
254000027,2005,3,2005-03-20,2005-03-20T12:00:00.000000-0500,1493,Ashley Allen,194,Buckeyes,Ohio State,Ohio State,,3,6,1,4,0,1,2,2,4,0,0,0,0,0,7,true,false,false,true,,A. Allen,,Not Available,NA,Ohio State Buckeyes,s:40~l:54~t:194,ohio-state-buckeyes,https://a.espncdn.com/i/teamlogos/ncaa/500/194.png,OSU,ce1141,505056,home,true,86,107,Crusaders,Holy Cross,Holy Cross Crusaders,HC,https://a.espncdn.com/i/teamlogos/ncaa/500/107.png,0a0a0a,080808,45
254000027,2005,3,2005-03-20,2005-03-20T12:00:00.000000-0500,2007,Michelle Munoz,194,Buckeyes,Ohio State,Ohio State,,,,,,,,,,,,,,,,,true,false,true,true,,M. Munoz,,Not Available,NA,Ohio State Buckeyes,s:40~l:54~t:194,ohio-state-buckeyes,https://a.espncdn.com/i/teamlogos/ncaa/500/194.png,OSU,ce1141,505056,home,true,86,107,Crusaders,Holy Cross,Holy Cross Crusaders,HC,https://a.espncdn.com/i/teamlogos/ncaa/500/107.png,0a0a0a,080808,45
254000023,2005,3,2005-03-20,2005-03-20T12:00:00.000000-0500,5010,Margaret DeCiman,2348,Lady Techsters,Louisiana Tech,Louisiana Tech,,0,1,0,0,0,0,1,3,4,0,0,0,0,0,0,true,false,false,true,,M. DeCiman,,Not Available,NA,Louisiana Tech Lady Techsters,s:40~l:54~t:2348,louisiana-tech-lady-techsters,https://a.espncdn.com/i/teamlogos/ncaa/500/2348.png,LT,002d65,d3313a,away,false,61,218,Owls,Temple,Temple Owls,TEM,https://a.espncdn.com/i/teamlogos/ncaa/500/218.png,A80532,a7a9ac,66
254000023,2005,3,2005-03-20,2005-03-20T12:00:00.000000-0500,3731,Lakiste Barkus,2348,Lady Techsters,Louisiana Tech,Louisiana Tech,,2,8,1,3,0,0,1,0,1,0,0,0,0,1,5,true,false,false,true,,L. Barkus,,Not Available,NA,Louisiana Tech Lady Techsters,s:40~l:54~t:2348,louisiana-tech-lady-techsters,https://a.espncdn.com/i/teamlogos/ncaa/500/2348.png,LT,002d65,d3313a,away,false,61,218,Owls,Temple,Temple Owls,TEM,https://a.espncdn.com/i/teamlogos/ncaa/500/218.png,A80532,a7a9ac,66
254000023,2005,3,2005-03-20,2005-03-20T12:00:00.000000-0500,2533,Tasha Crain,2348,Lady Techsters,Louisiana Tech,Louisiana Tech,,11,15,0,1,4,6,0,1,1,0,0,0,0,3,26,true,false,false,true,,T. Crain,,Not Available,NA,Louisiana Tech Lady Techsters,s:40~l:54~t:2348,louisiana-tech-lady-techsters,https://a.espncdn.com/i/teamlogos/ncaa/500/2348.png,LT,002d65,d3313a,away,false,61,218,Owls,Temple,Temple Owls,TEM,https://a.espncdn.com/i/teamlogos/ncaa/500/218.png,A80532,a7a9ac,66
254000023,2005,3,2005-03-20,2005-03-20T12:00:00.000000-0500,998,Erica Smith-Taylor,2348,Lady Techsters,Louisiana Tech,Louisiana Tech,,5,13,1,4,2,2,0,2,2,0,0,0,0,3,13,true,false,false,true,,E. Smith-Taylor,,Not Available,NA,Louisiana Tech Lady Techsters,s:40~l:54~t:2348,louisiana-tech-lady-techsters,https://a.espncdn.com/i/teamlogos/ncaa/500/2348.png,LT,002d65,d3313a,away,false,61,218,Owls,Temple,Temple Owls,TEM,https://a.espncdn.com/i/teamlogos/ncaa/500/218.png,A80532,a7a9ac,66
254000023,2005,3,2005-03-20,2005-03-20T12:00:00.000000-0500,3727,Tiffany Thompson,2348,Lady Techsters,Louisiana Tech,Louisiana Tech,,,,,,,,,,,,,,,,,true,false,true,true,,T. Thompson,,Not Available,NA,Louisiana Tech Lady Techsters,s:40~l:54~t:2348,louisiana-tech-lady-techsters,https://a.espncdn.com/i/teamlogos/ncaa/500/2348.png,LT,002d65,d3313a,away,false,61,218,Owls,Temple,Temple Owls,TEM,https://a.espncdn.com/i/teamlogos/ncaa/500/218.png,A80532,a7a9ac,66
254000023,2005,3,2005-03-20,2005-03-20T12:00:00.000000-0500,3023,Candice Dupree,218,Owls,Temple,Temple,,6,15,0,0,8,12,3,8,11,0,0,0,0,2,20,true,false,false,true,,C. Dupree,,Not Available,NA,Temple Owls,s:40~l:54~t:218,temple-owls,https://a.espncdn.com/i/teamlogos/ncaa/500/218.png,TEM,A80532,a7a9ac,home,true,66,2348,Lady Techsters,Louisiana Tech,Louisiana Tech Lady Techsters,LT,https://a.espncdn.com/i/teamlogos/ncaa/500/2348.png,002d65,d3313a,61
254000023,2005,3,2005-03-20,2005-03-20T12:00:00.000000-0500,4328,Kamesha Hairston,218,Owls,Temple,Temple,,4,9,0,0,7,9,3,1,4,0,0,0,0,3,15,true,false,false,true,,K. Hairston,,Not Available,NA,Temple Owls,s:40~l:54~t:218,temple-owls,https://a.espncdn.com/i/teamlogos/ncaa/500/218.png,TEM,A80532,a7a9ac,home,true,66,2348,Lady Techsters,Louisiana Tech,Louisiana Tech Lady Techsters,LT,https://a.espncdn.com/i/teamlogos/ncaa/500/2348.png,002d65,d3313a,61
254000023,2005,3,2005-03-20,2005-03-20T12:00:00.000000-0500,3022,Jennifer Owens,218,Owls,Temple,Temple,,0,2,0,1,0,0,0,1,1,0,0,0,0,2,0,true,false,false,true,,J. Owens,,Not Available,NA,Temple Owls,s:40~l:54~t:218,temple-owls,https://a.espncdn.com/i/teamlogos/ncaa/500/218.png,TEM,A80532,a7a9ac,home,true,66,2348,Lady Techsters,Louisiana Tech,Louisiana Tech Lady Techsters,LT,https://a.espncdn.com/i/teamlogos/ncaa/500/2348.png,002d65,d3313a,61
254000023,2005,3,2005-03-20,2005-03-20T12:00:00.000000-0500,1990,Ari Moore,218,Owls,Temple,Temple,,4,7,1,2,2,2,1,4,5,0,0,0,0,1,11,true,false,false,true,,A. Moore,,Not Available,NA,Temple Owls,s:40~l:54~t:218,temple-owls,https://a.espncdn.com/i/teamlogos/ncaa/500/218.png,TEM,A80532,a7a9ac,home,true,66,2348,Lady Techsters,Louisiana Tech,Louisiana Tech Lady Techsters,LT,https://a.espncdn.com/i/teamlogos/ncaa/500/2348.png,002d65,d3313a,61
254000023,2005,3,2005-03-20,2005-03-20T12:00:00.000000-0500,1988,Cynthia Jordan,218,Owls,Temple,Temple,,2,6,2,3,1,2,1,3,4,0,0,0,0,1,7,true,false,false,true,,C. Jordan,,Not Available,NA,Temple Owls,s:40~l:54~t:218,temple-owls,https://a.espncdn.com/i/teamlogos/ncaa/500/218.png,TEM,A80532,a7a9ac,home,true,66,2348,Lady Techsters,Louisiana Tech,Louisiana Tech Lady Techsters,LT,https://a.espncdn.com/i/teamlogos/ncaa/500/2348.png,002d65,d3313a,61
254000047,2005,3,2005-03-20,2005-03-20T14:30:00.000000-0500,3543,Kristy Brown,56,Hatters,Stetson,Stetson,,6,19,1,4,4,8,1,3,4,0,0,0,0,2,17,true,false,false,true,,K. Brown,,Not Available,NA,Stetson Hatters,s:40~l:54~t:56,stetson-hatters,https://a.espncdn.com/i/teamlogos/ncaa/500/56.png,STET,0a5640,56854e,away,false,36,99,Tigers,LSU,LSU Tigers,LSU,https://a.espncdn.com/i/teamlogos/ncaa/500/99.png,461d7c,fdd023,70
254000047,2005,3,2005-03-20,2005-03-20T14:30:00.000000-0500,5023,Lucy Martinez,56,Hatters,Stetson,Stetson,,1,4,0,1,0,0,0,2,2,0,0,0,0,5,2,true,false,false,true,,L. Martinez,,Not Available,NA,Stetson Hatters,s:40~l:54~t:56,stetson-hatters,https://a.espncdn.com/i/teamlogos/ncaa/500/56.png,STET,0a5640,56854e,away,false,36,99,Tigers,LSU,LSU Tigers,LSU,https://a.espncdn.com/i/teamlogos/ncaa/500/99.png,461d7c,fdd023,70
254000047,2005,3,2005-03-20,2005-03-20T14:30:00.000000-0500,3923,Janene Maclin,56,Hatters,Stetson,Stetson,,1,1,0,0,0,0,1,6,7,0,0,0,0,1,2,true,false,false,true,,J. Maclin,,Not Available,NA,Stetson Hatters,s:40~l:54~t:56,stetson-hatters,https://a.espncdn.com/i/teamlogos/ncaa/500/56.png,STET,0a5640,56854e,away,false,36,99,Tigers,LSU,LSU Tigers,LSU,https://a.espncdn.com/i/teamlogos/ncaa/500/99.png,461d7c,fdd023,70
254000047,2005,3,2005-03-20,2005-03-20T14:30:00.000000-0500,5024,Nefertiti Walker,56,Hatters,Stetson,Stetson,,5,13,1,6,2,2,0,1,1,0,0,0,0,5,13,true,false,false,true,,N. Walker,,Not Available,NA,Stetson Hatters,s:40~l:54~t:56,stetson-hatters,https://a.espncdn.com/i/teamlogos/ncaa/500/56.png,STET,0a5640,56854e,away,false,36,99,Tigers,LSU,LSU Tigers,LSU,https://a.espncdn.com/i/teamlogos/ncaa/500/99.png,461d7c,fdd023,70
254000047,2005,3,2005-03-20,2005-03-20T14:30:00.000000-0500,3922,JoAnn Smith,56,Hatters,Stetson,Stetson,,1,4,0,2,0,0,1,5,6,0,0,0,0,2,2,true,false,false,true,,J. Smith,,Not Available,NA,Stetson Hatters,s:40~l:54~t:56,stetson-hatters,https://a.espncdn.com/i/teamlogos/ncaa/500/56.png,STET,0a5640,56854e,away,false,36,99,Tigers,LSU,LSU Tigers,LSU,https://a.espncdn.com/i/teamlogos/ncaa/500/99.png,461d7c,fdd023,70
254000047,2005,3,2005-03-20,2005-03-20T14:30:00.000000-0500,1043,Tillie Willis,99,Tigers,LSU,LSU,,0,0,0,0,0,0,0,0,0,0,0,0,0,1,0,true,false,false,true,,T. Willis,,Not Available,NA,LSU Tigers,s:40~l:54~t:99,lsu-tigers,https://a.espncdn.com/i/teamlogos/ncaa/500/99.png,LSU,461d7c,fdd023,home,true,70,56,Hatters,Stetson,Stetson Hatters,STET,https://a.espncdn.com/i/teamlogos/ncaa/500/56.png,0a5640,56854e,36
254000047,2005,3,2005-03-20,2005-03-20T14:30:00.000000-0500,2635,Seimone Augustus,99,Tigers,LSU,LSU,,3,13,0,0,8,10,1,3,4,0,0,0,0,0,14,true,false,false,true,,S. Augustus,,Not Available,NA,LSU Tigers,s:40~l:54~t:99,lsu-tigers,https://a.espncdn.com/i/teamlogos/ncaa/500/99.png,LSU,461d7c,fdd023,home,true,70,56,Hatters,Stetson,Stetson Hatters,STET,https://a.espncdn.com/i/teamlogos/ncaa/500/56.png,0a5640,56854e,36
254000047,2005,3,2005-03-20,2005-03-20T14:30:00.000000-0500,1042,Wendlyn Jones,99,Tigers,LSU,LSU,,1,2,0,0,1,2,2,1,3,0,0,0,0,1,3,true,false,false,true,,W. Jones,,Not Available,NA,LSU Tigers,s:40~l:54~t:99,lsu-tigers,https://a.espncdn.com/i/teamlogos/ncaa/500/99.png,LSU,461d7c,fdd023,home,true,70,56,Hatters,Stetson,Stetson Hatters,STET,https://a.espncdn.com/i/teamlogos/ncaa/500/56.png,0a5640,56854e,36
254000047,2005,3,2005-03-20,2005-03-20T14:30:00.000000-0500,3715,Scholanda Hoston,99,Tigers,LSU,LSU,,3,13,1,5,1,2,2,5,7,0,0,0,0,1,8,true,false,false,true,,S. Hoston,,Not Available,NA,LSU Tigers,s:40~l:54~t:99,lsu-tigers,https://a.espncdn.com/i/teamlogos/ncaa/500/99.png,LSU,461d7c,fdd023,home,true,70,56,Hatters,Stetson,Stetson Hatters,STET,https://a.espncdn.com/i/teamlogos/ncaa/500/56.png,0a5640,56854e,36
254000047,2005,3,2005-03-20,2005-03-20T14:30:00.000000-0500,1041,Temeka Johnson,99,Tigers,LSU,LSU,,5,9,0,0,5,5,0,4,4,0,0,0,0,1,15,true,false,false,true,,T. Johnson,,Not Available,NA,LSU Tigers,s:40~l:54~t:99,lsu-tigers,https://a.espncdn.com/i/teamlogos/ncaa/500/99.png,LSU,461d7c,fdd023,home,true,70,56,Hatters,Stetson,Stetson Hatters,STET,https://a.espncdn.com/i/teamlogos/ncaa/500/56.png,0a5640,56854e,36
254000026,2005,3,2005-03-20,2005-03-20T14:30:00.000000-0500,3085,Amy Fieck,2739,Phoenix,Green Bay,Green Bay,,0,0,0,0,1,5,1,3,4,0,0,0,0,1,1,true,false,false,true,,A. Fieck,,Not Available,NA,Green Bay Phoenix,s:40~l:54~t:2739,green-bay-phoenix,https://a.espncdn.com/i/teamlogos/ncaa/500/2739.png,GB,006633,ffffff,away,false,55,120,Terrapins,Maryland,Maryland Terrapins,MD,https://a.espncdn.com/i/teamlogos/ncaa/500/120.png,D5002B,ffcd00,65
254000026,2005,3,2005-03-20,2005-03-20T14:30:00.000000-0500,2379,Tiffany Mor,2739,Phoenix,Green Bay,Green Bay,,6,13,0,0,3,3,2,5,7,0,0,0,0,5,15,true,false,false,true,,T. Mor,,Not Available,NA,Green Bay Phoenix,s:40~l:54~t:2739,green-bay-phoenix,https://a.espncdn.com/i/teamlogos/ncaa/500/2739.png,GB,006633,ffffff,away,false,55,120,Terrapins,Maryland,Maryland Terrapins,MD,https://a.espncdn.com/i/teamlogos/ncaa/500/120.png,D5002B,ffcd00,65
254000026,2005,3,2005-03-20,2005-03-20T14:30:00.000000-0500,3084,Abby Scharlow,2739,Phoenix,Green Bay,Green Bay,,9,19,1,3,2,4,0,4,4,0,0,0,0,5,21,true,false,false,true,,A. Scharlow,,Not Available,NA,Green Bay Phoenix,s:40~l:54~t:2739,green-bay-phoenix,https://a.espncdn.com/i/teamlogos/ncaa/500/2739.png,GB,006633,ffffff,away,false,55,120,Terrapins,Maryland,Maryland Terrapins,MD,https://a.espncdn.com/i/teamlogos/ncaa/500/120.png,D5002B,ffcd00,65
254000026,2005,3,2005-03-20,2005-03-20T14:30:00.000000-0500,3083,Mary Kulenkamp,2739,Phoenix,Green Bay,Green Bay,,2,4,0,1,0,1,2,4,6,0,0,0,0,2,4,true,false,false,true,,M. Kulenkamp,,Not Available,NA,Green Bay Phoenix,s:40~l:54~t:2739,green-bay-phoenix,https://a.espncdn.com/i/teamlogos/ncaa/500/2739.png,GB,006633,ffffff,away,false,55,120,Terrapins,Maryland,Maryland Terrapins,MD,https://a.espncdn.com/i/teamlogos/ncaa/500/120.png,D5002B,ffcd00,65
254000026,2005,3,2005-03-20,2005-03-20T14:30:00.000000-0500,3082,Tricia Grassell,2739,Phoenix,Green Bay,Green Bay,,0,4,0,0,2,2,1,2,3,0,0,0,0,1,2,true,false,false,true,,T. Grassell,,Not Available,NA,Green Bay Phoenix,s:40~l:54~t:2739,green-bay-phoenix,https://a.espncdn.com/i/teamlogos/ncaa/500/2739.png,GB,006633,ffffff,away,false,55,120,Terrapins,Maryland,Maryland Terrapins,MD,https://a.espncdn.com/i/teamlogos/ncaa/500/120.png,D5002B,ffcd00,65
254000026,2005,3,2005-03-20,2005-03-20T14:30:00.000000-0500,4857,Crystal Langhorne,120,Terrapins,Maryland,Maryland,,5,6,0,0,6,10,3,5,8,0,0,0,0,3,16,true,false,false,true,,C. Langhorne,,Not Available,NA,Maryland Terrapins,s:40~l:54~t:120,maryland-terrapins,https://a.espncdn.com/i/teamlogos/ncaa/500/120.png,MD,D5002B,ffcd00,home,true,65,2739,Phoenix,Green Bay,Green Bay Phoenix,GB,https://a.espncdn.com/i/teamlogos/ncaa/500/2739.png,006633,ffffff,55
254000026,2005,3,2005-03-20,2005-03-20T14:30:00.000000-0500,4856,Jade Perry,120,Terrapins,Maryland,Maryland,,4,8,0,0,0,0,4,5,9,0,0,0,0,2,8,true,false,false,true,,J. Perry,,Not Available,NA,Maryland Terrapins,s:40~l:54~t:120,maryland-terrapins,https://a.espncdn.com/i/teamlogos/ncaa/500/120.png,MD,D5002B,ffcd00,home,true,65,2739,Phoenix,Green Bay,Green Bay Phoenix,GB,https://a.espncdn.com/i/teamlogos/ncaa/500/2739.png,006633,ffffff,55
254000026,2005,3,2005-03-20,2005-03-20T14:30:00.000000-0500,4315,Kalika France,120,Terrapins,Maryland,Maryland,,2,9,0,1,1,4,0,4,4,0,0,0,0,4,5,true,false,false,true,,K. France,,Not Available,NA,Maryland Terrapins,s:40~l:54~t:120,maryland-terrapins,https://a.espncdn.com/i/teamlogos/ncaa/500/120.png,MD,D5002B,ffcd00,home,true,65,2739,Phoenix,Green Bay,Green Bay Phoenix,GB,https://a.espncdn.com/i/teamlogos/ncaa/500/2739.png,006633,ffffff,55
254000026,2005,3,2005-03-20,2005-03-20T14:30:00.000000-0500,4314,Shay Doron,120,Terrapins,Maryland,Maryland,,9,18,2,7,6,7,0,3,3,0,0,0,0,1,26,true,false,false,true,,S. Doron,,Not Available,NA,Maryland Terrapins,s:40~l:54~t:120,maryland-terrapins,https://a.espncdn.com/i/teamlogos/ncaa/500/120.png,MD,D5002B,ffcd00,home,true,65,2739,Phoenix,Green Bay,Green Bay Phoenix,GB,https://a.espncdn.com/i/teamlogos/ncaa/500/2739.png,006633,ffffff,55
254000026,2005,3,2005-03-20,2005-03-20T14:30:00.000000-0500,1084,Anesia Smith,120,Terrapins,Maryland,Maryland,,2,8,0,0,3,5,0,3,3,0,0,0,0,2,7,true,false,false,true,,A. Smith,,Not Available,NA,Maryland Terrapins,s:40~l:54~t:120,maryland-terrapins,https://a.espncdn.com/i/teamlogos/ncaa/500/120.png,MD,D5002B,ffcd00,home,true,65,2739,Phoenix,Green Bay,Green Bay Phoenix,GB,https://a.espncdn.com/i/teamlogos/ncaa/500/2739.png,006633,ffffff,55
254000024,2005,3,2005-03-20,2005-03-20T14:30:00.000000-0500,739,Tanika Price,42,Hawks,Hartford,Hartford,,1,3,0,0,3,6,1,0,1,0,0,0,0,2,5,true,false,false,true,,T. Price,,Not Available,NA,Hartford Hawks,s:40~l:54~t:42,hartford-hawks,https://a.espncdn.com/i/teamlogos/ncaa/500/42.png,HART,d60008,000000,away,false,37,164,Scarlet Knights,Rutgers,Rutgers Scarlet Knights,RUTG,https://a.espncdn.com/i/teamlogos/ncaa/500/164.png,d21034,ffffff,62
254000024,2005,3,2005-03-20,2005-03-20T14:30:00.000000-0500,5025,Jenna Gale,42,Hawks,Hartford,Hartford,,2,7,0,1,0,0,2,5,7,0,0,0,0,2,4,true,false,false,true,,J. Gale,,Not Available,NA,Hartford Hawks,s:40~l:54~t:42,hartford-hawks,https://a.espncdn.com/i/teamlogos/ncaa/500/42.png,HART,d60008,000000,away,false,37,164,Scarlet Knights,Rutgers,Rutgers Scarlet Knights,RUTG,https://a.espncdn.com/i/teamlogos/ncaa/500/164.png,d21034,ffffff,62
254000024,2005,3,2005-03-20,2005-03-20T14:30:00.000000-0500,5028,Ikea Witt,42,Hawks,Hartford,Hartford,,2,8,0,0,3,4,0,0,0,0,0,0,0,1,7,true,false,false,true,,I. Witt,,Not Available,NA,Hartford Hawks,s:40~l:54~t:42,hartford-hawks,https://a.espncdn.com/i/teamlogos/ncaa/500/42.png,HART,d60008,000000,away,false,37,164,Scarlet Knights,Rutgers,Rutgers Scarlet Knights,RUTG,https://a.espncdn.com/i/teamlogos/ncaa/500/164.png,d21034,ffffff,62
254000024,2005,3,2005-03-20,2005-03-20T14:30:00.000000-0500,5027,Erika Messam,42,Hawks,Hartford,Hartford,,1,8,0,4,6,7,0,2,2,0,0,0,0,2,8,true,false,false,true,,E. Messam,,Not Available,NA,Hartford Hawks,s:40~l:54~t:42,hartford-hawks,https://a.espncdn.com/i/teamlogos/ncaa/500/42.png,HART,d60008,000000,away,false,37,164,Scarlet Knights,Rutgers,Rutgers Scarlet Knights,RUTG,https://a.espncdn.com/i/teamlogos/ncaa/500/164.png,d21034,ffffff,62
254000024,2005,3,2005-03-20,2005-03-20T14:30:00.000000-0500,5026,Danielle Wexler,42,Hawks,Hartford,Hartford,,0,3,0,2,0,0,0,2,2,0,0,0,0,1,0,true,false,false,true,,D. Wexler,,Not Available,NA,Hartford Hawks,s:40~l:54~t:42,hartford-hawks,https://a.espncdn.com/i/teamlogos/ncaa/500/42.png,HART,d60008,000000,away,false,37,164,Scarlet Knights,Rutgers,Rutgers Scarlet Knights,RUTG,https://a.espncdn.com/i/teamlogos/ncaa/500/164.png,d21034,ffffff,62
254000024,2005,3,2005-03-20,2005-03-20T14:30:00.000000-0500,1696,Rebecca Richman,164,Scarlet Knights,Rutgers,Rutgers,,2,3,0,0,1,2,1,2,3,0,0,0,0,3,5,true,false,false,true,,R. Richman,,Not Available,NA,Rutgers Scarlet Knights,s:40~l:54~t:164,rutgers-scarlet-knights,https://a.espncdn.com/i/teamlogos/ncaa/500/164.png,RUTG,d21034,ffffff,home,true,62,42,Hawks,Hartford,Hartford Hawks,HART,https://a.espncdn.com/i/teamlogos/ncaa/500/42.png,d60008,000000,37
254000024,2005,3,2005-03-20,2005-03-20T14:30:00.000000-0500,2400,Michelle Campbell,164,Scarlet Knights,Rutgers,Rutgers,,3,3,0,0,3,4,1,4,5,0,0,0,0,4,9,true,false,false,true,,M. Campbell,,Not Available,NA,Rutgers Scarlet Knights,s:40~l:54~t:164,rutgers-scarlet-knights,https://a.espncdn.com/i/teamlogos/ncaa/500/164.png,RUTG,d21034,ffffff,home,true,62,42,Hawks,Hartford,Hartford Hawks,HART,https://a.espncdn.com/i/teamlogos/ncaa/500/42.png,d60008,000000,37
254000024,2005,3,2005-03-20,2005-03-20T14:30:00.000000-0500,1694,Chelsea Newton,164,Scarlet Knights,Rutgers,Rutgers,,3,8,0,1,2,2,0,1,1,0,0,0,0,2,8,true,false,false,true,,C. Newton,,Not Available,NA,Rutgers Scarlet Knights,s:40~l:54~t:164,rutgers-scarlet-knights,https://a.espncdn.com/i/teamlogos/ncaa/500/164.png,RUTG,d21034,ffffff,home,true,62,42,Hawks,Hartford,Hartford Hawks,HART,https://a.espncdn.com/i/teamlogos/ncaa/500/42.png,d60008,000000,37
254000024,2005,3,2005-03-20,2005-03-20T14:30:00.000000-0500,4816,Matee Ajavon,164,Scarlet Knights,Rutgers,Rutgers,,2,6,0,0,1,2,0,2,2,0,0,0,0,3,5,true,false,false,true,,M. Ajavon,,Not Available,NA,Rutgers Scarlet Knights,s:40~l:54~t:164,rutgers-scarlet-knights,https://a.espncdn.com/i/teamlogos/ncaa/500/164.png,RUTG,d21034,ffffff,home,true,62,42,Hawks,Hartford,Hartford Hawks,HART,https://a.espncdn.com/i/teamlogos/ncaa/500/42.png,d60008,000000,37
254000024,2005,3,2005-03-20,2005-03-20T14:30:00.000000-0500,1692,Nikki Jett,164,Scarlet Knights,Rutgers,Rutgers,,0,1,0,1,0,0,0,0,0,0,0,0,0,1,0,true,false,false,true,,N. Jett,,Not Available,NA,Rutgers Scarlet Knights,s:40~l:54~t:164,rutgers-scarlet-knights,https://a.espncdn.com/i/teamlogos/ncaa/500/164.png,RUTG,d21034,ffffff,home,true,62,42,Hawks,Hartford,Hartford Hawks,HART,https://a.espncdn.com/i/teamlogos/ncaa/500/42.png,d60008,000000,37
254000050,2005,3,2005-03-20,2005-03-20T19:00:00.000000-0500,2208,Erin Gibson,259,Hokies,Virginia Tech,Virginia Tech,,6,12,0,0,1,1,1,2,3,0,0,0,0,1,13,true,false,false,true,,E. Gibson,,Not Available,NA,Virginia Tech Hokies,s:40~l:54~t:259,virginia-tech-hokies,https://a.espncdn.com/i/teamlogos/ncaa/500/259.png,VT,630031,cf4520,away,false,78,305,Blue Demons,DePaul,DePaul Blue Demons,DEP,https://a.espncdn.com/i/teamlogos/ncaa/500/305.png,2d649c,ce1125,79
254000050,2005,3,2005-03-20,2005-03-20T19:00:00.000000-0500,2776,Kerri Gardin,259,Hokies,Virginia Tech,Virginia Tech,,5,10,0,0,2,2,2,4,6,0,0,0,0,3,12,true,false,false,true,,K. Gardin,,Not Available,NA,Virginia Tech Hokies,s:40~l:54~t:259,virginia-tech-hokies,https://a.espncdn.com/i/teamlogos/ncaa/500/259.png,VT,630031,cf4520,away,false,78,305,Blue Demons,DePaul,DePaul Blue Demons,DEP,https://a.espncdn.com/i/teamlogos/ncaa/500/305.png,2d649c,ce1125,79
254000050,2005,3,2005-03-20,2005-03-20T19:00:00.000000-0500,3989,Kirby Copeland,259,Hokies,Virginia Tech,Virginia Tech,,4,10,0,0,7,10,3,2,5,0,0,0,0,2,15,true,false,false,true,,K. Copeland,,Not Available,NA,Virginia Tech Hokies,s:40~l:54~t:259,virginia-tech-hokies,https://a.espncdn.com/i/teamlogos/ncaa/500/259.png,VT,630031,cf4520,away,false,78,305,Blue Demons,DePaul,DePaul Blue Demons,DEP,https://a.espncdn.com/i/teamlogos/ncaa/500/305.png,2d649c,ce1125,79
254000050,2005,3,2005-03-20,2005-03-20T19:00:00.000000-0500,2778,Carrie Mason,259,Hokies,Virginia Tech,Virginia Tech,,3,8,0,2,3,3,1,0,1,0,0,0,0,4,9,true,false,false,true,,C. Mason,,Not Available,NA,Virginia Tech Hokies,s:40~l:54~t:259,virginia-tech-hokies,https://a.espncdn.com/i/teamlogos/ncaa/500/259.png,VT,630031,cf4520,away,false,78,305,Blue Demons,DePaul,DePaul Blue Demons,DEP,https://a.espncdn.com/i/teamlogos/ncaa/500/305.png,2d649c,ce1125,79
254000050,2005,3,2005-03-20,2005-03-20T19:00:00.000000-0500,2773,Dawn Chriss,259,Hokies,Virginia Tech,Virginia Tech,,8,13,0,0,4,6,1,3,4,0,0,0,0,2,20,true,false,false,true,,D. Chriss,,Not Available,NA,Virginia Tech Hokies,s:40~l:54~t:259,virginia-tech-hokies,https://a.espncdn.com/i/teamlogos/ncaa/500/259.png,VT,630031,cf4520,away,false,78,305,Blue Demons,DePaul,DePaul Blue Demons,DEP,https://a.espncdn.com/i/teamlogos/ncaa/500/305.png,2d649c,ce1125,79
254000050,2005,3,2005-03-20,2005-03-20T19:00:00.000000-0500,4862,Erin Carney,305,Blue Demons,DePaul,DePaul,,2,4,0,0,4,6,7,4,11,0,0,0,0,2,8,true,false,false,true,,E. Carney,,Not Available,NA,DePaul Blue Demons,s:40~l:54~t:305,depaul-blue-demons,https://a.espncdn.com/i/teamlogos/ncaa/500/305.png,DEP,2d649c,ce1125,home,true,79,259,Hokies,Virginia Tech,Virginia Tech Hokies,VT,https://a.espncdn.com/i/teamlogos/ncaa/500/259.png,630031,cf4520,78
254000050,2005,3,2005-03-20,2005-03-20T19:00:00.000000-0500,415,Khara Smith,305,Blue Demons,DePaul,DePaul,,5,13,0,0,5,5,1,11,12,0,0,0,0,5,15,true,false,false,true,,K. Smith,,Not Available,NA,DePaul Blue Demons,s:40~l:54~t:305,depaul-blue-demons,https://a.espncdn.com/i/teamlogos/ncaa/500/305.png,DEP,2d649c,ce1125,home,true,79,259,Hokies,Virginia Tech,Virginia Tech Hokies,VT,https://a.espncdn.com/i/teamlogos/ncaa/500/259.png,630031,cf4520,78
254000050,2005,3,2005-03-20,2005-03-20T19:00:00.000000-0500,4859,Allie Quigley,305,Blue Demons,DePaul,DePaul,,8,15,5,12,1,3,0,3,3,0,0,0,0,2,22,true,false,false,true,,A. Quigley,,Not Available,NA,DePaul Blue Demons,s:40~l:54~t:305,depaul-blue-demons,https://a.espncdn.com/i/teamlogos/ncaa/500/305.png,DEP,2d649c,ce1125,home,true,79,259,Hokies,Virginia Tech,Virginia Tech Hokies,VT,https://a.espncdn.com/i/teamlogos/ncaa/500/259.png,630031,cf4520,78
254000050,2005,3,2005-03-20,2005-03-20T19:00:00.000000-0500,4561,Jenna Rubino,305,Blue Demons,DePaul,DePaul,,4,6,0,2,0,0,2,1,3,0,0,0,0,4,8,true,false,false,true,,J. Rubino,,Not Available,NA,DePaul Blue Demons,s:40~l:54~t:305,depaul-blue-demons,https://a.espncdn.com/i/teamlogos/ncaa/500/305.png,DEP,2d649c,ce1125,home,true,79,259,Hokies,Virginia Tech,Virginia Tech Hokies,VT,https://a.espncdn.com/i/teamlogos/ncaa/500/259.png,630031,cf4520,78
254000050,2005,3,2005-03-20,2005-03-20T19:00:00.000000-0500,410,Jenni Dant,305,Blue Demons,DePaul,DePaul,,9,18,0,3,4,6,1,2,3,0,0,0,0,1,22,true,false,false,true,,J. Dant,,Not Available,NA,DePaul Blue Demons,s:40~l:54~t:305,depaul-blue-demons,https://a.espncdn.com/i/teamlogos/ncaa/500/305.png,DEP,2d649c,ce1125,home,true,79,259,Hokies,Virginia Tech,Virginia Tech Hokies,VT,https://a.espncdn.com/i/teamlogos/ncaa/500/259.png,630031,cf4520,78
254000040,2005,3,2005-03-20,2005-03-20T19:00:00.000000-0500,5042,Elise Morrison,159,Big Green,Dartmouth,Dartmouth,,4,14,0,0,7,8,0,4,4,0,0,0,0,2,15,true,false,false,true,,E. Morrison,,Not Available,NA,Dartmouth Big Green,s:40~l:54~t:159,dartmouth-big-green,https://a.espncdn.com/i/teamlogos/ncaa/500/159.png,DART,005730,000000,away,false,47,41,Huskies,UConn,UConn Huskies,CONN,https://a.espncdn.com/i/teamlogos/ncaa/500/41.png,0c2340,f1f2f3,95
254000040,2005,3,2005-03-20,2005-03-20T19:00:00.000000-0500,5041,Krista Perry,159,Big Green,Dartmouth,Dartmouth,,2,5,0,0,0,0,1,3,4,0,0,0,0,3,4,true,false,false,true,,K. Perry,,Not Available,NA,Dartmouth Big Green,s:40~l:54~t:159,dartmouth-big-green,https://a.espncdn.com/i/teamlogos/ncaa/500/159.png,DART,005730,000000,away,false,47,41,Huskies,UConn,UConn Huskies,CONN,https://a.espncdn.com/i/teamlogos/ncaa/500/41.png,0c2340,f1f2f3,95
254000040,2005,3,2005-03-20,2005-03-20T19:00:00.000000-0500,5040,Ashley Taylor,159,Big Green,Dartmouth,Dartmouth,,0,1,0,1,0,0,0,2,2,0,0,0,0,2,0,true,false,false,true,,A. Taylor,,Not Available,NA,Dartmouth Big Green,s:40~l:54~t:159,dartmouth-big-green,https://a.espncdn.com/i/teamlogos/ncaa/500/159.png,DART,005730,000000,away,false,47,41,Huskies,UConn,UConn Huskies,CONN,https://a.espncdn.com/i/teamlogos/ncaa/500/41.png,0c2340,f1f2f3,95
254000040,2005,3,2005-03-20,2005-03-20T19:00:00.000000-0500,5044,Angie Soriaga,159,Big Green,Dartmouth,Dartmouth,,2,7,1,2,0,0,2,3,5,0,0,0,0,0,5,true,false,false,true,,A. Soriaga,,Not Available,NA,Dartmouth Big Green,s:40~l:54~t:159,dartmouth-big-green,https://a.espncdn.com/i/teamlogos/ncaa/500/159.png,DART,005730,000000,away,false,47,41,Huskies,UConn,UConn Huskies,CONN,https://a.espncdn.com/i/teamlogos/ncaa/500/41.png,0c2340,f1f2f3,95
254000040,2005,3,2005-03-20,2005-03-20T19:00:00.000000-0500,5043,Jeannie Cullen,159,Big Green,Dartmouth,Dartmouth,,4,13,3,8,1,2,1,4,5,0,0,0,0,0,12,true,false,false,true,,J. Cullen,,Not Available,NA,Dartmouth Big Green,s:40~l:54~t:159,dartmouth-big-green,https://a.espncdn.com/i/teamlogos/ncaa/500/159.png,DART,005730,000000,away,false,47,41,Huskies,UConn,UConn Huskies,CONN,https://a.espncdn.com/i/teamlogos/ncaa/500/41.png,0c2340,f1f2f3,95
254000040,2005,3,2005-03-20,2005-03-20T19:00:00.000000-0500,316,Jessica Moore,41,Huskies,UConn,UConn,,5,11,1,2,0,0,1,6,7,0,0,0,0,2,11,true,false,false,true,,J. Moore,,Not Available,NA,UConn Huskies,s:40~l:54~t:41,uconn-huskies,https://a.espncdn.com/i/teamlogos/ncaa/500/41.png,CONN,0c2340,f1f2f3,home,true,95,159,Big Green,Dartmouth,Dartmouth Big Green,DART,https://a.espncdn.com/i/teamlogos/ncaa/500/159.png,005730,000000,47
254000040,2005,3,2005-03-20,2005-03-20T19:00:00.000000-0500,2409,Barbara Turner,41,Huskies,UConn,UConn,,3,7,1,2,1,3,2,8,10,0,0,0,0,2,8,true,false,false,true,,B. Turner,,Not Available,NA,UConn Huskies,s:40~l:54~t:41,uconn-huskies,https://a.espncdn.com/i/teamlogos/ncaa/500/41.png,CONN,0c2340,f1f2f3,home,true,95,159,Big Green,Dartmouth,Dartmouth Big Green,DART,https://a.espncdn.com/i/teamlogos/ncaa/500/159.png,005730,000000,47
254000040,2005,3,2005-03-20,2005-03-20T19:00:00.000000-0500,2637,Ann Strother,41,Huskies,UConn,UConn,,5,6,2,3,1,2,0,2,2,0,0,0,0,1,13,true,false,false,true,,A. Strother,,Not Available,NA,UConn Huskies,s:40~l:54~t:41,uconn-huskies,https://a.espncdn.com/i/teamlogos/ncaa/500/41.png,CONN,0c2340,f1f2f3,home,true,95,159,Big Green,Dartmouth,Dartmouth Big Green,DART,https://a.espncdn.com/i/teamlogos/ncaa/500/159.png,005730,000000,47
254000040,2005,3,2005-03-20,2005-03-20T19:00:00.000000-0500,2410,Nicole Wolff,41,Huskies,UConn,UConn,,3,7,0,2,0,0,2,1,3,0,0,0,0,2,6,true,false,false,true,,N. Wolff,,Not Available,NA,UConn Huskies,s:40~l:54~t:41,uconn-huskies,https://a.espncdn.com/i/teamlogos/ncaa/500/41.png,CONN,0c2340,f1f2f3,home,true,95,159,Big Green,Dartmouth,Dartmouth Big Green,DART,https://a.espncdn.com/i/teamlogos/ncaa/500/159.png,005730,000000,47
254000040,2005,3,2005-03-20,2005-03-20T19:00:00.000000-0500,311,Ashley Valley,41,Huskies,UConn,UConn,,2,4,1,3,0,0,0,3,3,0,0,0,0,0,5,true,false,false,true,,A. Valley,,Not Available,NA,UConn Huskies,s:40~l:54~t:41,uconn-huskies,https://a.espncdn.com/i/teamlogos/ncaa/500/41.png,CONN,0c2340,f1f2f3,home,true,95,159,Big Green,Dartmouth,Dartmouth Big Green,DART,https://a.espncdn.com/i/teamlogos/ncaa/500/159.png,005730,000000,47
254000017,2005,3,2005-03-20,2005-03-20T19:00:00.000000-0500,4807,Lindsay Wisdom-Hylton,2509,Boilermakers,Purdue,Purdue,,6,11,2,3,3,4,3,7,10,0,0,0,0,0,17,true,false,false,true,,L. Wisdom-Hylton,,Forward,F,Purdue Boilermakers,s:40~l:54~t:2509,purdue-boilermakers,https://a.espncdn.com/i/teamlogos/ncaa/500/2509.png,PUR,000000,cfb991,away,true,68,167,Lobos,New Mexico,New Mexico Lobos,UNM,https://a.espncdn.com/i/teamlogos/ncaa/500/167.png,000000,231f20,56
254000017,2005,3,2005-03-20,2005-03-20T19:00:00.000000-0500,1620,Emily Heikes,2509,Boilermakers,Purdue,Purdue,,2,3,0,0,2,4,3,6,9,0,0,0,0,2,6,true,false,false,true,,E. Heikes,,Not Available,NA,Purdue Boilermakers,s:40~l:54~t:2509,purdue-boilermakers,https://a.espncdn.com/i/teamlogos/ncaa/500/2509.png,PUR,000000,cfb991,away,true,68,167,Lobos,New Mexico,New Mexico Lobos,UNM,https://a.espncdn.com/i/teamlogos/ncaa/500/167.png,000000,231f20,56
254000017,2005,3,2005-03-20,2005-03-20T19:00:00.000000-0500,3724,Erin Lawless,2509,Boilermakers,Purdue,Purdue,,8,17,1,2,5,7,3,1,4,0,0,0,0,2,22,true,false,false,true,,E. Lawless,,Not Available,NA,Purdue Boilermakers,s:40~l:54~t:2509,purdue-boilermakers,https://a.espncdn.com/i/teamlogos/ncaa/500/2509.png,PUR,000000,cfb991,away,true,68,167,Lobos,New Mexico,New Mexico Lobos,UNM,https://a.espncdn.com/i/teamlogos/ncaa/500/167.png,000000,231f20,56
254000017,2005,3,2005-03-20,2005-03-20T19:00:00.000000-0500,3726,Katie Gearlds,2509,Boilermakers,Purdue,Purdue,,6,11,2,5,2,2,0,5,5,0,0,0,0,1,16,true,false,false,true,,K. Gearlds,,Not Available,NA,Purdue Boilermakers,s:40~l:54~t:2509,purdue-boilermakers,https://a.espncdn.com/i/teamlogos/ncaa/500/2509.png,PUR,000000,cfb991,away,true,68,167,Lobos,New Mexico,New Mexico Lobos,UNM,https://a.espncdn.com/i/teamlogos/ncaa/500/167.png,000000,231f20,56
254000017,2005,3,2005-03-20,2005-03-20T19:00:00.000000-0500,2468,Sharika Webb,2509,Boilermakers,Purdue,Purdue,,1,8,0,5,2,2,0,4,4,0,0,0,0,0,4,true,false,false,true,,S. Webb,,Not Available,NA,Purdue Boilermakers,s:40~l:54~t:2509,purdue-boilermakers,https://a.espncdn.com/i/teamlogos/ncaa/500/2509.png,PUR,000000,cfb991,away,true,68,167,Lobos,New Mexico,New Mexico Lobos,UNM,https://a.espncdn.com/i/teamlogos/ncaa/500/167.png,000000,231f20,56
254000017,2005,3,2005-03-20,2005-03-20T19:00:00.000000-0500,4868,Dionne Marsh,167,Lobos,New Mexico,New Mexico,,3,12,0,0,2,2,2,2,4,0,0,0,0,4,8,true,false,false,true,,D. Marsh,,Not Available,NA,New Mexico Lobos,s:40~l:54~t:167,new-mexico-lobos,https://a.espncdn.com/i/teamlogos/ncaa/500/167.png,UNM,000000,231f20,home,false,56,2509,Boilermakers,Purdue,Purdue Boilermakers,PUR,https://a.espncdn.com/i/teamlogos/ncaa/500/2509.png,000000,cfb991,68
254000017,2005,3,2005-03-20,2005-03-20T19:00:00.000000-0500,1339,Lindsey Arndt,167,Lobos,New Mexico,New Mexico,,4,7,0,0,0,0,2,3,5,0,0,0,0,3,8,true,false,false,true,,L. Arndt,,Not Available,NA,New Mexico Lobos,s:40~l:54~t:167,new-mexico-lobos,https://a.espncdn.com/i/teamlogos/ncaa/500/167.png,UNM,000000,231f20,home,false,56,2509,Boilermakers,Purdue,Purdue Boilermakers,PUR,https://a.espncdn.com/i/teamlogos/ncaa/500/2509.png,000000,cfb991,68
254000017,2005,3,2005-03-20,2005-03-20T19:00:00.000000-0500,3789,Katie Montgomery,167,Lobos,New Mexico,New Mexico,,1,7,1,5,0,0,3,6,9,0,0,0,0,1,3,true,false,false,true,,K. Montgomery,,Not Available,NA,New Mexico Lobos,s:40~l:54~t:167,new-mexico-lobos,https://a.espncdn.com/i/teamlogos/ncaa/500/167.png,UNM,000000,231f20,home,false,56,2509,Boilermakers,Purdue,Purdue Boilermakers,PUR,https://a.espncdn.com/i/teamlogos/ncaa/500/2509.png,000000,cfb991,68
254000017,2005,3,2005-03-20,2005-03-20T19:00:00.000000-0500,2398,Abbie Letz,167,Lobos,New Mexico,New Mexico,,1,9,0,6,0,0,1,5,6,0,0,0,0,0,2,true,false,false,true,,A. Letz,,Not Available,NA,New Mexico Lobos,s:40~l:54~t:167,new-mexico-lobos,https://a.espncdn.com/i/teamlogos/ncaa/500/167.png,UNM,000000,231f20,home,false,56,2509,Boilermakers,Purdue,Purdue Boilermakers,PUR,https://a.espncdn.com/i/teamlogos/ncaa/500/2509.png,000000,cfb991,68
254000017,2005,3,2005-03-20,2005-03-20T19:00:00.000000-0500,1342,Mandi Moore,167,Lobos,New Mexico,New Mexico,,7,13,4,6,0,0,1,2,3,0,0,0,0,2,18,true,false,false,true,,M. Moore,,Not Available,NA,New Mexico Lobos,s:40~l:54~t:167,new-mexico-lobos,https://a.espncdn.com/i/teamlogos/ncaa/500/167.png,UNM,000000,231f20,home,false,56,2509,Boilermakers,Purdue,Purdue Boilermakers,PUR,https://a.espncdn.com/i/teamlogos/ncaa/500/2509.png,000000,cfb991,68
254000001,2005,3,2005-03-20,2005-03-20T19:00:00.000000-0500,5037,Sherrie Tucker,2154,Eagles,Coppin State,Coppin St,,5,13,1,3,3,4,2,2,4,0,0,0,0,0,14,true,false,false,true,,S. Tucker,,Not Available,NA,Coppin State Eagles,s:40~l:54~t:2154,coppin-state-eagles,https://a.espncdn.com/i/teamlogos/ncaa/500/2154.png,COPP,2e3192,ffd204,away,false,62,153,Tar Heels,North Carolina,North Carolina Tar Heels,UNC,https://a.espncdn.com/i/teamlogos/ncaa/500/153.png,7bafd4,13294b,97
254000001,2005,3,2005-03-20,2005-03-20T19:00:00.000000-0500,5036,LaKesha Wills,2154,Eagles,Coppin State,Coppin St,,5,14,0,1,1,1,1,1,2,0,0,0,0,5,11,true,false,false,true,,L. Wills,,Not Available,NA,Coppin State Eagles,s:40~l:54~t:2154,coppin-state-eagles,https://a.espncdn.com/i/teamlogos/ncaa/500/2154.png,COPP,2e3192,ffd204,away,false,62,153,Tar Heels,North Carolina,North Carolina Tar Heels,UNC,https://a.espncdn.com/i/teamlogos/ncaa/500/153.png,7bafd4,13294b,97
254000001,2005,3,2005-03-20,2005-03-20T19:00:00.000000-0500,5035,Talia Sutton,2154,Eagles,Coppin State,Coppin St,,2,4,0,0,2,4,3,1,4,0,0,0,0,4,6,true,false,false,true,,T. Sutton,,Not Available,NA,Coppin State Eagles,s:40~l:54~t:2154,coppin-state-eagles,https://a.espncdn.com/i/teamlogos/ncaa/500/2154.png,COPP,2e3192,ffd204,away,false,62,153,Tar Heels,North Carolina,North Carolina Tar Heels,UNC,https://a.espncdn.com/i/teamlogos/ncaa/500/153.png,7bafd4,13294b,97
254000001,2005,3,2005-03-20,2005-03-20T19:00:00.000000-0500,5039,Courtni Strickland,2154,Eagles,Coppin State,Coppin St,,2,8,0,0,0,2,0,1,1,0,0,0,0,2,4,true,false,false,true,,C. Strickland,,Not Available,NA,Coppin State Eagles,s:40~l:54~t:2154,coppin-state-eagles,https://a.espncdn.com/i/teamlogos/ncaa/500/2154.png,COPP,2e3192,ffd204,away,false,62,153,Tar Heels,North Carolina,North Carolina Tar Heels,UNC,https://a.espncdn.com/i/teamlogos/ncaa/500/153.png,7bafd4,13294b,97
254000001,2005,3,2005-03-20,2005-03-20T19:00:00.000000-0500,5038,Denita Plain,2154,Eagles,Coppin State,Coppin St,,3,5,1,2,4,4,1,1,2,0,0,0,0,4,11,true,false,false,true,,D. Plain,,Not Available,NA,Coppin State Eagles,s:40~l:54~t:2154,coppin-state-eagles,https://a.espncdn.com/i/teamlogos/ncaa/500/2154.png,COPP,2e3192,ffd204,away,false,62,153,Tar Heels,North Carolina,North Carolina Tar Heels,UNC,https://a.espncdn.com/i/teamlogos/ncaa/500/153.png,7bafd4,13294b,97
254000001,2005,3,2005-03-20,2005-03-20T19:00:00.000000-0500,4820,Erlana Larkins,153,Tar Heels,North Carolina,North Carolina,,4,4,0,0,4,4,3,0,3,0,0,0,0,2,12,true,false,false,true,,E. Larkins,,Not Available,NA,North Carolina Tar Heels,s:40~l:54~t:153,north-carolina-tar-heels,https://a.espncdn.com/i/teamlogos/ncaa/500/153.png,UNC,7bafd4,13294b,home,true,97,2154,Eagles,Coppin State,Coppin State Eagles,COPP,https://a.espncdn.com/i/teamlogos/ncaa/500/2154.png,2e3192,ffd204,62
254000001,2005,3,2005-03-20,2005-03-20T19:00:00.000000-0500,3754,Camille Little,153,Tar Heels,North Carolina,North Carolina,,6,8,3,5,0,2,2,3,5,0,0,0,0,2,15,true,false,false,true,,C. Little,,Not Available,NA,North Carolina Tar Heels,s:40~l:54~t:153,north-carolina-tar-heels,https://a.espncdn.com/i/teamlogos/ncaa/500/153.png,UNC,7bafd4,13294b,home,true,97,2154,Eagles,Coppin State,Coppin State Eagles,COPP,https://a.espncdn.com/i/teamlogos/ncaa/500/2154.png,2e3192,ffd204,62
254000001,2005,3,2005-03-20,2005-03-20T19:00:00.000000-0500,1397,Nikita Bell,153,Tar Heels,North Carolina,North Carolina,,8,10,0,0,0,0,1,5,6,0,0,0,0,0,16,true,false,false,true,,N. Bell,,Not Available,NA,North Carolina Tar Heels,s:40~l:54~t:153,north-carolina-tar-heels,https://a.espncdn.com/i/teamlogos/ncaa/500/153.png,UNC,7bafd4,13294b,home,true,97,2154,Eagles,Coppin State,Coppin State Eagles,COPP,https://a.espncdn.com/i/teamlogos/ncaa/500/2154.png,2e3192,ffd204,62
254000001,2005,3,2005-03-20,2005-03-20T19:00:00.000000-0500,3755,Ivory Latta,153,Tar Heels,North Carolina,North Carolina,,9,13,5,7,4,5,0,2,2,0,0,0,0,1,27,true,false,false,true,,I. Latta,,Not Available,NA,North Carolina Tar Heels,s:40~l:54~t:153,north-carolina-tar-heels,https://a.espncdn.com/i/teamlogos/ncaa/500/153.png,UNC,7bafd4,13294b,home,true,97,2154,Eagles,Coppin State,Coppin State Eagles,COPP,https://a.espncdn.com/i/teamlogos/ncaa/500/2154.png,2e3192,ffd204,62
254000001,2005,3,2005-03-20,2005-03-20T19:00:00.000000-0500,2647,La'Tangela Atkinson,153,Tar Heels,North Carolina,North Carolina,,3,10,1,3,0,0,1,5,6,0,0,0,0,2,7,true,false,false,true,,L. Atkinson,,Not Available,NA,North Carolina Tar Heels,s:40~l:54~t:153,north-carolina-tar-heels,https://a.espncdn.com/i/teamlogos/ncaa/500/153.png,UNC,7bafd4,13294b,home,true,97,2154,Eagles,Coppin State,Coppin State Eagles,COPP,https://a.espncdn.com/i/teamlogos/ncaa/500/2154.png,2e3192,ffd204,62
254000051,2005,3,2005-03-20,2005-03-20T21:30:00.000000-0500,2610,Katie Feenstra,2335,Flames,Liberty,Liberty,,8,12,0,0,6,14,5,7,12,0,0,0,0,4,22,true,false,false,true,,K. Feenstra,,Not Available,NA,Liberty Flames,s:40~l:54~t:2335,liberty-flames,https://a.espncdn.com/i/teamlogos/ncaa/500/2335.png,LIB,071740,a61f21,away,true,78,213,Lady Lions,Penn State,Penn State Lady Lions,PSU,https://a.espncdn.com/i/teamlogos/ncaa/500/213.png,00265D,002e5c,70
254000051,2005,3,2005-03-20,2005-03-20T21:30:00.000000-0500,2723,Rima Margeviciute,2335,Flames,Liberty,Liberty,,4,10,2,2,8,9,4,7,11,0,0,0,0,3,18,true,false,false,true,,R. Margeviciute,,Not Available,NA,Liberty Flames,s:40~l:54~t:2335,liberty-flames,https://a.espncdn.com/i/teamlogos/ncaa/500/2335.png,LIB,071740,a61f21,away,true,78,213,Lady Lions,Penn State,Penn State Lady Lions,PSU,https://a.espncdn.com/i/teamlogos/ncaa/500/213.png,00265D,002e5c,70
254000051,2005,3,2005-03-20,2005-03-20T21:30:00.000000-0500,2616,Kristal Tharp,2335,Flames,Liberty,Liberty,,6,15,1,4,2,2,2,2,4,0,0,0,0,2,15,true,false,false,true,,K. Tharp,,Not Available,NA,Liberty Flames,s:40~l:54~t:2335,liberty-flames,https://a.espncdn.com/i/teamlogos/ncaa/500/2335.png,LIB,071740,a61f21,away,true,78,213,Lady Lions,Penn State,Penn State Lady Lions,PSU,https://a.espncdn.com/i/teamlogos/ncaa/500/213.png,00265D,002e5c,70
254000051,2005,3,2005-03-20,2005-03-20T21:30:00.000000-0500,5053,Allyson Fasnacht,2335,Flames,Liberty,Liberty,,5,9,1,1,7,8,0,2,2,0,0,0,0,2,18,true,false,false,true,,A. Fasnacht,,Not Available,NA,Liberty Flames,s:40~l:54~t:2335,liberty-flames,https://a.espncdn.com/i/teamlogos/ncaa/500/2335.png,LIB,071740,a61f21,away,true,78,213,Lady Lions,Penn State,Penn State Lady Lions,PSU,https://a.espncdn.com/i/teamlogos/ncaa/500/213.png,00265D,002e5c,70
254000051,2005,3,2005-03-20,2005-03-20T21:30:00.000000-0500,2615,Daina Stagaitene,2335,Flames,Liberty,Liberty,,1,4,0,2,1,3,2,2,4,0,0,0,0,3,3,true,false,false,true,,D. Stagaitene,,Not Available,NA,Liberty Flames,s:40~l:54~t:2335,liberty-flames,https://a.espncdn.com/i/teamlogos/ncaa/500/2335.png,LIB,071740,a61f21,away,true,78,213,Lady Lions,Penn State,Penn State Lady Lions,PSU,https://a.espncdn.com/i/teamlogos/ncaa/500/213.png,00265D,002e5c,70
254000051,2005,3,2005-03-20,2005-03-20T21:30:00.000000-0500,1555,Jess Strom,213,Lady Lions,Penn State,Penn State,,5,14,2,7,1,1,1,2,3,0,0,0,0,3,13,true,false,false,true,,J. Strom,,Not Available,NA,Penn State Lady Lions,s:40~l:54~t:213,penn-state-lady-lions,https://a.espncdn.com/i/teamlogos/ncaa/500/213.png,PSU,00265D,002e5c,home,false,70,2335,Flames,Liberty,Liberty Flames,LIB,https://a.espncdn.com/i/teamlogos/ncaa/500/2335.png,071740,a61f21,78
254000051,2005,3,2005-03-20,2005-03-20T21:30:00.000000-0500,1556,Tanisha Wright,213,Lady Lions,Penn State,Penn State,,5,18,0,1,9,10,2,5,7,0,0,0,0,4,19,true,false,false,true,,T. Wright,,Not Available,NA,Penn State Lady Lions,s:40~l:54~t:213,penn-state-lady-lions,https://a.espncdn.com/i/teamlogos/ncaa/500/213.png,PSU,00265D,002e5c,home,false,70,2335,Flames,Liberty,Liberty Flames,LIB,https://a.espncdn.com/i/teamlogos/ncaa/500/2335.png,071740,a61f21,78
254000051,2005,3,2005-03-20,2005-03-20T21:30:00.000000-0500,1554,Ashli Schwab,213,Lady Lions,Penn State,Penn State,,3,5,0,0,1,1,5,4,9,0,0,0,0,4,7,true,false,false,true,,A. Schwab,,Not Available,NA,Penn State Lady Lions,s:40~l:54~t:213,penn-state-lady-lions,https://a.espncdn.com/i/teamlogos/ncaa/500/213.png,PSU,00265D,002e5c,home,false,70,2335,Flames,Liberty,Liberty Flames,LIB,https://a.espncdn.com/i/teamlogos/ncaa/500/2335.png,071740,a61f21,78
254000051,2005,3,2005-03-20,2005-03-20T21:30:00.000000-0500,3748,Amanda Brown,213,Lady Lions,Penn State,Penn State,,4,7,0,2,4,7,3,3,6,0,0,0,0,3,12,true,false,false,true,,A. Brown,,Not Available,NA,Penn State Lady Lions,s:40~l:54~t:213,penn-state-lady-lions,https://a.espncdn.com/i/teamlogos/ncaa/500/213.png,PSU,00265D,002e5c,home,false,70,2335,Flames,Liberty,Liberty Flames,LIB,https://a.espncdn.com/i/teamlogos/ncaa/500/2335.png,071740,a61f21,78
254000051,2005,3,2005-03-20,2005-03-20T21:30:00.000000-0500,1550,Jennifer Brenden,213,Lady Lions,Penn State,Penn State,,5,7,3,4,0,0,1,1,2,0,0,0,0,5,13,true,false,false,true,,J. Brenden,,Not Available,NA,Penn State Lady Lions,s:40~l:54~t:213,penn-state-lady-lions,https://a.espncdn.com/i/teamlogos/ncaa/500/213.png,PSU,00265D,002e5c,home,false,70,2335,Flames,Liberty,Liberty Flames,LIB,https://a.espncdn.com/i/teamlogos/ncaa/500/2335.png,071740,a61f21,78
254000039,2005,3,2005-03-20,2005-03-20T21:30:00.000000-0500,4585,Kelly Roche,257,Spiders,Richmond,Richmond,,2,8,2,4,5,6,1,3,4,0,0,0,0,2,11,true,false,false,true,,K. Roche,,Not Available,NA,Richmond Spiders,s:40~l:54~t:257,richmond-spiders,https://a.espncdn.com/i/teamlogos/ncaa/500/257.png,RICH,9e0712,b90b2e,away,false,54,52,Seminoles,Florida State,Florida State Seminoles,FSU,https://a.espncdn.com/i/teamlogos/ncaa/500/52.png,782F40,ceb888,87
254000039,2005,3,2005-03-20,2005-03-20T21:30:00.000000-0500,4583,Christina Campion,257,Spiders,Richmond,Richmond,,4,5,0,0,2,4,1,1,2,0,0,0,0,1,10,true,false,false,true,,C. Campion,,Not Available,NA,Richmond Spiders,s:40~l:54~t:257,richmond-spiders,https://a.espncdn.com/i/teamlogos/ncaa/500/257.png,RICH,9e0712,b90b2e,away,false,54,52,Seminoles,Florida State,Florida State Seminoles,FSU,https://a.espncdn.com/i/teamlogos/ncaa/500/52.png,782F40,ceb888,87
254000039,2005,3,2005-03-20,2005-03-20T21:30:00.000000-0500,3438,Saona Chapman,257,Spiders,Richmond,Richmond,,5,9,2,5,0,0,0,1,1,0,0,0,0,3,12,true,false,false,true,,S. Chapman,,Not Available,NA,Richmond Spiders,s:40~l:54~t:257,richmond-spiders,https://a.espncdn.com/i/teamlogos/ncaa/500/257.png,RICH,9e0712,b90b2e,away,false,54,52,Seminoles,Florida State,Florida State Seminoles,FSU,https://a.espncdn.com/i/teamlogos/ncaa/500/52.png,782F40,ceb888,87
254000039,2005,3,2005-03-20,2005-03-20T21:30:00.000000-0500,3436,Araceli Gil,257,Spiders,Richmond,Richmond,,3,12,3,7,0,0,2,4,6,0,0,0,0,2,9,true,false,false,true,,A. Gil,,Not Available,NA,Richmond Spiders,s:40~l:54~t:257,richmond-spiders,https://a.espncdn.com/i/teamlogos/ncaa/500/257.png,RICH,9e0712,b90b2e,away,false,54,52,Seminoles,Florida State,Florida State Seminoles,FSU,https://a.espncdn.com/i/teamlogos/ncaa/500/52.png,782F40,ceb888,87
254000039,2005,3,2005-03-20,2005-03-20T21:30:00.000000-0500,5051,Tanja Miranovic,257,Spiders,Richmond,Richmond,,,,,,,,,,,,,,,,,true,false,true,true,,T. Miranovic,,Not Available,NA,Richmond Spiders,s:40~l:54~t:257,richmond-spiders,https://a.espncdn.com/i/teamlogos/ncaa/500/257.png,RICH,9e0712,b90b2e,away,false,54,52,Seminoles,Florida State,Florida State Seminoles,FSU,https://a.espncdn.com/i/teamlogos/ncaa/500/52.png,782F40,ceb888,87
254000039,2005,3,2005-03-20,2005-03-20T21:30:00.000000-0500,4096,Alicia Gladden,52,Seminoles,Florida State,Florida St,,9,15,0,0,0,0,4,6,10,0,0,0,0,2,18,true,false,false,true,,A. Gladden,,Not Available,NA,Florida State Seminoles,s:40~l:54~t:52,florida-state-seminoles,https://a.espncdn.com/i/teamlogos/ncaa/500/52.png,FSU,782F40,ceb888,home,true,87,257,Spiders,Richmond,Richmond Spiders,RICH,https://a.espncdn.com/i/teamlogos/ncaa/500/257.png,9e0712,b90b2e,54
254000039,2005,3,2005-03-20,2005-03-20T21:30:00.000000-0500,2537,Ganiyat Adeduntan,52,Seminoles,Florida State,Florida St,,8,11,2,3,1,1,3,2,5,0,0,0,0,3,19,true,false,false,true,,G. Adeduntan,,Not Available,NA,Florida State Seminoles,s:40~l:54~t:52,florida-state-seminoles,https://a.espncdn.com/i/teamlogos/ncaa/500/52.png,FSU,782F40,ceb888,home,true,87,257,Spiders,Richmond,Richmond Spiders,RICH,https://a.espncdn.com/i/teamlogos/ncaa/500/257.png,9e0712,b90b2e,54
254000039,2005,3,2005-03-20,2005-03-20T21:30:00.000000-0500,4037,Roneeka Hodges,52,Seminoles,Florida State,Florida St,,6,10,2,2,4,6,1,3,4,0,0,0,0,1,18,true,false,false,true,,R. Hodges,,Not Available,NA,Florida State Seminoles,s:40~l:54~t:52,florida-state-seminoles,https://a.espncdn.com/i/teamlogos/ncaa/500/52.png,FSU,782F40,ceb888,home,true,87,257,Spiders,Richmond,Richmond Spiders,RICH,https://a.espncdn.com/i/teamlogos/ncaa/500/257.png,9e0712,b90b2e,54
254000039,2005,3,2005-03-20,2005-03-20T21:30:00.000000-0500,2416,Holly Johnson,52,Seminoles,Florida State,Florida St,,4,9,3,5,0,0,0,1,1,0,0,0,0,1,11,true,false,false,true,,H. Johnson,,Not Available,NA,Florida State Seminoles,s:40~l:54~t:52,florida-state-seminoles,https://a.espncdn.com/i/teamlogos/ncaa/500/52.png,FSU,782F40,ceb888,home,true,87,257,Spiders,Richmond,Richmond Spiders,RICH,https://a.espncdn.com/i/teamlogos/ncaa/500/257.png,9e0712,b90b2e,54
254000039,2005,3,2005-03-20,2005-03-20T21:30:00.000000-0500,569,Linnea Liljestrand,52,Seminoles,Florida State,Florida St,,4,6,2,4,0,0,0,2,2,0,0,0,0,3,10,true,false,false,true,,L. Liljestrand,,Not Available,NA,Florida State Seminoles,s:40~l:54~t:52,florida-state-seminoles,https://a.espncdn.com/i/teamlogos/ncaa/500/52.png,FSU,782F40,ceb888,home,true,87,257,Spiders,Richmond,Richmond Spiders,RICH,https://a.espncdn.com/i/teamlogos/ncaa/500/257.png,9e0712,b90b2e,54
254000016,2005,3,2005-03-20,2005-03-20T21:30:00.000000-0500,5055,Jennifer Gardner,2717,Catamounts,Western Carolina,W Carolina,,2,13,0,1,0,1,2,3,5,0,0,0,0,4,4,true,false,false,true,,J. Gardner,,Not Available,NA,Western Carolina Catamounts,s:40~l:54~t:2717,western-carolina-catamounts,https://a.espncdn.com/i/teamlogos/ncaa/500/2717.png,WCU,492F91,bf9e70,away,false,43,2633,Lady Volunteers,Tennessee,Tennessee Lady Volunteers,TENN,https://a.espncdn.com/i/teamlogos/ncaa/500/2633_ncw.png,ff8200,ffffff,94
254000016,2005,3,2005-03-20,2005-03-20T21:30:00.000000-0500,5054,Lori Tanner,2717,Catamounts,Western Carolina,W Carolina,,0,5,0,0,2,2,1,2,3,0,0,0,0,3,2,true,false,false,true,,L. Tanner,,Not Available,NA,Western Carolina Catamounts,s:40~l:54~t:2717,western-carolina-catamounts,https://a.espncdn.com/i/teamlogos/ncaa/500/2717.png,WCU,492F91,bf9e70,away,false,43,2633,Lady Volunteers,Tennessee,Tennessee Lady Volunteers,TENN,https://a.espncdn.com/i/teamlogos/ncaa/500/2633_ncw.png,ff8200,ffffff,94
254000016,2005,3,2005-03-20,2005-03-20T21:30:00.000000-0500,5058,Ki-Ki Glass,2717,Catamounts,Western Carolina,W Carolina,,1,5,0,3,2,2,0,2,2,0,0,0,0,3,4,true,false,false,true,,K. Glass,,Not Available,NA,Western Carolina Catamounts,s:40~l:54~t:2717,western-carolina-catamounts,https://a.espncdn.com/i/teamlogos/ncaa/500/2717.png,WCU,492F91,bf9e70,away,false,43,2633,Lady Volunteers,Tennessee,Tennessee Lady Volunteers,TENN,https://a.espncdn.com/i/teamlogos/ncaa/500/2633_ncw.png,ff8200,ffffff,94
254000016,2005,3,2005-03-20,2005-03-20T21:30:00.000000-0500,5057,Shaketia Barnes,2717,Catamounts,Western Carolina,W Carolina,,3,6,1,1,0,0,0,0,0,0,0,0,0,2,4,true,false,false,true,,S. Barnes,,Not Available,NA,Western Carolina Catamounts,s:40~l:54~t:2717,western-carolina-catamounts,https://a.espncdn.com/i/teamlogos/ncaa/500/2717.png,WCU,492F91,bf9e70,away,false,43,2633,Lady Volunteers,Tennessee,Tennessee Lady Volunteers,TENN,https://a.espncdn.com/i/teamlogos/ncaa/500/2633_ncw.png,ff8200,ffffff,94
254000016,2005,3,2005-03-20,2005-03-20T21:30:00.000000-0500,5056,Sigita Maleraite,2717,Catamounts,Western Carolina,W Carolina,,0,4,0,4,1,2,1,0,1,0,0,0,0,2,1,true,false,false,true,,S. Maleraite,,Not Available,NA,Western Carolina Catamounts,s:40~l:54~t:2717,western-carolina-catamounts,https://a.espncdn.com/i/teamlogos/ncaa/500/2717.png,WCU,492F91,bf9e70,away,false,43,2633,Lady Volunteers,Tennessee,Tennessee Lady Volunteers,TENN,https://a.espncdn.com/i/teamlogos/ncaa/500/2633_ncw.png,ff8200,ffffff,94
254000016,2005,3,2005-03-20,2005-03-20T21:30:00.000000-0500,4839,Nicky Anosike,2633,Lady Volunteers,Tennessee,Tennessee,,2,5,0,0,5,8,4,2,6,0,0,0,0,3,9,true,false,false,true,,N. Anosike,,Not Available,NA,Tennessee Lady Volunteers,s:40~l:54~t:2633,tennessee-lady-volunteers,https://a.espncdn.com/i/teamlogos/ncaa/500/2633_ncw.png,TENN,ff8200,ffffff,home,true,94,2717,Catamounts,Western Carolina,Western Carolina Catamounts,WCU,https://a.espncdn.com/i/teamlogos/ncaa/500/2717.png,492F91,bf9e70,43
254000016,2005,3,2005-03-20,2005-03-20T21:30:00.000000-0500,2005,Shyra Ely,2633,Lady Volunteers,Tennessee,Tennessee,,5,11,0,0,2,5,5,3,8,0,0,0,0,2,12,true,false,false,true,,S. Ely,,Not Available,NA,Tennessee Lady Volunteers,s:40~l:54~t:2633,tennessee-lady-volunteers,https://a.espncdn.com/i/teamlogos/ncaa/500/2633_ncw.png,TENN,ff8200,ffffff,home,true,94,2717,Catamounts,Western Carolina,Western Carolina Catamounts,WCU,https://a.espncdn.com/i/teamlogos/ncaa/500/2717.png,492F91,bf9e70,43
254000016,2005,3,2005-03-20,2005-03-20T21:30:00.000000-0500,4840,Alexis Hornbuckle,2633,Lady Volunteers,Tennessee,Tennessee,,5,9,0,1,1,2,2,9,11,0,0,0,0,3,11,true,false,false,true,,A. Hornbuckle,,Not Available,NA,Tennessee Lady Volunteers,s:40~l:54~t:2633,tennessee-lady-volunteers,https://a.espncdn.com/i/teamlogos/ncaa/500/2633_ncw.png,TENN,ff8200,ffffff,home,true,94,2717,Catamounts,Western Carolina,Western Carolina Catamounts,WCU,https://a.espncdn.com/i/teamlogos/ncaa/500/2717.png,492F91,bf9e70,43
254000016,2005,3,2005-03-20,2005-03-20T21:30:00.000000-0500,2633,Shanna Zolman,2633,Lady Volunteers,Tennessee,Tennessee,,10,13,5,8,3,4,0,1,1,0,0,0,0,2,28,true,false,false,true,,S. Zolman,,Not Available,NA,Tennessee Lady Volunteers,s:40~l:54~t:2633,tennessee-lady-volunteers,https://a.espncdn.com/i/teamlogos/ncaa/500/2633_ncw.png,TENN,ff8200,ffffff,home,true,94,2717,Catamounts,Western Carolina,Western Carolina Catamounts,WCU,https://a.espncdn.com/i/teamlogos/ncaa/500/2717.png,492F91,bf9e70,43
254000016,2005,3,2005-03-20,2005-03-20T21:30:00.000000-0500,2006,Loree Moore,2633,Lady Volunteers,Tennessee,Tennessee,,3,8,2,2,0,0,1,2,3,0,0,0,0,2,8,true,false,false,true,,L. Moore,,Not Available,NA,Tennessee Lady Volunteers,s:40~l:54~t:2633,tennessee-lady-volunteers,https://a.espncdn.com/i/teamlogos/ncaa/500/2633_ncw.png,TENN,ff8200,ffffff,home,true,94,2717,Catamounts,Western Carolina,Western Carolina Catamounts,WCU,https://a.espncdn.com/i/teamlogos/ncaa/500/2717.png,492F91,bf9e70,43
254000002,2005,3,2005-03-20,2005-03-20T21:30:00.000000-0500,3828,Whitney Allen,45,Colonials,George Washington,G Washington,,1,3,0,0,0,0,2,0,2,0,0,0,0,0,2,true,false,false,true,,W. Allen,,Not Available,NA,George Washington Colonials,s:40~l:54~t:45,george-washington-colonials,https://a.espncdn.com/i/teamlogos/ncaa/500/45.png,GW,002843,e8d2a1,away,true,60,145,Rebels,Ole Miss,Ole Miss Rebels,MISS,https://a.espncdn.com/i/teamlogos/ncaa/500/145.png,001148,00205b,57
254000002,2005,3,2005-03-20,2005-03-20T21:30:00.000000-0500,3165,Jessica Simmonds,45,Colonials,George Washington,G Washington,,6,10,0,0,2,5,1,3,4,0,0,0,0,3,14,true,false,false,true,,J. Simmonds,,Not Available,NA,George Washington Colonials,s:40~l:54~t:45,george-washington-colonials,https://a.espncdn.com/i/teamlogos/ncaa/500/45.png,GW,002843,e8d2a1,away,true,60,145,Rebels,Ole Miss,Ole Miss Rebels,MISS,https://a.espncdn.com/i/teamlogos/ncaa/500/145.png,001148,00205b,57
254000002,2005,3,2005-03-20,2005-03-20T21:30:00.000000-0500,647,Anna Montanana,45,Colonials,George Washington,G Washington,,4,16,1,7,4,4,1,3,4,0,0,0,0,3,13,true,false,false,true,,A. Montanana,,Not Available,NA,George Washington Colonials,s:40~l:54~t:45,george-washington-colonials,https://a.espncdn.com/i/teamlogos/ncaa/500/45.png,GW,002843,e8d2a1,away,true,60,145,Rebels,Ole Miss,Ole Miss Rebels,MISS,https://a.espncdn.com/i/teamlogos/ncaa/500/145.png,001148,00205b,57
254000002,2005,3,2005-03-20,2005-03-20T21:30:00.000000-0500,5052,Kimberly Beck,45,Colonials,George Washington,G Washington,,4,6,1,2,0,0,0,2,2,0,0,0,0,0,9,true,false,false,true,,K. Beck,,Not Available,NA,George Washington Colonials,s:40~l:54~t:45,george-washington-colonials,https://a.espncdn.com/i/teamlogos/ncaa/500/45.png,GW,002843,e8d2a1,away,true,60,145,Rebels,Ole Miss,Ole Miss Rebels,MISS,https://a.espncdn.com/i/teamlogos/ncaa/500/145.png,001148,00205b,57
254000002,2005,3,2005-03-20,2005-03-20T21:30:00.000000-0500,3826,Kenan Cole,45,Colonials,George Washington,G Washington,,1,7,0,1,1,2,0,3,3,0,0,0,0,1,3,true,false,false,true,,K. Cole,,Not Available,NA,George Washington Colonials,s:40~l:54~t:45,george-washington-colonials,https://a.espncdn.com/i/teamlogos/ncaa/500/45.png,GW,002843,e8d2a1,away,true,60,145,Rebels,Ole Miss,Ole Miss Rebels,MISS,https://a.espncdn.com/i/teamlogos/ncaa/500/145.png,001148,00205b,57
254000002,2005,3,2005-03-20,2005-03-20T21:30:00.000000-0500,3907,Amber Terrell,145,Rebels,Ole Miss,Ole Miss,,2,3,0,0,1,2,1,0,1,0,0,0,0,2,5,true,false,false,true,,A. Terrell,,Not Available,NA,Ole Miss Rebels,s:40~l:54~t:145,ole-miss-rebels,https://a.espncdn.com/i/teamlogos/ncaa/500/145.png,MISS,001148,00205b,home,false,57,45,Colonials,George Washington,George Washington Colonials,GW,https://a.espncdn.com/i/teamlogos/ncaa/500/45.png,002843,e8d2a1,60
254000002,2005,3,2005-03-20,2005-03-20T21:30:00.000000-0500,1189,Amber Watts,145,Rebels,Ole Miss,Ole Miss,,4,7,0,0,0,0,2,2,4,0,0,0,0,3,8,true,false,false,true,,A. Watts,,Not Available,NA,Ole Miss Rebels,s:40~l:54~t:145,ole-miss-rebels,https://a.espncdn.com/i/teamlogos/ncaa/500/145.png,MISS,001148,00205b,home,false,57,45,Colonials,George Washington,George Washington Colonials,GW,https://a.espncdn.com/i/teamlogos/ncaa/500/45.png,002843,e8d2a1,60
254000002,2005,3,2005-03-20,2005-03-20T21:30:00.000000-0500,3905,Armintie Herrington,145,Rebels,Ole Miss,Ole Miss,,5,8,0,0,0,0,2,7,9,0,0,0,0,4,10,true,false,false,true,,A. Herrington,,Not Available,NA,Ole Miss Rebels,s:40~l:54~t:145,ole-miss-rebels,https://a.espncdn.com/i/teamlogos/ncaa/500/145.png,MISS,001148,00205b,home,false,57,45,Colonials,George Washington,George Washington Colonials,GW,https://a.espncdn.com/i/teamlogos/ncaa/500/45.png,002843,e8d2a1,60
254000002,2005,3,2005-03-20,2005-03-20T21:30:00.000000-0500,1184,Elizabeth Cansdale,145,Rebels,Ole Miss,Ole Miss,,4,15,3,11,2,2,1,3,4,0,0,0,0,1,13,true,false,false,true,,E. Cansdale,,Not Available,NA,Ole Miss Rebels,s:40~l:54~t:145,ole-miss-rebels,https://a.espncdn.com/i/teamlogos/ncaa/500/145.png,MISS,001148,00205b,home,false,57,45,Colonials,George Washington,George Washington Colonials,GW,https://a.espncdn.com/i/teamlogos/ncaa/500/45.png,002843,e8d2a1,60
254000002,2005,3,2005-03-20,2005-03-20T21:30:00.000000-0500,1183,Carletta Brown,145,Rebels,Ole Miss,Ole Miss,,5,7,2,4,0,0,0,2,2,0,0,0,0,2,12,true,false,false,true,,C. Brown,,Not Available,NA,Ole Miss Rebels,s:40~l:54~t:145,ole-miss-rebels,https://a.espncdn.com/i/teamlogos/ncaa/500/145.png,MISS,001148,00205b,home,false,57,45,Colonials,George Washington,George Washington Colonials,GW,https://a.espncdn.com/i/teamlogos/ncaa/500/45.png,002843,e8d2a1,60
254000055,2005,3,2005-03-19,2005-03-19T12:00:00.000000-0500,2831,Alycia Seay,198,Golden Eagles,Oral Roberts,Oral Roberts,,2,6,0,2,1,2,2,0,2,0,0,0,0,2,5,true,false,false,true,,A. Seay,,Not Available,NA,Oral Roberts Golden Eagles,s:40~l:54~t:198,oral-roberts-golden-eagles,https://a.espncdn.com/i/teamlogos/ncaa/500/198.png,ORU,002462,dac792,away,false,47,251,Longhorns,Texas,Texas Longhorns,TEX,https://a.espncdn.com/i/teamlogos/ncaa/500/251.png,c15d26,ffffff,64
254000055,2005,3,2005-03-19,2005-03-19T12:00:00.000000-0500,4064,Elisha Turek,198,Golden Eagles,Oral Roberts,Oral Roberts,,8,20,2,3,3,5,4,3,7,0,0,0,0,0,21,true,false,false,true,,E. Turek,,Not Available,NA,Oral Roberts Golden Eagles,s:40~l:54~t:198,oral-roberts-golden-eagles,https://a.espncdn.com/i/teamlogos/ncaa/500/198.png,ORU,002462,dac792,away,false,47,251,Longhorns,Texas,Texas Longhorns,TEX,https://a.espncdn.com/i/teamlogos/ncaa/500/251.png,c15d26,ffffff,64
254000055,2005,3,2005-03-19,2005-03-19T12:00:00.000000-0500,1523,Claudia Louis,198,Golden Eagles,Oral Roberts,Oral Roberts,,2,2,0,0,2,2,1,2,3,0,0,0,0,4,6,true,false,false,true,,C. Louis,,Not Available,NA,Oral Roberts Golden Eagles,s:40~l:54~t:198,oral-roberts-golden-eagles,https://a.espncdn.com/i/teamlogos/ncaa/500/198.png,ORU,002462,dac792,away,false,47,251,Longhorns,Texas,Texas Longhorns,TEX,https://a.espncdn.com/i/teamlogos/ncaa/500/251.png,c15d26,ffffff,64
254000055,2005,3,2005-03-19,2005-03-19T12:00:00.000000-0500,4942,Katie Langford,198,Golden Eagles,Oral Roberts,Oral Roberts,,1,3,0,0,0,0,1,4,5,0,0,0,0,0,2,true,false,false,true,,K. Langford,,Not Available,NA,Oral Roberts Golden Eagles,s:40~l:54~t:198,oral-roberts-golden-eagles,https://a.espncdn.com/i/teamlogos/ncaa/500/198.png,ORU,002462,dac792,away,false,47,251,Longhorns,Texas,Texas Longhorns,TEX,https://a.espncdn.com/i/teamlogos/ncaa/500/251.png,c15d26,ffffff,64
254000055,2005,3,2005-03-19,2005-03-19T12:00:00.000000-0500,2825,Leah Cannon,198,Golden Eagles,Oral Roberts,Oral Roberts,,1,4,0,1,0,0,0,2,2,0,0,0,0,3,2,true,false,false,true,,L. Cannon,,Not Available,NA,Oral Roberts Golden Eagles,s:40~l:54~t:198,oral-roberts-golden-eagles,https://a.espncdn.com/i/teamlogos/ncaa/500/198.png,ORU,002462,dac792,away,false,47,251,Longhorns,Texas,Texas Longhorns,TEX,https://a.espncdn.com/i/teamlogos/ncaa/500/251.png,c15d26,ffffff,64
254000055,2005,3,2005-03-19,2005-03-19T12:00:00.000000-0500,3710,Tiffany Jackson-Jones,251,Longhorns,Texas,Texas,,4,7,1,1,7,9,4,5,9,0,0,0,0,0,13,true,false,false,true,,T. Jackson-Jones,,Not Available,NA,Texas Longhorns,s:40~l:54~t:251,texas-longhorns,https://a.espncdn.com/i/teamlogos/ncaa/500/251.png,TEX,c15d26,ffffff,home,true,64,198,Golden Eagles,Oral Roberts,Oral Roberts Golden Eagles,ORU,https://a.espncdn.com/i/teamlogos/ncaa/500/198.png,002462,dac792,47
254000055,2005,3,2005-03-19,2005-03-19T12:00:00.000000-0500,2039,Heather Schreiber,251,Longhorns,Texas,Texas,,2,5,1,3,2,2,1,1,2,0,0,0,0,3,7,true,false,false,true,,H. Schreiber,,Not Available,NA,Texas Longhorns,s:40~l:54~t:251,texas-longhorns,https://a.espncdn.com/i/teamlogos/ncaa/500/251.png,TEX,c15d26,ffffff,home,true,64,198,Golden Eagles,Oral Roberts,Oral Roberts Golden Eagles,ORU,https://a.espncdn.com/i/teamlogos/ncaa/500/198.png,002462,dac792,47
254000055,2005,3,2005-03-19,2005-03-19T12:00:00.000000-0500,2036,Kala Bowers,251,Longhorns,Texas,Texas,,1,5,0,2,1,2,1,2,3,0,0,0,0,2,3,true,false,false,true,,K. Bowers,,Not Available,NA,Texas Longhorns,s:40~l:54~t:251,texas-longhorns,https://a.espncdn.com/i/teamlogos/ncaa/500/251.png,TEX,c15d26,ffffff,home,true,64,198,Golden Eagles,Oral Roberts,Oral Roberts Golden Eagles,ORU,https://a.espncdn.com/i/teamlogos/ncaa/500/198.png,002462,dac792,47
254000055,2005,3,2005-03-19,2005-03-19T12:00:00.000000-0500,2646,Jamie Carey,251,Longhorns,Texas,Texas,,5,9,3,7,0,0,0,0,0,0,0,0,0,1,13,true,false,false,true,,J. Carey,,Not Available,NA,Texas Longhorns,s:40~l:54~t:251,texas-longhorns,https://a.espncdn.com/i/teamlogos/ncaa/500/251.png,TEX,c15d26,ffffff,home,true,64,198,Golden Eagles,Oral Roberts,Oral Roberts Golden Eagles,ORU,https://a.espncdn.com/i/teamlogos/ncaa/500/198.png,002462,dac792,47
254000055,2005,3,2005-03-19,2005-03-19T12:00:00.000000-0500,2383,Nina Norman,251,Longhorns,Texas,Texas,,7,11,2,3,4,4,0,1,1,0,0,0,0,0,20,true,false,false,true,,N. Norman,,Not Available,NA,Texas Longhorns,s:40~l:54~t:251,texas-longhorns,https://a.espncdn.com/i/teamlogos/ncaa/500/251.png,TEX,c15d26,ffffff,home,true,64,198,Golden Eagles,Oral Roberts,Oral Roberts Golden Eagles,ORU,https://a.espncdn.com/i/teamlogos/ncaa/500/198.png,002462,dac792,47
254000033,2005,3,2005-03-19,2005-03-19T12:00:00.000000-0500,4716,Jazz Covington,97,Cardinals,Louisville,Louisville,,6,11,1,1,0,1,2,3,5,0,0,0,0,3,13,true,false,false,true,,J. Covington,,Not Available,NA,Louisville Cardinals,s:40~l:54~t:97,louisville-cardinals,https://a.espncdn.com/i/teamlogos/ncaa/500/97.png,LOU,c9001f,000000,away,false,49,30,Trojans,USC,USC Trojans,USC,https://a.espncdn.com/i/teamlogos/ncaa/500/30.png,9e2237,ffcc00,65
254000033,2005,3,2005-03-19,2005-03-19T12:00:00.000000-0500,4941,Joleen Phillips,97,Cardinals,Louisville,Louisville,,0,2,0,0,0,0,0,1,1,0,0,0,0,0,0,true,false,false,true,,J. Phillips,,Not Available,NA,Louisville Cardinals,s:40~l:54~t:97,louisville-cardinals,https://a.espncdn.com/i/teamlogos/ncaa/500/97.png,LOU,c9001f,000000,away,false,49,30,Trojans,USC,USC Trojans,USC,https://a.espncdn.com/i/teamlogos/ncaa/500/30.png,9e2237,ffcc00,65
254000033,2005,3,2005-03-19,2005-03-19T12:00:00.000000-0500,4055,Missy Taylor,97,Cardinals,Louisville,Louisville,,4,7,1,2,2,2,1,5,6,0,0,0,0,1,11,true,false,false,true,,M. Taylor,,Not Available,NA,Louisville Cardinals,s:40~l:54~t:97,louisville-cardinals,https://a.espncdn.com/i/teamlogos/ncaa/500/97.png,LOU,c9001f,000000,away,false,49,30,Trojans,USC,USC Trojans,USC,https://a.espncdn.com/i/teamlogos/ncaa/500/30.png,9e2237,ffcc00,65
254000033,2005,3,2005-03-19,2005-03-19T12:00:00.000000-0500,3545,Jessica Huggins,97,Cardinals,Louisville,Louisville,,1,4,1,4,0,0,0,4,4,0,0,0,0,1,3,true,false,false,true,,J. Huggins,,Not Available,NA,Louisville Cardinals,s:40~l:54~t:97,louisville-cardinals,https://a.espncdn.com/i/teamlogos/ncaa/500/97.png,LOU,c9001f,000000,away,false,49,30,Trojans,USC,USC Trojans,USC,https://a.espncdn.com/i/teamlogos/ncaa/500/30.png,9e2237,ffcc00,65
254000033,2005,3,2005-03-19,2005-03-19T12:00:00.000000-0500,1001,Angel Bradley,97,Cardinals,Louisville,Louisville,,2,6,0,0,0,0,0,2,2,0,0,0,0,1,4,true,false,false,true,,A. Bradley,,Not Available,NA,Louisville Cardinals,s:40~l:54~t:97,louisville-cardinals,https://a.espncdn.com/i/teamlogos/ncaa/500/97.png,LOU,c9001f,000000,away,false,49,30,Trojans,USC,USC Trojans,USC,https://a.espncdn.com/i/teamlogos/ncaa/500/30.png,9e2237,ffcc00,65
254000033,2005,3,2005-03-19,2005-03-19T12:00:00.000000-0500,4933,Camille LeNoir,30,Trojans,USC,USC,,4,9,3,5,2,2,0,2,2,0,0,0,0,1,13,true,false,false,true,,C. LeNoir,,Guard,G,USC Trojans,s:40~l:54~t:30,usc-trojans,https://a.espncdn.com/i/teamlogos/ncaa/500/30.png,USC,9e2237,ffcc00,home,true,65,97,Cardinals,Louisville,Louisville Cardinals,LOU,https://a.espncdn.com/i/teamlogos/ncaa/500/97.png,c9001f,000000,49
254000033,2005,3,2005-03-19,2005-03-19T12:00:00.000000-0500,4932,Brynn Cameron,30,Trojans,USC,USC,,0,4,0,4,0,0,0,2,2,0,0,0,0,0,0,true,false,false,true,,B. Cameron,,Guard,G,USC Trojans,s:40~l:54~t:30,usc-trojans,https://a.espncdn.com/i/teamlogos/ncaa/500/30.png,USC,9e2237,ffcc00,home,true,65,97,Cardinals,Louisville,Louisville Cardinals,LOU,https://a.espncdn.com/i/teamlogos/ncaa/500/97.png,c9001f,000000,49
254000033,2005,3,2005-03-19,2005-03-19T12:00:00.000000-0500,2146,Kim Gipson,30,Trojans,USC,USC,,5,7,0,0,2,2,1,0,1,0,0,0,0,1,12,true,false,false,true,,K. Gipson,,Not Available,NA,USC Trojans,s:40~l:54~t:30,usc-trojans,https://a.espncdn.com/i/teamlogos/ncaa/500/30.png,USC,9e2237,ffcc00,home,true,65,97,Cardinals,Louisville,Louisville Cardinals,LOU,https://a.espncdn.com/i/teamlogos/ncaa/500/97.png,c9001f,000000,49
254000033,2005,3,2005-03-19,2005-03-19T12:00:00.000000-0500,3835,Jamie Funn,30,Trojans,USC,USC,,4,8,0,0,2,2,1,1,2,0,0,0,0,1,10,true,false,false,true,,J. Funn,,Not Available,NA,USC Trojans,s:40~l:54~t:30,usc-trojans,https://a.espncdn.com/i/teamlogos/ncaa/500/30.png,USC,9e2237,ffcc00,home,true,65,97,Cardinals,Louisville,Louisville Cardinals,LOU,https://a.espncdn.com/i/teamlogos/ncaa/500/97.png,c9001f,000000,49
254000033,2005,3,2005-03-19,2005-03-19T12:00:00.000000-0500,2701,Meghan Gnekow,30,Trojans,USC,USC,,1,4,0,1,0,0,2,1,3,0,0,0,0,0,2,true,false,false,true,,M. Gnekow,,Not Available,NA,USC Trojans,s:40~l:54~t:30,usc-trojans,https://a.espncdn.com/i/teamlogos/ncaa/500/30.png,USC,9e2237,ffcc00,home,true,65,97,Cardinals,Louisville,Louisville Cardinals,LOU,https://a.espncdn.com/i/teamlogos/ncaa/500/97.png,c9001f,000000,49
254000012,2005,3,2005-03-19,2005-03-19T14:00:00.000000-0500,4949,Holly Hallstrom,2287,Redbirds,Illinois State,Illinois St,,3,6,0,0,2,2,3,1,4,0,0,0,0,3,8,true,false,false,true,,H. Hallstrom,,Not Available,NA,Illinois State Redbirds,s:40~l:54~t:2287,illinois-state-redbirds,https://a.espncdn.com/i/teamlogos/ncaa/500/2287.png,ILST,CE1126,ffe716,away,false,70,239,Bears,Baylor,Baylor Bears,BAY,https://a.espncdn.com/i/teamlogos/ncaa/500/239.png,154734,ffb81c,91
254000012,2005,3,2005-03-19,2005-03-19T14:00:00.000000-0500,4948,Katie Donovan,2287,Redbirds,Illinois State,Illinois St,,1,9,0,6,3,4,0,3,3,0,0,0,0,1,5,true,false,false,true,,K. Donovan,,Not Available,NA,Illinois State Redbirds,s:40~l:54~t:2287,illinois-state-redbirds,https://a.espncdn.com/i/teamlogos/ncaa/500/2287.png,ILST,CE1126,ffe716,away,false,70,239,Bears,Baylor,Baylor Bears,BAY,https://a.espncdn.com/i/teamlogos/ncaa/500/239.png,154734,ffb81c,91
254000012,2005,3,2005-03-19,2005-03-19T14:00:00.000000-0500,4947,Michelle Harakas,2287,Redbirds,Illinois State,Illinois St,,3,4,0,1,0,0,1,3,4,0,0,0,0,5,6,true,false,false,true,,M. Harakas,,Not Available,NA,Illinois State Redbirds,s:40~l:54~t:2287,illinois-state-redbirds,https://a.espncdn.com/i/teamlogos/ncaa/500/2287.png,ILST,CE1126,ffe716,away,false,70,239,Bears,Baylor,Baylor Bears,BAY,https://a.espncdn.com/i/teamlogos/ncaa/500/239.png,154734,ffb81c,91
254000012,2005,3,2005-03-19,2005-03-19T14:00:00.000000-0500,2381,Megan McCracken,2287,Redbirds,Illinois State,Illinois St,,2,9,2,6,0,0,1,0,1,0,0,0,0,1,6,true,false,false,true,,M. McCracken,,Not Available,NA,Illinois State Redbirds,s:40~l:54~t:2287,illinois-state-redbirds,https://a.espncdn.com/i/teamlogos/ncaa/500/2287.png,ILST,CE1126,ffe716,away,false,70,239,Bears,Baylor,Baylor Bears,BAY,https://a.espncdn.com/i/teamlogos/ncaa/500/239.png,154734,ffb81c,91
254000012,2005,3,2005-03-19,2005-03-19T14:00:00.000000-0500,843,Jaci McCormack,2287,Redbirds,Illinois State,Illinois St,,4,9,3,6,9,10,0,4,4,0,0,0,0,1,20,true,false,false,true,,J. McCormack,,Not Available,NA,Illinois State Redbirds,s:40~l:54~t:2287,illinois-state-redbirds,https://a.espncdn.com/i/teamlogos/ncaa/500/2287.png,ILST,CE1126,ffe716,away,false,70,239,Bears,Baylor,Baylor Bears,BAY,https://a.espncdn.com/i/teamlogos/ncaa/500/239.png,154734,ffb81c,91
254000012,2005,3,2005-03-19,2005-03-19T14:00:00.000000-0500,2719,Abiola Wabara,239,Bears,Baylor,Baylor,,6,8,0,0,1,3,3,1,4,0,0,0,0,2,13,true,false,false,true,,A. Wabara,,Not Available,NA,Baylor Bears,s:40~l:54~t:239,baylor-bears,https://a.espncdn.com/i/teamlogos/ncaa/500/239.png,BAY,154734,ffb81c,home,true,91,2287,Redbirds,Illinois State,Illinois State Redbirds,ILST,https://a.espncdn.com/i/teamlogos/ncaa/500/2287.png,CE1126,ffe716,70
254000012,2005,3,2005-03-19,2005-03-19T14:00:00.000000-0500,2428,Sophia Young-Malcolm,239,Bears,Baylor,Baylor,,6,7,0,0,11,13,4,2,6,0,0,0,0,0,23,true,false,false,true,,S. Young-Malcolm,,Not Available,NA,Baylor Bears,s:40~l:54~t:239,baylor-bears,https://a.espncdn.com/i/teamlogos/ncaa/500/239.png,BAY,154734,ffb81c,home,true,91,2287,Redbirds,Illinois State,Illinois State Redbirds,ILST,https://a.espncdn.com/i/teamlogos/ncaa/500/2287.png,CE1126,ffe716,70
254000012,2005,3,2005-03-19,2005-03-19T14:00:00.000000-0500,2427,Chameka Scott,239,Bears,Baylor,Baylor,,4,5,4,5,0,0,0,1,1,0,0,0,0,0,12,true,false,false,true,,C. Scott,,Not Available,NA,Baylor Bears,s:40~l:54~t:239,baylor-bears,https://a.espncdn.com/i/teamlogos/ncaa/500/239.png,BAY,154734,ffb81c,home,true,91,2287,Redbirds,Illinois State,Illinois State Redbirds,ILST,https://a.espncdn.com/i/teamlogos/ncaa/500/2287.png,CE1126,ffe716,70
254000012,2005,3,2005-03-19,2005-03-19T14:00:00.000000-0500,124,Chelsea Whitaker,239,Bears,Baylor,Baylor,,1,4,0,0,0,0,0,3,3,0,0,0,0,0,2,true,false,false,true,,C. Whitaker,,Not Available,NA,Baylor Bears,s:40~l:54~t:239,baylor-bears,https://a.espncdn.com/i/teamlogos/ncaa/500/239.png,BAY,154734,ffb81c,home,true,91,2287,Redbirds,Illinois State,Illinois State Redbirds,ILST,https://a.espncdn.com/i/teamlogos/ncaa/500/2287.png,CE1126,ffe716,70
254000012,2005,3,2005-03-19,2005-03-19T14:00:00.000000-0500,121,Steffanie Blackmon,239,Bears,Baylor,Baylor,,4,6,0,0,5,8,3,5,8,0,0,0,0,2,13,true,false,false,true,,S. Blackmon,,Not Available,NA,Baylor Bears,s:40~l:54~t:239,baylor-bears,https://a.espncdn.com/i/teamlogos/ncaa/500/239.png,BAY,154734,ffb81c,home,true,91,2287,Redbirds,Illinois State,Illinois State Redbirds,ILST,https://a.espncdn.com/i/teamlogos/ncaa/500/2287.png,CE1126,ffe716,70
254000004,2005,3,2005-03-19,2005-03-19T14:00:00.000000-0500,4619,Pam Garrett,2198,Colonels,Eastern Kentucky,E Kentucky,,2,4,0,0,1,2,1,6,7,0,0,0,0,3,5,true,false,false,true,,P. Garrett,,Not Available,NA,Eastern Kentucky Colonels,s:40~l:54~t:2198,eastern-kentucky-colonels,https://a.espncdn.com/i/teamlogos/ncaa/500/2198.png,EKU,660819,f0f0f0,away,false,65,9,Sun Devils,Arizona State,Arizona State Sun Devils,ASU,https://a.espncdn.com/i/teamlogos/ncaa/500/9.png,942139,f1f2f3,87
254000004,2005,3,2005-03-19,2005-03-19T14:00:00.000000-0500,481,Miranda Eckerle,2198,Colonels,Eastern Kentucky,E Kentucky,,8,11,3,4,5,6,2,3,5,0,0,0,0,4,24,true,false,false,true,,M. Eckerle,,Not Available,NA,Eastern Kentucky Colonels,s:40~l:54~t:2198,eastern-kentucky-colonels,https://a.espncdn.com/i/teamlogos/ncaa/500/2198.png,EKU,660819,f0f0f0,away,false,65,9,Sun Devils,Arizona State,Arizona State Sun Devils,ASU,https://a.espncdn.com/i/teamlogos/ncaa/500/9.png,942139,f1f2f3,87
254000004,2005,3,2005-03-19,2005-03-19T14:00:00.000000-0500,480,Candis Cook,2198,Colonels,Eastern Kentucky,E Kentucky,,3,11,0,0,0,0,1,0,1,0,0,0,0,3,6,true,false,false,true,,C. Cook,,Not Available,NA,Eastern Kentucky Colonels,s:40~l:54~t:2198,eastern-kentucky-colonels,https://a.espncdn.com/i/teamlogos/ncaa/500/2198.png,EKU,660819,f0f0f0,away,false,65,9,Sun Devils,Arizona State,Arizona State Sun Devils,ASU,https://a.espncdn.com/i/teamlogos/ncaa/500/9.png,942139,f1f2f3,87
254000004,2005,3,2005-03-19,2005-03-19T14:00:00.000000-0500,4950,Tamara Arnold,2198,Colonels,Eastern Kentucky,E Kentucky,,0,2,0,0,0,0,0,1,1,0,0,0,0,1,0,true,false,false,true,,T. Arnold,,Not Available,NA,Eastern Kentucky Colonels,s:40~l:54~t:2198,eastern-kentucky-colonels,https://a.espncdn.com/i/teamlogos/ncaa/500/2198.png,EKU,660819,f0f0f0,away,false,65,9,Sun Devils,Arizona State,Arizona State Sun Devils,ASU,https://a.espncdn.com/i/teamlogos/ncaa/500/9.png,942139,f1f2f3,87
254000004,2005,3,2005-03-19,2005-03-19T14:00:00.000000-0500,4612,Laura Shelton,2198,Colonels,Eastern Kentucky,E Kentucky,,1,5,0,0,4,4,0,0,0,0,0,0,0,1,6,true,false,false,true,,L. Shelton,,Not Available,NA,Eastern Kentucky Colonels,s:40~l:54~t:2198,eastern-kentucky-colonels,https://a.espncdn.com/i/teamlogos/ncaa/500/2198.png,EKU,660819,f0f0f0,away,false,65,9,Sun Devils,Arizona State,Arizona State Sun Devils,ASU,https://a.espncdn.com/i/teamlogos/ncaa/500/9.png,942139,f1f2f3,87
254000004,2005,3,2005-03-19,2005-03-19T14:00:00.000000-0500,3842,Aubree Johnson,9,Sun Devils,Arizona State,Arizona State,,4,7,0,0,2,4,1,2,3,0,0,0,0,2,10,true,false,false,true,,A. Johnson,,Not Available,NA,Arizona State Sun Devils,s:40~l:54~t:9,arizona-state-sun-devils,https://a.espncdn.com/i/teamlogos/ncaa/500/9.png,ASU,942139,f1f2f3,home,true,87,2198,Colonels,Eastern Kentucky,Eastern Kentucky Colonels,EKU,https://a.espncdn.com/i/teamlogos/ncaa/500/2198.png,660819,f0f0f0,65
254000004,2005,3,2005-03-19,2005-03-19T14:00:00.000000-0500,3841,Emily Westerberg,9,Sun Devils,Arizona State,Arizona State,,7,11,3,3,6,6,0,4,4,0,0,0,0,1,23,true,false,false,true,,E. Westerberg,,Not Available,NA,Arizona State Sun Devils,s:40~l:54~t:9,arizona-state-sun-devils,https://a.espncdn.com/i/teamlogos/ncaa/500/9.png,ASU,942139,f1f2f3,home,true,87,2198,Colonels,Eastern Kentucky,Eastern Kentucky Colonels,EKU,https://a.espncdn.com/i/teamlogos/ncaa/500/2198.png,660819,f0f0f0,65
254000004,2005,3,2005-03-19,2005-03-19T14:00:00.000000-0500,2402,Kristen Kovesdy,9,Sun Devils,Arizona State,Arizona State,,9,12,0,0,0,0,1,3,4,0,0,0,0,5,18,true,false,false,true,,K. Kovesdy,,Not Available,NA,Arizona State Sun Devils,s:40~l:54~t:9,arizona-state-sun-devils,https://a.espncdn.com/i/teamlogos/ncaa/500/9.png,ASU,942139,f1f2f3,home,true,87,2198,Colonels,Eastern Kentucky,Eastern Kentucky Colonels,EKU,https://a.espncdn.com/i/teamlogos/ncaa/500/2198.png,660819,f0f0f0,65
254000004,2005,3,2005-03-19,2005-03-19T14:00:00.000000-0500,43,Kylan Loney,9,Sun Devils,Arizona State,Arizona State,,2,4,1,1,0,0,1,2,3,0,0,0,0,4,5,true,false,false,true,,K. Loney,,Not Available,NA,Arizona State Sun Devils,s:40~l:54~t:9,arizona-state-sun-devils,https://a.espncdn.com/i/teamlogos/ncaa/500/9.png,ASU,942139,f1f2f3,home,true,87,2198,Colonels,Eastern Kentucky,Eastern Kentucky Colonels,EKU,https://a.espncdn.com/i/teamlogos/ncaa/500/2198.png,660819,f0f0f0,65
254000004,2005,3,2005-03-19,2005-03-19T14:00:00.000000-0500,42,Carrie Buckner,9,Sun Devils,Arizona State,Arizona State,,4,6,0,0,0,1,0,2,2,0,0,0,0,3,8,true,false,false,true,,C. Buckner,,Not Available,NA,Arizona State Sun Devils,s:40~l:54~t:9,arizona-state-sun-devils,https://a.espncdn.com/i/teamlogos/ncaa/500/9.png,ASU,942139,f1f2f3,home,true,87,2198,Colonels,Eastern Kentucky,Eastern Kentucky Colonels,EKU,https://a.espncdn.com/i/teamlogos/ncaa/500/2198.png,660819,f0f0f0,65
254000054,2005,3,2005-03-19,2005-03-19T14:30:00.000000-0500,2733,Lauren Neaves,242,Owls,Rice,Rice,,6,12,0,0,1,2,3,5,8,0,0,0,0,0,13,true,false,false,true,,L. Neaves,,Not Available,NA,Rice Owls,s:40~l:54~t:242,rice-owls,https://a.espncdn.com/i/teamlogos/ncaa/500/242.png,RICE,d1d5d8,003d7d,away,false,49,61,Lady Bulldogs,Georgia,Georgia Lady Bulldogs,UGA,https://a.espncdn.com/i/teamlogos/ncaa/500/61.png,CC0000,000000,75
254000054,2005,3,2005-03-19,2005-03-19T14:30:00.000000-0500,1683,Michelle Woods,242,Owls,Rice,Rice,,4,7,2,3,0,1,1,4,5,0,0,0,0,3,10,true,false,false,true,,M. Woods,,Not Available,NA,Rice Owls,s:40~l:54~t:242,rice-owls,https://a.espncdn.com/i/teamlogos/ncaa/500/242.png,RICE,d1d5d8,003d7d,away,false,49,61,Lady Bulldogs,Georgia,Georgia Lady Bulldogs,UGA,https://a.espncdn.com/i/teamlogos/ncaa/500/61.png,CC0000,000000,75
254000054,2005,3,2005-03-19,2005-03-19T14:30:00.000000-0500,4183,Krystal Frazier,242,Owls,Rice,Rice,,2,12,0,3,3,5,1,3,4,0,0,0,0,0,7,true,false,false,true,,K. Frazier,,Not Available,NA,Rice Owls,s:40~l:54~t:242,rice-owls,https://a.espncdn.com/i/teamlogos/ncaa/500/242.png,RICE,d1d5d8,003d7d,away,false,49,61,Lady Bulldogs,Georgia,Georgia Lady Bulldogs,UGA,https://a.espncdn.com/i/teamlogos/ncaa/500/61.png,CC0000,000000,75
254000054,2005,3,2005-03-19,2005-03-19T14:30:00.000000-0500,2736,Amber Cunningham,242,Owls,Rice,Rice,,1,5,0,2,0,2,2,2,4,0,0,0,0,0,2,true,false,false,true,,A. Cunningham,,Not Available,NA,Rice Owls,s:40~l:54~t:242,rice-owls,https://a.espncdn.com/i/teamlogos/ncaa/500/242.png,RICE,d1d5d8,003d7d,away,false,49,61,Lady Bulldogs,Georgia,Georgia Lady Bulldogs,UGA,https://a.espncdn.com/i/teamlogos/ncaa/500/61.png,CC0000,000000,75
254000054,2005,3,2005-03-19,2005-03-19T14:30:00.000000-0500,1682,Eshombi Singleton,242,Owls,Rice,Rice,,0,2,0,0,0,0,2,1,3,0,0,0,0,3,0,true,false,false,true,,E. Singleton,,Not Available,NA,Rice Owls,s:40~l:54~t:242,rice-owls,https://a.espncdn.com/i/teamlogos/ncaa/500/242.png,RICE,d1d5d8,003d7d,away,false,49,61,Lady Bulldogs,Georgia,Georgia Lady Bulldogs,UGA,https://a.espncdn.com/i/teamlogos/ncaa/500/61.png,CC0000,000000,75
254000054,2005,3,2005-03-19,2005-03-19T14:30:00.000000-0500,4838,Tasha Humphrey,61,Lady Bulldogs,Georgia,Georgia,,4,12,1,5,6,6,3,6,9,0,0,0,0,2,15,true,false,false,true,,T. Humphrey,,Not Available,NA,Georgia Lady Bulldogs,s:40~l:54~t:61,georgia-lady-bulldogs,https://a.espncdn.com/i/teamlogos/ncaa/500/61.png,UGA,CC0000,000000,home,true,75,242,Owls,Rice,Rice Owls,RICE,https://a.espncdn.com/i/teamlogos/ncaa/500/242.png,d1d5d8,003d7d,49
254000054,2005,3,2005-03-19,2005-03-19T14:30:00.000000-0500,3743,Rebecca Rowsey,61,Lady Bulldogs,Georgia,Georgia,,0,5,0,0,0,0,1,5,6,0,0,0,0,1,0,true,false,false,true,,R. Rowsey,,Not Available,NA,Georgia Lady Bulldogs,s:40~l:54~t:61,georgia-lady-bulldogs,https://a.espncdn.com/i/teamlogos/ncaa/500/61.png,UGA,CC0000,000000,home,true,75,242,Owls,Rice,Rice Owls,RICE,https://a.espncdn.com/i/teamlogos/ncaa/500/242.png,d1d5d8,003d7d,49
254000054,2005,3,2005-03-19,2005-03-19T14:30:00.000000-0500,3744,Cori Chambers,61,Lady Bulldogs,Georgia,Georgia,,7,12,1,4,4,4,2,5,7,0,0,0,0,4,19,true,false,false,true,,C. Chambers,,Not Available,NA,Georgia Lady Bulldogs,s:40~l:54~t:61,georgia-lady-bulldogs,https://a.espncdn.com/i/teamlogos/ncaa/500/61.png,UGA,CC0000,000000,home,true,75,242,Owls,Rice,Rice Owls,RICE,https://a.espncdn.com/i/teamlogos/ncaa/500/242.png,d1d5d8,003d7d,49
254000054,2005,3,2005-03-19,2005-03-19T14:30:00.000000-0500,2493,Alexis Kendrick,61,Lady Bulldogs,Georgia,Georgia,,3,8,1,3,0,0,3,5,8,0,0,0,0,2,7,true,false,false,true,,A. Kendrick,,Not Available,NA,Georgia Lady Bulldogs,s:40~l:54~t:61,georgia-lady-bulldogs,https://a.espncdn.com/i/teamlogos/ncaa/500/61.png,UGA,CC0000,000000,home,true,75,242,Owls,Rice,Rice Owls,RICE,https://a.espncdn.com/i/teamlogos/ncaa/500/242.png,d1d5d8,003d7d,49
254000054,2005,3,2005-03-19,2005-03-19T14:30:00.000000-0500,2411,Sherill Baker,61,Lady Bulldogs,Georgia,Georgia,,6,13,0,2,2,2,1,1,2,0,0,0,0,3,14,true,false,false,true,,S. Baker,,Not Available,NA,Georgia Lady Bulldogs,s:40~l:54~t:61,georgia-lady-bulldogs,https://a.espncdn.com/i/teamlogos/ncaa/500/61.png,UGA,CC0000,000000,home,true,75,242,Owls,Rice,Rice Owls,RICE,https://a.espncdn.com/i/teamlogos/ncaa/500/242.png,d1d5d8,003d7d,49
254000032,2005,3,2005-03-19,2005-03-19T14:30:00.000000-0500,3428,Candace Roberts,2016,Lady Braves,Alcorn State,Alcorn St,,0,2,0,1,0,2,1,1,2,0,0,0,0,1,0,true,false,false,true,,C. Roberts,,Not Available,NA,Alcorn State Lady Braves,s:40~l:54~t:2016,alcorn-state-lady-braves,https://a.espncdn.com/i/teamlogos/ncaa/500/2016.png,ALCN,4b0058,46166a,away,false,41,127,Spartans,Michigan State,Michigan State Spartans,MSU,https://a.espncdn.com/i/teamlogos/ncaa/500/127.png,18453B,ffffff,73
254000032,2005,3,2005-03-19,2005-03-19T14:30:00.000000-0500,4953,Natasha Dennis,2016,Lady Braves,Alcorn State,Alcorn St,,1,3,1,1,0,0,0,2,2,0,0,0,0,0,3,true,false,false,true,,N. Dennis,,Not Available,NA,Alcorn State Lady Braves,s:40~l:54~t:2016,alcorn-state-lady-braves,https://a.espncdn.com/i/teamlogos/ncaa/500/2016.png,ALCN,4b0058,46166a,away,false,41,127,Spartans,Michigan State,Michigan State Spartans,MSU,https://a.espncdn.com/i/teamlogos/ncaa/500/127.png,18453B,ffffff,73
254000032,2005,3,2005-03-19,2005-03-19T14:30:00.000000-0500,3426,Rasaan Powell,2016,Lady Braves,Alcorn State,Alcorn St,,3,7,0,1,1,2,3,2,5,0,0,0,0,1,7,true,false,false,true,,R. Powell,,Not Available,NA,Alcorn State Lady Braves,s:40~l:54~t:2016,alcorn-state-lady-braves,https://a.espncdn.com/i/teamlogos/ncaa/500/2016.png,ALCN,4b0058,46166a,away,false,41,127,Spartans,Michigan State,Michigan State Spartans,MSU,https://a.espncdn.com/i/teamlogos/ncaa/500/127.png,18453B,ffffff,73
254000032,2005,3,2005-03-19,2005-03-19T14:30:00.000000-0500,4954,Shikhia Sims,2016,Lady Braves,Alcorn State,Alcorn St,,3,11,2,4,0,0,0,0,0,0,0,0,0,1,8,true,false,false,true,,S. Sims,,Not Available,NA,Alcorn State Lady Braves,s:40~l:54~t:2016,alcorn-state-lady-braves,https://a.espncdn.com/i/teamlogos/ncaa/500/2016.png,ALCN,4b0058,46166a,away,false,41,127,Spartans,Michigan State,Michigan State Spartans,MSU,https://a.espncdn.com/i/teamlogos/ncaa/500/127.png,18453B,ffffff,73
254000032,2005,3,2005-03-19,2005-03-19T14:30:00.000000-0500,3423,Latoya Johnson,2016,Lady Braves,Alcorn State,Alcorn St,,3,16,1,2,5,7,0,6,6,0,0,0,0,2,12,true,false,false,true,,L. Johnson,,Not Available,NA,Alcorn State Lady Braves,s:40~l:54~t:2016,alcorn-state-lady-braves,https://a.espncdn.com/i/teamlogos/ncaa/500/2016.png,ALCN,4b0058,46166a,away,false,41,127,Spartans,Michigan State,Michigan State Spartans,MSU,https://a.espncdn.com/i/teamlogos/ncaa/500/127.png,18453B,ffffff,73
254000032,2005,3,2005-03-19,2005-03-19T14:30:00.000000-0500,1171,Kelli Roehrig,127,Spartans,Michigan State,Michigan St,,6,8,0,0,0,0,1,8,9,0,0,0,0,1,12,true,false,false,true,,K. Roehrig,,Not Available,NA,Michigan State Spartans,s:40~l:54~t:127,michigan-state-spartans,https://a.espncdn.com/i/teamlogos/ncaa/500/127.png,MSU,18453B,ffffff,home,true,73,2016,Lady Braves,Alcorn State,Alcorn State Lady Braves,ALCN,https://a.espncdn.com/i/teamlogos/ncaa/500/2016.png,4b0058,46166a,41
254000032,2005,3,2005-03-19,2005-03-19T14:30:00.000000-0500,4086,Victoria Lucas-Perry,127,Spartans,Michigan State,Michigan St,,4,7,1,2,1,2,1,4,5,0,0,0,0,1,10,true,false,false,true,,V. Lucas-Perry,,Not Available,NA,Michigan State Spartans,s:40~l:54~t:127,michigan-state-spartans,https://a.espncdn.com/i/teamlogos/ncaa/500/127.png,MSU,18453B,ffffff,home,true,73,2016,Lady Braves,Alcorn State,Alcorn State Lady Braves,ALCN,https://a.espncdn.com/i/teamlogos/ncaa/500/2016.png,4b0058,46166a,41
254000032,2005,3,2005-03-19,2005-03-19T14:30:00.000000-0500,3299,Liz Shimek,127,Spartans,Michigan State,Michigan St,,8,12,0,1,2,2,2,6,8,0,0,0,0,2,18,true,false,false,true,,L. Shimek,,Not Available,NA,Michigan State Spartans,s:40~l:54~t:127,michigan-state-spartans,https://a.espncdn.com/i/teamlogos/ncaa/500/127.png,MSU,18453B,ffffff,home,true,73,2016,Lady Braves,Alcorn State,Alcorn State Lady Braves,ALCN,https://a.espncdn.com/i/teamlogos/ncaa/500/2016.png,4b0058,46166a,41
254000032,2005,3,2005-03-19,2005-03-19T14:30:00.000000-0500,4087,Rene Haynes,127,Spartans,Michigan State,Michigan St,,6,12,1,3,0,1,1,3,4,0,0,0,0,2,10,true,false,false,true,,R. Haynes,,Not Available,NA,Michigan State Spartans,s:40~l:54~t:127,michigan-state-spartans,https://a.espncdn.com/i/teamlogos/ncaa/500/127.png,MSU,18453B,ffffff,home,true,73,2016,Lady Braves,Alcorn State,Alcorn State Lady Braves,ALCN,https://a.espncdn.com/i/teamlogos/ncaa/500/2016.png,4b0058,46166a,41
254000032,2005,3,2005-03-19,2005-03-19T14:30:00.000000-0500,3295,Lindsay Bowen,127,Spartans,Michigan State,Michigan St,,3,11,2,6,0,0,0,3,3,0,0,0,0,0,8,true,false,false,true,,L. Bowen,,Not Available,NA,Michigan State Spartans,s:40~l:54~t:127,michigan-state-spartans,https://a.espncdn.com/i/teamlogos/ncaa/500/127.png,MSU,18453B,ffffff,home,true,73,2016,Lady Braves,Alcorn State,Alcorn State Lady Braves,ALCN,https://a.espncdn.com/i/teamlogos/ncaa/500/2016.png,4b0058,46166a,41
254000011,2005,3,2005-03-19,2005-03-19T16:30:00.000000-0500,1527,Andrea Bills,2483,Ducks,Oregon,Oregon,,4,10,0,0,2,3,3,3,6,0,0,0,0,2,10,true,false,false,true,,A. Bills,,Not Available,NA,Oregon Ducks,s:40~l:54~t:2483,oregon-ducks,https://a.espncdn.com/i/teamlogos/ncaa/500/2483.png,ORE,044520,fee123,away,true,58,2628,Horned Frogs,TCU,TCU Horned Frogs,TCU,https://a.espncdn.com/i/teamlogos/ncaa/500/2628.png,4d1979,f1f2f3,55
254000011,2005,3,2005-03-19,2005-03-19T16:30:00.000000-0500,4927,Kristen Forristall,2483,Ducks,Oregon,Oregon,,1,5,0,3,2,2,1,4,5,0,0,0,0,4,4,true,false,false,true,,K. Forristall,,Not Available,NA,Oregon Ducks,s:40~l:54~t:2483,oregon-ducks,https://a.espncdn.com/i/teamlogos/ncaa/500/2483.png,ORE,044520,fee123,away,true,58,2628,Horned Frogs,TCU,TCU Horned Frogs,TCU,https://a.espncdn.com/i/teamlogos/ncaa/500/2628.png,4d1979,f1f2f3,55
254000011,2005,3,2005-03-19,2005-03-19T16:30:00.000000-0500,1531,Cathrine Kraayeveld,2483,Ducks,Oregon,Oregon,,7,12,3,6,6,7,1,5,6,0,0,0,0,2,23,true,false,false,true,,C. Kraayeveld,,Not Available,NA,Oregon Ducks,s:40~l:54~t:2483,oregon-ducks,https://a.espncdn.com/i/teamlogos/ncaa/500/2483.png,ORE,044520,fee123,away,true,58,2628,Horned Frogs,TCU,TCU Horned Frogs,TCU,https://a.espncdn.com/i/teamlogos/ncaa/500/2628.png,4d1979,f1f2f3,55
254000011,2005,3,2005-03-19,2005-03-19T16:30:00.000000-0500,1916,Corrie Mizusawa,2483,Ducks,Oregon,Oregon,,0,0,0,0,0,0,0,3,3,0,0,0,0,2,0,true,false,false,true,,C. Mizusawa,,Not Available,NA,Oregon Ducks,s:40~l:54~t:2483,oregon-ducks,https://a.espncdn.com/i/teamlogos/ncaa/500/2483.png,ORE,044520,fee123,away,true,58,2628,Horned Frogs,TCU,TCU Horned Frogs,TCU,https://a.espncdn.com/i/teamlogos/ncaa/500/2628.png,4d1979,f1f2f3,55
254000011,2005,3,2005-03-19,2005-03-19T16:30:00.000000-0500,1528,Brandi Davis,2483,Ducks,Oregon,Oregon,,2,9,2,5,1,2,0,2,2,0,0,0,0,3,7,true,false,false,true,,B. Davis,,Not Available,NA,Oregon Ducks,s:40~l:54~t:2483,oregon-ducks,https://a.espncdn.com/i/teamlogos/ncaa/500/2483.png,ORE,044520,fee123,away,true,58,2628,Horned Frogs,TCU,TCU Horned Frogs,TCU,https://a.espncdn.com/i/teamlogos/ncaa/500/2628.png,4d1979,f1f2f3,55
254000011,2005,3,2005-03-19,2005-03-19T16:30:00.000000-0500,4865,Lorie Butler-Rayford,2628,Horned Frogs,TCU,TCU,,0,3,0,0,1,2,1,1,2,0,0,0,0,2,1,true,false,false,true,,L. Butler-Rayford,,Not Available,NA,TCU Horned Frogs,s:40~l:54~t:2628,tcu-horned-frogs,https://a.espncdn.com/i/teamlogos/ncaa/500/2628.png,TCU,4d1979,f1f2f3,home,false,55,2483,Ducks,Oregon,Oregon Ducks,ORE,https://a.espncdn.com/i/teamlogos/ncaa/500/2483.png,044520,fee123,58
254000011,2005,3,2005-03-19,2005-03-19T16:30:00.000000-0500,2664,Ashley Davis,2628,Horned Frogs,TCU,TCU,,1,4,1,4,5,5,0,1,1,0,0,0,0,4,8,true,false,false,true,,A. Davis,,Not Available,NA,TCU Horned Frogs,s:40~l:54~t:2628,tcu-horned-frogs,https://a.espncdn.com/i/teamlogos/ncaa/500/2628.png,TCU,4d1979,f1f2f3,home,false,55,2483,Ducks,Oregon,Oregon Ducks,ORE,https://a.espncdn.com/i/teamlogos/ncaa/500/2483.png,044520,fee123,58
254000011,2005,3,2005-03-19,2005-03-19T16:30:00.000000-0500,1982,Niki Newton,2628,Horned Frogs,TCU,TCU,,2,4,0,0,3,4,0,4,4,0,0,0,0,3,7,true,false,false,true,,N. Newton,,Not Available,NA,TCU Horned Frogs,s:40~l:54~t:2628,tcu-horned-frogs,https://a.espncdn.com/i/teamlogos/ncaa/500/2628.png,TCU,4d1979,f1f2f3,home,false,55,2483,Ducks,Oregon,Oregon Ducks,ORE,https://a.espncdn.com/i/teamlogos/ncaa/500/2483.png,044520,fee123,58
254000011,2005,3,2005-03-19,2005-03-19T16:30:00.000000-0500,1981,Sandora Irvin,2628,Horned Frogs,TCU,TCU,,5,17,0,2,4,4,1,4,5,0,0,0,0,5,14,true,false,false,true,,S. Irvin,,Not Available,NA,TCU Horned Frogs,s:40~l:54~t:2628,tcu-horned-frogs,https://a.espncdn.com/i/teamlogos/ncaa/500/2628.png,TCU,4d1979,f1f2f3,home,false,55,2483,Ducks,Oregon,Oregon Ducks,ORE,https://a.espncdn.com/i/teamlogos/ncaa/500/2483.png,044520,fee123,58
254000011,2005,3,2005-03-19,2005-03-19T16:30:00.000000-0500,3850,Natasha Lacy,2628,Horned Frogs,TCU,TCU,,4,12,1,2,1,2,2,3,5,0,0,0,0,3,10,true,false,false,true,,N. Lacy,,Not Available,NA,TCU Horned Frogs,s:40~l:54~t:2628,tcu-horned-frogs,https://a.espncdn.com/i/teamlogos/ncaa/500/2628.png,TCU,4d1979,f1f2f3,home,false,55,2483,Ducks,Oregon,Oregon Ducks,ORE,https://a.espncdn.com/i/teamlogos/ncaa/500/2483.png,044520,fee123,58
254000005,2005,3,2005-03-19,2005-03-19T16:30:00.000000-0500,3870,Autumn Nichols,2540,Gauchos,UC Santa Barbara,UCSB,,2,3,0,0,3,4,1,5,6,0,0,0,0,0,7,true,false,false,true,,A. Nichols,,Not Available,NA,UC Santa Barbara Gauchos,s:40~l:54~t:2540,uc-santa-barbara-gauchos,https://a.espncdn.com/i/teamlogos/ncaa/500/2540.png,UCSB,1D1160,fdb813,away,false,51,87,Fighting Irish,Notre Dame,Notre Dame Fighting Irish,ND,https://a.espncdn.com/i/teamlogos/ncaa/500/87.png,0c2340,c99700,61
254000005,2005,3,2005-03-19,2005-03-19T16:30:00.000000-0500,1761,Brandy Richardson,2540,Gauchos,UC Santa Barbara,UCSB,,1,4,0,1,0,1,2,3,5,0,0,0,0,3,2,true,false,false,true,,B. Richardson,,Not Available,NA,UC Santa Barbara Gauchos,s:40~l:54~t:2540,uc-santa-barbara-gauchos,https://a.espncdn.com/i/teamlogos/ncaa/500/2540.png,UCSB,1D1160,fdb813,away,false,51,87,Fighting Irish,Notre Dame,Notre Dame Fighting Irish,ND,https://a.espncdn.com/i/teamlogos/ncaa/500/87.png,0c2340,c99700,61
254000005,2005,3,2005-03-19,2005-03-19T16:30:00.000000-0500,1760,Kristen Mann,2540,Gauchos,UC Santa Barbara,UCSB,,2,16,1,4,2,2,1,7,8,0,0,0,0,0,7,true,false,false,true,,K. Mann,,Not Available,NA,UC Santa Barbara Gauchos,s:40~l:54~t:2540,uc-santa-barbara-gauchos,https://a.espncdn.com/i/teamlogos/ncaa/500/2540.png,UCSB,1D1160,fdb813,away,false,51,87,Fighting Irish,Notre Dame,Notre Dame Fighting Irish,ND,https://a.espncdn.com/i/teamlogos/ncaa/500/87.png,0c2340,c99700,61
254000005,2005,3,2005-03-19,2005-03-19T16:30:00.000000-0500,1759,Mia Fisher,2540,Gauchos,UC Santa Barbara,UCSB,,6,14,0,1,6,6,2,1,3,0,0,0,0,3,18,true,false,false,true,,M. Fisher,,Not Available,NA,UC Santa Barbara Gauchos,s:40~l:54~t:2540,uc-santa-barbara-gauchos,https://a.espncdn.com/i/teamlogos/ncaa/500/2540.png,UCSB,1D1160,fdb813,away,false,51,87,Fighting Irish,Notre Dame,Notre Dame Fighting Irish,ND,https://a.espncdn.com/i/teamlogos/ncaa/500/87.png,0c2340,c99700,61
254000005,2005,3,2005-03-19,2005-03-19T16:30:00.000000-0500,1758,Karena Bonds,2540,Gauchos,UC Santa Barbara,UCSB,,0,4,0,3,0,0,2,0,2,0,0,0,0,3,0,true,false,false,true,,K. Bonds,,Not Available,NA,UC Santa Barbara Gauchos,s:40~l:54~t:2540,uc-santa-barbara-gauchos,https://a.espncdn.com/i/teamlogos/ncaa/500/2540.png,UCSB,1D1160,fdb813,away,false,51,87,Fighting Irish,Notre Dame,Notre Dame Fighting Irish,ND,https://a.espncdn.com/i/teamlogos/ncaa/500/87.png,0c2340,c99700,61
254000005,2005,3,2005-03-19,2005-03-19T16:30:00.000000-0500,1467,Teresa Borton,87,Fighting Irish,Notre Dame,Notre Dame,,2,2,0,0,0,0,3,1,4,0,0,0,0,4,4,true,false,false,true,,T. Borton,,Not Available,NA,Notre Dame Fighting Irish,s:40~l:54~t:87,notre-dame-fighting-irish,https://a.espncdn.com/i/teamlogos/ncaa/500/87.png,ND,0c2340,c99700,home,true,61,2540,Gauchos,UC Santa Barbara,UC Santa Barbara Gauchos,UCSB,https://a.espncdn.com/i/teamlogos/ncaa/500/2540.png,1D1160,fdb813,51
254000005,2005,3,2005-03-19,2005-03-19T16:30:00.000000-0500,2438,Courtney LaVere,87,Fighting Irish,Notre Dame,Notre Dame,,5,10,0,0,0,1,2,5,7,0,0,0,0,3,10,true,false,false,true,,C. LaVere,,Not Available,NA,Notre Dame Fighting Irish,s:40~l:54~t:87,notre-dame-fighting-irish,https://a.espncdn.com/i/teamlogos/ncaa/500/87.png,ND,0c2340,c99700,home,true,61,2540,Gauchos,UC Santa Barbara,UC Santa Barbara Gauchos,UCSB,https://a.espncdn.com/i/teamlogos/ncaa/500/2540.png,1D1160,fdb813,51
254000005,2005,3,2005-03-19,2005-03-19T16:30:00.000000-0500,1466,Jacqueline Batteast,87,Fighting Irish,Notre Dame,Notre Dame,,4,14,0,2,0,3,1,8,9,0,0,0,0,2,8,true,false,false,true,,J. Batteast,,Not Available,NA,Notre Dame Fighting Irish,s:40~l:54~t:87,notre-dame-fighting-irish,https://a.espncdn.com/i/teamlogos/ncaa/500/87.png,ND,0c2340,c99700,home,true,61,2540,Gauchos,UC Santa Barbara,UC Santa Barbara Gauchos,UCSB,https://a.espncdn.com/i/teamlogos/ncaa/500/2540.png,1D1160,fdb813,51
254000005,2005,3,2005-03-19,2005-03-19T16:30:00.000000-0500,3783,Breona Gray,87,Fighting Irish,Notre Dame,Notre Dame,,4,8,0,0,2,4,0,0,0,0,0,0,0,2,10,true,false,false,true,,B. Gray,,Not Available,NA,Notre Dame Fighting Irish,s:40~l:54~t:87,notre-dame-fighting-irish,https://a.espncdn.com/i/teamlogos/ncaa/500/87.png,ND,0c2340,c99700,home,true,61,2540,Gauchos,UC Santa Barbara,UC Santa Barbara Gauchos,UCSB,https://a.espncdn.com/i/teamlogos/ncaa/500/2540.png,1D1160,fdb813,51
254000005,2005,3,2005-03-19,2005-03-19T16:30:00.000000-0500,2437,Megan Duffy,87,Fighting Irish,Notre Dame,Notre Dame,,4,8,2,4,8,10,1,2,3,0,0,0,0,1,18,true,false,false,true,,M. Duffy,,Not Available,NA,Notre Dame Fighting Irish,s:40~l:54~t:87,notre-dame-fighting-irish,https://a.espncdn.com/i/teamlogos/ncaa/500/87.png,ND,0c2340,c99700,home,true,61,2540,Gauchos,UC Santa Barbara,UC Santa Barbara Gauchos,UCSB,https://a.espncdn.com/i/teamlogos/ncaa/500/2540.png,1D1160,fdb813,51
254000019,2005,3,2005-03-19,2005-03-19T19:00:00.000000-0500,3030,Tia Stovall,2393,Blue Raiders,Middle Tennessee,MTSU,,5,11,0,0,1,1,3,2,5,0,0,0,0,3,11,true,false,false,true,,T. Stovall,,Not Available,NA,Middle Tennessee Blue Raiders,s:40~l:54~t:2393,middle-tennessee-blue-raiders,https://a.espncdn.com/i/teamlogos/ncaa/500/2393.png,MTSU,006db6,ffffff,away,true,60,152,Wolfpack,NC State,NC State Wolfpack,NCST,https://a.espncdn.com/i/teamlogos/ncaa/500/152.png,EF1216,231f20,58
254000019,2005,3,2005-03-19,2005-03-19T19:00:00.000000-0500,4449,Krystle Horton,2393,Blue Raiders,Middle Tennessee,MTSU,,4,9,0,0,3,4,1,1,2,0,0,0,0,4,11,true,false,false,true,,K. Horton,,Not Available,NA,Middle Tennessee Blue Raiders,s:40~l:54~t:2393,middle-tennessee-blue-raiders,https://a.espncdn.com/i/teamlogos/ncaa/500/2393.png,MTSU,006db6,ffffff,away,true,60,152,Wolfpack,NC State,NC State Wolfpack,NCST,https://a.espncdn.com/i/teamlogos/ncaa/500/152.png,EF1216,231f20,58
254000019,2005,3,2005-03-19,2005-03-19T19:00:00.000000-0500,4452,Chrissy Givens,2393,Blue Raiders,Middle Tennessee,MTSU,,3,8,0,1,2,4,2,3,5,0,0,0,0,3,8,true,false,false,true,,C. Givens,,Not Available,NA,Middle Tennessee Blue Raiders,s:40~l:54~t:2393,middle-tennessee-blue-raiders,https://a.espncdn.com/i/teamlogos/ncaa/500/2393.png,MTSU,006db6,ffffff,away,true,60,152,Wolfpack,NC State,NC State Wolfpack,NCST,https://a.espncdn.com/i/teamlogos/ncaa/500/152.png,EF1216,231f20,58
254000019,2005,3,2005-03-19,2005-03-19T19:00:00.000000-0500,1175,Patrice Holmes,2393,Blue Raiders,Middle Tennessee,MTSU,,11,18,2,5,2,2,0,1,1,0,0,0,0,2,26,true,false,false,true,,P. Holmes,,Not Available,NA,Middle Tennessee Blue Raiders,s:40~l:54~t:2393,middle-tennessee-blue-raiders,https://a.espncdn.com/i/teamlogos/ncaa/500/2393.png,MTSU,006db6,ffffff,away,true,60,152,Wolfpack,NC State,NC State Wolfpack,NCST,https://a.espncdn.com/i/teamlogos/ncaa/500/152.png,EF1216,231f20,58
254000019,2005,3,2005-03-19,2005-03-19T19:00:00.000000-0500,1174,Ciara Gray,2393,Blue Raiders,Middle Tennessee,MTSU,,1,2,0,1,0,0,1,2,3,0,0,0,0,3,2,true,false,false,true,,C. Gray,,Not Available,NA,Middle Tennessee Blue Raiders,s:40~l:54~t:2393,middle-tennessee-blue-raiders,https://a.espncdn.com/i/teamlogos/ncaa/500/2393.png,MTSU,006db6,ffffff,away,true,60,152,Wolfpack,NC State,NC State Wolfpack,NCST,https://a.espncdn.com/i/teamlogos/ncaa/500/152.png,EF1216,231f20,58
254000019,2005,3,2005-03-19,2005-03-19T19:00:00.000000-0500,4905,Tiffany Stansbury,152,Wolfpack,NC State,NC State,,6,10,0,0,4,4,2,6,8,0,0,0,0,2,16,true,false,false,true,,T. Stansbury,,Not Available,NA,NC State Wolfpack,s:40~l:54~t:152,nc-state-wolfpack,https://a.espncdn.com/i/teamlogos/ncaa/500/152.png,NCST,EF1216,231f20,home,false,58,2393,Blue Raiders,Middle Tennessee,Middle Tennessee Blue Raiders,MTSU,https://a.espncdn.com/i/teamlogos/ncaa/500/2393.png,006db6,ffffff,60
254000019,2005,3,2005-03-19,2005-03-19T19:00:00.000000-0500,4906,Khadijah Whittington,152,Wolfpack,NC State,NC State,,7,11,0,0,4,6,1,4,5,0,0,0,0,3,18,true,false,false,true,,K. Whittington,,Not Available,NA,NC State Wolfpack,s:40~l:54~t:152,nc-state-wolfpack,https://a.espncdn.com/i/teamlogos/ncaa/500/152.png,NCST,EF1216,231f20,home,false,58,2393,Blue Raiders,Middle Tennessee,Middle Tennessee Blue Raiders,MTSU,https://a.espncdn.com/i/teamlogos/ncaa/500/2393.png,006db6,ffffff,60
254000019,2005,3,2005-03-19,2005-03-19T19:00:00.000000-0500,4026,Marquetta Dickens,152,Wolfpack,NC State,NC State,,0,3,0,0,2,2,2,1,3,0,0,0,0,1,2,true,false,false,true,,M. Dickens,,Not Available,NA,NC State Wolfpack,s:40~l:54~t:152,nc-state-wolfpack,https://a.espncdn.com/i/teamlogos/ncaa/500/152.png,NCST,EF1216,231f20,home,false,58,2393,Blue Raiders,Middle Tennessee,Middle Tennessee Blue Raiders,MTSU,https://a.espncdn.com/i/teamlogos/ncaa/500/2393.png,006db6,ffffff,60
254000019,2005,3,2005-03-19,2005-03-19T19:00:00.000000-0500,2818,Billie McDowell,152,Wolfpack,NC State,NC State,,2,3,0,0,0,0,0,0,0,0,0,0,0,0,4,true,false,false,true,,B. McDowell,,Not Available,NA,NC State Wolfpack,s:40~l:54~t:152,nc-state-wolfpack,https://a.espncdn.com/i/teamlogos/ncaa/500/152.png,NCST,EF1216,231f20,home,false,58,2393,Blue Raiders,Middle Tennessee,Middle Tennessee Blue Raiders,MTSU,https://a.espncdn.com/i/teamlogos/ncaa/500/2393.png,006db6,ffffff,60
254000019,2005,3,2005-03-19,2005-03-19T19:00:00.000000-0500,1387,Kendra Bell,152,Wolfpack,NC State,NC State,,1,2,0,1,0,0,0,0,0,0,0,0,0,3,2,true,false,false,true,,K. Bell,,Not Available,NA,NC State Wolfpack,s:40~l:54~t:152,nc-state-wolfpack,https://a.espncdn.com/i/teamlogos/ncaa/500/152.png,NCST,EF1216,231f20,home,false,58,2393,Blue Raiders,Middle Tennessee,Middle Tennessee Blue Raiders,MTSU,https://a.espncdn.com/i/teamlogos/ncaa/500/2393.png,006db6,ffffff,60
254000008,2005,3,2005-03-19,2005-03-19T19:00:00.000000-0500,4977,Tiffany Green,295,Monarchs,Old Dominion,Old Dominion,,5,8,0,0,0,2,5,2,7,0,0,0,0,4,10,true,false,false,true,45 ,T. Green,,Forward,F,Old Dominion Monarchs,s:40~l:54~t:295,old-dominion-monarchs,https://a.espncdn.com/i/teamlogos/ncaa/500/295.png,ODU,00507d,a1d2f1,away,false,57,258,Cavaliers,Virginia,Virginia Cavaliers,UVA,https://a.espncdn.com/i/teamlogos/ncaa/500/258.png,f84c1e,ffffff,79
254000008,2005,3,2005-03-19,2005-03-19T19:00:00.000000-0500,3807,Tish Lyons,295,Monarchs,Old Dominion,Old Dominion,,3,8,0,0,0,0,1,1,2,0,0,0,0,2,6,true,false,false,true,,T. Lyons,,Not Available,NA,Old Dominion Monarchs,s:40~l:54~t:295,old-dominion-monarchs,https://a.espncdn.com/i/teamlogos/ncaa/500/295.png,ODU,00507d,a1d2f1,away,false,57,258,Cavaliers,Virginia,Virginia Cavaliers,UVA,https://a.espncdn.com/i/teamlogos/ncaa/500/258.png,f84c1e,ffffff,79
254000008,2005,3,2005-03-19,2005-03-19T19:00:00.000000-0500,3806,Sherida Triggs,295,Monarchs,Old Dominion,Old Dominion,,2,5,0,0,1,4,3,0,3,0,0,0,0,2,5,true,false,false,true,,S. Triggs,,Not Available,NA,Old Dominion Monarchs,s:40~l:54~t:295,old-dominion-monarchs,https://a.espncdn.com/i/teamlogos/ncaa/500/295.png,ODU,00507d,a1d2f1,away,false,57,258,Cavaliers,Virginia,Virginia Cavaliers,UVA,https://a.espncdn.com/i/teamlogos/ncaa/500/258.png,f84c1e,ffffff,79
254000008,2005,3,2005-03-19,2005-03-19T19:00:00.000000-0500,2660,Lawona Davis,295,Monarchs,Old Dominion,Old Dominion,,3,14,0,0,0,0,3,4,7,0,0,0,0,2,6,true,false,false,true,,L. Davis,,Not Available,NA,Old Dominion Monarchs,s:40~l:54~t:295,old-dominion-monarchs,https://a.espncdn.com/i/teamlogos/ncaa/500/295.png,ODU,00507d,a1d2f1,away,false,57,258,Cavaliers,Virginia,Virginia Cavaliers,UVA,https://a.espncdn.com/i/teamlogos/ncaa/500/258.png,f84c1e,ffffff,79
254000008,2005,3,2005-03-19,2005-03-19T19:00:00.000000-0500,1516,Shareese Grant,295,Monarchs,Old Dominion,Old Dominion,,7,17,0,1,2,2,0,1,1,0,0,0,0,2,16,true,false,false,true,,S. Grant,,Not Available,NA,Old Dominion Monarchs,s:40~l:54~t:295,old-dominion-monarchs,https://a.espncdn.com/i/teamlogos/ncaa/500/295.png,ODU,00507d,a1d2f1,away,false,57,258,Cavaliers,Virginia,Virginia Cavaliers,UVA,https://a.espncdn.com/i/teamlogos/ncaa/500/258.png,f84c1e,ffffff,79
254000008,2005,3,2005-03-19,2005-03-19T19:00:00.000000-0500,2207,Brandi Teamer,258,Cavaliers,Virginia,Virginia,,6,9,0,0,9,9,4,8,12,0,0,0,0,3,21,true,false,false,true,,B. Teamer,,Not Available,NA,Virginia Cavaliers,s:40~l:54~t:258,virginia-cavaliers,https://a.espncdn.com/i/teamlogos/ncaa/500/258.png,UVA,f84c1e,ffffff,home,true,79,295,Monarchs,Old Dominion,Old Dominion Monarchs,ODU,https://a.espncdn.com/i/teamlogos/ncaa/500/295.png,00507d,a1d2f1,57
254000008,2005,3,2005-03-19,2005-03-19T19:00:00.000000-0500,2203,Jocelyn Logan-Friend,258,Cavaliers,Virginia,Virginia,,1,6,0,1,4,5,2,6,8,0,0,0,0,4,6,true,false,false,true,,J. Logan-Friend,,Not Available,NA,Virginia Cavaliers,s:40~l:54~t:258,virginia-cavaliers,https://a.espncdn.com/i/teamlogos/ncaa/500/258.png,UVA,f84c1e,ffffff,home,true,79,295,Monarchs,Old Dominion,Old Dominion Monarchs,ODU,https://a.espncdn.com/i/teamlogos/ncaa/500/295.png,00507d,a1d2f1,57
254000008,2005,3,2005-03-19,2005-03-19T19:00:00.000000-0500,2200,LaTonya Blue,258,Cavaliers,Virginia,Virginia,,2,7,1,3,2,5,0,4,4,0,0,0,0,2,7,true,false,false,true,,L. Blue,,Not Available,NA,Virginia Cavaliers,s:40~l:54~t:258,virginia-cavaliers,https://a.espncdn.com/i/teamlogos/ncaa/500/258.png,UVA,f84c1e,ffffff,home,true,79,295,Monarchs,Old Dominion,Old Dominion Monarchs,ODU,https://a.espncdn.com/i/teamlogos/ncaa/500/295.png,00507d,a1d2f1,57
254000008,2005,3,2005-03-19,2005-03-19T19:00:00.000000-0500,4924,Sharnee Zoll,258,Cavaliers,Virginia,Virginia,,4,7,0,1,2,2,0,1,1,0,0,0,0,2,10,true,false,false,true,,S. Zoll,,Not Available,NA,Virginia Cavaliers,s:40~l:54~t:258,virginia-cavaliers,https://a.espncdn.com/i/teamlogos/ncaa/500/258.png,UVA,f84c1e,ffffff,home,true,79,295,Monarchs,Old Dominion,Old Dominion Monarchs,ODU,https://a.espncdn.com/i/teamlogos/ncaa/500/295.png,00507d,a1d2f1,57
254000008,2005,3,2005-03-19,2005-03-19T19:00:00.000000-0500,3846,Brenna McGuire,258,Cavaliers,Virginia,Virginia,,1,2,1,2,0,0,0,0,0,0,0,0,0,0,3,true,false,false,true,,B. McGuire,,Not Available,NA,Virginia Cavaliers,s:40~l:54~t:258,virginia-cavaliers,https://a.espncdn.com/i/teamlogos/ncaa/500/258.png,UVA,f84c1e,ffffff,home,true,79,295,Monarchs,Old Dominion,Old Dominion Monarchs,ODU,https://a.espncdn.com/i/teamlogos/ncaa/500/295.png,00507d,a1d2f1,57
254000042,2005,3,2005-03-19,2005-03-19T20:00:00.000000-0500,4869,Jessica Perry,254,Utes,Utah,Utah,,1,1,0,0,0,0,1,2,3,0,0,0,0,1,2,true,false,false,true,,J. Perry,,Not Available,NA,Utah Utes,s:40~l:54~t:254,utah-utes,https://a.espncdn.com/i/teamlogos/ncaa/500/254.png,UTAH,890012,7e8083,away,true,73,66,Cyclones,Iowa State,Iowa State Cyclones,ISU,https://a.espncdn.com/i/teamlogos/ncaa/500/66.png,822433,fdca2f,61
254000042,2005,3,2005-03-19,2005-03-19T20:00:00.000000-0500,2458,Kim Smith,254,Utes,Utah,Utah,,10,18,2,6,0,0,2,6,8,0,0,0,0,1,22,true,false,false,true,,K. Smith,,Not Available,NA,Utah Utes,s:40~l:54~t:254,utah-utes,https://a.espncdn.com/i/teamlogos/ncaa/500/254.png,UTAH,890012,7e8083,away,true,73,66,Cyclones,Iowa State,Iowa State Cyclones,ISU,https://a.espncdn.com/i/teamlogos/ncaa/500/66.png,822433,fdca2f,61
254000042,2005,3,2005-03-19,2005-03-19T20:00:00.000000-0500,2151,Lana Sitterud,254,Utes,Utah,Utah,,1,6,1,5,2,2,1,2,3,0,0,0,0,2,5,true,false,false,true,,L. Sitterud,,Not Available,NA,Utah Utes,s:40~l:54~t:254,utah-utes,https://a.espncdn.com/i/teamlogos/ncaa/500/254.png,UTAH,890012,7e8083,away,true,73,66,Cyclones,Iowa State,Iowa State Cyclones,ISU,https://a.espncdn.com/i/teamlogos/ncaa/500/66.png,822433,fdca2f,61
254000042,2005,3,2005-03-19,2005-03-19T20:00:00.000000-0500,2459,Julie Wood,254,Utes,Utah,Utah,,4,8,4,7,5,5,0,1,1,0,0,0,0,0,17,true,false,false,true,,J. Wood,,Not Available,NA,Utah Utes,s:40~l:54~t:254,utah-utes,https://a.espncdn.com/i/teamlogos/ncaa/500/254.png,UTAH,890012,7e8083,away,true,73,66,Cyclones,Iowa State,Iowa State Cyclones,ISU,https://a.espncdn.com/i/teamlogos/ncaa/500/66.png,822433,fdca2f,61
254000042,2005,3,2005-03-19,2005-03-19T20:00:00.000000-0500,2153,Shona Thorburn,254,Utes,Utah,Utah,,5,13,0,3,5,8,0,5,5,0,0,0,0,2,15,true,false,false,true,,S. Thorburn,,Not Available,NA,Utah Utes,s:40~l:54~t:254,utah-utes,https://a.espncdn.com/i/teamlogos/ncaa/500/254.png,UTAH,890012,7e8083,away,true,73,66,Cyclones,Iowa State,Iowa State Cyclones,ISU,https://a.espncdn.com/i/teamlogos/ncaa/500/66.png,822433,fdca2f,61
254000042,2005,3,2005-03-19,2005-03-19T20:00:00.000000-0500,4247,Megan Ronhovde,66,Cyclones,Iowa State,Iowa State,,3,6,2,5,0,0,1,4,5,0,0,0,0,1,8,true,false,false,true,,M. Ronhovde,,Not Available,NA,Iowa State Cyclones,s:40~l:54~t:66,iowa-state-cyclones,https://a.espncdn.com/i/teamlogos/ncaa/500/66.png,ISU,822433,fdca2f,home,false,61,254,Utes,Utah,Utah Utes,UTAH,https://a.espncdn.com/i/teamlogos/ncaa/500/254.png,890012,7e8083,73
254000042,2005,3,2005-03-19,2005-03-19T20:00:00.000000-0500,1305,Katie Robinette,66,Cyclones,Iowa State,Iowa State,,4,9,0,0,0,0,1,7,8,0,0,0,0,4,8,true,false,false,true,,K. Robinette,,Not Available,NA,Iowa State Cyclones,s:40~l:54~t:66,iowa-state-cyclones,https://a.espncdn.com/i/teamlogos/ncaa/500/66.png,ISU,822433,fdca2f,home,false,61,254,Utes,Utah,Utah Utes,UTAH,https://a.espncdn.com/i/teamlogos/ncaa/500/254.png,890012,7e8083,73
254000042,2005,3,2005-03-19,2005-03-19T20:00:00.000000-0500,899,Mary Fox,66,Cyclones,Iowa State,Iowa State,,2,6,1,4,0,0,1,1,2,0,0,0,0,4,5,true,false,false,true,,M. Fox,,Not Available,NA,Iowa State Cyclones,s:40~l:54~t:66,iowa-state-cyclones,https://a.espncdn.com/i/teamlogos/ncaa/500/66.png,ISU,822433,fdca2f,home,false,61,254,Utes,Utah,Utah Utes,UTAH,https://a.espncdn.com/i/teamlogos/ncaa/500/254.png,890012,7e8083,73
254000042,2005,3,2005-03-19,2005-03-19T20:00:00.000000-0500,4243,Lyndsey Medders,66,Cyclones,Iowa State,Iowa State,,4,10,3,7,1,2,0,5,5,0,0,0,0,1,12,true,false,false,true,,L. Medders,,Not Available,NA,Iowa State Cyclones,s:40~l:54~t:66,iowa-state-cyclones,https://a.espncdn.com/i/teamlogos/ncaa/500/66.png,ISU,822433,fdca2f,home,false,61,254,Utes,Utah,Utah Utes,UTAH,https://a.espncdn.com/i/teamlogos/ncaa/500/254.png,890012,7e8083,73
254000042,2005,3,2005-03-19,2005-03-19T20:00:00.000000-0500,2668,Anne O'Neil,66,Cyclones,Iowa State,Iowa State,,6,13,0,1,2,2,0,5,5,0,0,0,0,1,14,true,false,false,true,,A. O'Neil,,Not Available,NA,Iowa State Cyclones,s:40~l:54~t:66,iowa-state-cyclones,https://a.espncdn.com/i/teamlogos/ncaa/500/66.png,ISU,822433,fdca2f,home,false,61,254,Utes,Utah,Utah Utes,UTAH,https://a.espncdn.com/i/teamlogos/ncaa/500/254.png,890012,7e8083,73
254000036,2005,3,2005-03-19,2005-03-19T20:00:00.000000-0500,4984,Ali Mann,189,Falcons,Bowling Green,Bowling Green,,4,17,1,3,4,5,1,4,5,0,0,0,0,4,13,true,false,false,true,,A. Mann,,Not Available,NA,Bowling Green Falcons,s:40~l:54~t:189,bowling-green-falcons,https://a.espncdn.com/i/teamlogos/ncaa/500/189.png,BGSU,2b1000,492000,away,false,60,2306,Wildcats,Kansas State,Kansas State Wildcats,KSU,https://a.espncdn.com/i/teamlogos/ncaa/500/2306.png,633194,e7d2ad,70
254000036,2005,3,2005-03-19,2005-03-19T20:00:00.000000-0500,4983,Carin Horne,189,Falcons,Bowling Green,Bowling Green,,2,14,1,6,3,4,2,1,3,0,0,0,0,2,8,true,false,false,true,,C. Horne,,Not Available,NA,Bowling Green Falcons,s:40~l:54~t:189,bowling-green-falcons,https://a.espncdn.com/i/teamlogos/ncaa/500/189.png,BGSU,2b1000,492000,away,false,60,2306,Wildcats,Kansas State,Kansas State Wildcats,KSU,https://a.espncdn.com/i/teamlogos/ncaa/500/2306.png,633194,e7d2ad,70
254000036,2005,3,2005-03-19,2005-03-19T20:00:00.000000-0500,4982,Liz Honegger,189,Falcons,Bowling Green,Bowling Green,,5,17,3,9,2,4,7,7,14,0,0,0,0,3,15,true,false,false,true,,L. Honegger,,Not Available,NA,Bowling Green Falcons,s:40~l:54~t:189,bowling-green-falcons,https://a.espncdn.com/i/teamlogos/ncaa/500/189.png,BGSU,2b1000,492000,away,false,60,2306,Wildcats,Kansas State,Kansas State Wildcats,KSU,https://a.espncdn.com/i/teamlogos/ncaa/500/2306.png,633194,e7d2ad,70
254000036,2005,3,2005-03-19,2005-03-19T20:00:00.000000-0500,4985,Kate Achter,189,Falcons,Bowling Green,Bowling Green,,4,12,0,0,2,4,0,4,4,0,0,0,0,1,10,true,false,false,true,,K. Achter,,Not Available,NA,Bowling Green Falcons,s:40~l:54~t:189,bowling-green-falcons,https://a.espncdn.com/i/teamlogos/ncaa/500/189.png,BGSU,2b1000,492000,away,false,60,2306,Wildcats,Kansas State,Kansas State Wildcats,KSU,https://a.espncdn.com/i/teamlogos/ncaa/500/2306.png,633194,e7d2ad,70
254000036,2005,3,2005-03-19,2005-03-19T20:00:00.000000-0500,3360,Casey McDowell,189,Falcons,Bowling Green,Bowling Green,,4,7,0,2,0,1,0,1,1,0,0,0,0,0,8,true,false,false,true,,C. McDowell,,Not Available,NA,Bowling Green Falcons,s:40~l:54~t:189,bowling-green-falcons,https://a.espncdn.com/i/teamlogos/ncaa/500/189.png,BGSU,2b1000,492000,away,false,60,2306,Wildcats,Kansas State,Kansas State Wildcats,KSU,https://a.espncdn.com/i/teamlogos/ncaa/500/2306.png,633194,e7d2ad,70
254000036,2005,3,2005-03-19,2005-03-19T20:00:00.000000-0500,3740,Twiggy McIntyre,2306,Wildcats,Kansas State,Kansas St,,1,5,0,2,2,3,1,1,2,0,0,0,0,1,4,true,false,false,true,,T. McIntyre,,Not Available,NA,Kansas State Wildcats,s:40~l:54~t:2306,kansas-state-wildcats,https://a.espncdn.com/i/teamlogos/ncaa/500/2306.png,KSU,633194,e7d2ad,home,true,70,189,Falcons,Bowling Green,Bowling Green Falcons,BGSU,https://a.espncdn.com/i/teamlogos/ncaa/500/189.png,2b1000,492000,60
254000036,2005,3,2005-03-19,2005-03-19T20:00:00.000000-0500,4858,Shana Wheeler,2306,Wildcats,Kansas State,Kansas St,,3,5,0,0,0,0,2,5,7,0,0,0,0,1,6,true,false,false,true,,S. Wheeler,,Not Available,NA,Kansas State Wildcats,s:40~l:54~t:2306,kansas-state-wildcats,https://a.espncdn.com/i/teamlogos/ncaa/500/2306.png,KSU,633194,e7d2ad,home,true,70,189,Falcons,Bowling Green,Bowling Green Falcons,BGSU,https://a.espncdn.com/i/teamlogos/ncaa/500/189.png,2b1000,492000,60
254000036,2005,3,2005-03-19,2005-03-19T20:00:00.000000-0500,922,Kendra Wecker,2306,Wildcats,Kansas State,Kansas St,,6,14,1,1,12,12,2,10,12,0,0,0,0,4,25,true,false,false,true,,K. Wecker,,Not Available,NA,Kansas State Wildcats,s:40~l:54~t:2306,kansas-state-wildcats,https://a.espncdn.com/i/teamlogos/ncaa/500/2306.png,KSU,633194,e7d2ad,home,true,70,189,Falcons,Bowling Green,Bowling Green Falcons,BGSU,https://a.espncdn.com/i/teamlogos/ncaa/500/189.png,2b1000,492000,60
254000036,2005,3,2005-03-19,2005-03-19T20:00:00.000000-0500,3741,Claire Coggins,2306,Wildcats,Kansas State,Kansas St,,4,10,1,3,0,0,1,6,7,0,0,0,0,2,9,true,false,false,true,,C. Coggins,,Not Available,NA,Kansas State Wildcats,s:40~l:54~t:2306,kansas-state-wildcats,https://a.espncdn.com/i/teamlogos/ncaa/500/2306.png,KSU,633194,e7d2ad,home,true,70,189,Falcons,Bowling Green,Bowling Green Falcons,BGSU,https://a.espncdn.com/i/teamlogos/ncaa/500/189.png,2b1000,492000,60
254000036,2005,3,2005-03-19,2005-03-19T20:00:00.000000-0500,917,Laurie Koehn,2306,Wildcats,Kansas State,Kansas St,,8,19,6,13,0,0,2,2,4,0,0,0,0,3,22,true,false,false,true,,L. Koehn,,Not Available,NA,Kansas State Wildcats,s:40~l:54~t:2306,kansas-state-wildcats,https://a.espncdn.com/i/teamlogos/ncaa/500/2306.png,KSU,633194,e7d2ad,home,true,70,189,Falcons,Bowling Green,Bowling Green Falcons,BGSU,https://a.espncdn.com/i/teamlogos/ncaa/500/189.png,2b1000,492000,60
254000020,2005,3,2005-03-19,2005-03-19T21:30:00.000000-0500,4283,Tamesha Graves,250,Mavericks,UT Arlington,UT Arlington,,0,2,0,2,0,0,1,0,1,0,0,0,0,2,0,true,false,false,true,,T. Graves,,Not Available,NA,UT Arlington Mavericks,s:40~l:54~t:250,ut-arlington-mavericks,https://a.espncdn.com/i/teamlogos/ncaa/500/250.png,UTA,004b7c,f58024,away,false,49,2641,Lady Raiders,Texas Tech,Texas Tech Lady Raiders,TTU,https://a.espncdn.com/i/teamlogos/ncaa/500/2641.png,C80025,231f20,69
254000020,2005,3,2005-03-19,2005-03-19T21:30:00.000000-0500,4061,Ashley Bobb,250,Mavericks,UT Arlington,UT Arlington,,6,11,1,1,1,2,4,3,7,0,0,0,0,3,14,true,false,false,true,,A. Bobb,,Not Available,NA,UT Arlington Mavericks,s:40~l:54~t:250,ut-arlington-mavericks,https://a.espncdn.com/i/teamlogos/ncaa/500/250.png,UTA,004b7c,f58024,away,false,49,2641,Lady Raiders,Texas Tech,Texas Tech Lady Raiders,TTU,https://a.espncdn.com/i/teamlogos/ncaa/500/2641.png,C80025,231f20,69
254000020,2005,3,2005-03-19,2005-03-19T21:30:00.000000-0500,2055,Rola Ogunoye,250,Mavericks,UT Arlington,UT Arlington,,7,18,0,2,5,5,3,6,9,0,0,0,0,3,19,true,false,false,true,,R. Ogunoye,,Not Available,NA,UT Arlington Mavericks,s:40~l:54~t:250,ut-arlington-mavericks,https://a.espncdn.com/i/teamlogos/ncaa/500/250.png,UTA,004b7c,f58024,away,false,49,2641,Lady Raiders,Texas Tech,Texas Tech Lady Raiders,TTU,https://a.espncdn.com/i/teamlogos/ncaa/500/2641.png,C80025,231f20,69
254000020,2005,3,2005-03-19,2005-03-19T21:30:00.000000-0500,4284,Terra Wallace,250,Mavericks,UT Arlington,UT Arlington,,5,18,1,5,0,0,2,1,3,0,0,0,0,3,11,true,false,false,true,,T. Wallace,,Not Available,NA,UT Arlington Mavericks,s:40~l:54~t:250,ut-arlington-mavericks,https://a.espncdn.com/i/teamlogos/ncaa/500/250.png,UTA,004b7c,f58024,away,false,49,2641,Lady Raiders,Texas Tech,Texas Tech Lady Raiders,TTU,https://a.espncdn.com/i/teamlogos/ncaa/500/2641.png,C80025,231f20,69
254000020,2005,3,2005-03-19,2005-03-19T21:30:00.000000-0500,1217,Tabitha Wesley,250,Mavericks,UT Arlington,UT Arlington,,1,3,0,1,0,0,1,1,2,0,0,0,0,2,2,true,false,false,true,,T. Wesley,,Not Available,NA,UT Arlington Mavericks,s:40~l:54~t:250,ut-arlington-mavericks,https://a.espncdn.com/i/teamlogos/ncaa/500/250.png,UTA,004b7c,f58024,away,false,49,2641,Lady Raiders,Texas Tech,Texas Tech Lady Raiders,TTU,https://a.espncdn.com/i/teamlogos/ncaa/500/2641.png,C80025,231f20,69
254000020,2005,3,2005-03-19,2005-03-19T21:30:00.000000-0500,2067,Cisti Greenwalt,2641,Lady Raiders,Texas Tech,Texas Tech,,4,8,0,0,0,0,1,3,4,0,0,0,0,2,8,true,false,false,true,,C. Greenwalt,,Not Available,NA,Texas Tech Lady Raiders,s:40~l:54~t:2641,texas-tech-lady-raiders,https://a.espncdn.com/i/teamlogos/ncaa/500/2641.png,TTU,C80025,231f20,home,true,69,250,Mavericks,UT Arlington,UT Arlington Mavericks,UTA,https://a.espncdn.com/i/teamlogos/ncaa/500/250.png,004b7c,f58024,49
254000020,2005,3,2005-03-19,2005-03-19T21:30:00.000000-0500,3719,Alseha Robertson,2641,Lady Raiders,Texas Tech,Texas Tech,,4,8,1,1,1,1,1,4,5,0,0,0,0,1,10,true,false,false,true,,A. Robertson,,Not Available,NA,Texas Tech Lady Raiders,s:40~l:54~t:2641,texas-tech-lady-raiders,https://a.espncdn.com/i/teamlogos/ncaa/500/2641.png,TTU,C80025,231f20,home,true,69,250,Mavericks,UT Arlington,UT Arlington Mavericks,UTA,https://a.espncdn.com/i/teamlogos/ncaa/500/250.png,004b7c,f58024,49
254000020,2005,3,2005-03-19,2005-03-19T21:30:00.000000-0500,2422,LaToya Davis,2641,Lady Raiders,Texas Tech,Texas Tech,,11,14,0,0,4,7,7,5,12,0,0,0,0,3,26,true,false,false,true,,L. Davis,,Not Available,NA,Texas Tech Lady Raiders,s:40~l:54~t:2641,texas-tech-lady-raiders,https://a.espncdn.com/i/teamlogos/ncaa/500/2641.png,TTU,C80025,231f20,home,true,69,250,Mavericks,UT Arlington,UT Arlington Mavericks,UTA,https://a.espncdn.com/i/teamlogos/ncaa/500/250.png,004b7c,f58024,49
254000020,2005,3,2005-03-19,2005-03-19T21:30:00.000000-0500,2528,Chesley Dabbs,2641,Lady Raiders,Texas Tech,Texas Tech,,5,11,0,2,0,0,0,2,2,0,0,0,0,1,10,true,false,false,true,,C. Dabbs,,Not Available,NA,Texas Tech Lady Raiders,s:40~l:54~t:2641,texas-tech-lady-raiders,https://a.espncdn.com/i/teamlogos/ncaa/500/2641.png,TTU,C80025,231f20,home,true,69,250,Mavericks,UT Arlington,UT Arlington Mavericks,UTA,https://a.espncdn.com/i/teamlogos/ncaa/500/250.png,004b7c,f58024,49
254000020,2005,3,2005-03-19,2005-03-19T21:30:00.000000-0500,2423,Erin Grant,2641,Lady Raiders,Texas Tech,Texas Tech,,1,5,0,1,5,6,1,6,7,0,0,0,0,0,7,true,false,false,true,,E. Grant,,Not Available,NA,Texas Tech Lady Raiders,s:40~l:54~t:2641,texas-tech-lady-raiders,https://a.espncdn.com/i/teamlogos/ncaa/500/2641.png,TTU,C80025,231f20,home,true,69,250,Mavericks,UT Arlington,UT Arlington Mavericks,UTA,https://a.espncdn.com/i/teamlogos/ncaa/500/250.png,004b7c,f58024,49
254000009,2005,3,2005-03-19,2005-03-19T21:30:00.000000-0500,1885,Beth Swink,2598,Red Flash,St. Francis (PA),St Francis PA,,3,17,0,0,1,2,1,6,7,0,0,0,0,4,7,true,false,false,true,,B. Swink,,Not Available,NA,St. Francis (PA) Red Flash,s:40~l:54~t:2598,st-francis-pa-red-flash,https://a.espncdn.com/i/teamlogos/ncaa/500/2598.png,SFPA,a20012,,away,false,33,135,Golden Gophers,Minnesota,Minnesota Golden Gophers,MINN,https://a.espncdn.com/i/teamlogos/ncaa/500/135.png,981a31,981a31,64
254000009,2005,3,2005-03-19,2005-03-19T21:30:00.000000-0500,2863,Christin Black,2598,Red Flash,St. Francis (PA),St Francis PA,,4,9,1,3,4,5,0,2,2,0,0,0,0,3,13,true,false,false,true,,C. Black,,Not Available,NA,St. Francis (PA) Red Flash,s:40~l:54~t:2598,st-francis-pa-red-flash,https://a.espncdn.com/i/teamlogos/ncaa/500/2598.png,SFPA,a20012,,away,false,33,135,Golden Gophers,Minnesota,Minnesota Golden Gophers,MINN,https://a.espncdn.com/i/teamlogos/ncaa/500/135.png,981a31,981a31,64
254000009,2005,3,2005-03-19,2005-03-19T21:30:00.000000-0500,1883,Regina Schlichter,2598,Red Flash,St. Francis (PA),St Francis PA,,0,3,0,0,0,0,1,0,1,0,0,0,0,2,0,true,false,false,true,,R. Schlichter,,Not Available,NA,St. Francis (PA) Red Flash,s:40~l:54~t:2598,st-francis-pa-red-flash,https://a.espncdn.com/i/teamlogos/ncaa/500/2598.png,SFPA,a20012,,away,false,33,135,Golden Gophers,Minnesota,Minnesota Golden Gophers,MINN,https://a.espncdn.com/i/teamlogos/ncaa/500/135.png,981a31,981a31,64
254000009,2005,3,2005-03-19,2005-03-19T21:30:00.000000-0500,4992,Amber Hein,2598,Red Flash,St. Francis (PA),St Francis PA,,2,3,1,1,1,2,0,3,3,0,0,0,0,1,6,true,false,false,true,,A. Hein,,Not Available,NA,St. Francis (PA) Red Flash,s:40~l:54~t:2598,st-francis-pa-red-flash,https://a.espncdn.com/i/teamlogos/ncaa/500/2598.png,SFPA,a20012,,away,false,33,135,Golden Gophers,Minnesota,Minnesota Golden Gophers,MINN,https://a.espncdn.com/i/teamlogos/ncaa/500/135.png,981a31,981a31,64
254000009,2005,3,2005-03-19,2005-03-19T21:30:00.000000-0500,3912,Sarah Bolten,2598,Red Flash,St. Francis (PA),St Francis PA,,0,6,0,4,3,4,0,4,4,0,0,0,0,0,3,true,false,false,true,,S. Bolten,,Not Available,NA,St. Francis (PA) Red Flash,s:40~l:54~t:2598,st-francis-pa-red-flash,https://a.espncdn.com/i/teamlogos/ncaa/500/2598.png,SFPA,a20012,,away,false,33,135,Golden Gophers,Minnesota,Minnesota Golden Gophers,MINN,https://a.espncdn.com/i/teamlogos/ncaa/500/135.png,981a31,981a31,64
254000009,2005,3,2005-03-19,2005-03-19T21:30:00.000000-0500,1181,Janel McCarville,135,Golden Gophers,Minnesota,Minnesota,,6,8,0,0,0,0,2,13,15,0,0,0,0,2,12,true,false,false,true,,J. McCarville,,Not Available,NA,Minnesota Golden Gophers,s:40~l:54~t:135,minnesota-golden-gophers,https://a.espncdn.com/i/teamlogos/ncaa/500/135.png,MINN,981a31,981a31,home,true,64,2598,Red Flash,St. Francis (PA),St. Francis (PA) Red Flash,SFPA,https://a.espncdn.com/i/teamlogos/ncaa/500/2598.png,a20012,,33
254000009,2005,3,2005-03-19,2005-03-19T21:30:00.000000-0500,3751,Jaime Broback,135,Golden Gophers,Minnesota,Minnesota,,7,10,0,1,3,3,2,3,5,0,0,0,0,3,17,true,false,false,true,,J. Broback,,Not Available,NA,Minnesota Golden Gophers,s:40~l:54~t:135,minnesota-golden-gophers,https://a.espncdn.com/i/teamlogos/ncaa/500/135.png,MINN,981a31,981a31,home,true,64,2598,Red Flash,St. Francis (PA),St. Francis (PA) Red Flash,SFPA,https://a.espncdn.com/i/teamlogos/ncaa/500/2598.png,a20012,,33
254000009,2005,3,2005-03-19,2005-03-19T21:30:00.000000-0500,2656,Shannon Bolden,135,Golden Gophers,Minnesota,Minnesota,,1,7,0,3,0,0,2,0,2,0,0,0,0,2,2,true,false,false,true,,S. Bolden,,Not Available,NA,Minnesota Golden Gophers,s:40~l:54~t:135,minnesota-golden-gophers,https://a.espncdn.com/i/teamlogos/ncaa/500/135.png,MINN,981a31,981a31,home,true,64,2598,Red Flash,St. Francis (PA),St. Francis (PA) Red Flash,SFPA,https://a.espncdn.com/i/teamlogos/ncaa/500/2598.png,a20012,,33
254000009,2005,3,2005-03-19,2005-03-19T21:30:00.000000-0500,2655,Shannon Schonrock,135,Golden Gophers,Minnesota,Minnesota,,2,6,2,5,0,0,0,0,0,0,0,0,0,0,6,true,false,false,true,,S. Schonrock,,Not Available,NA,Minnesota Golden Gophers,s:40~l:54~t:135,minnesota-golden-gophers,https://a.espncdn.com/i/teamlogos/ncaa/500/135.png,MINN,981a31,981a31,home,true,64,2598,Red Flash,St. Francis (PA),St. Francis (PA) Red Flash,SFPA,https://a.espncdn.com/i/teamlogos/ncaa/500/2598.png,a20012,,33
254000009,2005,3,2005-03-19,2005-03-19T21:30:00.000000-0500,888,April Calhoun,135,Golden Gophers,Minnesota,Minnesota,,3,6,0,0,0,0,0,6,6,0,0,0,0,3,6,true,false,false,true,,A. Calhoun,,Not Available,NA,Minnesota Golden Gophers,s:40~l:54~t:135,minnesota-golden-gophers,https://a.espncdn.com/i/teamlogos/ncaa/500/135.png,MINN,981a31,981a31,home,true,64,2598,Red Flash,St. Francis (PA),St. Francis (PA) Red Flash,SFPA,https://a.espncdn.com/i/teamlogos/ncaa/500/2598.png,a20012,,33
254000035,2005,3,2005-03-19,2005-03-19T22:30:00.000000-0500,4270,Hollie Tyler,149,Lady Griz,Montana,Montana,,3,13,0,1,0,0,1,4,5,0,0,0,0,1,6,true,false,false,true,,H. Tyler,,Not Available,NA,Montana Lady Griz,s:40~l:54~t:149,montana-lady-griz,https://a.espncdn.com/i/teamlogos/ncaa/500/149.png,MONT,751D4A,666666,away,false,44,238,Commodores,Vanderbilt,Vanderbilt Commodores,VAN,https://a.espncdn.com/i/teamlogos/ncaa/500/238.png,000000,231f20,67
254000035,2005,3,2005-03-19,2005-03-19T22:30:00.000000-0500,4267,Jody McLeod,149,Lady Griz,Montana,Montana,,1,2,0,0,0,0,0,3,3,0,0,0,0,2,2,true,false,false,true,,J. McLeod,,Not Available,NA,Montana Lady Griz,s:40~l:54~t:149,montana-lady-griz,https://a.espncdn.com/i/teamlogos/ncaa/500/149.png,MONT,751D4A,666666,away,false,44,238,Commodores,Vanderbilt,Vanderbilt Commodores,VAN,https://a.espncdn.com/i/teamlogos/ncaa/500/238.png,000000,231f20,67
254000035,2005,3,2005-03-19,2005-03-19T22:30:00.000000-0500,4265,Juliann Keller,149,Lady Griz,Montana,Montana,,0,1,0,1,0,0,1,1,2,0,0,0,0,3,0,true,false,false,true,,J. Keller,,Not Available,NA,Montana Lady Griz,s:40~l:54~t:149,montana-lady-griz,https://a.espncdn.com/i/teamlogos/ncaa/500/149.png,MONT,751D4A,666666,away,false,44,238,Commodores,Vanderbilt,Vanderbilt Commodores,VAN,https://a.espncdn.com/i/teamlogos/ncaa/500/238.png,000000,231f20,67
254000035,2005,3,2005-03-19,2005-03-19T22:30:00.000000-0500,4268,Lynsey Monaco,149,Lady Griz,Montana,Montana,,4,5,2,2,0,0,0,3,3,0,0,0,0,2,10,true,false,false,true,,L. Monaco,,Not Available,NA,Montana Lady Griz,s:40~l:54~t:149,montana-lady-griz,https://a.espncdn.com/i/teamlogos/ncaa/500/149.png,MONT,751D4A,666666,away,false,44,238,Commodores,Vanderbilt,Vanderbilt Commodores,VAN,https://a.espncdn.com/i/teamlogos/ncaa/500/238.png,000000,231f20,67
254000035,2005,3,2005-03-19,2005-03-19T22:30:00.000000-0500,4262,Katie Edwards,149,Lady Griz,Montana,Montana,,4,6,1,3,0,0,0,0,0,0,0,0,0,1,9,true,false,false,true,,K. Edwards,,Not Available,NA,Montana Lady Griz,s:40~l:54~t:149,montana-lady-griz,https://a.espncdn.com/i/teamlogos/ncaa/500/149.png,MONT,751D4A,666666,away,false,44,238,Commodores,Vanderbilt,Vanderbilt Commodores,VAN,https://a.espncdn.com/i/teamlogos/ncaa/500/238.png,000000,231f20,67
254000035,2005,3,2005-03-19,2005-03-19T22:30:00.000000-0500,3776,Carla Thomas,238,Commodores,Vanderbilt,Vanderbilt,,3,12,0,0,3,3,1,7,8,0,0,0,0,1,9,true,false,false,true,,C. Thomas,,Not Available,NA,Vanderbilt Commodores,s:40~l:54~t:238,vanderbilt-commodores,https://a.espncdn.com/i/teamlogos/ncaa/500/238.png,VAN,000000,231f20,home,true,67,149,Lady Griz,Montana,Montana Lady Griz,MONT,https://a.espncdn.com/i/teamlogos/ncaa/500/149.png,751D4A,666666,44
254000035,2005,3,2005-03-19,2005-03-19T22:30:00.000000-0500,2172,Ashley Earley,238,Commodores,Vanderbilt,Vanderbilt,,8,14,0,0,3,5,2,2,4,0,0,0,0,2,19,true,false,false,true,,A. Earley,,Not Available,NA,Vanderbilt Commodores,s:40~l:54~t:238,vanderbilt-commodores,https://a.espncdn.com/i/teamlogos/ncaa/500/238.png,VAN,000000,231f20,home,true,67,149,Lady Griz,Montana,Montana Lady Griz,MONT,https://a.espncdn.com/i/teamlogos/ncaa/500/149.png,751D4A,666666,44
254000035,2005,3,2005-03-19,2005-03-19T22:30:00.000000-0500,3778,Dee Davis,238,Commodores,Vanderbilt,Vanderbilt,,2,7,0,1,4,4,0,0,0,0,0,0,0,1,8,true,false,false,true,,D. Davis,,Not Available,NA,Vanderbilt Commodores,s:40~l:54~t:238,vanderbilt-commodores,https://a.espncdn.com/i/teamlogos/ncaa/500/238.png,VAN,000000,231f20,home,true,67,149,Lady Griz,Montana,Montana Lady Griz,MONT,https://a.espncdn.com/i/teamlogos/ncaa/500/149.png,751D4A,666666,44
254000035,2005,3,2005-03-19,2005-03-19T22:30:00.000000-0500,3775,Caroline Williams,238,Commodores,Vanderbilt,Vanderbilt,,3,6,1,3,0,0,0,2,2,0,0,0,0,2,7,true,false,false,true,,C. Williams,,Not Available,NA,Vanderbilt Commodores,s:40~l:54~t:238,vanderbilt-commodores,https://a.espncdn.com/i/teamlogos/ncaa/500/238.png,VAN,000000,231f20,home,true,67,149,Lady Griz,Montana,Montana Lady Griz,MONT,https://a.espncdn.com/i/teamlogos/ncaa/500/149.png,751D4A,666666,44
254000035,2005,3,2005-03-19,2005-03-19T22:30:00.000000-0500,2177,Abi Ramsey,238,Commodores,Vanderbilt,Vanderbilt,,5,10,3,4,0,0,1,5,6,0,0,0,0,1,13,true,false,false,true,,A. Ramsey,,Not Available,NA,Vanderbilt Commodores,s:40~l:54~t:238,vanderbilt-commodores,https://a.espncdn.com/i/teamlogos/ncaa/500/238.png,VAN,000000,231f20,home,true,67,149,Lady Griz,Montana,Montana Lady Griz,MONT,https://a.espncdn.com/i/teamlogos/ncaa/500/149.png,751D4A,666666,44
250710239,2005,2,2005-03-12,2005-03-12T19:00:00.000000-0500,4858,Shana Wheeler,2306,Wildcats,Kansas State,Kansas St,,0,2,0,0,0,0,0,2,2,0,0,0,0,2,0,true,false,false,true,,S. Wheeler,,Not Available,NA,Kansas State Wildcats,s:40~l:54~t:2306,kansas-state-wildcats,https://a.espncdn.com/i/teamlogos/ncaa/500/2306.png,KSU,633194,e7d2ad,away,false,55,239,Bears,Baylor,Baylor Bears,BAY,https://a.espncdn.com/i/teamlogos/ncaa/500/239.png,154734,ffb81c,68
250710239,2005,2,2005-03-12,2005-03-12T19:00:00.000000-0500,922,Kendra Wecker,2306,Wildcats,Kansas State,Kansas St,,5,15,1,5,3,4,3,13,16,0,0,0,0,3,14,true,false,false,true,,K. Wecker,,Not Available,NA,Kansas State Wildcats,s:40~l:54~t:2306,kansas-state-wildcats,https://a.espncdn.com/i/teamlogos/ncaa/500/2306.png,KSU,633194,e7d2ad,away,false,55,239,Bears,Baylor,Baylor Bears,BAY,https://a.espncdn.com/i/teamlogos/ncaa/500/239.png,154734,ffb81c,68
250710239,2005,2,2005-03-12,2005-03-12T19:00:00.000000-0500,919,Megan Mahoney,2306,Wildcats,Kansas State,Kansas St,,6,9,1,3,4,8,1,2,3,0,0,0,0,2,17,true,false,false,true,,M. Mahoney,,Not Available,NA,Kansas State Wildcats,s:40~l:54~t:2306,kansas-state-wildcats,https://a.espncdn.com/i/teamlogos/ncaa/500/2306.png,KSU,633194,e7d2ad,away,false,55,239,Bears,Baylor,Baylor Bears,BAY,https://a.espncdn.com/i/teamlogos/ncaa/500/239.png,154734,ffb81c,68
250710239,2005,2,2005-03-12,2005-03-12T19:00:00.000000-0500,3741,Claire Coggins,2306,Wildcats,Kansas State,Kansas St,,2,5,0,1,0,0,1,2,3,0,0,0,0,2,4,true,false,false,true,,C. Coggins,,Not Available,NA,Kansas State Wildcats,s:40~l:54~t:2306,kansas-state-wildcats,https://a.espncdn.com/i/teamlogos/ncaa/500/2306.png,KSU,633194,e7d2ad,away,false,55,239,Bears,Baylor,Baylor Bears,BAY,https://a.espncdn.com/i/teamlogos/ncaa/500/239.png,154734,ffb81c,68
250710239,2005,2,2005-03-12,2005-03-12T19:00:00.000000-0500,917,Laurie Koehn,2306,Wildcats,Kansas State,Kansas St,,3,10,3,9,2,2,0,1,1,0,0,0,0,2,11,true,false,false,true,,L. Koehn,,Not Available,NA,Kansas State Wildcats,s:40~l:54~t:2306,kansas-state-wildcats,https://a.espncdn.com/i/teamlogos/ncaa/500/2306.png,KSU,633194,e7d2ad,away,false,55,239,Bears,Baylor,Baylor Bears,BAY,https://a.espncdn.com/i/teamlogos/ncaa/500/239.png,154734,ffb81c,68
250710239,2005,2,2005-03-12,2005-03-12T19:00:00.000000-0500,2719,Abiola Wabara,239,Bears,Baylor,Baylor,,1,3,0,0,0,0,0,0,0,0,0,0,0,2,2,true,false,false,true,,A. Wabara,,Not Available,NA,Baylor Bears,s:40~l:54~t:239,baylor-bears,https://a.espncdn.com/i/teamlogos/ncaa/500/239.png,BAY,154734,ffb81c,home,true,68,2306,Wildcats,Kansas State,Kansas State Wildcats,KSU,https://a.espncdn.com/i/teamlogos/ncaa/500/2306.png,633194,e7d2ad,55
250710239,2005,2,2005-03-12,2005-03-12T19:00:00.000000-0500,2428,Sophia Young-Malcolm,239,Bears,Baylor,Baylor,,8,16,0,0,2,5,1,7,8,0,0,0,0,4,18,true,false,false,true,,S. Young-Malcolm,,Not Available,NA,Baylor Bears,s:40~l:54~t:239,baylor-bears,https://a.espncdn.com/i/teamlogos/ncaa/500/239.png,BAY,154734,ffb81c,home,true,68,2306,Wildcats,Kansas State,Kansas State Wildcats,KSU,https://a.espncdn.com/i/teamlogos/ncaa/500/2306.png,633194,e7d2ad,55
250710239,2005,2,2005-03-12,2005-03-12T19:00:00.000000-0500,2427,Chameka Scott,239,Bears,Baylor,Baylor,,4,8,3,6,1,4,2,3,5,0,0,0,0,1,12,true,false,false,true,,C. Scott,,Not Available,NA,Baylor Bears,s:40~l:54~t:239,baylor-bears,https://a.espncdn.com/i/teamlogos/ncaa/500/239.png,BAY,154734,ffb81c,home,true,68,2306,Wildcats,Kansas State,Kansas State Wildcats,KSU,https://a.espncdn.com/i/teamlogos/ncaa/500/2306.png,633194,e7d2ad,55
250710239,2005,2,2005-03-12,2005-03-12T19:00:00.000000-0500,124,Chelsea Whitaker,239,Bears,Baylor,Baylor,,3,5,0,0,4,5,0,3,3,0,0,0,0,2,10,true,false,false,true,,C. Whitaker,,Not Available,NA,Baylor Bears,s:40~l:54~t:239,baylor-bears,https://a.espncdn.com/i/teamlogos/ncaa/500/239.png,BAY,154734,ffb81c,home,true,68,2306,Wildcats,Kansas State,Kansas State Wildcats,KSU,https://a.espncdn.com/i/teamlogos/ncaa/500/2306.png,633194,e7d2ad,55
250710239,2005,2,2005-03-12,2005-03-12T19:00:00.000000-0500,123,Tiffanie Blackmon,239,Bears,Baylor,Baylor,,,,,,,,,,,,,,,,,true,false,true,true,,T. Blackmon,,Not Available,NA,Baylor Bears,s:40~l:54~t:239,baylor-bears,https://a.espncdn.com/i/teamlogos/ncaa/500/239.png,BAY,154734,ffb81c,home,true,68,2306,Wildcats,Kansas State,Kansas State Wildcats,KSU,https://a.espncdn.com/i/teamlogos/ncaa/500/2306.png,633194,e7d2ad,55
250690239,2005,2,2005-03-10,2005-03-10T19:00:00.000000-0500,2067,Cisti Greenwalt,2641,Lady Raiders,Texas Tech,Texas Tech,,1,4,0,0,1,2,2,1,3,0,0,0,0,5,3,true,false,false,true,,C. Greenwalt,,Not Available,NA,Texas Tech Lady Raiders,s:40~l:54~t:2641,texas-tech-lady-raiders,https://a.espncdn.com/i/teamlogos/ncaa/500/2641.png,TTU,C80025,231f20,away,false,57,239,Bears,Baylor,Baylor Bears,BAY,https://a.espncdn.com/i/teamlogos/ncaa/500/239.png,154734,ffb81c,58
250690239,2005,2,2005-03-10,2005-03-10T19:00:00.000000-0500,3719,Alseha Robertson,2641,Lady Raiders,Texas Tech,Texas Tech,,4,13,0,4,0,0,2,2,4,0,0,0,0,1,8,true,false,false,true,,A. Robertson,,Not Available,NA,Texas Tech Lady Raiders,s:40~l:54~t:2641,texas-tech-lady-raiders,https://a.espncdn.com/i/teamlogos/ncaa/500/2641.png,TTU,C80025,231f20,away,false,57,239,Bears,Baylor,Baylor Bears,BAY,https://a.espncdn.com/i/teamlogos/ncaa/500/239.png,154734,ffb81c,58
250690239,2005,2,2005-03-10,2005-03-10T19:00:00.000000-0500,2422,LaToya Davis,2641,Lady Raiders,Texas Tech,Texas Tech,,7,12,0,0,4,4,2,4,6,0,0,0,0,5,18,true,false,false,true,,L. Davis,,Not Available,NA,Texas Tech Lady Raiders,s:40~l:54~t:2641,texas-tech-lady-raiders,https://a.espncdn.com/i/teamlogos/ncaa/500/2641.png,TTU,C80025,231f20,away,false,57,239,Bears,Baylor,Baylor Bears,BAY,https://a.espncdn.com/i/teamlogos/ncaa/500/239.png,154734,ffb81c,58
250690239,2005,2,2005-03-10,2005-03-10T19:00:00.000000-0500,2528,Chesley Dabbs,2641,Lady Raiders,Texas Tech,Texas Tech,,5,12,0,0,0,0,2,8,10,0,0,0,0,1,10,true,false,false,true,,C. Dabbs,,Not Available,NA,Texas Tech Lady Raiders,s:40~l:54~t:2641,texas-tech-lady-raiders,https://a.espncdn.com/i/teamlogos/ncaa/500/2641.png,TTU,C80025,231f20,away,false,57,239,Bears,Baylor,Baylor Bears,BAY,https://a.espncdn.com/i/teamlogos/ncaa/500/239.png,154734,ffb81c,58
250690239,2005,2,2005-03-10,2005-03-10T19:00:00.000000-0500,2423,Erin Grant,2641,Lady Raiders,Texas Tech,Texas Tech,,2,6,1,1,0,0,0,2,2,0,0,0,0,0,5,true,false,false,true,,E. Grant,,Not Available,NA,Texas Tech Lady Raiders,s:40~l:54~t:2641,texas-tech-lady-raiders,https://a.espncdn.com/i/teamlogos/ncaa/500/2641.png,TTU,C80025,231f20,away,false,57,239,Bears,Baylor,Baylor Bears,BAY,https://a.espncdn.com/i/teamlogos/ncaa/500/239.png,154734,ffb81c,58
250690239,2005,2,2005-03-10,2005-03-10T19:00:00.000000-0500,121,Steffanie Blackmon,239,Bears,Baylor,Baylor,,7,14,0,0,1,2,2,4,6,0,0,0,0,3,15,true,false,false,true,,S. Blackmon,,Not Available,NA,Baylor Bears,s:40~l:54~t:239,baylor-bears,https://a.espncdn.com/i/teamlogos/ncaa/500/239.png,BAY,154734,ffb81c,home,true,58,2641,Lady Raiders,Texas Tech,Texas Tech Lady Raiders,TTU,https://a.espncdn.com/i/teamlogos/ncaa/500/2641.png,C80025,231f20,57
250690239,2005,2,2005-03-10,2005-03-10T19:00:00.000000-0500,2719,Abiola Wabara,239,Bears,Baylor,Baylor,,2,11,0,0,1,3,5,2,7,0,0,0,0,3,5,true,false,false,true,,A. Wabara,,Not Available,NA,Baylor Bears,s:40~l:54~t:239,baylor-bears,https://a.espncdn.com/i/teamlogos/ncaa/500/239.png,BAY,154734,ffb81c,home,true,58,2641,Lady Raiders,Texas Tech,Texas Tech Lady Raiders,TTU,https://a.espncdn.com/i/teamlogos/ncaa/500/2641.png,C80025,231f20,57
250690239,2005,2,2005-03-10,2005-03-10T19:00:00.000000-0500,2428,Sophia Young-Malcolm,239,Bears,Baylor,Baylor,,4,10,0,0,10,12,2,6,8,0,0,0,0,2,18,true,false,false,true,,S. Young-Malcolm,,Not Available,NA,Baylor Bears,s:40~l:54~t:239,baylor-bears,https://a.espncdn.com/i/teamlogos/ncaa/500/239.png,BAY,154734,ffb81c,home,true,58,2641,Lady Raiders,Texas Tech,Texas Tech Lady Raiders,TTU,https://a.espncdn.com/i/teamlogos/ncaa/500/2641.png,C80025,231f20,57
250690239,2005,2,2005-03-10,2005-03-10T19:00:00.000000-0500,2427,Chameka Scott,239,Bears,Baylor,Baylor,,1,6,0,1,0,0,0,2,2,0,0,0,0,3,2,true,false,false,true,,C. Scott,,Not Available,NA,Baylor Bears,s:40~l:54~t:239,baylor-bears,https://a.espncdn.com/i/teamlogos/ncaa/500/239.png,BAY,154734,ffb81c,home,true,58,2641,Lady Raiders,Texas Tech,Texas Tech Lady Raiders,TTU,https://a.espncdn.com/i/teamlogos/ncaa/500/2641.png,C80025,231f20,57
250690239,2005,2,2005-03-10,2005-03-10T19:00:00.000000-0500,124,Chelsea Whitaker,239,Bears,Baylor,Baylor,,6,10,0,0,0,0,1,3,4,0,0,0,0,0,12,true,false,false,true,,C. Whitaker,,Not Available,NA,Baylor Bears,s:40~l:54~t:239,baylor-bears,https://a.espncdn.com/i/teamlogos/ncaa/500/239.png,BAY,154734,ffb81c,home,true,58,2641,Lady Raiders,Texas Tech,Texas Tech Lady Raiders,TTU,https://a.espncdn.com/i/teamlogos/ncaa/500/2641.png,C80025,231f20,57
250690251,2005,2,2005-03-10,2005-03-10T21:30:00.000000-0500,4858,Shana Wheeler,2306,Wildcats,Kansas State,Kansas St,,0,0,0,0,0,0,0,0,0,0,0,0,0,1,0,true,false,false,true,,S. Wheeler,,Not Available,NA,Kansas State Wildcats,s:40~l:54~t:2306,kansas-state-wildcats,https://a.espncdn.com/i/teamlogos/ncaa/500/2306.png,KSU,633194,e7d2ad,away,true,72,251,Longhorns,Texas,Texas Longhorns,TEX,https://a.espncdn.com/i/teamlogos/ncaa/500/251.png,c15d26,ffffff,69
250690251,2005,2,2005-03-10,2005-03-10T21:30:00.000000-0500,922,Kendra Wecker,2306,Wildcats,Kansas State,Kansas St,,6,16,1,4,4,5,1,6,7,0,0,0,0,3,17,true,false,false,true,,K. Wecker,,Not Available,NA,Kansas State Wildcats,s:40~l:54~t:2306,kansas-state-wildcats,https://a.espncdn.com/i/teamlogos/ncaa/500/2306.png,KSU,633194,e7d2ad,away,true,72,251,Longhorns,Texas,Texas Longhorns,TEX,https://a.espncdn.com/i/teamlogos/ncaa/500/251.png,c15d26,ffffff,69
250690251,2005,2,2005-03-10,2005-03-10T21:30:00.000000-0500,3741,Claire Coggins,2306,Wildcats,Kansas State,Kansas St,,3,8,2,5,0,0,0,4,4,0,0,0,0,2,8,true,false,false,true,,C. Coggins,,Not Available,NA,Kansas State Wildcats,s:40~l:54~t:2306,kansas-state-wildcats,https://a.espncdn.com/i/teamlogos/ncaa/500/2306.png,KSU,633194,e7d2ad,away,true,72,251,Longhorns,Texas,Texas Longhorns,TEX,https://a.espncdn.com/i/teamlogos/ncaa/500/251.png,c15d26,ffffff,69
250690251,2005,2,2005-03-10,2005-03-10T21:30:00.000000-0500,919,Megan Mahoney,2306,Wildcats,Kansas State,Kansas St,,4,8,1,1,2,2,2,3,5,0,0,0,0,1,11,true,false,false,true,,M. Mahoney,,Not Available,NA,Kansas State Wildcats,s:40~l:54~t:2306,kansas-state-wildcats,https://a.espncdn.com/i/teamlogos/ncaa/500/2306.png,KSU,633194,e7d2ad,away,true,72,251,Longhorns,Texas,Texas Longhorns,TEX,https://a.espncdn.com/i/teamlogos/ncaa/500/251.png,c15d26,ffffff,69
250690251,2005,2,2005-03-10,2005-03-10T21:30:00.000000-0500,917,Laurie Koehn,2306,Wildcats,Kansas State,Kansas St,,1,3,0,0,1,2,0,2,2,0,0,0,0,1,3,true,false,false,true,,L. Koehn,,Not Available,NA,Kansas State Wildcats,s:40~l:54~t:2306,kansas-state-wildcats,https://a.espncdn.com/i/teamlogos/ncaa/500/2306.png,KSU,633194,e7d2ad,away,true,72,251,Longhorns,Texas,Texas Longhorns,TEX,https://a.espncdn.com/i/teamlogos/ncaa/500/251.png,c15d26,ffffff,69
250690251,2005,2,2005-03-10,2005-03-10T21:30:00.000000-0500,3710,Tiffany Jackson-Jones,251,Longhorns,Texas,Texas,,9,21,0,0,6,6,3,5,8,0,0,0,0,1,24,true,false,false,true,,T. Jackson-Jones,,Not Available,NA,Texas Longhorns,s:40~l:54~t:251,texas-longhorns,https://a.espncdn.com/i/teamlogos/ncaa/500/251.png,TEX,c15d26,ffffff,home,false,69,2306,Wildcats,Kansas State,Kansas State Wildcats,KSU,https://a.espncdn.com/i/teamlogos/ncaa/500/2306.png,633194,e7d2ad,72
250690251,2005,2,2005-03-10,2005-03-10T21:30:00.000000-0500,2039,Heather Schreiber,251,Longhorns,Texas,Texas,,3,8,2,2,1,2,3,7,10,0,0,0,0,2,9,true,false,false,true,,H. Schreiber,,Not Available,NA,Texas Longhorns,s:40~l:54~t:251,texas-longhorns,https://a.espncdn.com/i/teamlogos/ncaa/500/251.png,TEX,c15d26,ffffff,home,false,69,2306,Wildcats,Kansas State,Kansas State Wildcats,KSU,https://a.espncdn.com/i/teamlogos/ncaa/500/2306.png,633194,e7d2ad,72
250690251,2005,2,2005-03-10,2005-03-10T21:30:00.000000-0500,2646,Jamie Carey,251,Longhorns,Texas,Texas,,6,13,4,7,3,4,0,0,0,0,0,0,0,2,19,true,false,false,true,,J. Carey,,Not Available,NA,Texas Longhorns,s:40~l:54~t:251,texas-longhorns,https://a.espncdn.com/i/teamlogos/ncaa/500/251.png,TEX,c15d26,ffffff,home,false,69,2306,Wildcats,Kansas State,Kansas State Wildcats,KSU,https://a.espncdn.com/i/teamlogos/ncaa/500/2306.png,633194,e7d2ad,72
250690251,2005,2,2005-03-10,2005-03-10T21:30:00.000000-0500,2038,Coco Reed,251,Longhorns,Texas,Texas,,2,7,0,0,0,0,2,3,5,0,0,0,0,0,4,true,false,false,true,,C. Reed,,Not Available,NA,Texas Longhorns,s:40~l:54~t:251,texas-longhorns,https://a.espncdn.com/i/teamlogos/ncaa/500/251.png,TEX,c15d26,ffffff,home,false,69,2306,Wildcats,Kansas State,Kansas State Wildcats,KSU,https://a.espncdn.com/i/teamlogos/ncaa/500/2306.png,633194,e7d2ad,72
250690251,2005,2,2005-03-10,2005-03-10T21:30:00.000000-0500,2036,Kala Bowers,251,Longhorns,Texas,Texas,,1,7,0,0,3,4,1,4,5,0,0,0,0,3,5,true,false,false,true,,K. Bowers,,Not Available,NA,Texas Longhorns,s:40~l:54~t:251,texas-longhorns,https://a.espncdn.com/i/teamlogos/ncaa/500/251.png,TEX,c15d26,ffffff,home,false,69,2306,Wildcats,Kansas State,Kansas State Wildcats,KSU,https://a.espncdn.com/i/teamlogos/ncaa/500/2306.png,633194,e7d2ad,72
250670164,2005,2,2005-03-08,2005-03-08T19:00:00.000000-0500,316,Jessica Moore,41,Huskies,UConn,UConn,,3,5,0,1,6,8,2,4,6,0,0,0,0,3,12,true,false,false,true,,J. Moore,,Not Available,NA,UConn Huskies,s:40~l:54~t:41,uconn-huskies,https://a.espncdn.com/i/teamlogos/ncaa/500/41.png,CONN,0c2340,f1f2f3,away,true,67,164,Scarlet Knights,Rutgers,Rutgers Scarlet Knights,RUTG,https://a.espncdn.com/i/teamlogos/ncaa/500/164.png,d21034,ffffff,51
250670164,2005,2,2005-03-08,2005-03-08T19:00:00.000000-0500,2409,Barbara Turner,41,Huskies,UConn,UConn,,5,7,0,0,3,4,2,3,5,0,0,0,0,2,13,true,false,false,true,,B. Turner,,Not Available,NA,UConn Huskies,s:40~l:54~t:41,uconn-huskies,https://a.espncdn.com/i/teamlogos/ncaa/500/41.png,CONN,0c2340,f1f2f3,away,true,67,164,Scarlet Knights,Rutgers,Rutgers Scarlet Knights,RUTG,https://a.espncdn.com/i/teamlogos/ncaa/500/164.png,d21034,ffffff,51
250670164,2005,2,2005-03-08,2005-03-08T19:00:00.000000-0500,2637,Ann Strother,41,Huskies,UConn,UConn,,5,10,3,7,7,8,2,2,4,0,0,0,0,2,20,true,false,false,true,,A. Strother,,Not Available,NA,UConn Huskies,s:40~l:54~t:41,uconn-huskies,https://a.espncdn.com/i/teamlogos/ncaa/500/41.png,CONN,0c2340,f1f2f3,away,true,67,164,Scarlet Knights,Rutgers,Rutgers Scarlet Knights,RUTG,https://a.espncdn.com/i/teamlogos/ncaa/500/164.png,d21034,ffffff,51
250670164,2005,2,2005-03-08,2005-03-08T19:00:00.000000-0500,2410,Nicole Wolff,41,Huskies,UConn,UConn,,1,3,0,0,1,2,0,5,5,0,0,0,0,4,3,true,false,false,true,,N. Wolff,,Not Available,NA,UConn Huskies,s:40~l:54~t:41,uconn-huskies,https://a.espncdn.com/i/teamlogos/ncaa/500/41.png,CONN,0c2340,f1f2f3,away,true,67,164,Scarlet Knights,Rutgers,Rutgers Scarlet Knights,RUTG,https://a.espncdn.com/i/teamlogos/ncaa/500/164.png,d21034,ffffff,51
250670164,2005,2,2005-03-08,2005-03-08T19:00:00.000000-0500,312,Ashley Battle,41,Huskies,UConn,UConn,,3,8,1,2,1,2,1,2,3,0,0,0,0,0,8,true,false,false,true,,A. Battle,,Not Available,NA,UConn Huskies,s:40~l:54~t:41,uconn-huskies,https://a.espncdn.com/i/teamlogos/ncaa/500/41.png,CONN,0c2340,f1f2f3,away,true,67,164,Scarlet Knights,Rutgers,Rutgers Scarlet Knights,RUTG,https://a.espncdn.com/i/teamlogos/ncaa/500/164.png,d21034,ffffff,51
250670164,2005,2,2005-03-08,2005-03-08T19:00:00.000000-0500,1696,Rebecca Richman,164,Scarlet Knights,Rutgers,Rutgers,,1,5,0,0,0,0,4,0,4,0,0,0,0,2,2,true,false,false,true,,R. Richman,,Not Available,NA,Rutgers Scarlet Knights,s:40~l:54~t:164,rutgers-scarlet-knights,https://a.espncdn.com/i/teamlogos/ncaa/500/164.png,RUTG,d21034,ffffff,home,false,51,41,Huskies,UConn,UConn Huskies,CONN,https://a.espncdn.com/i/teamlogos/ncaa/500/41.png,0c2340,f1f2f3,67
250670164,2005,2,2005-03-08,2005-03-08T19:00:00.000000-0500,2400,Michelle Campbell,164,Scarlet Knights,Rutgers,Rutgers,,0,3,0,0,0,0,2,0,2,0,0,0,0,3,0,true,false,false,true,,M. Campbell,,Not Available,NA,Rutgers Scarlet Knights,s:40~l:54~t:164,rutgers-scarlet-knights,https://a.espncdn.com/i/teamlogos/ncaa/500/164.png,RUTG,d21034,ffffff,home,false,51,41,Huskies,UConn,UConn Huskies,CONN,https://a.espncdn.com/i/teamlogos/ncaa/500/41.png,0c2340,f1f2f3,67
250670164,2005,2,2005-03-08,2005-03-08T19:00:00.000000-0500,4816,Matee Ajavon,164,Scarlet Knights,Rutgers,Rutgers,,6,17,1,3,7,8,0,1,1,0,0,0,0,4,20,true,false,false,true,,M. Ajavon,,Not Available,NA,Rutgers Scarlet Knights,s:40~l:54~t:164,rutgers-scarlet-knights,https://a.espncdn.com/i/teamlogos/ncaa/500/164.png,RUTG,d21034,ffffff,home,false,51,41,Huskies,UConn,UConn Huskies,CONN,https://a.espncdn.com/i/teamlogos/ncaa/500/41.png,0c2340,f1f2f3,67
250670164,2005,2,2005-03-08,2005-03-08T19:00:00.000000-0500,1694,Chelsea Newton,164,Scarlet Knights,Rutgers,Rutgers,,0,2,0,1,1,2,0,3,3,0,0,0,0,4,1,true,false,false,true,,C. Newton,,Not Available,NA,Rutgers Scarlet Knights,s:40~l:54~t:164,rutgers-scarlet-knights,https://a.espncdn.com/i/teamlogos/ncaa/500/164.png,RUTG,d21034,ffffff,home,false,51,41,Huskies,UConn,UConn Huskies,CONN,https://a.espncdn.com/i/teamlogos/ncaa/500/41.png,0c2340,f1f2f3,67
250670164,2005,2,2005-03-08,2005-03-08T19:00:00.000000-0500,1692,Nikki Jett,164,Scarlet Knights,Rutgers,Rutgers,,0,0,0,0,0,0,0,0,0,0,0,0,0,1,0,true,false,false,true,,N. Jett,,Not Available,NA,Rutgers Scarlet Knights,s:40~l:54~t:164,rutgers-scarlet-knights,https://a.espncdn.com/i/teamlogos/ncaa/500/164.png,RUTG,d21034,ffffff,home,false,51,41,Huskies,UConn,UConn Huskies,CONN,https://a.espncdn.com/i/teamlogos/ncaa/500/41.png,0c2340,f1f2f3,67
250660024,2005,2,2005-03-07,2005-03-07T22:30:00.000000-0500,3842,Aubree Johnson,9,Sun Devils,Arizona State,Arizona State,,3,7,0,0,0,0,7,5,12,0,0,0,0,5,6,true,false,false,true,,A. Johnson,,Not Available,NA,Arizona State Sun Devils,s:40~l:54~t:9,arizona-state-sun-devils,https://a.espncdn.com/i/teamlogos/ncaa/500/9.png,ASU,942139,f1f2f3,away,false,42,24,Cardinal,Stanford,Stanford Cardinal,STAN,https://a.espncdn.com/i/teamlogos/ncaa/500/24.png,8c1515,ffffff,56
250660024,2005,2,2005-03-07,2005-03-07T22:30:00.000000-0500,3841,Emily Westerberg,9,Sun Devils,Arizona State,Arizona State,,3,9,1,2,0,0,0,1,1,0,0,0,0,3,7,true,false,false,true,,E. Westerberg,,Not Available,NA,Arizona State Sun Devils,s:40~l:54~t:9,arizona-state-sun-devils,https://a.espncdn.com/i/teamlogos/ncaa/500/9.png,ASU,942139,f1f2f3,away,false,42,24,Cardinal,Stanford,Stanford Cardinal,STAN,https://a.espncdn.com/i/teamlogos/ncaa/500/24.png,8c1515,ffffff,56
250660024,2005,2,2005-03-07,2005-03-07T22:30:00.000000-0500,2402,Kristen Kovesdy,9,Sun Devils,Arizona State,Arizona State,,5,7,0,0,0,0,4,3,7,0,0,0,0,2,10,true,false,false,true,,K. Kovesdy,,Not Available,NA,Arizona State Sun Devils,s:40~l:54~t:9,arizona-state-sun-devils,https://a.espncdn.com/i/teamlogos/ncaa/500/9.png,ASU,942139,f1f2f3,away,false,42,24,Cardinal,Stanford,Stanford Cardinal,STAN,https://a.espncdn.com/i/teamlogos/ncaa/500/24.png,8c1515,ffffff,56
250660024,2005,2,2005-03-07,2005-03-07T22:30:00.000000-0500,43,Kylan Loney,9,Sun Devils,Arizona State,Arizona State,,2,6,2,5,0,0,1,2,3,0,0,0,0,3,6,true,false,false,true,,K. Loney,,Not Available,NA,Arizona State Sun Devils,s:40~l:54~t:9,arizona-state-sun-devils,https://a.espncdn.com/i/teamlogos/ncaa/500/9.png,ASU,942139,f1f2f3,away,false,42,24,Cardinal,Stanford,Stanford Cardinal,STAN,https://a.espncdn.com/i/teamlogos/ncaa/500/24.png,8c1515,ffffff,56
250660024,2005,2,2005-03-07,2005-03-07T22:30:00.000000-0500,42,Carrie Buckner,9,Sun Devils,Arizona State,Arizona State,,3,10,1,1,1,2,4,0,4,0,0,0,0,1,5,true,false,false,true,,C. Buckner,,Not Available,NA,Arizona State Sun Devils,s:40~l:54~t:9,arizona-state-sun-devils,https://a.espncdn.com/i/teamlogos/ncaa/500/9.png,ASU,942139,f1f2f3,away,false,42,24,Cardinal,Stanford,Stanford Cardinal,STAN,https://a.espncdn.com/i/teamlogos/ncaa/500/24.png,8c1515,ffffff,56
250660024,2005,2,2005-03-07,2005-03-07T22:30:00.000000-0500,3918,Kristen Newlin,24,Cardinal,Stanford,Stanford,,1,3,0,0,3,4,2,3,5,0,0,0,0,2,5,true,false,false,true,,K. Newlin,,Not Available,NA,Stanford Cardinal,s:40~l:54~t:24,stanford-cardinal,https://a.espncdn.com/i/teamlogos/ncaa/500/24.png,STAN,8c1515,ffffff,home,true,56,9,Sun Devils,Arizona State,Arizona State Sun Devils,ASU,https://a.espncdn.com/i/teamlogos/ncaa/500/9.png,942139,f1f2f3,42
250660024,2005,2,2005-03-07,2005-03-07T22:30:00.000000-0500,3914,Brooke Smith,24,Cardinal,Stanford,Stanford,,2,5,0,0,6,6,2,2,4,0,0,0,0,2,10,true,false,false,true,,B. Smith,,Not Available,NA,Stanford Cardinal,s:40~l:54~t:24,stanford-cardinal,https://a.espncdn.com/i/teamlogos/ncaa/500/24.png,STAN,8c1515,ffffff,home,true,56,9,Sun Devils,Arizona State,Arizona State Sun Devils,ASU,https://a.espncdn.com/i/teamlogos/ncaa/500/9.png,942139,f1f2f3,42
250660024,2005,2,2005-03-07,2005-03-07T22:30:00.000000-0500,1932,Susan Borchardt,24,Cardinal,Stanford,Stanford,,3,8,2,5,1,2,1,0,1,0,0,0,0,1,9,true,false,false,true,,S. Borchardt,,Not Available,NA,Stanford Cardinal,s:40~l:54~t:24,stanford-cardinal,https://a.espncdn.com/i/teamlogos/ncaa/500/24.png,STAN,8c1515,ffffff,home,true,56,9,Sun Devils,Arizona State,Arizona State Sun Devils,ASU,https://a.espncdn.com/i/teamlogos/ncaa/500/9.png,942139,f1f2f3,42
250660024,2005,2,2005-03-07,2005-03-07T22:30:00.000000-0500,4896,Candice Wiggins,24,Cardinal,Stanford,Stanford,,8,16,0,2,0,0,2,5,7,0,0,0,0,1,16,true,false,false,true,,C. Wiggins,,Not Available,NA,Stanford Cardinal,s:40~l:54~t:24,stanford-cardinal,https://a.espncdn.com/i/teamlogos/ncaa/500/24.png,STAN,8c1515,ffffff,home,true,56,9,Sun Devils,Arizona State,Arizona State Sun Devils,ASU,https://a.espncdn.com/i/teamlogos/ncaa/500/9.png,942139,f1f2f3,42
250660024,2005,2,2005-03-07,2005-03-07T22:30:00.000000-0500,1935,Kelley Suminski,24,Cardinal,Stanford,Stanford,,4,10,1,5,0,0,0,1,1,0,0,0,0,2,9,true,false,false,true,,K. Suminski,,Not Available,NA,Stanford Cardinal,s:40~l:54~t:24,stanford-cardinal,https://a.espncdn.com/i/teamlogos/ncaa/500/24.png,STAN,8c1515,ffffff,home,true,56,9,Sun Devils,Arizona State,Arizona State Sun Devils,ASU,https://a.espncdn.com/i/teamlogos/ncaa/500/9.png,942139,f1f2f3,42
250660153,2005,2,2005-03-07,2005-03-07T19:30:00.000000-0500,3713,Alison Bales,150,Blue Devils,Duke,Duke,,2,6,0,0,0,0,3,1,4,0,0,0,0,3,4,true,false,false,true,,A. Bales,,Not Available,NA,Duke Blue Devils,s:40~l:54~t:150,duke-blue-devils,https://a.espncdn.com/i/teamlogos/ncaa/500/150.png,DUKE,013088,ffffff,away,false,67,153,Tar Heels,North Carolina,North Carolina Tar Heels,UNC,https://a.espncdn.com/i/teamlogos/ncaa/500/153.png,7bafd4,13294b,88
250660153,2005,2,2005-03-07,2005-03-07T19:30:00.000000-0500,2475,Mistie McCray Bass,150,Blue Devils,Duke,Duke,,3,9,0,0,0,0,1,5,6,0,0,0,0,4,6,true,false,false,true,,M. Bass,,Not Available,NA,Duke Blue Devils,s:40~l:54~t:150,duke-blue-devils,https://a.espncdn.com/i/teamlogos/ncaa/500/150.png,DUKE,013088,ffffff,away,false,67,153,Tar Heels,North Carolina,North Carolina Tar Heels,UNC,https://a.espncdn.com/i/teamlogos/ncaa/500/153.png,7bafd4,13294b,88
250660153,2005,2,2005-03-07,2005-03-07T19:30:00.000000-0500,438,Monique Currie,150,Blue Devils,Duke,Duke,,7,17,3,7,9,11,1,4,5,0,0,0,0,4,26,true,false,false,true,,M. Currie,,Not Available,NA,Duke Blue Devils,s:40~l:54~t:150,duke-blue-devils,https://a.espncdn.com/i/teamlogos/ncaa/500/150.png,DUKE,013088,ffffff,away,false,67,153,Tar Heels,North Carolina,North Carolina Tar Heels,UNC,https://a.espncdn.com/i/teamlogos/ncaa/500/153.png,7bafd4,13294b,88
250660153,2005,2,2005-03-07,2005-03-07T19:30:00.000000-0500,4819,Wanisha Smith,150,Blue Devils,Duke,Duke,,4,10,1,3,3,4,2,2,4,0,0,0,0,5,12,true,false,false,true,,W. Smith,,Not Available,NA,Duke Blue Devils,s:40~l:54~t:150,duke-blue-devils,https://a.espncdn.com/i/teamlogos/ncaa/500/150.png,DUKE,013088,ffffff,away,false,67,153,Tar Heels,North Carolina,North Carolina Tar Heels,UNC,https://a.espncdn.com/i/teamlogos/ncaa/500/153.png,7bafd4,13294b,88
250660153,2005,2,2005-03-07,2005-03-07T19:30:00.000000-0500,2631,Jessica Foley,150,Blue Devils,Duke,Duke,,4,13,2,7,2,2,1,4,5,0,0,0,0,2,12,true,false,false,true,,J. Foley,,Not Available,NA,Duke Blue Devils,s:40~l:54~t:150,duke-blue-devils,https://a.espncdn.com/i/teamlogos/ncaa/500/150.png,DUKE,013088,ffffff,away,false,67,153,Tar Heels,North Carolina,North Carolina Tar Heels,UNC,https://a.espncdn.com/i/teamlogos/ncaa/500/153.png,7bafd4,13294b,88
250660153,2005,2,2005-03-07,2005-03-07T19:30:00.000000-0500,2647,La'Tangela Atkinson,153,Tar Heels,North Carolina,North Carolina,,5,9,2,2,0,0,6,6,12,0,0,0,0,3,12,true,false,false,true,,L. Atkinson,,Not Available,NA,North Carolina Tar Heels,s:40~l:54~t:153,north-carolina-tar-heels,https://a.espncdn.com/i/teamlogos/ncaa/500/153.png,UNC,7bafd4,13294b,home,true,88,150,Blue Devils,Duke,Duke Blue Devils,DUKE,https://a.espncdn.com/i/teamlogos/ncaa/500/150.png,013088,ffffff,67
250660153,2005,2,2005-03-07,2005-03-07T19:30:00.000000-0500,4820,Erlana Larkins,153,Tar Heels,North Carolina,North Carolina,,5,10,0,0,6,7,7,3,10,0,0,0,0,3,16,true,false,false,true,,E. Larkins,,Not Available,NA,North Carolina Tar Heels,s:40~l:54~t:153,north-carolina-tar-heels,https://a.espncdn.com/i/teamlogos/ncaa/500/153.png,UNC,7bafd4,13294b,home,true,88,150,Blue Devils,Duke,Duke Blue Devils,DUKE,https://a.espncdn.com/i/teamlogos/ncaa/500/150.png,013088,ffffff,67
250660153,2005,2,2005-03-07,2005-03-07T19:30:00.000000-0500,1397,Nikita Bell,153,Tar Heels,North Carolina,North Carolina,,2,9,0,0,2,4,2,7,9,0,0,0,0,2,6,true,false,false,true,,N. Bell,,Not Available,NA,North Carolina Tar Heels,s:40~l:54~t:153,north-carolina-tar-heels,https://a.espncdn.com/i/teamlogos/ncaa/500/153.png,UNC,7bafd4,13294b,home,true,88,150,Blue Devils,Duke,Duke Blue Devils,DUKE,https://a.espncdn.com/i/teamlogos/ncaa/500/150.png,013088,ffffff,67
250660153,2005,2,2005-03-07,2005-03-07T19:30:00.000000-0500,3755,Ivory Latta,153,Tar Heels,North Carolina,North Carolina,,6,15,3,7,11,15,0,2,2,0,0,0,0,2,26,true,false,false,true,,I. Latta,,Not Available,NA,North Carolina Tar Heels,s:40~l:54~t:153,north-carolina-tar-heels,https://a.espncdn.com/i/teamlogos/ncaa/500/153.png,UNC,7bafd4,13294b,home,true,88,150,Blue Devils,Duke,Duke Blue Devils,DUKE,https://a.espncdn.com/i/teamlogos/ncaa/500/150.png,013088,ffffff,67
250660153,2005,2,2005-03-07,2005-03-07T19:30:00.000000-0500,3754,Camille Little,153,Tar Heels,North Carolina,North Carolina,,7,11,4,5,5,6,1,3,4,0,0,0,0,3,23,true,false,false,true,,C. Little,,Not Available,NA,North Carolina Tar Heels,s:40~l:54~t:153,north-carolina-tar-heels,https://a.espncdn.com/i/teamlogos/ncaa/500/153.png,UNC,7bafd4,13294b,home,true,88,150,Blue Devils,Duke,Duke Blue Devils,DUKE,https://a.espncdn.com/i/teamlogos/ncaa/500/150.png,013088,ffffff,67
250660127,2005,2,2005-03-07,2005-03-07T19:00:00.000000-0500,1181,Janel McCarville,135,Golden Gophers,Minnesota,Minnesota,,1,17,0,0,0,1,1,9,10,0,0,0,0,4,2,true,false,false,true,,J. McCarville,,Not Available,NA,Minnesota Golden Gophers,s:40~l:54~t:135,minnesota-golden-gophers,https://a.espncdn.com/i/teamlogos/ncaa/500/135.png,MINN,981a31,981a31,away,false,49,127,Spartans,Michigan State,Michigan State Spartans,MSU,https://a.espncdn.com/i/teamlogos/ncaa/500/127.png,18453B,ffffff,55
250660127,2005,2,2005-03-07,2005-03-07T19:00:00.000000-0500,3751,Jaime Broback,135,Golden Gophers,Minnesota,Minnesota,,6,13,1,3,5,6,3,5,8,0,0,0,0,3,18,true,false,false,true,,J. Broback,,Not Available,NA,Minnesota Golden Gophers,s:40~l:54~t:135,minnesota-golden-gophers,https://a.espncdn.com/i/teamlogos/ncaa/500/135.png,MINN,981a31,981a31,away,false,49,127,Spartans,Michigan State,Michigan State Spartans,MSU,https://a.espncdn.com/i/teamlogos/ncaa/500/127.png,18453B,ffffff,55
250660127,2005,2,2005-03-07,2005-03-07T19:00:00.000000-0500,2656,Shannon Bolden,135,Golden Gophers,Minnesota,Minnesota,,3,5,2,2,0,0,3,1,4,0,0,0,0,1,8,true,false,false,true,,S. Bolden,,Not Available,NA,Minnesota Golden Gophers,s:40~l:54~t:135,minnesota-golden-gophers,https://a.espncdn.com/i/teamlogos/ncaa/500/135.png,MINN,981a31,981a31,away,false,49,127,Spartans,Michigan State,Michigan State Spartans,MSU,https://a.espncdn.com/i/teamlogos/ncaa/500/127.png,18453B,ffffff,55
250660127,2005,2,2005-03-07,2005-03-07T19:00:00.000000-0500,2655,Shannon Schonrock,135,Golden Gophers,Minnesota,Minnesota,,2,7,2,5,0,0,0,1,1,0,0,0,0,2,6,true,false,false,true,,S. Schonrock,,Not Available,NA,Minnesota Golden Gophers,s:40~l:54~t:135,minnesota-golden-gophers,https://a.espncdn.com/i/teamlogos/ncaa/500/135.png,MINN,981a31,981a31,away,false,49,127,Spartans,Michigan State,Michigan State Spartans,MSU,https://a.espncdn.com/i/teamlogos/ncaa/500/127.png,18453B,ffffff,55
250660127,2005,2,2005-03-07,2005-03-07T19:00:00.000000-0500,888,April Calhoun,135,Golden Gophers,Minnesota,Minnesota,,1,7,0,2,4,4,3,3,6,0,0,0,0,3,6,true,false,false,true,,A. Calhoun,,Not Available,NA,Minnesota Golden Gophers,s:40~l:54~t:135,minnesota-golden-gophers,https://a.espncdn.com/i/teamlogos/ncaa/500/135.png,MINN,981a31,981a31,away,false,49,127,Spartans,Michigan State,Michigan State Spartans,MSU,https://a.espncdn.com/i/teamlogos/ncaa/500/127.png,18453B,ffffff,55
250660127,2005,2,2005-03-07,2005-03-07T19:00:00.000000-0500,1171,Kelli Roehrig,127,Spartans,Michigan State,Michigan St,,4,11,0,0,2,2,1,6,7,0,0,0,0,3,10,true,false,false,true,,K. Roehrig,,Not Available,NA,Michigan State Spartans,s:40~l:54~t:127,michigan-state-spartans,https://a.espncdn.com/i/teamlogos/ncaa/500/127.png,MSU,18453B,ffffff,home,true,55,135,Golden Gophers,Minnesota,Minnesota Golden Gophers,MINN,https://a.espncdn.com/i/teamlogos/ncaa/500/135.png,981a31,981a31,49
250660127,2005,2,2005-03-07,2005-03-07T19:00:00.000000-0500,3299,Liz Shimek,127,Spartans,Michigan State,Michigan St,,6,13,0,2,3,7,2,5,7,0,0,0,0,2,15,true,false,false,true,,L. Shimek,,Not Available,NA,Michigan State Spartans,s:40~l:54~t:127,michigan-state-spartans,https://a.espncdn.com/i/teamlogos/ncaa/500/127.png,MSU,18453B,ffffff,home,true,55,135,Golden Gophers,Minnesota,Minnesota Golden Gophers,MINN,https://a.espncdn.com/i/teamlogos/ncaa/500/135.png,981a31,981a31,49
250660127,2005,2,2005-03-07,2005-03-07T19:00:00.000000-0500,4086,Victoria Lucas-Perry,127,Spartans,Michigan State,Michigan St,,1,2,1,1,2,2,0,3,3,0,0,0,0,4,5,true,false,false,true,,V. Lucas-Perry,,Not Available,NA,Michigan State Spartans,s:40~l:54~t:127,michigan-state-spartans,https://a.espncdn.com/i/teamlogos/ncaa/500/127.png,MSU,18453B,ffffff,home,true,55,135,Golden Gophers,Minnesota,Minnesota Golden Gophers,MINN,https://a.espncdn.com/i/teamlogos/ncaa/500/135.png,981a31,981a31,49
250660127,2005,2,2005-03-07,2005-03-07T19:00:00.000000-0500,3295,Lindsay Bowen,127,Spartans,Michigan State,Michigan St,,4,11,1,4,1,1,0,2,2,0,0,0,0,0,10,true,false,false,true,,L. Bowen,,Not Available,NA,Michigan State Spartans,s:40~l:54~t:127,michigan-state-spartans,https://a.espncdn.com/i/teamlogos/ncaa/500/127.png,MSU,18453B,ffffff,home,true,55,135,Golden Gophers,Minnesota,Minnesota Golden Gophers,MINN,https://a.espncdn.com/i/teamlogos/ncaa/500/135.png,981a31,981a31,49
250660127,2005,2,2005-03-07,2005-03-07T19:00:00.000000-0500,1167,Kristin Haynie,127,Spartans,Michigan State,Michigan St,,2,8,0,2,2,2,1,4,5,0,0,0,0,1,6,true,false,false,true,,K. Haynie,,Not Available,NA,Michigan State Spartans,s:40~l:54~t:127,michigan-state-spartans,https://a.espncdn.com/i/teamlogos/ncaa/500/127.png,MSU,18453B,ffffff,home,true,55,135,Golden Gophers,Minnesota,Minnesota Golden Gophers,MINN,https://a.espncdn.com/i/teamlogos/ncaa/500/135.png,981a31,981a31,49
250660164,2005,2,2005-03-07,2005-03-07T18:00:00.000000-0500,2198,Jana Rediger,222,Wildcats,Villanova,Villanova,,0,0,0,0,0,0,0,0,0,0,0,0,0,2,0,true,false,false,true,,J. Rediger,,Not Available,NA,Villanova Wildcats,s:40~l:54~t:222,villanova-wildcats,https://a.espncdn.com/i/teamlogos/ncaa/500/222.png,VILL,00205b,13b5ea,away,false,59,164,Scarlet Knights,Rutgers,Rutgers Scarlet Knights,RUTG,https://a.espncdn.com/i/teamlogos/ncaa/500/164.png,d21034,ffffff,64
250660164,2005,2,2005-03-07,2005-03-07T18:00:00.000000-0500,2678,Kate Dessart-Mager,222,Wildcats,Villanova,Villanova,,1,1,0,0,2,2,0,0,0,0,0,0,0,0,4,true,false,false,true,,K. Dessart-Mager,,Not Available,NA,Villanova Wildcats,s:40~l:54~t:222,villanova-wildcats,https://a.espncdn.com/i/teamlogos/ncaa/500/222.png,VILL,00205b,13b5ea,away,false,59,164,Scarlet Knights,Rutgers,Rutgers Scarlet Knights,RUTG,https://a.espncdn.com/i/teamlogos/ncaa/500/164.png,d21034,ffffff,64
250660164,2005,2,2005-03-07,2005-03-07T18:00:00.000000-0500,2677,Jackie Adamshick,222,Wildcats,Villanova,Villanova,,8,12,5,5,1,2,0,1,1,0,0,0,0,2,22,true,false,false,true,,J. Adamshick,,Not Available,NA,Villanova Wildcats,s:40~l:54~t:222,villanova-wildcats,https://a.espncdn.com/i/teamlogos/ncaa/500/222.png,VILL,00205b,13b5ea,away,false,59,164,Scarlet Knights,Rutgers,Rutgers Scarlet Knights,RUTG,https://a.espncdn.com/i/teamlogos/ncaa/500/164.png,d21034,ffffff,64
250660164,2005,2,2005-03-07,2005-03-07T18:00:00.000000-0500,2680,Betsy McManus,222,Wildcats,Villanova,Villanova,,1,2,1,2,0,0,0,6,6,0,0,0,0,3,3,true,false,false,true,,B. McManus,,Not Available,NA,Villanova Wildcats,s:40~l:54~t:222,villanova-wildcats,https://a.espncdn.com/i/teamlogos/ncaa/500/222.png,VILL,00205b,13b5ea,away,false,59,164,Scarlet Knights,Rutgers,Rutgers Scarlet Knights,RUTG,https://a.espncdn.com/i/teamlogos/ncaa/500/164.png,d21034,ffffff,64
250660164,2005,2,2005-03-07,2005-03-07T18:00:00.000000-0500,2194,Jennifer Hilgenberg,222,Wildcats,Villanova,Villanova,,3,5,1,1,0,0,0,1,1,0,0,0,0,2,7,true,false,false,true,,J. Hilgenberg,,Not Available,NA,Villanova Wildcats,s:40~l:54~t:222,villanova-wildcats,https://a.espncdn.com/i/teamlogos/ncaa/500/222.png,VILL,00205b,13b5ea,away,false,59,164,Scarlet Knights,Rutgers,Rutgers Scarlet Knights,RUTG,https://a.espncdn.com/i/teamlogos/ncaa/500/164.png,d21034,ffffff,64
250660164,2005,2,2005-03-07,2005-03-07T18:00:00.000000-0500,2400,Michelle Campbell,164,Scarlet Knights,Rutgers,Rutgers,,2,2,0,0,4,4,3,2,5,0,0,0,0,1,8,true,false,false,true,,M. Campbell,,Not Available,NA,Rutgers Scarlet Knights,s:40~l:54~t:164,rutgers-scarlet-knights,https://a.espncdn.com/i/teamlogos/ncaa/500/164.png,RUTG,d21034,ffffff,home,true,64,222,Wildcats,Villanova,Villanova Wildcats,VILL,https://a.espncdn.com/i/teamlogos/ncaa/500/222.png,00205b,13b5ea,59
250660164,2005,2,2005-03-07,2005-03-07T18:00:00.000000-0500,1694,Chelsea Newton,164,Scarlet Knights,Rutgers,Rutgers,,3,7,1,3,6,7,1,3,4,0,0,0,0,3,13,true,false,false,true,,C. Newton,,Not Available,NA,Rutgers Scarlet Knights,s:40~l:54~t:164,rutgers-scarlet-knights,https://a.espncdn.com/i/teamlogos/ncaa/500/164.png,RUTG,d21034,ffffff,home,true,64,222,Wildcats,Villanova,Villanova Wildcats,VILL,https://a.espncdn.com/i/teamlogos/ncaa/500/222.png,00205b,13b5ea,59
250660164,2005,2,2005-03-07,2005-03-07T18:00:00.000000-0500,4816,Matee Ajavon,164,Scarlet Knights,Rutgers,Rutgers,,5,16,1,2,3,3,1,1,2,0,0,0,0,3,14,true,false,false,true,,M. Ajavon,,Not Available,NA,Rutgers Scarlet Knights,s:40~l:54~t:164,rutgers-scarlet-knights,https://a.espncdn.com/i/teamlogos/ncaa/500/164.png,RUTG,d21034,ffffff,home,true,64,222,Wildcats,Villanova,Villanova Wildcats,VILL,https://a.espncdn.com/i/teamlogos/ncaa/500/222.png,00205b,13b5ea,59
250660164,2005,2,2005-03-07,2005-03-07T18:00:00.000000-0500,4814,Essence Carson,164,Scarlet Knights,Rutgers,Rutgers,,6,9,0,0,0,0,1,8,9,0,0,0,0,1,12,true,false,false,true,,E. Carson,,Not Available,NA,Rutgers Scarlet Knights,s:40~l:54~t:164,rutgers-scarlet-knights,https://a.espncdn.com/i/teamlogos/ncaa/500/164.png,RUTG,d21034,ffffff,home,true,64,222,Wildcats,Villanova,Villanova Wildcats,VILL,https://a.espncdn.com/i/teamlogos/ncaa/500/222.png,00205b,13b5ea,59
250660164,2005,2,2005-03-07,2005-03-07T18:00:00.000000-0500,1692,Nikki Jett,164,Scarlet Knights,Rutgers,Rutgers,,0,1,0,0,0,0,0,0,0,0,0,0,0,0,0,true,false,false,true,,N. Jett,,Not Available,NA,Rutgers Scarlet Knights,s:40~l:54~t:164,rutgers-scarlet-knights,https://a.espncdn.com/i/teamlogos/ncaa/500/164.png,RUTG,d21034,ffffff,home,true,64,222,Wildcats,Villanova,Villanova Wildcats,VILL,https://a.espncdn.com/i/teamlogos/ncaa/500/222.png,00205b,13b5ea,59
250660087,2005,2,2005-03-07,2005-03-07T20:00:00.000000-0500,316,Jessica Moore,41,Huskies,UConn,UConn,,3,10,0,0,0,0,3,3,6,0,0,0,0,3,6,true,false,false,true,,J. Moore,,Not Available,NA,UConn Huskies,s:40~l:54~t:41,uconn-huskies,https://a.espncdn.com/i/teamlogos/ncaa/500/41.png,CONN,0c2340,f1f2f3,away,true,67,87,Fighting Irish,Notre Dame,Notre Dame Fighting Irish,ND,https://a.espncdn.com/i/teamlogos/ncaa/500/87.png,0c2340,c99700,54
250660087,2005,2,2005-03-07,2005-03-07T20:00:00.000000-0500,2637,Ann Strother,41,Huskies,UConn,UConn,,6,13,3,6,2,2,2,4,6,0,0,0,0,2,17,true,false,false,true,,A. Strother,,Not Available,NA,UConn Huskies,s:40~l:54~t:41,uconn-huskies,https://a.espncdn.com/i/teamlogos/ncaa/500/41.png,CONN,0c2340,f1f2f3,away,true,67,87,Fighting Irish,Notre Dame,Notre Dame Fighting Irish,ND,https://a.espncdn.com/i/teamlogos/ncaa/500/87.png,0c2340,c99700,54
250660087,2005,2,2005-03-07,2005-03-07T20:00:00.000000-0500,2409,Barbara Turner,41,Huskies,UConn,UConn,,6,9,0,0,6,8,3,3,6,0,0,0,0,2,18,true,false,false,true,,B. Turner,,Not Available,NA,UConn Huskies,s:40~l:54~t:41,uconn-huskies,https://a.espncdn.com/i/teamlogos/ncaa/500/41.png,CONN,0c2340,f1f2f3,away,true,67,87,Fighting Irish,Notre Dame,Notre Dame Fighting Irish,ND,https://a.espncdn.com/i/teamlogos/ncaa/500/87.png,0c2340,c99700,54
250660087,2005,2,2005-03-07,2005-03-07T20:00:00.000000-0500,2410,Nicole Wolff,41,Huskies,UConn,UConn,,0,4,0,1,0,0,4,0,4,0,0,0,0,0,0,true,false,false,true,,N. Wolff,,Not Available,NA,UConn Huskies,s:40~l:54~t:41,uconn-huskies,https://a.espncdn.com/i/teamlogos/ncaa/500/41.png,CONN,0c2340,f1f2f3,away,true,67,87,Fighting Irish,Notre Dame,Notre Dame Fighting Irish,ND,https://a.espncdn.com/i/teamlogos/ncaa/500/87.png,0c2340,c99700,54
250660087,2005,2,2005-03-07,2005-03-07T20:00:00.000000-0500,311,Ashley Valley,41,Huskies,UConn,UConn,,0,2,0,1,0,0,0,0,0,0,0,0,0,1,0,true,false,false,true,,A. Valley,,Not Available,NA,UConn Huskies,s:40~l:54~t:41,uconn-huskies,https://a.espncdn.com/i/teamlogos/ncaa/500/41.png,CONN,0c2340,f1f2f3,away,true,67,87,Fighting Irish,Notre Dame,Notre Dame Fighting Irish,ND,https://a.espncdn.com/i/teamlogos/ncaa/500/87.png,0c2340,c99700,54
250660087,2005,2,2005-03-07,2005-03-07T20:00:00.000000-0500,1467,Teresa Borton,87,Fighting Irish,Notre Dame,Notre Dame,,0,1,0,0,0,0,0,0,0,0,0,0,0,3,0,true,false,false,true,,T. Borton,,Not Available,NA,Notre Dame Fighting Irish,s:40~l:54~t:87,notre-dame-fighting-irish,https://a.espncdn.com/i/teamlogos/ncaa/500/87.png,ND,0c2340,c99700,home,false,54,41,Huskies,UConn,UConn Huskies,CONN,https://a.espncdn.com/i/teamlogos/ncaa/500/41.png,0c2340,f1f2f3,67
250660087,2005,2,2005-03-07,2005-03-07T20:00:00.000000-0500,2438,Courtney LaVere,87,Fighting Irish,Notre Dame,Notre Dame,,4,10,0,1,3,4,1,3,4,0,0,0,0,3,11,true,false,false,true,,C. LaVere,,Not Available,NA,Notre Dame Fighting Irish,s:40~l:54~t:87,notre-dame-fighting-irish,https://a.espncdn.com/i/teamlogos/ncaa/500/87.png,ND,0c2340,c99700,home,false,54,41,Huskies,UConn,UConn Huskies,CONN,https://a.espncdn.com/i/teamlogos/ncaa/500/41.png,0c2340,f1f2f3,67
250660087,2005,2,2005-03-07,2005-03-07T20:00:00.000000-0500,1466,Jacqueline Batteast,87,Fighting Irish,Notre Dame,Notre Dame,,4,18,2,4,0,0,1,4,5,0,0,0,0,4,10,true,false,false,true,,J. Batteast,,Not Available,NA,Notre Dame Fighting Irish,s:40~l:54~t:87,notre-dame-fighting-irish,https://a.espncdn.com/i/teamlogos/ncaa/500/87.png,ND,0c2340,c99700,home,false,54,41,Huskies,UConn,UConn Huskies,CONN,https://a.espncdn.com/i/teamlogos/ncaa/500/41.png,0c2340,f1f2f3,67
250660087,2005,2,2005-03-07,2005-03-07T20:00:00.000000-0500,3783,Breona Gray,87,Fighting Irish,Notre Dame,Notre Dame,,0,4,0,0,0,0,2,0,2,0,0,0,0,1,0,true,false,false,true,,B. Gray,,Not Available,NA,Notre Dame Fighting Irish,s:40~l:54~t:87,notre-dame-fighting-irish,https://a.espncdn.com/i/teamlogos/ncaa/500/87.png,ND,0c2340,c99700,home,false,54,41,Huskies,UConn,UConn Huskies,CONN,https://a.espncdn.com/i/teamlogos/ncaa/500/41.png,0c2340,f1f2f3,67
250660087,2005,2,2005-03-07,2005-03-07T20:00:00.000000-0500,2437,Megan Duffy,87,Fighting Irish,Notre Dame,Notre Dame,,7,12,4,6,3,4,0,1,1,0,0,0,0,1,21,true,false,false,true,,M. Duffy,,Not Available,NA,Notre Dame Fighting Irish,s:40~l:54~t:87,notre-dame-fighting-irish,https://a.espncdn.com/i/teamlogos/ncaa/500/87.png,ND,0c2340,c99700,home,false,54,41,Huskies,UConn,UConn Huskies,CONN,https://a.espncdn.com/i/teamlogos/ncaa/500/41.png,0c2340,f1f2f3,67
250650099,2005,2,2005-03-06,2005-03-06T19:00:00.000000-0500,4839,Nicky Anosike,2633,Lady Volunteers,Tennessee,Tennessee,,1,1,0,0,3,4,2,2,4,0,0,0,0,4,5,true,false,false,true,,N. Anosike,,Not Available,NA,Tennessee Lady Volunteers,s:40~l:54~t:2633,tennessee-lady-volunteers,https://a.espncdn.com/i/teamlogos/ncaa/500/2633_ncw.png,TENN,ff8200,ffffff,away,true,67,99,Tigers,LSU,LSU Tigers,LSU,https://a.espncdn.com/i/teamlogos/ncaa/500/99.png,461d7c,fdd023,65
250650099,2005,2,2005-03-06,2005-03-06T19:00:00.000000-0500,2005,Shyra Ely,2633,Lady Volunteers,Tennessee,Tennessee,,11,20,0,0,3,3,1,6,7,0,0,0,0,3,25,true,false,false,true,,S. Ely,,Not Available,NA,Tennessee Lady Volunteers,s:40~l:54~t:2633,tennessee-lady-volunteers,https://a.espncdn.com/i/teamlogos/ncaa/500/2633_ncw.png,TENN,ff8200,ffffff,away,true,67,99,Tigers,LSU,LSU Tigers,LSU,https://a.espncdn.com/i/teamlogos/ncaa/500/99.png,461d7c,fdd023,65
250650099,2005,2,2005-03-06,2005-03-06T19:00:00.000000-0500,4840,Alexis Hornbuckle,2633,Lady Volunteers,Tennessee,Tennessee,,4,8,0,0,1,2,2,2,4,0,0,0,0,1,9,true,false,false,true,,A. Hornbuckle,,Not Available,NA,Tennessee Lady Volunteers,s:40~l:54~t:2633,tennessee-lady-volunteers,https://a.espncdn.com/i/teamlogos/ncaa/500/2633_ncw.png,TENN,ff8200,ffffff,away,true,67,99,Tigers,LSU,LSU Tigers,LSU,https://a.espncdn.com/i/teamlogos/ncaa/500/99.png,461d7c,fdd023,65
250650099,2005,2,2005-03-06,2005-03-06T19:00:00.000000-0500,2633,Shanna Zolman,2633,Lady Volunteers,Tennessee,Tennessee,,3,8,2,5,0,0,0,0,0,0,0,0,0,0,8,true,false,false,true,,S. Zolman,,Not Available,NA,Tennessee Lady Volunteers,s:40~l:54~t:2633,tennessee-lady-volunteers,https://a.espncdn.com/i/teamlogos/ncaa/500/2633_ncw.png,TENN,ff8200,ffffff,away,true,67,99,Tigers,LSU,LSU Tigers,LSU,https://a.espncdn.com/i/teamlogos/ncaa/500/99.png,461d7c,fdd023,65
250650099,2005,2,2005-03-06,2005-03-06T19:00:00.000000-0500,2006,Loree Moore,2633,Lady Volunteers,Tennessee,Tennessee,,2,7,0,3,0,0,2,2,4,0,0,0,0,1,4,true,false,false,true,,L. Moore,,Not Available,NA,Tennessee Lady Volunteers,s:40~l:54~t:2633,tennessee-lady-volunteers,https://a.espncdn.com/i/teamlogos/ncaa/500/2633_ncw.png,TENN,ff8200,ffffff,away,true,67,99,Tigers,LSU,LSU Tigers,LSU,https://a.espncdn.com/i/teamlogos/ncaa/500/99.png,461d7c,fdd023,65
250650099,2005,2,2005-03-06,2005-03-06T19:00:00.000000-0500,2635,Seimone Augustus,99,Tigers,LSU,LSU,,8,13,0,1,7,9,2,3,5,0,0,0,0,0,23,true,false,false,true,,S. Augustus,,Not Available,NA,LSU Tigers,s:40~l:54~t:99,lsu-tigers,https://a.espncdn.com/i/teamlogos/ncaa/500/99.png,LSU,461d7c,fdd023,home,false,65,2633,Lady Volunteers,Tennessee,Tennessee Lady Volunteers,TENN,https://a.espncdn.com/i/teamlogos/ncaa/500/2633_ncw.png,ff8200,ffffff,67
250650099,2005,2,2005-03-06,2005-03-06T19:00:00.000000-0500,1043,Tillie Willis,99,Tigers,LSU,LSU,,2,3,0,0,1,2,2,1,3,0,0,0,0,3,5,true,false,false,true,,T. Willis,,Not Available,NA,LSU Tigers,s:40~l:54~t:99,lsu-tigers,https://a.espncdn.com/i/teamlogos/ncaa/500/99.png,LSU,461d7c,fdd023,home,false,65,2633,Lady Volunteers,Tennessee,Tennessee Lady Volunteers,TENN,https://a.espncdn.com/i/teamlogos/ncaa/500/2633_ncw.png,ff8200,ffffff,67
250650099,2005,2,2005-03-06,2005-03-06T19:00:00.000000-0500,1042,Wendlyn Jones,99,Tigers,LSU,LSU,,1,1,0,0,0,0,0,1,1,0,0,0,0,2,2,true,false,false,true,,W. Jones,,Not Available,NA,LSU Tigers,s:40~l:54~t:99,lsu-tigers,https://a.espncdn.com/i/teamlogos/ncaa/500/99.png,LSU,461d7c,fdd023,home,false,65,2633,Lady Volunteers,Tennessee,Tennessee Lady Volunteers,TENN,https://a.espncdn.com/i/teamlogos/ncaa/500/2633_ncw.png,ff8200,ffffff,67
250650099,2005,2,2005-03-06,2005-03-06T19:00:00.000000-0500,3715,Scholanda Hoston,99,Tigers,LSU,LSU,,2,9,0,2,0,0,2,1,3,0,0,0,0,4,4,true,false,false,true,,S. Hoston,,Not Available,NA,LSU Tigers,s:40~l:54~t:99,lsu-tigers,https://a.espncdn.com/i/teamlogos/ncaa/500/99.png,LSU,461d7c,fdd023,home,false,65,2633,Lady Volunteers,Tennessee,Tennessee Lady Volunteers,TENN,https://a.espncdn.com/i/teamlogos/ncaa/500/2633_ncw.png,ff8200,ffffff,67
250650099,2005,2,2005-03-06,2005-03-06T19:00:00.000000-0500,1041,Temeka Johnson,99,Tigers,LSU,LSU,,5,12,1,2,2,2,0,4,4,0,0,0,0,1,13,true,false,false,true,,T. Johnson,,Not Available,NA,LSU Tigers,s:40~l:54~t:99,lsu-tigers,https://a.espncdn.com/i/teamlogos/ncaa/500/99.png,LSU,461d7c,fdd023,home,false,65,2633,Lady Volunteers,Tennessee,Tennessee Lady Volunteers,TENN,https://a.espncdn.com/i/teamlogos/ncaa/500/2633_ncw.png,ff8200,ffffff,67
250650024,2005,2,2005-03-06,2005-03-06T18:00:00.000000-0500,4933,Camille LeNoir,30,Trojans,USC,USC,,3,7,2,2,0,0,1,1,2,0,0,0,0,1,8,true,false,false,true,,C. LeNoir,,Guard,G,USC Trojans,s:40~l:54~t:30,usc-trojans,https://a.espncdn.com/i/teamlogos/ncaa/500/30.png,USC,9e2237,ffcc00,away,false,69,24,Cardinal,Stanford,Stanford Cardinal,STAN,https://a.espncdn.com/i/teamlogos/ncaa/500/24.png,8c1515,ffffff,73
250650024,2005,2,2005-03-06,2005-03-06T18:00:00.000000-0500,4932,Brynn Cameron,30,Trojans,USC,USC,,3,4,2,3,0,0,0,2,2,0,0,0,0,1,8,true,false,false,true,,B. Cameron,,Guard,G,USC Trojans,s:40~l:54~t:30,usc-trojans,https://a.espncdn.com/i/teamlogos/ncaa/500/30.png,USC,9e2237,ffcc00,away,false,69,24,Cardinal,Stanford,Stanford Cardinal,STAN,https://a.espncdn.com/i/teamlogos/ncaa/500/24.png,8c1515,ffffff,73
250650024,2005,2,2005-03-06,2005-03-06T18:00:00.000000-0500,2146,Kim Gipson,30,Trojans,USC,USC,,2,3,0,0,0,0,1,2,3,0,0,0,0,0,4,true,false,false,true,,K. Gipson,,Not Available,NA,USC Trojans,s:40~l:54~t:30,usc-trojans,https://a.espncdn.com/i/teamlogos/ncaa/500/30.png,USC,9e2237,ffcc00,away,false,69,24,Cardinal,Stanford,Stanford Cardinal,STAN,https://a.espncdn.com/i/teamlogos/ncaa/500/24.png,8c1515,ffffff,73
250650024,2005,2,2005-03-06,2005-03-06T18:00:00.000000-0500,2701,Meghan Gnekow,30,Trojans,USC,USC,,2,5,1,3,0,0,1,4,5,0,0,0,0,3,5,true,false,false,true,,M. Gnekow,,Not Available,NA,USC Trojans,s:40~l:54~t:30,usc-trojans,https://a.espncdn.com/i/teamlogos/ncaa/500/30.png,USC,9e2237,ffcc00,away,false,69,24,Cardinal,Stanford,Stanford Cardinal,STAN,https://a.espncdn.com/i/teamlogos/ncaa/500/24.png,8c1515,ffffff,73
250650024,2005,2,2005-03-06,2005-03-06T18:00:00.000000-0500,2148,Rachel Woodward,30,Trojans,USC,USC,,1,8,0,2,0,0,0,2,2,0,0,0,0,0,2,true,false,false,true,,R. Woodward,,Not Available,NA,USC Trojans,s:40~l:54~t:30,usc-trojans,https://a.espncdn.com/i/teamlogos/ncaa/500/30.png,USC,9e2237,ffcc00,away,false,69,24,Cardinal,Stanford,Stanford Cardinal,STAN,https://a.espncdn.com/i/teamlogos/ncaa/500/24.png,8c1515,ffffff,73
250650024,2005,2,2005-03-06,2005-03-06T18:00:00.000000-0500,3918,Kristen Newlin,24,Cardinal,Stanford,Stanford,,6,13,1,2,1,4,5,2,7,0,0,0,0,1,14,true,false,false,true,,K. Newlin,,Not Available,NA,Stanford Cardinal,s:40~l:54~t:24,stanford-cardinal,https://a.espncdn.com/i/teamlogos/ncaa/500/24.png,STAN,8c1515,ffffff,home,true,73,30,Trojans,USC,USC Trojans,USC,https://a.espncdn.com/i/teamlogos/ncaa/500/30.png,9e2237,ffcc00,69
250650024,2005,2,2005-03-06,2005-03-06T18:00:00.000000-0500,3914,Brooke Smith,24,Cardinal,Stanford,Stanford,,3,7,0,0,1,2,1,2,3,0,0,0,0,1,7,true,false,false,true,,B. Smith,,Not Available,NA,Stanford Cardinal,s:40~l:54~t:24,stanford-cardinal,https://a.espncdn.com/i/teamlogos/ncaa/500/24.png,STAN,8c1515,ffffff,home,true,73,30,Trojans,USC,USC Trojans,USC,https://a.espncdn.com/i/teamlogos/ncaa/500/30.png,9e2237,ffcc00,69
250650024,2005,2,2005-03-06,2005-03-06T18:00:00.000000-0500,4896,Candice Wiggins,24,Cardinal,Stanford,Stanford,,9,22,1,4,5,5,5,4,9,0,0,0,0,2,24,true,false,false,true,,C. Wiggins,,Not Available,NA,Stanford Cardinal,s:40~l:54~t:24,stanford-cardinal,https://a.espncdn.com/i/teamlogos/ncaa/500/24.png,STAN,8c1515,ffffff,home,true,73,30,Trojans,USC,USC Trojans,USC,https://a.espncdn.com/i/teamlogos/ncaa/500/30.png,9e2237,ffcc00,69
250650024,2005,2,2005-03-06,2005-03-06T18:00:00.000000-0500,1935,Kelley Suminski,24,Cardinal,Stanford,Stanford,,6,13,5,11,0,0,0,5,5,0,0,0,0,0,17,true,false,false,true,,K. Suminski,,Not Available,NA,Stanford Cardinal,s:40~l:54~t:24,stanford-cardinal,https://a.espncdn.com/i/teamlogos/ncaa/500/24.png,STAN,8c1515,ffffff,home,true,73,30,Trojans,USC,USC Trojans,USC,https://a.espncdn.com/i/teamlogos/ncaa/500/30.png,9e2237,ffcc00,69
250650024,2005,2,2005-03-06,2005-03-06T18:00:00.000000-0500,1932,Susan Borchardt,24,Cardinal,Stanford,Stanford,,2,6,1,3,0,0,0,1,1,0,0,0,0,3,5,true,false,false,true,,S. Borchardt,,Not Available,NA,Stanford Cardinal,s:40~l:54~t:24,stanford-cardinal,https://a.espncdn.com/i/teamlogos/ncaa/500/24.png,STAN,8c1515,ffffff,home,true,73,30,Trojans,USC,USC Trojans,USC,https://a.espncdn.com/i/teamlogos/ncaa/500/30.png,9e2237,ffcc00,69
250650194,2005,2,2005-03-06,2005-03-06T15:30:00.000000-0500,1181,Janel McCarville,135,Golden Gophers,Minnesota,Minnesota,,9,19,0,1,3,3,3,10,13,0,0,0,0,2,21,true,false,false,true,,J. McCarville,,Not Available,NA,Minnesota Golden Gophers,s:40~l:54~t:135,minnesota-golden-gophers,https://a.espncdn.com/i/teamlogos/ncaa/500/135.png,MINN,981a31,981a31,away,true,66,194,Buckeyes,Ohio State,Ohio State Buckeyes,OSU,https://a.espncdn.com/i/teamlogos/ncaa/500/194.png,ce1141,505056,63
250650194,2005,2,2005-03-06,2005-03-06T15:30:00.000000-0500,3751,Jaime Broback,135,Golden Gophers,Minnesota,Minnesota,,10,14,0,0,4,10,1,3,4,0,0,0,0,4,24,true,false,false,true,,J. Broback,,Not Available,NA,Minnesota Golden Gophers,s:40~l:54~t:135,minnesota-golden-gophers,https://a.espncdn.com/i/teamlogos/ncaa/500/135.png,MINN,981a31,981a31,away,true,66,194,Buckeyes,Ohio State,Ohio State Buckeyes,OSU,https://a.espncdn.com/i/teamlogos/ncaa/500/194.png,ce1141,505056,63
250650194,2005,2,2005-03-06,2005-03-06T15:30:00.000000-0500,2656,Shannon Bolden,135,Golden Gophers,Minnesota,Minnesota,,3,3,1,1,0,0,3,2,5,0,0,0,0,1,7,true,false,false,true,,S. Bolden,,Not Available,NA,Minnesota Golden Gophers,s:40~l:54~t:135,minnesota-golden-gophers,https://a.espncdn.com/i/teamlogos/ncaa/500/135.png,MINN,981a31,981a31,away,true,66,194,Buckeyes,Ohio State,Ohio State Buckeyes,OSU,https://a.espncdn.com/i/teamlogos/ncaa/500/194.png,ce1141,505056,63
250650194,2005,2,2005-03-06,2005-03-06T15:30:00.000000-0500,2655,Shannon Schonrock,135,Golden Gophers,Minnesota,Minnesota,,0,0,0,0,0,0,0,1,1,0,0,0,0,2,0,true,false,false,true,,S. Schonrock,,Not Available,NA,Minnesota Golden Gophers,s:40~l:54~t:135,minnesota-golden-gophers,https://a.espncdn.com/i/teamlogos/ncaa/500/135.png,MINN,981a31,981a31,away,true,66,194,Buckeyes,Ohio State,Ohio State Buckeyes,OSU,https://a.espncdn.com/i/teamlogos/ncaa/500/194.png,ce1141,505056,63
250650194,2005,2,2005-03-06,2005-03-06T15:30:00.000000-0500,888,April Calhoun,135,Golden Gophers,Minnesota,Minnesota,,3,7,1,3,0,0,0,1,1,0,0,0,0,4,7,true,false,false,true,,A. Calhoun,,Not Available,NA,Minnesota Golden Gophers,s:40~l:54~t:135,minnesota-golden-gophers,https://a.espncdn.com/i/teamlogos/ncaa/500/135.png,MINN,981a31,981a31,away,true,66,194,Buckeyes,Ohio State,Ohio State Buckeyes,OSU,https://a.espncdn.com/i/teamlogos/ncaa/500/194.png,ce1141,505056,63
250650194,2005,2,2005-03-06,2005-03-06T15:30:00.000000-0500,3831,Jessica Davenport,194,Buckeyes,Ohio State,Ohio State,,6,14,1,2,2,3,2,10,12,0,0,0,0,4,15,true,false,false,true,,J. Davenport,,Not Available,NA,Ohio State Buckeyes,s:40~l:54~t:194,ohio-state-buckeyes,https://a.espncdn.com/i/teamlogos/ncaa/500/194.png,OSU,ce1141,505056,home,false,63,135,Golden Gophers,Minnesota,Minnesota Golden Gophers,MINN,https://a.espncdn.com/i/teamlogos/ncaa/500/135.png,981a31,981a31,66
250650194,2005,2,2005-03-06,2005-03-06T15:30:00.000000-0500,3833,Brandie Hoskins,194,Buckeyes,Ohio State,Ohio State,,10,14,0,0,3,4,1,0,1,0,0,0,0,0,23,true,false,false,true,,B. Hoskins,,Not Available,NA,Ohio State Buckeyes,s:40~l:54~t:194,ohio-state-buckeyes,https://a.espncdn.com/i/teamlogos/ncaa/500/194.png,OSU,ce1141,505056,home,false,63,135,Golden Gophers,Minnesota,Minnesota Golden Gophers,MINN,https://a.espncdn.com/i/teamlogos/ncaa/500/135.png,981a31,981a31,66
250650194,2005,2,2005-03-06,2005-03-06T15:30:00.000000-0500,2007,Michelle Munoz,194,Buckeyes,Ohio State,Ohio State,,1,2,0,1,0,0,0,2,2,0,0,0,0,1,2,true,false,false,true,,M. Munoz,,Not Available,NA,Ohio State Buckeyes,s:40~l:54~t:194,ohio-state-buckeyes,https://a.espncdn.com/i/teamlogos/ncaa/500/194.png,OSU,ce1141,505056,home,false,63,135,Golden Gophers,Minnesota,Minnesota Golden Gophers,MINN,https://a.espncdn.com/i/teamlogos/ncaa/500/135.png,981a31,981a31,66
250650194,2005,2,2005-03-06,2005-03-06T15:30:00.000000-0500,1497,Caity Matter,194,Buckeyes,Ohio State,Ohio State,,1,8,0,4,2,2,0,1,1,0,0,0,0,1,4,true,false,false,true,,C. Matter,,Not Available,NA,Ohio State Buckeyes,s:40~l:54~t:194,ohio-state-buckeyes,https://a.espncdn.com/i/teamlogos/ncaa/500/194.png,OSU,ce1141,505056,home,false,63,135,Golden Gophers,Minnesota,Minnesota Golden Gophers,MINN,https://a.espncdn.com/i/teamlogos/ncaa/500/135.png,981a31,981a31,66
250650194,2005,2,2005-03-06,2005-03-06T15:30:00.000000-0500,1493,Ashley Allen,194,Buckeyes,Ohio State,Ohio State,,5,10,3,6,0,0,2,1,3,0,0,0,0,2,13,true,false,false,true,,A. Allen,,Not Available,NA,Ohio State Buckeyes,s:40~l:54~t:194,ohio-state-buckeyes,https://a.espncdn.com/i/teamlogos/ncaa/500/194.png,OSU,ce1141,505056,home,false,63,135,Golden Gophers,Minnesota,Minnesota Golden Gophers,MINN,https://a.espncdn.com/i/teamlogos/ncaa/500/135.png,981a31,981a31,66
250650153,2005,2,2005-03-06,2005-03-06T13:00:00.000000-0500,2504,Tiffany Sardin,258,Cavaliers,Virginia,Virginia,,7,9,1,2,6,6,1,5,6,0,0,0,0,3,21,true,false,false,true,,T. Sardin,,Not Available,NA,Virginia Cavaliers,s:40~l:54~t:258,virginia-cavaliers,https://a.espncdn.com/i/teamlogos/ncaa/500/258.png,UVA,f84c1e,ffffff,away,false,72,153,Tar Heels,North Carolina,North Carolina Tar Heels,UNC,https://a.espncdn.com/i/teamlogos/ncaa/500/153.png,7bafd4,13294b,78
250650153,2005,2,2005-03-06,2005-03-06T13:00:00.000000-0500,2207,Brandi Teamer,258,Cavaliers,Virginia,Virginia,,5,11,0,0,8,8,1,3,4,0,0,0,0,3,18,true,false,false,true,,B. Teamer,,Not Available,NA,Virginia Cavaliers,s:40~l:54~t:258,virginia-cavaliers,https://a.espncdn.com/i/teamlogos/ncaa/500/258.png,UVA,f84c1e,ffffff,away,false,72,153,Tar Heels,North Carolina,North Carolina Tar Heels,UNC,https://a.espncdn.com/i/teamlogos/ncaa/500/153.png,7bafd4,13294b,78
250650153,2005,2,2005-03-06,2005-03-06T13:00:00.000000-0500,2203,Jocelyn Logan-Friend,258,Cavaliers,Virginia,Virginia,,6,10,1,1,3,4,2,5,7,0,0,0,0,4,16,true,false,false,true,,J. Logan-Friend,,Not Available,NA,Virginia Cavaliers,s:40~l:54~t:258,virginia-cavaliers,https://a.espncdn.com/i/teamlogos/ncaa/500/258.png,UVA,f84c1e,ffffff,away,false,72,153,Tar Heels,North Carolina,North Carolina Tar Heels,UNC,https://a.espncdn.com/i/teamlogos/ncaa/500/153.png,7bafd4,13294b,78
250650153,2005,2,2005-03-06,2005-03-06T13:00:00.000000-0500,4924,Sharnee Zoll,258,Cavaliers,Virginia,Virginia,,0,5,0,1,2,2,0,2,2,0,0,0,0,4,2,true,false,false,true,,S. Zoll,,Not Available,NA,Virginia Cavaliers,s:40~l:54~t:258,virginia-cavaliers,https://a.espncdn.com/i/teamlogos/ncaa/500/258.png,UVA,f84c1e,ffffff,away,false,72,153,Tar Heels,North Carolina,North Carolina Tar Heels,UNC,https://a.espncdn.com/i/teamlogos/ncaa/500/153.png,7bafd4,13294b,78
250650153,2005,2,2005-03-06,2005-03-06T13:00:00.000000-0500,3846,Brenna McGuire,258,Cavaliers,Virginia,Virginia,,2,5,2,5,2,2,0,2,2,0,0,0,0,1,8,true,false,false,true,,B. McGuire,,Not Available,NA,Virginia Cavaliers,s:40~l:54~t:258,virginia-cavaliers,https://a.espncdn.com/i/teamlogos/ncaa/500/258.png,UVA,f84c1e,ffffff,away,false,72,153,Tar Heels,North Carolina,North Carolina Tar Heels,UNC,https://a.espncdn.com/i/teamlogos/ncaa/500/153.png,7bafd4,13294b,78
250650153,2005,2,2005-03-06,2005-03-06T13:00:00.000000-0500,4820,Erlana Larkins,153,Tar Heels,North Carolina,North Carolina,,4,11,0,0,5,6,2,3,5,0,0,0,0,4,13,true,false,false,true,,E. Larkins,,Not Available,NA,North Carolina Tar Heels,s:40~l:54~t:153,north-carolina-tar-heels,https://a.espncdn.com/i/teamlogos/ncaa/500/153.png,UNC,7bafd4,13294b,home,true,78,258,Cavaliers,Virginia,Virginia Cavaliers,UVA,https://a.espncdn.com/i/teamlogos/ncaa/500/258.png,f84c1e,ffffff,72
250650153,2005,2,2005-03-06,2005-03-06T13:00:00.000000-0500,3754,Camille Little,153,Tar Heels,North Carolina,North Carolina,,3,10,0,1,2,2,2,2,4,0,0,0,0,3,8,true,false,false,true,,C. Little,,Not Available,NA,North Carolina Tar Heels,s:40~l:54~t:153,north-carolina-tar-heels,https://a.espncdn.com/i/teamlogos/ncaa/500/153.png,UNC,7bafd4,13294b,home,true,78,258,Cavaliers,Virginia,Virginia Cavaliers,UVA,https://a.espncdn.com/i/teamlogos/ncaa/500/258.png,f84c1e,ffffff,72
250650153,2005,2,2005-03-06,2005-03-06T13:00:00.000000-0500,1397,Nikita Bell,153,Tar Heels,North Carolina,North Carolina,,7,11,0,0,4,8,1,0,1,0,0,0,0,4,18,true,false,false,true,,N. Bell,,Not Available,NA,North Carolina Tar Heels,s:40~l:54~t:153,north-carolina-tar-heels,https://a.espncdn.com/i/teamlogos/ncaa/500/153.png,UNC,7bafd4,13294b,home,true,78,258,Cavaliers,Virginia,Virginia Cavaliers,UVA,https://a.espncdn.com/i/teamlogos/ncaa/500/258.png,f84c1e,ffffff,72
250650153,2005,2,2005-03-06,2005-03-06T13:00:00.000000-0500,3755,Ivory Latta,153,Tar Heels,North Carolina,North Carolina,,9,16,5,10,9,11,1,0,1,0,0,0,0,4,32,true,false,false,true,,I. Latta,,Not Available,NA,North Carolina Tar Heels,s:40~l:54~t:153,north-carolina-tar-heels,https://a.espncdn.com/i/teamlogos/ncaa/500/153.png,UNC,7bafd4,13294b,home,true,78,258,Cavaliers,Virginia,Virginia Cavaliers,UVA,https://a.espncdn.com/i/teamlogos/ncaa/500/258.png,f84c1e,ffffff,72
250650153,2005,2,2005-03-06,2005-03-06T13:00:00.000000-0500,2647,La'Tangela Atkinson,153,Tar Heels,North Carolina,North Carolina,,0,6,0,2,0,0,0,3,3,0,0,0,0,2,0,true,false,false,true,,L. Atkinson,,Not Available,NA,North Carolina Tar Heels,s:40~l:54~t:153,north-carolina-tar-heels,https://a.espncdn.com/i/teamlogos/ncaa/500/153.png,UNC,7bafd4,13294b,home,true,78,258,Cavaliers,Virginia,Virginia Cavaliers,UVA,https://a.espncdn.com/i/teamlogos/ncaa/500/258.png,f84c1e,ffffff,72
250650150,2005,2,2005-03-06,2005-03-06T15:00:00.000000-0500,4857,Crystal Langhorne,120,Terrapins,Maryland,Maryland,,2,8,0,0,7,8,3,2,5,0,0,0,0,3,11,true,false,false,true,,C. Langhorne,,Not Available,NA,Maryland Terrapins,s:40~l:54~t:120,maryland-terrapins,https://a.espncdn.com/i/teamlogos/ncaa/500/120.png,MD,D5002B,ffcd00,away,false,44,150,Blue Devils,Duke,Duke Blue Devils,DUKE,https://a.espncdn.com/i/teamlogos/ncaa/500/150.png,013088,ffffff,74
250650150,2005,2,2005-03-06,2005-03-06T15:00:00.000000-0500,4856,Jade Perry,120,Terrapins,Maryland,Maryland,,0,4,0,0,0,0,0,1,1,0,0,0,0,1,0,true,false,false,true,,J. Perry,,Not Available,NA,Maryland Terrapins,s:40~l:54~t:120,maryland-terrapins,https://a.espncdn.com/i/teamlogos/ncaa/500/120.png,MD,D5002B,ffcd00,away,false,44,150,Blue Devils,Duke,Duke Blue Devils,DUKE,https://a.espncdn.com/i/teamlogos/ncaa/500/150.png,013088,ffffff,74
250650150,2005,2,2005-03-06,2005-03-06T15:00:00.000000-0500,4315,Kalika France,120,Terrapins,Maryland,Maryland,,2,16,0,3,1,2,1,4,5,0,0,0,0,4,5,true,false,false,true,,K. France,,Not Available,NA,Maryland Terrapins,s:40~l:54~t:120,maryland-terrapins,https://a.espncdn.com/i/teamlogos/ncaa/500/120.png,MD,D5002B,ffcd00,away,false,44,150,Blue Devils,Duke,Duke Blue Devils,DUKE,https://a.espncdn.com/i/teamlogos/ncaa/500/150.png,013088,ffffff,74
250650150,2005,2,2005-03-06,2005-03-06T15:00:00.000000-0500,4314,Shay Doron,120,Terrapins,Maryland,Maryland,,3,10,0,4,0,0,1,0,1,0,0,0,0,5,6,true,false,false,true,,S. Doron,,Not Available,NA,Maryland Terrapins,s:40~l:54~t:120,maryland-terrapins,https://a.espncdn.com/i/teamlogos/ncaa/500/120.png,MD,D5002B,ffcd00,away,false,44,150,Blue Devils,Duke,Duke Blue Devils,DUKE,https://a.espncdn.com/i/teamlogos/ncaa/500/150.png,013088,ffffff,74
250650150,2005,2,2005-03-06,2005-03-06T15:00:00.000000-0500,1084,Anesia Smith,120,Terrapins,Maryland,Maryland,,6,8,0,0,0,1,1,2,3,0,0,0,0,2,12,true,false,false,true,,A. Smith,,Not Available,NA,Maryland Terrapins,s:40~l:54~t:120,maryland-terrapins,https://a.espncdn.com/i/teamlogos/ncaa/500/120.png,MD,D5002B,ffcd00,away,false,44,150,Blue Devils,Duke,Duke Blue Devils,DUKE,https://a.espncdn.com/i/teamlogos/ncaa/500/150.png,013088,ffffff,74
250650150,2005,2,2005-03-06,2005-03-06T15:00:00.000000-0500,3713,Alison Bales,150,Blue Devils,Duke,Duke,,2,5,0,0,1,2,1,1,2,0,0,0,0,4,5,true,false,false,true,,A. Bales,,Not Available,NA,Duke Blue Devils,s:40~l:54~t:150,duke-blue-devils,https://a.espncdn.com/i/teamlogos/ncaa/500/150.png,DUKE,013088,ffffff,home,true,74,120,Terrapins,Maryland,Maryland Terrapins,MD,https://a.espncdn.com/i/teamlogos/ncaa/500/120.png,D5002B,ffcd00,44
250650150,2005,2,2005-03-06,2005-03-06T15:00:00.000000-0500,2475,Mistie McCray Bass,150,Blue Devils,Duke,Duke,,4,7,0,0,6,6,1,3,4,0,0,0,0,1,14,true,false,false,true,,M. Bass,,Not Available,NA,Duke Blue Devils,s:40~l:54~t:150,duke-blue-devils,https://a.espncdn.com/i/teamlogos/ncaa/500/150.png,DUKE,013088,ffffff,home,true,74,120,Terrapins,Maryland,Maryland Terrapins,MD,https://a.espncdn.com/i/teamlogos/ncaa/500/120.png,D5002B,ffcd00,44
250650150,2005,2,2005-03-06,2005-03-06T15:00:00.000000-0500,438,Monique Currie,150,Blue Devils,Duke,Duke,,4,11,1,3,4,4,3,5,8,0,0,0,0,2,13,true,false,false,true,,M. Currie,,Not Available,NA,Duke Blue Devils,s:40~l:54~t:150,duke-blue-devils,https://a.espncdn.com/i/teamlogos/ncaa/500/150.png,DUKE,013088,ffffff,home,true,74,120,Terrapins,Maryland,Maryland Terrapins,MD,https://a.espncdn.com/i/teamlogos/ncaa/500/120.png,D5002B,ffcd00,44
250650150,2005,2,2005-03-06,2005-03-06T15:00:00.000000-0500,4819,Wanisha Smith,150,Blue Devils,Duke,Duke,,3,7,0,2,4,4,0,3,3,0,0,0,0,2,10,true,false,false,true,,W. Smith,,Not Available,NA,Duke Blue Devils,s:40~l:54~t:150,duke-blue-devils,https://a.espncdn.com/i/teamlogos/ncaa/500/150.png,DUKE,013088,ffffff,home,true,74,120,Terrapins,Maryland,Maryland Terrapins,MD,https://a.espncdn.com/i/teamlogos/ncaa/500/120.png,D5002B,ffcd00,44
250650150,2005,2,2005-03-06,2005-03-06T15:00:00.000000-0500,2631,Jessica Foley,150,Blue Devils,Duke,Duke,,2,9,1,4,6,6,1,4,5,0,0,0,0,1,11,true,false,false,true,,J. Foley,,Not Available,NA,Duke Blue Devils,s:40~l:54~t:150,duke-blue-devils,https://a.espncdn.com/i/teamlogos/ncaa/500/150.png,DUKE,013088,ffffff,home,true,74,120,Terrapins,Maryland,Maryland Terrapins,MD,https://a.espncdn.com/i/teamlogos/ncaa/500/120.png,D5002B,ffcd00,44
250650127,2005,2,2005-03-06,2005-03-06T18:00:00.000000-0500,3748,Amanda Brown,213,Lady Lions,Penn State,Penn State,,6,8,0,0,1,1,0,5,5,0,0,0,0,4,13,true,false,false,true,,A. Brown,,Not Available,NA,Penn State Lady Lions,s:40~l:54~t:213,penn-state-lady-lions,https://a.espncdn.com/i/teamlogos/ncaa/500/213.png,PSU,00265D,002e5c,away,false,76,127,Spartans,Michigan State,Michigan State Spartans,MSU,https://a.espncdn.com/i/teamlogos/ncaa/500/127.png,18453B,ffffff,83
250650127,2005,2,2005-03-06,2005-03-06T18:00:00.000000-0500,1554,Ashli Schwab,213,Lady Lions,Penn State,Penn State,,3,4,0,0,0,0,1,0,1,0,0,0,0,3,6,true,false,false,true,,A. Schwab,,Not Available,NA,Penn State Lady Lions,s:40~l:54~t:213,penn-state-lady-lions,https://a.espncdn.com/i/teamlogos/ncaa/500/213.png,PSU,00265D,002e5c,away,false,76,127,Spartans,Michigan State,Michigan State Spartans,MSU,https://a.espncdn.com/i/teamlogos/ncaa/500/127.png,18453B,ffffff,83
250650127,2005,2,2005-03-06,2005-03-06T18:00:00.000000-0500,1556,Tanisha Wright,213,Lady Lions,Penn State,Penn State,,5,10,1,1,4,7,3,2,5,0,0,0,0,5,12,true,false,false,true,,T. Wright,,Not Available,NA,Penn State Lady Lions,s:40~l:54~t:213,penn-state-lady-lions,https://a.espncdn.com/i/teamlogos/ncaa/500/213.png,PSU,00265D,002e5c,away,false,76,127,Spartans,Michigan State,Michigan State Spartans,MSU,https://a.espncdn.com/i/teamlogos/ncaa/500/127.png,18453B,ffffff,83
250650127,2005,2,2005-03-06,2005-03-06T18:00:00.000000-0500,1555,Jess Strom,213,Lady Lions,Penn State,Penn State,,6,11,3,8,1,1,0,2,2,0,0,0,0,3,16,true,false,false,true,,J. Strom,,Not Available,NA,Penn State Lady Lions,s:40~l:54~t:213,penn-state-lady-lions,https://a.espncdn.com/i/teamlogos/ncaa/500/213.png,PSU,00265D,002e5c,away,false,76,127,Spartans,Michigan State,Michigan State Spartans,MSU,https://a.espncdn.com/i/teamlogos/ncaa/500/127.png,18453B,ffffff,83
250650127,2005,2,2005-03-06,2005-03-06T18:00:00.000000-0500,1550,Jennifer Brenden,213,Lady Lions,Penn State,Penn State,,9,12,6,9,0,0,1,5,6,0,0,0,0,5,24,true,false,false,true,,J. Brenden,,Not Available,NA,Penn State Lady Lions,s:40~l:54~t:213,penn-state-lady-lions,https://a.espncdn.com/i/teamlogos/ncaa/500/213.png,PSU,00265D,002e5c,away,false,76,127,Spartans,Michigan State,Michigan State Spartans,MSU,https://a.espncdn.com/i/teamlogos/ncaa/500/127.png,18453B,ffffff,83
250650127,2005,2,2005-03-06,2005-03-06T18:00:00.000000-0500,1171,Kelli Roehrig,127,Spartans,Michigan State,Michigan St,,6,11,0,0,7,8,4,3,7,0,0,0,0,2,19,true,false,false,true,,K. Roehrig,,Not Available,NA,Michigan State Spartans,s:40~l:54~t:127,michigan-state-spartans,https://a.espncdn.com/i/teamlogos/ncaa/500/127.png,MSU,18453B,ffffff,home,true,83,213,Lady Lions,Penn State,Penn State Lady Lions,PSU,https://a.espncdn.com/i/teamlogos/ncaa/500/213.png,00265D,002e5c,76
250650127,2005,2,2005-03-06,2005-03-06T18:00:00.000000-0500,3299,Liz Shimek,127,Spartans,Michigan State,Michigan St,,5,10,1,2,7,8,1,3,4,0,0,0,0,1,18,true,false,false,true,,L. Shimek,,Not Available,NA,Michigan State Spartans,s:40~l:54~t:127,michigan-state-spartans,https://a.espncdn.com/i/teamlogos/ncaa/500/127.png,MSU,18453B,ffffff,home,true,83,213,Lady Lions,Penn State,Penn State Lady Lions,PSU,https://a.espncdn.com/i/teamlogos/ncaa/500/213.png,00265D,002e5c,76
250650127,2005,2,2005-03-06,2005-03-06T18:00:00.000000-0500,4086,Victoria Lucas-Perry,127,Spartans,Michigan State,Michigan St,,2,5,0,0,3,3,2,1,3,0,0,0,0,2,7,true,false,false,true,,V. Lucas-Perry,,Not Available,NA,Michigan State Spartans,s:40~l:54~t:127,michigan-state-spartans,https://a.espncdn.com/i/teamlogos/ncaa/500/127.png,MSU,18453B,ffffff,home,true,83,213,Lady Lions,Penn State,Penn State Lady Lions,PSU,https://a.espncdn.com/i/teamlogos/ncaa/500/213.png,00265D,002e5c,76
250650127,2005,2,2005-03-06,2005-03-06T18:00:00.000000-0500,3295,Lindsay Bowen,127,Spartans,Michigan State,Michigan St,,3,8,3,5,1,2,0,2,2,0,0,0,0,3,10,true,false,false,true,,L. Bowen,,Not Available,NA,Michigan State Spartans,s:40~l:54~t:127,michigan-state-spartans,https://a.espncdn.com/i/teamlogos/ncaa/500/127.png,MSU,18453B,ffffff,home,true,83,213,Lady Lions,Penn State,Penn State Lady Lions,PSU,https://a.espncdn.com/i/teamlogos/ncaa/500/213.png,00265D,002e5c,76
250650127,2005,2,2005-03-06,2005-03-06T18:00:00.000000-0500,1167,Kristin Haynie,127,Spartans,Michigan State,Michigan St,,7,7,2,2,2,2,0,7,7,0,0,0,0,2,18,true,false,false,true,,K. Haynie,,Not Available,NA,Michigan State Spartans,s:40~l:54~t:127,michigan-state-spartans,https://a.espncdn.com/i/teamlogos/ncaa/500/127.png,MSU,18453B,ffffff,home,true,83,213,Lady Lions,Penn State,Penn State Lady Lions,PSU,https://a.espncdn.com/i/teamlogos/ncaa/500/213.png,00265D,002e5c,76
250652483,2005,2,2005-03-06,2005-03-06T15:30:00.000000-0500,3842,Aubree Johnson,9,Sun Devils,Arizona State,Arizona State,,6,10,0,0,2,2,1,2,3,0,0,0,0,1,14,true,false,false,true,,A. Johnson,,Not Available,NA,Arizona State Sun Devils,s:40~l:54~t:9,arizona-state-sun-devils,https://a.espncdn.com/i/teamlogos/ncaa/500/9.png,ASU,942139,f1f2f3,away,true,54,2483,Ducks,Oregon,Oregon Ducks,ORE,https://a.espncdn.com/i/teamlogos/ncaa/500/2483.png,044520,fee123,47
250652483,2005,2,2005-03-06,2005-03-06T15:30:00.000000-0500,3841,Emily Westerberg,9,Sun Devils,Arizona State,Arizona State,,4,14,1,4,3,4,3,6,9,0,0,0,0,3,12,true,false,false,true,,E. Westerberg,,Not Available,NA,Arizona State Sun Devils,s:40~l:54~t:9,arizona-state-sun-devils,https://a.espncdn.com/i/teamlogos/ncaa/500/9.png,ASU,942139,f1f2f3,away,true,54,2483,Ducks,Oregon,Oregon Ducks,ORE,https://a.espncdn.com/i/teamlogos/ncaa/500/2483.png,044520,fee123,47
250652483,2005,2,2005-03-06,2005-03-06T15:30:00.000000-0500,2402,Kristen Kovesdy,9,Sun Devils,Arizona State,Arizona State,,4,8,0,0,0,0,0,1,1,0,0,0,0,4,8,true,false,false,true,,K. Kovesdy,,Not Available,NA,Arizona State Sun Devils,s:40~l:54~t:9,arizona-state-sun-devils,https://a.espncdn.com/i/teamlogos/ncaa/500/9.png,ASU,942139,f1f2f3,away,true,54,2483,Ducks,Oregon,Oregon Ducks,ORE,https://a.espncdn.com/i/teamlogos/ncaa/500/2483.png,044520,fee123,47
250652483,2005,2,2005-03-06,2005-03-06T15:30:00.000000-0500,43,Kylan Loney,9,Sun Devils,Arizona State,Arizona State,,1,4,1,3,0,0,0,0,0,0,0,0,0,1,3,true,false,false,true,,K. Loney,,Not Available,NA,Arizona State Sun Devils,s:40~l:54~t:9,arizona-state-sun-devils,https://a.espncdn.com/i/teamlogos/ncaa/500/9.png,ASU,942139,f1f2f3,away,true,54,2483,Ducks,Oregon,Oregon Ducks,ORE,https://a.espncdn.com/i/teamlogos/ncaa/500/2483.png,044520,fee123,47
250652483,2005,2,2005-03-06,2005-03-06T15:30:00.000000-0500,42,Carrie Buckner,9,Sun Devils,Arizona State,Arizona State,,1,5,0,0,5,6,2,3,5,0,0,0,0,3,7,true,false,false,true,,C. Buckner,,Not Available,NA,Arizona State Sun Devils,s:40~l:54~t:9,arizona-state-sun-devils,https://a.espncdn.com/i/teamlogos/ncaa/500/9.png,ASU,942139,f1f2f3,away,true,54,2483,Ducks,Oregon,Oregon Ducks,ORE,https://a.espncdn.com/i/teamlogos/ncaa/500/2483.png,044520,fee123,47
250652483,2005,2,2005-03-06,2005-03-06T15:30:00.000000-0500,1527,Andrea Bills,2483,Ducks,Oregon,Oregon,,5,6,0,0,1,2,0,4,4,0,0,0,0,3,11,true,false,false,true,,A. Bills,,Not Available,NA,Oregon Ducks,s:40~l:54~t:2483,oregon-ducks,https://a.espncdn.com/i/teamlogos/ncaa/500/2483.png,ORE,044520,fee123,home,false,47,9,Sun Devils,Arizona State,Arizona State Sun Devils,ASU,https://a.espncdn.com/i/teamlogos/ncaa/500/9.png,942139,f1f2f3,54
250652483,2005,2,2005-03-06,2005-03-06T15:30:00.000000-0500,4927,Kristen Forristall,2483,Ducks,Oregon,Oregon,,1,3,0,1,5,6,0,0,0,0,0,0,0,3,7,true,false,false,true,,K. Forristall,,Not Available,NA,Oregon Ducks,s:40~l:54~t:2483,oregon-ducks,https://a.espncdn.com/i/teamlogos/ncaa/500/2483.png,ORE,044520,fee123,home,false,47,9,Sun Devils,Arizona State,Arizona State Sun Devils,ASU,https://a.espncdn.com/i/teamlogos/ncaa/500/9.png,942139,f1f2f3,54
250652483,2005,2,2005-03-06,2005-03-06T15:30:00.000000-0500,1531,Cathrine Kraayeveld,2483,Ducks,Oregon,Oregon,,6,14,0,1,2,2,2,2,4,0,0,0,0,1,14,true,false,false,true,,C. Kraayeveld,,Not Available,NA,Oregon Ducks,s:40~l:54~t:2483,oregon-ducks,https://a.espncdn.com/i/teamlogos/ncaa/500/2483.png,ORE,044520,fee123,home,false,47,9,Sun Devils,Arizona State,Arizona State Sun Devils,ASU,https://a.espncdn.com/i/teamlogos/ncaa/500/9.png,942139,f1f2f3,54
250652483,2005,2,2005-03-06,2005-03-06T15:30:00.000000-0500,1916,Corrie Mizusawa,2483,Ducks,Oregon,Oregon,,3,7,0,0,2,2,0,5,5,0,0,0,0,0,8,true,false,false,true,,C. Mizusawa,,Not Available,NA,Oregon Ducks,s:40~l:54~t:2483,oregon-ducks,https://a.espncdn.com/i/teamlogos/ncaa/500/2483.png,ORE,044520,fee123,home,false,47,9,Sun Devils,Arizona State,Arizona State Sun Devils,ASU,https://a.espncdn.com/i/teamlogos/ncaa/500/9.png,942139,f1f2f3,54
250652483,2005,2,2005-03-06,2005-03-06T15:30:00.000000-0500,1528,Brandi Davis,2483,Ducks,Oregon,Oregon,,2,9,1,4,0,0,1,1,2,0,0,0,0,2,5,true,false,false,true,,B. Davis,,Not Available,NA,Oregon Ducks,s:40~l:54~t:2483,oregon-ducks,https://a.espncdn.com/i/teamlogos/ncaa/500/2483.png,ORE,044520,fee123,home,false,47,9,Sun Devils,Arizona State,Arizona State Sun Devils,ASU,https://a.espncdn.com/i/teamlogos/ncaa/500/9.png,942139,f1f2f3,54
250640099,2005,2,2005-03-05,2005-03-05T19:00:00.000000-0500,4838,Tasha Humphrey,61,Lady Bulldogs,Georgia,Georgia,,13,20,2,4,5,6,2,2,4,0,0,0,0,4,33,true,false,false,true,,T. Humphrey,,Not Available,NA,Georgia Lady Bulldogs,s:40~l:54~t:61,georgia-lady-bulldogs,https://a.espncdn.com/i/teamlogos/ncaa/500/61.png,UGA,CC0000,000000,away,false,65,99,Tigers,LSU,LSU Tigers,LSU,https://a.espncdn.com/i/teamlogos/ncaa/500/99.png,461d7c,fdd023,79
250640099,2005,2,2005-03-05,2005-03-05T19:00:00.000000-0500,3743,Rebecca Rowsey,61,Lady Bulldogs,Georgia,Georgia,,0,3,0,1,0,0,2,2,4,0,0,0,0,2,0,true,false,false,true,,R. Rowsey,,Not Available,NA,Georgia Lady Bulldogs,s:40~l:54~t:61,georgia-lady-bulldogs,https://a.espncdn.com/i/teamlogos/ncaa/500/61.png,UGA,CC0000,000000,away,false,65,99,Tigers,LSU,LSU Tigers,LSU,https://a.espncdn.com/i/teamlogos/ncaa/500/99.png,461d7c,fdd023,79
250640099,2005,2,2005-03-05,2005-03-05T19:00:00.000000-0500,3744,Cori Chambers,61,Lady Bulldogs,Georgia,Georgia,,3,10,0,5,0,1,1,7,8,0,0,0,0,1,6,true,false,false,true,,C. Chambers,,Not Available,NA,Georgia Lady Bulldogs,s:40~l:54~t:61,georgia-lady-bulldogs,https://a.espncdn.com/i/teamlogos/ncaa/500/61.png,UGA,CC0000,000000,away,false,65,99,Tigers,LSU,LSU Tigers,LSU,https://a.espncdn.com/i/teamlogos/ncaa/500/99.png,461d7c,fdd023,79
250640099,2005,2,2005-03-05,2005-03-05T19:00:00.000000-0500,2493,Alexis Kendrick,61,Lady Bulldogs,Georgia,Georgia,,4,8,1,3,2,2,0,5,5,0,0,0,0,3,11,true,false,false,true,,A. Kendrick,,Not Available,NA,Georgia Lady Bulldogs,s:40~l:54~t:61,georgia-lady-bulldogs,https://a.espncdn.com/i/teamlogos/ncaa/500/61.png,UGA,CC0000,000000,away,false,65,99,Tigers,LSU,LSU Tigers,LSU,https://a.espncdn.com/i/teamlogos/ncaa/500/99.png,461d7c,fdd023,79
250640099,2005,2,2005-03-05,2005-03-05T19:00:00.000000-0500,2411,Sherill Baker,61,Lady Bulldogs,Georgia,Georgia,,4,11,0,2,1,1,0,2,2,0,0,0,0,2,9,true,false,false,true,,S. Baker,,Not Available,NA,Georgia Lady Bulldogs,s:40~l:54~t:61,georgia-lady-bulldogs,https://a.espncdn.com/i/teamlogos/ncaa/500/61.png,UGA,CC0000,000000,away,false,65,99,Tigers,LSU,LSU Tigers,LSU,https://a.espncdn.com/i/teamlogos/ncaa/500/99.png,461d7c,fdd023,79
250640099,2005,2,2005-03-05,2005-03-05T19:00:00.000000-0500,1043,Tillie Willis,99,Tigers,LSU,LSU,,1,1,0,0,0,0,0,1,1,0,0,0,0,3,2,true,false,false,true,,T. Willis,,Not Available,NA,LSU Tigers,s:40~l:54~t:99,lsu-tigers,https://a.espncdn.com/i/teamlogos/ncaa/500/99.png,LSU,461d7c,fdd023,home,true,79,61,Lady Bulldogs,Georgia,Georgia Lady Bulldogs,UGA,https://a.espncdn.com/i/teamlogos/ncaa/500/61.png,CC0000,000000,65
250640099,2005,2,2005-03-05,2005-03-05T19:00:00.000000-0500,2635,Seimone Augustus,99,Tigers,LSU,LSU,,9,17,0,0,4,4,2,7,9,0,0,0,0,1,22,true,false,false,true,,S. Augustus,,Not Available,NA,LSU Tigers,s:40~l:54~t:99,lsu-tigers,https://a.espncdn.com/i/teamlogos/ncaa/500/99.png,LSU,461d7c,fdd023,home,true,79,61,Lady Bulldogs,Georgia,Georgia Lady Bulldogs,UGA,https://a.espncdn.com/i/teamlogos/ncaa/500/61.png,CC0000,000000,65
250640099,2005,2,2005-03-05,2005-03-05T19:00:00.000000-0500,1042,Wendlyn Jones,99,Tigers,LSU,LSU,,4,7,0,0,2,4,2,1,3,0,0,0,0,0,10,true,false,false,true,,W. Jones,,Not Available,NA,LSU Tigers,s:40~l:54~t:99,lsu-tigers,https://a.espncdn.com/i/teamlogos/ncaa/500/99.png,LSU,461d7c,fdd023,home,true,79,61,Lady Bulldogs,Georgia,Georgia Lady Bulldogs,UGA,https://a.espncdn.com/i/teamlogos/ncaa/500/61.png,CC0000,000000,65
250640099,2005,2,2005-03-05,2005-03-05T19:00:00.000000-0500,3715,Scholanda Hoston,99,Tigers,LSU,LSU,,2,4,0,1,2,2,1,2,3,0,0,0,0,1,6,true,false,false,true,,S. Hoston,,Not Available,NA,LSU Tigers,s:40~l:54~t:99,lsu-tigers,https://a.espncdn.com/i/teamlogos/ncaa/500/99.png,LSU,461d7c,fdd023,home,true,79,61,Lady Bulldogs,Georgia,Georgia Lady Bulldogs,UGA,https://a.espncdn.com/i/teamlogos/ncaa/500/61.png,CC0000,000000,65
250640099,2005,2,2005-03-05,2005-03-05T19:00:00.000000-0500,1041,Temeka Johnson,99,Tigers,LSU,LSU,,4,10,0,0,3,4,0,4,4,0,0,0,0,3,11,true,false,false,true,,T. Johnson,,Not Available,NA,LSU Tigers,s:40~l:54~t:99,lsu-tigers,https://a.espncdn.com/i/teamlogos/ncaa/500/99.png,LSU,461d7c,fdd023,home,true,79,61,Lady Bulldogs,Georgia,Georgia Lady Bulldogs,UGA,https://a.espncdn.com/i/teamlogos/ncaa/500/61.png,CC0000,000000,65
250642633,2005,2,2005-03-05,2005-03-05T21:15:00.000000-0500,3776,Carla Thomas,238,Commodores,Vanderbilt,Vanderbilt,,4,8,0,0,0,0,2,3,5,0,0,0,0,3,8,true,false,false,true,,C. Thomas,,Not Available,NA,Vanderbilt Commodores,s:40~l:54~t:238,vanderbilt-commodores,https://a.espncdn.com/i/teamlogos/ncaa/500/238.png,VAN,000000,231f20,away,false,73,2633,Lady Volunteers,Tennessee,Tennessee Lady Volunteers,TENN,https://a.espncdn.com/i/teamlogos/ncaa/500/2633_ncw.png,ff8200,ffffff,76
250642633,2005,2,2005-03-05,2005-03-05T21:15:00.000000-0500,2172,Ashley Earley,238,Commodores,Vanderbilt,Vanderbilt,,10,11,0,0,0,2,0,3,3,0,0,0,0,2,20,true,false,false,true,,A. Earley,,Not Available,NA,Vanderbilt Commodores,s:40~l:54~t:238,vanderbilt-commodores,https://a.espncdn.com/i/teamlogos/ncaa/500/238.png,VAN,000000,231f20,away,false,73,2633,Lady Volunteers,Tennessee,Tennessee Lady Volunteers,TENN,https://a.espncdn.com/i/teamlogos/ncaa/500/2633_ncw.png,ff8200,ffffff,76
250642633,2005,2,2005-03-05,2005-03-05T21:15:00.000000-0500,3778,Dee Davis,238,Commodores,Vanderbilt,Vanderbilt,,4,7,1,2,2,4,2,1,3,0,0,0,0,1,11,true,false,false,true,,D. Davis,,Not Available,NA,Vanderbilt Commodores,s:40~l:54~t:238,vanderbilt-commodores,https://a.espncdn.com/i/teamlogos/ncaa/500/238.png,VAN,000000,231f20,away,false,73,2633,Lady Volunteers,Tennessee,Tennessee Lady Volunteers,TENN,https://a.espncdn.com/i/teamlogos/ncaa/500/2633_ncw.png,ff8200,ffffff,76
250642633,2005,2,2005-03-05,2005-03-05T21:15:00.000000-0500,3775,Caroline Williams,238,Commodores,Vanderbilt,Vanderbilt,,5,10,5,8,0,0,0,5,5,0,0,0,0,1,15,true,false,false,true,,C. Williams,,Not Available,NA,Vanderbilt Commodores,s:40~l:54~t:238,vanderbilt-commodores,https://a.espncdn.com/i/teamlogos/ncaa/500/238.png,VAN,000000,231f20,away,false,73,2633,Lady Volunteers,Tennessee,Tennessee Lady Volunteers,TENN,https://a.espncdn.com/i/teamlogos/ncaa/500/2633_ncw.png,ff8200,ffffff,76
250642633,2005,2,2005-03-05,2005-03-05T21:15:00.000000-0500,2177,Abi Ramsey,238,Commodores,Vanderbilt,Vanderbilt,,7,14,5,11,0,0,0,2,2,0,0,0,0,2,19,true,false,false,true,,A. Ramsey,,Not Available,NA,Vanderbilt Commodores,s:40~l:54~t:238,vanderbilt-commodores,https://a.espncdn.com/i/teamlogos/ncaa/500/238.png,VAN,000000,231f20,away,false,73,2633,Lady Volunteers,Tennessee,Tennessee Lady Volunteers,TENN,https://a.espncdn.com/i/teamlogos/ncaa/500/2633_ncw.png,ff8200,ffffff,76
250642633,2005,2,2005-03-05,2005-03-05T21:15:00.000000-0500,4839,Nicky Anosike,2633,Lady Volunteers,Tennessee,Tennessee,,2,8,0,0,2,4,1,1,2,0,0,0,0,5,6,true,false,false,true,,N. Anosike,,Not Available,NA,Tennessee Lady Volunteers,s:40~l:54~t:2633,tennessee-lady-volunteers,https://a.espncdn.com/i/teamlogos/ncaa/500/2633_ncw.png,TENN,ff8200,ffffff,home,true,76,238,Commodores,Vanderbilt,Vanderbilt Commodores,VAN,https://a.espncdn.com/i/teamlogos/ncaa/500/238.png,000000,231f20,73
250642633,2005,2,2005-03-05,2005-03-05T21:15:00.000000-0500,2005,Shyra Ely,2633,Lady Volunteers,Tennessee,Tennessee,,6,13,0,0,1,1,5,6,11,0,0,0,0,1,13,true,false,false,true,,S. Ely,,Not Available,NA,Tennessee Lady Volunteers,s:40~l:54~t:2633,tennessee-lady-volunteers,https://a.espncdn.com/i/teamlogos/ncaa/500/2633_ncw.png,TENN,ff8200,ffffff,home,true,76,238,Commodores,Vanderbilt,Vanderbilt Commodores,VAN,https://a.espncdn.com/i/teamlogos/ncaa/500/238.png,000000,231f20,73
250642633,2005,2,2005-03-05,2005-03-05T21:15:00.000000-0500,4840,Alexis Hornbuckle,2633,Lady Volunteers,Tennessee,Tennessee,,6,8,0,0,0,0,0,3,3,0,0,0,0,1,12,true,false,false,true,,A. Hornbuckle,,Not Available,NA,Tennessee Lady Volunteers,s:40~l:54~t:2633,tennessee-lady-volunteers,https://a.espncdn.com/i/teamlogos/ncaa/500/2633_ncw.png,TENN,ff8200,ffffff,home,true,76,238,Commodores,Vanderbilt,Vanderbilt Commodores,VAN,https://a.espncdn.com/i/teamlogos/ncaa/500/238.png,000000,231f20,73
250642633,2005,2,2005-03-05,2005-03-05T21:15:00.000000-0500,3707,Sidney Spencer,2633,Lady Volunteers,Tennessee,Tennessee,,6,10,4,6,2,2,0,0,0,0,0,0,0,1,18,true,false,false,true,,S. Spencer,,Not Available,NA,Tennessee Lady Volunteers,s:40~l:54~t:2633,tennessee-lady-volunteers,https://a.espncdn.com/i/teamlogos/ncaa/500/2633_ncw.png,TENN,ff8200,ffffff,home,true,76,238,Commodores,Vanderbilt,Vanderbilt Commodores,VAN,https://a.espncdn.com/i/teamlogos/ncaa/500/238.png,000000,231f20,73
250642633,2005,2,2005-03-05,2005-03-05T21:15:00.000000-0500,2006,Loree Moore,2633,Lady Volunteers,Tennessee,Tennessee,,2,7,0,1,0,0,3,1,4,0,0,0,0,1,4,true,false,false,true,,L. Moore,,Not Available,NA,Tennessee Lady Volunteers,s:40~l:54~t:2633,tennessee-lady-volunteers,https://a.espncdn.com/i/teamlogos/ncaa/500/2633_ncw.png,TENN,ff8200,ffffff,home,true,76,238,Commodores,Vanderbilt,Vanderbilt Commodores,VAN,https://a.espncdn.com/i/teamlogos/ncaa/500/238.png,000000,231f20,73
250600277,2005,2,2005-03-01,2005-03-01T19:00:00.000000-0500,316,Jessica Moore,41,Huskies,UConn,UConn,,4,8,0,0,3,3,2,8,10,0,0,0,0,2,11,true,false,false,true,,J. Moore,,Not Available,NA,UConn Huskies,s:40~l:54~t:41,uconn-huskies,https://a.espncdn.com/i/teamlogos/ncaa/500/41.png,CONN,0c2340,f1f2f3,away,true,71,277,Mountaineers,West Virginia,West Virginia Mountaineers,WVU,https://a.espncdn.com/i/teamlogos/ncaa/500/277.png,FFC600,eaaa00,41
250600277,2005,2,2005-03-01,2005-03-01T19:00:00.000000-0500,2409,Barbara Turner,41,Huskies,UConn,UConn,,4,4,0,0,1,1,2,0,2,0,0,0,0,4,9,true,false,false,true,,B. Turner,,Not Available,NA,UConn Huskies,s:40~l:54~t:41,uconn-huskies,https://a.espncdn.com/i/teamlogos/ncaa/500/41.png,CONN,0c2340,f1f2f3,away,true,71,277,Mountaineers,West Virginia,West Virginia Mountaineers,WVU,https://a.espncdn.com/i/teamlogos/ncaa/500/277.png,FFC600,eaaa00,41
250600277,2005,2,2005-03-01,2005-03-01T19:00:00.000000-0500,2637,Ann Strother,41,Huskies,UConn,UConn,,7,17,3,9,2,2,1,5,6,0,0,0,0,0,19,true,false,false,true,,A. Strother,,Not Available,NA,UConn Huskies,s:40~l:54~t:41,uconn-huskies,https://a.espncdn.com/i/teamlogos/ncaa/500/41.png,CONN,0c2340,f1f2f3,away,true,71,277,Mountaineers,West Virginia,West Virginia Mountaineers,WVU,https://a.espncdn.com/i/teamlogos/ncaa/500/277.png,FFC600,eaaa00,41
250600277,2005,2,2005-03-01,2005-03-01T19:00:00.000000-0500,2410,Nicole Wolff,41,Huskies,UConn,UConn,,1,2,1,1,0,0,2,0,2,0,0,0,0,0,3,true,false,false,true,,N. Wolff,,Not Available,NA,UConn Huskies,s:40~l:54~t:41,uconn-huskies,https://a.espncdn.com/i/teamlogos/ncaa/500/41.png,CONN,0c2340,f1f2f3,away,true,71,277,Mountaineers,West Virginia,West Virginia Mountaineers,WVU,https://a.espncdn.com/i/teamlogos/ncaa/500/277.png,FFC600,eaaa00,41
250600277,2005,2,2005-03-01,2005-03-01T19:00:00.000000-0500,311,Ashley Valley,41,Huskies,UConn,UConn,,0,2,0,1,0,0,0,1,1,0,0,0,0,0,0,true,false,false,true,,A. Valley,,Not Available,NA,UConn Huskies,s:40~l:54~t:41,uconn-huskies,https://a.espncdn.com/i/teamlogos/ncaa/500/41.png,CONN,0c2340,f1f2f3,away,true,71,277,Mountaineers,West Virginia,West Virginia Mountaineers,WVU,https://a.espncdn.com/i/teamlogos/ncaa/500/277.png,FFC600,eaaa00,41
250600277,2005,2,2005-03-01,2005-03-01T19:00:00.000000-0500,3568,Ramika McGee,277,Mountaineers,West Virginia,West Virginia,,3,4,0,1,0,0,1,1,2,0,0,0,0,0,6,true,false,false,true,,R. McGee,,Not Available,NA,West Virginia Mountaineers,s:40~l:54~t:277,west-virginia-mountaineers,https://a.espncdn.com/i/teamlogos/ncaa/500/277.png,WVU,FFC600,eaaa00,home,false,41,41,Huskies,UConn,UConn Huskies,CONN,https://a.espncdn.com/i/teamlogos/ncaa/500/41.png,0c2340,f1f2f3,71
250600277,2005,2,2005-03-01,2005-03-01T19:00:00.000000-0500,4919,Chakhia Cole,277,Mountaineers,West Virginia,West Virginia,,0,2,0,0,3,5,3,2,5,0,0,0,0,3,3,true,false,false,true,,C. Cole,,Not Available,NA,West Virginia Mountaineers,s:40~l:54~t:277,west-virginia-mountaineers,https://a.espncdn.com/i/teamlogos/ncaa/500/277.png,WVU,FFC600,eaaa00,home,false,41,41,Huskies,UConn,UConn Huskies,CONN,https://a.espncdn.com/i/teamlogos/ncaa/500/41.png,0c2340,f1f2f3,71
250600277,2005,2,2005-03-01,2005-03-01T19:00:00.000000-0500,4690,Meg Bulger,277,Mountaineers,West Virginia,West Virginia,,3,13,1,4,1,2,1,4,5,0,0,0,0,4,8,true,false,false,true,,M. Bulger,,Not Available,NA,West Virginia Mountaineers,s:40~l:54~t:277,west-virginia-mountaineers,https://a.espncdn.com/i/teamlogos/ncaa/500/277.png,WVU,FFC600,eaaa00,home,false,41,41,Huskies,UConn,UConn Huskies,CONN,https://a.espncdn.com/i/teamlogos/ncaa/500/41.png,0c2340,f1f2f3,71
250600277,2005,2,2005-03-01,2005-03-01T19:00:00.000000-0500,2259,Sherell Sowho,277,Mountaineers,West Virginia,West Virginia,,2,5,2,5,0,0,1,0,1,0,0,0,0,3,6,true,false,false,true,,S. Sowho,,Not Available,NA,West Virginia Mountaineers,s:40~l:54~t:277,west-virginia-mountaineers,https://a.espncdn.com/i/teamlogos/ncaa/500/277.png,WVU,FFC600,eaaa00,home,false,41,41,Huskies,UConn,UConn Huskies,CONN,https://a.espncdn.com/i/teamlogos/ncaa/500/41.png,0c2340,f1f2f3,71
250600277,2005,2,2005-03-01,2005-03-01T19:00:00.000000-0500,2258,Yolanda Paige,277,Mountaineers,West Virginia,West Virginia,,3,12,0,1,3,4,1,3,4,0,0,0,0,0,9,true,false,false,true,,Y. Paige,,Not Available,NA,West Virginia Mountaineers,s:40~l:54~t:277,west-virginia-mountaineers,https://a.espncdn.com/i/teamlogos/ncaa/500/277.png,WVU,FFC600,eaaa00,home,false,41,41,Huskies,UConn,UConn Huskies,CONN,https://a.espncdn.com/i/teamlogos/ncaa/500/41.png,0c2340,f1f2f3,71
250580099,2005,2,2005-02-27,2005-02-27T14:00:00.000000-0500,3868,Natashia Morehead,57,Gators,Florida,Florida,,6,15,3,6,2,3,4,2,6,0,0,0,0,3,17,true,false,false,true,,N. Morehead,,Not Available,NA,Florida Gators,s:40~l:54~t:57,florida-gators,https://a.espncdn.com/i/teamlogos/ncaa/500/57.png,FLA,0021a5,fa4616,away,false,52,99,Tigers,LSU,LSU Tigers,LSU,https://a.espncdn.com/i/teamlogos/ncaa/500/99.png,461d7c,fdd023,76
250580099,2005,2,2005-02-27,2005-02-27T14:00:00.000000-0500,2386,Dalila Eshe,57,Gators,Florida,Florida,,3,9,0,0,2,3,5,3,8,0,0,0,0,2,8,true,false,false,true,,D. Eshe,,Not Available,NA,Florida Gators,s:40~l:54~t:57,florida-gators,https://a.espncdn.com/i/teamlogos/ncaa/500/57.png,FLA,0021a5,fa4616,away,false,52,99,Tigers,LSU,LSU Tigers,LSU,https://a.espncdn.com/i/teamlogos/ncaa/500/99.png,461d7c,fdd023,76
250580099,2005,2,2005-02-27,2005-02-27T14:00:00.000000-0500,2385,Brittany Davis,57,Gators,Florida,Florida,,2,3,0,0,5,7,0,5,5,0,0,0,0,1,9,true,false,false,true,,B. Davis,,Not Available,NA,Florida Gators,s:40~l:54~t:57,florida-gators,https://a.espncdn.com/i/teamlogos/ncaa/500/57.png,FLA,0021a5,fa4616,away,false,52,99,Tigers,LSU,LSU Tigers,LSU,https://a.espncdn.com/i/teamlogos/ncaa/500/99.png,461d7c,fdd023,76
250580099,2005,2,2005-02-27,2005-02-27T14:00:00.000000-0500,543,Tamia Williams,57,Gators,Florida,Florida,,0,5,0,2,0,0,0,0,0,0,0,0,0,1,0,true,false,false,true,,T. Williams,,Not Available,NA,Florida Gators,s:40~l:54~t:57,florida-gators,https://a.espncdn.com/i/teamlogos/ncaa/500/57.png,FLA,0021a5,fa4616,away,false,52,99,Tigers,LSU,LSU Tigers,LSU,https://a.espncdn.com/i/teamlogos/ncaa/500/99.png,461d7c,fdd023,76
250580099,2005,2,2005-02-27,2005-02-27T14:00:00.000000-0500,538,Tishona Gregory,57,Gators,Florida,Florida,,2,4,1,2,0,0,1,1,2,0,0,0,0,2,5,true,false,false,true,,T. Gregory,,Not Available,NA,Florida Gators,s:40~l:54~t:57,florida-gators,https://a.espncdn.com/i/teamlogos/ncaa/500/57.png,FLA,0021a5,fa4616,away,false,52,99,Tigers,LSU,LSU Tigers,LSU,https://a.espncdn.com/i/teamlogos/ncaa/500/99.png,461d7c,fdd023,76
250580099,2005,2,2005-02-27,2005-02-27T14:00:00.000000-0500,1043,Tillie Willis,99,Tigers,LSU,LSU,,2,6,0,1,0,2,1,2,3,0,0,0,0,4,4,true,false,false,true,,T. Willis,,Not Available,NA,LSU Tigers,s:40~l:54~t:99,lsu-tigers,https://a.espncdn.com/i/teamlogos/ncaa/500/99.png,LSU,461d7c,fdd023,home,true,76,57,Gators,Florida,Florida Gators,FLA,https://a.espncdn.com/i/teamlogos/ncaa/500/57.png,0021a5,fa4616,52
250580099,2005,2,2005-02-27,2005-02-27T14:00:00.000000-0500,1042,Wendlyn Jones,99,Tigers,LSU,LSU,,2,2,0,0,1,1,0,2,2,0,0,0,0,1,4,true,false,false,true,,W. Jones,,Not Available,NA,LSU Tigers,s:40~l:54~t:99,lsu-tigers,https://a.espncdn.com/i/teamlogos/ncaa/500/99.png,LSU,461d7c,fdd023,home,true,76,57,Gators,Florida,Florida Gators,FLA,https://a.espncdn.com/i/teamlogos/ncaa/500/57.png,0021a5,fa4616,52
250580099,2005,2,2005-02-27,2005-02-27T14:00:00.000000-0500,3715,Scholanda Hoston,99,Tigers,LSU,LSU,,2,5,1,2,1,1,1,1,2,0,0,0,0,3,6,true,false,false,true,,S. Hoston,,Not Available,NA,LSU Tigers,s:40~l:54~t:99,lsu-tigers,https://a.espncdn.com/i/teamlogos/ncaa/500/99.png,LSU,461d7c,fdd023,home,true,76,57,Gators,Florida,Florida Gators,FLA,https://a.espncdn.com/i/teamlogos/ncaa/500/57.png,0021a5,fa4616,52
250580099,2005,2,2005-02-27,2005-02-27T14:00:00.000000-0500,2635,Seimone Augustus,99,Tigers,LSU,LSU,,7,14,1,1,4,4,1,0,1,0,0,0,0,1,19,true,false,false,true,,S. Augustus,,Not Available,NA,LSU Tigers,s:40~l:54~t:99,lsu-tigers,https://a.espncdn.com/i/teamlogos/ncaa/500/99.png,LSU,461d7c,fdd023,home,true,76,57,Gators,Florida,Florida Gators,FLA,https://a.espncdn.com/i/teamlogos/ncaa/500/57.png,0021a5,fa4616,52
250580099,2005,2,2005-02-27,2005-02-27T14:00:00.000000-0500,1041,Temeka Johnson,99,Tigers,LSU,LSU,,3,6,0,1,2,5,1,2,3,0,0,0,0,3,8,true,false,false,true,,T. Johnson,,Not Available,NA,LSU Tigers,s:40~l:54~t:99,lsu-tigers,https://a.espncdn.com/i/teamlogos/ncaa/500/99.png,LSU,461d7c,fdd023,home,true,76,57,Gators,Florida,Florida Gators,FLA,https://a.espncdn.com/i/teamlogos/ncaa/500/57.png,0021a5,fa4616,52
250580150,2005,2,2005-02-27,2005-02-27T20:00:00.000000-0500,4820,Erlana Larkins,153,Tar Heels,North Carolina,North Carolina,,5,5,0,0,10,11,2,2,4,0,0,0,0,3,20,true,false,false,true,,E. Larkins,,Not Available,NA,North Carolina Tar Heels,s:40~l:54~t:153,north-carolina-tar-heels,https://a.espncdn.com/i/teamlogos/ncaa/500/153.png,UNC,7bafd4,13294b,away,true,77,150,Blue Devils,Duke,Duke Blue Devils,DUKE,https://a.espncdn.com/i/teamlogos/ncaa/500/150.png,013088,ffffff,68
250580150,2005,2,2005-02-27,2005-02-27T20:00:00.000000-0500,1397,Nikita Bell,153,Tar Heels,North Carolina,North Carolina,,5,14,0,0,4,5,4,6,10,0,0,0,0,4,14,true,false,false,true,,N. Bell,,Not Available,NA,North Carolina Tar Heels,s:40~l:54~t:153,north-carolina-tar-heels,https://a.espncdn.com/i/teamlogos/ncaa/500/153.png,UNC,7bafd4,13294b,away,true,77,150,Blue Devils,Duke,Duke Blue Devils,DUKE,https://a.espncdn.com/i/teamlogos/ncaa/500/150.png,013088,ffffff,68
250580150,2005,2,2005-02-27,2005-02-27T20:00:00.000000-0500,3755,Ivory Latta,153,Tar Heels,North Carolina,North Carolina,,6,15,4,9,7,8,1,3,4,0,0,0,0,2,23,true,false,false,true,,I. Latta,,Not Available,NA,North Carolina Tar Heels,s:40~l:54~t:153,north-carolina-tar-heels,https://a.espncdn.com/i/teamlogos/ncaa/500/153.png,UNC,7bafd4,13294b,away,true,77,150,Blue Devils,Duke,Duke Blue Devils,DUKE,https://a.espncdn.com/i/teamlogos/ncaa/500/150.png,013088,ffffff,68
250580150,2005,2,2005-02-27,2005-02-27T20:00:00.000000-0500,3754,Camille Little,153,Tar Heels,North Carolina,North Carolina,,4,7,0,2,6,7,1,0,1,0,0,0,0,3,14,true,false,false,true,,C. Little,,Not Available,NA,North Carolina Tar Heels,s:40~l:54~t:153,north-carolina-tar-heels,https://a.espncdn.com/i/teamlogos/ncaa/500/153.png,UNC,7bafd4,13294b,away,true,77,150,Blue Devils,Duke,Duke Blue Devils,DUKE,https://a.espncdn.com/i/teamlogos/ncaa/500/150.png,013088,ffffff,68
250580150,2005,2,2005-02-27,2005-02-27T20:00:00.000000-0500,2647,La'Tangela Atkinson,153,Tar Heels,North Carolina,North Carolina,,3,10,0,2,0,0,4,5,9,0,0,0,0,3,6,true,false,false,true,,L. Atkinson,,Not Available,NA,North Carolina Tar Heels,s:40~l:54~t:153,north-carolina-tar-heels,https://a.espncdn.com/i/teamlogos/ncaa/500/153.png,UNC,7bafd4,13294b,away,true,77,150,Blue Devils,Duke,Duke Blue Devils,DUKE,https://a.espncdn.com/i/teamlogos/ncaa/500/150.png,013088,ffffff,68
250580150,2005,2,2005-02-27,2005-02-27T20:00:00.000000-0500,3713,Alison Bales,150,Blue Devils,Duke,Duke,,4,6,0,0,2,2,2,5,7,0,0,0,0,3,10,true,false,false,true,,A. Bales,,Not Available,NA,Duke Blue Devils,s:40~l:54~t:150,duke-blue-devils,https://a.espncdn.com/i/teamlogos/ncaa/500/150.png,DUKE,013088,ffffff,home,false,68,153,Tar Heels,North Carolina,North Carolina Tar Heels,UNC,https://a.espncdn.com/i/teamlogos/ncaa/500/153.png,7bafd4,13294b,77
250580150,2005,2,2005-02-27,2005-02-27T20:00:00.000000-0500,2475,Mistie McCray Bass,150,Blue Devils,Duke,Duke,,4,10,0,1,1,1,1,2,3,0,0,0,0,4,9,true,false,false,true,,M. Bass,,Not Available,NA,Duke Blue Devils,s:40~l:54~t:150,duke-blue-devils,https://a.espncdn.com/i/teamlogos/ncaa/500/150.png,DUKE,013088,ffffff,home,false,68,153,Tar Heels,North Carolina,North Carolina Tar Heels,UNC,https://a.espncdn.com/i/teamlogos/ncaa/500/153.png,7bafd4,13294b,77
250580150,2005,2,2005-02-27,2005-02-27T20:00:00.000000-0500,438,Monique Currie,150,Blue Devils,Duke,Duke,,9,17,3,5,1,2,2,2,4,0,0,0,0,5,22,true,false,false,true,,M. Currie,,Not Available,NA,Duke Blue Devils,s:40~l:54~t:150,duke-blue-devils,https://a.espncdn.com/i/teamlogos/ncaa/500/150.png,DUKE,013088,ffffff,home,false,68,153,Tar Heels,North Carolina,North Carolina Tar Heels,UNC,https://a.espncdn.com/i/teamlogos/ncaa/500/153.png,7bafd4,13294b,77
250580150,2005,2,2005-02-27,2005-02-27T20:00:00.000000-0500,4819,Wanisha Smith,150,Blue Devils,Duke,Duke,,4,8,4,6,1,2,1,0,1,0,0,0,0,4,13,true,false,false,true,,W. Smith,,Not Available,NA,Duke Blue Devils,s:40~l:54~t:150,duke-blue-devils,https://a.espncdn.com/i/teamlogos/ncaa/500/150.png,DUKE,013088,ffffff,home,false,68,153,Tar Heels,North Carolina,North Carolina Tar Heels,UNC,https://a.espncdn.com/i/teamlogos/ncaa/500/153.png,7bafd4,13294b,77
250580150,2005,2,2005-02-27,2005-02-27T20:00:00.000000-0500,2631,Jessica Foley,150,Blue Devils,Duke,Duke,,3,9,1,6,0,2,0,2,2,0,0,0,0,2,7,true,false,false,true,,J. Foley,,Not Available,NA,Duke Blue Devils,s:40~l:54~t:150,duke-blue-devils,https://a.espncdn.com/i/teamlogos/ncaa/500/150.png,DUKE,013088,ffffff,home,false,68,153,Tar Heels,North Carolina,North Carolina Tar Heels,UNC,https://a.espncdn.com/i/teamlogos/ncaa/500/153.png,7bafd4,13294b,77
250580061,2005,2,2005-02-27,2005-02-27T15:00:00.000000-0500,3776,Carla Thomas,238,Commodores,Vanderbilt,Vanderbilt,,4,11,0,0,9,10,1,7,8,0,0,0,0,3,17,true,false,false,true,,C. Thomas,,Not Available,NA,Vanderbilt Commodores,s:40~l:54~t:238,vanderbilt-commodores,https://a.espncdn.com/i/teamlogos/ncaa/500/238.png,VAN,000000,231f20,away,true,66,61,Lady Bulldogs,Georgia,Georgia Lady Bulldogs,UGA,https://a.espncdn.com/i/teamlogos/ncaa/500/61.png,CC0000,000000,59
250580061,2005,2,2005-02-27,2005-02-27T15:00:00.000000-0500,2172,Ashley Earley,238,Commodores,Vanderbilt,Vanderbilt,,7,13,0,0,0,0,4,10,14,0,0,0,0,4,14,true,false,false,true,,A. Earley,,Not Available,NA,Vanderbilt Commodores,s:40~l:54~t:238,vanderbilt-commodores,https://a.espncdn.com/i/teamlogos/ncaa/500/238.png,VAN,000000,231f20,away,true,66,61,Lady Bulldogs,Georgia,Georgia Lady Bulldogs,UGA,https://a.espncdn.com/i/teamlogos/ncaa/500/61.png,CC0000,000000,59
250580061,2005,2,2005-02-27,2005-02-27T15:00:00.000000-0500,3778,Dee Davis,238,Commodores,Vanderbilt,Vanderbilt,,4,10,1,2,9,12,0,5,5,0,0,0,0,2,18,true,false,false,true,,D. Davis,,Not Available,NA,Vanderbilt Commodores,s:40~l:54~t:238,vanderbilt-commodores,https://a.espncdn.com/i/teamlogos/ncaa/500/238.png,VAN,000000,231f20,away,true,66,61,Lady Bulldogs,Georgia,Georgia Lady Bulldogs,UGA,https://a.espncdn.com/i/teamlogos/ncaa/500/61.png,CC0000,000000,59
250580061,2005,2,2005-02-27,2005-02-27T15:00:00.000000-0500,3775,Caroline Williams,238,Commodores,Vanderbilt,Vanderbilt,,2,5,2,4,0,0,0,3,3,0,0,0,0,1,6,true,false,false,true,,C. Williams,,Not Available,NA,Vanderbilt Commodores,s:40~l:54~t:238,vanderbilt-commodores,https://a.espncdn.com/i/teamlogos/ncaa/500/238.png,VAN,000000,231f20,away,true,66,61,Lady Bulldogs,Georgia,Georgia Lady Bulldogs,UGA,https://a.espncdn.com/i/teamlogos/ncaa/500/61.png,CC0000,000000,59
250580061,2005,2,2005-02-27,2005-02-27T15:00:00.000000-0500,2177,Abi Ramsey,238,Commodores,Vanderbilt,Vanderbilt,,3,8,3,6,0,2,0,1,1,0,0,0,0,2,9,true,false,false,true,,A. Ramsey,,Not Available,NA,Vanderbilt Commodores,s:40~l:54~t:238,vanderbilt-commodores,https://a.espncdn.com/i/teamlogos/ncaa/500/238.png,VAN,000000,231f20,away,true,66,61,Lady Bulldogs,Georgia,Georgia Lady Bulldogs,UGA,https://a.espncdn.com/i/teamlogos/ncaa/500/61.png,CC0000,000000,59
250580061,2005,2,2005-02-27,2005-02-27T15:00:00.000000-0500,4838,Tasha Humphrey,61,Lady Bulldogs,Georgia,Georgia,,4,8,0,0,3,4,3,7,10,0,0,0,0,4,11,true,false,false,true,,T. Humphrey,,Not Available,NA,Georgia Lady Bulldogs,s:40~l:54~t:61,georgia-lady-bulldogs,https://a.espncdn.com/i/teamlogos/ncaa/500/61.png,UGA,CC0000,000000,home,false,59,238,Commodores,Vanderbilt,Vanderbilt Commodores,VAN,https://a.espncdn.com/i/teamlogos/ncaa/500/238.png,000000,231f20,66
250580061,2005,2,2005-02-27,2005-02-27T15:00:00.000000-0500,3743,Rebecca Rowsey,61,Lady Bulldogs,Georgia,Georgia,,0,2,0,0,0,0,0,3,3,0,0,0,0,2,0,true,false,false,true,,R. Rowsey,,Not Available,NA,Georgia Lady Bulldogs,s:40~l:54~t:61,georgia-lady-bulldogs,https://a.espncdn.com/i/teamlogos/ncaa/500/61.png,UGA,CC0000,000000,home,false,59,238,Commodores,Vanderbilt,Vanderbilt Commodores,VAN,https://a.espncdn.com/i/teamlogos/ncaa/500/238.png,000000,231f20,66
250580061,2005,2,2005-02-27,2005-02-27T15:00:00.000000-0500,3744,Cori Chambers,61,Lady Bulldogs,Georgia,Georgia,,4,12,2,8,0,0,2,2,4,0,0,0,0,1,10,true,false,false,true,,C. Chambers,,Not Available,NA,Georgia Lady Bulldogs,s:40~l:54~t:61,georgia-lady-bulldogs,https://a.espncdn.com/i/teamlogos/ncaa/500/61.png,UGA,CC0000,000000,home,false,59,238,Commodores,Vanderbilt,Vanderbilt Commodores,VAN,https://a.espncdn.com/i/teamlogos/ncaa/500/238.png,000000,231f20,66
250580061,2005,2,2005-02-27,2005-02-27T15:00:00.000000-0500,2493,Alexis Kendrick,61,Lady Bulldogs,Georgia,Georgia,,3,8,2,6,0,0,1,1,2,0,0,0,0,4,8,true,false,false,true,,A. Kendrick,,Not Available,NA,Georgia Lady Bulldogs,s:40~l:54~t:61,georgia-lady-bulldogs,https://a.espncdn.com/i/teamlogos/ncaa/500/61.png,UGA,CC0000,000000,home,false,59,238,Commodores,Vanderbilt,Vanderbilt Commodores,VAN,https://a.espncdn.com/i/teamlogos/ncaa/500/238.png,000000,231f20,66
250580061,2005,2,2005-02-27,2005-02-27T15:00:00.000000-0500,2411,Sherill Baker,61,Lady Bulldogs,Georgia,Georgia,,5,12,0,3,3,6,1,5,6,0,0,0,0,0,13,true,false,false,true,,S. Baker,,Not Available,NA,Georgia Lady Bulldogs,s:40~l:54~t:61,georgia-lady-bulldogs,https://a.espncdn.com/i/teamlogos/ncaa/500/61.png,UGA,CC0000,000000,home,false,59,238,Commodores,Vanderbilt,Vanderbilt Commodores,VAN,https://a.espncdn.com/i/teamlogos/ncaa/500/238.png,000000,231f20,66
250582628,2005,2,2005-02-27,2005-02-27T13:00:00.000000-0500,766,Kiemona Harris,248,Cougars,Houston,Houston,,3,5,0,1,2,2,1,5,6,0,0,0,0,3,8,true,false,false,true,,K. Harris,,Not Available,NA,Houston Cougars,s:40~l:54~t:248,houston-cougars,https://a.espncdn.com/i/teamlogos/ncaa/500/248.png,HOU,c92a39,ffffff,away,true,61,2628,Horned Frogs,TCU,TCU Horned Frogs,TCU,https://a.espncdn.com/i/teamlogos/ncaa/500/2628.png,4d1979,f1f2f3,52
250582628,2005,2,2005-02-27,2005-02-27T13:00:00.000000-0500,4306,Cynecia Robinson,248,Cougars,Houston,Houston,,0,2,0,0,0,0,0,0,0,0,0,0,0,2,0,true,false,false,true,,C. Robinson,,Not Available,NA,Houston Cougars,s:40~l:54~t:248,houston-cougars,https://a.espncdn.com/i/teamlogos/ncaa/500/248.png,HOU,c92a39,ffffff,away,true,61,2628,Horned Frogs,TCU,TCU Horned Frogs,TCU,https://a.espncdn.com/i/teamlogos/ncaa/500/2628.png,4d1979,f1f2f3,52
250582628,2005,2,2005-02-27,2005-02-27T13:00:00.000000-0500,4304,Sancho Lyttle,248,Cougars,Houston,Houston,,3,12,0,0,5,6,4,10,14,0,0,0,0,3,11,true,false,false,true,,S. Lyttle,,Not Available,NA,Houston Cougars,s:40~l:54~t:248,houston-cougars,https://a.espncdn.com/i/teamlogos/ncaa/500/248.png,HOU,c92a39,ffffff,away,true,61,2628,Horned Frogs,TCU,TCU Horned Frogs,TCU,https://a.espncdn.com/i/teamlogos/ncaa/500/2628.png,4d1979,f1f2f3,52
250582628,2005,2,2005-02-27,2005-02-27T13:00:00.000000-0500,4303,Joann Overstreet,248,Cougars,Houston,Houston,,4,10,0,1,2,2,1,0,1,0,0,0,0,4,10,true,false,false,true,,J. Overstreet,,Not Available,NA,Houston Cougars,s:40~l:54~t:248,houston-cougars,https://a.espncdn.com/i/teamlogos/ncaa/500/248.png,HOU,c92a39,ffffff,away,true,61,2628,Horned Frogs,TCU,TCU Horned Frogs,TCU,https://a.espncdn.com/i/teamlogos/ncaa/500/2628.png,4d1979,f1f2f3,52
250582628,2005,2,2005-02-27,2005-02-27T13:00:00.000000-0500,771,Crystal Simpson,248,Cougars,Houston,Houston,,3,4,1,1,4,6,1,2,3,0,0,0,0,3,11,true,false,false,true,,C. Simpson,,Not Available,NA,Houston Cougars,s:40~l:54~t:248,houston-cougars,https://a.espncdn.com/i/teamlogos/ncaa/500/248.png,HOU,c92a39,ffffff,away,true,61,2628,Horned Frogs,TCU,TCU Horned Frogs,TCU,https://a.espncdn.com/i/teamlogos/ncaa/500/2628.png,4d1979,f1f2f3,52
250582628,2005,2,2005-02-27,2005-02-27T13:00:00.000000-0500,4865,Lorie Butler-Rayford,2628,Horned Frogs,TCU,TCU,,1,6,0,3,0,0,2,2,4,0,0,0,0,2,2,true,false,false,true,,L. Butler-Rayford,,Not Available,NA,TCU Horned Frogs,s:40~l:54~t:2628,tcu-horned-frogs,https://a.espncdn.com/i/teamlogos/ncaa/500/2628.png,TCU,4d1979,f1f2f3,home,false,52,248,Cougars,Houston,Houston Cougars,HOU,https://a.espncdn.com/i/teamlogos/ncaa/500/248.png,c92a39,ffffff,61
250582628,2005,2,2005-02-27,2005-02-27T13:00:00.000000-0500,2664,Ashley Davis,2628,Horned Frogs,TCU,TCU,,3,7,3,7,1,2,0,1,1,0,0,0,0,1,10,true,false,false,true,,A. Davis,,Not Available,NA,TCU Horned Frogs,s:40~l:54~t:2628,tcu-horned-frogs,https://a.espncdn.com/i/teamlogos/ncaa/500/2628.png,TCU,4d1979,f1f2f3,home,false,52,248,Cougars,Houston,Houston Cougars,HOU,https://a.espncdn.com/i/teamlogos/ncaa/500/248.png,c92a39,ffffff,61
250582628,2005,2,2005-02-27,2005-02-27T13:00:00.000000-0500,1982,Niki Newton,2628,Horned Frogs,TCU,TCU,,0,3,0,0,0,0,3,2,5,0,0,0,0,4,0,true,false,false,true,,N. Newton,,Not Available,NA,TCU Horned Frogs,s:40~l:54~t:2628,tcu-horned-frogs,https://a.espncdn.com/i/teamlogos/ncaa/500/2628.png,TCU,4d1979,f1f2f3,home,false,52,248,Cougars,Houston,Houston Cougars,HOU,https://a.espncdn.com/i/teamlogos/ncaa/500/248.png,c92a39,ffffff,61
250582628,2005,2,2005-02-27,2005-02-27T13:00:00.000000-0500,1981,Sandora Irvin,2628,Horned Frogs,TCU,TCU,,7,13,2,2,5,8,3,6,9,0,0,0,0,4,21,true,false,false,true,,S. Irvin,,Not Available,NA,TCU Horned Frogs,s:40~l:54~t:2628,tcu-horned-frogs,https://a.espncdn.com/i/teamlogos/ncaa/500/2628.png,TCU,4d1979,f1f2f3,home,false,52,248,Cougars,Houston,Houston Cougars,HOU,https://a.espncdn.com/i/teamlogos/ncaa/500/248.png,c92a39,ffffff,61
250582628,2005,2,2005-02-27,2005-02-27T13:00:00.000000-0500,3850,Natasha Lacy,2628,Horned Frogs,TCU,TCU,,2,10,1,3,6,8,1,4,5,0,0,0,0,4,11,true,false,false,true,,N. Lacy,,Not Available,NA,TCU Horned Frogs,s:40~l:54~t:2628,tcu-horned-frogs,https://a.espncdn.com/i/teamlogos/ncaa/500/2628.png,TCU,4d1979,f1f2f3,home,false,52,248,Cougars,Houston,Houston Cougars,HOU,https://a.espncdn.com/i/teamlogos/ncaa/500/248.png,c92a39,ffffff,61
250580259,2005,2,2005-02-27,2005-02-27T13:00:00.000000-0500,4911,Albrey Grimsley,2390,Hurricanes,Miami,Miami,,0,1,0,0,0,0,0,0,0,0,0,0,0,0,0,true,false,false,true,,A. Grimsley,,Guard,G,Miami Hurricanes,s:40~l:54~t:2390,miami-hurricanes,https://a.espncdn.com/i/teamlogos/ncaa/500/2390.png,MIA,004325,f0f0f0,away,false,45,259,Hokies,Virginia Tech,Virginia Tech Hokies,VT,https://a.espncdn.com/i/teamlogos/ncaa/500/259.png,630031,cf4520,90
250580259,2005,2,2005-02-27,2005-02-27T13:00:00.000000-0500,4702,Imani Dhahabu,2390,Hurricanes,Miami,Miami,,2,3,0,0,0,0,0,2,2,0,0,0,0,4,4,true,false,false,true,,I. Dhahabu,,Not Available,NA,Miami Hurricanes,s:40~l:54~t:2390,miami-hurricanes,https://a.espncdn.com/i/teamlogos/ncaa/500/2390.png,MIA,004325,f0f0f0,away,false,45,259,Hokies,Virginia Tech,Virginia Tech Hokies,VT,https://a.espncdn.com/i/teamlogos/ncaa/500/259.png,630031,cf4520,90
250580259,2005,2,2005-02-27,2005-02-27T13:00:00.000000-0500,1142,Fallon Phanord,2390,Hurricanes,Miami,Miami,,1,3,0,0,0,0,2,1,3,0,0,0,0,2,2,true,false,false,true,,F. Phanord,,Not Available,NA,Miami Hurricanes,s:40~l:54~t:2390,miami-hurricanes,https://a.espncdn.com/i/teamlogos/ncaa/500/2390.png,MIA,004325,f0f0f0,away,false,45,259,Hokies,Virginia Tech,Virginia Tech Hokies,VT,https://a.espncdn.com/i/teamlogos/ncaa/500/259.png,630031,cf4520,90
250580259,2005,2,2005-02-27,2005-02-27T13:00:00.000000-0500,3594,Tamara James,2390,Hurricanes,Miami,Miami,,5,17,0,5,2,3,1,4,5,0,0,0,0,1,12,true,false,false,true,,T. James,,Not Available,NA,Miami Hurricanes,s:40~l:54~t:2390,miami-hurricanes,https://a.espncdn.com/i/teamlogos/ncaa/500/2390.png,MIA,004325,f0f0f0,away,false,45,259,Hokies,Virginia Tech,Virginia Tech Hokies,VT,https://a.espncdn.com/i/teamlogos/ncaa/500/259.png,630031,cf4520,90
250580259,2005,2,2005-02-27,2005-02-27T13:00:00.000000-0500,1141,Yalonda McCormick,2390,Hurricanes,Miami,Miami,,4,15,1,5,0,0,0,2,2,0,0,0,0,2,9,true,false,false,true,,Y. McCormick,,Not Available,NA,Miami Hurricanes,s:40~l:54~t:2390,miami-hurricanes,https://a.espncdn.com/i/teamlogos/ncaa/500/2390.png,MIA,004325,f0f0f0,away,false,45,259,Hokies,Virginia Tech,Virginia Tech Hokies,VT,https://a.espncdn.com/i/teamlogos/ncaa/500/259.png,630031,cf4520,90
250580259,2005,2,2005-02-27,2005-02-27T13:00:00.000000-0500,2208,Erin Gibson,259,Hokies,Virginia Tech,Virginia Tech,,5,9,0,1,2,4,1,3,4,0,0,0,0,3,12,true,false,false,true,,E. Gibson,,Not Available,NA,Virginia Tech Hokies,s:40~l:54~t:259,virginia-tech-hokies,https://a.espncdn.com/i/teamlogos/ncaa/500/259.png,VT,630031,cf4520,home,true,90,2390,Hurricanes,Miami,Miami Hurricanes,MIA,https://a.espncdn.com/i/teamlogos/ncaa/500/2390.png,004325,f0f0f0,45
250580259,2005,2,2005-02-27,2005-02-27T13:00:00.000000-0500,3987,Brittney Anderson,259,Hokies,Virginia Tech,Virginia Tech,,5,6,0,0,2,2,0,2,2,0,0,0,0,0,12,true,false,false,true,,B. Anderson,,Not Available,NA,Virginia Tech Hokies,s:40~l:54~t:259,virginia-tech-hokies,https://a.espncdn.com/i/teamlogos/ncaa/500/259.png,VT,630031,cf4520,home,true,90,2390,Hurricanes,Miami,Miami Hurricanes,MIA,https://a.espncdn.com/i/teamlogos/ncaa/500/2390.png,004325,f0f0f0,45
250580259,2005,2,2005-02-27,2005-02-27T13:00:00.000000-0500,2773,Dawn Chriss,259,Hokies,Virginia Tech,Virginia Tech,,3,9,1,2,7,8,0,2,2,0,0,0,0,0,11,true,false,false,true,,D. Chriss,,Not Available,NA,Virginia Tech Hokies,s:40~l:54~t:259,virginia-tech-hokies,https://a.espncdn.com/i/teamlogos/ncaa/500/259.png,VT,630031,cf4520,home,true,90,2390,Hurricanes,Miami,Miami Hurricanes,MIA,https://a.espncdn.com/i/teamlogos/ncaa/500/2390.png,004325,f0f0f0,45
250580259,2005,2,2005-02-27,2005-02-27T13:00:00.000000-0500,2778,Carrie Mason,259,Hokies,Virginia Tech,Virginia Tech,,5,5,3,3,0,0,1,3,4,0,0,0,0,0,13,true,false,false,true,,C. Mason,,Not Available,NA,Virginia Tech Hokies,s:40~l:54~t:259,virginia-tech-hokies,https://a.espncdn.com/i/teamlogos/ncaa/500/259.png,VT,630031,cf4520,home,true,90,2390,Hurricanes,Miami,Miami Hurricanes,MIA,https://a.espncdn.com/i/teamlogos/ncaa/500/2390.png,004325,f0f0f0,45
250580259,2005,2,2005-02-27,2005-02-27T13:00:00.000000-0500,2776,Kerri Gardin,259,Hokies,Virginia Tech,Virginia Tech,,7,8,0,0,0,0,2,2,4,0,0,0,0,1,14,true,false,false,true,,K. Gardin,,Not Available,NA,Virginia Tech Hokies,s:40~l:54~t:259,virginia-tech-hokies,https://a.espncdn.com/i/teamlogos/ncaa/500/259.png,VT,630031,cf4520,home,true,90,2390,Hurricanes,Miami,Miami Hurricanes,MIA,https://a.espncdn.com/i/teamlogos/ncaa/500/2390.png,004325,f0f0f0,45
250570103,2005,2,2005-02-26,2005-02-26T19:00:00.000000-0500,316,Jessica Moore,41,Huskies,UConn,UConn,,3,7,0,0,1,4,3,3,6,0,0,0,0,5,7,true,false,false,true,,J. Moore,,Not Available,NA,UConn Huskies,s:40~l:54~t:41,uconn-huskies,https://a.espncdn.com/i/teamlogos/ncaa/500/41.png,CONN,0c2340,f1f2f3,away,false,48,103,Eagles,Boston College,Boston College Eagles,BC,https://a.espncdn.com/i/teamlogos/ncaa/500/103.png,8c2232,dbcca6,51
250570103,2005,2,2005-02-26,2005-02-26T19:00:00.000000-0500,4824,Charde Houston,41,Huskies,UConn,UConn,,3,8,0,0,3,4,0,1,1,0,0,0,0,3,9,true,false,false,true,,C. Houston,,Not Available,NA,UConn Huskies,s:40~l:54~t:41,uconn-huskies,https://a.espncdn.com/i/teamlogos/ncaa/500/41.png,CONN,0c2340,f1f2f3,away,false,48,103,Eagles,Boston College,Boston College Eagles,BC,https://a.espncdn.com/i/teamlogos/ncaa/500/103.png,8c2232,dbcca6,51
250570103,2005,2,2005-02-26,2005-02-26T19:00:00.000000-0500,2637,Ann Strother,41,Huskies,UConn,UConn,,2,10,2,7,0,0,0,2,2,0,0,0,0,4,6,true,false,false,true,,A. Strother,,Not Available,NA,UConn Huskies,s:40~l:54~t:41,uconn-huskies,https://a.espncdn.com/i/teamlogos/ncaa/500/41.png,CONN,0c2340,f1f2f3,away,false,48,103,Eagles,Boston College,Boston College Eagles,BC,https://a.espncdn.com/i/teamlogos/ncaa/500/103.png,8c2232,dbcca6,51
250570103,2005,2,2005-02-26,2005-02-26T19:00:00.000000-0500,2410,Nicole Wolff,41,Huskies,UConn,UConn,,2,5,0,2,0,0,0,3,3,0,0,0,0,2,4,true,false,false,true,,N. Wolff,,Not Available,NA,UConn Huskies,s:40~l:54~t:41,uconn-huskies,https://a.espncdn.com/i/teamlogos/ncaa/500/41.png,CONN,0c2340,f1f2f3,away,false,48,103,Eagles,Boston College,Boston College Eagles,BC,https://a.espncdn.com/i/teamlogos/ncaa/500/103.png,8c2232,dbcca6,51
250570103,2005,2,2005-02-26,2005-02-26T19:00:00.000000-0500,311,Ashley Valley,41,Huskies,UConn,UConn,,0,0,0,0,0,0,0,2,2,0,0,0,0,0,0,true,false,false,true,,A. Valley,,Not Available,NA,UConn Huskies,s:40~l:54~t:41,uconn-huskies,https://a.espncdn.com/i/teamlogos/ncaa/500/41.png,CONN,0c2340,f1f2f3,away,false,48,103,Eagles,Boston College,Boston College Eagles,BC,https://a.espncdn.com/i/teamlogos/ncaa/500/103.png,8c2232,dbcca6,51
250570103,2005,2,2005-02-26,2005-02-26T19:00:00.000000-0500,3761,Kathrin Ress,103,Eagles,Boston College,Boston College,,2,13,0,0,6,9,4,4,8,0,0,0,0,2,10,true,false,false,true,,K. Ress,,Not Available,NA,Boston College Eagles,s:40~l:54~t:103,boston-college-eagles,https://a.espncdn.com/i/teamlogos/ncaa/500/103.png,BC,8c2232,dbcca6,home,true,51,41,Huskies,UConn,UConn Huskies,CONN,https://a.espncdn.com/i/teamlogos/ncaa/500/41.png,0c2340,f1f2f3,48
250570103,2005,2,2005-02-26,2005-02-26T19:00:00.000000-0500,2490,Brooke Queenan,103,Eagles,Boston College,Boston College,,3,8,0,0,5,6,2,2,4,0,0,0,0,3,11,true,false,false,true,,B. Queenan,,Not Available,NA,Boston College Eagles,s:40~l:54~t:103,boston-college-eagles,https://a.espncdn.com/i/teamlogos/ncaa/500/103.png,BC,8c2232,dbcca6,home,true,51,41,Huskies,UConn,UConn Huskies,CONN,https://a.espncdn.com/i/teamlogos/ncaa/500/41.png,0c2340,f1f2f3,48
250570103,2005,2,2005-02-26,2005-02-26T19:00:00.000000-0500,3763,Sarah Marshall,103,Eagles,Boston College,Boston College,,2,5,0,0,0,0,0,3,3,0,0,0,0,1,4,true,false,false,true,,S. Marshall,,Not Available,NA,Boston College Eagles,s:40~l:54~t:103,boston-college-eagles,https://a.espncdn.com/i/teamlogos/ncaa/500/103.png,BC,8c2232,dbcca6,home,true,51,41,Huskies,UConn,UConn Huskies,CONN,https://a.espncdn.com/i/teamlogos/ncaa/500/41.png,0c2340,f1f2f3,48
250570103,2005,2,2005-02-26,2005-02-26T19:00:00.000000-0500,2489,Aja Parham,103,Eagles,Boston College,Boston College,,6,10,0,0,1,2,2,4,6,0,0,0,0,3,13,true,false,false,true,,A. Parham,,Not Available,NA,Boston College Eagles,s:40~l:54~t:103,boston-college-eagles,https://a.espncdn.com/i/teamlogos/ncaa/500/103.png,BC,8c2232,dbcca6,home,true,51,41,Huskies,UConn,UConn Huskies,CONN,https://a.espncdn.com/i/teamlogos/ncaa/500/41.png,0c2340,f1f2f3,48
250570103,2005,2,2005-02-26,2005-02-26T19:00:00.000000-0500,133,Clare Droesch,103,Eagles,Boston College,Boston College,,4,9,2,2,0,0,0,2,2,0,0,0,0,1,10,true,false,false,true,,C. Droesch,,Not Available,NA,Boston College Eagles,s:40~l:54~t:103,boston-college-eagles,https://a.espncdn.com/i/teamlogos/ncaa/500/103.png,BC,8c2232,dbcca6,home,true,51,41,Huskies,UConn,UConn Huskies,CONN,https://a.espncdn.com/i/teamlogos/ncaa/500/41.png,0c2340,f1f2f3,48
250530041,2005,2,2005-02-22,2005-02-22T19:30:00.000000-0500,4907,Vika Sholokhova,221,Panthers,Pittsburgh,Pitt,,2,11,2,5,0,2,2,5,7,0,0,0,0,0,6,true,false,false,true,,V. Sholokhova,,Not Available,NA,Pittsburgh Panthers,s:40~l:54~t:221,pittsburgh-panthers,https://a.espncdn.com/i/teamlogos/ncaa/500/221.png,PITT,003263,231f20,away,false,49,41,Huskies,UConn,UConn Huskies,CONN,https://a.espncdn.com/i/teamlogos/ncaa/500/41.png,0c2340,f1f2f3,97
250530041,2005,2,2005-02-22,2005-02-22T19:30:00.000000-0500,4825,Marcedes Walker,221,Panthers,Pittsburgh,Pitt,,5,14,0,0,7,8,5,2,7,0,0,0,0,3,17,true,false,false,true,,M. Walker,,Not Available,NA,Pittsburgh Panthers,s:40~l:54~t:221,pittsburgh-panthers,https://a.espncdn.com/i/teamlogos/ncaa/500/221.png,PITT,003263,231f20,away,false,49,41,Huskies,UConn,UConn Huskies,CONN,https://a.espncdn.com/i/teamlogos/ncaa/500/41.png,0c2340,f1f2f3,97
250530041,2005,2,2005-02-22,2005-02-22T19:30:00.000000-0500,4483,Jennifer Brown,221,Panthers,Pittsburgh,Pitt,,4,7,0,0,0,0,2,2,4,0,0,0,0,4,8,true,false,false,true,,J. Brown,,Not Available,NA,Pittsburgh Panthers,s:40~l:54~t:221,pittsburgh-panthers,https://a.espncdn.com/i/teamlogos/ncaa/500/221.png,PITT,003263,231f20,away,false,49,41,Huskies,UConn,UConn Huskies,CONN,https://a.espncdn.com/i/teamlogos/ncaa/500/41.png,0c2340,f1f2f3,97
250530041,2005,2,2005-02-22,2005-02-22T19:30:00.000000-0500,4908,Shavonte Zellous,221,Panthers,Pittsburgh,Pitt,,,,,,,,,,,,,,,,,true,false,true,true,1  ,S. Zellous,,Guard,G,Pittsburgh Panthers,s:40~l:54~t:221,pittsburgh-panthers,https://a.espncdn.com/i/teamlogos/ncaa/500/221.png,PITT,003263,231f20,away,false,49,41,Huskies,UConn,UConn Huskies,CONN,https://a.espncdn.com/i/teamlogos/ncaa/500/41.png,0c2340,f1f2f3,97
250530041,2005,2,2005-02-22,2005-02-22T19:30:00.000000-0500,3252,Bridget Larkin,221,Panthers,Pittsburgh,Pitt,,,,,,,,,,,,,,,,,true,false,true,true,,B. Larkin,,Not Available,NA,Pittsburgh Panthers,s:40~l:54~t:221,pittsburgh-panthers,https://a.espncdn.com/i/teamlogos/ncaa/500/221.png,PITT,003263,231f20,away,false,49,41,Huskies,UConn,UConn Huskies,CONN,https://a.espncdn.com/i/teamlogos/ncaa/500/41.png,0c2340,f1f2f3,97
250530041,2005,2,2005-02-22,2005-02-22T19:30:00.000000-0500,316,Jessica Moore,41,Huskies,UConn,UConn,,2,6,0,0,0,0,1,6,7,0,0,0,0,4,4,true,false,false,true,,J. Moore,,Not Available,NA,UConn Huskies,s:40~l:54~t:41,uconn-huskies,https://a.espncdn.com/i/teamlogos/ncaa/500/41.png,CONN,0c2340,f1f2f3,home,true,97,221,Panthers,Pittsburgh,Pittsburgh Panthers,PITT,https://a.espncdn.com/i/teamlogos/ncaa/500/221.png,003263,231f20,49
250530041,2005,2,2005-02-22,2005-02-22T19:30:00.000000-0500,2637,Ann Strother,41,Huskies,UConn,UConn,,2,7,1,5,3,5,0,1,1,0,0,0,0,0,8,true,false,false,true,,A. Strother,,Not Available,NA,UConn Huskies,s:40~l:54~t:41,uconn-huskies,https://a.espncdn.com/i/teamlogos/ncaa/500/41.png,CONN,0c2340,f1f2f3,home,true,97,221,Panthers,Pittsburgh,Pittsburgh Panthers,PITT,https://a.espncdn.com/i/teamlogos/ncaa/500/221.png,003263,231f20,49
250530041,2005,2,2005-02-22,2005-02-22T19:30:00.000000-0500,312,Ashley Battle,41,Huskies,UConn,UConn,,7,16,3,8,6,6,3,5,8,0,0,0,0,1,23,true,false,false,true,,A. Battle,,Not Available,NA,UConn Huskies,s:40~l:54~t:41,uconn-huskies,https://a.espncdn.com/i/teamlogos/ncaa/500/41.png,CONN,0c2340,f1f2f3,home,true,97,221,Panthers,Pittsburgh,Pittsburgh Panthers,PITT,https://a.espncdn.com/i/teamlogos/ncaa/500/221.png,003263,231f20,49
250530041,2005,2,2005-02-22,2005-02-22T19:30:00.000000-0500,315,Stacey Marron,41,Huskies,UConn,UConn,,0,2,0,1,0,0,0,0,0,0,0,0,0,0,0,true,false,false,true,,S. Marron,,Not Available,NA,UConn Huskies,s:40~l:54~t:41,uconn-huskies,https://a.espncdn.com/i/teamlogos/ncaa/500/41.png,CONN,0c2340,f1f2f3,home,true,97,221,Panthers,Pittsburgh,Pittsburgh Panthers,PITT,https://a.espncdn.com/i/teamlogos/ncaa/500/221.png,003263,231f20,49
250530041,2005,2,2005-02-22,2005-02-22T19:30:00.000000-0500,311,Ashley Valley,41,Huskies,UConn,UConn,,3,4,2,3,0,0,1,1,2,0,0,0,0,0,8,true,false,false,true,,A. Valley,,Not Available,NA,UConn Huskies,s:40~l:54~t:41,uconn-huskies,https://a.espncdn.com/i/teamlogos/ncaa/500/41.png,CONN,0c2340,f1f2f3,home,true,97,221,Panthers,Pittsburgh,Pittsburgh Panthers,PITT,https://a.espncdn.com/i/teamlogos/ncaa/500/221.png,003263,231f20,49
250510127,2005,2,2005-02-20,2005-02-20T14:00:00.000000-0500,3831,Jessica Davenport,194,Buckeyes,Ohio State,Ohio State,,8,14,0,0,3,3,1,12,13,0,0,0,0,2,19,true,false,false,true,,J. Davenport,,Not Available,NA,Ohio State Buckeyes,s:40~l:54~t:194,ohio-state-buckeyes,https://a.espncdn.com/i/teamlogos/ncaa/500/194.png,OSU,ce1141,505056,away,false,64,127,Spartans,Michigan State,Michigan State Spartans,MSU,https://a.espncdn.com/i/teamlogos/ncaa/500/127.png,18453B,ffffff,66
250510127,2005,2,2005-02-20,2005-02-20T14:00:00.000000-0500,2007,Michelle Munoz,194,Buckeyes,Ohio State,Ohio State,,0,4,0,2,0,0,1,0,1,0,0,0,0,0,0,true,false,false,true,,M. Munoz,,Not Available,NA,Ohio State Buckeyes,s:40~l:54~t:194,ohio-state-buckeyes,https://a.espncdn.com/i/teamlogos/ncaa/500/194.png,OSU,ce1141,505056,away,false,64,127,Spartans,Michigan State,Michigan State Spartans,MSU,https://a.espncdn.com/i/teamlogos/ncaa/500/127.png,18453B,ffffff,66
250510127,2005,2,2005-02-20,2005-02-20T14:00:00.000000-0500,3833,Brandie Hoskins,194,Buckeyes,Ohio State,Ohio State,,6,11,1,1,4,5,1,3,4,0,0,0,0,1,17,true,false,false,true,,B. Hoskins,,Not Available,NA,Ohio State Buckeyes,s:40~l:54~t:194,ohio-state-buckeyes,https://a.espncdn.com/i/teamlogos/ncaa/500/194.png,OSU,ce1141,505056,away,false,64,127,Spartans,Michigan State,Michigan State Spartans,MSU,https://a.espncdn.com/i/teamlogos/ncaa/500/127.png,18453B,ffffff,66
250510127,2005,2,2005-02-20,2005-02-20T14:00:00.000000-0500,1497,Caity Matter,194,Buckeyes,Ohio State,Ohio State,,8,11,4,5,0,0,0,4,4,0,0,0,0,1,20,true,false,false,true,,C. Matter,,Not Available,NA,Ohio State Buckeyes,s:40~l:54~t:194,ohio-state-buckeyes,https://a.espncdn.com/i/teamlogos/ncaa/500/194.png,OSU,ce1141,505056,away,false,64,127,Spartans,Michigan State,Michigan State Spartans,MSU,https://a.espncdn.com/i/teamlogos/ncaa/500/127.png,18453B,ffffff,66
250510127,2005,2,2005-02-20,2005-02-20T14:00:00.000000-0500,1493,Ashley Allen,194,Buckeyes,Ohio State,Ohio State,,0,2,0,1,0,0,0,0,0,0,0,0,0,3,0,true,false,false,true,,A. Allen,,Not Available,NA,Ohio State Buckeyes,s:40~l:54~t:194,ohio-state-buckeyes,https://a.espncdn.com/i/teamlogos/ncaa/500/194.png,OSU,ce1141,505056,away,false,64,127,Spartans,Michigan State,Michigan State Spartans,MSU,https://a.espncdn.com/i/teamlogos/ncaa/500/127.png,18453B,ffffff,66
250510127,2005,2,2005-02-20,2005-02-20T14:00:00.000000-0500,1171,Kelli Roehrig,127,Spartans,Michigan State,Michigan St,,7,18,0,0,0,0,4,5,9,0,0,0,0,2,14,true,false,false,true,,K. Roehrig,,Not Available,NA,Michigan State Spartans,s:40~l:54~t:127,michigan-state-spartans,https://a.espncdn.com/i/teamlogos/ncaa/500/127.png,MSU,18453B,ffffff,home,true,66,194,Buckeyes,Ohio State,Ohio State Buckeyes,OSU,https://a.espncdn.com/i/teamlogos/ncaa/500/194.png,ce1141,505056,64
250510127,2005,2,2005-02-20,2005-02-20T14:00:00.000000-0500,3299,Liz Shimek,127,Spartans,Michigan State,Michigan St,,4,12,0,0,1,2,0,7,7,0,0,0,0,0,9,true,false,false,true,,L. Shimek,,Not Available,NA,Michigan State Spartans,s:40~l:54~t:127,michigan-state-spartans,https://a.espncdn.com/i/teamlogos/ncaa/500/127.png,MSU,18453B,ffffff,home,true,66,194,Buckeyes,Ohio State,Ohio State Buckeyes,OSU,https://a.espncdn.com/i/teamlogos/ncaa/500/194.png,ce1141,505056,64
250510127,2005,2,2005-02-20,2005-02-20T14:00:00.000000-0500,4086,Victoria Lucas-Perry,127,Spartans,Michigan State,Michigan St,,0,4,0,1,2,2,2,1,3,0,0,0,0,1,2,true,false,false,true,,V. Lucas-Perry,,Not Available,NA,Michigan State Spartans,s:40~l:54~t:127,michigan-state-spartans,https://a.espncdn.com/i/teamlogos/ncaa/500/127.png,MSU,18453B,ffffff,home,true,66,194,Buckeyes,Ohio State,Ohio State Buckeyes,OSU,https://a.espncdn.com/i/teamlogos/ncaa/500/194.png,ce1141,505056,64
250510127,2005,2,2005-02-20,2005-02-20T14:00:00.000000-0500,3295,Lindsay Bowen,127,Spartans,Michigan State,Michigan St,,5,11,3,7,3,3,1,1,2,0,0,0,0,0,16,true,false,false,true,,L. Bowen,,Not Available,NA,Michigan State Spartans,s:40~l:54~t:127,michigan-state-spartans,https://a.espncdn.com/i/teamlogos/ncaa/500/127.png,MSU,18453B,ffffff,home,true,66,194,Buckeyes,Ohio State,Ohio State Buckeyes,OSU,https://a.espncdn.com/i/teamlogos/ncaa/500/194.png,ce1141,505056,64
250510127,2005,2,2005-02-20,2005-02-20T14:00:00.000000-0500,1167,Kristin Haynie,127,Spartans,Michigan State,Michigan St,,8,13,0,1,3,3,1,1,2,0,0,0,0,2,19,true,false,false,true,,K. Haynie,,Not Available,NA,Michigan State Spartans,s:40~l:54~t:127,michigan-state-spartans,https://a.espncdn.com/i/teamlogos/ncaa/500/127.png,MSU,18453B,ffffff,home,true,66,194,Buckeyes,Ohio State,Ohio State Buckeyes,OSU,https://a.espncdn.com/i/teamlogos/ncaa/500/194.png,ce1141,505056,64
250510059,2005,2,2005-02-20,2005-02-20T13:00:00.000000-0500,2475,Mistie McCray Bass,150,Blue Devils,Duke,Duke,,4,7,0,0,0,2,2,1,3,0,0,0,0,3,8,true,false,false,true,,M. Bass,,Not Available,NA,Duke Blue Devils,s:40~l:54~t:150,duke-blue-devils,https://a.espncdn.com/i/teamlogos/ncaa/500/150.png,DUKE,013088,ffffff,away,true,73,59,Yellow Jackets,Georgia Tech,Georgia Tech Yellow Jackets,GT,https://a.espncdn.com/i/teamlogos/ncaa/500/59.png,00223e,002c56,55
250510059,2005,2,2005-02-20,2005-02-20T13:00:00.000000-0500,3713,Alison Bales,150,Blue Devils,Duke,Duke,,2,5,0,0,0,0,3,3,6,0,0,0,0,3,4,true,false,false,true,,A. Bales,,Not Available,NA,Duke Blue Devils,s:40~l:54~t:150,duke-blue-devils,https://a.espncdn.com/i/teamlogos/ncaa/500/150.png,DUKE,013088,ffffff,away,true,73,59,Yellow Jackets,Georgia Tech,Georgia Tech Yellow Jackets,GT,https://a.espncdn.com/i/teamlogos/ncaa/500/59.png,00223e,002c56,55
250510059,2005,2,2005-02-20,2005-02-20T13:00:00.000000-0500,4819,Wanisha Smith,150,Blue Devils,Duke,Duke,,4,7,1,1,2,3,1,0,1,0,0,0,0,4,11,true,false,false,true,,W. Smith,,Not Available,NA,Duke Blue Devils,s:40~l:54~t:150,duke-blue-devils,https://a.espncdn.com/i/teamlogos/ncaa/500/150.png,DUKE,013088,ffffff,away,true,73,59,Yellow Jackets,Georgia Tech,Georgia Tech Yellow Jackets,GT,https://a.espncdn.com/i/teamlogos/ncaa/500/59.png,00223e,002c56,55
250510059,2005,2,2005-02-20,2005-02-20T13:00:00.000000-0500,2631,Jessica Foley,150,Blue Devils,Duke,Duke,,6,11,5,7,2,2,1,0,1,0,0,0,0,1,19,true,false,false,true,,J. Foley,,Not Available,NA,Duke Blue Devils,s:40~l:54~t:150,duke-blue-devils,https://a.espncdn.com/i/teamlogos/ncaa/500/150.png,DUKE,013088,ffffff,away,true,73,59,Yellow Jackets,Georgia Tech,Georgia Tech Yellow Jackets,GT,https://a.espncdn.com/i/teamlogos/ncaa/500/59.png,00223e,002c56,55
250510059,2005,2,2005-02-20,2005-02-20T13:00:00.000000-0500,438,Monique Currie,150,Blue Devils,Duke,Duke,,1,7,0,1,7,10,0,7,7,0,0,0,0,2,9,true,false,false,true,,M. Currie,,Not Available,NA,Duke Blue Devils,s:40~l:54~t:150,duke-blue-devils,https://a.espncdn.com/i/teamlogos/ncaa/500/150.png,DUKE,013088,ffffff,away,true,73,59,Yellow Jackets,Georgia Tech,Georgia Tech Yellow Jackets,GT,https://a.espncdn.com/i/teamlogos/ncaa/500/59.png,00223e,002c56,55
250510059,2005,2,2005-02-20,2005-02-20T13:00:00.000000-0500,4892,Janie Mitchell,59,Yellow Jackets,Georgia Tech,Georgia Tech,,2,9,0,0,3,5,3,0,3,0,0,0,0,1,7,true,false,false,true,,J. Mitchell,,Not Available,NA,Georgia Tech Yellow Jackets,s:40~l:54~t:59,georgia-tech-yellow-jackets,https://a.espncdn.com/i/teamlogos/ncaa/500/59.png,GT,00223e,002c56,home,false,55,150,Blue Devils,Duke,Duke Blue Devils,DUKE,https://a.espncdn.com/i/teamlogos/ncaa/500/150.png,013088,ffffff,73
250510059,2005,2,2005-02-20,2005-02-20T13:00:00.000000-0500,2522,Jessica Williams,59,Yellow Jackets,Georgia Tech,Georgia Tech,,2,3,0,0,0,0,5,2,7,0,0,0,0,3,4,true,false,false,true,,J. Williams,,Not Available,NA,Georgia Tech Yellow Jackets,s:40~l:54~t:59,georgia-tech-yellow-jackets,https://a.espncdn.com/i/teamlogos/ncaa/500/59.png,GT,00223e,002c56,home,false,55,150,Blue Devils,Duke,Duke Blue Devils,DUKE,https://a.espncdn.com/i/teamlogos/ncaa/500/150.png,013088,ffffff,73
250510059,2005,2,2005-02-20,2005-02-20T13:00:00.000000-0500,4894,Jill Ingram,59,Yellow Jackets,Georgia Tech,Georgia Tech,,3,15,0,4,5,6,1,2,3,0,0,0,0,2,11,true,false,false,true,,J. Ingram,,Not Available,NA,Georgia Tech Yellow Jackets,s:40~l:54~t:59,georgia-tech-yellow-jackets,https://a.espncdn.com/i/teamlogos/ncaa/500/59.png,GT,00223e,002c56,home,false,55,150,Blue Devils,Duke,Duke Blue Devils,DUKE,https://a.espncdn.com/i/teamlogos/ncaa/500/150.png,013088,ffffff,73
250510059,2005,2,2005-02-20,2005-02-20T13:00:00.000000-0500,4893,Chioma Nnamaka,59,Yellow Jackets,Georgia Tech,Georgia Tech,,3,13,1,7,3,6,4,1,5,0,0,0,0,5,10,true,false,false,true,,C. Nnamaka,,Not Available,NA,Georgia Tech Yellow Jackets,s:40~l:54~t:59,georgia-tech-yellow-jackets,https://a.espncdn.com/i/teamlogos/ncaa/500/59.png,GT,00223e,002c56,home,false,55,150,Blue Devils,Duke,Duke Blue Devils,DUKE,https://a.espncdn.com/i/teamlogos/ncaa/500/150.png,013088,ffffff,73
250510059,2005,2,2005-02-20,2005-02-20T13:00:00.000000-0500,3786,Stephanie Higgs,59,Yellow Jackets,Georgia Tech,Georgia Tech,,3,7,1,2,8,8,1,8,9,0,0,0,0,3,15,true,false,false,true,,S. Higgs,,Not Available,NA,Georgia Tech Yellow Jackets,s:40~l:54~t:59,georgia-tech-yellow-jackets,https://a.espncdn.com/i/teamlogos/ncaa/500/59.png,GT,00223e,002c56,home,false,55,150,Blue Devils,Duke,Duke Blue Devils,DUKE,https://a.espncdn.com/i/teamlogos/ncaa/500/150.png,013088,ffffff,73
250510026,2005,2,2005-02-20,2005-02-20T14:00:00.000000-0500,3914,Brooke Smith,24,Cardinal,Stanford,Stanford,,7,13,0,0,4,5,0,5,5,0,0,0,0,3,18,true,false,false,true,,B. Smith,,Not Available,NA,Stanford Cardinal,s:40~l:54~t:24,stanford-cardinal,https://a.espncdn.com/i/teamlogos/ncaa/500/24.png,STAN,8c1515,ffffff,away,true,81,26,Bruins,UCLA,UCLA Bruins,UCLA,https://a.espncdn.com/i/teamlogos/ncaa/500/26.png,2774ae,f2a900,68
250510026,2005,2,2005-02-20,2005-02-20T14:00:00.000000-0500,1936,T'Nae Thiel,24,Cardinal,Stanford,Stanford,,2,5,0,1,1,2,4,3,7,0,0,0,0,2,5,true,false,false,true,,T. Thiel,,Not Available,NA,Stanford Cardinal,s:40~l:54~t:24,stanford-cardinal,https://a.espncdn.com/i/teamlogos/ncaa/500/24.png,STAN,8c1515,ffffff,away,true,81,26,Bruins,UCLA,UCLA Bruins,UCLA,https://a.espncdn.com/i/teamlogos/ncaa/500/26.png,2774ae,f2a900,68
250510026,2005,2,2005-02-20,2005-02-20T14:00:00.000000-0500,4896,Candice Wiggins,24,Cardinal,Stanford,Stanford,,8,22,1,6,7,10,3,9,12,0,0,0,0,3,24,true,false,false,true,,C. Wiggins,,Not Available,NA,Stanford Cardinal,s:40~l:54~t:24,stanford-cardinal,https://a.espncdn.com/i/teamlogos/ncaa/500/24.png,STAN,8c1515,ffffff,away,true,81,26,Bruins,UCLA,UCLA Bruins,UCLA,https://a.espncdn.com/i/teamlogos/ncaa/500/26.png,2774ae,f2a900,68
250510026,2005,2,2005-02-20,2005-02-20T14:00:00.000000-0500,1935,Kelley Suminski,24,Cardinal,Stanford,Stanford,,3,5,3,4,0,0,1,1,2,0,0,0,0,2,9,true,false,false,true,,K. Suminski,,Not Available,NA,Stanford Cardinal,s:40~l:54~t:24,stanford-cardinal,https://a.espncdn.com/i/teamlogos/ncaa/500/24.png,STAN,8c1515,ffffff,away,true,81,26,Bruins,UCLA,UCLA Bruins,UCLA,https://a.espncdn.com/i/teamlogos/ncaa/500/26.png,2774ae,f2a900,68
250510026,2005,2,2005-02-20,2005-02-20T14:00:00.000000-0500,1932,Susan Borchardt,24,Cardinal,Stanford,Stanford,,3,8,3,6,4,4,0,1,1,0,0,0,0,2,13,true,false,false,true,,S. Borchardt,,Not Available,NA,Stanford Cardinal,s:40~l:54~t:24,stanford-cardinal,https://a.espncdn.com/i/teamlogos/ncaa/500/24.png,STAN,8c1515,ffffff,away,true,81,26,Bruins,UCLA,UCLA Bruins,UCLA,https://a.espncdn.com/i/teamlogos/ncaa/500/26.png,2774ae,f2a900,68
250510026,2005,2,2005-02-20,2005-02-20T14:00:00.000000-0500,4897,Lindsey Pluimer,26,Bruins,UCLA,UCLA,,4,8,1,3,0,0,4,9,13,0,0,0,0,4,9,true,false,false,true,,L. Pluimer,,Not Available,NA,UCLA Bruins,s:40~l:54~t:26,ucla-bruins,https://a.espncdn.com/i/teamlogos/ncaa/500/26.png,UCLA,2774ae,f2a900,home,false,68,24,Cardinal,Stanford,Stanford Cardinal,STAN,https://a.espncdn.com/i/teamlogos/ncaa/500/24.png,8c1515,ffffff,81
250510026,2005,2,2005-02-20,2005-02-20T14:00:00.000000-0500,4102,Amanda Livingston,26,Bruins,UCLA,UCLA,,2,9,0,0,2,3,0,3,3,0,0,0,0,4,6,true,false,false,true,,A. Livingston,,Not Available,NA,UCLA Bruins,s:40~l:54~t:26,ucla-bruins,https://a.espncdn.com/i/teamlogos/ncaa/500/26.png,UCLA,2774ae,f2a900,home,false,68,24,Cardinal,Stanford,Stanford Cardinal,STAN,https://a.espncdn.com/i/teamlogos/ncaa/500/24.png,8c1515,ffffff,81
250510026,2005,2,2005-02-20,2005-02-20T14:00:00.000000-0500,4898,Lauren Pedersen,26,Bruins,UCLA,UCLA,,0,3,0,3,0,0,0,1,1,0,0,0,0,3,0,true,false,false,true,,L. Pedersen,,Not Available,NA,UCLA Bruins,s:40~l:54~t:26,ucla-bruins,https://a.espncdn.com/i/teamlogos/ncaa/500/26.png,UCLA,2774ae,f2a900,home,false,68,24,Cardinal,Stanford,Stanford Cardinal,STAN,https://a.espncdn.com/i/teamlogos/ncaa/500/24.png,8c1515,ffffff,81
250510026,2005,2,2005-02-20,2005-02-20T14:00:00.000000-0500,3159,Nikki Blue,26,Bruins,UCLA,UCLA,,8,16,0,3,8,11,2,3,5,0,0,0,0,4,24,true,false,false,true,,N. Blue,,Not Available,NA,UCLA Bruins,s:40~l:54~t:26,ucla-bruins,https://a.espncdn.com/i/teamlogos/ncaa/500/26.png,UCLA,2774ae,f2a900,home,false,68,24,Cardinal,Stanford,Stanford Cardinal,STAN,https://a.espncdn.com/i/teamlogos/ncaa/500/24.png,8c1515,ffffff,81
250510026,2005,2,2005-02-20,2005-02-20T14:00:00.000000-0500,2397,Lisa Willis,26,Bruins,UCLA,UCLA,,4,16,1,7,8,10,2,3,5,0,0,0,0,4,17,true,false,false,true,,L. Willis,,Not Available,NA,UCLA Bruins,s:40~l:54~t:26,ucla-bruins,https://a.espncdn.com/i/teamlogos/ncaa/500/26.png,UCLA,2774ae,f2a900,home,false,68,24,Cardinal,Stanford,Stanford Cardinal,STAN,https://a.espncdn.com/i/teamlogos/ncaa/500/24.png,8c1515,ffffff,81
250510153,2005,2,2005-02-20,2005-02-20T16:00:00.000000-0500,4905,Tiffany Stansbury,152,Wolfpack,NC State,NC State,,6,18,0,0,1,4,7,6,13,0,0,0,0,3,13,true,false,false,true,,T. Stansbury,,Not Available,NA,NC State Wolfpack,s:40~l:54~t:152,nc-state-wolfpack,https://a.espncdn.com/i/teamlogos/ncaa/500/152.png,NCST,EF1216,231f20,away,false,72,153,Tar Heels,North Carolina,North Carolina Tar Heels,UNC,https://a.espncdn.com/i/teamlogos/ncaa/500/153.png,7bafd4,13294b,75
250510153,2005,2,2005-02-20,2005-02-20T16:00:00.000000-0500,4026,Marquetta Dickens,152,Wolfpack,NC State,NC State,,2,5,1,3,0,0,1,2,3,0,0,0,0,6,5,true,false,false,true,,M. Dickens,,Not Available,NA,NC State Wolfpack,s:40~l:54~t:152,nc-state-wolfpack,https://a.espncdn.com/i/teamlogos/ncaa/500/152.png,NCST,EF1216,231f20,away,false,72,153,Tar Heels,North Carolina,North Carolina Tar Heels,UNC,https://a.espncdn.com/i/teamlogos/ncaa/500/153.png,7bafd4,13294b,75
250510153,2005,2,2005-02-20,2005-02-20T16:00:00.000000-0500,4023,Ashley Key,152,Wolfpack,NC State,NC State,,9,19,3,11,0,0,2,2,4,0,0,0,0,2,21,true,false,false,true,,A. Key,,Not Available,NA,NC State Wolfpack,s:40~l:54~t:152,nc-state-wolfpack,https://a.espncdn.com/i/teamlogos/ncaa/500/152.png,NCST,EF1216,231f20,away,false,72,153,Tar Heels,North Carolina,North Carolina Tar Heels,UNC,https://a.espncdn.com/i/teamlogos/ncaa/500/153.png,7bafd4,13294b,75
250510153,2005,2,2005-02-20,2005-02-20T16:00:00.000000-0500,2818,Billie McDowell,152,Wolfpack,NC State,NC State,,3,6,1,3,0,0,0,2,2,0,0,0,0,1,7,true,false,false,true,,B. McDowell,,Not Available,NA,NC State Wolfpack,s:40~l:54~t:152,nc-state-wolfpack,https://a.espncdn.com/i/teamlogos/ncaa/500/152.png,NCST,EF1216,231f20,away,false,72,153,Tar Heels,North Carolina,North Carolina Tar Heels,UNC,https://a.espncdn.com/i/teamlogos/ncaa/500/153.png,7bafd4,13294b,75
250510153,2005,2,2005-02-20,2005-02-20T16:00:00.000000-0500,1387,Kendra Bell,152,Wolfpack,NC State,NC State,,6,11,1,2,0,1,1,6,7,0,0,0,0,2,13,true,false,false,true,,K. Bell,,Not Available,NA,NC State Wolfpack,s:40~l:54~t:152,nc-state-wolfpack,https://a.espncdn.com/i/teamlogos/ncaa/500/152.png,NCST,EF1216,231f20,away,false,72,153,Tar Heels,North Carolina,North Carolina Tar Heels,UNC,https://a.espncdn.com/i/teamlogos/ncaa/500/153.png,7bafd4,13294b,75
250510153,2005,2,2005-02-20,2005-02-20T16:00:00.000000-0500,4820,Erlana Larkins,153,Tar Heels,North Carolina,North Carolina,,6,9,0,0,2,3,7,2,9,0,0,0,0,2,14,true,false,false,true,,E. Larkins,,Not Available,NA,North Carolina Tar Heels,s:40~l:54~t:153,north-carolina-tar-heels,https://a.espncdn.com/i/teamlogos/ncaa/500/153.png,UNC,7bafd4,13294b,home,true,75,152,Wolfpack,NC State,NC State Wolfpack,NCST,https://a.espncdn.com/i/teamlogos/ncaa/500/152.png,EF1216,231f20,72
250510153,2005,2,2005-02-20,2005-02-20T16:00:00.000000-0500,3754,Camille Little,153,Tar Heels,North Carolina,North Carolina,,7,16,0,1,3,5,2,2,4,0,0,0,0,3,17,true,false,false,true,,C. Little,,Not Available,NA,North Carolina Tar Heels,s:40~l:54~t:153,north-carolina-tar-heels,https://a.espncdn.com/i/teamlogos/ncaa/500/153.png,UNC,7bafd4,13294b,home,true,75,152,Wolfpack,NC State,NC State Wolfpack,NCST,https://a.espncdn.com/i/teamlogos/ncaa/500/152.png,EF1216,231f20,72
250510153,2005,2,2005-02-20,2005-02-20T16:00:00.000000-0500,3755,Ivory Latta,153,Tar Heels,North Carolina,North Carolina,,3,16,2,6,6,6,0,6,6,0,0,0,0,1,14,true,false,false,true,,I. Latta,,Not Available,NA,North Carolina Tar Heels,s:40~l:54~t:153,north-carolina-tar-heels,https://a.espncdn.com/i/teamlogos/ncaa/500/153.png,UNC,7bafd4,13294b,home,true,75,152,Wolfpack,NC State,NC State Wolfpack,NCST,https://a.espncdn.com/i/teamlogos/ncaa/500/152.png,EF1216,231f20,72
250510153,2005,2,2005-02-20,2005-02-20T16:00:00.000000-0500,2647,La'Tangela Atkinson,153,Tar Heels,North Carolina,North Carolina,,2,5,1,2,3,4,1,6,7,0,0,0,0,1,8,true,false,false,true,,L. Atkinson,,Not Available,NA,North Carolina Tar Heels,s:40~l:54~t:153,north-carolina-tar-heels,https://a.espncdn.com/i/teamlogos/ncaa/500/153.png,UNC,7bafd4,13294b,home,true,75,152,Wolfpack,NC State,NC State Wolfpack,NCST,https://a.espncdn.com/i/teamlogos/ncaa/500/152.png,EF1216,231f20,72
250510153,2005,2,2005-02-20,2005-02-20T16:00:00.000000-0500,1397,Nikita Bell,153,Tar Heels,North Carolina,North Carolina,,6,12,0,0,1,2,4,3,7,0,0,0,0,4,13,true,false,false,true,,N. Bell,,Not Available,NA,North Carolina Tar Heels,s:40~l:54~t:153,north-carolina-tar-heels,https://a.espncdn.com/i/teamlogos/ncaa/500/153.png,UNC,7bafd4,13294b,home,true,75,152,Wolfpack,NC State,NC State Wolfpack,NCST,https://a.espncdn.com/i/teamlogos/ncaa/500/152.png,EF1216,231f20,72
250500041,2005,2,2005-02-19,2005-02-19T14:00:00.000000-0500,4888,Vaida Sipaviciute,183,Orange,Syracuse,Syracuse,,3,12,0,1,0,0,1,6,7,0,0,0,0,0,6,true,false,false,true,,V. Sipaviciute,,Not Available,NA,Syracuse Orange,s:40~l:54~t:183,syracuse-orange,https://a.espncdn.com/i/teamlogos/ncaa/500/183.png,SYR,ff6500,000e54,away,false,49,41,Huskies,UConn,UConn Huskies,CONN,https://a.espncdn.com/i/teamlogos/ncaa/500/41.png,0c2340,f1f2f3,85
250500041,2005,2,2005-02-19,2005-02-19T14:00:00.000000-0500,1973,Chineze Nwagbo,183,Orange,Syracuse,Syracuse,,0,2,0,0,0,0,1,1,2,0,0,0,0,1,0,true,false,false,true,,C. Nwagbo,,Not Available,NA,Syracuse Orange,s:40~l:54~t:183,syracuse-orange,https://a.espncdn.com/i/teamlogos/ncaa/500/183.png,SYR,ff6500,000e54,away,false,49,41,Huskies,UConn,UConn Huskies,CONN,https://a.espncdn.com/i/teamlogos/ncaa/500/41.png,0c2340,f1f2f3,85
250500041,2005,2,2005-02-19,2005-02-19T14:00:00.000000-0500,4890,Jessica Richter,183,Orange,Syracuse,Syracuse,,2,13,0,6,0,0,0,1,1,0,0,0,0,3,4,true,false,false,true,,J. Richter,,Not Available,NA,Syracuse Orange,s:40~l:54~t:183,syracuse-orange,https://a.espncdn.com/i/teamlogos/ncaa/500/183.png,SYR,ff6500,000e54,away,false,49,41,Huskies,UConn,UConn Huskies,CONN,https://a.espncdn.com/i/teamlogos/ncaa/500/41.png,0c2340,f1f2f3,85
250500041,2005,2,2005-02-19,2005-02-19T14:00:00.000000-0500,4889,Mary Joe Riley,183,Orange,Syracuse,Syracuse,,4,12,2,2,0,0,0,1,1,0,0,0,0,1,10,true,false,false,true,,M. Riley,,Not Available,NA,Syracuse Orange,s:40~l:54~t:183,syracuse-orange,https://a.espncdn.com/i/teamlogos/ncaa/500/183.png,SYR,ff6500,000e54,away,false,49,41,Huskies,UConn,UConn Huskies,CONN,https://a.espncdn.com/i/teamlogos/ncaa/500/41.png,0c2340,f1f2f3,85
250500041,2005,2,2005-02-19,2005-02-19T14:00:00.000000-0500,1969,Rochelle Coleman,183,Orange,Syracuse,Syracuse,,7,14,5,9,0,0,0,5,5,0,0,0,0,1,19,true,false,false,true,,R. Coleman,,Not Available,NA,Syracuse Orange,s:40~l:54~t:183,syracuse-orange,https://a.espncdn.com/i/teamlogos/ncaa/500/183.png,SYR,ff6500,000e54,away,false,49,41,Huskies,UConn,UConn Huskies,CONN,https://a.espncdn.com/i/teamlogos/ncaa/500/41.png,0c2340,f1f2f3,85
250500041,2005,2,2005-02-19,2005-02-19T14:00:00.000000-0500,316,Jessica Moore,41,Huskies,UConn,UConn,,6,9,0,0,0,0,0,4,4,0,0,0,0,1,12,true,false,false,true,,J. Moore,,Not Available,NA,UConn Huskies,s:40~l:54~t:41,uconn-huskies,https://a.espncdn.com/i/teamlogos/ncaa/500/41.png,CONN,0c2340,f1f2f3,home,true,85,183,Orange,Syracuse,Syracuse Orange,SYR,https://a.espncdn.com/i/teamlogos/ncaa/500/183.png,ff6500,000e54,49
250500041,2005,2,2005-02-19,2005-02-19T14:00:00.000000-0500,4824,Charde Houston,41,Huskies,UConn,UConn,,8,21,0,0,4,4,5,4,9,0,0,0,0,0,20,true,false,false,true,,C. Houston,,Not Available,NA,UConn Huskies,s:40~l:54~t:41,uconn-huskies,https://a.espncdn.com/i/teamlogos/ncaa/500/41.png,CONN,0c2340,f1f2f3,home,true,85,183,Orange,Syracuse,Syracuse Orange,SYR,https://a.espncdn.com/i/teamlogos/ncaa/500/183.png,ff6500,000e54,49
250500041,2005,2,2005-02-19,2005-02-19T14:00:00.000000-0500,2637,Ann Strother,41,Huskies,UConn,UConn,,6,10,4,6,0,0,2,2,4,0,0,0,0,1,16,true,false,false,true,,A. Strother,,Not Available,NA,UConn Huskies,s:40~l:54~t:41,uconn-huskies,https://a.espncdn.com/i/teamlogos/ncaa/500/41.png,CONN,0c2340,f1f2f3,home,true,85,183,Orange,Syracuse,Syracuse Orange,SYR,https://a.espncdn.com/i/teamlogos/ncaa/500/183.png,ff6500,000e54,49
250500041,2005,2,2005-02-19,2005-02-19T14:00:00.000000-0500,312,Ashley Battle,41,Huskies,UConn,UConn,,0,2,0,1,0,0,0,4,4,0,0,0,0,1,0,true,false,false,true,,A. Battle,,Not Available,NA,UConn Huskies,s:40~l:54~t:41,uconn-huskies,https://a.espncdn.com/i/teamlogos/ncaa/500/41.png,CONN,0c2340,f1f2f3,home,true,85,183,Orange,Syracuse,Syracuse Orange,SYR,https://a.espncdn.com/i/teamlogos/ncaa/500/183.png,ff6500,000e54,49
250500041,2005,2,2005-02-19,2005-02-19T14:00:00.000000-0500,311,Ashley Valley,41,Huskies,UConn,UConn,,3,6,2,3,0,0,2,4,6,0,0,0,0,0,8,true,false,false,true,,A. Valley,,Not Available,NA,UConn Huskies,s:40~l:54~t:41,uconn-huskies,https://a.espncdn.com/i/teamlogos/ncaa/500/41.png,CONN,0c2340,f1f2f3,home,true,85,183,Orange,Syracuse,Syracuse Orange,SYR,https://a.espncdn.com/i/teamlogos/ncaa/500/183.png,ff6500,000e54,49
250480099,2005,2,2005-02-17,2005-02-17T20:00:00.000000-0500,2482,Jennifer Humphrey,96,Wildcats,Kentucky,Kentucky,,4,5,0,0,1,2,1,0,1,0,0,0,0,4,9,true,false,false,true,,J. Humphrey,,Not Available,NA,Kentucky Wildcats,s:40~l:54~t:96,kentucky-wildcats,https://a.espncdn.com/i/teamlogos/ncaa/500/96.png,UK,005DAA,ffffff,away,false,58,99,Tigers,LSU,LSU Tigers,LSU,https://a.espncdn.com/i/teamlogos/ncaa/500/99.png,461d7c,fdd023,81
250480099,2005,2,2005-02-17,2005-02-17T20:00:00.000000-0500,935,Sara Potts,96,Wildcats,Kentucky,Kentucky,,2,6,1,1,2,2,0,8,8,0,0,0,0,0,7,true,false,false,true,,S. Potts,,Not Available,NA,Kentucky Wildcats,s:40~l:54~t:96,kentucky-wildcats,https://a.espncdn.com/i/teamlogos/ncaa/500/96.png,UK,005DAA,ffffff,away,false,58,99,Tigers,LSU,LSU Tigers,LSU,https://a.espncdn.com/i/teamlogos/ncaa/500/99.png,461d7c,fdd023,81
250480099,2005,2,2005-02-17,2005-02-17T20:00:00.000000-0500,4883,Samantha Mahoney,96,Wildcats,Kentucky,Kentucky,,8,16,1,2,5,7,3,1,4,0,0,0,0,2,22,true,false,false,true,,S. Mahoney,,Not Available,NA,Kentucky Wildcats,s:40~l:54~t:96,kentucky-wildcats,https://a.espncdn.com/i/teamlogos/ncaa/500/96.png,UK,005DAA,ffffff,away,false,58,99,Tigers,LSU,LSU Tigers,LSU,https://a.espncdn.com/i/teamlogos/ncaa/500/99.png,461d7c,fdd023,81
250480099,2005,2,2005-02-17,2005-02-17T20:00:00.000000-0500,4882,Chante Bowman,96,Wildcats,Kentucky,Kentucky,,2,6,0,0,0,0,2,4,6,0,0,0,0,1,4,true,false,false,true,,C. Bowman,,Not Available,NA,Kentucky Wildcats,s:40~l:54~t:96,kentucky-wildcats,https://a.espncdn.com/i/teamlogos/ncaa/500/96.png,UK,005DAA,ffffff,away,false,58,99,Tigers,LSU,LSU Tigers,LSU,https://a.espncdn.com/i/teamlogos/ncaa/500/99.png,461d7c,fdd023,81
250480099,2005,2,2005-02-17,2005-02-17T20:00:00.000000-0500,3864,Angela Phillips,96,Wildcats,Kentucky,Kentucky,,1,5,0,4,0,0,0,1,1,0,0,0,0,1,2,true,false,false,true,,A. Phillips,,Not Available,NA,Kentucky Wildcats,s:40~l:54~t:96,kentucky-wildcats,https://a.espncdn.com/i/teamlogos/ncaa/500/96.png,UK,005DAA,ffffff,away,false,58,99,Tigers,LSU,LSU Tigers,LSU,https://a.espncdn.com/i/teamlogos/ncaa/500/99.png,461d7c,fdd023,81
250480099,2005,2,2005-02-17,2005-02-17T20:00:00.000000-0500,1043,Tillie Willis,99,Tigers,LSU,LSU,,2,5,0,0,0,0,3,2,5,0,0,0,0,1,4,true,false,false,true,,T. Willis,,Not Available,NA,LSU Tigers,s:40~l:54~t:99,lsu-tigers,https://a.espncdn.com/i/teamlogos/ncaa/500/99.png,LSU,461d7c,fdd023,home,true,81,96,Wildcats,Kentucky,Kentucky Wildcats,UK,https://a.espncdn.com/i/teamlogos/ncaa/500/96.png,005DAA,ffffff,58
250480099,2005,2,2005-02-17,2005-02-17T20:00:00.000000-0500,1042,Wendlyn Jones,99,Tigers,LSU,LSU,,4,9,0,1,1,1,0,0,0,0,0,0,0,2,9,true,false,false,true,,W. Jones,,Not Available,NA,LSU Tigers,s:40~l:54~t:99,lsu-tigers,https://a.espncdn.com/i/teamlogos/ncaa/500/99.png,LSU,461d7c,fdd023,home,true,81,96,Wildcats,Kentucky,Kentucky Wildcats,UK,https://a.espncdn.com/i/teamlogos/ncaa/500/96.png,005DAA,ffffff,58
250480099,2005,2,2005-02-17,2005-02-17T20:00:00.000000-0500,3715,Scholanda Hoston,99,Tigers,LSU,LSU,,1,4,0,2,0,0,0,2,2,0,0,0,0,1,2,true,false,false,true,,S. Hoston,,Not Available,NA,LSU Tigers,s:40~l:54~t:99,lsu-tigers,https://a.espncdn.com/i/teamlogos/ncaa/500/99.png,LSU,461d7c,fdd023,home,true,81,96,Wildcats,Kentucky,Kentucky Wildcats,UK,https://a.espncdn.com/i/teamlogos/ncaa/500/96.png,005DAA,ffffff,58
250480099,2005,2,2005-02-17,2005-02-17T20:00:00.000000-0500,2635,Seimone Augustus,99,Tigers,LSU,LSU,,8,13,0,0,2,3,0,2,2,0,0,0,0,2,18,true,false,false,true,,S. Augustus,,Not Available,NA,LSU Tigers,s:40~l:54~t:99,lsu-tigers,https://a.espncdn.com/i/teamlogos/ncaa/500/99.png,LSU,461d7c,fdd023,home,true,81,96,Wildcats,Kentucky,Kentucky Wildcats,UK,https://a.espncdn.com/i/teamlogos/ncaa/500/96.png,005DAA,ffffff,58
250480099,2005,2,2005-02-17,2005-02-17T20:00:00.000000-0500,1041,Temeka Johnson,99,Tigers,LSU,LSU,,3,8,1,1,1,2,2,2,4,0,0,0,0,0,8,true,false,false,true,,T. Johnson,,Not Available,NA,LSU Tigers,s:40~l:54~t:99,lsu-tigers,https://a.espncdn.com/i/teamlogos/ncaa/500/99.png,LSU,461d7c,fdd023,home,true,81,96,Wildcats,Kentucky,Kentucky Wildcats,UK,https://a.espncdn.com/i/teamlogos/ncaa/500/96.png,005DAA,ffffff,58
250480194,2005,2,2005-02-17,2005-02-17T20:00:00.000000-0500,1181,Janel McCarville,135,Golden Gophers,Minnesota,Minnesota,,8,18,1,1,5,6,1,7,8,0,0,0,0,3,22,true,false,false,true,,J. McCarville,,Not Available,NA,Minnesota Golden Gophers,s:40~l:54~t:135,minnesota-golden-gophers,https://a.espncdn.com/i/teamlogos/ncaa/500/135.png,MINN,981a31,981a31,away,false,53,194,Buckeyes,Ohio State,Ohio State Buckeyes,OSU,https://a.espncdn.com/i/teamlogos/ncaa/500/194.png,ce1141,505056,65
250480194,2005,2,2005-02-17,2005-02-17T20:00:00.000000-0500,3751,Jaime Broback,135,Golden Gophers,Minnesota,Minnesota,,3,13,1,6,2,3,1,6,7,0,0,0,0,3,9,true,false,false,true,,J. Broback,,Not Available,NA,Minnesota Golden Gophers,s:40~l:54~t:135,minnesota-golden-gophers,https://a.espncdn.com/i/teamlogos/ncaa/500/135.png,MINN,981a31,981a31,away,false,53,194,Buckeyes,Ohio State,Ohio State Buckeyes,OSU,https://a.espncdn.com/i/teamlogos/ncaa/500/194.png,ce1141,505056,65
250480194,2005,2,2005-02-17,2005-02-17T20:00:00.000000-0500,2656,Shannon Bolden,135,Golden Gophers,Minnesota,Minnesota,,0,1,0,1,0,0,1,2,3,0,0,0,0,1,0,true,false,false,true,,S. Bolden,,Not Available,NA,Minnesota Golden Gophers,s:40~l:54~t:135,minnesota-golden-gophers,https://a.espncdn.com/i/teamlogos/ncaa/500/135.png,MINN,981a31,981a31,away,false,53,194,Buckeyes,Ohio State,Ohio State Buckeyes,OSU,https://a.espncdn.com/i/teamlogos/ncaa/500/194.png,ce1141,505056,65
250480194,2005,2,2005-02-17,2005-02-17T20:00:00.000000-0500,2655,Shannon Schonrock,135,Golden Gophers,Minnesota,Minnesota,,1,6,1,5,0,0,1,1,2,0,0,0,0,1,3,true,false,false,true,,S. Schonrock,,Not Available,NA,Minnesota Golden Gophers,s:40~l:54~t:135,minnesota-golden-gophers,https://a.espncdn.com/i/teamlogos/ncaa/500/135.png,MINN,981a31,981a31,away,false,53,194,Buckeyes,Ohio State,Ohio State Buckeyes,OSU,https://a.espncdn.com/i/teamlogos/ncaa/500/194.png,ce1141,505056,65
250480194,2005,2,2005-02-17,2005-02-17T20:00:00.000000-0500,888,April Calhoun,135,Golden Gophers,Minnesota,Minnesota,,5,8,0,0,2,2,1,4,5,0,0,0,0,4,12,true,false,false,true,,A. Calhoun,,Not Available,NA,Minnesota Golden Gophers,s:40~l:54~t:135,minnesota-golden-gophers,https://a.espncdn.com/i/teamlogos/ncaa/500/135.png,MINN,981a31,981a31,away,false,53,194,Buckeyes,Ohio State,Ohio State Buckeyes,OSU,https://a.espncdn.com/i/teamlogos/ncaa/500/194.png,ce1141,505056,65
250480194,2005,2,2005-02-17,2005-02-17T20:00:00.000000-0500,3831,Jessica Davenport,194,Buckeyes,Ohio State,Ohio State,,15,19,0,0,5,7,0,9,9,0,0,0,0,2,35,true,false,false,true,,J. Davenport,,Not Available,NA,Ohio State Buckeyes,s:40~l:54~t:194,ohio-state-buckeyes,https://a.espncdn.com/i/teamlogos/ncaa/500/194.png,OSU,ce1141,505056,home,true,65,135,Golden Gophers,Minnesota,Minnesota Golden Gophers,MINN,https://a.espncdn.com/i/teamlogos/ncaa/500/135.png,981a31,981a31,53
250480194,2005,2,2005-02-17,2005-02-17T20:00:00.000000-0500,3832,Stephanie Blanton,194,Buckeyes,Ohio State,Ohio State,,1,4,0,2,0,1,2,3,5,0,0,0,0,1,2,true,false,false,true,,S. Blanton,,Not Available,NA,Ohio State Buckeyes,s:40~l:54~t:194,ohio-state-buckeyes,https://a.espncdn.com/i/teamlogos/ncaa/500/194.png,OSU,ce1141,505056,home,true,65,135,Golden Gophers,Minnesota,Minnesota Golden Gophers,MINN,https://a.espncdn.com/i/teamlogos/ncaa/500/135.png,981a31,981a31,53
250480194,2005,2,2005-02-17,2005-02-17T20:00:00.000000-0500,3833,Brandie Hoskins,194,Buckeyes,Ohio State,Ohio State,,4,10,1,1,0,2,1,2,3,0,0,0,0,0,9,true,false,false,true,,B. Hoskins,,Not Available,NA,Ohio State Buckeyes,s:40~l:54~t:194,ohio-state-buckeyes,https://a.espncdn.com/i/teamlogos/ncaa/500/194.png,OSU,ce1141,505056,home,true,65,135,Golden Gophers,Minnesota,Minnesota Golden Gophers,MINN,https://a.espncdn.com/i/teamlogos/ncaa/500/135.png,981a31,981a31,53
250480194,2005,2,2005-02-17,2005-02-17T20:00:00.000000-0500,1497,Caity Matter,194,Buckeyes,Ohio State,Ohio State,,2,9,1,7,4,4,0,4,4,0,0,0,0,0,9,true,false,false,true,,C. Matter,,Not Available,NA,Ohio State Buckeyes,s:40~l:54~t:194,ohio-state-buckeyes,https://a.espncdn.com/i/teamlogos/ncaa/500/194.png,OSU,ce1141,505056,home,true,65,135,Golden Gophers,Minnesota,Minnesota Golden Gophers,MINN,https://a.espncdn.com/i/teamlogos/ncaa/500/135.png,981a31,981a31,53
250480194,2005,2,2005-02-17,2005-02-17T20:00:00.000000-0500,1493,Ashley Allen,194,Buckeyes,Ohio State,Ohio State,,2,4,1,2,0,0,0,1,1,0,0,0,0,1,5,true,false,false,true,,A. Allen,,Not Available,NA,Ohio State Buckeyes,s:40~l:54~t:194,ohio-state-buckeyes,https://a.espncdn.com/i/teamlogos/ncaa/500/194.png,OSU,ce1141,505056,home,true,65,135,Golden Gophers,Minnesota,Minnesota Golden Gophers,MINN,https://a.espncdn.com/i/teamlogos/ncaa/500/135.png,981a31,981a31,53
250482633,2005,2,2005-02-17,2005-02-17T19:00:00.000000-0500,4881,Ilona Burgrova,2579,Gamecocks,South Carolina,South Carolina,,1,2,0,0,2,2,0,4,4,0,0,0,0,4,4,true,false,false,true,,I. Burgrova,,Not Available,NA,South Carolina Gamecocks,s:40~l:54~t:2579,south-carolina-gamecocks,https://a.espncdn.com/i/teamlogos/ncaa/500/2579.png,SC,73000a,ffffff,away,false,44,2633,Lady Volunteers,Tennessee,Tennessee Lady Volunteers,TENN,https://a.espncdn.com/i/teamlogos/ncaa/500/2633_ncw.png,ff8200,ffffff,74
250482633,2005,2,2005-02-17,2005-02-17T19:00:00.000000-0500,3770,Iva Sliskovic,2579,Gamecocks,South Carolina,South Carolina,,6,9,0,1,2,3,1,5,6,0,0,0,0,1,14,true,false,false,true,,I. Sliskovic,,Not Available,NA,South Carolina Gamecocks,s:40~l:54~t:2579,south-carolina-gamecocks,https://a.espncdn.com/i/teamlogos/ncaa/500/2579.png,SC,73000a,ffffff,away,false,44,2633,Lady Volunteers,Tennessee,Tennessee Lady Volunteers,TENN,https://a.espncdn.com/i/teamlogos/ncaa/500/2633_ncw.png,ff8200,ffffff,74
250482633,2005,2,2005-02-17,2005-02-17T19:00:00.000000-0500,3769,Lauren Simms,2579,Gamecocks,South Carolina,South Carolina,,7,12,1,2,1,2,2,3,5,0,0,0,0,3,16,true,false,false,true,,L. Simms,,Not Available,NA,South Carolina Gamecocks,s:40~l:54~t:2579,south-carolina-gamecocks,https://a.espncdn.com/i/teamlogos/ncaa/500/2579.png,SC,73000a,ffffff,away,false,44,2633,Lady Volunteers,Tennessee,Tennessee Lady Volunteers,TENN,https://a.espncdn.com/i/teamlogos/ncaa/500/2633_ncw.png,ff8200,ffffff,74
250482633,2005,2,2005-02-17,2005-02-17T19:00:00.000000-0500,3765,Lea Fabbri,2579,Gamecocks,South Carolina,South Carolina,,1,2,0,1,0,0,1,0,1,0,0,0,0,1,2,true,false,false,true,,L. Fabbri,,Not Available,NA,South Carolina Gamecocks,s:40~l:54~t:2579,south-carolina-gamecocks,https://a.espncdn.com/i/teamlogos/ncaa/500/2579.png,SC,73000a,ffffff,away,false,44,2633,Lady Volunteers,Tennessee,Tennessee Lady Volunteers,TENN,https://a.espncdn.com/i/teamlogos/ncaa/500/2633_ncw.png,ff8200,ffffff,74
250482633,2005,2,2005-02-17,2005-02-17T19:00:00.000000-0500,3764,Stacy Booker,2579,Gamecocks,South Carolina,South Carolina,,2,9,1,2,0,0,0,2,2,0,0,0,0,1,5,true,false,false,true,,S. Booker,,Not Available,NA,South Carolina Gamecocks,s:40~l:54~t:2579,south-carolina-gamecocks,https://a.espncdn.com/i/teamlogos/ncaa/500/2579.png,SC,73000a,ffffff,away,false,44,2633,Lady Volunteers,Tennessee,Tennessee Lady Volunteers,TENN,https://a.espncdn.com/i/teamlogos/ncaa/500/2633_ncw.png,ff8200,ffffff,74
250482633,2005,2,2005-02-17,2005-02-17T19:00:00.000000-0500,4839,Nicky Anosike,2633,Lady Volunteers,Tennessee,Tennessee,,4,8,0,0,0,0,0,3,3,0,0,0,0,4,8,true,false,false,true,,N. Anosike,,Not Available,NA,Tennessee Lady Volunteers,s:40~l:54~t:2633,tennessee-lady-volunteers,https://a.espncdn.com/i/teamlogos/ncaa/500/2633_ncw.png,TENN,ff8200,ffffff,home,true,74,2579,Gamecocks,South Carolina,South Carolina Gamecocks,SC,https://a.espncdn.com/i/teamlogos/ncaa/500/2579.png,73000a,ffffff,44
250482633,2005,2,2005-02-17,2005-02-17T19:00:00.000000-0500,2632,Tyesha Fluker,2633,Lady Volunteers,Tennessee,Tennessee,,3,9,0,0,0,0,2,0,2,0,0,0,0,3,6,true,false,false,true,,T. Fluker,,Not Available,NA,Tennessee Lady Volunteers,s:40~l:54~t:2633,tennessee-lady-volunteers,https://a.espncdn.com/i/teamlogos/ncaa/500/2633_ncw.png,TENN,ff8200,ffffff,home,true,74,2579,Gamecocks,South Carolina,South Carolina Gamecocks,SC,https://a.espncdn.com/i/teamlogos/ncaa/500/2579.png,73000a,ffffff,44
250482633,2005,2,2005-02-17,2005-02-17T19:00:00.000000-0500,4840,Alexis Hornbuckle,2633,Lady Volunteers,Tennessee,Tennessee,,4,6,0,1,1,3,1,3,4,0,0,0,0,3,9,true,false,false,true,,A. Hornbuckle,,Not Available,NA,Tennessee Lady Volunteers,s:40~l:54~t:2633,tennessee-lady-volunteers,https://a.espncdn.com/i/teamlogos/ncaa/500/2633_ncw.png,TENN,ff8200,ffffff,home,true,74,2579,Gamecocks,South Carolina,South Carolina Gamecocks,SC,https://a.espncdn.com/i/teamlogos/ncaa/500/2579.png,73000a,ffffff,44
250482633,2005,2,2005-02-17,2005-02-17T19:00:00.000000-0500,2633,Shanna Zolman,2633,Lady Volunteers,Tennessee,Tennessee,,5,7,3,4,0,0,0,1,1,0,0,0,0,2,13,true,false,false,true,,S. Zolman,,Not Available,NA,Tennessee Lady Volunteers,s:40~l:54~t:2633,tennessee-lady-volunteers,https://a.espncdn.com/i/teamlogos/ncaa/500/2633_ncw.png,TENN,ff8200,ffffff,home,true,74,2579,Gamecocks,South Carolina,South Carolina Gamecocks,SC,https://a.espncdn.com/i/teamlogos/ncaa/500/2579.png,73000a,ffffff,44
250482633,2005,2,2005-02-17,2005-02-17T19:00:00.000000-0500,2006,Loree Moore,2633,Lady Volunteers,Tennessee,Tennessee,,2,5,0,0,0,0,2,1,3,0,0,0,0,1,4,true,false,false,true,,L. Moore,,Not Available,NA,Tennessee Lady Volunteers,s:40~l:54~t:2633,tennessee-lady-volunteers,https://a.espncdn.com/i/teamlogos/ncaa/500/2633_ncw.png,TENN,ff8200,ffffff,home,true,74,2579,Gamecocks,South Carolina,South Carolina Gamecocks,SC,https://a.espncdn.com/i/teamlogos/ncaa/500/2579.png,73000a,ffffff,44
250460103,2005,2,2005-02-15,2005-02-15T19:00:00.000000-0500,1467,Teresa Borton,87,Fighting Irish,Notre Dame,Notre Dame,,3,7,0,0,2,3,2,0,2,0,0,0,0,1,8,true,false,false,true,,T. Borton,,Not Available,NA,Notre Dame Fighting Irish,s:40~l:54~t:87,notre-dame-fighting-irish,https://a.espncdn.com/i/teamlogos/ncaa/500/87.png,ND,0c2340,c99700,away,true,54,103,Eagles,Boston College,Boston College Eagles,BC,https://a.espncdn.com/i/teamlogos/ncaa/500/103.png,8c2232,dbcca6,47
250460103,2005,2,2005-02-15,2005-02-15T19:00:00.000000-0500,3784,Crystal Erwin,87,Fighting Irish,Notre Dame,Notre Dame,,1,4,0,0,0,0,0,0,0,0,0,0,0,2,2,true,false,false,true,,C. Erwin,,Not Available,NA,Notre Dame Fighting Irish,s:40~l:54~t:87,notre-dame-fighting-irish,https://a.espncdn.com/i/teamlogos/ncaa/500/87.png,ND,0c2340,c99700,away,true,54,103,Eagles,Boston College,Boston College Eagles,BC,https://a.espncdn.com/i/teamlogos/ncaa/500/103.png,8c2232,dbcca6,47
250460103,2005,2,2005-02-15,2005-02-15T19:00:00.000000-0500,1466,Jacqueline Batteast,87,Fighting Irish,Notre Dame,Notre Dame,,6,17,0,2,3,4,3,5,8,0,0,0,0,2,15,true,false,false,true,,J. Batteast,,Not Available,NA,Notre Dame Fighting Irish,s:40~l:54~t:87,notre-dame-fighting-irish,https://a.espncdn.com/i/teamlogos/ncaa/500/87.png,ND,0c2340,c99700,away,true,54,103,Eagles,Boston College,Boston College Eagles,BC,https://a.espncdn.com/i/teamlogos/ncaa/500/103.png,8c2232,dbcca6,47
250460103,2005,2,2005-02-15,2005-02-15T19:00:00.000000-0500,3783,Breona Gray,87,Fighting Irish,Notre Dame,Notre Dame,,0,1,0,0,2,2,0,2,2,0,0,0,0,0,2,true,false,false,true,,B. Gray,,Not Available,NA,Notre Dame Fighting Irish,s:40~l:54~t:87,notre-dame-fighting-irish,https://a.espncdn.com/i/teamlogos/ncaa/500/87.png,ND,0c2340,c99700,away,true,54,103,Eagles,Boston College,Boston College Eagles,BC,https://a.espncdn.com/i/teamlogos/ncaa/500/103.png,8c2232,dbcca6,47
250460103,2005,2,2005-02-15,2005-02-15T19:00:00.000000-0500,2437,Megan Duffy,87,Fighting Irish,Notre Dame,Notre Dame,,3,7,0,2,8,8,0,4,4,0,0,0,0,2,14,true,false,false,true,,M. Duffy,,Not Available,NA,Notre Dame Fighting Irish,s:40~l:54~t:87,notre-dame-fighting-irish,https://a.espncdn.com/i/teamlogos/ncaa/500/87.png,ND,0c2340,c99700,away,true,54,103,Eagles,Boston College,Boston College Eagles,BC,https://a.espncdn.com/i/teamlogos/ncaa/500/103.png,8c2232,dbcca6,47
250460103,2005,2,2005-02-15,2005-02-15T19:00:00.000000-0500,3761,Kathrin Ress,103,Eagles,Boston College,Boston College,,4,9,0,0,0,0,3,4,7,0,0,0,0,4,8,true,false,false,true,,K. Ress,,Not Available,NA,Boston College Eagles,s:40~l:54~t:103,boston-college-eagles,https://a.espncdn.com/i/teamlogos/ncaa/500/103.png,BC,8c2232,dbcca6,home,false,47,87,Fighting Irish,Notre Dame,Notre Dame Fighting Irish,ND,https://a.espncdn.com/i/teamlogos/ncaa/500/87.png,0c2340,c99700,54
250460103,2005,2,2005-02-15,2005-02-15T19:00:00.000000-0500,2490,Brooke Queenan,103,Eagles,Boston College,Boston College,,1,2,0,0,2,2,0,1,1,0,0,0,0,1,4,true,false,false,true,,B. Queenan,,Not Available,NA,Boston College Eagles,s:40~l:54~t:103,boston-college-eagles,https://a.espncdn.com/i/teamlogos/ncaa/500/103.png,BC,8c2232,dbcca6,home,false,47,87,Fighting Irish,Notre Dame,Notre Dame Fighting Irish,ND,https://a.espncdn.com/i/teamlogos/ncaa/500/87.png,0c2340,c99700,54
250460103,2005,2,2005-02-15,2005-02-15T19:00:00.000000-0500,3763,Sarah Marshall,103,Eagles,Boston College,Boston College,,1,12,0,5,0,0,0,4,4,0,0,0,0,3,2,true,false,false,true,,S. Marshall,,Not Available,NA,Boston College Eagles,s:40~l:54~t:103,boston-college-eagles,https://a.espncdn.com/i/teamlogos/ncaa/500/103.png,BC,8c2232,dbcca6,home,false,47,87,Fighting Irish,Notre Dame,Notre Dame Fighting Irish,ND,https://a.espncdn.com/i/teamlogos/ncaa/500/87.png,0c2340,c99700,54
250460103,2005,2,2005-02-15,2005-02-15T19:00:00.000000-0500,2489,Aja Parham,103,Eagles,Boston College,Boston College,,3,3,0,0,2,2,1,4,5,0,0,0,0,4,8,true,false,false,true,,A. Parham,,Not Available,NA,Boston College Eagles,s:40~l:54~t:103,boston-college-eagles,https://a.espncdn.com/i/teamlogos/ncaa/500/103.png,BC,8c2232,dbcca6,home,false,47,87,Fighting Irish,Notre Dame,Notre Dame Fighting Irish,ND,https://a.espncdn.com/i/teamlogos/ncaa/500/87.png,0c2340,c99700,54
250460103,2005,2,2005-02-15,2005-02-15T19:00:00.000000-0500,133,Clare Droesch,103,Eagles,Boston College,Boston College,,4,13,2,6,0,0,0,6,6,0,0,0,0,1,10,true,false,false,true,,C. Droesch,,Not Available,NA,Boston College Eagles,s:40~l:54~t:103,boston-college-eagles,https://a.espncdn.com/i/teamlogos/ncaa/500/103.png,BC,8c2232,dbcca6,home,false,47,87,Fighting Irish,Notre Dame,Notre Dame Fighting Irish,ND,https://a.espncdn.com/i/teamlogos/ncaa/500/87.png,0c2340,c99700,54
250440120,2005,2,2005-02-13,2005-02-13T15:00:00.000000-0500,3713,Alison Bales,150,Blue Devils,Duke,Duke,,1,5,0,0,1,2,2,7,9,0,0,0,0,1,3,true,false,false,true,,A. Bales,,Not Available,NA,Duke Blue Devils,s:40~l:54~t:150,duke-blue-devils,https://a.espncdn.com/i/teamlogos/ncaa/500/150.png,DUKE,013088,ffffff,away,true,60,120,Terrapins,Maryland,Maryland Terrapins,MD,https://a.espncdn.com/i/teamlogos/ncaa/500/120.png,D5002B,ffcd00,49
250440120,2005,2,2005-02-13,2005-02-13T15:00:00.000000-0500,2475,Mistie McCray Bass,150,Blue Devils,Duke,Duke,,1,6,0,0,0,0,0,2,2,0,0,0,0,1,2,true,false,false,true,,M. Bass,,Not Available,NA,Duke Blue Devils,s:40~l:54~t:150,duke-blue-devils,https://a.espncdn.com/i/teamlogos/ncaa/500/150.png,DUKE,013088,ffffff,away,true,60,120,Terrapins,Maryland,Maryland Terrapins,MD,https://a.espncdn.com/i/teamlogos/ncaa/500/120.png,D5002B,ffcd00,49
250440120,2005,2,2005-02-13,2005-02-13T15:00:00.000000-0500,438,Monique Currie,150,Blue Devils,Duke,Duke,,3,12,0,3,8,11,2,6,8,0,0,0,0,3,14,true,false,false,true,,M. Currie,,Not Available,NA,Duke Blue Devils,s:40~l:54~t:150,duke-blue-devils,https://a.espncdn.com/i/teamlogos/ncaa/500/150.png,DUKE,013088,ffffff,away,true,60,120,Terrapins,Maryland,Maryland Terrapins,MD,https://a.espncdn.com/i/teamlogos/ncaa/500/120.png,D5002B,ffcd00,49
250440120,2005,2,2005-02-13,2005-02-13T15:00:00.000000-0500,4819,Wanisha Smith,150,Blue Devils,Duke,Duke,,5,8,3,5,0,0,0,3,3,0,0,0,0,2,13,true,false,false,true,,W. Smith,,Not Available,NA,Duke Blue Devils,s:40~l:54~t:150,duke-blue-devils,https://a.espncdn.com/i/teamlogos/ncaa/500/150.png,DUKE,013088,ffffff,away,true,60,120,Terrapins,Maryland,Maryland Terrapins,MD,https://a.espncdn.com/i/teamlogos/ncaa/500/120.png,D5002B,ffcd00,49
250440120,2005,2,2005-02-13,2005-02-13T15:00:00.000000-0500,2631,Jessica Foley,150,Blue Devils,Duke,Duke,,2,10,1,7,4,4,0,5,5,0,0,0,0,0,9,true,false,false,true,,J. Foley,,Not Available,NA,Duke Blue Devils,s:40~l:54~t:150,duke-blue-devils,https://a.espncdn.com/i/teamlogos/ncaa/500/150.png,DUKE,013088,ffffff,away,true,60,120,Terrapins,Maryland,Maryland Terrapins,MD,https://a.espncdn.com/i/teamlogos/ncaa/500/120.png,D5002B,ffcd00,49
250440120,2005,2,2005-02-13,2005-02-13T15:00:00.000000-0500,4857,Crystal Langhorne,120,Terrapins,Maryland,Maryland,,4,9,0,0,0,0,4,5,9,0,0,0,0,3,8,true,false,false,true,,C. Langhorne,,Not Available,NA,Maryland Terrapins,s:40~l:54~t:120,maryland-terrapins,https://a.espncdn.com/i/teamlogos/ncaa/500/120.png,MD,D5002B,ffcd00,home,false,49,150,Blue Devils,Duke,Duke Blue Devils,DUKE,https://a.espncdn.com/i/teamlogos/ncaa/500/150.png,013088,ffffff,60
250440120,2005,2,2005-02-13,2005-02-13T15:00:00.000000-0500,4856,Jade Perry,120,Terrapins,Maryland,Maryland,,3,10,0,0,0,2,2,2,4,0,0,0,0,1,6,true,false,false,true,,J. Perry,,Not Available,NA,Maryland Terrapins,s:40~l:54~t:120,maryland-terrapins,https://a.espncdn.com/i/teamlogos/ncaa/500/120.png,MD,D5002B,ffcd00,home,false,49,150,Blue Devils,Duke,Duke Blue Devils,DUKE,https://a.espncdn.com/i/teamlogos/ncaa/500/150.png,013088,ffffff,60
250440120,2005,2,2005-02-13,2005-02-13T15:00:00.000000-0500,4315,Kalika France,120,Terrapins,Maryland,Maryland,,6,17,0,4,1,4,1,1,2,0,0,0,0,2,13,true,false,false,true,,K. France,,Not Available,NA,Maryland Terrapins,s:40~l:54~t:120,maryland-terrapins,https://a.espncdn.com/i/teamlogos/ncaa/500/120.png,MD,D5002B,ffcd00,home,false,49,150,Blue Devils,Duke,Duke Blue Devils,DUKE,https://a.espncdn.com/i/teamlogos/ncaa/500/150.png,013088,ffffff,60
250440120,2005,2,2005-02-13,2005-02-13T15:00:00.000000-0500,4314,Shay Doron,120,Terrapins,Maryland,Maryland,,8,19,2,6,0,0,2,3,5,0,0,0,0,4,18,true,false,false,true,,S. Doron,,Not Available,NA,Maryland Terrapins,s:40~l:54~t:120,maryland-terrapins,https://a.espncdn.com/i/teamlogos/ncaa/500/120.png,MD,D5002B,ffcd00,home,false,49,150,Blue Devils,Duke,Duke Blue Devils,DUKE,https://a.espncdn.com/i/teamlogos/ncaa/500/150.png,013088,ffffff,60
250440120,2005,2,2005-02-13,2005-02-13T15:00:00.000000-0500,1084,Anesia Smith,120,Terrapins,Maryland,Maryland,,1,2,0,0,0,0,1,8,9,0,0,0,0,2,2,true,false,false,true,,A. Smith,,Not Available,NA,Maryland Terrapins,s:40~l:54~t:120,maryland-terrapins,https://a.espncdn.com/i/teamlogos/ncaa/500/120.png,MD,D5002B,ffcd00,home,false,49,150,Blue Devils,Duke,Duke Blue Devils,DUKE,https://a.espncdn.com/i/teamlogos/ncaa/500/150.png,013088,ffffff,60
250442633,2005,2,2005-02-13,2005-02-13T15:00:00.000000-0500,3776,Carla Thomas,238,Commodores,Vanderbilt,Vanderbilt,,2,5,0,0,4,4,0,3,3,0,0,0,0,3,8,true,false,false,true,,C. Thomas,,Not Available,NA,Vanderbilt Commodores,s:40~l:54~t:238,vanderbilt-commodores,https://a.espncdn.com/i/teamlogos/ncaa/500/238.png,VAN,000000,231f20,away,false,63,2633,Lady Volunteers,Tennessee,Tennessee Lady Volunteers,TENN,https://a.espncdn.com/i/teamlogos/ncaa/500/2633_ncw.png,ff8200,ffffff,72
250442633,2005,2,2005-02-13,2005-02-13T15:00:00.000000-0500,2172,Ashley Earley,238,Commodores,Vanderbilt,Vanderbilt,,11,12,0,0,2,4,3,6,9,0,0,0,0,3,24,true,false,false,true,,A. Earley,,Not Available,NA,Vanderbilt Commodores,s:40~l:54~t:238,vanderbilt-commodores,https://a.espncdn.com/i/teamlogos/ncaa/500/238.png,VAN,000000,231f20,away,false,63,2633,Lady Volunteers,Tennessee,Tennessee Lady Volunteers,TENN,https://a.espncdn.com/i/teamlogos/ncaa/500/2633_ncw.png,ff8200,ffffff,72
250442633,2005,2,2005-02-13,2005-02-13T15:00:00.000000-0500,3778,Dee Davis,238,Commodores,Vanderbilt,Vanderbilt,,3,9,0,2,2,2,0,2,2,0,0,0,0,5,8,true,false,false,true,,D. Davis,,Not Available,NA,Vanderbilt Commodores,s:40~l:54~t:238,vanderbilt-commodores,https://a.espncdn.com/i/teamlogos/ncaa/500/238.png,VAN,000000,231f20,away,false,63,2633,Lady Volunteers,Tennessee,Tennessee Lady Volunteers,TENN,https://a.espncdn.com/i/teamlogos/ncaa/500/2633_ncw.png,ff8200,ffffff,72
250442633,2005,2,2005-02-13,2005-02-13T15:00:00.000000-0500,3775,Caroline Williams,238,Commodores,Vanderbilt,Vanderbilt,,2,4,2,4,0,0,1,0,1,0,0,0,0,2,6,true,false,false,true,,C. Williams,,Not Available,NA,Vanderbilt Commodores,s:40~l:54~t:238,vanderbilt-commodores,https://a.espncdn.com/i/teamlogos/ncaa/500/238.png,VAN,000000,231f20,away,false,63,2633,Lady Volunteers,Tennessee,Tennessee Lady Volunteers,TENN,https://a.espncdn.com/i/teamlogos/ncaa/500/2633_ncw.png,ff8200,ffffff,72
250442633,2005,2,2005-02-13,2005-02-13T15:00:00.000000-0500,2177,Abi Ramsey,238,Commodores,Vanderbilt,Vanderbilt,,7,19,3,13,0,0,0,2,2,0,0,0,0,5,17,true,false,false,true,,A. Ramsey,,Not Available,NA,Vanderbilt Commodores,s:40~l:54~t:238,vanderbilt-commodores,https://a.espncdn.com/i/teamlogos/ncaa/500/238.png,VAN,000000,231f20,away,false,63,2633,Lady Volunteers,Tennessee,Tennessee Lady Volunteers,TENN,https://a.espncdn.com/i/teamlogos/ncaa/500/2633_ncw.png,ff8200,ffffff,72
250442633,2005,2,2005-02-13,2005-02-13T15:00:00.000000-0500,4842,Sa'de Wiley-Gatewood,2633,Lady Volunteers,Tennessee,Tennessee,,1,4,0,2,0,0,0,0,0,0,0,0,0,1,2,true,false,false,true,,S. Wiley-Gatewood,,Not Available,NA,Tennessee Lady Volunteers,s:40~l:54~t:2633,tennessee-lady-volunteers,https://a.espncdn.com/i/teamlogos/ncaa/500/2633_ncw.png,TENN,ff8200,ffffff,home,true,72,238,Commodores,Vanderbilt,Vanderbilt Commodores,VAN,https://a.espncdn.com/i/teamlogos/ncaa/500/238.png,000000,231f20,63
250442633,2005,2,2005-02-13,2005-02-13T15:00:00.000000-0500,4839,Nicky Anosike,2633,Lady Volunteers,Tennessee,Tennessee,,2,4,0,0,1,2,3,1,4,0,0,0,0,4,5,true,false,false,true,,N. Anosike,,Not Available,NA,Tennessee Lady Volunteers,s:40~l:54~t:2633,tennessee-lady-volunteers,https://a.espncdn.com/i/teamlogos/ncaa/500/2633_ncw.png,TENN,ff8200,ffffff,home,true,72,238,Commodores,Vanderbilt,Vanderbilt Commodores,VAN,https://a.espncdn.com/i/teamlogos/ncaa/500/238.png,000000,231f20,63
250442633,2005,2,2005-02-13,2005-02-13T15:00:00.000000-0500,4840,Alexis Hornbuckle,2633,Lady Volunteers,Tennessee,Tennessee,,3,5,0,0,0,2,5,3,8,0,0,0,0,0,6,true,false,false,true,,A. Hornbuckle,,Not Available,NA,Tennessee Lady Volunteers,s:40~l:54~t:2633,tennessee-lady-volunteers,https://a.espncdn.com/i/teamlogos/ncaa/500/2633_ncw.png,TENN,ff8200,ffffff,home,true,72,238,Commodores,Vanderbilt,Vanderbilt Commodores,VAN,https://a.espncdn.com/i/teamlogos/ncaa/500/238.png,000000,231f20,63
250442633,2005,2,2005-02-13,2005-02-13T15:00:00.000000-0500,2633,Shanna Zolman,2633,Lady Volunteers,Tennessee,Tennessee,,4,12,2,6,4,5,0,4,4,0,0,0,0,1,14,true,false,false,true,,S. Zolman,,Not Available,NA,Tennessee Lady Volunteers,s:40~l:54~t:2633,tennessee-lady-volunteers,https://a.espncdn.com/i/teamlogos/ncaa/500/2633_ncw.png,TENN,ff8200,ffffff,home,true,72,238,Commodores,Vanderbilt,Vanderbilt Commodores,VAN,https://a.espncdn.com/i/teamlogos/ncaa/500/238.png,000000,231f20,63
250442633,2005,2,2005-02-13,2005-02-13T15:00:00.000000-0500,2006,Loree Moore,2633,Lady Volunteers,Tennessee,Tennessee,,3,7,1,2,1,2,1,4,5,0,0,0,0,4,8,true,false,false,true,,L. Moore,,Not Available,NA,Tennessee Lady Volunteers,s:40~l:54~t:2633,tennessee-lady-volunteers,https://a.espncdn.com/i/teamlogos/ncaa/500/2633_ncw.png,TENN,ff8200,ffffff,home,true,72,238,Commodores,Vanderbilt,Vanderbilt Commodores,VAN,https://a.espncdn.com/i/teamlogos/ncaa/500/238.png,000000,231f20,63
250440164,2005,2,2005-02-13,2005-02-13T17:00:00.000000-0500,316,Jessica Moore,41,Huskies,UConn,UConn,,2,6,0,0,2,2,0,3,3,0,0,0,0,5,6,true,false,false,true,,J. Moore,,Not Available,NA,UConn Huskies,s:40~l:54~t:41,uconn-huskies,https://a.espncdn.com/i/teamlogos/ncaa/500/41.png,CONN,0c2340,f1f2f3,away,false,62,164,Scarlet Knights,Rutgers,Rutgers Scarlet Knights,RUTG,https://a.espncdn.com/i/teamlogos/ncaa/500/164.png,d21034,ffffff,76
250440164,2005,2,2005-02-13,2005-02-13T17:00:00.000000-0500,2637,Ann Strother,41,Huskies,UConn,UConn,,6,11,4,8,4,6,1,0,1,0,0,0,0,1,20,true,false,false,true,,A. Strother,,Not Available,NA,UConn Huskies,s:40~l:54~t:41,uconn-huskies,https://a.espncdn.com/i/teamlogos/ncaa/500/41.png,CONN,0c2340,f1f2f3,away,false,62,164,Scarlet Knights,Rutgers,Rutgers Scarlet Knights,RUTG,https://a.espncdn.com/i/teamlogos/ncaa/500/164.png,d21034,ffffff,76
250440164,2005,2,2005-02-13,2005-02-13T17:00:00.000000-0500,2409,Barbara Turner,41,Huskies,UConn,UConn,,1,4,0,1,0,1,1,0,1,0,0,0,0,3,2,true,false,false,true,,B. Turner,,Not Available,NA,UConn Huskies,s:40~l:54~t:41,uconn-huskies,https://a.espncdn.com/i/teamlogos/ncaa/500/41.png,CONN,0c2340,f1f2f3,away,false,62,164,Scarlet Knights,Rutgers,Rutgers Scarlet Knights,RUTG,https://a.espncdn.com/i/teamlogos/ncaa/500/164.png,d21034,ffffff,76
250440164,2005,2,2005-02-13,2005-02-13T17:00:00.000000-0500,312,Ashley Battle,41,Huskies,UConn,UConn,,2,6,1,4,3,3,4,5,9,0,0,0,0,2,8,true,false,false,true,,A. Battle,,Not Available,NA,UConn Huskies,s:40~l:54~t:41,uconn-huskies,https://a.espncdn.com/i/teamlogos/ncaa/500/41.png,CONN,0c2340,f1f2f3,away,false,62,164,Scarlet Knights,Rutgers,Rutgers Scarlet Knights,RUTG,https://a.espncdn.com/i/teamlogos/ncaa/500/164.png,d21034,ffffff,76
250440164,2005,2,2005-02-13,2005-02-13T17:00:00.000000-0500,311,Ashley Valley,41,Huskies,UConn,UConn,,2,6,1,2,0,0,2,4,6,0,0,0,0,1,5,true,false,false,true,,A. Valley,,Not Available,NA,UConn Huskies,s:40~l:54~t:41,uconn-huskies,https://a.espncdn.com/i/teamlogos/ncaa/500/41.png,CONN,0c2340,f1f2f3,away,false,62,164,Scarlet Knights,Rutgers,Rutgers Scarlet Knights,RUTG,https://a.espncdn.com/i/teamlogos/ncaa/500/164.png,d21034,ffffff,76
250440164,2005,2,2005-02-13,2005-02-13T17:00:00.000000-0500,2400,Michelle Campbell,164,Scarlet Knights,Rutgers,Rutgers,,4,6,0,0,5,6,1,0,1,0,0,0,0,4,13,true,false,false,true,,M. Campbell,,Not Available,NA,Rutgers Scarlet Knights,s:40~l:54~t:164,rutgers-scarlet-knights,https://a.espncdn.com/i/teamlogos/ncaa/500/164.png,RUTG,d21034,ffffff,home,true,76,41,Huskies,UConn,UConn Huskies,CONN,https://a.espncdn.com/i/teamlogos/ncaa/500/41.png,0c2340,f1f2f3,62
250440164,2005,2,2005-02-13,2005-02-13T17:00:00.000000-0500,1696,Rebecca Richman,164,Scarlet Knights,Rutgers,Rutgers,,2,2,0,0,0,0,0,0,0,0,0,0,0,2,4,true,false,false,true,,R. Richman,,Not Available,NA,Rutgers Scarlet Knights,s:40~l:54~t:164,rutgers-scarlet-knights,https://a.espncdn.com/i/teamlogos/ncaa/500/164.png,RUTG,d21034,ffffff,home,true,76,41,Huskies,UConn,UConn Huskies,CONN,https://a.espncdn.com/i/teamlogos/ncaa/500/41.png,0c2340,f1f2f3,62
250440164,2005,2,2005-02-13,2005-02-13T17:00:00.000000-0500,4816,Matee Ajavon,164,Scarlet Knights,Rutgers,Rutgers,,2,8,0,2,5,6,0,1,1,0,0,0,0,3,9,true,false,false,true,,M. Ajavon,,Not Available,NA,Rutgers Scarlet Knights,s:40~l:54~t:164,rutgers-scarlet-knights,https://a.espncdn.com/i/teamlogos/ncaa/500/164.png,RUTG,d21034,ffffff,home,true,76,41,Huskies,UConn,UConn Huskies,CONN,https://a.espncdn.com/i/teamlogos/ncaa/500/41.png,0c2340,f1f2f3,62
250440164,2005,2,2005-02-13,2005-02-13T17:00:00.000000-0500,1694,Chelsea Newton,164,Scarlet Knights,Rutgers,Rutgers,,7,11,1,2,4,6,1,5,6,0,0,0,0,4,19,true,false,false,true,,C. Newton,,Not Available,NA,Rutgers Scarlet Knights,s:40~l:54~t:164,rutgers-scarlet-knights,https://a.espncdn.com/i/teamlogos/ncaa/500/164.png,RUTG,d21034,ffffff,home,true,76,41,Huskies,UConn,UConn Huskies,CONN,https://a.espncdn.com/i/teamlogos/ncaa/500/41.png,0c2340,f1f2f3,62
250440164,2005,2,2005-02-13,2005-02-13T17:00:00.000000-0500,1692,Nikki Jett,164,Scarlet Knights,Rutgers,Rutgers,,2,5,1,1,0,0,0,1,1,0,0,0,0,1,5,true,false,false,true,,N. Jett,,Not Available,NA,Rutgers Scarlet Knights,s:40~l:54~t:164,rutgers-scarlet-knights,https://a.espncdn.com/i/teamlogos/ncaa/500/164.png,RUTG,d21034,ffffff,home,true,76,41,Huskies,UConn,UConn Huskies,CONN,https://a.espncdn.com/i/teamlogos/ncaa/500/41.png,0c2340,f1f2f3,62
250440135,2005,2,2005-02-13,2005-02-13T17:00:00.000000-0500,4807,Lindsay Wisdom-Hylton,2509,Boilermakers,Purdue,Purdue,,5,7,0,0,3,3,0,5,5,0,0,0,0,4,13,true,false,false,true,,L. Wisdom-Hylton,,Forward,F,Purdue Boilermakers,s:40~l:54~t:2509,purdue-boilermakers,https://a.espncdn.com/i/teamlogos/ncaa/500/2509.png,PUR,000000,cfb991,away,false,49,135,Golden Gophers,Minnesota,Minnesota Golden Gophers,MINN,https://a.espncdn.com/i/teamlogos/ncaa/500/135.png,981a31,981a31,71
250440135,2005,2,2005-02-13,2005-02-13T17:00:00.000000-0500,1620,Emily Heikes,2509,Boilermakers,Purdue,Purdue,,1,3,0,0,0,0,2,1,3,0,0,0,0,3,2,true,false,false,true,,E. Heikes,,Not Available,NA,Purdue Boilermakers,s:40~l:54~t:2509,purdue-boilermakers,https://a.espncdn.com/i/teamlogos/ncaa/500/2509.png,PUR,000000,cfb991,away,false,49,135,Golden Gophers,Minnesota,Minnesota Golden Gophers,MINN,https://a.espncdn.com/i/teamlogos/ncaa/500/135.png,981a31,981a31,71
250440135,2005,2,2005-02-13,2005-02-13T17:00:00.000000-0500,3724,Erin Lawless,2509,Boilermakers,Purdue,Purdue,,3,7,1,1,4,4,0,1,1,0,0,0,0,2,11,true,false,false,true,,E. Lawless,,Not Available,NA,Purdue Boilermakers,s:40~l:54~t:2509,purdue-boilermakers,https://a.espncdn.com/i/teamlogos/ncaa/500/2509.png,PUR,000000,cfb991,away,false,49,135,Golden Gophers,Minnesota,Minnesota Golden Gophers,MINN,https://a.espncdn.com/i/teamlogos/ncaa/500/135.png,981a31,981a31,71
250440135,2005,2,2005-02-13,2005-02-13T17:00:00.000000-0500,4808,Brina Pollack,2509,Boilermakers,Purdue,Purdue,,0,3,0,0,0,0,0,1,1,0,0,0,0,2,0,true,false,false,true,,B. Pollack,,Not Available,NA,Purdue Boilermakers,s:40~l:54~t:2509,purdue-boilermakers,https://a.espncdn.com/i/teamlogos/ncaa/500/2509.png,PUR,000000,cfb991,away,false,49,135,Golden Gophers,Minnesota,Minnesota Golden Gophers,MINN,https://a.espncdn.com/i/teamlogos/ncaa/500/135.png,981a31,981a31,71
250440135,2005,2,2005-02-13,2005-02-13T17:00:00.000000-0500,3726,Katie Gearlds,2509,Boilermakers,Purdue,Purdue,,2,7,1,4,0,0,0,3,3,0,0,0,0,0,5,true,false,false,true,,K. Gearlds,,Not Available,NA,Purdue Boilermakers,s:40~l:54~t:2509,purdue-boilermakers,https://a.espncdn.com/i/teamlogos/ncaa/500/2509.png,PUR,000000,cfb991,away,false,49,135,Golden Gophers,Minnesota,Minnesota Golden Gophers,MINN,https://a.espncdn.com/i/teamlogos/ncaa/500/135.png,981a31,981a31,71
250440135,2005,2,2005-02-13,2005-02-13T17:00:00.000000-0500,1181,Janel McCarville,135,Golden Gophers,Minnesota,Minnesota,,2,8,0,0,4,4,1,9,10,0,0,0,0,3,8,true,false,false,true,,J. McCarville,,Not Available,NA,Minnesota Golden Gophers,s:40~l:54~t:135,minnesota-golden-gophers,https://a.espncdn.com/i/teamlogos/ncaa/500/135.png,MINN,981a31,981a31,home,true,71,2509,Boilermakers,Purdue,Purdue Boilermakers,PUR,https://a.espncdn.com/i/teamlogos/ncaa/500/2509.png,000000,cfb991,49
250440135,2005,2,2005-02-13,2005-02-13T17:00:00.000000-0500,3751,Jaime Broback,135,Golden Gophers,Minnesota,Minnesota,,4,11,0,0,4,5,1,3,4,0,0,0,0,2,12,true,false,false,true,,J. Broback,,Not Available,NA,Minnesota Golden Gophers,s:40~l:54~t:135,minnesota-golden-gophers,https://a.espncdn.com/i/teamlogos/ncaa/500/135.png,MINN,981a31,981a31,home,true,71,2509,Boilermakers,Purdue,Purdue Boilermakers,PUR,https://a.espncdn.com/i/teamlogos/ncaa/500/2509.png,000000,cfb991,49
250440135,2005,2,2005-02-13,2005-02-13T17:00:00.000000-0500,2656,Shannon Bolden,135,Golden Gophers,Minnesota,Minnesota,,4,4,2,2,0,0,0,1,1,0,0,0,0,1,10,true,false,false,true,,S. Bolden,,Not Available,NA,Minnesota Golden Gophers,s:40~l:54~t:135,minnesota-golden-gophers,https://a.espncdn.com/i/teamlogos/ncaa/500/135.png,MINN,981a31,981a31,home,true,71,2509,Boilermakers,Purdue,Purdue Boilermakers,PUR,https://a.espncdn.com/i/teamlogos/ncaa/500/2509.png,000000,cfb991,49
250440135,2005,2,2005-02-13,2005-02-13T17:00:00.000000-0500,2655,Shannon Schonrock,135,Golden Gophers,Minnesota,Minnesota,,4,6,4,4,1,1,0,2,2,0,0,0,0,2,13,true,false,false,true,,S. Schonrock,,Not Available,NA,Minnesota Golden Gophers,s:40~l:54~t:135,minnesota-golden-gophers,https://a.espncdn.com/i/teamlogos/ncaa/500/135.png,MINN,981a31,981a31,home,true,71,2509,Boilermakers,Purdue,Purdue Boilermakers,PUR,https://a.espncdn.com/i/teamlogos/ncaa/500/2509.png,000000,cfb991,49
250440135,2005,2,2005-02-13,2005-02-13T17:00:00.000000-0500,888,April Calhoun,135,Golden Gophers,Minnesota,Minnesota,,4,8,0,2,3,3,0,0,0,0,0,0,0,1,11,true,false,false,true,,A. Calhoun,,Not Available,NA,Minnesota Golden Gophers,s:40~l:54~t:135,minnesota-golden-gophers,https://a.espncdn.com/i/teamlogos/ncaa/500/135.png,MINN,981a31,981a31,home,true,71,2509,Boilermakers,Purdue,Purdue Boilermakers,PUR,https://a.espncdn.com/i/teamlogos/ncaa/500/2509.png,000000,cfb991,49
250440251,2005,2,2005-02-13,2005-02-13T17:00:00.000000-0500,2067,Cisti Greenwalt,2641,Lady Raiders,Texas Tech,Texas Tech,,4,7,0,0,1,2,2,3,5,0,0,0,0,1,8,true,false,false,true,,C. Greenwalt,,Not Available,NA,Texas Tech Lady Raiders,s:40~l:54~t:2641,texas-tech-lady-raiders,https://a.espncdn.com/i/teamlogos/ncaa/500/2641.png,TTU,C80025,231f20,away,false,43,251,Longhorns,Texas,Texas Longhorns,TEX,https://a.espncdn.com/i/teamlogos/ncaa/500/251.png,c15d26,ffffff,64
250440251,2005,2,2005-02-13,2005-02-13T17:00:00.000000-0500,2528,Chesley Dabbs,2641,Lady Raiders,Texas Tech,Texas Tech,,1,10,0,2,2,3,1,3,4,0,0,0,0,5,4,true,false,false,true,,C. Dabbs,,Not Available,NA,Texas Tech Lady Raiders,s:40~l:54~t:2641,texas-tech-lady-raiders,https://a.espncdn.com/i/teamlogos/ncaa/500/2641.png,TTU,C80025,231f20,away,false,43,251,Longhorns,Texas,Texas Longhorns,TEX,https://a.espncdn.com/i/teamlogos/ncaa/500/251.png,c15d26,ffffff,64
250440251,2005,2,2005-02-13,2005-02-13T17:00:00.000000-0500,2422,LaToya Davis,2641,Lady Raiders,Texas Tech,Texas Tech,,3,8,0,0,1,2,5,5,10,0,0,0,0,2,7,true,false,false,true,,L. Davis,,Not Available,NA,Texas Tech Lady Raiders,s:40~l:54~t:2641,texas-tech-lady-raiders,https://a.espncdn.com/i/teamlogos/ncaa/500/2641.png,TTU,C80025,231f20,away,false,43,251,Longhorns,Texas,Texas Longhorns,TEX,https://a.espncdn.com/i/teamlogos/ncaa/500/251.png,c15d26,ffffff,64
250440251,2005,2,2005-02-13,2005-02-13T17:00:00.000000-0500,3719,Alseha Robertson,2641,Lady Raiders,Texas Tech,Texas Tech,,1,7,0,4,2,2,0,6,6,0,0,0,0,3,4,true,false,false,true,,A. Robertson,,Not Available,NA,Texas Tech Lady Raiders,s:40~l:54~t:2641,texas-tech-lady-raiders,https://a.espncdn.com/i/teamlogos/ncaa/500/2641.png,TTU,C80025,231f20,away,false,43,251,Longhorns,Texas,Texas Longhorns,TEX,https://a.espncdn.com/i/teamlogos/ncaa/500/251.png,c15d26,ffffff,64
250440251,2005,2,2005-02-13,2005-02-13T17:00:00.000000-0500,2423,Erin Grant,2641,Lady Raiders,Texas Tech,Texas Tech,,4,11,0,2,2,2,0,0,0,0,0,0,0,4,10,true,false,false,true,,E. Grant,,Not Available,NA,Texas Tech Lady Raiders,s:40~l:54~t:2641,texas-tech-lady-raiders,https://a.espncdn.com/i/teamlogos/ncaa/500/2641.png,TTU,C80025,231f20,away,false,43,251,Longhorns,Texas,Texas Longhorns,TEX,https://a.espncdn.com/i/teamlogos/ncaa/500/251.png,c15d26,ffffff,64
250440251,2005,2,2005-02-13,2005-02-13T17:00:00.000000-0500,2039,Heather Schreiber,251,Longhorns,Texas,Texas,,4,11,0,4,0,0,3,5,8,0,0,0,0,3,8,true,false,false,true,,H. Schreiber,,Not Available,NA,Texas Longhorns,s:40~l:54~t:251,texas-longhorns,https://a.espncdn.com/i/teamlogos/ncaa/500/251.png,TEX,c15d26,ffffff,home,true,64,2641,Lady Raiders,Texas Tech,Texas Tech Lady Raiders,TTU,https://a.espncdn.com/i/teamlogos/ncaa/500/2641.png,C80025,231f20,43
250440251,2005,2,2005-02-13,2005-02-13T17:00:00.000000-0500,2037,Annissa Hastings,251,Longhorns,Texas,Texas,,0,3,0,0,3,4,2,5,7,0,0,0,0,2,3,true,false,false,true,,A. Hastings,,Not Available,NA,Texas Longhorns,s:40~l:54~t:251,texas-longhorns,https://a.espncdn.com/i/teamlogos/ncaa/500/251.png,TEX,c15d26,ffffff,home,true,64,2641,Lady Raiders,Texas Tech,Texas Tech Lady Raiders,TTU,https://a.espncdn.com/i/teamlogos/ncaa/500/2641.png,C80025,231f20,43
250440251,2005,2,2005-02-13,2005-02-13T17:00:00.000000-0500,2036,Kala Bowers,251,Longhorns,Texas,Texas,,2,3,0,0,2,2,1,3,4,0,0,0,0,3,6,true,false,false,true,,K. Bowers,,Not Available,NA,Texas Longhorns,s:40~l:54~t:251,texas-longhorns,https://a.espncdn.com/i/teamlogos/ncaa/500/251.png,TEX,c15d26,ffffff,home,true,64,2641,Lady Raiders,Texas Tech,Texas Tech Lady Raiders,TTU,https://a.espncdn.com/i/teamlogos/ncaa/500/2641.png,C80025,231f20,43
250440251,2005,2,2005-02-13,2005-02-13T17:00:00.000000-0500,2646,Jamie Carey,251,Longhorns,Texas,Texas,,1,15,0,6,5,6,2,2,4,0,0,0,0,1,7,true,false,false,true,,J. Carey,,Not Available,NA,Texas Longhorns,s:40~l:54~t:251,texas-longhorns,https://a.espncdn.com/i/teamlogos/ncaa/500/251.png,TEX,c15d26,ffffff,home,true,64,2641,Lady Raiders,Texas Tech,Texas Tech Lady Raiders,TTU,https://a.espncdn.com/i/teamlogos/ncaa/500/2641.png,C80025,231f20,43
250440251,2005,2,2005-02-13,2005-02-13T17:00:00.000000-0500,2383,Nina Norman,251,Longhorns,Texas,Texas,,6,14,1,1,2,2,2,1,3,0,0,0,0,2,15,true,false,false,true,,N. Norman,,Not Available,NA,Texas Longhorns,s:40~l:54~t:251,texas-longhorns,https://a.espncdn.com/i/teamlogos/ncaa/500/251.png,TEX,c15d26,ffffff,home,true,64,2641,Lady Raiders,Texas Tech,Texas Tech Lady Raiders,TTU,https://a.espncdn.com/i/teamlogos/ncaa/500/2641.png,C80025,231f20,43
250440305,2005,2,2005-02-13,2005-02-13T15:00:00.000000-0500,2664,Ashley Davis,2628,Horned Frogs,TCU,TCU,,5,11,3,7,0,0,1,0,1,0,0,0,0,2,13,true,false,false,true,,A. Davis,,Not Available,NA,TCU Horned Frogs,s:40~l:54~t:2628,tcu-horned-frogs,https://a.espncdn.com/i/teamlogos/ncaa/500/2628.png,TCU,4d1979,f1f2f3,away,false,81,305,Blue Demons,DePaul,DePaul Blue Demons,DEP,https://a.espncdn.com/i/teamlogos/ncaa/500/305.png,2d649c,ce1125,84
250440305,2005,2,2005-02-13,2005-02-13T15:00:00.000000-0500,1982,Niki Newton,2628,Horned Frogs,TCU,TCU,,7,11,0,0,1,2,2,3,5,0,0,0,0,2,15,true,false,false,true,,N. Newton,,Not Available,NA,TCU Horned Frogs,s:40~l:54~t:2628,tcu-horned-frogs,https://a.espncdn.com/i/teamlogos/ncaa/500/2628.png,TCU,4d1979,f1f2f3,away,false,81,305,Blue Demons,DePaul,DePaul Blue Demons,DEP,https://a.espncdn.com/i/teamlogos/ncaa/500/305.png,2d649c,ce1125,84
250440305,2005,2,2005-02-13,2005-02-13T15:00:00.000000-0500,4861,Moneka Knight,2628,Horned Frogs,TCU,TCU,,0,0,0,0,0,0,0,1,1,0,0,0,0,0,0,true,false,false,true,,M. Knight,,Not Available,NA,TCU Horned Frogs,s:40~l:54~t:2628,tcu-horned-frogs,https://a.espncdn.com/i/teamlogos/ncaa/500/2628.png,TCU,4d1979,f1f2f3,away,false,81,305,Blue Demons,DePaul,DePaul Blue Demons,DEP,https://a.espncdn.com/i/teamlogos/ncaa/500/305.png,2d649c,ce1125,84
250440305,2005,2,2005-02-13,2005-02-13T15:00:00.000000-0500,3850,Natasha Lacy,2628,Horned Frogs,TCU,TCU,,6,15,0,4,0,3,1,4,5,0,0,0,0,3,12,true,false,false,true,,N. Lacy,,Not Available,NA,TCU Horned Frogs,s:40~l:54~t:2628,tcu-horned-frogs,https://a.espncdn.com/i/teamlogos/ncaa/500/2628.png,TCU,4d1979,f1f2f3,away,false,81,305,Blue Demons,DePaul,DePaul Blue Demons,DEP,https://a.espncdn.com/i/teamlogos/ncaa/500/305.png,2d649c,ce1125,84
250440305,2005,2,2005-02-13,2005-02-13T15:00:00.000000-0500,1981,Sandora Irvin,2628,Horned Frogs,TCU,TCU,,11,19,0,2,3,9,5,10,15,0,0,0,0,4,25,false,false,false,false,,S. Irvin,,Not Available,NA,TCU Horned Frogs,s:40~l:54~t:2628,tcu-horned-frogs,https://a.espncdn.com/i/teamlogos/ncaa/500/2628.png,TCU,4d1979,f1f2f3,away,false,81,305,Blue Demons,DePaul,DePaul Blue Demons,DEP,https://a.espncdn.com/i/teamlogos/ncaa/500/305.png,2d649c,ce1125,84
250440305,2005,2,2005-02-13,2005-02-13T15:00:00.000000-0500,4860,Stephanie Thiel,2628,Horned Frogs,TCU,TCU,,,,,,,,,,,,,,,,,true,false,true,true,,S. Thiel,,Not Available,NA,TCU Horned Frogs,s:40~l:54~t:2628,tcu-horned-frogs,https://a.espncdn.com/i/teamlogos/ncaa/500/2628.png,TCU,4d1979,f1f2f3,away,false,81,305,Blue Demons,DePaul,DePaul Blue Demons,DEP,https://a.espncdn.com/i/teamlogos/ncaa/500/305.png,2d649c,ce1125,84
250440305,2005,2,2005-02-13,2005-02-13T15:00:00.000000-0500,415,Khara Smith,305,Blue Demons,DePaul,DePaul,,6,13,0,0,2,4,6,3,9,0,0,0,0,4,14,true,false,false,true,,K. Smith,,Not Available,NA,DePaul Blue Demons,s:40~l:54~t:305,depaul-blue-demons,https://a.espncdn.com/i/teamlogos/ncaa/500/305.png,DEP,2d649c,ce1125,home,true,84,2628,Horned Frogs,TCU,TCU Horned Frogs,TCU,https://a.espncdn.com/i/teamlogos/ncaa/500/2628.png,4d1979,f1f2f3,81
250440305,2005,2,2005-02-13,2005-02-13T15:00:00.000000-0500,4859,Allie Quigley,305,Blue Demons,DePaul,DePaul,,4,16,2,9,0,0,0,2,2,0,0,0,0,1,10,true,false,false,true,,A. Quigley,,Not Available,NA,DePaul Blue Demons,s:40~l:54~t:305,depaul-blue-demons,https://a.espncdn.com/i/teamlogos/ncaa/500/305.png,DEP,2d649c,ce1125,home,true,84,2628,Horned Frogs,TCU,TCU Horned Frogs,TCU,https://a.espncdn.com/i/teamlogos/ncaa/500/2628.png,4d1979,f1f2f3,81
250440305,2005,2,2005-02-13,2005-02-13T15:00:00.000000-0500,4561,Jenna Rubino,305,Blue Demons,DePaul,DePaul,,6,16,2,4,0,0,3,3,6,0,0,0,0,1,14,true,false,false,true,,J. Rubino,,Not Available,NA,DePaul Blue Demons,s:40~l:54~t:305,depaul-blue-demons,https://a.espncdn.com/i/teamlogos/ncaa/500/305.png,DEP,2d649c,ce1125,home,true,84,2628,Horned Frogs,TCU,TCU Horned Frogs,TCU,https://a.espncdn.com/i/teamlogos/ncaa/500/2628.png,4d1979,f1f2f3,81
250440305,2005,2,2005-02-13,2005-02-13T15:00:00.000000-0500,410,Jenni Dant,305,Blue Demons,DePaul,DePaul,,7,12,4,5,9,12,4,2,6,0,0,0,0,0,27,true,false,false,true,,J. Dant,,Not Available,NA,DePaul Blue Demons,s:40~l:54~t:305,depaul-blue-demons,https://a.espncdn.com/i/teamlogos/ncaa/500/305.png,DEP,2d649c,ce1125,home,true,84,2628,Horned Frogs,TCU,TCU Horned Frogs,TCU,https://a.espncdn.com/i/teamlogos/ncaa/500/2628.png,4d1979,f1f2f3,81
250440305,2005,2,2005-02-13,2005-02-13T15:00:00.000000-0500,1159,Rachael Carney,305,Blue Demons,DePaul,DePaul,,,,,,,,,,,,,,,,,true,false,true,true,,R. Carney,,Not Available,NA,DePaul Blue Demons,s:40~l:54~t:305,depaul-blue-demons,https://a.espncdn.com/i/teamlogos/ncaa/500/305.png,DEP,2d649c,ce1125,home,true,84,2628,Horned Frogs,TCU,TCU Horned Frogs,TCU,https://a.espncdn.com/i/teamlogos/ncaa/500/2628.png,4d1979,f1f2f3,81
250440201,2005,2,2005-02-13,2005-02-13T15:00:00.000000-0500,4858,Shana Wheeler,2306,Wildcats,Kansas State,Kansas St,,0,3,0,0,0,2,0,1,1,0,0,0,0,2,0,true,false,false,true,,S. Wheeler,,Not Available,NA,Kansas State Wildcats,s:40~l:54~t:2306,kansas-state-wildcats,https://a.espncdn.com/i/teamlogos/ncaa/500/2306.png,KSU,633194,e7d2ad,away,false,61,201,Sooners,Oklahoma,Oklahoma Sooners,OU,https://a.espncdn.com/i/teamlogos/ncaa/500/201.png,9d2235,ffffff,77
250440201,2005,2,2005-02-13,2005-02-13T15:00:00.000000-0500,922,Kendra Wecker,2306,Wildcats,Kansas State,Kansas St,,12,21,1,4,4,4,3,6,9,0,0,0,0,2,29,true,false,false,true,,K. Wecker,,Not Available,NA,Kansas State Wildcats,s:40~l:54~t:2306,kansas-state-wildcats,https://a.espncdn.com/i/teamlogos/ncaa/500/2306.png,KSU,633194,e7d2ad,away,false,61,201,Sooners,Oklahoma,Oklahoma Sooners,OU,https://a.espncdn.com/i/teamlogos/ncaa/500/201.png,9d2235,ffffff,77
250440201,2005,2,2005-02-13,2005-02-13T15:00:00.000000-0500,919,Megan Mahoney,2306,Wildcats,Kansas State,Kansas St,,2,5,1,2,4,4,0,2,2,0,0,0,0,2,6,true,false,false,true,,M. Mahoney,,Not Available,NA,Kansas State Wildcats,s:40~l:54~t:2306,kansas-state-wildcats,https://a.espncdn.com/i/teamlogos/ncaa/500/2306.png,KSU,633194,e7d2ad,away,false,61,201,Sooners,Oklahoma,Oklahoma Sooners,OU,https://a.espncdn.com/i/teamlogos/ncaa/500/201.png,9d2235,ffffff,77
250440201,2005,2,2005-02-13,2005-02-13T15:00:00.000000-0500,3741,Claire Coggins,2306,Wildcats,Kansas State,Kansas St,,3,5,1,2,2,2,0,1,1,0,0,0,0,2,9,true,false,false,true,,C. Coggins,,Not Available,NA,Kansas State Wildcats,s:40~l:54~t:2306,kansas-state-wildcats,https://a.espncdn.com/i/teamlogos/ncaa/500/2306.png,KSU,633194,e7d2ad,away,false,61,201,Sooners,Oklahoma,Oklahoma Sooners,OU,https://a.espncdn.com/i/teamlogos/ncaa/500/201.png,9d2235,ffffff,77
250440201,2005,2,2005-02-13,2005-02-13T15:00:00.000000-0500,917,Laurie Koehn,2306,Wildcats,Kansas State,Kansas St,,2,7,2,6,0,0,0,3,3,0,0,0,0,1,6,true,false,false,true,,L. Koehn,,Not Available,NA,Kansas State Wildcats,s:40~l:54~t:2306,kansas-state-wildcats,https://a.espncdn.com/i/teamlogos/ncaa/500/2306.png,KSU,633194,e7d2ad,away,false,61,201,Sooners,Oklahoma,Oklahoma Sooners,OU,https://a.espncdn.com/i/teamlogos/ncaa/500/201.png,9d2235,ffffff,77
250440201,2005,2,2005-02-13,2005-02-13T15:00:00.000000-0500,3814,Leah Rush,201,Sooners,Oklahoma,Oklahoma,,4,13,0,1,4,4,2,7,9,0,0,0,0,4,12,true,false,false,true,,L. Rush,,Not Available,NA,Oklahoma Sooners,s:40~l:54~t:201,oklahoma-sooners,https://a.espncdn.com/i/teamlogos/ncaa/500/201.png,OU,9d2235,ffffff,home,true,77,2306,Wildcats,Kansas State,Kansas State Wildcats,KSU,https://a.espncdn.com/i/teamlogos/ncaa/500/2306.png,633194,e7d2ad,61
250440201,2005,2,2005-02-13,2005-02-13T15:00:00.000000-0500,2440,Erin Higgins,201,Sooners,Oklahoma,Oklahoma,,3,6,3,6,0,0,0,0,0,0,0,0,0,1,9,true,false,false,true,,E. Higgins,,Not Available,NA,Oklahoma Sooners,s:40~l:54~t:201,oklahoma-sooners,https://a.espncdn.com/i/teamlogos/ncaa/500/201.png,OU,9d2235,ffffff,home,true,77,2306,Wildcats,Kansas State,Kansas State Wildcats,KSU,https://a.espncdn.com/i/teamlogos/ncaa/500/2306.png,633194,e7d2ad,61
250440201,2005,2,2005-02-13,2005-02-13T15:00:00.000000-0500,2439,Laura Andrews,201,Sooners,Oklahoma,Oklahoma,,6,8,3,3,0,0,0,0,0,0,0,0,0,2,15,true,false,false,true,,L. Andrews,,Not Available,NA,Oklahoma Sooners,s:40~l:54~t:201,oklahoma-sooners,https://a.espncdn.com/i/teamlogos/ncaa/500/201.png,OU,9d2235,ffffff,home,true,77,2306,Wildcats,Kansas State,Kansas State Wildcats,KSU,https://a.espncdn.com/i/teamlogos/ncaa/500/2306.png,633194,e7d2ad,61
250440201,2005,2,2005-02-13,2005-02-13T15:00:00.000000-0500,1502,Lauren Shoush,201,Sooners,Oklahoma,Oklahoma,,2,4,0,2,0,1,0,0,0,0,0,0,0,2,4,true,false,false,true,,L. Shoush,,Not Available,NA,Oklahoma Sooners,s:40~l:54~t:201,oklahoma-sooners,https://a.espncdn.com/i/teamlogos/ncaa/500/201.png,OU,9d2235,ffffff,home,true,77,2306,Wildcats,Kansas State,Kansas State Wildcats,KSU,https://a.espncdn.com/i/teamlogos/ncaa/500/2306.png,633194,e7d2ad,61
250440201,2005,2,2005-02-13,2005-02-13T15:00:00.000000-0500,1501,Dionnah Jackson-Durrett,201,Sooners,Oklahoma,Oklahoma,,5,13,0,1,7,10,3,4,7,0,0,0,0,1,17,true,false,false,true,,D. Jackson-Durrett,,Not Available,NA,Oklahoma Sooners,s:40~l:54~t:201,oklahoma-sooners,https://a.espncdn.com/i/teamlogos/ncaa/500/201.png,OU,9d2235,ffffff,home,true,77,2306,Wildcats,Kansas State,Kansas State Wildcats,KSU,https://a.espncdn.com/i/teamlogos/ncaa/500/2306.png,633194,e7d2ad,61
250440254,2005,2,2005-02-13,2005-02-13T17:00:00.000000-0500,4868,Dionne Marsh,167,Lobos,New Mexico,New Mexico,,5,10,0,0,3,4,1,3,4,0,0,0,0,4,13,true,false,false,true,,D. Marsh,,Not Available,NA,New Mexico Lobos,s:40~l:54~t:167,new-mexico-lobos,https://a.espncdn.com/i/teamlogos/ncaa/500/167.png,UNM,000000,231f20,away,true,70,254,Utes,Utah,Utah Utes,UTAH,https://a.espncdn.com/i/teamlogos/ncaa/500/254.png,890012,7e8083,63
250440254,2005,2,2005-02-13,2005-02-13T17:00:00.000000-0500,1339,Lindsey Arndt,167,Lobos,New Mexico,New Mexico,,4,9,1,2,1,2,0,4,4,0,0,0,0,4,10,true,false,false,true,,L. Arndt,,Not Available,NA,New Mexico Lobos,s:40~l:54~t:167,new-mexico-lobos,https://a.espncdn.com/i/teamlogos/ncaa/500/167.png,UNM,000000,231f20,away,true,70,254,Utes,Utah,Utah Utes,UTAH,https://a.espncdn.com/i/teamlogos/ncaa/500/254.png,890012,7e8083,63
250440254,2005,2,2005-02-13,2005-02-13T17:00:00.000000-0500,3789,Katie Montgomery,167,Lobos,New Mexico,New Mexico,,4,9,4,7,6,8,2,5,7,0,0,0,0,2,18,true,false,false,true,,K. Montgomery,,Not Available,NA,New Mexico Lobos,s:40~l:54~t:167,new-mexico-lobos,https://a.espncdn.com/i/teamlogos/ncaa/500/167.png,UNM,000000,231f20,away,true,70,254,Utes,Utah,Utah Utes,UTAH,https://a.espncdn.com/i/teamlogos/ncaa/500/254.png,890012,7e8083,63
250440254,2005,2,2005-02-13,2005-02-13T17:00:00.000000-0500,2398,Abbie Letz,167,Lobos,New Mexico,New Mexico,,3,6,3,5,4,4,1,5,6,0,0,0,0,2,13,true,false,false,true,,A. Letz,,Not Available,NA,New Mexico Lobos,s:40~l:54~t:167,new-mexico-lobos,https://a.espncdn.com/i/teamlogos/ncaa/500/167.png,UNM,000000,231f20,away,true,70,254,Utes,Utah,Utah Utes,UTAH,https://a.espncdn.com/i/teamlogos/ncaa/500/254.png,890012,7e8083,63
250440254,2005,2,2005-02-13,2005-02-13T17:00:00.000000-0500,1342,Mandi Moore,167,Lobos,New Mexico,New Mexico,,0,1,0,0,8,11,2,2,4,0,0,0,0,2,8,true,false,false,true,,M. Moore,,Not Available,NA,New Mexico Lobos,s:40~l:54~t:167,new-mexico-lobos,https://a.espncdn.com/i/teamlogos/ncaa/500/167.png,UNM,000000,231f20,away,true,70,254,Utes,Utah,Utah Utes,UTAH,https://a.espncdn.com/i/teamlogos/ncaa/500/254.png,890012,7e8083,63
250440254,2005,2,2005-02-13,2005-02-13T17:00:00.000000-0500,4870,Deanne Hanchett,254,Utes,Utah,Utah,,2,2,0,0,0,0,1,1,2,0,0,0,0,4,4,true,false,false,true,,D. Hanchett,,Not Available,NA,Utah Utes,s:40~l:54~t:254,utah-utes,https://a.espncdn.com/i/teamlogos/ncaa/500/254.png,UTAH,890012,7e8083,home,false,63,167,Lobos,New Mexico,New Mexico Lobos,UNM,https://a.espncdn.com/i/teamlogos/ncaa/500/167.png,000000,231f20,70
250440254,2005,2,2005-02-13,2005-02-13T17:00:00.000000-0500,4869,Jessica Perry,254,Utes,Utah,Utah,,0,3,0,2,0,0,1,1,2,0,0,0,0,3,0,true,false,false,true,,J. Perry,,Not Available,NA,Utah Utes,s:40~l:54~t:254,utah-utes,https://a.espncdn.com/i/teamlogos/ncaa/500/254.png,UTAH,890012,7e8083,home,false,63,167,Lobos,New Mexico,New Mexico Lobos,UNM,https://a.espncdn.com/i/teamlogos/ncaa/500/167.png,000000,231f20,70
250440254,2005,2,2005-02-13,2005-02-13T17:00:00.000000-0500,2458,Kim Smith,254,Utes,Utah,Utah,,7,14,1,5,3,5,5,5,10,0,0,0,0,4,18,true,false,false,true,,K. Smith,,Not Available,NA,Utah Utes,s:40~l:54~t:254,utah-utes,https://a.espncdn.com/i/teamlogos/ncaa/500/254.png,UTAH,890012,7e8083,home,false,63,167,Lobos,New Mexico,New Mexico Lobos,UNM,https://a.espncdn.com/i/teamlogos/ncaa/500/167.png,000000,231f20,70
250440254,2005,2,2005-02-13,2005-02-13T17:00:00.000000-0500,2153,Shona Thorburn,254,Utes,Utah,Utah,,7,14,3,6,10,13,1,3,4,0,0,0,0,4,27,true,false,false,true,,S. Thorburn,,Not Available,NA,Utah Utes,s:40~l:54~t:254,utah-utes,https://a.espncdn.com/i/teamlogos/ncaa/500/254.png,UTAH,890012,7e8083,home,false,63,167,Lobos,New Mexico,New Mexico Lobos,UNM,https://a.espncdn.com/i/teamlogos/ncaa/500/167.png,000000,231f20,70
250440254,2005,2,2005-02-13,2005-02-13T17:00:00.000000-0500,2151,Lana Sitterud,254,Utes,Utah,Utah,,2,8,2,7,0,0,2,3,5,0,0,0,0,3,6,true,false,false,true,,L. Sitterud,,Not Available,NA,Utah Utes,s:40~l:54~t:254,utah-utes,https://a.espncdn.com/i/teamlogos/ncaa/500/254.png,UTAH,890012,7e8083,home,false,63,167,Lobos,New Mexico,New Mexico Lobos,UNM,https://a.espncdn.com/i/teamlogos/ncaa/500/167.png,000000,231f20,70
250410099,2005,2,2005-02-10,2005-02-10T19:00:00.000000-0500,4839,Nicky Anosike,2633,Lady Volunteers,Tennessee,Tennessee,,0,4,0,0,2,4,2,5,7,0,0,0,0,3,2,true,false,false,true,,N. Anosike,,Not Available,NA,Tennessee Lady Volunteers,s:40~l:54~t:2633,tennessee-lady-volunteers,https://a.espncdn.com/i/teamlogos/ncaa/500/2633_ncw.png,TENN,ff8200,ffffff,away,false,58,99,Tigers,LSU,LSU Tigers,LSU,https://a.espncdn.com/i/teamlogos/ncaa/500/99.png,461d7c,fdd023,68
250410099,2005,2,2005-02-10,2005-02-10T19:00:00.000000-0500,2632,Tyesha Fluker,2633,Lady Volunteers,Tennessee,Tennessee,,3,9,0,0,0,0,1,2,3,0,0,0,0,3,6,true,false,false,true,,T. Fluker,,Not Available,NA,Tennessee Lady Volunteers,s:40~l:54~t:2633,tennessee-lady-volunteers,https://a.espncdn.com/i/teamlogos/ncaa/500/2633_ncw.png,TENN,ff8200,ffffff,away,false,58,99,Tigers,LSU,LSU Tigers,LSU,https://a.espncdn.com/i/teamlogos/ncaa/500/99.png,461d7c,fdd023,68
250410099,2005,2,2005-02-10,2005-02-10T19:00:00.000000-0500,2005,Shyra Ely,2633,Lady Volunteers,Tennessee,Tennessee,,2,9,0,1,2,2,0,0,0,0,0,0,0,3,6,true,false,false,true,,S. Ely,,Not Available,NA,Tennessee Lady Volunteers,s:40~l:54~t:2633,tennessee-lady-volunteers,https://a.espncdn.com/i/teamlogos/ncaa/500/2633_ncw.png,TENN,ff8200,ffffff,away,false,58,99,Tigers,LSU,LSU Tigers,LSU,https://a.espncdn.com/i/teamlogos/ncaa/500/99.png,461d7c,fdd023,68
250410099,2005,2,2005-02-10,2005-02-10T19:00:00.000000-0500,2006,Loree Moore,2633,Lady Volunteers,Tennessee,Tennessee,,3,5,1,2,0,0,3,4,7,0,0,0,0,1,7,true,false,false,true,,L. Moore,,Not Available,NA,Tennessee Lady Volunteers,s:40~l:54~t:2633,tennessee-lady-volunteers,https://a.espncdn.com/i/teamlogos/ncaa/500/2633_ncw.png,TENN,ff8200,ffffff,away,false,58,99,Tigers,LSU,LSU Tigers,LSU,https://a.espncdn.com/i/teamlogos/ncaa/500/99.png,461d7c,fdd023,68
250410099,2005,2,2005-02-10,2005-02-10T19:00:00.000000-0500,2001,Brittany Jackson,2633,Lady Volunteers,Tennessee,Tennessee,,3,14,1,6,1,2,1,4,5,0,0,0,0,2,8,true,false,false,true,,B. Jackson,,Not Available,NA,Tennessee Lady Volunteers,s:40~l:54~t:2633,tennessee-lady-volunteers,https://a.espncdn.com/i/teamlogos/ncaa/500/2633_ncw.png,TENN,ff8200,ffffff,away,false,58,99,Tigers,LSU,LSU Tigers,LSU,https://a.espncdn.com/i/teamlogos/ncaa/500/99.png,461d7c,fdd023,68
250410099,2005,2,2005-02-10,2005-02-10T19:00:00.000000-0500,1043,Tillie Willis,99,Tigers,LSU,LSU,,5,5,0,0,0,0,0,2,2,0,0,0,0,0,10,true,false,false,true,,T. Willis,,Not Available,NA,LSU Tigers,s:40~l:54~t:99,lsu-tigers,https://a.espncdn.com/i/teamlogos/ncaa/500/99.png,LSU,461d7c,fdd023,home,true,68,2633,Lady Volunteers,Tennessee,Tennessee Lady Volunteers,TENN,https://a.espncdn.com/i/teamlogos/ncaa/500/2633_ncw.png,ff8200,ffffff,58
250410099,2005,2,2005-02-10,2005-02-10T19:00:00.000000-0500,2635,Seimone Augustus,99,Tigers,LSU,LSU,,12,19,0,1,1,1,1,6,7,0,0,0,0,1,25,true,false,false,true,,S. Augustus,,Not Available,NA,LSU Tigers,s:40~l:54~t:99,lsu-tigers,https://a.espncdn.com/i/teamlogos/ncaa/500/99.png,LSU,461d7c,fdd023,home,true,68,2633,Lady Volunteers,Tennessee,Tennessee Lady Volunteers,TENN,https://a.espncdn.com/i/teamlogos/ncaa/500/2633_ncw.png,ff8200,ffffff,58
250410099,2005,2,2005-02-10,2005-02-10T19:00:00.000000-0500,1042,Wendlyn Jones,99,Tigers,LSU,LSU,,0,2,0,0,1,2,1,5,6,0,0,0,0,2,1,true,false,false,true,,W. Jones,,Not Available,NA,LSU Tigers,s:40~l:54~t:99,lsu-tigers,https://a.espncdn.com/i/teamlogos/ncaa/500/99.png,LSU,461d7c,fdd023,home,true,68,2633,Lady Volunteers,Tennessee,Tennessee Lady Volunteers,TENN,https://a.espncdn.com/i/teamlogos/ncaa/500/2633_ncw.png,ff8200,ffffff,58
250410099,2005,2,2005-02-10,2005-02-10T19:00:00.000000-0500,3715,Scholanda Hoston,99,Tigers,LSU,LSU,,5,11,3,7,1,3,2,0,2,0,0,0,0,1,14,true,false,false,true,,S. Hoston,,Not Available,NA,LSU Tigers,s:40~l:54~t:99,lsu-tigers,https://a.espncdn.com/i/teamlogos/ncaa/500/99.png,LSU,461d7c,fdd023,home,true,68,2633,Lady Volunteers,Tennessee,Tennessee Lady Volunteers,TENN,https://a.espncdn.com/i/teamlogos/ncaa/500/2633_ncw.png,ff8200,ffffff,58
250410099,2005,2,2005-02-10,2005-02-10T19:00:00.000000-0500,1041,Temeka Johnson,99,Tigers,LSU,LSU,,2,9,0,0,5,7,0,3,3,0,0,0,0,1,9,true,false,false,true,,T. Johnson,,Not Available,NA,LSU Tigers,s:40~l:54~t:99,lsu-tigers,https://a.espncdn.com/i/teamlogos/ncaa/500/99.png,LSU,461d7c,fdd023,home,true,68,2633,Lady Volunteers,Tennessee,Tennessee Lady Volunteers,TENN,https://a.espncdn.com/i/teamlogos/ncaa/500/2633_ncw.png,ff8200,ffffff,58
250400041,2005,2,2005-02-09,2005-02-09T19:30:00.000000-0500,3761,Kathrin Ress,103,Eagles,Boston College,Boston College,,3,11,0,0,2,2,5,4,9,0,0,0,0,3,8,true,false,false,true,,K. Ress,,Not Available,NA,Boston College Eagles,s:40~l:54~t:103,boston-college-eagles,https://a.espncdn.com/i/teamlogos/ncaa/500/103.png,BC,8c2232,dbcca6,away,false,55,41,Huskies,UConn,UConn Huskies,CONN,https://a.espncdn.com/i/teamlogos/ncaa/500/41.png,0c2340,f1f2f3,80
250400041,2005,2,2005-02-09,2005-02-09T19:30:00.000000-0500,2490,Brooke Queenan,103,Eagles,Boston College,Boston College,,1,5,0,3,4,6,1,3,4,0,0,0,0,3,6,true,false,false,true,,B. Queenan,,Not Available,NA,Boston College Eagles,s:40~l:54~t:103,boston-college-eagles,https://a.espncdn.com/i/teamlogos/ncaa/500/103.png,BC,8c2232,dbcca6,away,false,55,41,Huskies,UConn,UConn Huskies,CONN,https://a.espncdn.com/i/teamlogos/ncaa/500/41.png,0c2340,f1f2f3,80
250400041,2005,2,2005-02-09,2005-02-09T19:30:00.000000-0500,3763,Sarah Marshall,103,Eagles,Boston College,Boston College,,2,6,1,2,2,2,0,0,0,0,0,0,0,2,7,true,false,false,true,,S. Marshall,,Not Available,NA,Boston College Eagles,s:40~l:54~t:103,boston-college-eagles,https://a.espncdn.com/i/teamlogos/ncaa/500/103.png,BC,8c2232,dbcca6,away,false,55,41,Huskies,UConn,UConn Huskies,CONN,https://a.espncdn.com/i/teamlogos/ncaa/500/41.png,0c2340,f1f2f3,80
250400041,2005,2,2005-02-09,2005-02-09T19:30:00.000000-0500,2489,Aja Parham,103,Eagles,Boston College,Boston College,,1,8,0,2,2,2,2,4,6,0,0,0,0,2,4,true,false,false,true,,A. Parham,,Not Available,NA,Boston College Eagles,s:40~l:54~t:103,boston-college-eagles,https://a.espncdn.com/i/teamlogos/ncaa/500/103.png,BC,8c2232,dbcca6,away,false,55,41,Huskies,UConn,UConn Huskies,CONN,https://a.espncdn.com/i/teamlogos/ncaa/500/41.png,0c2340,f1f2f3,80
250400041,2005,2,2005-02-09,2005-02-09T19:30:00.000000-0500,133,Clare Droesch,103,Eagles,Boston College,Boston College,,3,9,2,7,0,0,1,6,7,0,0,0,0,3,8,true,false,false,true,,C. Droesch,,Not Available,NA,Boston College Eagles,s:40~l:54~t:103,boston-college-eagles,https://a.espncdn.com/i/teamlogos/ncaa/500/103.png,BC,8c2232,dbcca6,away,false,55,41,Huskies,UConn,UConn Huskies,CONN,https://a.espncdn.com/i/teamlogos/ncaa/500/41.png,0c2340,f1f2f3,80
250400041,2005,2,2005-02-09,2005-02-09T19:30:00.000000-0500,316,Jessica Moore,41,Huskies,UConn,UConn,,1,8,0,0,2,4,3,4,7,0,0,0,0,1,4,true,false,false,true,,J. Moore,,Not Available,NA,UConn Huskies,s:40~l:54~t:41,uconn-huskies,https://a.espncdn.com/i/teamlogos/ncaa/500/41.png,CONN,0c2340,f1f2f3,home,true,80,103,Eagles,Boston College,Boston College Eagles,BC,https://a.espncdn.com/i/teamlogos/ncaa/500/103.png,8c2232,dbcca6,55
250400041,2005,2,2005-02-09,2005-02-09T19:30:00.000000-0500,4824,Charde Houston,41,Huskies,UConn,UConn,,4,11,0,0,2,4,3,1,4,0,0,0,0,2,10,true,false,false,true,,C. Houston,,Not Available,NA,UConn Huskies,s:40~l:54~t:41,uconn-huskies,https://a.espncdn.com/i/teamlogos/ncaa/500/41.png,CONN,0c2340,f1f2f3,home,true,80,103,Eagles,Boston College,Boston College Eagles,BC,https://a.espncdn.com/i/teamlogos/ncaa/500/103.png,8c2232,dbcca6,55
250400041,2005,2,2005-02-09,2005-02-09T19:30:00.000000-0500,2637,Ann Strother,41,Huskies,UConn,UConn,,3,9,3,8,0,0,0,4,4,0,0,0,0,2,9,true,false,false,true,,A. Strother,,Not Available,NA,UConn Huskies,s:40~l:54~t:41,uconn-huskies,https://a.espncdn.com/i/teamlogos/ncaa/500/41.png,CONN,0c2340,f1f2f3,home,true,80,103,Eagles,Boston College,Boston College Eagles,BC,https://a.espncdn.com/i/teamlogos/ncaa/500/103.png,8c2232,dbcca6,55
250400041,2005,2,2005-02-09,2005-02-09T19:30:00.000000-0500,2410,Nicole Wolff,41,Huskies,UConn,UConn,,0,0,0,0,0,0,0,1,1,0,0,0,0,0,0,true,false,false,true,,N. Wolff,,Not Available,NA,UConn Huskies,s:40~l:54~t:41,uconn-huskies,https://a.espncdn.com/i/teamlogos/ncaa/500/41.png,CONN,0c2340,f1f2f3,home,true,80,103,Eagles,Boston College,Boston College Eagles,BC,https://a.espncdn.com/i/teamlogos/ncaa/500/103.png,8c2232,dbcca6,55
250400041,2005,2,2005-02-09,2005-02-09T19:30:00.000000-0500,311,Ashley Valley,41,Huskies,UConn,UConn,,2,6,1,3,0,0,0,3,3,0,0,0,0,0,5,true,false,false,true,,A. Valley,,Not Available,NA,UConn Huskies,s:40~l:54~t:41,uconn-huskies,https://a.espncdn.com/i/teamlogos/ncaa/500/41.png,CONN,0c2340,f1f2f3,home,true,80,103,Eagles,Boston College,Boston College Eagles,BC,https://a.espncdn.com/i/teamlogos/ncaa/500/103.png,8c2232,dbcca6,55
250370150,2005,2,2005-02-06,2005-02-06T16:00:00.000000-0500,4096,Alicia Gladden,52,Seminoles,Florida State,Florida St,,5,7,0,0,1,2,3,0,3,0,0,0,0,3,11,true,false,false,true,,A. Gladden,,Not Available,NA,Florida State Seminoles,s:40~l:54~t:52,florida-state-seminoles,https://a.espncdn.com/i/teamlogos/ncaa/500/52.png,FSU,782F40,ceb888,away,false,64,150,Blue Devils,Duke,Duke Blue Devils,DUKE,https://a.espncdn.com/i/teamlogos/ncaa/500/150.png,013088,ffffff,75
250370150,2005,2,2005-02-06,2005-02-06T16:00:00.000000-0500,2537,Ganiyat Adeduntan,52,Seminoles,Florida State,Florida St,,7,9,3,5,0,0,1,3,4,0,0,0,0,1,17,true,false,false,true,,G. Adeduntan,,Not Available,NA,Florida State Seminoles,s:40~l:54~t:52,florida-state-seminoles,https://a.espncdn.com/i/teamlogos/ncaa/500/52.png,FSU,782F40,ceb888,away,false,64,150,Blue Devils,Duke,Duke Blue Devils,DUKE,https://a.espncdn.com/i/teamlogos/ncaa/500/150.png,013088,ffffff,75
250370150,2005,2,2005-02-06,2005-02-06T16:00:00.000000-0500,2416,Holly Johnson,52,Seminoles,Florida State,Florida St,,2,7,0,3,1,1,0,2,2,0,0,0,0,3,5,true,false,false,true,,H. Johnson,,Not Available,NA,Florida State Seminoles,s:40~l:54~t:52,florida-state-seminoles,https://a.espncdn.com/i/teamlogos/ncaa/500/52.png,FSU,782F40,ceb888,away,false,64,150,Blue Devils,Duke,Duke Blue Devils,DUKE,https://a.espncdn.com/i/teamlogos/ncaa/500/150.png,013088,ffffff,75
250370150,2005,2,2005-02-06,2005-02-06T16:00:00.000000-0500,4037,Roneeka Hodges,52,Seminoles,Florida State,Florida St,,0,0,0,0,0,0,0,0,0,0,0,0,0,1,0,true,false,false,true,,R. Hodges,,Not Available,NA,Florida State Seminoles,s:40~l:54~t:52,florida-state-seminoles,https://a.espncdn.com/i/teamlogos/ncaa/500/52.png,FSU,782F40,ceb888,away,false,64,150,Blue Devils,Duke,Duke Blue Devils,DUKE,https://a.espncdn.com/i/teamlogos/ncaa/500/150.png,013088,ffffff,75
250370150,2005,2,2005-02-06,2005-02-06T16:00:00.000000-0500,569,Linnea Liljestrand,52,Seminoles,Florida State,Florida St,,2,5,1,4,4,4,0,1,1,0,0,0,0,2,9,true,false,false,true,,L. Liljestrand,,Not Available,NA,Florida State Seminoles,s:40~l:54~t:52,florida-state-seminoles,https://a.espncdn.com/i/teamlogos/ncaa/500/52.png,FSU,782F40,ceb888,away,false,64,150,Blue Devils,Duke,Duke Blue Devils,DUKE,https://a.espncdn.com/i/teamlogos/ncaa/500/150.png,013088,ffffff,75
250370150,2005,2,2005-02-06,2005-02-06T16:00:00.000000-0500,3713,Alison Bales,150,Blue Devils,Duke,Duke,,3,4,0,0,2,2,0,6,6,0,0,0,0,0,8,true,false,false,true,,A. Bales,,Not Available,NA,Duke Blue Devils,s:40~l:54~t:150,duke-blue-devils,https://a.espncdn.com/i/teamlogos/ncaa/500/150.png,DUKE,013088,ffffff,home,true,75,52,Seminoles,Florida State,Florida State Seminoles,FSU,https://a.espncdn.com/i/teamlogos/ncaa/500/52.png,782F40,ceb888,64
250370150,2005,2,2005-02-06,2005-02-06T16:00:00.000000-0500,2475,Mistie McCray Bass,150,Blue Devils,Duke,Duke,,4,6,0,0,0,2,2,2,4,0,0,0,0,1,8,true,false,false,true,,M. Bass,,Not Available,NA,Duke Blue Devils,s:40~l:54~t:150,duke-blue-devils,https://a.espncdn.com/i/teamlogos/ncaa/500/150.png,DUKE,013088,ffffff,home,true,75,52,Seminoles,Florida State,Florida State Seminoles,FSU,https://a.espncdn.com/i/teamlogos/ncaa/500/52.png,782F40,ceb888,64
250370150,2005,2,2005-02-06,2005-02-06T16:00:00.000000-0500,438,Monique Currie,150,Blue Devils,Duke,Duke,,5,14,1,4,3,4,2,2,4,0,0,0,0,3,14,true,false,false,true,,M. Currie,,Not Available,NA,Duke Blue Devils,s:40~l:54~t:150,duke-blue-devils,https://a.espncdn.com/i/teamlogos/ncaa/500/150.png,DUKE,013088,ffffff,home,true,75,52,Seminoles,Florida State,Florida State Seminoles,FSU,https://a.espncdn.com/i/teamlogos/ncaa/500/52.png,782F40,ceb888,64
250370150,2005,2,2005-02-06,2005-02-06T16:00:00.000000-0500,4819,Wanisha Smith,150,Blue Devils,Duke,Duke,,4,11,1,3,2,4,2,1,3,0,0,0,0,1,11,true,false,false,true,,W. Smith,,Not Available,NA,Duke Blue Devils,s:40~l:54~t:150,duke-blue-devils,https://a.espncdn.com/i/teamlogos/ncaa/500/150.png,DUKE,013088,ffffff,home,true,75,52,Seminoles,Florida State,Florida State Seminoles,FSU,https://a.espncdn.com/i/teamlogos/ncaa/500/52.png,782F40,ceb888,64
250370150,2005,2,2005-02-06,2005-02-06T16:00:00.000000-0500,2631,Jessica Foley,150,Blue Devils,Duke,Duke,,6,8,1,2,4,4,0,0,0,0,0,0,0,3,17,true,false,false,true,,J. Foley,,Not Available,NA,Duke Blue Devils,s:40~l:54~t:150,duke-blue-devils,https://a.espncdn.com/i/teamlogos/ncaa/500/150.png,DUKE,013088,ffffff,home,true,75,52,Seminoles,Florida State,Florida State Seminoles,FSU,https://a.espncdn.com/i/teamlogos/ncaa/500/52.png,782F40,ceb888,64
250362507,2005,2,2005-02-05,2005-02-05T19:30:00.000000-0500,316,Jessica Moore,41,Huskies,UConn,UConn,,1,1,0,0,5,8,2,2,4,0,0,0,0,2,7,true,false,false,true,,J. Moore,,Not Available,NA,UConn Huskies,s:40~l:54~t:41,uconn-huskies,https://a.espncdn.com/i/teamlogos/ncaa/500/41.png,CONN,0c2340,f1f2f3,away,true,71,2507,Friars,Providence,Providence Friars,PROV,https://a.espncdn.com/i/teamlogos/ncaa/500/2507.png,000000,a3a19e,24
250362507,2005,2,2005-02-05,2005-02-05T19:30:00.000000-0500,4824,Charde Houston,41,Huskies,UConn,UConn,,4,10,0,0,0,0,4,6,10,0,0,0,0,0,8,true,false,false,true,,C. Houston,,Not Available,NA,UConn Huskies,s:40~l:54~t:41,uconn-huskies,https://a.espncdn.com/i/teamlogos/ncaa/500/41.png,CONN,0c2340,f1f2f3,away,true,71,2507,Friars,Providence,Providence Friars,PROV,https://a.espncdn.com/i/teamlogos/ncaa/500/2507.png,000000,a3a19e,24
250362507,2005,2,2005-02-05,2005-02-05T19:30:00.000000-0500,2637,Ann Strother,41,Huskies,UConn,UConn,,5,13,3,9,0,0,1,2,3,0,0,0,0,0,13,true,false,false,true,,A. Strother,,Not Available,NA,UConn Huskies,s:40~l:54~t:41,uconn-huskies,https://a.espncdn.com/i/teamlogos/ncaa/500/41.png,CONN,0c2340,f1f2f3,away,true,71,2507,Friars,Providence,Providence Friars,PROV,https://a.espncdn.com/i/teamlogos/ncaa/500/2507.png,000000,a3a19e,24
250362507,2005,2,2005-02-05,2005-02-05T19:30:00.000000-0500,2410,Nicole Wolff,41,Huskies,UConn,UConn,,2,5,1,3,0,0,0,3,3,0,0,0,0,0,5,true,false,false,true,,N. Wolff,,Not Available,NA,UConn Huskies,s:40~l:54~t:41,uconn-huskies,https://a.espncdn.com/i/teamlogos/ncaa/500/41.png,CONN,0c2340,f1f2f3,away,true,71,2507,Friars,Providence,Providence Friars,PROV,https://a.espncdn.com/i/teamlogos/ncaa/500/2507.png,000000,a3a19e,24
250362507,2005,2,2005-02-05,2005-02-05T19:30:00.000000-0500,311,Ashley Valley,41,Huskies,UConn,UConn,,2,4,1,3,2,2,0,2,2,0,0,0,0,1,7,true,false,false,true,,A. Valley,,Not Available,NA,UConn Huskies,s:40~l:54~t:41,uconn-huskies,https://a.espncdn.com/i/teamlogos/ncaa/500/41.png,CONN,0c2340,f1f2f3,away,true,71,2507,Friars,Providence,Providence Friars,PROV,https://a.espncdn.com/i/teamlogos/ncaa/500/2507.png,000000,a3a19e,24
250362507,2005,2,2005-02-05,2005-02-05T19:30:00.000000-0500,4845,Danielle Howard,2507,Friars,Providence,Providence,,0,5,0,0,0,0,3,1,4,0,0,0,0,1,0,true,false,false,true,,D. Howard,,Not Available,NA,Providence Friars,s:40~l:54~t:2507,providence-friars,https://a.espncdn.com/i/teamlogos/ncaa/500/2507.png,PROV,000000,a3a19e,home,false,24,41,Huskies,UConn,UConn Huskies,CONN,https://a.espncdn.com/i/teamlogos/ncaa/500/41.png,0c2340,f1f2f3,71
250362507,2005,2,2005-02-05,2005-02-05T19:30:00.000000-0500,4634,Shauna Snyder,2507,Friars,Providence,Providence,,4,19,3,11,0,0,1,1,2,0,0,0,0,3,11,true,false,false,true,,S. Snyder,,Not Available,NA,Providence Friars,s:40~l:54~t:2507,providence-friars,https://a.espncdn.com/i/teamlogos/ncaa/500/2507.png,PROV,000000,a3a19e,home,false,24,41,Huskies,UConn,UConn Huskies,CONN,https://a.espncdn.com/i/teamlogos/ncaa/500/41.png,0c2340,f1f2f3,71
250362507,2005,2,2005-02-05,2005-02-05T19:30:00.000000-0500,4847,Ciara Shield,2507,Friars,Providence,Providence,,0,6,0,0,0,0,4,1,5,0,0,0,0,2,0,true,false,false,true,,C. Shield,,Not Available,NA,Providence Friars,s:40~l:54~t:2507,providence-friars,https://a.espncdn.com/i/teamlogos/ncaa/500/2507.png,PROV,000000,a3a19e,home,false,24,41,Huskies,UConn,UConn Huskies,CONN,https://a.espncdn.com/i/teamlogos/ncaa/500/41.png,0c2340,f1f2f3,71
250362507,2005,2,2005-02-05,2005-02-05T19:30:00.000000-0500,4846,Allie Gard,2507,Friars,Providence,Providence,,0,5,0,1,2,2,1,4,5,0,0,0,0,1,2,true,false,false,true,,A. Gard,,Not Available,NA,Providence Friars,s:40~l:54~t:2507,providence-friars,https://a.espncdn.com/i/teamlogos/ncaa/500/2507.png,PROV,000000,a3a19e,home,false,24,41,Huskies,UConn,UConn Huskies,CONN,https://a.espncdn.com/i/teamlogos/ncaa/500/41.png,0c2340,f1f2f3,71
250362507,2005,2,2005-02-05,2005-02-05T19:30:00.000000-0500,4635,Jill Furstenburg,2507,Friars,Providence,Providence,,1,4,0,2,0,0,0,1,1,0,0,0,0,1,2,true,false,false,true,,J. Furstenburg,,Not Available,NA,Providence Friars,s:40~l:54~t:2507,providence-friars,https://a.espncdn.com/i/teamlogos/ncaa/500/2507.png,PROV,000000,a3a19e,home,false,24,41,Huskies,UConn,UConn Huskies,CONN,https://a.espncdn.com/i/teamlogos/ncaa/500/41.png,0c2340,f1f2f3,71
250340041,2005,2,2005-02-03,2005-02-03T19:00:00.000000-0500,2400,Michelle Campbell,164,Scarlet Knights,Rutgers,Rutgers,,2,8,0,0,3,4,2,3,5,0,0,0,0,4,7,true,false,false,true,,M. Campbell,,Not Available,NA,Rutgers Scarlet Knights,s:40~l:54~t:164,rutgers-scarlet-knights,https://a.espncdn.com/i/teamlogos/ncaa/500/164.png,RUTG,d21034,ffffff,away,false,44,41,Huskies,UConn,UConn Huskies,CONN,https://a.espncdn.com/i/teamlogos/ncaa/500/41.png,0c2340,f1f2f3,57
250340041,2005,2,2005-02-03,2005-02-03T19:00:00.000000-0500,4814,Essence Carson,164,Scarlet Knights,Rutgers,Rutgers,,0,5,0,0,0,0,1,4,5,0,0,0,0,4,0,true,false,false,true,,E. Carson,,Not Available,NA,Rutgers Scarlet Knights,s:40~l:54~t:164,rutgers-scarlet-knights,https://a.espncdn.com/i/teamlogos/ncaa/500/164.png,RUTG,d21034,ffffff,away,false,44,41,Huskies,UConn,UConn Huskies,CONN,https://a.espncdn.com/i/teamlogos/ncaa/500/41.png,0c2340,f1f2f3,57
250340041,2005,2,2005-02-03,2005-02-03T19:00:00.000000-0500,2853,Courtney Locke,164,Scarlet Knights,Rutgers,Rutgers,,0,1,0,1,0,0,0,1,1,0,0,0,0,0,0,true,false,false,true,,C. Locke,,Not Available,NA,Rutgers Scarlet Knights,s:40~l:54~t:164,rutgers-scarlet-knights,https://a.espncdn.com/i/teamlogos/ncaa/500/164.png,RUTG,d21034,ffffff,away,false,44,41,Huskies,UConn,UConn Huskies,CONN,https://a.espncdn.com/i/teamlogos/ncaa/500/41.png,0c2340,f1f2f3,57
250340041,2005,2,2005-02-03,2005-02-03T19:00:00.000000-0500,1695,Cappie Pondexter,164,Scarlet Knights,Rutgers,Rutgers,,5,13,0,2,0,0,2,5,7,0,0,0,0,4,10,true,false,false,true,,C. Pondexter,,Not Available,NA,Rutgers Scarlet Knights,s:40~l:54~t:164,rutgers-scarlet-knights,https://a.espncdn.com/i/teamlogos/ncaa/500/164.png,RUTG,d21034,ffffff,away,false,44,41,Huskies,UConn,UConn Huskies,CONN,https://a.espncdn.com/i/teamlogos/ncaa/500/41.png,0c2340,f1f2f3,57
250340041,2005,2,2005-02-03,2005-02-03T19:00:00.000000-0500,1692,Nikki Jett,164,Scarlet Knights,Rutgers,Rutgers,,3,9,1,6,0,0,1,0,1,0,0,0,0,3,7,true,false,false,true,,N. Jett,,Not Available,NA,Rutgers Scarlet Knights,s:40~l:54~t:164,rutgers-scarlet-knights,https://a.espncdn.com/i/teamlogos/ncaa/500/164.png,RUTG,d21034,ffffff,away,false,44,41,Huskies,UConn,UConn Huskies,CONN,https://a.espncdn.com/i/teamlogos/ncaa/500/41.png,0c2340,f1f2f3,57
250340041,2005,2,2005-02-03,2005-02-03T19:00:00.000000-0500,4824,Charde Houston,41,Huskies,UConn,UConn,,5,13,0,0,7,8,3,4,7,0,0,0,0,2,17,true,false,false,true,,C. Houston,,Not Available,NA,UConn Huskies,s:40~l:54~t:41,uconn-huskies,https://a.espncdn.com/i/teamlogos/ncaa/500/41.png,CONN,0c2340,f1f2f3,home,true,57,164,Scarlet Knights,Rutgers,Rutgers Scarlet Knights,RUTG,https://a.espncdn.com/i/teamlogos/ncaa/500/164.png,d21034,ffffff,44
250340041,2005,2,2005-02-03,2005-02-03T19:00:00.000000-0500,2409,Barbara Turner,41,Huskies,UConn,UConn,,3,9,0,0,1,2,1,2,3,0,0,0,0,0,7,true,false,false,true,,B. Turner,,Not Available,NA,UConn Huskies,s:40~l:54~t:41,uconn-huskies,https://a.espncdn.com/i/teamlogos/ncaa/500/41.png,CONN,0c2340,f1f2f3,home,true,57,164,Scarlet Knights,Rutgers,Rutgers Scarlet Knights,RUTG,https://a.espncdn.com/i/teamlogos/ncaa/500/164.png,d21034,ffffff,44
250340041,2005,2,2005-02-03,2005-02-03T19:00:00.000000-0500,316,Jessica Moore,41,Huskies,UConn,UConn,,0,2,0,0,2,2,1,4,5,0,0,0,0,4,2,true,false,false,true,,J. Moore,,Not Available,NA,UConn Huskies,s:40~l:54~t:41,uconn-huskies,https://a.espncdn.com/i/teamlogos/ncaa/500/41.png,CONN,0c2340,f1f2f3,home,true,57,164,Scarlet Knights,Rutgers,Rutgers Scarlet Knights,RUTG,https://a.espncdn.com/i/teamlogos/ncaa/500/164.png,d21034,ffffff,44
250340041,2005,2,2005-02-03,2005-02-03T19:00:00.000000-0500,2637,Ann Strother,41,Huskies,UConn,UConn,,2,9,0,5,0,1,0,6,6,0,0,0,0,2,4,true,false,false,true,,A. Strother,,Not Available,NA,UConn Huskies,s:40~l:54~t:41,uconn-huskies,https://a.espncdn.com/i/teamlogos/ncaa/500/41.png,CONN,0c2340,f1f2f3,home,true,57,164,Scarlet Knights,Rutgers,Rutgers Scarlet Knights,RUTG,https://a.espncdn.com/i/teamlogos/ncaa/500/164.png,d21034,ffffff,44
250340041,2005,2,2005-02-03,2005-02-03T19:00:00.000000-0500,311,Ashley Valley,41,Huskies,UConn,UConn,,4,8,3,5,1,2,1,5,6,0,0,0,0,0,12,true,false,false,true,,A. Valley,,Not Available,NA,UConn Huskies,s:40~l:54~t:41,uconn-huskies,https://a.espncdn.com/i/teamlogos/ncaa/500/41.png,CONN,0c2340,f1f2f3,home,true,57,164,Scarlet Knights,Rutgers,Rutgers Scarlet Knights,RUTG,https://a.espncdn.com/i/teamlogos/ncaa/500/164.png,d21034,ffffff,44
250312633,2005,2,2005-01-31,2005-01-31T19:00:00.000000-0500,4838,Tasha Humphrey,61,Lady Bulldogs,Georgia,Georgia,,10,16,1,1,4,6,2,4,6,0,0,0,0,4,25,true,false,false,true,,T. Humphrey,,Not Available,NA,Georgia Lady Bulldogs,s:40~l:54~t:61,georgia-lady-bulldogs,https://a.espncdn.com/i/teamlogos/ncaa/500/61.png,UGA,CC0000,000000,away,false,70,2633,Lady Volunteers,Tennessee,Tennessee Lady Volunteers,TENN,https://a.espncdn.com/i/teamlogos/ncaa/500/2633_ncw.png,ff8200,ffffff,77
250312633,2005,2,2005-01-31,2005-01-31T19:00:00.000000-0500,3743,Rebecca Rowsey,61,Lady Bulldogs,Georgia,Georgia,,1,4,0,0,0,0,1,0,1,0,0,0,0,4,2,true,false,false,true,,R. Rowsey,,Not Available,NA,Georgia Lady Bulldogs,s:40~l:54~t:61,georgia-lady-bulldogs,https://a.espncdn.com/i/teamlogos/ncaa/500/61.png,UGA,CC0000,000000,away,false,70,2633,Lady Volunteers,Tennessee,Tennessee Lady Volunteers,TENN,https://a.espncdn.com/i/teamlogos/ncaa/500/2633_ncw.png,ff8200,ffffff,77
250312633,2005,2,2005-01-31,2005-01-31T19:00:00.000000-0500,3744,Cori Chambers,61,Lady Bulldogs,Georgia,Georgia,,5,11,2,4,0,0,1,3,4,0,0,0,0,4,12,true,false,false,true,,C. Chambers,,Not Available,NA,Georgia Lady Bulldogs,s:40~l:54~t:61,georgia-lady-bulldogs,https://a.espncdn.com/i/teamlogos/ncaa/500/61.png,UGA,CC0000,000000,away,false,70,2633,Lady Volunteers,Tennessee,Tennessee Lady Volunteers,TENN,https://a.espncdn.com/i/teamlogos/ncaa/500/2633_ncw.png,ff8200,ffffff,77
250312633,2005,2,2005-01-31,2005-01-31T19:00:00.000000-0500,2493,Alexis Kendrick,61,Lady Bulldogs,Georgia,Georgia,,0,3,0,3,1,2,3,1,4,0,0,0,0,1,1,true,false,false,true,,A. Kendrick,,Not Available,NA,Georgia Lady Bulldogs,s:40~l:54~t:61,georgia-lady-bulldogs,https://a.espncdn.com/i/teamlogos/ncaa/500/61.png,UGA,CC0000,000000,away,false,70,2633,Lady Volunteers,Tennessee,Tennessee Lady Volunteers,TENN,https://a.espncdn.com/i/teamlogos/ncaa/500/2633_ncw.png,ff8200,ffffff,77
250312633,2005,2,2005-01-31,2005-01-31T19:00:00.000000-0500,2411,Sherill Baker,61,Lady Bulldogs,Georgia,Georgia,,2,9,0,1,4,8,2,3,5,0,0,0,0,4,8,true,false,false,true,,S. Baker,,Not Available,NA,Georgia Lady Bulldogs,s:40~l:54~t:61,georgia-lady-bulldogs,https://a.espncdn.com/i/teamlogos/ncaa/500/61.png,UGA,CC0000,000000,away,false,70,2633,Lady Volunteers,Tennessee,Tennessee Lady Volunteers,TENN,https://a.espncdn.com/i/teamlogos/ncaa/500/2633_ncw.png,ff8200,ffffff,77
250312633,2005,2,2005-01-31,2005-01-31T19:00:00.000000-0500,4839,Nicky Anosike,2633,Lady Volunteers,Tennessee,Tennessee,,0,2,0,0,3,4,4,2,6,0,0,0,0,4,3,true,false,false,true,,N. Anosike,,Not Available,NA,Tennessee Lady Volunteers,s:40~l:54~t:2633,tennessee-lady-volunteers,https://a.espncdn.com/i/teamlogos/ncaa/500/2633_ncw.png,TENN,ff8200,ffffff,home,true,77,61,Lady Bulldogs,Georgia,Georgia Lady Bulldogs,UGA,https://a.espncdn.com/i/teamlogos/ncaa/500/61.png,CC0000,000000,70
250312633,2005,2,2005-01-31,2005-01-31T19:00:00.000000-0500,2632,Tyesha Fluker,2633,Lady Volunteers,Tennessee,Tennessee,,3,6,0,0,7,8,1,5,6,0,0,0,0,5,13,true,false,false,true,,T. Fluker,,Not Available,NA,Tennessee Lady Volunteers,s:40~l:54~t:2633,tennessee-lady-volunteers,https://a.espncdn.com/i/teamlogos/ncaa/500/2633_ncw.png,TENN,ff8200,ffffff,home,true,77,61,Lady Bulldogs,Georgia,Georgia Lady Bulldogs,UGA,https://a.espncdn.com/i/teamlogos/ncaa/500/61.png,CC0000,000000,70
250312633,2005,2,2005-01-31,2005-01-31T19:00:00.000000-0500,2005,Shyra Ely,2633,Lady Volunteers,Tennessee,Tennessee,,7,13,0,0,1,3,3,9,12,0,0,0,0,2,15,true,false,false,true,,S. Ely,,Not Available,NA,Tennessee Lady Volunteers,s:40~l:54~t:2633,tennessee-lady-volunteers,https://a.espncdn.com/i/teamlogos/ncaa/500/2633_ncw.png,TENN,ff8200,ffffff,home,true,77,61,Lady Bulldogs,Georgia,Georgia Lady Bulldogs,UGA,https://a.espncdn.com/i/teamlogos/ncaa/500/61.png,CC0000,000000,70
250312633,2005,2,2005-01-31,2005-01-31T19:00:00.000000-0500,4840,Alexis Hornbuckle,2633,Lady Volunteers,Tennessee,Tennessee,,2,5,0,1,3,5,2,2,4,0,0,0,0,0,7,true,false,false,true,,A. Hornbuckle,,Not Available,NA,Tennessee Lady Volunteers,s:40~l:54~t:2633,tennessee-lady-volunteers,https://a.espncdn.com/i/teamlogos/ncaa/500/2633_ncw.png,TENN,ff8200,ffffff,home,true,77,61,Lady Bulldogs,Georgia,Georgia Lady Bulldogs,UGA,https://a.espncdn.com/i/teamlogos/ncaa/500/61.png,CC0000,000000,70
250312633,2005,2,2005-01-31,2005-01-31T19:00:00.000000-0500,2001,Brittany Jackson,2633,Lady Volunteers,Tennessee,Tennessee,,2,4,1,2,0,0,0,0,0,0,0,0,0,2,5,true,false,false,true,,B. Jackson,,Not Available,NA,Tennessee Lady Volunteers,s:40~l:54~t:2633,tennessee-lady-volunteers,https://a.espncdn.com/i/teamlogos/ncaa/500/2633_ncw.png,TENN,ff8200,ffffff,home,true,77,61,Lady Bulldogs,Georgia,Georgia Lady Bulldogs,UGA,https://a.espncdn.com/i/teamlogos/ncaa/500/61.png,CC0000,000000,70
250300099,2005,2,2005-01-30,2005-01-30T15:00:00.000000-0500,3584,Marita Payne,2,Tigers,Auburn,Auburn,,2,8,0,0,0,0,2,9,11,0,0,0,0,4,4,true,false,false,true,,M. Payne,,Not Available,NA,Auburn Tigers,s:40~l:54~t:2,auburn-tigers,https://a.espncdn.com/i/teamlogos/ncaa/500/2.png,AUB,03244d,f1f2f3,away,false,52,99,Tigers,LSU,LSU Tigers,LSU,https://a.espncdn.com/i/teamlogos/ncaa/500/99.png,461d7c,fdd023,57
250300099,2005,2,2005-01-30,2005-01-30T15:00:00.000000-0500,4833,Alexis Ogubie,2,Tigers,Auburn,Auburn,,2,6,0,0,3,4,3,1,4,0,0,0,0,4,7,true,false,false,true,,A. Ogubie,,Not Available,NA,Auburn Tigers,s:40~l:54~t:2,auburn-tigers,https://a.espncdn.com/i/teamlogos/ncaa/500/2.png,AUB,03244d,f1f2f3,away,false,52,99,Tigers,LSU,LSU Tigers,LSU,https://a.espncdn.com/i/teamlogos/ncaa/500/99.png,461d7c,fdd023,57
250300099,2005,2,2005-01-30,2005-01-30T15:00:00.000000-0500,3647,Louise Emeagi,2,Tigers,Auburn,Auburn,,3,10,1,3,2,2,0,8,8,0,0,0,0,4,9,true,false,false,true,,L. Emeagi,,Not Available,NA,Auburn Tigers,s:40~l:54~t:2,auburn-tigers,https://a.espncdn.com/i/teamlogos/ncaa/500/2.png,AUB,03244d,f1f2f3,away,false,52,99,Tigers,LSU,LSU Tigers,LSU,https://a.espncdn.com/i/teamlogos/ncaa/500/99.png,461d7c,fdd023,57
250300099,2005,2,2005-01-30,2005-01-30T15:00:00.000000-0500,79,Nicole Louden,2,Tigers,Auburn,Auburn,,0,3,0,1,2,2,0,3,3,0,0,0,0,3,2,true,false,false,true,,N. Louden,,Not Available,NA,Auburn Tigers,s:40~l:54~t:2,auburn-tigers,https://a.espncdn.com/i/teamlogos/ncaa/500/2.png,AUB,03244d,f1f2f3,away,false,52,99,Tigers,LSU,LSU Tigers,LSU,https://a.espncdn.com/i/teamlogos/ncaa/500/99.png,461d7c,fdd023,57
250300099,2005,2,2005-01-30,2005-01-30T15:00:00.000000-0500,77,Natasha Brackett,2,Tigers,Auburn,Auburn,,9,23,3,5,2,4,0,5,5,0,0,0,0,2,23,true,false,false,true,,N. Brackett,,Not Available,NA,Auburn Tigers,s:40~l:54~t:2,auburn-tigers,https://a.espncdn.com/i/teamlogos/ncaa/500/2.png,AUB,03244d,f1f2f3,away,false,52,99,Tigers,LSU,LSU Tigers,LSU,https://a.espncdn.com/i/teamlogos/ncaa/500/99.png,461d7c,fdd023,57
250300099,2005,2,2005-01-30,2005-01-30T15:00:00.000000-0500,1043,Tillie Willis,99,Tigers,LSU,LSU,,0,3,0,0,0,0,1,3,4,0,0,0,0,2,0,true,false,false,true,,T. Willis,,Not Available,NA,LSU Tigers,s:40~l:54~t:99,lsu-tigers,https://a.espncdn.com/i/teamlogos/ncaa/500/99.png,LSU,461d7c,fdd023,home,true,57,2,Tigers,Auburn,Auburn Tigers,AUB,https://a.espncdn.com/i/teamlogos/ncaa/500/2.png,03244d,f1f2f3,52
250300099,2005,2,2005-01-30,2005-01-30T15:00:00.000000-0500,1042,Wendlyn Jones,99,Tigers,LSU,LSU,,1,8,0,1,1,2,2,6,8,0,0,0,0,1,3,true,false,false,true,,W. Jones,,Not Available,NA,LSU Tigers,s:40~l:54~t:99,lsu-tigers,https://a.espncdn.com/i/teamlogos/ncaa/500/99.png,LSU,461d7c,fdd023,home,true,57,2,Tigers,Auburn,Auburn Tigers,AUB,https://a.espncdn.com/i/teamlogos/ncaa/500/2.png,03244d,f1f2f3,52
250300099,2005,2,2005-01-30,2005-01-30T15:00:00.000000-0500,3715,Scholanda Hoston,99,Tigers,LSU,LSU,,1,4,1,1,2,2,0,2,2,0,0,0,0,0,5,true,false,false,true,,S. Hoston,,Not Available,NA,LSU Tigers,s:40~l:54~t:99,lsu-tigers,https://a.espncdn.com/i/teamlogos/ncaa/500/99.png,LSU,461d7c,fdd023,home,true,57,2,Tigers,Auburn,Auburn Tigers,AUB,https://a.espncdn.com/i/teamlogos/ncaa/500/2.png,03244d,f1f2f3,52
250300099,2005,2,2005-01-30,2005-01-30T15:00:00.000000-0500,2635,Seimone Augustus,99,Tigers,LSU,LSU,,9,20,0,0,6,6,2,3,5,0,0,0,0,2,24,true,false,false,true,,S. Augustus,,Not Available,NA,LSU Tigers,s:40~l:54~t:99,lsu-tigers,https://a.espncdn.com/i/teamlogos/ncaa/500/99.png,LSU,461d7c,fdd023,home,true,57,2,Tigers,Auburn,Auburn Tigers,AUB,https://a.espncdn.com/i/teamlogos/ncaa/500/2.png,03244d,f1f2f3,52
250300099,2005,2,2005-01-30,2005-01-30T15:00:00.000000-0500,1041,Temeka Johnson,99,Tigers,LSU,LSU,,3,10,1,1,3,4,1,4,5,0,0,0,0,3,10,true,false,false,true,,T. Johnson,,Not Available,NA,LSU Tigers,s:40~l:54~t:99,lsu-tigers,https://a.espncdn.com/i/teamlogos/ncaa/500/99.png,LSU,461d7c,fdd023,home,true,57,2,Tigers,Auburn,Auburn Tigers,AUB,https://a.espncdn.com/i/teamlogos/ncaa/500/2.png,03244d,f1f2f3,52
250300041,2005,2,2005-01-30,2005-01-30T19:00:00.000000-0500,1467,Teresa Borton,87,Fighting Irish,Notre Dame,Notre Dame,,2,3,0,0,1,2,7,6,13,0,0,0,0,2,5,true,false,false,true,,T. Borton,,Not Available,NA,Notre Dame Fighting Irish,s:40~l:54~t:87,notre-dame-fighting-irish,https://a.espncdn.com/i/teamlogos/ncaa/500/87.png,ND,0c2340,c99700,away,true,65,41,Huskies,UConn,UConn Huskies,CONN,https://a.espncdn.com/i/teamlogos/ncaa/500/41.png,0c2340,f1f2f3,59
250300041,2005,2,2005-01-30,2005-01-30T19:00:00.000000-0500,3784,Crystal Erwin,87,Fighting Irish,Notre Dame,Notre Dame,,1,4,0,0,0,1,0,1,1,0,0,0,0,1,2,true,false,false,true,,C. Erwin,,Not Available,NA,Notre Dame Fighting Irish,s:40~l:54~t:87,notre-dame-fighting-irish,https://a.espncdn.com/i/teamlogos/ncaa/500/87.png,ND,0c2340,c99700,away,true,65,41,Huskies,UConn,UConn Huskies,CONN,https://a.espncdn.com/i/teamlogos/ncaa/500/41.png,0c2340,f1f2f3,59
250300041,2005,2,2005-01-30,2005-01-30T19:00:00.000000-0500,1466,Jacqueline Batteast,87,Fighting Irish,Notre Dame,Notre Dame,,3,16,1,2,2,3,0,3,3,0,0,0,0,2,9,true,false,false,true,,J. Batteast,,Not Available,NA,Notre Dame Fighting Irish,s:40~l:54~t:87,notre-dame-fighting-irish,https://a.espncdn.com/i/teamlogos/ncaa/500/87.png,ND,0c2340,c99700,away,true,65,41,Huskies,UConn,UConn Huskies,CONN,https://a.espncdn.com/i/teamlogos/ncaa/500/41.png,0c2340,f1f2f3,59
250300041,2005,2,2005-01-30,2005-01-30T19:00:00.000000-0500,3783,Breona Gray,87,Fighting Irish,Notre Dame,Notre Dame,,2,7,0,0,4,4,1,4,5,0,0,0,0,0,8,true,false,false,true,,B. Gray,,Not Available,NA,Notre Dame Fighting Irish,s:40~l:54~t:87,notre-dame-fighting-irish,https://a.espncdn.com/i/teamlogos/ncaa/500/87.png,ND,0c2340,c99700,away,true,65,41,Huskies,UConn,UConn Huskies,CONN,https://a.espncdn.com/i/teamlogos/ncaa/500/41.png,0c2340,f1f2f3,59
250300041,2005,2,2005-01-30,2005-01-30T19:00:00.000000-0500,2437,Megan Duffy,87,Fighting Irish,Notre Dame,Notre Dame,,2,4,1,3,7,8,0,4,4,0,0,0,0,3,12,true,false,false,true,,M. Duffy,,Not Available,NA,Notre Dame Fighting Irish,s:40~l:54~t:87,notre-dame-fighting-irish,https://a.espncdn.com/i/teamlogos/ncaa/500/87.png,ND,0c2340,c99700,away,true,65,41,Huskies,UConn,UConn Huskies,CONN,https://a.espncdn.com/i/teamlogos/ncaa/500/41.png,0c2340,f1f2f3,59
250300041,2005,2,2005-01-30,2005-01-30T19:00:00.000000-0500,316,Jessica Moore,41,Huskies,UConn,UConn,,1,7,0,0,1,1,2,0,2,0,0,0,0,3,3,true,false,false,true,,J. Moore,,Not Available,NA,UConn Huskies,s:40~l:54~t:41,uconn-huskies,https://a.espncdn.com/i/teamlogos/ncaa/500/41.png,CONN,0c2340,f1f2f3,home,false,59,87,Fighting Irish,Notre Dame,Notre Dame Fighting Irish,ND,https://a.espncdn.com/i/teamlogos/ncaa/500/87.png,0c2340,c99700,65
250300041,2005,2,2005-01-30,2005-01-30T19:00:00.000000-0500,4824,Charde Houston,41,Huskies,UConn,UConn,,3,11,0,0,4,6,4,8,12,0,0,0,0,4,10,true,false,false,true,,C. Houston,,Not Available,NA,UConn Huskies,s:40~l:54~t:41,uconn-huskies,https://a.espncdn.com/i/teamlogos/ncaa/500/41.png,CONN,0c2340,f1f2f3,home,false,59,87,Fighting Irish,Notre Dame,Notre Dame Fighting Irish,ND,https://a.espncdn.com/i/teamlogos/ncaa/500/87.png,0c2340,c99700,65
250300041,2005,2,2005-01-30,2005-01-30T19:00:00.000000-0500,2637,Ann Strother,41,Huskies,UConn,UConn,,9,16,7,9,0,0,1,3,4,0,0,0,0,4,25,true,false,false,true,,A. Strother,,Not Available,NA,UConn Huskies,s:40~l:54~t:41,uconn-huskies,https://a.espncdn.com/i/teamlogos/ncaa/500/41.png,CONN,0c2340,f1f2f3,home,false,59,87,Fighting Irish,Notre Dame,Notre Dame Fighting Irish,ND,https://a.espncdn.com/i/teamlogos/ncaa/500/87.png,0c2340,c99700,65
250300041,2005,2,2005-01-30,2005-01-30T19:00:00.000000-0500,2410,Nicole Wolff,41,Huskies,UConn,UConn,,0,1,0,0,3,3,0,1,1,0,0,0,0,2,3,true,false,false,true,,N. Wolff,,Not Available,NA,UConn Huskies,s:40~l:54~t:41,uconn-huskies,https://a.espncdn.com/i/teamlogos/ncaa/500/41.png,CONN,0c2340,f1f2f3,home,false,59,87,Fighting Irish,Notre Dame,Notre Dame Fighting Irish,ND,https://a.espncdn.com/i/teamlogos/ncaa/500/87.png,0c2340,c99700,65
250300041,2005,2,2005-01-30,2005-01-30T19:00:00.000000-0500,314,Morgan Valley,41,Huskies,UConn,UConn,,,,,,,,,,,,,,,,,true,false,true,true,,M. Valley,,Not Available,NA,UConn Huskies,s:40~l:54~t:41,uconn-huskies,https://a.espncdn.com/i/teamlogos/ncaa/500/41.png,CONN,0c2340,f1f2f3,home,false,59,87,Fighting Irish,Notre Dame,Notre Dame Fighting Irish,ND,https://a.espncdn.com/i/teamlogos/ncaa/500/87.png,0c2340,c99700,65
250300213,2005,2,2005-01-30,2005-01-30T13:00:00.000000-0500,1181,Janel McCarville,135,Golden Gophers,Minnesota,Minnesota,,8,16,0,1,5,5,2,7,9,0,0,0,0,4,21,true,false,false,true,,J. McCarville,,Not Available,NA,Minnesota Golden Gophers,s:40~l:54~t:135,minnesota-golden-gophers,https://a.espncdn.com/i/teamlogos/ncaa/500/135.png,MINN,981a31,981a31,away,false,68,213,Lady Lions,Penn State,Penn State Lady Lions,PSU,https://a.espncdn.com/i/teamlogos/ncaa/500/213.png,00265D,002e5c,81
250300213,2005,2,2005-01-30,2005-01-30T13:00:00.000000-0500,3751,Jaime Broback,135,Golden Gophers,Minnesota,Minnesota,,5,7,0,1,4,4,0,0,0,0,0,0,0,2,14,true,false,false,true,,J. Broback,,Not Available,NA,Minnesota Golden Gophers,s:40~l:54~t:135,minnesota-golden-gophers,https://a.espncdn.com/i/teamlogos/ncaa/500/135.png,MINN,981a31,981a31,away,false,68,213,Lady Lions,Penn State,Penn State Lady Lions,PSU,https://a.espncdn.com/i/teamlogos/ncaa/500/213.png,00265D,002e5c,81
250300213,2005,2,2005-01-30,2005-01-30T13:00:00.000000-0500,2656,Shannon Bolden,135,Golden Gophers,Minnesota,Minnesota,,1,4,0,1,1,4,0,2,2,0,0,0,0,4,3,true,false,false,true,,S. Bolden,,Not Available,NA,Minnesota Golden Gophers,s:40~l:54~t:135,minnesota-golden-gophers,https://a.espncdn.com/i/teamlogos/ncaa/500/135.png,MINN,981a31,981a31,away,false,68,213,Lady Lions,Penn State,Penn State Lady Lions,PSU,https://a.espncdn.com/i/teamlogos/ncaa/500/213.png,00265D,002e5c,81
250300213,2005,2,2005-01-30,2005-01-30T13:00:00.000000-0500,2655,Shannon Schonrock,135,Golden Gophers,Minnesota,Minnesota,,2,2,1,1,7,7,0,1,1,0,0,0,0,3,12,true,false,false,true,,S. Schonrock,,Not Available,NA,Minnesota Golden Gophers,s:40~l:54~t:135,minnesota-golden-gophers,https://a.espncdn.com/i/teamlogos/ncaa/500/135.png,MINN,981a31,981a31,away,false,68,213,Lady Lions,Penn State,Penn State Lady Lions,PSU,https://a.espncdn.com/i/teamlogos/ncaa/500/213.png,00265D,002e5c,81
250300213,2005,2,2005-01-30,2005-01-30T13:00:00.000000-0500,888,April Calhoun,135,Golden Gophers,Minnesota,Minnesota,,2,4,0,0,3,3,1,0,1,0,0,0,0,3,7,true,false,false,true,,A. Calhoun,,Not Available,NA,Minnesota Golden Gophers,s:40~l:54~t:135,minnesota-golden-gophers,https://a.espncdn.com/i/teamlogos/ncaa/500/135.png,MINN,981a31,981a31,away,false,68,213,Lady Lions,Penn State,Penn State Lady Lions,PSU,https://a.espncdn.com/i/teamlogos/ncaa/500/213.png,00265D,002e5c,81
250300213,2005,2,2005-01-30,2005-01-30T13:00:00.000000-0500,1554,Ashli Schwab,213,Lady Lions,Penn State,Penn State,,1,2,0,0,5,5,0,1,1,0,0,0,0,0,7,true,false,false,true,,A. Schwab,,Not Available,NA,Penn State Lady Lions,s:40~l:54~t:213,penn-state-lady-lions,https://a.espncdn.com/i/teamlogos/ncaa/500/213.png,PSU,00265D,002e5c,home,true,81,135,Golden Gophers,Minnesota,Minnesota Golden Gophers,MINN,https://a.espncdn.com/i/teamlogos/ncaa/500/135.png,981a31,981a31,68
250300213,2005,2,2005-01-30,2005-01-30T13:00:00.000000-0500,3748,Amanda Brown,213,Lady Lions,Penn State,Penn State,,2,2,1,1,0,1,0,2,2,0,0,0,0,4,5,true,false,false,true,,A. Brown,,Not Available,NA,Penn State Lady Lions,s:40~l:54~t:213,penn-state-lady-lions,https://a.espncdn.com/i/teamlogos/ncaa/500/213.png,PSU,00265D,002e5c,home,true,81,135,Golden Gophers,Minnesota,Minnesota Golden Gophers,MINN,https://a.espncdn.com/i/teamlogos/ncaa/500/135.png,981a31,981a31,68
250300213,2005,2,2005-01-30,2005-01-30T13:00:00.000000-0500,3746,Jennifer Harris,213,Lady Lions,Penn State,Penn State,,2,4,1,2,2,2,0,1,1,0,0,0,0,3,7,true,false,false,true,,J. Harris,,Not Available,NA,Penn State Lady Lions,s:40~l:54~t:213,penn-state-lady-lions,https://a.espncdn.com/i/teamlogos/ncaa/500/213.png,PSU,00265D,002e5c,home,true,81,135,Golden Gophers,Minnesota,Minnesota Golden Gophers,MINN,https://a.espncdn.com/i/teamlogos/ncaa/500/135.png,981a31,981a31,68
250300213,2005,2,2005-01-30,2005-01-30T13:00:00.000000-0500,1556,Tanisha Wright,213,Lady Lions,Penn State,Penn State,,11,16,0,1,8,9,0,1,1,0,0,0,0,4,30,true,false,false,true,,T. Wright,,Not Available,NA,Penn State Lady Lions,s:40~l:54~t:213,penn-state-lady-lions,https://a.espncdn.com/i/teamlogos/ncaa/500/213.png,PSU,00265D,002e5c,home,true,81,135,Golden Gophers,Minnesota,Minnesota Golden Gophers,MINN,https://a.espncdn.com/i/teamlogos/ncaa/500/135.png,981a31,981a31,68
250300213,2005,2,2005-01-30,2005-01-30T13:00:00.000000-0500,1555,Jess Strom,213,Lady Lions,Penn State,Penn State,,3,6,0,2,15,15,0,2,2,0,0,0,0,3,21,true,false,false,true,,J. Strom,,Not Available,NA,Penn State Lady Lions,s:40~l:54~t:213,penn-state-lady-lions,https://a.espncdn.com/i/teamlogos/ncaa/500/213.png,PSU,00265D,002e5c,home,true,81,135,Golden Gophers,Minnesota,Minnesota Golden Gophers,MINN,https://a.espncdn.com/i/teamlogos/ncaa/500/135.png,981a31,981a31,68
250240153,2005,2,2005-01-24,2005-01-24T19:30:00.000000-0500,3713,Alison Bales,150,Blue Devils,Duke,Duke,,0,2,0,0,1,6,2,4,6,0,0,0,0,2,1,true,false,false,true,,A. Bales,,Not Available,NA,Duke Blue Devils,s:40~l:54~t:150,duke-blue-devils,https://a.espncdn.com/i/teamlogos/ncaa/500/150.png,DUKE,013088,ffffff,away,false,51,153,Tar Heels,North Carolina,North Carolina Tar Heels,UNC,https://a.espncdn.com/i/teamlogos/ncaa/500/153.png,7bafd4,13294b,56
250240153,2005,2,2005-01-24,2005-01-24T19:30:00.000000-0500,2475,Mistie McCray Bass,150,Blue Devils,Duke,Duke,,1,2,0,0,2,2,5,1,6,0,0,0,0,2,4,true,false,false,true,,M. Bass,,Not Available,NA,Duke Blue Devils,s:40~l:54~t:150,duke-blue-devils,https://a.espncdn.com/i/teamlogos/ncaa/500/150.png,DUKE,013088,ffffff,away,false,51,153,Tar Heels,North Carolina,North Carolina Tar Heels,UNC,https://a.espncdn.com/i/teamlogos/ncaa/500/153.png,7bafd4,13294b,56
250240153,2005,2,2005-01-24,2005-01-24T19:30:00.000000-0500,438,Monique Currie,150,Blue Devils,Duke,Duke,,7,21,2,6,8,10,2,7,9,0,0,0,0,4,24,true,false,false,true,,M. Currie,,Not Available,NA,Duke Blue Devils,s:40~l:54~t:150,duke-blue-devils,https://a.espncdn.com/i/teamlogos/ncaa/500/150.png,DUKE,013088,ffffff,away,false,51,153,Tar Heels,North Carolina,North Carolina Tar Heels,UNC,https://a.espncdn.com/i/teamlogos/ncaa/500/153.png,7bafd4,13294b,56
250240153,2005,2,2005-01-24,2005-01-24T19:30:00.000000-0500,4819,Wanisha Smith,150,Blue Devils,Duke,Duke,,0,7,0,3,0,0,0,1,1,0,0,0,0,2,0,true,false,false,true,,W. Smith,,Not Available,NA,Duke Blue Devils,s:40~l:54~t:150,duke-blue-devils,https://a.espncdn.com/i/teamlogos/ncaa/500/150.png,DUKE,013088,ffffff,away,false,51,153,Tar Heels,North Carolina,North Carolina Tar Heels,UNC,https://a.espncdn.com/i/teamlogos/ncaa/500/153.png,7bafd4,13294b,56
250240153,2005,2,2005-01-24,2005-01-24T19:30:00.000000-0500,2631,Jessica Foley,150,Blue Devils,Duke,Duke,,4,17,3,12,2,2,2,6,8,0,0,0,0,4,13,true,false,false,true,,J. Foley,,Not Available,NA,Duke Blue Devils,s:40~l:54~t:150,duke-blue-devils,https://a.espncdn.com/i/teamlogos/ncaa/500/150.png,DUKE,013088,ffffff,away,false,51,153,Tar Heels,North Carolina,North Carolina Tar Heels,UNC,https://a.espncdn.com/i/teamlogos/ncaa/500/153.png,7bafd4,13294b,56
250240153,2005,2,2005-01-24,2005-01-24T19:30:00.000000-0500,4820,Erlana Larkins,153,Tar Heels,North Carolina,North Carolina,,3,10,0,4,0,0,1,8,9,0,0,0,0,4,6,true,false,false,true,,E. Larkins,,Not Available,NA,North Carolina Tar Heels,s:40~l:54~t:153,north-carolina-tar-heels,https://a.espncdn.com/i/teamlogos/ncaa/500/153.png,UNC,7bafd4,13294b,home,true,56,150,Blue Devils,Duke,Duke Blue Devils,DUKE,https://a.espncdn.com/i/teamlogos/ncaa/500/150.png,013088,ffffff,51
250240153,2005,2,2005-01-24,2005-01-24T19:30:00.000000-0500,3754,Camille Little,153,Tar Heels,North Carolina,North Carolina,,1,8,0,3,3,4,2,4,6,0,0,0,0,3,5,true,false,false,true,,C. Little,,Not Available,NA,North Carolina Tar Heels,s:40~l:54~t:153,north-carolina-tar-heels,https://a.espncdn.com/i/teamlogos/ncaa/500/153.png,UNC,7bafd4,13294b,home,true,56,150,Blue Devils,Duke,Duke Blue Devils,DUKE,https://a.espncdn.com/i/teamlogos/ncaa/500/150.png,013088,ffffff,51
250240153,2005,2,2005-01-24,2005-01-24T19:30:00.000000-0500,3755,Ivory Latta,153,Tar Heels,North Carolina,North Carolina,,3,16,2,8,5,5,1,4,5,0,0,0,0,1,13,true,false,false,true,,I. Latta,,Not Available,NA,North Carolina Tar Heels,s:40~l:54~t:153,north-carolina-tar-heels,https://a.espncdn.com/i/teamlogos/ncaa/500/153.png,UNC,7bafd4,13294b,home,true,56,150,Blue Devils,Duke,Duke Blue Devils,DUKE,https://a.espncdn.com/i/teamlogos/ncaa/500/150.png,013088,ffffff,51
250240153,2005,2,2005-01-24,2005-01-24T19:30:00.000000-0500,2647,La'Tangela Atkinson,153,Tar Heels,North Carolina,North Carolina,,5,8,0,1,2,4,4,5,9,0,0,0,0,4,12,true,false,false,true,,L. Atkinson,,Not Available,NA,North Carolina Tar Heels,s:40~l:54~t:153,north-carolina-tar-heels,https://a.espncdn.com/i/teamlogos/ncaa/500/153.png,UNC,7bafd4,13294b,home,true,56,150,Blue Devils,Duke,Duke Blue Devils,DUKE,https://a.espncdn.com/i/teamlogos/ncaa/500/150.png,013088,ffffff,51
250240153,2005,2,2005-01-24,2005-01-24T19:30:00.000000-0500,1400,Leah Metcalf,153,Tar Heels,North Carolina,North Carolina,,3,9,2,5,0,0,0,2,2,0,0,0,0,2,8,true,false,false,true,,L. Metcalf,,Not Available,NA,North Carolina Tar Heels,s:40~l:54~t:153,north-carolina-tar-heels,https://a.espncdn.com/i/teamlogos/ncaa/500/153.png,UNC,7bafd4,13294b,home,true,56,150,Blue Devils,Duke,Duke Blue Devils,DUKE,https://a.espncdn.com/i/teamlogos/ncaa/500/150.png,013088,ffffff,51
250230087,2005,2,2005-01-23,2005-01-23T14:00:00.000000-0500,2400,Michelle Campbell,164,Scarlet Knights,Rutgers,Rutgers,,0,3,0,0,0,0,2,0,2,0,0,0,0,2,0,true,false,false,true,,M. Campbell,,Not Available,NA,Rutgers Scarlet Knights,s:40~l:54~t:164,rutgers-scarlet-knights,https://a.espncdn.com/i/teamlogos/ncaa/500/164.png,RUTG,d21034,ffffff,away,false,47,87,Fighting Irish,Notre Dame,Notre Dame Fighting Irish,ND,https://a.espncdn.com/i/teamlogos/ncaa/500/87.png,0c2340,c99700,63
250230087,2005,2,2005-01-23,2005-01-23T14:00:00.000000-0500,4814,Essence Carson,164,Scarlet Knights,Rutgers,Rutgers,,0,0,0,0,0,0,0,0,0,0,0,0,0,2,0,true,false,false,true,,E. Carson,,Not Available,NA,Rutgers Scarlet Knights,s:40~l:54~t:164,rutgers-scarlet-knights,https://a.espncdn.com/i/teamlogos/ncaa/500/164.png,RUTG,d21034,ffffff,away,false,47,87,Fighting Irish,Notre Dame,Notre Dame Fighting Irish,ND,https://a.espncdn.com/i/teamlogos/ncaa/500/87.png,0c2340,c99700,63
250230087,2005,2,2005-01-23,2005-01-23T14:00:00.000000-0500,2853,Courtney Locke,164,Scarlet Knights,Rutgers,Rutgers,,0,2,0,1,0,0,0,0,0,0,0,0,0,1,0,true,false,false,true,,C. Locke,,Not Available,NA,Rutgers Scarlet Knights,s:40~l:54~t:164,rutgers-scarlet-knights,https://a.espncdn.com/i/teamlogos/ncaa/500/164.png,RUTG,d21034,ffffff,away,false,47,87,Fighting Irish,Notre Dame,Notre Dame Fighting Irish,ND,https://a.espncdn.com/i/teamlogos/ncaa/500/87.png,0c2340,c99700,63
250230087,2005,2,2005-01-23,2005-01-23T14:00:00.000000-0500,1694,Chelsea Newton,164,Scarlet Knights,Rutgers,Rutgers,,7,21,1,7,3,4,0,3,3,0,0,0,0,3,18,true,false,false,true,,C. Newton,,Not Available,NA,Rutgers Scarlet Knights,s:40~l:54~t:164,rutgers-scarlet-knights,https://a.espncdn.com/i/teamlogos/ncaa/500/164.png,RUTG,d21034,ffffff,away,false,47,87,Fighting Irish,Notre Dame,Notre Dame Fighting Irish,ND,https://a.espncdn.com/i/teamlogos/ncaa/500/87.png,0c2340,c99700,63
250230087,2005,2,2005-01-23,2005-01-23T14:00:00.000000-0500,1692,Nikki Jett,164,Scarlet Knights,Rutgers,Rutgers,,0,3,0,3,1,2,0,0,0,0,0,0,0,0,1,true,false,false,true,,N. Jett,,Not Available,NA,Rutgers Scarlet Knights,s:40~l:54~t:164,rutgers-scarlet-knights,https://a.espncdn.com/i/teamlogos/ncaa/500/164.png,RUTG,d21034,ffffff,away,false,47,87,Fighting Irish,Notre Dame,Notre Dame Fighting Irish,ND,https://a.espncdn.com/i/teamlogos/ncaa/500/87.png,0c2340,c99700,63
250230087,2005,2,2005-01-23,2005-01-23T14:00:00.000000-0500,1467,Teresa Borton,87,Fighting Irish,Notre Dame,Notre Dame,,1,1,0,0,2,2,0,0,0,0,0,0,0,0,4,true,false,false,true,,T. Borton,,Not Available,NA,Notre Dame Fighting Irish,s:40~l:54~t:87,notre-dame-fighting-irish,https://a.espncdn.com/i/teamlogos/ncaa/500/87.png,ND,0c2340,c99700,home,true,63,164,Scarlet Knights,Rutgers,Rutgers Scarlet Knights,RUTG,https://a.espncdn.com/i/teamlogos/ncaa/500/164.png,d21034,ffffff,47
250230087,2005,2,2005-01-23,2005-01-23T14:00:00.000000-0500,3784,Crystal Erwin,87,Fighting Irish,Notre Dame,Notre Dame,,0,1,0,0,2,4,0,4,4,0,0,0,0,2,2,true,false,false,true,,C. Erwin,,Not Available,NA,Notre Dame Fighting Irish,s:40~l:54~t:87,notre-dame-fighting-irish,https://a.espncdn.com/i/teamlogos/ncaa/500/87.png,ND,0c2340,c99700,home,true,63,164,Scarlet Knights,Rutgers,Rutgers Scarlet Knights,RUTG,https://a.espncdn.com/i/teamlogos/ncaa/500/164.png,d21034,ffffff,47
250230087,2005,2,2005-01-23,2005-01-23T14:00:00.000000-0500,1466,Jacqueline Batteast,87,Fighting Irish,Notre Dame,Notre Dame,,11,15,1,1,6,6,0,6,6,0,0,0,0,1,29,true,false,false,true,,J. Batteast,,Not Available,NA,Notre Dame Fighting Irish,s:40~l:54~t:87,notre-dame-fighting-irish,https://a.espncdn.com/i/teamlogos/ncaa/500/87.png,ND,0c2340,c99700,home,true,63,164,Scarlet Knights,Rutgers,Rutgers Scarlet Knights,RUTG,https://a.espncdn.com/i/teamlogos/ncaa/500/164.png,d21034,ffffff,47
250230087,2005,2,2005-01-23,2005-01-23T14:00:00.000000-0500,3783,Breona Gray,87,Fighting Irish,Notre Dame,Notre Dame,,1,3,0,0,2,2,1,0,1,0,0,0,0,0,4,true,false,false,true,,B. Gray,,Not Available,NA,Notre Dame Fighting Irish,s:40~l:54~t:87,notre-dame-fighting-irish,https://a.espncdn.com/i/teamlogos/ncaa/500/87.png,ND,0c2340,c99700,home,true,63,164,Scarlet Knights,Rutgers,Rutgers Scarlet Knights,RUTG,https://a.espncdn.com/i/teamlogos/ncaa/500/164.png,d21034,ffffff,47
250230087,2005,2,2005-01-23,2005-01-23T14:00:00.000000-0500,2437,Megan Duffy,87,Fighting Irish,Notre Dame,Notre Dame,,2,4,1,3,2,2,0,1,1,0,0,0,0,1,7,true,false,false,true,,M. Duffy,,Not Available,NA,Notre Dame Fighting Irish,s:40~l:54~t:87,notre-dame-fighting-irish,https://a.espncdn.com/i/teamlogos/ncaa/500/87.png,ND,0c2340,c99700,home,true,63,164,Scarlet Knights,Rutgers,Rutgers Scarlet Knights,RUTG,https://a.espncdn.com/i/teamlogos/ncaa/500/164.png,d21034,ffffff,47
250160087,2005,2,2005-01-16,2005-01-16T17:00:00.000000-0500,4807,Lindsay Wisdom-Hylton,2509,Boilermakers,Purdue,Purdue,,3,7,1,2,1,1,0,1,1,0,0,0,0,3,8,true,false,false,true,,L. Wisdom-Hylton,,Forward,F,Purdue Boilermakers,s:40~l:54~t:2509,purdue-boilermakers,https://a.espncdn.com/i/teamlogos/ncaa/500/2509.png,PUR,000000,cfb991,away,false,69,87,Fighting Irish,Notre Dame,Notre Dame Fighting Irish,ND,https://a.espncdn.com/i/teamlogos/ncaa/500/87.png,0c2340,c99700,86
250160087,2005,2,2005-01-16,2005-01-16T17:00:00.000000-0500,1620,Emily Heikes,2509,Boilermakers,Purdue,Purdue,,4,7,0,0,2,2,3,3,6,0,0,0,0,2,10,true,false,false,true,,E. Heikes,,Not Available,NA,Purdue Boilermakers,s:40~l:54~t:2509,purdue-boilermakers,https://a.espncdn.com/i/teamlogos/ncaa/500/2509.png,PUR,000000,cfb991,away,false,69,87,Fighting Irish,Notre Dame,Notre Dame Fighting Irish,ND,https://a.espncdn.com/i/teamlogos/ncaa/500/87.png,0c2340,c99700,86
250160087,2005,2,2005-01-16,2005-01-16T17:00:00.000000-0500,3724,Erin Lawless,2509,Boilermakers,Purdue,Purdue,,7,9,3,3,1,1,1,2,3,0,0,0,0,1,18,true,false,false,true,,E. Lawless,,Not Available,NA,Purdue Boilermakers,s:40~l:54~t:2509,purdue-boilermakers,https://a.espncdn.com/i/teamlogos/ncaa/500/2509.png,PUR,000000,cfb991,away,false,69,87,Fighting Irish,Notre Dame,Notre Dame Fighting Irish,ND,https://a.espncdn.com/i/teamlogos/ncaa/500/87.png,0c2340,c99700,86
250160087,2005,2,2005-01-16,2005-01-16T17:00:00.000000-0500,4808,Brina Pollack,2509,Boilermakers,Purdue,Purdue,,2,3,0,0,0,0,0,0,0,0,0,0,0,1,4,true,false,false,true,,B. Pollack,,Not Available,NA,Purdue Boilermakers,s:40~l:54~t:2509,purdue-boilermakers,https://a.espncdn.com/i/teamlogos/ncaa/500/2509.png,PUR,000000,cfb991,away,false,69,87,Fighting Irish,Notre Dame,Notre Dame Fighting Irish,ND,https://a.espncdn.com/i/teamlogos/ncaa/500/87.png,0c2340,c99700,86
250160087,2005,2,2005-01-16,2005-01-16T17:00:00.000000-0500,3726,Katie Gearlds,2509,Boilermakers,Purdue,Purdue,,5,13,0,4,4,4,0,2,2,0,0,0,0,0,14,true,false,false,true,,K. Gearlds,,Not Available,NA,Purdue Boilermakers,s:40~l:54~t:2509,purdue-boilermakers,https://a.espncdn.com/i/teamlogos/ncaa/500/2509.png,PUR,000000,cfb991,away,false,69,87,Fighting Irish,Notre Dame,Notre Dame Fighting Irish,ND,https://a.espncdn.com/i/teamlogos/ncaa/500/87.png,0c2340,c99700,86
250160087,2005,2,2005-01-16,2005-01-16T17:00:00.000000-0500,1467,Teresa Borton,87,Fighting Irish,Notre Dame,Notre Dame,,7,8,0,0,1,2,4,2,6,0,0,0,0,2,15,true,false,false,true,,T. Borton,,Not Available,NA,Notre Dame Fighting Irish,s:40~l:54~t:87,notre-dame-fighting-irish,https://a.espncdn.com/i/teamlogos/ncaa/500/87.png,ND,0c2340,c99700,home,true,86,2509,Boilermakers,Purdue,Purdue Boilermakers,PUR,https://a.espncdn.com/i/teamlogos/ncaa/500/2509.png,000000,cfb991,69
250160087,2005,2,2005-01-16,2005-01-16T17:00:00.000000-0500,3784,Crystal Erwin,87,Fighting Irish,Notre Dame,Notre Dame,,1,3,0,0,0,0,0,1,1,0,0,0,0,2,2,true,false,false,true,,C. Erwin,,Not Available,NA,Notre Dame Fighting Irish,s:40~l:54~t:87,notre-dame-fighting-irish,https://a.espncdn.com/i/teamlogos/ncaa/500/87.png,ND,0c2340,c99700,home,true,86,2509,Boilermakers,Purdue,Purdue Boilermakers,PUR,https://a.espncdn.com/i/teamlogos/ncaa/500/2509.png,000000,cfb991,69
250160087,2005,2,2005-01-16,2005-01-16T17:00:00.000000-0500,1466,Jacqueline Batteast,87,Fighting Irish,Notre Dame,Notre Dame,,7,15,1,2,6,7,2,6,8,0,0,0,0,2,21,true,false,false,true,,J. Batteast,,Not Available,NA,Notre Dame Fighting Irish,s:40~l:54~t:87,notre-dame-fighting-irish,https://a.espncdn.com/i/teamlogos/ncaa/500/87.png,ND,0c2340,c99700,home,true,86,2509,Boilermakers,Purdue,Purdue Boilermakers,PUR,https://a.espncdn.com/i/teamlogos/ncaa/500/2509.png,000000,cfb991,69
250160087,2005,2,2005-01-16,2005-01-16T17:00:00.000000-0500,3783,Breona Gray,87,Fighting Irish,Notre Dame,Notre Dame,,3,5,1,1,0,0,0,2,2,0,0,0,0,2,7,true,false,false,true,,B. Gray,,Not Available,NA,Notre Dame Fighting Irish,s:40~l:54~t:87,notre-dame-fighting-irish,https://a.espncdn.com/i/teamlogos/ncaa/500/87.png,ND,0c2340,c99700,home,true,86,2509,Boilermakers,Purdue,Purdue Boilermakers,PUR,https://a.espncdn.com/i/teamlogos/ncaa/500/2509.png,000000,cfb991,69
250160087,2005,2,2005-01-16,2005-01-16T17:00:00.000000-0500,2437,Megan Duffy,87,Fighting Irish,Notre Dame,Notre Dame,,5,7,4,5,8,8,0,1,1,0,0,0,0,1,22,true,false,false,true,,M. Duffy,,Not Available,NA,Notre Dame Fighting Irish,s:40~l:54~t:87,notre-dame-fighting-irish,https://a.espncdn.com/i/teamlogos/ncaa/500/87.png,ND,0c2340,c99700,home,true,86,2509,Boilermakers,Purdue,Purdue Boilermakers,PUR,https://a.espncdn.com/i/teamlogos/ncaa/500/2509.png,000000,cfb991,69
