game_id,season,season_type,game_date,game_date_time,athlete_id,athlete_display_name,team_id,team_name,team_location,team_short_display_name,minutes,field_goals_made,field_goals_attempted,three_point_field_goals_made,three_point_field_goals_attempted,free_throws_made,free_throws_attempted,offensive_rebounds,defensive_rebounds,rebounds,assists,steals,blocks,turnovers,fouls,points,starter,ejected,did_not_play,active,athlete_jersey,athlete_short_name,athlete_headshot_href,athlete_position_name,athlete_position_abbreviation,team_display_name,team_uid,team_slug,team_logo,team_abbreviation,team_color,team_alternate_color,home_away,team_winner,team_score,opponent_team_id,opponent_team_name,opponent_team_location,opponent_team_display_name,opponent_team_abbreviation,opponent_team_logo,opponent_team_color,opponent_team_alternate_color,opponent_team_score
264000010,2006,3,2006-03-20,2006-03-20T19:00:00.000000-0500,2399,Jana Francis,167,Lobos,New Mexico,New Mexico,0.0,1,5,0,0,0,0,1,3,4,0,0,0,0,2,2,true,false,false,true,,J. Francis,,Not Available,NA,New Mexico Lobos,s:40~l:54~t:167,new-mexico-lobos,https://a.espncdn.com/i/teamlogos/ncaa/500/167.png,UNM,000000,231f20,away,false,67,239,Bears,Baylor,Baylor Bears,BAY,https://a.espncdn.com/i/teamlogos/ncaa/500/239.png,154734,ffb81c,87
264000010,2006,3,2006-03-20,2006-03-20T19:00:00.000000-0500,4868,Dionne Marsh,167,Lobos,New Mexico,New Mexico,0.0,10,20,1,1,4,5,0,6,6,0,0,0,0,1,25,true,false,false,true,,D. Marsh,,Not Available,NA,New Mexico Lobos,s:40~l:54~t:167,new-mexico-lobos,https://a.espncdn.com/i/teamlogos/ncaa/500/167.png,UNM,000000,231f20,away,false,67,239,Bears,Baylor,Baylor Bears,BAY,https://a.espncdn.com/i/teamlogos/ncaa/500/239.png,154734,ffb81c,87
264000010,2006,3,2006-03-20,2006-03-20T19:00:00.000000-0500,3792,Julie Briody,167,Lobos,New Mexico,New Mexico,0.0,4,6,3,4,8,8,1,2,3,0,0,0,0,2,19,true,false,false,true,,J. Briody,,Not Available,NA,New Mexico Lobos,s:40~l:54~t:167,new-mexico-lobos,https://a.espncdn.com/i/teamlogos/ncaa/500/167.png,UNM,000000,231f20,away,false,67,239,Bears,Baylor,Baylor Bears,BAY,https://a.espncdn.com/i/teamlogos/ncaa/500/239.png,154734,ffb81c,87
264000010,2006,3,2006-03-20,2006-03-20T19:00:00.000000-0500,3789,Katie Montgomery,167,Lobos,New Mexico,New Mexico,0.0,1,6,1,4,1,2,1,2,3,0,0,0,0,1,4,true,false,false,true,,K. Montgomery,,Not Available,NA,New Mexico Lobos,s:40~l:54~t:167,new-mexico-lobos,https://a.espncdn.com/i/teamlogos/ncaa/500/167.png,UNM,000000,231f20,away,false,67,239,Bears,Baylor,Baylor Bears,BAY,https://a.espncdn.com/i/teamlogos/ncaa/500/239.png,154734,ffb81c,87
264000010,2006,3,2006-03-20,2006-03-20T19:00:00.000000-0500,2398,Abbie Letz,167,Lobos,New Mexico,New Mexico,0.0,4,9,1,1,4,6,1,1,2,0,0,0,0,4,13,true,false,false,true,,A. Letz,,Not Available,NA,New Mexico Lobos,s:40~l:54~t:167,new-mexico-lobos,https://a.espncdn.com/i/teamlogos/ncaa/500/167.png,UNM,000000,231f20,away,false,67,239,Bears,Baylor,Baylor Bears,BAY,https://a.espncdn.com/i/teamlogos/ncaa/500/239.png,154734,ffb81c,87
264000010,2006,3,2006-03-20,2006-03-20T19:00:00.000000-0500,5095,Jessica Morrow,239,Bears,Baylor,Baylor,0.0,6,14,3,6,1,2,1,1,2,0,0,0,0,2,16,true,false,false,true,3  ,J. Morrow,,Guard,G,Baylor Bears,s:40~l:54~t:239,baylor-bears,https://a.espncdn.com/i/teamlogos/ncaa/500/239.png,BAY,154734,ffb81c,home,true,87,167,Lobos,New Mexico,New Mexico Lobos,UNM,https://a.espncdn.com/i/teamlogos/ncaa/500/167.png,000000,231f20,67
264000010,2006,3,2006-03-20,2006-03-20T19:00:00.000000-0500,2719,Abiola Wabara,239,Bears,Baylor,Baylor,0.0,6,8,0,0,0,0,1,2,3,0,0,0,0,5,12,true,false,false,true,,A. Wabara,,Not Available,NA,Baylor Bears,s:40~l:54~t:239,baylor-bears,https://a.espncdn.com/i/teamlogos/ncaa/500/239.png,BAY,154734,ffb81c,home,true,87,167,Lobos,New Mexico,New Mexico Lobos,UNM,https://a.espncdn.com/i/teamlogos/ncaa/500/167.png,000000,231f20,67
264000010,2006,3,2006-03-20,2006-03-20T19:00:00.000000-0500,2428,Sophia Young-Malcolm,239,Bears,Baylor,Baylor,0.0,7,16,0,0,7,8,7,6,13,0,0,0,0,2,21,true,false,false,true,,S. Young-Malcolm,,Not Available,NA,Baylor Bears,s:40~l:54~t:239,baylor-bears,https://a.espncdn.com/i/teamlogos/ncaa/500/239.png,BAY,154734,ffb81c,home,true,87,167,Lobos,New Mexico,New Mexico Lobos,UNM,https://a.espncdn.com/i/teamlogos/ncaa/500/167.png,000000,231f20,67
264000010,2006,3,2006-03-20,2006-03-20T19:00:00.000000-0500,4939,Angela Tisdale,239,Bears,Baylor,Baylor,0.0,3,7,1,2,0,0,0,1,1,0,0,0,0,2,7,true,false,false,true,,A. Tisdale,,Not Available,NA,Baylor Bears,s:40~l:54~t:239,baylor-bears,https://a.espncdn.com/i/teamlogos/ncaa/500/239.png,BAY,154734,ffb81c,home,true,87,167,Lobos,New Mexico,New Mexico Lobos,UNM,https://a.espncdn.com/i/teamlogos/ncaa/500/167.png,000000,231f20,67
264000010,2006,3,2006-03-20,2006-03-20T19:00:00.000000-0500,2427,Chameka Scott,239,Bears,Baylor,Baylor,0.0,3,9,1,5,0,0,2,3,5,0,0,0,0,4,7,true,false,false,true,,C. Scott,,Not Available,NA,Baylor Bears,s:40~l:54~t:239,baylor-bears,https://a.espncdn.com/i/teamlogos/ncaa/500/239.png,BAY,154734,ffb81c,home,true,87,167,Lobos,New Mexico,New Mexico Lobos,UNM,https://a.espncdn.com/i/teamlogos/ncaa/500/167.png,000000,231f20,67
264000004,2006,3,2006-03-18,2006-03-18T13:00:00.000000-0500,4449,Krystle Horton,2393,Blue Raiders,Middle Tennessee,MTSU,0.0,4,8,0,0,2,4,3,2,5,0,0,0,0,2,10,true,false,false,true,,K. Horton,,Not Available,NA,Middle Tennessee Blue Raiders,s:40~l:54~t:2393,middle-tennessee-blue-raiders,https://a.espncdn.com/i/teamlogos/ncaa/500/2393.png,MTSU,006db6,ffffff,away,false,71,254,Utes,Utah,Utah Utes,UTAH,https://a.espncdn.com/i/teamlogos/ncaa/500/254.png,890012,7e8083,76
264000004,2006,3,2006-03-18,2006-03-18T13:00:00.000000-0500,3030,Tia Stovall,2393,Blue Raiders,Middle Tennessee,MTSU,0.0,5,12,0,1,0,0,1,3,4,0,0,0,0,4,10,true,false,false,true,,T. Stovall,,Not Available,NA,Middle Tennessee Blue Raiders,s:40~l:54~t:2393,middle-tennessee-blue-raiders,https://a.espncdn.com/i/teamlogos/ncaa/500/2393.png,MTSU,006db6,ffffff,away,false,71,254,Utes,Utah,Utah Utes,UTAH,https://a.espncdn.com/i/teamlogos/ncaa/500/254.png,890012,7e8083,76
264000004,2006,3,2006-03-18,2006-03-18T13:00:00.000000-0500,5573,LaCondra Mason,2393,Blue Raiders,Middle Tennessee,MTSU,0.0,1,2,1,2,0,0,0,1,1,0,0,0,0,1,3,true,false,false,true,,L. Mason,,Not Available,NA,Middle Tennessee Blue Raiders,s:40~l:54~t:2393,middle-tennessee-blue-raiders,https://a.espncdn.com/i/teamlogos/ncaa/500/2393.png,MTSU,006db6,ffffff,away,false,71,254,Utes,Utah,Utah Utes,UTAH,https://a.espncdn.com/i/teamlogos/ncaa/500/254.png,890012,7e8083,76
264000004,2006,3,2006-03-18,2006-03-18T13:00:00.000000-0500,5572,Johnna Abney,2393,Blue Raiders,Middle Tennessee,MTSU,0.0,5,9,5,9,0,0,0,2,2,0,0,0,0,3,15,true,false,false,true,,J. Abney,,Not Available,NA,Middle Tennessee Blue Raiders,s:40~l:54~t:2393,middle-tennessee-blue-raiders,https://a.espncdn.com/i/teamlogos/ncaa/500/2393.png,MTSU,006db6,ffffff,away,false,71,254,Utes,Utah,Utah Utes,UTAH,https://a.espncdn.com/i/teamlogos/ncaa/500/254.png,890012,7e8083,76
264000004,2006,3,2006-03-18,2006-03-18T13:00:00.000000-0500,4452,Chrissy Givens,2393,Blue Raiders,Middle Tennessee,MTSU,0.0,11,22,2,5,1,4,2,5,7,0,0,0,0,2,25,true,false,false,true,,C. Givens,,Not Available,NA,Middle Tennessee Blue Raiders,s:40~l:54~t:2393,middle-tennessee-blue-raiders,https://a.espncdn.com/i/teamlogos/ncaa/500/2393.png,MTSU,006db6,ffffff,away,false,71,254,Utes,Utah,Utah Utes,UTAH,https://a.espncdn.com/i/teamlogos/ncaa/500/254.png,890012,7e8083,76
264000004,2006,3,2006-03-18,2006-03-18T13:00:00.000000-0500,4869,Jessica Perry,254,Utes,Utah,Utah,0.0,6,10,0,1,2,3,4,6,10,0,0,0,0,1,14,true,false,false,true,,J. Perry,,Not Available,NA,Utah Utes,s:40~l:54~t:254,utah-utes,https://a.espncdn.com/i/teamlogos/ncaa/500/254.png,UTAH,890012,7e8083,home,true,76,2393,Blue Raiders,Middle Tennessee,Middle Tennessee Blue Raiders,MTSU,https://a.espncdn.com/i/teamlogos/ncaa/500/2393.png,006db6,ffffff,71
264000004,2006,3,2006-03-18,2006-03-18T13:00:00.000000-0500,2458,Kim Smith,254,Utes,Utah,Utah,0.0,5,15,1,3,2,3,3,6,9,0,0,0,0,2,13,true,false,false,true,,K. Smith,,Not Available,NA,Utah Utes,s:40~l:54~t:254,utah-utes,https://a.espncdn.com/i/teamlogos/ncaa/500/254.png,UTAH,890012,7e8083,home,true,76,2393,Blue Raiders,Middle Tennessee,Middle Tennessee Blue Raiders,MTSU,https://a.espncdn.com/i/teamlogos/ncaa/500/2393.png,006db6,ffffff,71
264000004,2006,3,2006-03-18,2006-03-18T13:00:00.000000-0500,5311,Julie Larsen,254,Utes,Utah,Utah,0.0,2,6,1,4,4,4,0,3,3,0,0,0,0,2,9,true,false,false,true,,J. Larsen,,Not Available,NA,Utah Utes,s:40~l:54~t:254,utah-utes,https://a.espncdn.com/i/teamlogos/ncaa/500/254.png,UTAH,890012,7e8083,home,true,76,2393,Blue Raiders,Middle Tennessee,Middle Tennessee Blue Raiders,MTSU,https://a.espncdn.com/i/teamlogos/ncaa/500/2393.png,006db6,ffffff,71
264000004,2006,3,2006-03-18,2006-03-18T13:00:00.000000-0500,3818,Heidi Carlsen,254,Utes,Utah,Utah,0.0,5,10,2,4,1,1,0,1,1,0,0,0,0,1,13,true,false,false,true,,H. Carlsen,,Not Available,NA,Utah Utes,s:40~l:54~t:254,utah-utes,https://a.espncdn.com/i/teamlogos/ncaa/500/254.png,UTAH,890012,7e8083,home,true,76,2393,Blue Raiders,Middle Tennessee,Middle Tennessee Blue Raiders,MTSU,https://a.espncdn.com/i/teamlogos/ncaa/500/2393.png,006db6,ffffff,71
264000004,2006,3,2006-03-18,2006-03-18T13:00:00.000000-0500,2153,Shona Thorburn,254,Utes,Utah,Utah,0.0,6,12,1,3,8,8,1,7,8,0,0,0,0,1,21,true,false,false,true,,S. Thorburn,,Not Available,NA,Utah Utes,s:40~l:54~t:254,utah-utes,https://a.espncdn.com/i/teamlogos/ncaa/500/254.png,UTAH,890012,7e8083,home,true,76,2393,Blue Raiders,Middle Tennessee,Middle Tennessee Blue Raiders,MTSU,https://a.espncdn.com/i/teamlogos/ncaa/500/2393.png,006db6,ffffff,71
264000005,2006,3,2006-03-18,2006-03-18T15:30:00.000000-0500,2808,Kendria Smith,2617,Ladyjacks,Stephen F. Austin,SF Austin,0.0,1,5,0,0,0,0,2,0,2,0,0,0,0,2,2,true,false,false,true,,K. Smith,,Not Available,NA,Stephen F. Austin Ladyjacks,s:40~l:54~t:2617,stephen-f-austin-ladyjacks,https://a.espncdn.com/i/teamlogos/ncaa/500/2617.png,SFA,393996,bec0c2,away,false,61,9,Sun Devils,Arizona State,Arizona State Sun Devils,ASU,https://a.espncdn.com/i/teamlogos/ncaa/500/9.png,942139,f1f2f3,80
264000005,2006,3,2006-03-18,2006-03-18T15:30:00.000000-0500,2807,LaToya Mills,2617,Ladyjacks,Stephen F. Austin,SF Austin,0.0,7,10,0,0,8,9,3,4,7,0,0,0,0,2,22,true,false,false,true,,L. Mills,,Not Available,NA,Stephen F. Austin Ladyjacks,s:40~l:54~t:2617,stephen-f-austin-ladyjacks,https://a.espncdn.com/i/teamlogos/ncaa/500/2617.png,SFA,393996,bec0c2,away,false,61,9,Sun Devils,Arizona State,Arizona State Sun Devils,ASU,https://a.espncdn.com/i/teamlogos/ncaa/500/9.png,942139,f1f2f3,80
264000005,2006,3,2006-03-18,2006-03-18T15:30:00.000000-0500,3966,Nikki Carr,2617,Ladyjacks,Stephen F. Austin,SF Austin,0.0,2,7,0,1,0,0,0,2,2,0,0,0,0,1,4,true,false,false,true,,N. Carr,,Not Available,NA,Stephen F. Austin Ladyjacks,s:40~l:54~t:2617,stephen-f-austin-ladyjacks,https://a.espncdn.com/i/teamlogos/ncaa/500/2617.png,SFA,393996,bec0c2,away,false,61,9,Sun Devils,Arizona State,Arizona State Sun Devils,ASU,https://a.espncdn.com/i/teamlogos/ncaa/500/9.png,942139,f1f2f3,80
264000005,2006,3,2006-03-18,2006-03-18T15:30:00.000000-0500,2809,Britany Vinson,2617,Ladyjacks,Stephen F. Austin,SF Austin,0.0,2,7,0,3,0,0,0,0,0,0,0,0,0,1,4,true,false,false,true,,B. Vinson,,Not Available,NA,Stephen F. Austin Ladyjacks,s:40~l:54~t:2617,stephen-f-austin-ladyjacks,https://a.espncdn.com/i/teamlogos/ncaa/500/2617.png,SFA,393996,bec0c2,away,false,61,9,Sun Devils,Arizona State,Arizona State Sun Devils,ASU,https://a.espncdn.com/i/teamlogos/ncaa/500/9.png,942139,f1f2f3,80
264000005,2006,3,2006-03-18,2006-03-18T15:30:00.000000-0500,2806,Kirby Killingsworth,2617,Ladyjacks,Stephen F. Austin,SF Austin,0.0,1,5,1,3,0,0,0,1,1,0,0,0,0,2,3,true,false,false,true,,K. Killingsworth,,Not Available,NA,Stephen F. Austin Ladyjacks,s:40~l:54~t:2617,stephen-f-austin-ladyjacks,https://a.espncdn.com/i/teamlogos/ncaa/500/2617.png,SFA,393996,bec0c2,away,false,61,9,Sun Devils,Arizona State,Arizona State Sun Devils,ASU,https://a.espncdn.com/i/teamlogos/ncaa/500/9.png,942139,f1f2f3,80
264000005,2006,3,2006-03-18,2006-03-18T15:30:00.000000-0500,3842,Aubree Johnson,9,Sun Devils,Arizona State,Arizona State,0.0,3,4,0,0,4,6,2,2,4,0,0,0,0,3,10,true,false,false,true,,A. Johnson,,Not Available,NA,Arizona State Sun Devils,s:40~l:54~t:9,arizona-state-sun-devils,https://a.espncdn.com/i/teamlogos/ncaa/500/9.png,ASU,942139,f1f2f3,home,true,80,2617,Ladyjacks,Stephen F. Austin,Stephen F. Austin Ladyjacks,SFA,https://a.espncdn.com/i/teamlogos/ncaa/500/2617.png,393996,bec0c2,61
264000005,2006,3,2006-03-18,2006-03-18T15:30:00.000000-0500,3841,Emily Westerberg,9,Sun Devils,Arizona State,Arizona State,0.0,2,5,0,0,0,0,1,2,3,0,0,0,0,1,4,true,false,false,true,,E. Westerberg,,Not Available,NA,Arizona State Sun Devils,s:40~l:54~t:9,arizona-state-sun-devils,https://a.espncdn.com/i/teamlogos/ncaa/500/9.png,ASU,942139,f1f2f3,home,true,80,2617,Ladyjacks,Stephen F. Austin,Stephen F. Austin Ladyjacks,SFA,https://a.espncdn.com/i/teamlogos/ncaa/500/2617.png,393996,bec0c2,61
264000005,2006,3,2006-03-18,2006-03-18T15:30:00.000000-0500,2402,Kristen Kovesdy,9,Sun Devils,Arizona State,Arizona State,0.0,8,11,0,0,4,4,2,8,10,0,0,0,0,0,20,true,false,false,true,,K. Kovesdy,,Not Available,NA,Arizona State Sun Devils,s:40~l:54~t:9,arizona-state-sun-devils,https://a.espncdn.com/i/teamlogos/ncaa/500/9.png,ASU,942139,f1f2f3,home,true,80,2617,Ladyjacks,Stephen F. Austin,Stephen F. Austin Ladyjacks,SFA,https://a.espncdn.com/i/teamlogos/ncaa/500/2617.png,393996,bec0c2,61
264000005,2006,3,2006-03-18,2006-03-18T15:30:00.000000-0500,4928,Reagan Pariseau,9,Sun Devils,Arizona State,Arizona State,0.0,0,3,0,2,2,2,1,1,2,0,0,0,0,1,2,true,false,false,true,,R. Pariseau,,Not Available,NA,Arizona State Sun Devils,s:40~l:54~t:9,arizona-state-sun-devils,https://a.espncdn.com/i/teamlogos/ncaa/500/9.png,ASU,942139,f1f2f3,home,true,80,2617,Ladyjacks,Stephen F. Austin,Stephen F. Austin Ladyjacks,SFA,https://a.espncdn.com/i/teamlogos/ncaa/500/2617.png,393996,bec0c2,61
264000005,2006,3,2006-03-18,2006-03-18T15:30:00.000000-0500,2403,Jill Noe,9,Sun Devils,Arizona State,Arizona State,0.0,3,6,0,2,1,1,1,4,5,0,0,0,0,3,7,true,false,false,true,,J. Noe,,Not Available,NA,Arizona State Sun Devils,s:40~l:54~t:9,arizona-state-sun-devils,https://a.espncdn.com/i/teamlogos/ncaa/500/9.png,ASU,942139,f1f2f3,home,true,80,2617,Ladyjacks,Stephen F. Austin,Stephen F. Austin Ladyjacks,SFA,https://a.espncdn.com/i/teamlogos/ncaa/500/2617.png,393996,bec0c2,61
264000008,2006,3,2006-03-18,2006-03-18T22:30:00.000000-0500,2399,Jana Francis,167,Lobos,New Mexico,New Mexico,0.0,10,15,1,4,4,5,1,4,5,0,0,0,0,1,25,true,false,false,true,,J. Francis,,Not Available,NA,New Mexico Lobos,s:40~l:54~t:167,new-mexico-lobos,https://a.espncdn.com/i/teamlogos/ncaa/500/167.png,UNM,000000,231f20,away,true,83,57,Gators,Florida,Florida Gators,FLA,https://a.espncdn.com/i/teamlogos/ncaa/500/57.png,0021a5,fa4616,59
264000008,2006,3,2006-03-18,2006-03-18T22:30:00.000000-0500,4868,Dionne Marsh,167,Lobos,New Mexico,New Mexico,0.0,5,13,0,1,8,10,3,4,7,0,0,0,0,2,18,true,false,false,true,,D. Marsh,,Not Available,NA,New Mexico Lobos,s:40~l:54~t:167,new-mexico-lobos,https://a.espncdn.com/i/teamlogos/ncaa/500/167.png,UNM,000000,231f20,away,true,83,57,Gators,Florida,Florida Gators,FLA,https://a.espncdn.com/i/teamlogos/ncaa/500/57.png,0021a5,fa4616,59
264000008,2006,3,2006-03-18,2006-03-18T22:30:00.000000-0500,5049,Brandi Kimble,167,Lobos,New Mexico,New Mexico,0.0,0,2,0,2,3,4,0,2,2,0,0,0,0,0,3,true,false,false,true,,B. Kimble,,Not Available,NA,New Mexico Lobos,s:40~l:54~t:167,new-mexico-lobos,https://a.espncdn.com/i/teamlogos/ncaa/500/167.png,UNM,000000,231f20,away,true,83,57,Gators,Florida,Florida Gators,FLA,https://a.espncdn.com/i/teamlogos/ncaa/500/57.png,0021a5,fa4616,59
264000008,2006,3,2006-03-18,2006-03-18T22:30:00.000000-0500,3789,Katie Montgomery,167,Lobos,New Mexico,New Mexico,0.0,7,10,4,7,3,4,3,4,7,0,0,0,0,3,21,true,false,false,true,,K. Montgomery,,Not Available,NA,New Mexico Lobos,s:40~l:54~t:167,new-mexico-lobos,https://a.espncdn.com/i/teamlogos/ncaa/500/167.png,UNM,000000,231f20,away,true,83,57,Gators,Florida,Florida Gators,FLA,https://a.espncdn.com/i/teamlogos/ncaa/500/57.png,0021a5,fa4616,59
264000008,2006,3,2006-03-18,2006-03-18T22:30:00.000000-0500,2398,Abbie Letz,167,Lobos,New Mexico,New Mexico,0.0,2,8,1,6,0,0,1,6,7,0,0,0,0,5,5,true,false,false,true,,A. Letz,,Not Available,NA,New Mexico Lobos,s:40~l:54~t:167,new-mexico-lobos,https://a.espncdn.com/i/teamlogos/ncaa/500/167.png,UNM,000000,231f20,away,true,83,57,Gators,Florida,Florida Gators,FLA,https://a.espncdn.com/i/teamlogos/ncaa/500/57.png,0021a5,fa4616,59
264000008,2006,3,2006-03-18,2006-03-18T22:30:00.000000-0500,5346,Sha Brooks,57,Gators,Florida,Florida,0.0,4,14,1,8,0,2,2,0,2,0,0,0,0,3,9,true,false,false,true,,S. Brooks,,Guard,G,Florida Gators,s:40~l:54~t:57,florida-gators,https://a.espncdn.com/i/teamlogos/ncaa/500/57.png,FLA,0021a5,fa4616,home,false,59,167,Lobos,New Mexico,New Mexico Lobos,UNM,https://a.espncdn.com/i/teamlogos/ncaa/500/167.png,000000,231f20,83
264000008,2006,3,2006-03-18,2006-03-18T22:30:00.000000-0500,2386,Dalila Eshe,57,Gators,Florida,Florida,0.0,3,11,1,4,10,10,3,3,6,0,0,0,0,3,17,true,false,false,true,,D. Eshe,,Not Available,NA,Florida Gators,s:40~l:54~t:57,florida-gators,https://a.espncdn.com/i/teamlogos/ncaa/500/57.png,FLA,0021a5,fa4616,home,false,59,167,Lobos,New Mexico,New Mexico Lobos,UNM,https://a.espncdn.com/i/teamlogos/ncaa/500/167.png,000000,231f20,83
264000008,2006,3,2006-03-18,2006-03-18T22:30:00.000000-0500,2385,Brittany Davis,57,Gators,Florida,Florida,0.0,0,3,0,1,1,3,0,3,3,0,0,0,0,4,1,true,false,false,true,,B. Davis,,Not Available,NA,Florida Gators,s:40~l:54~t:57,florida-gators,https://a.espncdn.com/i/teamlogos/ncaa/500/57.png,FLA,0021a5,fa4616,home,false,59,167,Lobos,New Mexico,New Mexico Lobos,UNM,https://a.espncdn.com/i/teamlogos/ncaa/500/167.png,000000,231f20,83
264000008,2006,3,2006-03-18,2006-03-18T22:30:00.000000-0500,2389,Danielle Santos Atkinson,57,Gators,Florida,Florida,0.0,6,13,3,7,0,0,3,3,6,0,0,0,0,4,15,true,false,false,true,,D. Santos Atkinson,,Not Available,NA,Florida Gators,s:40~l:54~t:57,florida-gators,https://a.espncdn.com/i/teamlogos/ncaa/500/57.png,FLA,0021a5,fa4616,home,false,59,167,Lobos,New Mexico,New Mexico Lobos,UNM,https://a.espncdn.com/i/teamlogos/ncaa/500/167.png,000000,231f20,83
264000008,2006,3,2006-03-18,2006-03-18T22:30:00.000000-0500,2387,Sarah Lowe,57,Gators,Florida,Florida,0.0,3,10,0,2,0,0,2,4,6,0,0,0,0,1,6,true,false,false,true,,S. Lowe,,Not Available,NA,Florida Gators,s:40~l:54~t:57,florida-gators,https://a.espncdn.com/i/teamlogos/ncaa/500/57.png,FLA,0021a5,fa4616,home,false,59,167,Lobos,New Mexico,New Mexico Lobos,UNM,https://a.espncdn.com/i/teamlogos/ncaa/500/167.png,000000,231f20,83
260710042,2006,2,2006-03-12,2006-03-12T14:00:00.000000-0500,5785,Jesyka Burks-Wiley,104,Terriers,Boston University,Boston Univ,0.0,7,11,1,1,2,3,4,6,10,0,0,0,0,4,17,true,false,false,true,,J. Burks-Wiley,,Forward,F,Boston University Terriers,s:40~l:54~t:104,boston-university-terriers,https://a.espncdn.com/i/teamlogos/ncaa/500/104.png,BU,cc0000,ffffff,away,false,56,42,Hawks,Hartford,Hartford Hawks,HART,https://a.espncdn.com/i/teamlogos/ncaa/500/42.png,d60008,000000,75
260710042,2006,2,2006-03-12,2006-03-12T14:00:00.000000-0500,5786,Christine Kinneary,104,Terriers,Boston University,Boston Univ,0.0,1,5,0,1,0,0,2,0,2,0,0,0,0,1,2,true,false,false,true,,C. Kinneary,,Guard,G,Boston University Terriers,s:40~l:54~t:104,boston-university-terriers,https://a.espncdn.com/i/teamlogos/ncaa/500/104.png,BU,cc0000,ffffff,away,false,56,42,Hawks,Hartford,Hartford Hawks,HART,https://a.espncdn.com/i/teamlogos/ncaa/500/42.png,d60008,000000,75
260710042,2006,2,2006-03-12,2006-03-12T14:00:00.000000-0500,5784,Kasey Devine,104,Terriers,Boston University,Boston Univ,0.0,1,7,0,0,3,4,2,5,7,0,0,0,0,4,5,true,false,false,true,,K. Devine,,Not Available,NA,Boston University Terriers,s:40~l:54~t:104,boston-university-terriers,https://a.espncdn.com/i/teamlogos/ncaa/500/104.png,BU,cc0000,ffffff,away,false,56,42,Hawks,Hartford,Hartford Hawks,HART,https://a.espncdn.com/i/teamlogos/ncaa/500/42.png,d60008,000000,75
260710042,2006,2,2006-03-12,2006-03-12T14:00:00.000000-0500,5787,Cheri Raffo,104,Terriers,Boston University,Boston Univ,0.0,0,8,0,3,0,0,0,1,1,0,0,0,0,3,0,true,false,false,true,,C. Raffo,,Not Available,NA,Boston University Terriers,s:40~l:54~t:104,boston-university-terriers,https://a.espncdn.com/i/teamlogos/ncaa/500/104.png,BU,cc0000,ffffff,away,false,56,42,Hawks,Hartford,Hartford Hawks,HART,https://a.espncdn.com/i/teamlogos/ncaa/500/42.png,d60008,000000,75
260710042,2006,2,2006-03-12,2006-03-12T14:00:00.000000-0500,2805,Rachael Vanderwal,104,Terriers,Boston University,Boston Univ,0.0,5,15,0,3,3,3,2,2,4,0,0,0,0,2,13,true,false,false,true,,R. Vanderwal,,Not Available,NA,Boston University Terriers,s:40~l:54~t:104,boston-university-terriers,https://a.espncdn.com/i/teamlogos/ncaa/500/104.png,BU,cc0000,ffffff,away,false,56,42,Hawks,Hartford,Hartford Hawks,HART,https://a.espncdn.com/i/teamlogos/ncaa/500/42.png,d60008,000000,75
260710042,2006,2,2006-03-12,2006-03-12T14:00:00.000000-0500,5166,Erica Beverly,42,Hawks,Hartford,Hartford,0.0,3,9,0,0,2,5,2,9,11,0,0,0,0,2,8,true,false,false,true,32 ,E. Beverly,,Forward,F,Hartford Hawks,s:40~l:54~t:42,hartford-hawks,https://a.espncdn.com/i/teamlogos/ncaa/500/42.png,HART,d60008,000000,home,true,75,104,Terriers,Boston University,Boston University Terriers,BU,https://a.espncdn.com/i/teamlogos/ncaa/500/104.png,cc0000,ffffff,56
260710042,2006,2,2006-03-12,2006-03-12T14:00:00.000000-0500,5029,Danielle Hood,42,Hawks,Hartford,Hartford,0.0,6,9,0,0,2,3,1,1,2,0,0,0,0,2,14,true,false,false,true,,D. Hood,,Not Available,NA,Hartford Hawks,s:40~l:54~t:42,hartford-hawks,https://a.espncdn.com/i/teamlogos/ncaa/500/42.png,HART,d60008,000000,home,true,75,104,Terriers,Boston University,Boston University Terriers,BU,https://a.espncdn.com/i/teamlogos/ncaa/500/104.png,cc0000,ffffff,56
260710042,2006,2,2006-03-12,2006-03-12T14:00:00.000000-0500,5028,Ikea Witt,42,Hawks,Hartford,Hartford,0.0,4,7,0,0,0,0,0,4,4,0,0,0,0,0,8,true,false,false,true,,I. Witt,,Not Available,NA,Hartford Hawks,s:40~l:54~t:42,hartford-hawks,https://a.espncdn.com/i/teamlogos/ncaa/500/42.png,HART,d60008,000000,home,true,75,104,Terriers,Boston University,Boston University Terriers,BU,https://a.espncdn.com/i/teamlogos/ncaa/500/104.png,cc0000,ffffff,56
260710042,2006,2,2006-03-12,2006-03-12T14:00:00.000000-0500,5027,Erika Messam,42,Hawks,Hartford,Hartford,0.0,7,16,1,6,2,2,0,4,4,0,0,0,0,1,17,true,false,false,true,,E. Messam,,Not Available,NA,Hartford Hawks,s:40~l:54~t:42,hartford-hawks,https://a.espncdn.com/i/teamlogos/ncaa/500/42.png,HART,d60008,000000,home,true,75,104,Terriers,Boston University,Boston University Terriers,BU,https://a.espncdn.com/i/teamlogos/ncaa/500/104.png,cc0000,ffffff,56
260710042,2006,2,2006-03-12,2006-03-12T14:00:00.000000-0500,5026,Danielle Wexler,42,Hawks,Hartford,Hartford,0.0,6,9,6,9,0,0,2,4,6,0,0,0,0,3,18,true,false,false,true,,D. Wexler,,Not Available,NA,Hartford Hawks,s:40~l:54~t:42,hartford-hawks,https://a.espncdn.com/i/teamlogos/ncaa/500/42.png,HART,d60008,000000,home,true,75,104,Terriers,Boston University,Boston University Terriers,BU,https://a.espncdn.com/i/teamlogos/ncaa/500/104.png,cc0000,ffffff,56
260710282,2006,2,2006-03-12,2006-03-12T16:05:00.000000-0500,5225,Tiff Terwelp,2623,Lady Bears,Missouri State,Missouri St,0.0,3,7,0,0,4,4,2,4,6,0,0,0,0,2,10,true,false,false,true,,T. Terwelp,,Not Available,NA,Missouri State Lady Bears,s:40~l:54~t:2623,missouri-state-lady-bears,https://a.espncdn.com/i/teamlogos/ncaa/500/2623.png,MOST,5F0000,e8e8e8,away,true,64,282,Sycamores,Indiana State,Indiana State Sycamores,INST,https://a.espncdn.com/i/teamlogos/ncaa/500/282.png,00669a,f0f0f0,55
260710282,2006,2,2006-03-12,2006-03-12T16:05:00.000000-0500,3335,Sarah Klaassen,2623,Lady Bears,Missouri State,Missouri St,0.0,5,13,1,3,2,3,2,7,9,0,0,0,0,1,13,true,false,false,true,,S. Klaassen,,Not Available,NA,Missouri State Lady Bears,s:40~l:54~t:2623,missouri-state-lady-bears,https://a.espncdn.com/i/teamlogos/ncaa/500/2623.png,MOST,5F0000,e8e8e8,away,true,64,282,Sycamores,Indiana State,Indiana State Sycamores,INST,https://a.espncdn.com/i/teamlogos/ncaa/500/282.png,00669a,f0f0f0,55
260710282,2006,2,2006-03-12,2006-03-12T16:05:00.000000-0500,3334,Hannah Kirk,2623,Lady Bears,Missouri State,Missouri St,0.0,0,3,0,0,3,7,4,1,5,0,0,0,0,1,3,true,false,false,true,,H. Kirk,,Not Available,NA,Missouri State Lady Bears,s:40~l:54~t:2623,missouri-state-lady-bears,https://a.espncdn.com/i/teamlogos/ncaa/500/2623.png,MOST,5F0000,e8e8e8,away,true,64,282,Sycamores,Indiana State,Indiana State Sycamores,INST,https://a.espncdn.com/i/teamlogos/ncaa/500/282.png,00669a,f0f0f0,55
260710282,2006,2,2006-03-12,2006-03-12T16:05:00.000000-0500,5222,Kayli Combs,2623,Lady Bears,Missouri State,Missouri St,0.0,0,3,0,3,0,0,0,1,1,0,0,0,0,0,0,true,false,false,true,,K. Combs,,Not Available,NA,Missouri State Lady Bears,s:40~l:54~t:2623,missouri-state-lady-bears,https://a.espncdn.com/i/teamlogos/ncaa/500/2623.png,MOST,5F0000,e8e8e8,away,true,64,282,Sycamores,Indiana State,Indiana State Sycamores,INST,https://a.espncdn.com/i/teamlogos/ncaa/500/282.png,00669a,f0f0f0,55
260710282,2006,2,2006-03-12,2006-03-12T16:05:00.000000-0500,3336,Kari Koch,2623,Lady Bears,Missouri State,Missouri St,0.0,4,8,0,3,9,10,0,2,2,0,0,0,0,1,17,true,false,false,true,,K. Koch,,Not Available,NA,Missouri State Lady Bears,s:40~l:54~t:2623,missouri-state-lady-bears,https://a.espncdn.com/i/teamlogos/ncaa/500/2623.png,MOST,5F0000,e8e8e8,away,true,64,282,Sycamores,Indiana State,Indiana State Sycamores,INST,https://a.espncdn.com/i/teamlogos/ncaa/500/282.png,00669a,f0f0f0,55
260710282,2006,2,2006-03-12,2006-03-12T16:05:00.000000-0500,5100,Rachel Maenpaa,282,Sycamores,Indiana State,Indiana St,0.0,2,8,0,0,3,4,4,4,8,0,0,0,0,3,7,true,false,false,true,,R. Maenpaa,,Not Available,NA,Indiana State Sycamores,s:40~l:54~t:282,indiana-state-sycamores,https://a.espncdn.com/i/teamlogos/ncaa/500/282.png,INST,00669a,f0f0f0,home,false,55,2623,Lady Bears,Missouri State,Missouri State Lady Bears,MOST,https://a.espncdn.com/i/teamlogos/ncaa/500/2623.png,5F0000,e8e8e8,64
260710282,2006,2,2006-03-12,2006-03-12T16:05:00.000000-0500,5101,Stephanie Lisch,282,Sycamores,Indiana State,Indiana St,0.0,2,8,0,0,0,0,1,0,1,0,0,0,0,5,4,true,false,false,true,,S. Lisch,,Not Available,NA,Indiana State Sycamores,s:40~l:54~t:282,indiana-state-sycamores,https://a.espncdn.com/i/teamlogos/ncaa/500/282.png,INST,00669a,f0f0f0,home,false,55,2623,Lady Bears,Missouri State,Missouri State Lady Bears,MOST,https://a.espncdn.com/i/teamlogos/ncaa/500/2623.png,5F0000,e8e8e8,64
260710282,2006,2,2006-03-12,2006-03-12T16:05:00.000000-0500,2082,Kristen Weddle,282,Sycamores,Indiana State,Indiana St,0.0,0,3,0,0,0,0,1,5,6,0,0,0,0,4,0,true,false,false,true,,K. Weddle,,Not Available,NA,Indiana State Sycamores,s:40~l:54~t:282,indiana-state-sycamores,https://a.espncdn.com/i/teamlogos/ncaa/500/282.png,INST,00669a,f0f0f0,home,false,55,2623,Lady Bears,Missouri State,Missouri State Lady Bears,MOST,https://a.espncdn.com/i/teamlogos/ncaa/500/2623.png,5F0000,e8e8e8,64
260710282,2006,2,2006-03-12,2006-03-12T16:05:00.000000-0500,5103,Lisa Verhoff,282,Sycamores,Indiana State,Indiana St,0.0,1,5,1,2,0,0,0,1,1,0,0,0,0,1,3,true,false,false,true,,L. Verhoff,,Not Available,NA,Indiana State Sycamores,s:40~l:54~t:282,indiana-state-sycamores,https://a.espncdn.com/i/teamlogos/ncaa/500/282.png,INST,00669a,f0f0f0,home,false,55,2623,Lady Bears,Missouri State,Missouri State Lady Bears,MOST,https://a.espncdn.com/i/teamlogos/ncaa/500/2623.png,5F0000,e8e8e8,64
260710282,2006,2,2006-03-12,2006-03-12T16:05:00.000000-0500,5102,Melanie Boeglin,282,Sycamores,Indiana State,Indiana St,0.0,7,20,0,4,6,6,1,2,3,0,0,0,0,4,20,true,false,false,true,,M. Boeglin,,Not Available,NA,Indiana State Sycamores,s:40~l:54~t:282,indiana-state-sycamores,https://a.espncdn.com/i/teamlogos/ncaa/500/282.png,INST,00669a,f0f0f0,home,false,55,2623,Lady Bears,Missouri State,Missouri State Lady Bears,MOST,https://a.espncdn.com/i/teamlogos/ncaa/500/2623.png,5F0000,e8e8e8,64
260702529,2006,2,2006-03-11,2006-03-11T14:00:00.000000-0500,5689,Brianna Rooney,2514,Bobcats,Quinnipiac,Quinnipiac,0.0,1,5,1,5,0,0,1,2,3,0,0,0,0,1,3,true,false,false,true,,B. Rooney,,Guard,G,Quinnipiac Bobcats,s:40~l:54~t:2514,quinnipiac-bobcats,https://a.espncdn.com/i/teamlogos/ncaa/500/2514.png,QUIN,041B43,,away,false,65,2529,Pioneers,Sacred Heart,Sacred Heart Pioneers,SHU,https://a.espncdn.com/i/teamlogos/ncaa/500/2529.png,a40012,c29472,69
260702529,2006,2,2006-03-11,2006-03-11T14:00:00.000000-0500,5688,Erin Kerner,2514,Bobcats,Quinnipiac,Quinnipiac,0.0,6,16,2,8,2,2,0,3,3,0,0,0,0,5,16,true,false,false,true,,E. Kerner,,Guard,G,Quinnipiac Bobcats,s:40~l:54~t:2514,quinnipiac-bobcats,https://a.espncdn.com/i/teamlogos/ncaa/500/2514.png,QUIN,041B43,,away,false,65,2529,Pioneers,Sacred Heart,Sacred Heart Pioneers,SHU,https://a.espncdn.com/i/teamlogos/ncaa/500/2529.png,a40012,c29472,69
260702529,2006,2,2006-03-11,2006-03-11T14:00:00.000000-0500,5687,Kathleen Pennewell,2514,Bobcats,Quinnipiac,Quinnipiac,0.0,1,3,0,0,0,0,0,1,1,0,0,0,0,1,2,true,false,false,true,,K. Pennewell,,Not Available,NA,Quinnipiac Bobcats,s:40~l:54~t:2514,quinnipiac-bobcats,https://a.espncdn.com/i/teamlogos/ncaa/500/2514.png,QUIN,041B43,,away,false,65,2529,Pioneers,Sacred Heart,Sacred Heart Pioneers,SHU,https://a.espncdn.com/i/teamlogos/ncaa/500/2529.png,a40012,c29472,69
260702529,2006,2,2006-03-11,2006-03-11T14:00:00.000000-0500,5686,Charmaine Steele,2514,Bobcats,Quinnipiac,Quinnipiac,0.0,0,1,0,0,0,0,0,3,3,0,0,0,0,2,0,true,false,false,true,,C. Steele,,Not Available,NA,Quinnipiac Bobcats,s:40~l:54~t:2514,quinnipiac-bobcats,https://a.espncdn.com/i/teamlogos/ncaa/500/2514.png,QUIN,041B43,,away,false,65,2529,Pioneers,Sacred Heart,Sacred Heart Pioneers,SHU,https://a.espncdn.com/i/teamlogos/ncaa/500/2529.png,a40012,c29472,69
260702529,2006,2,2006-03-11,2006-03-11T14:00:00.000000-0500,5685,Monique Lee,2514,Bobcats,Quinnipiac,Quinnipiac,0.0,7,13,1,1,8,9,1,1,2,0,0,0,0,1,23,true,false,false,true,,M. Lee,,Not Available,NA,Quinnipiac Bobcats,s:40~l:54~t:2514,quinnipiac-bobcats,https://a.espncdn.com/i/teamlogos/ncaa/500/2514.png,QUIN,041B43,,away,false,65,2529,Pioneers,Sacred Heart,Sacred Heart Pioneers,SHU,https://a.espncdn.com/i/teamlogos/ncaa/500/2529.png,a40012,c29472,69
260702529,2006,2,2006-03-11,2006-03-11T14:00:00.000000-0500,4540,Jasmine Walker,2529,Pioneers,Sacred Heart,Sacred Heart,0.0,1,6,0,0,5,6,3,13,16,0,0,0,0,5,7,true,false,false,true,,J. Walker,,Not Available,NA,Sacred Heart Pioneers,s:40~l:54~t:2529,sacred-heart-pioneers,https://a.espncdn.com/i/teamlogos/ncaa/500/2529.png,SHU,a40012,c29472,home,true,69,2514,Bobcats,Quinnipiac,Quinnipiac Bobcats,QUIN,https://a.espncdn.com/i/teamlogos/ncaa/500/2514.png,041B43,,65
260702529,2006,2,2006-03-11,2006-03-11T14:00:00.000000-0500,4538,Mary Rush,2529,Pioneers,Sacred Heart,Sacred Heart,0.0,2,5,0,1,1,1,2,0,2,0,0,0,0,1,5,true,false,false,true,,M. Rush,,Not Available,NA,Sacred Heart Pioneers,s:40~l:54~t:2529,sacred-heart-pioneers,https://a.espncdn.com/i/teamlogos/ncaa/500/2529.png,SHU,a40012,c29472,home,true,69,2514,Bobcats,Quinnipiac,Quinnipiac Bobcats,QUIN,https://a.espncdn.com/i/teamlogos/ncaa/500/2514.png,041B43,,65
260702529,2006,2,2006-03-11,2006-03-11T14:00:00.000000-0500,5690,Nicolle Rubino,2529,Pioneers,Sacred Heart,Sacred Heart,0.0,5,15,1,4,2,2,2,3,5,0,0,0,0,2,13,true,false,false,true,,N. Rubino,,Not Available,NA,Sacred Heart Pioneers,s:40~l:54~t:2529,sacred-heart-pioneers,https://a.espncdn.com/i/teamlogos/ncaa/500/2529.png,SHU,a40012,c29472,home,true,69,2514,Bobcats,Quinnipiac,Quinnipiac Bobcats,QUIN,https://a.espncdn.com/i/teamlogos/ncaa/500/2514.png,041B43,,65
260702529,2006,2,2006-03-11,2006-03-11T14:00:00.000000-0500,4535,Amanda Pape,2529,Pioneers,Sacred Heart,Sacred Heart,0.0,6,23,0,1,13,14,9,4,13,0,0,0,0,3,25,true,false,false,true,,A. Pape,,Not Available,NA,Sacred Heart Pioneers,s:40~l:54~t:2529,sacred-heart-pioneers,https://a.espncdn.com/i/teamlogos/ncaa/500/2529.png,SHU,a40012,c29472,home,true,69,2514,Bobcats,Quinnipiac,Quinnipiac Bobcats,QUIN,https://a.espncdn.com/i/teamlogos/ncaa/500/2514.png,041B43,,65
260702529,2006,2,2006-03-11,2006-03-11T14:00:00.000000-0500,4529,Kerri Burke,2529,Pioneers,Sacred Heart,Sacred Heart,0.0,0,5,0,3,6,8,1,3,4,0,0,0,0,1,6,true,false,false,true,,K. Burke,,Not Available,NA,Sacred Heart Pioneers,s:40~l:54~t:2529,sacred-heart-pioneers,https://a.espncdn.com/i/teamlogos/ncaa/500/2529.png,SHU,a40012,c29472,home,true,69,2514,Bobcats,Quinnipiac,Quinnipiac Bobcats,QUIN,https://a.espncdn.com/i/teamlogos/ncaa/500/2514.png,041B43,,65
260702226,2006,2,2006-03-11,2006-03-11T14:00:00.000000-0500,5696,Brittany Harmon,2241,Runnin' Bulldogs,Gardner-Webb,Gardner-Webb,0.0,2,5,0,0,4,4,1,4,5,0,0,0,0,3,8,true,false,false,true,,B. Harmon,,Not Available,NA,Gardner-Webb Runnin' Bulldogs,s:40~l:54~t:2241,gardner-webb-runnin-bulldogs,https://a.espncdn.com/i/teamlogos/ncaa/500/2241.png,GWEB,c12535,909090,away,false,63,2226,Owls,Florida Atlantic,Florida Atlantic Owls,FAU,https://a.espncdn.com/i/teamlogos/ncaa/500/2226.png,004B85,bb2f4c,74
260702226,2006,2,2006-03-11,2006-03-11T14:00:00.000000-0500,5695,Shameka Smith,2241,Runnin' Bulldogs,Gardner-Webb,Gardner-Webb,0.0,6,10,0,0,7,8,8,7,15,0,0,0,0,3,19,true,false,false,true,,S. Smith,,Not Available,NA,Gardner-Webb Runnin' Bulldogs,s:40~l:54~t:2241,gardner-webb-runnin-bulldogs,https://a.espncdn.com/i/teamlogos/ncaa/500/2241.png,GWEB,c12535,909090,away,false,63,2226,Owls,Florida Atlantic,Florida Atlantic Owls,FAU,https://a.espncdn.com/i/teamlogos/ncaa/500/2226.png,004B85,bb2f4c,74
260702226,2006,2,2006-03-11,2006-03-11T14:00:00.000000-0500,5699,Brooke Wilkinson,2241,Runnin' Bulldogs,Gardner-Webb,Gardner-Webb,0.0,2,3,0,0,0,0,1,1,2,0,0,0,0,0,4,true,false,false,true,,B. Wilkinson,,Not Available,NA,Gardner-Webb Runnin' Bulldogs,s:40~l:54~t:2241,gardner-webb-runnin-bulldogs,https://a.espncdn.com/i/teamlogos/ncaa/500/2241.png,GWEB,c12535,909090,away,false,63,2226,Owls,Florida Atlantic,Florida Atlantic Owls,FAU,https://a.espncdn.com/i/teamlogos/ncaa/500/2226.png,004B85,bb2f4c,74
260702226,2006,2,2006-03-11,2006-03-11T14:00:00.000000-0500,5698,Candyse Kelly,2241,Runnin' Bulldogs,Gardner-Webb,Gardner-Webb,0.0,3,13,3,6,1,2,0,1,1,0,0,0,0,3,10,true,false,false,true,,C. Kelly,,Not Available,NA,Gardner-Webb Runnin' Bulldogs,s:40~l:54~t:2241,gardner-webb-runnin-bulldogs,https://a.espncdn.com/i/teamlogos/ncaa/500/2241.png,GWEB,c12535,909090,away,false,63,2226,Owls,Florida Atlantic,Florida Atlantic Owls,FAU,https://a.espncdn.com/i/teamlogos/ncaa/500/2226.png,004B85,bb2f4c,74
260702226,2006,2,2006-03-11,2006-03-11T14:00:00.000000-0500,5697,Sequenta Blackman,2241,Runnin' Bulldogs,Gardner-Webb,Gardner-Webb,0.0,3,8,1,2,3,4,1,3,4,0,0,0,0,2,10,true,false,false,true,,S. Blackman,,Not Available,NA,Gardner-Webb Runnin' Bulldogs,s:40~l:54~t:2241,gardner-webb-runnin-bulldogs,https://a.espncdn.com/i/teamlogos/ncaa/500/2241.png,GWEB,c12535,909090,away,false,63,2226,Owls,Florida Atlantic,Florida Atlantic Owls,FAU,https://a.espncdn.com/i/teamlogos/ncaa/500/2226.png,004B85,bb2f4c,74
260702226,2006,2,2006-03-11,2006-03-11T14:00:00.000000-0500,5692,Amanda Bulin,2226,Owls,Florida Atlantic,FAU,0.0,4,8,1,2,0,0,2,5,7,0,0,0,0,4,9,true,false,false,true,,A. Bulin,,Not Available,NA,Florida Atlantic Owls,s:40~l:54~t:2226,florida-atlantic-owls,https://a.espncdn.com/i/teamlogos/ncaa/500/2226.png,FAU,004B85,bb2f4c,home,true,74,2241,Runnin' Bulldogs,Gardner-Webb,Gardner-Webb Runnin' Bulldogs,GWEB,https://a.espncdn.com/i/teamlogos/ncaa/500/2241.png,c12535,909090,63
260702226,2006,2,2006-03-11,2006-03-11T14:00:00.000000-0500,5691,Brittney Crenshaw,2226,Owls,Florida Atlantic,FAU,0.0,1,5,0,0,0,0,2,1,3,0,0,0,0,4,2,true,false,false,true,,B. Crenshaw,,Not Available,NA,Florida Atlantic Owls,s:40~l:54~t:2226,florida-atlantic-owls,https://a.espncdn.com/i/teamlogos/ncaa/500/2226.png,FAU,004B85,bb2f4c,home,true,74,2241,Runnin' Bulldogs,Gardner-Webb,Gardner-Webb Runnin' Bulldogs,GWEB,https://a.espncdn.com/i/teamlogos/ncaa/500/2241.png,c12535,909090,63
260702226,2006,2,2006-03-11,2006-03-11T14:00:00.000000-0500,5694,Shuteamia Brayboy,2226,Owls,Florida Atlantic,FAU,0.0,0,3,0,0,0,2,1,5,6,0,0,0,0,1,0,true,false,false,true,,S. Brayboy,,Not Available,NA,Florida Atlantic Owls,s:40~l:54~t:2226,florida-atlantic-owls,https://a.espncdn.com/i/teamlogos/ncaa/500/2226.png,FAU,004B85,bb2f4c,home,true,74,2241,Runnin' Bulldogs,Gardner-Webb,Gardner-Webb Runnin' Bulldogs,GWEB,https://a.espncdn.com/i/teamlogos/ncaa/500/2241.png,c12535,909090,63
260702226,2006,2,2006-03-11,2006-03-11T14:00:00.000000-0500,5693,Missy Glaser,2226,Owls,Florida Atlantic,FAU,0.0,3,9,1,5,4,8,1,4,5,0,0,0,0,3,11,true,false,false,true,,M. Glaser,,Not Available,NA,Florida Atlantic Owls,s:40~l:54~t:2226,florida-atlantic-owls,https://a.espncdn.com/i/teamlogos/ncaa/500/2226.png,FAU,004B85,bb2f4c,home,true,74,2241,Runnin' Bulldogs,Gardner-Webb,Gardner-Webb Runnin' Bulldogs,GWEB,https://a.espncdn.com/i/teamlogos/ncaa/500/2241.png,c12535,909090,63
260702226,2006,2,2006-03-11,2006-03-11T14:00:00.000000-0500,2872,Shontavia Williams,2226,Owls,Florida Atlantic,FAU,0.0,8,12,4,5,6,9,4,4,8,0,0,0,0,2,26,true,false,false,true,,S. Williams,,Not Available,NA,Florida Atlantic Owls,s:40~l:54~t:2226,florida-atlantic-owls,https://a.espncdn.com/i/teamlogos/ncaa/500/2226.png,FAU,004B85,bb2f4c,home,true,74,2241,Runnin' Bulldogs,Gardner-Webb,Gardner-Webb Runnin' Bulldogs,GWEB,https://a.espncdn.com/i/teamlogos/ncaa/500/2241.png,c12535,909090,63
260702154,2006,2,2006-03-11,2006-03-11T15:30:00.000000-0500,5737,Jameka Smith,2169,Lady Hornets,Delaware State,Delaware St,0.0,2,4,0,0,2,3,0,1,1,0,0,0,0,2,6,true,false,false,true,21 ,J. Smith,,Guard,G,Delaware State Lady Hornets,s:40~l:54~t:2169,delaware-state-lady-hornets,https://a.espncdn.com/i/teamlogos/ncaa/500/2169.png,DSU,FF3630,009cdd,away,false,36,2154,Eagles,Coppin State,Coppin State Eagles,COPP,https://a.espncdn.com/i/teamlogos/ncaa/500/2154.png,2e3192,ffd204,46
260702154,2006,2,2006-03-11,2006-03-11T15:30:00.000000-0500,5735,Najmah Fauntleroy,2169,Lady Hornets,Delaware State,Delaware St,0.0,4,14,0,3,1,2,3,3,6,0,0,0,0,0,9,true,false,false,true,,N. Fauntleroy,,Not Available,NA,Delaware State Lady Hornets,s:40~l:54~t:2169,delaware-state-lady-hornets,https://a.espncdn.com/i/teamlogos/ncaa/500/2169.png,DSU,FF3630,009cdd,away,false,36,2154,Eagles,Coppin State,Coppin State Eagles,COPP,https://a.espncdn.com/i/teamlogos/ncaa/500/2154.png,2e3192,ffd204,46
260702154,2006,2,2006-03-11,2006-03-11T15:30:00.000000-0500,5734,Katreem Palmer,2169,Lady Hornets,Delaware State,Delaware St,0.0,4,11,0,0,1,3,2,3,5,0,0,0,0,3,9,true,false,false,true,,K. Palmer,,Not Available,NA,Delaware State Lady Hornets,s:40~l:54~t:2169,delaware-state-lady-hornets,https://a.espncdn.com/i/teamlogos/ncaa/500/2169.png,DSU,FF3630,009cdd,away,false,36,2154,Eagles,Coppin State,Coppin State Eagles,COPP,https://a.espncdn.com/i/teamlogos/ncaa/500/2154.png,2e3192,ffd204,46
260702154,2006,2,2006-03-11,2006-03-11T15:30:00.000000-0500,5738,Ashlee Burbage,2169,Lady Hornets,Delaware State,Delaware St,0.0,1,4,0,2,2,4,0,0,0,0,0,0,0,0,4,true,false,false,true,,A. Burbage,,Not Available,NA,Delaware State Lady Hornets,s:40~l:54~t:2169,delaware-state-lady-hornets,https://a.espncdn.com/i/teamlogos/ncaa/500/2169.png,DSU,FF3630,009cdd,away,false,36,2154,Eagles,Coppin State,Coppin State Eagles,COPP,https://a.espncdn.com/i/teamlogos/ncaa/500/2154.png,2e3192,ffd204,46
260702154,2006,2,2006-03-11,2006-03-11T15:30:00.000000-0500,5736,Raquel Collier,2169,Lady Hornets,Delaware State,Delaware St,0.0,2,6,0,0,4,6,2,5,7,0,0,0,0,0,8,true,false,false,true,,R. Collier,,Not Available,NA,Delaware State Lady Hornets,s:40~l:54~t:2169,delaware-state-lady-hornets,https://a.espncdn.com/i/teamlogos/ncaa/500/2169.png,DSU,FF3630,009cdd,away,false,36,2154,Eagles,Coppin State,Coppin State Eagles,COPP,https://a.espncdn.com/i/teamlogos/ncaa/500/2154.png,2e3192,ffd204,46
260702154,2006,2,2006-03-11,2006-03-11T15:30:00.000000-0500,5733,Tanezia Harden,2154,Eagles,Coppin State,Coppin St,0.0,6,8,0,0,0,1,2,2,4,0,0,0,0,4,12,true,false,false,true,0  ,T. Harden,,Center,C,Coppin State Eagles,s:40~l:54~t:2154,coppin-state-eagles,https://a.espncdn.com/i/teamlogos/ncaa/500/2154.png,COPP,2e3192,ffd204,home,true,46,2169,Lady Hornets,Delaware State,Delaware State Lady Hornets,DSU,https://a.espncdn.com/i/teamlogos/ncaa/500/2169.png,FF3630,009cdd,36
260702154,2006,2,2006-03-11,2006-03-11T15:30:00.000000-0500,5037,Sherrie Tucker,2154,Eagles,Coppin State,Coppin St,0.0,2,9,0,0,0,1,0,4,4,0,0,0,0,4,4,true,false,false,true,,S. Tucker,,Not Available,NA,Coppin State Eagles,s:40~l:54~t:2154,coppin-state-eagles,https://a.espncdn.com/i/teamlogos/ncaa/500/2154.png,COPP,2e3192,ffd204,home,true,46,2169,Lady Hornets,Delaware State,Delaware State Lady Hornets,DSU,https://a.espncdn.com/i/teamlogos/ncaa/500/2169.png,FF3630,009cdd,36
260702154,2006,2,2006-03-11,2006-03-11T15:30:00.000000-0500,5035,Talia Sutton,2154,Eagles,Coppin State,Coppin St,0.0,1,1,0,0,0,0,2,2,4,0,0,0,0,3,2,true,false,false,true,,T. Sutton,,Not Available,NA,Coppin State Eagles,s:40~l:54~t:2154,coppin-state-eagles,https://a.espncdn.com/i/teamlogos/ncaa/500/2154.png,COPP,2e3192,ffd204,home,true,46,2169,Lady Hornets,Delaware State,Delaware State Lady Hornets,DSU,https://a.espncdn.com/i/teamlogos/ncaa/500/2169.png,FF3630,009cdd,36
260702154,2006,2,2006-03-11,2006-03-11T15:30:00.000000-0500,5048,Rashida Suber,2154,Eagles,Coppin State,Coppin St,0.0,6,13,2,5,0,0,1,3,4,0,0,0,0,2,14,true,false,false,true,,R. Suber,,Not Available,NA,Coppin State Eagles,s:40~l:54~t:2154,coppin-state-eagles,https://a.espncdn.com/i/teamlogos/ncaa/500/2154.png,COPP,2e3192,ffd204,home,true,46,2169,Lady Hornets,Delaware State,Delaware State Lady Hornets,DSU,https://a.espncdn.com/i/teamlogos/ncaa/500/2169.png,FF3630,009cdd,36
260702154,2006,2,2006-03-11,2006-03-11T15:30:00.000000-0500,3990,Shalamar Oakley,2154,Eagles,Coppin State,Coppin St,0.0,5,11,0,0,2,4,2,3,5,0,0,0,0,1,12,true,false,false,true,,S. Oakley,,Not Available,NA,Coppin State Eagles,s:40~l:54~t:2154,coppin-state-eagles,https://a.espncdn.com/i/teamlogos/ncaa/500/2154.png,COPP,2e3192,ffd204,home,true,46,2169,Lady Hornets,Delaware State,Delaware State Lady Hornets,DSU,https://a.espncdn.com/i/teamlogos/ncaa/500/2169.png,FF3630,009cdd,36
260702460,2006,2,2006-03-11,2006-03-11T16:35:00.000000-0500,5225,Tiff Terwelp,2623,Lady Bears,Missouri State,Missouri St,0.0,6,11,0,0,4,5,5,4,9,0,0,0,0,2,16,true,false,false,true,,T. Terwelp,,Not Available,NA,Missouri State Lady Bears,s:40~l:54~t:2623,missouri-state-lady-bears,https://a.espncdn.com/i/teamlogos/ncaa/500/2623.png,MOST,5F0000,e8e8e8,away,true,62,2460,Panthers,Northern Iowa,Northern Iowa Panthers,UNI,https://a.espncdn.com/i/teamlogos/ncaa/500/2460.png,473282,ffffff,59
260702460,2006,2,2006-03-11,2006-03-11T16:35:00.000000-0500,3335,Sarah Klaassen,2623,Lady Bears,Missouri State,Missouri St,0.0,4,8,0,1,1,3,2,3,5,0,0,0,0,1,9,true,false,false,true,,S. Klaassen,,Not Available,NA,Missouri State Lady Bears,s:40~l:54~t:2623,missouri-state-lady-bears,https://a.espncdn.com/i/teamlogos/ncaa/500/2623.png,MOST,5F0000,e8e8e8,away,true,62,2460,Panthers,Northern Iowa,Northern Iowa Panthers,UNI,https://a.espncdn.com/i/teamlogos/ncaa/500/2460.png,473282,ffffff,59
260702460,2006,2,2006-03-11,2006-03-11T16:35:00.000000-0500,3334,Hannah Kirk,2623,Lady Bears,Missouri State,Missouri St,0.0,1,2,0,0,0,0,1,0,1,0,0,0,0,2,2,true,false,false,true,,H. Kirk,,Not Available,NA,Missouri State Lady Bears,s:40~l:54~t:2623,missouri-state-lady-bears,https://a.espncdn.com/i/teamlogos/ncaa/500/2623.png,MOST,5F0000,e8e8e8,away,true,62,2460,Panthers,Northern Iowa,Northern Iowa Panthers,UNI,https://a.espncdn.com/i/teamlogos/ncaa/500/2460.png,473282,ffffff,59
260702460,2006,2,2006-03-11,2006-03-11T16:35:00.000000-0500,5222,Kayli Combs,2623,Lady Bears,Missouri State,Missouri St,0.0,2,4,1,2,0,0,0,0,0,0,0,0,0,1,5,true,false,false,true,,K. Combs,,Not Available,NA,Missouri State Lady Bears,s:40~l:54~t:2623,missouri-state-lady-bears,https://a.espncdn.com/i/teamlogos/ncaa/500/2623.png,MOST,5F0000,e8e8e8,away,true,62,2460,Panthers,Northern Iowa,Northern Iowa Panthers,UNI,https://a.espncdn.com/i/teamlogos/ncaa/500/2460.png,473282,ffffff,59
260702460,2006,2,2006-03-11,2006-03-11T16:35:00.000000-0500,3336,Kari Koch,2623,Lady Bears,Missouri State,Missouri St,0.0,7,15,1,6,5,5,1,5,6,0,0,0,0,2,20,true,false,false,true,,K. Koch,,Not Available,NA,Missouri State Lady Bears,s:40~l:54~t:2623,missouri-state-lady-bears,https://a.espncdn.com/i/teamlogos/ncaa/500/2623.png,MOST,5F0000,e8e8e8,away,true,62,2460,Panthers,Northern Iowa,Northern Iowa Panthers,UNI,https://a.espncdn.com/i/teamlogos/ncaa/500/2460.png,473282,ffffff,59
260702460,2006,2,2006-03-11,2006-03-11T16:35:00.000000-0500,2527,Cassie Hager,2460,Panthers,Northern Iowa,Northern Iowa,0.0,4,8,0,1,4,5,3,3,6,0,0,0,0,3,12,true,false,false,true,,C. Hager,,Not Available,NA,Northern Iowa Panthers,s:40~l:54~t:2460,northern-iowa-panthers,https://a.espncdn.com/i/teamlogos/ncaa/500/2460.png,UNI,473282,ffffff,home,false,59,2623,Lady Bears,Missouri State,Missouri State Lady Bears,MOST,https://a.espncdn.com/i/teamlogos/ncaa/500/2623.png,5F0000,e8e8e8,62
260702460,2006,2,2006-03-11,2006-03-11T16:35:00.000000-0500,5766,Traci Ollendieck,2460,Panthers,Northern Iowa,Northern Iowa,0.0,2,6,2,5,0,0,4,3,7,0,0,0,0,3,6,true,false,false,true,,T. Ollendieck,,Not Available,NA,Northern Iowa Panthers,s:40~l:54~t:2460,northern-iowa-panthers,https://a.espncdn.com/i/teamlogos/ncaa/500/2460.png,UNI,473282,ffffff,home,false,59,2623,Lady Bears,Missouri State,Missouri State Lady Bears,MOST,https://a.espncdn.com/i/teamlogos/ncaa/500/2623.png,5F0000,e8e8e8,62
260702460,2006,2,2006-03-11,2006-03-11T16:35:00.000000-0500,2540,Tara King,2460,Panthers,Northern Iowa,Northern Iowa,0.0,4,15,2,5,0,0,0,1,1,0,0,0,0,3,10,true,false,false,true,,T. King,,Not Available,NA,Northern Iowa Panthers,s:40~l:54~t:2460,northern-iowa-panthers,https://a.espncdn.com/i/teamlogos/ncaa/500/2460.png,UNI,473282,ffffff,home,false,59,2623,Lady Bears,Missouri State,Missouri State Lady Bears,MOST,https://a.espncdn.com/i/teamlogos/ncaa/500/2623.png,5F0000,e8e8e8,62
260702460,2006,2,2006-03-11,2006-03-11T16:35:00.000000-0500,5767,Jessie Biggs,2460,Panthers,Northern Iowa,Northern Iowa,0.0,6,10,4,6,2,2,2,5,7,0,0,0,0,1,18,true,false,false,true,,J. Biggs,,Not Available,NA,Northern Iowa Panthers,s:40~l:54~t:2460,northern-iowa-panthers,https://a.espncdn.com/i/teamlogos/ncaa/500/2460.png,UNI,473282,ffffff,home,false,59,2623,Lady Bears,Missouri State,Missouri State Lady Bears,MOST,https://a.espncdn.com/i/teamlogos/ncaa/500/2623.png,5F0000,e8e8e8,62
260702460,2006,2,2006-03-11,2006-03-11T16:35:00.000000-0500,2418,Sarah Larsen,2460,Panthers,Northern Iowa,Northern Iowa,0.0,3,7,1,4,2,2,1,2,3,0,0,0,0,4,9,true,false,false,true,,S. Larsen,,Not Available,NA,Northern Iowa Panthers,s:40~l:54~t:2460,northern-iowa-panthers,https://a.espncdn.com/i/teamlogos/ncaa/500/2460.png,UNI,473282,ffffff,home,false,59,2623,Lady Bears,Missouri State,Missouri State Lady Bears,MOST,https://a.espncdn.com/i/teamlogos/ncaa/500/2623.png,5F0000,e8e8e8,62
260702582,2006,2,2006-03-11,2006-03-11T17:30:00.000000-0500,5772,Shantae Robinson,2011,Lady Hornets,Alabama State,Alabama St,0.0,4,11,3,4,2,4,1,0,1,0,0,0,0,4,13,true,false,false,true,,S. Robinson,,Center,C,Alabama State Lady Hornets,s:40~l:54~t:2011,alabama-state-lady-hornets,https://a.espncdn.com/i/teamlogos/ncaa/500/2011.png,ALST,e9a900,0a0a0a,away,false,58,2582,Jaguars,Southern,Southern Jaguars,SOU,https://a.espncdn.com/i/teamlogos/ncaa/500/2582.png,004B97,ffc82d,61
260702582,2006,2,2006-03-11,2006-03-11T17:30:00.000000-0500,5771,L'Teisha Holloway,2011,Lady Hornets,Alabama State,Alabama St,0.0,1,4,0,0,2,2,0,3,3,0,0,0,0,2,4,true,false,false,true,,L. Holloway,,Guard,G,Alabama State Lady Hornets,s:40~l:54~t:2011,alabama-state-lady-hornets,https://a.espncdn.com/i/teamlogos/ncaa/500/2011.png,ALST,e9a900,0a0a0a,away,false,58,2582,Jaguars,Southern,Southern Jaguars,SOU,https://a.espncdn.com/i/teamlogos/ncaa/500/2582.png,004B97,ffc82d,61
260702582,2006,2,2006-03-11,2006-03-11T17:30:00.000000-0500,3704,Nedra Thomas,2011,Lady Hornets,Alabama State,Alabama St,0.0,2,7,0,0,0,0,3,2,5,0,0,0,0,3,4,true,false,false,true,,N. Thomas,,Not Available,NA,Alabama State Lady Hornets,s:40~l:54~t:2011,alabama-state-lady-hornets,https://a.espncdn.com/i/teamlogos/ncaa/500/2011.png,ALST,e9a900,0a0a0a,away,false,58,2582,Jaguars,Southern,Southern Jaguars,SOU,https://a.espncdn.com/i/teamlogos/ncaa/500/2582.png,004B97,ffc82d,61
260702582,2006,2,2006-03-11,2006-03-11T17:30:00.000000-0500,5770,Latille Ross,2011,Lady Hornets,Alabama State,Alabama St,0.0,4,7,0,0,0,0,4,1,5,0,0,0,0,4,8,true,false,false,true,,L. Ross,,Not Available,NA,Alabama State Lady Hornets,s:40~l:54~t:2011,alabama-state-lady-hornets,https://a.espncdn.com/i/teamlogos/ncaa/500/2011.png,ALST,e9a900,0a0a0a,away,false,58,2582,Jaguars,Southern,Southern Jaguars,SOU,https://a.espncdn.com/i/teamlogos/ncaa/500/2582.png,004B97,ffc82d,61
260702582,2006,2,2006-03-11,2006-03-11T17:30:00.000000-0500,3175,Frantina Coleman,2011,Lady Hornets,Alabama State,Alabama St,0.0,1,2,0,1,1,2,0,2,2,0,0,0,0,3,3,true,false,false,true,,F. Coleman,,Not Available,NA,Alabama State Lady Hornets,s:40~l:54~t:2011,alabama-state-lady-hornets,https://a.espncdn.com/i/teamlogos/ncaa/500/2011.png,ALST,e9a900,0a0a0a,away,false,58,2582,Jaguars,Southern,Southern Jaguars,SOU,https://a.espncdn.com/i/teamlogos/ncaa/500/2582.png,004B97,ffc82d,61
260702582,2006,2,2006-03-11,2006-03-11T17:30:00.000000-0500,4069,Fredreika Lewis,2582,Jaguars,Southern,Southern,0.0,7,12,0,0,2,7,2,1,3,0,0,0,0,0,16,true,false,false,true,,F. Lewis,,Not Available,NA,Southern Jaguars,s:40~l:54~t:2582,southern-jaguars,https://a.espncdn.com/i/teamlogos/ncaa/500/2582.png,SOU,004B97,ffc82d,home,true,61,2011,Lady Hornets,Alabama State,Alabama State Lady Hornets,ALST,https://a.espncdn.com/i/teamlogos/ncaa/500/2011.png,e9a900,0a0a0a,58
260702582,2006,2,2006-03-11,2006-03-11T17:30:00.000000-0500,3725,Indi Johnson,2582,Jaguars,Southern,Southern,0.0,0,1,0,0,2,2,2,3,5,0,0,0,0,3,2,true,false,false,true,,I. Johnson,,Not Available,NA,Southern Jaguars,s:40~l:54~t:2582,southern-jaguars,https://a.espncdn.com/i/teamlogos/ncaa/500/2582.png,SOU,004B97,ffc82d,home,true,61,2011,Lady Hornets,Alabama State,Alabama State Lady Hornets,ALST,https://a.espncdn.com/i/teamlogos/ncaa/500/2011.png,e9a900,0a0a0a,58
260702582,2006,2,2006-03-11,2006-03-11T17:30:00.000000-0500,5773,Tiffany Jones,2582,Jaguars,Southern,Southern,0.0,0,4,0,0,2,2,0,2,2,0,0,0,0,2,2,true,false,false,true,,T. Jones,,Not Available,NA,Southern Jaguars,s:40~l:54~t:2582,southern-jaguars,https://a.espncdn.com/i/teamlogos/ncaa/500/2582.png,SOU,004B97,ffc82d,home,true,61,2011,Lady Hornets,Alabama State,Alabama State Lady Hornets,ALST,https://a.espncdn.com/i/teamlogos/ncaa/500/2011.png,e9a900,0a0a0a,58
260702582,2006,2,2006-03-11,2006-03-11T17:30:00.000000-0500,4073,Ciara Shiggs,2582,Jaguars,Southern,Southern,0.0,3,4,0,1,3,4,1,1,2,0,0,0,0,3,9,true,false,false,true,,C. Shiggs,,Not Available,NA,Southern Jaguars,s:40~l:54~t:2582,southern-jaguars,https://a.espncdn.com/i/teamlogos/ncaa/500/2582.png,SOU,004B97,ffc82d,home,true,61,2011,Lady Hornets,Alabama State,Alabama State Lady Hornets,ALST,https://a.espncdn.com/i/teamlogos/ncaa/500/2011.png,e9a900,0a0a0a,58
260702582,2006,2,2006-03-11,2006-03-11T17:30:00.000000-0500,4070,Rolanda Monroe,2582,Jaguars,Southern,Southern,0.0,2,11,0,2,13,13,1,3,4,0,0,0,0,4,17,true,false,false,true,,R. Monroe,,Not Available,NA,Southern Jaguars,s:40~l:54~t:2582,southern-jaguars,https://a.espncdn.com/i/teamlogos/ncaa/500/2582.png,SOU,004B97,ffc82d,home,true,61,2011,Lady Hornets,Alabama State,Alabama State Lady Hornets,ALST,https://a.espncdn.com/i/teamlogos/ncaa/500/2011.png,e9a900,0a0a0a,58
260692199,2006,2,2006-03-10,2006-03-10T12:00:00.000000-0500,4562,Mallorie Griffith,2309,Golden Flashes,Kent State,Kent State,0.0,1,3,0,0,0,0,3,1,4,0,0,0,0,2,2,true,false,false,true,,M. Griffith,,Not Available,NA,Kent State Golden Flashes,s:40~l:54~t:2309,kent-state-golden-flashes,https://a.espncdn.com/i/teamlogos/ncaa/500/2309.png,KENT,002445,f0b510,away,true,70,2199,Eagles,Eastern Michigan,Eastern Michigan Eagles,EMU,https://a.espncdn.com/i/teamlogos/ncaa/500/2199.png,00331b,f0f0f0,56
260692199,2006,2,2006-03-10,2006-03-10T12:00:00.000000-0500,2692,Lindsay Shearer,2309,Golden Flashes,Kent State,Kent State,0.0,8,18,0,3,8,8,5,12,17,0,0,0,0,3,24,true,false,false,true,,L. Shearer,,Not Available,NA,Kent State Golden Flashes,s:40~l:54~t:2309,kent-state-golden-flashes,https://a.espncdn.com/i/teamlogos/ncaa/500/2309.png,KENT,002445,f0b510,away,true,70,2199,Eagles,Eastern Michigan,Eastern Michigan Eagles,EMU,https://a.espncdn.com/i/teamlogos/ncaa/500/2199.png,00331b,f0f0f0,56
260692199,2006,2,2006-03-10,2006-03-10T12:00:00.000000-0500,5664,Sarah Burgess,2309,Golden Flashes,Kent State,Kent State,0.0,4,8,3,5,4,4,1,0,1,0,0,0,0,0,15,true,false,false,true,,S. Burgess,,Not Available,NA,Kent State Golden Flashes,s:40~l:54~t:2309,kent-state-golden-flashes,https://a.espncdn.com/i/teamlogos/ncaa/500/2309.png,KENT,002445,f0b510,away,true,70,2199,Eagles,Eastern Michigan,Eastern Michigan Eagles,EMU,https://a.espncdn.com/i/teamlogos/ncaa/500/2199.png,00331b,f0f0f0,56
260692199,2006,2,2006-03-10,2006-03-10T12:00:00.000000-0500,4566,Kerrie James,2309,Golden Flashes,Kent State,Kent State,0.0,1,3,0,0,2,2,1,0,1,0,0,0,0,2,4,true,false,false,true,,K. James,,Not Available,NA,Kent State Golden Flashes,s:40~l:54~t:2309,kent-state-golden-flashes,https://a.espncdn.com/i/teamlogos/ncaa/500/2309.png,KENT,002445,f0b510,away,true,70,2199,Eagles,Eastern Michigan,Eastern Michigan Eagles,EMU,https://a.espncdn.com/i/teamlogos/ncaa/500/2199.png,00331b,f0f0f0,56
260692199,2006,2,2006-03-10,2006-03-10T12:00:00.000000-0500,2691,Malika Willoughby,2309,Golden Flashes,Kent State,Kent State,0.0,4,9,0,0,2,3,0,3,3,0,0,0,0,2,10,true,false,false,true,,M. Willoughby,,Not Available,NA,Kent State Golden Flashes,s:40~l:54~t:2309,kent-state-golden-flashes,https://a.espncdn.com/i/teamlogos/ncaa/500/2309.png,KENT,002445,f0b510,away,true,70,2199,Eagles,Eastern Michigan,Eastern Michigan Eagles,EMU,https://a.espncdn.com/i/teamlogos/ncaa/500/2199.png,00331b,f0f0f0,56
260692199,2006,2,2006-03-10,2006-03-10T12:00:00.000000-0500,504,Kendra Yeo,2199,Eagles,Eastern Michigan,E Michigan,0.0,7,13,0,0,0,0,2,3,5,0,0,0,0,4,14,true,false,false,true,,K. Yeo,,Not Available,NA,Eastern Michigan Eagles,s:40~l:54~t:2199,eastern-michigan-eagles,https://a.espncdn.com/i/teamlogos/ncaa/500/2199.png,EMU,00331b,f0f0f0,home,false,56,2309,Golden Flashes,Kent State,Kent State Golden Flashes,KENT,https://a.espncdn.com/i/teamlogos/ncaa/500/2309.png,002445,f0b510,70
260692199,2006,2,2006-03-10,2006-03-10T12:00:00.000000-0500,502,Stephanie Smiley,2199,Eagles,Eastern Michigan,E Michigan,0.0,5,8,2,3,1,1,1,3,4,0,0,0,0,3,13,true,false,false,true,,S. Smiley,,Not Available,NA,Eastern Michigan Eagles,s:40~l:54~t:2199,eastern-michigan-eagles,https://a.espncdn.com/i/teamlogos/ncaa/500/2199.png,EMU,00331b,f0f0f0,home,false,56,2309,Golden Flashes,Kent State,Kent State Golden Flashes,KENT,https://a.espncdn.com/i/teamlogos/ncaa/500/2309.png,002445,f0b510,70
260692199,2006,2,2006-03-10,2006-03-10T12:00:00.000000-0500,5663,Kendra Gallert,2199,Eagles,Eastern Michigan,E Michigan,0.0,2,6,2,6,0,0,0,3,3,0,0,0,0,1,6,true,false,false,true,,K. Gallert,,Not Available,NA,Eastern Michigan Eagles,s:40~l:54~t:2199,eastern-michigan-eagles,https://a.espncdn.com/i/teamlogos/ncaa/500/2199.png,EMU,00331b,f0f0f0,home,false,56,2309,Golden Flashes,Kent State,Kent State Golden Flashes,KENT,https://a.espncdn.com/i/teamlogos/ncaa/500/2309.png,002445,f0b510,70
260692199,2006,2,2006-03-10,2006-03-10T12:00:00.000000-0500,3297,Patrice McKinney,2199,Eagles,Eastern Michigan,E Michigan,0.0,0,12,0,2,3,4,0,4,4,0,0,0,0,3,3,true,false,false,true,,P. McKinney,,Not Available,NA,Eastern Michigan Eagles,s:40~l:54~t:2199,eastern-michigan-eagles,https://a.espncdn.com/i/teamlogos/ncaa/500/2199.png,EMU,00331b,f0f0f0,home,false,56,2309,Golden Flashes,Kent State,Kent State Golden Flashes,KENT,https://a.espncdn.com/i/teamlogos/ncaa/500/2309.png,002445,f0b510,70
260692199,2006,2,2006-03-10,2006-03-10T12:00:00.000000-0500,493,Regina Coleman,2199,Eagles,Eastern Michigan,E Michigan,0.0,8,13,1,4,0,0,2,5,7,0,0,0,0,4,17,true,false,false,true,,R. Coleman,,Not Available,NA,Eastern Michigan Eagles,s:40~l:54~t:2199,eastern-michigan-eagles,https://a.espncdn.com/i/teamlogos/ncaa/500/2199.png,EMU,00331b,f0f0f0,home,false,56,2309,Golden Flashes,Kent State,Kent State Golden Flashes,KENT,https://a.espncdn.com/i/teamlogos/ncaa/500/2309.png,002445,f0b510,70
260670142,2006,2,2006-03-08,2006-03-08T15:30:00.000000-0500,5099,Patrice Edwards,2641,Lady Raiders,Texas Tech,Texas Tech,0.0,1,5,0,0,0,0,2,3,5,0,0,0,0,3,2,true,false,false,true,,P. Edwards,,Not Available,NA,Texas Tech Lady Raiders,s:40~l:54~t:2641,texas-tech-lady-raiders,https://a.espncdn.com/i/teamlogos/ncaa/500/2641.png,TTU,C80025,231f20,away,false,75,142,Tigers,Missouri,Missouri Tigers,MIZ,https://a.espncdn.com/i/teamlogos/ncaa/500/142.png,f1b82d,000000,81
260670142,2006,2,2006-03-08,2006-03-08T15:30:00.000000-0500,3719,Alseha Robertson,2641,Lady Raiders,Texas Tech,Texas Tech,0.0,6,16,2,6,3,4,2,1,3,0,0,0,0,1,17,true,false,false,true,,A. Robertson,,Not Available,NA,Texas Tech Lady Raiders,s:40~l:54~t:2641,texas-tech-lady-raiders,https://a.espncdn.com/i/teamlogos/ncaa/500/2641.png,TTU,C80025,231f20,away,false,75,142,Tigers,Missouri,Missouri Tigers,MIZ,https://a.espncdn.com/i/teamlogos/ncaa/500/142.png,f1b82d,000000,81
260670142,2006,2,2006-03-08,2006-03-08T15:30:00.000000-0500,2422,LaToya Davis,2641,Lady Raiders,Texas Tech,Texas Tech,0.0,6,11,0,0,5,6,1,3,4,0,0,0,0,4,17,true,false,false,true,,L. Davis,,Not Available,NA,Texas Tech Lady Raiders,s:40~l:54~t:2641,texas-tech-lady-raiders,https://a.espncdn.com/i/teamlogos/ncaa/500/2641.png,TTU,C80025,231f20,away,false,75,142,Tigers,Missouri,Missouri Tigers,MIZ,https://a.espncdn.com/i/teamlogos/ncaa/500/142.png,f1b82d,000000,81
260670142,2006,2,2006-03-08,2006-03-08T15:30:00.000000-0500,3722,Brooke Baughman,2641,Lady Raiders,Texas Tech,Texas Tech,0.0,4,6,2,2,2,2,0,0,0,0,0,0,0,2,12,true,false,false,true,,B. Baughman,,Not Available,NA,Texas Tech Lady Raiders,s:40~l:54~t:2641,texas-tech-lady-raiders,https://a.espncdn.com/i/teamlogos/ncaa/500/2641.png,TTU,C80025,231f20,away,false,75,142,Tigers,Missouri,Missouri Tigers,MIZ,https://a.espncdn.com/i/teamlogos/ncaa/500/142.png,f1b82d,000000,81
260670142,2006,2,2006-03-08,2006-03-08T15:30:00.000000-0500,2423,Erin Grant,2641,Lady Raiders,Texas Tech,Texas Tech,0.0,6,12,0,1,3,5,1,3,4,0,0,0,0,5,15,true,false,false,true,,E. Grant,,Not Available,NA,Texas Tech Lady Raiders,s:40~l:54~t:2641,texas-tech-lady-raiders,https://a.espncdn.com/i/teamlogos/ncaa/500/2641.png,TTU,C80025,231f20,away,false,75,142,Tigers,Missouri,Missouri Tigers,MIZ,https://a.espncdn.com/i/teamlogos/ncaa/500/142.png,f1b82d,000000,81
260670142,2006,2,2006-03-08,2006-03-08T15:30:00.000000-0500,5634,Tiffany Brooks,142,Tigers,Missouri,Missouri,0.0,7,12,0,0,1,2,1,1,2,0,0,0,0,0,15,true,false,false,true,,T. Brooks,,Not Available,NA,Missouri Tigers,s:40~l:54~t:142,missouri-tigers,https://a.espncdn.com/i/teamlogos/ncaa/500/142.png,MIZ,f1b82d,000000,home,true,81,2641,Lady Raiders,Texas Tech,Texas Tech Lady Raiders,TTU,https://a.espncdn.com/i/teamlogos/ncaa/500/2641.png,C80025,231f20,75
260670142,2006,2,2006-03-08,2006-03-08T15:30:00.000000-0500,4700,Carlynn Savant,142,Tigers,Missouri,Missouri,0.0,1,1,1,1,8,8,1,2,3,0,0,0,0,1,11,true,false,false,true,,C. Savant,,Not Available,NA,Missouri Tigers,s:40~l:54~t:142,missouri-tigers,https://a.espncdn.com/i/teamlogos/ncaa/500/142.png,MIZ,f1b82d,000000,home,true,81,2641,Lady Raiders,Texas Tech,Texas Tech Lady Raiders,TTU,https://a.espncdn.com/i/teamlogos/ncaa/500/2641.png,C80025,231f20,75
260670142,2006,2,2006-03-08,2006-03-08T15:30:00.000000-0500,4699,EeTisha Riddle,142,Tigers,Missouri,Missouri,0.0,5,10,0,1,1,2,3,6,9,0,0,0,0,3,11,true,false,false,true,,E. Riddle,,Not Available,NA,Missouri Tigers,s:40~l:54~t:142,missouri-tigers,https://a.espncdn.com/i/teamlogos/ncaa/500/142.png,MIZ,f1b82d,000000,home,true,81,2641,Lady Raiders,Texas Tech,Texas Tech Lady Raiders,TTU,https://a.espncdn.com/i/teamlogos/ncaa/500/2641.png,C80025,231f20,75
260670142,2006,2,2006-03-08,2006-03-08T15:30:00.000000-0500,4698,Christelle N'Garsanet,142,Tigers,Missouri,Missouri,0.0,4,7,0,0,3,4,1,4,5,0,0,0,0,5,11,true,false,false,true,,C. N'Garsanet,,Not Available,NA,Missouri Tigers,s:40~l:54~t:142,missouri-tigers,https://a.espncdn.com/i/teamlogos/ncaa/500/142.png,MIZ,f1b82d,000000,home,true,81,2641,Lady Raiders,Texas Tech,Texas Tech Lady Raiders,TTU,https://a.espncdn.com/i/teamlogos/ncaa/500/2641.png,C80025,231f20,75
260670142,2006,2,2006-03-08,2006-03-08T15:30:00.000000-0500,2394,LaToya Bond,142,Tigers,Missouri,Missouri,0.0,8,14,1,1,7,9,2,1,3,0,0,0,0,3,24,true,false,false,true,,L. Bond,,Not Available,NA,Missouri Tigers,s:40~l:54~t:142,missouri-tigers,https://a.espncdn.com/i/teamlogos/ncaa/500/142.png,MIZ,f1b82d,000000,home,true,81,2641,Lady Raiders,Texas Tech,Texas Tech Lady Raiders,TTU,https://a.espncdn.com/i/teamlogos/ncaa/500/2641.png,C80025,231f20,75
260670349,2006,2,2006-03-08,2006-03-08T19:00:00.000000-0500,4139,Kaitlin Foley,107,Crusaders,Holy Cross,Holy Cross,0.0,7,14,0,0,3,4,5,4,9,0,0,0,0,0,17,true,false,false,true,,K. Foley,,Not Available,NA,Holy Cross Crusaders,s:40~l:54~t:107,holy-cross-crusaders,https://a.espncdn.com/i/teamlogos/ncaa/500/107.png,HC,0a0a0a,080808,away,false,68,349,Black Knights,Army,Army Black Knights,ARMY,https://a.espncdn.com/i/teamlogos/ncaa/500/349.png,ce9c00,231f20,69
260670349,2006,2,2006-03-08,2006-03-08T19:00:00.000000-0500,5017,Ashley McLaughlin,107,Crusaders,Holy Cross,Holy Cross,0.0,2,4,0,0,0,0,0,4,4,0,0,0,0,1,4,true,false,false,true,,A. McLaughlin,,Not Available,NA,Holy Cross Crusaders,s:40~l:54~t:107,holy-cross-crusaders,https://a.espncdn.com/i/teamlogos/ncaa/500/107.png,HC,0a0a0a,080808,away,false,68,349,Black Knights,Army,Army Black Knights,ARMY,https://a.espncdn.com/i/teamlogos/ncaa/500/349.png,ce9c00,231f20,69
260670349,2006,2,2006-03-08,2006-03-08T19:00:00.000000-0500,4140,Brittany Keil,107,Crusaders,Holy Cross,Holy Cross,0.0,7,13,2,5,0,0,0,2,2,0,0,0,0,4,16,true,false,false,true,,B. Keil,,Not Available,NA,Holy Cross Crusaders,s:40~l:54~t:107,holy-cross-crusaders,https://a.espncdn.com/i/teamlogos/ncaa/500/107.png,HC,0a0a0a,080808,away,false,68,349,Black Knights,Army,Army Black Knights,ARMY,https://a.espncdn.com/i/teamlogos/ncaa/500/349.png,ce9c00,231f20,69
260670349,2006,2,2006-03-08,2006-03-08T19:00:00.000000-0500,5003,Laura Aloisi,107,Crusaders,Holy Cross,Holy Cross,0.0,2,7,2,4,0,0,1,1,2,0,0,0,0,3,6,true,false,false,true,,L. Aloisi,,Not Available,NA,Holy Cross Crusaders,s:40~l:54~t:107,holy-cross-crusaders,https://a.espncdn.com/i/teamlogos/ncaa/500/107.png,HC,0a0a0a,080808,away,false,68,349,Black Knights,Army,Army Black Knights,ARMY,https://a.espncdn.com/i/teamlogos/ncaa/500/349.png,ce9c00,231f20,69
260670349,2006,2,2006-03-08,2006-03-08T19:00:00.000000-0500,762,Jessica Conte,107,Crusaders,Holy Cross,Holy Cross,0.0,4,8,1,3,0,0,0,0,0,0,0,0,0,2,9,true,false,false,true,,J. Conte,,Not Available,NA,Holy Cross Crusaders,s:40~l:54~t:107,holy-cross-crusaders,https://a.espncdn.com/i/teamlogos/ncaa/500/107.png,HC,0a0a0a,080808,away,false,68,349,Black Knights,Army,Army Black Knights,ARMY,https://a.espncdn.com/i/teamlogos/ncaa/500/349.png,ce9c00,231f20,69
260670349,2006,2,2006-03-08,2006-03-08T19:00:00.000000-0500,5274,Alex McGuire,349,Black Knights,Army,Army,0.0,4,11,2,4,6,6,1,0,1,0,0,0,0,2,16,true,false,false,true,,A. McGuire,,Guard,G,Army Black Knights,s:40~l:54~t:349,army-black-knights,https://a.espncdn.com/i/teamlogos/ncaa/500/349.png,ARMY,ce9c00,231f20,home,true,69,107,Crusaders,Holy Cross,Holy Cross Crusaders,HC,https://a.espncdn.com/i/teamlogos/ncaa/500/107.png,0a0a0a,080808,68
260670349,2006,2,2006-03-08,2006-03-08T19:00:00.000000-0500,5269,Stefanie Stone,349,Black Knights,Army,Army,0.0,4,5,0,0,3,5,6,3,9,0,0,0,0,1,11,true,false,false,true,,S. Stone,,Not Available,NA,Army Black Knights,s:40~l:54~t:349,army-black-knights,https://a.espncdn.com/i/teamlogos/ncaa/500/349.png,ARMY,ce9c00,231f20,home,true,69,107,Crusaders,Holy Cross,Holy Cross Crusaders,HC,https://a.espncdn.com/i/teamlogos/ncaa/500/107.png,0a0a0a,080808,68
260670349,2006,2,2006-03-08,2006-03-08T19:00:00.000000-0500,3041,Megan Vrabel,349,Black Knights,Army,Army,0.0,1,5,0,0,2,4,0,5,5,0,0,0,0,1,4,true,false,false,true,,M. Vrabel,,Not Available,NA,Army Black Knights,s:40~l:54~t:349,army-black-knights,https://a.espncdn.com/i/teamlogos/ncaa/500/349.png,ARMY,ce9c00,231f20,home,true,69,107,Crusaders,Holy Cross,Holy Cross Crusaders,HC,https://a.espncdn.com/i/teamlogos/ncaa/500/107.png,0a0a0a,080808,68
260670349,2006,2,2006-03-08,2006-03-08T19:00:00.000000-0500,5275,Jen Hansen,349,Black Knights,Army,Army,0.0,2,4,2,4,0,0,0,0,0,0,0,0,0,1,6,true,false,false,true,,J. Hansen,,Not Available,NA,Army Black Knights,s:40~l:54~t:349,army-black-knights,https://a.espncdn.com/i/teamlogos/ncaa/500/349.png,ARMY,ce9c00,231f20,home,true,69,107,Crusaders,Holy Cross,Holy Cross Crusaders,HC,https://a.espncdn.com/i/teamlogos/ncaa/500/107.png,0a0a0a,080808,68
260670349,2006,2,2006-03-08,2006-03-08T19:00:00.000000-0500,5271,Cara Enright,349,Black Knights,Army,Army,0.0,4,13,0,4,0,0,2,5,7,0,0,0,0,0,8,true,false,false,true,,C. Enright,,Not Available,NA,Army Black Knights,s:40~l:54~t:349,army-black-knights,https://a.espncdn.com/i/teamlogos/ncaa/500/349.png,ARMY,ce9c00,231f20,home,true,69,107,Crusaders,Holy Cross,Holy Cross Crusaders,HC,https://a.espncdn.com/i/teamlogos/ncaa/500/107.png,0a0a0a,080808,68
260672628,2006,2,2006-03-08,2006-03-08T22:30:00.000000-0500,5658,Hanna Zavecz,2751,Cowgirls,Wyoming,Wyoming,0.0,1,14,0,5,7,9,2,11,13,0,0,0,0,4,9,true,false,false,true,5  ,H. Zavecz,,Forward,F,Wyoming Cowgirls,s:40~l:54~t:2751,wyoming-cowgirls,https://a.espncdn.com/i/teamlogos/ncaa/500/2751.png,WYO,533B22,ffffff,away,false,55,2628,Horned Frogs,TCU,TCU Horned Frogs,TCU,https://a.espncdn.com/i/teamlogos/ncaa/500/2628.png,4d1979,f1f2f3,63
260672628,2006,2,2006-03-08,2006-03-08T22:30:00.000000-0500,5660,Megan Mcguffey,2751,Cowgirls,Wyoming,Wyoming,0.0,5,12,0,3,2,2,3,2,5,0,0,0,0,1,12,true,false,false,true,24 ,M. Mcguffey,,Guard,G,Wyoming Cowgirls,s:40~l:54~t:2751,wyoming-cowgirls,https://a.espncdn.com/i/teamlogos/ncaa/500/2751.png,WYO,533B22,ffffff,away,false,55,2628,Horned Frogs,TCU,TCU Horned Frogs,TCU,https://a.espncdn.com/i/teamlogos/ncaa/500/2628.png,4d1979,f1f2f3,63
260672628,2006,2,2006-03-08,2006-03-08T22:30:00.000000-0500,4385,Michelle Taylor,2751,Cowgirls,Wyoming,Wyoming,0.0,3,12,0,0,3,4,1,0,1,0,0,0,0,5,9,true,false,false,true,,M. Taylor,,Not Available,NA,Wyoming Cowgirls,s:40~l:54~t:2751,wyoming-cowgirls,https://a.espncdn.com/i/teamlogos/ncaa/500/2751.png,WYO,533B22,ffffff,away,false,55,2628,Horned Frogs,TCU,TCU Horned Frogs,TCU,https://a.espncdn.com/i/teamlogos/ncaa/500/2628.png,4d1979,f1f2f3,63
260672628,2006,2,2006-03-08,2006-03-08T22:30:00.000000-0500,5661,Erin Hicks,2751,Cowgirls,Wyoming,Wyoming,0.0,5,9,4,5,0,0,6,2,8,0,0,0,0,0,14,true,false,false,true,,E. Hicks,,Not Available,NA,Wyoming Cowgirls,s:40~l:54~t:2751,wyoming-cowgirls,https://a.espncdn.com/i/teamlogos/ncaa/500/2751.png,WYO,533B22,ffffff,away,false,55,2628,Horned Frogs,TCU,TCU Horned Frogs,TCU,https://a.espncdn.com/i/teamlogos/ncaa/500/2628.png,4d1979,f1f2f3,63
260672628,2006,2,2006-03-08,2006-03-08T22:30:00.000000-0500,5659,Jodi Bolerjack,2751,Cowgirls,Wyoming,Wyoming,0.0,3,12,0,5,3,4,2,1,3,0,0,0,0,1,9,true,false,false,true,,J. Bolerjack,,Not Available,NA,Wyoming Cowgirls,s:40~l:54~t:2751,wyoming-cowgirls,https://a.espncdn.com/i/teamlogos/ncaa/500/2751.png,WYO,533B22,ffffff,away,false,55,2628,Horned Frogs,TCU,TCU Horned Frogs,TCU,https://a.espncdn.com/i/teamlogos/ncaa/500/2628.png,4d1979,f1f2f3,63
260672628,2006,2,2006-03-08,2006-03-08T22:30:00.000000-0500,4867,Vanessa Clementino,2628,Horned Frogs,TCU,TCU,0.0,5,7,1,2,0,0,1,3,4,0,0,0,0,3,11,true,false,false,true,,V. Clementino,,Not Available,NA,TCU Horned Frogs,s:40~l:54~t:2628,tcu-horned-frogs,https://a.espncdn.com/i/teamlogos/ncaa/500/2628.png,TCU,4d1979,f1f2f3,home,true,63,2751,Cowgirls,Wyoming,Wyoming Cowgirls,WYO,https://a.espncdn.com/i/teamlogos/ncaa/500/2751.png,533B22,ffffff,55
260672628,2006,2,2006-03-08,2006-03-08T22:30:00.000000-0500,4861,Moneka Knight,2628,Horned Frogs,TCU,TCU,0.0,0,1,0,0,0,0,0,0,0,0,0,0,0,0,0,true,false,false,true,,M. Knight,,Not Available,NA,TCU Horned Frogs,s:40~l:54~t:2628,tcu-horned-frogs,https://a.espncdn.com/i/teamlogos/ncaa/500/2628.png,TCU,4d1979,f1f2f3,home,true,63,2751,Cowgirls,Wyoming,Wyoming Cowgirls,WYO,https://a.espncdn.com/i/teamlogos/ncaa/500/2751.png,533B22,ffffff,55
260672628,2006,2,2006-03-08,2006-03-08T22:30:00.000000-0500,3850,Natasha Lacy,2628,Horned Frogs,TCU,TCU,0.0,5,10,1,2,3,3,1,8,9,0,0,0,0,2,14,true,false,false,true,,N. Lacy,,Not Available,NA,TCU Horned Frogs,s:40~l:54~t:2628,tcu-horned-frogs,https://a.espncdn.com/i/teamlogos/ncaa/500/2628.png,TCU,4d1979,f1f2f3,home,true,63,2751,Cowgirls,Wyoming,Wyoming Cowgirls,WYO,https://a.espncdn.com/i/teamlogos/ncaa/500/2751.png,533B22,ffffff,55
260672628,2006,2,2006-03-08,2006-03-08T22:30:00.000000-0500,5657,Whitney Regian,2628,Horned Frogs,TCU,TCU,,,,,,,,,,,,,,,,,true,false,true,true,,W. Regian,,Not Available,NA,TCU Horned Frogs,s:40~l:54~t:2628,tcu-horned-frogs,https://a.espncdn.com/i/teamlogos/ncaa/500/2628.png,TCU,4d1979,f1f2f3,home,true,63,2751,Cowgirls,Wyoming,Wyoming Cowgirls,WYO,https://a.espncdn.com/i/teamlogos/ncaa/500/2751.png,533B22,ffffff,55
260672628,2006,2,2006-03-08,2006-03-08T22:30:00.000000-0500,5463,Brittany Purdom,2628,Horned Frogs,TCU,TCU,,,,,,,,,,,,,,,,,true,false,true,true,,B. Purdom,,Not Available,NA,TCU Horned Frogs,s:40~l:54~t:2628,tcu-horned-frogs,https://a.espncdn.com/i/teamlogos/ncaa/500/2628.png,TCU,4d1979,f1f2f3,home,true,63,2751,Cowgirls,Wyoming,Wyoming Cowgirls,WYO,https://a.espncdn.com/i/teamlogos/ncaa/500/2751.png,533B22,ffffff,55
260662710,2006,2,2006-03-07,2006-03-07T13:30:00.000000-0500,5609,April Kidd,2473,Golden Grizzlies,Oakland,Oakland,0.0,2,7,0,2,1,2,1,2,3,0,0,0,0,4,5,true,false,false,true,23 ,A. Kidd,,Guard,G,Oakland Golden Grizzlies,s:40~l:54~t:2473,oakland-golden-grizzlies,https://a.espncdn.com/i/teamlogos/ncaa/500/2473.png,OAK,04091c,bc955c,away,true,65,2710,Leathernecks,Western Illinois,Western Illinois Leathernecks,WIU,https://a.espncdn.com/i/teamlogos/ncaa/500/2710.png,4e1e8a,ffc90a,56
260662710,2006,2,2006-03-07,2006-03-07T13:30:00.000000-0500,5608,Bonnie Baker,2473,Golden Grizzlies,Oakland,Oakland,0.0,3,10,0,1,2,4,2,2,4,0,0,0,0,2,8,true,false,false,true,,B. Baker,,Not Available,NA,Oakland Golden Grizzlies,s:40~l:54~t:2473,oakland-golden-grizzlies,https://a.espncdn.com/i/teamlogos/ncaa/500/2473.png,OAK,04091c,bc955c,away,true,65,2710,Leathernecks,Western Illinois,Western Illinois Leathernecks,WIU,https://a.espncdn.com/i/teamlogos/ncaa/500/2710.png,4e1e8a,ffc90a,56
260662710,2006,2,2006-03-07,2006-03-07T13:30:00.000000-0500,5607,Nicole Piggott,2473,Golden Grizzlies,Oakland,Oakland,0.0,4,7,3,5,3,4,2,5,7,0,0,0,0,4,14,true,false,false,true,,N. Piggott,,Not Available,NA,Oakland Golden Grizzlies,s:40~l:54~t:2473,oakland-golden-grizzlies,https://a.espncdn.com/i/teamlogos/ncaa/500/2473.png,OAK,04091c,bc955c,away,true,65,2710,Leathernecks,Western Illinois,Western Illinois Leathernecks,WIU,https://a.espncdn.com/i/teamlogos/ncaa/500/2710.png,4e1e8a,ffc90a,56
260662710,2006,2,2006-03-07,2006-03-07T13:30:00.000000-0500,3191,Jayme Wilson,2473,Golden Grizzlies,Oakland,Oakland,0.0,2,8,0,0,0,1,3,3,6,0,0,0,0,4,4,true,false,false,true,,J. Wilson,,Not Available,NA,Oakland Golden Grizzlies,s:40~l:54~t:2473,oakland-golden-grizzlies,https://a.espncdn.com/i/teamlogos/ncaa/500/2473.png,OAK,04091c,bc955c,away,true,65,2710,Leathernecks,Western Illinois,Western Illinois Leathernecks,WIU,https://a.espncdn.com/i/teamlogos/ncaa/500/2710.png,4e1e8a,ffc90a,56
260662710,2006,2,2006-03-07,2006-03-07T13:30:00.000000-0500,3190,Anne Hafeli,2473,Golden Grizzlies,Oakland,Oakland,0.0,6,10,3,7,8,8,1,7,8,0,0,0,0,1,23,true,false,false,true,,A. Hafeli,,Not Available,NA,Oakland Golden Grizzlies,s:40~l:54~t:2473,oakland-golden-grizzlies,https://a.espncdn.com/i/teamlogos/ncaa/500/2473.png,OAK,04091c,bc955c,away,true,65,2710,Leathernecks,Western Illinois,Western Illinois Leathernecks,WIU,https://a.espncdn.com/i/teamlogos/ncaa/500/2710.png,4e1e8a,ffc90a,56
260662710,2006,2,2006-03-07,2006-03-07T13:30:00.000000-0500,5613,Amanda Walker,2710,Leathernecks,Western Illinois,W Illinois,0.0,2,11,0,5,0,0,1,3,4,0,0,0,0,4,4,true,false,false,true,,A. Walker,,Guard,G,Western Illinois Leathernecks,s:40~l:54~t:2710,western-illinois-leathernecks,https://a.espncdn.com/i/teamlogos/ncaa/500/2710.png,WIU,4e1e8a,ffc90a,home,false,56,2473,Golden Grizzlies,Oakland,Oakland Golden Grizzlies,OAK,https://a.espncdn.com/i/teamlogos/ncaa/500/2473.png,04091c,bc955c,65
260662710,2006,2,2006-03-07,2006-03-07T13:30:00.000000-0500,3530,Zane Teilane,2710,Leathernecks,Western Illinois,W Illinois,0.0,11,26,0,0,6,6,10,11,21,0,0,0,0,2,28,true,false,false,true,,Z. Teilane,,Not Available,NA,Western Illinois Leathernecks,s:40~l:54~t:2710,western-illinois-leathernecks,https://a.espncdn.com/i/teamlogos/ncaa/500/2710.png,WIU,4e1e8a,ffc90a,home,false,56,2473,Golden Grizzlies,Oakland,Oakland Golden Grizzlies,OAK,https://a.espncdn.com/i/teamlogos/ncaa/500/2473.png,04091c,bc955c,65
260662710,2006,2,2006-03-07,2006-03-07T13:30:00.000000-0500,5611,Laura Reeves,2710,Leathernecks,Western Illinois,W Illinois,0.0,2,8,1,7,2,2,1,1,2,0,0,0,0,3,7,true,false,false,true,,L. Reeves,,Not Available,NA,Western Illinois Leathernecks,s:40~l:54~t:2710,western-illinois-leathernecks,https://a.espncdn.com/i/teamlogos/ncaa/500/2710.png,WIU,4e1e8a,ffc90a,home,false,56,2473,Golden Grizzlies,Oakland,Oakland Golden Grizzlies,OAK,https://a.espncdn.com/i/teamlogos/ncaa/500/2473.png,04091c,bc955c,65
260662710,2006,2,2006-03-07,2006-03-07T13:30:00.000000-0500,5610,Samantha Greer,2710,Leathernecks,Western Illinois,W Illinois,0.0,2,8,0,0,3,6,2,1,3,0,0,0,0,3,7,true,false,false,true,,S. Greer,,Not Available,NA,Western Illinois Leathernecks,s:40~l:54~t:2710,western-illinois-leathernecks,https://a.espncdn.com/i/teamlogos/ncaa/500/2710.png,WIU,4e1e8a,ffc90a,home,false,56,2473,Golden Grizzlies,Oakland,Oakland Golden Grizzlies,OAK,https://a.espncdn.com/i/teamlogos/ncaa/500/2473.png,04091c,bc955c,65
260662710,2006,2,2006-03-07,2006-03-07T13:30:00.000000-0500,5612,DeDe Murphy,2710,Leathernecks,Western Illinois,W Illinois,0.0,1,9,0,5,2,2,1,2,3,0,0,0,0,0,4,true,false,false,true,,D. Murphy,,Not Available,NA,Western Illinois Leathernecks,s:40~l:54~t:2710,western-illinois-leathernecks,https://a.espncdn.com/i/teamlogos/ncaa/500/2710.png,WIU,4e1e8a,ffc90a,home,false,56,2473,Golden Grizzlies,Oakland,Oakland Golden Grizzlies,OAK,https://a.espncdn.com/i/teamlogos/ncaa/500/2473.png,04091c,bc955c,65
260660098,2006,2,2006-03-07,2006-03-07T16:00:00.000000-0500,4449,Krystle Horton,2393,Blue Raiders,Middle Tennessee,MTSU,0.0,4,9,0,1,2,3,4,4,8,0,0,0,0,3,10,true,false,false,true,,K. Horton,,Not Available,NA,Middle Tennessee Blue Raiders,s:40~l:54~t:2393,middle-tennessee-blue-raiders,https://a.espncdn.com/i/teamlogos/ncaa/500/2393.png,MTSU,006db6,ffffff,away,true,84,98,Lady Toppers,Western Kentucky,Western Kentucky Lady Toppers,WKU,https://a.espncdn.com/i/teamlogos/ncaa/500/98.png,F32026,b3b5b8,73
260660098,2006,2,2006-03-07,2006-03-07T16:00:00.000000-0500,3030,Tia Stovall,2393,Blue Raiders,Middle Tennessee,MTSU,0.0,9,11,0,0,1,2,1,1,2,0,0,0,0,4,19,true,false,false,true,,T. Stovall,,Not Available,NA,Middle Tennessee Blue Raiders,s:40~l:54~t:2393,middle-tennessee-blue-raiders,https://a.espncdn.com/i/teamlogos/ncaa/500/2393.png,MTSU,006db6,ffffff,away,true,84,98,Lady Toppers,Western Kentucky,Western Kentucky Lady Toppers,WKU,https://a.espncdn.com/i/teamlogos/ncaa/500/98.png,F32026,b3b5b8,73
260660098,2006,2,2006-03-07,2006-03-07T16:00:00.000000-0500,5573,LaCondra Mason,2393,Blue Raiders,Middle Tennessee,MTSU,0.0,1,2,0,1,0,0,0,0,0,0,0,0,0,3,2,true,false,false,true,,L. Mason,,Not Available,NA,Middle Tennessee Blue Raiders,s:40~l:54~t:2393,middle-tennessee-blue-raiders,https://a.espncdn.com/i/teamlogos/ncaa/500/2393.png,MTSU,006db6,ffffff,away,true,84,98,Lady Toppers,Western Kentucky,Western Kentucky Lady Toppers,WKU,https://a.espncdn.com/i/teamlogos/ncaa/500/98.png,F32026,b3b5b8,73
260660098,2006,2,2006-03-07,2006-03-07T16:00:00.000000-0500,5572,Johnna Abney,2393,Blue Raiders,Middle Tennessee,MTSU,0.0,0,1,0,1,2,2,0,1,1,0,0,0,0,2,2,true,false,false,true,,J. Abney,,Not Available,NA,Middle Tennessee Blue Raiders,s:40~l:54~t:2393,middle-tennessee-blue-raiders,https://a.espncdn.com/i/teamlogos/ncaa/500/2393.png,MTSU,006db6,ffffff,away,true,84,98,Lady Toppers,Western Kentucky,Western Kentucky Lady Toppers,WKU,https://a.espncdn.com/i/teamlogos/ncaa/500/98.png,F32026,b3b5b8,73
260660098,2006,2,2006-03-07,2006-03-07T16:00:00.000000-0500,4452,Chrissy Givens,2393,Blue Raiders,Middle Tennessee,MTSU,0.0,6,13,0,2,12,12,1,11,12,0,0,0,0,4,24,true,false,false,true,,C. Givens,,Not Available,NA,Middle Tennessee Blue Raiders,s:40~l:54~t:2393,middle-tennessee-blue-raiders,https://a.espncdn.com/i/teamlogos/ncaa/500/2393.png,MTSU,006db6,ffffff,away,true,84,98,Lady Toppers,Western Kentucky,Western Kentucky Lady Toppers,WKU,https://a.espncdn.com/i/teamlogos/ncaa/500/98.png,F32026,b3b5b8,73
260660098,2006,2,2006-03-07,2006-03-07T16:00:00.000000-0500,5583,Dominique Duck,98,Lady Toppers,Western Kentucky,Western KY,0.0,2,7,0,0,2,4,2,0,2,0,0,0,0,3,6,true,false,false,true,23 ,D. Duck,,Forward,F,Western Kentucky Lady Toppers,s:40~l:54~t:98,western-kentucky-lady-toppers,https://a.espncdn.com/i/teamlogos/ncaa/500/98.png,WKU,F32026,b3b5b8,home,false,73,2393,Blue Raiders,Middle Tennessee,Middle Tennessee Blue Raiders,MTSU,https://a.espncdn.com/i/teamlogos/ncaa/500/2393.png,006db6,ffffff,84
260660098,2006,2,2006-03-07,2006-03-07T16:00:00.000000-0500,5582,Crystal Kelly,98,Lady Toppers,Western Kentucky,Western KY,0.0,7,8,0,0,3,3,2,6,8,0,0,0,0,2,17,true,false,false,true,,C. Kelly,,Not Available,NA,Western Kentucky Lady Toppers,s:40~l:54~t:98,western-kentucky-lady-toppers,https://a.espncdn.com/i/teamlogos/ncaa/500/98.png,WKU,F32026,b3b5b8,home,false,73,2393,Blue Raiders,Middle Tennessee,Middle Tennessee Blue Raiders,MTSU,https://a.espncdn.com/i/teamlogos/ncaa/500/2393.png,006db6,ffffff,84
260660098,2006,2,2006-03-07,2006-03-07T16:00:00.000000-0500,3909,Charlotte Marshall,98,Lady Toppers,Western Kentucky,Western KY,0.0,3,6,2,5,2,2,0,4,4,0,0,0,0,4,10,true,false,false,true,,C. Marshall,,Not Available,NA,Western Kentucky Lady Toppers,s:40~l:54~t:98,western-kentucky-lady-toppers,https://a.espncdn.com/i/teamlogos/ncaa/500/98.png,WKU,F32026,b3b5b8,home,false,73,2393,Blue Raiders,Middle Tennessee,Middle Tennessee Blue Raiders,MTSU,https://a.espncdn.com/i/teamlogos/ncaa/500/2393.png,006db6,ffffff,84
260660098,2006,2,2006-03-07,2006-03-07T16:00:00.000000-0500,4144,Tifany Zaragoza,98,Lady Toppers,Western Kentucky,Western KY,0.0,4,12,2,4,0,0,1,0,1,0,0,0,0,4,10,true,false,false,true,,T. Zaragoza,,Not Available,NA,Western Kentucky Lady Toppers,s:40~l:54~t:98,western-kentucky-lady-toppers,https://a.espncdn.com/i/teamlogos/ncaa/500/98.png,WKU,F32026,b3b5b8,home,false,73,2393,Blue Raiders,Middle Tennessee,Middle Tennessee Blue Raiders,MTSU,https://a.espncdn.com/i/teamlogos/ncaa/500/2393.png,006db6,ffffff,84
260660098,2006,2,2006-03-07,2006-03-07T16:00:00.000000-0500,2802,Tiffany Porter-Talbert,98,Lady Toppers,Western Kentucky,Western KY,0.0,7,13,0,0,6,7,3,3,6,0,0,0,0,4,20,true,false,false,true,,T. Porter-Talbert,,Not Available,NA,Western Kentucky Lady Toppers,s:40~l:54~t:98,western-kentucky-lady-toppers,https://a.espncdn.com/i/teamlogos/ncaa/500/98.png,WKU,F32026,b3b5b8,home,false,73,2393,Blue Raiders,Middle Tennessee,Middle Tennessee Blue Raiders,MTSU,https://a.espncdn.com/i/teamlogos/ncaa/500/2393.png,006db6,ffffff,84
260652393,2006,2,2006-03-06,2006-03-06T12:00:00.000000-0500,5569,Adrianne Davie,2032,Red Wolves,Arkansas State,Arkansas St,0.0,10,19,0,1,5,7,6,3,9,0,0,0,0,5,25,true,false,false,true,,A. Davie,,Not Available,NA,Arkansas State Red Wolves,s:40~l:54~t:2032,arkansas-state-red-wolves,https://a.espncdn.com/i/teamlogos/ncaa/500/2032.png,ARST,e81018,000000,away,false,64,2393,Blue Raiders,Middle Tennessee,Middle Tennessee Blue Raiders,MTSU,https://a.espncdn.com/i/teamlogos/ncaa/500/2393.png,006db6,ffffff,90
260652393,2006,2,2006-03-06,2006-03-06T12:00:00.000000-0500,5571,Rudy Sims,2032,Red Wolves,Arkansas State,Arkansas St,0.0,3,10,1,4,2,2,1,1,2,0,0,0,0,2,9,true,false,false,true,,R. Sims,,Not Available,NA,Arkansas State Red Wolves,s:40~l:54~t:2032,arkansas-state-red-wolves,https://a.espncdn.com/i/teamlogos/ncaa/500/2032.png,ARST,e81018,000000,away,false,64,2393,Blue Raiders,Middle Tennessee,Middle Tennessee Blue Raiders,MTSU,https://a.espncdn.com/i/teamlogos/ncaa/500/2393.png,006db6,ffffff,90
260652393,2006,2,2006-03-06,2006-03-06T12:00:00.000000-0500,5570,Ronnie Maglaughlin,2032,Red Wolves,Arkansas State,Arkansas St,0.0,3,7,1,4,1,2,1,4,5,0,0,0,0,4,8,true,false,false,true,,R. Maglaughlin,,Not Available,NA,Arkansas State Red Wolves,s:40~l:54~t:2032,arkansas-state-red-wolves,https://a.espncdn.com/i/teamlogos/ncaa/500/2032.png,ARST,e81018,000000,away,false,64,2393,Blue Raiders,Middle Tennessee,Middle Tennessee Blue Raiders,MTSU,https://a.espncdn.com/i/teamlogos/ncaa/500/2393.png,006db6,ffffff,90
260652393,2006,2,2006-03-06,2006-03-06T12:00:00.000000-0500,2502,Katie Caraway,2032,Red Wolves,Arkansas State,Arkansas St,0.0,0,2,0,1,0,0,0,5,5,0,0,0,0,0,0,true,false,false,true,,K. Caraway,,Not Available,NA,Arkansas State Red Wolves,s:40~l:54~t:2032,arkansas-state-red-wolves,https://a.espncdn.com/i/teamlogos/ncaa/500/2032.png,ARST,e81018,000000,away,false,64,2393,Blue Raiders,Middle Tennessee,Middle Tennessee Blue Raiders,MTSU,https://a.espncdn.com/i/teamlogos/ncaa/500/2393.png,006db6,ffffff,90
260652393,2006,2,2006-03-06,2006-03-06T12:00:00.000000-0500,60,Amber Abraham,2032,Red Wolves,Arkansas State,Arkansas St,0.0,3,6,3,5,0,0,1,0,1,0,0,0,0,2,9,true,false,false,true,,A. Abraham,,Not Available,NA,Arkansas State Red Wolves,s:40~l:54~t:2032,arkansas-state-red-wolves,https://a.espncdn.com/i/teamlogos/ncaa/500/2032.png,ARST,e81018,000000,away,false,64,2393,Blue Raiders,Middle Tennessee,Middle Tennessee Blue Raiders,MTSU,https://a.espncdn.com/i/teamlogos/ncaa/500/2393.png,006db6,ffffff,90
260652393,2006,2,2006-03-06,2006-03-06T12:00:00.000000-0500,4449,Krystle Horton,2393,Blue Raiders,Middle Tennessee,MTSU,0.0,10,17,0,0,4,5,3,1,4,0,0,0,0,2,24,true,false,false,true,,K. Horton,,Not Available,NA,Middle Tennessee Blue Raiders,s:40~l:54~t:2393,middle-tennessee-blue-raiders,https://a.espncdn.com/i/teamlogos/ncaa/500/2393.png,MTSU,006db6,ffffff,home,true,90,2032,Red Wolves,Arkansas State,Arkansas State Red Wolves,ARST,https://a.espncdn.com/i/teamlogos/ncaa/500/2032.png,e81018,000000,64
260652393,2006,2,2006-03-06,2006-03-06T12:00:00.000000-0500,3030,Tia Stovall,2393,Blue Raiders,Middle Tennessee,MTSU,0.0,6,7,0,0,4,6,2,4,6,0,0,0,0,3,16,true,false,false,true,,T. Stovall,,Not Available,NA,Middle Tennessee Blue Raiders,s:40~l:54~t:2393,middle-tennessee-blue-raiders,https://a.espncdn.com/i/teamlogos/ncaa/500/2393.png,MTSU,006db6,ffffff,home,true,90,2032,Red Wolves,Arkansas State,Arkansas State Red Wolves,ARST,https://a.espncdn.com/i/teamlogos/ncaa/500/2032.png,e81018,000000,64
260652393,2006,2,2006-03-06,2006-03-06T12:00:00.000000-0500,5573,LaCondra Mason,2393,Blue Raiders,Middle Tennessee,MTSU,0.0,4,5,4,5,0,0,0,3,3,0,0,0,0,3,12,true,false,false,true,,L. Mason,,Not Available,NA,Middle Tennessee Blue Raiders,s:40~l:54~t:2393,middle-tennessee-blue-raiders,https://a.espncdn.com/i/teamlogos/ncaa/500/2393.png,MTSU,006db6,ffffff,home,true,90,2032,Red Wolves,Arkansas State,Arkansas State Red Wolves,ARST,https://a.espncdn.com/i/teamlogos/ncaa/500/2032.png,e81018,000000,64
260652393,2006,2,2006-03-06,2006-03-06T12:00:00.000000-0500,5572,Johnna Abney,2393,Blue Raiders,Middle Tennessee,MTSU,0.0,5,8,4,7,4,4,1,3,4,0,0,0,0,1,18,true,false,false,true,,J. Abney,,Not Available,NA,Middle Tennessee Blue Raiders,s:40~l:54~t:2393,middle-tennessee-blue-raiders,https://a.espncdn.com/i/teamlogos/ncaa/500/2393.png,MTSU,006db6,ffffff,home,true,90,2032,Red Wolves,Arkansas State,Arkansas State Red Wolves,ARST,https://a.espncdn.com/i/teamlogos/ncaa/500/2032.png,e81018,000000,64
260652393,2006,2,2006-03-06,2006-03-06T12:00:00.000000-0500,4452,Chrissy Givens,2393,Blue Raiders,Middle Tennessee,MTSU,0.0,4,12,1,4,2,3,0,5,5,0,0,0,0,1,11,true,false,false,true,,C. Givens,,Not Available,NA,Middle Tennessee Blue Raiders,s:40~l:54~t:2393,middle-tennessee-blue-raiders,https://a.espncdn.com/i/teamlogos/ncaa/500/2393.png,MTSU,006db6,ffffff,home,true,90,2032,Red Wolves,Arkansas State,Arkansas State Red Wolves,ARST,https://a.espncdn.com/i/teamlogos/ncaa/500/2032.png,e81018,000000,64
260650098,2006,2,2006-03-06,2006-03-06T14:30:00.000000-0500,5578,Marquita Adley,2229,Panthers,Florida International,FIU,0.0,2,4,0,0,1,2,1,5,6,0,0,0,0,4,5,true,false,false,true,,M. Adley,,Forward,F,Florida International Panthers,s:40~l:54~t:2229,florida-international-panthers,https://a.espncdn.com/i/teamlogos/ncaa/500/2229.png,FIU,001538,c5960c,away,false,58,98,Lady Toppers,Western Kentucky,Western Kentucky Lady Toppers,WKU,https://a.espncdn.com/i/teamlogos/ncaa/500/98.png,F32026,b3b5b8,66
260650098,2006,2,2006-03-06,2006-03-06T14:30:00.000000-0500,5579,Lasma Jekabsone,2229,Panthers,Florida International,FIU,0.0,10,15,0,0,4,4,6,2,8,0,0,0,0,4,24,true,false,false,true,,L. Jekabsone,,Not Available,NA,Florida International Panthers,s:40~l:54~t:2229,florida-international-panthers,https://a.espncdn.com/i/teamlogos/ncaa/500/2229.png,FIU,001538,c5960c,away,false,58,98,Lady Toppers,Western Kentucky,Western Kentucky Lady Toppers,WKU,https://a.espncdn.com/i/teamlogos/ncaa/500/98.png,F32026,b3b5b8,66
260650098,2006,2,2006-03-06,2006-03-06T14:30:00.000000-0500,5581,Eva Makela,2229,Panthers,Florida International,FIU,0.0,3,8,0,2,0,0,1,2,3,0,0,0,0,4,6,true,false,false,true,,E. Makela,,Not Available,NA,Florida International Panthers,s:40~l:54~t:2229,florida-international-panthers,https://a.espncdn.com/i/teamlogos/ncaa/500/2229.png,FIU,001538,c5960c,away,false,58,98,Lady Toppers,Western Kentucky,Western Kentucky Lady Toppers,WKU,https://a.espncdn.com/i/teamlogos/ncaa/500/98.png,F32026,b3b5b8,66
260650098,2006,2,2006-03-06,2006-03-06T14:30:00.000000-0500,5580,LaQuetta Ferguson,2229,Panthers,Florida International,FIU,0.0,2,9,1,4,1,3,2,6,8,0,0,0,0,3,6,true,false,false,true,,L. Ferguson,,Not Available,NA,Florida International Panthers,s:40~l:54~t:2229,florida-international-panthers,https://a.espncdn.com/i/teamlogos/ncaa/500/2229.png,FIU,001538,c5960c,away,false,58,98,Lady Toppers,Western Kentucky,Western Kentucky Lady Toppers,WKU,https://a.espncdn.com/i/teamlogos/ncaa/500/98.png,F32026,b3b5b8,66
260650098,2006,2,2006-03-06,2006-03-06T14:30:00.000000-0500,2717,Faeza Bouderra,2229,Panthers,Florida International,FIU,0.0,4,12,0,3,5,7,2,6,8,0,0,0,0,5,13,true,false,false,true,,F. Bouderra,,Not Available,NA,Florida International Panthers,s:40~l:54~t:2229,florida-international-panthers,https://a.espncdn.com/i/teamlogos/ncaa/500/2229.png,FIU,001538,c5960c,away,false,58,98,Lady Toppers,Western Kentucky,Western Kentucky Lady Toppers,WKU,https://a.espncdn.com/i/teamlogos/ncaa/500/98.png,F32026,b3b5b8,66
260650098,2006,2,2006-03-06,2006-03-06T14:30:00.000000-0500,5583,Dominique Duck,98,Lady Toppers,Western Kentucky,Western KY,0.0,2,6,0,0,3,8,2,1,3,0,0,0,0,3,7,true,false,false,true,23 ,D. Duck,,Forward,F,Western Kentucky Lady Toppers,s:40~l:54~t:98,western-kentucky-lady-toppers,https://a.espncdn.com/i/teamlogos/ncaa/500/98.png,WKU,F32026,b3b5b8,home,true,66,2229,Panthers,Florida International,Florida International Panthers,FIU,https://a.espncdn.com/i/teamlogos/ncaa/500/2229.png,001538,c5960c,58
260650098,2006,2,2006-03-06,2006-03-06T14:30:00.000000-0500,5582,Crystal Kelly,98,Lady Toppers,Western Kentucky,Western KY,0.0,5,13,0,0,4,5,4,4,8,0,0,0,0,3,14,true,false,false,true,,C. Kelly,,Not Available,NA,Western Kentucky Lady Toppers,s:40~l:54~t:98,western-kentucky-lady-toppers,https://a.espncdn.com/i/teamlogos/ncaa/500/98.png,WKU,F32026,b3b5b8,home,true,66,2229,Panthers,Florida International,Florida International Panthers,FIU,https://a.espncdn.com/i/teamlogos/ncaa/500/2229.png,001538,c5960c,58
260650098,2006,2,2006-03-06,2006-03-06T14:30:00.000000-0500,3909,Charlotte Marshall,98,Lady Toppers,Western Kentucky,Western KY,0.0,1,7,0,3,0,0,1,2,3,0,0,0,0,3,2,true,false,false,true,,C. Marshall,,Not Available,NA,Western Kentucky Lady Toppers,s:40~l:54~t:98,western-kentucky-lady-toppers,https://a.espncdn.com/i/teamlogos/ncaa/500/98.png,WKU,F32026,b3b5b8,home,true,66,2229,Panthers,Florida International,Florida International Panthers,FIU,https://a.espncdn.com/i/teamlogos/ncaa/500/2229.png,001538,c5960c,58
260650098,2006,2,2006-03-06,2006-03-06T14:30:00.000000-0500,4144,Tifany Zaragoza,98,Lady Toppers,Western Kentucky,Western KY,0.0,4,10,0,2,1,2,1,1,2,0,0,0,0,2,9,true,false,false,true,,T. Zaragoza,,Not Available,NA,Western Kentucky Lady Toppers,s:40~l:54~t:98,western-kentucky-lady-toppers,https://a.espncdn.com/i/teamlogos/ncaa/500/98.png,WKU,F32026,b3b5b8,home,true,66,2229,Panthers,Florida International,Florida International Panthers,FIU,https://a.espncdn.com/i/teamlogos/ncaa/500/2229.png,001538,c5960c,58
260650098,2006,2,2006-03-06,2006-03-06T14:30:00.000000-0500,2802,Tiffany Porter-Talbert,98,Lady Toppers,Western Kentucky,Western KY,0.0,8,18,0,0,5,8,3,3,6,0,0,0,0,2,21,true,false,false,true,,T. Porter-Talbert,,Not Available,NA,Western Kentucky Lady Toppers,s:40~l:54~t:98,western-kentucky-lady-toppers,https://a.espncdn.com/i/teamlogos/ncaa/500/98.png,WKU,F32026,b3b5b8,home,true,66,2229,Panthers,Florida International,Florida International Panthers,FIU,https://a.espncdn.com/i/teamlogos/ncaa/500/2229.png,001538,c5960c,58
260650270,2006,2,2006-03-06,2006-03-06T16:00:00.000000-0500,5588,Nicole Rinaldi,82,Flames,UIC,UIC,0.0,3,4,0,0,0,0,2,3,5,0,0,0,0,5,6,true,false,false,true,,N. Rinaldi,,Not Available,NA,UIC Flames,s:40~l:54~t:82,uic-flames,https://a.espncdn.com/i/teamlogos/ncaa/500/82.png,UIC,001e62,d50032,away,false,63,270,Panthers,Milwaukee,Milwaukee Panthers,MILW,https://a.espncdn.com/i/teamlogos/ncaa/500/270.png,000000,ffc20e,71
260650270,2006,2,2006-03-06,2006-03-06T16:00:00.000000-0500,5591,Kelly True,82,Flames,UIC,UIC,0.0,0,5,0,3,0,0,1,4,5,0,0,0,0,4,0,true,false,false,true,,K. True,,Not Available,NA,UIC Flames,s:40~l:54~t:82,uic-flames,https://a.espncdn.com/i/teamlogos/ncaa/500/82.png,UIC,001e62,d50032,away,false,63,270,Panthers,Milwaukee,Milwaukee Panthers,MILW,https://a.espncdn.com/i/teamlogos/ncaa/500/270.png,000000,ffc20e,71
260650270,2006,2,2006-03-06,2006-03-06T16:00:00.000000-0500,5590,Krystal Hugelier,82,Flames,UIC,UIC,0.0,1,5,1,4,0,2,1,2,3,0,0,0,0,2,3,true,false,false,true,,K. Hugelier,,Not Available,NA,UIC Flames,s:40~l:54~t:82,uic-flames,https://a.espncdn.com/i/teamlogos/ncaa/500/82.png,UIC,001e62,d50032,away,false,63,270,Panthers,Milwaukee,Milwaukee Panthers,MILW,https://a.espncdn.com/i/teamlogos/ncaa/500/270.png,000000,ffc20e,71
260650270,2006,2,2006-03-06,2006-03-06T16:00:00.000000-0500,5589,LaShonda Grant,82,Flames,UIC,UIC,0.0,4,14,1,4,6,10,0,1,1,0,0,0,0,2,15,true,false,false,true,,L. Grant,,Not Available,NA,UIC Flames,s:40~l:54~t:82,uic-flames,https://a.espncdn.com/i/teamlogos/ncaa/500/82.png,UIC,001e62,d50032,away,false,63,270,Panthers,Milwaukee,Milwaukee Panthers,MILW,https://a.espncdn.com/i/teamlogos/ncaa/500/270.png,000000,ffc20e,71
260650270,2006,2,2006-03-06,2006-03-06T16:00:00.000000-0500,3448,Chrissy Dizon,82,Flames,UIC,UIC,0.0,7,14,1,6,0,0,4,1,5,0,0,0,0,4,15,true,false,false,true,,C. Dizon,,Not Available,NA,UIC Flames,s:40~l:54~t:82,uic-flames,https://a.espncdn.com/i/teamlogos/ncaa/500/82.png,UIC,001e62,d50032,away,false,63,270,Panthers,Milwaukee,Milwaukee Panthers,MILW,https://a.espncdn.com/i/teamlogos/ncaa/500/270.png,000000,ffc20e,71
260650270,2006,2,2006-03-06,2006-03-06T16:00:00.000000-0500,5592,Kim Wypiszynski,270,Panthers,Milwaukee,Milwaukee,0.0,4,5,0,0,0,0,1,4,5,0,0,0,0,3,8,true,false,false,true,,K. Wypiszynski,,Forward/Center,F-C,Milwaukee Panthers,s:40~l:54~t:270,milwaukee-panthers,https://a.espncdn.com/i/teamlogos/ncaa/500/270.png,MILW,000000,ffc20e,home,true,71,82,Flames,UIC,UIC Flames,UIC,https://a.espncdn.com/i/teamlogos/ncaa/500/82.png,001e62,d50032,63
260650270,2006,2,2006-03-06,2006-03-06T16:00:00.000000-0500,5593,Traci Edwards,270,Panthers,Milwaukee,Milwaukee,0.0,8,13,0,0,8,11,4,2,6,0,0,0,0,3,24,true,false,false,true,,T. Edwards,,Center,C,Milwaukee Panthers,s:40~l:54~t:270,milwaukee-panthers,https://a.espncdn.com/i/teamlogos/ncaa/500/270.png,MILW,000000,ffc20e,home,true,71,82,Flames,UIC,UIC Flames,UIC,https://a.espncdn.com/i/teamlogos/ncaa/500/82.png,001e62,d50032,63
260650270,2006,2,2006-03-06,2006-03-06T16:00:00.000000-0500,2530,Nichole Drummond,270,Panthers,Milwaukee,Milwaukee,0.0,3,10,1,3,4,4,1,3,4,0,0,0,0,2,11,true,false,false,true,,N. Drummond,,Not Available,NA,Milwaukee Panthers,s:40~l:54~t:270,milwaukee-panthers,https://a.espncdn.com/i/teamlogos/ncaa/500/270.png,MILW,000000,ffc20e,home,true,71,82,Flames,UIC,UIC Flames,UIC,https://a.espncdn.com/i/teamlogos/ncaa/500/82.png,001e62,d50032,63
260650270,2006,2,2006-03-06,2006-03-06T16:00:00.000000-0500,4208,Merideth Onson,270,Panthers,Milwaukee,Milwaukee,0.0,1,5,1,3,1,2,1,4,5,0,0,0,0,0,4,true,false,false,true,,M. Onson,,Not Available,NA,Milwaukee Panthers,s:40~l:54~t:270,milwaukee-panthers,https://a.espncdn.com/i/teamlogos/ncaa/500/270.png,MILW,000000,ffc20e,home,true,71,82,Flames,UIC,UIC Flames,UIC,https://a.espncdn.com/i/teamlogos/ncaa/500/82.png,001e62,d50032,63
260650270,2006,2,2006-03-06,2006-03-06T16:00:00.000000-0500,2525,Molly O'Brien,270,Panthers,Milwaukee,Milwaukee,0.0,4,8,1,2,1,2,1,7,8,0,0,0,0,3,10,true,false,false,true,,M. O'Brien,,Not Available,NA,Milwaukee Panthers,s:40~l:54~t:270,milwaukee-panthers,https://a.espncdn.com/i/teamlogos/ncaa/500/270.png,MILW,000000,ffc20e,home,true,71,82,Flames,UIC,UIC Flames,UIC,https://a.espncdn.com/i/teamlogos/ncaa/500/82.png,001e62,d50032,63
260642368,2006,2,2006-03-05,2006-03-05T12:00:00.000000-0500,5536,Jackie Valderas,2352,Greyhounds,Loyola Maryland,Loyola MD,0.0,4,7,0,1,3,3,0,5,5,0,0,0,0,5,11,true,false,false,true,,J. Valderas,,Not Available,NA,Loyola Maryland Greyhounds,s:40~l:54~t:2352,loyola-maryland-greyhounds,https://a.espncdn.com/i/teamlogos/ncaa/500/2352.png,L-MD,76a7a0,c9cbca,away,false,57,2368,Red Foxes,Marist,Marist Red Foxes,MRST,https://a.espncdn.com/i/teamlogos/ncaa/500/2368.png,e53730,f0f0f0,68
260642368,2006,2,2006-03-05,2006-03-05T12:00:00.000000-0500,5535,Lauren Troupe,2352,Greyhounds,Loyola Maryland,Loyola MD,0.0,1,5,0,0,0,0,1,1,2,0,0,0,0,2,2,true,false,false,true,,L. Troupe,,Not Available,NA,Loyola Maryland Greyhounds,s:40~l:54~t:2352,loyola-maryland-greyhounds,https://a.espncdn.com/i/teamlogos/ncaa/500/2352.png,L-MD,76a7a0,c9cbca,away,false,57,2368,Red Foxes,Marist,Marist Red Foxes,MRST,https://a.espncdn.com/i/teamlogos/ncaa/500/2368.png,e53730,f0f0f0,68
260642368,2006,2,2006-03-05,2006-03-05T12:00:00.000000-0500,5539,Krystle Harrington,2352,Greyhounds,Loyola Maryland,Loyola MD,0.0,2,16,2,5,3,4,1,3,4,0,0,0,0,3,9,true,false,false,true,,K. Harrington,,Not Available,NA,Loyola Maryland Greyhounds,s:40~l:54~t:2352,loyola-maryland-greyhounds,https://a.espncdn.com/i/teamlogos/ncaa/500/2352.png,L-MD,76a7a0,c9cbca,away,false,57,2368,Red Foxes,Marist,Marist Red Foxes,MRST,https://a.espncdn.com/i/teamlogos/ncaa/500/2368.png,e53730,f0f0f0,68
260642368,2006,2,2006-03-05,2006-03-05T12:00:00.000000-0500,5538,Jill Glessner,2352,Greyhounds,Loyola Maryland,Loyola MD,0.0,2,6,0,0,2,3,2,4,6,0,0,0,0,4,6,true,false,false,true,,J. Glessner,,Not Available,NA,Loyola Maryland Greyhounds,s:40~l:54~t:2352,loyola-maryland-greyhounds,https://a.espncdn.com/i/teamlogos/ncaa/500/2352.png,L-MD,76a7a0,c9cbca,away,false,57,2368,Red Foxes,Marist,Marist Red Foxes,MRST,https://a.espncdn.com/i/teamlogos/ncaa/500/2368.png,e53730,f0f0f0,68
260642368,2006,2,2006-03-05,2006-03-05T12:00:00.000000-0500,5537,Brittany Dunn,2352,Greyhounds,Loyola Maryland,Loyola MD,0.0,8,15,2,3,3,3,0,2,2,0,0,0,0,5,21,true,false,false,true,,B. Dunn,,Not Available,NA,Loyola Maryland Greyhounds,s:40~l:54~t:2352,loyola-maryland-greyhounds,https://a.espncdn.com/i/teamlogos/ncaa/500/2352.png,L-MD,76a7a0,c9cbca,away,false,57,2368,Red Foxes,Marist,Marist Red Foxes,MRST,https://a.espncdn.com/i/teamlogos/ncaa/500/2368.png,e53730,f0f0f0,68
260642368,2006,2,2006-03-05,2006-03-05T12:00:00.000000-0500,5542,Julianne Viani,2368,Red Foxes,Marist,Marist,0.0,2,7,2,5,1,2,1,0,1,0,0,0,0,0,7,true,false,false,true,3  ,J. Viani,,Guard,G,Marist Red Foxes,s:40~l:54~t:2368,marist-red-foxes,https://a.espncdn.com/i/teamlogos/ncaa/500/2368.png,MRST,e53730,f0f0f0,home,true,68,2352,Greyhounds,Loyola Maryland,Loyola Maryland Greyhounds,L-MD,https://a.espncdn.com/i/teamlogos/ncaa/500/2352.png,76a7a0,c9cbca,57
260642368,2006,2,2006-03-05,2006-03-05T12:00:00.000000-0500,1066,Diesa Seidel,2368,Red Foxes,Marist,Marist,0.0,1,5,0,0,1,2,1,0,1,0,0,0,0,3,3,true,false,false,true,,D. Seidel,,Not Available,NA,Marist Red Foxes,s:40~l:54~t:2368,marist-red-foxes,https://a.espncdn.com/i/teamlogos/ncaa/500/2368.png,MRST,e53730,f0f0f0,home,true,68,2352,Greyhounds,Loyola Maryland,Loyola Maryland Greyhounds,L-MD,https://a.espncdn.com/i/teamlogos/ncaa/500/2352.png,76a7a0,c9cbca,57
260642368,2006,2,2006-03-05,2006-03-05T12:00:00.000000-0500,5541,Meg Dahlman,2368,Red Foxes,Marist,Marist,0.0,4,11,1,2,4,5,2,4,6,0,0,0,0,2,13,true,false,false,true,,M. Dahlman,,Not Available,NA,Marist Red Foxes,s:40~l:54~t:2368,marist-red-foxes,https://a.espncdn.com/i/teamlogos/ncaa/500/2368.png,MRST,e53730,f0f0f0,home,true,68,2352,Greyhounds,Loyola Maryland,Loyola Maryland Greyhounds,L-MD,https://a.espncdn.com/i/teamlogos/ncaa/500/2352.png,76a7a0,c9cbca,57
260642368,2006,2,2006-03-05,2006-03-05T12:00:00.000000-0500,5540,Fifi Camara,2368,Red Foxes,Marist,Marist,0.0,4,9,0,0,2,2,1,3,4,0,0,0,0,4,10,true,false,false,true,,F. Camara,,Not Available,NA,Marist Red Foxes,s:40~l:54~t:2368,marist-red-foxes,https://a.espncdn.com/i/teamlogos/ncaa/500/2368.png,MRST,e53730,f0f0f0,home,true,68,2352,Greyhounds,Loyola Maryland,Loyola Maryland Greyhounds,L-MD,https://a.espncdn.com/i/teamlogos/ncaa/500/2352.png,76a7a0,c9cbca,57
260642368,2006,2,2006-03-05,2006-03-05T12:00:00.000000-0500,1058,Alisa Kresge,2368,Red Foxes,Marist,Marist,0.0,1,4,1,2,4,4,0,12,12,0,0,0,0,1,7,true,false,false,true,,A. Kresge,,Not Available,NA,Marist Red Foxes,s:40~l:54~t:2368,marist-red-foxes,https://a.espncdn.com/i/teamlogos/ncaa/500/2368.png,MRST,e53730,f0f0f0,home,true,68,2352,Greyhounds,Loyola Maryland,Loyola Maryland Greyhounds,L-MD,https://a.espncdn.com/i/teamlogos/ncaa/500/2352.png,76a7a0,c9cbca,57
260642541,2006,2,2006-03-05,2006-03-05T16:00:00.000000-0500,5196,Jessica Ross,2492,Waves,Pepperdine,Pepperdine,0.0,4,9,2,5,4,4,1,3,4,0,0,0,0,1,14,true,false,false,true,,J. Ross,,Guard,G,Pepperdine Waves,s:40~l:54~t:2492,pepperdine-waves,https://a.espncdn.com/i/teamlogos/ncaa/500/2492.png,PEPP,003A72,dc762f,away,true,71,2541,Broncos,Santa Clara,Santa Clara Broncos,SCU,https://a.espncdn.com/i/teamlogos/ncaa/500/2541.png,690b0b,101010,67
260642541,2006,2,2006-03-05,2006-03-05T16:00:00.000000-0500,3972,Jasmine Clarendon,2492,Waves,Pepperdine,Pepperdine,0.0,5,12,0,0,5,6,5,0,5,0,0,0,0,4,15,true,false,false,true,,J. Clarendon,,Not Available,NA,Pepperdine Waves,s:40~l:54~t:2492,pepperdine-waves,https://a.espncdn.com/i/teamlogos/ncaa/500/2492.png,PEPP,003A72,dc762f,away,true,71,2541,Broncos,Santa Clara,Santa Clara Broncos,SCU,https://a.espncdn.com/i/teamlogos/ncaa/500/2541.png,690b0b,101010,67
260642541,2006,2,2006-03-05,2006-03-05T16:00:00.000000-0500,2494,Kelsey Ball,2492,Waves,Pepperdine,Pepperdine,0.0,5,7,0,0,1,1,2,3,5,0,0,0,0,4,11,true,false,false,true,,K. Ball,,Not Available,NA,Pepperdine Waves,s:40~l:54~t:2492,pepperdine-waves,https://a.espncdn.com/i/teamlogos/ncaa/500/2492.png,PEPP,003A72,dc762f,away,true,71,2541,Broncos,Santa Clara,Santa Clara Broncos,SCU,https://a.espncdn.com/i/teamlogos/ncaa/500/2541.png,690b0b,101010,67
260642541,2006,2,2006-03-05,2006-03-05T16:00:00.000000-0500,5206,Shannon Johnson,2492,Waves,Pepperdine,Pepperdine,0.0,1,6,1,3,0,0,2,2,4,0,0,0,0,1,3,true,false,false,true,,S. Johnson,,Not Available,NA,Pepperdine Waves,s:40~l:54~t:2492,pepperdine-waves,https://a.espncdn.com/i/teamlogos/ncaa/500/2492.png,PEPP,003A72,dc762f,away,true,71,2541,Broncos,Santa Clara,Santa Clara Broncos,SCU,https://a.espncdn.com/i/teamlogos/ncaa/500/2541.png,690b0b,101010,67
260642541,2006,2,2006-03-05,2006-03-05T16:00:00.000000-0500,5198,Daphanie Kennedy,2492,Waves,Pepperdine,Pepperdine,0.0,4,14,2,5,2,2,4,3,7,0,0,0,0,0,12,true,false,false,true,,D. Kennedy,,Not Available,NA,Pepperdine Waves,s:40~l:54~t:2492,pepperdine-waves,https://a.espncdn.com/i/teamlogos/ncaa/500/2492.png,PEPP,003A72,dc762f,away,true,71,2541,Broncos,Santa Clara,Santa Clara Broncos,SCU,https://a.espncdn.com/i/teamlogos/ncaa/500/2541.png,690b0b,101010,67
260642541,2006,2,2006-03-05,2006-03-05T16:00:00.000000-0500,4190,Kasey Monteith,2541,Broncos,Santa Clara,Santa Clara,0.0,4,6,0,0,0,0,0,0,0,0,0,0,0,3,8,true,false,false,true,,K. Monteith,,Not Available,NA,Santa Clara Broncos,s:40~l:54~t:2541,santa-clara-broncos,https://a.espncdn.com/i/teamlogos/ncaa/500/2541.png,SCU,690b0b,101010,home,false,67,2492,Waves,Pepperdine,Pepperdine Waves,PEPP,https://a.espncdn.com/i/teamlogos/ncaa/500/2492.png,003A72,dc762f,71
260642541,2006,2,2006-03-05,2006-03-05T16:00:00.000000-0500,4995,Tracey Walker,2541,Broncos,Santa Clara,Santa Clara,0.0,4,10,1,2,0,0,1,3,4,0,0,0,0,1,9,true,false,false,true,,T. Walker,,Not Available,NA,Santa Clara Broncos,s:40~l:54~t:2541,santa-clara-broncos,https://a.espncdn.com/i/teamlogos/ncaa/500/2541.png,SCU,690b0b,101010,home,false,67,2492,Waves,Pepperdine,Pepperdine Waves,PEPP,https://a.espncdn.com/i/teamlogos/ncaa/500/2492.png,003A72,dc762f,71
260642541,2006,2,2006-03-05,2006-03-05T16:00:00.000000-0500,4189,Anna Martin,2541,Broncos,Santa Clara,Santa Clara,0.0,0,1,0,1,0,0,0,0,0,0,0,0,0,3,0,true,false,false,true,,A. Martin,,Not Available,NA,Santa Clara Broncos,s:40~l:54~t:2541,santa-clara-broncos,https://a.espncdn.com/i/teamlogos/ncaa/500/2541.png,SCU,690b0b,101010,home,false,67,2492,Waves,Pepperdine,Pepperdine Waves,PEPP,https://a.espncdn.com/i/teamlogos/ncaa/500/2492.png,003A72,dc762f,71
260642541,2006,2,2006-03-05,2006-03-05T16:00:00.000000-0500,4185,Michelle Cozad,2541,Broncos,Santa Clara,Santa Clara,0.0,7,18,1,5,9,11,0,9,9,0,0,0,0,1,24,true,false,false,true,,M. Cozad,,Not Available,NA,Santa Clara Broncos,s:40~l:54~t:2541,santa-clara-broncos,https://a.espncdn.com/i/teamlogos/ncaa/500/2541.png,SCU,690b0b,101010,home,false,67,2492,Waves,Pepperdine,Pepperdine Waves,PEPP,https://a.espncdn.com/i/teamlogos/ncaa/500/2492.png,003A72,dc762f,71
260642541,2006,2,2006-03-05,2006-03-05T16:00:00.000000-0500,1768,Kayla Huss,2541,Broncos,Santa Clara,Santa Clara,0.0,3,8,1,3,3,4,1,0,1,0,0,0,0,1,10,true,false,false,true,,K. Huss,,Not Available,NA,Santa Clara Broncos,s:40~l:54~t:2541,santa-clara-broncos,https://a.espncdn.com/i/teamlogos/ncaa/500/2541.png,SCU,690b0b,101010,home,false,67,2492,Waves,Pepperdine,Pepperdine Waves,PEPP,https://a.espncdn.com/i/teamlogos/ncaa/500/2492.png,003A72,dc762f,71
260640202,2006,2,2006-03-05,2006-03-05T16:00:00.000000-0500,5552,Valeriya Berezhynska,242,Owls,Rice,Rice,0.0,3,9,0,2,0,0,3,6,9,0,0,0,0,4,6,true,false,false,true,,V. Berezhynska,,Not Available,NA,Rice Owls,s:40~l:54~t:242,rice-owls,https://a.espncdn.com/i/teamlogos/ncaa/500/242.png,RICE,d1d5d8,003d7d,away,false,52,202,Golden Hurricane,Tulsa,Tulsa Golden Hurricane,TLSA,https://a.espncdn.com/i/teamlogos/ncaa/500/202.png,003595,d0b787,55
260640202,2006,2,2006-03-05,2006-03-05T16:00:00.000000-0500,4182,Samantha Stovall,242,Owls,Rice,Rice,0.0,5,10,1,3,0,0,2,2,4,0,0,0,0,4,11,true,false,false,true,,S. Stovall,,Not Available,NA,Rice Owls,s:40~l:54~t:242,rice-owls,https://a.espncdn.com/i/teamlogos/ncaa/500/242.png,RICE,d1d5d8,003d7d,away,false,52,202,Golden Hurricane,Tulsa,Tulsa Golden Hurricane,TLSA,https://a.espncdn.com/i/teamlogos/ncaa/500/202.png,003595,d0b787,55
260640202,2006,2,2006-03-05,2006-03-05T16:00:00.000000-0500,2733,Lauren Neaves,242,Owls,Rice,Rice,0.0,4,11,0,0,5,8,3,8,11,0,0,0,0,1,13,true,false,false,true,,L. Neaves,,Not Available,NA,Rice Owls,s:40~l:54~t:242,rice-owls,https://a.espncdn.com/i/teamlogos/ncaa/500/242.png,RICE,d1d5d8,003d7d,away,false,52,202,Golden Hurricane,Tulsa,Tulsa Golden Hurricane,TLSA,https://a.espncdn.com/i/teamlogos/ncaa/500/202.png,003595,d0b787,55
260640202,2006,2,2006-03-05,2006-03-05T16:00:00.000000-0500,5553,Kadie Riverin,242,Owls,Rice,Rice,0.0,1,4,0,1,2,2,0,2,2,0,0,0,0,2,4,true,false,false,true,,K. Riverin,,Not Available,NA,Rice Owls,s:40~l:54~t:242,rice-owls,https://a.espncdn.com/i/teamlogos/ncaa/500/242.png,RICE,d1d5d8,003d7d,away,false,52,202,Golden Hurricane,Tulsa,Tulsa Golden Hurricane,TLSA,https://a.espncdn.com/i/teamlogos/ncaa/500/202.png,003595,d0b787,55
260640202,2006,2,2006-03-05,2006-03-05T16:00:00.000000-0500,2736,Amber Cunningham,242,Owls,Rice,Rice,0.0,4,8,3,6,1,2,0,2,2,0,0,0,0,2,12,true,false,false,true,,A. Cunningham,,Not Available,NA,Rice Owls,s:40~l:54~t:242,rice-owls,https://a.espncdn.com/i/teamlogos/ncaa/500/242.png,RICE,d1d5d8,003d7d,away,false,52,202,Golden Hurricane,Tulsa,Tulsa Golden Hurricane,TLSA,https://a.espncdn.com/i/teamlogos/ncaa/500/202.png,003595,d0b787,55
260640202,2006,2,2006-03-05,2006-03-05T16:00:00.000000-0500,2542,Megan Moody,202,Golden Hurricane,Tulsa,Tulsa,0.0,3,13,1,4,7,8,0,1,1,0,1,0,0,0,14,true,false,false,true,,M. Moody,,Not Available,NA,Tulsa Golden Hurricane,s:40~l:54~t:202,tulsa-golden-hurricane,https://a.espncdn.com/i/teamlogos/ncaa/500/202.png,TLSA,003595,d0b787,home,true,55,242,Owls,Rice,Rice Owls,RICE,https://a.espncdn.com/i/teamlogos/ncaa/500/242.png,d1d5d8,003d7d,52
260640202,2006,2,2006-03-05,2006-03-05T16:00:00.000000-0500,2451,Jillian Robbins,202,Golden Hurricane,Tulsa,Tulsa,0.0,6,13,0,0,5,7,3,6,9,0,0,0,0,3,17,true,false,false,true,,J. Robbins,,Not Available,NA,Tulsa Golden Hurricane,s:40~l:54~t:202,tulsa-golden-hurricane,https://a.espncdn.com/i/teamlogos/ncaa/500/202.png,TLSA,003595,d0b787,home,true,55,242,Owls,Rice,Rice Owls,RICE,https://a.espncdn.com/i/teamlogos/ncaa/500/242.png,d1d5d8,003d7d,52
260640202,2006,2,2006-03-05,2006-03-05T16:00:00.000000-0500,2121,Emily Jaskowiak,202,Golden Hurricane,Tulsa,Tulsa,0.0,4,11,0,0,0,0,5,2,7,0,0,0,0,4,8,true,false,false,true,,E. Jaskowiak,,Not Available,NA,Tulsa Golden Hurricane,s:40~l:54~t:202,tulsa-golden-hurricane,https://a.espncdn.com/i/teamlogos/ncaa/500/202.png,TLSA,003595,d0b787,home,true,55,242,Owls,Rice,Rice Owls,RICE,https://a.espncdn.com/i/teamlogos/ncaa/500/242.png,d1d5d8,003d7d,52
260640202,2006,2,2006-03-05,2006-03-05T16:00:00.000000-0500,4480,Tandem Mays,202,Golden Hurricane,Tulsa,Tulsa,0.0,1,6,0,2,1,2,1,3,4,0,0,0,0,1,3,true,false,false,true,,T. Mays,,Not Available,NA,Tulsa Golden Hurricane,s:40~l:54~t:202,tulsa-golden-hurricane,https://a.espncdn.com/i/teamlogos/ncaa/500/202.png,TLSA,003595,d0b787,home,true,55,242,Owls,Rice,Rice Owls,RICE,https://a.espncdn.com/i/teamlogos/ncaa/500/242.png,d1d5d8,003d7d,52
260640202,2006,2,2006-03-05,2006-03-05T16:00:00.000000-0500,2450,Kara Pongonis,202,Golden Hurricane,Tulsa,Tulsa,0.0,2,10,2,4,2,4,2,6,8,0,0,0,0,2,8,true,false,false,true,,K. Pongonis,,Not Available,NA,Tulsa Golden Hurricane,s:40~l:54~t:202,tulsa-golden-hurricane,https://a.espncdn.com/i/teamlogos/ncaa/500/202.png,TLSA,003595,d0b787,home,true,55,242,Owls,Rice,Rice Owls,RICE,https://a.espncdn.com/i/teamlogos/ncaa/500/242.png,d1d5d8,003d7d,52
260640236,2006,2,2006-03-05,2006-03-05T18:00:00.000000-0500,5562,Kristen Boone,2430,Spartans,UNC Greensboro,UNC Greensboro,0.0,7,16,0,5,3,5,0,1,1,0,0,0,0,3,17,true,false,false,true,,K. Boone,,Guard,G,UNC Greensboro Spartans,s:40~l:54~t:2430,unc-greensboro-spartans,https://a.espncdn.com/i/teamlogos/ncaa/500/2430.png,UNCG,003559,ffd90a,away,false,79,236,Mocs,Chattanooga,Chattanooga Mocs,UTC,https://a.espncdn.com/i/teamlogos/ncaa/500/236.png,00386b,dca71d,91
260640236,2006,2,2006-03-05,2006-03-05T18:00:00.000000-0500,5561,Meghan Chamberlain,2430,Spartans,UNC Greensboro,UNC Greensboro,0.0,2,5,0,0,1,2,3,5,8,0,0,0,0,4,5,true,false,false,true,,M. Chamberlain,,Not Available,NA,UNC Greensboro Spartans,s:40~l:54~t:2430,unc-greensboro-spartans,https://a.espncdn.com/i/teamlogos/ncaa/500/2430.png,UNCG,003559,ffd90a,away,false,79,236,Mocs,Chattanooga,Chattanooga Mocs,UTC,https://a.espncdn.com/i/teamlogos/ncaa/500/236.png,00386b,dca71d,91
260640236,2006,2,2006-03-05,2006-03-05T18:00:00.000000-0500,3952,KaLeah Latham,2430,Spartans,UNC Greensboro,UNC Greensboro,0.0,5,8,1,1,4,4,3,4,7,0,0,0,0,4,15,true,false,false,true,,K. Latham,,Not Available,NA,UNC Greensboro Spartans,s:40~l:54~t:2430,unc-greensboro-spartans,https://a.espncdn.com/i/teamlogos/ncaa/500/2430.png,UNCG,003559,ffd90a,away,false,79,236,Mocs,Chattanooga,Chattanooga Mocs,UTC,https://a.espncdn.com/i/teamlogos/ncaa/500/236.png,00386b,dca71d,91
260640236,2006,2,2006-03-05,2006-03-05T18:00:00.000000-0500,3951,Irene Otamiri,2430,Spartans,UNC Greensboro,UNC Greensboro,0.0,8,17,2,4,2,2,3,1,4,0,0,0,0,4,20,true,false,false,true,,I. Otamiri,,Not Available,NA,UNC Greensboro Spartans,s:40~l:54~t:2430,unc-greensboro-spartans,https://a.espncdn.com/i/teamlogos/ncaa/500/2430.png,UNCG,003559,ffd90a,away,false,79,236,Mocs,Chattanooga,Chattanooga Mocs,UTC,https://a.espncdn.com/i/teamlogos/ncaa/500/236.png,00386b,dca71d,91
260640236,2006,2,2006-03-05,2006-03-05T18:00:00.000000-0500,3955,Jasmine Byrd,2430,Spartans,UNC Greensboro,UNC Greensboro,0.0,4,12,2,7,0,0,2,2,4,0,0,0,0,4,10,true,false,false,true,,J. Byrd,,Not Available,NA,UNC Greensboro Spartans,s:40~l:54~t:2430,unc-greensboro-spartans,https://a.espncdn.com/i/teamlogos/ncaa/500/2430.png,UNCG,003559,ffd90a,away,false,79,236,Mocs,Chattanooga,Chattanooga Mocs,UTC,https://a.espncdn.com/i/teamlogos/ncaa/500/236.png,00386b,dca71d,91
260640236,2006,2,2006-03-05,2006-03-05T18:00:00.000000-0500,5560,Laura Hall,236,Mocs,Chattanooga,Chattanooga,0.0,3,6,2,4,4,4,0,3,3,0,0,0,0,2,12,true,false,false,true,,L. Hall,,Not Available,NA,Chattanooga Mocs,s:40~l:54~t:236,chattanooga-mocs,https://a.espncdn.com/i/teamlogos/ncaa/500/236.png,UTC,00386b,dca71d,home,true,91,2430,Spartans,UNC Greensboro,UNC Greensboro Spartans,UNCG,https://a.espncdn.com/i/teamlogos/ncaa/500/2430.png,003559,ffd90a,79
260640236,2006,2,2006-03-05,2006-03-05T18:00:00.000000-0500,5559,Alex Anderson,236,Mocs,Chattanooga,Chattanooga,0.0,5,8,1,1,5,6,0,10,10,0,0,0,0,2,16,true,false,false,true,,A. Anderson,,Not Available,NA,Chattanooga Mocs,s:40~l:54~t:236,chattanooga-mocs,https://a.espncdn.com/i/teamlogos/ncaa/500/236.png,UTC,00386b,dca71d,home,true,91,2430,Spartans,UNC Greensboro,UNC Greensboro Spartans,UNCG,https://a.espncdn.com/i/teamlogos/ncaa/500/2430.png,003559,ffd90a,79
260640236,2006,2,2006-03-05,2006-03-05T18:00:00.000000-0500,2812,Tiffani Roberson,236,Mocs,Chattanooga,Chattanooga,0.0,8,12,0,0,4,5,2,4,6,0,0,0,0,2,20,true,false,false,true,,T. Roberson,,Not Available,NA,Chattanooga Mocs,s:40~l:54~t:236,chattanooga-mocs,https://a.espncdn.com/i/teamlogos/ncaa/500/236.png,UTC,00386b,dca71d,home,true,91,2430,Spartans,UNC Greensboro,UNC Greensboro Spartans,UNCG,https://a.espncdn.com/i/teamlogos/ncaa/500/2430.png,003559,ffd90a,79
260640236,2006,2,2006-03-05,2006-03-05T18:00:00.000000-0500,2392,Nicole Mattison,236,Mocs,Chattanooga,Chattanooga,0.0,3,8,2,4,5,6,1,3,4,0,0,0,0,3,13,true,false,false,true,,N. Mattison,,Not Available,NA,Chattanooga Mocs,s:40~l:54~t:236,chattanooga-mocs,https://a.espncdn.com/i/teamlogos/ncaa/500/236.png,UTC,00386b,dca71d,home,true,91,2430,Spartans,UNC Greensboro,UNC Greensboro Spartans,UNCG,https://a.espncdn.com/i/teamlogos/ncaa/500/2430.png,003559,ffd90a,79
260640236,2006,2,2006-03-05,2006-03-05T18:00:00.000000-0500,2390,Katasha Brown,236,Mocs,Chattanooga,Chattanooga,0.0,3,9,2,7,4,7,1,1,2,0,0,0,0,1,12,true,false,false,true,,K. Brown,,Not Available,NA,Chattanooga Mocs,s:40~l:54~t:236,chattanooga-mocs,https://a.espncdn.com/i/teamlogos/ncaa/500/236.png,UTC,00386b,dca71d,home,true,91,2430,Spartans,UNC Greensboro,UNC Greensboro Spartans,UNCG,https://a.espncdn.com/i/teamlogos/ncaa/500/2430.png,003559,ffd90a,79
260632635,2006,2,2006-03-04,2006-03-04T12:00:00.000000-0500,5521,Tarina Nixon,2546,Redhawks,Southeast Missouri State,SE Missouri St,0.0,2,4,1,3,0,0,1,2,3,0,0,0,0,1,5,true,false,false,true,12 ,T. Nixon,,Guard,G,Southeast Missouri State Redhawks,s:40~l:54~t:2546,southeast-missouri-state-redhawks,https://a.espncdn.com/i/teamlogos/ncaa/500/2546.png,SEMO,cc0000,080808,away,true,71,2635,Golden Eagles,Tennessee Tech,Tennessee Tech Golden Eagles,TNTC,https://a.espncdn.com/i/teamlogos/ncaa/500/2635.png,5A4099,ffde00,50
260632635,2006,2,2006-03-04,2006-03-04T12:00:00.000000-0500,5519,Tatiana Conceicao,2546,Redhawks,Southeast Missouri State,SE Missouri St,0.0,9,19,2,5,8,12,3,13,16,0,0,0,0,2,28,true,false,false,true,,T. Conceicao,,Not Available,NA,Southeast Missouri State Redhawks,s:40~l:54~t:2546,southeast-missouri-state-redhawks,https://a.espncdn.com/i/teamlogos/ncaa/500/2546.png,SEMO,cc0000,080808,away,true,71,2635,Golden Eagles,Tennessee Tech,Tennessee Tech Golden Eagles,TNTC,https://a.espncdn.com/i/teamlogos/ncaa/500/2635.png,5A4099,ffde00,50
260632635,2006,2,2006-03-04,2006-03-04T12:00:00.000000-0500,5518,Natalie Purcell,2546,Redhawks,Southeast Missouri State,SE Missouri St,0.0,2,7,2,6,0,0,2,4,6,0,0,0,0,2,6,true,false,false,true,,N. Purcell,,Not Available,NA,Southeast Missouri State Redhawks,s:40~l:54~t:2546,southeast-missouri-state-redhawks,https://a.espncdn.com/i/teamlogos/ncaa/500/2546.png,SEMO,cc0000,080808,away,true,71,2635,Golden Eagles,Tennessee Tech,Tennessee Tech Golden Eagles,TNTC,https://a.espncdn.com/i/teamlogos/ncaa/500/2635.png,5A4099,ffde00,50
260632635,2006,2,2006-03-04,2006-03-04T12:00:00.000000-0500,5517,Simone Jackson,2546,Redhawks,Southeast Missouri State,SE Missouri St,0.0,5,11,0,0,0,1,3,2,5,0,0,0,0,0,10,true,false,false,true,,S. Jackson,,Not Available,NA,Southeast Missouri State Redhawks,s:40~l:54~t:2546,southeast-missouri-state-redhawks,https://a.espncdn.com/i/teamlogos/ncaa/500/2546.png,SEMO,cc0000,080808,away,true,71,2635,Golden Eagles,Tennessee Tech,Tennessee Tech Golden Eagles,TNTC,https://a.espncdn.com/i/teamlogos/ncaa/500/2635.png,5A4099,ffde00,50
260632635,2006,2,2006-03-04,2006-03-04T12:00:00.000000-0500,5520,Wanika Owsley,2546,Redhawks,Southeast Missouri State,SE Missouri St,0.0,2,6,1,2,0,0,0,0,0,0,0,0,0,2,5,true,false,false,true,,W. Owsley,,Not Available,NA,Southeast Missouri State Redhawks,s:40~l:54~t:2546,southeast-missouri-state-redhawks,https://a.espncdn.com/i/teamlogos/ncaa/500/2546.png,SEMO,cc0000,080808,away,true,71,2635,Golden Eagles,Tennessee Tech,Tennessee Tech Golden Eagles,TNTC,https://a.espncdn.com/i/teamlogos/ncaa/500/2635.png,5A4099,ffde00,50
260632635,2006,2,2006-03-04,2006-03-04T12:00:00.000000-0500,5525,Meagan Lyons,2635,Golden Eagles,Tennessee Tech,Tennessee Tech,0.0,4,5,0,0,0,2,1,1,2,0,0,0,0,1,8,true,false,false,true,,M. Lyons,,Guard,G,Tennessee Tech Golden Eagles,s:40~l:54~t:2635,tennessee-tech-golden-eagles,https://a.espncdn.com/i/teamlogos/ncaa/500/2635.png,TNTC,5A4099,ffde00,home,false,50,2546,Redhawks,Southeast Missouri State,Southeast Missouri State Redhawks,SEMO,https://a.espncdn.com/i/teamlogos/ncaa/500/2546.png,cc0000,080808,71
260632635,2006,2,2006-03-04,2006-03-04T12:00:00.000000-0500,3240,Emily Christian,2635,Golden Eagles,Tennessee Tech,Tennessee Tech,0.0,10,25,4,5,2,3,3,4,7,0,0,0,0,1,26,true,false,false,true,,E. Christian,,Not Available,NA,Tennessee Tech Golden Eagles,s:40~l:54~t:2635,tennessee-tech-golden-eagles,https://a.espncdn.com/i/teamlogos/ncaa/500/2635.png,TNTC,5A4099,ffde00,home,false,50,2546,Redhawks,Southeast Missouri State,Southeast Missouri State Redhawks,SEMO,https://a.espncdn.com/i/teamlogos/ncaa/500/2546.png,cc0000,080808,71
260632635,2006,2,2006-03-04,2006-03-04T12:00:00.000000-0500,5524,Kendall Cavin,2635,Golden Eagles,Tennessee Tech,Tennessee Tech,0.0,1,5,0,3,0,0,0,5,5,0,0,0,0,3,2,true,false,false,true,,K. Cavin,,Not Available,NA,Tennessee Tech Golden Eagles,s:40~l:54~t:2635,tennessee-tech-golden-eagles,https://a.espncdn.com/i/teamlogos/ncaa/500/2635.png,TNTC,5A4099,ffde00,home,false,50,2546,Redhawks,Southeast Missouri State,Southeast Missouri State Redhawks,SEMO,https://a.espncdn.com/i/teamlogos/ncaa/500/2546.png,cc0000,080808,71
260632635,2006,2,2006-03-04,2006-03-04T12:00:00.000000-0500,5523,Jana Reece,2635,Golden Eagles,Tennessee Tech,Tennessee Tech,0.0,0,4,0,3,3,4,1,3,4,0,0,0,0,4,3,true,false,false,true,,J. Reece,,Not Available,NA,Tennessee Tech Golden Eagles,s:40~l:54~t:2635,tennessee-tech-golden-eagles,https://a.espncdn.com/i/teamlogos/ncaa/500/2635.png,TNTC,5A4099,ffde00,home,false,50,2546,Redhawks,Southeast Missouri State,Southeast Missouri State Redhawks,SEMO,https://a.espncdn.com/i/teamlogos/ncaa/500/2546.png,cc0000,080808,71
260632635,2006,2,2006-03-04,2006-03-04T12:00:00.000000-0500,5522,Deanna Apple,2635,Golden Eagles,Tennessee Tech,Tennessee Tech,0.0,4,4,0,0,1,3,0,1,1,0,0,0,0,1,9,true,false,false,true,,D. Apple,,Not Available,NA,Tennessee Tech Golden Eagles,s:40~l:54~t:2635,tennessee-tech-golden-eagles,https://a.espncdn.com/i/teamlogos/ncaa/500/2635.png,TNTC,5A4099,ffde00,home,false,50,2546,Redhawks,Southeast Missouri State,Southeast Missouri State Redhawks,SEMO,https://a.espncdn.com/i/teamlogos/ncaa/500/2546.png,cc0000,080808,71
260510153,2006,2,2006-02-20,2006-02-20T19:00:00.000000-0500,2489,Aja Parham,103,Eagles,Boston College,Boston College,0.0,0,3,0,0,0,0,3,3,6,0,0,0,0,2,0,true,false,false,true,,A. Parham,,Not Available,NA,Boston College Eagles,s:40~l:54~t:103,boston-college-eagles,https://a.espncdn.com/i/teamlogos/ncaa/500/103.png,BC,8c2232,dbcca6,away,false,62,153,Tar Heels,North Carolina,North Carolina Tar Heels,UNC,https://a.espncdn.com/i/teamlogos/ncaa/500/153.png,7bafd4,13294b,69
260510153,2006,2,2006-02-20,2006-02-20T19:00:00.000000-0500,3761,Kathrin Ress,103,Eagles,Boston College,Boston College,0.0,2,4,0,0,1,1,0,5,5,0,0,0,0,2,5,true,false,false,true,,K. Ress,,Not Available,NA,Boston College Eagles,s:40~l:54~t:103,boston-college-eagles,https://a.espncdn.com/i/teamlogos/ncaa/500/103.png,BC,8c2232,dbcca6,away,false,62,153,Tar Heels,North Carolina,North Carolina Tar Heels,UNC,https://a.espncdn.com/i/teamlogos/ncaa/500/153.png,7bafd4,13294b,69
260510153,2006,2,2006-02-20,2006-02-20T19:00:00.000000-0500,2490,Brooke Queenan,103,Eagles,Boston College,Boston College,0.0,6,11,2,5,0,1,0,3,3,0,0,0,0,3,14,true,false,false,true,,B. Queenan,,Not Available,NA,Boston College Eagles,s:40~l:54~t:103,boston-college-eagles,https://a.espncdn.com/i/teamlogos/ncaa/500/103.png,BC,8c2232,dbcca6,away,false,62,153,Tar Heels,North Carolina,North Carolina Tar Heels,UNC,https://a.espncdn.com/i/teamlogos/ncaa/500/153.png,7bafd4,13294b,69
260510153,2006,2,2006-02-20,2006-02-20T19:00:00.000000-0500,3763,Sarah Marshall,103,Eagles,Boston College,Boston College,0.0,3,5,0,0,0,0,0,3,3,0,0,0,0,2,6,true,false,false,true,,S. Marshall,,Not Available,NA,Boston College Eagles,s:40~l:54~t:103,boston-college-eagles,https://a.espncdn.com/i/teamlogos/ncaa/500/103.png,BC,8c2232,dbcca6,away,false,62,153,Tar Heels,North Carolina,North Carolina Tar Heels,UNC,https://a.espncdn.com/i/teamlogos/ncaa/500/153.png,7bafd4,13294b,69
260510153,2006,2,2006-02-20,2006-02-20T19:00:00.000000-0500,3762,Kindyll Dorsey,103,Eagles,Boston College,Boston College,0.0,7,12,4,9,4,4,0,3,3,0,0,0,0,1,22,true,false,false,true,,K. Dorsey,,Not Available,NA,Boston College Eagles,s:40~l:54~t:103,boston-college-eagles,https://a.espncdn.com/i/teamlogos/ncaa/500/103.png,BC,8c2232,dbcca6,away,false,62,153,Tar Heels,North Carolina,North Carolina Tar Heels,UNC,https://a.espncdn.com/i/teamlogos/ncaa/500/153.png,7bafd4,13294b,69
260510153,2006,2,2006-02-20,2006-02-20T19:00:00.000000-0500,4820,Erlana Larkins,153,Tar Heels,North Carolina,North Carolina,0.0,2,9,0,0,6,9,5,3,8,0,0,0,0,3,10,true,false,false,true,,E. Larkins,,Not Available,NA,North Carolina Tar Heels,s:40~l:54~t:153,north-carolina-tar-heels,https://a.espncdn.com/i/teamlogos/ncaa/500/153.png,UNC,7bafd4,13294b,home,true,69,103,Eagles,Boston College,Boston College Eagles,BC,https://a.espncdn.com/i/teamlogos/ncaa/500/103.png,8c2232,dbcca6,62
260510153,2006,2,2006-02-20,2006-02-20T19:00:00.000000-0500,3754,Camille Little,153,Tar Heels,North Carolina,North Carolina,0.0,6,10,2,4,2,2,0,2,2,0,0,0,0,2,16,true,false,false,true,,C. Little,,Not Available,NA,North Carolina Tar Heels,s:40~l:54~t:153,north-carolina-tar-heels,https://a.espncdn.com/i/teamlogos/ncaa/500/153.png,UNC,7bafd4,13294b,home,true,69,103,Eagles,Boston College,Boston College Eagles,BC,https://a.espncdn.com/i/teamlogos/ncaa/500/103.png,8c2232,dbcca6,62
260510153,2006,2,2006-02-20,2006-02-20T19:00:00.000000-0500,3755,Ivory Latta,153,Tar Heels,North Carolina,North Carolina,0.0,9,14,3,6,2,3,0,1,1,0,0,0,0,2,23,true,false,false,true,,I. Latta,,Not Available,NA,North Carolina Tar Heels,s:40~l:54~t:153,north-carolina-tar-heels,https://a.espncdn.com/i/teamlogos/ncaa/500/153.png,UNC,7bafd4,13294b,home,true,69,103,Eagles,Boston College,Boston College Eagles,BC,https://a.espncdn.com/i/teamlogos/ncaa/500/103.png,8c2232,dbcca6,62
260510153,2006,2,2006-02-20,2006-02-20T19:00:00.000000-0500,2648,Jessica Sell,153,Tar Heels,North Carolina,North Carolina,0.0,0,1,0,1,0,0,0,0,0,0,0,0,0,1,0,true,false,false,true,,J. Sell,,Not Available,NA,North Carolina Tar Heels,s:40~l:54~t:153,north-carolina-tar-heels,https://a.espncdn.com/i/teamlogos/ncaa/500/153.png,UNC,7bafd4,13294b,home,true,69,103,Eagles,Boston College,Boston College Eagles,BC,https://a.espncdn.com/i/teamlogos/ncaa/500/103.png,8c2232,dbcca6,62
260510153,2006,2,2006-02-20,2006-02-20T19:00:00.000000-0500,2647,La'Tangela Atkinson,153,Tar Heels,North Carolina,North Carolina,0.0,4,6,0,0,1,2,1,7,8,0,0,0,0,2,9,true,false,false,true,,L. Atkinson,,Not Available,NA,North Carolina Tar Heels,s:40~l:54~t:153,north-carolina-tar-heels,https://a.espncdn.com/i/teamlogos/ncaa/500/153.png,UNC,7bafd4,13294b,home,true,69,103,Eagles,Boston College,Boston College Eagles,BC,https://a.espncdn.com/i/teamlogos/ncaa/500/103.png,8c2232,dbcca6,62
260080061,2006,2,2006-01-08,2006-01-08T14:30:00.000000-0500,5346,Sha Brooks,57,Gators,Florida,Florida,0.0,5,14,2,6,2,3,2,1,3,0,0,0,0,0,14,true,false,false,true,,S. Brooks,,Guard,G,Florida Gators,s:40~l:54~t:57,florida-gators,https://a.espncdn.com/i/teamlogos/ncaa/500/57.png,FLA,0021a5,fa4616,away,false,70,61,Lady Bulldogs,Georgia,Georgia Lady Bulldogs,UGA,https://a.espncdn.com/i/teamlogos/ncaa/500/61.png,CC0000,000000,89
260080061,2006,2,2006-01-08,2006-01-08T14:30:00.000000-0500,2386,Dalila Eshe,57,Gators,Florida,Florida,0.0,9,19,3,6,2,3,5,6,11,0,0,0,0,3,23,true,false,false,true,,D. Eshe,,Not Available,NA,Florida Gators,s:40~l:54~t:57,florida-gators,https://a.espncdn.com/i/teamlogos/ncaa/500/57.png,FLA,0021a5,fa4616,away,false,70,61,Lady Bulldogs,Georgia,Georgia Lady Bulldogs,UGA,https://a.espncdn.com/i/teamlogos/ncaa/500/61.png,CC0000,000000,89
260080061,2006,2,2006-01-08,2006-01-08T14:30:00.000000-0500,2385,Brittany Davis,57,Gators,Florida,Florida,0.0,2,6,0,0,2,2,1,0,1,0,0,0,0,5,6,true,false,false,true,,B. Davis,,Not Available,NA,Florida Gators,s:40~l:54~t:57,florida-gators,https://a.espncdn.com/i/teamlogos/ncaa/500/57.png,FLA,0021a5,fa4616,away,false,70,61,Lady Bulldogs,Georgia,Georgia Lady Bulldogs,UGA,https://a.espncdn.com/i/teamlogos/ncaa/500/61.png,CC0000,000000,89
260080061,2006,2,2006-01-08,2006-01-08T14:30:00.000000-0500,2389,Danielle Santos Atkinson,57,Gators,Florida,Florida,0.0,4,14,0,4,0,0,1,2,3,0,0,0,0,3,8,true,false,false,true,,D. Santos Atkinson,,Not Available,NA,Florida Gators,s:40~l:54~t:57,florida-gators,https://a.espncdn.com/i/teamlogos/ncaa/500/57.png,FLA,0021a5,fa4616,away,false,70,61,Lady Bulldogs,Georgia,Georgia Lady Bulldogs,UGA,https://a.espncdn.com/i/teamlogos/ncaa/500/61.png,CC0000,000000,89
260080061,2006,2,2006-01-08,2006-01-08T14:30:00.000000-0500,2387,Sarah Lowe,57,Gators,Florida,Florida,0.0,2,5,1,2,1,2,0,2,2,0,0,0,0,2,6,true,false,false,true,,S. Lowe,,Not Available,NA,Florida Gators,s:40~l:54~t:57,florida-gators,https://a.espncdn.com/i/teamlogos/ncaa/500/57.png,FLA,0021a5,fa4616,away,false,70,61,Lady Bulldogs,Georgia,Georgia Lady Bulldogs,UGA,https://a.espncdn.com/i/teamlogos/ncaa/500/61.png,CC0000,000000,89
260080061,2006,2,2006-01-08,2006-01-08T14:30:00.000000-0500,5087,Humphrey Tasha,61,Lady Bulldogs,Georgia,Georgia,0.0,11,16,2,4,2,2,6,10,16,0,0,0,0,3,26,true,false,false,true,,H. Tasha,,Not Available,NA,Georgia Lady Bulldogs,s:40~l:54~t:61,georgia-lady-bulldogs,https://a.espncdn.com/i/teamlogos/ncaa/500/61.png,UGA,CC0000,000000,home,true,89,57,Gators,Florida,Florida Gators,FLA,https://a.espncdn.com/i/teamlogos/ncaa/500/57.png,0021a5,fa4616,70
260080061,2006,2,2006-01-08,2006-01-08T14:30:00.000000-0500,5086,Darrah Megan,61,Lady Bulldogs,Georgia,Georgia,0.0,2,13,1,6,1,2,3,5,8,0,0,0,0,2,6,true,false,false,true,,D. Megan,,Not Available,NA,Georgia Lady Bulldogs,s:40~l:54~t:61,georgia-lady-bulldogs,https://a.espncdn.com/i/teamlogos/ncaa/500/61.png,UGA,CC0000,000000,home,true,89,57,Gators,Florida,Florida Gators,FLA,https://a.espncdn.com/i/teamlogos/ncaa/500/57.png,0021a5,fa4616,70
260080061,2006,2,2006-01-08,2006-01-08T14:30:00.000000-0500,5090,Chambers Cori,61,Lady Bulldogs,Georgia,Georgia,0.0,4,12,3,8,2,2,2,3,5,0,0,0,0,3,13,true,false,false,true,,C. Cori,,Not Available,NA,Georgia Lady Bulldogs,s:40~l:54~t:61,georgia-lady-bulldogs,https://a.espncdn.com/i/teamlogos/ncaa/500/61.png,UGA,CC0000,000000,home,true,89,57,Gators,Florida,Florida Gators,FLA,https://a.espncdn.com/i/teamlogos/ncaa/500/57.png,0021a5,fa4616,70
260080061,2006,2,2006-01-08,2006-01-08T14:30:00.000000-0500,5089,Kendrick Alexis,61,Lady Bulldogs,Georgia,Georgia,0.0,3,6,1,1,0,1,0,2,2,0,0,0,0,1,7,true,false,false,true,,K. Alexis,,Not Available,NA,Georgia Lady Bulldogs,s:40~l:54~t:61,georgia-lady-bulldogs,https://a.espncdn.com/i/teamlogos/ncaa/500/61.png,UGA,CC0000,000000,home,true,89,57,Gators,Florida,Florida Gators,FLA,https://a.espncdn.com/i/teamlogos/ncaa/500/57.png,0021a5,fa4616,70
260080061,2006,2,2006-01-08,2006-01-08T14:30:00.000000-0500,5088,Baker Sherill,61,Lady Bulldogs,Georgia,Georgia,0.0,8,14,0,0,4,7,1,2,3,0,0,0,0,3,20,true,false,false,true,,B. Sherill,,Not Available,NA,Georgia Lady Bulldogs,s:40~l:54~t:61,georgia-lady-bulldogs,https://a.espncdn.com/i/teamlogos/ncaa/500/61.png,UGA,CC0000,000000,home,true,89,57,Gators,Florida,Florida Gators,FLA,https://a.espncdn.com/i/teamlogos/ncaa/500/57.png,0021a5,fa4616,70
260080145,2006,2,2006-01-08,2006-01-08T15:00:00.000000-0500,5350,Robin Porter,344,Bulldogs,Mississippi State,Mississippi St,0.0,4,9,1,2,1,2,0,7,7,0,0,0,0,1,10,true,false,false,true,24 ,R. Porter,,Forward,F,Mississippi State Bulldogs,s:40~l:54~t:344,mississippi-state-bulldogs,https://a.espncdn.com/i/teamlogos/ncaa/500/344.png,MSST,762123,c8c8c8,away,true,70,145,Rebels,Ole Miss,Ole Miss Rebels,MISS,https://a.espncdn.com/i/teamlogos/ncaa/500/145.png,001148,00205b,59
260080145,2006,2,2006-01-08,2006-01-08T15:00:00.000000-0500,5349,Marneshia Richard,344,Bulldogs,Mississippi State,Mississippi St,0.0,1,2,1,1,0,1,0,2,2,0,0,0,0,0,3,true,false,false,true,25 ,M. Richard,,Guard,G,Mississippi State Bulldogs,s:40~l:54~t:344,mississippi-state-bulldogs,https://a.espncdn.com/i/teamlogos/ncaa/500/344.png,MSST,762123,c8c8c8,away,true,70,145,Rebels,Ole Miss,Ole Miss Rebels,MISS,https://a.espncdn.com/i/teamlogos/ncaa/500/145.png,001148,00205b,59
260080145,2006,2,2006-01-08,2006-01-08T15:00:00.000000-0500,2742,Mamie McKinney,344,Bulldogs,Mississippi State,Mississippi St,0.0,5,9,0,1,3,4,3,4,7,0,0,0,0,4,13,true,false,false,true,,M. McKinney,,Not Available,NA,Mississippi State Bulldogs,s:40~l:54~t:344,mississippi-state-bulldogs,https://a.espncdn.com/i/teamlogos/ncaa/500/344.png,MSST,762123,c8c8c8,away,true,70,145,Rebels,Ole Miss,Ole Miss Rebels,MISS,https://a.espncdn.com/i/teamlogos/ncaa/500/145.png,001148,00205b,59
260080145,2006,2,2006-01-08,2006-01-08T15:00:00.000000-0500,2739,Blessing Chekwa,344,Bulldogs,Mississippi State,Mississippi St,0.0,1,3,0,0,0,0,1,2,3,0,0,0,0,3,2,true,false,false,true,,B. Chekwa,,Not Available,NA,Mississippi State Bulldogs,s:40~l:54~t:344,mississippi-state-bulldogs,https://a.espncdn.com/i/teamlogos/ncaa/500/344.png,MSST,762123,c8c8c8,away,true,70,145,Rebels,Ole Miss,Ole Miss Rebels,MISS,https://a.espncdn.com/i/teamlogos/ncaa/500/145.png,001148,00205b,59
260080145,2006,2,2006-01-08,2006-01-08T15:00:00.000000-0500,5348,Heather Hollis,344,Bulldogs,Mississippi State,Mississippi St,0.0,4,9,1,4,0,0,0,1,1,0,0,0,0,1,9,true,false,false,true,,H. Hollis,,Not Available,NA,Mississippi State Bulldogs,s:40~l:54~t:344,mississippi-state-bulldogs,https://a.espncdn.com/i/teamlogos/ncaa/500/344.png,MSST,762123,c8c8c8,away,true,70,145,Rebels,Ole Miss,Ole Miss Rebels,MISS,https://a.espncdn.com/i/teamlogos/ncaa/500/145.png,001148,00205b,59
260080145,2006,2,2006-01-08,2006-01-08T15:00:00.000000-0500,5351,Danetra Forrest,145,Rebels,Ole Miss,Ole Miss,0.0,5,9,0,0,5,6,4,2,6,0,0,0,0,3,15,true,false,false,true,,D. Forrest,,Not Available,NA,Ole Miss Rebels,s:40~l:54~t:145,ole-miss-rebels,https://a.espncdn.com/i/teamlogos/ncaa/500/145.png,MISS,001148,00205b,home,false,59,344,Bulldogs,Mississippi State,Mississippi State Bulldogs,MSST,https://a.espncdn.com/i/teamlogos/ncaa/500/344.png,762123,c8c8c8,70
260080145,2006,2,2006-01-08,2006-01-08T15:00:00.000000-0500,5059,Jada Mincy,145,Rebels,Ole Miss,Ole Miss,0.0,1,2,0,0,2,2,2,2,4,0,0,0,0,1,4,true,false,false,true,,J. Mincy,,Not Available,NA,Ole Miss Rebels,s:40~l:54~t:145,ole-miss-rebels,https://a.espncdn.com/i/teamlogos/ncaa/500/145.png,MISS,001148,00205b,home,false,59,344,Bulldogs,Mississippi State,Mississippi State Bulldogs,MSST,https://a.espncdn.com/i/teamlogos/ncaa/500/344.png,762123,c8c8c8,70
260080145,2006,2,2006-01-08,2006-01-08T15:00:00.000000-0500,3906,Ashley Awkward,145,Rebels,Ole Miss,Ole Miss,0.0,4,12,0,2,3,4,1,0,1,0,0,0,0,5,11,true,false,false,true,,A. Awkward,,Not Available,NA,Ole Miss Rebels,s:40~l:54~t:145,ole-miss-rebels,https://a.espncdn.com/i/teamlogos/ncaa/500/145.png,MISS,001148,00205b,home,false,59,344,Bulldogs,Mississippi State,Mississippi State Bulldogs,MSST,https://a.espncdn.com/i/teamlogos/ncaa/500/344.png,762123,c8c8c8,70
260080145,2006,2,2006-01-08,2006-01-08T15:00:00.000000-0500,3905,Armintie Herrington,145,Rebels,Ole Miss,Ole Miss,0.0,4,10,0,0,7,9,6,9,15,0,0,0,0,5,15,true,false,false,true,,A. Herrington,,Not Available,NA,Ole Miss Rebels,s:40~l:54~t:145,ole-miss-rebels,https://a.espncdn.com/i/teamlogos/ncaa/500/145.png,MISS,001148,00205b,home,false,59,344,Bulldogs,Mississippi State,Mississippi State Bulldogs,MSST,https://a.espncdn.com/i/teamlogos/ncaa/500/344.png,762123,c8c8c8,70
260080145,2006,2,2006-01-08,2006-01-08T15:00:00.000000-0500,3611,Ashley Johnson,145,Rebels,Ole Miss,Ole Miss,0.0,1,11,0,3,2,2,1,2,3,0,0,0,0,3,4,true,false,false,true,,A. Johnson,,Not Available,NA,Ole Miss Rebels,s:40~l:54~t:145,ole-miss-rebels,https://a.espncdn.com/i/teamlogos/ncaa/500/145.png,MISS,001148,00205b,home,false,59,344,Bulldogs,Mississippi State,Mississippi State Bulldogs,MSST,https://a.espncdn.com/i/teamlogos/ncaa/500/344.png,762123,c8c8c8,70
253540026,2006,2,2005-12-20,2005-12-20T22:00:00.000000-0500,4929,Gabrielle Richards,2483,Ducks,Oregon,Oregon,0.0,4,7,0,1,4,4,2,2,4,0,0,0,0,3,12,true,false,false,true,,G. Richards,,Not Available,NA,Oregon Ducks,s:40~l:54~t:2483,oregon-ducks,https://a.espncdn.com/i/teamlogos/ncaa/500/2483.png,ORE,044520,fee123,away,false,63,26,Bruins,UCLA,UCLA Bruins,UCLA,https://a.espncdn.com/i/teamlogos/ncaa/500/26.png,2774ae,f2a900,82
253540026,2006,2,2005-12-20,2005-12-20T22:00:00.000000-0500,3911,Eleanor Haring,2483,Ducks,Oregon,Oregon,0.0,1,4,0,0,2,2,3,5,8,0,0,0,0,2,4,true,false,false,true,,E. Haring,,Not Available,NA,Oregon Ducks,s:40~l:54~t:2483,oregon-ducks,https://a.espncdn.com/i/teamlogos/ncaa/500/2483.png,ORE,044520,fee123,away,false,63,26,Bruins,UCLA,UCLA Bruins,UCLA,https://a.espncdn.com/i/teamlogos/ncaa/500/26.png,2774ae,f2a900,82
253540026,2006,2,2005-12-20,2005-12-20T22:00:00.000000-0500,1530,Kedzie Gunderson,2483,Ducks,Oregon,Oregon,0.0,0,3,0,2,0,0,2,1,3,0,0,0,0,3,0,true,false,false,true,,K. Gunderson,,Not Available,NA,Oregon Ducks,s:40~l:54~t:2483,oregon-ducks,https://a.espncdn.com/i/teamlogos/ncaa/500/2483.png,ORE,044520,fee123,away,false,63,26,Bruins,UCLA,UCLA Bruins,UCLA,https://a.espncdn.com/i/teamlogos/ncaa/500/26.png,2774ae,f2a900,82
253540026,2006,2,2005-12-20,2005-12-20T22:00:00.000000-0500,4354,Kaela Chapdelaine,2483,Ducks,Oregon,Oregon,0.0,2,5,1,3,0,0,0,2,2,0,0,0,0,2,5,true,false,false,true,,K. Chapdelaine,,Not Available,NA,Oregon Ducks,s:40~l:54~t:2483,oregon-ducks,https://a.espncdn.com/i/teamlogos/ncaa/500/2483.png,ORE,044520,fee123,away,false,63,26,Bruins,UCLA,UCLA Bruins,UCLA,https://a.espncdn.com/i/teamlogos/ncaa/500/26.png,2774ae,f2a900,82
253540026,2006,2,2005-12-20,2005-12-20T22:00:00.000000-0500,749,Chelsea Wagner,2483,Ducks,Oregon,Oregon,0.0,4,8,3,6,0,0,0,5,5,0,0,0,0,4,11,true,false,false,true,,C. Wagner,,Not Available,NA,Oregon Ducks,s:40~l:54~t:2483,oregon-ducks,https://a.espncdn.com/i/teamlogos/ncaa/500/2483.png,ORE,044520,fee123,away,false,63,26,Bruins,UCLA,UCLA Bruins,UCLA,https://a.espncdn.com/i/teamlogos/ncaa/500/26.png,2774ae,f2a900,82
253540026,2006,2,2005-12-20,2005-12-20T22:00:00.000000-0500,4897,Lindsey Pluimer,26,Bruins,UCLA,UCLA,0.0,5,13,0,0,2,2,4,3,7,0,0,0,0,1,12,true,false,false,true,,L. Pluimer,,Not Available,NA,UCLA Bruins,s:40~l:54~t:26,ucla-bruins,https://a.espncdn.com/i/teamlogos/ncaa/500/26.png,UCLA,2774ae,f2a900,home,true,82,2483,Ducks,Oregon,Oregon Ducks,ORE,https://a.espncdn.com/i/teamlogos/ncaa/500/2483.png,044520,fee123,63
253540026,2006,2,2005-12-20,2005-12-20T22:00:00.000000-0500,4102,Amanda Livingston,26,Bruins,UCLA,UCLA,0.0,1,3,0,0,1,2,2,1,3,0,0,0,0,2,3,true,false,false,true,,A. Livingston,,Not Available,NA,UCLA Bruins,s:40~l:54~t:26,ucla-bruins,https://a.espncdn.com/i/teamlogos/ncaa/500/26.png,UCLA,2774ae,f2a900,home,true,82,2483,Ducks,Oregon,Oregon Ducks,ORE,https://a.espncdn.com/i/teamlogos/ncaa/500/2483.png,044520,fee123,63
253540026,2006,2,2005-12-20,2005-12-20T22:00:00.000000-0500,4101,Noelle Quinn,26,Bruins,UCLA,UCLA,0.0,7,15,0,1,2,3,1,4,5,0,0,0,0,2,16,true,false,false,true,,N. Quinn,,Not Available,NA,UCLA Bruins,s:40~l:54~t:26,ucla-bruins,https://a.espncdn.com/i/teamlogos/ncaa/500/26.png,UCLA,2774ae,f2a900,home,true,82,2483,Ducks,Oregon,Oregon Ducks,ORE,https://a.espncdn.com/i/teamlogos/ncaa/500/2483.png,044520,fee123,63
253540026,2006,2,2005-12-20,2005-12-20T22:00:00.000000-0500,3159,Nikki Blue,26,Bruins,UCLA,UCLA,0.0,6,8,2,2,1,5,0,5,5,0,0,0,0,3,15,true,false,false,true,,N. Blue,,Not Available,NA,UCLA Bruins,s:40~l:54~t:26,ucla-bruins,https://a.espncdn.com/i/teamlogos/ncaa/500/26.png,UCLA,2774ae,f2a900,home,true,82,2483,Ducks,Oregon,Oregon Ducks,ORE,https://a.espncdn.com/i/teamlogos/ncaa/500/2483.png,044520,fee123,63
253540026,2006,2,2005-12-20,2005-12-20T22:00:00.000000-0500,2397,Lisa Willis,26,Bruins,UCLA,UCLA,0.0,4,10,0,2,1,3,2,1,3,0,0,0,0,0,9,true,false,false,true,,L. Willis,,Not Available,NA,UCLA Bruins,s:40~l:54~t:26,ucla-bruins,https://a.espncdn.com/i/teamlogos/ncaa/500/26.png,UCLA,2774ae,f2a900,home,true,82,2483,Ducks,Oregon,Oregon Ducks,ORE,https://a.espncdn.com/i/teamlogos/ncaa/500/2483.png,044520,fee123,63
253172641,2006,2,2005-11-13,2005-11-13T15:30:00.000000-0500,4834,Sylvia Fowles,99,Tigers,LSU,LSU,0.0,4,7,0,0,5,9,6,4,10,0,0,0,0,3,13,true,false,false,true,,S. Fowles,,Not Available,NA,LSU Tigers,s:40~l:54~t:99,lsu-tigers,https://a.espncdn.com/i/teamlogos/ncaa/500/99.png,LSU,461d7c,fdd023,away,true,76,2641,Lady Raiders,Texas Tech,Texas Tech Lady Raiders,TTU,https://a.espncdn.com/i/teamlogos/ncaa/500/2641.png,C80025,231f20,68
253172641,2006,2,2005-11-13,2005-11-13T15:30:00.000000-0500,2634,Florence Williams,99,Tigers,LSU,LSU,0.0,3,10,0,0,1,2,3,3,6,0,0,0,0,2,7,true,false,false,true,,F. Williams,,Not Available,NA,LSU Tigers,s:40~l:54~t:99,lsu-tigers,https://a.espncdn.com/i/teamlogos/ncaa/500/99.png,LSU,461d7c,fdd023,away,true,76,2641,Lady Raiders,Texas Tech,Texas Tech Lady Raiders,TTU,https://a.espncdn.com/i/teamlogos/ncaa/500/2641.png,C80025,231f20,68
253172641,2006,2,2005-11-13,2005-11-13T15:30:00.000000-0500,4887,RaShonta LeBlanc,99,Tigers,LSU,LSU,0.0,1,6,1,2,2,6,0,5,5,0,0,0,0,1,5,true,false,false,true,,R. LeBlanc,,Not Available,NA,LSU Tigers,s:40~l:54~t:99,lsu-tigers,https://a.espncdn.com/i/teamlogos/ncaa/500/99.png,LSU,461d7c,fdd023,away,true,76,2641,Lady Raiders,Texas Tech,Texas Tech Lady Raiders,TTU,https://a.espncdn.com/i/teamlogos/ncaa/500/2641.png,C80025,231f20,68
253172641,2006,2,2005-11-13,2005-11-13T15:30:00.000000-0500,3715,Scholanda Hoston,99,Tigers,LSU,LSU,0.0,2,5,2,5,4,4,0,2,2,0,0,0,0,3,10,true,false,false,true,,S. Hoston,,Not Available,NA,LSU Tigers,s:40~l:54~t:99,lsu-tigers,https://a.espncdn.com/i/teamlogos/ncaa/500/99.png,LSU,461d7c,fdd023,away,true,76,2641,Lady Raiders,Texas Tech,Texas Tech Lady Raiders,TTU,https://a.espncdn.com/i/teamlogos/ncaa/500/2641.png,C80025,231f20,68
253172641,2006,2,2005-11-13,2005-11-13T15:30:00.000000-0500,2635,Seimone Augustus,99,Tigers,LSU,LSU,0.0,12,25,1,4,7,9,2,10,12,0,0,0,0,2,32,true,false,false,true,,S. Augustus,,Not Available,NA,LSU Tigers,s:40~l:54~t:99,lsu-tigers,https://a.espncdn.com/i/teamlogos/ncaa/500/99.png,LSU,461d7c,fdd023,away,true,76,2641,Lady Raiders,Texas Tech,Texas Tech Lady Raiders,TTU,https://a.espncdn.com/i/teamlogos/ncaa/500/2641.png,C80025,231f20,68
253172641,2006,2,2005-11-13,2005-11-13T15:30:00.000000-0500,5096,Lavonda Henderson,2641,Lady Raiders,Texas Tech,Texas Tech,0.0,5,16,1,8,0,0,0,2,2,0,0,0,0,4,11,true,false,false,true,,L. Henderson,,Guard,G,Texas Tech Lady Raiders,s:40~l:54~t:2641,texas-tech-lady-raiders,https://a.espncdn.com/i/teamlogos/ncaa/500/2641.png,TTU,C80025,231f20,home,false,68,99,Tigers,LSU,LSU Tigers,LSU,https://a.espncdn.com/i/teamlogos/ncaa/500/99.png,461d7c,fdd023,76
253172641,2006,2,2005-11-13,2005-11-13T15:30:00.000000-0500,4875,Erin Myrick,2641,Lady Raiders,Texas Tech,Texas Tech,0.0,2,4,0,0,0,0,1,2,3,0,0,0,0,4,4,true,false,false,true,,E. Myrick,,Not Available,NA,Texas Tech Lady Raiders,s:40~l:54~t:2641,texas-tech-lady-raiders,https://a.espncdn.com/i/teamlogos/ncaa/500/2641.png,TTU,C80025,231f20,home,false,68,99,Tigers,LSU,LSU Tigers,LSU,https://a.espncdn.com/i/teamlogos/ncaa/500/99.png,461d7c,fdd023,76
253172641,2006,2,2005-11-13,2005-11-13T15:30:00.000000-0500,3719,Alseha Robertson,2641,Lady Raiders,Texas Tech,Texas Tech,0.0,4,13,2,7,7,7,1,6,7,0,0,0,0,1,17,true,false,false,true,,A. Robertson,,Not Available,NA,Texas Tech Lady Raiders,s:40~l:54~t:2641,texas-tech-lady-raiders,https://a.espncdn.com/i/teamlogos/ncaa/500/2641.png,TTU,C80025,231f20,home,false,68,99,Tigers,LSU,LSU Tigers,LSU,https://a.espncdn.com/i/teamlogos/ncaa/500/99.png,461d7c,fdd023,76
253172641,2006,2,2005-11-13,2005-11-13T15:30:00.000000-0500,2422,LaToya Davis,2641,Lady Raiders,Texas Tech,Texas Tech,0.0,10,13,0,0,1,3,2,6,8,0,0,0,0,4,21,true,false,false,true,,L. Davis,,Not Available,NA,Texas Tech Lady Raiders,s:40~l:54~t:2641,texas-tech-lady-raiders,https://a.espncdn.com/i/teamlogos/ncaa/500/2641.png,TTU,C80025,231f20,home,false,68,99,Tigers,LSU,LSU Tigers,LSU,https://a.espncdn.com/i/teamlogos/ncaa/500/99.png,461d7c,fdd023,76
253172641,2006,2,2005-11-13,2005-11-13T15:30:00.000000-0500,2423,Erin Grant,2641,Lady Raiders,Texas Tech,Texas Tech,0.0,5,11,0,1,0,0,1,5,6,0,0,0,0,4,10,true,false,false,true,,E. Grant,,Not Available,NA,Texas Tech Lady Raiders,s:40~l:54~t:2641,texas-tech-lady-raiders,https://a.espncdn.com/i/teamlogos/ncaa/500/2641.png,TTU,C80025,231f20,home,false,68,99,Tigers,LSU,LSU Tigers,LSU,https://a.espncdn.com/i/teamlogos/ncaa/500/99.png,461d7c,fdd023,76
